{"type":"FeatureCollection","features":[{"type":"Feature","geometry":{"type":"Point","coordinates":[-100.30821,25.724379]},"properties":{"rank":1,"id":"n1041637116","name":"Universidad","tipo":"metro","ruta":"Línea 2","muni":"San Nicolás de los Garza","radio_m":150,"via":"Avenida Universidad","via_ref":"15","via_clase":"troncal/autopista","via_idx":5,"via_dist_m":6,"direccion":"autos circulan hacia N (18°); cartel debe mirar S (198°) para ver autos que llegan","modo":"un sentido","sentidos_deg":[18],"cartel_mira_deg":[198],"otras_vias":[{"n":"Avenida Universidad","clase":"troncal/autopista","d_m":8},{"n":"Avenida Universidad","clase":"troncal/autopista","d_m":62},{"n":"Avenida Universidad","clase":"troncal/autopista","d_m":63}],"score":100.0,"personas":0.973,"personas_densidad_pct":0.973,"pie_modelo":null,"otras_paradas_150m":3,"anclas_150m":{},"autos":1.191,"mult_muni":1.191,"mult_fuente":"total ZMM TomTom (muni sin dato)","paradas_fusionadas_200m":2,"afluencia_idx":0.5795,"gmaps":"https://www.google.com/maps/search/?api=1&query=25.724379,-100.308210","streetview":"https://www.google.com/maps/@?api=1&map_action=pano&viewpoint=25.724379,-100.308210","flags":["sin_conteos_reales","indice_via=proxy_clase_OSM","peso_personas=juicio_no_calibrado","municipio_sin_TomTom(usa_total_ZMM)","metro_afluencia_idx=0.58(Universidad)","sin_segmento_EG-personas<80m"]}},{"type":"Feature","geometry":{"type":"Point","coordinates":[-100.316904,25.686133]},"properties":{"rank":2,"id":"n8475590852","name":"Cuauhtémoc","tipo":"metro","ruta":"Líneas 1/2","muni":"Monterrey","radio_m":150,"via":"Avenida Cuauhtémoc","via_ref":"15","via_clase":"troncal/autopista","via_idx":5,"via_dist_m":0,"direccion":"autos circulan hacia N (7°); cartel debe mirar S (187°) para ver autos que llegan","modo":"un sentido","sentidos_deg":[7],"cartel_mira_deg":[187],"otras_vias":[{"n":"Avenida Cuauhtémoc","clase":"troncal/autopista","d_m":5},{"n":"Avenida José María Pino Suárez","clase":"troncal/autopista","d_m":95},{"n":"Avenida José María Pino Suárez","clase":"troncal/autopista","d_m":96}],"score":95.5,"personas":0.929,"personas_densidad_pct":0.929,"pie_modelo":null,"otras_paradas_150m":1,"anclas_150m":{},"autos":1.191,"mult_muni":1.191,"mult_fuente":"total ZMM TomTom (muni sin dato)","paradas_fusionadas_200m":0,"afluencia_idx":0.676,"gmaps":"https://www.google.com/maps/search/?api=1&query=25.686133,-100.316904","streetview":"https://www.google.com/maps/@?api=1&map_action=pano&viewpoint=25.686133,-100.316904","flags":["sin_conteos_reales","indice_via=proxy_clase_OSM","peso_personas=juicio_no_calibrado","municipio_sin_TomTom(usa_total_ZMM)","metro_afluencia_idx=0.68(Cuauhtemoc)","sin_segmento_EG-personas<80m"]}},{"type":"Feature","geometry":{"type":"Point","coordinates":[-100.270535,25.620446]},"properties":{"rank":3,"id":"w1112647859","name":"Unión de Permisionarios Ruta 301, S.C. (Ruta 301)","tipo":"terminal","ruta":"","muni":"Monterrey","radio_m":150,"via":"Avenida Eugenio Garza Sada","via_ref":"MEX 85","via_clase":"troncal/autopista","via_idx":5,"via_dist_m":51,"direccion":"autos circulan hacia N (342°) y S (162°); cartel debe mirar S (162°) y N (342°) para ver autos que llegan","modo":"un sentido x calzada","sentidos_deg":[342,162],"cartel_mira_deg":[162,342],"otras_vias":[{"n":"Avenida Eugenio Garza Sada","clase":"troncal/autopista","d_m":55},{"n":"Avenida Eugenio Garza Sada","clase":"troncal/autopista","d_m":65},{"n":"Avenida Eugenio Garza Sada","clase":"troncal/autopista","d_m":97}],"score":88.1,"personas":0.856,"personas_densidad_pct":0.893,"pie_modelo":80.2,"otras_paradas_150m":2,"anclas_150m":{},"autos":1.191,"mult_muni":1.191,"mult_fuente":"total ZMM TomTom (muni sin dato)","paradas_fusionadas_200m":1,"afluencia_idx":null,"gmaps":"https://www.google.com/maps/search/?api=1&query=25.620446,-100.270535","streetview":"https://www.google.com/maps/@?api=1&map_action=pano&viewpoint=25.620446,-100.270535","flags":["sin_conteos_reales","indice_via=proxy_clase_OSM","peso_personas=juicio_no_calibrado","municipio_sin_TomTom(usa_total_ZMM)"]}},{"type":"Feature","geometry":{"type":"Point","coordinates":[-100.185507,25.777267]},"properties":{"rank":4,"id":"n6267211076","name":"(sin nombre)","tipo":"bus","ruta":"","muni":"Apodaca","radio_m":80,"via":"Avenida Miguel Alemán","via_ref":"MEX 54;30","via_clase":"troncal/autopista","via_idx":5,"via_dist_m":48,"direccion":"autos circulan hacia SO (240°) y NE (57°); cartel debe mirar NE (60°) y SO (237°) para ver autos que llegan","modo":"un sentido x calzada","sentidos_deg":[240,57],"cartel_mira_deg":[60,237],"otras_vias":[{"n":"Avenida Miguel Alemán","clase":"troncal/autopista","d_m":59},{"n":"Calle José María Morelos","clase":"primaria","d_m":4},{"n":"Lateral Miguel Alemán","clase":"terciaria","d_m":17}],"score":85.7,"personas":0.806,"personas_densidad_pct":0.991,"pie_modelo":52.8,"otras_paradas_150m":6,"anclas_150m":{"oxxo":1},"autos":1.232,"mult_muni":1.232,"mult_fuente":"TomTom indicativo","paradas_fusionadas_200m":9,"afluencia_idx":null,"gmaps":"https://www.google.com/maps/search/?api=1&query=25.777267,-100.185507","streetview":"https://www.google.com/maps/@?api=1&map_action=pano&viewpoint=25.777267,-100.185507","flags":["sin_conteos_reales","indice_via=proxy_clase_OSM","peso_personas=juicio_no_calibrado","OSM_parcial"]}},{"type":"Feature","geometry":{"type":"Point","coordinates":[-100.186322,25.775134]},"properties":{"rank":5,"id":"n6267211071","name":"(sin nombre)","tipo":"bus","ruta":"","muni":"Apodaca","radio_m":80,"via":"Avenida Miguel Alemán","via_ref":"MEX 54;30","via_clase":"troncal/autopista","via_idx":5,"via_dist_m":48,"direccion":"autos circulan hacia NE (30°) y SO (208°); cartel debe mirar SO (210°) y NE (28°) para ver autos que llegan","modo":"un sentido x calzada","sentidos_deg":[30,208],"cartel_mira_deg":[210,28],"otras_vias":[{"n":"Avenida Miguel Alemán","clase":"troncal/autopista","d_m":60},{"n":"Boulevard Carlos Salinas de Gortari","clase":"primaria","d_m":13},{"n":"Boulevard Carlos Salinas de Gortari","clase":"primaria","d_m":16}],"score":85.0,"personas":0.8,"personas_densidad_pct":0.999,"pie_modelo":50.1,"otras_paradas_150m":9,"anclas_150m":{"oxxo":1},"autos":1.232,"mult_muni":1.232,"mult_fuente":"TomTom indicativo","paradas_fusionadas_200m":6,"afluencia_idx":null,"gmaps":"https://www.google.com/maps/search/?api=1&query=25.775134,-100.186322","streetview":"https://www.google.com/maps/@?api=1&map_action=pano&viewpoint=25.775134,-100.186322","flags":["sin_conteos_reales","indice_via=proxy_clase_OSM","peso_personas=juicio_no_calibrado","OSM_parcial"]}},{"type":"Feature","geometry":{"type":"Point","coordinates":[-100.292867,25.768806]},"properties":{"rank":6,"id":"n1041636979","name":"Sendero","tipo":"metro","ruta":"Línea 2","muni":"General Escobedo","radio_m":150,"via":"Avenida Universidad","via_ref":"MEX 85","via_clase":"troncal/autopista","via_idx":5,"via_dist_m":125,"direccion":"autos circulan hacia S (202°) y N (22°); cartel debe mirar N (22°) y S (202°) para ver autos que llegan","modo":"un sentido x calzada","sentidos_deg":[202,22],"cartel_mira_deg":[22,202],"otras_vias":[{"n":"Avenida Universidad","clase":"troncal/autopista","d_m":134},{"n":"Carretera Monterrey - Colombia","clase":"primaria","d_m":10},{"n":"Carretera Monterrey - Colombia","clase":"primaria","d_m":12}],"score":83.7,"personas":0.743,"personas_densidad_pct":0.938,"pie_modelo":45.2,"otras_paradas_150m":0,"anclas_150m":{},"autos":1.305,"mult_muni":1.305,"mult_fuente":"TomTom indicativo","paradas_fusionadas_200m":0,"afluencia_idx":1.0,"gmaps":"https://www.google.com/maps/search/?api=1&query=25.768806,-100.292867","streetview":"https://www.google.com/maps/@?api=1&map_action=pano&viewpoint=25.768806,-100.292867","flags":["sin_conteos_reales","indice_via=proxy_clase_OSM","peso_personas=juicio_no_calibrado","metro_afluencia_idx=1.00(Sendero)"]}},{"type":"Feature","geometry":{"type":"Point","coordinates":[-100.296632,25.669378]},"properties":{"rank":7,"id":"w1261980346","name":"Ginecología","tipo":"metro","ruta":"Monorriel Monterrey","muni":"Monterrey","radio_m":150,"via":"Avenida Constitución","via_ref":"MEX 40;22","via_clase":"troncal/autopista","via_idx":5,"via_dist_m":14,"direccion":"autos circulan hacia SO (240°); cartel debe mirar NE (60°) para ver autos que llegan","modo":"un sentido","sentidos_deg":[240],"cartel_mira_deg":[60],"otras_vias":[{"n":"Avenida Constitución","clase":"troncal/autopista","d_m":18},{"n":"Avenida Constitución","clase":"troncal/autopista","d_m":35},{"n":"","clase":"terciaria","d_m":35}],"score":83.3,"personas":0.81,"personas_densidad_pct":0.87,"pie_modelo":72.0,"otras_paradas_150m":0,"anclas_150m":{"hospital":2},"autos":1.191,"mult_muni":1.191,"mult_fuente":"total ZMM TomTom (muni sin dato)","paradas_fusionadas_200m":0,"afluencia_idx":null,"gmaps":"https://www.google.com/maps/search/?api=1&query=25.669378,-100.296632","streetview":"https://www.google.com/maps/@?api=1&map_action=pano&viewpoint=25.669378,-100.296632","flags":["sin_conteos_reales","indice_via=proxy_clase_OSM","peso_personas=juicio_no_calibrado","municipio_sin_TomTom(usa_total_ZMM)","metro_sin_afluencia(peso_juicio=3)"]}},{"type":"Feature","geometry":{"type":"Point","coordinates":[-100.31879,25.672277]},"properties":{"rank":8,"id":"n1041599626","name":"Fundadores","tipo":"metro","ruta":"Línea 2","muni":"Monterrey","radio_m":150,"via":"Avenida Cuauhtémoc","via_ref":"15","via_clase":"troncal/autopista","via_idx":5,"via_dist_m":4,"direccion":"autos circulan hacia N (5°); cartel debe mirar S (185°) para ver autos que llegan","modo":"un sentido","sentidos_deg":[5],"cartel_mira_deg":[185],"otras_vias":[{"n":"Avenida José María Pino Suárez","clase":"troncal/autopista","d_m":95},{"n":"22-B;24-A","clase":"terciaria","d_m":83},{"n":"Calle Juan Ignacio Ramón","clase":"terciaria","d_m":88}],"score":82.4,"personas":0.801,"personas_densidad_pct":0.866,"pie_modelo":70.4,"otras_paradas_150m":0,"anclas_150m":{"hospital":2},"autos":1.191,"mult_muni":1.191,"mult_fuente":"total ZMM TomTom (muni sin dato)","paradas_fusionadas_200m":0,"afluencia_idx":0.4644,"gmaps":"https://www.google.com/maps/search/?api=1&query=25.672277,-100.318790","streetview":"https://www.google.com/maps/@?api=1&map_action=pano&viewpoint=25.672277,-100.318790","flags":["sin_conteos_reales","indice_via=proxy_clase_OSM","peso_personas=juicio_no_calibrado","municipio_sin_TomTom(usa_total_ZMM)","metro_afluencia_idx=0.46(Fundadores)"]}},{"type":"Feature","geometry":{"type":"Point","coordinates":[-100.25993,25.59014]},"properties":{"rank":9,"id":"places-9","name":"MTY-0718 Av. Eugenio Garza Sada NTE - SUR","tipo":"bus","ruta":"","muni":"Monterrey","radio_m":80,"via":"Avenida Eugenio Garza Sada","via_ref":"MEX 85","via_clase":"troncal/autopista","via_idx":5,"via_dist_m":9,"direccion":"autos circulan hacia SE (153°) y NO (333°); cartel debe mirar NO (333°) y SE (153°) para ver autos que llegan","modo":"un sentido x calzada","sentidos_deg":[153,333],"cartel_mira_deg":[333,153],"otras_vias":[{"n":"Avenida Eugenio Garza Sada","clase":"troncal/autopista","d_m":28}],"score":80.3,"personas":0.781,"personas_densidad_pct":0.781,"pie_modelo":null,"otras_paradas_150m":0,"anclas_150m":{"iglesia":3},"autos":1.191,"mult_muni":1.191,"mult_fuente":"total ZMM TomTom (muni sin dato)","paradas_fusionadas_200m":0,"afluencia_idx":null,"gmaps":"https://www.google.com/maps/search/?api=1&query=25.590140,-100.259930","streetview":"https://www.google.com/maps/@?api=1&map_action=pano&viewpoint=25.590140,-100.259930","flags":["sin_conteos_reales","indice_via=proxy_clase_OSM","peso_personas=juicio_no_calibrado","fuente_Places_parcial","municipio_sin_TomTom(usa_total_ZMM)","sin_segmento_EG-personas<80m"]}},{"type":"Feature","geometry":{"type":"Point","coordinates":[-100.26923,25.683718]},"properties":{"rank":10,"id":"w435395406","name":"Estación OSM sin nombre","tipo":"terminal","ruta":"","muni":"Monterrey","radio_m":150,"via":"Avenida Churubusco","via_ref":"210","via_clase":"troncal/autopista","via_idx":5,"via_dist_m":78,"direccion":"autos circulan hacia S (179°) y N (0°); cartel debe mirar N (359°) y S (180°) para ver autos que llegan","modo":"un sentido x calzada","sentidos_deg":[179,0],"cartel_mira_deg":[359,180],"otras_vias":[{"n":"Avenida Churubusco","clase":"troncal/autopista","d_m":94},{"n":"Avenida Constitución","clase":"troncal/autopista","d_m":111},{"n":"Avenida Constitución","clase":"troncal/autopista","d_m":112}],"score":80.3,"personas":0.781,"personas_densidad_pct":0.781,"pie_modelo":null,"otras_paradas_150m":1,"anclas_150m":{},"autos":1.191,"mult_muni":1.191,"mult_fuente":"total ZMM TomTom (muni sin dato)","paradas_fusionadas_200m":0,"afluencia_idx":null,"gmaps":"https://www.google.com/maps/search/?api=1&query=25.683718,-100.269230","streetview":"https://www.google.com/maps/@?api=1&map_action=pano&viewpoint=25.683718,-100.269230","flags":["sin_conteos_reales","indice_via=proxy_clase_OSM","peso_personas=juicio_no_calibrado","municipio_sin_TomTom(usa_total_ZMM)","sin_segmento_EG-personas<80m"]}},{"type":"Feature","geometry":{"type":"Point","coordinates":[-100.318167,25.677]},"properties":{"rank":11,"id":"n1041599630","name":"Alameda","tipo":"metro","ruta":"Línea 2","muni":"Monterrey","radio_m":150,"via":"Avenida Cuauhtémoc","via_ref":"15","via_clase":"troncal/autopista","via_idx":5,"via_dist_m":5,"direccion":"autos circulan hacia N (6°); cartel debe mirar S (186°) para ver autos que llegan","modo":"un sentido","sentidos_deg":[6],"cartel_mira_deg":[186],"otras_vias":[{"n":"Avenida José María Pino Suárez","clase":"troncal/autopista","d_m":93},{"n":"Calle Profesor José Silvestre Aramberri","clase":"secundaria","d_m":49}],"score":79.3,"personas":0.772,"personas_densidad_pct":0.929,"pie_modelo":53.5,"otras_paradas_150m":1,"anclas_150m":{"iglesia":3},"autos":1.191,"mult_muni":1.191,"mult_fuente":"total ZMM TomTom (muni sin dato)","paradas_fusionadas_200m":1,"afluencia_idx":0.3059,"gmaps":"https://www.google.com/maps/search/?api=1&query=25.677000,-100.318167","streetview":"https://www.google.com/maps/@?api=1&map_action=pano&viewpoint=25.677000,-100.318167","flags":["sin_conteos_reales","indice_via=proxy_clase_OSM","peso_personas=juicio_no_calibrado","municipio_sin_TomTom(usa_total_ZMM)","metro_afluencia_idx=0.31(Alameda)"]}},{"type":"Feature","geometry":{"type":"Point","coordinates":[-100.320025,25.687214]},"properties":{"rank":12,"id":"w346000265","name":"Central de Autobuses de Monterrey","tipo":"terminal","ruta":"","muni":"Monterrey","radio_m":150,"via":"Avenida Cristóbal Colón","via_ref":"30","via_clase":"primaria","via_idx":4,"via_dist_m":69,"direccion":"autos circulan hacia O (279°); cartel debe mirar E (99°) para ver autos que llegan","modo":"un sentido","sentidos_deg":[279],"cartel_mira_deg":[99],"otras_vias":[{"n":"Avenida Cristóbal Colón","clase":"primaria","d_m":86},{"n":"(calle local sin nombre en data)","clase":"calle local (sin índice)","d_m":31},{"n":"(calle local sin nombre en data)","clase":"calle local (sin índice)","d_m":31}],"score":79.1,"personas":0.961,"personas_densidad_pct":0.975,"pie_modelo":94.1,"otras_paradas_150m":3,"anclas_150m":{"express":1},"autos":0.953,"mult_muni":1.191,"mult_fuente":"total ZMM TomTom (muni sin dato)","paradas_fusionadas_200m":3,"afluencia_idx":null,"gmaps":"https://www.google.com/maps/search/?api=1&query=25.687214,-100.320025","streetview":"https://www.google.com/maps/@?api=1&map_action=pano&viewpoint=25.687214,-100.320025","flags":["sin_conteos_reales","indice_via=proxy_clase_OSM","peso_personas=juicio_no_calibrado","municipio_sin_TomTom(usa_total_ZMM)"]}},{"type":"Feature","geometry":{"type":"Point","coordinates":[-100.172324,25.759525]},"properties":{"rank":13,"id":"n6267211057","name":"(sin nombre)","tipo":"bus","ruta":"","muni":"Apodaca","radio_m":80,"via":"Carretera A Apodaca","via_ref":"910","via_clase":"primaria","via_idx":4,"via_dist_m":6,"direccion":"autos circulan hacia NO (336°) y S (159°); cartel debe mirar SE (156°) y N (339°) para ver autos que llegan","modo":"un sentido x calzada","sentidos_deg":[336,159],"cartel_mira_deg":[156,339],"otras_vias":[{"n":"Carretera A Apodaca","clase":"primaria","d_m":19}],"score":79.0,"personas":0.929,"personas_densidad_pct":0.958,"pie_modelo":88.5,"otras_paradas_150m":3,"anclas_150m":{"banco":2},"autos":0.986,"mult_muni":1.232,"mult_fuente":"TomTom indicativo","paradas_fusionadas_200m":3,"afluencia_idx":null,"gmaps":"https://www.google.com/maps/search/?api=1&query=25.759525,-100.172324","streetview":"https://www.google.com/maps/@?api=1&map_action=pano&viewpoint=25.759525,-100.172324","flags":["sin_conteos_reales","indice_via=proxy_clase_OSM","peso_personas=juicio_no_calibrado","OSM_parcial"]}},{"type":"Feature","geometry":{"type":"Point","coordinates":[-100.27116,25.61625]},"properties":{"rank":14,"id":"places-14","name":"15593","tipo":"bus","ruta":"","muni":"Monterrey","radio_m":80,"via":"Avenida Eugenio Garza Sada","via_ref":"MEX 85","via_clase":"troncal/autopista","via_idx":5,"via_dist_m":2,"direccion":"autos circulan hacia S (182°) y N (0°); cartel debe mirar N (2°) y S (180°) para ver autos que llegan","modo":"un sentido x calzada","sentidos_deg":[182,0],"cartel_mira_deg":[2,180],"otras_vias":[{"n":"Avenida Eugenio Garza Sada","clase":"troncal/autopista","d_m":17},{"n":"Avenida Eugenio Garza Sada","clase":"troncal/autopista","d_m":17},{"n":"","clase":"enlace/ramal","d_m":12}],"score":78.3,"personas":0.762,"personas_densidad_pct":0.667,"pie_modelo":90.4,"otras_paradas_150m":2,"anclas_150m":{},"autos":1.191,"mult_muni":1.191,"mult_fuente":"total ZMM TomTom (muni sin dato)","paradas_fusionadas_200m":2,"afluencia_idx":null,"gmaps":"https://www.google.com/maps/search/?api=1&query=25.616250,-100.271160","streetview":"https://www.google.com/maps/@?api=1&map_action=pano&viewpoint=25.616250,-100.271160","flags":["sin_conteos_reales","indice_via=proxy_clase_OSM","peso_personas=juicio_no_calibrado","fuente_Places_parcial","municipio_sin_TomTom(usa_total_ZMM)"]}},{"type":"Feature","geometry":{"type":"Point","coordinates":[-100.252243,25.67981]},"properties":{"rank":15,"id":"n308521285","name":"Lerdo de Tejada","tipo":"metro","ruta":"Línea 1","muni":"Guadalupe","radio_m":150,"via":"Avenida Benito Juárez","via_ref":"MEX 40;16","via_clase":"primaria","via_idx":4,"via_dist_m":9,"direccion":"autos circulan hacia O (270°) y E (89°); cartel debe mirar E (90°) y O (269°) para ver autos que llegan","modo":"un sentido x calzada","sentidos_deg":[270,89],"cartel_mira_deg":[90,269],"otras_vias":[{"n":"Avenida Benito Juárez","clase":"primaria","d_m":9},{"n":"Avenida Benito Juárez","clase":"primaria","d_m":57},{"n":"Avenida Benito Juárez","clase":"primaria","d_m":58}],"score":76.7,"personas":0.832,"personas_densidad_pct":0.929,"pie_modelo":68.6,"otras_paradas_150m":1,"anclas_150m":{"banco":3},"autos":1.068,"mult_muni":1.335,"mult_fuente":"TomTom indicativo","paradas_fusionadas_200m":0,"afluencia_idx":0.2443,"gmaps":"https://www.google.com/maps/search/?api=1&query=25.679810,-100.252243","streetview":"https://www.google.com/maps/@?api=1&map_action=pano&viewpoint=25.679810,-100.252243","flags":["sin_conteos_reales","indice_via=proxy_clase_OSM","peso_personas=juicio_no_calibrado","metro_afluencia_idx=0.24(Lerdo de Tejada)"]}},{"type":"Feature","geometry":{"type":"Point","coordinates":[-100.566114,25.801968]},"properties":{"rank":16,"id":"n6988844397","name":"(sin nombre)","tipo":"bus","ruta":"","muni":"García","radio_m":80,"via":"Avenida del Hospital","via_ref":"","via_clase":"primaria","via_idx":4,"via_dist_m":7,"direccion":"autos circulan hacia NE (45°) y SO (224°); cartel debe mirar SO (225°) y NE (44°) para ver autos que llegan","modo":"un sentido x calzada","sentidos_deg":[45,224],"cartel_mira_deg":[225,44],"otras_vias":[{"n":"Avenida del Hospital","clase":"primaria","d_m":23},{"n":"Avenida del Hospital","clase":"primaria","d_m":40},{"n":"Avenida del Hospital","clase":"primaria","d_m":45}],"score":76.4,"personas":0.906,"personas_densidad_pct":0.876,"pie_modelo":95.2,"otras_paradas_150m":2,"anclas_150m":{"escuela":1,"express":1},"autos":0.977,"mult_muni":1.221,"mult_fuente":"TomTom indicativo","paradas_fusionadas_200m":2,"afluencia_idx":null,"gmaps":"https://www.google.com/maps/search/?api=1&query=25.801968,-100.566114","streetview":"https://www.google.com/maps/@?api=1&map_action=pano&viewpoint=25.801968,-100.566114","flags":["sin_conteos_reales","indice_via=proxy_clase_OSM","peso_personas=juicio_no_calibrado","OSM_parcial"]}},{"type":"Feature","geometry":{"type":"Point","coordinates":[-100.330318,25.783108]},"properties":{"rank":17,"id":"n9409150794","name":"Transmetro Fomerrey 9 (Acueducto)","tipo":"brt","ruta":"E-15","muni":"General Escobedo","radio_m":150,"via":"Avenida Acueducto","via_ref":"13","via_clase":"primaria","via_idx":4,"via_dist_m":47,"direccion":"autos circulan hacia NO (337°) y SE (155°); cartel debe mirar SE (157°) y NO (335°) para ver autos que llegan","modo":"un sentido x calzada","sentidos_deg":[337,155],"cartel_mira_deg":[157,335],"otras_vias":[{"n":"Avenida Acueducto","clase":"primaria","d_m":85},{"n":"Avenida Acueducto","clase":"primaria","d_m":96},{"n":"Avenida Acueducto","clase":"primaria","d_m":112}],"score":76.2,"personas":0.846,"personas_densidad_pct":0.963,"pie_modelo":67.0,"otras_paradas_150m":2,"anclas_150m":{"express":1,"oxxo":1},"autos":1.044,"mult_muni":1.305,"mult_fuente":"TomTom indicativo","paradas_fusionadas_200m":2,"afluencia_idx":null,"gmaps":"https://www.google.com/maps/search/?api=1&query=25.783108,-100.330318","streetview":"https://www.google.com/maps/@?api=1&map_action=pano&viewpoint=25.783108,-100.330318","flags":["sin_conteos_reales","indice_via=proxy_clase_OSM","peso_personas=juicio_no_calibrado"]}},{"type":"Feature","geometry":{"type":"Point","coordinates":[-100.18345,25.77777]},"properties":{"rank":18,"id":"places-18","name":"106548","tipo":"bus","ruta":"","muni":"Apodaca","radio_m":80,"via":"Avenida Miguel Alemán","via_ref":"MEX 54","via_clase":"troncal/autopista","via_idx":5,"via_dist_m":21,"direccion":"autos circulan hacia O (251°) y E (74°); cartel debe mirar E (71°) y O (254°) para ver autos que llegan","modo":"un sentido x calzada","sentidos_deg":[251,74],"cartel_mira_deg":[71,254],"otras_vias":[{"n":"Avenida Miguel Alemán","clase":"troncal/autopista","d_m":33},{"n":"Avenida Miguel Alemán","clase":"troncal/autopista","d_m":47},{"n":"910","clase":"primaria","d_m":54}],"score":76.2,"personas":0.716,"personas_densidad_pct":0.828,"pie_modelo":54.9,"otras_paradas_150m":2,"anclas_150m":{"oxxo":1},"autos":1.232,"mult_muni":1.232,"mult_fuente":"TomTom indicativo","paradas_fusionadas_200m":0,"afluencia_idx":null,"gmaps":"https://www.google.com/maps/search/?api=1&query=25.777770,-100.183450","streetview":"https://www.google.com/maps/@?api=1&map_action=pano&viewpoint=25.777770,-100.183450","flags":["sin_conteos_reales","indice_via=proxy_clase_OSM","peso_personas=juicio_no_calibrado","fuente_Places_parcial"]}},{"type":"Feature","geometry":{"type":"Point","coordinates":[-100.58414,25.79526]},"properties":{"rank":19,"id":"places-19","name":"GAR-0086 Av. Heberto Castillo Martínez SUR - NTE","tipo":"bus","ruta":"","muni":"García","radio_m":80,"via":"Heberto Castillo Martínez","via_ref":"NL 65","via_clase":"primaria","via_idx":4,"via_dist_m":26,"direccion":"autos circulan hacia N (338°) y S (158°); cartel debe mirar S (158°) y N (338°) para ver autos que llegan","modo":"un sentido x calzada","sentidos_deg":[338,158],"cartel_mira_deg":[158,338],"otras_vias":[{"n":"Heberto Castillo Martínez","clase":"primaria","d_m":37},{"n":"","clase":"enlace/ramal","d_m":49}],"score":76.1,"personas":0.903,"personas_densidad_pct":0.955,"pie_modelo":82.5,"otras_paradas_150m":3,"anclas_150m":{"oxxo":1,"banco":1},"autos":0.977,"mult_muni":1.221,"mult_fuente":"TomTom indicativo","paradas_fusionadas_200m":4,"afluencia_idx":null,"gmaps":"https://www.google.com/maps/search/?api=1&query=25.795260,-100.584140","streetview":"https://www.google.com/maps/@?api=1&map_action=pano&viewpoint=25.795260,-100.584140","flags":["sin_conteos_reales","indice_via=proxy_clase_OSM","peso_personas=juicio_no_calibrado","fuente_Places_parcial"]}},{"type":"Feature","geometry":{"type":"Point","coordinates":[-100.255923,25.683133]},"properties":{"rank":20,"id":"w431975535","name":"Transportes Hispanos","tipo":"terminal","ruta":"","muni":"Guadalupe","radio_m":150,"via":"Avenida Doctor Ignacio Morones Prieto","via_ref":"MEX 40;20","via_clase":"troncal/autopista","via_idx":5,"via_dist_m":52,"direccion":"autos circulan hacia E (90°); cartel debe mirar O (270°) para ver autos que llegan","modo":"un sentido","sentidos_deg":[90],"cartel_mira_deg":[270],"otras_vias":[{"n":"Avenida Doctor Ignacio Morones Prieto","clase":"troncal/autopista","d_m":73},{"n":"","clase":"enlace/ramal","d_m":66}],"score":76.0,"personas":0.659,"personas_densidad_pct":0.624,"pie_modelo":71.2,"otras_paradas_150m":0,"anclas_150m":{},"autos":1.335,"mult_muni":1.335,"mult_fuente":"TomTom indicativo","paradas_fusionadas_200m":0,"afluencia_idx":null,"gmaps":"https://www.google.com/maps/search/?api=1&query=25.683133,-100.255923","streetview":"https://www.google.com/maps/@?api=1&map_action=pano&viewpoint=25.683133,-100.255923","flags":["sin_conteos_reales","indice_via=proxy_clase_OSM","peso_personas=juicio_no_calibrado"]}},{"type":"Feature","geometry":{"type":"Point","coordinates":[-100.258626,25.688576]},"properties":{"rank":21,"id":"n13909322739","name":"Lindavista","tipo":"metro","ruta":"Línea 6","muni":"Guadalupe","radio_m":150,"via":"Avenida Miguel Alemán Valdés","via_ref":"30","via_clase":"troncal/autopista","via_idx":5,"via_dist_m":4,"direccion":"autos circulan hacia O (253°) y E (72°); cartel debe mirar E (73°) y O (252°) para ver autos que llegan","modo":"un sentido x calzada","sentidos_deg":[253,72],"cartel_mira_deg":[73,252],"otras_vias":[{"n":"Avenida Miguel Alemán Valdés","clase":"troncal/autopista","d_m":10},{"n":"","clase":"enlace/ramal","d_m":3},{"n":"","clase":"enlace/ramal","d_m":42}],"score":75.5,"personas":0.655,"personas_densidad_pct":0.968,"pie_modelo":18.6,"otras_paradas_150m":0,"anclas_150m":{"iglesia":1,"escuela":2},"autos":1.335,"mult_muni":1.335,"mult_fuente":"TomTom indicativo","paradas_fusionadas_200m":0,"afluencia_idx":null,"gmaps":"https://www.google.com/maps/search/?api=1&query=25.688576,-100.258626","streetview":"https://www.google.com/maps/@?api=1&map_action=pano&viewpoint=25.688576,-100.258626","flags":["sin_conteos_reales","indice_via=proxy_clase_OSM","peso_personas=juicio_no_calibrado","metro_sin_afluencia(peso_juicio=3)"]}},{"type":"Feature","geometry":{"type":"Point","coordinates":[-100.580292,25.785448]},"properties":{"rank":22,"id":"n6773596546","name":"(sin nombre)","tipo":"bus","ruta":"","muni":"García","radio_m":80,"via":"Heberto Castillo Martínez","via_ref":"NL 65","via_clase":"primaria","via_idx":4,"via_dist_m":14,"direccion":"autos circulan hacia SE (157°) y N (338°); cartel debe mirar NO (337°) y S (158°) para ver autos que llegan","modo":"un sentido x calzada","sentidos_deg":[157,338],"cartel_mira_deg":[337,158],"otras_vias":[{"n":"Heberto Castillo Martínez","clase":"primaria","d_m":26},{"n":"","clase":"terciaria","d_m":6},{"n":"","clase":"terciaria","d_m":35}],"score":73.5,"personas":0.871,"personas_densidad_pct":0.961,"pie_modelo":73.6,"otras_paradas_150m":5,"anclas_150m":{},"autos":0.977,"mult_muni":1.221,"mult_fuente":"TomTom indicativo","paradas_fusionadas_200m":5,"afluencia_idx":null,"gmaps":"https://www.google.com/maps/search/?api=1&query=25.785448,-100.580292","streetview":"https://www.google.com/maps/@?api=1&map_action=pano&viewpoint=25.785448,-100.580292","flags":["sin_conteos_reales","indice_via=proxy_clase_OSM","peso_personas=juicio_no_calibrado","OSM_parcial"]}},{"type":"Feature","geometry":{"type":"Point","coordinates":[-100.2481,25.69178]},"properties":{"rank":23,"id":"places-23","name":"GPE-0420 Av. Miguel Alemán OTE - PTE","tipo":"bus","ruta":"","muni":"Guadalupe","radio_m":80,"via":"Avenida Miguel Alemán","via_ref":"MEX 54;30","via_clase":"troncal/autopista","via_idx":5,"via_dist_m":14,"direccion":"autos circulan hacia O (252°) y E (72°); cartel debe mirar E (72°) y O (252°) para ver autos que llegan","modo":"un sentido x calzada","sentidos_deg":[252,72],"cartel_mira_deg":[72,252],"otras_vias":[{"n":"Avenida Miguel Alemán","clase":"troncal/autopista","d_m":29},{"n":"Avenida Miguel Alemán","clase":"troncal/autopista","d_m":36},{"n":"Avenida Miguel Alemán","clase":"troncal/autopista","d_m":39}],"score":73.3,"personas":0.636,"personas_densidad_pct":0.92,"pie_modelo":21.1,"otras_paradas_150m":2,"anclas_150m":{"banco":2},"autos":1.335,"mult_muni":1.335,"mult_fuente":"TomTom indicativo","paradas_fusionadas_200m":3,"afluencia_idx":null,"gmaps":"https://www.google.com/maps/search/?api=1&query=25.691780,-100.248100","streetview":"https://www.google.com/maps/@?api=1&map_action=pano&viewpoint=25.691780,-100.248100","flags":["sin_conteos_reales","indice_via=proxy_clase_OSM","peso_personas=juicio_no_calibrado","fuente_Places_parcial"]}},{"type":"Feature","geometry":{"type":"Point","coordinates":[-100.24629,25.67948]},"properties":{"rank":24,"id":"places-24","name":"GPE-0125 Av. Benito Juárez PTE - OTE","tipo":"bus","ruta":"","muni":"Guadalupe","radio_m":80,"via":"Avenida Benito Juárez","via_ref":"MEX 40;16","via_clase":"primaria","via_idx":4,"via_dist_m":3,"direccion":"autos circulan hacia E (98°) y O (277°); cartel debe mirar O (278°) y E (97°) para ver autos que llegan","modo":"un sentido x calzada","sentidos_deg":[98,277],"cartel_mira_deg":[278,97],"otras_vias":[{"n":"Avenida Benito Juárez","clase":"primaria","d_m":24}],"score":73.1,"personas":0.793,"personas_densidad_pct":0.991,"pie_modelo":49.5,"otras_paradas_150m":7,"anclas_150m":{},"autos":1.068,"mult_muni":1.335,"mult_fuente":"TomTom indicativo","paradas_fusionadas_200m":7,"afluencia_idx":null,"gmaps":"https://www.google.com/maps/search/?api=1&query=25.679480,-100.246290","streetview":"https://www.google.com/maps/@?api=1&map_action=pano&viewpoint=25.679480,-100.246290","flags":["sin_conteos_reales","indice_via=proxy_clase_OSM","peso_personas=juicio_no_calibrado","fuente_Places_parcial"]}},{"type":"Feature","geometry":{"type":"Point","coordinates":[-100.284009,25.703687]},"properties":{"rank":25,"id":"w656583706","name":"Clínica 15","tipo":"terminal","ruta":"","muni":"Monterrey","radio_m":150,"via":"Avenida Adolfo Ruíz Cortines","via_ref":"34","via_clase":"primaria","via_idx":4,"via_dist_m":7,"direccion":"autos circulan hacia O (271°) y E (91°); cartel debe mirar E (91°) y O (271°) para ver autos que llegan","modo":"un sentido x calzada","sentidos_deg":[271,91],"cartel_mira_deg":[91,271],"otras_vias":[{"n":"Avenida Adolfo Ruíz Cortines","clase":"primaria","d_m":11},{"n":"Avenida Adolfo Ruíz Cortines","clase":"primaria","d_m":121},{"n":"Avenida Adolfo Ruíz Cortines","clase":"primaria","d_m":121}],"score":72.6,"personas":0.883,"personas_densidad_pct":0.926,"pie_modelo":81.9,"otras_paradas_150m":0,"anclas_150m":{"hospital":1,"escuela":1},"autos":0.953,"mult_muni":1.191,"mult_fuente":"total ZMM TomTom (muni sin dato)","paradas_fusionadas_200m":0,"afluencia_idx":null,"gmaps":"https://www.google.com/maps/search/?api=1&query=25.703687,-100.284009","streetview":"https://www.google.com/maps/@?api=1&map_action=pano&viewpoint=25.703687,-100.284009","flags":["sin_conteos_reales","indice_via=proxy_clase_OSM","peso_personas=juicio_no_calibrado","municipio_sin_TomTom(usa_total_ZMM)"]}},{"type":"Feature","geometry":{"type":"Point","coordinates":[-100.309114,25.663197]},"properties":{"rank":26,"id":"w1525868872","name":"Macroplaza","tipo":"metro","ruta":"Línea 4","muni":"Monterrey","radio_m":150,"via":"Avenida Constitución","via_ref":"MEX 40;22;210","via_clase":"troncal/autopista","via_idx":5,"via_dist_m":5,"direccion":"autos circulan hacia O (264°); cartel debe mirar E (84°) para ver autos que llegan","modo":"un sentido","sentidos_deg":[264],"cartel_mira_deg":[84],"otras_vias":[{"n":"Avenida Constitución","clase":"troncal/autopista","d_m":27},{"n":"Avenida Constitución","clase":"troncal/autopista","d_m":72},{"n":"Calle General Juan Zuazua","clase":"secundaria","d_m":116}],"score":71.7,"personas":0.698,"personas_densidad_pct":0.698,"pie_modelo":null,"otras_paradas_150m":0,"anclas_150m":{},"autos":1.191,"mult_muni":1.191,"mult_fuente":"total ZMM TomTom (muni sin dato)","paradas_fusionadas_200m":0,"afluencia_idx":null,"gmaps":"https://www.google.com/maps/search/?api=1&query=25.663197,-100.309114","streetview":"https://www.google.com/maps/@?api=1&map_action=pano&viewpoint=25.663197,-100.309114","flags":["sin_conteos_reales","indice_via=proxy_clase_OSM","peso_personas=juicio_no_calibrado","municipio_sin_TomTom(usa_total_ZMM)","metro_sin_afluencia(peso_juicio=3)","sin_segmento_EG-personas<80m"]}},{"type":"Feature","geometry":{"type":"Point","coordinates":[-100.33028,25.666972]},"properties":{"rank":27,"id":"w1529639866","name":"Serafin Pena","tipo":"metro","ruta":"Línea 4","muni":"Monterrey","radio_m":150,"via":"Avenida Constitución","via_ref":"MEX 40;22;210","via_clase":"troncal/autopista","via_idx":5,"via_dist_m":5,"direccion":"autos circulan hacia O (281°); cartel debe mirar E (101°) para ver autos que llegan","modo":"un sentido","sentidos_deg":[281],"cartel_mira_deg":[101],"otras_vias":[{"n":"Avenida Constitución","clase":"troncal/autopista","d_m":24},{"n":"Constitución","clase":"terciaria","d_m":37},{"n":"Constitución","clase":"terciaria","d_m":104}],"score":71.7,"personas":0.697,"personas_densidad_pct":0.697,"pie_modelo":null,"otras_paradas_150m":0,"anclas_150m":{},"autos":1.191,"mult_muni":1.191,"mult_fuente":"total ZMM TomTom (muni sin dato)","paradas_fusionadas_200m":0,"afluencia_idx":null,"gmaps":"https://www.google.com/maps/search/?api=1&query=25.666972,-100.330280","streetview":"https://www.google.com/maps/@?api=1&map_action=pano&viewpoint=25.666972,-100.330280","flags":["sin_conteos_reales","indice_via=proxy_clase_OSM","peso_personas=juicio_no_calibrado","municipio_sin_TomTom(usa_total_ZMM)","metro_sin_afluencia(peso_juicio=3)","sin_segmento_EG-personas<80m"]}},{"type":"Feature","geometry":{"type":"Point","coordinates":[-100.57979,25.8]},"properties":{"rank":28,"id":"places-28","name":"44893","tipo":"bus","ruta":"","muni":"García","radio_m":80,"via":"Titanio","via_ref":"","via_clase":"primaria","via_idx":4,"via_dist_m":0,"direccion":"autos circulan hacia NO (310°) y SE (131°); cartel debe mirar SE (130°) y NO (311°) para ver autos que llegan","modo":"un sentido x calzada","sentidos_deg":[310,131],"cartel_mira_deg":[130,311],"otras_vias":[{"n":"Titanio","clase":"primaria","d_m":16}],"score":71.3,"personas":0.845,"personas_densidad_pct":0.882,"pie_modelo":79.0,"otras_paradas_150m":2,"anclas_150m":{"escuela":1,"express":1},"autos":0.977,"mult_muni":1.221,"mult_fuente":"TomTom indicativo","paradas_fusionadas_200m":2,"afluencia_idx":null,"gmaps":"https://www.google.com/maps/search/?api=1&query=25.800000,-100.579790","streetview":"https://www.google.com/maps/@?api=1&map_action=pano&viewpoint=25.800000,-100.579790","flags":["sin_conteos_reales","indice_via=proxy_clase_OSM","peso_personas=juicio_no_calibrado","fuente_Places_parcial"]}},{"type":"Feature","geometry":{"type":"Point","coordinates":[-100.166207,25.705523]},"properties":{"rank":29,"id":"w656579046","name":"Ecovía - Valle Fértil","tipo":"brt","ruta":"Ecovía","muni":"Guadalupe","radio_m":150,"via":"Avenida Adolfo Ruíz Cortines","via_ref":"NL 52;34","via_clase":"primaria","via_idx":4,"via_dist_m":8,"direccion":"autos circulan hacia O (269°) y E (89°); cartel debe mirar E (89°) y O (269°) para ver autos que llegan","modo":"un sentido x calzada","sentidos_deg":[269,89],"cartel_mira_deg":[89,269],"otras_vias":[{"n":"Avenida Adolfo Ruíz Cortines","clase":"primaria","d_m":9},{"n":"Avenida Adolfo Ruíz Cortines","clase":"primaria","d_m":55},{"n":"Avenida Adolfo Ruíz Cortines","clase":"primaria","d_m":81}],"score":71.1,"personas":0.771,"personas_densidad_pct":0.854,"pie_modelo":64.6,"otras_paradas_150m":0,"anclas_150m":{"escuela":2},"autos":1.068,"mult_muni":1.335,"mult_fuente":"TomTom indicativo","paradas_fusionadas_200m":0,"afluencia_idx":null,"gmaps":"https://www.google.com/maps/search/?api=1&query=25.705523,-100.166207","streetview":"https://www.google.com/maps/@?api=1&map_action=pano&viewpoint=25.705523,-100.166207","flags":["sin_conteos_reales","indice_via=proxy_clase_OSM","peso_personas=juicio_no_calibrado"]}},{"type":"Feature","geometry":{"type":"Point","coordinates":[-100.27345,25.71392]},"properties":{"rank":30,"id":"places-30","name":"Terminal","tipo":"bus","ruta":"","muni":"San Nicolás de los Garza","radio_m":80,"via":"Avenida Licenciado Adolfo López Mateos","via_ref":"25;MEX 85","via_clase":"primaria","via_idx":4,"via_dist_m":0,"direccion":"autos circulan hacia SO (234°) y NE (52°); cartel debe mirar NE (54°) y SO (232°) para ver autos que llegan","modo":"un sentido x calzada","sentidos_deg":[234,52],"cartel_mira_deg":[54,232],"otras_vias":[{"n":"Avenida Licenciado Adolfo López Mateos","clase":"primaria","d_m":16},{"n":"","clase":"terciaria","d_m":11}],"score":70.8,"personas":0.861,"personas_densidad_pct":0.968,"pie_modelo":70.0,"otras_paradas_150m":3,"anclas_150m":{"hospital":2},"autos":0.953,"mult_muni":1.191,"mult_fuente":"total ZMM TomTom (muni sin dato)","paradas_fusionadas_200m":3,"afluencia_idx":null,"gmaps":"https://www.google.com/maps/search/?api=1&query=25.713920,-100.273450","streetview":"https://www.google.com/maps/@?api=1&map_action=pano&viewpoint=25.713920,-100.273450","flags":["sin_conteos_reales","indice_via=proxy_clase_OSM","peso_personas=juicio_no_calibrado","fuente_Places_parcial","municipio_sin_TomTom(usa_total_ZMM)"]}},{"type":"Feature","geometry":{"type":"Point","coordinates":[-100.296859,25.683991]},"properties":{"rank":31,"id":"n3788005136","name":"Félix U. Gomez","tipo":"metro","ruta":"Linea 3;Línea 1","muni":"Monterrey","radio_m":150,"via":"Avenida Cristóbal Colón","via_ref":"30","via_clase":"primaria","via_idx":4,"via_dist_m":6,"direccion":"autos circulan hacia O (276°); cartel debe mirar E (96°) para ver autos que llegan","modo":"un sentido","sentidos_deg":[276],"cartel_mira_deg":[96],"otras_vias":[{"n":"Avenida Félix Uresti Gómez","clase":"primaria","d_m":6},{"n":"Avenida Cristóbal Colón","clase":"primaria","d_m":8},{"n":"Avenida Félix Uresti Gómez","clase":"primaria","d_m":8}],"score":69.4,"personas":0.844,"personas_densidad_pct":0.973,"pie_modelo":65.1,"otras_paradas_150m":2,"anclas_150m":{"hospital":1,"escuela":2},"autos":0.953,"mult_muni":1.191,"mult_fuente":"total ZMM TomTom (muni sin dato)","paradas_fusionadas_200m":0,"afluencia_idx":0.317,"gmaps":"https://www.google.com/maps/search/?api=1&query=25.683991,-100.296859","streetview":"https://www.google.com/maps/@?api=1&map_action=pano&viewpoint=25.683991,-100.296859","flags":["sin_conteos_reales","indice_via=proxy_clase_OSM","peso_personas=juicio_no_calibrado","municipio_sin_TomTom(usa_total_ZMM)","metro_afluencia_idx=0.32(Felix U Gomez)"]}},{"type":"Feature","geometry":{"type":"Point","coordinates":[-100.30024,25.745483]},"properties":{"rank":32,"id":"w450679079","name":"Estación OSM sin nombre","tipo":"terminal","ruta":"","muni":"San Nicolás de los Garza","radio_m":150,"via":"Avenida Universidad","via_ref":"MEX 85;17","via_clase":"troncal/autopista","via_idx":5,"via_dist_m":27,"direccion":"autos circulan hacia N (18°) y S (198°); cartel debe mirar S (198°) y N (18°) para ver autos que llegan","modo":"un sentido x calzada","sentidos_deg":[18,198],"cartel_mira_deg":[198,18],"otras_vias":[{"n":"Avenida Universidad","clase":"troncal/autopista","d_m":45},{"n":"Avenida Universidad","clase":"troncal/autopista","d_m":58},{"n":"Avenida Universidad","clase":"troncal/autopista","d_m":81}],"score":69.4,"personas":0.675,"personas_densidad_pct":0.885,"pie_modelo":36.0,"otras_paradas_150m":1,"anclas_150m":{"escuela":1},"autos":1.191,"mult_muni":1.191,"mult_fuente":"total ZMM TomTom (muni sin dato)","paradas_fusionadas_200m":0,"afluencia_idx":null,"gmaps":"https://www.google.com/maps/search/?api=1&query=25.745483,-100.300240","streetview":"https://www.google.com/maps/@?api=1&map_action=pano&viewpoint=25.745483,-100.300240","flags":["sin_conteos_reales","indice_via=proxy_clase_OSM","peso_personas=juicio_no_calibrado","municipio_sin_TomTom(usa_total_ZMM)"]}},{"type":"Feature","geometry":{"type":"Point","coordinates":[-100.291409,25.771281]},"properties":{"rank":33,"id":"w156272662","name":"Central de Autobuses Greyhound","tipo":"terminal","ruta":"","muni":"General Escobedo","radio_m":150,"via":"Boulevard Licenciado José López Portillo","via_ref":"MEX 85","via_clase":"troncal/autopista","via_idx":5,"via_dist_m":92,"direccion":"autos circulan hacia S (202°) y N (22°); cartel debe mirar N (22°) y S (202°) para ver autos que llegan","modo":"un sentido x calzada","sentidos_deg":[202,22],"cartel_mira_deg":[22,202],"otras_vias":[{"n":"Boulevard Licenciado José López Portillo","clase":"troncal/autopista","d_m":102},{"n":"Carretera Monterrey - Colombia","clase":"primaria","d_m":98},{"n":"Carretera Monterrey - Colombia","clase":"primaria","d_m":117}],"score":68.3,"personas":0.607,"personas_densidad_pct":0.766,"pie_modelo":36.7,"otras_paradas_150m":1,"anclas_150m":{},"autos":1.305,"mult_muni":1.305,"mult_fuente":"TomTom indicativo","paradas_fusionadas_200m":0,"afluencia_idx":null,"gmaps":"https://www.google.com/maps/search/?api=1&query=25.771281,-100.291409","streetview":"https://www.google.com/maps/@?api=1&map_action=pano&viewpoint=25.771281,-100.291409","flags":["sin_conteos_reales","indice_via=proxy_clase_OSM","peso_personas=juicio_no_calibrado"]}},{"type":"Feature","geometry":{"type":"Point","coordinates":[-100.250394,25.71666]},"properties":{"rank":34,"id":"n4162252519","name":"(sin nombre)","tipo":"bus","ruta":"","muni":"San Nicolás de los Garza","radio_m":80,"via":"Avenida Rómulo Garza","via_ref":"38","via_clase":"primaria","via_idx":4,"via_dist_m":62,"direccion":"autos circulan hacia SO (246°) y NE (66°); cartel debe mirar NE (66°) y SO (246°) para ver autos que llegan","modo":"un sentido x calzada","sentidos_deg":[246,66],"cartel_mira_deg":[66,246],"otras_vias":[{"n":"Avenida Rómulo Garza","clase":"primaria","d_m":74},{"n":"Avenida Conductores","clase":"secundaria","d_m":7},{"n":"Avenida Conductores","clase":"secundaria","d_m":19}],"score":68.3,"personas":0.83,"personas_densidad_pct":0.913,"pie_modelo":70.5,"otras_paradas_150m":3,"anclas_150m":{"escuela":1},"autos":0.953,"mult_muni":1.191,"mult_fuente":"total ZMM TomTom (muni sin dato)","paradas_fusionadas_200m":3,"afluencia_idx":null,"gmaps":"https://www.google.com/maps/search/?api=1&query=25.716660,-100.250394","streetview":"https://www.google.com/maps/@?api=1&map_action=pano&viewpoint=25.716660,-100.250394","flags":["sin_conteos_reales","indice_via=proxy_clase_OSM","peso_personas=juicio_no_calibrado","OSM_parcial","municipio_sin_TomTom(usa_total_ZMM)"]}},{"type":"Feature","geometry":{"type":"Point","coordinates":[-100.31657,25.723789]},"properties":{"rank":35,"id":"n9817302352","name":"(sin nombre)","tipo":"bus","ruta":"","muni":"San Nicolás de los Garza","radio_m":80,"via":"Manuel L. Barragán","via_ref":"15","via_clase":"troncal/autopista","via_idx":5,"via_dist_m":44,"direccion":"autos circulan hacia S (180°); cartel debe mirar N (0°) para ver autos que llegan","modo":"un sentido","sentidos_deg":[180],"cartel_mira_deg":[0],"otras_vias":[{"n":"Manuel L. Barragán","clase":"troncal/autopista","d_m":57},{"n":"Pedro de Alba","clase":"terciaria","d_m":10},{"n":"Pedro de Alba","clase":"terciaria","d_m":10}],"score":68.2,"personas":0.664,"personas_densidad_pct":0.664,"pie_modelo":null,"otras_paradas_150m":2,"anclas_150m":{},"autos":1.191,"mult_muni":1.191,"mult_fuente":"total ZMM TomTom (muni sin dato)","paradas_fusionadas_200m":1,"afluencia_idx":null,"gmaps":"https://www.google.com/maps/search/?api=1&query=25.723789,-100.316570","streetview":"https://www.google.com/maps/@?api=1&map_action=pano&viewpoint=25.723789,-100.316570","flags":["sin_conteos_reales","indice_via=proxy_clase_OSM","peso_personas=juicio_no_calibrado","OSM_parcial","municipio_sin_TomTom(usa_total_ZMM)","sin_segmento_EG-personas<80m"]}},{"type":"Feature","geometry":{"type":"Point","coordinates":[-100.100381,25.801054]},"properties":{"rank":36,"id":"n8057495581","name":"(sin nombre)","tipo":"bus","ruta":"","muni":"fuera núcleo ZMM","radio_m":80,"via":"Avenida Miguel Alemán","via_ref":"MEX 54","via_clase":"primaria","via_idx":4,"via_dist_m":43,"direccion":"autos circulan hacia N (19°) y S (201°); cartel debe mirar S (199°) y N (21°) para ver autos que llegan","modo":"un sentido x calzada","sentidos_deg":[19,201],"cartel_mira_deg":[199,21],"otras_vias":[{"n":"Avenida Miguel Alemán","clase":"primaria","d_m":56},{"n":"Avenida Miguel Alemán","clase":"primaria","d_m":58},{"n":"Avenida Miguel Alemán","clase":"primaria","d_m":68}],"score":68.1,"personas":0.828,"personas_densidad_pct":0.836,"pie_modelo":81.6,"otras_paradas_150m":3,"anclas_150m":{},"autos":0.953,"mult_muni":1.191,"mult_fuente":"total ZMM TomTom (muni sin dato)","paradas_fusionadas_200m":3,"afluencia_idx":null,"gmaps":"https://www.google.com/maps/search/?api=1&query=25.801054,-100.100381","streetview":"https://www.google.com/maps/@?api=1&map_action=pano&viewpoint=25.801054,-100.100381","flags":["sin_conteos_reales","indice_via=proxy_clase_OSM","peso_personas=juicio_no_calibrado","OSM_parcial","municipio_sin_TomTom(usa_total_ZMM)"]}},{"type":"Feature","geometry":{"type":"Point","coordinates":[-100.303334,25.665833]},"properties":{"rank":37,"id":"w1529668156","name":"Barrio Antiguo","tipo":"metro","ruta":"Línea 4","muni":"Monterrey","radio_m":150,"via":"Avenida Constitución","via_ref":"MEX 40;22;210","via_clase":"troncal/autopista","via_idx":5,"via_dist_m":12,"direccion":"autos circulan hacia SO (233°); cartel debe mirar NE (53°) para ver autos que llegan","modo":"un sentido","sentidos_deg":[233],"cartel_mira_deg":[53],"otras_vias":[{"n":"Avenida Constitución","clase":"troncal/autopista","d_m":43},{"n":"Calle Padre Mier","clase":"terciaria","d_m":64},{"n":"Calle Florencio Antillón","clase":"terciaria","d_m":95}],"score":68.0,"personas":0.661,"personas_densidad_pct":0.632,"pie_modelo":70.5,"otras_paradas_150m":0,"anclas_150m":{},"autos":1.191,"mult_muni":1.191,"mult_fuente":"total ZMM TomTom (muni sin dato)","paradas_fusionadas_200m":0,"afluencia_idx":null,"gmaps":"https://www.google.com/maps/search/?api=1&query=25.665833,-100.303334","streetview":"https://www.google.com/maps/@?api=1&map_action=pano&viewpoint=25.665833,-100.303334","flags":["sin_conteos_reales","indice_via=proxy_clase_OSM","peso_personas=juicio_no_calibrado","municipio_sin_TomTom(usa_total_ZMM)","metro_sin_afluencia(peso_juicio=3)"]}},{"type":"Feature","geometry":{"type":"Point","coordinates":[-100.41759,25.79871]},"properties":{"rank":38,"id":"places-38","name":"Terminal","tipo":"bus","ruta":"","muni":"General Escobedo","radio_m":80,"via":"Carretera Libramiento Noroeste de Monterrey","via_ref":"MEX 40;910","via_clase":"troncal/autopista","via_idx":5,"via_dist_m":64,"direccion":"autos circulan hacia NE (57°) y SO (237°); cartel debe mirar SO (237°) y NE (57°) para ver autos que llegan","modo":"un sentido x calzada","sentidos_deg":[57,237],"cartel_mira_deg":[237,57],"otras_vias":[{"n":"Carretera Libramiento Noroeste de Monterrey","clase":"troncal/autopista","d_m":75},{"n":"Avenida La Unidad","clase":"terciaria","d_m":5},{"n":"Avenida La Unidad","clase":"terciaria","d_m":7}],"score":67.8,"personas":0.602,"personas_densidad_pct":0.432,"pie_modelo":85.8,"otras_paradas_150m":1,"anclas_150m":{},"autos":1.305,"mult_muni":1.305,"mult_fuente":"TomTom indicativo","paradas_fusionadas_200m":1,"afluencia_idx":null,"gmaps":"https://www.google.com/maps/search/?api=1&query=25.798710,-100.417590","streetview":"https://www.google.com/maps/@?api=1&map_action=pano&viewpoint=25.798710,-100.417590","flags":["sin_conteos_reales","indice_via=proxy_clase_OSM","peso_personas=juicio_no_calibrado","fuente_Places_parcial"]}},{"type":"Feature","geometry":{"type":"Point","coordinates":[-100.116031,25.774811]},"properties":{"rank":39,"id":"w1540803281","name":"Estación OSM sin nombre","tipo":"metro","ruta":"Metrorrey Línea 6","muni":"Apodaca","radio_m":150,"via":"Boulevard Aeropuerto","via_ref":"NL 54;48","via_clase":"troncal/autopista","via_idx":5,"via_dist_m":102,"direccion":"autos circulan hacia SE (122°) y NO (302°); cartel debe mirar NO (302°) y SE (122°) para ver autos que llegan","modo":"un sentido x calzada","sentidos_deg":[122,302],"cartel_mira_deg":[302,122],"otras_vias":[{"n":"Boulevard Aeropuerto","clase":"troncal/autopista","d_m":109}],"score":67.8,"personas":0.637,"personas_densidad_pct":0.637,"pie_modelo":null,"otras_paradas_150m":0,"anclas_150m":{},"autos":1.232,"mult_muni":1.232,"mult_fuente":"TomTom indicativo","paradas_fusionadas_200m":0,"afluencia_idx":null,"gmaps":"https://www.google.com/maps/search/?api=1&query=25.774811,-100.116031","streetview":"https://www.google.com/maps/@?api=1&map_action=pano&viewpoint=25.774811,-100.116031","flags":["sin_conteos_reales","indice_via=proxy_clase_OSM","peso_personas=juicio_no_calibrado","metro_sin_afluencia(peso_juicio=3)","sin_segmento_EG-personas<80m"]}},{"type":"Feature","geometry":{"type":"Point","coordinates":[-100.28732,25.6437]},"properties":{"rank":40,"id":"places-40","name":"MTY-0743 Av. Eugenio Garza Sada SUR - NTE","tipo":"bus","ruta":"","muni":"Monterrey","radio_m":80,"via":"Avenida Eugenio Garza Sada","via_ref":"MEX 85","via_clase":"troncal/autopista","via_idx":5,"via_dist_m":8,"direccion":"autos circulan hacia NO (330°) y SE (151°); cartel debe mirar SE (150°) y NO (331°) para ver autos que llegan","modo":"un sentido x calzada","sentidos_deg":[330,151],"cartel_mira_deg":[150,331],"otras_vias":[{"n":"Avenida Eugenio Garza Sada","clase":"troncal/autopista","d_m":23}],"score":67.7,"personas":0.658,"personas_densidad_pct":0.921,"pie_modelo":26.4,"otras_paradas_150m":2,"anclas_150m":{"escuela":2},"autos":1.191,"mult_muni":1.191,"mult_fuente":"total ZMM TomTom (muni sin dato)","paradas_fusionadas_200m":1,"afluencia_idx":null,"gmaps":"https://www.google.com/maps/search/?api=1&query=25.643700,-100.287320","streetview":"https://www.google.com/maps/@?api=1&map_action=pano&viewpoint=25.643700,-100.287320","flags":["sin_conteos_reales","indice_via=proxy_clase_OSM","peso_personas=juicio_no_calibrado","fuente_Places_parcial","municipio_sin_TomTom(usa_total_ZMM)"]}},{"type":"Feature","geometry":{"type":"Point","coordinates":[-100.314711,25.674041]},"properties":{"rank":41,"id":"n13733419740","name":"Avenida Benito Juarez","tipo":"bus","ruta":"108","muni":"Monterrey","radio_m":80,"via":"Avenida Benito Juárez","via_ref":"19","via_clase":"primaria","via_idx":4,"via_dist_m":1,"direccion":"doble sentido (S-N, 188°/8°); cartel puede mirar S o N","modo":"doble sentido","sentidos_deg":[188,8],"cartel_mira_deg":[8,188],"otras_vias":[{"n":"Avenida Benito Juárez","clase":"primaria","d_m":24},{"n":"Avenida Benito Juárez","clase":"primaria","d_m":44},{"n":"Avenida Benito Juárez","clase":"primaria","d_m":51}],"score":67.6,"personas":0.822,"personas_densidad_pct":0.915,"pie_modelo":68.1,"otras_paradas_150m":0,"anclas_150m":{"escuela":3,"oxxo":1},"autos":0.953,"mult_muni":1.191,"mult_fuente":"total ZMM TomTom (muni sin dato)","paradas_fusionadas_200m":0,"afluencia_idx":null,"gmaps":"https://www.google.com/maps/search/?api=1&query=25.674041,-100.314711","streetview":"https://www.google.com/maps/@?api=1&map_action=pano&viewpoint=25.674041,-100.314711","flags":["sin_conteos_reales","indice_via=proxy_clase_OSM","peso_personas=juicio_no_calibrado","OSM_parcial","municipio_sin_TomTom(usa_total_ZMM)"]}},{"type":"Feature","geometry":{"type":"Point","coordinates":[-100.296397,25.657506]},"properties":{"rank":42,"id":"places-42","name":"Parus Garza Sada-Mallorca","tipo":"bus","ruta":"","muni":"Monterrey","radio_m":80,"via":"Avenida Eugenio Garza Sada","via_ref":"MEX 85","via_clase":"troncal/autopista","via_idx":5,"via_dist_m":12,"direccion":"autos circulan hacia SE (150°) y NO (331°); cartel debe mirar NO (330°) y SE (151°) para ver autos que llegan","modo":"un sentido x calzada","sentidos_deg":[150,331],"cartel_mira_deg":[330,151],"otras_vias":[{"n":"Avenida Eugenio Garza Sada","clase":"troncal/autopista","d_m":25},{"n":"Avenida Eugenio Garza Sada","clase":"troncal/autopista","d_m":34},{"n":"Avenida Eugenio Garza Sada","clase":"troncal/autopista","d_m":47}],"score":66.8,"personas":0.65,"personas_densidad_pct":0.858,"pie_modelo":33.7,"otras_paradas_150m":1,"anclas_150m":{"iglesia":1,"hospital":1},"autos":1.191,"mult_muni":1.191,"mult_fuente":"total ZMM TomTom (muni sin dato)","paradas_fusionadas_200m":1,"afluencia_idx":null,"gmaps":"https://www.google.com/maps/search/?api=1&query=25.657506,-100.296397","streetview":"https://www.google.com/maps/@?api=1&map_action=pano&viewpoint=25.657506,-100.296397","flags":["sin_conteos_reales","indice_via=proxy_clase_OSM","peso_personas=juicio_no_calibrado","fuente_Places_parcial","municipio_sin_TomTom(usa_total_ZMM)"]}},{"type":"Feature","geometry":{"type":"Point","coordinates":[-100.33045,25.78116]},"properties":{"rank":43,"id":"places-43","name":"ESC-0320 Av. Dr. Plinio D. Ordóñez SUR - NTE","tipo":"bus","ruta":"","muni":"General Escobedo","radio_m":80,"via":"Avenida Acueducto","via_ref":"13","via_clase":"primaria","via_idx":4,"via_dist_m":15,"direccion":"autos circulan hacia SE (156°) y NO (337°); cartel debe mirar NO (336°) y SE (157°) para ver autos que llegan","modo":"un sentido x calzada","sentidos_deg":[156,337],"cartel_mira_deg":[336,157],"otras_vias":[{"n":"Avenida Acueducto","clase":"primaria","d_m":50},{"n":"Avenida Acueducto","clase":"primaria","d_m":50},{"n":"Calle Doctor Plinio D. Ordóñez","clase":"terciaria","d_m":7}],"score":66.5,"personas":0.738,"personas_densidad_pct":0.804,"pie_modelo":63.9,"otras_paradas_150m":1,"anclas_150m":{"hospital":1,"escuela":1},"autos":1.044,"mult_muni":1.305,"mult_fuente":"TomTom indicativo","paradas_fusionadas_200m":0,"afluencia_idx":null,"gmaps":"https://www.google.com/maps/search/?api=1&query=25.781160,-100.330450","streetview":"https://www.google.com/maps/@?api=1&map_action=pano&viewpoint=25.781160,-100.330450","flags":["sin_conteos_reales","indice_via=proxy_clase_OSM","peso_personas=juicio_no_calibrado","fuente_Places_parcial"]}},{"type":"Feature","geometry":{"type":"Point","coordinates":[-100.58123,25.787419]},"properties":{"rank":44,"id":"n6770530572","name":"(sin nombre)","tipo":"bus","ruta":"","muni":"García","radio_m":80,"via":"Heberto Castillo Martínez","via_ref":"NL 65","via_clase":"primaria","via_idx":4,"via_dist_m":20,"direccion":"autos circulan hacia S (158°) y NO (337°); cartel debe mirar N (338°) y SE (157°) para ver autos que llegan","modo":"un sentido x calzada","sentidos_deg":[158,337],"cartel_mira_deg":[338,157],"otras_vias":[{"n":"Heberto Castillo Martínez","clase":"primaria","d_m":31},{"n":"Heberto Castillo Martínez","clase":"primaria","d_m":68},{"n":"Heberto Castillo Martínez","clase":"primaria","d_m":73}],"score":66.5,"personas":0.788,"personas_densidad_pct":0.841,"pie_modelo":70.9,"otras_paradas_150m":3,"anclas_150m":{},"autos":0.977,"mult_muni":1.221,"mult_fuente":"TomTom indicativo","paradas_fusionadas_200m":1,"afluencia_idx":null,"gmaps":"https://www.google.com/maps/search/?api=1&query=25.787419,-100.581230","streetview":"https://www.google.com/maps/@?api=1&map_action=pano&viewpoint=25.787419,-100.581230","flags":["sin_conteos_reales","indice_via=proxy_clase_OSM","peso_personas=juicio_no_calibrado","OSM_parcial"]}},{"type":"Feature","geometry":{"type":"Point","coordinates":[-100.289622,25.64738]},"properties":{"rank":45,"id":"n8105139867","name":"Avenida Eugenio Garza Sada X Eugenio Garza Sada","tipo":"bus","ruta":"","muni":"Monterrey","radio_m":80,"via":"Avenida Eugenio Garza Sada","via_ref":"MEX 85","via_clase":"troncal/autopista","via_idx":5,"via_dist_m":11,"direccion":"autos circulan hacia NO (330°) y SE (150°); cartel debe mirar SE (150°) y NO (330°) para ver autos que llegan","modo":"un sentido x calzada","sentidos_deg":[330,150],"cartel_mira_deg":[150,330],"otras_vias":[{"n":"Avenida Eugenio Garza Sada","clase":"troncal/autopista","d_m":25},{"n":"","clase":"terciaria","d_m":4},{"n":"","clase":"terciaria","d_m":34}],"score":65.7,"personas":0.639,"personas_densidad_pct":0.838,"pie_modelo":34.1,"otras_paradas_150m":0,"anclas_150m":{"iglesia":1,"escuela":2},"autos":1.191,"mult_muni":1.191,"mult_fuente":"total ZMM TomTom (muni sin dato)","paradas_fusionadas_200m":0,"afluencia_idx":null,"gmaps":"https://www.google.com/maps/search/?api=1&query=25.647380,-100.289622","streetview":"https://www.google.com/maps/@?api=1&map_action=pano&viewpoint=25.647380,-100.289622","flags":["sin_conteos_reales","indice_via=proxy_clase_OSM","peso_personas=juicio_no_calibrado","OSM_parcial","municipio_sin_TomTom(usa_total_ZMM)"]}},{"type":"Feature","geometry":{"type":"Point","coordinates":[-100.347105,25.670696]},"properties":{"rank":46,"id":"w1529639873","name":"Obispado / Torre Rise","tipo":"metro","ruta":"Línea 4","muni":"Monterrey","radio_m":150,"via":"Avenida Constitución","via_ref":"MEX 40;22;210","via_clase":"troncal/autopista","via_idx":5,"via_dist_m":1,"direccion":"autos circulan hacia O (288°); cartel debe mirar E (108°) para ver autos que llegan","modo":"un sentido","sentidos_deg":[288],"cartel_mira_deg":[108],"otras_vias":[{"n":"Avenida Constitución","clase":"troncal/autopista","d_m":24},{"n":"Avenida Constitución","clase":"troncal/autopista","d_m":30},{"n":"210","clase":"troncal/autopista","d_m":32}],"score":65.6,"personas":0.638,"personas_densidad_pct":0.638,"pie_modelo":null,"otras_paradas_150m":0,"anclas_150m":{},"autos":1.191,"mult_muni":1.191,"mult_fuente":"total ZMM TomTom (muni sin dato)","paradas_fusionadas_200m":0,"afluencia_idx":null,"gmaps":"https://www.google.com/maps/search/?api=1&query=25.670696,-100.347105","streetview":"https://www.google.com/maps/@?api=1&map_action=pano&viewpoint=25.670696,-100.347105","flags":["sin_conteos_reales","indice_via=proxy_clase_OSM","peso_personas=juicio_no_calibrado","municipio_sin_TomTom(usa_total_ZMM)","metro_sin_afluencia(peso_juicio=3)","sin_segmento_EG-personas<80m"]}},{"type":"Feature","geometry":{"type":"Point","coordinates":[-100.31542,25.664364]},"properties":{"rank":47,"id":"w1525868871","name":"Puente del Papa","tipo":"metro","ruta":"Línea 4","muni":"Monterrey","radio_m":150,"via":"Avenida Constitución","via_ref":"MEX 40;22;210","via_clase":"troncal/autopista","via_idx":5,"via_dist_m":4,"direccion":"autos circulan hacia O (282°); cartel debe mirar E (102°) para ver autos que llegan","modo":"un sentido","sentidos_deg":[282],"cartel_mira_deg":[102],"otras_vias":[{"n":"Avenida Constitución","clase":"troncal/autopista","d_m":17},{"n":"Avenida Benito Juárez","clase":"primaria","d_m":58},{"n":"Avenida Benito Juárez","clase":"primaria","d_m":112}],"score":65.3,"personas":0.635,"personas_densidad_pct":0.635,"pie_modelo":63.6,"otras_paradas_150m":0,"anclas_150m":{},"autos":1.191,"mult_muni":1.191,"mult_fuente":"total ZMM TomTom (muni sin dato)","paradas_fusionadas_200m":0,"afluencia_idx":null,"gmaps":"https://www.google.com/maps/search/?api=1&query=25.664364,-100.315420","streetview":"https://www.google.com/maps/@?api=1&map_action=pano&viewpoint=25.664364,-100.315420","flags":["sin_conteos_reales","indice_via=proxy_clase_OSM","peso_personas=juicio_no_calibrado","municipio_sin_TomTom(usa_total_ZMM)","metro_sin_afluencia(peso_juicio=3)"]}},{"type":"Feature","geometry":{"type":"Point","coordinates":[-100.21644,25.720015]},"properties":{"rank":48,"id":"n13909731702","name":"La Fe","tipo":"metro","ruta":"Línea 6","muni":"San Nicolás de los Garza","radio_m":150,"via":"Avenida Miguel Alemán","via_ref":"MEX 54;30","via_clase":"troncal/autopista","via_idx":5,"via_dist_m":4,"direccion":"autos circulan hacia NE (26°) y SO (208°); cartel debe mirar SO (206°) y NE (28°) para ver autos que llegan","modo":"un sentido x calzada","sentidos_deg":[26,208],"cartel_mira_deg":[206,28],"otras_vias":[{"n":"Avenida Miguel Alemán","clase":"troncal/autopista","d_m":8},{"n":"Avenida Miguel Alemán","clase":"troncal/autopista","d_m":9},{"n":"Avenida Miguel Alemán","clase":"troncal/autopista","d_m":29}],"score":65.1,"personas":0.633,"personas_densidad_pct":0.854,"pie_modelo":30.2,"otras_paradas_150m":1,"anclas_150m":{},"autos":1.191,"mult_muni":1.191,"mult_fuente":"total ZMM TomTom (muni sin dato)","paradas_fusionadas_200m":0,"afluencia_idx":null,"gmaps":"https://www.google.com/maps/search/?api=1&query=25.720015,-100.216440","streetview":"https://www.google.com/maps/@?api=1&map_action=pano&viewpoint=25.720015,-100.216440","flags":["sin_conteos_reales","indice_via=proxy_clase_OSM","peso_personas=juicio_no_calibrado","municipio_sin_TomTom(usa_total_ZMM)","metro_sin_afluencia(peso_juicio=3)"]}},{"type":"Feature","geometry":{"type":"Point","coordinates":[-100.320689,25.848238]},"properties":{"rank":49,"id":"n9788991600","name":"(sin nombre)","tipo":"bus","ruta":"","muni":"General Escobedo","radio_m":80,"via":"Carretera Monterrey - Castaños","via_ref":"MEX 53","via_clase":"primaria","via_idx":4,"via_dist_m":12,"direccion":"autos circulan hacia NO (330°) y SE (150°); cartel debe mirar SE (150°) y NO (330°) para ver autos que llegan","modo":"un sentido x calzada","sentidos_deg":[330,150],"cartel_mira_deg":[150,330],"otras_vias":[{"n":"Carretera Monterrey - Castaños","clase":"primaria","d_m":17},{"n":"Carretera Monterrey - Castaños","clase":"primaria","d_m":26},{"n":"","clase":"terciaria","d_m":17}],"score":65.1,"personas":0.722,"personas_densidad_pct":0.594,"pie_modelo":91.4,"otras_paradas_150m":2,"anclas_150m":{},"autos":1.044,"mult_muni":1.305,"mult_fuente":"TomTom indicativo","paradas_fusionadas_200m":1,"afluencia_idx":null,"gmaps":"https://www.google.com/maps/search/?api=1&query=25.848238,-100.320689","streetview":"https://www.google.com/maps/@?api=1&map_action=pano&viewpoint=25.848238,-100.320689","flags":["sin_conteos_reales","indice_via=proxy_clase_OSM","peso_personas=juicio_no_calibrado","OSM_parcial"]}},{"type":"Feature","geometry":{"type":"Point","coordinates":[-100.314749,25.671384]},"properties":{"rank":50,"id":"places-50","name":"Parabús","tipo":"bus","ruta":"","muni":"Monterrey","radio_m":80,"via":"Avenida Benito Juárez","via_ref":"19","via_clase":"primaria","via_idx":4,"via_dist_m":34,"direccion":"doble sentido (S-N, 186°/6°); cartel puede mirar S o N","modo":"doble sentido","sentidos_deg":[186,6],"cartel_mira_deg":[6,186],"otras_vias":[{"n":"Avenida Benito Juárez","clase":"primaria","d_m":35},{"n":"Calle Juan Ignacio Ramón","clase":"terciaria","d_m":7},{"n":"Calle Juan Ignacio Ramón","clase":"terciaria","d_m":14}],"score":64.6,"personas":0.785,"personas_densidad_pct":0.841,"pie_modelo":70.1,"otras_paradas_150m":1,"anclas_150m":{"iglesia":1,"escuela":1},"autos":0.953,"mult_muni":1.191,"mult_fuente":"total ZMM TomTom (muni sin dato)","paradas_fusionadas_200m":1,"afluencia_idx":null,"gmaps":"https://www.google.com/maps/search/?api=1&query=25.671384,-100.314749","streetview":"https://www.google.com/maps/@?api=1&map_action=pano&viewpoint=25.671384,-100.314749","flags":["sin_conteos_reales","indice_via=proxy_clase_OSM","peso_personas=juicio_no_calibrado","fuente_Places_parcial","municipio_sin_TomTom(usa_total_ZMM)"]}},{"type":"Feature","geometry":{"type":"Point","coordinates":[-100.41951,25.6659]},"properties":{"rank":51,"id":"places-51","name":"SNP-0045 Av. Doctor Ignacio Morones Prieto OTE - PTE","tipo":"bus","ruta":"","muni":"San Pedro Garza García","radio_m":80,"via":"Autopista de Peaje Monterrey-Saltillo","via_ref":"MEX 40D","via_clase":"troncal/autopista","via_idx":5,"via_dist_m":20,"direccion":"autos circulan hacia E (84°) y O (263°); cartel debe mirar O (264°) y E (83°) para ver autos que llegan","modo":"un sentido x calzada","sentidos_deg":[84,263],"cartel_mira_deg":[264,83],"otras_vias":[{"n":"Autopista de Peaje Monterrey-Saltillo","clase":"troncal/autopista","d_m":32},{"n":"Avenida Doctor Ignacio Morones Prieto","clase":"primaria","d_m":11},{"n":"Avenida Doctor Ignacio Morones Prieto","clase":"primaria","d_m":20}],"score":64.5,"personas":0.627,"personas_densidad_pct":0.673,"pie_modelo":55.9,"otras_paradas_150m":2,"anclas_150m":{},"autos":1.191,"mult_muni":1.191,"mult_fuente":"total ZMM TomTom (muni sin dato)","paradas_fusionadas_200m":0,"afluencia_idx":null,"gmaps":"https://www.google.com/maps/search/?api=1&query=25.665900,-100.419510","streetview":"https://www.google.com/maps/@?api=1&map_action=pano&viewpoint=25.665900,-100.419510","flags":["sin_conteos_reales","indice_via=proxy_clase_OSM","peso_personas=juicio_no_calibrado","fuente_Places_parcial","municipio_sin_TomTom(usa_total_ZMM)"]}},{"type":"Feature","geometry":{"type":"Point","coordinates":[-100.254326,25.703183]},"properties":{"rank":52,"id":"w655702823","name":"Adolfo Prieto","tipo":"terminal","ruta":"","muni":"Guadalupe","radio_m":150,"via":"Avenida Adolfo Ruíz Cortines","via_ref":"34","via_clase":"primaria","via_idx":4,"via_dist_m":8,"direccion":"autos circulan hacia O (270°) y E (91°); cartel debe mirar E (90°) y O (271°) para ver autos que llegan","modo":"un sentido x calzada","sentidos_deg":[270,91],"cartel_mira_deg":[90,271],"otras_vias":[{"n":"Avenida Adolfo Ruíz Cortines","clase":"primaria","d_m":11},{"n":"Avenida Adolfo Ruíz Cortines","clase":"primaria","d_m":41},{"n":"Avenida Adolfo Ruíz Cortines","clase":"primaria","d_m":45}],"score":64.3,"personas":0.698,"personas_densidad_pct":0.881,"pie_modelo":42.3,"otras_paradas_150m":1,"anclas_150m":{"express":1},"autos":1.068,"mult_muni":1.335,"mult_fuente":"TomTom indicativo","paradas_fusionadas_200m":0,"afluencia_idx":null,"gmaps":"https://www.google.com/maps/search/?api=1&query=25.703183,-100.254326","streetview":"https://www.google.com/maps/@?api=1&map_action=pano&viewpoint=25.703183,-100.254326","flags":["sin_conteos_reales","indice_via=proxy_clase_OSM","peso_personas=juicio_no_calibrado"]}},{"type":"Feature","geometry":{"type":"Point","coordinates":[-100.1452,25.78936]},"properties":{"rank":53,"id":"places-53","name":"APO - 1116 Carretera Miguel Alemán OTE - PTE","tipo":"bus","ruta":"","muni":"Apodaca","radio_m":80,"via":"Avenida Miguel Alemán","via_ref":"MEX 54","via_clase":"troncal/autopista","via_idx":5,"via_dist_m":8,"direccion":"autos circulan hacia O (252°) y E (71°); cartel debe mirar E (72°) y O (251°) para ver autos que llegan","modo":"un sentido x calzada","sentidos_deg":[252,71],"cartel_mira_deg":[72,251],"otras_vias":[{"n":"Avenida Miguel Alemán","clase":"troncal/autopista","d_m":20},{"n":"NL 54;48","clase":"troncal/autopista","d_m":77},{"n":"Avenida Miguel Alemán","clase":"primaria","d_m":77}],"score":64.1,"personas":0.603,"personas_densidad_pct":0.603,"pie_modelo":null,"otras_paradas_150m":1,"anclas_150m":{"oxxo":1},"autos":1.232,"mult_muni":1.232,"mult_fuente":"TomTom indicativo","paradas_fusionadas_200m":0,"afluencia_idx":null,"gmaps":"https://www.google.com/maps/search/?api=1&query=25.789360,-100.145200","streetview":"https://www.google.com/maps/@?api=1&map_action=pano&viewpoint=25.789360,-100.145200","flags":["sin_conteos_reales","indice_via=proxy_clase_OSM","peso_personas=juicio_no_calibrado","fuente_Places_parcial","sin_segmento_EG-personas<80m"]}},{"type":"Feature","geometry":{"type":"Point","coordinates":[-100.240613,25.693656]},"properties":{"rank":54,"id":"n13909322765","name":"Bonifacio Salinas","tipo":"metro","ruta":"Línea 6","muni":"Guadalupe","radio_m":150,"via":"Avenida Miguel Alemán","via_ref":"MEX 54;30","via_clase":"troncal/autopista","via_idx":5,"via_dist_m":10,"direccion":"autos circulan hacia O (253°) y E (73°); cartel debe mirar E (73°) y O (253°) para ver autos que llegan","modo":"un sentido x calzada","sentidos_deg":[253,73],"cartel_mira_deg":[73,253],"otras_vias":[{"n":"Avenida Miguel Alemán","clase":"troncal/autopista","d_m":10},{"n":"Avenida Miguel Alemán","clase":"troncal/autopista","d_m":96},{"n":"Avenida Miguel Alemán","clase":"troncal/autopista","d_m":108}],"score":63.9,"personas":0.555,"personas_densidad_pct":0.869,"pie_modelo":8.3,"otras_paradas_150m":2,"anclas_150m":{},"autos":1.335,"mult_muni":1.335,"mult_fuente":"TomTom indicativo","paradas_fusionadas_200m":1,"afluencia_idx":null,"gmaps":"https://www.google.com/maps/search/?api=1&query=25.693656,-100.240613","streetview":"https://www.google.com/maps/@?api=1&map_action=pano&viewpoint=25.693656,-100.240613","flags":["sin_conteos_reales","indice_via=proxy_clase_OSM","peso_personas=juicio_no_calibrado","metro_sin_afluencia(peso_juicio=3)"]}},{"type":"Feature","geometry":{"type":"Point","coordinates":[-100.169778,25.754462]},"properties":{"rank":55,"id":"n6267211053","name":"(sin nombre)","tipo":"bus","ruta":"","muni":"Apodaca","radio_m":80,"via":"Carretera A Apodaca","via_ref":"910","via_clase":"primaria","via_idx":4,"via_dist_m":17,"direccion":"autos circulan hacia NO (336°) y SE (156°); cartel debe mirar SE (156°) y NO (336°) para ver autos que llegan","modo":"un sentido x calzada","sentidos_deg":[336,156],"cartel_mira_deg":[156,336],"otras_vias":[{"n":"Carretera A Apodaca","clase":"primaria","d_m":29},{"n":"","clase":"enlace/ramal","d_m":65}],"score":63.9,"personas":0.751,"personas_densidad_pct":0.729,"pie_modelo":78.3,"otras_paradas_150m":2,"anclas_150m":{},"autos":0.986,"mult_muni":1.232,"mult_fuente":"TomTom indicativo","paradas_fusionadas_200m":2,"afluencia_idx":null,"gmaps":"https://www.google.com/maps/search/?api=1&query=25.754462,-100.169778","streetview":"https://www.google.com/maps/@?api=1&map_action=pano&viewpoint=25.754462,-100.169778","flags":["sin_conteos_reales","indice_via=proxy_clase_OSM","peso_personas=juicio_no_calibrado","OSM_parcial"]}},{"type":"Feature","geometry":{"type":"Point","coordinates":[-100.51437,25.74166]},"properties":{"rank":56,"id":"places-56","name":"STC-0004 Antigüa Carretera Villa de García OTE - PTE","tipo":"bus","ruta":"","muni":"Santa Catarina","radio_m":80,"via":"Carretera Libramiento Noroeste de Monterrey","via_ref":"MEX 40;910","via_clase":"troncal/autopista","via_idx":5,"via_dist_m":74,"direccion":"autos circulan hacia NE (50°); cartel debe mirar SO (230°) para ver autos que llegan","modo":"un sentido","sentidos_deg":[50],"cartel_mira_deg":[230],"otras_vias":[{"n":"Libramiento Noroeste de Monterrey","clase":"troncal/autopista","d_m":76},{"n":"Avenida Luis Donaldo Colosio Murrieta","clase":"secundaria","d_m":9},{"n":"Avenida Luis Donaldo Colosio Murrieta","clase":"secundaria","d_m":26}],"score":63.8,"personas":0.599,"personas_densidad_pct":0.599,"pie_modelo":null,"otras_paradas_150m":1,"anclas_150m":{"oxxo":1},"autos":1.235,"mult_muni":1.235,"mult_fuente":"TomTom indicativo","paradas_fusionadas_200m":0,"afluencia_idx":null,"gmaps":"https://www.google.com/maps/search/?api=1&query=25.741660,-100.514370","streetview":"https://www.google.com/maps/@?api=1&map_action=pano&viewpoint=25.741660,-100.514370","flags":["sin_conteos_reales","indice_via=proxy_clase_OSM","peso_personas=juicio_no_calibrado","fuente_Places_parcial","sin_segmento_EG-personas<80m"]}},{"type":"Feature","geometry":{"type":"Point","coordinates":[-100.48027,25.685]},"properties":{"rank":57,"id":"places-57","name":"STC-0482 Carretera Monterrey-Saltillo PTE - OTE","tipo":"bus","ruta":"","muni":"Santa Catarina","radio_m":80,"via":"Carretera Saltillo - Monterrey","via_ref":"MEX 40","via_clase":"primaria","via_idx":4,"via_dist_m":18,"direccion":"autos circulan hacia E (89°) y O (269°); cartel debe mirar O (269°) y E (89°) para ver autos que llegan","modo":"un sentido x calzada","sentidos_deg":[89,269],"cartel_mira_deg":[269,89],"otras_vias":[{"n":"Carretera Saltillo - Monterrey","clase":"primaria","d_m":38},{"n":"","clase":"enlace/ramal","d_m":34}],"score":63.5,"personas":0.745,"personas_densidad_pct":0.717,"pie_modelo":78.6,"otras_paradas_150m":1,"anclas_150m":{"oxxo":1},"autos":0.988,"mult_muni":1.235,"mult_fuente":"TomTom indicativo","paradas_fusionadas_200m":0,"afluencia_idx":null,"gmaps":"https://www.google.com/maps/search/?api=1&query=25.685000,-100.480270","streetview":"https://www.google.com/maps/@?api=1&map_action=pano&viewpoint=25.685000,-100.480270","flags":["sin_conteos_reales","indice_via=proxy_clase_OSM","peso_personas=juicio_no_calibrado","fuente_Places_parcial"]}},{"type":"Feature","geometry":{"type":"Point","coordinates":[-100.254397,25.728662]},"properties":{"rank":58,"id":"n4162081169","name":"(sin nombre)","tipo":"bus","ruta":"","muni":"San Nicolás de los Garza","radio_m":80,"via":"Avenida Licenciado Adolfo López Mateos","via_ref":"25;MEX 85","via_clase":"primaria","via_idx":4,"via_dist_m":5,"direccion":"autos circulan hacia NE (52°) y SO (234°); cartel debe mirar SO (232°) y NE (54°) para ver autos que llegan","modo":"un sentido x calzada","sentidos_deg":[52,234],"cartel_mira_deg":[232,54],"otras_vias":[{"n":"Avenida Licenciado Adolfo López Mateos","clase":"primaria","d_m":33},{"n":"Avenida Licenciado Adolfo López Mateos","clase":"primaria","d_m":36},{"n":"Avenida Licenciado Adolfo López Mateos","clase":"primaria","d_m":67}],"score":63.5,"personas":0.771,"personas_densidad_pct":0.894,"pie_modelo":58.7,"otras_paradas_150m":3,"anclas_150m":{"banco":1},"autos":0.953,"mult_muni":1.191,"mult_fuente":"total ZMM TomTom (muni sin dato)","paradas_fusionadas_200m":2,"afluencia_idx":null,"gmaps":"https://www.google.com/maps/search/?api=1&query=25.728662,-100.254397","streetview":"https://www.google.com/maps/@?api=1&map_action=pano&viewpoint=25.728662,-100.254397","flags":["sin_conteos_reales","indice_via=proxy_clase_OSM","peso_personas=juicio_no_calibrado","OSM_parcial","municipio_sin_TomTom(usa_total_ZMM)"]}},{"type":"Feature","geometry":{"type":"Point","coordinates":[-100.296115,25.757277]},"properties":{"rank":59,"id":"n11380477133","name":"Autobuses Futura","tipo":"terminal","ruta":"","muni":"San Nicolás de los Garza","radio_m":150,"via":"Avenida Universidad","via_ref":"MEX 85;17","via_clase":"troncal/autopista","via_idx":5,"via_dist_m":20,"direccion":"autos circulan hacia N (18°) y S (199°); cartel debe mirar S (198°) y N (19°) para ver autos que llegan","modo":"un sentido x calzada","sentidos_deg":[18,199],"cartel_mira_deg":[198,19],"otras_vias":[{"n":"Avenida Universidad","clase":"troncal/autopista","d_m":36},{"n":"Avenida Universidad","clase":"troncal/autopista","d_m":57},{"n":"Avenida Universidad","clase":"troncal/autopista","d_m":72}],"score":63.4,"personas":0.617,"personas_densidad_pct":0.703,"pie_modelo":48.8,"otras_paradas_150m":0,"anclas_150m":{},"autos":1.191,"mult_muni":1.191,"mult_fuente":"total ZMM TomTom (muni sin dato)","paradas_fusionadas_200m":0,"afluencia_idx":null,"gmaps":"https://www.google.com/maps/search/?api=1&query=25.757277,-100.296115","streetview":"https://www.google.com/maps/@?api=1&map_action=pano&viewpoint=25.757277,-100.296115","flags":["sin_conteos_reales","indice_via=proxy_clase_OSM","peso_personas=juicio_no_calibrado","municipio_sin_TomTom(usa_total_ZMM)"]}},{"type":"Feature","geometry":{"type":"Point","coordinates":[-100.494066,25.686772]},"properties":{"rank":60,"id":"n3533239717","name":"Ruta 203","tipo":"terminal","ruta":"","muni":"Santa Catarina","radio_m":150,"via":"Carretera Saltillo - Monterrey","via_ref":"MEX 40","via_clase":"primaria","via_idx":4,"via_dist_m":14,"direccion":"autos circulan hacia SE (113°) y O (292°); cartel debe mirar NO (293°) y E (112°) para ver autos que llegan","modo":"un sentido x calzada","sentidos_deg":[113,292],"cartel_mira_deg":[293,112],"otras_vias":[{"n":"Carretera Saltillo - Monterrey","clase":"primaria","d_m":32},{"n":"Carretera Saltillo - Monterrey","clase":"primaria","d_m":59},{"n":"","clase":"terciaria","d_m":63}],"score":63.2,"personas":0.741,"personas_densidad_pct":0.856,"pie_modelo":56.9,"otras_paradas_150m":0,"anclas_150m":{"oxxo":1},"autos":0.988,"mult_muni":1.235,"mult_fuente":"TomTom indicativo","paradas_fusionadas_200m":0,"afluencia_idx":null,"gmaps":"https://www.google.com/maps/search/?api=1&query=25.686772,-100.494066","streetview":"https://www.google.com/maps/@?api=1&map_action=pano&viewpoint=25.686772,-100.494066","flags":["sin_conteos_reales","indice_via=proxy_clase_OSM","peso_personas=juicio_no_calibrado"]}},{"type":"Feature","geometry":{"type":"Point","coordinates":[-100.298507,25.671504]},"properties":{"rank":61,"id":"n5108553595","name":"Santa Lucía","tipo":"metro","ruta":"Linea 3","muni":"Monterrey","radio_m":150,"via":"Avenida Félix Uresti Gómez","via_ref":"MEX 85","via_clase":"primaria","via_idx":4,"via_dist_m":2,"direccion":"autos circulan hacia N (6°) y S (188°); cartel debe mirar S (186°) y N (8°) para ver autos que llegan","modo":"un sentido x calzada","sentidos_deg":[6,188],"cartel_mira_deg":[186,8],"otras_vias":[{"n":"Avenida Félix Uresti Gómez","clase":"primaria","d_m":13},{"n":"Avenida Félix Uresti Gómez","clase":"primaria","d_m":14},{"n":"Avenida Félix Uresti Gómez","clase":"primaria","d_m":21}],"score":63.1,"personas":0.768,"personas_densidad_pct":0.753,"pie_modelo":78.9,"otras_paradas_150m":0,"anclas_150m":{"hospital":1},"autos":0.953,"mult_muni":1.191,"mult_fuente":"total ZMM TomTom (muni sin dato)","paradas_fusionadas_200m":0,"afluencia_idx":0.3856,"gmaps":"https://www.google.com/maps/search/?api=1&query=25.671504,-100.298507","streetview":"https://www.google.com/maps/@?api=1&map_action=pano&viewpoint=25.671504,-100.298507","flags":["sin_conteos_reales","indice_via=proxy_clase_OSM","peso_personas=juicio_no_calibrado","municipio_sin_TomTom(usa_total_ZMM)","metro_afluencia_idx=0.39(Santa Lucia)"]}},{"type":"Feature","geometry":{"type":"Point","coordinates":[-100.178581,25.706491]},"properties":{"rank":62,"id":"n1798887652","name":"Estación OSM sin nombre","tipo":"terminal","ruta":"","muni":"Guadalupe","radio_m":150,"via":"Avenida Adolfo Ruíz Cortines","via_ref":"NL 52;34","via_clase":"primaria","via_idx":4,"via_dist_m":50,"direccion":"autos circulan hacia SE (127°) y NO (308°); cartel debe mirar NO (307°) y SE (128°) para ver autos que llegan","modo":"un sentido x calzada","sentidos_deg":[127,308],"cartel_mira_deg":[307,128],"otras_vias":[{"n":"Avenida Adolfo Ruíz Cortines","clase":"primaria","d_m":66},{"n":"Avenida Adolfo Ruíz Cortines","clase":"primaria","d_m":83},{"n":"Avenida Adolfo Ruíz Cortines","clase":"primaria","d_m":95}],"score":62.9,"personas":0.682,"personas_densidad_pct":0.682,"pie_modelo":null,"otras_paradas_150m":0,"anclas_150m":{},"autos":1.068,"mult_muni":1.335,"mult_fuente":"TomTom indicativo","paradas_fusionadas_200m":0,"afluencia_idx":null,"gmaps":"https://www.google.com/maps/search/?api=1&query=25.706491,-100.178581","streetview":"https://www.google.com/maps/@?api=1&map_action=pano&viewpoint=25.706491,-100.178581","flags":["sin_conteos_reales","indice_via=proxy_clase_OSM","peso_personas=juicio_no_calibrado","sin_segmento_EG-personas<80m"]}},{"type":"Feature","geometry":{"type":"Point","coordinates":[-100.51859,25.71198]},"properties":{"rank":63,"id":"places-63","name":"STC-0469 Carretera Monterrey-García SUR - NTE","tipo":"bus","ruta":"","muni":"Santa Catarina","radio_m":80,"via":"Carretera a García","via_ref":"NL 65","via_clase":"primaria","via_idx":4,"via_dist_m":9,"direccion":"autos circulan hacia N (349°) y S (169°); cartel debe mirar S (169°) y N (349°) para ver autos que llegan","modo":"un sentido x calzada","sentidos_deg":[349,169],"cartel_mira_deg":[169,349],"otras_vias":[{"n":"Carretera a García","clase":"primaria","d_m":17},{"n":"","clase":"enlace/ramal","d_m":14},{"n":"","clase":"enlace/ramal","d_m":62}],"score":62.7,"personas":0.735,"personas_densidad_pct":0.735,"pie_modelo":null,"otras_paradas_150m":2,"anclas_150m":{},"autos":0.988,"mult_muni":1.235,"mult_fuente":"TomTom indicativo","paradas_fusionadas_200m":0,"afluencia_idx":null,"gmaps":"https://www.google.com/maps/search/?api=1&query=25.711980,-100.518590","streetview":"https://www.google.com/maps/@?api=1&map_action=pano&viewpoint=25.711980,-100.518590","flags":["sin_conteos_reales","indice_via=proxy_clase_OSM","peso_personas=juicio_no_calibrado","fuente_Places_parcial","sin_segmento_EG-personas<80m"]}},{"type":"Feature","geometry":{"type":"Point","coordinates":[-100.27179,25.81055]},"properties":{"rank":64,"id":"places-64","name":"ESC-0259 Blvd. Av. José López Portillo SUR - NTE","tipo":"bus","ruta":"","muni":"General Escobedo","radio_m":80,"via":"Licenciado Jose Lopez Portillo","via_ref":"MEX 85","via_clase":"troncal/autopista","via_idx":5,"via_dist_m":12,"direccion":"autos circulan hacia NE (32°) y SO (211°); cartel debe mirar SO (212°) y NE (31°) para ver autos que llegan","modo":"un sentido x calzada","sentidos_deg":[32,211],"cartel_mira_deg":[212,31],"otras_vias":[{"n":"Licenciado Jose Lopez Portillo","clase":"troncal/autopista","d_m":30},{"n":"Licenciado Jose Lopez Portillo","clase":"troncal/autopista","d_m":31},{"n":"Licenciado Jose Lopez Portillo","clase":"troncal/autopista","d_m":34}],"score":62.5,"personas":0.555,"personas_densidad_pct":0.415,"pie_modelo":76.5,"otras_paradas_150m":1,"anclas_150m":{},"autos":1.305,"mult_muni":1.305,"mult_fuente":"TomTom indicativo","paradas_fusionadas_200m":1,"afluencia_idx":null,"gmaps":"https://www.google.com/maps/search/?api=1&query=25.810550,-100.271790","streetview":"https://www.google.com/maps/@?api=1&map_action=pano&viewpoint=25.810550,-100.271790","flags":["sin_conteos_reales","indice_via=proxy_clase_OSM","peso_personas=juicio_no_calibrado","fuente_Places_parcial"]}},{"type":"Feature","geometry":{"type":"Point","coordinates":[-100.412916,25.665934]},"properties":{"rank":65,"id":"n1849023738","name":"(sin nombre)","tipo":"bus","ruta":"","muni":"San Pedro Garza García","radio_m":80,"via":"Autopista de Peaje Monterrey-Saltillo","via_ref":"MEX 40D","via_clase":"troncal/autopista","via_idx":5,"via_dist_m":59,"direccion":"autos circulan hacia NE (67°) y O (248°); cartel debe mirar SO (247°) y E (68°) para ver autos que llegan","modo":"un sentido x calzada","sentidos_deg":[67,248],"cartel_mira_deg":[247,68],"otras_vias":[{"n":"Autopista de Peaje Monterrey-Saltillo","clase":"troncal/autopista","d_m":70},{"n":"Avenida Doctor Ignacio Morones Prieto","clase":"primaria","d_m":9},{"n":"Avenida Doctor Ignacio Morones Prieto","clase":"primaria","d_m":20}],"score":62.3,"personas":0.606,"personas_densidad_pct":0.744,"pie_modelo":40.0,"otras_paradas_150m":2,"anclas_150m":{},"autos":1.191,"mult_muni":1.191,"mult_fuente":"total ZMM TomTom (muni sin dato)","paradas_fusionadas_200m":0,"afluencia_idx":null,"gmaps":"https://www.google.com/maps/search/?api=1&query=25.665934,-100.412916","streetview":"https://www.google.com/maps/@?api=1&map_action=pano&viewpoint=25.665934,-100.412916","flags":["sin_conteos_reales","indice_via=proxy_clase_OSM","peso_personas=juicio_no_calibrado","OSM_parcial","municipio_sin_TomTom(usa_total_ZMM)"]}},{"type":"Feature","geometry":{"type":"Point","coordinates":[-100.257509,25.713244]},"properties":{"rank":66,"id":"n12352377701","name":"Transmetro Romulo Garza - Hospital Metropolitano","tipo":"bus","ruta":"","muni":"San Nicolás de los Garza","radio_m":80,"via":"Avenida Rómulo Garza","via_ref":"38","via_clase":"primaria","via_idx":4,"via_dist_m":2,"direccion":"autos circulan hacia E (68°) y O (248°); cartel debe mirar O (248°) y E (68°) para ver autos que llegan","modo":"un sentido x calzada","sentidos_deg":[68,248],"cartel_mira_deg":[248,68],"otras_vias":[{"n":"Avenida Rómulo Garza","clase":"primaria","d_m":14},{"n":"Lateral Rómulo Garza","clase":"terciaria","d_m":14},{"n":"Avenida Rómulo Garza","clase":"terciaria","d_m":45}],"score":62.0,"personas":0.753,"personas_densidad_pct":0.778,"pie_modelo":71.6,"otras_paradas_150m":0,"anclas_150m":{"escuela":1,"banco":2},"autos":0.953,"mult_muni":1.191,"mult_fuente":"total ZMM TomTom (muni sin dato)","paradas_fusionadas_200m":0,"afluencia_idx":null,"gmaps":"https://www.google.com/maps/search/?api=1&query=25.713244,-100.257509","streetview":"https://www.google.com/maps/@?api=1&map_action=pano&viewpoint=25.713244,-100.257509","flags":["sin_conteos_reales","indice_via=proxy_clase_OSM","peso_personas=juicio_no_calibrado","OSM_parcial","municipio_sin_TomTom(usa_total_ZMM)"]}},{"type":"Feature","geometry":{"type":"Point","coordinates":[-100.316967,25.690039]},"properties":{"rank":67,"id":"n2276211410","name":"(sin nombre)","tipo":"bus","ruta":"","muni":"Monterrey","radio_m":80,"via":"Avenida Alfonso Reyes","via_ref":"15","via_clase":"troncal/autopista","via_idx":5,"via_dist_m":7,"direccion":"autos circulan hacia S (181°) y N (360°); cartel debe mirar N (1°) y S (180°) para ver autos que llegan","modo":"un sentido x calzada","sentidos_deg":[181,360],"cartel_mira_deg":[1,180],"otras_vias":[{"n":"Avenida José María Pino Suárez","clase":"troncal/autopista","d_m":22},{"n":"Avenida Alfonso Reyes","clase":"troncal/autopista","d_m":26},{"n":"Avenida Cuauhtémoc","clase":"troncal/autopista","d_m":34}],"score":61.8,"personas":0.602,"personas_densidad_pct":0.392,"pie_modelo":91.6,"otras_paradas_150m":0,"anclas_150m":{"oxxo":1},"autos":1.191,"mult_muni":1.191,"mult_fuente":"total ZMM TomTom (muni sin dato)","paradas_fusionadas_200m":0,"afluencia_idx":null,"gmaps":"https://www.google.com/maps/search/?api=1&query=25.690039,-100.316967","streetview":"https://www.google.com/maps/@?api=1&map_action=pano&viewpoint=25.690039,-100.316967","flags":["sin_conteos_reales","indice_via=proxy_clase_OSM","peso_personas=juicio_no_calibrado","OSM_parcial","municipio_sin_TomTom(usa_total_ZMM)"]}},{"type":"Feature","geometry":{"type":"Point","coordinates":[-100.278688,25.703592]},"properties":{"rank":68,"id":"w656583705","name":"Coyoacán","tipo":"brt","ruta":"Ecovía","muni":"Monterrey","radio_m":150,"via":"Avenida Adolfo Ruíz Cortines","via_ref":"34","via_clase":"primaria","via_idx":4,"via_dist_m":8,"direccion":"autos circulan hacia O (271°) y E (91°); cartel debe mirar E (91°) y O (271°) para ver autos que llegan","modo":"un sentido x calzada","sentidos_deg":[271,91],"cartel_mira_deg":[91,271],"otras_vias":[{"n":"Avenida Adolfo Ruíz Cortines","clase":"primaria","d_m":9},{"n":"Avenida Adolfo Ruíz Cortines","clase":"primaria","d_m":25},{"n":"Avenida Adolfo Ruíz Cortines","clase":"primaria","d_m":119}],"score":61.3,"personas":0.745,"personas_densidad_pct":0.7,"pie_modelo":81.1,"otras_paradas_150m":0,"anclas_150m":{"escuela":1},"autos":0.953,"mult_muni":1.191,"mult_fuente":"total ZMM TomTom (muni sin dato)","paradas_fusionadas_200m":0,"afluencia_idx":null,"gmaps":"https://www.google.com/maps/search/?api=1&query=25.703592,-100.278688","streetview":"https://www.google.com/maps/@?api=1&map_action=pano&viewpoint=25.703592,-100.278688","flags":["sin_conteos_reales","indice_via=proxy_clase_OSM","peso_personas=juicio_no_calibrado","municipio_sin_TomTom(usa_total_ZMM)"]}},{"type":"Feature","geometry":{"type":"Point","coordinates":[-100.29354,25.70032]},"properties":{"rank":69,"id":"places-69","name":"Terminal","tipo":"bus","ruta":"","muni":"Monterrey","radio_m":80,"via":"Avenida Félix Uresti Gómez","via_ref":"25;MEX 85","via_clase":"primaria","via_idx":4,"via_dist_m":39,"direccion":"autos circulan hacia SO (232°) y NE (51°); cartel debe mirar NE (52°) y SO (231°) para ver autos que llegan","modo":"un sentido x calzada","sentidos_deg":[232,51],"cartel_mira_deg":[52,231],"otras_vias":[{"n":"Avenida Félix Uresti Gómez","clase":"primaria","d_m":53},{"n":"Calle Libertad","clase":"terciaria","d_m":47}],"score":61.1,"personas":0.743,"personas_densidad_pct":0.709,"pie_modelo":79.5,"otras_paradas_150m":1,"anclas_150m":{"escuela":1},"autos":0.953,"mult_muni":1.191,"mult_fuente":"total ZMM TomTom (muni sin dato)","paradas_fusionadas_200m":0,"afluencia_idx":null,"gmaps":"https://www.google.com/maps/search/?api=1&query=25.700320,-100.293540","streetview":"https://www.google.com/maps/@?api=1&map_action=pano&viewpoint=25.700320,-100.293540","flags":["sin_conteos_reales","indice_via=proxy_clase_OSM","peso_personas=juicio_no_calibrado","fuente_Places_parcial","municipio_sin_TomTom(usa_total_ZMM)"]}},{"type":"Feature","geometry":{"type":"Point","coordinates":[-100.23774,25.67882]},"properties":{"rank":70,"id":"w748890091","name":"Benito Juárez","tipo":"brt","ruta":"Transmetro","muni":"Guadalupe","radio_m":150,"via":"Avenida Benito Juárez","via_ref":"MEX 40;16","via_clase":"primaria","via_idx":4,"via_dist_m":14,"direccion":"autos circulan hacia O (275°) y E (98°); cartel debe mirar E (95°) y O (278°) para ver autos que llegan","modo":"un sentido x calzada","sentidos_deg":[275,98],"cartel_mira_deg":[95,278],"otras_vias":[{"n":"Avenida Benito Juárez","clase":"primaria","d_m":36},{"n":"Avenida Tolteca","clase":"terciaria","d_m":71},{"n":"Avenida Olmeca","clase":"terciaria","d_m":71}],"score":61.0,"personas":0.662,"personas_densidad_pct":0.857,"pie_modelo":37.0,"otras_paradas_150m":1,"anclas_150m":{"hospital":1},"autos":1.068,"mult_muni":1.335,"mult_fuente":"TomTom indicativo","paradas_fusionadas_200m":0,"afluencia_idx":null,"gmaps":"https://www.google.com/maps/search/?api=1&query=25.678820,-100.237740","streetview":"https://www.google.com/maps/@?api=1&map_action=pano&viewpoint=25.678820,-100.237740","flags":["sin_conteos_reales","indice_via=proxy_clase_OSM","peso_personas=juicio_no_calibrado"]}},{"type":"Feature","geometry":{"type":"Point","coordinates":[-100.253755,25.780347]},"properties":{"rank":71,"id":"places-71","name":"Parada de Transmetro","tipo":"bus","ruta":"","muni":"Apodaca","radio_m":80,"via":"Avenida Afganistán","via_ref":"44","via_clase":"primaria","via_idx":4,"via_dist_m":9,"direccion":"autos circulan hacia NE (36°) y SO (219°); cartel debe mirar SO (216°) y NE (39°) para ver autos que llegan","modo":"un sentido x calzada","sentidos_deg":[36,219],"cartel_mira_deg":[216,39],"otras_vias":[{"n":"Avenida Afganistán","clase":"primaria","d_m":21}],"score":60.6,"personas":0.712,"personas_densidad_pct":0.689,"pie_modelo":74.6,"otras_paradas_150m":0,"anclas_150m":{"escuela":1,"banco":1},"autos":0.986,"mult_muni":1.232,"mult_fuente":"TomTom indicativo","paradas_fusionadas_200m":0,"afluencia_idx":null,"gmaps":"https://www.google.com/maps/search/?api=1&query=25.780347,-100.253755","streetview":"https://www.google.com/maps/@?api=1&map_action=pano&viewpoint=25.780347,-100.253755","flags":["sin_conteos_reales","indice_via=proxy_clase_OSM","peso_personas=juicio_no_calibrado","fuente_Places_parcial"]}},{"type":"Feature","geometry":{"type":"Point","coordinates":[-100.111268,25.652958]},"properties":{"rank":72,"id":"n9403792938","name":"Interenlace","tipo":"terminal","ruta":"","muni":"Juárez","radio_m":150,"via":"Avenida Licenciado Arturo B. De la Garza","via_ref":"MEX 40;16","via_clase":"primaria","via_idx":4,"via_dist_m":28,"direccion":"autos circulan hacia O (281°) y E (101°); cartel debe mirar E (101°) y O (281°) para ver autos que llegan","modo":"un sentido x calzada","sentidos_deg":[281,101],"cartel_mira_deg":[101,281],"otras_vias":[{"n":"Avenida Licenciado Arturo B. De la Garza","clase":"primaria","d_m":30},{"n":"Avenida Licenciado Arturo B. De la Garza","clase":"primaria","d_m":41},{"n":"Carretera a Reynosa","clase":"primaria","d_m":108}],"score":60.1,"personas":0.762,"personas_densidad_pct":0.928,"pie_modelo":51.2,"otras_paradas_150m":1,"anclas_150m":{"escuela":1},"autos":0.914,"mult_muni":1.143,"mult_fuente":"TomTom indicativo","paradas_fusionadas_200m":0,"afluencia_idx":null,"gmaps":"https://www.google.com/maps/search/?api=1&query=25.652958,-100.111268","streetview":"https://www.google.com/maps/@?api=1&map_action=pano&viewpoint=25.652958,-100.111268","flags":["sin_conteos_reales","indice_via=proxy_clase_OSM","peso_personas=juicio_no_calibrado"]}},{"type":"Feature","geometry":{"type":"Point","coordinates":[-100.136119,25.71321]},"properties":{"rank":73,"id":"n6267211042","name":"(sin nombre)","tipo":"bus","ruta":"","muni":"Apodaca","radio_m":80,"via":"Libramiento Norte de Monterrey","via_ref":"NL 28;910","via_clase":"primaria","via_idx":4,"via_dist_m":10,"direccion":"doble sentido (S-N, 166°/346°); cartel puede mirar S o N","modo":"doble sentido","sentidos_deg":[166,346],"cartel_mira_deg":[346,166],"otras_vias":[{"n":"Libramiento Norte de Monterrey","clase":"primaria","d_m":60},{"n":"","clase":"enlace/ramal","d_m":60}],"score":60.1,"personas":0.706,"personas_densidad_pct":0.724,"pie_modelo":68.0,"otras_paradas_150m":2,"anclas_150m":{},"autos":0.986,"mult_muni":1.232,"mult_fuente":"TomTom indicativo","paradas_fusionadas_200m":1,"afluencia_idx":null,"gmaps":"https://www.google.com/maps/search/?api=1&query=25.713210,-100.136119","streetview":"https://www.google.com/maps/@?api=1&map_action=pano&viewpoint=25.713210,-100.136119","flags":["sin_conteos_reales","indice_via=proxy_clase_OSM","peso_personas=juicio_no_calibrado","OSM_parcial"]}},{"type":"Feature","geometry":{"type":"Point","coordinates":[-100.135095,25.710537]},"properties":{"rank":74,"id":"n6267211037","name":"(sin nombre)","tipo":"bus","ruta":"","muni":"Apodaca","radio_m":80,"via":"Libramiento Norte de Monterrey","via_ref":"NL 28;910","via_clase":"primaria","via_idx":4,"via_dist_m":18,"direccion":"doble sentido (S-N, 165°/345°); cartel puede mirar S o N","modo":"doble sentido","sentidos_deg":[165,345],"cartel_mira_deg":[345,165],"otras_vias":[],"score":59.8,"personas":0.703,"personas_densidad_pct":0.728,"pie_modelo":66.4,"otras_paradas_150m":1,"anclas_150m":{"oxxo":1},"autos":0.986,"mult_muni":1.232,"mult_fuente":"TomTom indicativo","paradas_fusionadas_200m":0,"afluencia_idx":null,"gmaps":"https://www.google.com/maps/search/?api=1&query=25.710537,-100.135095","streetview":"https://www.google.com/maps/@?api=1&map_action=pano&viewpoint=25.710537,-100.135095","flags":["sin_conteos_reales","indice_via=proxy_clase_OSM","peso_personas=juicio_no_calibrado","OSM_parcial"]}},{"type":"Feature","geometry":{"type":"Point","coordinates":[-100.49027,25.78823]},"properties":{"rank":75,"id":"places-75","name":"47190","tipo":"bus","ruta":"","muni":"García","radio_m":80,"via":"Avenida Abraham Lincoln","via_ref":"36","via_clase":"primaria","via_idx":4,"via_dist_m":0,"direccion":"autos circulan hacia O (283°) y E (103°); cartel debe mirar E (103°) y O (283°) para ver autos que llegan","modo":"un sentido x calzada","sentidos_deg":[283,103],"cartel_mira_deg":[103,283],"otras_vias":[{"n":"Avenida Abraham Lincoln","clase":"primaria","d_m":14},{"n":"","clase":"enlace/ramal","d_m":1}],"score":59.7,"personas":0.708,"personas_densidad_pct":0.823,"pie_modelo":53.5,"otras_paradas_150m":1,"anclas_150m":{"banco":2},"autos":0.977,"mult_muni":1.221,"mult_fuente":"TomTom indicativo","paradas_fusionadas_200m":1,"afluencia_idx":null,"gmaps":"https://www.google.com/maps/search/?api=1&query=25.788230,-100.490270","streetview":"https://www.google.com/maps/@?api=1&map_action=pano&viewpoint=25.788230,-100.490270","flags":["sin_conteos_reales","indice_via=proxy_clase_OSM","peso_personas=juicio_no_calibrado","fuente_Places_parcial"]}},{"type":"Feature","geometry":{"type":"Point","coordinates":[-100.32047,25.66695]},"properties":{"rank":76,"id":"places-76","name":"18423","tipo":"bus","ruta":"","muni":"Monterrey","radio_m":80,"via":"Avenida José María Pino Suárez","via_ref":"15","via_clase":"troncal/autopista","via_idx":5,"via_dist_m":1,"direccion":"autos circulan hacia S (193°); cartel debe mirar N (13°) para ver autos que llegan","modo":"un sentido","sentidos_deg":[193],"cartel_mira_deg":[13],"otras_vias":[{"n":"15","clase":"troncal/autopista","d_m":1},{"n":"Avenida José María Pino Suárez","clase":"troncal/autopista","d_m":1},{"n":"Avenida José María Pino Suárez","clase":"troncal/autopista","d_m":42}],"score":59.7,"personas":0.581,"personas_densidad_pct":0.743,"pie_modelo":33.7,"otras_paradas_150m":0,"anclas_150m":{"iglesia":2},"autos":1.191,"mult_muni":1.191,"mult_fuente":"total ZMM TomTom (muni sin dato)","paradas_fusionadas_200m":0,"afluencia_idx":null,"gmaps":"https://www.google.com/maps/search/?api=1&query=25.666950,-100.320470","streetview":"https://www.google.com/maps/@?api=1&map_action=pano&viewpoint=25.666950,-100.320470","flags":["sin_conteos_reales","indice_via=proxy_clase_OSM","peso_personas=juicio_no_calibrado","fuente_Places_parcial","municipio_sin_TomTom(usa_total_ZMM)"]}},{"type":"Feature","geometry":{"type":"Point","coordinates":[-100.315567,25.668608]},"properties":{"rank":77,"id":"n1041599598","name":"Padre Mier","tipo":"metro","ruta":"Línea 2","muni":"Monterrey","radio_m":150,"via":"Avenida Benito Juárez","via_ref":"19","via_clase":"primaria","via_idx":4,"via_dist_m":11,"direccion":"doble sentido (S-N, 185°/5°); cartel puede mirar S o N","modo":"doble sentido","sentidos_deg":[185,5],"cartel_mira_deg":[5,185],"otras_vias":[{"n":"Avenida Benito Juárez","clase":"primaria","d_m":11},{"n":"Avenida Benito Juárez","clase":"primaria","d_m":105},{"n":"Avenida Benito Juárez","clase":"primaria","d_m":118}],"score":59.5,"personas":0.723,"personas_densidad_pct":0.755,"pie_modelo":67.4,"otras_paradas_150m":1,"anclas_150m":{},"autos":0.953,"mult_muni":1.191,"mult_fuente":"total ZMM TomTom (muni sin dato)","paradas_fusionadas_200m":0,"afluencia_idx":0.4707,"gmaps":"https://www.google.com/maps/search/?api=1&query=25.668608,-100.315567","streetview":"https://www.google.com/maps/@?api=1&map_action=pano&viewpoint=25.668608,-100.315567","flags":["sin_conteos_reales","indice_via=proxy_clase_OSM","peso_personas=juicio_no_calibrado","municipio_sin_TomTom(usa_total_ZMM)","metro_afluencia_idx=0.47(Padre Mier)"]}},{"type":"Feature","geometry":{"type":"Point","coordinates":[-100.419412,25.674839]},"properties":{"rank":78,"id":"n3587757968","name":"(sin nombre)","tipo":"bus","ruta":"","muni":"San Pedro Garza García","radio_m":80,"via":"Boulevard Licenciado Gustavo Díaz Ordaz","via_ref":"MEX 40","via_clase":"primaria","via_idx":4,"via_dist_m":27,"direccion":"autos circulan hacia O (252°) y E (72°); cartel debe mirar E (72°) y O (252°) para ver autos que llegan","modo":"un sentido x calzada","sentidos_deg":[252,72],"cartel_mira_deg":[72,252],"otras_vias":[{"n":"Boulevard Licenciado Gustavo Díaz Ordaz","clase":"primaria","d_m":37},{"n":"Calle 20 de Noviembre","clase":"terciaria","d_m":50},{"n":"Calle 20 de Noviembre","clase":"terciaria","d_m":58}],"score":59.4,"personas":0.723,"personas_densidad_pct":0.753,"pie_modelo":67.7,"otras_paradas_150m":1,"anclas_150m":{"banco":1},"autos":0.953,"mult_muni":1.191,"mult_fuente":"total ZMM TomTom (muni sin dato)","paradas_fusionadas_200m":1,"afluencia_idx":null,"gmaps":"https://www.google.com/maps/search/?api=1&query=25.674839,-100.419412","streetview":"https://www.google.com/maps/@?api=1&map_action=pano&viewpoint=25.674839,-100.419412","flags":["sin_conteos_reales","indice_via=proxy_clase_OSM","peso_personas=juicio_no_calibrado","OSM_parcial","municipio_sin_TomTom(usa_total_ZMM)"]}},{"type":"Feature","geometry":{"type":"Point","coordinates":[-100.190181,25.729071]},"properties":{"rank":79,"id":"n11460248271","name":"211 (Pabellón)-219 (Churubusco y Provivienda)-225 (Huinalá)","tipo":"bus","ruta":"","muni":"Guadalupe","radio_m":80,"via":"Avenida Guadalajara","via_ref":"","via_clase":"secundaria","via_idx":3,"via_dist_m":5,"direccion":"doble sentido (N-S, 8°/188°); cartel puede mirar N o S","modo":"doble sentido","sentidos_deg":[8,188],"cartel_mira_deg":[188,8],"otras_vias":[],"score":59.3,"personas":0.858,"personas_densidad_pct":0.97,"pie_modelo":69.0,"otras_paradas_150m":3,"anclas_150m":{"escuela":1,"express":1},"autos":0.801,"mult_muni":1.335,"mult_fuente":"TomTom indicativo","paradas_fusionadas_200m":1,"afluencia_idx":null,"gmaps":"https://www.google.com/maps/search/?api=1&query=25.729071,-100.190181","streetview":"https://www.google.com/maps/@?api=1&map_action=pano&viewpoint=25.729071,-100.190181","flags":["sin_conteos_reales","indice_via=proxy_clase_OSM","peso_personas=juicio_no_calibrado","OSM_parcial"]}},{"type":"Feature","geometry":{"type":"Point","coordinates":[-100.25816,25.83054]},"properties":{"rank":80,"id":"places-80","name":"136621","tipo":"bus","ruta":"","muni":"Apodaca","radio_m":80,"via":"Carretera Nuevo Laredo-Monterrey","via_ref":"MEX 85","via_clase":"troncal/autopista","via_idx":5,"via_dist_m":2,"direccion":"autos circulan hacia SO (213°); cartel debe mirar NE (33°) para ver autos que llegan","modo":"un sentido","sentidos_deg":[213],"cartel_mira_deg":[33],"otras_vias":[{"n":"Carretera Monterrey-Nuevo Laredo","clase":"troncal/autopista","d_m":15},{"n":"","clase":"enlace/ramal","d_m":54},{"n":"","clase":"enlace/ramal","d_m":72}],"score":59.2,"personas":0.557,"personas_densidad_pct":0.557,"pie_modelo":null,"otras_paradas_150m":1,"anclas_150m":{},"autos":1.232,"mult_muni":1.232,"mult_fuente":"TomTom indicativo","paradas_fusionadas_200m":0,"afluencia_idx":null,"gmaps":"https://www.google.com/maps/search/?api=1&query=25.830540,-100.258160","streetview":"https://www.google.com/maps/@?api=1&map_action=pano&viewpoint=25.830540,-100.258160","flags":["sin_conteos_reales","indice_via=proxy_clase_OSM","peso_personas=juicio_no_calibrado","fuente_Places_parcial","sin_segmento_EG-personas<80m"]}},{"type":"Feature","geometry":{"type":"Point","coordinates":[-100.278031,25.682893]},"properties":{"rank":81,"id":"n1829074623","name":"Y Griega","tipo":"bus","ruta":"","muni":"Monterrey","radio_m":80,"via":"Calzada Prolongación Francisco I. Madero","via_ref":"MEX 54;30","via_clase":"primaria","via_idx":4,"via_dist_m":13,"direccion":"autos circulan hacia E (80°); cartel debe mirar O (260°) para ver autos que llegan","modo":"un sentido","sentidos_deg":[80],"cartel_mira_deg":[260],"otras_vias":[{"n":"Calzada Prolongación Francisco I. Madero","clase":"primaria","d_m":29},{"n":"Avenida Cristóbal Colón Oriente","clase":"primaria","d_m":32},{"n":"Avenida Cristóbal Colón Oriente","clase":"primaria","d_m":47}],"score":59.0,"personas":0.717,"personas_densidad_pct":0.797,"pie_modelo":59.7,"otras_paradas_150m":3,"anclas_150m":{},"autos":0.953,"mult_muni":1.191,"mult_fuente":"total ZMM TomTom (muni sin dato)","paradas_fusionadas_200m":1,"afluencia_idx":null,"gmaps":"https://www.google.com/maps/search/?api=1&query=25.682893,-100.278031","streetview":"https://www.google.com/maps/@?api=1&map_action=pano&viewpoint=25.682893,-100.278031","flags":["sin_conteos_reales","indice_via=proxy_clase_OSM","peso_personas=juicio_no_calibrado","OSM_parcial","municipio_sin_TomTom(usa_total_ZMM)"]}},{"type":"Feature","geometry":{"type":"Point","coordinates":[-100.328495,25.712327]},"properties":{"rank":82,"id":"n10158834886","name":"(sin nombre)","tipo":"bus","ruta":"","muni":"Monterrey","radio_m":80,"via":"Avenida General Bernardo Reyes","via_ref":"13","via_clase":"primaria","via_idx":4,"via_dist_m":11,"direccion":"autos circulan hacia S (169°) y N (348°); cartel debe mirar N (349°) y S (168°) para ver autos que llegan","modo":"un sentido x calzada","sentidos_deg":[169,348],"cartel_mira_deg":[349,168],"otras_vias":[{"n":"Avenida General Bernardo Reyes","clase":"primaria","d_m":30},{"n":"Avenida General Bernardo Reyes","clase":"primaria","d_m":42},{"n":"Avenida General Bernardo Reyes","clase":"primaria","d_m":49}],"score":59.0,"personas":0.717,"personas_densidad_pct":0.648,"pie_modelo":82.0,"otras_paradas_150m":1,"anclas_150m":{"iglesia":1},"autos":0.953,"mult_muni":1.191,"mult_fuente":"total ZMM TomTom (muni sin dato)","paradas_fusionadas_200m":1,"afluencia_idx":null,"gmaps":"https://www.google.com/maps/search/?api=1&query=25.712327,-100.328495","streetview":"https://www.google.com/maps/@?api=1&map_action=pano&viewpoint=25.712327,-100.328495","flags":["sin_conteos_reales","indice_via=proxy_clase_OSM","peso_personas=juicio_no_calibrado","OSM_parcial","municipio_sin_TomTom(usa_total_ZMM)"]}},{"type":"Feature","geometry":{"type":"Point","coordinates":[-100.21505,25.72236]},"properties":{"rank":83,"id":"places-83","name":"92534","tipo":"bus","ruta":"","muni":"San Nicolás de los Garza","radio_m":80,"via":"Avenida Miguel Alemán","via_ref":"MEX 54;30","via_clase":"troncal/autopista","via_idx":5,"via_dist_m":8,"direccion":"autos circulan hacia NE (26°) y SO (206°); cartel debe mirar SO (206°) y NE (26°) para ver autos que llegan","modo":"un sentido x calzada","sentidos_deg":[26,206],"cartel_mira_deg":[206,26],"otras_vias":[{"n":"Avenida Miguel Alemán","clase":"troncal/autopista","d_m":19},{"n":"","clase":"terciaria","d_m":2},{"n":"Lateral Miguel Alemán","clase":"terciaria","d_m":29}],"score":58.8,"personas":0.572,"personas_densidad_pct":0.748,"pie_modelo":30.9,"otras_paradas_150m":2,"anclas_150m":{},"autos":1.191,"mult_muni":1.191,"mult_fuente":"total ZMM TomTom (muni sin dato)","paradas_fusionadas_200m":0,"afluencia_idx":null,"gmaps":"https://www.google.com/maps/search/?api=1&query=25.722360,-100.215050","streetview":"https://www.google.com/maps/@?api=1&map_action=pano&viewpoint=25.722360,-100.215050","flags":["sin_conteos_reales","indice_via=proxy_clase_OSM","peso_personas=juicio_no_calibrado","fuente_Places_parcial","municipio_sin_TomTom(usa_total_ZMM)"]}},{"type":"Feature","geometry":{"type":"Point","coordinates":[-100.130969,25.701651]},"properties":{"rank":84,"id":"n6267211029","name":"(sin nombre)","tipo":"bus","ruta":"","muni":"Apodaca","radio_m":80,"via":"Libramiento Norte de Monterrey","via_ref":"NL 28;910","via_clase":"primaria","via_idx":4,"via_dist_m":54,"direccion":"doble sentido (NO-SE, 325°/145°); cartel puede mirar NO o SE","modo":"doble sentido","sentidos_deg":[325,145],"cartel_mira_deg":[145,325],"otras_vias":[{"n":"Libramiento Norte de Monterrey","clase":"primaria","d_m":57},{"n":"Carretera a Dulces Nombres","clase":"secundaria","d_m":7},{"n":"Carretera a Dulces Nombres","clase":"secundaria","d_m":15}],"score":58.8,"personas":0.691,"personas_densidad_pct":0.987,"pie_modelo":24.6,"otras_paradas_150m":7,"anclas_150m":{},"autos":0.986,"mult_muni":1.232,"mult_fuente":"TomTom indicativo","paradas_fusionadas_200m":3,"afluencia_idx":null,"gmaps":"https://www.google.com/maps/search/?api=1&query=25.701651,-100.130969","streetview":"https://www.google.com/maps/@?api=1&map_action=pano&viewpoint=25.701651,-100.130969","flags":["sin_conteos_reales","indice_via=proxy_clase_OSM","peso_personas=juicio_no_calibrado","OSM_parcial"]}},{"type":"Feature","geometry":{"type":"Point","coordinates":[-100.29804,25.752672]},"properties":{"rank":85,"id":"n1041637014","name":"San Nicolás","tipo":"metro","ruta":"Línea 2","muni":"San Nicolás de los Garza","radio_m":150,"via":"Avenida Universidad","via_ref":"MEX 85;17","via_clase":"troncal/autopista","via_idx":5,"via_dist_m":6,"direccion":"autos circulan hacia N (18°) y S (197°); cartel debe mirar S (198°) y N (17°) para ver autos que llegan","modo":"un sentido x calzada","sentidos_deg":[18,197],"cartel_mira_deg":[198,17],"otras_vias":[{"n":"Avenida Universidad","clase":"troncal/autopista","d_m":10},{"n":"Avenida Universidad","clase":"troncal/autopista","d_m":14},{"n":"Avenida Universidad","clase":"troncal/autopista","d_m":57}],"score":58.8,"personas":0.572,"personas_densidad_pct":0.754,"pie_modelo":29.8,"otras_paradas_150m":0,"anclas_150m":{"hospital":2},"autos":1.191,"mult_muni":1.191,"mult_fuente":"total ZMM TomTom (muni sin dato)","paradas_fusionadas_200m":0,"afluencia_idx":0.2239,"gmaps":"https://www.google.com/maps/search/?api=1&query=25.752672,-100.298040","streetview":"https://www.google.com/maps/@?api=1&map_action=pano&viewpoint=25.752672,-100.298040","flags":["sin_conteos_reales","indice_via=proxy_clase_OSM","peso_personas=juicio_no_calibrado","municipio_sin_TomTom(usa_total_ZMM)","metro_afluencia_idx=0.22(San Nicolas)"]}},{"type":"Feature","geometry":{"type":"Point","coordinates":[-100.13401,25.70609]},"properties":{"rank":86,"id":"places-86","name":"131112","tipo":"bus","ruta":"","muni":"Apodaca","radio_m":80,"via":"Libramiento Norte de Monterrey","via_ref":"NL 28;910","via_clase":"primaria","via_idx":4,"via_dist_m":2,"direccion":"doble sentido (S-N, 166°/346°); cartel puede mirar S o N","modo":"doble sentido","sentidos_deg":[166,346],"cartel_mira_deg":[346,166],"otras_vias":[],"score":58.6,"personas":0.688,"personas_densidad_pct":0.742,"pie_modelo":60.8,"otras_paradas_150m":2,"anclas_150m":{},"autos":0.986,"mult_muni":1.232,"mult_fuente":"TomTom indicativo","paradas_fusionadas_200m":0,"afluencia_idx":null,"gmaps":"https://www.google.com/maps/search/?api=1&query=25.706090,-100.134010","streetview":"https://www.google.com/maps/@?api=1&map_action=pano&viewpoint=25.706090,-100.134010","flags":["sin_conteos_reales","indice_via=proxy_clase_OSM","peso_personas=juicio_no_calibrado","fuente_Places_parcial"]}},{"type":"Feature","geometry":{"type":"Point","coordinates":[-100.416402,25.665952]},"properties":{"rank":87,"id":"n8627155763","name":"(sin nombre)","tipo":"bus","ruta":"","muni":"San Pedro Garza García","radio_m":80,"via":"Autopista de Peaje Monterrey-Saltillo","via_ref":"MEX 40D","via_clase":"troncal/autopista","via_idx":5,"via_dist_m":22,"direccion":"autos circulan hacia E (91°) y O (271°); cartel debe mirar O (271°) y E (91°) para ver autos que llegan","modo":"un sentido x calzada","sentidos_deg":[91,271],"cartel_mira_deg":[271,91],"otras_vias":[{"n":"Autopista de Peaje Monterrey-Saltillo","clase":"troncal/autopista","d_m":33},{"n":"Avenida Doctor Ignacio Morones Prieto","clase":"primaria","d_m":8},{"n":"Avenida Doctor Ignacio Morones Prieto","clase":"primaria","d_m":20}],"score":58.5,"personas":0.568,"personas_densidad_pct":0.564,"pie_modelo":57.5,"otras_paradas_150m":1,"anclas_150m":{},"autos":1.191,"mult_muni":1.191,"mult_fuente":"total ZMM TomTom (muni sin dato)","paradas_fusionadas_200m":0,"afluencia_idx":null,"gmaps":"https://www.google.com/maps/search/?api=1&query=25.665952,-100.416402","streetview":"https://www.google.com/maps/@?api=1&map_action=pano&viewpoint=25.665952,-100.416402","flags":["sin_conteos_reales","indice_via=proxy_clase_OSM","peso_personas=juicio_no_calibrado","OSM_parcial","municipio_sin_TomTom(usa_total_ZMM)"]}},{"type":"Feature","geometry":{"type":"Point","coordinates":[-100.118825,25.685996]},"properties":{"rank":88,"id":"n13798081429","name":"(sin nombre)","tipo":"bus","ruta":"","muni":"Juárez","radio_m":80,"via":"Libramiento Norte de Monterrey","via_ref":"NL 28;910","via_clase":"primaria","via_idx":4,"via_dist_m":14,"direccion":"autos circulan hacia NO (324°) y SE (144°); cartel debe mirar SE (144°) y NO (324°) para ver autos que llegan","modo":"un sentido x calzada","sentidos_deg":[324,144],"cartel_mira_deg":[144,324],"otras_vias":[{"n":"Libramiento Norte de Monterrey","clase":"primaria","d_m":23},{"n":"Libramiento Norte de Monterrey","clase":"primaria","d_m":42},{"n":"Avenida Anzures","clase":"terciaria","d_m":69}],"score":58.4,"personas":0.74,"personas_densidad_pct":0.772,"pie_modelo":69.3,"otras_paradas_150m":3,"anclas_150m":{},"autos":0.914,"mult_muni":1.143,"mult_fuente":"TomTom indicativo","paradas_fusionadas_200m":2,"afluencia_idx":null,"gmaps":"https://www.google.com/maps/search/?api=1&query=25.685996,-100.118825","streetview":"https://www.google.com/maps/@?api=1&map_action=pano&viewpoint=25.685996,-100.118825","flags":["sin_conteos_reales","indice_via=proxy_clase_OSM","peso_personas=juicio_no_calibrado","OSM_parcial"]}},{"type":"Feature","geometry":{"type":"Point","coordinates":[-100.16269,25.70571]},"properties":{"rank":89,"id":"places-89","name":"103570","tipo":"bus","ruta":"","muni":"Guadalupe","radio_m":80,"via":"Avenida Adolfo Ruíz Cortines","via_ref":"NL 52;34","via_clase":"primaria","via_idx":4,"via_dist_m":2,"direccion":"autos circulan hacia O (265°); cartel debe mirar E (85°) para ver autos que llegan","modo":"un sentido","sentidos_deg":[265],"cartel_mira_deg":[85],"otras_vias":[{"n":"","clase":"primaria","d_m":5},{"n":"Avenida Adolfo Ruíz Cortines","clase":"primaria","d_m":8},{"n":"","clase":"primaria","d_m":13}],"score":58.2,"personas":0.632,"personas_densidad_pct":0.737,"pie_modelo":47.4,"otras_paradas_150m":2,"anclas_150m":{},"autos":1.068,"mult_muni":1.335,"mult_fuente":"TomTom indicativo","paradas_fusionadas_200m":1,"afluencia_idx":null,"gmaps":"https://www.google.com/maps/search/?api=1&query=25.705710,-100.162690","streetview":"https://www.google.com/maps/@?api=1&map_action=pano&viewpoint=25.705710,-100.162690","flags":["sin_conteos_reales","indice_via=proxy_clase_OSM","peso_personas=juicio_no_calibrado","fuente_Places_parcial"]}},{"type":"Feature","geometry":{"type":"Point","coordinates":[-100.275609,25.681965]},"properties":{"rank":90,"id":"w437686614","name":"viva aerobus","tipo":"terminal","ruta":"","muni":"Monterrey","radio_m":150,"via":"Avenida Cristóbal Colón Oriente","via_ref":"MEX 40;16","via_clase":"primaria","via_idx":4,"via_dist_m":17,"direccion":"autos circulan hacia O (290°) y E (109°); cartel debe mirar E (110°) y O (289°) para ver autos que llegan","modo":"un sentido x calzada","sentidos_deg":[290,109],"cartel_mira_deg":[110,289],"otras_vias":[{"n":"Avenida Cristóbal Colón Oriente","clase":"primaria","d_m":32},{"n":"Hermanos Flores Magón","clase":"terciaria","d_m":105}],"score":58.2,"personas":0.707,"personas_densidad_pct":0.768,"pie_modelo":61.6,"otras_paradas_150m":1,"anclas_150m":{},"autos":0.953,"mult_muni":1.191,"mult_fuente":"total ZMM TomTom (muni sin dato)","paradas_fusionadas_200m":0,"afluencia_idx":null,"gmaps":"https://www.google.com/maps/search/?api=1&query=25.681965,-100.275609","streetview":"https://www.google.com/maps/@?api=1&map_action=pano&viewpoint=25.681965,-100.275609","flags":["sin_conteos_reales","indice_via=proxy_clase_OSM","peso_personas=juicio_no_calibrado","municipio_sin_TomTom(usa_total_ZMM)"]}},{"type":"Feature","geometry":{"type":"Point","coordinates":[-100.58245,25.79099]},"properties":{"rank":91,"id":"places-91","name":"GAR-0091 Av. Heberto Castillo Martínez SUR - NTE","tipo":"bus","ruta":"","muni":"García","radio_m":80,"via":"Heberto Castillo Martínez","via_ref":"NL 65","via_clase":"primaria","via_idx":4,"via_dist_m":6,"direccion":"autos circulan hacia N (338°) y S (158°); cartel debe mirar S (158°) y N (338°) para ver autos que llegan","modo":"un sentido x calzada","sentidos_deg":[338,158],"cartel_mira_deg":[158,338],"otras_vias":[{"n":"Heberto Castillo Martínez","clase":"primaria","d_m":16},{"n":"","clase":"terciaria","d_m":16},{"n":"","clase":"terciaria","d_m":25}],"score":57.9,"personas":0.687,"personas_densidad_pct":0.66,"pie_modelo":72.7,"otras_paradas_150m":2,"anclas_150m":{},"autos":0.977,"mult_muni":1.221,"mult_fuente":"TomTom indicativo","paradas_fusionadas_200m":0,"afluencia_idx":null,"gmaps":"https://www.google.com/maps/search/?api=1&query=25.790990,-100.582450","streetview":"https://www.google.com/maps/@?api=1&map_action=pano&viewpoint=25.790990,-100.582450","flags":["sin_conteos_reales","indice_via=proxy_clase_OSM","peso_personas=juicio_no_calibrado","fuente_Places_parcial"]}},{"type":"Feature","geometry":{"type":"Point","coordinates":[-100.621051,25.811014]},"properties":{"rank":92,"id":"w709723033","name":"Ruta 601","tipo":"terminal","ruta":"","muni":"García","radio_m":150,"via":"Juárez","via_ref":"","via_clase":"secundaria","via_idx":3,"via_dist_m":48,"direccion":"doble sentido (O-E, 284°/104°); cartel puede mirar O o E","modo":"doble sentido","sentidos_deg":[284,104],"cartel_mira_deg":[104,284],"otras_vias":[],"score":57.7,"personas":0.913,"personas_densidad_pct":0.885,"pie_modelo":95.5,"otras_paradas_150m":2,"anclas_150m":{},"autos":0.733,"mult_muni":1.221,"mult_fuente":"TomTom indicativo","paradas_fusionadas_200m":0,"afluencia_idx":null,"gmaps":"https://www.google.com/maps/search/?api=1&query=25.811014,-100.621051","streetview":"https://www.google.com/maps/@?api=1&map_action=pano&viewpoint=25.811014,-100.621051","flags":["sin_conteos_reales","indice_via=proxy_clase_OSM","peso_personas=juicio_no_calibrado"]}},{"type":"Feature","geometry":{"type":"Point","coordinates":[-100.236773,25.719174]},"properties":{"rank":93,"id":"n12352475901","name":"Transmetro Rómulo Garza - Hospital Metropolitano","tipo":"bus","ruta":"","muni":"San Nicolás de los Garza","radio_m":80,"via":"Avenida Rómulo Garza","via_ref":"","via_clase":"primaria","via_idx":4,"via_dist_m":16,"direccion":"autos circulan hacia E (89°) y O (269°); cartel debe mirar O (269°) y E (89°) para ver autos que llegan","modo":"un sentido x calzada","sentidos_deg":[89,269],"cartel_mira_deg":[269,89],"otras_vias":[{"n":"Avenida Rómulo Garza","clase":"primaria","d_m":30},{"n":"Avenida Rómulo Garza","clase":"primaria","d_m":38},{"n":"Avenida Rómulo Garza","clase":"primaria","d_m":79}],"score":57.5,"personas":0.699,"personas_densidad_pct":0.969,"pie_modelo":29.4,"otras_paradas_150m":3,"anclas_150m":{"iglesia":1,"escuela":1},"autos":0.953,"mult_muni":1.191,"mult_fuente":"total ZMM TomTom (muni sin dato)","paradas_fusionadas_200m":2,"afluencia_idx":null,"gmaps":"https://www.google.com/maps/search/?api=1&query=25.719174,-100.236773","streetview":"https://www.google.com/maps/@?api=1&map_action=pano&viewpoint=25.719174,-100.236773","flags":["sin_conteos_reales","indice_via=proxy_clase_OSM","peso_personas=juicio_no_calibrado","OSM_parcial","municipio_sin_TomTom(usa_total_ZMM)"]}},{"type":"Feature","geometry":{"type":"Point","coordinates":[-100.17433,25.76647]},"properties":{"rank":94,"id":"places-94","name":"106111","tipo":"bus","ruta":"","muni":"Apodaca","radio_m":80,"via":"Carretera Apodaca-Huinalá","via_ref":"910","via_clase":"primaria","via_idx":4,"via_dist_m":6,"direccion":"doble sentido (S-N, 197°/17°); cartel puede mirar S o N","modo":"doble sentido","sentidos_deg":[197,17],"cartel_mira_deg":[17,197],"otras_vias":[],"score":57.4,"personas":0.674,"personas_densidad_pct":0.542,"pie_modelo":87.2,"otras_paradas_150m":1,"anclas_150m":{},"autos":0.986,"mult_muni":1.232,"mult_fuente":"TomTom indicativo","paradas_fusionadas_200m":0,"afluencia_idx":null,"gmaps":"https://www.google.com/maps/search/?api=1&query=25.766470,-100.174330","streetview":"https://www.google.com/maps/@?api=1&map_action=pano&viewpoint=25.766470,-100.174330","flags":["sin_conteos_reales","indice_via=proxy_clase_OSM","peso_personas=juicio_no_calibrado","fuente_Places_parcial"]}},{"type":"Feature","geometry":{"type":"Point","coordinates":[-100.224801,25.70407]},"properties":{"rank":95,"id":"n13909408194","name":"La Victoria","tipo":"metro","ruta":"Línea 6","muni":"Guadalupe","radio_m":150,"via":"Avenida Miguel Alemán","via_ref":"MEX 54;30","via_clase":"troncal/autopista","via_idx":5,"via_dist_m":11,"direccion":"autos circulan hacia NE (26°) y SO (206°); cartel debe mirar SO (206°) y NE (26°) para ver autos que llegan","modo":"un sentido x calzada","sentidos_deg":[26,206],"cartel_mira_deg":[206,26],"otras_vias":[{"n":"Avenida Miguel Alemán","clase":"troncal/autopista","d_m":23},{"n":"Avenida Miguel Alemán","clase":"troncal/autopista","d_m":85},{"n":"Avenida Miguel Alemán","clase":"troncal/autopista","d_m":132}],"score":57.3,"personas":0.497,"personas_densidad_pct":0.699,"pie_modelo":19.5,"otras_paradas_150m":0,"anclas_150m":{},"autos":1.335,"mult_muni":1.335,"mult_fuente":"TomTom indicativo","paradas_fusionadas_200m":0,"afluencia_idx":null,"gmaps":"https://www.google.com/maps/search/?api=1&query=25.704070,-100.224801","streetview":"https://www.google.com/maps/@?api=1&map_action=pano&viewpoint=25.704070,-100.224801","flags":["sin_conteos_reales","indice_via=proxy_clase_OSM","peso_personas=juicio_no_calibrado","metro_sin_afluencia(peso_juicio=3)"]}},{"type":"Feature","geometry":{"type":"Point","coordinates":[-100.039957,25.78956]},"properties":{"rank":96,"id":"w651504606","name":"Ruta 111 Pesquería Directo","tipo":"terminal","ruta":"Rutas del Oriente de Monterrey","muni":"fuera núcleo ZMM","radio_m":150,"via":"Libramiento Pesquería","via_ref":"","via_clase":"secundaria","via_idx":3,"via_dist_m":78,"direccion":"doble sentido (N-S, 358°/178°); cartel puede mirar N o S","modo":"doble sentido","sentidos_deg":[358,178],"cartel_mira_deg":[178,358],"otras_vias":[],"score":57.2,"personas":0.927,"personas_densidad_pct":0.927,"pie_modelo":null,"otras_paradas_150m":2,"anclas_150m":{},"autos":0.715,"mult_muni":1.191,"mult_fuente":"total ZMM TomTom (muni sin dato)","paradas_fusionadas_200m":0,"afluencia_idx":null,"gmaps":"https://www.google.com/maps/search/?api=1&query=25.789560,-100.039957","streetview":"https://www.google.com/maps/@?api=1&map_action=pano&viewpoint=25.789560,-100.039957","flags":["sin_conteos_reales","indice_via=proxy_clase_OSM","peso_personas=juicio_no_calibrado","municipio_sin_TomTom(usa_total_ZMM)","sin_segmento_EG-personas<80m"]}},{"type":"Feature","geometry":{"type":"Point","coordinates":[-100.62447,25.81135]},"properties":{"rank":97,"id":"places-97","name":"42102","tipo":"bus","ruta":"","muni":"García","radio_m":80,"via":"Juárez","via_ref":"","via_clase":"secundaria","via_idx":3,"via_dist_m":2,"direccion":"doble sentido (O-E, 262°/82°); cartel puede mirar O o E","modo":"doble sentido","sentidos_deg":[262,82],"cartel_mira_deg":[82,262],"otras_vias":[{"n":"Juárez","clase":"secundaria","d_m":3},{"n":"Camino A Icamole","clase":"terciaria","d_m":2},{"n":"Camino A Icamole","clase":"terciaria","d_m":18}],"score":57.1,"personas":0.903,"personas_densidad_pct":0.896,"pie_modelo":91.3,"otras_paradas_150m":3,"anclas_150m":{"oxxo":1},"autos":0.733,"mult_muni":1.221,"mult_fuente":"TomTom indicativo","paradas_fusionadas_200m":0,"afluencia_idx":null,"gmaps":"https://www.google.com/maps/search/?api=1&query=25.811350,-100.624470","streetview":"https://www.google.com/maps/@?api=1&map_action=pano&viewpoint=25.811350,-100.624470","flags":["sin_conteos_reales","indice_via=proxy_clase_OSM","peso_personas=juicio_no_calibrado","fuente_Places_parcial"]}},{"type":"Feature","geometry":{"type":"Point","coordinates":[-100.268088,25.604603]},"properties":{"rank":98,"id":"places-98","name":"A42 - Eugenio Garza Sada - Salto del Agua","tipo":"bus","ruta":"","muni":"Monterrey","radio_m":80,"via":"Avenida Eugenio Garza Sada","via_ref":"MEX 85","via_clase":"troncal/autopista","via_idx":5,"via_dist_m":26,"direccion":"autos circulan hacia SE (152°) y NO (333°); cartel debe mirar NO (332°) y SE (153°) para ver autos que llegan","modo":"un sentido x calzada","sentidos_deg":[152,333],"cartel_mira_deg":[332,153],"otras_vias":[{"n":"Avenida Eugenio Garza Sada","clase":"troncal/autopista","d_m":40},{"n":"Avenida Eugenio Garza Sada","clase":"terciaria","d_m":9},{"n":"Salto del Agua","clase":"terciaria","d_m":11}],"score":56.8,"personas":0.552,"personas_densidad_pct":0.843,"pie_modelo":11.5,"otras_paradas_150m":2,"anclas_150m":{"iglesia":1},"autos":1.191,"mult_muni":1.191,"mult_fuente":"total ZMM TomTom (muni sin dato)","paradas_fusionadas_200m":0,"afluencia_idx":null,"gmaps":"https://www.google.com/maps/search/?api=1&query=25.604603,-100.268088","streetview":"https://www.google.com/maps/@?api=1&map_action=pano&viewpoint=25.604603,-100.268088","flags":["sin_conteos_reales","indice_via=proxy_clase_OSM","peso_personas=juicio_no_calibrado","fuente_Places_parcial","municipio_sin_TomTom(usa_total_ZMM)"]}},{"type":"Feature","geometry":{"type":"Point","coordinates":[-100.295648,25.759365]},"properties":{"rank":99,"id":"n1041637107","name":"Santiago Tapia","tipo":"metro","ruta":"Línea 2","muni":"San Nicolás de los Garza","radio_m":150,"via":"Avenida Universidad","via_ref":"MEX 85;17","via_clase":"troncal/autopista","via_idx":5,"via_dist_m":10,"direccion":"autos circulan hacia S (197°) y N (19°); cartel debe mirar N (17°) y S (199°) para ver autos que llegan","modo":"un sentido x calzada","sentidos_deg":[197,19],"cartel_mira_deg":[17,199],"otras_vias":[{"n":"Avenida Universidad","clase":"troncal/autopista","d_m":11},{"n":"Avenida Universidad","clase":"troncal/autopista","d_m":11},{"n":"Avenida Universidad","clase":"troncal/autopista","d_m":87}],"score":56.6,"personas":0.551,"personas_densidad_pct":0.575,"pie_modelo":51.4,"otras_paradas_150m":0,"anclas_150m":{"hospital":1},"autos":1.191,"mult_muni":1.191,"mult_fuente":"total ZMM TomTom (muni sin dato)","paradas_fusionadas_200m":0,"afluencia_idx":0.2252,"gmaps":"https://www.google.com/maps/search/?api=1&query=25.759365,-100.295648","streetview":"https://www.google.com/maps/@?api=1&map_action=pano&viewpoint=25.759365,-100.295648","flags":["sin_conteos_reales","indice_via=proxy_clase_OSM","peso_personas=juicio_no_calibrado","municipio_sin_TomTom(usa_total_ZMM)","metro_afluencia_idx=0.23(Santiago Tapia)"]}},{"type":"Feature","geometry":{"type":"Point","coordinates":[-100.221753,25.7101]},"properties":{"rank":100,"id":"n13909715782","name":"La Talaverna","tipo":"metro","ruta":"Línea 6","muni":"Guadalupe","radio_m":150,"via":"Avenida Miguel Alemán","via_ref":"MEX 54;30","via_clase":"troncal/autopista","via_idx":5,"via_dist_m":6,"direccion":"autos circulan hacia NE (26°) y SO (206°); cartel debe mirar SO (206°) y NE (26°) para ver autos que llegan","modo":"un sentido x calzada","sentidos_deg":[26,206],"cartel_mira_deg":[206,26],"otras_vias":[{"n":"Avenida Miguel Alemán","clase":"troncal/autopista","d_m":6},{"n":"","clase":"enlace/ramal","d_m":87}],"score":56.2,"personas":0.488,"personas_densidad_pct":0.698,"pie_modelo":17.2,"otras_paradas_150m":0,"anclas_150m":{},"autos":1.335,"mult_muni":1.335,"mult_fuente":"TomTom indicativo","paradas_fusionadas_200m":0,"afluencia_idx":null,"gmaps":"https://www.google.com/maps/search/?api=1&query=25.710100,-100.221753","streetview":"https://www.google.com/maps/@?api=1&map_action=pano&viewpoint=25.710100,-100.221753","flags":["sin_conteos_reales","indice_via=proxy_clase_OSM","peso_personas=juicio_no_calibrado","metro_sin_afluencia(peso_juicio=3)"]}}]}