lat,lon,n_comp_300m,n_v3,n_osm_nuevo,cve_col_centro
25.569318,-100.015376,1,1,0,
25.569318,-100.014379,1,1,0,
25.569318,-100.013382,1,1,0,
25.569318,-100.012386,1,1,0,
25.570223,-100.016373,1,1,0,
25.570223,-100.015376,1,1,0,
25.570223,-100.014379,1,1,0,
25.570223,-100.013382,1,1,0,
25.570223,-100.012386,1,1,0,
25.571127,-100.020361,1,1,0,
25.571127,-100.019364,1,1,0,
25.571127,-100.018367,1,1,0,
25.571127,-100.01737,1,1,0,
25.571127,-100.016373,1,1,0,
25.571127,-100.015376,1,1,0,
25.571127,-100.014379,1,1,0,
25.571127,-100.013382,1,1,0,
25.571127,-100.012386,1,1,0,
25.571127,-100.011389,1,1,0,
25.572031,-100.021358,1,1,0,
25.572031,-100.020361,1,1,0,
25.572031,-100.019364,1,1,0,
25.572031,-100.018367,1,1,0,
25.572031,-100.01737,1,1,0,
25.572031,-100.016373,2,2,0,
25.572031,-100.015376,1,1,0,
25.572031,-100.014379,1,1,0,
25.572031,-100.013382,1,1,0,
25.572031,-100.012386,1,1,0,
25.572031,-100.011389,1,1,0,
25.572936,-100.021358,1,1,0,
25.572936,-100.020361,1,1,0,
25.572936,-100.019364,1,1,0,
25.572936,-100.018367,1,1,0,
25.572936,-100.01737,1,1,0,
25.572936,-100.016373,2,2,0,
25.572936,-100.015376,1,1,0,
25.572936,-100.014379,1,1,0,
25.572936,-100.013382,1,1,0,
25.572936,-100.012386,1,1,0,
25.57384,-100.021358,1,1,0,
25.57384,-100.020361,1,1,0,
25.57384,-100.019364,1,1,0,
25.57384,-100.018367,1,1,0,
25.57384,-100.01737,1,1,0,
25.57384,-100.016373,1,1,0,
25.57384,-100.015376,1,1,0,
25.57384,-100.014379,1,1,0,
25.57384,-100.013382,1,1,0,
25.574745,-100.020361,1,1,0,
25.574745,-100.019364,1,1,0,
25.574745,-100.018367,1,1,0,
25.574745,-100.01737,1,1,0,
25.575649,-100.018367,1,1,0,
25.576553,-100.243673,0,0,0,
25.576553,-100.242676,0,0,0,
25.576553,-100.24168,0,0,0,
25.576553,-100.240683,0,0,0,
25.576553,-100.239686,0,0,0,
25.576553,-100.238689,0,0,0,
25.576553,-100.235698,0,0,0,
25.576553,-100.234701,0,0,0,
25.577458,-100.24467,0,0,0,
25.577458,-100.243673,0,0,0,
25.577458,-100.242676,0,0,0,
25.577458,-100.24168,0,0,0,
25.577458,-100.240683,0,0,0,
25.577458,-100.239686,0,0,0,
25.577458,-100.238689,0,0,0,
25.577458,-100.237692,0,0,0,
25.577458,-100.236695,0,0,0,
25.577458,-100.235698,0,0,0,
25.577458,-100.234701,0,0,0,
25.577458,-100.233704,0,0,0,
25.577458,-100.232707,0,0,0,
25.578362,-100.24467,0,0,0,
25.578362,-100.243673,0,0,0,
25.578362,-100.242676,0,0,0,
25.578362,-100.24168,0,0,0,
25.578362,-100.240683,0,0,0,
25.578362,-100.239686,0,0,0,
25.578362,-100.238689,0,0,0,
25.578362,-100.237692,0,0,0,
25.578362,-100.236695,0,0,0,
25.578362,-100.235698,0,0,0,
25.578362,-100.234701,0,0,0,
25.578362,-100.233704,0,0,0,
25.578362,-100.232707,0,0,0,
25.578362,-100.23171,0,0,0,
25.579266,-100.245667,0,0,0,
25.579266,-100.24467,0,0,0,
25.579266,-100.243673,0,0,0,
25.579266,-100.242676,0,0,0,
25.579266,-100.24168,0,0,0,19039_0525
25.579266,-100.240683,0,0,0,19039_0525
25.579266,-100.239686,0,0,0,19039_0525
25.579266,-100.238689,0,0,0,
25.579266,-100.237692,0,0,0,
25.579266,-100.236695,0,0,0,
25.579266,-100.235698,0,0,0,
25.579266,-100.234701,0,0,0,
25.579266,-100.233704,1,1,0,
25.579266,-100.232707,1,1,0,
25.579266,-100.23171,1,1,0,
25.579266,-100.230713,1,1,0,
25.580171,-100.245667,0,0,0,
25.580171,-100.24467,0,0,0,
25.580171,-100.243673,0,0,0,
25.580171,-100.242676,0,0,0,19039_0525
25.580171,-100.24168,0,0,0,19039_0525
25.580171,-100.240683,0,0,0,19039_0525
25.580171,-100.239686,0,0,0,19039_0525
25.580171,-100.238689,0,0,0,19039_0525
25.580171,-100.237692,0,0,0,19039_0525
25.580171,-100.236695,0,0,0,19039_0525
25.580171,-100.235698,0,0,0,19039_0525
25.580171,-100.234701,1,1,0,19039_0525
25.580171,-100.233704,1,1,0,
25.580171,-100.232707,1,1,0,
25.580171,-100.23171,1,1,0,
25.580171,-100.230713,1,1,0,
25.580171,-100.229716,1,1,0,
25.581075,-100.245667,0,0,0,
25.581075,-100.24467,0,0,0,
25.581075,-100.243673,0,0,0,
25.581075,-100.242676,0,0,0,19039_0525
25.581075,-100.24168,0,0,0,19039_0525
25.581075,-100.240683,0,0,0,19039_0525
25.581075,-100.239686,0,0,0,19039_0525
25.581075,-100.238689,0,0,0,19039_0525
25.581075,-100.237692,0,0,0,19039_0525
25.581075,-100.236695,0,0,0,19039_0525
25.581075,-100.235698,0,0,0,19039_0525
25.581075,-100.234701,1,1,0,
25.581075,-100.233704,1,1,0,
25.581075,-100.232707,1,1,0,
25.581075,-100.23171,1,1,0,
25.581075,-100.230713,1,1,0,
25.581075,-100.229716,1,1,0,
25.581979,-100.245667,0,0,0,
25.581979,-100.24467,0,0,0,
25.581979,-100.243673,0,0,0,
25.581979,-100.242676,0,0,0,
25.581979,-100.24168,0,0,0,19039_0525
25.581979,-100.240683,0,0,0,19039_0525
25.581979,-100.239686,0,0,0,19039_0525
25.581979,-100.238689,0,0,0,19039_0525
25.581979,-100.237692,0,0,0,19039_0525
25.581979,-100.236695,0,0,0,19039_0525
25.581979,-100.235698,0,0,0,
25.581979,-100.234701,1,1,0,
25.581979,-100.233704,1,1,0,
25.581979,-100.232707,1,1,0,
25.581979,-100.23171,1,1,0,
25.581979,-100.230713,1,1,0,
25.581979,-100.229716,1,1,0,
25.582884,-100.245667,0,0,0,
25.582884,-100.24467,0,0,0,
25.582884,-100.243673,0,0,0,
25.582884,-100.242676,0,0,0,
25.582884,-100.24168,0,0,0,19039_0525
25.582884,-100.240683,0,0,0,19039_0525
25.582884,-100.239686,0,0,0,19039_0525
25.582884,-100.238689,0,0,0,19039_0525
25.582884,-100.237692,0,0,0,19039_0525
25.582884,-100.236695,0,0,0,19039_0521
25.582884,-100.235698,0,0,0,19039_0521
25.582884,-100.234701,0,0,0,19039_0521
25.582884,-100.233704,1,1,0,
25.582884,-100.232707,1,1,0,
25.582884,-100.23171,1,1,0,
25.582884,-100.230713,1,1,0,
25.582884,-100.229716,1,1,0,
25.582884,-100.006404,1,1,0,
25.582884,-100.005407,1,1,0,
25.582884,-100.00441,1,1,0,
25.582884,-100.003413,1,1,0,
25.583788,-100.247661,0,0,0,
25.583788,-100.246664,0,0,0,
25.583788,-100.245667,0,0,0,
25.583788,-100.24467,0,0,0,
25.583788,-100.243673,0,0,0,
25.583788,-100.242676,0,0,0,19039_0525
25.583788,-100.24168,0,0,0,19039_0525
25.583788,-100.240683,0,0,0,19039_0525
25.583788,-100.239686,0,0,0,19039_0525
25.583788,-100.238689,0,0,0,19039_0525
25.583788,-100.237692,0,0,0,19039_0525
25.583788,-100.236695,0,0,0,19039_0521
25.583788,-100.235698,0,0,0,19039_0521
25.583788,-100.234701,0,0,0,19039_0521
25.583788,-100.233704,0,0,0,19039_0521
25.583788,-100.232707,1,1,0,19039_0521
25.583788,-100.23171,1,1,0,
25.583788,-100.230713,0,0,0,
25.583788,-100.229716,0,0,0,
25.583788,-100.007401,1,1,0,
25.583788,-100.006404,1,1,0,
25.583788,-100.005407,1,1,0,
25.583788,-100.00441,1,1,0,
25.583788,-100.003413,1,1,0,
25.583788,-100.002416,1,1,0,
25.584693,-100.247661,0,0,0,
25.584693,-100.246664,0,0,0,
25.584693,-100.245667,0,0,0,
25.584693,-100.24467,0,0,0,
25.584693,-100.243673,0,0,0,19039_0553
25.584693,-100.242676,0,0,0,
25.584693,-100.24168,0,0,0,19039_0525
25.584693,-100.240683,0,0,0,19039_0525
25.584693,-100.239686,0,0,0,19039_0525
25.584693,-100.238689,0,0,0,19039_0525
25.584693,-100.237692,0,0,0,19039_0521
25.584693,-100.236695,0,0,0,19039_0521
25.584693,-100.235698,0,0,0,19039_0521
25.584693,-100.234701,0,0,0,19039_0521
25.584693,-100.233704,0,0,0,19039_0521
25.584693,-100.232707,0,0,0,19039_0521
25.584693,-100.23171,0,0,0,
25.584693,-100.230713,0,0,0,
25.584693,-100.229716,0,0,0,
25.584693,-100.007401,1,1,0,
25.584693,-100.006404,1,1,0,
25.584693,-100.005407,1,1,0,
25.584693,-100.00441,1,1,0,
25.584693,-100.003413,1,1,0,
25.584693,-100.002416,1,1,0,
25.585597,-100.248658,0,0,0,
25.585597,-100.247661,0,0,0,
25.585597,-100.246664,0,0,0,
25.585597,-100.245667,0,0,0,
25.585597,-100.24467,0,0,0,19039_0553
25.585597,-100.243673,0,0,0,19039_0553
25.585597,-100.242676,0,0,0,19039_0553
25.585597,-100.24168,0,0,0,19039_0553
25.585597,-100.240683,0,0,0,19039_0553
25.585597,-100.239686,0,0,0,19039_0525
25.585597,-100.238689,0,0,0,
25.585597,-100.237692,0,0,0,19039_0521
25.585597,-100.236695,0,0,0,19039_0521
25.585597,-100.235698,0,0,0,19039_0521
25.585597,-100.234701,0,0,0,19039_0521
25.585597,-100.233704,0,0,0,19039_0521
25.585597,-100.232707,0,0,0,
25.585597,-100.23171,0,0,0,
25.585597,-100.230713,0,0,0,
25.585597,-100.007401,1,1,0,
25.585597,-100.006404,1,1,0,
25.585597,-100.005407,1,1,0,
25.585597,-100.00441,1,1,0,
25.585597,-100.003413,1,1,0,
25.585597,-100.002416,1,1,0,
25.586501,-100.249655,0,0,0,
25.586501,-100.248658,1,1,0,
25.586501,-100.247661,1,1,0,
25.586501,-100.246664,1,1,0,
25.586501,-100.245667,1,1,0,19039_0091
25.586501,-100.24467,0,0,0,19039_0091
25.586501,-100.243673,0,0,0,19039_0553
25.586501,-100.242676,0,0,0,19039_0553
25.586501,-100.24168,0,0,0,19039_0553
25.586501,-100.240683,0,0,0,19039_0553
25.586501,-100.239686,0,0,0,19039_0553
25.586501,-100.238689,0,0,0,19039_0553
25.586501,-100.237692,0,0,0,
25.586501,-100.236695,0,0,0,
25.586501,-100.235698,0,0,0,19039_0521
25.586501,-100.234701,0,0,0,19039_0521
25.586501,-100.233704,0,0,0,19039_0521
25.586501,-100.232707,0,0,0,
25.586501,-100.23171,0,0,0,
25.586501,-100.230713,0,0,0,
25.586501,-100.006404,1,1,0,
25.586501,-100.005407,1,1,0,
25.586501,-100.00441,1,1,0,
25.586501,-100.003413,1,1,0,
25.587406,-100.253643,1,1,0,
25.587406,-100.252646,1,1,0,
25.587406,-100.251649,1,1,0,
25.587406,-100.250652,1,1,0,
25.587406,-100.249655,1,1,0,
25.587406,-100.248658,1,1,0,
25.587406,-100.247661,1,1,0,
25.587406,-100.246664,1,1,0,
25.587406,-100.245667,1,1,0,
25.587406,-100.24467,0,0,0,
25.587406,-100.243673,0,0,0,
25.587406,-100.242676,0,0,0,19039_0091
25.587406,-100.24168,0,0,0,19039_0091
25.587406,-100.240683,0,0,0,19039_0553
25.587406,-100.239686,0,0,0,19039_0553
25.587406,-100.238689,0,0,0,19039_0553
25.587406,-100.237692,0,0,0,19039_0553
25.587406,-100.236695,0,0,0,
25.587406,-100.235698,0,0,0,
25.587406,-100.234701,0,0,0,19039_0521
25.587406,-100.233704,0,0,0,19039_0521
25.587406,-100.232707,0,0,0,
25.587406,-100.23171,0,0,0,
25.587406,-100.230713,0,0,0,
25.587406,-100.005407,1,1,0,
25.58831,-100.25464,1,1,0,
25.58831,-100.253643,1,1,0,
25.58831,-100.252646,1,1,0,
25.58831,-100.251649,1,1,0,
25.58831,-100.250652,1,1,0,
25.58831,-100.249655,2,2,0,
25.58831,-100.248658,1,1,0,
25.58831,-100.247661,1,1,0,
25.58831,-100.246664,1,1,0,19039_0091
25.58831,-100.245667,1,1,0,19039_0091
25.58831,-100.24467,1,1,0,
25.58831,-100.243673,0,0,0,
25.58831,-100.242676,0,0,0,19039_0091
25.58831,-100.24168,0,0,0,19039_0091
25.58831,-100.240683,0,0,0,19039_0091
25.58831,-100.239686,0,0,0,19039_0553
25.58831,-100.238689,0,0,0,19039_0553
25.58831,-100.237692,0,0,0,19039_0553
25.58831,-100.236695,0,0,0,19039_0553
25.58831,-100.235698,0,0,0,
25.58831,-100.234701,0,0,0,
25.58831,-100.233704,0,0,0,
25.58831,-100.232707,0,0,0,
25.58831,-100.23171,0,0,0,
25.58831,-100.230713,0,0,0,
25.589214,-100.25464,1,1,0,
25.589214,-100.253643,1,1,0,
25.589214,-100.252646,1,1,0,
25.589214,-100.251649,1,1,0,
25.589214,-100.250652,1,1,0,
25.589214,-100.249655,2,2,0,
25.589214,-100.248658,1,1,0,
25.589214,-100.247661,1,1,0,
25.589214,-100.246664,1,1,0,19039_0299
25.589214,-100.245667,1,1,0,19039_0299
25.589214,-100.24467,1,1,0,19039_0091
25.589214,-100.243673,0,0,0,
25.589214,-100.242676,0,0,0,19039_0091
25.589214,-100.24168,0,0,0,19039_0091
25.589214,-100.240683,0,0,0,19039_0091
25.589214,-100.239686,0,0,0,19039_0091
25.589214,-100.238689,0,0,0,19039_0091
25.589214,-100.237692,0,0,0,19039_0553
25.589214,-100.236695,0,0,0,
25.589214,-100.235698,0,0,0,
25.589214,-100.234701,0,0,0,
25.589214,-100.233704,0,0,0,
25.589214,-100.232707,0,0,0,
25.589214,-100.23171,0,0,0,
25.589214,-99.986465,1,1,0,
25.589214,-99.985468,1,1,0,
25.589214,-99.984471,1,1,0,
25.589214,-99.983475,1,1,0,
25.590119,-100.25464,1,1,0,
25.590119,-100.253643,1,1,0,
25.590119,-100.252646,1,1,0,
25.590119,-100.251649,1,1,0,
25.590119,-100.250652,1,1,0,
25.590119,-100.249655,2,2,0,
25.590119,-100.248658,1,1,0,
25.590119,-100.247661,1,1,0,
25.590119,-100.246664,1,1,0,19039_0299
25.590119,-100.245667,1,1,0,19039_0299
25.590119,-100.24467,0,0,0,19039_0299
25.590119,-100.243673,0,0,0,19039_0299
25.590119,-100.242676,0,0,0,19039_0091
25.590119,-100.24168,0,0,0,19039_0091
25.590119,-100.240683,0,0,0,19039_0091
25.590119,-100.239686,0,0,0,19039_0091
25.590119,-100.238689,0,0,0,19039_0091
25.590119,-100.237692,0,0,0,19039_0091
25.590119,-100.236695,0,0,0,
25.590119,-100.235698,0,0,0,
25.590119,-100.234701,0,0,0,
25.590119,-100.233704,0,0,0,
25.590119,-100.232707,0,0,0,
25.590119,-99.987462,1,1,0,
25.590119,-99.986465,1,1,0,
25.590119,-99.985468,1,1,0,
25.590119,-99.984471,1,1,0,
25.590119,-99.983475,1,1,0,
25.590119,-99.982478,1,1,0,
25.591023,-100.25464,1,1,0,
25.591023,-100.253643,1,1,0,
25.591023,-100.252646,1,1,0,
25.591023,-100.251649,1,1,0,
25.591023,-100.250652,1,1,0,
25.591023,-100.249655,0,0,0,
25.591023,-100.248658,0,0,0,
25.591023,-100.247661,1,1,0,19039_0299
25.591023,-100.246664,0,0,0,19039_0299
25.591023,-100.245667,0,0,0,19039_0299
25.591023,-100.24467,0,0,0,19039_0299
25.591023,-100.243673,0,0,0,19039_0299
25.591023,-100.242676,0,0,0,19039_0299
25.591023,-100.24168,0,0,0,19039_0091
25.591023,-100.240683,0,0,0,19039_0091
25.591023,-100.239686,0,0,0,19039_0091
25.591023,-100.238689,0,0,0,19039_0091
25.591023,-100.237692,0,0,0,19039_0091
25.591023,-100.236695,0,0,0,
25.591023,-100.235698,0,0,0,
25.591023,-100.234701,0,0,0,
25.591023,-99.987462,1,1,0,
25.591023,-99.986465,1,1,0,
25.591023,-99.985468,1,1,0,
25.591023,-99.984471,1,1,0,
25.591023,-99.983475,1,1,0,
25.591023,-99.982478,1,1,0,
25.591928,-100.252646,1,1,0,
25.591928,-100.251649,1,1,0,
25.591928,-100.250652,0,0,0,
25.591928,-100.249655,0,0,0,
25.591928,-100.248658,0,0,0,
25.591928,-100.247661,0,0,0,
25.591928,-100.246664,0,0,0,19039_0299
25.591928,-100.245667,0,0,0,19039_0299
25.591928,-100.24467,0,0,0,19039_0299
25.591928,-100.243673,0,0,0,19039_0299
25.591928,-100.242676,0,0,0,19039_0299
25.591928,-100.24168,0,0,0,19039_0091
25.591928,-100.240683,0,0,0,19039_0091
25.591928,-100.239686,0,0,0,19039_0091
25.591928,-100.238689,0,0,0,19039_0091
25.591928,-100.237692,0,0,0,19039_0091
25.591928,-100.236695,0,0,0,
25.591928,-100.235698,0,0,0,
25.591928,-100.234701,0,0,0,
25.591928,-99.987462,1,1,0,
25.591928,-99.986465,1,1,0,
25.591928,-99.985468,1,1,0,
25.591928,-99.984471,1,1,0,
25.591928,-99.983475,1,1,0,
25.591928,-99.982478,1,1,0,
25.592832,-100.249655,0,0,0,
25.592832,-100.248658,0,0,0,
25.592832,-100.247661,0,0,0,
25.592832,-100.246664,0,0,0,
25.592832,-100.245667,0,0,0,
25.592832,-100.24467,0,0,0,19039_0299
25.592832,-100.243673,0,0,0,19039_0299
25.592832,-100.242676,0,0,0,19039_0091
25.592832,-100.24168,0,0,0,19039_0091
25.592832,-100.240683,0,0,0,19039_0091
25.592832,-100.239686,0,0,0,19039_0091
25.592832,-100.238689,0,0,0,19039_0091
25.592832,-100.237692,0,0,0,19039_0091
25.592832,-100.236695,0,0,0,
25.592832,-100.235698,0,0,0,
25.592832,-100.234701,0,0,0,
25.592832,-99.986465,1,1,0,
25.592832,-99.985468,1,1,0,
25.592832,-99.984471,1,1,0,
25.592832,-99.983475,1,1,0,
25.593736,-100.248658,0,0,0,
25.593736,-100.247661,0,0,0,
25.593736,-100.246664,0,0,0,
25.593736,-100.245667,0,0,0,
25.593736,-100.24467,0,0,0,
25.593736,-100.243673,0,0,0,19039_0299
25.593736,-100.242676,0,0,0,19039_0091
25.593736,-100.24168,0,0,0,19039_0091
25.593736,-100.240683,0,0,0,19039_0091
25.593736,-100.239686,0,0,0,19039_0091
25.593736,-100.238689,0,0,0,19039_0091
25.593736,-100.237692,0,0,0,
25.593736,-100.236695,0,0,0,
25.593736,-100.235698,0,0,0,
25.593736,-99.985468,1,1,0,
25.593736,-99.984471,1,1,0,
25.594641,-100.247661,0,0,0,
25.594641,-100.246664,0,0,0,
25.594641,-100.245667,0,0,0,
25.594641,-100.24467,0,0,0,
25.594641,-100.243673,0,0,0,
25.594641,-100.242676,0,0,0,19039_0091
25.594641,-100.24168,0,0,0,19039_0091
25.594641,-100.240683,0,0,0,19039_0091
25.594641,-100.239686,0,0,0,19039_0091
25.594641,-100.238689,0,0,0,19039_0091
25.594641,-100.237692,0,0,0,
25.594641,-100.236695,0,0,0,
25.594641,-100.235698,0,0,0,
25.595545,-100.245667,0,0,0,
25.595545,-100.24467,0,0,0,
25.595545,-100.243673,0,0,0,
25.595545,-100.242676,0,0,0,19039_0091
25.595545,-100.24168,0,0,0,19039_0091
25.595545,-100.240683,0,0,0,19039_0091
25.595545,-100.239686,0,0,0,19039_0091
25.595545,-100.238689,0,0,0,
25.595545,-100.237692,0,0,0,
25.595545,-100.236695,0,0,0,
25.596449,-100.245667,0,0,0,
25.596449,-100.24467,0,0,0,
25.596449,-100.243673,0,0,0,
25.596449,-100.242676,0,0,0,19039_0091
25.596449,-100.24168,0,0,0,19039_0091
25.596449,-100.240683,0,0,0,19039_0091
25.596449,-100.239686,0,0,0,
25.596449,-100.238689,0,0,0,
25.596449,-100.237692,0,0,0,
25.596449,-100.236695,0,0,0,
25.596449,-100.070208,1,1,0,
25.596449,-100.069211,1,1,0,
25.596449,-100.068214,1,1,0,
25.597354,-100.245667,0,0,0,
25.597354,-100.24467,0,0,0,
25.597354,-100.243673,0,0,0,
25.597354,-100.242676,0,0,0,
25.597354,-100.24168,0,0,0,19039_0091
25.597354,-100.240683,0,0,0,19039_0091
25.597354,-100.239686,0,0,0,
25.597354,-100.238689,0,0,0,
25.597354,-100.237692,0,0,0,
25.597354,-100.071204,1,1,0,
25.597354,-100.070208,1,1,0,
25.597354,-100.069211,1,1,0,
25.597354,-100.068214,1,1,0,
25.597354,-100.067217,1,1,0,
25.598258,-100.24467,0,0,0,
25.598258,-100.243673,0,0,0,
25.598258,-100.242676,0,0,0,
25.598258,-100.24168,0,0,0,
25.598258,-100.240683,0,0,0,
25.598258,-100.239686,0,0,0,
25.598258,-100.238689,0,0,0,
25.598258,-100.237692,0,0,0,
25.598258,-100.151956,0,0,0,
25.598258,-100.150959,0,0,0,
25.598258,-100.128029,0,0,0,
25.598258,-100.127033,0,0,0,
25.598258,-100.126036,0,0,0,
25.598258,-100.125039,0,0,0,
25.598258,-100.124042,0,0,0,
25.598258,-100.072201,1,1,0,
25.598258,-100.071204,1,1,0,
25.598258,-100.070208,1,1,0,
25.598258,-100.069211,1,1,0,
25.598258,-100.068214,1,1,0,
25.598258,-100.067217,1,1,0,
25.599163,-100.24467,0,0,0,
25.599163,-100.243673,0,0,0,
25.599163,-100.242676,0,0,0,
25.599163,-100.24168,0,0,0,
25.599163,-100.240683,0,0,0,
25.599163,-100.239686,0,0,0,
25.599163,-100.238689,0,0,0,
25.599163,-100.15694,0,0,0,
25.599163,-100.155944,0,0,0,
25.599163,-100.154947,0,0,0,
25.599163,-100.15395,0,0,0,
25.599163,-100.152953,0,0,0,
25.599163,-100.151956,0,0,0,
25.599163,-100.150959,0,0,0,
25.599163,-100.149962,0,0,0,
25.599163,-100.148965,0,0,0,
25.599163,-100.13102,0,0,0,
25.599163,-100.130023,0,0,0,
25.599163,-100.129026,0,0,0,
25.599163,-100.128029,0,0,0,
25.599163,-100.127033,0,0,0,
25.599163,-100.126036,0,0,0,
25.599163,-100.125039,0,0,0,
25.599163,-100.124042,0,0,0,
25.599163,-100.072201,1,1,0,
25.599163,-100.071204,1,1,0,
25.599163,-100.070208,1,1,0,
25.599163,-100.069211,1,1,0,
25.599163,-100.068214,1,1,0,
25.599163,-100.067217,1,1,0,
25.599163,-100.007401,1,1,0,
25.599163,-100.006404,1,1,0,
25.599163,-100.005407,1,1,0,
25.600067,-100.242676,0,0,0,
25.600067,-100.24168,0,0,0,
25.600067,-100.240683,0,0,0,
25.600067,-100.239686,0,0,0,
25.600067,-100.178873,1,1,0,
25.600067,-100.177876,1,1,0,
25.600067,-100.176879,1,1,0,
25.600067,-100.157937,0,0,0,
25.600067,-100.15694,0,0,0,
25.600067,-100.155944,0,0,0,
25.600067,-100.154947,0,0,0,
25.600067,-100.15395,0,0,0,
25.600067,-100.152953,0,0,0,
25.600067,-100.151956,0,0,0,
25.600067,-100.150959,0,0,0,
25.600067,-100.149962,0,0,0,
25.600067,-100.148965,0,0,0,
25.600067,-100.134011,0,0,0,
25.600067,-100.133014,0,0,0,
25.600067,-100.132017,0,0,0,
25.600067,-100.13102,0,0,0,
25.600067,-100.130023,0,0,0,
25.600067,-100.129026,0,0,0,
25.600067,-100.128029,0,0,0,
25.600067,-100.127033,0,0,0,
25.600067,-100.126036,0,0,0,
25.600067,-100.125039,0,0,0,
25.600067,-100.124042,0,0,0,
25.600067,-100.123045,0,0,0,
25.600067,-100.071204,1,1,0,
25.600067,-100.070208,1,1,0,
25.600067,-100.069211,1,1,0,
25.600067,-100.068214,1,1,0,
25.600067,-100.067217,1,1,0,
25.600067,-100.008398,1,1,0,
25.600067,-100.007401,1,1,0,
25.600067,-100.006404,1,1,0,
25.600067,-100.005407,1,1,0,
25.600067,-100.00441,1,1,0,
25.600971,-100.17987,1,1,0,
25.600971,-100.178873,1,1,0,
25.600971,-100.177876,1,1,0,
25.600971,-100.176879,1,1,0,
25.600971,-100.175882,1,1,0,
25.600971,-100.158934,0,0,0,
25.600971,-100.157937,0,0,0,
25.600971,-100.15694,0,0,0,
25.600971,-100.155944,0,0,0,
25.600971,-100.154947,0,0,0,
25.600971,-100.15395,0,0,0,
25.600971,-100.152953,0,0,0,
25.600971,-100.151956,0,0,0,19031_0010
25.600971,-100.150959,0,0,0,
25.600971,-100.149962,0,0,0,
25.600971,-100.148965,0,0,0,
25.600971,-100.135008,0,0,0,
25.600971,-100.134011,0,0,0,
25.600971,-100.133014,0,0,0,
25.600971,-100.132017,0,0,0,
25.600971,-100.13102,0,0,0,
25.600971,-100.130023,0,0,0,
25.600971,-100.129026,0,0,0,
25.600971,-100.128029,0,0,0,
25.600971,-100.127033,0,0,0,19031_0116
25.600971,-100.126036,0,0,0,19031_0116
25.600971,-100.125039,0,0,0,
25.600971,-100.124042,0,0,0,
25.600971,-100.123045,0,0,0,
25.600971,-100.070208,1,1,0,
25.600971,-100.069211,1,1,0,
25.600971,-100.068214,1,1,0,
25.600971,-100.009395,1,1,0,
25.600971,-100.008398,1,1,0,
25.600971,-100.007401,1,1,0,
25.600971,-100.006404,1,1,0,
25.600971,-100.005407,1,1,0,
25.600971,-100.00441,1,1,0,
25.601876,-100.180867,1,1,0,
25.601876,-100.17987,1,1,0,
25.601876,-100.178873,1,1,0,
25.601876,-100.177876,1,1,0,
25.601876,-100.176879,1,1,0,
25.601876,-100.175882,1,1,0,
25.601876,-100.170897,1,1,0,
25.601876,-100.169901,1,1,0,
25.601876,-100.158934,0,0,0,
25.601876,-100.157937,0,0,0,
25.601876,-100.15694,0,0,0,
25.601876,-100.155944,0,0,0,19031_0010
25.601876,-100.154947,0,0,0,19031_0010
25.601876,-100.15395,0,0,0,19031_0010
25.601876,-100.152953,0,0,0,19031_0010
25.601876,-100.151956,0,0,0,19031_0010
25.601876,-100.150959,0,0,0,19031_0010
25.601876,-100.149962,0,0,0,
25.601876,-100.148965,0,0,0,
25.601876,-100.147968,0,0,0,
25.601876,-100.136005,0,0,0,
25.601876,-100.135008,0,0,0,
25.601876,-100.134011,0,0,0,
25.601876,-100.133014,0,0,0,
25.601876,-100.132017,0,0,0,
25.601876,-100.13102,0,0,0,19031_0116
25.601876,-100.130023,0,0,0,19031_0116
25.601876,-100.129026,0,0,0,19031_0116
25.601876,-100.128029,0,0,0,19031_0116
25.601876,-100.127033,0,0,0,19031_0116
25.601876,-100.126036,0,0,0,19031_0116
25.601876,-100.125039,0,0,0,
25.601876,-100.124042,0,0,0,
25.601876,-100.123045,0,0,0,
25.601876,-100.122048,0,0,0,
25.601876,-100.121051,0,0,0,
25.601876,-100.120054,0,0,0,
25.601876,-100.119057,0,0,0,
25.601876,-100.11806,0,0,0,
25.601876,-100.009395,1,1,0,
25.601876,-100.008398,1,1,0,
25.601876,-100.007401,1,1,0,
25.601876,-100.006404,1,1,0,
25.601876,-100.005407,1,1,0,
25.601876,-100.00441,1,1,0,
25.60278,-100.180867,2,2,0,
25.60278,-100.17987,2,2,0,
25.60278,-100.178873,2,2,0,
25.60278,-100.177876,2,2,0,
25.60278,-100.176879,1,1,0,
25.60278,-100.175882,1,1,0,
25.60278,-100.171894,1,1,0,
25.60278,-100.170897,1,1,0,
25.60278,-100.169901,1,1,0,
25.60278,-100.168904,1,1,0,
25.60278,-100.167907,1,1,0,
25.60278,-100.158934,0,0,0,
25.60278,-100.157937,0,0,0,
25.60278,-100.15694,0,0,0,
25.60278,-100.155944,0,0,0,19031_0010
25.60278,-100.154947,0,0,0,19031_0010
25.60278,-100.15395,0,0,0,19031_0010
25.60278,-100.152953,0,0,0,19031_0010
25.60278,-100.151956,0,0,0,19031_0010
25.60278,-100.150959,0,0,0,19031_0010
25.60278,-100.149962,0,0,0,
25.60278,-100.148965,0,0,0,
25.60278,-100.147968,0,0,0,
25.60278,-100.138996,0,0,0,
25.60278,-100.137999,0,0,0,
25.60278,-100.136005,0,0,0,
25.60278,-100.135008,0,0,0,
25.60278,-100.134011,0,0,0,
25.60278,-100.133014,0,0,0,19031_0116
25.60278,-100.132017,0,0,0,19031_0116
25.60278,-100.13102,0,0,0,19031_0116
25.60278,-100.130023,0,0,0,19031_0116
25.60278,-100.129026,0,0,0,19031_0116
25.60278,-100.128029,0,0,0,19031_0116
25.60278,-100.127033,0,0,0,19031_0116
25.60278,-100.126036,0,0,0,19031_0116
25.60278,-100.125039,0,0,0,19031_0116
25.60278,-100.124042,0,0,0,
25.60278,-100.123045,0,0,0,
25.60278,-100.122048,0,0,0,
25.60278,-100.121051,0,0,0,
25.60278,-100.120054,0,0,0,
25.60278,-100.119057,0,0,0,
25.60278,-100.11806,0,0,0,
25.60278,-100.008398,1,1,0,
25.60278,-100.007401,1,1,0,
25.60278,-100.006404,1,1,0,
25.60278,-100.005407,1,1,0,
25.60278,-100.00441,1,1,0,
25.603684,-100.181864,1,1,0,
25.603684,-100.180867,1,1,0,
25.603684,-100.17987,2,2,0,
25.603684,-100.178873,2,2,0,
25.603684,-100.177876,2,2,0,
25.603684,-100.176879,2,2,0,
25.603684,-100.175882,1,1,0,
25.603684,-100.172891,1,1,0,
25.603684,-100.171894,1,1,0,
25.603684,-100.170897,1,1,0,
25.603684,-100.169901,1,1,0,
25.603684,-100.168904,1,1,0,
25.603684,-100.167907,1,1,0,
25.603684,-100.158934,0,0,0,
25.603684,-100.157937,0,0,0,
25.603684,-100.15694,0,0,0,
25.603684,-100.155944,0,0,0,
25.603684,-100.154947,0,0,0,19031_0010
25.603684,-100.15395,0,0,0,19031_0010
25.603684,-100.152953,0,0,0,19031_0010
25.603684,-100.151956,0,0,0,19031_0010
25.603684,-100.150959,0,0,0,19031_0010
25.603684,-100.149962,0,0,0,
25.603684,-100.148965,0,0,0,
25.603684,-100.147968,0,0,0,
25.603684,-100.141987,0,0,0,
25.603684,-100.14099,0,0,0,
25.603684,-100.139993,0,0,0,
25.603684,-100.138996,0,0,0,
25.603684,-100.137999,0,0,0,
25.603684,-100.137002,0,0,0,
25.603684,-100.136005,0,0,0,
25.603684,-100.135008,0,0,0,
25.603684,-100.134011,0,0,0,
25.603684,-100.133014,0,0,0,
25.603684,-100.132017,0,0,0,19031_0116
25.603684,-100.13102,0,0,0,19031_0116
25.603684,-100.130023,0,0,0,19031_0116
25.603684,-100.129026,0,0,0,19031_0116
25.603684,-100.128029,0,0,0,19031_0116
25.603684,-100.127033,0,0,0,19031_0116
25.603684,-100.126036,0,0,0,19031_0116
25.603684,-100.125039,0,0,0,19031_0116
25.603684,-100.124042,0,0,0,
25.603684,-100.123045,0,0,0,
25.603684,-100.122048,0,0,0,
25.603684,-100.121051,0,0,0,
25.603684,-100.120054,0,0,0,
25.603684,-100.119057,0,0,0,
25.603684,-100.11806,0,0,0,
25.603684,-100.117063,0,0,0,
25.603684,-100.007401,1,1,0,
25.603684,-100.006404,1,1,0,
25.603684,-100.005407,1,1,0,
25.604589,-100.181864,1,1,0,
25.604589,-100.180867,2,2,0,
25.604589,-100.17987,2,2,0,
25.604589,-100.178873,2,2,0,
25.604589,-100.177876,2,2,0,
25.604589,-100.176879,2,2,0,
25.604589,-100.172891,1,1,0,
25.604589,-100.171894,1,1,0,
25.604589,-100.170897,1,1,0,
25.604589,-100.169901,1,1,0,
25.604589,-100.168904,1,1,0,
25.604589,-100.167907,1,1,0,
25.604589,-100.157937,0,0,0,
25.604589,-100.15694,0,0,0,
25.604589,-100.155944,0,0,0,
25.604589,-100.154947,0,0,0,
25.604589,-100.15395,0,0,0,19031_0010
25.604589,-100.152953,0,0,0,19031_0010
25.604589,-100.151956,0,0,0,19031_0010
25.604589,-100.150959,0,0,0,19031_0010
25.604589,-100.149962,0,0,0,
25.604589,-100.148965,0,0,0,
25.604589,-100.147968,0,0,0,
25.604589,-100.146971,0,0,0,
25.604589,-100.145974,0,0,0,
25.604589,-100.144977,0,0,0,
25.604589,-100.14398,0,0,0,
25.604589,-100.142983,0,0,0,
25.604589,-100.141987,0,0,0,
25.604589,-100.14099,0,0,0,
25.604589,-100.139993,0,0,0,
25.604589,-100.138996,0,0,0,
25.604589,-100.137999,0,0,0,
25.604589,-100.137002,0,0,0,
25.604589,-100.136005,0,0,0,
25.604589,-100.135008,0,0,0,
25.604589,-100.134011,0,0,0,
25.604589,-100.133014,0,0,0,19031_0116
25.604589,-100.132017,0,0,0,19031_0116
25.604589,-100.13102,0,0,0,19031_0116
25.604589,-100.130023,0,0,0,19031_0116
25.604589,-100.129026,0,0,0,19031_0116
25.604589,-100.128029,0,0,0,19031_0116
25.604589,-100.127033,0,0,0,19031_0116
25.604589,-100.126036,0,0,0,19031_0116
25.604589,-100.125039,0,0,0,19031_0116
25.604589,-100.124042,0,0,0,19031_0116
25.604589,-100.123045,0,0,0,19031_0116
25.604589,-100.122048,0,0,0,19031_0116
25.604589,-100.121051,0,0,0,19031_0116
25.604589,-100.120054,0,0,0,19031_0116
25.604589,-100.119057,0,0,0,
25.604589,-100.11806,0,0,0,
25.604589,-100.117063,0,0,0,
25.605493,-100.182861,1,1,0,
25.605493,-100.181864,2,2,0,
25.605493,-100.180867,2,2,0,
25.605493,-100.17987,2,2,0,
25.605493,-100.178873,2,2,0,
25.605493,-100.177876,1,1,0,
25.605493,-100.176879,1,1,0,
25.605493,-100.171894,1,1,0,
25.605493,-100.170897,1,1,0,
25.605493,-100.169901,1,1,0,
25.605493,-100.168904,1,1,0,
25.605493,-100.167907,1,1,0,
25.605493,-100.157937,0,0,0,
25.605493,-100.15694,0,0,0,
25.605493,-100.155944,0,0,0,
25.605493,-100.154947,0,0,0,
25.605493,-100.15395,0,0,0,
25.605493,-100.152953,0,0,0,19031_0010
25.605493,-100.151956,0,0,0,19031_0010
25.605493,-100.150959,0,0,0,19031_0010
25.605493,-100.149962,0,0,0,19031_0010
25.605493,-100.148965,0,0,0,
25.605493,-100.147968,0,0,0,
25.605493,-100.146971,0,0,0,
25.605493,-100.145974,0,0,0,
25.605493,-100.144977,0,0,0,
25.605493,-100.14398,0,0,0,
25.605493,-100.142983,0,0,0,
25.605493,-100.141987,0,0,0,
25.605493,-100.14099,0,0,0,
25.605493,-100.139993,0,0,0,
25.605493,-100.138996,0,0,0,
25.605493,-100.137999,0,0,0,
25.605493,-100.137002,0,0,0,
25.605493,-100.136005,0,0,0,
25.605493,-100.135008,0,0,0,
25.605493,-100.134011,0,0,0,
25.605493,-100.133014,0,0,0,19031_0116
25.605493,-100.132017,0,0,0,19031_0116
25.605493,-100.13102,0,0,0,19031_0116
25.605493,-100.130023,0,0,0,19031_0116
25.605493,-100.129026,0,0,0,19031_0116
25.605493,-100.128029,0,0,0,19031_0116
25.605493,-100.127033,0,0,0,19031_0116
25.605493,-100.126036,0,0,0,19031_0116
25.605493,-100.125039,0,0,0,19031_0116
25.605493,-100.124042,0,0,0,19031_0116
25.605493,-100.123045,0,0,0,19031_0116
25.605493,-100.122048,0,0,0,19031_0116
25.605493,-100.121051,0,0,0,19031_0116
25.605493,-100.120054,0,0,0,19031_0116
25.605493,-100.119057,0,0,0,
25.605493,-100.11806,0,0,0,
25.605493,-100.117063,0,0,0,
25.606398,-100.182861,1,1,0,
25.606398,-100.181864,2,2,0,
25.606398,-100.180867,2,2,0,
25.606398,-100.17987,2,2,0,
25.606398,-100.178873,2,2,0,
25.606398,-100.177876,2,2,0,
25.606398,-100.171894,1,1,0,
25.606398,-100.170897,1,1,0,
25.606398,-100.169901,1,1,0,
25.606398,-100.168904,1,1,0,
25.606398,-100.15694,0,0,0,
25.606398,-100.155944,0,0,0,
25.606398,-100.154947,0,0,0,
25.606398,-100.15395,0,0,0,
25.606398,-100.152953,0,0,0,
25.606398,-100.151956,0,0,0,
25.606398,-100.150959,0,0,0,19031_0010
25.606398,-100.149962,0,0,0,19031_0010
25.606398,-100.148965,0,0,0,
25.606398,-100.147968,0,0,0,
25.606398,-100.146971,0,0,0,
25.606398,-100.145974,0,0,0,
25.606398,-100.144977,0,0,0,
25.606398,-100.14398,0,0,0,
25.606398,-100.142983,0,0,0,
25.606398,-100.141987,0,0,0,
25.606398,-100.14099,0,0,0,19031_0116
25.606398,-100.139993,0,0,0,19031_0116
25.606398,-100.138996,0,0,0,19031_0116
25.606398,-100.137999,0,0,0,19031_0116
25.606398,-100.137002,0,0,0,19031_0116
25.606398,-100.136005,0,0,0,19031_0116
25.606398,-100.135008,0,0,0,19031_0116
25.606398,-100.134011,0,0,0,19031_0116
25.606398,-100.133014,0,0,0,19031_0116
25.606398,-100.132017,0,0,0,19031_0116
25.606398,-100.13102,0,0,0,19031_0116
25.606398,-100.130023,0,0,0,19031_0116
25.606398,-100.129026,0,0,0,19031_0116
25.606398,-100.128029,0,0,0,19031_0116
25.606398,-100.127033,0,0,0,19031_0116
25.606398,-100.126036,0,0,0,19031_0116
25.606398,-100.125039,0,0,0,19031_0116
25.606398,-100.124042,0,0,0,19031_0116
25.606398,-100.123045,0,0,0,19031_0116
25.606398,-100.122048,0,0,0,19031_0116
25.606398,-100.121051,0,0,0,19031_0116
25.606398,-100.120054,0,0,0,19031_0116
25.606398,-100.119057,0,0,0,
25.606398,-100.11806,0,0,0,
25.606398,-100.117063,0,0,0,
25.606398,-100.060238,1,1,0,
25.606398,-100.059241,1,1,0,
25.606398,-100.058244,1,1,0,
25.606398,-100.057247,1,1,0,
25.607302,-100.182861,1,1,0,
25.607302,-100.181864,1,1,0,
25.607302,-100.180867,1,1,0,
25.607302,-100.17987,2,2,0,
25.607302,-100.178873,2,2,0,
25.607302,-100.177876,1,1,0,
25.607302,-100.155944,0,0,0,
25.607302,-100.154947,0,0,0,
25.607302,-100.15395,0,0,0,
25.607302,-100.152953,0,0,0,
25.607302,-100.151956,0,0,0,
25.607302,-100.150959,0,0,0,
25.607302,-100.149962,0,0,0,19031_0116
25.607302,-100.148965,0,0,0,19031_0116
25.607302,-100.147968,0,0,0,19031_0116
25.607302,-100.146971,0,0,0,19031_0116
25.607302,-100.145974,0,0,0,19031_0116
25.607302,-100.144977,0,0,0,19031_0116
25.607302,-100.14398,0,0,0,19031_0116
25.607302,-100.142983,0,0,0,19031_0116
25.607302,-100.141987,0,0,0,19031_0116
25.607302,-100.14099,0,0,0,19031_0116
25.607302,-100.139993,0,0,0,19031_0116
25.607302,-100.138996,0,0,0,19031_0116
25.607302,-100.137999,0,0,0,19031_0116
25.607302,-100.137002,0,0,0,19031_0116
25.607302,-100.136005,0,0,0,19031_0116
25.607302,-100.135008,0,0,0,19031_0116
25.607302,-100.134011,0,0,0,19031_0116
25.607302,-100.133014,0,0,0,19031_0116
25.607302,-100.132017,0,0,0,19031_0116
25.607302,-100.13102,0,0,0,19031_0116
25.607302,-100.130023,0,0,0,19031_0116
25.607302,-100.129026,0,0,0,19031_0116
25.607302,-100.128029,0,0,0,19031_0116
25.607302,-100.127033,0,0,0,19031_0116
25.607302,-100.126036,0,0,0,19031_0116
25.607302,-100.125039,0,0,0,19031_0116
25.607302,-100.124042,0,0,0,19031_0116
25.607302,-100.123045,0,0,0,19031_0116
25.607302,-100.122048,0,0,0,19031_0116
25.607302,-100.121051,0,0,0,19031_0116
25.607302,-100.120054,0,0,0,19031_0116
25.607302,-100.119057,0,0,0,
25.607302,-100.11806,0,0,0,
25.607302,-100.117063,0,0,0,
25.607302,-100.116066,0,0,0,
25.607302,-100.061235,1,1,0,
25.607302,-100.060238,1,1,0,
25.607302,-100.059241,1,1,0,
25.607302,-100.058244,1,1,0,
25.607302,-100.057247,1,1,0,
25.607302,-100.05625,1,1,0,
25.608206,-100.275575,1,1,0,
25.608206,-100.274578,1,1,0,
25.608206,-100.273581,1,1,0,
25.608206,-100.182861,1,1,0,
25.608206,-100.181864,1,1,0,
25.608206,-100.180867,1,1,0,
25.608206,-100.17987,1,1,0,
25.608206,-100.178873,1,1,0,
25.608206,-100.177876,1,1,0,
25.608206,-100.15395,0,0,0,
25.608206,-100.152953,0,0,0,
25.608206,-100.151956,0,0,0,
25.608206,-100.150959,0,0,0,
25.608206,-100.149962,0,0,0,
25.608206,-100.148965,0,0,0,19031_0116
25.608206,-100.147968,0,0,0,19031_0116
25.608206,-100.146971,0,0,0,19031_0116
25.608206,-100.145974,0,0,0,19031_0116
25.608206,-100.144977,0,0,0,19031_0116
25.608206,-100.14398,0,0,0,19031_0116
25.608206,-100.142983,0,0,0,19031_0116
25.608206,-100.141987,0,0,0,19031_0116
25.608206,-100.14099,0,0,0,19031_0116
25.608206,-100.139993,0,0,0,19031_0116
25.608206,-100.138996,0,0,0,19031_0116
25.608206,-100.137999,0,0,0,19031_0116
25.608206,-100.137002,0,0,0,19031_0116
25.608206,-100.136005,0,0,0,19031_0116
25.608206,-100.135008,0,0,0,19031_0116
25.608206,-100.134011,0,0,0,19031_0116
25.608206,-100.133014,0,0,0,19031_0116
25.608206,-100.132017,0,0,0,19031_0116
25.608206,-100.13102,0,0,0,19031_0116
25.608206,-100.130023,0,0,0,19031_0116
25.608206,-100.129026,0,0,0,19031_0116
25.608206,-100.128029,0,0,0,19031_0116
25.608206,-100.127033,0,0,0,19031_0116
25.608206,-100.126036,0,0,0,19031_0116
25.608206,-100.125039,0,0,0,19031_0116
25.608206,-100.124042,0,0,0,19031_0116
25.608206,-100.123045,0,0,0,19031_0116
25.608206,-100.122048,0,0,0,19031_0116
25.608206,-100.121051,0,0,0,19031_0116
25.608206,-100.120054,0,0,0,19031_0116
25.608206,-100.119057,0,0,0,19031_0116
25.608206,-100.11806,0,0,0,
25.608206,-100.117063,0,0,0,
25.608206,-100.116066,0,0,0,
25.608206,-100.115069,0,0,0,
25.608206,-100.061235,1,1,0,
25.608206,-100.060238,1,1,0,
25.608206,-100.059241,1,1,0,
25.608206,-100.058244,1,1,0,
25.608206,-100.057247,1,1,0,
25.608206,-100.05625,1,1,0,
25.609111,-100.276572,1,1,0,
25.609111,-100.275575,1,1,0,
25.609111,-100.274578,1,1,0,
25.609111,-100.273581,1,1,0,
25.609111,-100.272584,1,1,0,
25.609111,-100.271587,0,0,0,
25.609111,-100.270591,0,0,0,
25.609111,-100.269594,0,0,0,
25.609111,-100.2676,1,1,0,
25.609111,-100.266603,1,1,0,
25.609111,-100.265606,1,1,0,
25.609111,-100.264609,1,1,0,
25.609111,-100.181864,1,1,0,
25.609111,-100.180867,1,1,0,
25.609111,-100.17987,1,1,0,
25.609111,-100.178873,1,1,0,
25.609111,-100.169901,1,1,0,
25.609111,-100.168904,1,1,0,
25.609111,-100.167907,1,1,0,
25.609111,-100.16691,2,2,0,
25.609111,-100.165913,1,1,0,
25.609111,-100.151956,0,0,0,
25.609111,-100.150959,0,0,0,
25.609111,-100.149962,0,0,0,
25.609111,-100.148965,0,0,0,
25.609111,-100.147968,0,0,0,19031_0116
25.609111,-100.146971,0,0,0,19031_0116
25.609111,-100.145974,0,0,0,19031_0116
25.609111,-100.144977,0,0,0,19031_0116
25.609111,-100.14398,0,0,0,19031_0116
25.609111,-100.142983,0,0,0,19031_0116
25.609111,-100.141987,0,0,0,19031_0116
25.609111,-100.14099,0,0,0,19031_0116
25.609111,-100.139993,0,0,0,19031_0116
25.609111,-100.138996,0,0,0,19031_0116
25.609111,-100.137999,0,0,0,19031_0116
25.609111,-100.137002,0,0,0,19031_0116
25.609111,-100.136005,0,0,0,19031_0116
25.609111,-100.135008,0,0,0,19031_0116
25.609111,-100.134011,0,0,0,19031_0116
25.609111,-100.133014,0,0,0,19031_0116
25.609111,-100.132017,0,0,0,19031_0116
25.609111,-100.13102,0,0,0,19031_0116
25.609111,-100.130023,0,0,0,19031_0116
25.609111,-100.129026,0,0,0,19031_0116
25.609111,-100.128029,0,0,0,19031_0116
25.609111,-100.127033,0,0,0,19031_0116
25.609111,-100.126036,0,0,0,19031_0116
25.609111,-100.125039,0,0,0,19031_0116
25.609111,-100.124042,0,0,0,19031_0116
25.609111,-100.123045,0,0,0,19031_0116
25.609111,-100.122048,0,0,0,19031_0116
25.609111,-100.121051,0,0,0,19031_0116
25.609111,-100.120054,0,0,0,19031_0116
25.609111,-100.119057,0,0,0,19031_0116
25.609111,-100.11806,0,0,0,19031_0116
25.609111,-100.117063,0,0,0,
25.609111,-100.116066,0,0,0,
25.609111,-100.115069,0,0,0,
25.609111,-100.114072,0,0,0,
25.609111,-100.061235,1,1,0,
25.609111,-100.060238,1,1,0,
25.609111,-100.059241,1,1,0,
25.609111,-100.058244,1,1,0,
25.609111,-100.057247,1,1,0,
25.609111,-100.05625,1,1,0,
25.610015,-100.277569,1,1,0,
25.610015,-100.276572,1,1,0,
25.610015,-100.275575,1,1,0,
25.610015,-100.274578,1,1,0,
25.610015,-100.273581,1,1,0,
25.610015,-100.272584,1,1,0,
25.610015,-100.271587,0,0,0,
25.610015,-100.270591,0,0,0,
25.610015,-100.269594,0,0,0,
25.610015,-100.268597,1,1,0,
25.610015,-100.2676,1,1,0,
25.610015,-100.266603,1,1,0,
25.610015,-100.265606,1,1,0,
25.610015,-100.264609,1,1,0,
25.610015,-100.263612,1,1,0,
25.610015,-100.170897,1,1,0,
25.610015,-100.169901,1,1,0,
25.610015,-100.168904,1,1,0,
25.610015,-100.167907,2,2,0,
25.610015,-100.16691,2,2,0,
25.610015,-100.165913,1,1,0,
25.610015,-100.164916,1,1,0,
25.610015,-100.163919,1,1,0,
25.610015,-100.151956,0,0,0,
25.610015,-100.150959,0,0,0,
25.610015,-100.149962,0,0,0,
25.610015,-100.148965,0,0,0,
25.610015,-100.147968,0,0,0,19031_0116
25.610015,-100.146971,0,0,0,19031_0116
25.610015,-100.145974,0,0,0,19031_0116
25.610015,-100.144977,0,0,0,19031_0116
25.610015,-100.14398,0,0,0,19031_0116
25.610015,-100.142983,0,0,0,19031_0116
25.610015,-100.141987,0,0,0,19031_0116
25.610015,-100.14099,0,0,0,19031_0116
25.610015,-100.139993,0,0,0,19031_0116
25.610015,-100.138996,0,0,0,19031_0116
25.610015,-100.137999,0,0,0,19031_0116
25.610015,-100.137002,0,0,0,19031_0116
25.610015,-100.136005,0,0,0,19031_0116
25.610015,-100.135008,0,0,0,19031_0116
25.610015,-100.134011,0,0,0,19031_0116
25.610015,-100.133014,0,0,0,19031_0116
25.610015,-100.132017,0,0,0,19031_0116
25.610015,-100.13102,0,0,0,19031_0116
25.610015,-100.130023,0,0,0,19031_0116
25.610015,-100.129026,0,0,0,19031_0116
25.610015,-100.128029,0,0,0,19031_0116
25.610015,-100.127033,0,0,0,19031_0116
25.610015,-100.126036,0,0,0,19031_0116
25.610015,-100.125039,0,0,0,19031_0116
25.610015,-100.124042,0,0,0,19031_0116
25.610015,-100.123045,0,0,0,19031_0116
25.610015,-100.122048,0,0,0,19031_0116
25.610015,-100.121051,0,0,0,19031_0116
25.610015,-100.120054,0,0,0,19031_0116
25.610015,-100.119057,0,0,0,19031_0116
25.610015,-100.11806,0,0,0,19031_0116
25.610015,-100.117063,0,0,0,19031_0116
25.610015,-100.116066,0,0,0,
25.610015,-100.115069,0,0,0,
25.610015,-100.114072,0,0,0,
25.610015,-100.060238,1,1,0,
25.610015,-100.059241,1,1,0,
25.610015,-100.058244,1,1,0,
25.610015,-100.057247,1,1,0,
25.610919,-100.277569,1,1,0,
25.610919,-100.276572,1,1,0,
25.610919,-100.275575,1,1,0,
25.610919,-100.274578,1,1,0,
25.610919,-100.273581,1,1,0,
25.610919,-100.272584,1,1,0,
25.610919,-100.271587,0,0,0,
25.610919,-100.270591,0,0,0,
25.610919,-100.269594,0,0,0,
25.610919,-100.268597,1,1,0,
25.610919,-100.2676,1,1,0,
25.610919,-100.266603,1,1,0,
25.610919,-100.265606,1,1,0,
25.610919,-100.264609,1,1,0,
25.610919,-100.263612,1,1,0,
25.610919,-100.170897,1,1,0,
25.610919,-100.169901,1,1,0,
25.610919,-100.168904,2,2,0,
25.610919,-100.167907,2,2,0,
25.610919,-100.16691,2,2,0,
25.610919,-100.165913,2,2,0,
25.610919,-100.164916,1,1,0,
25.610919,-100.163919,1,1,0,
25.610919,-100.151956,0,0,0,
25.610919,-100.150959,0,0,0,
25.610919,-100.149962,0,0,0,
25.610919,-100.148965,0,0,0,
25.610919,-100.147968,0,0,0,
25.610919,-100.146971,0,0,0,19031_0116
25.610919,-100.145974,0,0,0,19031_0116
25.610919,-100.144977,0,0,0,19031_0116
25.610919,-100.14398,0,0,0,19031_0116
25.610919,-100.142983,0,0,0,19031_0116
25.610919,-100.141987,0,0,0,19031_0116
25.610919,-100.14099,0,0,0,19031_0116
25.610919,-100.139993,0,0,0,19031_0116
25.610919,-100.138996,1,1,0,19031_0116
25.610919,-100.137999,2,2,0,19031_0116
25.610919,-100.137002,2,2,0,19031_0116
25.610919,-100.136005,1,1,0,19031_0116
25.610919,-100.135008,0,0,0,19031_0116
25.610919,-100.134011,0,0,0,19031_0116
25.610919,-100.133014,0,0,0,19031_0116
25.610919,-100.132017,0,0,0,19031_0116
25.610919,-100.13102,0,0,0,19031_0116
25.610919,-100.130023,0,0,0,19031_0116
25.610919,-100.129026,0,0,0,19031_0116
25.610919,-100.128029,0,0,0,19031_0116
25.610919,-100.127033,0,0,0,19031_0116
25.610919,-100.126036,0,0,0,19031_0116
25.610919,-100.125039,0,0,0,19031_0116
25.610919,-100.124042,0,0,0,19031_0116
25.610919,-100.123045,0,0,0,19031_0116
25.610919,-100.122048,0,0,0,19031_0116
25.610919,-100.121051,0,0,0,19031_0116
25.610919,-100.120054,0,0,0,19031_0116
25.610919,-100.119057,0,0,0,19031_0116
25.610919,-100.11806,0,0,0,19031_0116
25.610919,-100.117063,0,0,0,19031_0116
25.610919,-100.116066,0,0,0,
25.610919,-100.115069,0,0,0,
25.610919,-100.114072,0,0,0,
25.611824,-100.276572,1,1,0,
25.611824,-100.275575,1,1,0,
25.611824,-100.274578,1,1,0,
25.611824,-100.273581,1,1,0,
25.611824,-100.272584,1,1,0,
25.611824,-100.271587,0,0,0,
25.611824,-100.270591,0,0,0,19039_0384
25.611824,-100.269594,0,0,0,19039_0384
25.611824,-100.268597,1,1,0,
25.611824,-100.2676,1,1,0,
25.611824,-100.266603,1,1,0,
25.611824,-100.265606,1,1,0,
25.611824,-100.264609,1,1,0,
25.611824,-100.263612,1,1,0,
25.611824,-100.171894,1,1,0,
25.611824,-100.170897,2,2,0,
25.611824,-100.169901,1,1,0,
25.611824,-100.168904,2,2,0,
25.611824,-100.167907,2,2,0,
25.611824,-100.16691,2,2,0,
25.611824,-100.165913,1,1,0,
25.611824,-100.164916,1,1,0,
25.611824,-100.163919,1,1,0,
25.611824,-100.151956,0,0,0,
25.611824,-100.150959,0,0,0,
25.611824,-100.149962,0,0,0,
25.611824,-100.148965,0,0,0,19031_0116
25.611824,-100.147968,0,0,0,19031_0116
25.611824,-100.146971,0,0,0,19031_0116
25.611824,-100.145974,0,0,0,19031_0116
25.611824,-100.144977,0,0,0,19031_0116
25.611824,-100.14398,0,0,0,19031_0116
25.611824,-100.142983,0,0,0,19031_0116
25.611824,-100.141987,0,0,0,19031_0116
25.611824,-100.14099,0,0,0,19031_0116
25.611824,-100.139993,2,2,0,19031_0116
25.611824,-100.138996,2,2,0,19031_0116
25.611824,-100.137999,2,2,0,19031_0116
25.611824,-100.137002,2,2,0,19031_0116
25.611824,-100.136005,2,2,0,19031_0116
25.611824,-100.135008,0,0,0,19031_0116
25.611824,-100.134011,0,0,0,19031_0116
25.611824,-100.133014,0,0,0,19031_0116
25.611824,-100.132017,0,0,0,19031_0116
25.611824,-100.13102,0,0,0,19031_0116
25.611824,-100.130023,0,0,0,19031_0116
25.611824,-100.129026,0,0,0,19031_0116
25.611824,-100.128029,0,0,0,19031_0116
25.611824,-100.127033,0,0,0,
25.611824,-100.126036,0,0,0,
25.611824,-100.125039,0,0,0,19031_0116
25.611824,-100.124042,0,0,0,19031_0116
25.611824,-100.123045,0,0,0,19031_0116
25.611824,-100.122048,0,0,0,19031_0116
25.611824,-100.121051,0,0,0,19031_0116
25.611824,-100.120054,0,0,0,19031_0116
25.611824,-100.119057,0,0,0,19031_0116
25.611824,-100.11806,0,0,0,19031_0116
25.611824,-100.117063,0,0,0,
25.611824,-100.116066,0,0,0,
25.611824,-100.115069,0,0,0,
25.611824,-100.114072,0,0,0,
25.612728,-100.276572,1,1,0,
25.612728,-100.275575,1,1,0,
25.612728,-100.274578,1,1,0,
25.612728,-100.273581,1,1,0,
25.612728,-100.272584,0,0,0,
25.612728,-100.271587,0,0,0,
25.612728,-100.270591,0,0,0,19039_0384
25.612728,-100.269594,0,0,0,19039_0384
25.612728,-100.268597,0,0,0,
25.612728,-100.2676,1,1,0,
25.612728,-100.266603,1,1,0,
25.612728,-100.265606,1,1,0,
25.612728,-100.264609,1,1,0,
25.612728,-100.263612,0,0,0,
25.612728,-100.173888,1,1,0,
25.612728,-100.172891,1,1,0,
25.612728,-100.171894,1,1,0,
25.612728,-100.170897,2,2,0,
25.612728,-100.169901,2,2,0,
25.612728,-100.168904,2,2,0,
25.612728,-100.167907,2,2,0,
25.612728,-100.16691,2,2,0,
25.612728,-100.165913,1,1,0,
25.612728,-100.164916,1,1,0,
25.612728,-100.163919,1,1,0,
25.612728,-100.151956,0,0,0,
25.612728,-100.150959,0,0,0,
25.612728,-100.149962,0,0,0,
25.612728,-100.148965,0,0,0,19031_0116
25.612728,-100.147968,0,0,0,19031_0116
25.612728,-100.146971,0,0,0,19031_0116
25.612728,-100.145974,0,0,0,19031_0116
25.612728,-100.144977,0,0,0,19031_0116
25.612728,-100.14398,0,0,0,19031_0116
25.612728,-100.142983,0,0,0,19031_0116
25.612728,-100.141987,0,0,0,19031_0116
25.612728,-100.14099,0,0,0,19031_0116
25.612728,-100.139993,2,2,0,19031_0116
25.612728,-100.138996,2,2,0,19031_0116
25.612728,-100.137999,2,2,0,19031_0116
25.612728,-100.137002,2,2,0,19031_0116
25.612728,-100.136005,2,2,0,19031_0116
25.612728,-100.135008,2,2,0,19031_0116
25.612728,-100.134011,0,0,0,19031_0116
25.612728,-100.133014,0,0,0,19031_0116
25.612728,-100.132017,0,0,0,19031_0116
25.612728,-100.13102,0,0,0,19031_0116
25.612728,-100.130023,0,0,0,19031_0116
25.612728,-100.129026,0,0,0,19031_0116
25.612728,-100.128029,0,0,0,
25.612728,-100.127033,0,0,0,
25.612728,-100.126036,0,0,0,
25.612728,-100.125039,0,0,0,
25.612728,-100.124042,0,0,0,19031_0116
25.612728,-100.123045,0,0,0,19031_0116
25.612728,-100.122048,0,0,0,19031_0116
25.612728,-100.121051,0,0,0,19031_0116
25.612728,-100.120054,0,0,0,19031_0116
25.612728,-100.119057,0,0,0,
25.612728,-100.11806,0,0,0,
25.612728,-100.117063,0,0,0,
25.612728,-100.116066,0,0,0,
25.612728,-100.115069,0,0,0,
25.613632,-100.273581,0,0,0,
25.613632,-100.272584,0,0,0,
25.613632,-100.271587,0,0,0,
25.613632,-100.270591,0,0,0,19039_0384
25.613632,-100.269594,0,0,0,19039_0384
25.613632,-100.268597,0,0,0,19039_0664
25.613632,-100.2676,0,0,0,
25.613632,-100.266603,1,1,0,
25.613632,-100.265606,1,1,0,
25.613632,-100.264609,0,0,0,
25.613632,-100.263612,0,0,0,
25.613632,-100.262615,0,0,0,
25.613632,-100.261618,0,0,0,
25.613632,-100.260621,0,0,0,
25.613632,-100.259624,0,0,0,
25.613632,-100.176879,1,1,0,
25.613632,-100.175882,1,1,0,
25.613632,-100.174885,1,1,0,
25.613632,-100.173888,1,1,0,
25.613632,-100.172891,1,1,0,
25.613632,-100.171894,1,1,0,
25.613632,-100.170897,1,1,0,
25.613632,-100.169901,2,2,0,
25.613632,-100.168904,2,2,0,
25.613632,-100.167907,2,2,0,
25.613632,-100.16691,1,1,0,
25.613632,-100.165913,1,1,0,
25.613632,-100.164916,1,1,0,
25.613632,-100.151956,0,0,0,
25.613632,-100.150959,0,0,0,
25.613632,-100.149962,0,0,0,
25.613632,-100.148965,0,0,0,19031_0116
25.613632,-100.147968,0,0,0,19031_0116
25.613632,-100.146971,0,0,0,19031_0116
25.613632,-100.145974,0,0,0,19031_0116
25.613632,-100.144977,0,0,0,19031_0116
25.613632,-100.14398,0,0,0,19031_0116
25.613632,-100.142983,0,0,0,19031_0116
25.613632,-100.141987,0,0,0,19031_0116
25.613632,-100.14099,0,0,0,19031_0116
25.613632,-100.139993,2,2,0,19031_0116
25.613632,-100.138996,3,3,0,19031_0116
25.613632,-100.137999,2,2,0,19031_0116
25.613632,-100.137002,2,2,0,19031_0116
25.613632,-100.136005,2,2,0,19031_0116
25.613632,-100.135008,2,2,0,19031_0116
25.613632,-100.134011,0,0,0,
25.613632,-100.133014,0,0,0,
25.613632,-100.132017,0,0,0,
25.613632,-100.13102,0,0,0,19031_0116
25.613632,-100.130023,0,0,0,
25.613632,-100.129026,0,0,0,
25.613632,-100.128029,0,0,0,
25.613632,-100.127033,0,0,0,
25.613632,-100.126036,0,0,0,
25.613632,-100.125039,0,0,0,
25.613632,-100.124042,0,0,0,19031_0116
25.613632,-100.123045,0,0,0,19031_0116
25.613632,-100.122048,0,0,0,19031_0116
25.613632,-100.121051,0,0,0,19031_0116
25.613632,-100.120054,0,0,0,19031_0116
25.613632,-100.119057,0,0,0,19031_0116
25.613632,-100.11806,0,0,0,
25.613632,-100.117063,0,0,0,
25.613632,-100.116066,0,0,0,
25.613632,-100.115069,0,0,0,
25.614537,-100.273581,0,0,0,
25.614537,-100.272584,0,0,0,
25.614537,-100.271587,0,0,0,
25.614537,-100.270591,0,0,0,19039_0384
25.614537,-100.269594,0,0,0,19039_0384
25.614537,-100.268597,0,0,0,19039_0664
25.614537,-100.2676,0,0,0,19039_0664
25.614537,-100.266603,0,0,0,19039_0664
25.614537,-100.265606,0,0,0,19039_0664
25.614537,-100.264609,1,1,0,
25.614537,-100.263612,0,0,0,
25.614537,-100.262615,0,0,0,
25.614537,-100.261618,0,0,0,
25.614537,-100.260621,0,0,0,
25.614537,-100.259624,0,0,0,
25.614537,-100.258627,0,0,0,
25.614537,-100.17987,1,1,0,
25.614537,-100.178873,1,1,0,
25.614537,-100.177876,2,2,0,
25.614537,-100.176879,1,1,0,
25.614537,-100.175882,1,1,0,
25.614537,-100.174885,1,1,0,
25.614537,-100.173888,2,2,0,
25.614537,-100.172891,1,1,0,
25.614537,-100.171894,1,1,0,
25.614537,-100.170897,1,1,0,
25.614537,-100.169901,1,1,0,
25.614537,-100.168904,1,1,0,
25.614537,-100.151956,0,0,0,
25.614537,-100.150959,0,0,0,
25.614537,-100.149962,0,0,0,
25.614537,-100.148965,0,0,0,19031_0116
25.614537,-100.147968,0,0,0,19031_0116
25.614537,-100.146971,0,0,0,19031_0116
25.614537,-100.145974,0,0,0,19031_0116
25.614537,-100.144977,0,0,0,19031_0116
25.614537,-100.14398,0,0,0,19031_0116
25.614537,-100.142983,0,0,0,19031_0116
25.614537,-100.141987,1,1,0,19031_0116
25.614537,-100.14099,2,2,0,19031_0116
25.614537,-100.139993,4,4,0,19031_0116
25.614537,-100.138996,4,4,0,19031_0116
25.614537,-100.137999,4,4,0,19031_0116
25.614537,-100.137002,4,4,0,19031_0116
25.614537,-100.136005,3,3,0,
25.614537,-100.135008,1,1,0,
25.614537,-100.134011,0,0,0,
25.614537,-100.133014,0,0,0,
25.614537,-100.132017,0,0,0,
25.614537,-100.13102,0,0,0,
25.614537,-100.130023,0,0,0,
25.614537,-100.129026,0,0,0,
25.614537,-100.128029,0,0,0,
25.614537,-100.127033,0,0,0,
25.614537,-100.126036,0,0,0,
25.614537,-100.125039,0,0,0,
25.614537,-100.124042,0,0,0,
25.614537,-100.123045,0,0,0,
25.614537,-100.122048,0,0,0,19031_0116
25.614537,-100.121051,0,0,0,19031_0116
25.614537,-100.120054,0,0,0,19031_0116
25.614537,-100.119057,0,0,0,19031_0116
25.614537,-100.11806,0,0,0,19031_0116
25.614537,-100.117063,0,0,0,
25.614537,-100.116066,0,0,0,
25.614537,-100.115069,0,0,0,
25.615441,-100.273581,0,0,0,
25.615441,-100.272584,0,0,0,
25.615441,-100.271587,0,0,0,
25.615441,-100.270591,0,0,0,19039_0384
25.615441,-100.269594,0,0,0,19039_0384
25.615441,-100.268597,0,0,0,19039_0384
25.615441,-100.2676,0,0,0,19039_0664
25.615441,-100.266603,1,1,0,19039_0664
25.615441,-100.265606,1,1,0,19039_0664
25.615441,-100.264609,1,1,0,19039_0664
25.615441,-100.263612,1,1,0,19039_0664
25.615441,-100.262615,1,1,0,
25.615441,-100.261618,0,0,0,
25.615441,-100.260621,0,0,0,
25.615441,-100.259624,0,0,0,
25.615441,-100.258627,0,0,0,
25.615441,-100.25763,0,0,0,
25.615441,-100.180867,1,1,0,
25.615441,-100.17987,1,1,0,
25.615441,-100.178873,1,1,0,
25.615441,-100.177876,2,2,0,
25.615441,-100.176879,2,2,0,
25.615441,-100.175882,1,1,0,
25.615441,-100.174885,1,1,0,
25.615441,-100.173888,2,2,0,
25.615441,-100.172891,2,2,0,
25.615441,-100.171894,1,1,0,
25.615441,-100.170897,1,1,0,
25.615441,-100.169901,1,1,0,
25.615441,-100.168904,1,1,0,
25.615441,-100.151956,0,0,0,
25.615441,-100.150959,0,0,0,
25.615441,-100.149962,0,0,0,
25.615441,-100.148965,0,0,0,
25.615441,-100.147968,0,0,0,
25.615441,-100.146971,0,0,0,
25.615441,-100.145974,0,0,0,
25.615441,-100.144977,0,0,0,
25.615441,-100.14398,0,0,0,
25.615441,-100.142983,1,1,0,19031_0116
25.615441,-100.141987,1,1,0,19031_0116
25.615441,-100.14099,2,2,0,19031_0116
25.615441,-100.139993,3,3,0,19031_0116
25.615441,-100.138996,4,4,0,19031_0116
25.615441,-100.137999,4,4,0,
25.615441,-100.137002,4,4,0,
25.615441,-100.136005,2,2,0,
25.615441,-100.135008,1,1,0,
25.615441,-100.134011,0,0,0,
25.615441,-100.133014,0,0,0,
25.615441,-100.132017,0,0,0,
25.615441,-100.13102,0,0,0,
25.615441,-100.130023,0,0,0,
25.615441,-100.129026,0,0,0,
25.615441,-100.128029,0,0,0,
25.615441,-100.126036,0,0,0,
25.615441,-100.125039,0,0,0,
25.615441,-100.124042,0,0,0,
25.615441,-100.123045,0,0,0,
25.615441,-100.122048,0,0,0,
25.615441,-100.121051,0,0,0,19031_0116
25.615441,-100.120054,0,0,0,19031_0116
25.615441,-100.119057,0,0,0,19031_0116
25.615441,-100.11806,0,0,0,19031_0116
25.615441,-100.117063,0,0,0,
25.615441,-100.116066,0,0,0,
25.615441,-100.115069,0,0,0,
25.616346,-100.273581,0,0,0,
25.616346,-100.272584,0,0,0,
25.616346,-100.271587,0,0,0,
25.616346,-100.270591,0,0,0,19039_0384
25.616346,-100.269594,0,0,0,19039_0384
25.616346,-100.268597,0,0,0,19039_0384
25.616346,-100.2676,1,1,0,19039_0664
25.616346,-100.266603,2,2,0,19039_0664
25.616346,-100.265606,2,2,0,19039_0664
25.616346,-100.264609,2,2,0,19039_0664
25.616346,-100.263612,2,2,0,19039_0664
25.616346,-100.262615,1,1,0,19039_0664
25.616346,-100.261618,0,0,0,19039_0664
25.616346,-100.260621,0,0,0,19039_0664
25.616346,-100.259624,0,0,0,
25.616346,-100.258627,0,0,0,
25.616346,-100.25763,0,0,0,
25.616346,-100.256634,0,0,0,
25.616346,-100.181864,1,1,0,
25.616346,-100.180867,2,2,0,
25.616346,-100.17987,1,1,0,
25.616346,-100.178873,2,2,0,
25.616346,-100.177876,3,3,0,
25.616346,-100.176879,3,3,0,
25.616346,-100.175882,2,2,0,
25.616346,-100.174885,1,1,0,
25.616346,-100.173888,1,1,0,
25.616346,-100.172891,1,1,0,
25.616346,-100.171894,1,1,0,
25.616346,-100.170897,1,1,0,
25.616346,-100.169901,1,1,0,
25.616346,-100.168904,0,0,0,
25.616346,-100.167907,0,0,0,
25.616346,-100.16691,0,0,0,
25.616346,-100.165913,0,0,0,
25.616346,-100.164916,0,0,0,
25.616346,-100.163919,0,0,0,
25.616346,-100.162922,0,0,0,
25.616346,-100.150959,0,0,0,
25.616346,-100.149962,0,0,0,
25.616346,-100.148965,0,0,0,
25.616346,-100.147968,0,0,0,
25.616346,-100.146971,0,0,0,
25.616346,-100.145974,0,0,0,
25.616346,-100.144977,0,0,0,
25.616346,-100.14398,1,1,0,
25.616346,-100.142983,1,1,0,19031_0116
25.616346,-100.141987,2,2,0,19031_0116
25.616346,-100.14099,2,2,0,19031_0116
25.616346,-100.139993,3,3,0,19031_0116
25.616346,-100.138996,3,3,0,19031_0116
25.616346,-100.137999,2,2,0,
25.616346,-100.137002,2,2,0,
25.616346,-100.136005,1,1,0,
25.616346,-100.135008,1,1,0,
25.616346,-100.134011,0,0,0,
25.616346,-100.132017,0,0,0,
25.616346,-100.13102,0,0,0,
25.616346,-100.130023,0,0,0,
25.616346,-100.125039,0,0,0,
25.616346,-100.124042,0,0,0,
25.616346,-100.123045,0,0,0,
25.616346,-100.122048,0,0,0,
25.616346,-100.121051,0,0,0,
25.616346,-100.120054,0,0,0,19031_0116
25.616346,-100.119057,0,0,0,19031_0116
25.616346,-100.11806,0,0,0,
25.616346,-100.117063,0,0,0,
25.616346,-100.116066,0,0,0,
25.616346,-100.115069,0,0,0,
25.61725,-100.273581,0,0,0,
25.61725,-100.272584,0,0,0,
25.61725,-100.271587,0,0,0,
25.61725,-100.270591,0,0,0,19039_0384
25.61725,-100.269594,0,0,0,19039_0384
25.61725,-100.268597,0,0,0,19039_0664
25.61725,-100.2676,2,2,0,19039_0664
25.61725,-100.266603,2,2,0,19039_0664
25.61725,-100.265606,2,2,0,19039_0664
25.61725,-100.264609,2,2,0,19039_0664
25.61725,-100.263612,2,2,0,19039_0664
25.61725,-100.262615,2,2,0,19039_0664
25.61725,-100.261618,0,0,0,19039_0664
25.61725,-100.260621,0,0,0,19039_0664
25.61725,-100.259624,0,0,0,19039_0664
25.61725,-100.258627,0,0,0,
25.61725,-100.25763,0,0,0,
25.61725,-100.256634,0,0,0,
25.61725,-100.255637,0,0,0,
25.61725,-100.182861,1,1,0,
25.61725,-100.181864,2,2,0,
25.61725,-100.180867,2,2,0,
25.61725,-100.17987,3,3,0,
25.61725,-100.178873,3,3,0,
25.61725,-100.177876,3,3,0,
25.61725,-100.176879,3,3,0,
25.61725,-100.175882,2,2,0,
25.61725,-100.174885,1,1,0,
25.61725,-100.173888,1,1,0,
25.61725,-100.172891,0,0,0,
25.61725,-100.171894,0,0,0,19031_0154
25.61725,-100.170897,0,0,0,19031_0154
25.61725,-100.169901,0,0,0,
25.61725,-100.168904,0,0,0,
25.61725,-100.167907,0,0,0,
25.61725,-100.16691,0,0,0,
25.61725,-100.165913,0,0,0,
25.61725,-100.164916,0,0,0,
25.61725,-100.163919,0,0,0,
25.61725,-100.162922,0,0,0,
25.61725,-100.161925,0,0,0,
25.61725,-100.160928,0,0,0,
25.61725,-100.159931,0,0,0,
25.61725,-100.149962,1,1,0,
25.61725,-100.148965,1,1,0,
25.61725,-100.147968,1,1,0,
25.61725,-100.146971,0,0,0,
25.61725,-100.145974,0,0,0,
25.61725,-100.144977,0,0,0,
25.61725,-100.14398,1,1,0,
25.61725,-100.142983,1,1,0,19031_0116
25.61725,-100.141987,1,1,0,19031_0116
25.61725,-100.14099,2,2,0,19031_0116
25.61725,-100.139993,3,3,0,19031_0116
25.61725,-100.138996,3,3,0,19031_0116
25.61725,-100.137999,2,2,0,
25.61725,-100.137002,2,2,0,
25.61725,-100.136005,1,1,0,
25.61725,-100.135008,1,1,0,
25.61725,-100.123045,0,0,0,
25.61725,-100.122048,0,0,0,
25.61725,-100.121051,0,0,0,
25.61725,-100.120054,0,0,0,
25.61725,-100.119057,0,0,0,
25.61725,-100.11806,0,0,0,
25.61725,-100.117063,0,0,0,
25.61725,-100.116066,0,0,0,
25.618154,-100.273581,0,0,0,
25.618154,-100.272584,0,0,0,
25.618154,-100.271587,0,0,0,
25.618154,-100.270591,0,0,0,19039_0384
25.618154,-100.269594,0,0,0,19039_0384
25.618154,-100.268597,0,0,0,19039_0664
25.618154,-100.2676,2,2,0,19039_0664
25.618154,-100.266603,2,2,0,19039_0664
25.618154,-100.265606,2,2,0,19039_0664
25.618154,-100.264609,2,2,0,19039_0664
25.618154,-100.263612,2,2,0,19039_0664
25.618154,-100.262615,2,2,0,19039_0664
25.618154,-100.261618,0,0,0,19039_0664
25.618154,-100.260621,0,0,0,19039_0664
25.618154,-100.259624,0,0,0,19039_0664
25.618154,-100.258627,0,0,0,19039_0664
25.618154,-100.25763,0,0,0,
25.618154,-100.256634,0,0,0,
25.618154,-100.255637,0,0,0,
25.618154,-100.182861,1,1,0,
25.618154,-100.181864,1,1,0,
25.618154,-100.180867,2,2,0,
25.618154,-100.17987,3,3,0,
25.618154,-100.178873,3,3,0,
25.618154,-100.177876,2,2,0,
25.618154,-100.176879,3,3,0,
25.618154,-100.175882,2,2,0,
25.618154,-100.174885,2,2,0,
25.618154,-100.173888,0,0,0,
25.618154,-100.172891,0,0,0,19031_0154
25.618154,-100.171894,0,0,0,19031_0154
25.618154,-100.170897,0,0,0,19031_0154
25.618154,-100.169901,0,0,0,19031_0108
25.618154,-100.168904,0,0,0,19031_0108
25.618154,-100.167907,0,0,0,
25.618154,-100.16691,0,0,0,
25.618154,-100.165913,0,0,0,
25.618154,-100.164916,0,0,0,
25.618154,-100.163919,0,0,0,
25.618154,-100.162922,0,0,0,
25.618154,-100.161925,0,0,0,
25.618154,-100.160928,0,0,0,
25.618154,-100.159931,0,0,0,
25.618154,-100.158934,0,0,0,
25.618154,-100.151956,1,1,0,
25.618154,-100.150959,1,1,0,
25.618154,-100.149962,1,1,0,
25.618154,-100.148965,1,1,0,
25.618154,-100.147968,1,1,0,
25.618154,-100.146971,1,1,0,
25.618154,-100.145974,0,0,0,
25.618154,-100.144977,0,0,0,
25.618154,-100.14398,0,0,0,19031_0116
25.618154,-100.142983,1,1,0,19031_0116
25.618154,-100.141987,1,1,0,19031_0116
25.618154,-100.14099,2,2,0,19031_0116
25.618154,-100.139993,3,3,0,19031_0116
25.618154,-100.138996,3,3,0,19031_0116
25.618154,-100.137999,2,2,0,19031_0116
25.618154,-100.137002,2,2,0,
25.618154,-100.136005,1,1,0,
25.618154,-100.135008,0,0,0,
25.618154,-100.124042,1,1,0,
25.618154,-100.123045,1,1,0,
25.618154,-100.122048,1,1,0,
25.618154,-100.121051,0,0,0,
25.618154,-100.120054,0,0,0,
25.618154,-100.119057,0,0,0,
25.618154,-100.11806,0,0,0,
25.618154,-100.117063,0,0,0,
25.619059,-100.273581,0,0,0,
25.619059,-100.272584,0,0,0,
25.619059,-100.271587,0,0,0,
25.619059,-100.270591,0,0,0,19039_0384
25.619059,-100.269594,0,0,0,19039_0384
25.619059,-100.268597,0,0,0,19039_0664
25.619059,-100.2676,1,1,0,19039_0664
25.619059,-100.266603,2,2,0,19039_0664
25.619059,-100.265606,2,2,0,19039_0664
25.619059,-100.264609,2,2,0,19039_0664
25.619059,-100.263612,2,2,0,19039_0664
25.619059,-100.262615,1,1,0,19039_0664
25.619059,-100.261618,0,0,0,19039_0664
25.619059,-100.260621,0,0,0,19039_0664
25.619059,-100.259624,0,0,0,19039_0664
25.619059,-100.258627,0,0,0,19039_0664
25.619059,-100.25763,0,0,0,
25.619059,-100.256634,0,0,0,
25.619059,-100.255637,0,0,0,
25.619059,-100.182861,1,1,0,
25.619059,-100.181864,1,1,0,
25.619059,-100.180867,1,1,0,
25.619059,-100.17987,3,3,0,
25.619059,-100.178873,3,3,0,
25.619059,-100.177876,3,3,0,
25.619059,-100.176879,1,1,0,
25.619059,-100.175882,1,1,0,
25.619059,-100.174885,1,1,0,
25.619059,-100.173888,0,0,0,
25.619059,-100.172891,0,0,0,
25.619059,-100.171894,1,1,0,19031_0154
25.619059,-100.170897,1,1,0,19031_0154
25.619059,-100.169901,1,1,0,19031_0108
25.619059,-100.168904,1,1,0,19031_0108
25.619059,-100.167907,0,0,0,19031_0108
25.619059,-100.16691,0,0,0,19031_0108
25.619059,-100.165913,0,0,0,19031_0108
25.619059,-100.164916,0,0,0,19031_0108
25.619059,-100.163919,0,0,0,19031_0108
25.619059,-100.162922,0,0,0,19031_0108
25.619059,-100.161925,0,0,0,
25.619059,-100.160928,0,0,0,
25.619059,-100.159931,0,0,0,
25.619059,-100.158934,0,0,0,
25.619059,-100.157937,0,0,0,
25.619059,-100.151956,1,1,0,
25.619059,-100.150959,1,1,0,
25.619059,-100.149962,1,1,0,
25.619059,-100.148965,1,1,0,
25.619059,-100.147968,1,1,0,
25.619059,-100.146971,1,1,0,
25.619059,-100.145974,0,0,0,19031_0116
25.619059,-100.144977,0,0,0,19031_0116
25.619059,-100.14398,0,0,0,19031_0116
25.619059,-100.142983,0,0,0,19031_0116
25.619059,-100.141987,1,1,0,
25.619059,-100.14099,1,1,0,19031_0116
25.619059,-100.139993,1,1,0,19031_0116
25.619059,-100.138996,1,1,0,19031_0116
25.619059,-100.137999,1,1,0,19031_0116
25.619059,-100.137002,1,1,0,
25.619059,-100.136005,0,0,0,
25.619059,-100.135008,0,0,0,
25.619059,-100.128029,1,1,0,
25.619059,-100.127033,1,1,0,
25.619059,-100.126036,1,1,0,
25.619059,-100.125039,2,2,0,
25.619059,-100.124042,1,1,0,
25.619059,-100.123045,1,1,0,
25.619059,-100.122048,1,1,0,
25.619059,-100.121051,1,1,0,
25.619059,-100.120054,0,0,0,
25.619059,-100.119057,0,0,0,
25.619059,-100.11806,0,0,0,
25.619059,-100.117063,0,0,0,
25.619963,-100.282554,1,1,0,
25.619963,-100.281557,1,1,0,
25.619963,-100.28056,1,1,0,
25.619963,-100.279563,1,1,0,
25.619963,-100.273581,0,0,0,
25.619963,-100.272584,0,0,0,
25.619963,-100.271587,0,0,0,
25.619963,-100.270591,0,0,0,19039_0384
25.619963,-100.269594,0,0,0,19039_0664
25.619963,-100.268597,0,0,0,19039_0664
25.619963,-100.2676,0,0,0,19039_0664
25.619963,-100.266603,1,1,0,19039_0664
25.619963,-100.265606,1,1,0,19039_0664
25.619963,-100.264609,1,1,0,19039_0664
25.619963,-100.263612,1,1,0,19039_0664
25.619963,-100.262615,0,0,0,19039_0664
25.619963,-100.261618,0,0,0,19039_0664
25.619963,-100.260621,0,0,0,19039_0664
25.619963,-100.259624,0,0,0,
25.619963,-100.258627,0,0,0,
25.619963,-100.25763,0,0,0,
25.619963,-100.256634,0,0,0,
25.619963,-100.255637,0,0,0,
25.619963,-100.182861,1,1,0,
25.619963,-100.181864,1,1,0,
25.619963,-100.180867,1,1,0,
25.619963,-100.17987,2,2,0,
25.619963,-100.178873,2,2,0,
25.619963,-100.177876,1,1,0,
25.619963,-100.176879,1,1,0,
25.619963,-100.175882,1,1,0,
25.619963,-100.174885,0,0,0,
25.619963,-100.173888,0,0,0,
25.619963,-100.172891,1,1,0,
25.619963,-100.171894,1,1,0,19031_0154
25.619963,-100.170897,1,1,0,19031_0108
25.619963,-100.169901,1,1,0,19031_0108
25.619963,-100.168904,1,1,0,19031_0108
25.619963,-100.167907,0,0,0,19031_0108
25.619963,-100.16691,0,0,0,19031_0108
25.619963,-100.165913,0,0,0,19031_0108
25.619963,-100.164916,0,0,0,19031_0108
25.619963,-100.163919,0,0,0,19031_0108
25.619963,-100.162922,0,0,0,19031_0108
25.619963,-100.161925,0,0,0,19031_0109
25.619963,-100.160928,0,0,0,19031_0109
25.619963,-100.159931,0,0,0,
25.619963,-100.158934,0,0,0,
25.619963,-100.157937,0,0,0,
25.619963,-100.15694,0,0,0,
25.619963,-100.15395,1,1,0,
25.619963,-100.152953,1,1,0,
25.619963,-100.151956,2,2,0,
25.619963,-100.150959,2,2,0,
25.619963,-100.149962,2,2,0,
25.619963,-100.148965,1,1,0,
25.619963,-100.147968,1,1,0,
25.619963,-100.146971,1,1,0,
25.619963,-100.145974,0,0,0,
25.619963,-100.144977,0,0,0,19031_0116
25.619963,-100.14398,0,0,0,
25.619963,-100.142983,0,0,0,
25.619963,-100.141987,0,0,0,
25.619963,-100.14099,0,0,0,
25.619963,-100.139993,0,0,0,19031_0116
25.619963,-100.138996,0,0,0,19031_0116
25.619963,-100.137999,0,0,0,19031_0116
25.619963,-100.137002,0,0,0,
25.619963,-100.136005,0,0,0,
25.619963,-100.135008,0,0,0,
25.619963,-100.129026,1,1,0,
25.619963,-100.128029,1,1,0,
25.619963,-100.127033,1,1,0,
25.619963,-100.126036,1,1,0,
25.619963,-100.125039,2,2,0,
25.619963,-100.124042,2,2,0,
25.619963,-100.123045,1,1,0,
25.619963,-100.122048,1,1,0,
25.619963,-100.121051,1,1,0,
25.619963,-100.120054,1,1,0,
25.619963,-100.096128,1,1,0,
25.619963,-100.095131,1,1,0,
25.619963,-100.094134,1,1,0,
25.619963,-100.093137,1,1,0,
25.620867,-100.283551,1,1,0,
25.620867,-100.282554,1,1,0,
25.620867,-100.281557,1,1,0,
25.620867,-100.28056,1,1,0,
25.620867,-100.279563,1,1,0,
25.620867,-100.278566,1,1,0,
25.620867,-100.275575,0,0,0,
25.620867,-100.274578,0,0,0,
25.620867,-100.273581,0,0,0,
25.620867,-100.272584,0,0,0,
25.620867,-100.271587,0,0,0,
25.620867,-100.270591,0,0,0,19039_0384
25.620867,-100.269594,0,0,0,19039_0664
25.620867,-100.268597,0,0,0,19039_0664
25.620867,-100.2676,0,0,0,19039_0664
25.620867,-100.266603,0,0,0,19039_0664
25.620867,-100.265606,1,1,0,19039_0664
25.620867,-100.264609,1,1,0,19039_0664
25.620867,-100.263612,0,0,0,19039_0664
25.620867,-100.262615,0,0,0,19039_0664
25.620867,-100.261618,0,0,0,19039_0664
25.620867,-100.260621,0,0,0,19039_0664
25.620867,-100.259624,0,0,0,
25.620867,-100.258627,0,0,0,
25.620867,-100.25763,0,0,0,
25.620867,-100.256634,0,0,0,
25.620867,-100.182861,1,1,0,
25.620867,-100.181864,1,1,0,
25.620867,-100.180867,1,1,0,
25.620867,-100.17987,1,1,0,
25.620867,-100.178873,2,2,0,
25.620867,-100.177876,1,1,0,
25.620867,-100.176879,1,1,0,
25.620867,-100.174885,0,0,0,
25.620867,-100.173888,0,0,0,
25.620867,-100.172891,1,1,0,
25.620867,-100.171894,1,1,0,19031_0154
25.620867,-100.170897,1,1,0,
25.620867,-100.169901,1,1,0,
25.620867,-100.168904,1,1,0,
25.620867,-100.167907,1,1,0,19031_0108
25.620867,-100.16691,0,0,0,19031_0108
25.620867,-100.165913,0,0,0,19031_0108
25.620867,-100.164916,0,0,0,19031_0108
25.620867,-100.163919,0,0,0,19031_0108
25.620867,-100.162922,0,0,0,19031_0108
25.620867,-100.161925,0,0,0,19031_0109
25.620867,-100.160928,0,0,0,19031_0109
25.620867,-100.159931,0,0,0,19031_0109
25.620867,-100.158934,0,0,0,
25.620867,-100.157937,0,0,0,
25.620867,-100.15694,0,0,0,
25.620867,-100.15395,1,1,0,
25.620867,-100.152953,1,1,0,
25.620867,-100.151956,2,2,0,
25.620867,-100.150959,2,2,0,
25.620867,-100.149962,2,2,0,
25.620867,-100.148965,1,1,0,
25.620867,-100.147968,1,1,0,
25.620867,-100.146971,1,1,0,
25.620867,-100.145974,0,0,0,
25.620867,-100.144977,0,0,0,
25.620867,-100.14398,0,0,0,
25.620867,-100.142983,0,0,0,
25.620867,-100.141987,0,0,0,
25.620867,-100.14099,0,0,0,
25.620867,-100.139993,0,0,0,19031_0116
25.620867,-100.138996,0,0,0,19031_0116
25.620867,-100.137999,0,0,0,19031_0116
25.620867,-100.137002,0,0,0,
25.620867,-100.136005,0,0,0,
25.620867,-100.135008,0,0,0,
25.620867,-100.129026,1,1,0,
25.620867,-100.128029,1,1,0,
25.620867,-100.127033,1,1,0,
25.620867,-100.126036,1,1,0,
25.620867,-100.125039,2,2,0,
25.620867,-100.124042,2,2,0,
25.620867,-100.123045,1,1,0,
25.620867,-100.122048,1,1,0,
25.620867,-100.121051,2,2,0,
25.620867,-100.120054,2,2,0,
25.620867,-100.119057,1,1,0,
25.620867,-100.11806,1,1,0,
25.620867,-100.097125,1,1,0,
25.620867,-100.096128,1,1,0,
25.620867,-100.095131,1,1,0,
25.620867,-100.094134,1,1,0,
25.620867,-100.093137,1,1,0,
25.620867,-100.09214,1,1,0,
25.621772,-100.283551,1,1,0,
25.621772,-100.282554,1,1,0,
25.621772,-100.281557,1,1,0,
25.621772,-100.28056,1,1,0,
25.621772,-100.279563,1,1,0,
25.621772,-100.278566,1,1,0,
25.621772,-100.276572,0,0,0,
25.621772,-100.275575,0,0,0,
25.621772,-100.274578,0,0,0,
25.621772,-100.273581,0,0,0,
25.621772,-100.272584,0,0,0,
25.621772,-100.271587,0,0,0,19039_0384
25.621772,-100.270591,0,0,0,19039_0384
25.621772,-100.269594,0,0,0,19039_0384
25.621772,-100.268597,0,0,0,
25.621772,-100.2676,0,0,0,19039_0664
25.621772,-100.266603,0,0,0,19039_0664
25.621772,-100.265606,0,0,0,19039_0664
25.621772,-100.264609,0,0,0,19039_0664
25.621772,-100.263612,0,0,0,19039_0664
25.621772,-100.262615,0,0,0,19039_0664
25.621772,-100.261618,0,0,0,19039_0664
25.621772,-100.260621,0,0,0,
25.621772,-100.259624,0,0,0,
25.621772,-100.258627,0,0,0,
25.621772,-100.25763,0,0,0,
25.621772,-100.174885,0,0,0,
25.621772,-100.173888,0,0,0,
25.621772,-100.172891,1,1,0,
25.621772,-100.171894,1,1,0,19031_0154
25.621772,-100.170897,1,1,0,
25.621772,-100.169901,1,1,0,
25.621772,-100.168904,1,1,0,
25.621772,-100.167907,1,1,0,
25.621772,-100.16691,0,0,0,
25.621772,-100.165913,0,0,0,
25.621772,-100.164916,0,0,0,
25.621772,-100.163919,0,0,0,19031_0108
25.621772,-100.162922,0,0,0,19031_0108
25.621772,-100.161925,0,0,0,19031_0109
25.621772,-100.160928,0,0,0,19031_0109
25.621772,-100.159931,0,0,0,
25.621772,-100.158934,0,0,0,
25.621772,-100.157937,0,0,0,
25.621772,-100.15694,0,0,0,
25.621772,-100.155944,0,0,0,
25.621772,-100.154947,1,1,0,
25.621772,-100.15395,1,1,0,
25.621772,-100.152953,1,1,0,
25.621772,-100.151956,1,1,0,
25.621772,-100.150959,2,2,0,
25.621772,-100.149962,2,2,0,
25.621772,-100.148965,1,1,0,
25.621772,-100.147968,1,1,0,
25.621772,-100.146971,0,0,0,
25.621772,-100.145974,0,0,0,
25.621772,-100.144977,0,0,0,
25.621772,-100.14398,0,0,0,
25.621772,-100.142983,0,0,0,
25.621772,-100.141987,0,0,0,
25.621772,-100.14099,0,0,0,
25.621772,-100.139993,0,0,0,
25.621772,-100.138996,0,0,0,19031_0116
25.621772,-100.137999,0,0,0,19031_0116
25.621772,-100.137002,0,0,0,
25.621772,-100.136005,0,0,0,
25.621772,-100.135008,0,0,0,
25.621772,-100.129026,1,1,0,
25.621772,-100.128029,1,1,0,
25.621772,-100.127033,1,1,0,
25.621772,-100.126036,1,1,0,
25.621772,-100.125039,2,2,0,
25.621772,-100.124042,2,2,0,
25.621772,-100.123045,1,1,0,
25.621772,-100.122048,1,1,0,
25.621772,-100.121051,2,2,0,
25.621772,-100.120054,1,1,0,
25.621772,-100.119057,1,1,0,
25.621772,-100.11806,1,1,0,
25.621772,-100.117063,1,1,0,
25.621772,-100.097125,1,1,0,
25.621772,-100.096128,1,1,0,
25.621772,-100.095131,1,1,0,
25.621772,-100.094134,1,1,0,
25.621772,-100.093137,1,1,0,
25.621772,-100.09214,1,1,0,
25.622676,-100.283551,1,1,0,
25.622676,-100.282554,1,1,0,
25.622676,-100.281557,1,1,0,
25.622676,-100.28056,1,1,0,
25.622676,-100.279563,1,1,0,
25.622676,-100.278566,1,1,0,
25.622676,-100.276572,0,0,0,
25.622676,-100.275575,0,0,0,
25.622676,-100.274578,0,0,0,
25.622676,-100.273581,0,0,0,
25.622676,-100.272584,0,0,0,19039_0384
25.622676,-100.271587,0,0,0,19039_0384
25.622676,-100.270591,0,0,0,19039_0384
25.622676,-100.269594,0,0,0,19039_0384
25.622676,-100.268597,0,0,0,
25.622676,-100.2676,0,0,0,
25.622676,-100.266603,0,0,0,
25.622676,-100.265606,0,0,0,
25.622676,-100.264609,0,0,0,
25.622676,-100.263612,0,0,0,19039_0664
25.622676,-100.262615,0,0,0,19039_0664
25.622676,-100.261618,0,0,0,19039_0664
25.622676,-100.260621,0,0,0,
25.622676,-100.259624,0,0,0,
25.622676,-100.258627,0,0,0,
25.622676,-100.177876,1,1,0,
25.622676,-100.176879,1,1,0,
25.622676,-100.175882,1,1,0,
25.622676,-100.174885,0,0,0,
25.622676,-100.173888,0,0,0,
25.622676,-100.172891,1,1,0,
25.622676,-100.171894,1,1,0,19031_0154
25.622676,-100.170897,1,1,0,
25.622676,-100.169901,1,1,0,
25.622676,-100.168904,1,1,0,
25.622676,-100.167907,0,0,0,
25.622676,-100.16691,0,0,0,
25.622676,-100.165913,0,0,0,
25.622676,-100.164916,0,0,0,
25.622676,-100.163919,0,0,0,
25.622676,-100.162922,0,0,0,19031_0109
25.622676,-100.161925,0,0,0,19031_0109
25.622676,-100.160928,0,0,0,19031_0109
25.622676,-100.159931,0,0,0,19031_0117
25.622676,-100.158934,0,0,0,19031_0117
25.622676,-100.157937,0,0,0,
25.622676,-100.15694,0,0,0,
25.622676,-100.155944,0,0,0,
25.622676,-100.154947,0,0,0,
25.622676,-100.15395,1,1,0,
25.622676,-100.152953,1,1,0,
25.622676,-100.151956,1,1,0,
25.622676,-100.150959,1,1,0,
25.622676,-100.149962,1,1,0,
25.622676,-100.145974,0,0,0,
25.622676,-100.144977,0,0,0,
25.622676,-100.14398,0,0,0,
25.622676,-100.141987,0,0,0,
25.622676,-100.14099,0,0,0,
25.622676,-100.139993,0,0,0,
25.622676,-100.138996,0,0,0,
25.622676,-100.137999,0,0,0,
25.622676,-100.137002,0,0,0,
25.622676,-100.136005,1,1,0,
25.622676,-100.135008,1,1,0,
25.622676,-100.134011,1,1,0,
25.622676,-100.133014,1,1,0,
25.622676,-100.132017,1,1,0,
25.622676,-100.128029,1,1,0,
25.622676,-100.127033,1,1,0,
25.622676,-100.126036,1,1,0,
25.622676,-100.125039,1,1,0,
25.622676,-100.124042,2,2,0,
25.622676,-100.123045,1,1,0,
25.622676,-100.122048,2,2,0,
25.622676,-100.121051,2,2,0,
25.622676,-100.120054,1,1,0,
25.622676,-100.119057,1,1,0,
25.622676,-100.11806,1,1,0,
25.622676,-100.117063,1,1,0,
25.622676,-100.097125,1,1,0,
25.622676,-100.096128,1,1,0,
25.622676,-100.095131,1,1,0,
25.622676,-100.094134,1,1,0,
25.622676,-100.093137,1,1,0,
25.622676,-100.09214,1,1,0,
25.623581,-100.282554,1,1,0,
25.623581,-100.281557,1,1,0,
25.623581,-100.28056,1,1,0,
25.623581,-100.279563,1,1,0,
25.623581,-100.278566,1,1,0,
25.623581,-100.277569,0,0,0,
25.623581,-100.276572,0,0,0,
25.623581,-100.275575,0,0,0,
25.623581,-100.274578,0,0,0,
25.623581,-100.273581,0,0,0,19039_0384
25.623581,-100.272584,0,0,0,19039_0384
25.623581,-100.271587,0,0,0,19039_0384
25.623581,-100.270591,0,0,0,19039_0384
25.623581,-100.269594,0,0,0,
25.623581,-100.268597,0,0,0,
25.623581,-100.2676,0,0,0,
25.623581,-100.266603,0,0,0,
25.623581,-100.265606,0,0,0,
25.623581,-100.264609,0,0,0,
25.623581,-100.263612,0,0,0,
25.623581,-100.262615,0,0,0,
25.623581,-100.261618,0,0,0,
25.623581,-100.260621,0,0,0,
25.623581,-100.259624,0,0,0,
25.623581,-100.258627,0,0,0,
25.623581,-100.178873,1,1,0,
25.623581,-100.177876,1,1,0,
25.623581,-100.176879,1,1,0,
25.623581,-100.175882,1,1,0,
25.623581,-100.174885,1,1,0,
25.623581,-100.173888,0,0,0,
25.623581,-100.172891,0,0,0,
25.623581,-100.171894,1,1,0,
25.623581,-100.170897,1,1,0,
25.623581,-100.169901,1,1,0,
25.623581,-100.168904,0,0,0,
25.623581,-100.167907,0,0,0,
25.623581,-100.16691,0,0,0,
25.623581,-100.165913,0,0,0,
25.623581,-100.164916,0,0,0,
25.623581,-100.163919,0,0,0,
25.623581,-100.162922,0,0,0,19031_0109
25.623581,-100.161925,0,0,0,19031_0109
25.623581,-100.160928,0,0,0,19031_0117
25.623581,-100.159931,0,0,0,19031_0117
25.623581,-100.158934,0,0,0,19031_0117
25.623581,-100.157937,0,0,0,19031_0117
25.623581,-100.15694,0,0,0,
25.623581,-100.155944,0,0,0,
25.623581,-100.154947,0,0,0,
25.623581,-100.15395,1,1,0,
25.623581,-100.152953,1,1,0,
25.623581,-100.151956,1,1,0,
25.623581,-100.150959,1,1,0,
25.623581,-100.149962,1,1,0,
25.623581,-100.141987,0,0,0,
25.623581,-100.14099,0,0,0,
25.623581,-100.139993,0,0,0,
25.623581,-100.138996,0,0,0,
25.623581,-100.137999,0,0,0,
25.623581,-100.137002,0,0,0,
25.623581,-100.136005,1,1,0,
25.623581,-100.135008,1,1,0,
25.623581,-100.134011,1,1,0,
25.623581,-100.133014,1,1,0,
25.623581,-100.132017,1,1,0,
25.623581,-100.127033,1,1,0,
25.623581,-100.126036,1,1,0,
25.623581,-100.122048,1,1,0,
25.623581,-100.121051,1,1,0,
25.623581,-100.120054,1,1,0,
25.623581,-100.119057,1,1,0,
25.623581,-100.11806,1,1,0,
25.623581,-100.117063,1,1,0,
25.623581,-100.096128,1,1,0,
25.623581,-100.095131,1,1,0,
25.623581,-100.094134,1,1,0,
25.623581,-100.093137,1,1,0,
25.623581,-100.09214,1,1,0,
25.623581,-100.07918,1,1,0,
25.623581,-100.078183,1,1,0,
25.623581,-100.077186,1,1,0,
25.623581,-100.076189,1,1,0,
25.624485,-100.281557,1,1,0,
25.624485,-100.28056,1,1,0,
25.624485,-100.278566,0,0,0,
25.624485,-100.277569,0,0,0,
25.624485,-100.276572,0,0,0,
25.624485,-100.275575,0,0,0,
25.624485,-100.274578,0,0,0,
25.624485,-100.273581,0,0,0,19039_0384
25.624485,-100.272584,0,0,0,19039_0384
25.624485,-100.271587,0,0,0,
25.624485,-100.270591,0,0,0,
25.624485,-100.269594,0,0,0,
25.624485,-100.268597,0,0,0,
25.624485,-100.2676,0,0,0,
25.624485,-100.266603,0,0,0,
25.624485,-100.265606,0,0,0,
25.624485,-100.264609,0,0,0,
25.624485,-100.263612,0,0,0,
25.624485,-100.262615,0,0,0,
25.624485,-100.261618,0,0,0,
25.624485,-100.260621,0,0,0,
25.624485,-100.259624,0,0,0,
25.624485,-100.258627,0,0,0,
25.624485,-100.17987,1,1,0,
25.624485,-100.178873,1,1,0,
25.624485,-100.177876,1,1,0,
25.624485,-100.176879,1,1,0,
25.624485,-100.175882,1,1,0,
25.624485,-100.174885,1,1,0,
25.624485,-100.173888,0,0,0,
25.624485,-100.172891,0,0,0,
25.624485,-100.171894,0,0,0,
25.624485,-100.170897,0,0,0,19031_0154
25.624485,-100.169901,0,0,0,19031_0154
25.624485,-100.168904,0,0,0,19031_0154
25.624485,-100.167907,0,0,0,19031_0154
25.624485,-100.16691,0,0,0,19031_0009
25.624485,-100.165913,0,0,0,
25.624485,-100.164916,0,0,0,
25.624485,-100.163919,0,0,0,
25.624485,-100.162922,0,0,0,19031_0109
25.624485,-100.161925,0,0,0,19031_0109
25.624485,-100.160928,0,0,0,
25.624485,-100.159931,1,1,0,19031_0117
25.624485,-100.158934,1,1,0,19031_0117
25.624485,-100.157937,1,1,0,19031_0117
25.624485,-100.15694,1,1,0,
25.624485,-100.155944,0,0,0,
25.624485,-100.154947,0,0,0,
25.624485,-100.15395,0,0,0,
25.624485,-100.152953,0,0,0,
25.624485,-100.151956,1,1,0,
25.624485,-100.14099,0,0,0,
25.624485,-100.139993,0,0,0,
25.624485,-100.138996,0,0,0,
25.624485,-100.137999,0,0,0,
25.624485,-100.137002,0,0,0,
25.624485,-100.136005,1,1,0,
25.624485,-100.135008,1,1,0,
25.624485,-100.134011,1,1,0,
25.624485,-100.133014,1,1,0,
25.624485,-100.132017,1,1,0,
25.624485,-100.13102,1,1,0,
25.624485,-100.121051,1,1,0,
25.624485,-100.120054,1,1,0,
25.624485,-100.119057,1,1,0,
25.624485,-100.11806,1,1,0,
25.624485,-100.117063,1,1,0,
25.624485,-100.095131,1,1,0,
25.624485,-100.094134,1,1,0,
25.624485,-100.093137,1,1,0,
25.624485,-100.07918,1,1,0,
25.624485,-100.078183,1,1,0,
25.624485,-100.077186,1,1,0,
25.624485,-100.076189,1,1,0,
25.624485,-100.075192,1,1,0,
25.624485,-100.064226,1,1,0,
25.624485,-100.063229,1,1,0,
25.624485,-100.062232,1,1,0,
25.624485,-100.061235,1,1,0,
25.624485,-100.060238,1,1,0,
25.625389,-100.289532,0,0,0,
25.625389,-100.288535,0,0,0,
25.625389,-100.287538,0,0,0,
25.625389,-100.286541,0,0,0,
25.625389,-100.285545,0,0,0,
25.625389,-100.284548,0,0,0,
25.625389,-100.283551,0,0,0,
25.625389,-100.282554,0,0,0,
25.625389,-100.281557,0,0,0,
25.625389,-100.28056,0,0,0,
25.625389,-100.279563,0,0,0,
25.625389,-100.278566,0,0,0,
25.625389,-100.277569,0,0,0,
25.625389,-100.276572,0,0,0,
25.625389,-100.275575,0,0,0,
25.625389,-100.274578,0,0,0,
25.625389,-100.273581,0,0,0,19039_0384
25.625389,-100.272584,0,0,0,19039_0384
25.625389,-100.271587,0,0,0,
25.625389,-100.270591,0,0,0,
25.625389,-100.269594,0,0,0,
25.625389,-100.268597,0,0,0,
25.625389,-100.263612,0,0,0,
25.625389,-100.262615,0,0,0,
25.625389,-100.261618,0,0,0,
25.625389,-100.260621,0,0,0,
25.625389,-100.259624,0,0,0,
25.625389,-100.17987,1,1,0,
25.625389,-100.178873,1,1,0,
25.625389,-100.177876,1,1,0,
25.625389,-100.176879,1,1,0,
25.625389,-100.175882,1,1,0,
25.625389,-100.174885,1,1,0,
25.625389,-100.173888,0,0,0,
25.625389,-100.172891,0,0,0,
25.625389,-100.171894,0,0,0,
25.625389,-100.170897,0,0,0,19031_0154
25.625389,-100.169901,0,0,0,19031_0154
25.625389,-100.168904,0,0,0,19031_0154
25.625389,-100.167907,0,0,0,19031_0154
25.625389,-100.16691,0,0,0,19031_0009
25.625389,-100.165913,0,0,0,19031_0009
25.625389,-100.164916,0,0,0,19031_0009
25.625389,-100.163919,0,0,0,19031_0009
25.625389,-100.162922,0,0,0,19031_0109
25.625389,-100.161925,0,0,0,19031_0109
25.625389,-100.160928,0,0,0,19031_0117
25.625389,-100.159931,1,1,0,19031_0117
25.625389,-100.158934,1,1,0,19031_0117
25.625389,-100.157937,1,1,0,19031_0117
25.625389,-100.15694,1,1,0,19031_0117
25.625389,-100.155944,1,1,0,
25.625389,-100.154947,0,0,0,
25.625389,-100.15395,0,0,0,
25.625389,-100.152953,0,0,0,
25.625389,-100.151956,0,0,0,
25.625389,-100.136005,1,1,0,
25.625389,-100.135008,1,1,0,
25.625389,-100.134011,1,1,0,
25.625389,-100.133014,1,1,0,
25.625389,-100.132017,1,1,0,
25.625389,-100.120054,1,1,0,
25.625389,-100.119057,1,1,0,
25.625389,-100.080177,1,1,0,
25.625389,-100.07918,1,1,0,
25.625389,-100.078183,1,1,0,
25.625389,-100.077186,1,1,0,
25.625389,-100.076189,1,1,0,
25.625389,-100.075192,1,1,0,
25.625389,-100.064226,1,1,0,
25.625389,-100.063229,1,1,0,
25.625389,-100.062232,1,1,0,
25.625389,-100.061235,1,1,0,
25.625389,-100.060238,1,1,0,
25.626294,-100.291526,0,0,0,
25.626294,-100.290529,0,0,0,
25.626294,-100.289532,0,0,0,
25.626294,-100.288535,0,0,0,
25.626294,-100.287538,0,0,0,
25.626294,-100.286541,0,0,0,
25.626294,-100.285545,0,0,0,
25.626294,-100.284548,0,0,0,
25.626294,-100.283551,0,0,0,
25.626294,-100.282554,0,0,0,
25.626294,-100.281557,0,0,0,
25.626294,-100.28056,0,0,0,
25.626294,-100.279563,0,0,0,
25.626294,-100.278566,0,0,0,
25.626294,-100.277569,0,0,0,
25.626294,-100.276572,0,0,0,
25.626294,-100.275575,0,0,0,
25.626294,-100.274578,0,0,0,
25.626294,-100.273581,0,0,0,
25.626294,-100.272584,0,0,0,19039_0384
25.626294,-100.271587,0,0,0,
25.626294,-100.270591,0,0,0,
25.626294,-100.269594,0,0,0,
25.626294,-100.178873,1,1,0,
25.626294,-100.177876,1,1,0,
25.626294,-100.176879,1,1,0,
25.626294,-100.175882,1,1,0,
25.626294,-100.174885,1,1,0,
25.626294,-100.173888,0,0,0,
25.626294,-100.172891,0,0,0,
25.626294,-100.171894,0,0,0,
25.626294,-100.170897,0,0,0,19031_0154
25.626294,-100.169901,0,0,0,19031_0154
25.626294,-100.168904,0,0,0,19031_0154
25.626294,-100.167907,0,0,0,19031_0154
25.626294,-100.16691,0,0,0,19031_0009
25.626294,-100.165913,0,0,0,19031_0009
25.626294,-100.164916,0,0,0,
25.626294,-100.163919,0,0,0,
25.626294,-100.162922,0,0,0,19031_0154
25.626294,-100.161925,0,0,0,19031_0117
25.626294,-100.160928,1,1,0,19031_0117
25.626294,-100.159931,1,1,0,19031_0117
25.626294,-100.158934,1,1,0,19031_0117
25.626294,-100.157937,1,1,0,19031_0117
25.626294,-100.15694,1,1,0,19031_0117
25.626294,-100.155944,1,1,0,19031_0117
25.626294,-100.154947,0,0,0,19031_0117
25.626294,-100.15395,0,0,0,
25.626294,-100.152953,0,0,0,
25.626294,-100.151956,0,0,0,
25.626294,-100.136005,1,1,0,
25.626294,-100.135008,1,1,0,
25.626294,-100.134011,1,1,0,
25.626294,-100.133014,1,1,0,
25.626294,-100.132017,1,1,0,
25.626294,-100.080177,1,1,0,
25.626294,-100.07918,1,1,0,
25.626294,-100.078183,1,1,0,
25.626294,-100.077186,1,1,0,
25.626294,-100.076189,1,1,0,
25.626294,-100.075192,1,1,0,
25.626294,-100.064226,1,1,0,
25.626294,-100.063229,1,1,0,
25.626294,-100.062232,1,1,0,
25.626294,-100.061235,1,1,0,
25.626294,-100.060238,1,1,0,
25.626294,-100.059241,1,1,0,
25.627198,-100.292523,1,1,0,
25.627198,-100.291526,1,1,0,
25.627198,-100.290529,1,1,0,
25.627198,-100.289532,1,1,0,
25.627198,-100.288535,1,1,0,
25.627198,-100.287538,0,0,0,
25.627198,-100.286541,0,0,0,
25.627198,-100.285545,0,0,0,
25.627198,-100.284548,0,0,0,
25.627198,-100.283551,0,0,0,
25.627198,-100.282554,1,1,0,
25.627198,-100.281557,1,1,0,
25.627198,-100.28056,1,1,0,
25.627198,-100.279563,0,0,0,
25.627198,-100.278566,0,0,0,19039_0711
25.627198,-100.277569,0,0,0,19039_0711
25.627198,-100.276572,0,0,0,
25.627198,-100.275575,0,0,0,
25.627198,-100.274578,0,0,0,
25.627198,-100.273581,0,0,0,
25.627198,-100.272584,0,0,0,
25.627198,-100.271587,0,0,0,
25.627198,-100.270591,0,0,0,
25.627198,-100.178873,1,1,0,
25.627198,-100.177876,1,1,0,
25.627198,-100.176879,2,2,0,
25.627198,-100.175882,2,2,0,
25.627198,-100.174885,1,1,0,
25.627198,-100.173888,0,0,0,19031_0154
25.627198,-100.172891,0,0,0,
25.627198,-100.171894,0,0,0,
25.627198,-100.170897,0,0,0,19031_0154
25.627198,-100.169901,0,0,0,19031_0154
25.627198,-100.168904,0,0,0,19031_0154
25.627198,-100.167907,1,1,0,19031_0009
25.627198,-100.16691,1,1,0,19031_0009
25.627198,-100.165913,1,1,0,
25.627198,-100.164916,1,1,0,
25.627198,-100.163919,0,0,0,19031_0154
25.627198,-100.162922,0,0,0,19031_0154
25.627198,-100.161925,0,0,0,19031_0154
25.627198,-100.160928,1,1,0,19031_0117
25.627198,-100.159931,1,1,0,19031_0117
25.627198,-100.158934,1,1,0,19031_0117
25.627198,-100.157937,1,1,0,19031_0117
25.627198,-100.15694,1,1,0,19031_0117
25.627198,-100.155944,1,1,0,19031_0117
25.627198,-100.154947,0,0,0,19031_0117
25.627198,-100.15395,0,0,0,
25.627198,-100.152953,0,0,0,
25.627198,-100.151956,0,0,0,
25.627198,-100.134011,1,1,0,
25.627198,-100.103106,1,1,0,
25.627198,-100.102109,1,1,0,
25.627198,-100.101112,1,1,0,
25.627198,-100.100115,1,1,0,
25.627198,-100.07918,1,1,0,
25.627198,-100.078183,1,1,0,
25.627198,-100.077186,1,1,0,
25.627198,-100.076189,1,1,0,
25.627198,-100.075192,1,1,0,
25.627198,-100.064226,1,1,0,
25.627198,-100.063229,1,1,0,
25.627198,-100.062232,1,1,0,
25.627198,-100.061235,1,1,0,
25.627198,-100.060238,1,1,0,
25.628102,-100.294517,0,0,0,
25.628102,-100.29352,0,0,0,
25.628102,-100.292523,1,1,0,
25.628102,-100.291526,1,1,0,
25.628102,-100.290529,1,1,0,
25.628102,-100.289532,1,1,0,
25.628102,-100.288535,1,1,0,19039_0711
25.628102,-100.287538,0,0,0,19039_0711
25.628102,-100.286541,0,0,0,19039_0711
25.628102,-100.285545,0,0,0,19039_0711
25.628102,-100.284548,0,0,0,19039_0711
25.628102,-100.283551,1,1,0,19039_0711
25.628102,-100.282554,1,1,0,
25.628102,-100.281557,1,1,0,
25.628102,-100.28056,1,1,0,
25.628102,-100.279563,1,1,0,19039_0711
25.628102,-100.278566,0,0,0,19039_0711
25.628102,-100.277569,0,0,0,
25.628102,-100.276572,0,0,0,
25.628102,-100.275575,0,0,0,
25.628102,-100.274578,0,0,0,
25.628102,-100.273581,0,0,0,
25.628102,-100.272584,0,0,0,
25.628102,-100.271587,0,0,0,
25.628102,-100.270591,0,0,0,
25.628102,-100.177876,1,1,0,
25.628102,-100.176879,1,1,0,
25.628102,-100.175882,1,1,0,
25.628102,-100.174885,1,1,0,19031_0154
25.628102,-100.173888,1,1,0,19031_0154
25.628102,-100.172891,0,0,0,19031_0154
25.628102,-100.171894,0,0,0,19031_0154
25.628102,-100.170897,0,0,0,19031_0154
25.628102,-100.169901,0,0,0,19031_0154
25.628102,-100.168904,1,1,0,19031_0154
25.628102,-100.167907,1,1,0,19031_0009
25.628102,-100.16691,1,1,0,19031_0009
25.628102,-100.165913,1,1,0,
25.628102,-100.164916,1,1,0,
25.628102,-100.163919,1,1,0,19031_0154
25.628102,-100.162922,0,0,0,19031_0154
25.628102,-100.161925,0,0,0,19031_0154
25.628102,-100.160928,0,0,0,19031_0154
25.628102,-100.159931,1,1,0,19031_0117
25.628102,-100.158934,1,1,0,19031_0117
25.628102,-100.157937,1,1,0,19031_0117
25.628102,-100.15694,1,1,0,19031_0117
25.628102,-100.155944,1,1,0,19031_0117
25.628102,-100.154947,0,0,0,19031_0117
25.628102,-100.15395,0,0,0,
25.628102,-100.152953,0,0,0,
25.628102,-100.151956,0,0,0,
25.628102,-100.104103,1,1,0,
25.628102,-100.103106,1,1,0,
25.628102,-100.102109,1,1,0,
25.628102,-100.101112,1,1,0,
25.628102,-100.100115,1,1,0,
25.628102,-100.099119,1,1,0,
25.628102,-100.078183,1,1,0,
25.628102,-100.077186,1,1,0,
25.628102,-100.076189,1,1,0,
25.628102,-100.064226,1,1,0,
25.628102,-100.063229,1,1,0,
25.628102,-100.062232,1,1,0,
25.628102,-100.061235,1,1,0,
25.628102,-100.060238,1,1,0,
25.629007,-100.295514,0,0,0,
25.629007,-100.294517,0,0,0,
25.629007,-100.29352,1,1,0,
25.629007,-100.292523,1,1,0,
25.629007,-100.291526,1,1,0,
25.629007,-100.290529,1,1,0,19039_0711
25.629007,-100.289532,1,1,0,19039_0711
25.629007,-100.288535,1,1,0,19039_0711
25.629007,-100.287538,0,0,0,19039_0711
25.629007,-100.286541,0,0,0,19039_0711
25.629007,-100.285545,0,0,0,19039_0711
25.629007,-100.284548,0,0,0,19039_0711
25.629007,-100.283551,2,2,0,
25.629007,-100.282554,2,2,0,
25.629007,-100.281557,2,2,0,
25.629007,-100.28056,2,2,0,19039_0711
25.629007,-100.279563,1,1,0,19039_0711
25.629007,-100.278566,1,1,0,19039_0711
25.629007,-100.277569,0,0,0,
25.629007,-100.276572,0,0,0,
25.629007,-100.275575,0,0,0,
25.629007,-100.274578,0,0,0,
25.629007,-100.273581,0,0,0,
25.629007,-100.272584,0,0,0,
25.629007,-100.271587,0,0,0,
25.629007,-100.177876,1,1,0,
25.629007,-100.176879,1,1,0,
25.629007,-100.175882,1,1,0,
25.629007,-100.174885,1,1,0,19031_0154
25.629007,-100.173888,1,1,0,19031_0154
25.629007,-100.172891,1,1,0,19031_0154
25.629007,-100.171894,0,0,0,19031_0154
25.629007,-100.170897,0,0,0,19031_0154
25.629007,-100.169901,0,0,0,19031_0154
25.629007,-100.168904,1,1,0,19031_0154
25.629007,-100.167907,1,1,0,19031_0009
25.629007,-100.16691,1,1,0,
25.629007,-100.165913,1,1,0,
25.629007,-100.164916,1,1,0,19031_0154
25.629007,-100.163919,1,1,0,19031_0154
25.629007,-100.162922,0,0,0,19031_0154
25.629007,-100.161925,0,0,0,19031_0154
25.629007,-100.160928,1,1,0,
25.629007,-100.159931,1,1,0,
25.629007,-100.158934,1,1,0,
25.629007,-100.157937,2,2,0,
25.629007,-100.15694,0,0,0,
25.629007,-100.155944,0,0,0,
25.629007,-100.154947,0,0,0,
25.629007,-100.15395,0,0,0,
25.629007,-100.152953,0,0,0,
25.629007,-100.151956,0,0,0,
25.629007,-100.117063,1,1,0,
25.629007,-100.116066,1,1,0,
25.629007,-100.115069,1,1,0,
25.629007,-100.104103,1,1,0,
25.629007,-100.103106,1,1,0,
25.629007,-100.102109,1,1,0,
25.629007,-100.101112,1,1,0,
25.629007,-100.100115,1,1,0,
25.629007,-100.099119,1,1,0,
25.629007,-100.062232,1,1,0,
25.629911,-100.297508,0,0,0,
25.629911,-100.296511,0,0,0,
25.629911,-100.295514,0,0,0,
25.629911,-100.294517,0,0,0,
25.629911,-100.29352,1,1,0,
25.629911,-100.292523,1,1,0,
25.629911,-100.291526,1,1,0,19039_0104
25.629911,-100.290529,1,1,0,19039_0104
25.629911,-100.289532,1,1,0,19039_0711
25.629911,-100.288535,1,1,0,19039_0711
25.629911,-100.287538,0,0,0,19039_0711
25.629911,-100.286541,0,0,0,19039_0711
25.629911,-100.285545,0,0,0,19039_0711
25.629911,-100.284548,1,1,0,19039_0711
25.629911,-100.283551,2,2,0,19039_0711
25.629911,-100.282554,2,2,0,
25.629911,-100.281557,2,2,0,19039_0711
25.629911,-100.28056,2,2,0,19039_0711
25.629911,-100.279563,2,2,0,19039_0711
25.629911,-100.278566,0,0,0,
25.629911,-100.277569,0,0,0,
25.629911,-100.276572,0,0,0,
25.629911,-100.275575,0,0,0,
25.629911,-100.177876,1,1,0,
25.629911,-100.176879,1,1,0,
25.629911,-100.175882,1,1,0,
25.629911,-100.174885,1,1,0,19031_0154
25.629911,-100.173888,1,1,0,19031_0154
25.629911,-100.172891,1,1,0,19031_0154
25.629911,-100.171894,0,0,0,19031_0154
25.629911,-100.170897,0,0,0,19031_0154
25.629911,-100.169901,0,0,0,19031_0154
25.629911,-100.168904,1,1,0,19031_0154
25.629911,-100.167907,1,1,0,19031_0154
25.629911,-100.16691,1,1,0,19031_0154
25.629911,-100.165913,1,1,0,
25.629911,-100.164916,1,1,0,19031_0154
25.629911,-100.163919,1,1,0,19031_0154
25.629911,-100.162922,0,0,0,19031_0154
25.629911,-100.161925,1,1,0,19031_0154
25.629911,-100.160928,1,1,0,
25.629911,-100.159931,1,1,0,
25.629911,-100.158934,1,1,0,
25.629911,-100.157937,1,1,0,
25.629911,-100.15694,1,1,0,
25.629911,-100.155944,0,0,0,
25.629911,-100.154947,0,0,0,
25.629911,-100.15395,0,0,0,
25.629911,-100.152953,0,0,0,
25.629911,-100.125039,0,0,0,
25.629911,-100.11806,1,1,0,
25.629911,-100.117063,1,1,0,
25.629911,-100.116066,1,1,0,
25.629911,-100.115069,1,1,0,
25.629911,-100.114072,1,1,0,
25.629911,-100.104103,1,1,0,
25.629911,-100.103106,1,1,0,
25.629911,-100.102109,1,1,0,
25.629911,-100.101112,1,1,0,
25.629911,-100.100115,1,1,0,
25.629911,-100.099119,1,1,0,
25.630816,-100.298505,0,0,0,
25.630816,-100.297508,0,0,0,
25.630816,-100.296511,0,0,0,
25.630816,-100.295514,0,0,0,
25.630816,-100.294517,0,0,0,
25.630816,-100.29352,0,0,0,19039_0104
25.630816,-100.292523,1,1,0,19039_0104
25.630816,-100.291526,1,1,0,19039_0104
25.630816,-100.290529,1,1,0,19039_0104
25.630816,-100.289532,1,1,0,19039_0711
25.630816,-100.288535,1,1,0,19039_0711
25.630816,-100.287538,0,0,0,19039_0711
25.630816,-100.286541,0,0,0,19039_0711
25.630816,-100.285545,0,0,0,19039_0711
25.630816,-100.284548,1,1,0,19039_0711
25.630816,-100.283551,2,2,0,19039_0711
25.630816,-100.282554,2,2,0,19039_0711
25.630816,-100.281557,2,2,0,19039_0711
25.630816,-100.28056,2,2,0,19039_0711
25.630816,-100.279563,2,2,0,19039_0711
25.630816,-100.278566,0,0,0,
25.630816,-100.277569,0,0,0,
25.630816,-100.276572,0,0,0,
25.630816,-100.178873,0,0,0,
25.630816,-100.177876,1,1,0,
25.630816,-100.176879,1,1,0,
25.630816,-100.175882,1,1,0,19031_0154
25.630816,-100.174885,1,1,0,19031_0154
25.630816,-100.173888,1,1,0,19031_0154
25.630816,-100.172891,0,0,0,19031_0154
25.630816,-100.171894,0,0,0,19031_0154
25.630816,-100.170897,0,0,0,19031_0154
25.630816,-100.169901,0,0,0,19031_0154
25.630816,-100.168904,1,1,0,19031_0154
25.630816,-100.167907,1,1,0,19031_0154
25.630816,-100.16691,1,1,0,19031_0154
25.630816,-100.165913,1,1,0,19031_0154
25.630816,-100.164916,1,1,0,19031_0154
25.630816,-100.163919,0,0,0,19031_0154
25.630816,-100.162922,0,0,0,19031_0154
25.630816,-100.161925,1,1,0,19031_0154
25.630816,-100.160928,1,1,0,19031_0154
25.630816,-100.159931,1,1,0,
25.630816,-100.158934,1,1,0,
25.630816,-100.157937,1,1,0,
25.630816,-100.15694,1,1,0,
25.630816,-100.155944,0,0,0,
25.630816,-100.154947,0,0,0,
25.630816,-100.15395,0,0,0,
25.630816,-100.152953,0,0,0,
25.630816,-100.129026,0,0,0,
25.630816,-100.128029,0,0,0,
25.630816,-100.127033,0,0,0,
25.630816,-100.126036,0,0,0,
25.630816,-100.125039,0,0,0,
25.630816,-100.124042,0,0,0,
25.630816,-100.123045,0,0,0,
25.630816,-100.119057,1,1,0,
25.630816,-100.11806,1,1,0,
25.630816,-100.117063,1,1,0,
25.630816,-100.116066,1,1,0,
25.630816,-100.115069,1,1,0,
25.630816,-100.114072,1,1,0,
25.630816,-100.104103,1,1,0,
25.630816,-100.103106,1,1,0,
25.630816,-100.102109,1,1,0,
25.630816,-100.101112,1,1,0,
25.630816,-100.100115,1,1,0,
25.63172,-100.301495,0,0,0,
25.63172,-100.300498,0,0,0,
25.63172,-100.299502,1,1,0,
25.63172,-100.298505,1,1,0,
25.63172,-100.297508,1,1,0,
25.63172,-100.296511,0,0,0,
25.63172,-100.295514,0,0,0,
25.63172,-100.294517,0,0,0,19039_0104
25.63172,-100.29352,0,0,0,19039_0104
25.63172,-100.292523,0,0,0,19039_0104
25.63172,-100.291526,0,0,0,19039_0104
25.63172,-100.290529,2,2,0,19039_0104
25.63172,-100.289532,1,1,0,19039_0104
25.63172,-100.288535,0,0,0,19039_0711
25.63172,-100.287538,0,0,0,19039_0711
25.63172,-100.286541,0,0,0,19039_0637
25.63172,-100.285545,0,0,0,19039_0711
25.63172,-100.284548,1,1,0,19039_0711
25.63172,-100.283551,1,1,0,
25.63172,-100.282554,2,2,0,
25.63172,-100.281557,2,2,0,
25.63172,-100.28056,2,2,0,19039_0711
25.63172,-100.279563,1,1,0,
25.63172,-100.278566,0,0,0,
25.63172,-100.277569,0,0,0,
25.63172,-100.276572,0,0,0,
25.63172,-100.178873,0,0,0,
25.63172,-100.177876,0,0,0,
25.63172,-100.176879,1,1,0,
25.63172,-100.175882,1,1,0,19031_0154
25.63172,-100.174885,1,1,0,19031_0154
25.63172,-100.173888,0,0,0,19031_0154
25.63172,-100.172891,0,0,0,19031_0154
25.63172,-100.171894,0,0,0,19031_0154
25.63172,-100.170897,0,0,0,
25.63172,-100.169901,0,0,0,
25.63172,-100.168904,0,0,0,19031_0154
25.63172,-100.167907,1,1,0,19031_0154
25.63172,-100.16691,1,1,0,19031_0154
25.63172,-100.165913,1,1,0,19031_0154
25.63172,-100.164916,1,1,0,19031_0154
25.63172,-100.163919,0,0,0,19031_0154
25.63172,-100.162922,0,0,0,19031_0154
25.63172,-100.161925,1,1,0,19031_0154
25.63172,-100.160928,1,1,0,19031_0154
25.63172,-100.159931,1,1,0,
25.63172,-100.158934,1,1,0,
25.63172,-100.157937,1,1,0,
25.63172,-100.15694,1,1,0,
25.63172,-100.13102,0,0,0,
25.63172,-100.130023,0,0,0,
25.63172,-100.129026,0,0,0,
25.63172,-100.128029,0,0,0,
25.63172,-100.127033,0,0,0,
25.63172,-100.126036,0,0,0,
25.63172,-100.125039,0,0,0,
25.63172,-100.124042,0,0,0,
25.63172,-100.123045,0,0,0,
25.63172,-100.122048,0,0,0,
25.63172,-100.119057,1,1,0,
25.63172,-100.11806,1,1,0,
25.63172,-100.117063,1,1,0,
25.63172,-100.116066,1,1,0,
25.63172,-100.115069,1,1,0,
25.63172,-100.114072,1,1,0,
25.63172,-100.103106,1,1,0,
25.63172,-100.102109,1,1,0,
25.63172,-100.101112,1,1,0,
25.632624,-100.302492,0,0,0,
25.632624,-100.301495,0,0,0,
25.632624,-100.300498,1,1,0,
25.632624,-100.299502,1,1,0,
25.632624,-100.298505,1,1,0,
25.632624,-100.297508,1,1,0,
25.632624,-100.296511,1,1,0,19039_0104
25.632624,-100.295514,0,0,0,19039_0104
25.632624,-100.294517,0,0,0,19039_0104
25.632624,-100.29352,0,0,0,19039_0104
25.632624,-100.292523,0,0,0,19039_0104
25.632624,-100.291526,1,1,0,19039_0104
25.632624,-100.290529,1,1,0,19039_0104
25.632624,-100.289532,1,1,0,19039_0104
25.632624,-100.288535,1,1,0,19039_0104
25.632624,-100.287538,1,1,0,19039_0637
25.632624,-100.286541,0,0,0,19039_0637
25.632624,-100.285545,0,0,0,19039_0637
25.632624,-100.284548,0,0,0,
25.632624,-100.283551,1,1,0,
25.632624,-100.282554,1,1,0,
25.632624,-100.281557,1,1,0,
25.632624,-100.28056,1,1,0,
25.632624,-100.279563,0,0,0,
25.632624,-100.278566,0,0,0,
25.632624,-100.277569,0,0,0,
25.632624,-100.191833,1,1,0,
25.632624,-100.190836,1,1,0,
25.632624,-100.189839,1,1,0,
25.632624,-100.178873,0,0,0,
25.632624,-100.177876,0,0,0,
25.632624,-100.176879,0,0,0,
25.632624,-100.175882,0,0,0,19031_0154
25.632624,-100.174885,0,0,0,19031_0154
25.632624,-100.173888,0,0,0,19031_0154
25.632624,-100.172891,0,0,0,19031_0154
25.632624,-100.171894,0,0,0,19031_0154
25.632624,-100.170897,0,0,0,
25.632624,-100.169901,0,0,0,
25.632624,-100.168904,0,0,0,19031_0154
25.632624,-100.167907,0,0,0,19031_0154
25.632624,-100.16691,0,0,0,19031_0154
25.632624,-100.165913,0,0,0,19031_0154
25.632624,-100.164916,0,0,0,19031_0154
25.632624,-100.163919,0,0,0,19031_0154
25.632624,-100.162922,0,0,0,19031_0154
25.632624,-100.161925,1,1,0,19031_0154
25.632624,-100.160928,1,1,0,19031_0154
25.632624,-100.159931,1,1,0,
25.632624,-100.158934,1,1,0,
25.632624,-100.157937,1,1,0,
25.632624,-100.15694,1,1,0,
25.632624,-100.150959,0,0,0,
25.632624,-100.149962,0,0,0,
25.632624,-100.148965,0,0,0,
25.632624,-100.147968,0,0,0,
25.632624,-100.133014,0,0,0,
25.632624,-100.132017,0,0,0,
25.632624,-100.13102,0,0,0,
25.632624,-100.130023,0,0,0,
25.632624,-100.129026,0,0,0,
25.632624,-100.128029,0,0,0,
25.632624,-100.127033,0,0,0,
25.632624,-100.126036,0,0,0,
25.632624,-100.125039,0,0,0,
25.632624,-100.124042,0,0,0,
25.632624,-100.123045,0,0,0,
25.632624,-100.122048,0,0,0,
25.632624,-100.121051,0,0,0,
25.632624,-100.11806,1,1,0,
25.632624,-100.117063,1,1,0,
25.632624,-100.116066,1,1,0,
25.632624,-100.115069,1,1,0,
25.632624,-100.114072,1,1,0,
25.632624,-100.099119,1,1,0,
25.632624,-100.098122,1,1,0,
25.632624,-100.097125,1,1,0,
25.632624,-100.096128,1,1,0,
25.633529,-100.303489,0,0,0,
25.633529,-100.302492,0,0,0,
25.633529,-100.301495,0,0,0,
25.633529,-100.300498,1,1,0,
25.633529,-100.299502,1,1,0,
25.633529,-100.298505,1,1,0,
25.633529,-100.297508,1,1,0,19039_0104
25.633529,-100.296511,1,1,0,19039_0104
25.633529,-100.295514,1,1,0,19039_0104
25.633529,-100.294517,0,0,0,19039_0104
25.633529,-100.29352,0,0,0,19039_0104
25.633529,-100.292523,1,1,0,19039_0104
25.633529,-100.291526,1,1,0,19039_0104
25.633529,-100.290529,1,1,0,
25.633529,-100.289532,1,1,0,
25.633529,-100.288535,1,1,0,19039_0637
25.633529,-100.287538,1,1,0,19039_0637
25.633529,-100.286541,0,0,0,
25.633529,-100.285545,0,0,0,
25.633529,-100.284548,0,0,0,
25.633529,-100.283551,0,0,0,
25.633529,-100.282554,0,0,0,
25.633529,-100.281557,0,0,0,
25.633529,-100.28056,0,0,0,
25.633529,-100.279563,0,0,0,
25.633529,-100.278566,0,0,0,
25.633529,-100.196818,0,0,0,
25.633529,-100.195821,0,0,0,
25.633529,-100.194824,0,0,0,
25.633529,-100.193827,0,0,0,
25.633529,-100.19283,1,1,0,
25.633529,-100.191833,1,1,0,
25.633529,-100.190836,1,1,0,
25.633529,-100.189839,1,1,0,
25.633529,-100.188842,1,1,0,
25.633529,-100.187845,1,1,0,
25.633529,-100.186848,1,1,0,
25.633529,-100.178873,0,0,0,
25.633529,-100.177876,0,0,0,
25.633529,-100.176879,0,0,0,
25.633529,-100.175882,0,0,0,19031_0154
25.633529,-100.174885,0,0,0,19031_0154
25.633529,-100.173888,0,0,0,19031_0154
25.633529,-100.172891,0,0,0,19031_0154
25.633529,-100.171894,0,0,0,19031_0154
25.633529,-100.170897,0,0,0,
25.633529,-100.169901,0,0,0,
25.633529,-100.168904,0,0,0,19031_0154
25.633529,-100.167907,0,0,0,19031_0154
25.633529,-100.16691,0,0,0,19031_0154
25.633529,-100.165913,0,0,0,19031_0154
25.633529,-100.164916,1,1,0,19031_0154
25.633529,-100.163919,1,1,0,
25.633529,-100.162922,1,1,0,19031_0154
25.633529,-100.161925,1,1,0,19031_0154
25.633529,-100.160928,1,1,0,19031_0154
25.633529,-100.159931,1,1,0,
25.633529,-100.158934,1,1,0,
25.633529,-100.157937,1,1,0,
25.633529,-100.15694,0,0,0,
25.633529,-100.155944,0,0,0,
25.633529,-100.151956,0,0,0,
25.633529,-100.150959,0,0,0,
25.633529,-100.149962,0,0,0,
25.633529,-100.148965,1,1,0,
25.633529,-100.147968,1,1,0,
25.633529,-100.146971,1,1,0,
25.633529,-100.134011,0,0,0,
25.633529,-100.133014,0,0,0,
25.633529,-100.132017,0,0,0,
25.633529,-100.13102,0,0,0,
25.633529,-100.130023,0,0,0,
25.633529,-100.129026,0,0,0,
25.633529,-100.128029,0,0,0,19031_0057
25.633529,-100.127033,0,0,0,19031_0057
25.633529,-100.126036,0,0,0,19031_0057
25.633529,-100.125039,0,0,0,19031_0057
25.633529,-100.124042,0,0,0,19031_0057
25.633529,-100.123045,0,0,0,
25.633529,-100.122048,0,0,0,
25.633529,-100.121051,0,0,0,
25.633529,-100.120054,0,0,0,
25.633529,-100.117063,1,1,0,
25.633529,-100.116066,1,1,0,
25.633529,-100.115069,1,1,0,
25.633529,-100.100115,1,1,0,
25.633529,-100.099119,1,1,0,
25.633529,-100.098122,1,1,0,
25.633529,-100.097125,1,1,0,
25.633529,-100.096128,1,1,0,
25.633529,-100.095131,1,1,0,
25.634433,-100.304486,1,1,0,
25.634433,-100.303489,1,1,0,
25.634433,-100.302492,1,1,0,
25.634433,-100.301495,0,0,0,
25.634433,-100.300498,1,1,0,19039_0104
25.634433,-100.299502,1,1,0,19039_0104
25.634433,-100.298505,1,1,0,19039_0104
25.634433,-100.297508,1,1,0,19039_0104
25.634433,-100.296511,1,1,0,19039_0104
25.634433,-100.295514,1,1,0,19039_0104
25.634433,-100.294517,0,0,0,19039_0104
25.634433,-100.29352,0,0,0,19039_0104
25.634433,-100.292523,1,1,0,19039_0104
25.634433,-100.291526,1,1,0,19039_0104
25.634433,-100.290529,1,1,0,
25.634433,-100.289532,1,1,0,19039_0637
25.634433,-100.288535,1,1,0,19039_0637
25.634433,-100.287538,1,1,0,
25.634433,-100.286541,0,0,0,
25.634433,-100.285545,0,0,0,
25.634433,-100.284548,0,0,0,
25.634433,-100.283551,0,0,0,
25.634433,-100.28056,0,0,0,
25.634433,-100.279563,0,0,0,
25.634433,-100.213766,0,0,0,
25.634433,-100.212769,0,0,0,
25.634433,-100.197815,0,0,0,
25.634433,-100.196818,0,0,0,
25.634433,-100.195821,0,0,0,
25.634433,-100.194824,0,0,0,
25.634433,-100.193827,1,1,0,
25.634433,-100.19283,1,1,0,
25.634433,-100.191833,1,1,0,
25.634433,-100.190836,1,1,0,
25.634433,-100.189839,1,1,0,
25.634433,-100.188842,2,2,0,
25.634433,-100.187845,1,1,0,
25.634433,-100.186848,1,1,0,
25.634433,-100.185851,1,1,0,
25.634433,-100.184855,1,1,0,
25.634433,-100.178873,0,0,0,
25.634433,-100.177876,0,0,0,
25.634433,-100.176879,0,0,0,
25.634433,-100.175882,0,0,0,
25.634433,-100.174885,0,0,0,
25.634433,-100.173888,0,0,0,
25.634433,-100.172891,0,0,0,19031_0154
25.634433,-100.171894,0,0,0,
25.634433,-100.170897,0,0,0,
25.634433,-100.169901,0,0,0,
25.634433,-100.168904,0,0,0,19031_0154
25.634433,-100.167907,0,0,0,19031_0154
25.634433,-100.16691,0,0,0,19031_0154
25.634433,-100.165913,0,0,0,19031_0154
25.634433,-100.164916,1,1,0,
25.634433,-100.163919,1,1,0,
25.634433,-100.162922,1,1,0,
25.634433,-100.161925,1,1,0,19031_0154
25.634433,-100.160928,1,1,0,19031_0154
25.634433,-100.159931,0,0,0,19031_0154
25.634433,-100.158934,0,0,0,
25.634433,-100.157937,0,0,0,
25.634433,-100.15694,0,0,0,
25.634433,-100.155944,0,0,0,
25.634433,-100.152953,0,0,0,
25.634433,-100.151956,0,0,0,
25.634433,-100.150959,0,0,0,
25.634433,-100.149962,1,1,0,
25.634433,-100.148965,1,1,0,
25.634433,-100.147968,1,1,0,
25.634433,-100.146971,1,1,0,
25.634433,-100.145974,1,1,0,
25.634433,-100.135008,0,0,0,
25.634433,-100.134011,0,0,0,
25.634433,-100.133014,0,0,0,
25.634433,-100.132017,0,0,0,
25.634433,-100.13102,0,0,0,19031_0057
25.634433,-100.130023,0,0,0,19031_0057
25.634433,-100.129026,0,0,0,19031_0057
25.634433,-100.128029,0,0,0,19031_0057
25.634433,-100.127033,0,0,0,19031_0057
25.634433,-100.126036,0,0,0,19031_0057
25.634433,-100.125039,0,0,0,19031_0057
25.634433,-100.124042,0,0,0,19031_0057
25.634433,-100.123045,0,0,0,19031_0057
25.634433,-100.122048,0,0,0,
25.634433,-100.121051,0,0,0,
25.634433,-100.120054,0,0,0,
25.634433,-100.119057,0,0,0,
25.634433,-100.100115,1,1,0,
25.634433,-100.099119,1,1,0,
25.634433,-100.098122,1,1,0,
25.634433,-100.097125,1,1,0,
25.634433,-100.096128,1,1,0,
25.634433,-100.095131,1,1,0,
25.635337,-100.305483,1,1,0,
25.635337,-100.304486,1,1,0,
25.635337,-100.303489,1,1,0,
25.635337,-100.302492,1,1,0,
25.635337,-100.301495,1,1,0,19039_0104
25.635337,-100.300498,1,1,0,19039_0104
25.635337,-100.299502,1,1,0,19039_0104
25.635337,-100.298505,1,1,0,19039_0104
25.635337,-100.297508,1,1,0,19039_0104
25.635337,-100.296511,1,1,0,19039_0104
25.635337,-100.295514,0,0,0,19039_0104
25.635337,-100.294517,0,0,0,19039_0104
25.635337,-100.29352,0,0,0,19039_0104
25.635337,-100.292523,1,1,0,19039_0104
25.635337,-100.291526,1,1,0,19039_0104
25.635337,-100.290529,1,1,0,
25.635337,-100.289532,1,1,0,19039_0637
25.635337,-100.288535,1,1,0,
25.635337,-100.287538,1,1,0,
25.635337,-100.286541,0,0,0,
25.635337,-100.285545,0,0,0,
25.635337,-100.284548,0,0,0,
25.635337,-100.215759,0,0,0,
25.635337,-100.214762,0,0,0,
25.635337,-100.213766,0,0,0,
25.635337,-100.212769,0,0,0,
25.635337,-100.211772,0,0,0,
25.635337,-100.197815,0,0,0,
25.635337,-100.196818,0,0,0,
25.635337,-100.195821,0,0,0,
25.635337,-100.194824,0,0,0,
25.635337,-100.193827,1,1,0,
25.635337,-100.19283,1,1,0,
25.635337,-100.191833,1,1,0,
25.635337,-100.190836,1,1,0,
25.635337,-100.189839,2,2,0,
25.635337,-100.188842,2,2,0,
25.635337,-100.187845,1,1,0,
25.635337,-100.186848,1,1,0,
25.635337,-100.185851,1,1,0,
25.635337,-100.184855,1,1,0,
25.635337,-100.177876,0,0,0,
25.635337,-100.176879,0,0,0,
25.635337,-100.175882,0,0,0,
25.635337,-100.174885,0,0,0,
25.635337,-100.173888,0,0,0,
25.635337,-100.172891,0,0,0,19031_0154
25.635337,-100.171894,0,0,0,
25.635337,-100.170897,0,0,0,
25.635337,-100.169901,0,0,0,
25.635337,-100.168904,0,0,0,19031_0154
25.635337,-100.167907,0,0,0,19031_0154
25.635337,-100.16691,1,1,0,19031_0154
25.635337,-100.165913,2,2,0,
25.635337,-100.164916,2,2,0,
25.635337,-100.163919,2,2,0,
25.635337,-100.162922,2,2,0,
25.635337,-100.161925,1,1,0,
25.635337,-100.160928,1,1,0,19031_0154
25.635337,-100.159931,0,0,0,19031_0154
25.635337,-100.158934,0,0,0,19031_0154
25.635337,-100.157937,0,0,0,
25.635337,-100.15694,0,0,0,
25.635337,-100.155944,0,0,0,
25.635337,-100.152953,0,0,0,
25.635337,-100.151956,0,0,0,
25.635337,-100.150959,1,1,0,
25.635337,-100.149962,1,1,0,19031_0133
25.635337,-100.148965,1,1,0,19031_0133
25.635337,-100.147968,1,1,0,
25.635337,-100.146971,1,1,0,
25.635337,-100.145974,1,1,0,
25.635337,-100.144977,0,0,0,
25.635337,-100.136005,0,0,0,
25.635337,-100.135008,0,0,0,
25.635337,-100.134011,0,0,0,
25.635337,-100.133014,0,0,0,
25.635337,-100.132017,0,0,0,19031_0057
25.635337,-100.13102,0,0,0,19031_0057
25.635337,-100.130023,0,0,0,19031_0057
25.635337,-100.129026,0,0,0,19031_0057
25.635337,-100.128029,0,0,0,19031_0057
25.635337,-100.127033,0,0,0,19031_0057
25.635337,-100.126036,0,0,0,19031_0057
25.635337,-100.125039,0,0,0,19031_0057
25.635337,-100.124042,0,0,0,19031_0057
25.635337,-100.123045,0,0,0,19031_0057
25.635337,-100.122048,0,0,0,19031_0057
25.635337,-100.121051,0,0,0,
25.635337,-100.120054,0,0,0,
25.635337,-100.119057,0,0,0,
25.635337,-100.116066,1,1,0,
25.635337,-100.115069,1,1,0,
25.635337,-100.114072,1,1,0,
25.635337,-100.100115,1,1,0,
25.635337,-100.099119,1,1,0,
25.635337,-100.098122,1,1,0,
25.635337,-100.097125,1,1,0,
25.635337,-100.096128,1,1,0,
25.635337,-100.095131,1,1,0,
25.636242,-100.309471,1,1,0,
25.636242,-100.308474,1,1,0,
25.636242,-100.307477,1,1,0,
25.636242,-100.30648,0,0,0,
25.636242,-100.305483,1,1,0,
25.636242,-100.304486,1,1,0,
25.636242,-100.303489,1,1,0,
25.636242,-100.302492,1,1,0,19039_0104
25.636242,-100.301495,1,1,0,19039_0104
25.636242,-100.300498,0,0,0,19039_0104
25.636242,-100.299502,1,1,0,19039_0104
25.636242,-100.298505,1,1,0,19039_0104
25.636242,-100.297508,1,1,0,19039_0104
25.636242,-100.296511,0,0,0,19039_0104
25.636242,-100.295514,0,0,0,19039_0104
25.636242,-100.294517,0,0,0,19039_0104
25.636242,-100.29352,0,0,0,19039_0104
25.636242,-100.292523,0,0,0,19039_0104
25.636242,-100.291526,1,1,0,
25.636242,-100.290529,1,1,0,
25.636242,-100.289532,1,1,0,
25.636242,-100.288535,1,1,0,
25.636242,-100.287538,0,0,0,
25.636242,-100.286541,0,0,0,
25.636242,-100.285545,0,0,0,
25.636242,-100.217753,0,0,0,
25.636242,-100.216756,0,0,0,
25.636242,-100.215759,0,0,0,
25.636242,-100.214762,0,0,0,
25.636242,-100.213766,0,0,0,
25.636242,-100.212769,0,0,0,
25.636242,-100.211772,0,0,0,
25.636242,-100.210775,0,0,0,
25.636242,-100.207784,0,0,0,
25.636242,-100.197815,0,0,0,
25.636242,-100.196818,0,0,0,
25.636242,-100.195821,0,0,0,
25.636242,-100.194824,0,0,0,
25.636242,-100.193827,0,0,0,19026_0426
25.636242,-100.19283,1,1,0,19026_0426
25.636242,-100.191833,1,1,0,19026_0426
25.636242,-100.190836,1,1,0,
25.636242,-100.189839,2,2,0,
25.636242,-100.188842,2,2,0,
25.636242,-100.187845,1,1,0,
25.636242,-100.186848,1,1,0,
25.636242,-100.185851,1,1,0,
25.636242,-100.184855,1,1,0,
25.636242,-100.176879,0,0,0,
25.636242,-100.175882,0,0,0,
25.636242,-100.174885,0,0,0,
25.636242,-100.173888,0,0,0,19031_0154
25.636242,-100.172891,0,0,0,19031_0154
25.636242,-100.171894,0,0,0,
25.636242,-100.170897,0,0,0,
25.636242,-100.169901,0,0,0,
25.636242,-100.168904,0,0,0,19031_0154
25.636242,-100.167907,0,0,0,19031_0154
25.636242,-100.16691,1,1,0,
25.636242,-100.165913,2,2,0,
25.636242,-100.164916,2,2,0,
25.636242,-100.163919,2,2,0,
25.636242,-100.162922,2,2,0,
25.636242,-100.161925,1,1,0,
25.636242,-100.160928,1,1,0,
25.636242,-100.159931,0,0,0,19031_0154
25.636242,-100.158934,0,0,0,
25.636242,-100.157937,0,0,0,
25.636242,-100.15694,0,0,0,
25.636242,-100.155944,0,0,0,
25.636242,-100.15395,0,0,0,
25.636242,-100.152953,0,0,0,
25.636242,-100.151956,0,0,0,
25.636242,-100.150959,1,1,0,
25.636242,-100.149962,1,1,0,19031_0133
25.636242,-100.148965,1,1,0,19031_0133
25.636242,-100.147968,1,1,0,19031_0133
25.636242,-100.146971,1,1,0,
25.636242,-100.145974,1,1,0,
25.636242,-100.144977,0,0,0,
25.636242,-100.14398,0,0,0,
25.636242,-100.137002,0,0,0,
25.636242,-100.136005,0,0,0,
25.636242,-100.135008,0,0,0,
25.636242,-100.134011,0,0,0,
25.636242,-100.133014,0,0,0,19031_0057
25.636242,-100.132017,0,0,0,19031_0057
25.636242,-100.13102,0,0,0,19031_0057
25.636242,-100.130023,0,0,0,19031_0057
25.636242,-100.129026,0,0,0,19031_0057
25.636242,-100.128029,0,0,0,19031_0057
25.636242,-100.127033,0,0,0,19031_0057
25.636242,-100.126036,0,0,0,19031_0057
25.636242,-100.125039,0,0,0,19031_0057
25.636242,-100.124042,0,0,0,19031_0057
25.636242,-100.123045,0,0,0,
25.636242,-100.122048,0,0,0,
25.636242,-100.121051,0,0,0,
25.636242,-100.120054,0,0,0,
25.636242,-100.119057,0,0,0,
25.636242,-100.117063,1,1,0,
25.636242,-100.116066,1,1,0,
25.636242,-100.115069,1,1,0,
25.636242,-100.114072,1,1,0,
25.636242,-100.113076,1,1,0,
25.636242,-100.100115,1,1,0,
25.636242,-100.099119,1,1,0,
25.636242,-100.098122,1,1,0,
25.636242,-100.097125,1,1,0,
25.636242,-100.096128,1,1,0,
25.637146,-100.310468,1,1,0,
25.637146,-100.309471,1,1,0,
25.637146,-100.308474,1,1,0,
25.637146,-100.307477,1,1,0,
25.637146,-100.30648,1,1,0,
25.637146,-100.305483,1,1,0,
25.637146,-100.304486,1,1,0,
25.637146,-100.303489,1,1,0,19039_0383
25.637146,-100.302492,1,1,0,19039_0383
25.637146,-100.301495,1,1,0,19039_0104
25.637146,-100.300498,0,0,0,19039_0104
25.637146,-100.299502,0,0,0,19039_0104
25.637146,-100.298505,0,0,0,19039_0104
25.637146,-100.297508,0,0,0,19039_0104
25.637146,-100.296511,0,0,0,19039_0104
25.637146,-100.295514,0,0,0,19039_0104
25.637146,-100.294517,0,0,0,19039_0104
25.637146,-100.29352,0,0,0,
25.637146,-100.292523,0,0,0,
25.637146,-100.291526,0,0,0,
25.637146,-100.290529,0,0,0,
25.637146,-100.289532,0,0,0,
25.637146,-100.288535,0,0,0,
25.637146,-100.287538,0,0,0,
25.637146,-100.286541,0,0,0,
25.637146,-100.219747,0,0,0,
25.637146,-100.21875,0,0,0,
25.637146,-100.217753,0,0,0,
25.637146,-100.216756,0,0,0,
25.637146,-100.215759,0,0,0,
25.637146,-100.214762,0,0,0,
25.637146,-100.213766,0,0,0,19026_0460
25.637146,-100.212769,0,0,0,
25.637146,-100.211772,0,0,0,
25.637146,-100.210775,0,0,0,
25.637146,-100.209778,0,0,0,
25.637146,-100.208781,0,0,0,
25.637146,-100.207784,0,0,0,
25.637146,-100.206787,0,0,0,
25.637146,-100.20579,0,0,0,
25.637146,-100.196818,0,0,0,
25.637146,-100.195821,0,0,0,
25.637146,-100.194824,0,0,0,
25.637146,-100.193827,0,0,0,19026_0426
25.637146,-100.19283,1,1,0,19026_0426
25.637146,-100.191833,1,1,0,19026_0426
25.637146,-100.190836,1,1,0,19026_0426
25.637146,-100.189839,2,2,0,19026_0426
25.637146,-100.188842,1,1,0,19026_0426
25.637146,-100.187845,1,1,0,19026_0426
25.637146,-100.186848,1,1,0,
25.637146,-100.185851,1,1,0,
25.637146,-100.184855,1,1,0,
25.637146,-100.176879,0,0,0,
25.637146,-100.175882,0,0,0,
25.637146,-100.174885,0,0,0,
25.637146,-100.173888,0,0,0,
25.637146,-100.172891,0,0,0,19031_0154
25.637146,-100.171894,0,0,0,
25.637146,-100.170897,0,0,0,
25.637146,-100.169901,0,0,0,
25.637146,-100.168904,0,0,0,19031_0154
25.637146,-100.167907,0,0,0,
25.637146,-100.16691,1,1,0,
25.637146,-100.165913,1,1,0,
25.637146,-100.164916,2,2,0,
25.637146,-100.163919,2,2,0,
25.637146,-100.162922,2,2,0,
25.637146,-100.161925,2,2,0,
25.637146,-100.160928,1,1,0,
25.637146,-100.159931,0,0,0,
25.637146,-100.158934,0,0,0,
25.637146,-100.157937,0,0,0,
25.637146,-100.15694,0,0,0,
25.637146,-100.152953,0,0,0,
25.637146,-100.151956,0,0,0,
25.637146,-100.150959,1,1,0,
25.637146,-100.149962,1,1,0,
25.637146,-100.148965,1,1,0,19031_0133
25.637146,-100.147968,1,1,0,19031_0133
25.637146,-100.146971,1,1,0,19031_0133
25.637146,-100.145974,1,1,0,
25.637146,-100.144977,0,0,0,
25.637146,-100.14398,0,0,0,
25.637146,-100.142983,0,0,0,
25.637146,-100.137002,0,0,0,
25.637146,-100.136005,0,0,0,
25.637146,-100.135008,0,0,0,
25.637146,-100.134011,0,0,0,19031_0057
25.637146,-100.133014,0,0,0,19031_0057
25.637146,-100.132017,0,0,0,19031_0057
25.637146,-100.13102,0,0,0,19031_0057
25.637146,-100.130023,0,0,0,19031_0057
25.637146,-100.129026,0,0,0,19031_0057
25.637146,-100.128029,0,0,0,19031_0057
25.637146,-100.127033,0,0,0,19031_0057
25.637146,-100.126036,0,0,0,19031_0057
25.637146,-100.125039,0,0,0,19031_0057
25.637146,-100.124042,0,0,0,19031_0057
25.637146,-100.123045,0,0,0,
25.637146,-100.122048,0,0,0,
25.637146,-100.121051,0,0,0,
25.637146,-100.120054,0,0,0,
25.637146,-100.119057,0,0,0,
25.637146,-100.11806,1,1,0,
25.637146,-100.117063,1,1,0,
25.637146,-100.116066,1,1,0,
25.637146,-100.115069,1,1,0,
25.637146,-100.114072,1,1,0,
25.637146,-100.113076,1,1,0,
25.637146,-100.098122,1,1,0,
25.637146,-100.097125,1,1,0,
25.638051,-100.311465,0,0,0,
25.638051,-100.310468,1,1,0,
25.638051,-100.309471,1,1,0,
25.638051,-100.308474,1,1,0,
25.638051,-100.307477,1,1,0,
25.638051,-100.30648,1,1,0,
25.638051,-100.305483,2,2,0,
25.638051,-100.304486,1,1,0,
25.638051,-100.303489,1,1,0,19039_0383
25.638051,-100.302492,1,1,0,19039_0383
25.638051,-100.301495,1,1,0,19039_0383
25.638051,-100.300498,0,0,0,19039_0104
25.638051,-100.299502,0,0,0,19039_0104
25.638051,-100.298505,0,0,0,19039_0104
25.638051,-100.297508,0,0,0,19039_0104
25.638051,-100.296511,0,0,0,19039_0104
25.638051,-100.295514,0,0,0,
25.638051,-100.294517,0,0,0,
25.638051,-100.29352,0,0,0,
25.638051,-100.292523,0,0,0,
25.638051,-100.291526,0,0,0,
25.638051,-100.290529,0,0,0,
25.638051,-100.289532,0,0,0,
25.638051,-100.288535,0,0,0,
25.638051,-100.287538,0,0,0,
25.638051,-100.219747,0,0,0,
25.638051,-100.21875,0,0,0,
25.638051,-100.217753,0,0,0,
25.638051,-100.216756,0,0,0,
25.638051,-100.215759,0,0,0,
25.638051,-100.214762,0,0,0,19026_0460
25.638051,-100.213766,0,0,0,19026_0460
25.638051,-100.212769,0,0,0,
25.638051,-100.211772,0,0,0,
25.638051,-100.210775,0,0,0,
25.638051,-100.209778,0,0,0,
25.638051,-100.208781,0,0,0,
25.638051,-100.207784,0,0,0,
25.638051,-100.206787,0,0,0,
25.638051,-100.20579,0,0,0,
25.638051,-100.204793,0,0,0,
25.638051,-100.196818,0,0,0,
25.638051,-100.195821,0,0,0,
25.638051,-100.194824,0,0,0,
25.638051,-100.193827,0,0,0,
25.638051,-100.19283,0,0,0,19026_0426
25.638051,-100.191833,0,0,0,19026_0426
25.638051,-100.190836,0,0,0,19026_0426
25.638051,-100.189839,0,0,0,19026_0426
25.638051,-100.188842,1,1,0,19026_0426
25.638051,-100.187845,1,1,0,19026_0426
25.638051,-100.186848,1,1,0,
25.638051,-100.185851,1,1,0,
25.638051,-100.184855,0,0,0,
25.638051,-100.175882,0,0,0,
25.638051,-100.174885,0,0,0,
25.638051,-100.173888,0,0,0,
25.638051,-100.172891,0,0,0,
25.638051,-100.171894,0,0,0,
25.638051,-100.170897,0,0,0,
25.638051,-100.169901,0,0,0,
25.638051,-100.168904,0,0,0,
25.638051,-100.167907,0,0,0,
25.638051,-100.16691,1,1,0,
25.638051,-100.165913,1,1,0,
25.638051,-100.164916,1,1,0,
25.638051,-100.163919,2,2,0,
25.638051,-100.162922,2,2,0,
25.638051,-100.161925,0,0,0,
25.638051,-100.160928,0,0,0,
25.638051,-100.159931,0,0,0,
25.638051,-100.158934,0,0,0,
25.638051,-100.157937,0,0,0,
25.638051,-100.152953,0,0,0,
25.638051,-100.151956,0,0,0,
25.638051,-100.150959,0,0,0,
25.638051,-100.149962,1,1,0,
25.638051,-100.148965,1,1,0,
25.638051,-100.147968,1,1,0,19031_0133
25.638051,-100.146971,1,1,0,19031_0133
25.638051,-100.145974,0,0,0,19031_0133
25.638051,-100.144977,0,0,0,
25.638051,-100.14398,0,0,0,
25.638051,-100.142983,0,0,0,
25.638051,-100.141987,0,0,0,
25.638051,-100.137002,0,0,0,
25.638051,-100.136005,0,0,0,
25.638051,-100.135008,0,0,0,
25.638051,-100.134011,0,0,0,
25.638051,-100.133014,0,0,0,
25.638051,-100.132017,0,0,0,
25.638051,-100.13102,0,0,0,
25.638051,-100.130023,0,0,0,
25.638051,-100.129026,0,0,0,19031_0057
25.638051,-100.128029,0,0,0,19031_0057
25.638051,-100.127033,0,0,0,19031_0057
25.638051,-100.126036,0,0,0,19031_0057
25.638051,-100.125039,0,0,0,19031_0057
25.638051,-100.124042,0,0,0,
25.638051,-100.123045,0,0,0,
25.638051,-100.122048,0,0,0,
25.638051,-100.121051,0,0,0,
25.638051,-100.120054,0,0,0,
25.638051,-100.11806,1,1,0,
25.638051,-100.117063,1,1,0,
25.638051,-100.116066,1,1,0,
25.638051,-100.115069,1,1,0,
25.638051,-100.114072,1,1,0,
25.638051,-100.113076,1,1,0,
25.638955,-100.312462,0,0,0,
25.638955,-100.311465,1,0,1,
25.638955,-100.310468,2,1,1,
25.638955,-100.309471,1,1,0,
25.638955,-100.308474,1,1,0,
25.638955,-100.307477,1,1,0,
25.638955,-100.30648,1,1,0,19039_0381
25.638955,-100.305483,1,1,0,19039_0381
25.638955,-100.304486,1,1,0,19039_0381
25.638955,-100.303489,1,1,0,19039_0383
25.638955,-100.302492,1,1,0,19039_0383
25.638955,-100.301495,0,0,0,19039_0383
25.638955,-100.300498,0,0,0,19039_0383
25.638955,-100.299502,0,0,0,19039_0383
25.638955,-100.298505,0,0,0,19039_0383
25.638955,-100.297508,0,0,0,19039_0104
25.638955,-100.296511,0,0,0,19039_0104
25.638955,-100.295514,0,0,0,
25.638955,-100.294517,0,0,0,
25.638955,-100.29352,0,0,0,
25.638955,-100.292523,0,0,0,
25.638955,-100.291526,0,0,0,
25.638955,-100.219747,0,0,0,
25.638955,-100.21875,0,0,0,
25.638955,-100.217753,0,0,0,
25.638955,-100.216756,0,0,0,19026_0460
25.638955,-100.215759,0,0,0,19026_0460
25.638955,-100.214762,0,0,0,19026_0460
25.638955,-100.213766,0,0,0,19026_0460
25.638955,-100.212769,0,0,0,
25.638955,-100.211772,0,0,0,
25.638955,-100.210775,0,0,0,
25.638955,-100.209778,0,0,0,
25.638955,-100.208781,0,0,0,
25.638955,-100.207784,0,0,0,
25.638955,-100.206787,0,0,0,
25.638955,-100.20579,0,0,0,
25.638955,-100.204793,0,0,0,
25.638955,-100.203796,0,0,0,
25.638955,-100.195821,0,0,0,
25.638955,-100.194824,0,0,0,
25.638955,-100.193827,0,0,0,
25.638955,-100.19283,0,0,0,
25.638955,-100.191833,0,0,0,19026_0426
25.638955,-100.190836,0,0,0,19026_0426
25.638955,-100.189839,0,0,0,19026_0426
25.638955,-100.188842,0,0,0,19026_0426
25.638955,-100.187845,0,0,0,19026_0426
25.638955,-100.186848,0,0,0,19026_0426
25.638955,-100.185851,0,0,0,
25.638955,-100.184855,0,0,0,
25.638955,-100.183858,0,0,0,
25.638955,-100.175882,0,0,0,
25.638955,-100.174885,0,0,0,
25.638955,-100.173888,0,0,0,
25.638955,-100.172891,0,0,0,
25.638955,-100.171894,0,0,0,
25.638955,-100.170897,0,0,0,
25.638955,-100.169901,0,0,0,
25.638955,-100.168904,0,0,0,
25.638955,-100.167907,0,0,0,
25.638955,-100.16691,1,1,0,
25.638955,-100.165913,1,1,0,
25.638955,-100.164916,1,1,0,
25.638955,-100.163919,1,1,0,
25.638955,-100.162922,1,1,0,
25.638955,-100.161925,0,0,0,
25.638955,-100.160928,0,0,0,
25.638955,-100.159931,0,0,0,
25.638955,-100.158934,0,0,0,
25.638955,-100.157937,0,0,0,
25.638955,-100.150959,0,0,0,
25.638955,-100.149962,0,0,0,
25.638955,-100.148965,0,0,0,
25.638955,-100.147968,0,0,0,
25.638955,-100.146971,0,0,0,19031_0133
25.638955,-100.145974,0,0,0,19031_0133
25.638955,-100.144977,0,0,0,19031_0133
25.638955,-100.14398,0,0,0,
25.638955,-100.142983,0,0,0,
25.638955,-100.141987,0,0,0,
25.638955,-100.14099,0,0,0,
25.638955,-100.137002,0,0,0,
25.638955,-100.136005,0,0,0,
25.638955,-100.135008,0,0,0,
25.638955,-100.134011,0,0,0,
25.638955,-100.133014,0,0,0,
25.638955,-100.132017,0,0,0,
25.638955,-100.13102,0,0,0,
25.638955,-100.130023,0,0,0,
25.638955,-100.129026,0,0,0,
25.638955,-100.128029,0,0,0,
25.638955,-100.127033,0,0,0,
25.638955,-100.126036,0,0,0,
25.638955,-100.125039,0,0,0,
25.638955,-100.124042,0,0,0,
25.638955,-100.123045,0,0,0,
25.638955,-100.122048,0,0,0,
25.638955,-100.121051,0,0,0,
25.638955,-100.117063,1,1,0,
25.638955,-100.116066,1,1,0,
25.638955,-100.115069,1,1,0,
25.638955,-100.114072,1,1,0,
25.638955,-100.113076,1,1,0,
25.639859,-100.312462,1,0,1,
25.639859,-100.311465,1,0,1,
25.639859,-100.310468,2,1,1,
25.639859,-100.309471,2,1,1,
25.639859,-100.308474,2,1,1,19039_0381
25.639859,-100.307477,1,1,0,19039_0381
25.639859,-100.30648,1,1,0,19039_0381
25.639859,-100.305483,0,0,0,19039_0381
25.639859,-100.304486,0,0,0,19039_0381
25.639859,-100.303489,0,0,0,19039_0381
25.639859,-100.302492,0,0,0,19039_0383
25.639859,-100.301495,0,0,0,19039_0383
25.639859,-100.300498,0,0,0,19039_0383
25.639859,-100.299502,0,0,0,19039_0383
25.639859,-100.298505,0,0,0,19039_0383
25.639859,-100.297508,0,0,0,19039_0104
25.639859,-100.296511,0,0,0,
25.639859,-100.295514,0,0,0,
25.639859,-100.294517,0,0,0,
25.639859,-100.29352,0,0,0,
25.639859,-100.219747,0,0,0,
25.639859,-100.21875,0,0,0,
25.639859,-100.217753,0,0,0,
25.639859,-100.216756,0,0,0,19026_0460
25.639859,-100.215759,0,0,0,19026_0460
25.639859,-100.214762,0,0,0,19026_0460
25.639859,-100.213766,0,0,0,19026_0460
25.639859,-100.212769,0,0,0,19026_0460
25.639859,-100.211772,0,0,0,
25.639859,-100.210775,0,0,0,
25.639859,-100.209778,0,0,0,
25.639859,-100.208781,0,0,0,
25.639859,-100.207784,0,0,0,19026_0070
25.639859,-100.206787,0,0,0,19026_0070
25.639859,-100.20579,0,0,0,
25.639859,-100.204793,0,0,0,
25.639859,-100.203796,0,0,0,
25.639859,-100.202799,0,0,0,
25.639859,-100.194824,0,0,0,
25.639859,-100.193827,1,1,0,
25.639859,-100.19283,0,0,0,
25.639859,-100.191833,0,0,0,
25.639859,-100.190836,0,0,0,19026_0426
25.639859,-100.189839,0,0,0,19026_0426
25.639859,-100.188842,0,0,0,19026_0426
25.639859,-100.187845,0,0,0,19026_0426
25.639859,-100.186848,0,0,0,19026_0426
25.639859,-100.185851,0,0,0,
25.639859,-100.184855,0,0,0,
25.639859,-100.183858,0,0,0,
25.639859,-100.173888,0,0,0,
25.639859,-100.172891,0,0,0,
25.639859,-100.171894,0,0,0,
25.639859,-100.169901,0,0,0,
25.639859,-100.168904,0,0,0,
25.639859,-100.167907,0,0,0,
25.639859,-100.164916,1,1,0,
25.639859,-100.149962,0,0,0,
25.639859,-100.148965,0,0,0,
25.639859,-100.147968,0,0,0,
25.639859,-100.146971,0,0,0,19031_0133
25.639859,-100.145974,0,0,0,19031_0133
25.639859,-100.144977,0,0,0,19031_0133
25.639859,-100.14398,0,0,0,
25.639859,-100.142983,0,0,0,
25.639859,-100.141987,0,0,0,
25.639859,-100.14099,0,0,0,
25.639859,-100.136005,0,0,0,
25.639859,-100.135008,0,0,0,
25.639859,-100.134011,0,0,0,
25.639859,-100.133014,0,0,0,
25.639859,-100.132017,0,0,0,
25.639859,-100.13102,0,0,0,
25.639859,-100.130023,0,0,0,
25.639859,-100.129026,0,0,0,
25.639859,-100.128029,0,0,0,
25.639859,-100.127033,0,0,0,
25.639859,-100.126036,0,0,0,
25.639859,-100.125039,0,0,0,
25.639859,-100.124042,0,0,0,
25.639859,-100.123045,0,0,0,
25.639859,-100.122048,1,1,0,
25.639859,-100.121051,1,1,0,
25.639859,-100.120054,1,1,0,
25.639859,-100.119057,1,1,0,
25.639859,-100.116066,1,1,0,
25.639859,-100.115069,1,1,0,
25.639859,-100.114072,1,1,0,
25.640764,-100.313459,1,0,1,
25.640764,-100.312462,1,0,1,
25.640764,-100.311465,1,0,1,
25.640764,-100.310468,1,0,1,
25.640764,-100.309471,2,1,1,19039_0381
25.640764,-100.308474,2,1,1,19039_0381
25.640764,-100.307477,1,1,0,19039_0381
25.640764,-100.30648,0,0,0,19039_0381
25.640764,-100.305483,0,0,0,19039_0381
25.640764,-100.304486,0,0,0,19039_0381
25.640764,-100.303489,0,0,0,19039_0381
25.640764,-100.302492,0,0,0,19039_0381
25.640764,-100.301495,0,0,0,19039_0383
25.640764,-100.300498,0,0,0,19039_0383
25.640764,-100.299502,0,0,0,19039_0383
25.640764,-100.298505,0,0,0,19039_0383
25.640764,-100.297508,0,0,0,19039_0383
25.640764,-100.296511,0,0,0,
25.640764,-100.295514,0,0,0,
25.640764,-100.294517,0,0,0,
25.640764,-100.219747,0,0,0,
25.640764,-100.21875,0,0,0,
25.640764,-100.217753,0,0,0,
25.640764,-100.216756,0,0,0,19026_0460
25.640764,-100.215759,0,0,0,19026_0460
25.640764,-100.214762,0,0,0,19026_0460
25.640764,-100.213766,0,0,0,19026_0460
25.640764,-100.212769,0,0,0,19026_0460
25.640764,-100.211772,0,0,0,
25.640764,-100.210775,0,0,0,
25.640764,-100.209778,0,0,0,
25.640764,-100.208781,0,0,0,
25.640764,-100.207784,0,0,0,
25.640764,-100.206787,0,0,0,19026_0070
25.640764,-100.20579,0,0,0,19026_0070
25.640764,-100.204793,0,0,0,
25.640764,-100.203796,0,0,0,
25.640764,-100.202799,0,0,0,
25.640764,-100.195821,1,1,0,
25.640764,-100.194824,1,1,0,
25.640764,-100.193827,1,1,0,
25.640764,-100.19283,1,1,0,
25.640764,-100.191833,1,1,0,
25.640764,-100.190836,0,0,0,
25.640764,-100.189839,0,0,0,19026_0426
25.640764,-100.188842,0,0,0,19026_0426
25.640764,-100.187845,0,0,0,19026_0426
25.640764,-100.186848,0,0,0,19026_0426
25.640764,-100.185851,0,0,0,
25.640764,-100.184855,0,0,0,
25.640764,-100.183858,0,0,0,
25.640764,-100.149962,0,0,0,
25.640764,-100.148965,0,0,0,
25.640764,-100.147968,0,0,0,
25.640764,-100.146971,0,0,0,
25.640764,-100.145974,0,0,0,
25.640764,-100.144977,0,0,0,
25.640764,-100.14398,0,0,0,
25.640764,-100.142983,0,0,0,
25.640764,-100.141987,0,0,0,
25.640764,-100.129026,0,0,0,
25.640764,-100.128029,0,0,0,
25.640764,-100.127033,0,0,0,
25.640764,-100.126036,0,0,0,
25.640764,-100.125039,0,0,0,
25.640764,-100.124042,0,0,0,
25.640764,-100.122048,1,1,0,
25.640764,-100.121051,1,1,0,
25.640764,-100.120054,1,1,0,
25.640764,-100.119057,1,1,0,
25.640764,-100.11806,1,1,0,
25.640764,-100.117063,0,0,0,
25.640764,-100.116066,0,0,0,
25.640764,-100.115069,0,0,0,
25.640764,-100.114072,0,0,0,
25.640764,-100.113076,0,0,0,
25.640764,-100.111082,1,1,0,
25.640764,-100.110085,1,1,0,
25.640764,-100.106097,1,1,0,
25.640764,-100.1051,1,1,0,
25.640764,-100.104103,1,1,0,
25.640764,-100.101112,0,0,0,
25.640764,-100.100115,0,0,0,
25.640764,-100.096128,0,0,0,
25.640764,-100.095131,0,0,0,
25.641668,-100.314455,0,0,0,
25.641668,-100.313459,1,0,1,
25.641668,-100.312462,1,0,1,
25.641668,-100.311465,1,0,1,
25.641668,-100.310468,1,0,1,19039_0381
25.641668,-100.309471,1,0,1,19039_0381
25.641668,-100.308474,1,0,1,19039_0381
25.641668,-100.307477,0,0,0,19039_0381
25.641668,-100.30648,0,0,0,19039_0381
25.641668,-100.305483,0,0,0,19039_0381
25.641668,-100.304486,0,0,0,19039_0381
25.641668,-100.303489,0,0,0,19039_0381
25.641668,-100.302492,0,0,0,19039_0381
25.641668,-100.301495,0,0,0,
25.641668,-100.300498,0,0,0,
25.641668,-100.299502,0,0,0,
25.641668,-100.298505,0,0,0,
25.641668,-100.297508,0,0,0,
25.641668,-100.296511,0,0,0,
25.641668,-100.295514,0,0,0,
25.641668,-100.294517,0,0,0,
25.641668,-100.222738,0,0,0,
25.641668,-100.221741,0,0,0,
25.641668,-100.220744,0,0,0,
25.641668,-100.219747,0,0,0,
25.641668,-100.21875,0,0,0,
25.641668,-100.217753,0,0,0,
25.641668,-100.216756,0,0,0,
25.641668,-100.215759,0,0,0,19026_0460
25.641668,-100.214762,0,0,0,19026_0460
25.641668,-100.213766,0,0,0,19026_0460
25.641668,-100.212769,0,0,0,19026_0432
25.641668,-100.211772,0,0,0,19026_0432
25.641668,-100.210775,0,0,0,
25.641668,-100.209778,0,0,0,
25.641668,-100.208781,0,0,0,
25.641668,-100.207784,0,0,0,
25.641668,-100.206787,0,0,0,
25.641668,-100.20579,0,0,0,19026_0070
25.641668,-100.204793,0,0,0,
25.641668,-100.203796,0,0,0,
25.641668,-100.202799,0,0,0,
25.641668,-100.201802,0,0,0,
25.641668,-100.195821,1,1,0,
25.641668,-100.194824,1,1,0,
25.641668,-100.193827,1,1,0,
25.641668,-100.19283,1,1,0,
25.641668,-100.191833,1,1,0,
25.641668,-100.190836,0,0,0,
25.641668,-100.189839,0,0,0,19026_0426
25.641668,-100.188842,0,0,0,19026_0426
25.641668,-100.187845,0,0,0,19026_0426
25.641668,-100.186848,0,0,0,19026_0426
25.641668,-100.185851,0,0,0,
25.641668,-100.184855,0,0,0,
25.641668,-100.183858,0,0,0,
25.641668,-100.148965,0,0,0,
25.641668,-100.147968,0,0,0,
25.641668,-100.146971,0,0,0,
25.641668,-100.145974,0,0,0,
25.641668,-100.144977,0,0,0,
25.641668,-100.14398,0,0,0,
25.641668,-100.142983,0,0,0,
25.641668,-100.123045,1,1,0,
25.641668,-100.122048,1,1,0,
25.641668,-100.121051,1,1,0,
25.641668,-100.120054,1,1,0,
25.641668,-100.119057,1,1,0,
25.641668,-100.11806,1,1,0,
25.641668,-100.117063,0,0,0,
25.641668,-100.116066,0,0,0,
25.641668,-100.115069,0,0,0,
25.641668,-100.114072,0,0,0,
25.641668,-100.113076,1,1,0,
25.641668,-100.112079,1,1,0,
25.641668,-100.111082,1,1,0,
25.641668,-100.110085,1,1,0,
25.641668,-100.109088,1,1,0,
25.641668,-100.107094,1,1,0,
25.641668,-100.106097,1,1,0,
25.641668,-100.1051,1,1,0,
25.641668,-100.104103,1,1,0,
25.641668,-100.103106,1,1,0,
25.641668,-100.102109,0,0,0,
25.641668,-100.101112,0,0,0,
25.641668,-100.100115,0,0,0,
25.641668,-100.099119,0,0,0,
25.641668,-100.098122,0,0,0,
25.641668,-100.097125,0,0,0,
25.641668,-100.096128,0,0,0,
25.641668,-100.095131,0,0,0,
25.641668,-100.094134,0,0,0,
25.642572,-100.314455,0,0,0,
25.642572,-100.313459,0,0,0,
25.642572,-100.312462,1,0,1,
25.642572,-100.311465,1,0,1,19039_0381
25.642572,-100.310468,1,0,1,19039_0381
25.642572,-100.309471,1,0,1,19039_0381
25.642572,-100.308474,1,0,1,19039_0381
25.642572,-100.307477,0,0,0,19039_0381
25.642572,-100.30648,0,0,0,19039_0381
25.642572,-100.305483,0,0,0,19039_0381
25.642572,-100.304486,0,0,0,19039_0381
25.642572,-100.303489,0,0,0,19039_0381
25.642572,-100.302492,0,0,0,
25.642572,-100.301495,0,0,0,
25.642572,-100.300498,0,0,0,
25.642572,-100.299502,0,0,0,
25.642572,-100.298505,0,0,0,
25.642572,-100.297508,0,0,0,
25.642572,-100.296511,0,0,0,
25.642572,-100.295514,0,0,0,
25.642572,-100.287538,1,1,0,
25.642572,-100.286541,1,1,0,
25.642572,-100.285545,1,1,0,
25.642572,-100.223735,0,0,0,
25.642572,-100.222738,0,0,0,
25.642572,-100.221741,0,0,0,
25.642572,-100.220744,0,0,0,
25.642572,-100.219747,0,0,0,
25.642572,-100.21875,0,0,0,
25.642572,-100.217753,0,0,0,
25.642572,-100.216756,0,0,0,
25.642572,-100.215759,0,0,0,19026_0460
25.642572,-100.214762,0,0,0,19026_0460
25.642572,-100.213766,0,0,0,19026_0460
25.642572,-100.212769,0,0,0,19026_0460
25.642572,-100.211772,0,0,0,19026_0432
25.642572,-100.210775,0,0,0,
25.642572,-100.209778,0,0,0,
25.642572,-100.208781,0,0,0,
25.642572,-100.207784,0,0,0,
25.642572,-100.206787,0,0,0,
25.642572,-100.20579,1,1,0,
25.642572,-100.204793,1,1,0,19026_0070
25.642572,-100.203796,1,1,0,
25.642572,-100.202799,1,1,0,
25.642572,-100.201802,0,0,0,
25.642572,-100.197815,1,1,0,
25.642572,-100.196818,2,2,0,
25.642572,-100.195821,2,2,0,
25.642572,-100.194824,2,2,0,
25.642572,-100.193827,2,2,0,
25.642572,-100.19283,2,2,0,
25.642572,-100.191833,2,2,0,
25.642572,-100.190836,1,1,0,
25.642572,-100.189839,0,0,0,
25.642572,-100.188842,0,0,0,
25.642572,-100.187845,0,0,0,
25.642572,-100.186848,0,0,0,
25.642572,-100.185851,0,0,0,
25.642572,-100.184855,0,0,0,
25.642572,-100.183858,0,0,0,
25.642572,-100.147968,0,0,0,
25.642572,-100.146971,0,0,0,
25.642572,-100.145974,0,0,0,
25.642572,-100.144977,0,0,0,
25.642572,-100.14398,0,0,0,
25.642572,-100.122048,1,1,0,
25.642572,-100.121051,1,1,0,
25.642572,-100.120054,1,1,0,
25.642572,-100.119057,1,1,0,
25.642572,-100.11806,1,1,0,
25.642572,-100.117063,0,0,0,
25.642572,-100.116066,0,0,0,
25.642572,-100.115069,0,0,0,
25.642572,-100.114072,0,0,0,
25.642572,-100.113076,1,1,0,
25.642572,-100.112079,1,1,0,
25.642572,-100.111082,1,1,0,
25.642572,-100.110085,1,1,0,
25.642572,-100.109088,1,1,0,
25.642572,-100.108091,1,1,0,
25.642572,-100.107094,1,1,0,
25.642572,-100.106097,1,1,0,
25.642572,-100.1051,1,1,0,
25.642572,-100.104103,1,1,0,
25.642572,-100.103106,1,1,0,
25.642572,-100.102109,1,1,0,
25.642572,-100.101112,0,0,0,
25.642572,-100.100115,0,0,0,
25.642572,-100.099119,0,0,0,
25.642572,-100.098122,0,0,0,
25.642572,-100.097125,0,0,0,
25.642572,-100.096128,0,0,0,
25.642572,-100.095131,0,0,0,
25.642572,-100.094134,0,0,0,
25.642572,-100.093137,0,0,0,
25.643477,-100.314455,0,0,0,
25.643477,-100.313459,0,0,0,
25.643477,-100.312462,1,0,1,
25.643477,-100.311465,1,0,1,19039_0381
25.643477,-100.310468,1,0,1,19039_0381
25.643477,-100.309471,1,0,1,19039_0381
25.643477,-100.308474,0,0,0,19039_0381
25.643477,-100.307477,0,0,0,19039_0381
25.643477,-100.30648,0,0,0,19039_0381
25.643477,-100.305483,0,0,0,19039_0381
25.643477,-100.304486,0,0,0,19039_0381
25.643477,-100.303489,0,0,0,19039_0381
25.643477,-100.302492,0,0,0,
25.643477,-100.301495,0,0,0,
25.643477,-100.300498,0,0,0,
25.643477,-100.299502,0,0,0,
25.643477,-100.298505,0,0,0,
25.643477,-100.297508,0,0,0,
25.643477,-100.296511,0,0,0,
25.643477,-100.289532,1,1,0,
25.643477,-100.288535,2,2,0,
25.643477,-100.287538,2,2,0,
25.643477,-100.286541,2,2,0,
25.643477,-100.285545,2,2,0,
25.643477,-100.284548,1,1,0,
25.643477,-100.224732,0,0,0,
25.643477,-100.223735,0,0,0,
25.643477,-100.222738,0,0,0,
25.643477,-100.221741,0,0,0,
25.643477,-100.220744,0,0,0,
25.643477,-100.219747,0,0,0,
25.643477,-100.21875,0,0,0,19026_0310
25.643477,-100.217753,0,0,0,19026_0432
25.643477,-100.216756,0,0,0,19026_0432
25.643477,-100.215759,0,0,0,19026_0432
25.643477,-100.214762,0,0,0,19026_0432
25.643477,-100.213766,0,0,0,19026_0432
25.643477,-100.212769,0,0,0,19026_0432
25.643477,-100.211772,0,0,0,
25.643477,-100.210775,0,0,0,
25.643477,-100.209778,0,0,0,
25.643477,-100.208781,0,0,0,
25.643477,-100.207784,0,0,0,
25.643477,-100.206787,1,1,0,
25.643477,-100.20579,1,1,0,
25.643477,-100.204793,1,1,0,19026_0070
25.643477,-100.203796,1,1,0,
25.643477,-100.202799,1,1,0,
25.643477,-100.201802,1,1,0,
25.643477,-100.200805,0,0,0,
25.643477,-100.197815,1,1,0,
25.643477,-100.196818,1,1,0,
25.643477,-100.195821,2,2,0,
25.643477,-100.194824,2,2,0,
25.643477,-100.193827,3,3,0,
25.643477,-100.19283,2,2,0,
25.643477,-100.191833,2,2,0,
25.643477,-100.190836,1,1,0,
25.643477,-100.189839,2,2,0,
25.643477,-100.188842,1,1,0,
25.643477,-100.187845,0,0,0,
25.643477,-100.186848,0,0,0,
25.643477,-100.185851,0,0,0,
25.643477,-100.184855,0,0,0,
25.643477,-100.135008,1,1,0,
25.643477,-100.134011,1,1,0,
25.643477,-100.122048,1,1,0,
25.643477,-100.121051,1,1,0,
25.643477,-100.120054,1,1,0,
25.643477,-100.119057,1,1,0,19031_0097
25.643477,-100.11806,1,1,0,19031_0097
25.643477,-100.117063,0,0,0,19031_0097
25.643477,-100.116066,0,0,0,19031_0097
25.643477,-100.115069,0,0,0,19031_0097
25.643477,-100.114072,0,0,0,19031_0097
25.643477,-100.113076,1,1,0,
25.643477,-100.112079,1,1,0,
25.643477,-100.111082,1,1,0,
25.643477,-100.110085,1,1,0,
25.643477,-100.109088,1,1,0,
25.643477,-100.108091,1,1,0,
25.643477,-100.107094,1,1,0,
25.643477,-100.106097,1,1,0,
25.643477,-100.1051,1,1,0,
25.643477,-100.104103,1,1,0,
25.643477,-100.103106,1,1,0,
25.643477,-100.102109,1,1,0,
25.643477,-100.101112,0,0,0,
25.643477,-100.100115,0,0,0,
25.643477,-100.099119,0,0,0,
25.643477,-100.098122,0,0,0,
25.643477,-100.097125,0,0,0,
25.643477,-100.096128,0,0,0,
25.643477,-100.095131,0,0,0,
25.643477,-100.094134,0,0,0,
25.643477,-100.093137,0,0,0,
25.643477,-100.080177,0,0,0,
25.643477,-100.07918,0,0,0,
25.643477,-100.078183,0,0,0,
25.643477,-100.077186,0,0,0,
25.643477,-100.073198,1,1,0,
25.643477,-100.072201,1,1,0,
25.643477,-100.071204,1,1,0,
25.644381,-100.315452,0,0,0,
25.644381,-100.314455,0,0,0,
25.644381,-100.313459,0,0,0,
25.644381,-100.312462,0,0,0,
25.644381,-100.311465,0,0,0,
25.644381,-100.310468,0,0,0,19039_0030
25.644381,-100.309471,0,0,0,19039_0030
25.644381,-100.308474,0,0,0,19039_0030
25.644381,-100.307477,0,0,0,19039_0030
25.644381,-100.30648,0,0,0,19039_0030
25.644381,-100.305483,0,0,0,19039_0381
25.644381,-100.304486,0,0,0,19039_0381
25.644381,-100.303489,0,0,0,19039_0381
25.644381,-100.302492,0,0,0,
25.644381,-100.301495,0,0,0,
25.644381,-100.300498,0,0,0,
25.644381,-100.289532,1,1,0,
25.644381,-100.288535,3,3,0,
25.644381,-100.287538,2,2,0,
25.644381,-100.286541,2,2,0,
25.644381,-100.285545,2,2,0,
25.644381,-100.284548,1,1,0,
25.644381,-100.283551,1,1,0,
25.644381,-100.224732,0,0,0,
25.644381,-100.223735,0,0,0,
25.644381,-100.222738,0,0,0,
25.644381,-100.221741,0,0,0,19026_0310
25.644381,-100.220744,0,0,0,19026_0310
25.644381,-100.219747,0,0,0,19026_0310
25.644381,-100.21875,0,0,0,19026_0310
25.644381,-100.217753,0,0,0,19026_0432
25.644381,-100.216756,0,0,0,19026_0432
25.644381,-100.215759,0,0,0,19026_0432
25.644381,-100.214762,0,0,0,19026_0432
25.644381,-100.213766,0,0,0,19026_0432
25.644381,-100.212769,0,0,0,19026_0432
25.644381,-100.211772,0,0,0,
25.644381,-100.210775,0,0,0,
25.644381,-100.209778,0,0,0,
25.644381,-100.208781,0,0,0,
25.644381,-100.207784,0,0,0,
25.644381,-100.206787,1,1,0,19026_0160
25.644381,-100.20579,1,1,0,19026_0160
25.644381,-100.204793,1,1,0,19026_0070
25.644381,-100.203796,1,1,0,19026_0070
25.644381,-100.202799,1,1,0,
25.644381,-100.201802,1,1,0,
25.644381,-100.200805,0,0,0,
25.644381,-100.198812,1,1,0,
25.644381,-100.197815,1,1,0,
25.644381,-100.196818,1,1,0,
25.644381,-100.195821,2,2,0,
25.644381,-100.194824,3,3,0,
25.644381,-100.193827,3,3,0,
25.644381,-100.19283,2,2,0,
25.644381,-100.191833,2,2,0,
25.644381,-100.190836,2,2,0,
25.644381,-100.189839,2,2,0,
25.644381,-100.188842,1,1,0,
25.644381,-100.187845,1,1,0,
25.644381,-100.186848,0,0,0,
25.644381,-100.185851,0,0,0,
25.644381,-100.136005,1,1,0,
25.644381,-100.135008,1,1,0,
25.644381,-100.134011,1,1,0,
25.644381,-100.133014,1,1,0,
25.644381,-100.122048,1,1,0,
25.644381,-100.121051,2,2,0,
25.644381,-100.120054,2,2,0,
25.644381,-100.119057,2,2,0,
25.644381,-100.11806,0,0,0,19031_0097
25.644381,-100.117063,0,0,0,19031_0097
25.644381,-100.116066,0,0,0,19031_0097
25.644381,-100.115069,0,0,0,19031_0097
25.644381,-100.114072,0,0,0,19031_0097
25.644381,-100.113076,1,1,0,19031_0097
25.644381,-100.112079,1,1,0,
25.644381,-100.111082,1,1,0,
25.644381,-100.110085,1,1,0,
25.644381,-100.109088,1,1,0,
25.644381,-100.108091,1,1,0,
25.644381,-100.107094,1,1,0,
25.644381,-100.106097,1,1,0,
25.644381,-100.1051,1,1,0,
25.644381,-100.104103,1,1,0,
25.644381,-100.103106,1,1,0,
25.644381,-100.102109,0,0,0,
25.644381,-100.101112,0,0,0,19031_0067
25.644381,-100.100115,0,0,0,19031_0067
25.644381,-100.099119,0,0,0,
25.644381,-100.098122,0,0,0,
25.644381,-100.097125,0,0,0,19031_0067
25.644381,-100.096128,0,0,0,19031_0067
25.644381,-100.095131,0,0,0,19031_0067
25.644381,-100.094134,0,0,0,
25.644381,-100.093137,0,0,0,
25.644381,-100.09214,0,0,0,
25.644381,-100.081174,0,0,0,
25.644381,-100.080177,0,0,0,
25.644381,-100.07918,0,0,0,
25.644381,-100.078183,0,0,0,
25.644381,-100.077186,0,0,0,
25.644381,-100.076189,0,0,0,
25.644381,-100.075192,0,0,0,
25.644381,-100.074195,1,1,0,
25.644381,-100.073198,1,1,0,
25.644381,-100.072201,1,1,0,
25.644381,-100.071204,1,1,0,
25.644381,-100.070208,1,1,0,
25.645286,-100.316449,0,0,0,
25.645286,-100.315452,0,0,0,
25.645286,-100.314455,0,0,0,
25.645286,-100.313459,0,0,0,
25.645286,-100.312462,0,0,0,19039_0030
25.645286,-100.311465,0,0,0,19039_0030
25.645286,-100.310468,0,0,0,19039_0030
25.645286,-100.309471,0,0,0,19039_0030
25.645286,-100.308474,0,0,0,19039_0030
25.645286,-100.307477,0,0,0,19039_0030
25.645286,-100.30648,0,0,0,19039_0030
25.645286,-100.305483,0,0,0,19039_0030
25.645286,-100.304486,0,0,0,19039_0381
25.645286,-100.303489,0,0,0,
25.645286,-100.302492,0,0,0,
25.645286,-100.301495,0,0,0,
25.645286,-100.291526,1,1,0,
25.645286,-100.290529,2,2,0,
25.645286,-100.289532,3,3,0,
25.645286,-100.288535,3,3,0,
25.645286,-100.287538,3,3,0,
25.645286,-100.286541,3,3,0,
25.645286,-100.285545,2,2,0,
25.645286,-100.284548,2,2,0,
25.645286,-100.283551,1,1,0,
25.645286,-100.224732,0,0,0,
25.645286,-100.223735,0,0,0,
25.645286,-100.222738,0,0,0,
25.645286,-100.221741,0,0,0,19026_0310
25.645286,-100.220744,0,0,0,19026_0310
25.645286,-100.219747,0,0,0,19026_0310
25.645286,-100.21875,0,0,0,19026_0310
25.645286,-100.217753,0,0,0,19026_0432
25.645286,-100.216756,0,0,0,19026_0432
25.645286,-100.215759,0,0,0,19026_0432
25.645286,-100.214762,0,0,0,19026_0432
25.645286,-100.213766,0,0,0,19026_0432
25.645286,-100.212769,0,0,0,19026_0432
25.645286,-100.211772,0,0,0,19026_0432
25.645286,-100.210775,0,0,0,
25.645286,-100.209778,0,0,0,
25.645286,-100.208781,0,0,0,
25.645286,-100.207784,0,0,0,
25.645286,-100.206787,1,1,0,19026_0160
25.645286,-100.20579,1,1,0,19026_0160
25.645286,-100.204793,1,1,0,
25.645286,-100.203796,1,1,0,19026_0070
25.645286,-100.202799,1,1,0,19026_0070
25.645286,-100.201802,1,1,0,
25.645286,-100.200805,0,0,0,
25.645286,-100.199808,0,0,0,
25.645286,-100.198812,1,1,0,
25.645286,-100.197815,1,1,0,
25.645286,-100.196818,1,1,0,
25.645286,-100.195821,1,1,0,
25.645286,-100.194824,2,2,0,
25.645286,-100.193827,2,2,0,
25.645286,-100.19283,1,1,0,
25.645286,-100.191833,2,2,0,
25.645286,-100.190836,2,2,0,
25.645286,-100.189839,2,2,0,
25.645286,-100.188842,1,1,0,
25.645286,-100.187845,1,1,0,
25.645286,-100.186848,1,1,0,
25.645286,-100.137002,1,1,0,
25.645286,-100.136005,1,1,0,
25.645286,-100.135008,1,1,0,
25.645286,-100.134011,1,1,0,
25.645286,-100.133014,1,1,0,
25.645286,-100.132017,1,1,0,
25.645286,-100.123045,1,1,0,
25.645286,-100.122048,1,1,0,
25.645286,-100.121051,1,1,0,
25.645286,-100.120054,1,1,0,
25.645286,-100.119057,1,1,0,
25.645286,-100.11806,1,1,0,19031_0097
25.645286,-100.117063,0,0,0,19031_0097
25.645286,-100.116066,0,0,0,19031_0097
25.645286,-100.115069,0,0,0,19031_0097
25.645286,-100.114072,0,0,0,19031_0097
25.645286,-100.113076,0,0,0,19031_0097
25.645286,-100.112079,1,1,0,
25.645286,-100.111082,2,2,0,
25.645286,-100.110085,2,2,0,
25.645286,-100.109088,2,2,0,
25.645286,-100.108091,1,1,0,
25.645286,-100.106097,1,1,0,
25.645286,-100.1051,1,1,0,
25.645286,-100.104103,1,1,0,
25.645286,-100.103106,0,0,0,
25.645286,-100.102109,0,0,0,
25.645286,-100.101112,0,0,0,19031_0067
25.645286,-100.100115,0,0,0,19031_0067
25.645286,-100.099119,0,0,0,19031_0067
25.645286,-100.098122,0,0,0,19031_0067
25.645286,-100.097125,0,0,0,19031_0067
25.645286,-100.096128,0,0,0,19031_0067
25.645286,-100.095131,0,0,0,
25.645286,-100.094134,0,0,0,
25.645286,-100.093137,0,0,0,
25.645286,-100.09214,0,0,0,
25.645286,-100.082171,0,0,0,
25.645286,-100.081174,0,0,0,
25.645286,-100.080177,0,0,0,
25.645286,-100.07918,0,0,0,
25.645286,-100.078183,0,0,0,
25.645286,-100.077186,0,0,0,
25.645286,-100.076189,0,0,0,
25.645286,-100.075192,0,0,0,
25.645286,-100.074195,1,1,0,
25.645286,-100.073198,1,1,0,
25.645286,-100.072201,1,1,0,
25.645286,-100.071204,1,1,0,
25.645286,-100.070208,1,1,0,
25.645286,-100.069211,1,1,0,
25.64619,-100.317446,0,0,0,
25.64619,-100.316449,0,0,0,
25.64619,-100.315452,0,0,0,
25.64619,-100.314455,0,0,0,
25.64619,-100.313459,0,0,0,
25.64619,-100.312462,0,0,0,19039_0030
25.64619,-100.311465,0,0,0,19039_0030
25.64619,-100.310468,0,0,0,19039_0030
25.64619,-100.309471,0,0,0,19039_0030
25.64619,-100.308474,0,0,0,19039_0030
25.64619,-100.307477,0,0,0,19039_0030
25.64619,-100.30648,0,0,0,19039_0030
25.64619,-100.305483,0,0,0,
25.64619,-100.304486,0,0,0,
25.64619,-100.303489,0,0,0,
25.64619,-100.302492,0,0,0,
25.64619,-100.301495,0,0,0,
25.64619,-100.292523,1,1,0,
25.64619,-100.291526,1,1,0,
25.64619,-100.290529,2,2,0,
25.64619,-100.289532,3,3,0,
25.64619,-100.288535,4,4,0,
25.64619,-100.287538,3,3,0,
25.64619,-100.286541,3,3,0,
25.64619,-100.285545,3,3,0,
25.64619,-100.284548,1,1,0,
25.64619,-100.283551,1,1,0,
25.64619,-100.224732,0,0,0,
25.64619,-100.223735,0,0,0,
25.64619,-100.222738,0,0,0,
25.64619,-100.221741,0,0,0,
25.64619,-100.220744,0,0,0,
25.64619,-100.219747,0,0,0,19026_0310
25.64619,-100.21875,0,0,0,19026_0310
25.64619,-100.217753,0,0,0,19026_0432
25.64619,-100.216756,0,0,0,19026_0432
25.64619,-100.215759,0,0,0,19026_0310
25.64619,-100.214762,0,0,0,19026_0310
25.64619,-100.213766,0,0,0,19026_0432
25.64619,-100.212769,0,0,0,19026_0432
25.64619,-100.211772,0,0,0,
25.64619,-100.210775,0,0,0,
25.64619,-100.209778,0,0,0,
25.64619,-100.208781,0,0,0,
25.64619,-100.207784,0,0,0,
25.64619,-100.206787,1,1,0,19026_0160
25.64619,-100.20579,1,1,0,19026_0160
25.64619,-100.204793,1,1,0,
25.64619,-100.203796,1,1,0,19026_0070
25.64619,-100.202799,1,1,0,19026_0070
25.64619,-100.201802,1,1,0,
25.64619,-100.200805,0,0,0,
25.64619,-100.199808,0,0,0,
25.64619,-100.197815,1,1,0,
25.64619,-100.196818,1,1,0,
25.64619,-100.195821,1,1,0,
25.64619,-100.194824,1,1,0,
25.64619,-100.193827,2,2,0,
25.64619,-100.19283,1,1,0,
25.64619,-100.191833,2,2,0,
25.64619,-100.190836,2,2,0,
25.64619,-100.189839,2,2,0,
25.64619,-100.188842,1,1,0,
25.64619,-100.187845,1,1,0,
25.64619,-100.186848,1,1,0,
25.64619,-100.137002,1,1,0,
25.64619,-100.136005,1,1,0,
25.64619,-100.135008,1,1,0,
25.64619,-100.134011,1,1,0,
25.64619,-100.133014,1,1,0,
25.64619,-100.132017,1,1,0,
25.64619,-100.123045,1,1,0,
25.64619,-100.122048,1,1,0,
25.64619,-100.121051,1,1,0,
25.64619,-100.120054,1,1,0,
25.64619,-100.119057,1,1,0,
25.64619,-100.11806,1,1,0,
25.64619,-100.117063,0,0,0,19031_0097
25.64619,-100.116066,0,0,0,19031_0097
25.64619,-100.115069,0,0,0,19031_0097
25.64619,-100.114072,0,0,0,19031_0097
25.64619,-100.113076,0,0,0,
25.64619,-100.112079,1,1,0,
25.64619,-100.111082,1,1,0,
25.64619,-100.110085,1,1,0,
25.64619,-100.109088,1,1,0,
25.64619,-100.108091,1,1,0,
25.64619,-100.1051,0,0,0,
25.64619,-100.104103,0,0,0,
25.64619,-100.103106,0,0,0,
25.64619,-100.102109,0,0,0,
25.64619,-100.101112,0,0,0,
25.64619,-100.100115,0,0,0,19031_0067
25.64619,-100.099119,0,0,0,19031_0067
25.64619,-100.098122,0,0,0,19031_0067
25.64619,-100.097125,0,0,0,19031_0067
25.64619,-100.096128,0,0,0,
25.64619,-100.095131,0,0,0,
25.64619,-100.094134,0,0,0,
25.64619,-100.093137,0,0,0,
25.64619,-100.084165,0,0,0,
25.64619,-100.083168,0,0,0,
25.64619,-100.082171,0,0,0,
25.64619,-100.081174,0,0,0,
25.64619,-100.080177,0,0,0,
25.64619,-100.07918,0,0,0,19031_0111
25.64619,-100.078183,0,0,0,19031_0111
25.64619,-100.077186,0,0,0,19031_0111
25.64619,-100.076189,0,0,0,
25.64619,-100.075192,0,0,0,
25.64619,-100.074195,1,1,0,
25.64619,-100.073198,1,1,0,
25.64619,-100.072201,1,1,0,
25.64619,-100.071204,1,1,0,
25.64619,-100.070208,1,1,0,
25.64619,-100.069211,1,1,0,
25.647094,-100.318443,0,0,0,
25.647094,-100.317446,0,0,0,
25.647094,-100.316449,0,0,0,
25.647094,-100.315452,0,0,0,
25.647094,-100.314455,0,0,0,
25.647094,-100.313459,0,0,0,19039_0039
25.647094,-100.312462,0,0,0,19039_0030
25.647094,-100.311465,0,0,0,19039_0030
25.647094,-100.310468,0,0,0,19039_0030
25.647094,-100.309471,0,0,0,19039_0030
25.647094,-100.308474,0,0,0,19039_0030
25.647094,-100.307477,0,0,0,19039_0030
25.647094,-100.30648,0,0,0,
25.647094,-100.305483,0,0,0,
25.647094,-100.304486,0,0,0,
25.647094,-100.303489,0,0,0,
25.647094,-100.302492,0,0,0,
25.647094,-100.29352,1,1,0,
25.647094,-100.292523,1,1,0,
25.647094,-100.291526,1,1,0,
25.647094,-100.290529,2,2,0,
25.647094,-100.289532,3,3,0,
25.647094,-100.288535,3,3,0,
25.647094,-100.287538,3,3,0,
25.647094,-100.286541,3,3,0,
25.647094,-100.285545,3,3,0,
25.647094,-100.284548,1,1,0,
25.647094,-100.223735,0,0,0,
25.647094,-100.222738,0,0,0,
25.647094,-100.221741,0,0,0,
25.647094,-100.220744,0,0,0,
25.647094,-100.219747,0,0,0,
25.647094,-100.21875,0,0,0,19026_0310
25.647094,-100.217753,0,0,0,19026_0310
25.647094,-100.216756,0,0,0,19026_0310
25.647094,-100.215759,0,0,0,19026_0310
25.647094,-100.214762,0,0,0,19026_0310
25.647094,-100.213766,0,0,0,19026_0310
25.647094,-100.212769,0,0,0,19026_0432
25.647094,-100.211772,0,0,0,19026_0432
25.647094,-100.210775,0,0,0,
25.647094,-100.209778,0,0,0,
25.647094,-100.208781,0,0,0,
25.647094,-100.207784,0,0,0,
25.647094,-100.206787,0,0,0,
25.647094,-100.20579,0,0,0,19026_0160
25.647094,-100.204793,1,1,0,19026_0160
25.647094,-100.203796,1,1,0,19026_0070
25.647094,-100.202799,1,1,0,19026_0070
25.647094,-100.201802,0,0,0,
25.647094,-100.200805,0,0,0,
25.647094,-100.199808,0,0,0,
25.647094,-100.198812,0,0,0,
25.647094,-100.196818,1,1,0,
25.647094,-100.195821,1,1,0,
25.647094,-100.194824,1,1,0,
25.647094,-100.19283,1,1,0,
25.647094,-100.191833,2,2,0,
25.647094,-100.190836,2,2,0,
25.647094,-100.189839,1,1,0,
25.647094,-100.188842,1,1,0,
25.647094,-100.187845,1,1,0,
25.647094,-100.186848,1,1,0,
25.647094,-100.16691,0,0,0,
25.647094,-100.165913,0,0,0,
25.647094,-100.137002,1,1,0,
25.647094,-100.136005,1,1,0,
25.647094,-100.135008,1,1,0,
25.647094,-100.134011,1,1,0,
25.647094,-100.133014,1,1,0,
25.647094,-100.132017,1,1,0,
25.647094,-100.123045,1,1,0,
25.647094,-100.122048,1,1,0,
25.647094,-100.121051,1,1,0,
25.647094,-100.120054,1,1,0,
25.647094,-100.119057,1,1,0,
25.647094,-100.11806,1,1,0,
25.647094,-100.117063,0,0,0,19031_0097
25.647094,-100.116066,0,0,0,19031_0097
25.647094,-100.115069,0,0,0,
25.647094,-100.114072,0,0,0,
25.647094,-100.113076,0,0,0,
25.647094,-100.112079,1,1,0,
25.647094,-100.111082,1,1,0,
25.647094,-100.110085,1,1,0,
25.647094,-100.109088,1,1,0,
25.647094,-100.108091,1,1,0,
25.647094,-100.107094,1,1,0,
25.647094,-100.1051,0,0,0,
25.647094,-100.104103,0,0,0,
25.647094,-100.103106,0,0,0,
25.647094,-100.102109,0,0,0,19031_0067
25.647094,-100.101112,0,0,0,19031_0067
25.647094,-100.100115,0,0,0,19031_0067
25.647094,-100.099119,0,0,0,19031_0067
25.647094,-100.098122,0,0,0,19031_0067
25.647094,-100.097125,0,0,0,19031_0067
25.647094,-100.096128,0,0,0,19031_0067
25.647094,-100.095131,0,0,0,
25.647094,-100.094134,0,0,0,
25.647094,-100.093137,0,0,0,
25.647094,-100.09214,0,0,0,
25.647094,-100.085161,0,0,0,
25.647094,-100.084165,0,0,0,
25.647094,-100.083168,0,0,0,
25.647094,-100.082171,0,0,0,
25.647094,-100.081174,0,0,0,
25.647094,-100.080177,0,0,0,
25.647094,-100.07918,0,0,0,19031_0111
25.647094,-100.078183,0,0,0,19031_0111
25.647094,-100.077186,0,0,0,19031_0111
25.647094,-100.076189,0,0,0,19031_0111
25.647094,-100.075192,0,0,0,19031_0111
25.647094,-100.074195,1,1,0,19031_0111
25.647094,-100.073198,1,1,0,19031_0111
25.647094,-100.072201,1,1,0,
25.647094,-100.071204,1,1,0,
25.647094,-100.070208,1,1,0,
25.647094,-100.069211,1,1,0,
25.647999,-100.320437,0,0,0,
25.647999,-100.31944,0,0,0,
25.647999,-100.318443,0,0,0,
25.647999,-100.317446,0,0,0,
25.647999,-100.316449,0,0,0,
25.647999,-100.315452,0,0,0,19039_0039
25.647999,-100.314455,0,0,0,19039_0039
25.647999,-100.313459,0,0,0,19039_0039
25.647999,-100.312462,0,0,0,19039_0039
25.647999,-100.311465,0,0,0,19039_0030
25.647999,-100.310468,0,0,0,19039_0030
25.647999,-100.309471,0,0,0,19039_0030
25.647999,-100.308474,0,0,0,
25.647999,-100.307477,0,0,0,
25.647999,-100.30648,0,0,0,
25.647999,-100.305483,0,0,0,
25.647999,-100.304486,0,0,0,
25.647999,-100.303489,0,0,0,
25.647999,-100.294517,1,1,0,
25.647999,-100.29352,2,2,0,
25.647999,-100.292523,2,2,0,
25.647999,-100.291526,2,2,0,
25.647999,-100.290529,2,2,0,
25.647999,-100.289532,2,2,0,
25.647999,-100.288535,2,2,0,
25.647999,-100.287538,2,2,0,
25.647999,-100.286541,1,1,0,
25.647999,-100.285545,1,1,0,
25.647999,-100.223735,0,0,0,
25.647999,-100.222738,0,0,0,
25.647999,-100.221741,0,0,0,
25.647999,-100.220744,0,0,0,
25.647999,-100.219747,0,0,0,
25.647999,-100.21875,0,0,0,19026_0310
25.647999,-100.217753,0,0,0,19026_0310
25.647999,-100.216756,0,0,0,19026_0310
25.647999,-100.215759,0,0,0,19026_0310
25.647999,-100.214762,0,0,0,19026_0310
25.647999,-100.213766,0,0,0,19026_0310
25.647999,-100.212769,0,0,0,
25.647999,-100.211772,0,0,0,
25.647999,-100.210775,0,0,0,
25.647999,-100.209778,0,0,0,
25.647999,-100.208781,0,0,0,
25.647999,-100.207784,0,0,0,
25.647999,-100.206787,0,0,0,
25.647999,-100.20579,0,0,0,19026_0160
25.647999,-100.204793,0,0,0,19026_0160
25.647999,-100.203796,0,0,0,
25.647999,-100.202799,0,0,0,19026_0070
25.647999,-100.201802,0,0,0,19026_0070
25.647999,-100.200805,0,0,0,
25.647999,-100.199808,0,0,0,
25.647999,-100.198812,0,0,0,
25.647999,-100.190836,1,1,0,
25.647999,-100.189839,1,1,0,
25.647999,-100.188842,1,1,0,
25.647999,-100.187845,1,1,0,
25.647999,-100.172891,1,1,0,
25.647999,-100.170897,0,0,0,
25.647999,-100.169901,0,0,0,
25.647999,-100.168904,0,0,0,
25.647999,-100.167907,0,0,0,
25.647999,-100.16691,0,0,0,
25.647999,-100.165913,0,0,0,
25.647999,-100.164916,0,0,0,
25.647999,-100.136005,1,1,0,
25.647999,-100.135008,1,1,0,
25.647999,-100.134011,1,1,0,
25.647999,-100.133014,1,1,0,
25.647999,-100.122048,1,1,0,
25.647999,-100.121051,1,1,0,
25.647999,-100.120054,1,1,0,
25.647999,-100.119057,1,1,0,
25.647999,-100.11806,0,0,0,
25.647999,-100.117063,0,0,0,
25.647999,-100.116066,0,0,0,
25.647999,-100.115069,0,0,0,
25.647999,-100.114072,0,0,0,
25.647999,-100.113076,0,0,0,
25.647999,-100.112079,1,1,0,
25.647999,-100.111082,1,1,0,
25.647999,-100.110085,1,1,0,
25.647999,-100.109088,1,1,0,
25.647999,-100.108091,1,1,0,
25.647999,-100.107094,1,1,0,
25.647999,-100.1051,0,0,0,
25.647999,-100.104103,0,0,0,
25.647999,-100.103106,0,0,0,
25.647999,-100.102109,0,0,0,19031_0067
25.647999,-100.101112,0,0,0,19031_0067
25.647999,-100.100115,0,0,0,19031_0067
25.647999,-100.099119,0,0,0,19031_0067
25.647999,-100.098122,0,0,0,19031_0067
25.647999,-100.097125,0,0,0,19031_0067
25.647999,-100.096128,0,0,0,19031_0067
25.647999,-100.095131,0,0,0,19031_0067
25.647999,-100.094134,0,0,0,
25.647999,-100.093137,0,0,0,
25.647999,-100.09214,0,0,0,
25.647999,-100.086158,0,0,0,
25.647999,-100.085161,0,0,0,
25.647999,-100.084165,0,0,0,
25.647999,-100.083168,0,0,0,
25.647999,-100.082171,0,0,0,
25.647999,-100.081174,0,0,0,19031_0219
25.647999,-100.080177,0,0,0,19031_0219
25.647999,-100.07918,0,0,0,19031_0111
25.647999,-100.078183,0,0,0,19031_0111
25.647999,-100.077186,0,0,0,19031_0111
25.647999,-100.076189,0,0,0,19031_0111
25.647999,-100.075192,0,0,0,19031_0111
25.647999,-100.074195,0,0,0,19031_0111
25.647999,-100.073198,1,1,0,
25.647999,-100.072201,1,1,0,
25.647999,-100.071204,1,1,0,
25.647999,-100.070208,1,1,0,
25.648903,-100.321434,0,0,0,
25.648903,-100.320437,0,0,0,
25.648903,-100.31944,0,0,0,
25.648903,-100.318443,0,0,0,
25.648903,-100.317446,0,0,0,
25.648903,-100.316449,0,0,0,
25.648903,-100.315452,0,0,0,
25.648903,-100.314455,0,0,0,19039_0039
25.648903,-100.313459,0,0,0,19039_0039
25.648903,-100.312462,0,0,0,19039_0039
25.648903,-100.311465,0,0,0,19039_0039
25.648903,-100.310468,0,0,0,19039_0030
25.648903,-100.309471,0,0,0,19039_0039
25.648903,-100.308474,0,0,0,19039_0039
25.648903,-100.307477,1,1,0,
25.648903,-100.30648,1,1,0,
25.648903,-100.305483,1,1,0,
25.648903,-100.294517,1,1,0,
25.648903,-100.29352,1,1,0,
25.648903,-100.292523,2,2,0,
25.648903,-100.291526,2,2,0,
25.648903,-100.290529,2,2,0,
25.648903,-100.289532,2,2,0,
25.648903,-100.288535,2,2,0,
25.648903,-100.287538,1,1,0,
25.648903,-100.286541,1,1,0,
25.648903,-100.222738,0,0,0,
25.648903,-100.221741,0,0,0,
25.648903,-100.220744,0,0,0,
25.648903,-100.219747,0,0,0,
25.648903,-100.21875,0,0,0,19026_0310
25.648903,-100.217753,0,0,0,19026_0310
25.648903,-100.216756,0,0,0,19026_0310
25.648903,-100.215759,0,0,0,19026_0310
25.648903,-100.214762,0,0,0,19026_0310
25.648903,-100.213766,0,0,0,19026_0310
25.648903,-100.212769,0,0,0,
25.648903,-100.211772,0,0,0,
25.648903,-100.210775,0,0,0,
25.648903,-100.209778,0,0,0,
25.648903,-100.208781,0,0,0,
25.648903,-100.207784,0,0,0,
25.648903,-100.206787,0,0,0,
25.648903,-100.20579,0,0,0,19026_0160
25.648903,-100.204793,0,0,0,19026_0160
25.648903,-100.203796,0,0,0,
25.648903,-100.202799,0,0,0,19026_0070
25.648903,-100.201802,0,0,0,19026_0070
25.648903,-100.200805,0,0,0,
25.648903,-100.199808,0,0,0,
25.648903,-100.198812,0,0,0,
25.648903,-100.197815,0,0,0,
25.648903,-100.174885,1,1,0,
25.648903,-100.173888,1,1,0,
25.648903,-100.172891,1,1,0,
25.648903,-100.171894,1,1,0,
25.648903,-100.170897,1,1,0,
25.648903,-100.169901,0,0,0,
25.648903,-100.168904,0,0,0,
25.648903,-100.167907,0,0,0,
25.648903,-100.16691,0,0,0,
25.648903,-100.165913,0,0,0,
25.648903,-100.164916,0,0,0,
25.648903,-100.163919,0,0,0,
25.648903,-100.121051,1,1,0,
25.648903,-100.120054,1,1,0,
25.648903,-100.119057,0,0,0,
25.648903,-100.11806,0,0,0,
25.648903,-100.117063,0,0,0,
25.648903,-100.116066,0,0,0,
25.648903,-100.115069,0,0,0,
25.648903,-100.114072,0,0,0,
25.648903,-100.113076,0,0,0,
25.648903,-100.112079,1,1,0,
25.648903,-100.111082,1,1,0,
25.648903,-100.110085,1,1,0,
25.648903,-100.109088,1,1,0,
25.648903,-100.108091,1,1,0,
25.648903,-100.106097,0,0,0,
25.648903,-100.1051,0,0,0,
25.648903,-100.104103,0,0,0,
25.648903,-100.103106,0,0,0,
25.648903,-100.102109,0,0,0,19031_0067
25.648903,-100.101112,0,0,0,19031_0067
25.648903,-100.100115,0,0,0,19031_0067
25.648903,-100.099119,0,0,0,19031_0067
25.648903,-100.098122,0,0,0,19031_0067
25.648903,-100.097125,0,0,0,19031_0067
25.648903,-100.096128,0,0,0,19031_0067
25.648903,-100.095131,0,0,0,19031_0067
25.648903,-100.094134,0,0,0,
25.648903,-100.093137,0,0,0,
25.648903,-100.09214,0,0,0,
25.648903,-100.086158,0,0,0,
25.648903,-100.085161,0,0,0,
25.648903,-100.084165,0,0,0,
25.648903,-100.083168,0,0,0,
25.648903,-100.082171,0,0,0,19031_0219
25.648903,-100.081174,0,0,0,19031_0219
25.648903,-100.080177,0,0,0,19031_0219
25.648903,-100.07918,0,0,0,19031_0219
25.648903,-100.078183,0,0,0,19031_0111
25.648903,-100.077186,0,0,0,
25.648903,-100.076189,0,0,0,
25.648903,-100.075192,0,0,0,19031_0111
25.648903,-100.074195,0,0,0,
25.648903,-100.073198,0,0,0,
25.648903,-100.072201,0,0,0,
25.648903,-100.071204,0,0,0,
25.648903,-100.070208,0,0,0,
25.649807,-100.322431,0,0,0,
25.649807,-100.321434,0,0,0,
25.649807,-100.320437,0,0,0,
25.649807,-100.31944,0,0,0,
25.649807,-100.318443,0,0,0,
25.649807,-100.317446,0,0,0,
25.649807,-100.316449,0,0,0,
25.649807,-100.315452,0,0,0,
25.649807,-100.314455,0,0,0,
25.649807,-100.313459,0,0,0,19039_0039
25.649807,-100.312462,0,0,0,19039_0039
25.649807,-100.311465,0,0,0,19039_0039
25.649807,-100.310468,0,0,0,19039_0039
25.649807,-100.309471,0,0,0,19039_0039
25.649807,-100.308474,1,1,0,19039_0039
25.649807,-100.307477,1,1,0,
25.649807,-100.30648,1,1,0,
25.649807,-100.305483,1,1,0,
25.649807,-100.304486,1,1,0,
25.649807,-100.295514,1,1,0,
25.649807,-100.294517,1,1,0,
25.649807,-100.29352,1,1,0,
25.649807,-100.292523,1,1,0,
25.649807,-100.291526,2,2,0,
25.649807,-100.290529,2,2,0,
25.649807,-100.289532,1,1,0,
25.649807,-100.221741,0,0,0,
25.649807,-100.220744,0,0,0,
25.649807,-100.219747,0,0,0,
25.649807,-100.21875,0,0,0,
25.649807,-100.217753,0,0,0,19026_0310
25.649807,-100.216756,0,0,0,19026_0310
25.649807,-100.215759,0,0,0,19026_0310
25.649807,-100.214762,0,0,0,19026_0310
25.649807,-100.213766,0,0,0,
25.649807,-100.212769,0,0,0,
25.649807,-100.211772,0,0,0,
25.649807,-100.210775,0,0,0,
25.649807,-100.208781,0,0,0,
25.649807,-100.207784,1,1,0,
25.649807,-100.206787,1,1,0,
25.649807,-100.20579,1,1,0,
25.649807,-100.204793,1,1,0,19026_0160
25.649807,-100.203796,0,0,0,
25.649807,-100.202799,0,0,0,
25.649807,-100.201802,0,0,0,19026_0070
25.649807,-100.200805,0,0,0,
25.649807,-100.199808,0,0,0,
25.649807,-100.198812,0,0,0,
25.649807,-100.197815,0,0,0,
25.649807,-100.185851,1,1,0,
25.649807,-100.184855,1,1,0,
25.649807,-100.183858,1,1,0,
25.649807,-100.174885,1,1,0,
25.649807,-100.173888,1,1,0,
25.649807,-100.172891,1,1,0,
25.649807,-100.171894,1,1,0,
25.649807,-100.170897,1,1,0,
25.649807,-100.169901,0,0,0,
25.649807,-100.168904,0,0,0,
25.649807,-100.167907,0,0,0,
25.649807,-100.16691,0,0,0,19026_0457
25.649807,-100.165913,0,0,0,
25.649807,-100.164916,0,0,0,
25.649807,-100.163919,0,0,0,
25.649807,-100.119057,0,0,0,
25.649807,-100.11806,0,0,0,
25.649807,-100.117063,0,0,0,
25.649807,-100.116066,0,0,0,
25.649807,-100.115069,0,0,0,
25.649807,-100.111082,1,1,0,
25.649807,-100.110085,1,1,0,
25.649807,-100.109088,1,1,0,
25.649807,-100.108091,1,1,0,
25.649807,-100.107094,1,1,0,
25.649807,-100.106097,1,1,0,
25.649807,-100.1051,1,1,0,
25.649807,-100.104103,1,1,0,
25.649807,-100.103106,0,0,0,
25.649807,-100.102109,0,0,0,
25.649807,-100.101112,0,0,0,19031_0067
25.649807,-100.100115,0,0,0,19031_0067
25.649807,-100.099119,0,0,0,19031_0067
25.649807,-100.098122,0,0,0,19031_0067
25.649807,-100.097125,0,0,0,19031_0067
25.649807,-100.096128,0,0,0,19031_0067
25.649807,-100.095131,0,0,0,19031_0067
25.649807,-100.094134,0,0,0,
25.649807,-100.093137,0,0,0,
25.649807,-100.09214,0,0,0,
25.649807,-100.085161,0,0,0,
25.649807,-100.084165,0,0,0,
25.649807,-100.083168,0,0,0,
25.649807,-100.082171,0,0,0,19031_0219
25.649807,-100.081174,0,0,0,19031_0219
25.649807,-100.080177,0,0,0,19031_0219
25.649807,-100.07918,0,0,0,
25.649807,-100.078183,0,0,0,
25.649807,-100.077186,0,0,0,
25.649807,-100.076189,0,0,0,
25.649807,-100.075192,0,0,0,
25.649807,-100.074195,0,0,0,
25.649807,-100.073198,0,0,0,
25.649807,-100.072201,0,0,0,
25.649807,-100.071204,0,0,0,
25.650712,-100.329409,0,0,0,
25.650712,-100.328413,0,0,0,
25.650712,-100.327416,0,0,0,
25.650712,-100.326419,0,0,0,
25.650712,-100.325422,0,0,0,
25.650712,-100.324425,0,0,0,
25.650712,-100.323428,0,0,0,
25.650712,-100.322431,0,0,0,
25.650712,-100.321434,0,0,0,
25.650712,-100.320437,0,0,0,
25.650712,-100.31944,0,0,0,19039_0343
25.650712,-100.318443,0,0,0,19039_0343
25.650712,-100.317446,0,0,0,
25.650712,-100.316449,0,0,0,
25.650712,-100.315452,0,0,0,
25.650712,-100.314455,0,0,0,
25.650712,-100.313459,0,0,0,19039_0343
25.650712,-100.312462,0,0,0,19039_0343
25.650712,-100.311465,0,0,0,19039_0343
25.650712,-100.310468,0,0,0,
25.650712,-100.309471,1,1,0,
25.650712,-100.308474,1,1,0,
25.650712,-100.307477,1,1,0,
25.650712,-100.30648,1,1,0,
25.650712,-100.305483,1,1,0,
25.650712,-100.304486,1,1,0,
25.650712,-100.295514,1,1,0,
25.650712,-100.294517,1,1,0,
25.650712,-100.29352,1,1,0,
25.650712,-100.292523,1,1,0,
25.650712,-100.291526,1,1,0,
25.650712,-100.290529,1,1,0,
25.650712,-100.271587,0,0,0,
25.650712,-100.270591,0,0,0,
25.650712,-100.269594,0,0,0,
25.650712,-100.220744,0,0,0,
25.650712,-100.219747,0,0,0,
25.650712,-100.21875,0,0,0,
25.650712,-100.217753,0,0,0,19026_0310
25.650712,-100.216756,0,0,0,19026_0310
25.650712,-100.215759,0,0,0,19026_0310
25.650712,-100.214762,0,0,0,19026_0310
25.650712,-100.213766,0,0,0,
25.650712,-100.212769,0,0,0,
25.650712,-100.211772,0,0,0,
25.650712,-100.210775,1,1,0,
25.650712,-100.209778,1,1,0,
25.650712,-100.208781,2,2,0,
25.650712,-100.207784,2,2,0,
25.650712,-100.206787,2,2,0,
25.650712,-100.20579,1,1,0,
25.650712,-100.204793,1,1,0,19026_0160
25.650712,-100.203796,1,1,0,19026_0160
25.650712,-100.202799,0,0,0,
25.650712,-100.201802,0,0,0,19026_0070
25.650712,-100.200805,0,0,0,19026_0070
25.650712,-100.199808,0,0,0,
25.650712,-100.198812,0,0,0,
25.650712,-100.197815,0,0,0,
25.650712,-100.186848,1,1,0,
25.650712,-100.185851,1,1,0,
25.650712,-100.184855,1,1,0,
25.650712,-100.183858,1,1,0,
25.650712,-100.182861,1,1,0,
25.650712,-100.174885,1,1,0,
25.650712,-100.173888,1,1,0,
25.650712,-100.172891,1,1,0,
25.650712,-100.171894,1,1,0,
25.650712,-100.170897,1,1,0,
25.650712,-100.169901,1,1,0,
25.650712,-100.168904,0,0,0,19026_0457
25.650712,-100.167907,0,0,0,19026_0457
25.650712,-100.16691,0,0,0,19026_0457
25.650712,-100.165913,0,0,0,
25.650712,-100.164916,0,0,0,
25.650712,-100.163919,0,0,0,
25.650712,-100.117063,0,0,0,
25.650712,-100.116066,0,0,0,
25.650712,-100.112079,0,0,0,
25.650712,-100.111082,0,0,0,
25.650712,-100.110085,0,0,0,
25.650712,-100.109088,0,0,0,
25.650712,-100.108091,1,1,0,
25.650712,-100.107094,1,1,0,
25.650712,-100.106097,1,1,0,
25.650712,-100.1051,1,1,0,
25.650712,-100.104103,1,1,0,
25.650712,-100.103106,0,0,0,19031_0067
25.650712,-100.102109,0,0,0,19031_0067
25.650712,-100.101112,0,0,0,19031_0067
25.650712,-100.100115,0,0,0,19031_0067
25.650712,-100.099119,0,0,0,19031_0067
25.650712,-100.098122,0,0,0,
25.650712,-100.097125,0,0,0,19031_0067
25.650712,-100.096128,0,0,0,
25.650712,-100.095131,0,0,0,
25.650712,-100.094134,0,0,0,
25.650712,-100.093137,0,0,0,
25.650712,-100.09214,0,0,0,
25.650712,-100.085161,0,0,0,
25.650712,-100.084165,0,0,0,
25.650712,-100.083168,0,0,0,
25.650712,-100.082171,0,0,0,
25.650712,-100.081174,0,0,0,19031_0219
25.650712,-100.080177,0,0,0,
25.650712,-100.07918,0,0,0,
25.650712,-100.078183,0,0,0,
25.650712,-100.077186,0,0,0,
25.650712,-100.076189,0,0,0,
25.650712,-100.075192,0,0,0,
25.650712,-100.074195,0,0,0,
25.650712,-100.073198,0,0,0,
25.651616,-100.331403,0,0,0,
25.651616,-100.330406,0,0,0,
25.651616,-100.329409,0,0,0,
25.651616,-100.328413,0,0,0,
25.651616,-100.327416,0,0,0,
25.651616,-100.326419,0,0,0,
25.651616,-100.325422,0,0,0,
25.651616,-100.324425,0,0,0,
25.651616,-100.323428,0,0,0,
25.651616,-100.322431,0,0,0,
25.651616,-100.321434,0,0,0,
25.651616,-100.320437,0,0,0,19039_0343
25.651616,-100.31944,0,0,0,19039_0343
25.651616,-100.318443,0,0,0,19039_0343
25.651616,-100.317446,0,0,0,
25.651616,-100.316449,0,0,0,
25.651616,-100.315452,0,0,0,
25.651616,-100.314455,0,0,0,19039_0343
25.651616,-100.313459,0,0,0,19039_0343
25.651616,-100.312462,0,0,0,19039_0343
25.651616,-100.311465,0,0,0,19039_0343
25.651616,-100.310468,0,0,0,
25.651616,-100.309471,1,1,0,
25.651616,-100.308474,1,1,0,
25.651616,-100.307477,1,1,0,
25.651616,-100.30648,1,1,0,
25.651616,-100.305483,1,1,0,
25.651616,-100.304486,1,1,0,
25.651616,-100.294517,1,1,0,
25.651616,-100.29352,1,1,0,
25.651616,-100.292523,1,1,0,
25.651616,-100.291526,1,1,0,
25.651616,-100.290529,1,1,0,
25.651616,-100.273581,0,0,0,
25.651616,-100.272584,0,0,0,
25.651616,-100.271587,0,0,0,
25.651616,-100.270591,0,0,0,
25.651616,-100.269594,0,0,0,
25.651616,-100.268597,0,0,0,
25.651616,-100.2676,0,0,0,
25.651616,-100.220744,0,0,0,
25.651616,-100.219747,0,0,0,
25.651616,-100.21875,0,0,0,
25.651616,-100.217753,0,0,0,19026_0310
25.651616,-100.216756,0,0,0,19026_0310
25.651616,-100.215759,0,0,0,19026_0310
25.651616,-100.214762,0,0,0,19026_0310
25.651616,-100.213766,0,0,0,
25.651616,-100.212769,0,0,0,
25.651616,-100.211772,0,0,0,
25.651616,-100.210775,1,1,0,
25.651616,-100.209778,1,1,0,
25.651616,-100.208781,2,2,0,
25.651616,-100.207784,2,2,0,
25.651616,-100.206787,2,2,0,
25.651616,-100.20579,1,1,0,
25.651616,-100.204793,1,1,0,19026_0160
25.651616,-100.203796,1,1,0,19026_0160
25.651616,-100.202799,0,0,0,
25.651616,-100.201802,0,0,0,19026_0070
25.651616,-100.200805,0,0,0,19026_0070
25.651616,-100.199808,0,0,0,
25.651616,-100.198812,0,0,0,
25.651616,-100.197815,0,0,0,
25.651616,-100.186848,1,1,0,
25.651616,-100.185851,1,1,0,
25.651616,-100.184855,1,1,0,
25.651616,-100.183858,1,1,0,
25.651616,-100.182861,1,1,0,
25.651616,-100.174885,1,1,0,
25.651616,-100.173888,1,1,0,
25.651616,-100.172891,1,1,0,
25.651616,-100.171894,1,1,0,
25.651616,-100.170897,1,1,0,
25.651616,-100.169901,0,0,0,
25.651616,-100.168904,0,0,0,19026_0457
25.651616,-100.167907,0,0,0,19026_0457
25.651616,-100.16691,0,0,0,19026_0457
25.651616,-100.165913,0,0,0,
25.651616,-100.164916,0,0,0,
25.651616,-100.163919,0,0,0,
25.651616,-100.112079,0,0,0,
25.651616,-100.111082,0,0,0,
25.651616,-100.110085,0,0,0,
25.651616,-100.109088,0,0,0,
25.651616,-100.108091,1,1,0,
25.651616,-100.107094,1,1,0,
25.651616,-100.106097,1,1,0,19031_0067
25.651616,-100.1051,1,1,0,19031_0067
25.651616,-100.104103,1,1,0,19031_0067
25.651616,-100.103106,1,1,0,19031_0067
25.651616,-100.102109,0,0,0,19031_0067
25.651616,-100.101112,0,0,0,19031_0067
25.651616,-100.100115,0,0,0,
25.651616,-100.099119,0,0,0,
25.651616,-100.098122,0,0,0,
25.651616,-100.097125,0,0,0,
25.651616,-100.096128,0,0,0,
25.651616,-100.095131,0,0,0,
25.651616,-100.094134,0,0,0,
25.651616,-100.093137,0,0,0,
25.651616,-100.084165,0,0,0,
25.651616,-100.083168,0,0,0,
25.651616,-100.082171,0,0,0,
25.651616,-100.081174,0,0,0,
25.651616,-100.080177,0,0,0,
25.651616,-100.07918,0,0,0,
25.651616,-100.078183,0,0,0,
25.651616,-100.077186,0,0,0,
25.651616,-100.076189,0,0,0,
25.651616,-100.075192,0,0,0,
25.651616,-100.074195,0,0,0,
25.65252,-100.333397,0,0,0,
25.65252,-100.3324,0,0,0,
25.65252,-100.331403,0,0,0,
25.65252,-100.330406,0,0,0,
25.65252,-100.329409,0,0,0,
25.65252,-100.328413,0,0,0,
25.65252,-100.327416,0,0,0,
25.65252,-100.326419,0,0,0,
25.65252,-100.325422,0,0,0,
25.65252,-100.324425,0,0,0,
25.65252,-100.323428,0,0,0,
25.65252,-100.322431,0,0,0,
25.65252,-100.321434,0,0,0,19039_0343
25.65252,-100.320437,0,0,0,19039_0343
25.65252,-100.31944,0,0,0,19039_0343
25.65252,-100.318443,0,0,0,19039_0343
25.65252,-100.317446,0,0,0,19039_0343
25.65252,-100.316449,0,0,0,19039_0343
25.65252,-100.315452,0,0,0,19039_0343
25.65252,-100.314455,0,0,0,19039_0343
25.65252,-100.313459,0,0,0,19039_0343
25.65252,-100.312462,0,0,0,19039_0343
25.65252,-100.311465,0,0,0,19039_0343
25.65252,-100.310468,0,0,0,
25.65252,-100.309471,0,0,0,
25.65252,-100.308474,1,1,0,
25.65252,-100.307477,1,1,0,
25.65252,-100.30648,1,1,0,
25.65252,-100.305483,1,1,0,
25.65252,-100.304486,1,1,0,
25.65252,-100.29352,1,1,0,
25.65252,-100.292523,1,1,0,
25.65252,-100.274578,0,0,0,
25.65252,-100.273581,0,0,0,
25.65252,-100.272584,0,0,0,
25.65252,-100.271587,0,0,0,
25.65252,-100.270591,0,0,0,
25.65252,-100.269594,0,0,0,
25.65252,-100.268597,0,0,0,
25.65252,-100.2676,0,0,0,
25.65252,-100.266603,0,0,0,
25.65252,-100.265606,0,0,0,
25.65252,-100.219747,0,0,0,
25.65252,-100.21875,0,0,0,
25.65252,-100.217753,0,0,0,
25.65252,-100.216756,0,0,0,
25.65252,-100.215759,0,0,0,
25.65252,-100.214762,0,0,0,
25.65252,-100.213766,0,0,0,
25.65252,-100.212769,0,0,0,
25.65252,-100.211772,1,1,0,
25.65252,-100.210775,1,1,0,
25.65252,-100.209778,1,1,0,
25.65252,-100.208781,2,2,0,
25.65252,-100.207784,2,2,0,
25.65252,-100.206787,2,2,0,
25.65252,-100.20579,1,1,0,
25.65252,-100.204793,1,1,0,19026_0160
25.65252,-100.203796,1,1,0,19026_0160
25.65252,-100.202799,0,0,0,
25.65252,-100.201802,0,0,0,
25.65252,-100.200805,0,0,0,
25.65252,-100.199808,0,0,0,
25.65252,-100.198812,0,0,0,
25.65252,-100.197815,0,0,0,
25.65252,-100.186848,1,1,0,
25.65252,-100.185851,1,1,0,
25.65252,-100.184855,1,1,0,
25.65252,-100.183858,1,1,0,
25.65252,-100.182861,1,1,0,
25.65252,-100.174885,1,1,0,
25.65252,-100.173888,1,1,0,
25.65252,-100.172891,1,1,0,
25.65252,-100.171894,1,1,0,
25.65252,-100.170897,1,1,0,
25.65252,-100.169901,0,0,0,
25.65252,-100.168904,0,0,0,19026_0457
25.65252,-100.167907,0,0,0,19026_0457
25.65252,-100.16691,0,0,0,19026_0457
25.65252,-100.165913,0,0,0,
25.65252,-100.164916,0,0,0,
25.65252,-100.163919,0,0,0,
25.65252,-100.112079,0,0,0,
25.65252,-100.111082,0,0,0,
25.65252,-100.110085,0,0,0,
25.65252,-100.109088,0,0,0,19031_0067
25.65252,-100.108091,1,1,0,19031_0067
25.65252,-100.107094,1,1,0,19031_0067
25.65252,-100.106097,1,1,0,19031_0067
25.65252,-100.1051,1,1,0,19031_0067
25.65252,-100.104103,1,1,0,19031_0067
25.65252,-100.103106,1,1,0,19031_0067
25.65252,-100.102109,0,0,0,19031_0067
25.65252,-100.101112,0,0,0,
25.65252,-100.100115,0,0,0,
25.65252,-100.099119,0,0,0,
25.65252,-100.098122,0,0,0,
25.65252,-100.097125,0,0,0,
25.65252,-100.096128,0,0,0,
25.65252,-100.095131,0,0,0,
25.65252,-100.084165,0,0,0,
25.65252,-100.083168,0,0,0,
25.65252,-100.082171,0,0,0,
25.65252,-100.081174,0,0,0,
25.65252,-100.080177,0,0,0,
25.65252,-100.07918,0,0,0,
25.653425,-100.334394,0,0,0,
25.653425,-100.333397,0,0,0,
25.653425,-100.3324,0,0,0,
25.653425,-100.331403,0,0,0,
25.653425,-100.330406,0,0,0,
25.653425,-100.329409,0,0,0,
25.653425,-100.328413,0,0,0,19039_0343
25.653425,-100.327416,0,0,0,19039_0343
25.653425,-100.326419,0,0,0,19039_0343
25.653425,-100.325422,0,0,0,
25.653425,-100.324425,0,0,0,
25.653425,-100.323428,0,0,0,19039_0343
25.653425,-100.322431,0,0,0,19039_0343
25.653425,-100.321434,0,0,0,19039_0343
25.653425,-100.320437,0,0,0,19039_0343
25.653425,-100.31944,0,0,0,19039_0343
25.653425,-100.318443,0,0,0,19039_0343
25.653425,-100.317446,0,0,0,19039_0343
25.653425,-100.316449,0,0,0,19039_0343
25.653425,-100.315452,0,0,0,19039_0343
25.653425,-100.314455,0,0,0,19039_0343
25.653425,-100.313459,0,0,0,19039_0343
25.653425,-100.312462,0,0,0,19039_0343
25.653425,-100.311465,1,1,0,19039_0343
25.653425,-100.310468,1,1,0,
25.653425,-100.309471,0,0,0,
25.653425,-100.308474,0,0,0,
25.653425,-100.307477,1,1,0,
25.653425,-100.30648,1,1,0,
25.653425,-100.305483,1,1,0,
25.653425,-100.275575,0,0,0,
25.653425,-100.274578,0,0,0,
25.653425,-100.273581,0,0,0,
25.653425,-100.272584,0,0,0,
25.653425,-100.271587,0,0,0,
25.653425,-100.270591,0,0,0,19026_0017
25.653425,-100.269594,0,0,0,
25.653425,-100.268597,0,0,0,
25.653425,-100.2676,0,0,0,
25.653425,-100.266603,0,0,0,
25.653425,-100.265606,0,0,0,
25.653425,-100.264609,0,0,0,
25.653425,-100.219747,0,0,0,
25.653425,-100.21875,0,0,0,
25.653425,-100.217753,0,0,0,
25.653425,-100.216756,0,0,0,
25.653425,-100.215759,0,0,0,
25.653425,-100.214762,0,0,0,
25.653425,-100.213766,0,0,0,
25.653425,-100.212769,0,0,0,
25.653425,-100.211772,0,0,0,
25.653425,-100.210775,1,1,0,
25.653425,-100.209778,1,1,0,
25.653425,-100.208781,1,1,0,
25.653425,-100.207784,2,2,0,
25.653425,-100.206787,2,2,0,
25.653425,-100.20579,1,1,0,
25.653425,-100.204793,1,1,0,
25.653425,-100.203796,0,0,0,
25.653425,-100.202799,0,0,0,
25.653425,-100.201802,0,0,0,
25.653425,-100.200805,0,0,0,
25.653425,-100.199808,0,0,0,
25.653425,-100.198812,0,0,0,
25.653425,-100.197815,0,0,0,
25.653425,-100.196818,1,1,0,
25.653425,-100.195821,1,1,0,
25.653425,-100.186848,1,1,0,
25.653425,-100.185851,1,1,0,
25.653425,-100.184855,1,1,0,
25.653425,-100.183858,1,1,0,
25.653425,-100.182861,1,1,0,
25.653425,-100.173888,1,1,0,
25.653425,-100.172891,2,2,0,
25.653425,-100.171894,2,2,0,
25.653425,-100.170897,1,1,0,
25.653425,-100.169901,0,0,0,
25.653425,-100.168904,0,0,0,
25.653425,-100.167907,0,0,0,19026_0457
25.653425,-100.16691,0,0,0,19026_0457
25.653425,-100.165913,0,0,0,19026_0457
25.653425,-100.164916,0,0,0,
25.653425,-100.163919,0,0,0,
25.653425,-100.162922,0,0,0,
25.653425,-100.112079,0,0,0,
25.653425,-100.111082,0,0,0,
25.653425,-100.110085,0,0,0,
25.653425,-100.109088,0,0,0,19031_0067
25.653425,-100.108091,1,1,0,19031_0067
25.653425,-100.107094,1,1,0,19031_0067
25.653425,-100.106097,1,1,0,19031_0067
25.653425,-100.1051,1,1,0,19031_0067
25.653425,-100.104103,1,1,0,19031_0067
25.653425,-100.103106,0,0,0,19031_0067
25.653425,-100.102109,0,0,0,19031_0067
25.653425,-100.101112,0,0,0,
25.653425,-100.100115,0,0,0,19031_0067
25.653425,-100.099119,0,0,0,
25.653425,-100.098122,0,0,0,
25.653425,-100.097125,0,0,0,
25.653425,-100.096128,0,0,0,
25.653425,-100.083168,0,0,0,
25.653425,-100.082171,0,0,0,
25.653425,-100.081174,0,0,0,
25.654329,-100.334394,0,0,0,
25.654329,-100.333397,0,0,0,
25.654329,-100.3324,0,0,0,
25.654329,-100.331403,0,0,0,
25.654329,-100.330406,0,0,0,19039_0343
25.654329,-100.329409,0,0,0,19039_0343
25.654329,-100.328413,0,0,0,19039_0343
25.654329,-100.327416,0,0,0,19039_0343
25.654329,-100.326419,0,0,0,19039_0343
25.654329,-100.325422,0,0,0,19039_0343
25.654329,-100.324425,0,0,0,19039_0343
25.654329,-100.323428,0,0,0,19039_0343
25.654329,-100.322431,0,0,0,19039_0343
25.654329,-100.321434,0,0,0,19039_0343
25.654329,-100.320437,0,0,0,19039_0343
25.654329,-100.31944,0,0,0,19039_0343
25.654329,-100.318443,0,0,0,19039_0343
25.654329,-100.317446,0,0,0,19039_0343
25.654329,-100.316449,0,0,0,19039_0343
25.654329,-100.315452,0,0,0,19039_0343
25.654329,-100.314455,0,0,0,19039_0343
25.654329,-100.313459,0,0,0,19039_0343
25.654329,-100.312462,1,1,0,19039_0343
25.654329,-100.311465,1,1,0,19039_0343
25.654329,-100.310468,1,1,0,
25.654329,-100.309471,1,1,0,19039_0343
25.654329,-100.308474,1,1,0,19039_0343
25.654329,-100.307477,0,0,0,19039_0343
25.654329,-100.30648,0,0,0,
25.654329,-100.305483,0,0,0,
25.654329,-100.304486,0,0,0,
25.654329,-100.275575,0,0,0,
25.654329,-100.274578,0,0,0,
25.654329,-100.273581,0,0,0,
25.654329,-100.272584,0,0,0,19026_0049
25.654329,-100.271587,0,0,0,19026_0049
25.654329,-100.270591,0,0,0,19026_0017
25.654329,-100.269594,0,0,0,19026_0017
25.654329,-100.268597,0,0,0,19026_0017
25.654329,-100.2676,0,0,0,
25.654329,-100.266603,0,0,0,
25.654329,-100.265606,0,0,0,
25.654329,-100.264609,0,0,0,
25.654329,-100.21875,0,0,0,
25.654329,-100.217753,0,0,0,
25.654329,-100.216756,0,0,0,
25.654329,-100.215759,0,0,0,
25.654329,-100.214762,0,0,0,
25.654329,-100.213766,0,0,0,
25.654329,-100.212769,0,0,0,
25.654329,-100.211772,0,0,0,
25.654329,-100.210775,1,1,0,
25.654329,-100.209778,1,1,0,
25.654329,-100.208781,1,1,0,
25.654329,-100.207784,1,1,0,
25.654329,-100.206787,2,2,0,
25.654329,-100.20579,1,1,0,
25.654329,-100.204793,0,0,0,
25.654329,-100.203796,0,0,0,
25.654329,-100.202799,0,0,0,
25.654329,-100.201802,0,0,0,
25.654329,-100.200805,0,0,0,
25.654329,-100.199808,0,0,0,
25.654329,-100.198812,0,0,0,
25.654329,-100.197815,1,1,0,
25.654329,-100.196818,1,1,0,
25.654329,-100.195821,1,1,0,
25.654329,-100.194824,1,1,0,
25.654329,-100.193827,1,1,0,
25.654329,-100.185851,1,1,0,
25.654329,-100.184855,1,1,0,
25.654329,-100.183858,1,1,0,
25.654329,-100.174885,1,1,0,
25.654329,-100.173888,2,2,0,
25.654329,-100.172891,2,2,0,
25.654329,-100.171894,2,2,0,
25.654329,-100.170897,3,3,0,
25.654329,-100.169901,2,2,0,
25.654329,-100.168904,1,1,0,
25.654329,-100.167907,1,1,0,19026_0457
25.654329,-100.16691,1,1,0,19026_0457
25.654329,-100.165913,0,0,0,19026_0457
25.654329,-100.164916,0,0,0,
25.654329,-100.163919,0,0,0,
25.654329,-100.162922,0,0,0,
25.654329,-100.112079,0,0,0,
25.654329,-100.111082,0,0,0,
25.654329,-100.110085,0,0,0,
25.654329,-100.109088,0,0,0,19031_0067
25.654329,-100.108091,0,0,0,19031_0067
25.654329,-100.107094,0,0,0,19031_0067
25.654329,-100.106097,1,1,0,19031_0067
25.654329,-100.1051,0,0,0,19031_0067
25.654329,-100.104103,0,0,0,19031_0067
25.654329,-100.103106,0,0,0,19031_0067
25.654329,-100.102109,0,0,0,19031_0067
25.654329,-100.101112,0,0,0,19031_0067
25.654329,-100.100115,0,0,0,19031_0067
25.654329,-100.099119,0,0,0,
25.654329,-100.098122,0,0,0,
25.654329,-100.097125,0,0,0,
25.654329,-100.096128,0,0,0,
25.655234,-100.336388,0,0,0,
25.655234,-100.335391,0,0,0,
25.655234,-100.334394,0,0,0,
25.655234,-100.333397,0,0,0,
25.655234,-100.3324,0,0,0,19039_0343
25.655234,-100.331403,0,0,0,19039_0343
25.655234,-100.330406,0,0,0,19039_0343
25.655234,-100.329409,0,0,0,19039_0343
25.655234,-100.328413,0,0,0,19039_0343
25.655234,-100.327416,0,0,0,19039_0343
25.655234,-100.326419,0,0,0,19039_0343
25.655234,-100.325422,0,0,0,19039_0343
25.655234,-100.324425,0,0,0,19039_0343
25.655234,-100.323428,0,0,0,19039_0343
25.655234,-100.322431,0,0,0,19039_0343
25.655234,-100.321434,0,0,0,19039_0343
25.655234,-100.320437,0,0,0,19039_0343
25.655234,-100.31944,0,0,0,19039_0343
25.655234,-100.318443,0,0,0,19039_0343
25.655234,-100.317446,0,0,0,19039_0343
25.655234,-100.316449,0,0,0,19039_0343
25.655234,-100.315452,0,0,0,19039_0343
25.655234,-100.314455,0,0,0,19039_0343
25.655234,-100.313459,1,1,0,19039_0343
25.655234,-100.312462,1,1,0,19039_0343
25.655234,-100.311465,2,2,0,19039_0343
25.655234,-100.310468,2,2,0,19039_0343
25.655234,-100.309471,2,2,0,19039_0343
25.655234,-100.308474,2,2,0,19039_0343
25.655234,-100.307477,1,1,0,19039_0343
25.655234,-100.30648,0,0,0,
25.655234,-100.305483,0,0,0,
25.655234,-100.304486,0,0,0,
25.655234,-100.303489,1,1,0,
25.655234,-100.302492,1,1,0,
25.655234,-100.301495,1,1,0,
25.655234,-100.300498,1,1,0,
25.655234,-100.275575,0,0,0,
25.655234,-100.274578,0,0,0,
25.655234,-100.273581,0,0,0,
25.655234,-100.272584,0,0,0,19026_0049
25.655234,-100.271587,0,0,0,19026_0049
25.655234,-100.270591,0,0,0,19026_0017
25.655234,-100.269594,0,0,0,19026_0017
25.655234,-100.268597,0,0,0,19026_0017
25.655234,-100.2676,0,0,0,19026_0017
25.655234,-100.266603,0,0,0,
25.655234,-100.265606,0,0,0,
25.655234,-100.264609,0,0,0,
25.655234,-100.217753,0,0,0,
25.655234,-100.216756,0,0,0,
25.655234,-100.215759,0,0,0,
25.655234,-100.214762,0,0,0,
25.655234,-100.213766,0,0,0,
25.655234,-100.212769,0,0,0,
25.655234,-100.211772,0,0,0,19026_0013
25.655234,-100.210775,0,0,0,19026_0013
25.655234,-100.209778,0,0,0,19026_0013
25.655234,-100.208781,1,1,0,19026_0013
25.655234,-100.207784,0,0,0,
25.655234,-100.206787,0,0,0,
25.655234,-100.20579,0,0,0,
25.655234,-100.204793,0,0,0,
25.655234,-100.203796,0,0,0,
25.655234,-100.202799,0,0,0,
25.655234,-100.201802,0,0,0,
25.655234,-100.198812,1,1,0,
25.655234,-100.197815,1,1,0,
25.655234,-100.196818,1,1,0,
25.655234,-100.195821,1,1,0,
25.655234,-100.194824,1,1,0,
25.655234,-100.193827,1,1,0,
25.655234,-100.174885,2,2,0,
25.655234,-100.173888,2,2,0,
25.655234,-100.172891,2,2,0,
25.655234,-100.171894,2,2,0,
25.655234,-100.170897,3,3,0,
25.655234,-100.169901,3,3,0,
25.655234,-100.168904,1,1,0,
25.655234,-100.167907,1,1,0,19026_0457
25.655234,-100.16691,1,1,0,19026_0457
25.655234,-100.165913,0,0,0,19026_0457
25.655234,-100.164916,0,0,0,
25.655234,-100.163919,0,0,0,
25.655234,-100.162922,0,0,0,
25.655234,-100.111082,0,0,0,
25.655234,-100.110085,0,0,0,
25.655234,-100.109088,0,0,0,
25.655234,-100.108091,0,0,0,19031_0067
25.655234,-100.107094,0,0,0,19031_0067
25.655234,-100.106097,0,0,0,19031_0067
25.655234,-100.1051,0,0,0,19031_0067
25.655234,-100.104103,0,0,0,19031_0067
25.655234,-100.103106,0,0,0,19031_0067
25.655234,-100.102109,0,0,0,19031_0067
25.655234,-100.101112,0,0,0,19031_0067
25.655234,-100.100115,0,0,0,19031_0067
25.655234,-100.099119,0,0,0,
25.655234,-100.098122,0,0,0,
25.655234,-100.097125,0,0,0,
25.655234,-100.096128,0,0,0,
25.655234,-100.080177,1,1,0,
25.655234,-100.07918,1,1,0,
25.655234,-100.078183,1,1,0,
25.655234,-100.077186,1,1,0,
25.656138,-100.337385,0,0,0,
25.656138,-100.336388,0,0,0,
25.656138,-100.335391,0,0,0,
25.656138,-100.334394,0,0,0,
25.656138,-100.333397,0,0,0,
25.656138,-100.3324,0,0,0,19039_0343
25.656138,-100.331403,0,0,0,19039_0343
25.656138,-100.330406,0,0,0,19039_0343
25.656138,-100.329409,0,0,0,19039_0343
25.656138,-100.328413,0,0,0,19039_0343
25.656138,-100.327416,0,0,0,19039_0343
25.656138,-100.326419,0,0,0,19039_0343
25.656138,-100.325422,0,0,0,19039_0343
25.656138,-100.324425,0,0,0,19039_0343
25.656138,-100.323428,0,0,0,19039_0343
25.656138,-100.322431,0,0,0,19039_0343
25.656138,-100.321434,0,0,0,19039_0343
25.656138,-100.320437,0,0,0,19039_0343
25.656138,-100.31944,0,0,0,19039_0343
25.656138,-100.318443,0,0,0,19039_0343
25.656138,-100.317446,0,0,0,19039_0343
25.656138,-100.316449,0,0,0,19039_0343
25.656138,-100.315452,0,0,0,19039_0343
25.656138,-100.314455,0,0,0,19039_0343
25.656138,-100.313459,1,1,0,19039_0343
25.656138,-100.312462,1,1,0,19039_0343
25.656138,-100.311465,2,2,0,19039_0343
25.656138,-100.310468,2,2,0,19039_0343
25.656138,-100.309471,2,2,0,19039_0343
25.656138,-100.308474,2,2,0,19039_0343
25.656138,-100.307477,1,1,0,19039_0343
25.656138,-100.30648,0,0,0,
25.656138,-100.305483,0,0,0,
25.656138,-100.304486,0,0,0,
25.656138,-100.303489,1,1,0,
25.656138,-100.302492,1,1,0,
25.656138,-100.301495,1,1,0,
25.656138,-100.300498,1,1,0,
25.656138,-100.299502,1,1,0,
25.656138,-100.276572,0,0,0,
25.656138,-100.275575,0,0,0,
25.656138,-100.274578,0,0,0,
25.656138,-100.273581,0,0,0,
25.656138,-100.272584,0,0,0,19026_0049
25.656138,-100.271587,0,0,0,19026_0049
25.656138,-100.270591,0,0,0,19026_0017
25.656138,-100.269594,0,0,0,19026_0017
25.656138,-100.268597,0,0,0,19026_0017
25.656138,-100.2676,0,0,0,19026_0017
25.656138,-100.266603,0,0,0,
25.656138,-100.265606,0,0,0,
25.656138,-100.264609,0,0,0,
25.656138,-100.263612,0,0,0,
25.656138,-100.262615,0,0,0,
25.656138,-100.261618,0,0,0,
25.656138,-100.21875,0,0,0,
25.656138,-100.217753,0,0,0,
25.656138,-100.216756,0,0,0,
25.656138,-100.215759,0,0,0,19026_0013
25.656138,-100.214762,0,0,0,19026_0013
25.656138,-100.213766,0,0,0,19026_0013
25.656138,-100.212769,0,0,0,19026_0013
25.656138,-100.211772,0,0,0,19026_0013
25.656138,-100.210775,0,0,0,19026_0013
25.656138,-100.209778,0,0,0,19026_0013
25.656138,-100.208781,0,0,0,19026_0013
25.656138,-100.207784,0,0,0,19026_0236
25.656138,-100.206787,0,0,0,19026_0236
25.656138,-100.20579,0,0,0,19026_0236
25.656138,-100.204793,0,0,0,19026_0236
25.656138,-100.203796,0,0,0,
25.656138,-100.202799,0,0,0,
25.656138,-100.201802,0,0,0,
25.656138,-100.198812,1,1,0,
25.656138,-100.197815,1,1,0,
25.656138,-100.196818,1,1,0,
25.656138,-100.195821,1,1,0,
25.656138,-100.194824,1,1,0,
25.656138,-100.193827,1,1,0,
25.656138,-100.174885,2,2,0,
25.656138,-100.173888,2,2,0,
25.656138,-100.172891,2,2,0,
25.656138,-100.171894,2,2,0,
25.656138,-100.170897,3,3,0,
25.656138,-100.169901,3,3,0,
25.656138,-100.168904,1,1,0,
25.656138,-100.167907,1,1,0,19026_0457
25.656138,-100.16691,1,1,0,19026_0457
25.656138,-100.165913,1,1,0,19026_0457
25.656138,-100.164916,0,0,0,
25.656138,-100.163919,0,0,0,
25.656138,-100.162922,0,0,0,
25.656138,-100.111082,0,0,0,
25.656138,-100.110085,0,0,0,
25.656138,-100.109088,0,0,0,
25.656138,-100.108091,0,0,0,19031_0067
25.656138,-100.107094,0,0,0,19031_0067
25.656138,-100.106097,0,0,0,19031_0067
25.656138,-100.1051,0,0,0,19031_0067
25.656138,-100.104103,0,0,0,19031_0067
25.656138,-100.103106,0,0,0,19031_0067
25.656138,-100.102109,0,0,0,19031_0067
25.656138,-100.101112,0,0,0,19031_0067
25.656138,-100.100115,0,0,0,
25.656138,-100.099119,0,0,0,
25.656138,-100.098122,0,0,0,
25.656138,-100.097125,0,0,0,
25.656138,-100.081174,1,1,0,
25.656138,-100.080177,1,1,0,
25.656138,-100.07918,1,1,0,
25.656138,-100.078183,1,1,0,
25.656138,-100.077186,1,1,0,
25.656138,-100.076189,1,1,0,
25.657042,-100.337385,0,0,0,
25.657042,-100.336388,0,0,0,
25.657042,-100.335391,0,0,0,
25.657042,-100.334394,0,0,0,
25.657042,-100.333397,0,0,0,19039_0343
25.657042,-100.3324,0,0,0,19039_0343
25.657042,-100.331403,0,0,0,19039_0343
25.657042,-100.330406,0,0,0,19039_0343
25.657042,-100.329409,0,0,0,19039_0343
25.657042,-100.328413,0,0,0,19039_0343
25.657042,-100.327416,0,0,0,19039_0343
25.657042,-100.326419,0,0,0,19039_0343
25.657042,-100.325422,0,0,0,19039_0343
25.657042,-100.324425,0,0,0,19039_0343
25.657042,-100.323428,0,0,0,19039_0343
25.657042,-100.322431,0,0,0,19039_0343
25.657042,-100.321434,0,0,0,19039_0343
25.657042,-100.320437,0,0,0,19039_0343
25.657042,-100.31944,0,0,0,19039_0343
25.657042,-100.318443,0,0,0,19039_0343
25.657042,-100.317446,0,0,0,19039_0343
25.657042,-100.316449,0,0,0,19039_0343
25.657042,-100.315452,0,0,0,19039_0343
25.657042,-100.314455,0,0,0,19039_0343
25.657042,-100.313459,1,1,0,19039_0343
25.657042,-100.312462,2,2,0,19039_0343
25.657042,-100.311465,2,2,0,19039_0343
25.657042,-100.310468,2,2,0,19039_0343
25.657042,-100.309471,2,2,0,19039_0343
25.657042,-100.308474,2,2,0,19039_0343
25.657042,-100.307477,1,1,0,19039_0343
25.657042,-100.30648,0,0,0,
25.657042,-100.305483,0,0,0,
25.657042,-100.304486,1,1,0,
25.657042,-100.303489,1,1,0,
25.657042,-100.302492,1,1,0,
25.657042,-100.301495,1,1,0,
25.657042,-100.300498,1,1,0,
25.657042,-100.299502,1,1,0,
25.657042,-100.275575,0,0,0,
25.657042,-100.274578,0,0,0,
25.657042,-100.273581,0,0,0,
25.657042,-100.272584,0,0,0,19026_0049
25.657042,-100.271587,0,0,0,19026_0049
25.657042,-100.270591,0,0,0,19026_0017
25.657042,-100.269594,0,0,0,19026_0017
25.657042,-100.268597,0,0,0,19026_0017
25.657042,-100.2676,0,0,0,19026_0017
25.657042,-100.266603,0,0,0,
25.657042,-100.265606,0,0,0,
25.657042,-100.264609,0,0,0,
25.657042,-100.263612,0,0,0,
25.657042,-100.262615,0,0,0,
25.657042,-100.261618,0,0,0,
25.657042,-100.260621,0,0,0,
25.657042,-100.23171,1,1,0,
25.657042,-100.230713,1,1,0,
25.657042,-100.217753,0,0,0,
25.657042,-100.216756,0,0,0,
25.657042,-100.215759,0,0,0,
25.657042,-100.214762,0,0,0,19026_0013
25.657042,-100.213766,0,0,0,19026_0013
25.657042,-100.212769,0,0,0,19026_0013
25.657042,-100.211772,0,0,0,19026_0013
25.657042,-100.210775,0,0,0,19026_0013
25.657042,-100.209778,0,0,0,19026_0013
25.657042,-100.208781,0,0,0,19026_0013
25.657042,-100.207784,0,0,0,19026_0236
25.657042,-100.206787,0,0,0,19026_0236
25.657042,-100.20579,0,0,0,19026_0236
25.657042,-100.204793,0,0,0,19026_0236
25.657042,-100.203796,0,0,0,
25.657042,-100.202799,0,0,0,
25.657042,-100.201802,0,0,0,
25.657042,-100.197815,1,1,0,
25.657042,-100.196818,1,1,0,
25.657042,-100.195821,1,1,0,
25.657042,-100.194824,1,1,0,
25.657042,-100.193827,1,1,0,
25.657042,-100.174885,2,2,0,
25.657042,-100.173888,2,2,0,
25.657042,-100.172891,2,2,0,
25.657042,-100.171894,2,2,0,
25.657042,-100.170897,3,3,0,
25.657042,-100.169901,2,2,0,
25.657042,-100.168904,1,1,0,
25.657042,-100.167907,1,1,0,19026_0457
25.657042,-100.16691,2,2,0,19026_0457
25.657042,-100.165913,1,1,0,19026_0457
25.657042,-100.164916,1,1,0,
25.657042,-100.163919,1,1,0,
25.657042,-100.162922,0,0,0,
25.657042,-100.111082,0,0,0,
25.657042,-100.110085,0,0,0,
25.657042,-100.109088,0,0,0,
25.657042,-100.108091,0,0,0,
25.657042,-100.107094,0,0,0,
25.657042,-100.106097,0,0,0,
25.657042,-100.1051,0,0,0,
25.657042,-100.104103,0,0,0,19031_0067
25.657042,-100.103106,0,0,0,19031_0067
25.657042,-100.102109,0,0,0,
25.657042,-100.101112,0,0,0,
25.657042,-100.100115,0,0,0,
25.657042,-100.099119,0,0,0,
25.657042,-100.098122,0,0,0,
25.657042,-100.081174,1,1,0,
25.657042,-100.080177,1,1,0,
25.657042,-100.07918,1,1,0,
25.657042,-100.078183,1,1,0,
25.657042,-100.077186,1,1,0,
25.657042,-100.076189,1,1,0,
25.657947,-100.458013,1,1,0,
25.657947,-100.457017,1,1,0,
25.657947,-100.45602,1,1,0,
25.657947,-100.455023,1,1,0,
25.657947,-100.337385,0,0,0,
25.657947,-100.336388,0,0,0,
25.657947,-100.335391,0,0,0,
25.657947,-100.334394,0,0,0,19039_0343
25.657947,-100.333397,0,0,0,19039_0343
25.657947,-100.3324,0,0,0,19039_0343
25.657947,-100.331403,0,0,0,19039_0343
25.657947,-100.330406,1,1,0,19039_0343
25.657947,-100.329409,1,1,0,19039_0343
25.657947,-100.328413,1,1,0,19039_0343
25.657947,-100.327416,1,1,0,19039_0343
25.657947,-100.326419,0,0,0,19039_0343
25.657947,-100.325422,0,0,0,19039_0343
25.657947,-100.324425,0,0,0,19039_0343
25.657947,-100.323428,0,0,0,19039_0343
25.657947,-100.322431,1,1,0,19039_0343
25.657947,-100.321434,1,1,0,19039_0343
25.657947,-100.320437,1,1,0,19039_0343
25.657947,-100.31944,1,1,0,19039_0343
25.657947,-100.318443,0,0,0,19039_0343
25.657947,-100.317446,0,0,0,19039_0343
25.657947,-100.316449,0,0,0,19039_0343
25.657947,-100.315452,0,0,0,19039_0343
25.657947,-100.314455,0,0,0,19039_0343
25.657947,-100.313459,0,0,0,19039_0343
25.657947,-100.312462,1,1,0,19039_0343
25.657947,-100.311465,2,2,0,19039_0343
25.657947,-100.310468,2,2,0,19039_0343
25.657947,-100.309471,2,2,0,19039_0343
25.657947,-100.308474,1,1,0,19039_0343
25.657947,-100.307477,1,1,0,19039_0343
25.657947,-100.30648,0,0,0,
25.657947,-100.305483,0,0,0,
25.657947,-100.304486,1,1,0,
25.657947,-100.303489,1,1,0,
25.657947,-100.302492,1,1,0,
25.657947,-100.301495,1,1,0,
25.657947,-100.300498,1,1,0,
25.657947,-100.299502,1,1,0,
25.657947,-100.297508,1,1,0,
25.657947,-100.296511,1,1,0,
25.657947,-100.295514,1,1,0,
25.657947,-100.275575,0,0,0,
25.657947,-100.274578,0,0,0,
25.657947,-100.273581,0,0,0,
25.657947,-100.272584,0,0,0,
25.657947,-100.271587,0,0,0,19026_0049
25.657947,-100.270591,0,0,0,19026_0017
25.657947,-100.269594,0,0,0,19026_0017
25.657947,-100.268597,0,0,0,19026_0017
25.657947,-100.2676,0,0,0,19026_0017
25.657947,-100.266603,0,0,0,
25.657947,-100.265606,0,0,0,
25.657947,-100.264609,0,0,0,
25.657947,-100.263612,0,0,0,
25.657947,-100.262615,0,0,0,
25.657947,-100.261618,0,0,0,
25.657947,-100.260621,0,0,0,
25.657947,-100.232707,1,1,0,
25.657947,-100.23171,1,1,0,
25.657947,-100.230713,1,1,0,
25.657947,-100.229716,1,1,0,
25.657947,-100.228719,1,1,0,
25.657947,-100.217753,0,0,0,
25.657947,-100.216756,0,0,0,
25.657947,-100.215759,0,0,0,
25.657947,-100.214762,0,0,0,19026_0013
25.657947,-100.213766,0,0,0,19026_0013
25.657947,-100.212769,0,0,0,19026_0013
25.657947,-100.211772,0,0,0,19026_0013
25.657947,-100.210775,0,0,0,
25.657947,-100.209778,0,0,0,
25.657947,-100.208781,0,0,0,19026_0291
25.657947,-100.207784,0,0,0,
25.657947,-100.206787,0,0,0,
25.657947,-100.20579,0,0,0,19026_0236
25.657947,-100.204793,0,0,0,19026_0236
25.657947,-100.203796,0,0,0,
25.657947,-100.202799,0,0,0,
25.657947,-100.201802,0,0,0,
25.657947,-100.197815,1,1,0,
25.657947,-100.196818,1,1,0,
25.657947,-100.195821,1,1,0,
25.657947,-100.194824,1,1,0,
25.657947,-100.173888,1,1,0,
25.657947,-100.172891,2,2,0,
25.657947,-100.171894,2,2,0,
25.657947,-100.170897,2,2,0,
25.657947,-100.169901,1,1,0,
25.657947,-100.168904,1,1,0,19026_0457
25.657947,-100.167907,2,2,0,19026_0457
25.657947,-100.16691,2,2,0,19026_0457
25.657947,-100.165913,1,1,0,19026_0457
25.657947,-100.164916,1,1,0,
25.657947,-100.163919,1,1,0,
25.657947,-100.162922,0,0,0,
25.657947,-100.161925,0,0,0,
25.657947,-100.110085,0,0,0,
25.657947,-100.109088,0,0,0,
25.657947,-100.108091,0,0,0,
25.657947,-100.107094,0,0,0,
25.657947,-100.106097,0,0,0,
25.657947,-100.1051,0,0,0,
25.657947,-100.104103,0,0,0,
25.657947,-100.103106,0,0,0,
25.657947,-100.102109,0,0,0,
25.657947,-100.101112,0,0,0,
25.657947,-100.100115,0,0,0,
25.657947,-100.099119,0,0,0,
25.657947,-100.098122,0,0,0,
25.657947,-100.081174,1,1,0,
25.657947,-100.080177,1,1,0,
25.657947,-100.07918,1,1,0,
25.657947,-100.078183,1,1,0,
25.657947,-100.077186,1,1,0,
25.657947,-100.076189,1,1,0,
25.658851,-100.45901,1,1,0,
25.658851,-100.458013,1,1,0,
25.658851,-100.457017,1,1,0,
25.658851,-100.45602,1,1,0,
25.658851,-100.455023,1,1,0,
25.658851,-100.337385,0,0,0,
25.658851,-100.336388,0,0,0,
25.658851,-100.335391,0,0,0,
25.658851,-100.334394,0,0,0,
25.658851,-100.333397,0,0,0,19039_0343
25.658851,-100.3324,0,0,0,19039_0343
25.658851,-100.331403,1,1,0,19039_0343
25.658851,-100.330406,1,1,0,19039_0343
25.658851,-100.329409,1,1,0,19039_0343
25.658851,-100.328413,1,1,0,19039_0343
25.658851,-100.327416,1,1,0,19039_0343
25.658851,-100.326419,1,1,0,19039_0343
25.658851,-100.325422,0,0,0,19039_0343
25.658851,-100.324425,0,0,0,19039_0343
25.658851,-100.323428,0,0,0,19039_0343
25.658851,-100.322431,1,1,0,19039_0343
25.658851,-100.321434,1,1,0,19039_0343
25.658851,-100.320437,1,1,0,19039_0343
25.658851,-100.31944,1,1,0,19039_0343
25.658851,-100.318443,1,1,0,19039_0343
25.658851,-100.317446,0,0,0,19039_0343
25.658851,-100.316449,0,0,0,19039_0343
25.658851,-100.315452,0,0,0,19039_0343
25.658851,-100.314455,0,0,0,19039_0343
25.658851,-100.313459,0,0,0,19039_0343
25.658851,-100.312462,0,0,0,19039_0343
25.658851,-100.311465,1,1,0,19039_0343
25.658851,-100.310468,1,1,0,19039_0343
25.658851,-100.309471,1,1,0,19039_0343
25.658851,-100.308474,1,1,0,19039_0343
25.658851,-100.307477,1,1,0,19039_0343
25.658851,-100.30648,0,0,0,
25.658851,-100.305483,0,0,0,
25.658851,-100.304486,0,0,0,
25.658851,-100.303489,1,1,0,
25.658851,-100.302492,1,1,0,
25.658851,-100.301495,1,1,0,
25.658851,-100.300498,1,1,0,
25.658851,-100.299502,1,1,0,
25.658851,-100.298505,1,1,0,
25.658851,-100.297508,1,1,0,
25.658851,-100.296511,1,1,0,
25.658851,-100.295514,1,1,0,
25.658851,-100.294517,1,1,0,
25.658851,-100.274578,0,0,0,
25.658851,-100.273581,0,0,0,
25.658851,-100.272584,0,0,0,
25.658851,-100.271587,0,0,0,
25.658851,-100.270591,0,0,0,19026_0049
25.658851,-100.269594,0,0,0,19026_0049
25.658851,-100.268597,0,0,0,19026_0049
25.658851,-100.2676,0,0,0,19026_0017
25.658851,-100.266603,0,0,0,19026_0017
25.658851,-100.265606,0,0,0,19026_0017
25.658851,-100.264609,0,0,0,19026_0017
25.658851,-100.263612,0,0,0,
25.658851,-100.262615,0,0,0,
25.658851,-100.261618,0,0,0,
25.658851,-100.260621,0,0,0,
25.658851,-100.233704,1,1,0,
25.658851,-100.232707,2,2,0,
25.658851,-100.23171,2,2,0,
25.658851,-100.230713,2,2,0,
25.658851,-100.229716,2,2,0,
25.658851,-100.228719,2,2,0,
25.658851,-100.217753,0,0,0,
25.658851,-100.216756,0,0,0,
25.658851,-100.215759,0,0,0,
25.658851,-100.214762,0,0,0,19026_0013
25.658851,-100.213766,0,0,0,19026_0013
25.658851,-100.212769,0,0,0,19026_0013
25.658851,-100.211772,0,0,0,19026_0013
25.658851,-100.210775,0,0,0,19026_0013
25.658851,-100.209778,0,0,0,
25.658851,-100.208781,0,0,0,19026_0291
25.658851,-100.207784,0,0,0,
25.658851,-100.206787,0,0,0,
25.658851,-100.20579,0,0,0,
25.658851,-100.204793,0,0,0,19026_0236
25.658851,-100.203796,0,0,0,
25.658851,-100.202799,0,0,0,
25.658851,-100.201802,0,0,0,
25.658851,-100.190836,1,1,0,
25.658851,-100.189839,1,1,0,
25.658851,-100.188842,1,1,0,
25.658851,-100.187845,1,1,0,
25.658851,-100.171894,0,0,0,
25.658851,-100.170897,1,1,0,
25.658851,-100.169901,1,1,0,
25.658851,-100.168904,2,2,0,19026_0457
25.658851,-100.167907,1,1,0,19026_0457
25.658851,-100.16691,1,1,0,19026_0457
25.658851,-100.165913,1,1,0,19026_0457
25.658851,-100.164916,1,1,0,
25.658851,-100.163919,1,1,0,
25.658851,-100.162922,1,1,0,
25.658851,-100.161925,0,0,0,
25.658851,-100.109088,0,0,0,
25.658851,-100.108091,0,0,0,
25.658851,-100.107094,0,0,0,
25.658851,-100.106097,0,0,0,
25.658851,-100.1051,0,0,0,
25.658851,-100.104103,0,0,0,
25.658851,-100.103106,0,0,0,
25.658851,-100.102109,0,0,0,
25.658851,-100.101112,0,0,0,
25.658851,-100.100115,0,0,0,
25.658851,-100.099119,0,0,0,
25.658851,-100.080177,1,1,0,
25.658851,-100.07918,1,1,0,
25.658851,-100.078183,1,1,0,
25.658851,-100.077186,1,1,0,
25.658851,-100.076189,1,1,0,
25.659755,-100.45901,1,1,0,
25.659755,-100.458013,1,1,0,
25.659755,-100.457017,1,1,0,
25.659755,-100.45602,1,1,0,
25.659755,-100.455023,1,1,0,
25.659755,-100.454026,1,1,0,
25.659755,-100.336388,0,0,0,
25.659755,-100.335391,0,0,0,
25.659755,-100.334394,0,0,0,
25.659755,-100.333397,0,0,0,19039_0343
25.659755,-100.3324,0,0,0,19039_0343
25.659755,-100.331403,1,1,0,19039_0343
25.659755,-100.330406,1,1,0,19039_0343
25.659755,-100.329409,1,1,0,
25.659755,-100.328413,1,1,0,19039_0343
25.659755,-100.327416,1,1,0,19039_0343
25.659755,-100.326419,1,1,0,19039_0343
25.659755,-100.325422,0,0,0,19039_0343
25.659755,-100.324425,0,0,0,19039_0343
25.659755,-100.323428,2,2,0,19039_0343
25.659755,-100.322431,2,2,0,19039_0343
25.659755,-100.321434,2,2,0,19039_0343
25.659755,-100.320437,2,2,0,19039_0343
25.659755,-100.31944,1,1,0,19039_0343
25.659755,-100.318443,1,1,0,19039_0343
25.659755,-100.317446,0,0,0,19039_0343
25.659755,-100.316449,0,0,0,19039_0343
25.659755,-100.315452,0,0,0,19039_0343
25.659755,-100.314455,0,0,0,19039_0343
25.659755,-100.313459,0,0,0,19039_0343
25.659755,-100.312462,0,0,0,19039_0343
25.659755,-100.311465,0,0,0,19039_0343
25.659755,-100.310468,0,0,0,19039_0343
25.659755,-100.309471,1,1,0,19039_0343
25.659755,-100.308474,0,0,0,19039_0343
25.659755,-100.307477,0,0,0,19039_0343
25.659755,-100.30648,0,0,0,19039_0343
25.659755,-100.305483,0,0,0,
25.659755,-100.304486,0,0,0,
25.659755,-100.303489,0,0,0,
25.659755,-100.302492,1,1,0,
25.659755,-100.301495,1,1,0,
25.659755,-100.300498,1,1,0,
25.659755,-100.299502,1,1,0,
25.659755,-100.298505,1,1,0,
25.659755,-100.297508,1,1,0,
25.659755,-100.296511,1,1,0,
25.659755,-100.295514,1,1,0,
25.659755,-100.294517,1,1,0,
25.659755,-100.283551,1,1,0,
25.659755,-100.282554,1,1,0,
25.659755,-100.281557,1,1,0,
25.659755,-100.275575,1,1,0,
25.659755,-100.274578,1,1,0,
25.659755,-100.273581,1,1,0,
25.659755,-100.272584,0,0,0,
25.659755,-100.271587,0,0,0,
25.659755,-100.270591,0,0,0,
25.659755,-100.269594,0,0,0,
25.659755,-100.268597,0,0,0,
25.659755,-100.2676,0,0,0,
25.659755,-100.266603,0,0,0,
25.659755,-100.265606,0,0,0,
25.659755,-100.264609,0,0,0,
25.659755,-100.263612,0,0,0,
25.659755,-100.262615,0,0,0,
25.659755,-100.261618,0,0,0,
25.659755,-100.260621,1,0,1,
25.659755,-100.259624,1,0,1,
25.659755,-100.258627,1,0,1,
25.659755,-100.25763,1,0,1,
25.659755,-100.233704,1,1,0,
25.659755,-100.232707,2,2,0,
25.659755,-100.23171,2,2,0,
25.659755,-100.230713,2,2,0,
25.659755,-100.229716,2,2,0,
25.659755,-100.228719,2,2,0,
25.659755,-100.227723,1,1,0,
25.659755,-100.217753,0,0,0,
25.659755,-100.216756,0,0,0,
25.659755,-100.215759,0,0,0,
25.659755,-100.214762,0,0,0,19026_0013
25.659755,-100.213766,0,0,0,19026_0013
25.659755,-100.212769,0,0,0,19026_0013
25.659755,-100.211772,0,0,0,19026_0013
25.659755,-100.210775,0,0,0,19026_0013
25.659755,-100.209778,0,0,0,
25.659755,-100.208781,0,0,0,19026_0291
25.659755,-100.207784,0,0,0,19026_0291
25.659755,-100.206787,0,0,0,
25.659755,-100.20579,0,0,0,
25.659755,-100.204793,0,0,0,19026_0236
25.659755,-100.203796,0,0,0,19026_0236
25.659755,-100.202799,0,0,0,
25.659755,-100.201802,0,0,0,
25.659755,-100.200805,0,0,0,
25.659755,-100.190836,1,1,0,
25.659755,-100.189839,1,1,0,
25.659755,-100.188842,1,1,0,
25.659755,-100.187845,1,1,0,
25.659755,-100.186848,1,1,0,
25.659755,-100.171894,1,1,0,
25.659755,-100.170897,1,1,0,
25.659755,-100.169901,1,1,0,
25.659755,-100.168904,1,1,0,
25.659755,-100.167907,2,2,0,19026_0457
25.659755,-100.16691,1,1,0,19026_0457
25.659755,-100.165913,1,1,0,
25.659755,-100.164916,1,1,0,
25.659755,-100.163919,1,1,0,
25.659755,-100.162922,1,1,0,
25.659755,-100.161925,0,0,0,
25.659755,-100.1051,0,0,0,
25.659755,-100.104103,1,1,0,
25.659755,-100.103106,1,1,0,
25.659755,-100.102109,1,1,0,
25.659755,-100.101112,1,1,0,
25.659755,-100.078183,1,1,0,
25.66066,-100.45901,1,1,0,
25.66066,-100.458013,1,1,0,
25.66066,-100.457017,1,1,0,
25.66066,-100.45602,1,1,0,
25.66066,-100.455023,1,1,0,
25.66066,-100.336388,0,0,0,
25.66066,-100.335391,0,0,0,
25.66066,-100.334394,0,0,0,
25.66066,-100.333397,0,0,0,
25.66066,-100.3324,0,0,0,
25.66066,-100.331403,1,1,0,
25.66066,-100.330406,1,1,0,
25.66066,-100.329409,1,1,0,
25.66066,-100.328413,1,1,0,19039_0343
25.66066,-100.327416,1,1,0,19039_0343
25.66066,-100.326419,1,1,0,19039_0343
25.66066,-100.325422,0,0,0,19039_0343
25.66066,-100.324425,1,1,0,19039_0343
25.66066,-100.323428,1,1,0,19039_0343
25.66066,-100.322431,2,2,0,19039_0343
25.66066,-100.321434,2,2,0,19039_0343
25.66066,-100.320437,2,2,0,19039_0343
25.66066,-100.31944,2,2,0,19039_0343
25.66066,-100.318443,1,1,0,19039_0343
25.66066,-100.317446,0,0,0,19039_0343
25.66066,-100.316449,0,0,0,19039_0343
25.66066,-100.315452,0,0,0,19039_0343
25.66066,-100.314455,0,0,0,19039_0343
25.66066,-100.313459,0,0,0,19039_0343
25.66066,-100.312462,0,0,0,19039_0343
25.66066,-100.311465,0,0,0,19039_0343
25.66066,-100.310468,0,0,0,19039_0343
25.66066,-100.309471,0,0,0,19039_0343
25.66066,-100.308474,0,0,0,19039_0343
25.66066,-100.307477,0,0,0,19039_0343
25.66066,-100.30648,0,0,0,
25.66066,-100.305483,0,0,0,
25.66066,-100.304486,0,0,0,
25.66066,-100.303489,0,0,0,
25.66066,-100.299502,1,1,0,
25.66066,-100.298505,1,1,0,
25.66066,-100.297508,1,1,0,
25.66066,-100.296511,1,1,0,
25.66066,-100.295514,1,1,0,
25.66066,-100.294517,1,1,0,
25.66066,-100.284548,1,1,0,
25.66066,-100.283551,1,1,0,
25.66066,-100.282554,1,1,0,
25.66066,-100.281557,1,1,0,
25.66066,-100.28056,1,1,0,
25.66066,-100.276572,1,1,0,
25.66066,-100.275575,1,1,0,
25.66066,-100.274578,1,1,0,
25.66066,-100.273581,1,1,0,
25.66066,-100.272584,1,1,0,
25.66066,-100.271587,0,0,0,
25.66066,-100.270591,0,0,0,
25.66066,-100.269594,0,0,0,
25.66066,-100.268597,0,0,0,
25.66066,-100.2676,0,0,0,
25.66066,-100.266603,0,0,0,
25.66066,-100.265606,0,0,0,
25.66066,-100.264609,0,0,0,
25.66066,-100.263612,0,0,0,
25.66066,-100.262615,0,0,0,
25.66066,-100.261618,1,0,1,
25.66066,-100.260621,1,0,1,
25.66066,-100.259624,1,0,1,
25.66066,-100.258627,1,0,1,
25.66066,-100.25763,1,0,1,
25.66066,-100.256634,1,0,1,
25.66066,-100.233704,1,1,0,
25.66066,-100.232707,2,2,0,
25.66066,-100.23171,2,2,0,
25.66066,-100.230713,2,2,0,
25.66066,-100.229716,2,2,0,
25.66066,-100.228719,2,2,0,
25.66066,-100.227723,1,1,0,
25.66066,-100.217753,0,0,0,
25.66066,-100.216756,0,0,0,
25.66066,-100.215759,0,0,0,
25.66066,-100.214762,0,0,0,
25.66066,-100.213766,0,0,0,
25.66066,-100.212769,0,0,0,
25.66066,-100.211772,0,0,0,
25.66066,-100.210775,0,0,0,
25.66066,-100.209778,0,0,0,
25.66066,-100.208781,0,0,0,19026_0291
25.66066,-100.207784,0,0,0,19026_0291
25.66066,-100.206787,0,0,0,19026_0291
25.66066,-100.20579,0,0,0,19026_0291
25.66066,-100.204793,0,0,0,19026_0291
25.66066,-100.203796,0,0,0,19026_0236
25.66066,-100.202799,0,0,0,
25.66066,-100.201802,0,0,0,
25.66066,-100.200805,0,0,0,
25.66066,-100.193827,1,1,0,
25.66066,-100.19283,1,1,0,
25.66066,-100.191833,2,2,0,
25.66066,-100.190836,2,2,0,
25.66066,-100.189839,1,1,0,
25.66066,-100.188842,1,1,0,
25.66066,-100.187845,1,1,0,
25.66066,-100.186848,1,1,0,
25.66066,-100.174885,1,1,0,
25.66066,-100.173888,1,1,0,
25.66066,-100.172891,2,2,0,
25.66066,-100.171894,2,2,0,
25.66066,-100.170897,1,1,0,
25.66066,-100.169901,1,1,0,
25.66066,-100.168904,1,1,0,
25.66066,-100.167907,2,2,0,19026_0457
25.66066,-100.16691,1,1,0,
25.66066,-100.165913,1,1,0,
25.66066,-100.164916,1,1,0,
25.66066,-100.163919,1,1,0,
25.66066,-100.162922,0,0,0,
25.66066,-100.1051,1,1,0,
25.66066,-100.104103,1,1,0,
25.66066,-100.103106,1,1,0,
25.66066,-100.102109,1,1,0,
25.66066,-100.101112,1,1,0,
25.66066,-100.100115,1,1,0,
25.661564,-100.45901,1,1,0,
25.661564,-100.458013,1,1,0,
25.661564,-100.457017,1,1,0,
25.661564,-100.45602,1,1,0,
25.661564,-100.455023,1,1,0,
25.661564,-100.335391,0,0,0,
25.661564,-100.334394,0,0,0,
25.661564,-100.333397,0,0,0,
25.661564,-100.3324,0,0,0,
25.661564,-100.331403,0,0,0,
25.661564,-100.330406,1,1,0,
25.661564,-100.329409,1,1,0,
25.661564,-100.328413,1,1,0,19039_0343
25.661564,-100.327416,1,1,0,19039_0343
25.661564,-100.326419,1,1,0,19039_0343
25.661564,-100.325422,0,0,0,19039_0343
25.661564,-100.324425,1,1,0,19039_0343
25.661564,-100.323428,1,1,0,19039_0343
25.661564,-100.322431,2,2,0,19039_0343
25.661564,-100.321434,2,2,0,19039_0343
25.661564,-100.320437,2,2,0,19039_0343
25.661564,-100.31944,2,2,0,19039_0343
25.661564,-100.318443,1,1,0,19039_0343
25.661564,-100.317446,0,0,0,19039_0343
25.661564,-100.316449,0,0,0,19039_0343
25.661564,-100.315452,0,0,0,19039_0343
25.661564,-100.314455,0,0,0,19039_0343
25.661564,-100.313459,0,0,0,19039_0343
25.661564,-100.312462,0,0,0,19039_0343
25.661564,-100.311465,0,0,0,19039_0343
25.661564,-100.310468,0,0,0,19039_0343
25.661564,-100.309471,0,0,0,19039_0343
25.661564,-100.308474,0,0,0,19039_0343
25.661564,-100.307477,0,0,0,19039_0343
25.661564,-100.30648,0,0,0,19039_0343
25.661564,-100.305483,0,0,0,
25.661564,-100.304486,0,0,0,
25.661564,-100.303489,0,0,0,
25.661564,-100.298505,1,1,0,
25.661564,-100.297508,1,1,0,
25.661564,-100.296511,1,1,0,
25.661564,-100.295514,1,1,0,
25.661564,-100.294517,1,1,0,
25.661564,-100.284548,1,1,0,
25.661564,-100.283551,1,1,0,
25.661564,-100.282554,1,1,0,
25.661564,-100.281557,1,1,0,
25.661564,-100.28056,1,1,0,
25.661564,-100.277569,1,1,0,
25.661564,-100.276572,1,1,0,
25.661564,-100.275575,1,1,0,
25.661564,-100.274578,1,1,0,
25.661564,-100.273581,1,1,0,
25.661564,-100.272584,1,1,0,
25.661564,-100.271587,0,0,0,
25.661564,-100.270591,0,0,0,
25.661564,-100.269594,0,0,0,
25.661564,-100.268597,0,0,0,
25.661564,-100.2676,0,0,0,
25.661564,-100.266603,0,0,0,
25.661564,-100.265606,0,0,0,
25.661564,-100.264609,0,0,0,
25.661564,-100.261618,1,0,1,
25.661564,-100.260621,1,0,1,
25.661564,-100.259624,1,0,1,
25.661564,-100.258627,1,0,1,
25.661564,-100.25763,1,0,1,
25.661564,-100.256634,1,0,1,
25.661564,-100.232707,2,2,0,
25.661564,-100.23171,2,2,0,
25.661564,-100.230713,2,2,0,
25.661564,-100.229716,2,2,0,
25.661564,-100.228719,1,1,0,
25.661564,-100.227723,1,1,0,
25.661564,-100.216756,0,0,0,
25.661564,-100.215759,0,0,0,
25.661564,-100.214762,0,0,0,
25.661564,-100.213766,0,0,0,
25.661564,-100.212769,0,0,0,
25.661564,-100.211772,0,0,0,
25.661564,-100.210775,0,0,0,
25.661564,-100.209778,0,0,0,
25.661564,-100.208781,0,0,0,19026_0291
25.661564,-100.207784,0,0,0,19026_0291
25.661564,-100.206787,0,0,0,19026_0291
25.661564,-100.20579,0,0,0,19026_0291
25.661564,-100.204793,0,0,0,19026_0291
25.661564,-100.203796,0,0,0,
25.661564,-100.202799,0,0,0,
25.661564,-100.201802,0,0,0,
25.661564,-100.200805,0,0,0,
25.661564,-100.194824,1,1,0,
25.661564,-100.193827,1,1,0,
25.661564,-100.19283,1,1,0,
25.661564,-100.191833,2,2,0,
25.661564,-100.190836,2,2,0,
25.661564,-100.189839,2,2,0,
25.661564,-100.188842,1,1,0,
25.661564,-100.187845,1,1,0,
25.661564,-100.186848,1,1,0,
25.661564,-100.174885,1,1,0,
25.661564,-100.173888,1,1,0,
25.661564,-100.172891,2,2,0,
25.661564,-100.171894,2,2,0,
25.661564,-100.170897,2,2,0,
25.661564,-100.169901,1,1,0,
25.661564,-100.168904,1,1,0,
25.661564,-100.167907,1,1,0,
25.661564,-100.16691,1,1,0,
25.661564,-100.165913,1,1,0,
25.661564,-100.164916,1,1,0,
25.661564,-100.1051,1,1,0,
25.661564,-100.104103,1,1,0,
25.661564,-100.103106,1,1,0,
25.661564,-100.102109,1,1,0,
25.661564,-100.101112,1,1,0,
25.661564,-100.100115,1,1,0,
25.662469,-100.460007,1,1,0,
25.662469,-100.45901,1,1,0,
25.662469,-100.457017,1,1,0,
25.662469,-100.45602,1,1,0,
25.662469,-100.334394,0,0,0,
25.662469,-100.333397,0,0,0,
25.662469,-100.3324,0,0,0,
25.662469,-100.331403,0,0,0,
25.662469,-100.330406,0,0,0,
25.662469,-100.329409,1,1,0,
25.662469,-100.328413,1,1,0,19039_0343
25.662469,-100.327416,1,1,0,19039_0343
25.662469,-100.326419,0,0,0,19039_0343
25.662469,-100.325422,0,0,0,19039_0343
25.662469,-100.324425,1,1,0,19039_0343
25.662469,-100.323428,1,1,0,19039_0343
25.662469,-100.322431,1,1,0,19039_0343
25.662469,-100.321434,2,2,0,19039_0343
25.662469,-100.320437,2,2,0,19039_0343
25.662469,-100.31944,1,1,0,19039_0343
25.662469,-100.318443,0,0,0,19039_0343
25.662469,-100.317446,0,0,0,19039_0343
25.662469,-100.316449,0,0,0,19039_0343
25.662469,-100.315452,0,0,0,19039_0343
25.662469,-100.314455,0,0,0,
25.662469,-100.313459,0,0,0,
25.662469,-100.312462,0,0,0,
25.662469,-100.311465,0,0,0,
25.662469,-100.310468,0,0,0,
25.662469,-100.309471,0,0,0,
25.662469,-100.308474,0,0,0,
25.662469,-100.307477,0,0,0,19039_0343
25.662469,-100.30648,0,0,0,
25.662469,-100.305483,0,0,0,
25.662469,-100.304486,0,0,0,
25.662469,-100.303489,0,0,0,
25.662469,-100.297508,1,1,0,
25.662469,-100.296511,1,1,0,
25.662469,-100.295514,1,1,0,
25.662469,-100.284548,1,1,0,
25.662469,-100.283551,1,1,0,
25.662469,-100.282554,1,1,0,
25.662469,-100.281557,1,1,0,
25.662469,-100.28056,1,1,0,
25.662469,-100.277569,1,1,0,
25.662469,-100.276572,1,1,0,
25.662469,-100.275575,1,1,0,
25.662469,-100.274578,1,1,0,
25.662469,-100.273581,1,1,0,
25.662469,-100.272584,1,1,0,
25.662469,-100.261618,1,0,1,
25.662469,-100.260621,1,0,1,
25.662469,-100.259624,1,0,1,
25.662469,-100.258627,1,0,1,
25.662469,-100.25763,1,0,1,
25.662469,-100.256634,1,0,1,
25.662469,-100.232707,2,2,0,
25.662469,-100.23171,2,2,0,
25.662469,-100.230713,2,2,0,
25.662469,-100.229716,2,2,0,
25.662469,-100.228719,1,1,0,
25.662469,-100.225729,1,1,0,
25.662469,-100.224732,1,1,0,
25.662469,-100.223735,1,1,0,
25.662469,-100.216756,0,0,0,
25.662469,-100.215759,0,0,0,
25.662469,-100.214762,0,0,0,
25.662469,-100.213766,0,0,0,
25.662469,-100.212769,0,0,0,
25.662469,-100.211772,0,0,0,
25.662469,-100.210775,0,0,0,
25.662469,-100.209778,0,0,0,
25.662469,-100.208781,0,0,0,
25.662469,-100.207784,0,0,0,19026_0291
25.662469,-100.206787,0,0,0,
25.662469,-100.20579,0,0,0,
25.662469,-100.204793,0,0,0,
25.662469,-100.203796,0,0,0,
25.662469,-100.202799,0,0,0,
25.662469,-100.201802,0,0,0,
25.662469,-100.200805,0,0,0,
25.662469,-100.199808,0,0,0,
25.662469,-100.194824,1,1,0,
25.662469,-100.193827,1,1,0,
25.662469,-100.19283,1,1,0,
25.662469,-100.191833,1,1,0,
25.662469,-100.190836,2,2,0,
25.662469,-100.189839,2,2,0,
25.662469,-100.188842,1,1,0,
25.662469,-100.187845,1,1,0,
25.662469,-100.186848,1,1,0,
25.662469,-100.175882,1,1,0,
25.662469,-100.174885,1,1,0,
25.662469,-100.173888,1,1,0,
25.662469,-100.172891,1,1,0,
25.662469,-100.171894,2,2,0,
25.662469,-100.170897,2,2,0,
25.662469,-100.169901,1,1,0,
25.662469,-100.168904,1,1,0,
25.662469,-100.167907,1,1,0,
25.662469,-100.16691,0,0,0,
25.662469,-100.165913,0,0,0,
25.662469,-100.1051,1,1,0,
25.662469,-100.104103,1,1,0,
25.662469,-100.103106,1,1,0,
25.662469,-100.102109,1,1,0,
25.662469,-100.101112,1,1,0,
25.662469,-100.100115,1,1,0,
25.663373,-100.462001,1,1,0,
25.663373,-100.461004,1,1,0,
25.663373,-100.460007,1,1,0,
25.663373,-100.45901,1,1,0,
25.663373,-100.458013,1,1,0,
25.663373,-100.436081,1,1,0,
25.663373,-100.435084,1,1,0,
25.663373,-100.434087,1,1,0,
25.663373,-100.331403,0,0,0,
25.663373,-100.330406,0,0,0,
25.663373,-100.329409,0,0,0,
25.663373,-100.328413,0,0,0,
25.663373,-100.327416,0,0,0,19039_0343
25.663373,-100.326419,0,0,0,19039_0343
25.663373,-100.325422,0,0,0,19039_0343
25.663373,-100.324425,1,1,0,19039_0343
25.663373,-100.323428,1,1,0,19039_0343
25.663373,-100.322431,1,1,0,19039_0343
25.663373,-100.321434,1,1,0,19039_0343
25.663373,-100.320437,1,1,0,19039_0343
25.663373,-100.31944,0,0,0,
25.663373,-100.318443,0,0,0,
25.663373,-100.317446,0,0,0,
25.663373,-100.316449,0,0,0,
25.663373,-100.315452,0,0,0,
25.663373,-100.314455,0,0,0,
25.663373,-100.313459,0,0,0,
25.663373,-100.312462,0,0,0,
25.663373,-100.311465,0,0,0,
25.663373,-100.310468,0,0,0,
25.663373,-100.309471,0,0,0,
25.663373,-100.308474,0,0,0,
25.663373,-100.307477,0,0,0,
25.663373,-100.30648,0,0,0,
25.663373,-100.305483,0,0,0,
25.663373,-100.304486,0,0,0,
25.663373,-100.284548,1,1,0,
25.663373,-100.283551,1,1,0,
25.663373,-100.282554,1,1,0,
25.663373,-100.281557,1,1,0,
25.663373,-100.28056,1,1,0,
25.663373,-100.276572,1,1,0,
25.663373,-100.275575,1,1,0,
25.663373,-100.274578,1,1,0,
25.663373,-100.273581,1,1,0,
25.663373,-100.272584,1,1,0,
25.663373,-100.260621,1,0,1,
25.663373,-100.259624,1,0,1,
25.663373,-100.258627,1,0,1,
25.663373,-100.25763,1,0,1,
25.663373,-100.232707,1,1,0,
25.663373,-100.23171,1,1,0,
25.663373,-100.230713,2,2,0,
25.663373,-100.229716,1,1,0,
25.663373,-100.228719,1,1,0,
25.663373,-100.226726,1,1,0,
25.663373,-100.225729,1,1,0,
25.663373,-100.224732,1,1,0,
25.663373,-100.223735,1,1,0,
25.663373,-100.222738,1,1,0,
25.663373,-100.210775,0,0,0,
25.663373,-100.209778,0,0,0,
25.663373,-100.208781,0,0,0,
25.663373,-100.207784,0,0,0,19026_0291
25.663373,-100.206787,0,0,0,
25.663373,-100.20579,0,0,0,
25.663373,-100.204793,0,0,0,
25.663373,-100.203796,0,0,0,
25.663373,-100.202799,0,0,0,
25.663373,-100.201802,0,0,0,
25.663373,-100.200805,0,0,0,
25.663373,-100.199808,0,0,0,
25.663373,-100.194824,1,1,0,
25.663373,-100.193827,1,1,0,
25.663373,-100.19283,1,1,0,
25.663373,-100.191833,1,1,0,
25.663373,-100.190836,2,2,0,
25.663373,-100.189839,2,2,0,
25.663373,-100.188842,1,1,0,
25.663373,-100.187845,1,1,0,
25.663373,-100.175882,1,1,0,
25.663373,-100.174885,1,1,0,
25.663373,-100.173888,1,1,0,
25.663373,-100.172891,1,1,0,
25.663373,-100.171894,1,1,0,
25.663373,-100.170897,2,2,0,
25.663373,-100.169901,1,1,0,
25.663373,-100.168904,1,1,0,
25.663373,-100.167907,0,0,0,
25.663373,-100.137999,0,0,0,
25.663373,-100.137002,0,0,0,
25.663373,-100.1051,1,1,0,
25.663373,-100.104103,1,1,0,
25.663373,-100.103106,1,1,0,
25.663373,-100.102109,1,1,0,
25.663373,-100.101112,1,1,0,
25.664277,-100.462001,1,1,0,
25.664277,-100.461004,1,1,0,
25.664277,-100.460007,1,1,0,
25.664277,-100.45901,1,1,0,
25.664277,-100.458013,1,1,0,
25.664277,-100.457017,1,1,0,
25.664277,-100.441066,1,1,0,
25.664277,-100.440069,1,1,0,
25.664277,-100.437078,1,1,0,
25.664277,-100.436081,1,1,0,
25.664277,-100.435084,1,1,0,
25.664277,-100.434087,1,1,0,
25.664277,-100.43309,1,1,0,
25.664277,-100.330406,0,0,0,
25.664277,-100.329409,0,0,0,
25.664277,-100.328413,0,0,0,
25.664277,-100.327416,0,0,0,19039_0343
25.664277,-100.326419,0,0,0,19039_0343
25.664277,-100.325422,0,0,0,19039_0343
25.664277,-100.324425,0,0,0,
25.664277,-100.323428,0,0,0,
25.664277,-100.322431,1,1,0,
25.664277,-100.321434,1,1,0,
25.664277,-100.320437,0,0,0,
25.664277,-100.31944,0,0,0,
25.664277,-100.318443,0,0,0,
25.664277,-100.317446,0,0,0,
25.664277,-100.316449,0,0,0,
25.664277,-100.315452,0,0,0,
25.664277,-100.314455,0,0,0,
25.664277,-100.313459,0,0,0,
25.664277,-100.312462,0,0,0,
25.664277,-100.311465,0,0,0,
25.664277,-100.310468,0,0,0,
25.664277,-100.309471,0,0,0,
25.664277,-100.308474,0,0,0,
25.664277,-100.307477,0,0,0,
25.664277,-100.30648,0,0,0,
25.664277,-100.305483,0,0,0,
25.664277,-100.304486,0,0,0,
25.664277,-100.283551,1,1,0,
25.664277,-100.282554,1,1,0,
25.664277,-100.281557,1,1,0,
25.664277,-100.276572,1,1,0,
25.664277,-100.275575,1,1,0,
25.664277,-100.274578,1,1,0,
25.664277,-100.273581,1,1,0,
25.664277,-100.259624,1,0,1,
25.664277,-100.233704,1,1,0,
25.664277,-100.232707,1,1,0,
25.664277,-100.23171,1,1,0,
25.664277,-100.230713,1,1,0,
25.664277,-100.229716,1,1,0,
25.664277,-100.228719,1,1,0,
25.664277,-100.227723,1,1,0,
25.664277,-100.226726,1,1,0,
25.664277,-100.225729,1,1,0,
25.664277,-100.224732,1,1,0,
25.664277,-100.223735,1,1,0,
25.664277,-100.222738,1,1,0,
25.664277,-100.210775,0,0,0,
25.664277,-100.209778,0,0,0,
25.664277,-100.208781,0,0,0,
25.664277,-100.207784,0,0,0,19026_0291
25.664277,-100.206787,0,0,0,19026_0291
25.664277,-100.20579,0,0,0,
25.664277,-100.204793,0,0,0,
25.664277,-100.203796,0,0,0,
25.664277,-100.202799,0,0,0,
25.664277,-100.201802,0,0,0,
25.664277,-100.200805,0,0,0,
25.664277,-100.199808,0,0,0,
25.664277,-100.193827,1,1,0,
25.664277,-100.19283,1,1,0,
25.664277,-100.191833,1,1,0,
25.664277,-100.190836,1,1,0,
25.664277,-100.189839,1,1,0,
25.664277,-100.174885,1,1,0,
25.664277,-100.173888,1,1,0,
25.664277,-100.172891,1,1,0,
25.664277,-100.171894,1,1,0,
25.664277,-100.170897,1,1,0,
25.664277,-100.14099,0,0,0,
25.664277,-100.139993,0,0,0,
25.664277,-100.138996,0,0,0,
25.664277,-100.137999,0,0,0,
25.664277,-100.137002,0,0,0,
25.664277,-100.136005,0,0,0,
25.664277,-100.135008,0,0,0,
25.664277,-100.134011,1,1,0,
25.664277,-100.133014,1,1,0,
25.664277,-100.132017,1,1,0,
25.664277,-100.103106,1,1,0,
25.664277,-100.102109,1,1,0,
25.665182,-100.462001,1,1,0,
25.665182,-100.461004,2,2,0,
25.665182,-100.460007,2,2,0,
25.665182,-100.45901,2,2,0,
25.665182,-100.458013,1,1,0,
25.665182,-100.457017,1,1,0,
25.665182,-100.442063,1,1,0,
25.665182,-100.441066,1,1,0,
25.665182,-100.440069,1,1,0,
25.665182,-100.439072,1,1,0,
25.665182,-100.438075,2,2,0,
25.665182,-100.437078,1,1,0,
25.665182,-100.436081,1,1,0,
25.665182,-100.435084,1,1,0,
25.665182,-100.434087,1,1,0,
25.665182,-100.43309,1,1,0,
25.665182,-100.329409,0,0,0,
25.665182,-100.328413,0,0,0,
25.665182,-100.327416,0,0,0,
25.665182,-100.326419,0,0,0,
25.665182,-100.325422,0,0,0,
25.665182,-100.324425,0,0,0,
25.665182,-100.323428,0,0,0,
25.665182,-100.322431,0,0,0,
25.665182,-100.321434,0,0,0,
25.665182,-100.320437,0,0,0,
25.665182,-100.31944,0,0,0,
25.665182,-100.318443,0,0,0,
25.665182,-100.317446,0,0,0,
25.665182,-100.316449,0,0,0,
25.665182,-100.315452,0,0,0,
25.665182,-100.307477,0,0,0,
25.665182,-100.30648,0,0,0,
25.665182,-100.294517,1,1,0,
25.665182,-100.29352,1,1,0,
25.665182,-100.292523,1,1,0,
25.665182,-100.291526,1,1,0,
25.665182,-100.290529,1,1,0,
25.665182,-100.286541,1,1,0,
25.665182,-100.285545,1,1,0,
25.665182,-100.284548,1,1,0,
25.665182,-100.233704,1,1,0,
25.665182,-100.232707,1,1,0,
25.665182,-100.23171,1,1,0,
25.665182,-100.230713,1,1,0,
25.665182,-100.229716,1,1,0,
25.665182,-100.228719,1,1,0,
25.665182,-100.227723,1,1,0,
25.665182,-100.226726,1,1,0,
25.665182,-100.225729,1,1,0,
25.665182,-100.224732,1,1,0,
25.665182,-100.223735,1,1,0,
25.665182,-100.222738,1,1,0,
25.665182,-100.210775,0,0,0,
25.665182,-100.209778,0,0,0,
25.665182,-100.208781,0,0,0,
25.665182,-100.207784,0,0,0,19026_0291
25.665182,-100.206787,0,0,0,19026_0291
25.665182,-100.20579,0,0,0,
25.665182,-100.204793,0,0,0,
25.665182,-100.203796,0,0,0,
25.665182,-100.202799,0,0,0,
25.665182,-100.201802,0,0,0,
25.665182,-100.200805,0,0,0,
25.665182,-100.199808,0,0,0,
25.665182,-100.198812,0,0,0,
25.665182,-100.19283,1,1,0,
25.665182,-100.191833,1,1,0,
25.665182,-100.173888,1,1,0,
25.665182,-100.172891,1,1,0,
25.665182,-100.171894,1,1,0,
25.665182,-100.159931,1,1,0,
25.665182,-100.158934,1,1,0,
25.665182,-100.157937,1,1,0,
25.665182,-100.15694,1,1,0,
25.665182,-100.155944,1,1,0,
25.665182,-100.14398,0,0,0,
25.665182,-100.142983,0,0,0,
25.665182,-100.141987,0,0,0,
25.665182,-100.14099,0,0,0,
25.665182,-100.139993,0,0,0,
25.665182,-100.138996,0,0,0,
25.665182,-100.137999,0,0,0,
25.665182,-100.137002,0,0,0,
25.665182,-100.136005,0,0,0,
25.665182,-100.135008,1,1,0,
25.665182,-100.134011,1,1,0,
25.665182,-100.133014,1,1,0,
25.665182,-100.132017,1,1,0,
25.665182,-100.13102,1,1,0,
25.666086,-100.462001,2,2,0,
25.666086,-100.461004,2,2,0,
25.666086,-100.460007,2,2,0,
25.666086,-100.45901,2,2,0,
25.666086,-100.458013,2,2,0,
25.666086,-100.457017,1,1,0,
25.666086,-100.44306,1,1,0,
25.666086,-100.442063,1,1,0,
25.666086,-100.441066,1,1,0,
25.666086,-100.440069,1,1,0,
25.666086,-100.439072,1,1,0,
25.666086,-100.438075,2,2,0,
25.666086,-100.437078,1,1,0,
25.666086,-100.436081,1,1,0,
25.666086,-100.435084,1,1,0,
25.666086,-100.434087,1,1,0,
25.666086,-100.43309,1,1,0,
25.666086,-100.329409,0,0,0,
25.666086,-100.328413,0,0,0,
25.666086,-100.327416,0,0,0,
25.666086,-100.326419,0,0,0,
25.666086,-100.325422,0,0,0,
25.666086,-100.324425,0,0,0,
25.666086,-100.323428,0,0,0,
25.666086,-100.322431,0,0,0,
25.666086,-100.321434,0,0,0,
25.666086,-100.320437,0,0,0,
25.666086,-100.294517,1,1,0,
25.666086,-100.29352,1,1,0,
25.666086,-100.292523,1,1,0,
25.666086,-100.291526,1,1,0,
25.666086,-100.290529,1,1,0,
25.666086,-100.287538,1,1,0,
25.666086,-100.286541,1,1,0,
25.666086,-100.285545,1,1,0,
25.666086,-100.284548,1,1,0,
25.666086,-100.283551,1,1,0,
25.666086,-100.232707,1,1,0,
25.666086,-100.23171,1,1,0,
25.666086,-100.230713,1,1,0,
25.666086,-100.229716,1,1,0,
25.666086,-100.228719,1,1,0,
25.666086,-100.226726,1,1,0,
25.666086,-100.225729,1,1,0,
25.666086,-100.224732,1,1,0,
25.666086,-100.223735,1,1,0,
25.666086,-100.222738,1,1,0,
25.666086,-100.210775,0,0,0,
25.666086,-100.209778,0,0,0,
25.666086,-100.208781,0,0,0,
25.666086,-100.207784,0,0,0,19026_0291
25.666086,-100.206787,0,0,0,19026_0291
25.666086,-100.20579,0,0,0,
25.666086,-100.204793,0,0,0,
25.666086,-100.203796,0,0,0,
25.666086,-100.202799,0,0,0,
25.666086,-100.201802,0,0,0,
25.666086,-100.200805,0,0,0,
25.666086,-100.199808,0,0,0,
25.666086,-100.198812,0,0,0,
25.666086,-100.160928,1,1,0,
25.666086,-100.159931,1,1,0,
25.666086,-100.158934,1,1,0,
25.666086,-100.157937,2,2,0,
25.666086,-100.15694,2,2,0,
25.666086,-100.155944,1,1,0,
25.666086,-100.154947,1,1,0,
25.666086,-100.144977,0,0,0,
25.666086,-100.14398,0,0,0,
25.666086,-100.142983,0,0,0,
25.666086,-100.141987,0,0,0,
25.666086,-100.14099,0,0,0,
25.666086,-100.139993,0,0,0,
25.666086,-100.138996,0,0,0,
25.666086,-100.137999,0,0,0,
25.666086,-100.137002,0,0,0,19026_0021
25.666086,-100.136005,0,0,0,
25.666086,-100.135008,1,1,0,
25.666086,-100.134011,1,1,0,
25.666086,-100.133014,1,1,0,
25.666086,-100.132017,1,1,0,
25.666086,-100.13102,1,1,0,
25.666086,-100.130023,1,1,0,
25.66699,-100.462001,2,2,0,
25.66699,-100.461004,3,3,0,
25.66699,-100.460007,3,3,0,
25.66699,-100.45901,3,3,0,
25.66699,-100.458013,3,3,0,
25.66699,-100.457017,1,1,0,
25.66699,-100.44306,1,1,0,
25.66699,-100.442063,1,1,0,
25.66699,-100.441066,1,1,0,
25.66699,-100.440069,1,1,0,
25.66699,-100.439072,1,1,0,
25.66699,-100.438075,1,1,0,
25.66699,-100.437078,1,1,0,
25.66699,-100.436081,1,1,0,
25.66699,-100.435084,1,1,0,
25.66699,-100.434087,1,1,0,
25.66699,-100.43309,1,1,0,
25.66699,-100.329409,0,0,0,
25.66699,-100.328413,0,0,0,
25.66699,-100.327416,0,0,0,
25.66699,-100.326419,0,0,0,
25.66699,-100.325422,0,0,0,
25.66699,-100.324425,0,0,0,
25.66699,-100.294517,1,1,0,
25.66699,-100.29352,1,1,0,
25.66699,-100.292523,1,1,0,
25.66699,-100.291526,1,1,0,
25.66699,-100.290529,1,1,0,
25.66699,-100.289532,1,1,0,
25.66699,-100.287538,1,1,0,
25.66699,-100.286541,1,1,0,
25.66699,-100.285545,1,1,0,
25.66699,-100.284548,1,1,0,
25.66699,-100.283551,1,1,0,
25.66699,-100.282554,1,1,0,
25.66699,-100.274578,1,1,0,
25.66699,-100.273581,1,1,0,
25.66699,-100.272584,1,1,0,
25.66699,-100.236695,0,0,0,
25.66699,-100.235698,0,0,0,
25.66699,-100.234701,0,0,0,
25.66699,-100.233704,0,0,0,
25.66699,-100.232707,0,0,0,
25.66699,-100.23171,1,1,0,
25.66699,-100.230713,1,1,0,
25.66699,-100.229716,1,1,0,
25.66699,-100.225729,1,1,0,
25.66699,-100.224732,1,1,0,
25.66699,-100.223735,1,1,0,
25.66699,-100.210775,0,0,0,
25.66699,-100.209778,0,0,0,
25.66699,-100.208781,0,0,0,
25.66699,-100.207784,0,0,0,
25.66699,-100.206787,0,0,0,
25.66699,-100.20579,0,0,0,
25.66699,-100.204793,0,0,0,
25.66699,-100.203796,0,0,0,
25.66699,-100.202799,0,0,0,
25.66699,-100.201802,0,0,0,
25.66699,-100.200805,0,0,0,
25.66699,-100.199808,0,0,0,
25.66699,-100.198812,0,0,0,
25.66699,-100.184855,1,1,0,
25.66699,-100.183858,1,1,0,
25.66699,-100.182861,1,1,0,
25.66699,-100.161925,1,1,0,
25.66699,-100.160928,1,1,0,
25.66699,-100.159931,1,1,0,
25.66699,-100.158934,2,2,0,
25.66699,-100.157937,2,2,0,
25.66699,-100.15694,2,2,0,
25.66699,-100.155944,1,1,0,
25.66699,-100.154947,1,1,0,
25.66699,-100.15395,1,1,0,
25.66699,-100.144977,0,0,0,
25.66699,-100.14398,0,0,0,
25.66699,-100.142983,0,0,0,
25.66699,-100.141987,0,0,0,
25.66699,-100.14099,0,0,0,19026_0021
25.66699,-100.139993,0,0,0,19026_0021
25.66699,-100.138996,0,0,0,19026_0021
25.66699,-100.137999,0,0,0,19026_0021
25.66699,-100.137002,0,0,0,19026_0021
25.66699,-100.136005,0,0,0,19026_0021
25.66699,-100.135008,1,1,0,
25.66699,-100.134011,1,1,0,
25.66699,-100.133014,1,1,0,
25.66699,-100.132017,1,1,0,
25.66699,-100.13102,1,1,0,
25.66699,-100.130023,1,1,0,
25.667895,-100.462001,2,2,0,
25.667895,-100.461004,2,2,0,
25.667895,-100.460007,2,2,0,
25.667895,-100.45901,2,2,0,
25.667895,-100.458013,2,2,0,
25.667895,-100.457017,1,1,0,
25.667895,-100.45602,1,1,0,
25.667895,-100.455023,1,1,0,
25.667895,-100.454026,1,1,0,
25.667895,-100.453029,1,1,0,
25.667895,-100.442063,1,1,0,
25.667895,-100.441066,1,1,0,
25.667895,-100.440069,1,1,0,
25.667895,-100.439072,1,1,0,
25.667895,-100.438075,1,1,0,
25.667895,-100.436081,1,1,0,
25.667895,-100.435084,1,1,0,
25.667895,-100.434087,1,1,0,
25.667895,-100.3324,1,1,0,
25.667895,-100.331403,1,1,0,
25.667895,-100.330406,1,1,0,
25.667895,-100.329409,1,1,0,
25.667895,-100.328413,0,0,0,
25.667895,-100.327416,0,0,0,
25.667895,-100.326419,0,0,0,
25.667895,-100.325422,0,0,0,
25.667895,-100.294517,1,1,0,
25.667895,-100.29352,1,1,0,
25.667895,-100.292523,1,1,0,
25.667895,-100.291526,1,1,0,
25.667895,-100.290529,1,1,0,
25.667895,-100.287538,1,1,0,
25.667895,-100.286541,1,1,0,
25.667895,-100.285545,1,1,0,
25.667895,-100.284548,1,1,0,
25.667895,-100.283551,1,1,0,
25.667895,-100.282554,1,1,0,
25.667895,-100.275575,1,1,0,
25.667895,-100.274578,1,1,0,
25.667895,-100.273581,1,1,0,
25.667895,-100.272584,1,1,0,
25.667895,-100.271587,1,1,0,
25.667895,-100.240683,1,1,0,
25.667895,-100.239686,1,1,0,
25.667895,-100.238689,1,1,0,
25.667895,-100.237692,1,1,0,
25.667895,-100.236695,0,0,0,
25.667895,-100.235698,0,0,0,
25.667895,-100.234701,0,0,0,
25.667895,-100.233704,0,0,0,
25.667895,-100.232707,0,0,0,
25.667895,-100.23171,0,0,0,
25.667895,-100.230713,0,0,0,
25.667895,-100.209778,0,0,0,
25.667895,-100.208781,0,0,0,
25.667895,-100.207784,0,0,0,
25.667895,-100.206787,0,0,0,
25.667895,-100.20579,0,0,0,
25.667895,-100.204793,0,0,0,
25.667895,-100.203796,0,0,0,
25.667895,-100.202799,0,0,0,
25.667895,-100.201802,0,0,0,
25.667895,-100.200805,0,0,0,
25.667895,-100.199808,0,0,0,
25.667895,-100.198812,0,0,0,
25.667895,-100.185851,1,1,0,
25.667895,-100.184855,1,1,0,
25.667895,-100.183858,1,1,0,
25.667895,-100.182861,1,1,0,
25.667895,-100.181864,1,1,0,
25.667895,-100.161925,1,1,0,
25.667895,-100.160928,1,1,0,
25.667895,-100.159931,1,1,0,
25.667895,-100.158934,2,2,0,
25.667895,-100.157937,2,2,0,
25.667895,-100.15694,2,2,0,
25.667895,-100.155944,1,1,0,
25.667895,-100.154947,1,1,0,
25.667895,-100.15395,1,1,0,
25.667895,-100.144977,0,0,0,
25.667895,-100.14398,0,0,0,
25.667895,-100.142983,0,0,0,
25.667895,-100.141987,0,0,0,19026_0021
25.667895,-100.14099,0,0,0,19026_0021
25.667895,-100.139993,0,0,0,19026_0021
25.667895,-100.138996,0,0,0,19026_0021
25.667895,-100.137999,0,0,0,19026_0021
25.667895,-100.137002,0,0,0,19026_0021
25.667895,-100.136005,0,0,0,19026_0021
25.667895,-100.135008,1,1,0,19026_0021
25.667895,-100.134011,1,1,0,
25.667895,-100.133014,1,1,0,
25.667895,-100.132017,1,1,0,
25.667895,-100.13102,1,1,0,
25.667895,-100.130023,0,0,0,
25.668799,-100.462998,1,1,0,
25.668799,-100.462001,2,2,0,
25.668799,-100.461004,2,2,0,
25.668799,-100.460007,2,2,0,
25.668799,-100.45901,2,2,0,
25.668799,-100.458013,2,2,0,
25.668799,-100.457017,1,1,0,
25.668799,-100.45602,1,1,0,
25.668799,-100.455023,1,1,0,
25.668799,-100.454026,1,1,0,
25.668799,-100.453029,1,1,0,
25.668799,-100.452032,1,1,0,
25.668799,-100.442063,1,1,0,
25.668799,-100.441066,1,1,0,
25.668799,-100.440069,1,1,0,
25.668799,-100.439072,1,1,0,
25.668799,-100.333397,1,1,0,
25.668799,-100.3324,1,1,0,
25.668799,-100.331403,1,1,0,
25.668799,-100.330406,1,1,0,
25.668799,-100.329409,1,1,0,
25.668799,-100.328413,1,1,0,
25.668799,-100.294517,1,1,0,
25.668799,-100.29352,1,1,0,
25.668799,-100.292523,1,1,0,
25.668799,-100.291526,1,1,0,
25.668799,-100.290529,1,1,0,
25.668799,-100.287538,1,1,0,
25.668799,-100.286541,1,1,0,
25.668799,-100.285545,1,1,0,
25.668799,-100.284548,1,1,0,
25.668799,-100.283551,1,1,0,
25.668799,-100.282554,1,1,0,
25.668799,-100.276572,1,1,0,
25.668799,-100.275575,1,1,0,
25.668799,-100.274578,1,1,0,
25.668799,-100.273581,1,1,0,
25.668799,-100.272584,1,1,0,
25.668799,-100.271587,1,1,0,
25.668799,-100.24168,1,1,0,
25.668799,-100.240683,1,1,0,
25.668799,-100.239686,1,1,0,
25.668799,-100.238689,1,1,0,
25.668799,-100.237692,1,1,0,
25.668799,-100.236695,1,1,0,
25.668799,-100.235698,1,1,0,
25.668799,-100.234701,0,0,0,
25.668799,-100.233704,0,0,0,
25.668799,-100.232707,0,0,0,
25.668799,-100.23171,0,0,0,
25.668799,-100.230713,0,0,0,
25.668799,-100.229716,0,0,0,
25.668799,-100.208781,0,0,0,
25.668799,-100.207784,0,0,0,
25.668799,-100.206787,0,0,0,
25.668799,-100.20579,0,0,0,
25.668799,-100.204793,0,0,0,
25.668799,-100.203796,0,0,0,
25.668799,-100.202799,0,0,0,
25.668799,-100.201802,0,0,0,
25.668799,-100.200805,0,0,0,
25.668799,-100.199808,0,0,0,
25.668799,-100.198812,0,0,0,
25.668799,-100.185851,1,1,0,
25.668799,-100.184855,1,1,0,
25.668799,-100.183858,1,1,0,
25.668799,-100.182861,1,1,0,
25.668799,-100.181864,1,1,0,
25.668799,-100.180867,1,1,0,
25.668799,-100.160928,1,1,0,
25.668799,-100.159931,1,1,0,
25.668799,-100.158934,2,2,0,
25.668799,-100.157937,2,2,0,
25.668799,-100.15694,2,2,0,
25.668799,-100.155944,1,1,0,
25.668799,-100.154947,1,1,0,
25.668799,-100.15395,1,1,0,
25.668799,-100.144977,0,0,0,
25.668799,-100.14398,0,0,0,
25.668799,-100.142983,0,0,0,
25.668799,-100.141987,0,0,0,19026_0021
25.668799,-100.14099,0,0,0,19026_0021
25.668799,-100.139993,0,0,0,19026_0021
25.668799,-100.138996,0,0,0,19026_0021
25.668799,-100.137999,0,0,0,19026_0021
25.668799,-100.137002,0,0,0,19026_0021
25.668799,-100.136005,0,0,0,19026_0021
25.668799,-100.135008,0,0,0,19026_0021
25.668799,-100.134011,1,1,0,
25.668799,-100.133014,1,1,0,
25.668799,-100.132017,1,1,0,
25.668799,-100.13102,0,0,0,
25.668799,-100.130023,0,0,0,
25.668799,-100.129026,0,0,0,
25.668799,-100.128029,0,0,0,
25.669704,-100.480943,0,0,0,
25.669704,-100.479946,0,0,0,
25.669704,-100.478949,0,0,0,
25.669704,-100.474961,0,0,0,
25.669704,-100.473964,1,1,0,
25.669704,-100.472967,1,1,0,
25.669704,-100.471971,1,1,0,
25.669704,-100.470974,1,1,0,
25.669704,-100.462001,1,1,0,
25.669704,-100.461004,2,2,0,
25.669704,-100.460007,3,3,0,
25.669704,-100.45901,3,3,0,
25.669704,-100.458013,2,2,0,
25.669704,-100.457017,1,1,0,
25.669704,-100.45602,1,1,0,
25.669704,-100.455023,1,1,0,
25.669704,-100.454026,1,1,0,
25.669704,-100.453029,1,1,0,
25.669704,-100.452032,1,1,0,
25.669704,-100.333397,1,1,0,
25.669704,-100.3324,1,1,0,
25.669704,-100.331403,1,1,0,
25.669704,-100.330406,1,1,0,
25.669704,-100.329409,1,1,0,
25.669704,-100.328413,1,1,0,
25.669704,-100.326419,1,1,0,
25.669704,-100.325422,1,1,0,
25.669704,-100.292523,1,1,0,
25.669704,-100.286541,1,1,0,
25.669704,-100.285545,1,1,0,
25.669704,-100.284548,1,1,0,
25.669704,-100.283551,1,1,0,
25.669704,-100.276572,1,1,0,
25.669704,-100.275575,1,1,0,
25.669704,-100.274578,1,1,0,
25.669704,-100.273581,1,1,0,
25.669704,-100.272584,1,1,0,
25.669704,-100.271587,1,1,0,
25.669704,-100.263612,1,1,0,
25.669704,-100.262615,1,1,0,
25.669704,-100.261618,1,1,0,
25.669704,-100.24168,1,1,0,
25.669704,-100.240683,1,1,0,
25.669704,-100.239686,1,1,0,
25.669704,-100.238689,1,1,0,
25.669704,-100.237692,2,2,0,
25.669704,-100.236695,2,2,0,
25.669704,-100.235698,1,1,0,
25.669704,-100.234701,1,1,0,19026_0460
25.669704,-100.233704,1,1,0,19026_0460
25.669704,-100.232707,0,0,0,19026_0460
25.669704,-100.23171,0,0,0,
25.669704,-100.230713,0,0,0,
25.669704,-100.229716,0,0,0,
25.669704,-100.202799,0,0,0,
25.669704,-100.201802,0,0,0,
25.669704,-100.200805,0,0,0,
25.669704,-100.199808,0,0,0,
25.669704,-100.198812,0,0,0,
25.669704,-100.185851,1,1,0,
25.669704,-100.184855,1,1,0,
25.669704,-100.183858,1,1,0,
25.669704,-100.182861,1,1,0,
25.669704,-100.181864,1,1,0,
25.669704,-100.180867,1,1,0,
25.669704,-100.159931,1,1,0,
25.669704,-100.158934,1,1,0,
25.669704,-100.157937,2,2,0,
25.669704,-100.15694,1,1,0,
25.669704,-100.155944,1,1,0,
25.669704,-100.154947,1,1,0,
25.669704,-100.144977,0,0,0,
25.669704,-100.14398,0,0,0,
25.669704,-100.142983,0,0,0,
25.669704,-100.141987,0,0,0,19026_0021
25.669704,-100.14099,0,0,0,19026_0021
25.669704,-100.139993,0,0,0,19026_0021
25.669704,-100.138996,0,0,0,19026_0021
25.669704,-100.137999,0,0,0,19026_0021
25.669704,-100.137002,0,0,0,19026_0021
25.669704,-100.136005,0,0,0,19026_0021
25.669704,-100.135008,0,0,0,19026_0021
25.669704,-100.134011,0,0,0,19026_0021
25.669704,-100.133014,0,0,0,
25.669704,-100.132017,0,0,0,
25.669704,-100.13102,0,0,0,
25.669704,-100.130023,0,0,0,
25.669704,-100.129026,0,0,0,
25.669704,-100.128029,0,0,0,
25.669704,-100.127033,0,0,0,
25.670608,-100.482937,0,0,0,
25.670608,-100.48194,0,0,0,
25.670608,-100.480943,0,0,0,
25.670608,-100.479946,0,0,0,
25.670608,-100.478949,0,0,0,
25.670608,-100.477952,0,0,0,
25.670608,-100.476955,0,0,0,
25.670608,-100.475958,0,0,0,
25.670608,-100.474961,1,1,0,
25.670608,-100.473964,1,1,0,
25.670608,-100.472967,1,1,0,
25.670608,-100.471971,1,1,0,
25.670608,-100.470974,1,1,0,
25.670608,-100.469977,1,1,0,
25.670608,-100.462001,1,1,0,
25.670608,-100.461004,2,2,0,
25.670608,-100.460007,2,2,0,
25.670608,-100.45901,2,2,0,
25.670608,-100.458013,2,2,0,
25.670608,-100.457017,2,2,0,
25.670608,-100.45602,1,1,0,
25.670608,-100.455023,1,1,0,
25.670608,-100.454026,1,1,0,
25.670608,-100.453029,1,1,0,
25.670608,-100.452032,1,1,0,
25.670608,-100.333397,1,1,0,
25.670608,-100.3324,1,1,0,
25.670608,-100.331403,1,1,0,
25.670608,-100.330406,1,1,0,
25.670608,-100.329409,1,1,0,
25.670608,-100.328413,1,1,0,
25.670608,-100.327416,2,2,0,
25.670608,-100.326419,2,2,0,
25.670608,-100.325422,2,2,0,
25.670608,-100.324425,2,2,0,
25.670608,-100.323428,1,1,0,
25.670608,-100.275575,1,1,0,
25.670608,-100.274578,1,1,0,
25.670608,-100.273581,1,1,0,
25.670608,-100.272584,1,1,0,
25.670608,-100.271587,1,1,0,
25.670608,-100.264609,1,1,0,
25.670608,-100.263612,1,1,0,
25.670608,-100.262615,2,2,0,
25.670608,-100.261618,1,1,0,
25.670608,-100.260621,1,1,0,
25.670608,-100.24168,1,1,0,
25.670608,-100.240683,1,1,0,
25.670608,-100.239686,1,1,0,
25.670608,-100.238689,1,1,0,
25.670608,-100.237692,2,2,0,
25.670608,-100.236695,2,2,0,
25.670608,-100.235698,1,1,0,
25.670608,-100.234701,1,1,0,19026_0460
25.670608,-100.233704,1,1,0,19026_0460
25.670608,-100.232707,0,0,0,19026_0460
25.670608,-100.23171,0,0,0,
25.670608,-100.230713,0,0,0,
25.670608,-100.229716,0,0,0,
25.670608,-100.202799,0,0,0,
25.670608,-100.201802,0,0,0,
25.670608,-100.200805,0,0,0,
25.670608,-100.199808,0,0,0,
25.670608,-100.185851,1,1,0,
25.670608,-100.184855,1,1,0,
25.670608,-100.183858,1,1,0,
25.670608,-100.182861,1,1,0,
25.670608,-100.181864,1,1,0,
25.670608,-100.158934,1,1,0,
25.670608,-100.157937,1,1,0,
25.670608,-100.15694,1,1,0,
25.670608,-100.155944,1,1,0,
25.670608,-100.144977,0,0,0,
25.670608,-100.14398,0,0,0,
25.670608,-100.142983,0,0,0,
25.670608,-100.141987,0,0,0,
25.670608,-100.14099,0,0,0,
25.670608,-100.139993,0,0,0,
25.670608,-100.138996,0,0,0,19026_0021
25.670608,-100.137999,0,0,0,19026_0021
25.670608,-100.137002,0,0,0,19026_0021
25.670608,-100.136005,0,0,0,
25.670608,-100.135008,0,0,0,
25.670608,-100.134011,0,0,0,19026_0021
25.670608,-100.133014,0,0,0,19026_0021
25.670608,-100.132017,0,0,0,19026_0021
25.670608,-100.13102,0,0,0,19026_0021
25.670608,-100.130023,0,0,0,19026_0021
25.670608,-100.129026,0,0,0,
25.670608,-100.128029,0,0,0,
25.670608,-100.127033,0,0,0,
25.671512,-100.484931,0,0,0,
25.671512,-100.483934,0,0,0,
25.671512,-100.482937,0,0,0,
25.671512,-100.48194,0,0,0,
25.671512,-100.480943,0,0,0,
25.671512,-100.479946,0,0,0,
25.671512,-100.478949,0,0,0,
25.671512,-100.477952,0,0,0,
25.671512,-100.476955,0,0,0,
25.671512,-100.475958,0,0,0,
25.671512,-100.474961,1,1,0,
25.671512,-100.473964,1,1,0,
25.671512,-100.472967,1,1,0,
25.671512,-100.471971,1,1,0,
25.671512,-100.470974,1,1,0,
25.671512,-100.469977,1,1,0,
25.671512,-100.461004,1,1,0,
25.671512,-100.460007,2,2,0,
25.671512,-100.45901,1,1,0,
25.671512,-100.458013,1,1,0,
25.671512,-100.457017,1,1,0,
25.671512,-100.45602,2,2,0,
25.671512,-100.455023,1,1,0,
25.671512,-100.454026,1,1,0,
25.671512,-100.453029,1,1,0,
25.671512,-100.452032,1,1,0,
25.671512,-100.3324,1,1,0,
25.671512,-100.331403,1,1,0,
25.671512,-100.330406,1,1,0,
25.671512,-100.329409,1,1,0,
25.671512,-100.328413,1,1,0,
25.671512,-100.327416,2,2,0,
25.671512,-100.326419,2,2,0,
25.671512,-100.325422,2,2,0,
25.671512,-100.324425,2,2,0,
25.671512,-100.323428,2,2,0,
25.671512,-100.275575,1,1,0,
25.671512,-100.274578,1,1,0,
25.671512,-100.273581,1,1,0,
25.671512,-100.272584,1,1,0,
25.671512,-100.265606,1,1,0,
25.671512,-100.264609,1,1,0,
25.671512,-100.263612,2,2,0,
25.671512,-100.262615,2,2,0,
25.671512,-100.261618,2,2,0,
25.671512,-100.260621,2,2,0,
25.671512,-100.240683,1,1,0,
25.671512,-100.239686,1,1,0,
25.671512,-100.238689,2,2,0,
25.671512,-100.237692,2,2,0,
25.671512,-100.236695,1,1,0,
25.671512,-100.235698,1,1,0,
25.671512,-100.234701,1,1,0,
25.671512,-100.233704,1,1,0,
25.671512,-100.232707,0,0,0,19026_0460
25.671512,-100.23171,0,0,0,
25.671512,-100.230713,0,0,0,
25.671512,-100.229716,0,0,0,
25.671512,-100.184855,1,1,0,
25.671512,-100.183858,1,1,0,
25.671512,-100.182861,1,1,0,
25.671512,-100.159931,1,1,0,
25.671512,-100.158934,1,1,0,
25.671512,-100.157937,1,1,0,
25.671512,-100.15694,1,1,0,
25.671512,-100.155944,1,1,0,
25.671512,-100.154947,1,1,0,
25.671512,-100.144977,0,0,0,
25.671512,-100.14398,0,0,0,
25.671512,-100.142983,0,0,0,
25.671512,-100.141987,0,0,0,
25.671512,-100.14099,0,0,0,
25.671512,-100.139993,0,0,0,
25.671512,-100.138996,0,0,0,
25.671512,-100.137999,0,0,0,19026_0021
25.671512,-100.137002,0,0,0,
25.671512,-100.136005,0,0,0,
25.671512,-100.135008,0,0,0,
25.671512,-100.134011,0,0,0,
25.671512,-100.133014,0,0,0,
25.671512,-100.132017,0,0,0,
25.671512,-100.13102,0,0,0,
25.671512,-100.130023,0,0,0,
25.671512,-100.129026,0,0,0,
25.671512,-100.128029,0,0,0,
25.671512,-100.127033,0,0,0,
25.672417,-100.485928,0,0,0,
25.672417,-100.484931,0,0,0,
25.672417,-100.483934,0,0,0,
25.672417,-100.482937,0,0,0,
25.672417,-100.48194,0,0,0,
25.672417,-100.480943,0,0,0,
25.672417,-100.479946,0,0,0,19048_0021
25.672417,-100.478949,0,0,0,
25.672417,-100.477952,0,0,0,
25.672417,-100.476955,0,0,0,
25.672417,-100.475958,0,0,0,
25.672417,-100.474961,1,1,0,
25.672417,-100.473964,1,1,0,19048_0065
25.672417,-100.472967,1,1,0,
25.672417,-100.471971,2,2,0,
25.672417,-100.470974,2,2,0,
25.672417,-100.469977,2,2,0,
25.672417,-100.46898,1,1,0,
25.672417,-100.467983,1,1,0,
25.672417,-100.461004,1,1,0,
25.672417,-100.460007,1,1,0,
25.672417,-100.45901,1,1,0,
25.672417,-100.458013,1,1,0,
25.672417,-100.457017,1,1,0,
25.672417,-100.455023,1,1,0,
25.672417,-100.454026,1,1,0,
25.672417,-100.437078,0,0,0,
25.672417,-100.436081,0,0,0,
25.672417,-100.435084,0,0,0,
25.672417,-100.434087,0,0,0,
25.672417,-100.43309,0,0,0,
25.672417,-100.432093,0,0,0,
25.672417,-100.431096,0,0,0,
25.672417,-100.430099,0,0,0,
25.672417,-100.429103,0,0,0,
25.672417,-100.428106,0,0,0,
25.672417,-100.427109,0,0,0,
25.672417,-100.330406,1,1,0,
25.672417,-100.328413,2,2,0,
25.672417,-100.327416,2,2,0,
25.672417,-100.326419,2,2,0,
25.672417,-100.325422,2,2,0,
25.672417,-100.324425,2,2,0,
25.672417,-100.323428,2,2,0,
25.672417,-100.265606,1,1,0,
25.672417,-100.264609,2,2,0,
25.672417,-100.263612,2,2,0,
25.672417,-100.262615,2,2,0,
25.672417,-100.261618,2,2,0,
25.672417,-100.260621,2,2,0,
25.672417,-100.259624,1,1,0,
25.672417,-100.239686,1,1,0,
25.672417,-100.238689,1,1,0,
25.672417,-100.237692,1,1,0,
25.672417,-100.236695,1,1,0,
25.672417,-100.235698,1,1,0,
25.672417,-100.234701,1,1,0,
25.672417,-100.233704,1,1,0,
25.672417,-100.232707,0,0,0,19026_0460
25.672417,-100.23171,0,0,0,
25.672417,-100.230713,0,0,0,
25.672417,-100.229716,0,0,0,
25.672417,-100.159931,1,1,0,
25.672417,-100.158934,1,1,0,
25.672417,-100.157937,1,1,0,
25.672417,-100.15694,1,1,0,
25.672417,-100.155944,1,1,0,
25.672417,-100.154947,1,1,0,
25.672417,-100.14398,0,0,0,
25.672417,-100.142983,0,0,0,
25.672417,-100.141987,0,0,0,
25.672417,-100.14099,0,0,0,
25.672417,-100.139993,0,0,0,
25.672417,-100.138996,0,0,0,
25.672417,-100.137999,0,0,0,
25.672417,-100.137002,0,0,0,
25.672417,-100.136005,0,0,0,
25.672417,-100.135008,0,0,0,
25.672417,-100.134011,0,0,0,
25.672417,-100.133014,0,0,0,
25.672417,-100.132017,0,0,0,
25.672417,-100.13102,0,0,0,
25.672417,-100.130023,0,0,0,
25.672417,-100.129026,0,0,0,
25.672417,-100.128029,0,0,0,
25.673321,-100.485928,0,0,0,
25.673321,-100.484931,0,0,0,
25.673321,-100.483934,0,0,0,
25.673321,-100.482937,0,0,0,19048_0021
25.673321,-100.48194,0,0,0,19048_0021
25.673321,-100.480943,0,0,0,19048_0021
25.673321,-100.479946,1,1,0,19048_0021
25.673321,-100.478949,0,0,0,
25.673321,-100.477952,0,0,0,
25.673321,-100.476955,0,0,0,19048_0065
25.673321,-100.475958,0,0,0,19048_0065
25.673321,-100.474961,0,0,0,19048_0065
25.673321,-100.473964,2,2,0,19048_0065
25.673321,-100.472967,2,2,0,
25.673321,-100.471971,3,3,0,
25.673321,-100.470974,3,3,0,
25.673321,-100.469977,2,2,0,
25.673321,-100.46898,1,1,0,
25.673321,-100.467983,1,1,0,
25.673321,-100.461004,1,1,0,
25.673321,-100.460007,1,1,0,
25.673321,-100.45901,1,1,0,
25.673321,-100.458013,1,1,0,
25.673321,-100.457017,1,1,0,
25.673321,-100.438075,0,0,0,
25.673321,-100.437078,0,0,0,
25.673321,-100.436081,0,0,0,
25.673321,-100.435084,0,0,0,
25.673321,-100.434087,0,0,0,
25.673321,-100.43309,0,0,0,
25.673321,-100.432093,0,0,0,
25.673321,-100.431096,0,0,0,
25.673321,-100.430099,0,0,0,
25.673321,-100.429103,0,0,0,
25.673321,-100.428106,0,0,0,
25.673321,-100.427109,0,0,0,
25.673321,-100.426112,0,0,0,
25.673321,-100.328413,1,1,0,
25.673321,-100.327416,2,2,0,
25.673321,-100.326419,2,2,0,
25.673321,-100.325422,2,2,0,
25.673321,-100.324425,2,2,0,
25.673321,-100.323428,2,2,0,
25.673321,-100.299502,1,1,0,
25.673321,-100.298505,1,1,0,
25.673321,-100.297508,1,1,0,
25.673321,-100.296511,1,1,0,
25.673321,-100.265606,1,1,0,
25.673321,-100.264609,2,2,0,
25.673321,-100.263612,2,2,0,
25.673321,-100.262615,2,2,0,
25.673321,-100.261618,2,2,0,
25.673321,-100.260621,2,2,0,
25.673321,-100.259624,1,1,0,
25.673321,-100.237692,1,1,0,
25.673321,-100.236695,1,1,0,
25.673321,-100.235698,1,1,0,
25.673321,-100.234701,1,1,0,
25.673321,-100.233704,1,1,0,
25.673321,-100.232707,0,0,0,
25.673321,-100.23171,0,0,0,
25.673321,-100.230713,0,0,0,
25.673321,-100.229716,0,0,0,
25.673321,-100.159931,1,1,0,
25.673321,-100.158934,1,1,0,
25.673321,-100.157937,1,1,0,
25.673321,-100.15694,1,1,0,
25.673321,-100.155944,1,1,0,
25.673321,-100.154947,1,1,0,
25.673321,-100.139993,0,0,0,
25.673321,-100.138996,0,0,0,
25.673321,-100.137999,0,0,0,
25.673321,-100.137002,0,0,0,
25.673321,-100.136005,0,0,0,
25.673321,-100.135008,0,0,0,
25.673321,-100.134011,0,0,0,
25.673321,-100.133014,0,0,0,
25.673321,-100.132017,0,0,0,
25.673321,-100.13102,0,0,0,
25.673321,-100.130023,0,0,0,
25.673321,-100.129026,0,0,0,
25.673321,-100.080177,1,1,0,
25.673321,-100.07918,1,1,0,
25.673321,-100.078183,1,1,0,
25.674225,-100.485928,0,0,0,
25.674225,-100.484931,0,0,0,
25.674225,-100.483934,0,0,0,
25.674225,-100.482937,0,0,0,
25.674225,-100.48194,1,1,0,19048_0021
25.674225,-100.480943,1,1,0,19048_0021
25.674225,-100.479946,1,1,0,19048_0021
25.674225,-100.478949,1,1,0,19048_0065
25.674225,-100.477952,1,1,0,19048_0065
25.674225,-100.476955,0,0,0,19048_0065
25.674225,-100.475958,0,0,0,19048_0065
25.674225,-100.474961,1,1,0,19048_0065
25.674225,-100.473964,1,1,0,19048_0065
25.674225,-100.472967,3,3,0,19048_0065
25.674225,-100.471971,4,4,0,
25.674225,-100.470974,2,2,0,
25.674225,-100.469977,2,2,0,
25.674225,-100.46898,2,2,0,
25.674225,-100.467983,1,1,0,
25.674225,-100.466986,1,1,0,
25.674225,-100.460007,1,1,0,
25.674225,-100.45901,1,1,0,
25.674225,-100.458013,1,1,0,
25.674225,-100.438075,0,0,0,
25.674225,-100.437078,0,0,0,
25.674225,-100.436081,0,0,0,
25.674225,-100.435084,0,0,0,
25.674225,-100.434087,0,0,0,
25.674225,-100.43309,0,0,0,
25.674225,-100.432093,0,0,0,
25.674225,-100.431096,0,0,0,
25.674225,-100.430099,0,0,0,
25.674225,-100.429103,0,0,0,
25.674225,-100.428106,0,0,0,
25.674225,-100.427109,0,0,0,
25.674225,-100.426112,0,0,0,
25.674225,-100.327416,2,2,0,
25.674225,-100.326419,2,2,0,
25.674225,-100.325422,2,2,0,
25.674225,-100.324425,2,2,0,
25.674225,-100.323428,1,1,0,
25.674225,-100.308474,1,1,0,
25.674225,-100.307477,1,1,0,
25.674225,-100.30648,1,1,0,
25.674225,-100.305483,1,1,0,
25.674225,-100.304486,1,1,0,
25.674225,-100.300498,1,1,0,
25.674225,-100.299502,1,1,0,
25.674225,-100.298505,1,1,0,
25.674225,-100.297508,1,1,0,
25.674225,-100.296511,1,1,0,
25.674225,-100.295514,1,1,0,
25.674225,-100.264609,2,2,0,
25.674225,-100.263612,2,2,0,
25.674225,-100.262615,2,2,0,
25.674225,-100.261618,2,2,0,
25.674225,-100.260621,1,1,0,
25.674225,-100.259624,1,1,0,
25.674225,-100.252646,1,1,0,
25.674225,-100.251649,1,1,0,
25.674225,-100.250652,1,1,0,
25.674225,-100.249655,1,1,0,
25.674225,-100.234701,0,0,0,
25.674225,-100.233704,0,0,0,
25.674225,-100.232707,0,0,0,
25.674225,-100.23171,0,0,0,
25.674225,-100.230713,0,0,0,
25.674225,-100.229716,0,0,0,
25.674225,-100.158934,1,1,0,
25.674225,-100.157937,1,1,0,
25.674225,-100.15694,1,1,0,
25.674225,-100.155944,1,1,0,
25.674225,-100.138996,0,0,0,
25.674225,-100.137999,0,0,0,
25.674225,-100.081174,1,1,0,
25.674225,-100.080177,1,1,0,
25.674225,-100.07918,1,1,0,
25.674225,-100.078183,1,1,0,
25.674225,-100.077186,1,1,0,
25.67513,-100.484931,0,0,0,
25.67513,-100.483934,0,0,0,
25.67513,-100.482937,0,0,0,
25.67513,-100.48194,1,1,0,19048_0021
25.67513,-100.480943,1,1,0,19048_0021
25.67513,-100.479946,1,1,0,19048_0021
25.67513,-100.478949,1,1,0,19048_0021
25.67513,-100.477952,1,1,0,19048_0065
25.67513,-100.476955,0,0,0,19048_0065
25.67513,-100.475958,1,1,0,19048_0065
25.67513,-100.474961,1,1,0,19048_0065
25.67513,-100.473964,1,1,0,19048_0065
25.67513,-100.472967,2,2,0,19048_0065
25.67513,-100.471971,3,3,0,
25.67513,-100.470974,3,3,0,
25.67513,-100.469977,2,2,0,
25.67513,-100.46898,2,2,0,
25.67513,-100.467983,1,1,0,
25.67513,-100.438075,0,0,0,
25.67513,-100.437078,0,0,0,
25.67513,-100.436081,0,0,0,
25.67513,-100.435084,0,0,0,19048_0237
25.67513,-100.434087,0,0,0,19048_0237
25.67513,-100.43309,0,0,0,19048_0237
25.67513,-100.432093,0,0,0,19048_0237
25.67513,-100.431096,0,0,0,19048_0237
25.67513,-100.430099,0,0,0,19048_0237
25.67513,-100.429103,0,0,0,19048_0237
25.67513,-100.428106,0,0,0,
25.67513,-100.427109,0,0,0,
25.67513,-100.426112,0,0,0,
25.67513,-100.325422,1,1,0,
25.67513,-100.308474,1,1,0,
25.67513,-100.307477,1,1,0,
25.67513,-100.30648,1,1,0,
25.67513,-100.305483,1,1,0,
25.67513,-100.304486,1,1,0,
25.67513,-100.300498,1,1,0,
25.67513,-100.299502,1,1,0,
25.67513,-100.298505,1,1,0,
25.67513,-100.297508,1,1,0,
25.67513,-100.296511,1,1,0,
25.67513,-100.295514,1,1,0,
25.67513,-100.270591,1,1,0,
25.67513,-100.269594,1,1,0,
25.67513,-100.268597,1,1,0,
25.67513,-100.263612,1,1,0,
25.67513,-100.262615,1,1,0,
25.67513,-100.261618,1,1,0,
25.67513,-100.260621,1,1,0,
25.67513,-100.252646,1,1,0,
25.67513,-100.251649,1,1,0,
25.67513,-100.250652,1,1,0,
25.67513,-100.249655,1,1,0,
25.67513,-100.248658,1,1,0,
25.67513,-100.233704,0,0,0,
25.67513,-100.232707,0,0,0,
25.67513,-100.082171,1,1,0,
25.67513,-100.081174,1,1,0,
25.67513,-100.080177,1,1,0,
25.67513,-100.07918,1,1,0,
25.67513,-100.078183,1,1,0,
25.67513,-100.077186,1,1,0,
25.676034,-100.484931,0,0,0,
25.676034,-100.483934,0,0,0,
25.676034,-100.482937,1,1,0,
25.676034,-100.48194,1,1,0,
25.676034,-100.480943,1,1,0,19048_0021
25.676034,-100.479946,1,1,0,19048_0021
25.676034,-100.478949,1,1,0,19048_0021
25.676034,-100.477952,1,1,0,19048_0065
25.676034,-100.476955,0,0,0,19048_0065
25.676034,-100.475958,1,1,0,19048_0065
25.676034,-100.474961,1,1,0,19048_0065
25.676034,-100.473964,2,2,0,19048_0065
25.676034,-100.472967,2,2,0,
25.676034,-100.471971,3,3,0,
25.676034,-100.470974,3,3,0,
25.676034,-100.469977,2,2,0,
25.676034,-100.46898,2,2,0,
25.676034,-100.467983,1,1,0,
25.676034,-100.438075,0,0,0,
25.676034,-100.437078,0,0,0,
25.676034,-100.436081,0,0,0,
25.676034,-100.435084,0,0,0,19048_0237
25.676034,-100.434087,0,0,0,19048_0237
25.676034,-100.43309,0,0,0,19048_0237
25.676034,-100.432093,0,0,0,19048_0237
25.676034,-100.431096,0,0,0,19048_0237
25.676034,-100.430099,0,0,0,19048_0237
25.676034,-100.429103,0,0,0,19048_0237
25.676034,-100.428106,0,0,0,
25.676034,-100.427109,0,0,0,
25.676034,-100.426112,0,0,0,
25.676034,-100.308474,1,1,0,
25.676034,-100.307477,1,1,0,
25.676034,-100.30648,1,1,0,
25.676034,-100.305483,1,1,0,
25.676034,-100.304486,1,1,0,
25.676034,-100.303489,1,1,0,
25.676034,-100.300498,1,1,0,
25.676034,-100.299502,1,1,0,
25.676034,-100.298505,1,1,0,
25.676034,-100.297508,1,1,0,
25.676034,-100.296511,1,1,0,
25.676034,-100.295514,1,1,0,
25.676034,-100.271587,1,1,0,
25.676034,-100.270591,1,1,0,
25.676034,-100.269594,1,1,0,
25.676034,-100.268597,1,1,0,
25.676034,-100.2676,1,1,0,
25.676034,-100.253643,1,1,0,
25.676034,-100.252646,1,1,0,
25.676034,-100.251649,1,1,0,
25.676034,-100.250652,1,1,0,
25.676034,-100.249655,1,1,0,
25.676034,-100.248658,1,1,0,
25.676034,-100.164916,1,1,0,
25.676034,-100.163919,1,1,0,
25.676034,-100.162922,1,1,0,
25.676034,-100.082171,1,1,0,
25.676034,-100.081174,1,1,0,
25.676034,-100.080177,1,1,0,
25.676034,-100.07918,1,1,0,
25.676034,-100.078183,1,1,0,
25.676034,-100.077186,1,1,0,
25.676939,-100.486924,1,1,0,
25.676939,-100.485928,1,1,0,
25.676939,-100.484931,1,1,0,
25.676939,-100.483934,1,1,0,
25.676939,-100.482937,0,0,0,
25.676939,-100.48194,1,1,0,
25.676939,-100.480943,1,1,0,19048_0021
25.676939,-100.479946,1,1,0,19048_0021
25.676939,-100.478949,1,1,0,19048_0021
25.676939,-100.477952,1,1,0,19048_0021
25.676939,-100.476955,0,0,0,19048_0065
25.676939,-100.475958,1,1,0,
25.676939,-100.474961,1,1,0,
25.676939,-100.473964,1,1,0,
25.676939,-100.472967,2,2,0,
25.676939,-100.471971,2,2,0,
25.676939,-100.470974,2,2,0,
25.676939,-100.469977,2,2,0,
25.676939,-100.46898,1,1,0,
25.676939,-100.438075,0,0,0,
25.676939,-100.437078,0,0,0,
25.676939,-100.436081,0,0,0,
25.676939,-100.435084,0,0,0,
25.676939,-100.434087,0,0,0,19048_0237
25.676939,-100.43309,0,0,0,19048_0237
25.676939,-100.432093,0,0,0,19048_0237
25.676939,-100.431096,0,0,0,19048_0237
25.676939,-100.430099,0,0,0,19048_0237
25.676939,-100.429103,0,0,0,19048_0237
25.676939,-100.428106,0,0,0,19048_0237
25.676939,-100.427109,0,0,0,
25.676939,-100.426112,0,0,0,
25.676939,-100.425115,0,0,0,
25.676939,-100.308474,1,1,0,
25.676939,-100.307477,1,1,0,
25.676939,-100.30648,1,1,0,
25.676939,-100.305483,1,1,0,
25.676939,-100.304486,1,1,0,
25.676939,-100.300498,1,1,0,
25.676939,-100.299502,1,1,0,
25.676939,-100.298505,1,1,0,
25.676939,-100.297508,1,1,0,
25.676939,-100.296511,1,1,0,
25.676939,-100.295514,1,1,0,
25.676939,-100.294517,1,1,0,
25.676939,-100.271587,1,1,0,
25.676939,-100.270591,1,1,0,
25.676939,-100.269594,1,1,0,
25.676939,-100.268597,1,1,0,
25.676939,-100.2676,1,1,0,
25.676939,-100.266603,1,1,0,
25.676939,-100.25464,1,1,0,
25.676939,-100.253643,2,2,0,
25.676939,-100.252646,2,2,0,
25.676939,-100.251649,2,2,0,
25.676939,-100.250652,2,2,0,
25.676939,-100.249655,1,1,0,
25.676939,-100.248658,1,1,0,
25.676939,-100.237692,1,1,0,
25.676939,-100.236695,1,1,0,
25.676939,-100.235698,1,1,0,
25.676939,-100.217753,1,1,0,
25.676939,-100.216756,1,1,0,
25.676939,-100.215759,1,1,0,
25.676939,-100.214762,1,1,0,
25.676939,-100.165913,1,1,0,
25.676939,-100.164916,1,1,0,
25.676939,-100.163919,1,1,0,
25.676939,-100.162922,1,1,0,
25.676939,-100.161925,2,2,0,
25.676939,-100.081174,1,1,0,
25.676939,-100.080177,1,1,0,
25.676939,-100.07918,1,1,0,
25.676939,-100.078183,1,1,0,
25.676939,-100.077186,1,1,0,
25.677843,-100.487921,1,1,0,
25.677843,-100.486924,1,1,0,
25.677843,-100.485928,2,2,0,
25.677843,-100.484931,2,2,0,
25.677843,-100.483934,2,2,0,
25.677843,-100.482937,2,2,0,
25.677843,-100.48194,1,1,0,
25.677843,-100.480943,1,1,0,19048_0021
25.677843,-100.479946,1,1,0,19048_0021
25.677843,-100.478949,1,1,0,
25.677843,-100.477952,1,1,0,
25.677843,-100.476955,0,0,0,
25.677843,-100.475958,0,0,0,
25.677843,-100.474961,1,1,0,
25.677843,-100.473964,1,1,0,
25.677843,-100.472967,1,1,0,
25.677843,-100.471971,2,2,0,
25.677843,-100.470974,1,1,0,
25.677843,-100.469977,1,1,0,
25.677843,-100.437078,0,0,0,
25.677843,-100.436081,0,0,0,
25.677843,-100.435084,0,0,0,
25.677843,-100.434087,0,0,0,19048_0237
25.677843,-100.43309,0,0,0,19048_0237
25.677843,-100.432093,0,0,0,19048_0237
25.677843,-100.431096,0,0,0,19048_0237
25.677843,-100.430099,0,0,0,19048_0237
25.677843,-100.429103,0,0,0,19048_0237
25.677843,-100.428106,0,0,0,19048_0237
25.677843,-100.427109,0,0,0,
25.677843,-100.426112,0,0,0,
25.677843,-100.425115,0,0,0,
25.677843,-100.308474,1,1,0,
25.677843,-100.307477,1,1,0,
25.677843,-100.30648,1,1,0,
25.677843,-100.305483,1,1,0,
25.677843,-100.304486,1,1,0,
25.677843,-100.298505,1,1,0,
25.677843,-100.297508,2,2,0,
25.677843,-100.296511,1,1,0,
25.677843,-100.295514,1,1,0,
25.677843,-100.294517,1,1,0,
25.677843,-100.29352,1,1,0,
25.677843,-100.271587,1,1,0,
25.677843,-100.270591,1,1,0,
25.677843,-100.269594,1,1,0,
25.677843,-100.268597,1,1,0,
25.677843,-100.2676,1,1,0,
25.677843,-100.266603,1,1,0,
25.677843,-100.255637,1,1,0,
25.677843,-100.25464,1,1,0,
25.677843,-100.253643,1,1,0,
25.677843,-100.252646,2,2,0,
25.677843,-100.251649,2,2,0,
25.677843,-100.250652,2,2,0,
25.677843,-100.249655,1,1,0,
25.677843,-100.248658,1,1,0,
25.677843,-100.238689,1,1,0,
25.677843,-100.237692,1,1,0,
25.677843,-100.236695,1,1,0,
25.677843,-100.235698,1,1,0,
25.677843,-100.234701,1,1,0,
25.677843,-100.21875,1,1,0,
25.677843,-100.217753,1,1,0,
25.677843,-100.216756,1,1,0,
25.677843,-100.215759,1,1,0,
25.677843,-100.214762,1,1,0,
25.677843,-100.213766,1,1,0,
25.677843,-100.195821,1,1,0,
25.677843,-100.194824,1,1,0,
25.677843,-100.193827,1,1,0,
25.677843,-100.165913,1,1,0,
25.677843,-100.164916,2,2,0,
25.677843,-100.163919,3,3,0,
25.677843,-100.162922,2,2,0,
25.677843,-100.161925,2,2,0,
25.677843,-100.160928,2,2,0,
25.677843,-100.159931,1,1,0,
25.677843,-100.081174,1,1,0,
25.677843,-100.080177,1,1,0,
25.677843,-100.07918,1,1,0,
25.677843,-100.078183,1,1,0,
25.678747,-100.487921,1,1,0,
25.678747,-100.486924,2,2,0,
25.678747,-100.485928,2,2,0,
25.678747,-100.484931,2,2,0,
25.678747,-100.483934,2,2,0,
25.678747,-100.482937,2,2,0,
25.678747,-100.48194,0,0,0,
25.678747,-100.480943,0,0,0,19048_0195
25.678747,-100.479946,0,0,0,19048_0195
25.678747,-100.478949,0,0,0,
25.678747,-100.477952,0,0,0,19048_0195
25.678747,-100.476955,0,0,0,
25.678747,-100.475958,0,0,0,
25.678747,-100.474961,0,0,0,
25.678747,-100.473964,0,0,0,
25.678747,-100.437078,0,0,0,
25.678747,-100.436081,0,0,0,
25.678747,-100.435084,0,0,0,
25.678747,-100.434087,0,0,0,
25.678747,-100.43309,0,0,0,
25.678747,-100.432093,0,0,0,
25.678747,-100.431096,0,0,0,
25.678747,-100.430099,0,0,0,
25.678747,-100.429103,0,0,0,
25.678747,-100.428106,0,0,0,
25.678747,-100.427109,0,0,0,
25.678747,-100.426112,0,0,0,
25.678747,-100.425115,0,0,0,
25.678747,-100.30648,1,1,0,
25.678747,-100.297508,1,1,0,
25.678747,-100.296511,1,1,0,
25.678747,-100.295514,1,1,0,
25.678747,-100.294517,1,1,0,
25.678747,-100.29352,1,1,0,
25.678747,-100.292523,1,1,0,
25.678747,-100.271587,1,1,0,
25.678747,-100.270591,1,1,0,
25.678747,-100.269594,1,1,0,
25.678747,-100.268597,1,1,0,
25.678747,-100.2676,1,1,0,
25.678747,-100.255637,1,1,0,
25.678747,-100.25464,1,1,0,
25.678747,-100.253643,1,1,0,
25.678747,-100.252646,1,1,0,
25.678747,-100.251649,2,2,0,
25.678747,-100.250652,2,2,0,
25.678747,-100.238689,1,1,0,
25.678747,-100.237692,1,1,0,
25.678747,-100.236695,1,1,0,
25.678747,-100.235698,1,1,0,
25.678747,-100.234701,1,1,0,
25.678747,-100.233704,1,1,0,
25.678747,-100.21875,1,1,0,
25.678747,-100.217753,1,1,0,
25.678747,-100.216756,1,1,0,
25.678747,-100.215759,1,1,0,
25.678747,-100.214762,1,1,0,
25.678747,-100.213766,1,1,0,
25.678747,-100.210775,1,1,0,
25.678747,-100.209778,1,1,0,
25.678747,-100.196818,1,1,0,
25.678747,-100.195821,1,1,0,
25.678747,-100.194824,1,1,0,
25.678747,-100.193827,1,1,0,
25.678747,-100.19283,1,1,0,
25.678747,-100.165913,2,2,0,
25.678747,-100.164916,3,3,0,
25.678747,-100.163919,3,3,0,
25.678747,-100.162922,3,3,0,
25.678747,-100.161925,2,2,0,
25.678747,-100.160928,2,2,0,
25.678747,-100.159931,1,1,0,
25.679652,-100.487921,1,1,0,
25.679652,-100.486924,2,2,0,
25.679652,-100.485928,2,2,0,
25.679652,-100.484931,2,2,0,
25.679652,-100.483934,2,2,0,
25.679652,-100.482937,2,2,0,
25.679652,-100.48194,1,1,0,19048_0195
25.679652,-100.480943,0,0,0,19048_0195
25.679652,-100.479946,0,0,0,19048_0195
25.679652,-100.478949,0,0,0,19048_0195
25.679652,-100.477952,0,0,0,19048_0195
25.679652,-100.476955,0,0,0,
25.679652,-100.475958,0,0,0,
25.679652,-100.474961,0,0,0,
25.679652,-100.473964,0,0,0,
25.679652,-100.436081,0,0,0,
25.679652,-100.435084,0,0,0,
25.679652,-100.434087,0,0,0,
25.679652,-100.43309,0,0,0,
25.679652,-100.432093,0,0,0,
25.679652,-100.431096,0,0,0,
25.679652,-100.430099,0,0,0,
25.679652,-100.429103,0,0,0,
25.679652,-100.428106,0,0,0,
25.679652,-100.427109,0,0,0,
25.679652,-100.426112,0,0,0,
25.679652,-100.425115,0,0,0,
25.679652,-100.424118,0,0,0,
25.679652,-100.423121,0,0,0,
25.679652,-100.422124,0,0,0,
25.679652,-100.421127,0,0,0,
25.679652,-100.419133,1,1,0,
25.679652,-100.418136,1,1,0,
25.679652,-100.417139,1,1,0,
25.679652,-100.416142,1,1,0,
25.679652,-100.329409,1,1,0,
25.679652,-100.328413,1,1,0,
25.679652,-100.327416,1,1,0,
25.679652,-100.297508,1,1,0,
25.679652,-100.296511,1,1,0,
25.679652,-100.295514,1,1,0,
25.679652,-100.294517,1,1,0,
25.679652,-100.29352,1,1,0,
25.679652,-100.292523,1,1,0,
25.679652,-100.270591,1,1,0,
25.679652,-100.269594,1,1,0,
25.679652,-100.268597,1,1,0,
25.679652,-100.2676,1,1,0,
25.679652,-100.255637,1,1,0,
25.679652,-100.25464,1,1,0,
25.679652,-100.253643,1,1,0,
25.679652,-100.252646,1,1,0,
25.679652,-100.251649,1,1,0,
25.679652,-100.250652,1,1,0,
25.679652,-100.239686,1,1,0,
25.679652,-100.238689,2,2,0,
25.679652,-100.237692,2,2,0,
25.679652,-100.236695,2,2,0,
25.679652,-100.235698,1,1,0,
25.679652,-100.234701,1,1,0,
25.679652,-100.233704,1,1,0,
25.679652,-100.21875,1,1,0,
25.679652,-100.217753,1,1,0,
25.679652,-100.216756,1,1,0,
25.679652,-100.215759,1,1,0,
25.679652,-100.214762,1,1,0,
25.679652,-100.213766,1,1,0,
25.679652,-100.212769,1,1,0,
25.679652,-100.211772,1,1,0,
25.679652,-100.210775,1,1,0,
25.679652,-100.209778,1,1,0,
25.679652,-100.208781,1,1,0,
25.679652,-100.197815,1,1,0,
25.679652,-100.196818,1,1,0,
25.679652,-100.195821,1,1,0,
25.679652,-100.194824,1,1,0,
25.679652,-100.193827,1,1,0,
25.679652,-100.19283,1,1,0,
25.679652,-100.16691,1,1,0,
25.679652,-100.165913,2,2,0,
25.679652,-100.164916,3,3,0,
25.679652,-100.163919,3,3,0,
25.679652,-100.162922,3,3,0,
25.679652,-100.161925,3,3,0,
25.679652,-100.160928,1,1,0,
25.679652,-100.159931,1,1,0,
25.680556,-100.486924,2,2,0,
25.680556,-100.485928,2,2,0,
25.680556,-100.484931,2,2,0,
25.680556,-100.483934,2,2,0,
25.680556,-100.482937,2,2,0,19048_0195
25.680556,-100.48194,0,0,0,19048_0195
25.680556,-100.480943,0,0,0,19048_0195
25.680556,-100.479946,0,0,0,19048_0195
25.680556,-100.478949,0,0,0,19048_0195
25.680556,-100.477952,0,0,0,19048_0195
25.680556,-100.476955,0,0,0,19048_0195
25.680556,-100.475958,0,0,0,
25.680556,-100.474961,0,0,0,
25.680556,-100.473964,0,0,0,
25.680556,-100.45602,0,0,0,
25.680556,-100.455023,0,0,0,
25.680556,-100.44605,1,1,0,
25.680556,-100.445053,1,1,0,
25.680556,-100.444056,1,1,0,
25.680556,-100.44306,1,1,0,
25.680556,-100.436081,0,0,0,
25.680556,-100.435084,0,0,0,
25.680556,-100.434087,0,0,0,
25.680556,-100.43309,0,0,0,
25.680556,-100.432093,0,0,0,
25.680556,-100.431096,0,0,0,
25.680556,-100.430099,0,0,0,
25.680556,-100.429103,0,0,0,
25.680556,-100.428106,0,0,0,
25.680556,-100.427109,0,0,0,
25.680556,-100.426112,0,0,0,
25.680556,-100.425115,0,0,0,
25.680556,-100.424118,0,0,0,
25.680556,-100.423121,0,0,0,
25.680556,-100.422124,0,0,0,
25.680556,-100.421127,0,0,0,
25.680556,-100.42013,1,1,0,
25.680556,-100.419133,1,1,0,
25.680556,-100.418136,1,1,0,
25.680556,-100.417139,1,1,0,
25.680556,-100.416142,1,1,0,
25.680556,-100.415145,1,1,0,
25.680556,-100.414149,1,1,0,
25.680556,-100.413152,1,1,0,
25.680556,-100.412155,1,1,0,
25.680556,-100.411158,1,1,0,
25.680556,-100.330406,1,1,0,
25.680556,-100.329409,1,1,0,
25.680556,-100.328413,1,1,0,
25.680556,-100.327416,1,1,0,
25.680556,-100.326419,1,1,0,
25.680556,-100.297508,1,1,0,
25.680556,-100.296511,1,1,0,
25.680556,-100.295514,1,1,0,
25.680556,-100.294517,1,1,0,
25.680556,-100.29352,1,1,0,
25.680556,-100.292523,1,1,0,
25.680556,-100.25464,1,1,0,
25.680556,-100.253643,1,1,0,
25.680556,-100.252646,1,1,0,
25.680556,-100.251649,1,1,0,
25.680556,-100.250652,1,1,0,
25.680556,-100.240683,1,1,0,
25.680556,-100.239686,1,1,0,
25.680556,-100.238689,2,2,0,
25.680556,-100.237692,2,2,0,
25.680556,-100.236695,2,2,0,
25.680556,-100.235698,2,2,0,
25.680556,-100.234701,1,1,0,
25.680556,-100.232707,0,0,0,
25.680556,-100.23171,0,0,0,
25.680556,-100.230713,0,0,0,
25.680556,-100.229716,0,0,0,
25.680556,-100.21875,1,1,0,
25.680556,-100.217753,1,1,0,
25.680556,-100.216756,1,1,0,
25.680556,-100.215759,1,1,0,
25.680556,-100.214762,1,1,0,
25.680556,-100.212769,1,1,0,
25.680556,-100.211772,1,1,0,
25.680556,-100.210775,1,1,0,
25.680556,-100.209778,1,1,0,
25.680556,-100.208781,1,1,0,
25.680556,-100.207784,1,1,0,
25.680556,-100.196818,1,1,0,
25.680556,-100.195821,1,1,0,
25.680556,-100.194824,1,1,0,
25.680556,-100.193827,1,1,0,
25.680556,-100.19283,1,1,0,
25.680556,-100.16691,1,1,0,
25.680556,-100.165913,1,1,0,
25.680556,-100.164916,3,3,0,
25.680556,-100.163919,3,3,0,
25.680556,-100.162922,3,3,0,
25.680556,-100.161925,3,3,0,
25.680556,-100.160928,1,1,0,
25.680556,-100.159931,1,1,0,
25.68146,-100.4949,1,1,0,
25.68146,-100.488918,0,0,0,
25.68146,-100.487921,0,0,0,
25.68146,-100.486924,1,1,0,
25.68146,-100.485928,2,2,0,
25.68146,-100.484931,2,2,0,
25.68146,-100.483934,2,2,0,19048_0195
25.68146,-100.482937,1,1,0,19048_0195
25.68146,-100.48194,0,0,0,19048_0195
25.68146,-100.480943,0,0,0,19048_0195
25.68146,-100.479946,0,0,0,19048_0195
25.68146,-100.478949,0,0,0,19048_0195
25.68146,-100.477952,0,0,0,19048_0195
25.68146,-100.476955,0,0,0,19048_0195
25.68146,-100.475958,0,0,0,
25.68146,-100.474961,0,0,0,
25.68146,-100.473964,0,0,0,
25.68146,-100.460007,0,0,0,
25.68146,-100.45901,0,0,0,
25.68146,-100.458013,0,0,0,
25.68146,-100.457017,0,0,0,
25.68146,-100.45602,0,0,0,
25.68146,-100.455023,0,0,0,
25.68146,-100.454026,0,0,0,
25.68146,-100.44605,1,1,0,
25.68146,-100.445053,1,1,0,
25.68146,-100.444056,1,1,0,
25.68146,-100.44306,1,1,0,
25.68146,-100.442063,1,1,0,
25.68146,-100.435084,0,0,0,
25.68146,-100.434087,0,0,0,
25.68146,-100.43309,0,0,0,
25.68146,-100.432093,0,0,0,19048_0216
25.68146,-100.431096,0,0,0,19048_0216
25.68146,-100.430099,0,0,0,19048_0216
25.68146,-100.429103,0,0,0,
25.68146,-100.428106,0,0,0,
25.68146,-100.427109,0,0,0,
25.68146,-100.426112,0,0,0,
25.68146,-100.425115,0,0,0,
25.68146,-100.424118,0,0,0,
25.68146,-100.423121,0,0,0,
25.68146,-100.422124,0,0,0,
25.68146,-100.421127,0,0,0,
25.68146,-100.42013,1,1,0,
25.68146,-100.419133,1,1,0,
25.68146,-100.418136,1,1,0,
25.68146,-100.417139,1,1,0,
25.68146,-100.416142,1,1,0,
25.68146,-100.415145,2,2,0,
25.68146,-100.414149,1,1,0,
25.68146,-100.413152,1,1,0,
25.68146,-100.412155,1,1,0,
25.68146,-100.411158,1,1,0,
25.68146,-100.410161,1,1,0,
25.68146,-100.330406,1,1,0,
25.68146,-100.329409,1,1,0,
25.68146,-100.328413,1,1,0,
25.68146,-100.327416,1,1,0,
25.68146,-100.326419,1,1,0,
25.68146,-100.325422,1,1,0,
25.68146,-100.296511,1,1,0,
25.68146,-100.295514,1,1,0,
25.68146,-100.294517,1,1,0,
25.68146,-100.29352,1,1,0,
25.68146,-100.252646,1,1,0,
25.68146,-100.240683,1,1,0,
25.68146,-100.239686,1,1,0,
25.68146,-100.238689,1,1,0,
25.68146,-100.237692,2,2,0,
25.68146,-100.236695,2,2,0,
25.68146,-100.235698,2,2,0,
25.68146,-100.233704,0,0,0,
25.68146,-100.232707,0,0,0,
25.68146,-100.23171,0,0,0,
25.68146,-100.230713,0,0,0,
25.68146,-100.229716,0,0,0,
25.68146,-100.228719,0,0,0,
25.68146,-100.227723,0,0,0,
25.68146,-100.216756,1,1,0,
25.68146,-100.215759,1,1,0,
25.68146,-100.212769,1,1,0,
25.68146,-100.211772,1,1,0,
25.68146,-100.210775,1,1,0,
25.68146,-100.209778,1,1,0,
25.68146,-100.208781,1,1,0,
25.68146,-100.207784,1,1,0,
25.68146,-100.196818,1,1,0,
25.68146,-100.195821,1,1,0,
25.68146,-100.194824,1,1,0,
25.68146,-100.193827,1,1,0,
25.68146,-100.19283,1,1,0,
25.68146,-100.16691,1,1,0,
25.68146,-100.165913,1,1,0,
25.68146,-100.164916,1,1,0,
25.68146,-100.163919,2,2,0,
25.68146,-100.162922,2,2,0,
25.68146,-100.161925,2,2,0,
25.68146,-100.160928,1,1,0,
25.682365,-100.505866,1,1,0,
25.682365,-100.504869,1,1,0,
25.682365,-100.503872,1,1,0,
25.682365,-100.496894,1,1,0,
25.682365,-100.495897,1,1,0,
25.682365,-100.4949,1,1,0,
25.682365,-100.493903,1,1,0,
25.682365,-100.489915,0,0,0,
25.682365,-100.488918,0,0,0,
25.682365,-100.487921,0,0,0,
25.682365,-100.486924,0,0,0,
25.682365,-100.485928,1,1,0,
25.682365,-100.484931,1,1,0,19048_0195
25.682365,-100.483934,1,1,0,19048_0195
25.682365,-100.482937,0,0,0,19048_0195
25.682365,-100.48194,0,0,0,19048_0195
25.682365,-100.480943,0,0,0,19048_0195
25.682365,-100.479946,0,0,0,19048_0195
25.682365,-100.478949,0,0,0,19048_0195
25.682365,-100.477952,0,0,0,19048_0195
25.682365,-100.476955,0,0,0,19048_0195
25.682365,-100.475958,0,0,0,
25.682365,-100.474961,0,0,0,
25.682365,-100.473964,0,0,0,
25.682365,-100.472967,0,0,0,
25.682365,-100.463995,0,0,0,
25.682365,-100.462998,0,0,0,
25.682365,-100.462001,0,0,0,
25.682365,-100.461004,0,0,0,
25.682365,-100.460007,0,0,0,
25.682365,-100.45901,0,0,0,
25.682365,-100.458013,0,0,0,
25.682365,-100.457017,0,0,0,
25.682365,-100.45602,0,0,0,
25.682365,-100.455023,0,0,0,
25.682365,-100.454026,0,0,0,
25.682365,-100.453029,0,0,0,
25.682365,-100.447047,1,1,0,
25.682365,-100.44605,1,1,0,
25.682365,-100.445053,1,1,0,
25.682365,-100.444056,1,1,0,
25.682365,-100.44306,1,1,0,
25.682365,-100.442063,1,1,0,
25.682365,-100.441066,0,0,0,
25.682365,-100.440069,0,0,0,
25.682365,-100.439072,0,0,0,
25.682365,-100.438075,0,0,0,
25.682365,-100.437078,0,0,0,
25.682365,-100.436081,0,0,0,
25.682365,-100.435084,0,0,0,
25.682365,-100.434087,0,0,0,
25.682365,-100.43309,0,0,0,
25.682365,-100.432093,0,0,0,
25.682365,-100.431096,0,0,0,19048_0216
25.682365,-100.430099,0,0,0,19048_0216
25.682365,-100.429103,0,0,0,
25.682365,-100.428106,0,0,0,
25.682365,-100.427109,0,0,0,
25.682365,-100.426112,0,0,0,
25.682365,-100.425115,0,0,0,
25.682365,-100.424118,0,0,0,19048_0071
25.682365,-100.423121,0,0,0,19048_0071
25.682365,-100.422124,0,0,0,
25.682365,-100.421127,0,0,0,
25.682365,-100.42013,1,1,0,
25.682365,-100.419133,2,2,0,
25.682365,-100.418136,2,2,0,
25.682365,-100.417139,1,1,0,
25.682365,-100.416142,1,1,0,
25.682365,-100.415145,2,2,0,
25.682365,-100.414149,1,1,0,
25.682365,-100.413152,1,1,0,
25.682365,-100.412155,1,1,0,
25.682365,-100.411158,1,1,0,
25.682365,-100.410161,1,1,0,
25.682365,-100.330406,1,1,0,
25.682365,-100.329409,1,1,0,
25.682365,-100.328413,1,1,0,
25.682365,-100.327416,1,1,0,
25.682365,-100.326419,1,1,0,
25.682365,-100.325422,1,1,0,
25.682365,-100.240683,1,1,0,
25.682365,-100.239686,1,1,0,
25.682365,-100.238689,1,1,0,
25.682365,-100.237692,1,1,0,
25.682365,-100.236695,1,1,0,
25.682365,-100.235698,1,1,0,
25.682365,-100.234701,0,0,0,
25.682365,-100.233704,0,0,0,
25.682365,-100.232707,0,0,0,
25.682365,-100.23171,0,0,0,
25.682365,-100.230713,0,0,0,
25.682365,-100.229716,0,0,0,
25.682365,-100.228719,0,0,0,
25.682365,-100.227723,1,1,0,
25.682365,-100.226726,1,1,0,
25.682365,-100.225729,1,1,0,
25.682365,-100.224732,1,1,0,
25.682365,-100.212769,1,1,0,
25.682365,-100.211772,1,1,0,
25.682365,-100.210775,1,1,0,
25.682365,-100.209778,1,1,0,
25.682365,-100.208781,1,1,0,
25.682365,-100.207784,1,1,0,
25.682365,-100.206787,0,0,0,
25.682365,-100.20579,0,0,0,
25.682365,-100.204793,0,0,0,
25.682365,-100.203796,0,0,0,
25.682365,-100.195821,1,1,0,
25.682365,-100.194824,1,1,0,
25.682365,-100.193827,1,1,0,
25.682365,-100.165913,1,1,0,
25.682365,-100.164916,1,1,0,
25.682365,-100.163919,1,1,0,
25.682365,-100.162922,1,1,0,
25.683269,-100.506863,1,1,0,
25.683269,-100.505866,1,1,0,
25.683269,-100.504869,1,1,0,
25.683269,-100.503872,1,1,0,
25.683269,-100.502875,1,1,0,
25.683269,-100.497891,1,1,0,
25.683269,-100.496894,1,1,0,
25.683269,-100.495897,1,1,0,
25.683269,-100.4949,1,1,0,
25.683269,-100.493903,1,1,0,
25.683269,-100.492906,1,1,0,
25.683269,-100.490912,0,0,0,
25.683269,-100.489915,0,0,0,
25.683269,-100.488918,0,0,0,
25.683269,-100.487921,0,0,0,
25.683269,-100.486924,0,0,0,
25.683269,-100.485928,0,0,0,19048_0195
25.683269,-100.484931,0,0,0,19048_0195
25.683269,-100.483934,0,0,0,19048_0195
25.683269,-100.482937,0,0,0,19048_0195
25.683269,-100.48194,0,0,0,19048_0195
25.683269,-100.480943,0,0,0,19048_0195
25.683269,-100.479946,0,0,0,19048_0195
25.683269,-100.478949,0,0,0,19048_0195
25.683269,-100.477952,0,0,0,19048_0195
25.683269,-100.476955,0,0,0,19048_0195
25.683269,-100.475958,0,0,0,19048_0195
25.683269,-100.474961,0,0,0,
25.683269,-100.473964,0,0,0,
25.683269,-100.472967,0,0,0,
25.683269,-100.464992,0,0,0,
25.683269,-100.463995,0,0,0,
25.683269,-100.462998,0,0,0,
25.683269,-100.462001,0,0,0,
25.683269,-100.461004,0,0,0,
25.683269,-100.460007,0,0,0,
25.683269,-100.45901,0,0,0,
25.683269,-100.458013,0,0,0,
25.683269,-100.457017,0,0,0,
25.683269,-100.45602,0,0,0,19048_0232
25.683269,-100.455023,0,0,0,
25.683269,-100.454026,0,0,0,
25.683269,-100.453029,0,0,0,
25.683269,-100.447047,1,1,0,
25.683269,-100.44605,1,1,0,
25.683269,-100.445053,1,1,0,
25.683269,-100.444056,1,1,0,
25.683269,-100.44306,1,1,0,
25.683269,-100.442063,1,1,0,
25.683269,-100.441066,0,0,0,
25.683269,-100.440069,0,0,0,
25.683269,-100.439072,0,0,0,
25.683269,-100.438075,0,0,0,
25.683269,-100.437078,0,0,0,
25.683269,-100.436081,0,0,0,
25.683269,-100.435084,0,0,0,
25.683269,-100.434087,0,0,0,
25.683269,-100.43309,0,0,0,
25.683269,-100.432093,0,0,0,
25.683269,-100.431096,0,0,0,19048_0216
25.683269,-100.430099,0,0,0,19048_0216
25.683269,-100.429103,0,0,0,
25.683269,-100.428106,0,0,0,19048_0216
25.683269,-100.427109,0,0,0,19048_0071
25.683269,-100.426112,0,0,0,19048_0071
25.683269,-100.425115,0,0,0,19048_0071
25.683269,-100.424118,0,0,0,19048_0071
25.683269,-100.423121,0,0,0,19048_0071
25.683269,-100.422124,0,0,0,
25.683269,-100.421127,0,0,0,
25.683269,-100.42013,2,2,0,
25.683269,-100.419133,2,2,0,
25.683269,-100.418136,2,2,0,
25.683269,-100.417139,2,2,0,
25.683269,-100.416142,1,1,0,
25.683269,-100.415145,1,1,0,
25.683269,-100.414149,1,1,0,
25.683269,-100.413152,1,1,0,
25.683269,-100.412155,1,1,0,
25.683269,-100.411158,1,1,0,
25.683269,-100.410161,1,1,0,
25.683269,-100.334394,1,1,0,
25.683269,-100.333397,1,1,0,
25.683269,-100.330406,1,1,0,
25.683269,-100.329409,1,1,0,
25.683269,-100.328413,1,1,0,
25.683269,-100.327416,1,1,0,
25.683269,-100.326419,1,1,0,
25.683269,-100.239686,1,1,0,
25.683269,-100.238689,1,1,0,
25.683269,-100.237692,1,1,0,
25.683269,-100.236695,1,1,0,
25.683269,-100.234701,0,0,0,
25.683269,-100.233704,0,0,0,
25.683269,-100.232707,0,0,0,
25.683269,-100.23171,0,0,0,19026_0183
25.683269,-100.230713,0,0,0,19026_0183
25.683269,-100.229716,0,0,0,19026_0183
25.683269,-100.228719,1,1,0,
25.683269,-100.227723,1,1,0,
25.683269,-100.226726,1,1,0,
25.683269,-100.225729,1,1,0,
25.683269,-100.224732,1,1,0,
25.683269,-100.223735,1,1,0,
25.683269,-100.211772,1,1,0,
25.683269,-100.210775,1,1,0,
25.683269,-100.209778,1,1,0,
25.683269,-100.208781,1,1,0,
25.683269,-100.207784,0,0,0,
25.683269,-100.206787,0,0,0,
25.683269,-100.20579,0,0,0,
25.683269,-100.204793,0,0,0,
25.683269,-100.203796,0,0,0,
25.683269,-100.202799,0,0,0,
25.683269,-100.201802,0,0,0,
25.683269,-100.200805,0,0,0,
25.683269,-100.199808,0,0,0,
25.683269,-100.198812,0,0,0,
25.683269,-100.197815,0,0,0,
25.684173,-100.506863,1,1,0,
25.684173,-100.505866,1,1,0,
25.684173,-100.504869,1,1,0,
25.684173,-100.503872,1,1,0,
25.684173,-100.502875,1,1,0,
25.684173,-100.501878,1,1,0,
25.684173,-100.497891,1,1,0,
25.684173,-100.496894,1,1,0,
25.684173,-100.495897,1,1,0,
25.684173,-100.4949,1,1,0,
25.684173,-100.493903,1,1,0,
25.684173,-100.492906,1,1,0,
25.684173,-100.491909,0,0,0,
25.684173,-100.490912,0,0,0,
25.684173,-100.489915,0,0,0,
25.684173,-100.488918,0,0,0,
25.684173,-100.487921,0,0,0,19048_0195
25.684173,-100.486924,0,0,0,19048_0195
25.684173,-100.485928,0,0,0,19048_0195
25.684173,-100.484931,0,0,0,19048_0195
25.684173,-100.483934,0,0,0,19048_0195
25.684173,-100.482937,0,0,0,19048_0195
25.684173,-100.48194,0,0,0,19048_0195
25.684173,-100.480943,0,0,0,19048_0195
25.684173,-100.479946,0,0,0,19048_0195
25.684173,-100.478949,0,0,0,19048_0195
25.684173,-100.477952,0,0,0,19048_0195
25.684173,-100.476955,0,0,0,19048_0195
25.684173,-100.475958,0,0,0,19048_0195
25.684173,-100.474961,0,0,0,
25.684173,-100.473964,0,0,0,
25.684173,-100.472967,0,0,0,
25.684173,-100.465989,0,0,0,
25.684173,-100.464992,0,0,0,
25.684173,-100.463995,0,0,0,
25.684173,-100.462998,0,0,0,
25.684173,-100.462001,0,0,0,
25.684173,-100.461004,0,0,0,
25.684173,-100.460007,0,0,0,19048_0232
25.684173,-100.45901,0,0,0,19048_0232
25.684173,-100.458013,0,0,0,19048_0232
25.684173,-100.457017,0,0,0,19048_0232
25.684173,-100.45602,0,0,0,19048_0232
25.684173,-100.455023,0,0,0,
25.684173,-100.454026,0,0,0,
25.684173,-100.453029,0,0,0,
25.684173,-100.44605,1,1,0,
25.684173,-100.445053,1,1,0,
25.684173,-100.444056,1,1,0,
25.684173,-100.44306,1,1,0,
25.684173,-100.442063,1,1,0,
25.684173,-100.441066,0,0,0,
25.684173,-100.440069,0,0,0,
25.684173,-100.439072,0,0,0,
25.684173,-100.438075,0,0,0,
25.684173,-100.437078,0,0,0,
25.684173,-100.436081,0,0,0,
25.684173,-100.435084,0,0,0,
25.684173,-100.434087,0,0,0,
25.684173,-100.43309,0,0,0,
25.684173,-100.432093,0,0,0,
25.684173,-100.431096,0,0,0,19048_0216
25.684173,-100.430099,0,0,0,19048_0216
25.684173,-100.429103,0,0,0,19048_0216
25.684173,-100.428106,0,0,0,19048_0216
25.684173,-100.427109,0,0,0,19048_0071
25.684173,-100.426112,0,0,0,19048_0071
25.684173,-100.425115,0,0,0,19048_0071
25.684173,-100.424118,0,0,0,19048_0071
25.684173,-100.423121,0,0,0,19048_0071
25.684173,-100.422124,0,0,0,
25.684173,-100.421127,1,1,0,
25.684173,-100.42013,1,1,0,
25.684173,-100.419133,2,2,0,
25.684173,-100.418136,2,2,0,
25.684173,-100.417139,2,2,0,
25.684173,-100.416142,1,1,0,
25.684173,-100.415145,1,1,0,
25.684173,-100.414149,1,1,0,
25.684173,-100.413152,1,1,0,
25.684173,-100.412155,1,1,0,
25.684173,-100.411158,1,1,0,
25.684173,-100.335391,1,1,0,
25.684173,-100.334394,1,1,0,
25.684173,-100.333397,1,1,0,
25.684173,-100.3324,1,1,0,
25.684173,-100.329409,1,1,0,
25.684173,-100.328413,1,1,0,
25.684173,-100.327416,1,1,0,
25.684173,-100.322431,0,0,0,
25.684173,-100.321434,0,0,0,
25.684173,-100.320437,0,0,0,
25.684173,-100.31944,0,0,0,
25.684173,-100.318443,0,0,0,
25.684173,-100.317446,0,0,0,
25.684173,-100.316449,0,0,0,
25.684173,-100.315452,0,0,0,
25.684173,-100.313459,1,1,0,
25.684173,-100.312462,1,1,0,
25.684173,-100.311465,1,1,0,
25.684173,-100.310468,1,1,0,
25.684173,-100.29352,1,1,0,
25.684173,-100.292523,1,1,0,
25.684173,-100.291526,1,1,0,
25.684173,-100.289532,1,1,0,
25.684173,-100.288535,1,1,0,
25.684173,-100.287538,1,1,0,
25.684173,-100.286541,1,1,0,
25.684173,-100.285545,1,1,0,
25.684173,-100.284548,1,1,0,
25.684173,-100.283551,1,1,0,
25.684173,-100.238689,1,1,0,
25.684173,-100.237692,1,1,0,
25.684173,-100.234701,0,0,0,
25.684173,-100.233704,0,0,0,
25.684173,-100.232707,0,0,0,
25.684173,-100.23171,0,0,0,19026_0183
25.684173,-100.230713,0,0,0,19026_0183
25.684173,-100.229716,0,0,0,19026_0183
25.684173,-100.228719,1,1,0,
25.684173,-100.227723,1,1,0,
25.684173,-100.226726,1,1,0,
25.684173,-100.225729,1,1,0,
25.684173,-100.224732,1,1,0,
25.684173,-100.223735,1,1,0,
25.684173,-100.222738,0,0,0,
25.684173,-100.221741,0,0,0,
25.684173,-100.220744,0,0,0,
25.684173,-100.208781,0,0,0,
25.684173,-100.207784,0,0,0,
25.684173,-100.206787,0,0,0,
25.684173,-100.20579,0,0,0,
25.684173,-100.204793,0,0,0,
25.684173,-100.203796,0,0,0,
25.684173,-100.202799,0,0,0,
25.684173,-100.201802,0,0,0,
25.684173,-100.200805,0,0,0,
25.684173,-100.199808,0,0,0,
25.684173,-100.198812,0,0,0,
25.684173,-100.197815,0,0,0,
25.684173,-100.196818,0,0,0,
25.685078,-100.506863,1,1,0,
25.685078,-100.505866,1,1,0,
25.685078,-100.504869,1,1,0,
25.685078,-100.503872,1,1,0,
25.685078,-100.502875,1,1,0,
25.685078,-100.501878,1,1,0,
25.685078,-100.497891,1,1,0,
25.685078,-100.496894,1,1,0,
25.685078,-100.495897,1,1,0,
25.685078,-100.4949,1,1,0,
25.685078,-100.493903,1,1,0,
25.685078,-100.492906,1,1,0,
25.685078,-100.491909,0,0,0,
25.685078,-100.490912,0,0,0,
25.685078,-100.489915,0,0,0,
25.685078,-100.488918,0,0,0,19048_0195
25.685078,-100.487921,0,0,0,19048_0195
25.685078,-100.486924,0,0,0,19048_0195
25.685078,-100.485928,0,0,0,19048_0195
25.685078,-100.484931,0,0,0,19048_0195
25.685078,-100.483934,0,0,0,19048_0195
25.685078,-100.482937,0,0,0,19048_0195
25.685078,-100.48194,0,0,0,19048_0195
25.685078,-100.480943,0,0,0,19048_0195
25.685078,-100.479946,0,0,0,19048_0195
25.685078,-100.478949,0,0,0,19048_0195
25.685078,-100.477952,0,0,0,19048_0195
25.685078,-100.476955,0,0,0,19048_0195
25.685078,-100.475958,0,0,0,19048_0195
25.685078,-100.474961,0,0,0,19048_0195
25.685078,-100.473964,0,0,0,
25.685078,-100.472967,0,0,0,
25.685078,-100.471971,0,0,0,
25.685078,-100.465989,0,0,0,
25.685078,-100.464992,0,0,0,
25.685078,-100.463995,0,0,0,
25.685078,-100.462998,0,0,0,19048_0232
25.685078,-100.462001,0,0,0,19048_0232
25.685078,-100.461004,0,0,0,19048_0232
25.685078,-100.460007,0,0,0,19048_0232
25.685078,-100.45901,0,0,0,19048_0232
25.685078,-100.458013,0,0,0,19048_0232
25.685078,-100.457017,0,0,0,19048_0232
25.685078,-100.45602,0,0,0,19048_0232
25.685078,-100.455023,0,0,0,
25.685078,-100.454026,0,0,0,
25.685078,-100.453029,0,0,0,
25.685078,-100.447047,0,0,0,
25.685078,-100.44605,0,0,0,
25.685078,-100.445053,1,1,0,
25.685078,-100.444056,1,1,0,
25.685078,-100.44306,1,1,0,19048_0129
25.685078,-100.442063,0,0,0,19048_0129
25.685078,-100.441066,0,0,0,19048_0129
25.685078,-100.440069,0,0,0,19048_0129
25.685078,-100.439072,0,0,0,19048_0129
25.685078,-100.438075,0,0,0,19048_0129
25.685078,-100.437078,0,0,0,19048_0129
25.685078,-100.436081,0,0,0,
25.685078,-100.435084,0,0,0,
25.685078,-100.434087,0,0,0,
25.685078,-100.43309,0,0,0,
25.685078,-100.432093,0,0,0,
25.685078,-100.431096,0,0,0,
25.685078,-100.430099,0,0,0,19048_0216
25.685078,-100.429103,0,0,0,19048_0216
25.685078,-100.428106,0,0,0,19048_0216
25.685078,-100.427109,0,0,0,19048_0216
25.685078,-100.426112,0,0,0,19048_0071
25.685078,-100.425115,0,0,0,19048_0071
25.685078,-100.424118,0,0,0,19048_0071
25.685078,-100.423121,0,0,0,
25.685078,-100.422124,0,0,0,
25.685078,-100.421127,1,1,0,
25.685078,-100.42013,1,1,0,
25.685078,-100.419133,1,1,0,19048_0058
25.685078,-100.418136,1,1,0,19048_0058
25.685078,-100.417139,1,1,0,
25.685078,-100.416142,1,1,0,
25.685078,-100.415145,0,0,0,
25.685078,-100.414149,1,1,0,
25.685078,-100.413152,1,1,0,
25.685078,-100.412155,1,1,0,
25.685078,-100.336388,1,1,0,
25.685078,-100.335391,1,1,0,
25.685078,-100.334394,1,1,0,
25.685078,-100.333397,1,1,0,
25.685078,-100.3324,1,1,0,
25.685078,-100.331403,1,1,0,
25.685078,-100.330406,0,0,0,
25.685078,-100.329409,0,0,0,
25.685078,-100.328413,0,0,0,
25.685078,-100.327416,0,0,0,
25.685078,-100.326419,0,0,0,
25.685078,-100.325422,0,0,0,
25.685078,-100.324425,0,0,0,
25.685078,-100.323428,0,0,0,
25.685078,-100.322431,0,0,0,
25.685078,-100.321434,0,0,0,
25.685078,-100.320437,0,0,0,
25.685078,-100.31944,0,0,0,
25.685078,-100.318443,0,0,0,
25.685078,-100.317446,0,0,0,
25.685078,-100.316449,0,0,0,
25.685078,-100.315452,0,0,0,
25.685078,-100.314455,1,1,0,
25.685078,-100.313459,1,1,0,
25.685078,-100.312462,1,1,0,
25.685078,-100.311465,1,1,0,
25.685078,-100.310468,1,1,0,
25.685078,-100.309471,1,1,0,
25.685078,-100.294517,1,1,0,
25.685078,-100.29352,1,1,0,
25.685078,-100.292523,1,1,0,
25.685078,-100.291526,2,2,0,
25.685078,-100.290529,2,2,0,
25.685078,-100.289532,1,1,0,
25.685078,-100.288535,1,1,0,
25.685078,-100.287538,2,2,0,
25.685078,-100.286541,1,1,0,
25.685078,-100.285545,1,1,0,
25.685078,-100.284548,1,1,0,
25.685078,-100.283551,1,1,0,
25.685078,-100.233704,0,0,0,
25.685078,-100.232707,0,0,0,
25.685078,-100.23171,0,0,0,
25.685078,-100.230713,0,0,0,19026_0183
25.685078,-100.229716,0,0,0,19026_0183
25.685078,-100.228719,1,1,0,19026_0183
25.685078,-100.227723,1,1,0,
25.685078,-100.226726,1,1,0,
25.685078,-100.225729,1,1,0,
25.685078,-100.224732,1,1,0,
25.685078,-100.223735,1,1,0,
25.685078,-100.222738,0,0,0,
25.685078,-100.221741,0,0,0,
25.685078,-100.220744,0,0,0,
25.685078,-100.219747,0,0,0,
25.685078,-100.208781,0,0,0,
25.685078,-100.207784,0,0,0,
25.685078,-100.206787,0,0,0,
25.685078,-100.20579,0,0,0,19026_0434
25.685078,-100.204793,0,0,0,19026_0434
25.685078,-100.203796,0,0,0,19026_0434
25.685078,-100.202799,0,0,0,
25.685078,-100.201802,0,0,0,
25.685078,-100.200805,0,0,0,
25.685078,-100.199808,0,0,0,
25.685078,-100.198812,0,0,0,
25.685078,-100.197815,0,0,0,
25.685078,-100.196818,0,0,0,
25.685078,-100.195821,0,0,0,
25.685982,-100.506863,1,1,0,
25.685982,-100.505866,1,1,0,
25.685982,-100.504869,1,1,0,
25.685982,-100.503872,1,1,0,
25.685982,-100.502875,1,1,0,
25.685982,-100.496894,1,1,0,
25.685982,-100.495897,1,1,0,
25.685982,-100.4949,1,1,0,
25.685982,-100.493903,1,1,0,
25.685982,-100.491909,0,0,0,
25.685982,-100.490912,0,0,0,
25.685982,-100.489915,0,0,0,
25.685982,-100.488918,0,0,0,
25.685982,-100.487921,0,0,0,
25.685982,-100.486924,0,0,0,
25.685982,-100.485928,0,0,0,
25.685982,-100.484931,0,0,0,
25.685982,-100.483934,0,0,0,
25.685982,-100.482937,0,0,0,
25.685982,-100.48194,0,0,0,
25.685982,-100.480943,0,0,0,
25.685982,-100.479946,0,0,0,
25.685982,-100.478949,0,0,0,
25.685982,-100.477952,0,0,0,
25.685982,-100.476955,0,0,0,
25.685982,-100.475958,0,0,0,
25.685982,-100.474961,0,0,0,
25.685982,-100.473964,0,0,0,
25.685982,-100.472967,0,0,0,
25.685982,-100.471971,0,0,0,
25.685982,-100.465989,0,0,0,
25.685982,-100.464992,0,0,0,
25.685982,-100.463995,0,0,0,
25.685982,-100.462998,0,0,0,
25.685982,-100.462001,0,0,0,19048_0232
25.685982,-100.461004,0,0,0,19048_0232
25.685982,-100.460007,0,0,0,19048_0232
25.685982,-100.45901,0,0,0,19048_0232
25.685982,-100.458013,0,0,0,19048_0232
25.685982,-100.457017,0,0,0,19048_0232
25.685982,-100.45602,0,0,0,19048_0232
25.685982,-100.455023,0,0,0,19048_0232
25.685982,-100.454026,0,0,0,
25.685982,-100.453029,0,0,0,
25.685982,-100.452032,0,0,0,
25.685982,-100.447047,0,0,0,
25.685982,-100.44605,0,0,0,
25.685982,-100.445053,0,0,0,
25.685982,-100.444056,0,0,0,19048_0129
25.685982,-100.44306,0,0,0,19048_0129
25.685982,-100.442063,0,0,0,19048_0129
25.685982,-100.441066,1,1,0,19048_0129
25.685982,-100.440069,1,1,0,19048_0129
25.685982,-100.439072,1,1,0,19048_0129
25.685982,-100.438075,1,1,0,19048_0129
25.685982,-100.437078,0,0,0,19048_0129
25.685982,-100.436081,0,0,0,19048_0129
25.685982,-100.435084,0,0,0,
25.685982,-100.434087,0,0,0,
25.685982,-100.43309,0,0,0,
25.685982,-100.432093,0,0,0,
25.685982,-100.431096,0,0,0,
25.685982,-100.430099,0,0,0,19048_0216
25.685982,-100.429103,0,0,0,19048_0216
25.685982,-100.428106,0,0,0,19048_0216
25.685982,-100.427109,0,0,0,19048_0216
25.685982,-100.426112,0,0,0,19048_0071
25.685982,-100.425115,0,0,0,19048_0071
25.685982,-100.424118,0,0,0,19048_0058
25.685982,-100.423121,0,0,0,19048_0058
25.685982,-100.422124,0,0,0,19048_0058
25.685982,-100.421127,1,1,0,19048_0058
25.685982,-100.42013,1,1,0,19048_0058
25.685982,-100.419133,1,1,0,19048_0058
25.685982,-100.418136,1,1,0,19048_0058
25.685982,-100.417139,1,1,0,19048_0058
25.685982,-100.416142,1,1,0,
25.685982,-100.415145,0,0,0,
25.685982,-100.414149,0,0,0,
25.685982,-100.336388,1,1,0,
25.685982,-100.335391,1,1,0,
25.685982,-100.334394,1,1,0,
25.685982,-100.333397,1,1,0,
25.685982,-100.3324,1,1,0,
25.685982,-100.331403,1,1,0,
25.685982,-100.330406,0,0,0,
25.685982,-100.329409,0,0,0,
25.685982,-100.328413,0,0,0,
25.685982,-100.327416,0,0,0,
25.685982,-100.326419,0,0,0,
25.685982,-100.325422,0,0,0,
25.685982,-100.324425,0,0,0,
25.685982,-100.323428,0,0,0,
25.685982,-100.322431,0,0,0,
25.685982,-100.321434,0,0,0,
25.685982,-100.320437,0,0,0,
25.685982,-100.31944,0,0,0,
25.685982,-100.318443,0,0,0,
25.685982,-100.317446,0,0,0,
25.685982,-100.316449,0,0,0,
25.685982,-100.315452,0,0,0,
25.685982,-100.314455,1,1,0,
25.685982,-100.313459,1,1,0,
25.685982,-100.312462,1,1,0,
25.685982,-100.311465,1,1,0,
25.685982,-100.310468,1,1,0,
25.685982,-100.309471,1,1,0,
25.685982,-100.294517,1,1,0,
25.685982,-100.29352,1,1,0,
25.685982,-100.292523,1,1,0,
25.685982,-100.291526,2,2,0,
25.685982,-100.290529,2,2,0,
25.685982,-100.289532,2,2,0,
25.685982,-100.288535,1,1,0,
25.685982,-100.287538,2,2,0,
25.685982,-100.286541,2,2,0,
25.685982,-100.285545,1,1,0,
25.685982,-100.284548,1,1,0,
25.685982,-100.283551,1,1,0,
25.685982,-100.282554,1,1,0,
25.685982,-100.233704,0,0,0,
25.685982,-100.232707,0,0,0,
25.685982,-100.23171,0,0,0,
25.685982,-100.230713,0,0,0,19026_0183
25.685982,-100.229716,0,0,0,19026_0183
25.685982,-100.228719,0,0,0,19026_0183
25.685982,-100.227723,1,1,0,19026_0183
25.685982,-100.226726,1,1,0,19026_0183
25.685982,-100.225729,1,1,0,
25.685982,-100.224732,1,1,0,
25.685982,-100.223735,0,0,0,
25.685982,-100.222738,0,0,0,
25.685982,-100.221741,0,0,0,
25.685982,-100.220744,0,0,0,
25.685982,-100.219747,0,0,0,
25.685982,-100.21875,0,0,0,
25.685982,-100.208781,0,0,0,
25.685982,-100.207784,0,0,0,
25.685982,-100.206787,0,0,0,
25.685982,-100.20579,0,0,0,19026_0434
25.685982,-100.204793,0,0,0,19026_0434
25.685982,-100.203796,0,0,0,19026_0434
25.685982,-100.202799,0,0,0,19026_0434
25.685982,-100.201802,0,0,0,19026_0434
25.685982,-100.200805,0,0,0,19026_0434
25.685982,-100.199808,0,0,0,19026_0434
25.685982,-100.198812,0,0,0,19026_0434
25.685982,-100.197815,0,0,0,
25.685982,-100.196818,0,0,0,
25.685982,-100.195821,0,0,0,
25.685982,-100.116066,1,1,0,
25.685982,-100.115069,1,1,0,
25.685982,-100.083168,1,1,0,
25.685982,-100.082171,1,1,0,
25.685982,-100.081174,1,1,0,
25.685982,-100.080177,1,1,0,
25.686887,-100.505866,1,1,0,
25.686887,-100.504869,1,1,0,
25.686887,-100.503872,1,1,0,
25.686887,-100.491909,0,0,0,
25.686887,-100.490912,0,0,0,
25.686887,-100.489915,0,0,0,
25.686887,-100.488918,0,0,0,
25.686887,-100.487921,0,0,0,
25.686887,-100.486924,0,0,0,
25.686887,-100.485928,0,0,0,
25.686887,-100.484931,0,0,0,
25.686887,-100.483934,0,0,0,
25.686887,-100.482937,0,0,0,
25.686887,-100.48194,0,0,0,
25.686887,-100.480943,0,0,0,
25.686887,-100.479946,0,0,0,
25.686887,-100.478949,0,0,0,
25.686887,-100.477952,0,0,0,
25.686887,-100.476955,0,0,0,
25.686887,-100.475958,0,0,0,
25.686887,-100.474961,0,0,0,
25.686887,-100.473964,0,0,0,
25.686887,-100.472967,0,0,0,
25.686887,-100.465989,0,0,0,
25.686887,-100.464992,0,0,0,
25.686887,-100.463995,0,0,0,
25.686887,-100.462998,0,0,0,
25.686887,-100.462001,0,0,0,19048_0232
25.686887,-100.461004,0,0,0,19048_0232
25.686887,-100.460007,0,0,0,19048_0232
25.686887,-100.45901,0,0,0,19048_0232
25.686887,-100.458013,0,0,0,19048_0232
25.686887,-100.457017,0,0,0,19048_0232
25.686887,-100.45602,0,0,0,19048_0232
25.686887,-100.455023,0,0,0,
25.686887,-100.454026,0,0,0,
25.686887,-100.453029,0,0,0,
25.686887,-100.452032,0,0,0,
25.686887,-100.447047,0,0,0,
25.686887,-100.44605,0,0,0,
25.686887,-100.445053,0,0,0,
25.686887,-100.444056,0,0,0,
25.686887,-100.44306,0,0,0,19048_0129
25.686887,-100.442063,1,1,0,19048_0129
25.686887,-100.441066,1,1,0,19048_0129
25.686887,-100.440069,1,1,0,19048_0129
25.686887,-100.439072,1,1,0,19048_0129
25.686887,-100.438075,1,1,0,19048_0129
25.686887,-100.437078,1,1,0,19048_0129
25.686887,-100.436081,0,0,0,19048_0129
25.686887,-100.435084,0,0,0,
25.686887,-100.434087,0,0,0,
25.686887,-100.43309,0,0,0,
25.686887,-100.432093,0,0,0,
25.686887,-100.431096,0,0,0,
25.686887,-100.430099,0,0,0,
25.686887,-100.429103,0,0,0,19048_0216
25.686887,-100.428106,0,0,0,19048_0216
25.686887,-100.427109,0,0,0,19048_0216
25.686887,-100.426112,0,0,0,
25.686887,-100.425115,0,0,0,19048_0058
25.686887,-100.424118,0,0,0,19048_0058
25.686887,-100.423121,0,0,0,19048_0058
25.686887,-100.422124,0,0,0,19048_0058
25.686887,-100.421127,0,0,0,19048_0058
25.686887,-100.42013,1,1,0,19048_0058
25.686887,-100.419133,1,1,0,19048_0058
25.686887,-100.418136,1,1,0,19048_0058
25.686887,-100.417139,1,1,0,19048_0014
25.686887,-100.416142,0,0,0,
25.686887,-100.415145,0,0,0,
25.686887,-100.414149,0,0,0,
25.686887,-100.336388,1,1,0,
25.686887,-100.335391,1,1,0,
25.686887,-100.334394,1,1,0,
25.686887,-100.333397,1,1,0,
25.686887,-100.3324,1,1,0,
25.686887,-100.331403,1,1,0,
25.686887,-100.330406,0,0,0,
25.686887,-100.329409,0,0,0,
25.686887,-100.328413,0,0,0,
25.686887,-100.327416,0,0,0,
25.686887,-100.326419,0,0,0,
25.686887,-100.325422,0,0,0,
25.686887,-100.324425,0,0,0,
25.686887,-100.323428,0,0,0,
25.686887,-100.322431,0,0,0,19039_0345
25.686887,-100.321434,0,0,0,19039_0345
25.686887,-100.320437,0,0,0,19039_0345
25.686887,-100.31944,0,0,0,19039_0345
25.686887,-100.318443,0,0,0,19039_0345
25.686887,-100.317446,0,0,0,19039_0345
25.686887,-100.316449,0,0,0,
25.686887,-100.315452,0,0,0,
25.686887,-100.314455,1,1,0,
25.686887,-100.313459,1,1,0,
25.686887,-100.312462,1,1,0,
25.686887,-100.311465,1,1,0,
25.686887,-100.310468,1,1,0,
25.686887,-100.309471,1,1,0,
25.686887,-100.301495,1,1,0,
25.686887,-100.300498,1,1,0,
25.686887,-100.299502,1,1,0,
25.686887,-100.294517,1,1,0,
25.686887,-100.29352,1,1,0,
25.686887,-100.292523,1,1,0,
25.686887,-100.291526,2,2,0,
25.686887,-100.290529,2,2,0,
25.686887,-100.289532,2,2,0,
25.686887,-100.288535,1,1,0,
25.686887,-100.287538,2,2,0,
25.686887,-100.286541,2,2,0,
25.686887,-100.285545,1,1,0,
25.686887,-100.284548,1,1,0,
25.686887,-100.283551,1,1,0,
25.686887,-100.282554,0,0,0,
25.686887,-100.279563,0,0,0,
25.686887,-100.278566,0,0,0,
25.686887,-100.277569,0,0,0,
25.686887,-100.276572,0,0,0,
25.686887,-100.275575,0,0,0,
25.686887,-100.274578,0,0,0,
25.686887,-100.273581,0,0,0,
25.686887,-100.272584,0,0,0,
25.686887,-100.271587,0,0,0,
25.686887,-100.233704,0,0,0,
25.686887,-100.232707,0,0,0,
25.686887,-100.23171,0,0,0,
25.686887,-100.230713,0,0,0,19026_0183
25.686887,-100.229716,0,0,0,19026_0183
25.686887,-100.228719,0,0,0,19026_0183
25.686887,-100.227723,0,0,0,19026_0183
25.686887,-100.226726,0,0,0,19026_0183
25.686887,-100.225729,1,1,0,19026_0183
25.686887,-100.224732,0,0,0,
25.686887,-100.223735,0,0,0,
25.686887,-100.222738,0,0,0,19026_0183
25.686887,-100.221741,0,0,0,19026_0183
25.686887,-100.220744,0,0,0,
25.686887,-100.219747,0,0,0,
25.686887,-100.21875,0,0,0,
25.686887,-100.208781,0,0,0,
25.686887,-100.207784,0,0,0,
25.686887,-100.206787,0,0,0,
25.686887,-100.20579,0,0,0,19026_0434
25.686887,-100.204793,0,0,0,19026_0434
25.686887,-100.203796,0,0,0,19026_0434
25.686887,-100.202799,0,0,0,19026_0434
25.686887,-100.201802,0,0,0,19026_0434
25.686887,-100.200805,0,0,0,19026_0434
25.686887,-100.199808,0,0,0,19026_0434
25.686887,-100.198812,0,0,0,19026_0434
25.686887,-100.197815,0,0,0,
25.686887,-100.196818,0,0,0,
25.686887,-100.195821,0,0,0,
25.686887,-100.117063,1,1,0,
25.686887,-100.116066,1,1,0,
25.686887,-100.115069,1,1,0,
25.686887,-100.114072,1,1,0,
25.686887,-100.113076,1,1,0,
25.686887,-100.083168,1,1,0,
25.686887,-100.082171,2,2,0,
25.686887,-100.081174,2,2,0,
25.686887,-100.080177,2,2,0,
25.686887,-100.07918,2,2,0,
25.686887,-100.078183,1,1,0,
25.687791,-100.489915,0,0,0,
25.687791,-100.488918,0,0,0,
25.687791,-100.487921,0,0,0,
25.687791,-100.486924,0,0,0,
25.687791,-100.485928,0,0,0,
25.687791,-100.484931,0,0,0,
25.687791,-100.483934,0,0,0,
25.687791,-100.482937,0,0,0,
25.687791,-100.48194,0,0,0,
25.687791,-100.480943,0,0,0,
25.687791,-100.479946,0,0,0,
25.687791,-100.478949,0,0,0,
25.687791,-100.477952,0,0,0,
25.687791,-100.476955,0,0,0,
25.687791,-100.475958,0,0,0,
25.687791,-100.474961,0,0,0,
25.687791,-100.473964,0,0,0,
25.687791,-100.467983,0,0,0,
25.687791,-100.466986,0,0,0,
25.687791,-100.465989,0,0,0,
25.687791,-100.464992,0,0,0,
25.687791,-100.463995,0,0,0,
25.687791,-100.462998,0,0,0,
25.687791,-100.462001,0,0,0,19048_0232
25.687791,-100.461004,0,0,0,19048_0232
25.687791,-100.460007,0,0,0,19048_0232
25.687791,-100.45901,0,0,0,
25.687791,-100.458013,0,0,0,
25.687791,-100.457017,0,0,0,
25.687791,-100.45602,0,0,0,
25.687791,-100.455023,0,0,0,
25.687791,-100.454026,0,0,0,
25.687791,-100.453029,0,0,0,
25.687791,-100.452032,0,0,0,
25.687791,-100.44605,0,0,0,
25.687791,-100.445053,0,0,0,
25.687791,-100.444056,0,0,0,
25.687791,-100.44306,0,0,0,19048_0129
25.687791,-100.442063,1,1,0,19048_0129
25.687791,-100.441066,1,1,0,19048_0129
25.687791,-100.440069,1,1,0,19048_0129
25.687791,-100.439072,1,1,0,19048_0129
25.687791,-100.438075,1,1,0,19048_0129
25.687791,-100.437078,1,1,0,19048_0129
25.687791,-100.436081,0,0,0,19048_0129
25.687791,-100.435084,0,0,0,19048_0129
25.687791,-100.434087,0,0,0,
25.687791,-100.43309,0,0,0,
25.687791,-100.432093,0,0,0,
25.687791,-100.431096,0,0,0,
25.687791,-100.430099,0,0,0,
25.687791,-100.429103,0,0,0,19048_0216
25.687791,-100.428106,0,0,0,19048_0216
25.687791,-100.427109,0,0,0,
25.687791,-100.426112,0,0,0,
25.687791,-100.425115,0,0,0,19048_0058
25.687791,-100.424118,0,0,0,19048_0058
25.687791,-100.423121,0,0,0,19048_0058
25.687791,-100.422124,0,0,0,19048_0058
25.687791,-100.421127,0,0,0,19048_0058
25.687791,-100.42013,0,0,0,19048_0115
25.687791,-100.419133,0,0,0,19048_0014
25.687791,-100.418136,0,0,0,19048_0014
25.687791,-100.417139,0,0,0,19048_0014
25.687791,-100.416142,0,0,0,
25.687791,-100.415145,0,0,0,
25.687791,-100.414149,0,0,0,
25.687791,-100.335391,1,1,0,
25.687791,-100.334394,1,1,0,
25.687791,-100.333397,1,1,0,
25.687791,-100.3324,1,1,0,
25.687791,-100.331403,0,0,0,
25.687791,-100.330406,0,0,0,
25.687791,-100.329409,0,0,0,
25.687791,-100.328413,0,0,0,19039_0345
25.687791,-100.327416,0,0,0,19039_0345
25.687791,-100.326419,0,0,0,19039_0345
25.687791,-100.325422,0,0,0,19039_0345
25.687791,-100.324425,0,0,0,19039_0345
25.687791,-100.323428,0,0,0,19039_0345
25.687791,-100.322431,0,0,0,19039_0345
25.687791,-100.321434,0,0,0,19039_0345
25.687791,-100.320437,0,0,0,19039_0345
25.687791,-100.31944,0,0,0,19039_0345
25.687791,-100.318443,0,0,0,19039_0345
25.687791,-100.317446,0,0,0,19039_0345
25.687791,-100.316449,0,0,0,
25.687791,-100.315452,0,0,0,
25.687791,-100.314455,0,0,0,
25.687791,-100.313459,1,1,0,
25.687791,-100.312462,1,1,0,
25.687791,-100.311465,1,1,0,
25.687791,-100.310468,1,1,0,
25.687791,-100.302492,1,1,0,
25.687791,-100.301495,1,1,0,
25.687791,-100.300498,1,1,0,
25.687791,-100.299502,1,1,0,
25.687791,-100.298505,1,1,0,
25.687791,-100.294517,1,1,0,
25.687791,-100.29352,1,1,0,
25.687791,-100.292523,1,1,0,
25.687791,-100.291526,2,2,0,
25.687791,-100.290529,2,2,0,
25.687791,-100.289532,1,1,0,
25.687791,-100.288535,1,1,0,
25.687791,-100.287538,2,2,0,
25.687791,-100.286541,1,1,0,
25.687791,-100.285545,1,1,0,
25.687791,-100.284548,1,1,0,
25.687791,-100.283551,1,1,0,
25.687791,-100.282554,0,0,0,
25.687791,-100.281557,0,0,0,
25.687791,-100.28056,0,0,0,
25.687791,-100.279563,0,0,0,
25.687791,-100.278566,0,0,0,
25.687791,-100.277569,0,0,0,
25.687791,-100.276572,0,0,0,
25.687791,-100.275575,0,0,0,
25.687791,-100.274578,0,0,0,
25.687791,-100.273581,0,0,0,
25.687791,-100.272584,0,0,0,
25.687791,-100.271587,0,0,0,
25.687791,-100.270591,0,0,0,
25.687791,-100.233704,0,0,0,
25.687791,-100.232707,0,0,0,
25.687791,-100.23171,0,0,0,
25.687791,-100.230713,0,0,0,19026_0183
25.687791,-100.229716,0,0,0,19026_0183
25.687791,-100.228719,0,0,0,19026_0183
25.687791,-100.227723,0,0,0,19026_0183
25.687791,-100.226726,0,0,0,19026_0183
25.687791,-100.225729,0,0,0,19026_0183
25.687791,-100.224732,0,0,0,19026_0183
25.687791,-100.223735,0,0,0,19026_0183
25.687791,-100.222738,0,0,0,19026_0183
25.687791,-100.221741,0,0,0,19026_0183
25.687791,-100.220744,0,0,0,
25.687791,-100.219747,0,0,0,
25.687791,-100.21875,0,0,0,
25.687791,-100.208781,0,0,0,
25.687791,-100.207784,0,0,0,
25.687791,-100.206787,0,0,0,
25.687791,-100.20579,0,0,0,19026_0434
25.687791,-100.204793,0,0,0,19026_0434
25.687791,-100.203796,0,0,0,19026_0434
25.687791,-100.202799,0,0,0,19026_0434
25.687791,-100.201802,0,0,0,19026_0434
25.687791,-100.200805,0,0,0,19026_0434
25.687791,-100.199808,0,0,0,19026_0434
25.687791,-100.198812,0,0,0,
25.687791,-100.197815,0,0,0,
25.687791,-100.196818,0,0,0,
25.687791,-100.195821,0,0,0,
25.687791,-100.11806,1,1,0,
25.687791,-100.117063,1,1,0,
25.687791,-100.116066,1,1,0,
25.687791,-100.115069,1,1,0,
25.687791,-100.114072,1,1,0,
25.687791,-100.113076,1,1,0,
25.687791,-100.084165,1,1,0,
25.687791,-100.083168,1,1,0,
25.687791,-100.082171,3,3,0,
25.687791,-100.081174,3,3,0,
25.687791,-100.080177,3,3,0,
25.687791,-100.07918,3,3,0,
25.687791,-100.078183,1,1,0,
25.688695,-100.46898,0,0,0,
25.688695,-100.467983,0,0,0,
25.688695,-100.466986,0,0,0,
25.688695,-100.465989,0,0,0,
25.688695,-100.464992,0,0,0,
25.688695,-100.463995,0,0,0,19048_0232
25.688695,-100.462998,0,0,0,19048_0232
25.688695,-100.462001,0,0,0,19048_0232
25.688695,-100.461004,0,0,0,
25.688695,-100.460007,0,0,0,
25.688695,-100.45901,0,0,0,
25.688695,-100.458013,0,0,0,
25.688695,-100.457017,0,0,0,
25.688695,-100.45602,0,0,0,
25.688695,-100.455023,0,0,0,
25.688695,-100.454026,0,0,0,
25.688695,-100.453029,0,0,0,
25.688695,-100.452032,1,1,0,
25.688695,-100.451035,1,1,0,
25.688695,-100.450038,1,1,0,
25.688695,-100.44605,0,0,0,
25.688695,-100.445053,0,0,0,
25.688695,-100.444056,0,0,0,
25.688695,-100.44306,0,0,0,
25.688695,-100.442063,1,1,0,19048_0129
25.688695,-100.441066,1,1,0,19048_0129
25.688695,-100.440069,1,1,0,19048_0129
25.688695,-100.439072,1,1,0,19048_0129
25.688695,-100.438075,1,1,0,19048_0129
25.688695,-100.437078,1,1,0,19048_0129
25.688695,-100.436081,0,0,0,
25.688695,-100.435084,0,0,0,
25.688695,-100.434087,0,0,0,
25.688695,-100.43309,0,0,0,
25.688695,-100.432093,0,0,0,
25.688695,-100.431096,0,0,0,
25.688695,-100.430099,0,0,0,
25.688695,-100.429103,0,0,0,
25.688695,-100.428106,0,0,0,
25.688695,-100.427109,0,0,0,19048_0056
25.688695,-100.426112,0,0,0,19048_0056
25.688695,-100.425115,0,0,0,19048_0056
25.688695,-100.424118,0,0,0,19048_0151
25.688695,-100.423121,0,0,0,19048_0115
25.688695,-100.422124,0,0,0,19048_0115
25.688695,-100.421127,0,0,0,19048_0115
25.688695,-100.42013,0,0,0,19048_0115
25.688695,-100.419133,0,0,0,19048_0115
25.688695,-100.418136,0,0,0,19048_0014
25.688695,-100.417139,0,0,0,19048_0014
25.688695,-100.416142,0,0,0,
25.688695,-100.415145,0,0,0,
25.688695,-100.414149,0,0,0,
25.688695,-100.335391,0,0,0,
25.688695,-100.334394,0,0,0,
25.688695,-100.333397,0,0,0,
25.688695,-100.3324,0,0,0,
25.688695,-100.331403,0,0,0,
25.688695,-100.330406,0,0,0,
25.688695,-100.329409,0,0,0,
25.688695,-100.328413,0,0,0,19039_0345
25.688695,-100.327416,0,0,0,19039_0345
25.688695,-100.326419,0,0,0,19039_0345
25.688695,-100.325422,0,0,0,19039_0345
25.688695,-100.324425,0,0,0,19039_0345
25.688695,-100.323428,0,0,0,19039_0345
25.688695,-100.322431,1,1,0,19039_0345
25.688695,-100.321434,1,1,0,19039_0345
25.688695,-100.320437,0,0,0,19039_0345
25.688695,-100.31944,0,0,0,19039_0345
25.688695,-100.318443,0,0,0,19039_0345
25.688695,-100.317446,0,0,0,19039_0345
25.688695,-100.316449,0,0,0,
25.688695,-100.315452,0,0,0,
25.688695,-100.314455,0,0,0,
25.688695,-100.312462,1,1,0,
25.688695,-100.311465,1,1,0,
25.688695,-100.302492,1,1,0,
25.688695,-100.301495,1,1,0,
25.688695,-100.300498,1,1,0,
25.688695,-100.299502,1,1,0,
25.688695,-100.298505,1,1,0,
25.688695,-100.297508,1,1,0,
25.688695,-100.29352,1,1,0,
25.688695,-100.292523,1,1,0,
25.688695,-100.291526,1,1,0,
25.688695,-100.290529,2,2,0,
25.688695,-100.289532,1,1,0,
25.688695,-100.288535,1,1,0,
25.688695,-100.287538,1,1,0,
25.688695,-100.286541,0,0,0,
25.688695,-100.285545,1,1,0,
25.688695,-100.284548,0,0,0,
25.688695,-100.283551,0,0,0,
25.688695,-100.282554,0,0,0,
25.688695,-100.281557,0,0,0,
25.688695,-100.28056,0,0,0,
25.688695,-100.279563,0,0,0,
25.688695,-100.278566,0,0,0,
25.688695,-100.277569,0,0,0,
25.688695,-100.276572,0,0,0,
25.688695,-100.275575,0,0,0,
25.688695,-100.274578,0,0,0,
25.688695,-100.273581,0,0,0,
25.688695,-100.272584,0,0,0,
25.688695,-100.271587,0,0,0,
25.688695,-100.270591,0,0,0,
25.688695,-100.233704,0,0,0,
25.688695,-100.232707,0,0,0,
25.688695,-100.23171,0,0,0,
25.688695,-100.230713,0,0,0,
25.688695,-100.229716,0,0,0,19026_0183
25.688695,-100.228719,0,0,0,19026_0183
25.688695,-100.227723,0,0,0,19026_0461
25.688695,-100.226726,0,0,0,19026_0461
25.688695,-100.225729,0,0,0,19026_0461
25.688695,-100.224732,0,0,0,19026_0461
25.688695,-100.223735,0,0,0,19026_0461
25.688695,-100.222738,0,0,0,
25.688695,-100.221741,0,0,0,
25.688695,-100.220744,0,0,0,
25.688695,-100.219747,0,0,0,
25.688695,-100.21875,0,0,0,
25.688695,-100.217753,0,0,0,
25.688695,-100.208781,0,0,0,
25.688695,-100.207784,0,0,0,
25.688695,-100.206787,0,0,0,
25.688695,-100.20579,0,0,0,19026_0434
25.688695,-100.204793,0,0,0,19026_0434
25.688695,-100.203796,0,0,0,19026_0316
25.688695,-100.202799,0,0,0,19026_0434
25.688695,-100.201802,0,0,0,19026_0434
25.688695,-100.200805,0,0,0,
25.688695,-100.199808,0,0,0,
25.688695,-100.198812,0,0,0,
25.688695,-100.197815,0,0,0,
25.688695,-100.196818,0,0,0,
25.688695,-100.195821,0,0,0,
25.688695,-100.194824,0,0,0,
25.688695,-100.193827,0,0,0,
25.688695,-100.19283,0,0,0,
25.688695,-100.191833,0,0,0,
25.688695,-100.190836,0,0,0,
25.688695,-100.189839,0,0,0,
25.688695,-100.11806,1,1,0,
25.688695,-100.117063,1,1,0,
25.688695,-100.116066,1,1,0,
25.688695,-100.115069,1,1,0,
25.688695,-100.114072,1,1,0,
25.688695,-100.113076,1,1,0,
25.688695,-100.084165,1,1,0,
25.688695,-100.083168,3,3,0,
25.688695,-100.082171,3,3,0,
25.688695,-100.081174,3,3,0,
25.688695,-100.080177,3,3,0,
25.688695,-100.07918,3,3,0,
25.688695,-100.078183,2,2,0,
25.6896,-100.469977,0,0,0,
25.6896,-100.46898,0,0,0,
25.6896,-100.467983,0,0,0,
25.6896,-100.466986,0,0,0,
25.6896,-100.465989,0,0,0,
25.6896,-100.464992,0,0,0,19048_0232
25.6896,-100.463995,0,0,0,19048_0232
25.6896,-100.462998,0,0,0,19048_0232
25.6896,-100.462001,0,0,0,
25.6896,-100.461004,0,0,0,
25.6896,-100.460007,0,0,0,
25.6896,-100.45901,0,0,0,
25.6896,-100.458013,0,0,0,
25.6896,-100.457017,0,0,0,
25.6896,-100.45602,0,0,0,
25.6896,-100.453029,1,1,0,
25.6896,-100.452032,1,1,0,
25.6896,-100.451035,1,1,0,
25.6896,-100.450038,1,1,0,
25.6896,-100.449041,1,1,0,
25.6896,-100.445053,0,0,0,
25.6896,-100.444056,0,0,0,
25.6896,-100.44306,0,0,0,
25.6896,-100.442063,1,1,0,19048_0129
25.6896,-100.441066,1,1,0,19048_0129
25.6896,-100.440069,1,1,0,19048_0129
25.6896,-100.439072,1,1,0,19048_0129
25.6896,-100.438075,1,1,0,19048_0129
25.6896,-100.437078,1,1,0,
25.6896,-100.436081,0,0,0,
25.6896,-100.435084,0,0,0,
25.6896,-100.434087,0,0,0,
25.6896,-100.43309,0,0,0,
25.6896,-100.431096,0,0,0,
25.6896,-100.430099,0,0,0,
25.6896,-100.429103,0,0,0,
25.6896,-100.428106,0,0,0,19048_0056
25.6896,-100.427109,0,0,0,19048_0056
25.6896,-100.426112,0,0,0,19048_0056
25.6896,-100.425115,0,0,0,19048_0056
25.6896,-100.424118,0,0,0,19048_0151
25.6896,-100.423121,0,0,0,19048_0115
25.6896,-100.422124,0,0,0,19048_0115
25.6896,-100.421127,0,0,0,19048_0115
25.6896,-100.42013,0,0,0,19048_0115
25.6896,-100.419133,0,0,0,19048_0115
25.6896,-100.418136,0,0,0,19048_0014
25.6896,-100.417139,0,0,0,19048_0014
25.6896,-100.416142,0,0,0,
25.6896,-100.415145,0,0,0,
25.6896,-100.414149,0,0,0,
25.6896,-100.335391,0,0,0,
25.6896,-100.334394,0,0,0,
25.6896,-100.333397,0,0,0,
25.6896,-100.3324,0,0,0,
25.6896,-100.331403,0,0,0,
25.6896,-100.330406,0,0,0,
25.6896,-100.329409,0,0,0,19039_0345
25.6896,-100.328413,0,0,0,19039_0345
25.6896,-100.327416,0,0,0,19039_0345
25.6896,-100.326419,1,1,0,19039_0345
25.6896,-100.325422,1,1,0,19039_0345
25.6896,-100.324425,1,1,0,19039_0345
25.6896,-100.323428,2,2,0,19039_0345
25.6896,-100.322431,1,1,0,19039_0345
25.6896,-100.321434,1,1,0,19039_0345
25.6896,-100.320437,1,1,0,19039_0345
25.6896,-100.31944,1,1,0,19039_0345
25.6896,-100.318443,0,0,0,19039_0345
25.6896,-100.317446,0,0,0,19039_0345
25.6896,-100.316449,0,0,0,
25.6896,-100.315452,0,0,0,
25.6896,-100.314455,0,0,0,
25.6896,-100.302492,1,1,0,
25.6896,-100.301495,1,1,0,
25.6896,-100.300498,1,1,0,
25.6896,-100.299502,1,1,0,
25.6896,-100.298505,1,1,0,
25.6896,-100.297508,1,1,0,
25.6896,-100.289532,0,0,0,
25.6896,-100.288535,0,0,0,
25.6896,-100.287538,0,0,0,
25.6896,-100.286541,0,0,0,19039_0061
25.6896,-100.285545,0,0,0,19039_0061
25.6896,-100.284548,0,0,0,19039_0061
25.6896,-100.283551,0,0,0,19039_0061
25.6896,-100.282554,0,0,0,19039_0061
25.6896,-100.281557,0,0,0,
25.6896,-100.28056,0,0,0,
25.6896,-100.279563,0,0,0,
25.6896,-100.278566,0,0,0,
25.6896,-100.277569,0,0,0,19039_0784
25.6896,-100.276572,0,0,0,19039_0784
25.6896,-100.275575,0,0,0,19039_0784
25.6896,-100.274578,0,0,0,19039_0784
25.6896,-100.273581,0,0,0,19039_0784
25.6896,-100.272584,0,0,0,
25.6896,-100.271587,0,0,0,
25.6896,-100.270591,0,0,0,
25.6896,-100.269594,0,0,0,
25.6896,-100.268597,0,0,0,
25.6896,-100.2676,0,0,0,
25.6896,-100.266603,0,0,0,
25.6896,-100.232707,0,0,0,
25.6896,-100.23171,0,0,0,
25.6896,-100.230713,0,0,0,
25.6896,-100.229716,0,0,0,19026_0461
25.6896,-100.228719,0,0,0,19026_0461
25.6896,-100.227723,0,0,0,19026_0461
25.6896,-100.226726,0,0,0,19026_0461
25.6896,-100.225729,0,0,0,19026_0461
25.6896,-100.224732,0,0,0,
25.6896,-100.223735,0,0,0,
25.6896,-100.222738,0,0,0,
25.6896,-100.221741,0,0,0,
25.6896,-100.220744,0,0,0,
25.6896,-100.219747,0,0,0,
25.6896,-100.21875,0,0,0,
25.6896,-100.209778,0,0,0,
25.6896,-100.208781,0,0,0,
25.6896,-100.207784,0,0,0,
25.6896,-100.206787,0,0,0,19026_0434
25.6896,-100.20579,0,0,0,19026_0434
25.6896,-100.204793,0,0,0,19026_0316
25.6896,-100.203796,0,0,0,19026_0316
25.6896,-100.202799,0,0,0,19026_0316
25.6896,-100.201802,0,0,0,
25.6896,-100.200805,0,0,0,
25.6896,-100.199808,0,0,0,
25.6896,-100.198812,0,0,0,
25.6896,-100.197815,0,0,0,
25.6896,-100.196818,0,0,0,
25.6896,-100.195821,0,0,0,
25.6896,-100.194824,0,0,0,
25.6896,-100.193827,0,0,0,
25.6896,-100.19283,0,0,0,
25.6896,-100.191833,0,0,0,
25.6896,-100.190836,0,0,0,
25.6896,-100.189839,0,0,0,
25.6896,-100.188842,0,0,0,
25.6896,-100.11806,1,1,0,
25.6896,-100.117063,1,1,0,
25.6896,-100.116066,1,1,0,
25.6896,-100.115069,1,1,0,
25.6896,-100.114072,1,1,0,
25.6896,-100.113076,1,1,0,
25.6896,-100.083168,2,2,0,
25.6896,-100.082171,3,3,0,
25.6896,-100.081174,3,3,0,
25.6896,-100.080177,3,3,0,
25.6896,-100.07918,3,3,0,
25.6896,-100.078183,2,2,0,
25.690504,-100.469977,0,0,0,
25.690504,-100.46898,0,0,0,
25.690504,-100.467983,0,0,0,
25.690504,-100.466986,0,0,0,
25.690504,-100.465989,0,0,0,19048_0232
25.690504,-100.464992,0,0,0,19048_0232
25.690504,-100.463995,0,0,0,
25.690504,-100.462998,0,0,0,
25.690504,-100.462001,0,0,0,
25.690504,-100.461004,0,0,0,
25.690504,-100.460007,0,0,0,
25.690504,-100.45901,1,1,0,
25.690504,-100.458013,1,1,0,
25.690504,-100.457017,1,1,0,
25.690504,-100.45602,0,0,0,
25.690504,-100.455023,0,0,0,
25.690504,-100.453029,1,1,0,
25.690504,-100.452032,1,1,0,
25.690504,-100.451035,1,1,0,
25.690504,-100.450038,1,1,0,
25.690504,-100.449041,1,1,0,
25.690504,-100.448044,1,1,0,
25.690504,-100.445053,0,0,0,
25.690504,-100.444056,0,0,0,
25.690504,-100.44306,0,0,0,
25.690504,-100.442063,0,0,0,
25.690504,-100.441066,1,1,0,19048_0129
25.690504,-100.440069,1,1,0,19048_0129
25.690504,-100.439072,1,1,0,
25.690504,-100.438075,1,1,0,19048_0129
25.690504,-100.437078,0,0,0,
25.690504,-100.436081,0,0,0,
25.690504,-100.435084,0,0,0,
25.690504,-100.431096,0,0,0,
25.690504,-100.430099,0,0,0,
25.690504,-100.429103,0,0,0,
25.690504,-100.428106,0,0,0,19048_0056
25.690504,-100.427109,0,0,0,19048_0056
25.690504,-100.426112,0,0,0,19048_0056
25.690504,-100.425115,0,0,0,19048_0032
25.690504,-100.424118,0,0,0,19048_0032
25.690504,-100.423121,0,0,0,19048_0115
25.690504,-100.422124,0,0,0,19048_0115
25.690504,-100.421127,0,0,0,19048_0115
25.690504,-100.42013,0,0,0,19048_0115
25.690504,-100.419133,0,0,0,19048_0115
25.690504,-100.418136,0,0,0,
25.690504,-100.417139,0,0,0,19048_0014
25.690504,-100.416142,0,0,0,
25.690504,-100.415145,0,0,0,
25.690504,-100.414149,0,0,0,
25.690504,-100.413152,0,0,0,
25.690504,-100.335391,0,0,0,
25.690504,-100.334394,0,0,0,
25.690504,-100.333397,0,0,0,
25.690504,-100.3324,0,0,0,19039_0002
25.690504,-100.331403,0,0,0,19039_0002
25.690504,-100.330406,0,0,0,19039_0002
25.690504,-100.329409,0,0,0,19039_0345
25.690504,-100.328413,0,0,0,19039_0345
25.690504,-100.327416,1,1,0,19039_0345
25.690504,-100.326419,1,1,0,19039_0345
25.690504,-100.325422,1,1,0,19039_0345
25.690504,-100.324425,2,2,0,19039_0345
25.690504,-100.323428,2,2,0,19039_0345
25.690504,-100.322431,1,1,0,19039_0345
25.690504,-100.321434,1,1,0,19039_0345
25.690504,-100.320437,1,1,0,19039_0345
25.690504,-100.31944,1,1,0,19039_0345
25.690504,-100.318443,0,0,0,19039_0345
25.690504,-100.317446,0,0,0,19039_0345
25.690504,-100.316449,0,0,0,
25.690504,-100.315452,0,0,0,
25.690504,-100.314455,0,0,0,
25.690504,-100.302492,1,1,0,
25.690504,-100.301495,1,1,0,
25.690504,-100.300498,1,1,0,
25.690504,-100.299502,1,1,0,
25.690504,-100.298505,1,1,0,
25.690504,-100.289532,0,0,0,
25.690504,-100.288535,0,0,0,
25.690504,-100.287538,0,0,0,
25.690504,-100.286541,0,0,0,19039_0061
25.690504,-100.285545,0,0,0,19039_0061
25.690504,-100.284548,0,0,0,19039_0061
25.690504,-100.283551,0,0,0,19039_0061
25.690504,-100.282554,0,0,0,19039_0061
25.690504,-100.281557,0,0,0,
25.690504,-100.28056,0,0,0,
25.690504,-100.279563,0,0,0,
25.690504,-100.278566,1,1,0,
25.690504,-100.277569,1,1,0,19039_0784
25.690504,-100.276572,0,0,0,19039_0784
25.690504,-100.275575,0,0,0,19039_0784
25.690504,-100.274578,0,0,0,19039_0784
25.690504,-100.273581,0,0,0,19039_0784
25.690504,-100.272584,0,0,0,
25.690504,-100.271587,0,0,0,
25.690504,-100.270591,0,0,0,
25.690504,-100.269594,0,0,0,
25.690504,-100.268597,0,0,0,
25.690504,-100.2676,0,0,0,
25.690504,-100.266603,0,0,0,
25.690504,-100.265606,0,0,0,
25.690504,-100.232707,0,0,0,
25.690504,-100.23171,0,0,0,
25.690504,-100.230713,0,0,0,
25.690504,-100.229716,0,0,0,19026_0461
25.690504,-100.228719,0,0,0,19026_0461
25.690504,-100.227723,0,0,0,19026_0461
25.690504,-100.226726,0,0,0,19026_0461
25.690504,-100.225729,0,0,0,19026_0461
25.690504,-100.224732,0,0,0,
25.690504,-100.223735,0,0,0,
25.690504,-100.222738,0,0,0,
25.690504,-100.221741,0,0,0,
25.690504,-100.220744,0,0,0,
25.690504,-100.219747,0,0,0,
25.690504,-100.21875,0,0,0,
25.690504,-100.210775,0,0,0,
25.690504,-100.209778,0,0,0,
25.690504,-100.208781,0,0,0,
25.690504,-100.207784,0,0,0,
25.690504,-100.206787,0,0,0,
25.690504,-100.20579,0,0,0,19026_0316
25.690504,-100.204793,0,0,0,19026_0316
25.690504,-100.203796,0,0,0,19026_0316
25.690504,-100.202799,0,0,0,19026_0316
25.690504,-100.201802,0,0,0,19026_0316
25.690504,-100.200805,0,0,0,
25.690504,-100.199808,0,0,0,
25.690504,-100.198812,0,0,0,
25.690504,-100.197815,0,0,0,
25.690504,-100.196818,0,0,0,
25.690504,-100.195821,0,0,0,
25.690504,-100.194824,0,0,0,
25.690504,-100.193827,0,0,0,
25.690504,-100.19283,0,0,0,
25.690504,-100.191833,0,0,0,
25.690504,-100.190836,0,0,0,
25.690504,-100.189839,0,0,0,
25.690504,-100.188842,0,0,0,
25.690504,-100.187845,0,0,0,
25.690504,-100.117063,1,1,0,
25.690504,-100.116066,1,1,0,
25.690504,-100.115069,1,1,0,
25.690504,-100.114072,1,1,0,
25.690504,-100.083168,1,1,0,
25.690504,-100.082171,3,3,0,
25.690504,-100.081174,3,3,0,
25.690504,-100.080177,3,3,0,
25.690504,-100.07918,2,2,0,
25.690504,-100.078183,2,2,0,
25.691408,-100.4949,1,1,0,
25.691408,-100.493903,1,1,0,
25.691408,-100.492906,1,1,0,
25.691408,-100.470974,0,0,0,
25.691408,-100.469977,0,0,0,
25.691408,-100.46898,0,0,0,
25.691408,-100.467983,0,0,0,
25.691408,-100.466986,0,0,0,19048_0232
25.691408,-100.465989,0,0,0,19048_0232
25.691408,-100.464992,0,0,0,
25.691408,-100.463995,0,0,0,
25.691408,-100.462998,0,0,0,
25.691408,-100.462001,0,0,0,
25.691408,-100.461004,0,0,0,
25.691408,-100.460007,1,1,0,
25.691408,-100.45901,1,1,0,
25.691408,-100.458013,1,1,0,
25.691408,-100.457017,1,1,0,
25.691408,-100.45602,1,1,0,
25.691408,-100.455023,0,0,0,
25.691408,-100.454026,0,0,0,
25.691408,-100.453029,1,1,0,
25.691408,-100.452032,1,1,0,
25.691408,-100.451035,1,1,0,
25.691408,-100.450038,1,1,0,
25.691408,-100.449041,1,1,0,
25.691408,-100.448044,1,1,0,
25.691408,-100.444056,0,0,0,
25.691408,-100.44306,0,0,0,
25.691408,-100.442063,0,0,0,
25.691408,-100.441066,0,0,0,
25.691408,-100.440069,0,0,0,
25.691408,-100.439072,0,0,0,
25.691408,-100.438075,0,0,0,
25.691408,-100.437078,0,0,0,
25.691408,-100.436081,0,0,0,
25.691408,-100.435084,0,0,0,
25.691408,-100.431096,0,0,0,
25.691408,-100.430099,0,0,0,
25.691408,-100.429103,0,0,0,
25.691408,-100.428106,0,0,0,
25.691408,-100.427109,0,0,0,19048_0032
25.691408,-100.426112,0,0,0,19048_0032
25.691408,-100.425115,0,0,0,19048_0032
25.691408,-100.424118,0,0,0,19048_0032
25.691408,-100.423121,0,0,0,19048_0151
25.691408,-100.422124,0,0,0,19048_0115
25.691408,-100.421127,0,0,0,19048_0115
25.691408,-100.42013,0,0,0,19048_0115
25.691408,-100.419133,0,0,0,
25.691408,-100.418136,0,0,0,19048_0014
25.691408,-100.417139,0,0,0,19048_0014
25.691408,-100.416142,0,0,0,19048_0014
25.691408,-100.415145,0,0,0,
25.691408,-100.414149,0,0,0,
25.691408,-100.413152,0,0,0,
25.691408,-100.382247,1,1,0,
25.691408,-100.38125,1,1,0,
25.691408,-100.348351,1,1,0,
25.691408,-100.347354,1,1,0,
25.691408,-100.346357,1,1,0,
25.691408,-100.34536,1,1,0,
25.691408,-100.335391,0,0,0,
25.691408,-100.334394,0,0,0,
25.691408,-100.333397,0,0,0,
25.691408,-100.3324,0,0,0,19039_0002
25.691408,-100.331403,0,0,0,19039_0002
25.691408,-100.330406,0,0,0,19039_0002
25.691408,-100.329409,0,0,0,19039_0345
25.691408,-100.328413,0,0,0,19039_0345
25.691408,-100.327416,1,1,0,19039_0345
25.691408,-100.326419,1,1,0,19039_0345
25.691408,-100.325422,1,1,0,19039_0345
25.691408,-100.324425,2,2,0,19039_0345
25.691408,-100.323428,2,2,0,19039_0345
25.691408,-100.322431,2,2,0,19039_0345
25.691408,-100.321434,1,1,0,19039_0345
25.691408,-100.320437,1,1,0,19039_0345
25.691408,-100.31944,1,1,0,19039_0345
25.691408,-100.318443,0,0,0,19039_0345
25.691408,-100.317446,0,0,0,19039_0345
25.691408,-100.316449,0,0,0,
25.691408,-100.315452,0,0,0,
25.691408,-100.314455,1,1,0,
25.691408,-100.313459,1,1,0,
25.691408,-100.312462,1,1,0,
25.691408,-100.301495,1,1,0,
25.691408,-100.300498,1,1,0,
25.691408,-100.299502,1,1,0,
25.691408,-100.298505,1,1,0,
25.691408,-100.289532,0,0,0,
25.691408,-100.288535,0,0,0,
25.691408,-100.287538,0,0,0,
25.691408,-100.286541,0,0,0,19039_0061
25.691408,-100.285545,0,0,0,19039_0061
25.691408,-100.284548,0,0,0,19039_0061
25.691408,-100.283551,0,0,0,19039_0061
25.691408,-100.282554,0,0,0,19039_0061
25.691408,-100.281557,0,0,0,
25.691408,-100.28056,0,0,0,
25.691408,-100.279563,1,1,0,
25.691408,-100.278566,1,1,0,
25.691408,-100.277569,1,1,0,19039_0784
25.691408,-100.276572,1,1,0,19039_0784
25.691408,-100.275575,1,1,0,19039_0784
25.691408,-100.274578,0,0,0,19039_0784
25.691408,-100.273581,0,0,0,19039_0784
25.691408,-100.272584,0,0,0,
25.691408,-100.271587,0,0,0,
25.691408,-100.270591,0,0,0,
25.691408,-100.269594,0,0,0,
25.691408,-100.268597,0,0,0,
25.691408,-100.2676,0,0,0,
25.691408,-100.266603,0,0,0,
25.691408,-100.265606,0,0,0,
25.691408,-100.23171,0,0,0,
25.691408,-100.230713,0,0,0,
25.691408,-100.229716,0,0,0,
25.691408,-100.228719,0,0,0,19026_0461
25.691408,-100.227723,0,0,0,19026_0461
25.691408,-100.226726,0,0,0,19026_0461
25.691408,-100.225729,0,0,0,19026_0461
25.691408,-100.224732,0,0,0,19026_0461
25.691408,-100.223735,0,0,0,19026_0461
25.691408,-100.222738,0,0,0,19026_0461
25.691408,-100.221741,0,0,0,
25.691408,-100.220744,0,0,0,
25.691408,-100.219747,0,0,0,
25.691408,-100.211772,0,0,0,
25.691408,-100.210775,0,0,0,
25.691408,-100.209778,0,0,0,
25.691408,-100.208781,0,0,0,
25.691408,-100.207784,0,0,0,
25.691408,-100.206787,0,0,0,19026_0316
25.691408,-100.20579,0,0,0,19026_0316
25.691408,-100.204793,0,0,0,19026_0316
25.691408,-100.203796,0,0,0,19026_0316
25.691408,-100.202799,0,0,0,19026_0316
25.691408,-100.201802,0,0,0,19026_0316
25.691408,-100.200805,0,0,0,19026_0381
25.691408,-100.199808,0,0,0,19026_0381
25.691408,-100.198812,0,0,0,19026_0381
25.691408,-100.197815,0,0,0,19026_0381
25.691408,-100.196818,0,0,0,19026_0381
25.691408,-100.195821,0,0,0,19026_0381
25.691408,-100.194824,0,0,0,19026_0381
25.691408,-100.193827,0,0,0,19026_0381
25.691408,-100.19283,0,0,0,19026_0381
25.691408,-100.191833,0,0,0,19026_0381
25.691408,-100.190836,0,0,0,19026_0381
25.691408,-100.189839,0,0,0,
25.691408,-100.188842,0,0,0,
25.691408,-100.187845,0,0,0,
25.691408,-100.082171,1,1,0,
25.691408,-100.081174,1,1,0,
25.691408,-100.080177,2,2,0,
25.691408,-100.07918,1,1,0,
25.691408,-100.078183,1,1,0,
25.692313,-100.495897,1,1,0,
25.692313,-100.4949,1,1,0,
25.692313,-100.493903,1,1,0,
25.692313,-100.492906,1,1,0,
25.692313,-100.491909,1,1,0,
25.692313,-100.471971,0,0,0,
25.692313,-100.470974,0,0,0,
25.692313,-100.469977,0,0,0,
25.692313,-100.46898,0,0,0,
25.692313,-100.467983,0,0,0,19048_0232
25.692313,-100.466986,0,0,0,19048_0232
25.692313,-100.465989,0,0,0,
25.692313,-100.464992,0,0,0,
25.692313,-100.463995,0,0,0,
25.692313,-100.462998,0,0,0,
25.692313,-100.462001,0,0,0,
25.692313,-100.461004,1,1,0,
25.692313,-100.460007,1,1,0,
25.692313,-100.45901,1,1,0,
25.692313,-100.458013,1,1,0,
25.692313,-100.457017,1,1,0,19048_0120
25.692313,-100.45602,1,1,0,
25.692313,-100.455023,0,0,0,
25.692313,-100.454026,0,0,0,
25.692313,-100.453029,1,1,0,
25.692313,-100.452032,1,1,0,
25.692313,-100.451035,1,1,0,
25.692313,-100.450038,1,1,0,
25.692313,-100.449041,1,1,0,
25.692313,-100.444056,0,0,0,
25.692313,-100.44306,0,0,0,
25.692313,-100.442063,0,0,0,
25.692313,-100.441066,0,0,0,
25.692313,-100.440069,0,0,0,
25.692313,-100.439072,0,0,0,
25.692313,-100.438075,0,0,0,
25.692313,-100.437078,0,0,0,
25.692313,-100.436081,0,0,0,
25.692313,-100.435084,0,0,0,
25.692313,-100.430099,0,0,0,
25.692313,-100.429103,0,0,0,
25.692313,-100.428106,0,0,0,
25.692313,-100.427109,0,0,0,19048_0032
25.692313,-100.426112,0,0,0,19048_0032
25.692313,-100.425115,0,0,0,19048_0032
25.692313,-100.424118,0,0,0,19048_0033
25.692313,-100.423121,0,0,0,19048_0151
25.692313,-100.422124,0,0,0,19048_0151
25.692313,-100.421127,0,0,0,
25.692313,-100.42013,0,0,0,
25.692313,-100.419133,0,0,0,
25.692313,-100.418136,0,0,0,19048_0014
25.692313,-100.417139,0,0,0,19048_0014
25.692313,-100.416142,0,0,0,
25.692313,-100.415145,0,0,0,
25.692313,-100.414149,0,0,0,
25.692313,-100.384241,1,1,0,
25.692313,-100.383244,1,1,0,
25.692313,-100.382247,1,1,0,
25.692313,-100.38125,1,1,0,
25.692313,-100.380253,1,1,0,
25.692313,-100.350345,1,1,0,
25.692313,-100.349348,1,1,0,
25.692313,-100.348351,2,2,0,
25.692313,-100.347354,2,2,0,
25.692313,-100.346357,1,1,0,
25.692313,-100.34536,1,1,0,
25.692313,-100.344363,1,1,0,
25.692313,-100.335391,0,0,0,
25.692313,-100.334394,0,0,0,
25.692313,-100.333397,0,0,0,
25.692313,-100.3324,0,0,0,19039_0002
25.692313,-100.331403,0,0,0,19039_0002
25.692313,-100.330406,0,0,0,19039_0002
25.692313,-100.329409,0,0,0,19039_0345
25.692313,-100.328413,0,0,0,19039_0345
25.692313,-100.327416,1,1,0,19039_0345
25.692313,-100.326419,1,1,0,19039_0345
25.692313,-100.325422,1,1,0,19039_0345
25.692313,-100.324425,1,1,0,19039_0345
25.692313,-100.323428,2,2,0,19039_0345
25.692313,-100.322431,2,2,0,19039_0345
25.692313,-100.321434,1,1,0,19039_0345
25.692313,-100.320437,1,1,0,19039_0345
25.692313,-100.31944,1,1,0,19039_0345
25.692313,-100.318443,0,0,0,19039_0345
25.692313,-100.317446,0,0,0,19039_0345
25.692313,-100.316449,0,0,0,
25.692313,-100.315452,1,1,0,
25.692313,-100.314455,1,1,0,
25.692313,-100.313459,1,1,0,
25.692313,-100.312462,1,1,0,
25.692313,-100.311465,1,1,0,
25.692313,-100.289532,0,0,0,
25.692313,-100.288535,0,0,0,
25.692313,-100.287538,0,0,0,
25.692313,-100.286541,0,0,0,19039_0061
25.692313,-100.285545,0,0,0,19039_0061
25.692313,-100.284548,0,0,0,19039_0061
25.692313,-100.283551,0,0,0,19039_0061
25.692313,-100.282554,0,0,0,19039_0061
25.692313,-100.281557,0,0,0,
25.692313,-100.28056,1,1,0,
25.692313,-100.279563,1,1,0,
25.692313,-100.278566,1,1,0,
25.692313,-100.277569,1,1,0,19039_0784
25.692313,-100.276572,1,1,0,19039_0784
25.692313,-100.275575,1,1,0,19039_0784
25.692313,-100.274578,0,0,0,19039_0784
25.692313,-100.273581,0,0,0,19039_0784
25.692313,-100.272584,0,0,0,19039_0784
25.692313,-100.271587,0,0,0,19039_0784
25.692313,-100.270591,0,0,0,19039_0784
25.692313,-100.269594,0,0,0,19039_0784
25.692313,-100.268597,0,0,0,19039_0784
25.692313,-100.2676,0,0,0,
25.692313,-100.266603,0,0,0,
25.692313,-100.265606,0,0,0,
25.692313,-100.23171,0,0,0,
25.692313,-100.230713,0,0,0,
25.692313,-100.229716,0,0,0,
25.692313,-100.228719,0,0,0,19026_0461
25.692313,-100.227723,0,0,0,19026_0461
25.692313,-100.226726,0,0,0,19026_0461
25.692313,-100.225729,0,0,0,19026_0461
25.692313,-100.224732,0,0,0,19026_0461
25.692313,-100.223735,0,0,0,19026_0461
25.692313,-100.222738,0,0,0,
25.692313,-100.221741,0,0,0,
25.692313,-100.220744,0,0,0,
25.692313,-100.219747,0,0,0,
25.692313,-100.216756,1,1,0,
25.692313,-100.215759,1,1,0,
25.692313,-100.212769,0,0,0,
25.692313,-100.211772,0,0,0,
25.692313,-100.210775,0,0,0,
25.692313,-100.209778,0,0,0,
25.692313,-100.208781,0,0,0,
25.692313,-100.207784,0,0,0,19026_0316
25.692313,-100.206787,0,0,0,19026_0316
25.692313,-100.20579,0,0,0,19026_0316
25.692313,-100.204793,0,0,0,19026_0316
25.692313,-100.203796,0,0,0,19026_0316
25.692313,-100.202799,1,1,0,19026_0316
25.692313,-100.201802,1,1,0,19026_0316
25.692313,-100.200805,0,0,0,19026_0381
25.692313,-100.199808,0,0,0,19026_0381
25.692313,-100.198812,0,0,0,19026_0381
25.692313,-100.197815,0,0,0,19026_0381
25.692313,-100.196818,0,0,0,19026_0381
25.692313,-100.195821,0,0,0,19026_0381
25.692313,-100.194824,0,0,0,19026_0381
25.692313,-100.193827,0,0,0,19026_0381
25.692313,-100.19283,0,0,0,19026_0381
25.692313,-100.191833,0,0,0,19026_0381
25.692313,-100.190836,0,0,0,19026_0381
25.692313,-100.189839,0,0,0,
25.692313,-100.188842,0,0,0,
25.692313,-100.187845,0,0,0,
25.692313,-100.081174,1,1,0,
25.692313,-100.080177,1,1,0,
25.693217,-100.495897,1,1,0,
25.693217,-100.4949,1,1,0,
25.693217,-100.493903,1,1,0,
25.693217,-100.492906,1,1,0,
25.693217,-100.491909,1,1,0,
25.693217,-100.490912,1,1,0,
25.693217,-100.471971,0,0,0,
25.693217,-100.470974,0,0,0,
25.693217,-100.469977,0,0,0,
25.693217,-100.46898,0,0,0,19048_0232
25.693217,-100.467983,0,0,0,19048_0232
25.693217,-100.466986,0,0,0,
25.693217,-100.465989,0,0,0,
25.693217,-100.464992,0,0,0,
25.693217,-100.463995,0,0,0,
25.693217,-100.462998,0,0,0,
25.693217,-100.462001,0,0,0,
25.693217,-100.461004,1,1,0,
25.693217,-100.460007,1,1,0,
25.693217,-100.45901,1,1,0,19048_0120
25.693217,-100.458013,1,1,0,19048_0120
25.693217,-100.457017,1,1,0,19048_0120
25.693217,-100.45602,1,1,0,
25.693217,-100.455023,0,0,0,
25.693217,-100.454026,0,0,0,
25.693217,-100.453029,0,0,0,
25.693217,-100.452032,1,1,0,
25.693217,-100.451035,1,1,0,
25.693217,-100.450038,1,1,0,
25.693217,-100.449041,1,1,0,
25.693217,-100.44306,0,0,0,
25.693217,-100.442063,0,0,0,
25.693217,-100.441066,0,0,0,
25.693217,-100.440069,0,0,0,
25.693217,-100.439072,0,0,0,
25.693217,-100.438075,0,0,0,
25.693217,-100.437078,0,0,0,
25.693217,-100.436081,0,0,0,
25.693217,-100.430099,0,0,0,
25.693217,-100.429103,0,0,0,
25.693217,-100.428106,0,0,0,
25.693217,-100.427109,0,0,0,
25.693217,-100.426112,0,0,0,19048_0033
25.693217,-100.425115,0,0,0,19048_0033
25.693217,-100.424118,0,0,0,19048_0033
25.693217,-100.423121,0,0,0,19048_0033
25.693217,-100.422124,0,0,0,19048_0151
25.693217,-100.421127,0,0,0,
25.693217,-100.42013,0,0,0,
25.693217,-100.419133,0,0,0,
25.693217,-100.418136,0,0,0,
25.693217,-100.417139,0,0,0,19048_0014
25.693217,-100.416142,0,0,0,
25.693217,-100.415145,0,0,0,
25.693217,-100.414149,0,0,0,
25.693217,-100.384241,1,1,0,
25.693217,-100.383244,1,1,0,
25.693217,-100.382247,1,1,0,
25.693217,-100.38125,1,1,0,
25.693217,-100.380253,1,1,0,
25.693217,-100.379256,1,1,0,
25.693217,-100.351342,1,1,0,
25.693217,-100.350345,1,1,0,
25.693217,-100.349348,2,2,0,
25.693217,-100.348351,2,2,0,
25.693217,-100.347354,2,2,0,
25.693217,-100.346357,2,2,0,
25.693217,-100.34536,1,1,0,
25.693217,-100.344363,1,1,0,
25.693217,-100.334394,0,0,0,
25.693217,-100.333397,0,0,0,
25.693217,-100.3324,0,0,0,
25.693217,-100.331403,0,0,0,19039_0002
25.693217,-100.330406,0,0,0,19039_0002
25.693217,-100.329409,0,0,0,19039_0345
25.693217,-100.328413,0,0,0,19039_0345
25.693217,-100.327416,1,1,0,19039_0345
25.693217,-100.326419,1,1,0,19039_0345
25.693217,-100.325422,1,1,0,19039_0345
25.693217,-100.324425,1,1,0,19039_0345
25.693217,-100.323428,2,2,0,19039_0345
25.693217,-100.322431,1,1,0,19039_0345
25.693217,-100.321434,1,1,0,19039_0345
25.693217,-100.320437,1,1,0,19039_0345
25.693217,-100.31944,0,0,0,19039_0345
25.693217,-100.318443,0,0,0,19039_0345
25.693217,-100.317446,0,0,0,19039_0085
25.693217,-100.316449,0,0,0,
25.693217,-100.315452,1,1,0,
25.693217,-100.314455,1,1,0,
25.693217,-100.313459,1,1,0,
25.693217,-100.312462,1,1,0,
25.693217,-100.311465,1,1,0,
25.693217,-100.310468,1,1,0,
25.693217,-100.289532,0,0,0,
25.693217,-100.288535,0,0,0,
25.693217,-100.287538,0,0,0,
25.693217,-100.286541,0,0,0,
25.693217,-100.285545,0,0,0,
25.693217,-100.284548,0,0,0,
25.693217,-100.283551,0,0,0,19039_0061
25.693217,-100.282554,0,0,0,19039_0061
25.693217,-100.281557,0,0,0,
25.693217,-100.28056,1,1,0,
25.693217,-100.279563,1,1,0,
25.693217,-100.278566,1,1,0,
25.693217,-100.277569,1,1,0,19039_0784
25.693217,-100.276572,1,1,0,19039_0784
25.693217,-100.275575,1,1,0,19039_0784
25.693217,-100.274578,0,0,0,19039_0784
25.693217,-100.273581,0,0,0,19039_0784
25.693217,-100.272584,0,0,0,19039_0784
25.693217,-100.271587,0,0,0,19039_0784
25.693217,-100.270591,0,0,0,19039_0784
25.693217,-100.269594,0,0,0,19039_0784
25.693217,-100.268597,0,0,0,19039_0784
25.693217,-100.2676,0,0,0,
25.693217,-100.266603,0,0,0,
25.693217,-100.265606,0,0,0,
25.693217,-100.255637,1,1,0,
25.693217,-100.25464,1,1,0,
25.693217,-100.253643,1,1,0,
25.693217,-100.252646,1,1,0,
25.693217,-100.23171,0,0,0,
25.693217,-100.230713,0,0,0,
25.693217,-100.229716,0,0,0,
25.693217,-100.228719,0,0,0,
25.693217,-100.227723,0,0,0,
25.693217,-100.226726,0,0,0,19026_0461
25.693217,-100.225729,0,0,0,19026_0461
25.693217,-100.224732,0,0,0,19026_0461
25.693217,-100.223735,0,0,0,
25.693217,-100.222738,0,0,0,
25.693217,-100.221741,0,0,0,
25.693217,-100.220744,0,0,0,
25.693217,-100.217753,1,1,0,
25.693217,-100.216756,1,1,0,
25.693217,-100.215759,2,2,0,
25.693217,-100.214762,2,2,0,
25.693217,-100.213766,1,1,0,
25.693217,-100.212769,1,1,0,
25.693217,-100.211772,1,1,0,
25.693217,-100.210775,0,0,0,
25.693217,-100.209778,0,0,0,19026_0316
25.693217,-100.208781,0,0,0,19026_0316
25.693217,-100.207784,0,0,0,19026_0316
25.693217,-100.206787,0,0,0,19026_0316
25.693217,-100.20579,0,0,0,19026_0316
25.693217,-100.204793,1,1,0,19026_0316
25.693217,-100.203796,1,1,0,19026_0316
25.693217,-100.202799,1,1,0,19026_0316
25.693217,-100.201802,1,1,0,19026_0316
25.693217,-100.200805,1,1,0,19026_0381
25.693217,-100.199808,0,0,0,19026_0381
25.693217,-100.198812,0,0,0,19026_0381
25.693217,-100.197815,0,0,0,19026_0381
25.693217,-100.196818,0,0,0,19026_0381
25.693217,-100.195821,0,0,0,19026_0381
25.693217,-100.194824,0,0,0,19026_0381
25.693217,-100.193827,0,0,0,19026_0381
25.693217,-100.19283,0,0,0,19026_0381
25.693217,-100.191833,0,0,0,19026_0381
25.693217,-100.190836,0,0,0,19026_0381
25.693217,-100.189839,0,0,0,
25.693217,-100.188842,0,0,0,
25.693217,-100.187845,0,0,0,
25.694122,-100.495897,1,1,0,
25.694122,-100.4949,1,1,0,
25.694122,-100.493903,1,1,0,
25.694122,-100.492906,1,1,0,
25.694122,-100.491909,1,1,0,
25.694122,-100.490912,1,1,0,
25.694122,-100.471971,0,0,0,
25.694122,-100.470974,0,0,0,
25.694122,-100.469977,0,0,0,
25.694122,-100.46898,0,0,0,19048_0232
25.694122,-100.467983,0,0,0,
25.694122,-100.466986,0,0,0,
25.694122,-100.465989,0,0,0,
25.694122,-100.464992,0,0,0,
25.694122,-100.463995,0,0,0,
25.694122,-100.462998,0,0,0,
25.694122,-100.462001,0,0,0,19048_0220
25.694122,-100.461004,1,1,0,19048_0220
25.694122,-100.460007,2,2,0,19048_0220
25.694122,-100.45901,2,2,0,19048_0220
25.694122,-100.458013,2,2,0,19048_0120
25.694122,-100.457017,1,1,0,19048_0120
25.694122,-100.45602,1,1,0,19048_0120
25.694122,-100.455023,0,0,0,
25.694122,-100.454026,0,0,0,
25.694122,-100.453029,0,0,0,
25.694122,-100.441066,0,0,0,
25.694122,-100.429103,0,0,0,
25.694122,-100.428106,0,0,0,
25.694122,-100.427109,0,0,0,
25.694122,-100.426112,0,0,0,19048_0033
25.694122,-100.425115,0,0,0,19048_0033
25.694122,-100.424118,0,0,0,19048_0033
25.694122,-100.423121,0,0,0,19048_0151
25.694122,-100.422124,0,0,0,19048_0151
25.694122,-100.421127,0,0,0,
25.694122,-100.42013,0,0,0,
25.694122,-100.419133,0,0,0,
25.694122,-100.418136,0,0,0,
25.694122,-100.417139,0,0,0,
25.694122,-100.416142,0,0,0,
25.694122,-100.415145,0,0,0,
25.694122,-100.414149,0,0,0,
25.694122,-100.384241,1,1,0,
25.694122,-100.383244,1,1,0,
25.694122,-100.382247,1,1,0,
25.694122,-100.38125,1,1,0,
25.694122,-100.380253,1,1,0,
25.694122,-100.379256,1,1,0,
25.694122,-100.351342,1,1,0,
25.694122,-100.350345,1,1,0,
25.694122,-100.349348,2,2,0,
25.694122,-100.348351,2,2,0,
25.694122,-100.347354,2,2,0,
25.694122,-100.346357,2,2,0,
25.694122,-100.34536,1,1,0,
25.694122,-100.344363,1,1,0,
25.694122,-100.334394,0,0,0,
25.694122,-100.333397,0,0,0,
25.694122,-100.3324,0,0,0,
25.694122,-100.331403,0,0,0,19039_0002
25.694122,-100.330406,0,0,0,19039_0002
25.694122,-100.329409,0,0,0,19039_0002
25.694122,-100.328413,0,0,0,19039_0345
25.694122,-100.327416,0,0,0,19039_0345
25.694122,-100.326419,0,0,0,19039_0345
25.694122,-100.325422,1,1,0,19039_0345
25.694122,-100.324425,1,1,0,19039_0345
25.694122,-100.323428,0,0,0,19039_0345
25.694122,-100.322431,0,0,0,19039_0345
25.694122,-100.321434,0,0,0,19039_0345
25.694122,-100.320437,0,0,0,19039_0345
25.694122,-100.31944,0,0,0,19039_0345
25.694122,-100.318443,0,0,0,19039_0085
25.694122,-100.317446,0,0,0,19039_0085
25.694122,-100.316449,0,0,0,
25.694122,-100.315452,1,1,0,
25.694122,-100.314455,1,1,0,
25.694122,-100.313459,1,1,0,
25.694122,-100.312462,1,1,0,
25.694122,-100.311465,1,1,0,
25.694122,-100.310468,1,1,0,
25.694122,-100.289532,0,0,0,
25.694122,-100.288535,0,0,0,
25.694122,-100.287538,0,0,0,
25.694122,-100.286541,0,0,0,
25.694122,-100.285545,0,0,0,
25.694122,-100.284548,0,0,0,
25.694122,-100.283551,0,0,0,
25.694122,-100.282554,0,0,0,
25.694122,-100.281557,0,0,0,
25.694122,-100.28056,1,1,0,
25.694122,-100.279563,1,1,0,
25.694122,-100.278566,1,1,0,
25.694122,-100.277569,1,1,0,
25.694122,-100.276572,1,1,0,19039_0784
25.694122,-100.275575,1,1,0,19039_0784
25.694122,-100.274578,0,0,0,19039_0784
25.694122,-100.273581,0,0,0,19039_0784
25.694122,-100.272584,0,0,0,19039_0784
25.694122,-100.271587,0,0,0,19039_0784
25.694122,-100.270591,0,0,0,19039_0784
25.694122,-100.269594,0,0,0,19039_0784
25.694122,-100.268597,0,0,0,19039_0784
25.694122,-100.2676,0,0,0,
25.694122,-100.266603,0,0,0,
25.694122,-100.265606,0,0,0,
25.694122,-100.256634,1,1,0,
25.694122,-100.255637,1,1,0,
25.694122,-100.25464,1,1,0,
25.694122,-100.253643,1,1,0,
25.694122,-100.252646,1,1,0,
25.694122,-100.23171,0,0,0,
25.694122,-100.230713,0,0,0,
25.694122,-100.229716,0,0,0,
25.694122,-100.228719,0,0,0,
25.694122,-100.227723,0,0,0,
25.694122,-100.226726,0,0,0,
25.694122,-100.225729,0,0,0,
25.694122,-100.224732,0,0,0,
25.694122,-100.223735,0,0,0,
25.694122,-100.222738,0,0,0,
25.694122,-100.221741,0,0,0,
25.694122,-100.21875,1,1,0,
25.694122,-100.217753,1,1,0,
25.694122,-100.216756,1,1,0,
25.694122,-100.215759,2,2,0,
25.694122,-100.214762,2,2,0,
25.694122,-100.213766,2,2,0,
25.694122,-100.212769,1,1,0,
25.694122,-100.211772,1,1,0,
25.694122,-100.210775,0,0,0,
25.694122,-100.209778,0,0,0,19026_0316
25.694122,-100.208781,0,0,0,19026_0316
25.694122,-100.207784,0,0,0,19026_0316
25.694122,-100.206787,0,0,0,19026_0316
25.694122,-100.20579,0,0,0,19026_0316
25.694122,-100.204793,1,1,0,19026_0316
25.694122,-100.203796,1,1,0,19026_0316
25.694122,-100.202799,1,1,0,19026_0316
25.694122,-100.201802,1,1,0,19026_0316
25.694122,-100.200805,1,1,0,19026_0381
25.694122,-100.199808,1,1,0,19026_0381
25.694122,-100.198812,0,0,0,19026_0381
25.694122,-100.197815,0,0,0,19026_0381
25.694122,-100.196818,0,0,0,19026_0381
25.694122,-100.195821,0,0,0,19026_0381
25.694122,-100.194824,0,0,0,19026_0381
25.694122,-100.193827,0,0,0,19026_0381
25.694122,-100.19283,0,0,0,19026_0381
25.694122,-100.191833,0,0,0,19026_0381
25.694122,-100.190836,0,0,0,19026_0381
25.694122,-100.189839,0,0,0,
25.694122,-100.188842,0,0,0,
25.694122,-100.187845,0,0,0,
25.694122,-100.164916,0,0,0,
25.694122,-100.163919,0,0,0,
25.695026,-100.495897,1,1,0,
25.695026,-100.4949,1,1,0,
25.695026,-100.493903,1,1,0,
25.695026,-100.492906,1,1,0,
25.695026,-100.491909,1,1,0,
25.695026,-100.471971,0,0,0,
25.695026,-100.470974,0,0,0,
25.695026,-100.469977,0,0,0,
25.695026,-100.46898,0,0,0,19048_0232
25.695026,-100.467983,0,0,0,
25.695026,-100.466986,1,1,0,
25.695026,-100.465989,1,1,0,
25.695026,-100.464992,1,1,0,
25.695026,-100.463995,1,1,0,19048_0220
25.695026,-100.462998,0,0,0,19048_0220
25.695026,-100.462001,1,1,0,19048_0220
25.695026,-100.461004,1,1,0,19048_0220
25.695026,-100.460007,2,2,0,19048_0220
25.695026,-100.45901,2,2,0,19048_0220
25.695026,-100.458013,2,2,0,19048_0120
25.695026,-100.457017,2,2,0,19048_0120
25.695026,-100.45602,0,0,0,19048_0120
25.695026,-100.455023,0,0,0,
25.695026,-100.454026,0,0,0,
25.695026,-100.453029,0,0,0,
25.695026,-100.452032,1,1,0,
25.695026,-100.429103,0,0,0,
25.695026,-100.428106,0,0,0,
25.695026,-100.427109,0,0,0,
25.695026,-100.426112,0,0,0,19048_0033
25.695026,-100.425115,0,0,0,19048_0151
25.695026,-100.424118,0,0,0,19048_0151
25.695026,-100.423121,0,0,0,19048_0151
25.695026,-100.422124,0,0,0,19048_0151
25.695026,-100.421127,0,0,0,
25.695026,-100.42013,0,0,0,
25.695026,-100.419133,0,0,0,
25.695026,-100.418136,0,0,0,
25.695026,-100.417139,0,0,0,
25.695026,-100.416142,0,0,0,
25.695026,-100.415145,0,0,0,
25.695026,-100.384241,1,1,0,
25.695026,-100.383244,1,1,0,
25.695026,-100.382247,1,1,0,
25.695026,-100.38125,1,1,0,
25.695026,-100.380253,1,1,0,
25.695026,-100.351342,1,1,0,
25.695026,-100.350345,1,1,0,
25.695026,-100.349348,1,1,0,
25.695026,-100.348351,2,2,0,
25.695026,-100.347354,2,2,0,
25.695026,-100.346357,2,2,0,
25.695026,-100.34536,2,2,0,
25.695026,-100.344363,2,2,0,
25.695026,-100.343366,1,1,0,
25.695026,-100.34237,1,1,0,
25.695026,-100.334394,0,0,0,
25.695026,-100.333397,0,0,0,
25.695026,-100.3324,0,0,0,
25.695026,-100.331403,0,0,0,19039_0002
25.695026,-100.330406,0,0,0,19039_0002
25.695026,-100.329409,0,0,0,19039_0002
25.695026,-100.328413,0,0,0,19039_0345
25.695026,-100.327416,0,0,0,19039_0345
25.695026,-100.326419,0,0,0,19039_0345
25.695026,-100.325422,0,0,0,19039_0345
25.695026,-100.324425,0,0,0,19039_0345
25.695026,-100.323428,0,0,0,19039_0345
25.695026,-100.322431,0,0,0,19039_0345
25.695026,-100.321434,0,0,0,19039_0345
25.695026,-100.320437,0,0,0,19039_0085
25.695026,-100.31944,0,0,0,19039_0085
25.695026,-100.318443,0,0,0,19039_0085
25.695026,-100.317446,0,0,0,19039_0085
25.695026,-100.316449,0,0,0,
25.695026,-100.315452,1,1,0,
25.695026,-100.314455,1,1,0,
25.695026,-100.313459,1,1,0,
25.695026,-100.312462,1,1,0,
25.695026,-100.311465,1,1,0,
25.695026,-100.288535,0,0,0,
25.695026,-100.287538,0,0,0,
25.695026,-100.286541,0,0,0,
25.695026,-100.285545,0,0,0,
25.695026,-100.284548,0,0,0,
25.695026,-100.283551,0,0,0,
25.695026,-100.282554,0,0,0,
25.695026,-100.281557,0,0,0,
25.695026,-100.28056,0,0,0,
25.695026,-100.279563,2,2,0,
25.695026,-100.278566,1,1,0,
25.695026,-100.277569,1,1,0,
25.695026,-100.276572,1,1,0,
25.695026,-100.275575,0,0,0,
25.695026,-100.274578,0,0,0,
25.695026,-100.273581,0,0,0,
25.695026,-100.272584,0,0,0,
25.695026,-100.271587,0,0,0,
25.695026,-100.270591,0,0,0,19039_0784
25.695026,-100.269594,0,0,0,19039_0784
25.695026,-100.268597,0,0,0,19039_0784
25.695026,-100.2676,0,0,0,
25.695026,-100.266603,0,0,0,
25.695026,-100.265606,0,0,0,
25.695026,-100.256634,1,1,0,
25.695026,-100.255637,1,1,0,
25.695026,-100.25464,1,1,0,
25.695026,-100.253643,1,1,0,
25.695026,-100.252646,1,1,0,
25.695026,-100.251649,1,1,0,
25.695026,-100.237692,1,1,0,
25.695026,-100.236695,1,1,0,
25.695026,-100.230713,0,0,0,
25.695026,-100.229716,0,0,0,
25.695026,-100.228719,0,0,0,
25.695026,-100.227723,0,0,0,
25.695026,-100.226726,0,0,0,
25.695026,-100.225729,0,0,0,
25.695026,-100.224732,0,0,0,
25.695026,-100.223735,0,0,0,
25.695026,-100.222738,0,0,0,
25.695026,-100.221741,0,0,0,
25.695026,-100.21875,1,1,0,
25.695026,-100.217753,1,1,0,
25.695026,-100.216756,2,2,0,
25.695026,-100.215759,2,2,0,
25.695026,-100.214762,2,2,0,
25.695026,-100.213766,2,2,0,
25.695026,-100.212769,1,1,0,
25.695026,-100.211772,1,1,0,
25.695026,-100.210775,0,0,0,
25.695026,-100.209778,0,0,0,19026_0316
25.695026,-100.208781,0,0,0,19026_0316
25.695026,-100.207784,0,0,0,19026_0316
25.695026,-100.206787,0,0,0,19026_0316
25.695026,-100.20579,0,0,0,19026_0316
25.695026,-100.204793,1,1,0,19026_0316
25.695026,-100.203796,1,1,0,19026_0316
25.695026,-100.202799,1,1,0,19026_0316
25.695026,-100.201802,1,1,0,19026_0316
25.695026,-100.200805,1,1,0,
25.695026,-100.199808,1,1,0,
25.695026,-100.198812,0,0,0,
25.695026,-100.197815,0,0,0,
25.695026,-100.196818,0,0,0,
25.695026,-100.195821,0,0,0,
25.695026,-100.194824,0,0,0,
25.695026,-100.193827,0,0,0,19026_0381
25.695026,-100.19283,0,0,0,19026_0381
25.695026,-100.191833,0,0,0,19026_0381
25.695026,-100.190836,0,0,0,19026_0381
25.695026,-100.189839,0,0,0,
25.695026,-100.188842,0,0,0,
25.695026,-100.187845,0,0,0,
25.695026,-100.167907,0,0,0,
25.695026,-100.16691,0,0,0,
25.695026,-100.165913,0,0,0,
25.695026,-100.164916,0,0,0,
25.695026,-100.163919,0,0,0,
25.695026,-100.162922,0,0,0,
25.695026,-100.161925,0,0,0,
25.69593,-100.4949,1,1,0,
25.69593,-100.493903,1,1,0,
25.69593,-100.492906,1,1,0,
25.69593,-100.471971,0,0,0,
25.69593,-100.470974,0,0,0,
25.69593,-100.469977,0,0,0,
25.69593,-100.46898,0,0,0,
25.69593,-100.467983,1,1,0,
25.69593,-100.466986,1,1,0,
25.69593,-100.465989,1,1,0,
25.69593,-100.464992,1,1,0,19048_0220
25.69593,-100.463995,1,1,0,19048_0220
25.69593,-100.462998,1,1,0,19048_0220
25.69593,-100.462001,1,1,0,19048_0220
25.69593,-100.461004,1,1,0,19048_0220
25.69593,-100.460007,1,1,0,19048_0220
25.69593,-100.45901,1,1,0,19048_0220
25.69593,-100.458013,1,1,0,19048_0220
25.69593,-100.457017,1,1,0,19048_0120
25.69593,-100.45602,0,0,0,19048_0120
25.69593,-100.455023,0,0,0,19048_0120
25.69593,-100.454026,1,1,0,
25.69593,-100.453029,1,1,0,
25.69593,-100.452032,1,1,0,
25.69593,-100.451035,1,1,0,
25.69593,-100.450038,1,1,0,
25.69593,-100.428106,0,0,0,
25.69593,-100.427109,0,0,0,
25.69593,-100.426112,0,0,0,
25.69593,-100.425115,0,0,0,19048_0151
25.69593,-100.424118,0,0,0,19048_0151
25.69593,-100.423121,0,0,0,19048_0151
25.69593,-100.422124,0,0,0,
25.69593,-100.421127,0,0,0,
25.69593,-100.42013,0,0,0,
25.69593,-100.418136,0,0,0,
25.69593,-100.417139,0,0,0,
25.69593,-100.416142,0,0,0,
25.69593,-100.383244,1,1,0,
25.69593,-100.382247,1,1,0,
25.69593,-100.38125,1,1,0,
25.69593,-100.380253,1,1,0,
25.69593,-100.350345,1,1,0,
25.69593,-100.349348,1,1,0,
25.69593,-100.348351,1,1,0,
25.69593,-100.347354,2,2,0,
25.69593,-100.346357,3,3,0,
25.69593,-100.34536,2,2,0,
25.69593,-100.344363,1,1,0,
25.69593,-100.343366,1,1,0,
25.69593,-100.34237,2,2,0,
25.69593,-100.341373,2,2,0,
25.69593,-100.340376,1,1,0,
25.69593,-100.339379,1,1,0,
25.69593,-100.334394,0,0,0,
25.69593,-100.333397,0,0,0,
25.69593,-100.3324,1,1,0,
25.69593,-100.331403,1,1,0,
25.69593,-100.330406,1,1,0,
25.69593,-100.329409,1,1,0,
25.69593,-100.328413,0,0,0,19039_0345
25.69593,-100.327416,0,0,0,19039_0345
25.69593,-100.326419,0,0,0,19039_0345
25.69593,-100.325422,0,0,0,19039_0345
25.69593,-100.324425,0,0,0,19039_0345
25.69593,-100.323428,0,0,0,19039_0345
25.69593,-100.322431,0,0,0,19039_0345
25.69593,-100.321434,0,0,0,19039_0085
25.69593,-100.320437,0,0,0,19039_0085
25.69593,-100.31944,0,0,0,19039_0085
25.69593,-100.318443,0,0,0,19039_0085
25.69593,-100.317446,0,0,0,19039_0085
25.69593,-100.316449,0,0,0,
25.69593,-100.315452,0,0,0,
25.69593,-100.314455,1,1,0,
25.69593,-100.313459,1,1,0,
25.69593,-100.312462,1,1,0,
25.69593,-100.283551,0,0,0,
25.69593,-100.282554,0,0,0,
25.69593,-100.281557,1,1,0,
25.69593,-100.28056,1,1,0,
25.69593,-100.279563,1,1,0,
25.69593,-100.278566,1,1,0,
25.69593,-100.277569,1,1,0,
25.69593,-100.276572,0,0,0,
25.69593,-100.275575,0,0,0,
25.69593,-100.274578,0,0,0,
25.69593,-100.273581,0,0,0,
25.69593,-100.272584,0,0,0,
25.69593,-100.271587,0,0,0,
25.69593,-100.270591,0,0,0,
25.69593,-100.269594,0,0,0,
25.69593,-100.268597,0,0,0,
25.69593,-100.2676,0,0,0,
25.69593,-100.266603,0,0,0,
25.69593,-100.265606,0,0,0,
25.69593,-100.256634,1,1,0,
25.69593,-100.255637,1,1,0,
25.69593,-100.25464,1,1,0,
25.69593,-100.253643,1,1,0,
25.69593,-100.252646,1,1,0,
25.69593,-100.251649,1,1,0,
25.69593,-100.239686,1,1,0,
25.69593,-100.238689,1,1,0,
25.69593,-100.237692,1,1,0,
25.69593,-100.236695,1,1,0,
25.69593,-100.235698,1,1,0,
25.69593,-100.227723,0,0,0,
25.69593,-100.226726,0,0,0,
25.69593,-100.225729,0,0,0,
25.69593,-100.224732,0,0,0,
25.69593,-100.223735,0,0,0,
25.69593,-100.21875,1,1,0,
25.69593,-100.217753,1,1,0,
25.69593,-100.216756,1,1,0,
25.69593,-100.215759,2,2,0,
25.69593,-100.214762,2,2,0,
25.69593,-100.213766,2,2,0,
25.69593,-100.212769,1,1,0,
25.69593,-100.211772,1,1,0,
25.69593,-100.210775,0,0,0,
25.69593,-100.209778,0,0,0,19026_0316
25.69593,-100.208781,0,0,0,19026_0316
25.69593,-100.207784,0,0,0,19026_0316
25.69593,-100.206787,0,0,0,19026_0316
25.69593,-100.20579,0,0,0,19026_0316
25.69593,-100.204793,1,1,0,19026_0316
25.69593,-100.203796,1,1,0,
25.69593,-100.202799,1,1,0,
25.69593,-100.201802,1,1,0,
25.69593,-100.200805,1,1,0,
25.69593,-100.199808,1,1,0,
25.69593,-100.198812,0,0,0,
25.69593,-100.197815,0,0,0,
25.69593,-100.196818,0,0,0,
25.69593,-100.195821,0,0,0,
25.69593,-100.194824,0,0,0,
25.69593,-100.193827,0,0,0,19026_0381
25.69593,-100.19283,0,0,0,19026_0381
25.69593,-100.191833,0,0,0,19026_0381
25.69593,-100.190836,0,0,0,19026_0381
25.69593,-100.189839,0,0,0,
25.69593,-100.188842,0,0,0,
25.69593,-100.187845,0,0,0,
25.69593,-100.170897,0,0,0,
25.69593,-100.169901,0,0,0,
25.69593,-100.168904,0,0,0,
25.69593,-100.167907,0,0,0,
25.69593,-100.16691,0,0,0,
25.69593,-100.165913,0,0,0,
25.69593,-100.164916,0,0,0,
25.69593,-100.163919,0,0,0,
25.69593,-100.162922,0,0,0,
25.69593,-100.161925,0,0,0,
25.696835,-100.470974,0,0,0,
25.696835,-100.469977,0,0,0,
25.696835,-100.46898,0,0,0,
25.696835,-100.467983,1,1,0,
25.696835,-100.466986,1,1,0,
25.696835,-100.465989,1,1,0,
25.696835,-100.464992,1,1,0,
25.696835,-100.463995,1,1,0,19048_0220
25.696835,-100.462998,1,1,0,19048_0220
25.696835,-100.462001,1,1,0,19048_0220
25.696835,-100.461004,1,1,0,19048_0220
25.696835,-100.460007,1,1,0,19048_0220
25.696835,-100.45901,1,1,0,19048_0220
25.696835,-100.458013,1,1,0,19048_0220
25.696835,-100.457017,1,1,0,19048_0120
25.696835,-100.45602,0,0,0,19048_0120
25.696835,-100.455023,0,0,0,19048_0120
25.696835,-100.454026,1,1,0,
25.696835,-100.453029,1,1,0,
25.696835,-100.452032,1,1,0,
25.696835,-100.451035,1,1,0,
25.696835,-100.450038,1,1,0,
25.696835,-100.428106,0,0,0,
25.696835,-100.427109,0,0,0,
25.696835,-100.426112,0,0,0,
25.696835,-100.425115,0,0,0,
25.696835,-100.424118,0,0,0,
25.696835,-100.423121,0,0,0,
25.696835,-100.422124,0,0,0,
25.696835,-100.421127,0,0,0,
25.696835,-100.42013,0,0,0,
25.696835,-100.35832,0,0,0,
25.696835,-100.357324,0,0,0,
25.696835,-100.356327,0,0,0,
25.696835,-100.35533,0,0,0,
25.696835,-100.354333,0,0,0,
25.696835,-100.353336,0,0,0,
25.696835,-100.352339,0,0,0,
25.696835,-100.351342,0,0,0,
25.696835,-100.350345,0,0,0,
25.696835,-100.349348,1,1,0,
25.696835,-100.348351,1,1,0,
25.696835,-100.346357,1,1,0,
25.696835,-100.34536,1,1,0,
25.696835,-100.344363,1,1,0,
25.696835,-100.343366,2,2,0,
25.696835,-100.34237,2,2,0,
25.696835,-100.341373,2,2,0,
25.696835,-100.340376,1,1,0,
25.696835,-100.339379,1,1,0,
25.696835,-100.338382,1,1,0,
25.696835,-100.335391,1,1,0,
25.696835,-100.334394,1,1,0,
25.696835,-100.333397,2,2,0,
25.696835,-100.3324,1,1,0,
25.696835,-100.331403,1,1,0,
25.696835,-100.330406,1,1,0,
25.696835,-100.329409,1,1,0,
25.696835,-100.328413,1,1,0,19039_0345
25.696835,-100.327416,0,0,0,19039_0345
25.696835,-100.326419,0,0,0,19039_0345
25.696835,-100.325422,0,0,0,19039_0345
25.696835,-100.324425,0,0,0,19039_0345
25.696835,-100.323428,0,0,0,19039_0085
25.696835,-100.322431,0,0,0,19039_0085
25.696835,-100.321434,0,0,0,19039_0085
25.696835,-100.320437,0,0,0,19039_0085
25.696835,-100.31944,0,0,0,19039_0085
25.696835,-100.318443,0,0,0,19039_0085
25.696835,-100.317446,0,0,0,19039_0085
25.696835,-100.316449,0,0,0,
25.696835,-100.315452,0,0,0,
25.696835,-100.314455,0,0,0,
25.696835,-100.283551,1,1,0,
25.696835,-100.282554,1,1,0,
25.696835,-100.281557,2,2,0,
25.696835,-100.28056,2,2,0,
25.696835,-100.279563,1,1,0,
25.696835,-100.278566,1,1,0,
25.696835,-100.277569,1,1,0,
25.696835,-100.276572,0,0,0,
25.696835,-100.275575,0,0,0,
25.696835,-100.274578,0,0,0,
25.696835,-100.273581,0,0,0,
25.696835,-100.272584,0,0,0,
25.696835,-100.271587,0,0,0,
25.696835,-100.270591,0,0,0,
25.696835,-100.269594,0,0,0,
25.696835,-100.268597,0,0,0,
25.696835,-100.2676,0,0,0,
25.696835,-100.266603,0,0,0,
25.696835,-100.256634,1,1,0,
25.696835,-100.255637,1,1,0,
25.696835,-100.25464,1,1,0,
25.696835,-100.253643,1,1,0,
25.696835,-100.252646,1,1,0,
25.696835,-100.251649,1,1,0,
25.696835,-100.250652,1,1,0,
25.696835,-100.249655,1,1,0,
25.696835,-100.239686,1,1,0,
25.696835,-100.238689,1,1,0,
25.696835,-100.237692,1,1,0,
25.696835,-100.236695,1,1,0,
25.696835,-100.235698,1,1,0,
25.696835,-100.234701,1,1,0,
25.696835,-100.217753,1,1,0,
25.696835,-100.216756,1,1,0,
25.696835,-100.215759,2,2,0,
25.696835,-100.214762,2,2,0,
25.696835,-100.213766,1,1,0,
25.696835,-100.212769,1,1,0,
25.696835,-100.211772,1,1,0,
25.696835,-100.210775,0,0,0,
25.696835,-100.209778,0,0,0,
25.696835,-100.208781,0,0,0,
25.696835,-100.207784,0,0,0,
25.696835,-100.206787,0,0,0,
25.696835,-100.20579,0,0,0,
25.696835,-100.204793,0,0,0,
25.696835,-100.203796,1,1,0,
25.696835,-100.202799,1,1,0,
25.696835,-100.201802,1,1,0,
25.696835,-100.200805,1,1,0,
25.696835,-100.199808,0,0,0,
25.696835,-100.198812,0,0,0,
25.696835,-100.197815,0,0,0,
25.696835,-100.196818,0,0,0,
25.696835,-100.195821,0,0,0,
25.696835,-100.194824,0,0,0,
25.696835,-100.193827,0,0,0,19026_0381
25.696835,-100.19283,0,0,0,
25.696835,-100.191833,0,0,0,
25.696835,-100.190836,0,0,0,
25.696835,-100.189839,0,0,0,
25.696835,-100.188842,0,0,0,
25.696835,-100.187845,0,0,0,
25.696835,-100.173888,0,0,0,
25.696835,-100.172891,0,0,0,
25.696835,-100.171894,0,0,0,
25.696835,-100.170897,0,0,0,
25.696835,-100.169901,0,0,0,
25.696835,-100.168904,0,0,0,
25.696835,-100.167907,0,0,0,
25.696835,-100.16691,0,0,0,
25.696835,-100.165913,0,0,0,
25.696835,-100.164916,0,0,0,19026_0448
25.696835,-100.163919,0,0,0,
25.696835,-100.162922,0,0,0,
25.696835,-100.161925,0,0,0,
25.696835,-100.113076,1,1,0,
25.696835,-100.112079,1,1,0,
25.697739,-100.469977,0,0,0,
25.697739,-100.46898,0,0,0,
25.697739,-100.467983,1,1,0,
25.697739,-100.466986,1,1,0,
25.697739,-100.465989,1,1,0,
25.697739,-100.464992,1,1,0,
25.697739,-100.463995,1,1,0,19048_0220
25.697739,-100.462998,1,1,0,19048_0220
25.697739,-100.462001,0,0,0,19048_0220
25.697739,-100.461004,1,1,0,19048_0220
25.697739,-100.460007,1,1,0,19048_0220
25.697739,-100.45901,1,1,0,19048_0220
25.697739,-100.458013,1,1,0,19048_0220
25.697739,-100.457017,1,1,0,19048_0220
25.697739,-100.45602,0,0,0,
25.697739,-100.455023,0,0,0,
25.697739,-100.454026,1,1,0,
25.697739,-100.453029,1,1,0,
25.697739,-100.452032,1,1,0,
25.697739,-100.451035,1,1,0,
25.697739,-100.450038,1,1,0,
25.697739,-100.449041,1,1,0,
25.697739,-100.428106,0,0,0,
25.697739,-100.427109,0,0,0,
25.697739,-100.426112,0,0,0,
25.697739,-100.425115,0,0,0,
25.697739,-100.424118,0,0,0,
25.697739,-100.423121,0,0,0,
25.697739,-100.422124,0,0,0,
25.697739,-100.421127,0,0,0,
25.697739,-100.360314,0,0,0,
25.697739,-100.359317,0,0,0,
25.697739,-100.35832,0,0,0,
25.697739,-100.357324,0,0,0,
25.697739,-100.356327,0,0,0,
25.697739,-100.35533,0,0,0,
25.697739,-100.354333,0,0,0,
25.697739,-100.353336,0,0,0,
25.697739,-100.352339,0,0,0,
25.697739,-100.351342,0,0,0,
25.697739,-100.350345,0,0,0,
25.697739,-100.346357,1,1,0,
25.697739,-100.34536,1,1,0,
25.697739,-100.344363,1,1,0,
25.697739,-100.343366,2,2,0,
25.697739,-100.34237,2,2,0,
25.697739,-100.341373,2,2,0,
25.697739,-100.340376,1,1,0,
25.697739,-100.339379,1,1,0,
25.697739,-100.338382,1,1,0,
25.697739,-100.336388,1,1,0,
25.697739,-100.335391,1,1,0,
25.697739,-100.334394,1,1,0,
25.697739,-100.333397,2,2,0,
25.697739,-100.3324,2,2,0,
25.697739,-100.331403,1,1,0,
25.697739,-100.330406,1,1,0,19039_0318
25.697739,-100.329409,1,1,0,19039_0318
25.697739,-100.328413,1,1,0,19039_0318
25.697739,-100.327416,0,0,0,19039_0345
25.697739,-100.326419,0,0,0,19039_0345
25.697739,-100.325422,0,0,0,19039_0345
25.697739,-100.324425,0,0,0,19039_0085
25.697739,-100.323428,0,0,0,19039_0085
25.697739,-100.322431,0,0,0,19039_0085
25.697739,-100.321434,0,0,0,19039_0085
25.697739,-100.320437,0,0,0,19039_0085
25.697739,-100.31944,0,0,0,19039_0085
25.697739,-100.318443,0,0,0,19039_0085
25.697739,-100.317446,0,0,0,19039_0085
25.697739,-100.316449,0,0,0,
25.697739,-100.315452,0,0,0,
25.697739,-100.314455,0,0,0,
25.697739,-100.289532,1,1,0,
25.697739,-100.288535,1,1,0,
25.697739,-100.287538,1,1,0,
25.697739,-100.284548,1,1,0,
25.697739,-100.283551,1,1,0,
25.697739,-100.282554,1,1,0,
25.697739,-100.281557,2,2,0,
25.697739,-100.28056,2,2,0,
25.697739,-100.279563,1,1,0,
25.697739,-100.278566,1,1,0,
25.697739,-100.277569,1,1,0,
25.697739,-100.276572,1,1,0,
25.697739,-100.270591,0,0,0,
25.697739,-100.269594,0,0,0,
25.697739,-100.268597,0,0,0,
25.697739,-100.2676,0,0,0,
25.697739,-100.255637,1,1,0,
25.697739,-100.25464,1,1,0,
25.697739,-100.253643,1,1,0,
25.697739,-100.252646,1,1,0,
25.697739,-100.251649,1,1,0,
25.697739,-100.250652,1,1,0,
25.697739,-100.249655,1,1,0,
25.697739,-100.248658,1,1,0,
25.697739,-100.239686,1,1,0,
25.697739,-100.238689,1,1,0,
25.697739,-100.237692,1,1,0,
25.697739,-100.236695,1,1,0,
25.697739,-100.235698,1,1,0,
25.697739,-100.234701,1,1,0,
25.697739,-100.213766,1,1,0,
25.697739,-100.211772,0,0,0,
25.697739,-100.210775,0,0,0,
25.697739,-100.209778,0,0,0,
25.697739,-100.208781,0,0,0,
25.697739,-100.207784,0,0,0,
25.697739,-100.206787,0,0,0,
25.697739,-100.20579,0,0,0,
25.697739,-100.204793,0,0,0,
25.697739,-100.203796,0,0,0,
25.697739,-100.202799,0,0,0,
25.697739,-100.201802,0,0,0,
25.697739,-100.200805,0,0,0,
25.697739,-100.196818,0,0,0,
25.697739,-100.195821,0,0,0,
25.697739,-100.194824,0,0,0,
25.697739,-100.193827,0,0,0,
25.697739,-100.19283,0,0,0,
25.697739,-100.191833,0,0,0,
25.697739,-100.190836,0,0,0,
25.697739,-100.189839,0,0,0,
25.697739,-100.188842,0,0,0,
25.697739,-100.187845,0,0,0,
25.697739,-100.174885,0,0,0,
25.697739,-100.173888,0,0,0,
25.697739,-100.172891,0,0,0,
25.697739,-100.171894,0,0,0,
25.697739,-100.170897,0,0,0,
25.697739,-100.169901,0,0,0,
25.697739,-100.168904,0,0,0,
25.697739,-100.167907,1,1,0,
25.697739,-100.16691,1,1,0,19026_0448
25.697739,-100.165913,1,1,0,19026_0448
25.697739,-100.164916,1,1,0,19026_0448
25.697739,-100.163919,0,0,0,
25.697739,-100.162922,0,0,0,
25.697739,-100.161925,0,0,0,
25.697739,-100.114072,1,1,0,
25.697739,-100.113076,1,1,0,
25.697739,-100.112079,1,1,0,
25.697739,-100.111082,1,1,0,
25.698643,-100.467983,1,1,0,
25.698643,-100.466986,1,1,0,
25.698643,-100.465989,1,1,0,
25.698643,-100.464992,2,2,0,
25.698643,-100.463995,1,1,0,
25.698643,-100.462998,1,1,0,19048_0220
25.698643,-100.462001,0,0,0,19048_0220
25.698643,-100.461004,0,0,0,19048_0220
25.698643,-100.460007,1,1,0,19048_0220
25.698643,-100.45901,1,1,0,19048_0220
25.698643,-100.458013,0,0,0,19048_0220
25.698643,-100.457017,0,0,0,19048_0220
25.698643,-100.45602,0,0,0,
25.698643,-100.455023,0,0,0,
25.698643,-100.454026,1,1,0,
25.698643,-100.453029,1,1,0,
25.698643,-100.452032,1,1,0,
25.698643,-100.451035,1,1,0,
25.698643,-100.450038,1,1,0,
25.698643,-100.427109,0,0,0,
25.698643,-100.426112,0,0,0,
25.698643,-100.425115,0,0,0,
25.698643,-100.424118,0,0,0,
25.698643,-100.423121,0,0,0,
25.698643,-100.362308,0,0,0,
25.698643,-100.361311,0,0,0,
25.698643,-100.360314,0,0,0,
25.698643,-100.359317,0,0,0,
25.698643,-100.35832,0,0,0,
25.698643,-100.357324,0,0,0,
25.698643,-100.356327,0,0,0,
25.698643,-100.35533,0,0,0,
25.698643,-100.354333,0,0,0,
25.698643,-100.353336,0,0,0,
25.698643,-100.352339,0,0,0,
25.698643,-100.351342,0,0,0,
25.698643,-100.350345,0,0,0,
25.698643,-100.346357,1,1,0,
25.698643,-100.34536,1,1,0,
25.698643,-100.344363,1,1,0,
25.698643,-100.343366,2,2,0,
25.698643,-100.34237,2,2,0,
25.698643,-100.341373,1,1,0,
25.698643,-100.340376,1,1,0,
25.698643,-100.339379,1,1,0,
25.698643,-100.338382,1,1,0,
25.698643,-100.337385,1,1,0,
25.698643,-100.336388,1,1,0,
25.698643,-100.335391,1,1,0,
25.698643,-100.334394,1,1,0,
25.698643,-100.333397,2,2,0,
25.698643,-100.3324,2,2,0,
25.698643,-100.331403,1,1,0,
25.698643,-100.330406,1,1,0,19039_0318
25.698643,-100.329409,1,1,0,19039_0318
25.698643,-100.328413,1,1,0,19039_0318
25.698643,-100.327416,0,0,0,19039_0345
25.698643,-100.326419,0,0,0,19039_0345
25.698643,-100.325422,0,0,0,19039_0085
25.698643,-100.324425,0,0,0,19039_0085
25.698643,-100.323428,0,0,0,19039_0085
25.698643,-100.322431,0,0,0,19039_0085
25.698643,-100.321434,0,0,0,19039_0085
25.698643,-100.320437,0,0,0,19039_0085
25.698643,-100.31944,0,0,0,19039_0085
25.698643,-100.318443,0,0,0,19039_0085
25.698643,-100.317446,0,0,0,19039_0085
25.698643,-100.316449,0,0,0,
25.698643,-100.315452,0,0,0,
25.698643,-100.314455,0,0,0,
25.698643,-100.290529,1,1,0,
25.698643,-100.289532,1,1,0,
25.698643,-100.288535,1,1,0,
25.698643,-100.287538,1,1,0,
25.698643,-100.286541,2,2,0,
25.698643,-100.285545,1,1,0,
25.698643,-100.284548,2,2,0,
25.698643,-100.283551,1,1,0,
25.698643,-100.282554,1,1,0,
25.698643,-100.281557,2,2,0,
25.698643,-100.28056,2,2,0,
25.698643,-100.279563,2,2,0,
25.698643,-100.278566,1,1,0,
25.698643,-100.277569,1,1,0,
25.698643,-100.252646,1,1,0,
25.698643,-100.251649,1,1,0,
25.698643,-100.250652,1,1,0,
25.698643,-100.249655,1,1,0,
25.698643,-100.248658,1,1,0,
25.698643,-100.247661,1,1,0,
25.698643,-100.239686,1,1,0,
25.698643,-100.238689,1,1,0,
25.698643,-100.237692,1,1,0,
25.698643,-100.236695,1,1,0,
25.698643,-100.235698,1,1,0,
25.698643,-100.234701,1,1,0,
25.698643,-100.210775,0,0,0,
25.698643,-100.209778,0,0,0,
25.698643,-100.208781,0,0,0,
25.698643,-100.207784,0,0,0,
25.698643,-100.206787,0,0,0,
25.698643,-100.20579,0,0,0,
25.698643,-100.204793,0,0,0,
25.698643,-100.195821,0,0,0,
25.698643,-100.194824,0,0,0,
25.698643,-100.193827,0,0,0,
25.698643,-100.19283,0,0,0,
25.698643,-100.191833,0,0,0,
25.698643,-100.190836,0,0,0,
25.698643,-100.189839,0,0,0,
25.698643,-100.188842,0,0,0,
25.698643,-100.174885,0,0,0,
25.698643,-100.173888,0,0,0,
25.698643,-100.172891,0,0,0,
25.698643,-100.171894,0,0,0,
25.698643,-100.170897,0,0,0,
25.698643,-100.169901,0,0,0,19026_0448
25.698643,-100.168904,1,1,0,19026_0448
25.698643,-100.167907,1,1,0,19026_0448
25.698643,-100.16691,1,1,0,19026_0448
25.698643,-100.165913,1,1,0,19026_0448
25.698643,-100.164916,1,1,0,19026_0448
25.698643,-100.163919,1,1,0,
25.698643,-100.162922,0,0,0,
25.698643,-100.161925,0,0,0,
25.698643,-100.115069,1,1,0,
25.698643,-100.114072,1,1,0,
25.698643,-100.113076,1,1,0,
25.698643,-100.112079,1,1,0,
25.698643,-100.111082,1,1,0,
25.698643,-100.110085,1,1,0,
25.699548,-100.466986,2,2,0,
25.699548,-100.465989,2,2,0,
25.699548,-100.464992,2,2,0,
25.699548,-100.463995,2,2,0,
25.699548,-100.462998,1,1,0,19048_0220
25.699548,-100.462001,0,0,0,19048_0220
25.699548,-100.461004,0,0,0,19048_0220
25.699548,-100.460007,0,0,0,19048_0220
25.699548,-100.45901,0,0,0,19048_0220
25.699548,-100.458013,0,0,0,19048_0220
25.699548,-100.457017,0,0,0,19048_0220
25.699548,-100.45602,0,0,0,19048_0220
25.699548,-100.455023,0,0,0,
25.699548,-100.454026,1,1,0,
25.699548,-100.453029,1,1,0,
25.699548,-100.452032,1,1,0,
25.699548,-100.451035,1,1,0,
25.699548,-100.450038,1,1,0,
25.699548,-100.364302,0,0,0,
25.699548,-100.363305,0,0,0,
25.699548,-100.362308,0,0,0,
25.699548,-100.361311,0,0,0,
25.699548,-100.360314,0,0,0,
25.699548,-100.359317,0,0,0,
25.699548,-100.35832,0,0,0,
25.699548,-100.357324,0,0,0,19039_0257
25.699548,-100.356327,0,0,0,19039_0257
25.699548,-100.35533,0,0,0,19039_0257
25.699548,-100.354333,0,0,0,19039_0257
25.699548,-100.353336,0,0,0,19039_0257
25.699548,-100.352339,0,0,0,
25.699548,-100.351342,0,0,0,
25.699548,-100.350345,0,0,0,
25.699548,-100.344363,1,1,0,
25.699548,-100.343366,1,1,0,
25.699548,-100.34237,1,1,0,
25.699548,-100.341373,1,1,0,
25.699548,-100.340376,1,1,0,
25.699548,-100.339379,1,1,0,
25.699548,-100.337385,1,1,0,
25.699548,-100.336388,1,1,0,
25.699548,-100.335391,1,1,0,
25.699548,-100.334394,1,1,0,
25.699548,-100.333397,2,2,0,
25.699548,-100.3324,2,2,0,
25.699548,-100.331403,1,1,0,19039_0318
25.699548,-100.330406,1,1,0,19039_0318
25.699548,-100.329409,1,1,0,19039_0318
25.699548,-100.328413,0,0,0,19039_0318
25.699548,-100.327416,0,0,0,19039_0318
25.699548,-100.326419,0,0,0,19039_0085
25.699548,-100.325422,0,0,0,19039_0085
25.699548,-100.324425,0,0,0,19039_0085
25.699548,-100.323428,0,0,0,19039_0085
25.699548,-100.322431,0,0,0,19039_0085
25.699548,-100.321434,0,0,0,19039_0085
25.699548,-100.320437,0,0,0,19039_0085
25.699548,-100.31944,0,0,0,19039_0085
25.699548,-100.318443,0,0,0,19039_0085
25.699548,-100.317446,0,0,0,19039_0085
25.699548,-100.316449,0,0,0,
25.699548,-100.315452,0,0,0,
25.699548,-100.314455,0,0,0,
25.699548,-100.291526,1,1,0,
25.699548,-100.290529,1,1,0,
25.699548,-100.289532,1,1,0,
25.699548,-100.288535,1,1,0,
25.699548,-100.287538,3,3,0,
25.699548,-100.286541,3,3,0,
25.699548,-100.285545,2,2,0,
25.699548,-100.284548,3,3,0,
25.699548,-100.283551,2,2,0,
25.699548,-100.282554,1,1,0,
25.699548,-100.281557,2,2,0,
25.699548,-100.28056,2,2,0,
25.699548,-100.279563,1,1,0,
25.699548,-100.278566,1,1,0,
25.699548,-100.277569,1,1,0,
25.699548,-100.252646,1,1,0,
25.699548,-100.251649,1,1,0,
25.699548,-100.250652,1,1,0,
25.699548,-100.249655,1,1,0,
25.699548,-100.248658,1,1,0,
25.699548,-100.247661,1,1,0,
25.699548,-100.238689,1,1,0,
25.699548,-100.237692,1,1,0,
25.699548,-100.236695,1,1,0,
25.699548,-100.235698,1,1,0,
25.699548,-100.194824,0,0,0,
25.699548,-100.193827,0,0,0,
25.699548,-100.174885,0,0,0,
25.699548,-100.173888,0,0,0,
25.699548,-100.172891,0,0,0,
25.699548,-100.171894,0,0,0,19026_0448
25.699548,-100.170897,0,0,0,19026_0448
25.699548,-100.169901,0,0,0,19026_0448
25.699548,-100.168904,1,1,0,19026_0448
25.699548,-100.167907,1,1,0,19026_0448
25.699548,-100.16691,1,1,0,19026_0448
25.699548,-100.165913,1,1,0,19026_0448
25.699548,-100.164916,1,1,0,19026_0448
25.699548,-100.163919,1,1,0,
25.699548,-100.162922,0,0,0,
25.699548,-100.161925,0,0,0,
25.699548,-100.115069,1,1,0,
25.699548,-100.114072,1,1,0,
25.699548,-100.113076,1,1,0,
25.699548,-100.112079,1,1,0,
25.699548,-100.111082,1,1,0,
25.699548,-100.110085,1,1,0,
25.700452,-100.466986,1,1,0,
25.700452,-100.465989,1,1,0,
25.700452,-100.464992,1,1,0,
25.700452,-100.463995,1,1,0,
25.700452,-100.462998,1,1,0,
25.700452,-100.462001,0,0,0,19048_0220
25.700452,-100.461004,0,0,0,19048_0220
25.700452,-100.460007,0,0,0,19048_0220
25.700452,-100.45901,0,0,0,19048_0220
25.700452,-100.458013,0,0,0,19048_0220
25.700452,-100.457017,0,0,0,19048_0220
25.700452,-100.45602,0,0,0,19048_0220
25.700452,-100.455023,0,0,0,
25.700452,-100.454026,0,0,0,
25.700452,-100.453029,0,0,0,
25.700452,-100.365299,0,0,0,
25.700452,-100.364302,0,0,0,
25.700452,-100.363305,0,0,0,
25.700452,-100.362308,0,0,0,
25.700452,-100.361311,0,0,0,
25.700452,-100.360314,0,0,0,
25.700452,-100.359317,0,0,0,19039_0257
25.700452,-100.35832,0,0,0,19039_0257
25.700452,-100.357324,0,0,0,19039_0257
25.700452,-100.356327,0,0,0,19039_0257
25.700452,-100.35533,0,0,0,19039_0257
25.700452,-100.354333,0,0,0,19039_0257
25.700452,-100.353336,0,0,0,19039_0257
25.700452,-100.352339,0,0,0,19039_0257
25.700452,-100.351342,0,0,0,
25.700452,-100.350345,0,0,0,
25.700452,-100.349348,0,0,0,
25.700452,-100.341373,1,1,0,
25.700452,-100.340376,1,1,0,
25.700452,-100.336388,1,1,0,
25.700452,-100.335391,1,1,0,
25.700452,-100.334394,1,1,0,
25.700452,-100.333397,1,1,0,
25.700452,-100.3324,1,1,0,
25.700452,-100.331403,1,1,0,19039_0318
25.700452,-100.330406,1,1,0,19039_0318
25.700452,-100.329409,0,0,0,19039_0318
25.700452,-100.328413,0,0,0,19039_0318
25.700452,-100.327416,0,0,0,19039_0318
25.700452,-100.326419,0,0,0,19039_0085
25.700452,-100.325422,0,0,0,19039_0085
25.700452,-100.324425,0,0,0,19039_0085
25.700452,-100.323428,0,0,0,19039_0085
25.700452,-100.322431,1,1,0,19039_0085
25.700452,-100.321434,1,1,0,19039_0085
25.700452,-100.320437,1,1,0,19039_0085
25.700452,-100.31944,1,1,0,19039_0085
25.700452,-100.318443,0,0,0,19039_0085
25.700452,-100.317446,0,0,0,19039_0085
25.700452,-100.316449,0,0,0,
25.700452,-100.315452,0,0,0,
25.700452,-100.314455,0,0,0,
25.700452,-100.290529,1,1,0,
25.700452,-100.289532,1,1,0,
25.700452,-100.288535,3,3,0,
25.700452,-100.287538,3,3,0,
25.700452,-100.286541,3,3,0,
25.700452,-100.285545,2,2,0,
25.700452,-100.284548,3,3,0,
25.700452,-100.283551,2,2,0,
25.700452,-100.282554,1,1,0,
25.700452,-100.281557,2,2,0,
25.700452,-100.28056,2,2,0,
25.700452,-100.279563,1,1,0,
25.700452,-100.252646,1,1,0,
25.700452,-100.251649,1,1,0,
25.700452,-100.250652,1,1,0,
25.700452,-100.249655,1,1,0,
25.700452,-100.248658,1,1,0,
25.700452,-100.174885,0,0,0,
25.700452,-100.173888,0,0,0,
25.700452,-100.172891,0,0,0,
25.700452,-100.171894,0,0,0,19026_0448
25.700452,-100.170897,0,0,0,19026_0448
25.700452,-100.169901,0,0,0,19026_0448
25.700452,-100.168904,1,1,0,19026_0448
25.700452,-100.167907,1,1,0,19026_0448
25.700452,-100.16691,1,1,0,19026_0448
25.700452,-100.165913,1,1,0,19026_0448
25.700452,-100.164916,1,1,0,19026_0448
25.700452,-100.163919,1,1,0,
25.700452,-100.162922,0,0,0,
25.700452,-100.161925,0,0,0,
25.700452,-100.115069,1,1,0,
25.700452,-100.114072,1,1,0,
25.700452,-100.113076,1,1,0,
25.700452,-100.112079,1,1,0,
25.700452,-100.111082,1,1,0,
25.700452,-100.110085,1,1,0,
25.701357,-100.466986,1,1,0,
25.701357,-100.465989,1,1,0,
25.701357,-100.464992,1,1,0,
25.701357,-100.463995,1,1,0,
25.701357,-100.462998,1,1,0,
25.701357,-100.462001,1,1,0,19048_0220
25.701357,-100.461004,0,0,0,19048_0220
25.701357,-100.460007,0,0,0,19048_0220
25.701357,-100.45901,0,0,0,19048_0220
25.701357,-100.458013,0,0,0,19048_0220
25.701357,-100.457017,0,0,0,
25.701357,-100.45602,0,0,0,
25.701357,-100.455023,0,0,0,
25.701357,-100.454026,0,0,0,
25.701357,-100.453029,0,0,0,
25.701357,-100.366296,0,0,0,
25.701357,-100.365299,0,0,0,
25.701357,-100.364302,0,0,0,
25.701357,-100.363305,0,0,0,
25.701357,-100.362308,0,0,0,
25.701357,-100.361311,0,0,0,19039_0257
25.701357,-100.360314,0,0,0,19039_0257
25.701357,-100.359317,0,0,0,19039_0257
25.701357,-100.35832,0,0,0,19039_0257
25.701357,-100.357324,0,0,0,19039_0257
25.701357,-100.356327,0,0,0,19039_0257
25.701357,-100.35533,0,0,0,19039_0257
25.701357,-100.354333,0,0,0,19039_0257
25.701357,-100.353336,0,0,0,19039_0257
25.701357,-100.352339,0,0,0,19039_0257
25.701357,-100.351342,0,0,0,
25.701357,-100.350345,0,0,0,
25.701357,-100.349348,0,0,0,
25.701357,-100.336388,1,1,0,
25.701357,-100.335391,1,1,0,
25.701357,-100.334394,1,1,0,
25.701357,-100.333397,1,1,0,
25.701357,-100.3324,0,0,0,
25.701357,-100.331403,1,1,0,19039_0318
25.701357,-100.330406,1,1,0,19039_0318
25.701357,-100.329409,1,1,0,19039_0318
25.701357,-100.328413,1,1,0,19039_0318
25.701357,-100.327416,1,1,0,19039_0318
25.701357,-100.326419,0,0,0,19039_0085
25.701357,-100.325422,0,0,0,19039_0085
25.701357,-100.324425,0,0,0,19039_0085
25.701357,-100.323428,1,1,0,19039_0085
25.701357,-100.322431,1,1,0,19039_0085
25.701357,-100.321434,1,1,0,19039_0085
25.701357,-100.320437,1,1,0,19039_0085
25.701357,-100.31944,1,1,0,19039_0085
25.701357,-100.318443,1,1,0,19039_0085
25.701357,-100.317446,0,0,0,19039_0085
25.701357,-100.316449,0,0,0,19039_0085
25.701357,-100.315452,0,0,0,
25.701357,-100.314455,0,0,0,
25.701357,-100.313459,0,0,0,
25.701357,-100.290529,1,1,0,
25.701357,-100.289532,1,1,0,
25.701357,-100.288535,3,3,0,
25.701357,-100.287538,3,3,0,
25.701357,-100.286541,3,3,0,
25.701357,-100.285545,2,2,0,
25.701357,-100.284548,2,2,0,
25.701357,-100.283551,3,3,0,
25.701357,-100.282554,2,2,0,
25.701357,-100.281557,2,2,0,
25.701357,-100.28056,1,1,0,
25.701357,-100.279563,1,1,0,
25.701357,-100.278566,1,1,0,
25.701357,-100.251649,1,1,0,
25.701357,-100.250652,1,1,0,
25.701357,-100.249655,1,1,0,
25.701357,-100.248658,1,1,0,
25.701357,-100.191833,1,1,0,
25.701357,-100.190836,1,1,0,
25.701357,-100.174885,0,0,0,
25.701357,-100.173888,0,0,0,
25.701357,-100.172891,0,0,0,
25.701357,-100.171894,0,0,0,19026_0448
25.701357,-100.170897,0,0,0,19026_0448
25.701357,-100.169901,0,0,0,19026_0448
25.701357,-100.168904,0,0,0,19026_0448
25.701357,-100.167907,1,1,0,19026_0448
25.701357,-100.16691,1,1,0,19026_0448
25.701357,-100.165913,1,1,0,19026_0448
25.701357,-100.164916,1,1,0,19026_0448
25.701357,-100.163919,0,0,0,
25.701357,-100.162922,0,0,0,
25.701357,-100.161925,0,0,0,
25.701357,-100.160928,0,0,0,
25.701357,-100.159931,0,0,0,
25.701357,-100.114072,1,1,0,
25.701357,-100.113076,1,1,0,
25.701357,-100.112079,1,1,0,
25.701357,-100.111082,1,1,0,
25.702261,-100.50786,1,1,0,
25.702261,-100.506863,1,1,0,
25.702261,-100.505866,1,1,0,
25.702261,-100.466986,1,1,0,
25.702261,-100.465989,1,1,0,
25.702261,-100.464992,1,1,0,
25.702261,-100.463995,1,1,0,
25.702261,-100.462998,1,1,0,
25.702261,-100.462001,0,0,0,
25.702261,-100.461004,0,0,0,19048_0220
25.702261,-100.460007,0,0,0,19048_0220
25.702261,-100.45901,0,0,0,
25.702261,-100.458013,0,0,0,
25.702261,-100.457017,0,0,0,
25.702261,-100.45602,0,0,0,
25.702261,-100.455023,0,0,0,
25.702261,-100.454026,0,0,0,
25.702261,-100.366296,0,0,0,
25.702261,-100.365299,0,0,0,
25.702261,-100.364302,0,0,0,
25.702261,-100.363305,0,0,0,19039_0257
25.702261,-100.362308,0,0,0,19039_0257
25.702261,-100.361311,0,0,0,19039_0257
25.702261,-100.360314,0,0,0,19039_0257
25.702261,-100.359317,0,0,0,19039_0257
25.702261,-100.35832,0,0,0,19039_0257
25.702261,-100.357324,0,0,0,19039_0257
25.702261,-100.356327,0,0,0,19039_0257
25.702261,-100.35533,0,0,0,19039_0257
25.702261,-100.354333,0,0,0,
25.702261,-100.353336,0,0,0,
25.702261,-100.352339,0,0,0,
25.702261,-100.351342,0,0,0,
25.702261,-100.350345,0,0,0,
25.702261,-100.335391,0,0,0,
25.702261,-100.334394,0,0,0,
25.702261,-100.333397,0,0,0,
25.702261,-100.3324,0,0,0,19039_0318
25.702261,-100.331403,1,1,0,19039_0318
25.702261,-100.330406,1,1,0,19039_0318
25.702261,-100.329409,1,1,0,19039_0318
25.702261,-100.328413,1,1,0,19039_0318
25.702261,-100.327416,1,1,0,19039_0318
25.702261,-100.326419,0,0,0,19039_0085
25.702261,-100.325422,0,0,0,19039_0085
25.702261,-100.324425,0,0,0,19039_0085
25.702261,-100.323428,1,1,0,19039_0085
25.702261,-100.322431,1,1,0,19039_0085
25.702261,-100.321434,1,1,0,19039_0085
25.702261,-100.320437,1,1,0,19039_0085
25.702261,-100.31944,1,1,0,19039_0085
25.702261,-100.318443,1,1,0,19039_0085
25.702261,-100.317446,0,0,0,19039_0085
25.702261,-100.316449,0,0,0,19039_0085
25.702261,-100.315452,0,0,0,
25.702261,-100.314455,0,0,0,
25.702261,-100.313459,0,0,0,
25.702261,-100.289532,1,1,0,
25.702261,-100.288535,2,2,0,
25.702261,-100.287538,3,3,0,
25.702261,-100.286541,2,2,0,
25.702261,-100.285545,2,2,0,
25.702261,-100.284548,2,2,0,
25.702261,-100.283551,3,3,0,
25.702261,-100.282554,1,1,0,
25.702261,-100.281557,1,1,0,
25.702261,-100.28056,1,1,0,
25.702261,-100.279563,1,1,0,
25.702261,-100.278566,1,1,0,
25.702261,-100.266603,1,1,0,
25.702261,-100.265606,1,1,0,
25.702261,-100.264609,1,1,0,
25.702261,-100.19283,1,1,0,
25.702261,-100.191833,1,1,0,
25.702261,-100.190836,1,1,0,
25.702261,-100.189839,1,1,0,
25.702261,-100.174885,0,0,0,
25.702261,-100.173888,0,0,0,
25.702261,-100.172891,0,0,0,
25.702261,-100.171894,0,0,0,19026_0448
25.702261,-100.170897,0,0,0,19026_0448
25.702261,-100.169901,0,0,0,19026_0448
25.702261,-100.168904,0,0,0,19026_0448
25.702261,-100.167907,0,0,0,19026_0448
25.702261,-100.16691,1,1,0,19026_0448
25.702261,-100.165913,1,1,0,19026_0448
25.702261,-100.164916,0,0,0,19026_0448
25.702261,-100.163919,0,0,0,
25.702261,-100.162922,0,0,0,
25.702261,-100.161925,0,0,0,
25.702261,-100.160928,0,0,0,
25.702261,-100.159931,0,0,0,
25.702261,-100.158934,0,0,0,
25.703165,-100.508857,1,1,0,
25.703165,-100.50786,1,1,0,
25.703165,-100.506863,1,1,0,
25.703165,-100.505866,1,1,0,
25.703165,-100.504869,1,1,0,
25.703165,-100.466986,1,1,0,
25.703165,-100.465989,1,1,0,
25.703165,-100.464992,1,1,0,
25.703165,-100.463995,1,1,0,
25.703165,-100.462998,1,1,0,
25.703165,-100.462001,0,0,0,
25.703165,-100.461004,0,0,0,
25.703165,-100.460007,0,0,0,
25.703165,-100.45901,0,0,0,
25.703165,-100.458013,0,0,0,
25.703165,-100.457017,0,0,0,
25.703165,-100.45602,0,0,0,
25.703165,-100.455023,0,0,0,
25.703165,-100.366296,0,0,0,
25.703165,-100.365299,0,0,0,
25.703165,-100.364302,0,0,0,
25.703165,-100.363305,0,0,0,19039_0257
25.703165,-100.362308,0,0,0,19039_0257
25.703165,-100.361311,0,0,0,19039_0257
25.703165,-100.360314,0,0,0,19039_0257
25.703165,-100.359317,0,0,0,19039_0257
25.703165,-100.35832,0,0,0,
25.703165,-100.357324,0,0,0,
25.703165,-100.356327,0,0,0,
25.703165,-100.35533,0,0,0,
25.703165,-100.354333,0,0,0,
25.703165,-100.353336,0,0,0,
25.703165,-100.352339,0,0,0,
25.703165,-100.351342,0,0,0,
25.703165,-100.350345,0,0,0,
25.703165,-100.335391,0,0,0,
25.703165,-100.334394,1,1,0,
25.703165,-100.333397,1,1,0,
25.703165,-100.3324,1,1,0,19039_0318
25.703165,-100.331403,2,2,0,19039_0318
25.703165,-100.330406,1,1,0,19039_0318
25.703165,-100.329409,1,1,0,19039_0318
25.703165,-100.328413,1,1,0,19039_0318
25.703165,-100.327416,1,1,0,19039_0318
25.703165,-100.326419,1,1,0,19039_0318
25.703165,-100.325422,0,0,0,19039_0085
25.703165,-100.324425,0,0,0,19039_0085
25.703165,-100.323428,1,1,0,19039_0085
25.703165,-100.322431,1,1,0,19039_0085
25.703165,-100.321434,1,1,0,19039_0085
25.703165,-100.320437,1,1,0,19039_0085
25.703165,-100.31944,1,1,0,19039_0085
25.703165,-100.318443,1,1,0,19039_0085
25.703165,-100.317446,0,0,0,19039_0085
25.703165,-100.316449,0,0,0,19039_0085
25.703165,-100.315452,0,0,0,
25.703165,-100.314455,0,0,0,
25.703165,-100.313459,0,0,0,
25.703165,-100.300498,1,1,0,
25.703165,-100.288535,1,1,0,
25.703165,-100.287538,2,2,0,
25.703165,-100.286541,2,2,0,
25.703165,-100.285545,2,2,0,
25.703165,-100.284548,2,2,0,
25.703165,-100.283551,1,1,0,
25.703165,-100.282554,1,1,0,
25.703165,-100.281557,1,1,0,
25.703165,-100.28056,1,1,0,
25.703165,-100.279563,1,1,0,
25.703165,-100.278566,1,1,0,
25.703165,-100.2676,1,1,0,
25.703165,-100.266603,1,1,0,
25.703165,-100.265606,1,1,0,
25.703165,-100.264609,1,1,0,
25.703165,-100.263612,1,1,0,
25.703165,-100.193827,1,1,0,
25.703165,-100.19283,1,1,0,
25.703165,-100.191833,1,1,0,
25.703165,-100.190836,1,1,0,
25.703165,-100.189839,1,1,0,
25.703165,-100.188842,1,1,0,
25.703165,-100.174885,0,0,0,
25.703165,-100.173888,0,0,0,
25.703165,-100.172891,0,0,0,
25.703165,-100.171894,0,0,0,19026_0448
25.703165,-100.170897,1,1,0,19026_0448
25.703165,-100.169901,1,1,0,19026_0448
25.703165,-100.168904,1,1,0,19026_0448
25.703165,-100.167907,1,1,0,19026_0448
25.703165,-100.16691,0,0,0,19026_0448
25.703165,-100.165913,0,0,0,19026_0448
25.703165,-100.164916,0,0,0,19026_0448
25.703165,-100.163919,0,0,0,19026_0448
25.703165,-100.162922,0,0,0,19026_0448
25.703165,-100.161925,0,0,0,
25.703165,-100.160928,0,0,0,
25.703165,-100.159931,0,0,0,
25.703165,-100.158934,0,0,0,
25.703165,-100.128029,1,1,0,
25.703165,-100.127033,1,1,0,
25.703165,-100.126036,1,1,0,
25.70407,-100.509854,1,1,0,
25.70407,-100.508857,1,1,0,
25.70407,-100.50786,1,1,0,
25.70407,-100.506863,2,2,0,
25.70407,-100.505866,2,2,0,
25.70407,-100.504869,1,1,0,
25.70407,-100.463995,0,0,0,
25.70407,-100.462998,0,0,0,
25.70407,-100.462001,0,0,0,
25.70407,-100.461004,0,0,0,
25.70407,-100.460007,0,0,0,
25.70407,-100.45901,0,0,0,
25.70407,-100.458013,0,0,0,
25.70407,-100.457017,0,0,0,
25.70407,-100.366296,0,0,0,
25.70407,-100.365299,0,0,0,
25.70407,-100.364302,0,0,0,
25.70407,-100.363305,0,0,0,
25.70407,-100.362308,0,0,0,19039_0257
25.70407,-100.361311,0,0,0,19039_0257
25.70407,-100.360314,0,0,0,
25.70407,-100.359317,0,0,0,
25.70407,-100.35832,0,0,0,
25.70407,-100.357324,0,0,0,
25.70407,-100.356327,0,0,0,
25.70407,-100.35533,0,0,0,
25.70407,-100.354333,0,0,0,
25.70407,-100.353336,0,0,0,
25.70407,-100.352339,0,0,0,
25.70407,-100.335391,1,1,0,
25.70407,-100.334394,1,1,0,
25.70407,-100.333397,1,1,0,
25.70407,-100.3324,1,1,0,19039_0318
25.70407,-100.331403,2,2,0,19039_0318
25.70407,-100.330406,2,2,0,19039_0318
25.70407,-100.329409,1,1,0,19039_0318
25.70407,-100.328413,1,1,0,19039_0318
25.70407,-100.327416,1,1,0,19039_0318
25.70407,-100.326419,1,1,0,
25.70407,-100.325422,0,0,0,
25.70407,-100.324425,0,0,0,19039_0085
25.70407,-100.323428,0,0,0,19039_0085
25.70407,-100.322431,1,1,0,19039_0085
25.70407,-100.321434,1,1,0,19039_0085
25.70407,-100.320437,1,1,0,19039_0085
25.70407,-100.31944,1,1,0,19039_0085
25.70407,-100.318443,1,1,0,19039_0085
25.70407,-100.317446,0,0,0,19039_0085
25.70407,-100.316449,0,0,0,19039_0085
25.70407,-100.315452,0,0,0,
25.70407,-100.314455,0,0,0,
25.70407,-100.313459,0,0,0,
25.70407,-100.312462,0,0,0,
25.70407,-100.302492,1,1,0,
25.70407,-100.301495,1,1,0,
25.70407,-100.300498,1,1,0,
25.70407,-100.299502,1,1,0,
25.70407,-100.298505,1,1,0,
25.70407,-100.287538,1,1,0,
25.70407,-100.286541,1,1,0,
25.70407,-100.285545,1,1,0,
25.70407,-100.284548,1,1,0,
25.70407,-100.282554,1,1,0,
25.70407,-100.281557,1,1,0,
25.70407,-100.28056,1,1,0,
25.70407,-100.279563,1,1,0,
25.70407,-100.278566,1,1,0,
25.70407,-100.268597,1,1,0,
25.70407,-100.2676,1,1,0,
25.70407,-100.266603,1,1,0,
25.70407,-100.265606,1,1,0,
25.70407,-100.264609,1,1,0,
25.70407,-100.263612,1,1,0,
25.70407,-100.193827,1,1,0,
25.70407,-100.19283,1,1,0,
25.70407,-100.191833,1,1,0,
25.70407,-100.190836,1,1,0,
25.70407,-100.189839,1,1,0,
25.70407,-100.188842,1,1,0,
25.70407,-100.174885,0,0,0,
25.70407,-100.173888,0,0,0,
25.70407,-100.172891,0,0,0,
25.70407,-100.171894,1,1,0,19026_0448
25.70407,-100.170897,1,1,0,19026_0448
25.70407,-100.169901,1,1,0,19026_0448
25.70407,-100.168904,2,2,0,19026_0448
25.70407,-100.167907,2,2,0,19026_0448
25.70407,-100.16691,2,2,0,19026_0448
25.70407,-100.165913,1,1,0,19026_0448
25.70407,-100.164916,0,0,0,19026_0448
25.70407,-100.163919,0,0,0,19026_0448
25.70407,-100.162922,0,0,0,19026_0448
25.70407,-100.161925,0,0,0,19026_0448
25.70407,-100.160928,0,0,0,
25.70407,-100.159931,0,0,0,
25.70407,-100.158934,0,0,0,
25.70407,-100.129026,1,1,0,
25.70407,-100.128029,1,1,0,
25.70407,-100.127033,1,1,0,
25.70407,-100.126036,1,1,0,
25.70407,-100.125039,1,1,0,
25.704974,-100.509854,1,1,0,
25.704974,-100.508857,1,1,0,
25.704974,-100.50786,2,2,0,
25.704974,-100.506863,2,2,0,
25.704974,-100.505866,2,2,0,
25.704974,-100.504869,2,2,0,
25.704974,-100.503872,1,1,0,
25.704974,-100.462998,0,0,0,
25.704974,-100.462001,0,0,0,
25.704974,-100.461004,0,0,0,
25.704974,-100.460007,0,0,0,
25.704974,-100.45901,0,0,0,
25.704974,-100.365299,0,0,0,
25.704974,-100.364302,0,0,0,
25.704974,-100.363305,0,0,0,
25.704974,-100.362308,0,0,0,
25.704974,-100.361311,0,0,0,
25.704974,-100.360314,0,0,0,
25.704974,-100.359317,0,0,0,
25.704974,-100.35832,0,0,0,
25.704974,-100.357324,0,0,0,
25.704974,-100.356327,0,0,0,
25.704974,-100.35533,0,0,0,
25.704974,-100.354333,0,0,0,
25.704974,-100.335391,1,1,0,
25.704974,-100.334394,1,1,0,
25.704974,-100.333397,1,1,0,
25.704974,-100.3324,1,1,0,
25.704974,-100.331403,2,2,0,
25.704974,-100.330406,2,2,0,
25.704974,-100.329409,1,1,0,
25.704974,-100.328413,1,1,0,
25.704974,-100.327416,1,1,0,
25.704974,-100.326419,0,0,0,19039_0518
25.704974,-100.325422,0,0,0,19039_0518
25.704974,-100.324425,0,0,0,
25.704974,-100.323428,0,0,0,
25.704974,-100.322431,1,1,0,
25.704974,-100.321434,1,1,0,
25.704974,-100.320437,1,1,0,
25.704974,-100.31944,1,1,0,
25.704974,-100.318443,0,0,0,
25.704974,-100.317446,0,0,0,
25.704974,-100.316449,0,0,0,
25.704974,-100.315452,0,0,0,
25.704974,-100.314455,0,0,0,
25.704974,-100.313459,0,0,0,
25.704974,-100.302492,1,1,0,
25.704974,-100.301495,1,1,0,
25.704974,-100.300498,1,1,0,
25.704974,-100.299502,1,1,0,
25.704974,-100.298505,1,1,0,
25.704974,-100.282554,1,1,0,
25.704974,-100.281557,1,1,0,
25.704974,-100.28056,1,1,0,
25.704974,-100.279563,1,1,0,
25.704974,-100.268597,1,1,0,
25.704974,-100.2676,1,1,0,
25.704974,-100.266603,1,1,0,
25.704974,-100.265606,1,1,0,
25.704974,-100.264609,1,1,0,
25.704974,-100.263612,1,1,0,
25.704974,-100.193827,1,1,0,
25.704974,-100.19283,1,1,0,
25.704974,-100.191833,1,1,0,
25.704974,-100.190836,1,1,0,
25.704974,-100.189839,1,1,0,
25.704974,-100.188842,1,1,0,
25.704974,-100.174885,0,0,0,
25.704974,-100.173888,0,0,0,
25.704974,-100.172891,0,0,0,
25.704974,-100.171894,1,1,0,19026_0448
25.704974,-100.170897,1,1,0,19026_0448
25.704974,-100.169901,2,2,0,19026_0448
25.704974,-100.168904,2,2,0,19026_0448
25.704974,-100.167907,2,2,0,19026_0448
25.704974,-100.16691,2,2,0,19026_0448
25.704974,-100.165913,1,1,0,19026_0448
25.704974,-100.164916,0,0,0,19026_0448
25.704974,-100.163919,0,0,0,19026_0448
25.704974,-100.162922,0,0,0,19026_0448
25.704974,-100.161925,0,0,0,19026_0448
25.704974,-100.160928,0,0,0,
25.704974,-100.159931,0,0,0,
25.704974,-100.158934,0,0,0,
25.704974,-100.129026,1,1,0,
25.704974,-100.128029,1,1,0,
25.704974,-100.127033,1,1,0,
25.704974,-100.126036,1,1,0,
25.704974,-100.125039,1,1,0,
25.704974,-100.124042,1,1,0,
25.704974,-100.086158,1,1,0,
25.704974,-100.085161,1,1,0,
25.704974,-100.084165,1,1,0,
25.705878,-100.508857,2,2,0,
25.705878,-100.50786,2,2,0,
25.705878,-100.506863,2,2,0,
25.705878,-100.505866,2,2,0,
25.705878,-100.504869,2,2,0,
25.705878,-100.503872,1,1,0,
25.705878,-100.461004,0,0,0,
25.705878,-100.364302,0,0,0,
25.705878,-100.363305,0,0,0,
25.705878,-100.362308,0,0,0,
25.705878,-100.361311,0,0,0,
25.705878,-100.360314,0,0,0,
25.705878,-100.359317,0,0,0,
25.705878,-100.35832,0,0,0,
25.705878,-100.335391,1,1,0,
25.705878,-100.334394,1,1,0,
25.705878,-100.333397,1,1,0,
25.705878,-100.3324,1,1,0,
25.705878,-100.331403,1,1,0,
25.705878,-100.330406,1,1,0,
25.705878,-100.329409,1,1,0,
25.705878,-100.328413,0,0,0,
25.705878,-100.327416,0,0,0,
25.705878,-100.326419,0,0,0,19039_0518
25.705878,-100.325422,0,0,0,19039_0518
25.705878,-100.324425,0,0,0,
25.705878,-100.323428,0,0,0,
25.705878,-100.322431,0,0,0,
25.705878,-100.321434,0,0,0,
25.705878,-100.320437,0,0,0,
25.705878,-100.31944,0,0,0,
25.705878,-100.318443,0,0,0,
25.705878,-100.317446,0,0,0,
25.705878,-100.316449,0,0,0,
25.705878,-100.315452,0,0,0,
25.705878,-100.314455,0,0,0,
25.705878,-100.313459,0,0,0,
25.705878,-100.312462,1,1,0,
25.705878,-100.311465,1,1,0,
25.705878,-100.310468,1,1,0,
25.705878,-100.309471,1,1,0,
25.705878,-100.303489,1,1,0,
25.705878,-100.302492,2,2,0,
25.705878,-100.301495,2,2,0,
25.705878,-100.300498,1,1,0,
25.705878,-100.299502,1,1,0,
25.705878,-100.298505,1,1,0,
25.705878,-100.268597,1,1,0,
25.705878,-100.2676,1,1,0,
25.705878,-100.266603,1,1,0,
25.705878,-100.265606,1,1,0,
25.705878,-100.264609,1,1,0,
25.705878,-100.263612,1,1,0,
25.705878,-100.215759,1,1,0,
25.705878,-100.214762,1,1,0,
25.705878,-100.213766,1,1,0,
25.705878,-100.212769,1,1,0,
25.705878,-100.19283,1,1,0,
25.705878,-100.191833,1,1,0,
25.705878,-100.190836,1,1,0,
25.705878,-100.189839,1,1,0,
25.705878,-100.174885,0,0,0,
25.705878,-100.173888,0,0,0,
25.705878,-100.172891,0,0,0,
25.705878,-100.171894,1,1,0,
25.705878,-100.170897,1,1,0,
25.705878,-100.169901,2,2,0,
25.705878,-100.168904,2,2,0,
25.705878,-100.167907,2,2,0,
25.705878,-100.16691,2,2,0,
25.705878,-100.165913,1,1,0,
25.705878,-100.164916,1,1,0,
25.705878,-100.163919,0,0,0,
25.705878,-100.162922,0,0,0,
25.705878,-100.161925,0,0,0,
25.705878,-100.160928,0,0,0,
25.705878,-100.159931,0,0,0,
25.705878,-100.158934,0,0,0,
25.705878,-100.157937,0,0,0,
25.705878,-100.129026,1,1,0,
25.705878,-100.128029,1,1,0,
25.705878,-100.127033,1,1,0,
25.705878,-100.126036,1,1,0,
25.705878,-100.125039,1,1,0,
25.705878,-100.124042,1,1,0,
25.705878,-100.089149,1,1,0,
25.705878,-100.088152,1,1,0,
25.705878,-100.087155,1,1,0,
25.705878,-100.086158,1,1,0,
25.705878,-100.085161,1,1,0,
25.705878,-100.084165,1,1,0,
25.705878,-100.083168,1,1,0,
25.706783,-100.508857,1,1,0,
25.706783,-100.50786,2,2,0,
25.706783,-100.506863,2,2,0,
25.706783,-100.505866,2,2,0,
25.706783,-100.504869,1,1,0,
25.706783,-100.503872,1,1,0,
25.706783,-100.364302,0,0,0,
25.706783,-100.363305,0,0,0,
25.706783,-100.362308,0,0,0,
25.706783,-100.361311,0,0,0,
25.706783,-100.360314,0,0,0,
25.706783,-100.334394,1,1,0,
25.706783,-100.333397,1,1,0,
25.706783,-100.3324,1,1,0,
25.706783,-100.331403,1,1,0,
25.706783,-100.330406,0,0,0,
25.706783,-100.329409,0,0,0,
25.706783,-100.328413,0,0,0,
25.706783,-100.327416,0,0,0,
25.706783,-100.326419,0,0,0,19039_0518
25.706783,-100.325422,0,0,0,19039_0518
25.706783,-100.324425,0,0,0,
25.706783,-100.323428,0,0,0,
25.706783,-100.322431,0,0,0,
25.706783,-100.321434,0,0,0,
25.706783,-100.320437,0,0,0,
25.706783,-100.31944,0,0,0,
25.706783,-100.318443,0,0,0,
25.706783,-100.317446,0,0,0,
25.706783,-100.316449,0,0,0,
25.706783,-100.315452,0,0,0,
25.706783,-100.314455,0,0,0,
25.706783,-100.313459,1,1,0,
25.706783,-100.312462,1,1,0,
25.706783,-100.311465,1,1,0,
25.706783,-100.310468,1,1,0,
25.706783,-100.309471,1,1,0,
25.706783,-100.308474,1,1,0,
25.706783,-100.304486,1,1,0,
25.706783,-100.303489,1,1,0,
25.706783,-100.302492,2,2,0,
25.706783,-100.301495,2,2,0,
25.706783,-100.300498,2,2,0,
25.706783,-100.299502,1,1,0,
25.706783,-100.298505,1,1,0,
25.706783,-100.2676,1,1,0,
25.706783,-100.266603,1,1,0,
25.706783,-100.265606,1,1,0,
25.706783,-100.264609,1,1,0,
25.706783,-100.216756,1,1,0,
25.706783,-100.215759,1,1,0,
25.706783,-100.214762,1,1,0,
25.706783,-100.213766,1,1,0,
25.706783,-100.212769,1,1,0,
25.706783,-100.211772,1,1,0,
25.706783,-100.173888,0,0,0,
25.706783,-100.172891,0,0,0,
25.706783,-100.171894,1,1,0,
25.706783,-100.170897,1,1,0,
25.706783,-100.169901,2,2,0,
25.706783,-100.168904,2,2,0,
25.706783,-100.167907,2,2,0,
25.706783,-100.16691,2,2,0,
25.706783,-100.165913,1,1,0,
25.706783,-100.164916,1,1,0,
25.706783,-100.163919,0,0,0,
25.706783,-100.162922,0,0,0,
25.706783,-100.161925,0,0,0,
25.706783,-100.160928,0,0,0,
25.706783,-100.159931,0,0,0,
25.706783,-100.158934,0,0,0,
25.706783,-100.129026,1,1,0,
25.706783,-100.128029,1,1,0,
25.706783,-100.127033,1,1,0,
25.706783,-100.126036,1,1,0,
25.706783,-100.125039,1,1,0,
25.706783,-100.124042,1,1,0,
25.706783,-100.090146,1,1,0,
25.706783,-100.089149,1,1,0,
25.706783,-100.088152,1,1,0,
25.706783,-100.087155,2,2,0,
25.706783,-100.086158,1,1,0,
25.706783,-100.085161,1,1,0,
25.706783,-100.084165,1,1,0,
25.706783,-100.083168,1,1,0,
25.706783,-100.082171,1,1,0,
25.707687,-100.508857,1,1,0,
25.707687,-100.50786,1,1,0,
25.707687,-100.506863,1,1,0,
25.707687,-100.505866,1,1,0,
25.707687,-100.504869,1,1,0,
25.707687,-100.503872,1,1,0,
25.707687,-100.362308,0,0,0,
25.707687,-100.361311,0,0,0,
25.707687,-100.333397,1,1,0,
25.707687,-100.3324,1,1,0,
25.707687,-100.329409,0,0,0,
25.707687,-100.328413,0,0,0,
25.707687,-100.327416,0,0,0,
25.707687,-100.326419,0,0,0,19039_0518
25.707687,-100.325422,0,0,0,19039_0518
25.707687,-100.324425,0,0,0,
25.707687,-100.323428,0,0,0,
25.707687,-100.322431,0,0,0,
25.707687,-100.321434,0,0,0,
25.707687,-100.313459,1,1,0,
25.707687,-100.312462,1,1,0,
25.707687,-100.311465,1,1,0,
25.707687,-100.310468,1,1,0,
25.707687,-100.309471,1,1,0,
25.707687,-100.308474,1,1,0,
25.707687,-100.304486,1,1,0,
25.707687,-100.303489,1,1,0,
25.707687,-100.302492,2,2,0,
25.707687,-100.301495,3,3,0,
25.707687,-100.300498,2,2,0,
25.707687,-100.299502,2,2,0,
25.707687,-100.298505,1,1,0,
25.707687,-100.230713,1,1,0,
25.707687,-100.229716,1,1,0,
25.707687,-100.228719,1,1,0,
25.707687,-100.216756,1,1,0,
25.707687,-100.215759,1,1,0,
25.707687,-100.214762,1,1,0,
25.707687,-100.213766,1,1,0,
25.707687,-100.212769,1,1,0,
25.707687,-100.211772,1,1,0,
25.707687,-100.210775,1,1,0,
25.707687,-100.209778,1,1,0,
25.707687,-100.208781,1,1,0,
25.707687,-100.173888,0,0,0,
25.707687,-100.172891,0,0,0,
25.707687,-100.171894,0,0,0,
25.707687,-100.170897,1,1,0,
25.707687,-100.169901,2,2,0,
25.707687,-100.168904,2,2,0,
25.707687,-100.167907,2,2,0,
25.707687,-100.16691,1,1,0,
25.707687,-100.165913,1,1,0,
25.707687,-100.164916,0,0,0,
25.707687,-100.163919,0,0,0,
25.707687,-100.162922,0,0,0,
25.707687,-100.161925,0,0,0,
25.707687,-100.160928,0,0,0,
25.707687,-100.159931,1,1,0,
25.707687,-100.158934,1,1,0,
25.707687,-100.157937,1,1,0,
25.707687,-100.128029,1,1,0,
25.707687,-100.127033,1,1,0,
25.707687,-100.126036,1,1,0,
25.707687,-100.125039,1,1,0,
25.707687,-100.091143,1,1,0,
25.707687,-100.090146,1,1,0,
25.707687,-100.089149,1,1,0,
25.707687,-100.088152,1,1,0,
25.707687,-100.087155,2,2,0,
25.707687,-100.086158,2,2,0,
25.707687,-100.085161,1,1,0,
25.707687,-100.084165,1,1,0,
25.707687,-100.083168,1,1,0,
25.707687,-100.082171,1,1,0,
25.708592,-100.50786,1,1,0,
25.708592,-100.506863,1,1,0,
25.708592,-100.505866,1,1,0,
25.708592,-100.504869,1,1,0,
25.708592,-100.330406,0,0,0,
25.708592,-100.329409,0,0,0,
25.708592,-100.328413,0,0,0,
25.708592,-100.327416,0,0,0,19039_0518
25.708592,-100.326419,0,0,0,19039_0518
25.708592,-100.325422,0,0,0,19039_0518
25.708592,-100.324425,0,0,0,19039_0518
25.708592,-100.323428,0,0,0,
25.708592,-100.322431,0,0,0,
25.708592,-100.321434,0,0,0,
25.708592,-100.313459,1,1,0,
25.708592,-100.312462,1,1,0,
25.708592,-100.311465,1,1,0,
25.708592,-100.310468,1,1,0,
25.708592,-100.309471,1,1,0,
25.708592,-100.308474,1,1,0,
25.708592,-100.304486,1,1,0,
25.708592,-100.303489,2,2,0,
25.708592,-100.302492,2,2,0,
25.708592,-100.301495,2,2,0,
25.708592,-100.300498,2,2,0,
25.708592,-100.299502,2,2,0,
25.708592,-100.265606,0,0,0,
25.708592,-100.264609,0,0,0,
25.708592,-100.263612,0,0,0,
25.708592,-100.262615,0,0,0,
25.708592,-100.250652,1,1,0,
25.708592,-100.23171,1,1,0,
25.708592,-100.230713,1,1,0,
25.708592,-100.229716,1,1,0,
25.708592,-100.228719,1,1,0,
25.708592,-100.227723,1,1,0,
25.708592,-100.216756,1,1,0,
25.708592,-100.215759,1,1,0,
25.708592,-100.214762,1,1,0,
25.708592,-100.213766,2,2,0,
25.708592,-100.212769,1,1,0,
25.708592,-100.211772,2,2,0,
25.708592,-100.210775,1,1,0,
25.708592,-100.209778,1,1,0,
25.708592,-100.208781,1,1,0,
25.708592,-100.207784,1,1,0,
25.708592,-100.20579,1,1,0,
25.708592,-100.204793,1,1,0,
25.708592,-100.203796,1,1,0,
25.708592,-100.167907,1,1,0,
25.708592,-100.160928,1,1,0,
25.708592,-100.159931,1,1,0,
25.708592,-100.158934,1,1,0,
25.708592,-100.157937,1,1,0,
25.708592,-100.15694,1,1,0,
25.708592,-100.091143,1,1,0,
25.708592,-100.090146,1,1,0,
25.708592,-100.089149,1,1,0,
25.708592,-100.088152,1,1,0,
25.708592,-100.087155,2,2,0,
25.708592,-100.086158,2,2,0,
25.708592,-100.085161,1,1,0,
25.708592,-100.084165,1,1,0,
25.708592,-100.083168,1,1,0,
25.709496,-100.356327,1,1,0,
25.709496,-100.330406,0,0,0,
25.709496,-100.329409,0,0,0,
25.709496,-100.328413,0,0,0,
25.709496,-100.327416,0,0,0,19039_0518
25.709496,-100.326419,0,0,0,19039_0518
25.709496,-100.325422,0,0,0,19039_0518
25.709496,-100.324425,0,0,0,19039_0518
25.709496,-100.323428,0,0,0,
25.709496,-100.322431,0,0,0,
25.709496,-100.321434,0,0,0,
25.709496,-100.312462,1,1,0,
25.709496,-100.311465,1,1,0,
25.709496,-100.310468,1,1,0,
25.709496,-100.309471,1,1,0,
25.709496,-100.304486,2,2,0,
25.709496,-100.303489,2,2,0,
25.709496,-100.302492,2,2,0,
25.709496,-100.301495,2,2,0,
25.709496,-100.300498,2,2,0,
25.709496,-100.299502,2,2,0,
25.709496,-100.266603,0,0,0,
25.709496,-100.265606,0,0,0,
25.709496,-100.264609,0,0,0,
25.709496,-100.263612,0,0,0,
25.709496,-100.262615,0,0,0,
25.709496,-100.261618,0,0,0,
25.709496,-100.260621,0,0,0,
25.709496,-100.252646,1,1,0,
25.709496,-100.251649,1,1,0,
25.709496,-100.250652,1,1,0,
25.709496,-100.249655,1,1,0,
25.709496,-100.248658,1,1,0,
25.709496,-100.23171,1,1,0,
25.709496,-100.230713,1,1,0,
25.709496,-100.229716,1,1,0,
25.709496,-100.228719,1,1,0,
25.709496,-100.227723,1,1,0,
25.709496,-100.226726,1,1,0,
25.709496,-100.215759,2,2,0,
25.709496,-100.214762,2,2,0,
25.709496,-100.213766,2,2,0,
25.709496,-100.212769,2,2,0,
25.709496,-100.211772,2,2,0,
25.709496,-100.210775,1,1,0,
25.709496,-100.209778,1,1,0,
25.709496,-100.208781,1,1,0,
25.709496,-100.207784,1,1,0,
25.709496,-100.206787,2,2,0,
25.709496,-100.20579,1,1,0,
25.709496,-100.204793,1,1,0,
25.709496,-100.203796,1,1,0,
25.709496,-100.202799,1,1,0,
25.709496,-100.160928,1,1,0,
25.709496,-100.159931,1,1,0,
25.709496,-100.158934,1,1,0,
25.709496,-100.157937,1,1,0,
25.709496,-100.15694,1,1,0,
25.709496,-100.155944,1,1,0,
25.709496,-100.091143,1,1,0,
25.709496,-100.090146,1,1,0,
25.709496,-100.089149,1,1,0,
25.709496,-100.088152,1,1,0,
25.709496,-100.087155,1,1,0,
25.709496,-100.086158,2,2,0,
25.709496,-100.085161,1,1,0,
25.709496,-100.084165,1,1,0,
25.7104,-100.35832,1,1,0,
25.7104,-100.357324,1,1,0,
25.7104,-100.356327,1,1,0,
25.7104,-100.35533,1,1,0,
25.7104,-100.354333,1,1,0,
25.7104,-100.330406,0,0,0,
25.7104,-100.329409,0,0,0,
25.7104,-100.328413,0,0,0,
25.7104,-100.327416,0,0,0,19039_0518
25.7104,-100.326419,0,0,0,19039_0518
25.7104,-100.325422,0,0,0,19039_0518
25.7104,-100.324425,0,0,0,19039_0518
25.7104,-100.323428,0,0,0,
25.7104,-100.322431,0,0,0,
25.7104,-100.321434,0,0,0,
25.7104,-100.311465,1,1,0,
25.7104,-100.310468,1,1,0,
25.7104,-100.304486,1,1,0,
25.7104,-100.303489,2,2,0,
25.7104,-100.302492,2,2,0,
25.7104,-100.301495,2,2,0,
25.7104,-100.300498,2,2,0,
25.7104,-100.299502,1,1,0,
25.7104,-100.2676,0,0,0,
25.7104,-100.266603,0,0,0,
25.7104,-100.265606,0,0,0,
25.7104,-100.264609,0,0,0,
25.7104,-100.263612,0,0,0,
25.7104,-100.262615,0,0,0,
25.7104,-100.261618,0,0,0,
25.7104,-100.260621,0,0,0,
25.7104,-100.259624,0,0,0,
25.7104,-100.252646,1,1,0,
25.7104,-100.251649,1,1,0,
25.7104,-100.250652,1,1,0,
25.7104,-100.249655,1,1,0,
25.7104,-100.248658,1,1,0,
25.7104,-100.23171,1,1,0,
25.7104,-100.230713,1,1,0,
25.7104,-100.229716,1,1,0,
25.7104,-100.228719,1,1,0,
25.7104,-100.227723,1,1,0,
25.7104,-100.226726,1,1,0,
25.7104,-100.215759,1,1,0,
25.7104,-100.214762,2,2,0,
25.7104,-100.213766,2,2,0,
25.7104,-100.212769,1,1,0,
25.7104,-100.211772,2,2,0,
25.7104,-100.210775,1,1,0,
25.7104,-100.209778,1,1,0,
25.7104,-100.208781,1,1,0,
25.7104,-100.207784,1,1,0,
25.7104,-100.206787,2,2,0,
25.7104,-100.20579,1,1,0,
25.7104,-100.204793,1,1,0,
25.7104,-100.203796,1,1,0,
25.7104,-100.202799,1,1,0,
25.7104,-100.160928,1,1,0,
25.7104,-100.159931,1,1,0,
25.7104,-100.158934,1,1,0,
25.7104,-100.157937,1,1,0,
25.7104,-100.15694,1,1,0,
25.7104,-100.090146,1,1,0,
25.7104,-100.089149,1,1,0,
25.7104,-100.088152,1,1,0,
25.7104,-100.087155,1,1,0,
25.711305,-100.35832,1,1,0,
25.711305,-100.357324,1,1,0,
25.711305,-100.356327,1,1,0,
25.711305,-100.35533,1,1,0,
25.711305,-100.354333,1,1,0,
25.711305,-100.347354,1,1,0,
25.711305,-100.346357,1,1,0,
25.711305,-100.34536,1,1,0,
25.711305,-100.330406,0,0,0,
25.711305,-100.329409,0,0,0,
25.711305,-100.328413,0,0,0,
25.711305,-100.327416,0,0,0,19039_0518
25.711305,-100.326419,0,0,0,19039_0518
25.711305,-100.325422,0,0,0,19039_0518
25.711305,-100.324425,0,0,0,19039_0518
25.711305,-100.323428,0,0,0,
25.711305,-100.322431,0,0,0,
25.711305,-100.321434,0,0,0,
25.711305,-100.304486,1,1,0,
25.711305,-100.303489,1,1,0,
25.711305,-100.302492,1,1,0,
25.711305,-100.301495,1,1,0,
25.711305,-100.300498,1,1,0,
25.711305,-100.299502,1,1,0,
25.711305,-100.268597,0,0,0,
25.711305,-100.2676,0,0,0,
25.711305,-100.266603,0,0,0,
25.711305,-100.265606,0,0,0,
25.711305,-100.264609,0,0,0,19046_0057
25.711305,-100.263612,0,0,0,19046_0057
25.711305,-100.262615,0,0,0,
25.711305,-100.261618,0,0,0,
25.711305,-100.260621,0,0,0,
25.711305,-100.259624,0,0,0,
25.711305,-100.258627,0,0,0,
25.711305,-100.253643,1,1,0,
25.711305,-100.252646,1,1,0,
25.711305,-100.251649,1,1,0,
25.711305,-100.250652,1,1,0,
25.711305,-100.249655,1,1,0,
25.711305,-100.248658,1,1,0,
25.711305,-100.23171,2,2,0,
25.711305,-100.230713,2,2,0,
25.711305,-100.229716,2,2,0,
25.711305,-100.228719,2,2,0,
25.711305,-100.227723,1,1,0,
25.711305,-100.216756,1,1,0,
25.711305,-100.215759,1,1,0,
25.711305,-100.214762,1,1,0,
25.711305,-100.213766,1,1,0,
25.711305,-100.212769,1,1,0,
25.711305,-100.211772,2,2,0,
25.711305,-100.210775,1,1,0,
25.711305,-100.209778,1,1,0,
25.711305,-100.208781,1,1,0,
25.711305,-100.207784,1,1,0,
25.711305,-100.206787,1,1,0,
25.711305,-100.20579,1,1,0,
25.711305,-100.204793,1,1,0,
25.711305,-100.203796,1,1,0,
25.711305,-100.202799,1,1,0,
25.711305,-100.160928,1,1,0,
25.711305,-100.159931,1,1,0,
25.711305,-100.158934,1,1,0,
25.711305,-100.157937,1,1,0,
25.711305,-100.15694,1,1,0,
25.711305,-100.109088,1,1,0,
25.711305,-100.108091,1,1,0,
25.711305,-100.107094,1,1,0,
25.712209,-100.36829,1,1,0,
25.712209,-100.367293,1,1,0,
25.712209,-100.366296,1,1,0,
25.712209,-100.365299,1,1,0,
25.712209,-100.35832,1,1,0,
25.712209,-100.357324,1,1,0,
25.712209,-100.356327,1,1,0,
25.712209,-100.35533,1,1,0,
25.712209,-100.354333,1,1,0,
25.712209,-100.353336,1,1,0,
25.712209,-100.348351,1,1,0,
25.712209,-100.347354,1,1,0,
25.712209,-100.346357,1,1,0,
25.712209,-100.34536,1,1,0,
25.712209,-100.344363,1,1,0,
25.712209,-100.330406,0,0,0,
25.712209,-100.329409,0,0,0,
25.712209,-100.328413,0,0,0,
25.712209,-100.327416,0,0,0,19039_0518
25.712209,-100.326419,0,0,0,19039_0518
25.712209,-100.325422,0,0,0,19039_0518
25.712209,-100.324425,0,0,0,19039_0518
25.712209,-100.323428,0,0,0,
25.712209,-100.322431,0,0,0,
25.712209,-100.321434,0,0,0,
25.712209,-100.303489,1,1,0,
25.712209,-100.302492,1,1,0,
25.712209,-100.301495,1,1,0,
25.712209,-100.300498,1,1,0,
25.712209,-100.299502,1,1,0,
25.712209,-100.268597,0,0,0,
25.712209,-100.2676,0,0,0,
25.712209,-100.266603,0,0,0,
25.712209,-100.265606,0,0,0,19046_0057
25.712209,-100.264609,0,0,0,19046_0057
25.712209,-100.263612,0,0,0,19046_0057
25.712209,-100.262615,0,0,0,19046_0057
25.712209,-100.261618,0,0,0,19046_0057
25.712209,-100.260621,0,0,0,
25.712209,-100.259624,0,0,0,
25.712209,-100.258627,0,0,0,
25.712209,-100.25464,0,0,0,
25.712209,-100.253643,0,0,0,
25.712209,-100.252646,1,1,0,
25.712209,-100.251649,1,1,0,
25.712209,-100.250652,1,1,0,
25.712209,-100.249655,1,1,0,
25.712209,-100.248658,1,1,0,
25.712209,-100.232707,1,1,0,
25.712209,-100.23171,1,1,0,
25.712209,-100.230713,2,2,0,
25.712209,-100.229716,2,2,0,
25.712209,-100.228719,2,2,0,
25.712209,-100.226726,1,1,0,
25.712209,-100.225729,1,1,0,
25.712209,-100.224732,1,1,0,
25.712209,-100.223735,1,1,0,
25.712209,-100.215759,1,1,0,
25.712209,-100.214762,1,1,0,
25.712209,-100.213766,1,1,0,
25.712209,-100.212769,1,1,0,
25.712209,-100.211772,1,1,0,
25.712209,-100.210775,1,1,0,
25.712209,-100.209778,1,1,0,
25.712209,-100.208781,1,1,0,
25.712209,-100.206787,1,1,0,
25.712209,-100.20579,1,1,0,
25.712209,-100.204793,1,1,0,
25.712209,-100.203796,1,1,0,
25.712209,-100.202799,1,1,0,
25.712209,-100.159931,1,1,0,
25.712209,-100.158934,1,1,0,
25.712209,-100.157937,1,1,0,
25.712209,-100.110085,1,1,0,
25.712209,-100.109088,1,1,0,
25.712209,-100.108091,1,1,0,
25.712209,-100.107094,1,1,0,
25.712209,-100.106097,1,1,0,
25.713113,-100.369287,1,1,0,
25.713113,-100.36829,1,1,0,
25.713113,-100.367293,1,1,0,
25.713113,-100.366296,1,1,0,
25.713113,-100.365299,1,1,0,
25.713113,-100.364302,1,1,0,
25.713113,-100.35832,1,1,0,
25.713113,-100.357324,1,1,0,
25.713113,-100.356327,1,1,0,
25.713113,-100.35533,1,1,0,
25.713113,-100.354333,1,1,0,
25.713113,-100.348351,1,1,0,
25.713113,-100.347354,1,1,0,
25.713113,-100.346357,1,1,0,
25.713113,-100.34536,2,2,0,
25.713113,-100.344363,2,2,0,
25.713113,-100.343366,2,2,0,
25.713113,-100.34237,2,2,0,
25.713113,-100.341373,2,2,0,
25.713113,-100.340376,1,1,0,
25.713113,-100.331403,0,0,0,
25.713113,-100.330406,0,0,0,
25.713113,-100.329409,0,0,0,
25.713113,-100.328413,0,0,0,19039_0518
25.713113,-100.327416,0,0,0,19039_0518
25.713113,-100.326419,0,0,0,19039_0518
25.713113,-100.325422,0,0,0,19039_0518
25.713113,-100.324425,0,0,0,19039_0518
25.713113,-100.323428,0,0,0,
25.713113,-100.322431,0,0,0,
25.713113,-100.321434,0,0,0,
25.713113,-100.273581,1,1,0,
25.713113,-100.272584,1,1,0,
25.713113,-100.269594,0,0,0,
25.713113,-100.268597,0,0,0,
25.713113,-100.2676,0,0,0,
25.713113,-100.266603,0,0,0,
25.713113,-100.265606,0,0,0,19046_0057
25.713113,-100.264609,0,0,0,19046_0057
25.713113,-100.263612,0,0,0,19046_0057
25.713113,-100.262615,0,0,0,19046_0057
25.713113,-100.261618,0,0,0,
25.713113,-100.260621,0,0,0,
25.713113,-100.259624,0,0,0,
25.713113,-100.258627,0,0,0,
25.713113,-100.255637,0,0,0,
25.713113,-100.25464,0,0,0,
25.713113,-100.253643,0,0,0,
25.713113,-100.252646,1,1,0,
25.713113,-100.251649,1,1,0,
25.713113,-100.250652,1,1,0,
25.713113,-100.249655,1,1,0,
25.713113,-100.248658,1,1,0,
25.713113,-100.232707,1,1,0,
25.713113,-100.23171,1,1,0,
25.713113,-100.230713,1,1,0,
25.713113,-100.229716,1,1,0,
25.713113,-100.228719,1,1,0,
25.713113,-100.227723,1,1,0,
25.713113,-100.226726,1,1,0,
25.713113,-100.225729,1,1,0,
25.713113,-100.224732,1,1,0,
25.713113,-100.223735,1,1,0,
25.713113,-100.222738,1,1,0,
25.713113,-100.215759,1,1,0,
25.713113,-100.214762,1,1,0,
25.713113,-100.213766,1,1,0,
25.713113,-100.212769,1,1,0,
25.713113,-100.211772,1,1,0,
25.713113,-100.20579,1,1,0,
25.713113,-100.204793,1,1,0,
25.713113,-100.203796,1,1,0,
25.713113,-100.111082,1,1,0,
25.713113,-100.110085,1,1,0,
25.713113,-100.109088,1,1,0,
25.713113,-100.108091,1,1,0,
25.713113,-100.107094,1,1,0,
25.713113,-100.106097,1,1,0,
25.714018,-100.369287,1,1,0,
25.714018,-100.36829,1,1,0,
25.714018,-100.367293,1,1,0,
25.714018,-100.366296,1,1,0,
25.714018,-100.365299,1,1,0,
25.714018,-100.364302,1,1,0,
25.714018,-100.35832,1,1,0,
25.714018,-100.357324,1,1,0,
25.714018,-100.356327,1,1,0,
25.714018,-100.35533,1,1,0,
25.714018,-100.354333,1,1,0,
25.714018,-100.348351,1,1,0,
25.714018,-100.347354,1,1,0,
25.714018,-100.346357,1,1,0,
25.714018,-100.34536,2,2,0,
25.714018,-100.344363,2,2,0,
25.714018,-100.343366,3,3,0,
25.714018,-100.34237,2,2,0,
25.714018,-100.341373,2,2,0,
25.714018,-100.340376,1,1,0,
25.714018,-100.339379,1,1,0,
25.714018,-100.331403,0,0,0,
25.714018,-100.330406,0,0,0,
25.714018,-100.329409,0,0,0,
25.714018,-100.328413,0,0,0,19039_0518
25.714018,-100.327416,0,0,0,19039_0518
25.714018,-100.326419,0,0,0,19039_0518
25.714018,-100.325422,0,0,0,19039_0518
25.714018,-100.324425,0,0,0,19039_0518
25.714018,-100.323428,0,0,0,
25.714018,-100.322431,0,0,0,
25.714018,-100.321434,0,0,0,
25.714018,-100.274578,1,1,0,
25.714018,-100.273581,1,1,0,
25.714018,-100.272584,1,1,0,
25.714018,-100.271587,1,1,0,
25.714018,-100.270591,0,0,0,
25.714018,-100.269594,0,0,0,
25.714018,-100.268597,0,0,0,
25.714018,-100.2676,0,0,0,
25.714018,-100.266603,0,0,0,
25.714018,-100.265606,0,0,0,19046_0057
25.714018,-100.264609,0,0,0,19046_0057
25.714018,-100.263612,0,0,0,19046_0057
25.714018,-100.262615,0,0,0,19046_0057
25.714018,-100.261618,0,0,0,
25.714018,-100.260621,0,0,0,
25.714018,-100.259624,0,0,0,
25.714018,-100.256634,0,0,0,
25.714018,-100.255637,0,0,0,
25.714018,-100.25464,0,0,0,
25.714018,-100.253643,0,0,0,
25.714018,-100.252646,0,0,0,
25.714018,-100.251649,0,0,0,
25.714018,-100.250652,0,0,0,
25.714018,-100.249655,0,0,0,
25.714018,-100.248658,0,0,0,
25.714018,-100.232707,1,1,0,
25.714018,-100.23171,1,1,0,
25.714018,-100.230713,1,1,0,
25.714018,-100.229716,1,1,0,
25.714018,-100.228719,1,1,0,
25.714018,-100.227723,2,2,0,
25.714018,-100.226726,1,1,0,
25.714018,-100.225729,1,1,0,
25.714018,-100.224732,1,1,0,
25.714018,-100.223735,1,1,0,
25.714018,-100.222738,1,1,0,
25.714018,-100.111082,1,1,0,
25.714018,-100.110085,1,1,0,
25.714018,-100.109088,1,1,0,
25.714018,-100.108091,1,1,0,
25.714018,-100.107094,1,1,0,
25.714018,-100.106097,1,1,0,
25.714922,-100.370284,1,1,0,
25.714922,-100.369287,2,2,0,
25.714922,-100.36829,2,2,0,
25.714922,-100.367293,1,1,0,
25.714922,-100.366296,1,1,0,
25.714922,-100.365299,1,1,0,
25.714922,-100.364302,1,1,0,
25.714922,-100.348351,1,1,0,
25.714922,-100.347354,1,1,0,
25.714922,-100.346357,1,1,0,
25.714922,-100.34536,2,2,0,
25.714922,-100.344363,2,2,0,
25.714922,-100.343366,2,2,0,
25.714922,-100.34237,2,2,0,
25.714922,-100.341373,2,2,0,
25.714922,-100.340376,2,2,0,
25.714922,-100.339379,1,1,0,
25.714922,-100.338382,1,1,0,
25.714922,-100.331403,0,0,0,
25.714922,-100.330406,0,0,0,
25.714922,-100.329409,0,0,0,
25.714922,-100.328413,0,0,0,19039_0518
25.714922,-100.327416,0,0,0,19039_0518
25.714922,-100.326419,0,0,0,19039_0518
25.714922,-100.325422,0,0,0,19039_0518
25.714922,-100.324425,0,0,0,19039_0518
25.714922,-100.323428,0,0,0,
25.714922,-100.322431,0,0,0,
25.714922,-100.321434,0,0,0,
25.714922,-100.275575,1,1,0,
25.714922,-100.274578,1,1,0,
25.714922,-100.273581,1,1,0,
25.714922,-100.272584,1,1,0,
25.714922,-100.271587,1,1,0,
25.714922,-100.270591,1,1,0,
25.714922,-100.269594,0,0,0,
25.714922,-100.268597,0,0,0,
25.714922,-100.2676,0,0,0,
25.714922,-100.266603,0,0,0,
25.714922,-100.265606,0,0,0,
25.714922,-100.264609,0,0,0,19046_0057
25.714922,-100.263612,0,0,0,19046_0057
25.714922,-100.262615,0,0,0,
25.714922,-100.261618,0,0,0,
25.714922,-100.260621,0,0,0,
25.714922,-100.259624,0,0,0,
25.714922,-100.256634,0,0,0,
25.714922,-100.255637,0,0,0,
25.714922,-100.25464,0,0,0,
25.714922,-100.253643,0,0,0,19046_0052
25.714922,-100.252646,0,0,0,
25.714922,-100.251649,0,0,0,
25.714922,-100.250652,0,0,0,
25.714922,-100.249655,0,0,0,
25.714922,-100.248658,0,0,0,
25.714922,-100.247661,0,0,0,
25.714922,-100.232707,1,1,0,
25.714922,-100.23171,1,1,0,
25.714922,-100.230713,1,1,0,
25.714922,-100.229716,1,1,0,
25.714922,-100.228719,2,2,0,
25.714922,-100.227723,2,2,0,
25.714922,-100.226726,1,1,0,
25.714922,-100.225729,1,1,0,
25.714922,-100.224732,1,1,0,
25.714922,-100.223735,1,1,0,
25.714922,-100.222738,1,1,0,
25.714922,-100.176879,1,1,0,
25.714922,-100.175882,1,1,0,
25.714922,-100.174885,1,1,0,
25.714922,-100.110085,1,1,0,
25.714922,-100.109088,1,1,0,
25.714922,-100.108091,1,1,0,
25.714922,-100.107094,1,1,0,
25.714922,-100.106097,1,1,0,
25.715827,-100.371281,1,1,0,
25.715827,-100.370284,1,1,0,
25.715827,-100.369287,1,1,0,
25.715827,-100.36829,2,2,0,
25.715827,-100.367293,2,2,0,
25.715827,-100.366296,1,1,0,
25.715827,-100.365299,1,1,0,
25.715827,-100.364302,1,1,0,
25.715827,-100.347354,1,1,0,
25.715827,-100.346357,1,1,0,
25.715827,-100.34536,2,2,0,
25.715827,-100.344363,2,2,0,
25.715827,-100.343366,2,2,0,
25.715827,-100.34237,2,2,0,
25.715827,-100.341373,2,2,0,
25.715827,-100.340376,1,1,0,
25.715827,-100.339379,1,1,0,
25.715827,-100.338382,1,1,0,
25.715827,-100.331403,0,0,0,
25.715827,-100.330406,0,0,0,
25.715827,-100.329409,0,0,0,
25.715827,-100.328413,0,0,0,19039_0518
25.715827,-100.327416,0,0,0,19039_0518
25.715827,-100.326419,0,0,0,19039_0518
25.715827,-100.325422,0,0,0,19039_0518
25.715827,-100.324425,0,0,0,19039_0518
25.715827,-100.323428,0,0,0,
25.715827,-100.322431,0,0,0,
25.715827,-100.321434,0,0,0,
25.715827,-100.275575,1,1,0,
25.715827,-100.274578,1,1,0,
25.715827,-100.273581,1,1,0,
25.715827,-100.272584,1,1,0,
25.715827,-100.271587,1,1,0,
25.715827,-100.270591,1,1,0,
25.715827,-100.269594,0,0,0,
25.715827,-100.268597,0,0,0,
25.715827,-100.2676,0,0,0,
25.715827,-100.266603,0,0,0,
25.715827,-100.265606,0,0,0,
25.715827,-100.264609,0,0,0,
25.715827,-100.263612,0,0,0,
25.715827,-100.262615,0,0,0,
25.715827,-100.261618,0,0,0,
25.715827,-100.260621,0,0,0,
25.715827,-100.256634,0,0,0,
25.715827,-100.255637,0,0,0,
25.715827,-100.25464,0,0,0,
25.715827,-100.253643,0,0,0,19046_0052
25.715827,-100.252646,0,0,0,19046_0052
25.715827,-100.251649,0,0,0,19046_0052
25.715827,-100.250652,0,0,0,
25.715827,-100.249655,0,0,0,
25.715827,-100.248658,0,0,0,
25.715827,-100.247661,0,0,0,
25.715827,-100.23171,1,1,0,
25.715827,-100.230713,2,2,0,
25.715827,-100.229716,2,2,0,
25.715827,-100.228719,1,1,0,
25.715827,-100.227723,1,1,0,
25.715827,-100.226726,2,2,0,
25.715827,-100.225729,1,1,0,
25.715827,-100.224732,1,1,0,
25.715827,-100.223735,1,1,0,
25.715827,-100.222738,1,1,0,
25.715827,-100.177876,1,1,0,
25.715827,-100.176879,1,1,0,
25.715827,-100.175882,1,1,0,
25.715827,-100.174885,2,2,0,
25.715827,-100.173888,2,2,0,
25.715827,-100.172891,1,1,0,
25.715827,-100.171894,1,1,0,
25.715827,-100.109088,1,1,0,
25.715827,-100.108091,1,1,0,
25.715827,-100.107094,1,1,0,
25.716731,-100.371281,1,1,0,
25.716731,-100.370284,1,1,0,
25.716731,-100.369287,1,1,0,
25.716731,-100.36829,1,1,0,
25.716731,-100.367293,2,2,0,
25.716731,-100.366296,2,2,0,
25.716731,-100.351342,1,1,0,
25.716731,-100.350345,1,1,0,
25.716731,-100.349348,1,1,0,
25.716731,-100.34536,1,1,0,
25.716731,-100.344363,1,1,0,
25.716731,-100.343366,2,2,0,
25.716731,-100.34237,2,2,0,
25.716731,-100.341373,2,2,0,
25.716731,-100.340376,1,1,0,
25.716731,-100.339379,1,1,0,
25.716731,-100.338382,1,1,0,
25.716731,-100.331403,0,0,0,
25.716731,-100.330406,0,0,0,
25.716731,-100.329409,0,0,0,
25.716731,-100.328413,0,0,0,
25.716731,-100.327416,0,0,0,19039_0518
25.716731,-100.326419,0,0,0,19039_0518
25.716731,-100.325422,1,1,0,19039_0518
25.716731,-100.324425,0,0,0,19039_0518
25.716731,-100.323428,0,0,0,
25.716731,-100.322431,0,0,0,
25.716731,-100.321434,0,0,0,
25.716731,-100.277569,0,0,0,
25.716731,-100.276572,0,0,0,
25.716731,-100.275575,1,1,0,
25.716731,-100.274578,1,1,0,
25.716731,-100.273581,1,1,0,
25.716731,-100.272584,1,1,0,
25.716731,-100.271587,1,1,0,
25.716731,-100.270591,1,1,0,
25.716731,-100.269594,0,0,0,19046_0021
25.716731,-100.268597,0,0,0,
25.716731,-100.2676,0,0,0,
25.716731,-100.266603,0,0,0,
25.716731,-100.265606,0,0,0,
25.716731,-100.264609,0,0,0,
25.716731,-100.263612,0,0,0,
25.716731,-100.262615,0,0,0,
25.716731,-100.261618,0,0,0,
25.716731,-100.25763,0,0,0,
25.716731,-100.256634,0,0,0,
25.716731,-100.255637,0,0,0,
25.716731,-100.25464,0,0,0,19046_0052
25.716731,-100.253643,0,0,0,19046_0052
25.716731,-100.252646,0,0,0,19046_0052
25.716731,-100.251649,0,0,0,19046_0052
25.716731,-100.250652,0,0,0,19046_0052
25.716731,-100.249655,0,0,0,
25.716731,-100.248658,0,0,0,
25.716731,-100.247661,0,0,0,
25.716731,-100.230713,1,1,0,
25.716731,-100.229716,1,1,0,
25.716731,-100.228719,1,1,0,
25.716731,-100.227723,1,1,0,
25.716731,-100.226726,1,1,0,
25.716731,-100.225729,2,2,0,
25.716731,-100.224732,1,1,0,
25.716731,-100.223735,1,1,0,
25.716731,-100.188842,1,1,0,
25.716731,-100.187845,1,1,0,
25.716731,-100.17987,0,0,0,
25.716731,-100.177876,1,1,0,
25.716731,-100.176879,1,1,0,
25.716731,-100.175882,2,2,0,
25.716731,-100.174885,2,2,0,
25.716731,-100.173888,2,2,0,
25.716731,-100.172891,1,1,0,
25.716731,-100.171894,1,1,0,
25.716731,-100.170897,1,1,0,
25.717635,-100.371281,1,1,0,
25.717635,-100.370284,1,1,0,
25.717635,-100.369287,1,1,0,
25.717635,-100.36829,1,1,0,
25.717635,-100.367293,1,1,0,
25.717635,-100.366296,1,1,0,
25.717635,-100.365299,1,1,0,
25.717635,-100.364302,1,1,0,
25.717635,-100.363305,1,1,0,
25.717635,-100.362308,1,1,0,
25.717635,-100.352339,1,1,0,
25.717635,-100.351342,1,1,0,
25.717635,-100.350345,1,1,0,
25.717635,-100.349348,1,1,0,
25.717635,-100.348351,1,1,0,
25.717635,-100.343366,1,1,0,
25.717635,-100.34237,1,1,0,
25.717635,-100.341373,1,1,0,
25.717635,-100.340376,1,1,0,
25.717635,-100.339379,1,1,0,
25.717635,-100.3324,0,0,0,
25.717635,-100.331403,0,0,0,
25.717635,-100.330406,0,0,0,
25.717635,-100.329409,0,0,0,
25.717635,-100.328413,0,0,0,
25.717635,-100.327416,1,1,0,19039_0518
25.717635,-100.326419,1,1,0,19039_0518
25.717635,-100.325422,1,1,0,19039_0518
25.717635,-100.324425,1,1,0,19039_0518
25.717635,-100.323428,0,0,0,19039_0518
25.717635,-100.322431,0,0,0,
25.717635,-100.321434,0,0,0,
25.717635,-100.320437,0,0,0,
25.717635,-100.279563,0,0,0,
25.717635,-100.278566,0,0,0,
25.717635,-100.277569,0,0,0,
25.717635,-100.276572,0,0,0,
25.717635,-100.275575,0,0,0,
25.717635,-100.274578,1,1,0,
25.717635,-100.273581,1,1,0,
25.717635,-100.272584,1,1,0,
25.717635,-100.271587,1,1,0,
25.717635,-100.270591,0,0,0,19046_0021
25.717635,-100.269594,0,0,0,19046_0021
25.717635,-100.268597,0,0,0,19046_0021
25.717635,-100.2676,0,0,0,
25.717635,-100.266603,0,0,0,
25.717635,-100.265606,0,0,0,
25.717635,-100.264609,0,0,0,
25.717635,-100.263612,0,0,0,
25.717635,-100.262615,0,0,0,
25.717635,-100.25763,0,0,0,
25.717635,-100.256634,0,0,0,
25.717635,-100.255637,0,0,0,
25.717635,-100.25464,0,0,0,19046_0052
25.717635,-100.253643,0,0,0,19046_0052
25.717635,-100.252646,0,0,0,19046_0052
25.717635,-100.251649,0,0,0,19046_0052
25.717635,-100.250652,0,0,0,
25.717635,-100.249655,0,0,0,
25.717635,-100.248658,0,0,0,
25.717635,-100.230713,1,1,0,
25.717635,-100.229716,1,1,0,
25.717635,-100.228719,1,1,0,
25.717635,-100.227723,1,1,0,
25.717635,-100.226726,1,1,0,
25.717635,-100.225729,1,1,0,
25.717635,-100.190836,1,1,0,
25.717635,-100.189839,1,1,0,
25.717635,-100.188842,1,1,0,
25.717635,-100.187845,1,1,0,
25.717635,-100.186848,1,1,0,
25.717635,-100.185851,1,1,0,
25.717635,-100.182861,0,0,0,
25.717635,-100.181864,0,0,0,
25.717635,-100.180867,0,0,0,
25.717635,-100.17987,0,0,0,
25.717635,-100.178873,0,0,0,
25.717635,-100.177876,1,1,0,
25.717635,-100.176879,1,1,0,
25.717635,-100.175882,2,2,0,
25.717635,-100.174885,2,2,0,
25.717635,-100.173888,2,2,0,
25.717635,-100.172891,1,1,0,
25.717635,-100.171894,1,1,0,
25.717635,-100.170897,1,1,0,
25.71854,-100.384241,1,1,0,
25.71854,-100.383244,1,1,0,
25.71854,-100.382247,1,1,0,
25.71854,-100.38125,1,1,0,
25.71854,-100.371281,2,2,0,
25.71854,-100.370284,2,2,0,
25.71854,-100.369287,2,2,0,
25.71854,-100.36829,2,2,0,
25.71854,-100.367293,2,2,0,
25.71854,-100.366296,1,1,0,
25.71854,-100.365299,1,1,0,
25.71854,-100.364302,1,1,0,
25.71854,-100.363305,1,1,0,
25.71854,-100.362308,1,1,0,
25.71854,-100.361311,1,1,0,
25.71854,-100.352339,1,1,0,
25.71854,-100.351342,1,1,0,
25.71854,-100.350345,2,2,0,
25.71854,-100.349348,2,2,0,
25.71854,-100.348351,2,2,0,
25.71854,-100.347354,1,1,0,
25.71854,-100.3324,0,0,0,
25.71854,-100.331403,0,0,0,
25.71854,-100.330406,0,0,0,
25.71854,-100.329409,0,0,0,19039_0518
25.71854,-100.328413,1,1,0,19039_0518
25.71854,-100.327416,1,1,0,19039_0518
25.71854,-100.326419,1,1,0,19039_0518
25.71854,-100.325422,1,1,0,19039_0518
25.71854,-100.324425,1,1,0,19039_0518
25.71854,-100.323428,1,1,0,19039_0518
25.71854,-100.322431,0,0,0,
25.71854,-100.321434,0,0,0,
25.71854,-100.320437,0,0,0,
25.71854,-100.28056,0,0,0,
25.71854,-100.279563,1,1,0,
25.71854,-100.278566,1,1,0,
25.71854,-100.277569,1,1,0,
25.71854,-100.276572,0,0,0,
25.71854,-100.275575,0,0,0,
25.71854,-100.274578,0,0,0,
25.71854,-100.273581,0,0,0,
25.71854,-100.272584,0,0,0,
25.71854,-100.271587,0,0,0,
25.71854,-100.270591,0,0,0,19046_0021
25.71854,-100.269594,0,0,0,19046_0021
25.71854,-100.268597,0,0,0,19046_0021
25.71854,-100.2676,0,0,0,19046_0021
25.71854,-100.266603,0,0,0,
25.71854,-100.265606,0,0,0,
25.71854,-100.264609,0,0,0,
25.71854,-100.263612,0,0,0,
25.71854,-100.262615,0,0,0,
25.71854,-100.25763,0,0,0,
25.71854,-100.256634,0,0,0,
25.71854,-100.255637,0,0,0,
25.71854,-100.25464,0,0,0,
25.71854,-100.253643,0,0,0,19046_0052
25.71854,-100.252646,0,0,0,19046_0052
25.71854,-100.251649,0,0,0,19046_0052
25.71854,-100.250652,0,0,0,
25.71854,-100.249655,0,0,0,
25.71854,-100.248658,0,0,0,
25.71854,-100.230713,1,1,0,
25.71854,-100.229716,1,1,0,
25.71854,-100.228719,1,1,0,
25.71854,-100.227723,1,1,0,
25.71854,-100.226726,1,1,0,
25.71854,-100.190836,1,1,0,
25.71854,-100.189839,1,1,0,
25.71854,-100.188842,1,1,0,
25.71854,-100.187845,1,1,0,
25.71854,-100.186848,1,1,0,
25.71854,-100.185851,1,1,0,
25.71854,-100.184855,0,0,0,
25.71854,-100.183858,0,0,0,
25.71854,-100.182861,0,0,0,
25.71854,-100.181864,0,0,0,
25.71854,-100.180867,0,0,0,
25.71854,-100.17987,0,0,0,
25.71854,-100.178873,0,0,0,
25.71854,-100.177876,1,1,0,
25.71854,-100.176879,1,1,0,
25.71854,-100.175882,2,2,0,
25.71854,-100.174885,2,2,0,
25.71854,-100.173888,2,2,0,
25.71854,-100.172891,1,1,0,
25.71854,-100.171894,1,1,0,
25.71854,-100.170897,1,1,0,
25.719444,-100.384241,1,1,0,
25.719444,-100.383244,1,1,0,
25.719444,-100.382247,1,1,0,
25.719444,-100.38125,1,1,0,
25.719444,-100.380253,1,1,0,
25.719444,-100.371281,1,1,0,
25.719444,-100.370284,2,2,0,
25.719444,-100.369287,2,2,0,
25.719444,-100.36829,2,2,0,
25.719444,-100.367293,1,1,0,
25.719444,-100.366296,1,1,0,
25.719444,-100.365299,1,1,0,
25.719444,-100.364302,1,1,0,
25.719444,-100.363305,1,1,0,
25.719444,-100.362308,1,1,0,
25.719444,-100.361311,1,1,0,
25.719444,-100.352339,1,1,0,
25.719444,-100.351342,2,2,0,
25.719444,-100.350345,2,2,0,
25.719444,-100.349348,2,2,0,
25.719444,-100.348351,2,2,0,
25.719444,-100.347354,2,2,0,
25.719444,-100.3324,0,0,0,
25.719444,-100.331403,0,0,0,
25.719444,-100.330406,0,0,0,
25.719444,-100.329409,0,0,0,19039_0518
25.719444,-100.328413,1,1,0,19039_0518
25.719444,-100.327416,1,1,0,19039_0518
25.719444,-100.326419,1,1,0,19039_0518
25.719444,-100.325422,2,2,0,19039_0518
25.719444,-100.324425,2,2,0,19039_0518
25.719444,-100.323428,2,2,0,19039_0518
25.719444,-100.322431,0,0,0,
25.719444,-100.321434,0,0,0,
25.719444,-100.320437,0,0,0,
25.719444,-100.281557,0,0,0,
25.719444,-100.28056,1,1,0,
25.719444,-100.279563,1,1,0,
25.719444,-100.278566,1,1,0,
25.719444,-100.277569,1,1,0,
25.719444,-100.276572,1,1,0,19046_0187
25.719444,-100.275575,0,0,0,
25.719444,-100.274578,0,0,0,
25.719444,-100.273581,0,0,0,
25.719444,-100.272584,0,0,0,
25.719444,-100.271587,0,0,0,
25.719444,-100.270591,0,0,0,19046_0021
25.719444,-100.269594,0,0,0,19046_0021
25.719444,-100.268597,0,0,0,19046_0021
25.719444,-100.2676,0,0,0,19046_0021
25.719444,-100.266603,0,0,0,19046_0021
25.719444,-100.265606,0,0,0,19046_0021
25.719444,-100.264609,0,0,0,
25.719444,-100.263612,0,0,0,
25.719444,-100.262615,0,0,0,
25.719444,-100.256634,0,0,0,
25.719444,-100.255637,0,0,0,
25.719444,-100.25464,0,0,0,
25.719444,-100.253643,0,0,0,
25.719444,-100.252646,0,0,0,19046_0052
25.719444,-100.251649,0,0,0,19046_0052
25.719444,-100.250652,0,0,0,
25.719444,-100.249655,0,0,0,
25.719444,-100.248658,0,0,0,
25.719444,-100.229716,1,1,0,
25.719444,-100.228719,1,1,0,
25.719444,-100.227723,1,1,0,
25.719444,-100.226726,1,1,0,
25.719444,-100.190836,1,1,0,
25.719444,-100.189839,1,1,0,
25.719444,-100.188842,1,1,0,
25.719444,-100.187845,1,1,0,
25.719444,-100.186848,1,1,0,
25.719444,-100.185851,1,1,0,
25.719444,-100.184855,0,0,0,
25.719444,-100.183858,0,0,0,
25.719444,-100.182861,0,0,0,
25.719444,-100.181864,0,0,0,
25.719444,-100.180867,0,0,0,
25.719444,-100.17987,0,0,0,
25.719444,-100.178873,0,0,0,
25.719444,-100.177876,0,0,0,
25.719444,-100.176879,1,1,0,
25.719444,-100.175882,2,2,0,
25.719444,-100.174885,2,2,0,
25.719444,-100.173888,1,1,0,
25.719444,-100.172891,1,1,0,
25.719444,-100.171894,1,1,0,
25.719444,-100.170897,1,1,0,
25.720348,-100.385238,1,1,0,
25.720348,-100.384241,1,1,0,
25.720348,-100.383244,1,1,0,
25.720348,-100.382247,1,1,0,
25.720348,-100.38125,1,1,0,
25.720348,-100.380253,1,1,0,
25.720348,-100.376265,1,1,0,
25.720348,-100.375268,1,1,0,
25.720348,-100.374271,1,1,0,
25.720348,-100.372277,1,1,0,
25.720348,-100.371281,1,1,0,
25.720348,-100.370284,1,1,0,
25.720348,-100.369287,1,1,0,
25.720348,-100.36829,1,1,0,
25.720348,-100.367293,1,1,0,
25.720348,-100.366296,1,1,0,
25.720348,-100.365299,1,1,0,
25.720348,-100.364302,1,1,0,
25.720348,-100.363305,1,1,0,
25.720348,-100.362308,1,1,0,
25.720348,-100.361311,1,1,0,
25.720348,-100.352339,1,1,0,
25.720348,-100.351342,2,2,0,
25.720348,-100.350345,2,2,0,
25.720348,-100.349348,2,2,0,
25.720348,-100.348351,2,2,0,
25.720348,-100.347354,1,1,0,
25.720348,-100.346357,1,1,0,
25.720348,-100.3324,0,0,0,
25.720348,-100.331403,0,0,0,
25.720348,-100.330406,0,0,0,
25.720348,-100.329409,0,0,0,19039_0518
25.720348,-100.328413,1,1,0,19039_0518
25.720348,-100.327416,1,1,0,19039_0518
25.720348,-100.326419,2,2,0,19039_0518
25.720348,-100.325422,2,2,0,19039_0518
25.720348,-100.324425,2,2,0,19039_0518
25.720348,-100.323428,2,2,0,19039_0518
25.720348,-100.322431,1,1,0,
25.720348,-100.321434,0,0,0,
25.720348,-100.320437,0,0,0,
25.720348,-100.282554,0,0,0,
25.720348,-100.281557,1,1,0,
25.720348,-100.28056,2,2,0,
25.720348,-100.279563,2,2,0,
25.720348,-100.278566,2,2,0,
25.720348,-100.277569,1,1,0,19046_0187
25.720348,-100.276572,1,1,0,19046_0187
25.720348,-100.275575,0,0,0,19046_0187
25.720348,-100.274578,0,0,0,
25.720348,-100.273581,0,0,0,
25.720348,-100.272584,0,0,0,19046_0080
25.720348,-100.271587,0,0,0,
25.720348,-100.270591,0,0,0,19046_0021
25.720348,-100.269594,0,0,0,19046_0021
25.720348,-100.268597,0,0,0,19046_0021
25.720348,-100.2676,0,0,0,19046_0021
25.720348,-100.266603,0,0,0,19046_0021
25.720348,-100.265606,0,0,0,19046_0021
25.720348,-100.264609,0,0,0,
25.720348,-100.263612,0,0,0,
25.720348,-100.262615,0,0,0,
25.720348,-100.255637,0,0,0,
25.720348,-100.25464,0,0,0,
25.720348,-100.253643,0,0,0,
25.720348,-100.252646,0,0,0,
25.720348,-100.251649,0,0,0,
25.720348,-100.250652,0,0,0,
25.720348,-100.249655,0,0,0,
25.720348,-100.248658,0,0,0,
25.720348,-100.190836,1,1,0,
25.720348,-100.189839,1,1,0,
25.720348,-100.188842,1,1,0,
25.720348,-100.187845,1,1,0,
25.720348,-100.186848,1,1,0,
25.720348,-100.185851,2,2,0,
25.720348,-100.184855,1,1,0,
25.720348,-100.183858,1,1,0,
25.720348,-100.182861,0,0,0,
25.720348,-100.181864,0,0,0,19026_0220
25.720348,-100.180867,0,0,0,19026_0220
25.720348,-100.17987,0,0,0,
25.720348,-100.178873,0,0,0,
25.720348,-100.177876,0,0,0,
25.720348,-100.174885,1,1,0,
25.720348,-100.173888,1,1,0,
25.720348,-100.172891,1,1,0,
25.720348,-100.171894,1,1,0,
25.721253,-100.385238,1,1,0,
25.721253,-100.384241,1,1,0,
25.721253,-100.383244,1,1,0,
25.721253,-100.382247,1,1,0,
25.721253,-100.38125,1,1,0,
25.721253,-100.380253,1,1,0,
25.721253,-100.377262,1,1,0,
25.721253,-100.376265,1,1,0,
25.721253,-100.375268,1,1,0,
25.721253,-100.374271,1,1,0,
25.721253,-100.373274,1,1,0,
25.721253,-100.371281,1,1,0,
25.721253,-100.370284,1,1,0,
25.721253,-100.369287,1,1,0,
25.721253,-100.36829,1,1,0,
25.721253,-100.367293,1,1,0,
25.721253,-100.365299,1,1,0,
25.721253,-100.364302,1,1,0,
25.721253,-100.363305,1,1,0,
25.721253,-100.362308,1,1,0,
25.721253,-100.351342,2,2,0,
25.721253,-100.350345,2,2,0,
25.721253,-100.349348,2,2,0,
25.721253,-100.348351,2,2,0,
25.721253,-100.347354,1,1,0,
25.721253,-100.3324,0,0,0,
25.721253,-100.331403,0,0,0,
25.721253,-100.330406,0,0,0,
25.721253,-100.329409,0,0,0,19039_0518
25.721253,-100.328413,0,0,0,19039_0518
25.721253,-100.327416,2,2,0,19039_0518
25.721253,-100.326419,2,2,0,19039_0518
25.721253,-100.325422,2,2,0,19039_0518
25.721253,-100.324425,2,2,0,19039_0518
25.721253,-100.323428,1,1,0,19039_0518
25.721253,-100.322431,1,1,0,19039_0518
25.721253,-100.321434,0,0,0,
25.721253,-100.320437,0,0,0,
25.721253,-100.31944,0,0,0,
25.721253,-100.283551,0,0,0,
25.721253,-100.282554,0,0,0,
25.721253,-100.281557,2,2,0,
25.721253,-100.28056,2,2,0,
25.721253,-100.279563,2,2,0,
25.721253,-100.278566,2,2,0,19046_0187
25.721253,-100.277569,2,2,0,19046_0187
25.721253,-100.276572,1,1,0,19046_0187
25.721253,-100.275575,0,0,0,19046_0187
25.721253,-100.274578,0,0,0,19046_0187
25.721253,-100.273581,0,0,0,19046_0080
25.721253,-100.272584,0,0,0,19046_0080
25.721253,-100.271587,0,0,0,19046_0080
25.721253,-100.270591,0,0,0,19046_0021
25.721253,-100.269594,0,0,0,19046_0021
25.721253,-100.268597,0,0,0,19046_0021
25.721253,-100.2676,0,0,0,19046_0021
25.721253,-100.266603,0,0,0,19046_0021
25.721253,-100.265606,0,0,0,19046_0021
25.721253,-100.264609,0,0,0,
25.721253,-100.263612,0,0,0,
25.721253,-100.262615,0,0,0,
25.721253,-100.25464,1,1,0,
25.721253,-100.253643,0,0,0,
25.721253,-100.252646,0,0,0,
25.721253,-100.251649,0,0,0,
25.721253,-100.250652,0,0,0,
25.721253,-100.249655,0,0,0,
25.721253,-100.243673,1,1,0,
25.721253,-100.242676,1,1,0,
25.721253,-100.24168,1,1,0,
25.721253,-100.240683,1,1,0,
25.721253,-100.239686,1,1,0,
25.721253,-100.191833,0,0,0,
25.721253,-100.190836,0,0,0,
25.721253,-100.189839,1,1,0,
25.721253,-100.188842,1,1,0,
25.721253,-100.187845,1,1,0,
25.721253,-100.186848,2,2,0,
25.721253,-100.185851,1,1,0,
25.721253,-100.184855,1,1,0,
25.721253,-100.183858,1,1,0,19026_0072
25.721253,-100.182861,1,1,0,19026_0072
25.721253,-100.181864,0,0,0,19026_0072
25.721253,-100.180867,0,0,0,19026_0220
25.721253,-100.17987,0,0,0,
25.721253,-100.178873,0,0,0,
25.721253,-100.177876,0,0,0,
25.721253,-100.176879,1,1,0,
25.721253,-100.175882,1,1,0,
25.721253,-100.174885,1,1,0,
25.722157,-100.384241,1,1,0,
25.722157,-100.383244,1,1,0,
25.722157,-100.382247,1,1,0,
25.722157,-100.38125,1,1,0,
25.722157,-100.380253,1,1,0,
25.722157,-100.378259,1,1,0,
25.722157,-100.377262,1,1,0,
25.722157,-100.376265,1,1,0,
25.722157,-100.375268,1,1,0,
25.722157,-100.374271,1,1,0,
25.722157,-100.373274,1,1,0,
25.722157,-100.371281,1,1,0,
25.722157,-100.370284,1,1,0,
25.722157,-100.369287,1,1,0,
25.722157,-100.36829,1,1,0,
25.722157,-100.367293,1,1,0,
25.722157,-100.364302,1,1,0,
25.722157,-100.363305,1,1,0,
25.722157,-100.351342,1,1,0,
25.722157,-100.350345,1,1,0,
25.722157,-100.349348,1,1,0,
25.722157,-100.348351,1,1,0,
25.722157,-100.347354,1,1,0,
25.722157,-100.333397,0,0,0,
25.722157,-100.3324,0,0,0,
25.722157,-100.331403,0,0,0,
25.722157,-100.330406,0,0,0,19039_0518
25.722157,-100.329409,0,0,0,19039_0518
25.722157,-100.328413,0,0,0,19039_0518
25.722157,-100.327416,1,1,0,19039_0518
25.722157,-100.326419,1,1,0,19039_0518
25.722157,-100.325422,1,1,0,19039_0518
25.722157,-100.324425,1,1,0,
25.722157,-100.323428,1,1,0,
25.722157,-100.322431,1,1,0,
25.722157,-100.321434,0,0,0,
25.722157,-100.320437,0,0,0,
25.722157,-100.31944,0,0,0,
25.722157,-100.283551,0,0,0,
25.722157,-100.282554,1,1,0,
25.722157,-100.281557,1,1,0,
25.722157,-100.28056,2,2,0,
25.722157,-100.279563,2,2,0,19046_0187
25.722157,-100.278566,2,2,0,19046_0187
25.722157,-100.277569,2,2,0,19046_0187
25.722157,-100.276572,1,1,0,19046_0187
25.722157,-100.275575,0,0,0,19046_0187
25.722157,-100.274578,0,0,0,
25.722157,-100.273581,0,0,0,19046_0080
25.722157,-100.272584,0,0,0,19046_0080
25.722157,-100.271587,0,0,0,19046_0080
25.722157,-100.270591,0,0,0,19046_0080
25.722157,-100.269594,0,0,0,19046_0080
25.722157,-100.268597,0,0,0,19046_0021
25.722157,-100.2676,0,0,0,19046_0021
25.722157,-100.266603,0,0,0,19046_0021
25.722157,-100.265606,0,0,0,19046_0021
25.722157,-100.264609,0,0,0,
25.722157,-100.263612,0,0,0,
25.722157,-100.262615,0,0,0,
25.722157,-100.256634,1,1,0,
25.722157,-100.255637,1,1,0,
25.722157,-100.25464,1,1,0,
25.722157,-100.253643,1,1,0,
25.722157,-100.252646,1,1,0,
25.722157,-100.251649,0,0,0,
25.722157,-100.250652,0,0,0,
25.722157,-100.249655,0,0,0,
25.722157,-100.24467,1,1,0,
25.722157,-100.243673,1,1,0,
25.722157,-100.242676,1,1,0,
25.722157,-100.24168,1,1,0,
25.722157,-100.240683,1,1,0,
25.722157,-100.239686,1,1,0,
25.722157,-100.197815,1,1,0,
25.722157,-100.196818,1,1,0,
25.722157,-100.195821,1,1,0,
25.722157,-100.194824,1,1,0,
25.722157,-100.19283,0,0,0,
25.722157,-100.191833,0,0,0,
25.722157,-100.190836,0,0,0,
25.722157,-100.189839,0,0,0,
25.722157,-100.188842,0,0,0,
25.722157,-100.187845,1,1,0,
25.722157,-100.186848,1,1,0,
25.722157,-100.185851,1,1,0,19026_0072
25.722157,-100.184855,1,1,0,19026_0072
25.722157,-100.183858,1,1,0,19026_0072
25.722157,-100.182861,1,1,0,19026_0072
25.722157,-100.181864,0,0,0,19026_0072
25.722157,-100.180867,0,0,0,19026_0220
25.722157,-100.17987,0,0,0,19026_0220
25.722157,-100.178873,0,0,0,
25.722157,-100.177876,1,1,0,
25.722157,-100.176879,1,1,0,
25.722157,-100.175882,1,1,0,
25.722157,-100.174885,2,2,0,
25.722157,-100.173888,2,2,0,
25.723061,-100.383244,1,1,0,
25.723061,-100.382247,1,1,0,
25.723061,-100.378259,1,1,0,
25.723061,-100.377262,1,1,0,
25.723061,-100.376265,1,1,0,
25.723061,-100.375268,1,1,0,
25.723061,-100.374271,1,1,0,
25.723061,-100.373274,1,1,0,
25.723061,-100.369287,1,1,0,
25.723061,-100.350345,1,1,0,
25.723061,-100.349348,1,1,0,
25.723061,-100.348351,1,1,0,
25.723061,-100.333397,0,0,0,
25.723061,-100.3324,0,0,0,
25.723061,-100.331403,0,0,0,
25.723061,-100.330406,0,0,0,19039_0156
25.723061,-100.329409,0,0,0,19039_0518
25.723061,-100.328413,0,0,0,19039_0518
25.723061,-100.327416,0,0,0,19039_0518
25.723061,-100.326419,1,1,0,19039_0518
25.723061,-100.325422,1,1,0,19039_0518
25.723061,-100.324425,1,1,0,
25.723061,-100.323428,1,1,0,
25.723061,-100.322431,1,1,0,
25.723061,-100.321434,0,0,0,
25.723061,-100.320437,0,0,0,
25.723061,-100.284548,0,0,0,
25.723061,-100.283551,0,0,0,
25.723061,-100.282554,0,0,0,
25.723061,-100.281557,1,1,0,
25.723061,-100.28056,1,1,0,19046_0187
25.723061,-100.279563,2,2,0,19046_0187
25.723061,-100.278566,2,2,0,19046_0187
25.723061,-100.277569,2,2,0,19046_0187
25.723061,-100.276572,0,0,0,
25.723061,-100.275575,0,0,0,
25.723061,-100.274578,0,0,0,
25.723061,-100.273581,0,0,0,19046_0207
25.723061,-100.272584,0,0,0,19046_0207
25.723061,-100.271587,0,0,0,19046_0080
25.723061,-100.270591,0,0,0,19046_0080
25.723061,-100.269594,0,0,0,19046_0080
25.723061,-100.268597,0,0,0,19046_0080
25.723061,-100.2676,0,0,0,19046_0021
25.723061,-100.266603,0,0,0,19046_0021
25.723061,-100.265606,0,0,0,19046_0021
25.723061,-100.264609,0,0,0,
25.723061,-100.263612,0,0,0,
25.723061,-100.262615,0,0,0,
25.723061,-100.256634,1,1,0,
25.723061,-100.255637,1,1,0,
25.723061,-100.25464,1,1,0,
25.723061,-100.253643,1,1,0,
25.723061,-100.252646,1,1,0,
25.723061,-100.24467,1,1,0,
25.723061,-100.243673,1,1,0,
25.723061,-100.242676,1,1,0,
25.723061,-100.24168,1,1,0,
25.723061,-100.240683,1,1,0,
25.723061,-100.239686,1,1,0,
25.723061,-100.198812,1,1,0,
25.723061,-100.197815,1,1,0,
25.723061,-100.196818,1,1,0,
25.723061,-100.195821,1,1,0,
25.723061,-100.194824,1,1,0,
25.723061,-100.193827,1,1,0,
25.723061,-100.19283,0,0,0,
25.723061,-100.191833,0,0,0,
25.723061,-100.190836,0,0,0,
25.723061,-100.189839,0,0,0,
25.723061,-100.188842,0,0,0,19026_0072
25.723061,-100.187845,1,1,0,19026_0072
25.723061,-100.186848,1,1,0,19026_0072
25.723061,-100.185851,1,1,0,19026_0072
25.723061,-100.184855,1,1,0,19026_0072
25.723061,-100.183858,1,1,0,19026_0072
25.723061,-100.182861,1,1,0,19026_0072
25.723061,-100.181864,0,0,0,19026_0072
25.723061,-100.180867,0,0,0,19026_0220
25.723061,-100.17987,0,0,0,19026_0220
25.723061,-100.178873,0,0,0,
25.723061,-100.177876,1,1,0,
25.723061,-100.176879,1,1,0,
25.723061,-100.175882,2,2,0,
25.723061,-100.174885,2,2,0,
25.723061,-100.173888,2,2,0,
25.723061,-100.172891,1,1,0,
25.723061,-100.171894,1,1,0,
25.723966,-100.377262,1,1,0,
25.723966,-100.376265,1,1,0,
25.723966,-100.375268,1,1,0,
25.723966,-100.374271,1,1,0,
25.723966,-100.373274,1,1,0,
25.723966,-100.364302,1,1,0,
25.723966,-100.363305,1,1,0,
25.723966,-100.344363,1,1,0,
25.723966,-100.343366,1,1,0,
25.723966,-100.34237,1,1,0,
25.723966,-100.341373,1,1,0,
25.723966,-100.333397,0,0,0,
25.723966,-100.3324,0,0,0,
25.723966,-100.331403,0,0,0,
25.723966,-100.330406,0,0,0,19039_0156
25.723966,-100.329409,0,0,0,19039_0156
25.723966,-100.328413,0,0,0,19039_0156
25.723966,-100.327416,0,0,0,19039_0518
25.723966,-100.326419,1,1,0,19039_0518
25.723966,-100.325422,1,1,0,19039_0518
25.723966,-100.324425,1,1,0,
25.723966,-100.323428,1,1,0,
25.723966,-100.322431,0,0,0,
25.723966,-100.321434,0,0,0,
25.723966,-100.320437,0,0,0,
25.723966,-100.284548,0,0,0,
25.723966,-100.283551,0,0,0,
25.723966,-100.282554,0,0,0,
25.723966,-100.281557,1,1,0,
25.723966,-100.28056,1,1,0,19046_0187
25.723966,-100.279563,1,1,0,19046_0187
25.723966,-100.278566,1,1,0,19046_0187
25.723966,-100.277569,1,1,0,
25.723966,-100.276572,0,0,0,
25.723966,-100.275575,0,0,0,
25.723966,-100.274578,0,0,0,
25.723966,-100.273581,0,0,0,19046_0207
25.723966,-100.272584,0,0,0,19046_0207
25.723966,-100.271587,0,0,0,19046_0207
25.723966,-100.270591,0,0,0,19046_0207
25.723966,-100.269594,0,0,0,19046_0080
25.723966,-100.268597,0,0,0,19046_0080
25.723966,-100.2676,0,0,0,19046_0080
25.723966,-100.266603,0,0,0,19046_0021
25.723966,-100.265606,0,0,0,
25.723966,-100.264609,0,0,0,
25.723966,-100.263612,0,0,0,
25.723966,-100.25763,1,1,0,
25.723966,-100.256634,1,1,0,
25.723966,-100.255637,1,1,0,
25.723966,-100.25464,1,1,0,
25.723966,-100.253643,1,1,0,
25.723966,-100.252646,1,1,0,
25.723966,-100.24467,1,1,0,
25.723966,-100.243673,1,1,0,
25.723966,-100.242676,1,1,0,
25.723966,-100.24168,1,1,0,
25.723966,-100.240683,1,1,0,
25.723966,-100.239686,1,1,0,
25.723966,-100.198812,1,1,0,
25.723966,-100.197815,1,1,0,
25.723966,-100.196818,1,1,0,
25.723966,-100.195821,1,1,0,
25.723966,-100.194824,1,1,0,
25.723966,-100.193827,1,1,0,
25.723966,-100.19283,0,0,0,
25.723966,-100.191833,0,0,0,
25.723966,-100.190836,0,0,0,19026_0072
25.723966,-100.189839,0,0,0,19026_0072
25.723966,-100.188842,0,0,0,19026_0072
25.723966,-100.187845,0,0,0,19026_0072
25.723966,-100.186848,1,1,0,19026_0072
25.723966,-100.185851,1,1,0,19026_0072
25.723966,-100.184855,1,1,0,19026_0072
25.723966,-100.183858,1,1,0,19026_0072
25.723966,-100.182861,1,1,0,19026_0072
25.723966,-100.181864,0,0,0,19026_0072
25.723966,-100.180867,0,0,0,19026_0220
25.723966,-100.17987,0,0,0,19026_0220
25.723966,-100.178873,1,1,0,
25.723966,-100.177876,1,1,0,
25.723966,-100.176879,2,2,0,
25.723966,-100.175882,3,3,0,
25.723966,-100.174885,3,3,0,
25.723966,-100.173888,3,3,0,
25.723966,-100.172891,2,2,0,
25.723966,-100.171894,1,1,0,
25.723966,-100.170897,0,0,0,
25.723966,-100.169901,0,0,0,
25.723966,-100.168904,0,0,0,
25.72487,-100.376265,1,1,0,
25.72487,-100.375268,1,1,0,
25.72487,-100.374271,1,1,0,
25.72487,-100.36829,0,0,0,
25.72487,-100.367293,0,0,0,
25.72487,-100.365299,1,1,0,
25.72487,-100.364302,1,1,0,
25.72487,-100.363305,1,1,0,
25.72487,-100.362308,1,1,0,
25.72487,-100.361311,1,1,0,
25.72487,-100.34536,1,1,0,
25.72487,-100.344363,1,1,0,
25.72487,-100.343366,1,1,0,
25.72487,-100.34237,1,1,0,
25.72487,-100.341373,1,1,0,
25.72487,-100.340376,1,1,0,
25.72487,-100.333397,0,0,0,
25.72487,-100.3324,0,0,0,
25.72487,-100.331403,0,0,0,
25.72487,-100.330406,0,0,0,19039_0156
25.72487,-100.329409,0,0,0,19039_0156
25.72487,-100.328413,0,0,0,19039_0156
25.72487,-100.327416,0,0,0,19039_0156
25.72487,-100.326419,0,0,0,19039_0156
25.72487,-100.325422,0,0,0,19039_0156
25.72487,-100.324425,0,0,0,
25.72487,-100.323428,0,0,0,
25.72487,-100.322431,0,0,0,
25.72487,-100.283551,0,0,0,
25.72487,-100.282554,0,0,0,
25.72487,-100.281557,0,0,0,
25.72487,-100.28056,1,1,0,
25.72487,-100.279563,1,1,0,
25.72487,-100.278566,1,1,0,
25.72487,-100.277569,0,0,0,
25.72487,-100.276572,0,0,0,
25.72487,-100.275575,0,0,0,
25.72487,-100.274578,0,0,0,
25.72487,-100.273581,0,0,0,19046_0207
25.72487,-100.272584,0,0,0,19046_0207
25.72487,-100.271587,0,0,0,19046_0207
25.72487,-100.270591,0,0,0,19046_0207
25.72487,-100.269594,0,0,0,19046_0207
25.72487,-100.268597,0,0,0,19046_0207
25.72487,-100.2676,0,0,0,19046_0080
25.72487,-100.266603,0,0,0,
25.72487,-100.265606,0,0,0,
25.72487,-100.264609,0,0,0,
25.72487,-100.263612,0,0,0,
25.72487,-100.256634,1,1,0,
25.72487,-100.255637,1,1,0,
25.72487,-100.25464,1,1,0,
25.72487,-100.253643,1,1,0,
25.72487,-100.252646,1,1,0,
25.72487,-100.243673,1,1,0,
25.72487,-100.242676,1,1,0,
25.72487,-100.24168,1,1,0,
25.72487,-100.240683,1,1,0,
25.72487,-100.239686,2,2,0,
25.72487,-100.238689,1,1,0,
25.72487,-100.237692,1,1,0,
25.72487,-100.236695,1,1,0,
25.72487,-100.235698,1,1,0,
25.72487,-100.234701,1,1,0,
25.72487,-100.233704,1,1,0,
25.72487,-100.198812,1,1,0,
25.72487,-100.197815,1,1,0,
25.72487,-100.196818,1,1,0,
25.72487,-100.195821,1,1,0,
25.72487,-100.194824,1,1,0,
25.72487,-100.193827,1,1,0,
25.72487,-100.19283,0,0,0,
25.72487,-100.191833,0,0,0,
25.72487,-100.190836,0,0,0,
25.72487,-100.189839,0,0,0,19026_0072
25.72487,-100.188842,0,0,0,19026_0072
25.72487,-100.187845,0,0,0,19026_0072
25.72487,-100.186848,0,0,0,19026_0072
25.72487,-100.185851,1,1,0,19026_0072
25.72487,-100.184855,1,1,0,19026_0072
25.72487,-100.183858,1,1,0,19026_0072
25.72487,-100.182861,0,0,0,19026_0072
25.72487,-100.181864,0,0,0,19026_0072
25.72487,-100.180867,0,0,0,19026_0072
25.72487,-100.17987,0,0,0,19026_0220
25.72487,-100.178873,0,0,0,
25.72487,-100.177876,1,1,0,
25.72487,-100.176879,3,3,0,
25.72487,-100.175882,4,4,0,
25.72487,-100.174885,4,4,0,
25.72487,-100.173888,4,4,0,
25.72487,-100.172891,3,3,0,
25.72487,-100.171894,2,2,0,
25.72487,-100.170897,1,1,0,
25.72487,-100.169901,1,1,0,
25.72487,-100.168904,1,1,0,
25.72487,-100.167907,1,1,0,
25.72487,-100.16691,0,0,0,
25.72487,-100.165913,0,0,0,
25.72487,-100.164916,0,0,0,
25.72487,-100.163919,0,0,0,
25.725775,-100.372277,1,1,0,
25.725775,-100.371281,1,1,0,
25.725775,-100.370284,1,1,0,
25.725775,-100.369287,0,0,0,
25.725775,-100.36829,0,0,0,
25.725775,-100.367293,0,0,0,
25.725775,-100.366296,1,1,0,
25.725775,-100.365299,1,1,0,
25.725775,-100.364302,1,1,0,
25.725775,-100.363305,1,1,0,
25.725775,-100.362308,1,1,0,
25.725775,-100.361311,1,1,0,
25.725775,-100.34536,1,1,0,
25.725775,-100.344363,1,1,0,
25.725775,-100.343366,1,1,0,
25.725775,-100.34237,1,1,0,
25.725775,-100.341373,1,1,0,
25.725775,-100.340376,1,1,0,
25.725775,-100.333397,0,0,0,
25.725775,-100.3324,0,0,0,
25.725775,-100.331403,0,0,0,
25.725775,-100.330406,0,0,0,19039_0156
25.725775,-100.329409,0,0,0,19039_0156
25.725775,-100.328413,0,0,0,19039_0156
25.725775,-100.327416,0,0,0,19039_0156
25.725775,-100.326419,0,0,0,19039_0156
25.725775,-100.325422,0,0,0,19039_0156
25.725775,-100.324425,0,0,0,
25.725775,-100.323428,0,0,0,
25.725775,-100.322431,0,0,0,
25.725775,-100.282554,0,0,0,
25.725775,-100.281557,0,0,0,
25.725775,-100.28056,0,0,0,
25.725775,-100.279563,0,0,0,
25.725775,-100.278566,0,0,0,
25.725775,-100.277569,0,0,0,
25.725775,-100.276572,0,0,0,19046_0036
25.725775,-100.275575,0,0,0,
25.725775,-100.274578,0,0,0,
25.725775,-100.273581,0,0,0,19046_0207
25.725775,-100.272584,0,0,0,19046_0207
25.725775,-100.271587,0,0,0,19046_0207
25.725775,-100.270591,0,0,0,19046_0207
25.725775,-100.269594,0,0,0,19046_0207
25.725775,-100.268597,0,0,0,19046_0207
25.725775,-100.2676,0,0,0,19046_0207
25.725775,-100.266603,0,0,0,19046_0207
25.725775,-100.265606,0,0,0,
25.725775,-100.264609,0,0,0,
25.725775,-100.263612,0,0,0,
25.725775,-100.256634,1,1,0,
25.725775,-100.255637,1,1,0,
25.725775,-100.25464,1,1,0,
25.725775,-100.253643,1,1,0,
25.725775,-100.252646,1,1,0,
25.725775,-100.24467,1,1,0,
25.725775,-100.243673,1,1,0,
25.725775,-100.239686,1,1,0,
25.725775,-100.238689,1,1,0,
25.725775,-100.237692,1,1,0,
25.725775,-100.236695,2,2,0,
25.725775,-100.235698,2,2,0,
25.725775,-100.234701,1,1,0,
25.725775,-100.233704,1,1,0,
25.725775,-100.232707,1,1,0,
25.725775,-100.198812,1,1,0,
25.725775,-100.197815,1,1,0,
25.725775,-100.196818,1,1,0,
25.725775,-100.195821,1,1,0,
25.725775,-100.194824,1,1,0,
25.725775,-100.19283,0,0,0,
25.725775,-100.191833,0,0,0,
25.725775,-100.190836,0,0,0,
25.725775,-100.189839,0,0,0,19026_0072
25.725775,-100.188842,0,0,0,19026_0072
25.725775,-100.187845,0,0,0,19026_0072
25.725775,-100.186848,0,0,0,19026_0072
25.725775,-100.185851,0,0,0,19026_0072
25.725775,-100.184855,0,0,0,19026_0072
25.725775,-100.183858,0,0,0,19026_0072
25.725775,-100.182861,0,0,0,19026_0072
25.725775,-100.181864,0,0,0,19026_0072
25.725775,-100.180867,0,0,0,19026_0072
25.725775,-100.17987,0,0,0,19026_0220
25.725775,-100.178873,0,0,0,
25.725775,-100.177876,0,0,0,
25.725775,-100.176879,4,4,0,
25.725775,-100.175882,4,4,0,
25.725775,-100.174885,4,4,0,
25.725775,-100.173888,3,3,0,
25.725775,-100.172891,3,3,0,
25.725775,-100.171894,4,4,0,
25.725775,-100.170897,1,1,0,
25.725775,-100.169901,1,1,0,
25.725775,-100.168904,1,1,0,
25.725775,-100.167907,1,1,0,
25.725775,-100.16691,0,0,0,
25.725775,-100.165913,0,0,0,
25.725775,-100.164916,0,0,0,
25.725775,-100.163919,0,0,0,
25.725775,-100.162922,0,0,0,
25.726679,-100.391219,1,1,0,
25.726679,-100.390222,1,1,0,
25.726679,-100.389225,1,1,0,
25.726679,-100.373274,1,1,0,
25.726679,-100.372277,1,1,0,
25.726679,-100.371281,1,1,0,
25.726679,-100.370284,1,1,0,
25.726679,-100.369287,1,1,0,
25.726679,-100.36829,0,0,0,
25.726679,-100.367293,0,0,0,
25.726679,-100.366296,1,1,0,
25.726679,-100.365299,1,1,0,
25.726679,-100.364302,1,1,0,
25.726679,-100.363305,1,1,0,
25.726679,-100.362308,1,1,0,
25.726679,-100.361311,1,1,0,
25.726679,-100.34536,1,1,0,
25.726679,-100.344363,1,1,0,
25.726679,-100.343366,1,1,0,
25.726679,-100.34237,1,1,0,
25.726679,-100.341373,1,1,0,
25.726679,-100.340376,1,1,0,
25.726679,-100.334394,0,0,0,
25.726679,-100.333397,0,0,0,
25.726679,-100.3324,0,0,0,
25.726679,-100.331403,0,0,0,
25.726679,-100.330406,0,0,0,19039_0156
25.726679,-100.329409,0,0,0,19039_0156
25.726679,-100.328413,0,0,0,19039_0156
25.726679,-100.327416,0,0,0,19039_0156
25.726679,-100.326419,0,0,0,19039_0156
25.726679,-100.325422,0,0,0,19039_0518
25.726679,-100.324425,0,0,0,
25.726679,-100.323428,0,0,0,
25.726679,-100.322431,0,0,0,
25.726679,-100.28056,0,0,0,
25.726679,-100.279563,0,0,0,
25.726679,-100.278566,0,0,0,
25.726679,-100.277569,0,0,0,
25.726679,-100.276572,0,0,0,19046_0036
25.726679,-100.275575,0,0,0,19046_0036
25.726679,-100.274578,0,0,0,19046_0036
25.726679,-100.273581,0,0,0,19046_0036
25.726679,-100.272584,0,0,0,19046_0147
25.726679,-100.271587,0,0,0,19046_0147
25.726679,-100.270591,0,0,0,19046_0207
25.726679,-100.269594,0,0,0,19046_0207
25.726679,-100.268597,0,0,0,19046_0207
25.726679,-100.2676,0,0,0,19046_0207
25.726679,-100.266603,0,0,0,19046_0207
25.726679,-100.265606,0,0,0,
25.726679,-100.264609,0,0,0,
25.726679,-100.263612,0,0,0,
25.726679,-100.245667,1,1,0,
25.726679,-100.24467,1,1,0,
25.726679,-100.243673,2,2,0,
25.726679,-100.242676,2,2,0,
25.726679,-100.24168,2,2,0,
25.726679,-100.240683,2,2,0,
25.726679,-100.239686,1,1,0,
25.726679,-100.238689,1,1,0,
25.726679,-100.237692,1,1,0,
25.726679,-100.236695,2,2,0,
25.726679,-100.235698,2,2,0,
25.726679,-100.234701,1,1,0,
25.726679,-100.233704,1,1,0,
25.726679,-100.232707,1,1,0,
25.726679,-100.23171,1,1,0,
25.726679,-100.196818,1,1,0,
25.726679,-100.195821,1,1,0,
25.726679,-100.19283,0,0,0,
25.726679,-100.191833,0,0,0,
25.726679,-100.190836,1,0,1,
25.726679,-100.189839,1,0,1,19026_0072
25.726679,-100.188842,1,0,1,19026_0072
25.726679,-100.187845,0,0,0,19026_0072
25.726679,-100.186848,0,0,0,19026_0072
25.726679,-100.185851,0,0,0,19026_0072
25.726679,-100.184855,0,0,0,19026_0072
25.726679,-100.183858,0,0,0,19026_0072
25.726679,-100.182861,0,0,0,19026_0072
25.726679,-100.181864,0,0,0,19026_0072
25.726679,-100.180867,0,0,0,19026_0072
25.726679,-100.17987,0,0,0,19026_0220
25.726679,-100.178873,0,0,0,19026_0220
25.726679,-100.177876,0,0,0,
25.726679,-100.176879,2,2,0,
25.726679,-100.175882,3,3,0,
25.726679,-100.174885,3,3,0,
25.726679,-100.173888,3,3,0,
25.726679,-100.172891,3,3,0,
25.726679,-100.171894,3,3,0,19006_0235
25.726679,-100.170897,1,1,0,19006_0235
25.726679,-100.169901,1,1,0,19006_0235
25.726679,-100.168904,1,1,0,19006_0235
25.726679,-100.167907,1,1,0,
25.726679,-100.16691,1,1,0,
25.726679,-100.165913,0,0,0,
25.726679,-100.164916,0,0,0,
25.726679,-100.163919,0,0,0,
25.726679,-100.162922,0,0,0,
25.726679,-100.161925,0,0,0,
25.727583,-100.392216,1,1,0,
25.727583,-100.391219,1,1,0,
25.727583,-100.390222,1,1,0,
25.727583,-100.389225,1,1,0,
25.727583,-100.388228,1,1,0,
25.727583,-100.373274,1,1,0,
25.727583,-100.372277,1,1,0,
25.727583,-100.371281,1,1,0,
25.727583,-100.370284,1,1,0,
25.727583,-100.369287,1,1,0,
25.727583,-100.36829,1,1,0,
25.727583,-100.367293,0,0,0,
25.727583,-100.366296,1,1,0,
25.727583,-100.365299,1,1,0,
25.727583,-100.364302,1,1,0,
25.727583,-100.363305,1,1,0,
25.727583,-100.362308,1,1,0,
25.727583,-100.361311,1,1,0,
25.727583,-100.34536,1,1,0,
25.727583,-100.344363,1,1,0,
25.727583,-100.343366,1,1,0,
25.727583,-100.34237,1,1,0,
25.727583,-100.341373,1,1,0,
25.727583,-100.334394,0,0,0,
25.727583,-100.333397,0,0,0,
25.727583,-100.3324,0,0,0,
25.727583,-100.331403,0,0,0,19039_0156
25.727583,-100.330406,0,0,0,19039_0156
25.727583,-100.329409,0,0,0,19039_0156
25.727583,-100.328413,0,0,0,19039_0156
25.727583,-100.327416,0,0,0,19039_0156
25.727583,-100.326419,0,0,0,19039_0156
25.727583,-100.325422,0,0,0,19039_0518
25.727583,-100.324425,0,0,0,
25.727583,-100.323428,0,0,0,
25.727583,-100.322431,0,0,0,
25.727583,-100.279563,0,0,0,
25.727583,-100.278566,0,0,0,
25.727583,-100.277569,0,0,0,
25.727583,-100.276572,0,0,0,
25.727583,-100.275575,0,0,0,19046_0036
25.727583,-100.274578,0,0,0,19046_0036
25.727583,-100.273581,0,0,0,19046_0036
25.727583,-100.272584,0,0,0,19046_0036
25.727583,-100.271587,0,0,0,19046_0036
25.727583,-100.270591,0,0,0,19046_0147
25.727583,-100.269594,0,0,0,19046_0147
25.727583,-100.268597,0,0,0,19046_0147
25.727583,-100.2676,0,0,0,19046_0147
25.727583,-100.266603,0,0,0,19046_0147
25.727583,-100.265606,0,0,0,
25.727583,-100.264609,0,0,0,
25.727583,-100.263612,0,0,0,
25.727583,-100.245667,1,1,0,
25.727583,-100.24467,2,2,0,
25.727583,-100.243673,2,2,0,
25.727583,-100.242676,2,2,0,
25.727583,-100.24168,2,2,0,
25.727583,-100.240683,2,2,0,
25.727583,-100.239686,2,2,0,
25.727583,-100.238689,1,1,0,
25.727583,-100.237692,1,1,0,
25.727583,-100.236695,2,2,0,
25.727583,-100.235698,2,2,0,
25.727583,-100.234701,1,1,0,
25.727583,-100.233704,2,2,0,
25.727583,-100.232707,2,2,0,
25.727583,-100.23171,2,2,0,
25.727583,-100.19283,0,0,0,
25.727583,-100.191833,1,0,1,
25.727583,-100.190836,1,0,1,
25.727583,-100.189839,1,0,1,
25.727583,-100.188842,1,0,1,19026_0072
25.727583,-100.187845,1,0,1,19026_0072
25.727583,-100.186848,0,0,0,19026_0072
25.727583,-100.185851,0,0,0,19026_0072
25.727583,-100.184855,0,0,0,19026_0072
25.727583,-100.183858,0,0,0,19026_0072
25.727583,-100.182861,0,0,0,19026_0072
25.727583,-100.181864,0,0,0,19026_0072
25.727583,-100.180867,0,0,0,19026_0072
25.727583,-100.17987,1,1,0,19026_0220
25.727583,-100.178873,1,1,0,19026_0220
25.727583,-100.177876,1,1,0,
25.727583,-100.176879,2,2,0,
25.727583,-100.175882,2,2,0,
25.727583,-100.174885,2,2,0,
25.727583,-100.173888,2,2,0,
25.727583,-100.172891,2,2,0,
25.727583,-100.171894,2,2,0,19006_0235
25.727583,-100.170897,1,1,0,19006_0235
25.727583,-100.169901,1,1,0,19006_0235
25.727583,-100.168904,1,1,0,19006_0235
25.727583,-100.167907,1,1,0,19006_0235
25.727583,-100.16691,1,1,0,19006_0235
25.727583,-100.165913,0,0,0,19006_0235
25.727583,-100.164916,0,0,0,19006_0235
25.727583,-100.163919,0,0,0,
25.727583,-100.162922,0,0,0,
25.727583,-100.161925,0,0,0,
25.728488,-100.392216,1,1,0,
25.728488,-100.391219,1,1,0,
25.728488,-100.390222,1,1,0,
25.728488,-100.389225,1,1,0,
25.728488,-100.388228,1,1,0,
25.728488,-100.387231,1,1,0,
25.728488,-100.373274,1,1,0,
25.728488,-100.372277,1,1,0,
25.728488,-100.371281,1,1,0,
25.728488,-100.370284,1,1,0,
25.728488,-100.369287,1,1,0,
25.728488,-100.36829,1,1,0,19039_0038
25.728488,-100.367293,0,0,0,19039_0038
25.728488,-100.366296,0,0,0,
25.728488,-100.365299,1,1,0,
25.728488,-100.364302,1,1,0,
25.728488,-100.363305,1,1,0,
25.728488,-100.362308,1,1,0,
25.728488,-100.344363,1,1,0,
25.728488,-100.343366,1,1,0,
25.728488,-100.34237,1,1,0,
25.728488,-100.334394,0,0,0,
25.728488,-100.333397,0,0,0,
25.728488,-100.3324,0,0,0,
25.728488,-100.331403,0,0,0,19039_0156
25.728488,-100.330406,0,0,0,19039_0156
25.728488,-100.329409,0,0,0,19039_0156
25.728488,-100.328413,0,0,0,19039_0156
25.728488,-100.327416,0,0,0,19039_0156
25.728488,-100.326419,0,0,0,
25.728488,-100.325422,0,0,0,
25.728488,-100.324425,0,0,0,
25.728488,-100.323428,0,0,0,
25.728488,-100.322431,0,0,0,
25.728488,-100.321434,0,0,0,
25.728488,-100.278566,0,0,0,
25.728488,-100.277569,0,0,0,
25.728488,-100.276572,0,0,0,
25.728488,-100.275575,0,0,0,
25.728488,-100.274578,0,0,0,19046_0036
25.728488,-100.273581,0,0,0,19046_0036
25.728488,-100.272584,0,0,0,19046_0036
25.728488,-100.271587,1,1,0,19046_0036
25.728488,-100.270591,1,1,0,19046_0036
25.728488,-100.269594,1,1,0,19046_0036
25.728488,-100.268597,1,1,0,19046_0147
25.728488,-100.2676,0,0,0,19046_0147
25.728488,-100.266603,0,0,0,19046_0147
25.728488,-100.265606,0,0,0,
25.728488,-100.264609,0,0,0,
25.728488,-100.263612,0,0,0,
25.728488,-100.262615,0,0,0,
25.728488,-100.246664,1,1,0,
25.728488,-100.245667,1,1,0,
25.728488,-100.24467,2,2,0,
25.728488,-100.243673,2,2,0,
25.728488,-100.242676,2,2,0,
25.728488,-100.24168,2,2,0,
25.728488,-100.240683,1,1,0,
25.728488,-100.239686,2,2,0,
25.728488,-100.238689,1,1,0,
25.728488,-100.237692,1,1,0,
25.728488,-100.236695,2,2,0,
25.728488,-100.235698,2,2,0,
25.728488,-100.234701,2,2,0,
25.728488,-100.233704,2,2,0,
25.728488,-100.232707,2,2,0,
25.728488,-100.23171,1,1,0,
25.728488,-100.230713,1,1,0,
25.728488,-100.19283,1,0,1,
25.728488,-100.191833,1,0,1,
25.728488,-100.190836,1,0,1,
25.728488,-100.189839,1,0,1,
25.728488,-100.188842,1,0,1,
25.728488,-100.187845,1,0,1,19026_0072
25.728488,-100.186848,0,0,0,19026_0072
25.728488,-100.185851,0,0,0,19026_0072
25.728488,-100.184855,0,0,0,19026_0072
25.728488,-100.183858,0,0,0,19026_0072
25.728488,-100.182861,0,0,0,19026_0072
25.728488,-100.181864,0,0,0,19026_0072
25.728488,-100.180867,1,1,0,19026_0072
25.728488,-100.17987,1,1,0,19026_0220
25.728488,-100.178873,1,1,0,19026_0220
25.728488,-100.177876,1,1,0,
25.728488,-100.176879,2,2,0,
25.728488,-100.175882,1,1,0,
25.728488,-100.174885,2,2,0,
25.728488,-100.173888,2,2,0,
25.728488,-100.172891,1,1,0,
25.728488,-100.171894,2,2,0,19006_0235
25.728488,-100.170897,1,1,0,19006_0235
25.728488,-100.169901,1,1,0,19006_0235
25.728488,-100.168904,1,1,0,19006_0235
25.728488,-100.167907,1,1,0,19006_0235
25.728488,-100.16691,0,0,0,19006_0235
25.728488,-100.165913,0,0,0,19006_0235
25.728488,-100.164916,0,0,0,19006_0235
25.728488,-100.163919,0,0,0,
25.728488,-100.162922,0,0,0,
25.728488,-100.161925,0,0,0,
25.728488,-100.160928,0,0,0,
25.729392,-100.39421,1,1,0,
25.729392,-100.393213,1,1,0,
25.729392,-100.392216,1,1,0,
25.729392,-100.391219,1,1,0,
25.729392,-100.390222,1,1,0,
25.729392,-100.389225,1,1,0,
25.729392,-100.388228,1,1,0,
25.729392,-100.387231,1,1,0,
25.729392,-100.373274,1,1,0,
25.729392,-100.372277,1,1,0,
25.729392,-100.371281,1,1,0,
25.729392,-100.370284,1,1,0,
25.729392,-100.369287,1,1,0,19039_0038
25.729392,-100.36829,0,0,0,19039_0038
25.729392,-100.367293,0,0,0,19039_0038
25.729392,-100.366296,0,0,0,19039_0038
25.729392,-100.365299,0,0,0,
25.729392,-100.364302,0,0,0,
25.729392,-100.363305,0,0,0,
25.729392,-100.357324,0,0,0,
25.729392,-100.356327,0,0,0,
25.729392,-100.35533,0,0,0,
25.729392,-100.334394,0,0,0,
25.729392,-100.333397,0,0,0,
25.729392,-100.3324,0,0,0,
25.729392,-100.331403,0,0,0,19039_0156
25.729392,-100.330406,0,0,0,19039_0156
25.729392,-100.329409,0,0,0,19039_0156
25.729392,-100.328413,0,0,0,19039_0727
25.729392,-100.327416,0,0,0,19039_0727
25.729392,-100.326419,0,0,0,19039_0727
25.729392,-100.325422,0,0,0,19039_0727
25.729392,-100.324425,0,0,0,
25.729392,-100.323428,0,0,0,
25.729392,-100.322431,0,0,0,
25.729392,-100.321434,0,0,0,
25.729392,-100.277569,0,0,0,
25.729392,-100.276572,0,0,0,
25.729392,-100.275575,0,0,0,
25.729392,-100.274578,0,0,0,
25.729392,-100.273581,0,0,0,19046_0036
25.729392,-100.272584,1,1,0,19046_0036
25.729392,-100.271587,1,1,0,19046_0036
25.729392,-100.270591,1,1,0,19046_0036
25.729392,-100.269594,1,1,0,19046_0036
25.729392,-100.268597,1,1,0,19046_0036
25.729392,-100.2676,1,1,0,19046_0036
25.729392,-100.266603,0,0,0,19046_0147
25.729392,-100.265606,0,0,0,
25.729392,-100.264609,0,0,0,
25.729392,-100.263612,0,0,0,
25.729392,-100.262615,0,0,0,
25.729392,-100.261618,0,0,0,
25.729392,-100.245667,1,1,0,
25.729392,-100.24467,2,2,0,
25.729392,-100.243673,2,2,0,
25.729392,-100.242676,2,2,0,
25.729392,-100.24168,2,2,0,
25.729392,-100.240683,1,1,0,
25.729392,-100.239686,1,1,0,
25.729392,-100.238689,1,1,0,
25.729392,-100.237692,1,1,0,
25.729392,-100.236695,1,1,0,
25.729392,-100.235698,2,2,0,
25.729392,-100.234701,2,2,0,
25.729392,-100.233704,2,2,0,
25.729392,-100.232707,1,1,0,
25.729392,-100.23171,1,1,0,
25.729392,-100.230713,1,1,0,
25.729392,-100.19283,1,0,1,
25.729392,-100.191833,1,0,1,
25.729392,-100.190836,1,0,1,
25.729392,-100.189839,1,0,1,
25.729392,-100.188842,1,0,1,
25.729392,-100.187845,1,0,1,
25.729392,-100.186848,0,0,0,19026_0072
25.729392,-100.185851,0,0,0,19026_0072
25.729392,-100.184855,0,0,0,19026_0072
25.729392,-100.183858,0,0,0,19026_0072
25.729392,-100.182861,0,0,0,19026_0072
25.729392,-100.181864,1,1,0,19026_0072
25.729392,-100.180867,1,1,0,19026_0072
25.729392,-100.17987,1,1,0,19026_0072
25.729392,-100.178873,1,1,0,19026_0220
25.729392,-100.177876,1,1,0,
25.729392,-100.176879,1,1,0,
25.729392,-100.175882,1,1,0,
25.729392,-100.174885,1,1,0,
25.729392,-100.173888,1,1,0,
25.729392,-100.172891,1,1,0,
25.729392,-100.171894,0,0,0,19006_0235
25.729392,-100.170897,0,0,0,19006_0235
25.729392,-100.169901,1,1,0,19006_0235
25.729392,-100.168904,1,1,0,19006_0235
25.729392,-100.167907,0,0,0,19006_0235
25.729392,-100.16691,0,0,0,19006_0235
25.729392,-100.165913,0,0,0,19006_0235
25.729392,-100.164916,0,0,0,19006_0235
25.729392,-100.163919,0,0,0,19006_0235
25.729392,-100.162922,0,0,0,
25.729392,-100.161925,0,0,0,
25.729392,-100.160928,0,0,0,
25.730296,-100.395207,1,1,0,
25.730296,-100.39421,1,1,0,
25.730296,-100.393213,1,1,0,
25.730296,-100.392216,2,2,0,
25.730296,-100.391219,2,2,0,
25.730296,-100.390222,1,1,0,
25.730296,-100.389225,1,1,0,
25.730296,-100.388228,1,1,0,
25.730296,-100.382247,1,1,0,
25.730296,-100.38125,1,1,0,
25.730296,-100.380253,1,1,0,
25.730296,-100.379256,1,1,0,
25.730296,-100.373274,0,0,0,
25.730296,-100.372277,1,1,0,
25.730296,-100.371281,1,1,0,
25.730296,-100.370284,1,1,0,19039_0038
25.730296,-100.369287,0,0,0,19039_0038
25.730296,-100.36829,0,0,0,19039_0038
25.730296,-100.367293,0,0,0,19039_0038
25.730296,-100.366296,0,0,0,19039_0038
25.730296,-100.365299,0,0,0,
25.730296,-100.364302,0,0,0,
25.730296,-100.363305,0,0,0,
25.730296,-100.361311,0,0,0,
25.730296,-100.360314,0,0,0,
25.730296,-100.359317,0,0,0,
25.730296,-100.35832,1,1,0,
25.730296,-100.357324,1,1,0,
25.730296,-100.356327,0,0,0,
25.730296,-100.35533,0,0,0,
25.730296,-100.354333,0,0,0,
25.730296,-100.335391,0,0,0,
25.730296,-100.334394,0,0,0,
25.730296,-100.333397,0,0,0,
25.730296,-100.3324,0,0,0,
25.730296,-100.331403,0,0,0,
25.730296,-100.330406,0,0,0,
25.730296,-100.329409,0,0,0,19039_0727
25.730296,-100.328413,0,0,0,19039_0727
25.730296,-100.327416,0,0,0,19039_0727
25.730296,-100.326419,0,0,0,19039_0727
25.730296,-100.325422,0,0,0,19039_0727
25.730296,-100.324425,0,0,0,19039_0727
25.730296,-100.323428,0,0,0,
25.730296,-100.322431,0,0,0,
25.730296,-100.321434,0,0,0,
25.730296,-100.276572,0,0,0,
25.730296,-100.275575,0,0,0,
25.730296,-100.274578,0,0,0,
25.730296,-100.273581,0,0,0,
25.730296,-100.272584,1,1,0,
25.730296,-100.271587,1,1,0,
25.730296,-100.270591,1,1,0,19046_0036
25.730296,-100.269594,1,1,0,19046_0036
25.730296,-100.268597,1,1,0,19046_0036
25.730296,-100.2676,1,1,0,19046_0036
25.730296,-100.266603,0,0,0,19046_0036
25.730296,-100.265606,0,0,0,19046_0036
25.730296,-100.264609,0,0,0,
25.730296,-100.263612,0,0,0,
25.730296,-100.262615,0,0,0,
25.730296,-100.261618,0,0,0,
25.730296,-100.260621,0,0,0,
25.730296,-100.245667,1,1,0,
25.730296,-100.24467,1,1,0,
25.730296,-100.243673,2,2,0,
25.730296,-100.242676,2,2,0,
25.730296,-100.24168,2,2,0,
25.730296,-100.240683,1,1,0,
25.730296,-100.239686,1,1,0,
25.730296,-100.235698,1,1,0,
25.730296,-100.234701,1,1,0,
25.730296,-100.233704,1,1,0,
25.730296,-100.232707,1,1,0,
25.730296,-100.23171,1,1,0,
25.730296,-100.230713,1,1,0,
25.730296,-100.195821,0,0,0,
25.730296,-100.194824,0,0,0,
25.730296,-100.193827,0,0,0,
25.730296,-100.19283,0,0,0,
25.730296,-100.191833,1,0,1,
25.730296,-100.190836,1,0,1,
25.730296,-100.189839,1,0,1,
25.730296,-100.188842,1,0,1,
25.730296,-100.187845,1,0,1,
25.730296,-100.186848,0,0,0,
25.730296,-100.185851,0,0,0,
25.730296,-100.184855,0,0,0,
25.730296,-100.183858,0,0,0,
25.730296,-100.182861,0,0,0,
25.730296,-100.181864,1,1,0,
25.730296,-100.180867,1,1,0,
25.730296,-100.17987,1,1,0,
25.730296,-100.178873,1,1,0,
25.730296,-100.177876,1,1,0,
25.730296,-100.176879,1,1,0,
25.730296,-100.175882,0,0,0,
25.730296,-100.174885,0,0,0,
25.730296,-100.173888,0,0,0,
25.730296,-100.172891,0,0,0,
25.730296,-100.171894,0,0,0,
25.730296,-100.170897,0,0,0,19006_0235
25.730296,-100.169901,0,0,0,19006_0235
25.730296,-100.168904,0,0,0,19006_0235
25.730296,-100.167907,0,0,0,19006_0235
25.730296,-100.16691,0,0,0,19006_0235
25.730296,-100.165913,0,0,0,19006_0235
25.730296,-100.164916,0,0,0,19006_0235
25.730296,-100.163919,0,0,0,19006_0235
25.730296,-100.162922,0,0,0,
25.730296,-100.161925,0,0,0,
25.730296,-100.160928,0,0,0,
25.731201,-100.396204,1,1,0,
25.731201,-100.395207,1,1,0,
25.731201,-100.39421,1,1,0,
25.731201,-100.393213,1,1,0,
25.731201,-100.392216,1,1,0,
25.731201,-100.391219,2,2,0,
25.731201,-100.390222,1,1,0,
25.731201,-100.389225,1,1,0,
25.731201,-100.382247,1,1,0,
25.731201,-100.38125,1,1,0,
25.731201,-100.380253,1,1,0,
25.731201,-100.379256,1,1,0,
25.731201,-100.378259,1,1,0,
25.731201,-100.373274,0,0,0,
25.731201,-100.372277,0,0,0,
25.731201,-100.371281,0,0,0,
25.731201,-100.370284,0,0,0,19039_0038
25.731201,-100.369287,0,0,0,19039_0038
25.731201,-100.36829,0,0,0,19039_0038
25.731201,-100.367293,0,0,0,19039_0038
25.731201,-100.366296,0,0,0,19039_0038
25.731201,-100.365299,0,0,0,
25.731201,-100.364302,0,0,0,
25.731201,-100.363305,0,0,0,
25.731201,-100.362308,0,0,0,
25.731201,-100.361311,0,0,0,
25.731201,-100.360314,0,0,0,
25.731201,-100.359317,1,1,0,
25.731201,-100.35832,1,1,0,
25.731201,-100.357324,1,1,0,
25.731201,-100.356327,1,1,0,
25.731201,-100.35533,1,1,0,
25.731201,-100.354333,0,0,0,
25.731201,-100.353336,0,0,0,
25.731201,-100.351342,0,0,0,
25.731201,-100.350345,0,0,0,
25.731201,-100.349348,0,0,0,
25.731201,-100.348351,0,0,0,
25.731201,-100.347354,0,0,0,
25.731201,-100.346357,0,0,0,
25.731201,-100.34536,0,0,0,
25.731201,-100.34237,0,0,0,
25.731201,-100.337385,0,0,0,
25.731201,-100.336388,0,0,0,
25.731201,-100.335391,0,0,0,
25.731201,-100.334394,0,0,0,
25.731201,-100.333397,0,0,0,
25.731201,-100.3324,0,0,0,
25.731201,-100.331403,0,0,0,
25.731201,-100.330406,0,0,0,19039_0727
25.731201,-100.329409,0,0,0,19039_0727
25.731201,-100.328413,0,0,0,19039_0727
25.731201,-100.327416,0,0,0,19039_0727
25.731201,-100.326419,0,0,0,19039_0727
25.731201,-100.325422,0,0,0,19039_0727
25.731201,-100.324425,0,0,0,19039_0727
25.731201,-100.323428,0,0,0,
25.731201,-100.322431,0,0,0,
25.731201,-100.321434,0,0,0,
25.731201,-100.276572,0,0,0,
25.731201,-100.275575,0,0,0,
25.731201,-100.274578,0,0,0,
25.731201,-100.273581,0,0,0,
25.731201,-100.272584,1,1,0,
25.731201,-100.271587,1,1,0,
25.731201,-100.270591,1,1,0,
25.731201,-100.269594,1,1,0,
25.731201,-100.268597,1,1,0,
25.731201,-100.2676,1,1,0,19046_0036
25.731201,-100.266603,0,0,0,19046_0036
25.731201,-100.265606,0,0,0,19046_0036
25.731201,-100.264609,0,0,0,19046_0036
25.731201,-100.263612,0,0,0,19046_0036
25.731201,-100.262615,0,0,0,
25.731201,-100.261618,0,0,0,
25.731201,-100.260621,0,0,0,
25.731201,-100.242676,1,1,0,
25.731201,-100.24168,1,1,0,
25.731201,-100.234701,1,1,0,
25.731201,-100.233704,1,1,0,
25.731201,-100.232707,1,1,0,
25.731201,-100.23171,1,1,0,
25.731201,-100.230713,1,1,0,
25.731201,-100.199808,0,0,0,
25.731201,-100.198812,0,0,0,
25.731201,-100.197815,0,0,0,
25.731201,-100.196818,0,0,0,
25.731201,-100.195821,0,0,0,
25.731201,-100.194824,0,0,0,
25.731201,-100.193827,0,0,0,
25.731201,-100.19283,0,0,0,
25.731201,-100.191833,0,0,0,
25.731201,-100.190836,1,0,1,
25.731201,-100.189839,1,0,1,19006_0310
25.731201,-100.188842,1,0,1,19006_0310
25.731201,-100.187845,0,0,0,
25.731201,-100.186848,0,0,0,
25.731201,-100.185851,0,0,0,
25.731201,-100.184855,0,0,0,
25.731201,-100.183858,0,0,0,
25.731201,-100.182861,0,0,0,
25.731201,-100.181864,0,0,0,
25.731201,-100.180867,1,1,0,
25.731201,-100.17987,1,1,0,
25.731201,-100.178873,1,1,0,
25.731201,-100.177876,1,1,0,
25.731201,-100.176879,1,1,0,
25.731201,-100.175882,0,0,0,
25.731201,-100.174885,0,0,0,
25.731201,-100.173888,0,0,0,
25.731201,-100.172891,0,0,0,
25.731201,-100.171894,0,0,0,
25.731201,-100.170897,0,0,0,
25.731201,-100.169901,0,0,0,
25.731201,-100.168904,0,0,0,
25.731201,-100.167907,0,0,0,
25.731201,-100.16691,0,0,0,
25.731201,-100.165913,0,0,0,
25.731201,-100.164916,0,0,0,
25.731201,-100.163919,0,0,0,
25.731201,-100.162922,0,0,0,
25.731201,-100.161925,0,0,0,
25.731201,-100.160928,0,0,0,
25.732105,-100.396204,1,1,0,
25.732105,-100.395207,1,1,0,
25.732105,-100.39421,1,1,0,
25.732105,-100.393213,1,1,0,
25.732105,-100.392216,1,1,0,
25.732105,-100.391219,1,1,0,
25.732105,-100.390222,1,1,0,
25.732105,-100.389225,1,1,0,
25.732105,-100.388228,1,1,0,
25.732105,-100.387231,1,1,0,
25.732105,-100.383244,1,1,0,
25.732105,-100.382247,1,1,0,
25.732105,-100.38125,1,1,0,
25.732105,-100.380253,1,1,0,
25.732105,-100.379256,1,1,0,
25.732105,-100.378259,1,1,0,
25.732105,-100.373274,0,0,0,
25.732105,-100.372277,0,0,0,
25.732105,-100.371281,0,0,0,
25.732105,-100.370284,0,0,0,
25.732105,-100.369287,0,0,0,19039_0038
25.732105,-100.36829,0,0,0,19039_0038
25.732105,-100.367293,0,0,0,19039_0038
25.732105,-100.366296,0,0,0,19039_0038
25.732105,-100.365299,0,0,0,
25.732105,-100.364302,0,0,0,
25.732105,-100.363305,0,0,0,
25.732105,-100.362308,0,0,0,
25.732105,-100.361311,0,0,0,
25.732105,-100.360314,0,0,0,
25.732105,-100.359317,1,1,0,
25.732105,-100.35832,1,1,0,
25.732105,-100.357324,1,1,0,19039_0319
25.732105,-100.356327,1,1,0,19039_0319
25.732105,-100.35533,1,1,0,
25.732105,-100.354333,1,1,0,
25.732105,-100.353336,1,1,0,
25.732105,-100.352339,0,0,0,
25.732105,-100.351342,0,0,0,
25.732105,-100.350345,0,0,0,
25.732105,-100.349348,0,0,0,
25.732105,-100.348351,0,0,0,
25.732105,-100.347354,0,0,0,
25.732105,-100.346357,0,0,0,
25.732105,-100.34536,0,0,0,
25.732105,-100.344363,0,0,0,
25.732105,-100.343366,0,0,0,
25.732105,-100.34237,0,0,0,
25.732105,-100.341373,0,0,0,
25.732105,-100.340376,0,0,0,
25.732105,-100.339379,0,0,0,
25.732105,-100.338382,0,0,0,
25.732105,-100.337385,0,0,0,
25.732105,-100.336388,0,0,0,
25.732105,-100.335391,0,0,0,
25.732105,-100.334394,0,0,0,
25.732105,-100.333397,0,0,0,
25.732105,-100.3324,0,0,0,
25.732105,-100.331403,0,0,0,19039_0727
25.732105,-100.330406,0,0,0,19039_0727
25.732105,-100.329409,0,0,0,19039_0727
25.732105,-100.328413,0,0,0,19039_0727
25.732105,-100.327416,0,0,0,19039_0727
25.732105,-100.326419,0,0,0,19039_0727
25.732105,-100.325422,0,0,0,19039_0727
25.732105,-100.324425,0,0,0,19039_0727
25.732105,-100.323428,0,0,0,
25.732105,-100.322431,0,0,0,
25.732105,-100.321434,0,0,0,
25.732105,-100.273581,0,0,0,
25.732105,-100.272584,1,1,0,
25.732105,-100.271587,1,1,0,
25.732105,-100.270591,1,1,0,
25.732105,-100.269594,1,1,0,
25.732105,-100.268597,1,1,0,
25.732105,-100.2676,0,0,0,
25.732105,-100.266603,0,0,0,
25.732105,-100.265606,0,0,0,
25.732105,-100.264609,0,0,0,19046_0036
25.732105,-100.263612,0,0,0,19046_0036
25.732105,-100.262615,0,0,0,
25.732105,-100.261618,0,0,0,
25.732105,-100.260621,0,0,0,
25.732105,-100.233704,1,1,0,
25.732105,-100.232707,1,1,0,
25.732105,-100.23171,1,1,0,
25.732105,-100.200805,0,0,0,
25.732105,-100.199808,0,0,0,
25.732105,-100.198812,0,0,0,
25.732105,-100.197815,0,0,0,
25.732105,-100.196818,0,0,0,
25.732105,-100.195821,0,0,0,
25.732105,-100.194824,0,0,0,
25.732105,-100.193827,0,0,0,
25.732105,-100.19283,0,0,0,
25.732105,-100.191833,0,0,0,
25.732105,-100.190836,0,0,0,
25.732105,-100.189839,0,0,0,
25.732105,-100.188842,0,0,0,
25.732105,-100.187845,0,0,0,
25.732105,-100.186848,0,0,0,
25.732105,-100.185851,0,0,0,
25.732105,-100.184855,0,0,0,
25.732105,-100.183858,0,0,0,
25.732105,-100.182861,0,0,0,
25.732105,-100.181864,0,0,0,
25.732105,-100.180867,1,1,0,
25.732105,-100.17987,1,1,0,
25.732105,-100.178873,1,1,0,
25.732105,-100.177876,1,1,0,
25.732105,-100.173888,0,0,0,
25.732105,-100.172891,0,0,0,
25.732105,-100.171894,0,0,0,
25.732105,-100.170897,0,0,0,
25.732105,-100.169901,0,0,0,
25.732105,-100.168904,0,0,0,
25.732105,-100.167907,0,0,0,
25.732105,-100.16691,0,0,0,
25.732105,-100.165913,0,0,0,
25.732105,-100.164916,0,0,0,
25.732105,-100.163919,0,0,0,
25.732105,-100.162922,0,0,0,
25.732105,-100.161925,0,0,0,
25.732105,-100.160928,0,0,0,
25.73301,-100.396204,1,1,0,
25.73301,-100.395207,1,1,0,
25.73301,-100.39421,1,1,0,
25.73301,-100.393213,1,1,0,
25.73301,-100.392216,1,1,0,
25.73301,-100.391219,2,2,0,
25.73301,-100.390222,1,1,0,
25.73301,-100.389225,1,1,0,
25.73301,-100.388228,1,1,0,
25.73301,-100.387231,1,1,0,
25.73301,-100.386234,1,1,0,
25.73301,-100.383244,1,1,0,
25.73301,-100.382247,1,1,0,
25.73301,-100.38125,1,1,0,
25.73301,-100.380253,1,1,0,
25.73301,-100.379256,1,1,0,
25.73301,-100.378259,1,1,0,
25.73301,-100.372277,0,0,0,
25.73301,-100.371281,0,0,0,
25.73301,-100.370284,0,0,0,
25.73301,-100.369287,0,0,0,19039_0038
25.73301,-100.36829,0,0,0,19039_0038
25.73301,-100.367293,0,0,0,19039_0038
25.73301,-100.366296,0,0,0,19039_0038
25.73301,-100.365299,0,0,0,19039_0038
25.73301,-100.364302,0,0,0,19039_0038
25.73301,-100.363305,0,0,0,
25.73301,-100.362308,0,0,0,
25.73301,-100.361311,0,0,0,
25.73301,-100.360314,1,1,0,19039_0319
25.73301,-100.359317,1,1,0,19039_0319
25.73301,-100.35832,1,1,0,19039_0319
25.73301,-100.357324,1,1,0,19039_0319
25.73301,-100.356327,2,2,0,19039_0319
25.73301,-100.35533,2,2,0,19039_0319
25.73301,-100.354333,1,1,0,
25.73301,-100.353336,1,1,0,
25.73301,-100.352339,1,1,0,
25.73301,-100.351342,0,0,0,
25.73301,-100.350345,0,0,0,
25.73301,-100.349348,0,0,0,
25.73301,-100.348351,0,0,0,
25.73301,-100.347354,0,0,0,
25.73301,-100.346357,0,0,0,
25.73301,-100.34536,0,0,0,
25.73301,-100.344363,0,0,0,
25.73301,-100.343366,0,0,0,
25.73301,-100.34237,0,0,0,
25.73301,-100.341373,0,0,0,
25.73301,-100.340376,0,0,0,
25.73301,-100.339379,0,0,0,
25.73301,-100.338382,0,0,0,
25.73301,-100.337385,0,0,0,
25.73301,-100.336388,0,0,0,
25.73301,-100.335391,0,0,0,
25.73301,-100.334394,0,0,0,19039_0727
25.73301,-100.333397,0,0,0,19039_0727
25.73301,-100.3324,0,0,0,19039_0727
25.73301,-100.331403,0,0,0,19039_0727
25.73301,-100.330406,0,0,0,19039_0727
25.73301,-100.329409,0,0,0,19039_0727
25.73301,-100.328413,0,0,0,19039_0727
25.73301,-100.327416,0,0,0,19039_0727
25.73301,-100.326419,0,0,0,19039_0727
25.73301,-100.325422,0,0,0,19039_0727
25.73301,-100.324425,0,0,0,19039_0727
25.73301,-100.323428,0,0,0,
25.73301,-100.322431,0,0,0,
25.73301,-100.321434,0,0,0,
25.73301,-100.271587,1,1,0,
25.73301,-100.270591,1,1,0,
25.73301,-100.269594,1,1,0,
25.73301,-100.268597,0,0,0,
25.73301,-100.2676,0,0,0,
25.73301,-100.266603,0,0,0,
25.73301,-100.265606,0,0,0,
25.73301,-100.264609,0,0,0,
25.73301,-100.263612,0,0,0,
25.73301,-100.262615,0,0,0,
25.73301,-100.261618,0,0,0,
25.73301,-100.260621,0,0,0,
25.73301,-100.200805,0,0,0,
25.73301,-100.199808,0,0,0,
25.73301,-100.198812,0,0,0,
25.73301,-100.197815,0,0,0,
25.73301,-100.196818,0,0,0,
25.73301,-100.195821,1,1,0,
25.73301,-100.194824,1,1,0,19006_0310
25.73301,-100.193827,1,1,0,19006_0310
25.73301,-100.19283,0,0,0,19006_0310
25.73301,-100.191833,0,0,0,19006_0310
25.73301,-100.190836,0,0,0,19006_0310
25.73301,-100.189839,0,0,0,19006_0310
25.73301,-100.188842,0,0,0,
25.73301,-100.187845,0,0,0,
25.73301,-100.186848,0,0,0,
25.73301,-100.185851,0,0,0,
25.73301,-100.184855,0,0,0,
25.73301,-100.171894,0,0,0,
25.73301,-100.170897,0,0,0,
25.73301,-100.169901,0,0,0,
25.73301,-100.168904,0,0,0,
25.73301,-100.167907,0,0,0,
25.73301,-100.16691,0,0,0,
25.73301,-100.165913,0,0,0,
25.73301,-100.164916,0,0,0,
25.73301,-100.163919,0,0,0,
25.73301,-100.162922,0,0,0,
25.733914,-100.395207,1,1,0,
25.733914,-100.39421,1,1,0,
25.733914,-100.393213,1,1,0,
25.733914,-100.392216,1,1,0,
25.733914,-100.391219,1,1,0,
25.733914,-100.390222,1,1,0,
25.733914,-100.389225,1,1,0,
25.733914,-100.388228,1,1,0,
25.733914,-100.387231,1,1,0,
25.733914,-100.386234,1,1,0,
25.733914,-100.382247,1,1,0,
25.733914,-100.38125,1,1,0,
25.733914,-100.380253,1,1,0,
25.733914,-100.379256,1,1,0,
25.733914,-100.378259,1,1,0,
25.733914,-100.372277,0,0,0,
25.733914,-100.371281,0,0,0,
25.733914,-100.370284,0,0,0,
25.733914,-100.369287,0,0,0,
25.733914,-100.36829,0,0,0,19039_0038
25.733914,-100.367293,0,0,0,19039_0038
25.733914,-100.366296,0,0,0,19039_0038
25.733914,-100.365299,0,0,0,19039_0038
25.733914,-100.364302,0,0,0,19039_0038
25.733914,-100.363305,0,0,0,19039_0038
25.733914,-100.362308,0,0,0,
25.733914,-100.361311,0,0,0,19039_0319
25.733914,-100.360314,0,0,0,19039_0319
25.733914,-100.359317,1,1,0,19039_0319
25.733914,-100.35832,1,1,0,19039_0319
25.733914,-100.357324,1,1,0,19039_0319
25.733914,-100.356327,2,2,0,19039_0319
25.733914,-100.35533,2,2,0,19039_0319
25.733914,-100.354333,1,1,0,
25.733914,-100.353336,1,1,0,
25.733914,-100.352339,1,1,0,
25.733914,-100.351342,1,1,0,
25.733914,-100.350345,0,0,0,19039_0508
25.733914,-100.349348,0,0,0,19039_0508
25.733914,-100.348351,0,0,0,19039_0508
25.733914,-100.347354,0,0,0,
25.733914,-100.346357,0,0,0,
25.733914,-100.34536,0,0,0,
25.733914,-100.344363,0,0,0,
25.733914,-100.343366,0,0,0,
25.733914,-100.34237,0,0,0,
25.733914,-100.341373,0,0,0,
25.733914,-100.340376,0,0,0,
25.733914,-100.339379,0,0,0,
25.733914,-100.338382,0,0,0,
25.733914,-100.337385,0,0,0,
25.733914,-100.336388,0,0,0,19039_0727
25.733914,-100.335391,0,0,0,19039_0727
25.733914,-100.334394,0,0,0,19039_0727
25.733914,-100.333397,0,0,0,19039_0727
25.733914,-100.3324,0,0,0,19039_0727
25.733914,-100.331403,0,0,0,19039_0727
25.733914,-100.330406,0,0,0,19039_0727
25.733914,-100.329409,0,0,0,19039_0727
25.733914,-100.328413,0,0,0,19039_0727
25.733914,-100.327416,0,0,0,19039_0727
25.733914,-100.326419,0,0,0,19039_0727
25.733914,-100.325422,0,0,0,19039_0727
25.733914,-100.324425,0,0,0,19039_0727
25.733914,-100.323428,0,0,0,
25.733914,-100.322431,0,0,0,
25.733914,-100.321434,0,0,0,
25.733914,-100.2676,0,0,0,
25.733914,-100.266603,0,0,0,
25.733914,-100.265606,0,0,0,
25.733914,-100.264609,0,0,0,
25.733914,-100.263612,0,0,0,
25.733914,-100.262615,0,0,0,
25.733914,-100.261618,0,0,0,
25.733914,-100.200805,0,0,0,
25.733914,-100.199808,0,0,0,
25.733914,-100.198812,0,0,0,
25.733914,-100.197815,0,0,0,19006_0310
25.733914,-100.196818,1,1,0,19006_0310
25.733914,-100.195821,1,1,0,19006_0310
25.733914,-100.194824,1,1,0,19006_0310
25.733914,-100.193827,1,1,0,19006_0310
25.733914,-100.19283,1,1,0,19006_0310
25.733914,-100.191833,0,0,0,19006_0310
25.733914,-100.190836,0,0,0,19006_0310
25.733914,-100.189839,0,0,0,19006_0310
25.733914,-100.188842,0,0,0,19006_0310
25.733914,-100.187845,0,0,0,19006_0310
25.733914,-100.186848,0,0,0,
25.733914,-100.185851,0,0,0,
25.733914,-100.184855,0,0,0,
25.734818,-100.391219,1,1,0,
25.734818,-100.390222,1,1,0,
25.734818,-100.389225,1,1,0,
25.734818,-100.388228,1,1,0,
25.734818,-100.387231,1,1,0,
25.734818,-100.386234,1,1,0,
25.734818,-100.38125,1,1,0,
25.734818,-100.380253,1,1,0,
25.734818,-100.379256,1,1,0,
25.734818,-100.371281,0,0,0,
25.734818,-100.370284,0,0,0,
25.734818,-100.369287,0,0,0,
25.734818,-100.36829,0,0,0,19039_0038
25.734818,-100.367293,0,0,0,19039_0038
25.734818,-100.366296,0,0,0,19039_0038
25.734818,-100.365299,0,0,0,19039_0038
25.734818,-100.364302,0,0,0,19039_0038
25.734818,-100.363305,0,0,0,19039_0038
25.734818,-100.362308,0,0,0,19039_0319
25.734818,-100.361311,0,0,0,19039_0319
25.734818,-100.360314,0,0,0,19039_0319
25.734818,-100.359317,1,1,0,19039_0319
25.734818,-100.35832,1,1,0,19039_0319
25.734818,-100.357324,1,1,0,19039_0319
25.734818,-100.356327,2,2,0,19039_0319
25.734818,-100.35533,2,2,0,
25.734818,-100.354333,1,1,0,
25.734818,-100.353336,1,1,0,
25.734818,-100.352339,1,1,0,
25.734818,-100.351342,1,1,0,
25.734818,-100.350345,0,0,0,19039_0508
25.734818,-100.349348,0,0,0,19039_0508
25.734818,-100.348351,0,0,0,19039_0508
25.734818,-100.347354,0,0,0,
25.734818,-100.346357,0,0,0,
25.734818,-100.34536,0,0,0,
25.734818,-100.344363,0,0,0,
25.734818,-100.343366,0,0,0,19039_0508
25.734818,-100.34237,0,0,0,
25.734818,-100.341373,0,0,0,
25.734818,-100.340376,0,0,0,
25.734818,-100.339379,0,0,0,
25.734818,-100.338382,1,1,0,
25.734818,-100.337385,1,1,0,
25.734818,-100.336388,1,1,0,19039_0727
25.734818,-100.335391,1,1,0,19039_0727
25.734818,-100.334394,0,0,0,19039_0727
25.734818,-100.333397,0,0,0,19039_0727
25.734818,-100.3324,0,0,0,19039_0727
25.734818,-100.331403,0,0,0,19039_0727
25.734818,-100.330406,0,0,0,19039_0727
25.734818,-100.329409,0,0,0,19039_0727
25.734818,-100.328413,0,0,0,19039_0727
25.734818,-100.327416,0,0,0,19039_0727
25.734818,-100.326419,0,0,0,19039_0727
25.734818,-100.325422,0,0,0,19039_0727
25.734818,-100.324425,0,0,0,19039_0727
25.734818,-100.323428,0,0,0,19039_0727
25.734818,-100.322431,0,0,0,
25.734818,-100.321434,0,0,0,
25.734818,-100.320437,0,0,0,
25.734818,-100.264609,0,0,0,
25.734818,-100.263612,0,0,0,
25.734818,-100.262615,0,0,0,
25.734818,-100.200805,0,0,0,
25.734818,-100.199808,0,0,0,
25.734818,-100.198812,0,0,0,
25.734818,-100.197815,0,0,0,
25.734818,-100.196818,1,1,0,19006_0310
25.734818,-100.195821,1,1,0,19006_0310
25.734818,-100.194824,1,1,0,19006_0310
25.734818,-100.193827,1,1,0,19006_0310
25.734818,-100.19283,1,1,0,19006_0310
25.734818,-100.191833,1,1,0,19006_0310
25.734818,-100.190836,0,0,0,19006_0310
25.734818,-100.189839,0,0,0,19006_0310
25.734818,-100.188842,0,0,0,19006_0310
25.734818,-100.187845,0,0,0,19006_0310
25.734818,-100.186848,0,0,0,
25.734818,-100.185851,0,0,0,
25.734818,-100.184855,0,0,0,
25.735723,-100.390222,1,1,0,
25.735723,-100.389225,1,1,0,
25.735723,-100.388228,1,1,0,
25.735723,-100.387231,1,1,0,
25.735723,-100.386234,1,1,0,
25.735723,-100.371281,0,0,0,
25.735723,-100.370284,0,0,0,
25.735723,-100.369287,0,0,0,
25.735723,-100.36829,0,0,0,
25.735723,-100.367293,0,0,0,19039_0038
25.735723,-100.366296,0,0,0,19039_0038
25.735723,-100.365299,0,0,0,19039_0038
25.735723,-100.364302,0,0,0,19039_0038
25.735723,-100.363305,0,0,0,19039_0038
25.735723,-100.362308,0,0,0,19039_0038
25.735723,-100.361311,0,0,0,19039_0319
25.735723,-100.360314,0,0,0,19039_0319
25.735723,-100.359317,0,0,0,19039_0319
25.735723,-100.35832,0,0,0,19039_0319
25.735723,-100.357324,0,0,0,19039_0319
25.735723,-100.356327,1,1,0,
25.735723,-100.35533,1,1,0,
25.735723,-100.354333,1,1,0,
25.735723,-100.353336,1,1,0,
25.735723,-100.352339,1,1,0,
25.735723,-100.351342,1,1,0,
25.735723,-100.350345,0,0,0,19039_0508
25.735723,-100.349348,0,0,0,19039_0508
25.735723,-100.348351,0,0,0,19039_0508
25.735723,-100.347354,0,0,0,19039_0508
25.735723,-100.346357,0,0,0,
25.735723,-100.34536,0,0,0,
25.735723,-100.344363,0,0,0,19039_0508
25.735723,-100.343366,0,0,0,19039_0508
25.735723,-100.34237,0,0,0,
25.735723,-100.341373,0,0,0,
25.735723,-100.340376,0,0,0,
25.735723,-100.339379,1,1,0,
25.735723,-100.338382,1,1,0,19039_0725
25.735723,-100.337385,1,1,0,19039_0725
25.735723,-100.336388,1,1,0,19039_0727
25.735723,-100.335391,1,1,0,19039_0727
25.735723,-100.334394,1,1,0,19039_0727
25.735723,-100.333397,0,0,0,19039_0727
25.735723,-100.3324,0,0,0,19039_0727
25.735723,-100.331403,0,0,0,19039_0727
25.735723,-100.330406,0,0,0,19039_0727
25.735723,-100.329409,0,0,0,19039_0727
25.735723,-100.328413,0,0,0,19039_0727
25.735723,-100.327416,0,0,0,19039_0727
25.735723,-100.326419,0,0,0,19039_0727
25.735723,-100.325422,0,0,0,19039_0727
25.735723,-100.324425,0,0,0,19039_0727
25.735723,-100.323428,0,0,0,19039_0727
25.735723,-100.322431,0,0,0,
25.735723,-100.321434,0,0,0,
25.735723,-100.320437,0,0,0,
25.735723,-100.245667,0,0,0,
25.735723,-100.24467,0,0,0,
25.735723,-100.199808,0,0,0,
25.735723,-100.198812,0,0,0,
25.735723,-100.197815,0,0,0,
25.735723,-100.196818,1,1,0,
25.735723,-100.195821,1,1,0,19006_0310
25.735723,-100.194824,1,1,0,19006_0310
25.735723,-100.193827,1,1,0,19006_0310
25.735723,-100.19283,1,1,0,19006_0310
25.735723,-100.191833,1,1,0,19006_0310
25.735723,-100.190836,0,0,0,19006_0310
25.735723,-100.189839,0,0,0,19006_0310
25.735723,-100.188842,0,0,0,19006_0310
25.735723,-100.187845,0,0,0,
25.735723,-100.186848,0,0,0,
25.735723,-100.185851,0,0,0,
25.736627,-100.389225,1,1,0,
25.736627,-100.388228,1,1,0,
25.736627,-100.370284,0,0,0,
25.736627,-100.369287,0,0,0,
25.736627,-100.36829,0,0,0,
25.736627,-100.367293,0,0,0,
25.736627,-100.366296,0,0,0,19039_0038
25.736627,-100.365299,0,0,0,19039_0038
25.736627,-100.364302,0,0,0,19039_0038
25.736627,-100.363305,0,0,0,19039_0038
25.736627,-100.362308,0,0,0,
25.736627,-100.361311,0,0,0,
25.736627,-100.360314,0,0,0,
25.736627,-100.359317,0,0,0,
25.736627,-100.35832,0,0,0,
25.736627,-100.357324,0,0,0,19039_0319
25.736627,-100.356327,0,0,0,
25.736627,-100.35533,1,1,0,
25.736627,-100.354333,1,1,0,
25.736627,-100.353336,1,1,0,
25.736627,-100.352339,1,1,0,
25.736627,-100.351342,0,0,0,
25.736627,-100.350345,0,0,0,
25.736627,-100.349348,0,0,0,19039_0112
25.736627,-100.348351,0,0,0,19039_0508
25.736627,-100.347354,0,0,0,19039_0508
25.736627,-100.346357,0,0,0,19039_0508
25.736627,-100.34536,0,0,0,19039_0508
25.736627,-100.344363,0,0,0,19039_0508
25.736627,-100.343366,0,0,0,19039_0508
25.736627,-100.34237,0,0,0,
25.736627,-100.341373,0,0,0,
25.736627,-100.340376,0,0,0,
25.736627,-100.339379,1,1,0,
25.736627,-100.338382,1,1,0,
25.736627,-100.337385,1,1,0,19039_0725
25.736627,-100.336388,1,1,0,19039_0727
25.736627,-100.335391,1,1,0,19039_0727
25.736627,-100.334394,1,1,0,19039_0727
25.736627,-100.333397,0,0,0,19039_0727
25.736627,-100.3324,0,0,0,19039_0727
25.736627,-100.331403,0,0,0,19039_0727
25.736627,-100.330406,0,0,0,19039_0727
25.736627,-100.329409,0,0,0,19039_0727
25.736627,-100.328413,0,0,0,19039_0727
25.736627,-100.327416,0,0,0,19039_0727
25.736627,-100.326419,0,0,0,19039_0727
25.736627,-100.325422,0,0,0,19039_0727
25.736627,-100.324425,0,0,0,19039_0727
25.736627,-100.323428,0,0,0,19039_0727
25.736627,-100.322431,0,0,0,
25.736627,-100.321434,0,0,0,
25.736627,-100.320437,0,0,0,
25.736627,-100.260621,1,1,0,
25.736627,-100.259624,1,1,0,
25.736627,-100.258627,1,1,0,
25.736627,-100.246664,0,0,0,
25.736627,-100.245667,0,0,0,
25.736627,-100.24467,0,0,0,
25.736627,-100.243673,0,0,0,
25.736627,-100.242676,0,0,0,
25.736627,-100.24168,0,0,0,
25.736627,-100.198812,0,0,0,
25.736627,-100.197815,0,0,0,
25.736627,-100.196818,1,1,0,
25.736627,-100.195821,1,1,0,
25.736627,-100.194824,1,1,0,
25.736627,-100.193827,1,1,0,19006_0310
25.736627,-100.19283,1,1,0,19006_0310
25.736627,-100.191833,0,0,0,19006_0310
25.736627,-100.190836,0,0,0,19006_0310
25.736627,-100.189839,0,0,0,19006_0310
25.736627,-100.188842,0,0,0,19006_0310
25.736627,-100.187845,0,0,0,
25.736627,-100.186848,0,0,0,
25.736627,-100.185851,0,0,0,
25.736627,-100.137002,1,1,0,
25.736627,-100.136005,1,1,0,
25.736627,-100.135008,1,1,0,
25.737531,-100.373274,1,1,0,
25.737531,-100.372277,1,1,0,
25.737531,-100.371281,1,1,0,
25.737531,-100.370284,1,1,0,
25.737531,-100.369287,0,0,0,
25.737531,-100.36829,0,0,0,
25.737531,-100.367293,0,0,0,
25.737531,-100.366296,0,0,0,19039_0038
25.737531,-100.365299,0,0,0,19039_0038
25.737531,-100.364302,0,0,0,
25.737531,-100.363305,0,0,0,
25.737531,-100.362308,0,0,0,
25.737531,-100.361311,0,0,0,
25.737531,-100.360314,0,0,0,
25.737531,-100.359317,0,0,0,
25.737531,-100.35832,0,0,0,
25.737531,-100.357324,0,0,0,
25.737531,-100.356327,0,0,0,
25.737531,-100.35533,0,0,0,
25.737531,-100.354333,0,0,0,
25.737531,-100.353336,0,0,0,
25.737531,-100.352339,0,0,0,
25.737531,-100.351342,0,0,0,
25.737531,-100.350345,0,0,0,
25.737531,-100.349348,0,0,0,
25.737531,-100.348351,0,0,0,19039_0112
25.737531,-100.347354,0,0,0,19039_0508
25.737531,-100.346357,0,0,0,19039_0508
25.737531,-100.34536,0,0,0,19039_0112
25.737531,-100.344363,0,0,0,19039_0112
25.737531,-100.343366,0,0,0,19039_0508
25.737531,-100.34237,0,0,0,
25.737531,-100.341373,0,0,0,
25.737531,-100.340376,0,0,0,
25.737531,-100.339379,1,1,0,
25.737531,-100.338382,1,1,0,
25.737531,-100.337385,1,1,0,19039_0725
25.737531,-100.336388,1,1,0,19039_0727
25.737531,-100.335391,1,1,0,19039_0727
25.737531,-100.334394,1,1,0,19039_0727
25.737531,-100.333397,0,0,0,19039_0727
25.737531,-100.3324,0,0,0,19039_0727
25.737531,-100.331403,0,0,0,19039_0727
25.737531,-100.330406,0,0,0,19039_0727
25.737531,-100.329409,0,0,0,19039_0727
25.737531,-100.328413,0,0,0,19039_0727
25.737531,-100.327416,0,0,0,19039_0727
25.737531,-100.326419,0,0,0,19039_0727
25.737531,-100.325422,0,0,0,19039_0727
25.737531,-100.324425,0,0,0,19039_0727
25.737531,-100.323428,0,0,0,19039_0727
25.737531,-100.322431,0,0,0,
25.737531,-100.321434,0,0,0,
25.737531,-100.320437,0,0,0,
25.737531,-100.261618,1,1,0,
25.737531,-100.260621,1,1,0,
25.737531,-100.259624,1,1,0,
25.737531,-100.258627,1,1,0,
25.737531,-100.25763,1,1,0,
25.737531,-100.247661,0,0,0,
25.737531,-100.246664,0,0,0,
25.737531,-100.245667,0,0,0,
25.737531,-100.24467,0,0,0,
25.737531,-100.243673,0,0,0,
25.737531,-100.242676,0,0,0,
25.737531,-100.24168,0,0,0,
25.737531,-100.240683,0,0,0,
25.737531,-100.239686,0,0,0,
25.737531,-100.197815,0,0,0,
25.737531,-100.196818,0,0,0,
25.737531,-100.195821,1,1,0,
25.737531,-100.194824,1,1,0,
25.737531,-100.193827,1,1,0,
25.737531,-100.19283,0,0,0,19006_0310
25.737531,-100.191833,0,0,0,19006_0310
25.737531,-100.190836,0,0,0,19006_0310
25.737531,-100.189839,0,0,0,19006_0310
25.737531,-100.188842,0,0,0,
25.737531,-100.187845,0,0,0,
25.737531,-100.186848,0,0,0,
25.737531,-100.185851,0,0,0,
25.737531,-100.137999,1,1,0,
25.737531,-100.137002,1,1,0,
25.737531,-100.136005,1,1,0,
25.737531,-100.135008,1,1,0,
25.737531,-100.134011,1,1,0,
25.738436,-100.387231,1,1,0,
25.738436,-100.386234,1,1,0,
25.738436,-100.385238,1,1,0,
25.738436,-100.374271,1,1,0,
25.738436,-100.373274,1,1,0,
25.738436,-100.372277,1,1,0,
25.738436,-100.371281,1,1,0,
25.738436,-100.370284,1,1,0,
25.738436,-100.369287,1,1,0,
25.738436,-100.36829,0,0,0,
25.738436,-100.367293,0,0,0,
25.738436,-100.366296,0,0,0,
25.738436,-100.365299,0,0,0,
25.738436,-100.364302,0,0,0,
25.738436,-100.363305,0,0,0,
25.738436,-100.362308,0,0,0,
25.738436,-100.361311,0,0,0,
25.738436,-100.360314,0,0,0,
25.738436,-100.359317,0,0,0,
25.738436,-100.35832,0,0,0,
25.738436,-100.357324,0,0,0,
25.738436,-100.356327,0,0,0,
25.738436,-100.35533,0,0,0,
25.738436,-100.354333,0,0,0,
25.738436,-100.353336,0,0,0,
25.738436,-100.352339,0,0,0,
25.738436,-100.351342,0,0,0,19039_0770
25.738436,-100.350345,0,0,0,19039_0770
25.738436,-100.349348,0,0,0,
25.738436,-100.348351,0,0,0,
25.738436,-100.347354,0,0,0,19039_0112
25.738436,-100.346357,0,0,0,
25.738436,-100.34536,0,0,0,19039_0112
25.738436,-100.344363,0,0,0,19039_0112
25.738436,-100.343366,0,0,0,19039_0508
25.738436,-100.34237,0,0,0,
25.738436,-100.341373,0,0,0,
25.738436,-100.340376,0,0,0,
25.738436,-100.339379,0,0,0,
25.738436,-100.338382,1,1,0,19039_0725
25.738436,-100.337385,1,1,0,19039_0725
25.738436,-100.336388,1,1,0,19039_0727
25.738436,-100.335391,1,1,0,19039_0727
25.738436,-100.334394,1,1,0,19039_0727
25.738436,-100.333397,0,0,0,19039_0727
25.738436,-100.3324,0,0,0,19039_0727
25.738436,-100.331403,0,0,0,19039_0727
25.738436,-100.330406,0,0,0,19039_0727
25.738436,-100.329409,0,0,0,19039_0727
25.738436,-100.328413,0,0,0,19039_0727
25.738436,-100.327416,0,0,0,19039_0727
25.738436,-100.326419,0,0,0,19039_0727
25.738436,-100.325422,0,0,0,19039_0727
25.738436,-100.324425,0,0,0,19039_0727
25.738436,-100.323428,0,0,0,
25.738436,-100.322431,0,0,0,
25.738436,-100.321434,0,0,0,
25.738436,-100.320437,0,0,0,
25.738436,-100.291526,1,1,0,
25.738436,-100.290529,1,1,0,
25.738436,-100.289532,1,1,0,
25.738436,-100.261618,1,1,0,
25.738436,-100.260621,1,1,0,
25.738436,-100.259624,1,1,0,
25.738436,-100.258627,1,1,0,
25.738436,-100.25763,1,1,0,
25.738436,-100.247661,0,0,0,
25.738436,-100.246664,0,0,0,
25.738436,-100.245667,0,0,0,
25.738436,-100.24467,0,0,0,19046_0292
25.738436,-100.243673,0,0,0,
25.738436,-100.242676,0,0,0,
25.738436,-100.24168,0,0,0,
25.738436,-100.240683,0,0,0,
25.738436,-100.239686,0,0,0,
25.738436,-100.238689,0,0,0,
25.738436,-100.237692,0,0,0,
25.738436,-100.199808,1,1,0,
25.738436,-100.198812,1,1,0,
25.738436,-100.197815,1,1,0,
25.738436,-100.196818,1,1,0,
25.738436,-100.195821,0,0,0,
25.738436,-100.194824,0,0,0,
25.738436,-100.193827,0,0,0,
25.738436,-100.19283,0,0,0,
25.738436,-100.191833,0,0,0,
25.738436,-100.190836,0,0,0,
25.738436,-100.189839,0,0,0,19006_0310
25.738436,-100.188842,0,0,0,
25.738436,-100.187845,0,0,0,
25.738436,-100.186848,0,0,0,
25.738436,-100.137999,1,1,0,
25.738436,-100.137002,1,1,0,
25.738436,-100.136005,1,1,0,
25.738436,-100.135008,1,1,0,
25.738436,-100.134011,1,1,0,
25.738436,-100.133014,1,1,0,
25.73934,-100.388228,1,1,0,
25.73934,-100.387231,1,1,0,
25.73934,-100.386234,1,1,0,
25.73934,-100.385238,1,1,0,
25.73934,-100.384241,1,1,0,
25.73934,-100.374271,1,1,0,
25.73934,-100.373274,1,1,0,
25.73934,-100.372277,1,1,0,
25.73934,-100.371281,1,1,0,
25.73934,-100.370284,1,1,0,
25.73934,-100.369287,1,1,0,
25.73934,-100.36829,0,0,0,
25.73934,-100.367293,0,0,0,
25.73934,-100.366296,0,0,0,
25.73934,-100.365299,0,0,0,
25.73934,-100.364302,0,0,0,
25.73934,-100.363305,0,0,0,
25.73934,-100.362308,0,0,0,
25.73934,-100.35832,0,0,0,
25.73934,-100.357324,0,0,0,
25.73934,-100.356327,0,0,0,
25.73934,-100.35533,0,0,0,
25.73934,-100.354333,0,0,0,
25.73934,-100.353336,0,0,0,
25.73934,-100.352339,0,0,0,19039_0770
25.73934,-100.351342,0,0,0,19039_0770
25.73934,-100.350345,0,0,0,19039_0770
25.73934,-100.349348,0,0,0,
25.73934,-100.348351,0,0,0,
25.73934,-100.347354,0,0,0,19039_0112
25.73934,-100.346357,0,0,0,19039_0112
25.73934,-100.34536,0,0,0,19039_0112
25.73934,-100.344363,0,0,0,19039_0112
25.73934,-100.343366,0,0,0,19039_0112
25.73934,-100.34237,0,0,0,
25.73934,-100.341373,0,0,0,
25.73934,-100.340376,0,0,0,
25.73934,-100.339379,0,0,0,
25.73934,-100.338382,0,0,0,19039_0725
25.73934,-100.337385,1,1,0,19039_0725
25.73934,-100.336388,1,1,0,19039_0725
25.73934,-100.335391,0,0,0,
25.73934,-100.334394,0,0,0,
25.73934,-100.333397,0,0,0,
25.73934,-100.3324,0,0,0,
25.73934,-100.331403,0,0,0,19039_0727
25.73934,-100.330406,0,0,0,19039_0727
25.73934,-100.329409,0,0,0,19039_0727
25.73934,-100.328413,0,0,0,19039_0727
25.73934,-100.327416,0,0,0,
25.73934,-100.326419,0,0,0,
25.73934,-100.325422,0,0,0,19039_0430
25.73934,-100.324425,0,0,0,19039_0430
25.73934,-100.323428,0,0,0,
25.73934,-100.322431,0,0,0,
25.73934,-100.321434,0,0,0,
25.73934,-100.292523,1,1,0,
25.73934,-100.291526,1,1,0,
25.73934,-100.290529,1,1,0,
25.73934,-100.289532,1,1,0,
25.73934,-100.288535,1,1,0,
25.73934,-100.261618,1,1,0,
25.73934,-100.260621,1,1,0,
25.73934,-100.259624,1,1,0,
25.73934,-100.258627,1,1,0,
25.73934,-100.25763,1,1,0,
25.73934,-100.248658,0,0,0,
25.73934,-100.247661,0,0,0,
25.73934,-100.246664,0,0,0,
25.73934,-100.245667,1,1,0,19046_0292
25.73934,-100.24467,1,1,0,19046_0292
25.73934,-100.243673,0,0,0,19046_0292
25.73934,-100.242676,0,0,0,19046_0292
25.73934,-100.24168,0,0,0,
25.73934,-100.240683,0,0,0,
25.73934,-100.239686,0,0,0,
25.73934,-100.238689,0,0,0,
25.73934,-100.237692,0,0,0,
25.73934,-100.236695,0,0,0,
25.73934,-100.217753,1,1,0,
25.73934,-100.216756,1,1,0,
25.73934,-100.200805,1,1,0,
25.73934,-100.199808,1,1,0,
25.73934,-100.198812,2,2,0,
25.73934,-100.197815,2,2,0,
25.73934,-100.196818,1,1,0,
25.73934,-100.194824,0,0,0,
25.73934,-100.193827,0,0,0,
25.73934,-100.19283,0,0,0,
25.73934,-100.191833,0,0,0,
25.73934,-100.190836,0,0,0,
25.73934,-100.189839,0,0,0,
25.73934,-100.188842,0,0,0,
25.73934,-100.187845,0,0,0,
25.73934,-100.186848,0,0,0,
25.73934,-100.137999,1,1,0,
25.73934,-100.137002,1,1,0,
25.73934,-100.136005,1,1,0,
25.73934,-100.135008,1,1,0,
25.73934,-100.134011,1,1,0,
25.73934,-100.133014,1,1,0,
25.740245,-100.389225,1,1,0,
25.740245,-100.388228,1,1,0,
25.740245,-100.387231,1,1,0,
25.740245,-100.386234,1,1,0,
25.740245,-100.385238,1,1,0,
25.740245,-100.384241,1,1,0,
25.740245,-100.374271,1,1,0,
25.740245,-100.373274,1,1,0,
25.740245,-100.372277,1,1,0,
25.740245,-100.371281,1,1,0,
25.740245,-100.370284,1,1,0,
25.740245,-100.369287,1,1,0,
25.740245,-100.367293,0,0,0,
25.740245,-100.366296,0,0,0,
25.740245,-100.365299,0,0,0,
25.740245,-100.364302,0,0,0,
25.740245,-100.357324,0,0,0,
25.740245,-100.356327,0,0,0,
25.740245,-100.35533,0,0,0,
25.740245,-100.354333,0,0,0,
25.740245,-100.353336,0,0,0,19039_0770
25.740245,-100.352339,0,0,0,19039_0770
25.740245,-100.351342,0,0,0,19039_0770
25.740245,-100.350345,0,0,0,19039_0770
25.740245,-100.349348,0,0,0,19039_0770
25.740245,-100.348351,0,0,0,
25.740245,-100.347354,0,0,0,
25.740245,-100.346357,0,0,0,19039_0112
25.740245,-100.34536,0,0,0,19039_0112
25.740245,-100.344363,0,0,0,19039_0112
25.740245,-100.343366,0,0,0,19039_0112
25.740245,-100.34237,0,0,0,
25.740245,-100.341373,0,0,0,
25.740245,-100.340376,0,0,0,
25.740245,-100.339379,0,0,0,19039_0725
25.740245,-100.338382,0,0,0,19039_0725
25.740245,-100.337385,0,0,0,19039_0725
25.740245,-100.336388,0,0,0,19039_0725
25.740245,-100.335391,0,0,0,
25.740245,-100.334394,0,0,0,
25.740245,-100.333397,0,0,0,
25.740245,-100.3324,0,0,0,
25.740245,-100.331403,0,0,0,
25.740245,-100.330406,0,0,0,
25.740245,-100.329409,0,0,0,
25.740245,-100.328413,0,0,0,
25.740245,-100.327416,0,0,0,
25.740245,-100.326419,0,0,0,
25.740245,-100.325422,0,0,0,19039_0430
25.740245,-100.324425,0,0,0,19039_0430
25.740245,-100.323428,0,0,0,
25.740245,-100.322431,0,0,0,
25.740245,-100.321434,0,0,0,
25.740245,-100.320437,0,0,0,
25.740245,-100.292523,1,1,0,
25.740245,-100.291526,1,1,0,
25.740245,-100.290529,1,1,0,
25.740245,-100.289532,1,1,0,
25.740245,-100.288535,1,1,0,
25.740245,-100.287538,1,1,0,
25.740245,-100.286541,1,1,0,
25.740245,-100.285545,1,1,0,
25.740245,-100.261618,1,1,0,
25.740245,-100.260621,1,1,0,
25.740245,-100.259624,1,1,0,
25.740245,-100.258627,1,1,0,
25.740245,-100.25763,1,1,0,
25.740245,-100.249655,0,0,0,
25.740245,-100.248658,0,0,0,
25.740245,-100.247661,1,1,0,
25.740245,-100.246664,1,1,0,
25.740245,-100.245667,1,1,0,19046_0292
25.740245,-100.24467,1,1,0,19046_0292
25.740245,-100.243673,1,1,0,19046_0292
25.740245,-100.242676,0,0,0,19046_0292
25.740245,-100.24168,0,0,0,19046_0292
25.740245,-100.240683,0,0,0,19046_0292
25.740245,-100.239686,0,0,0,
25.740245,-100.238689,0,0,0,
25.740245,-100.237692,0,0,0,
25.740245,-100.236695,0,0,0,
25.740245,-100.21875,2,2,0,
25.740245,-100.217753,2,2,0,
25.740245,-100.216756,2,2,0,
25.740245,-100.215759,2,2,0,
25.740245,-100.200805,1,1,0,
25.740245,-100.199808,2,2,0,
25.740245,-100.198812,2,2,0,
25.740245,-100.197815,2,2,0,
25.740245,-100.196818,2,2,0,
25.740245,-100.195821,2,2,0,
25.740245,-100.19283,0,0,0,
25.740245,-100.191833,0,0,0,
25.740245,-100.190836,0,0,0,
25.740245,-100.189839,0,0,0,
25.740245,-100.188842,0,0,0,
25.740245,-100.187845,0,0,0,
25.740245,-100.170897,1,1,0,
25.740245,-100.169901,1,1,0,
25.740245,-100.168904,1,1,0,
25.740245,-100.137999,1,1,0,
25.740245,-100.137002,1,1,0,
25.740245,-100.136005,1,1,0,
25.740245,-100.135008,1,1,0,
25.740245,-100.134011,1,1,0,
25.741149,-100.389225,1,1,0,
25.741149,-100.388228,1,1,0,
25.741149,-100.387231,1,1,0,
25.741149,-100.386234,1,1,0,
25.741149,-100.385238,1,1,0,
25.741149,-100.384241,1,1,0,
25.741149,-100.374271,1,1,0,
25.741149,-100.373274,1,1,0,
25.741149,-100.372277,1,1,0,
25.741149,-100.371281,1,1,0,
25.741149,-100.370284,1,1,0,
25.741149,-100.369287,1,1,0,
25.741149,-100.357324,0,0,0,
25.741149,-100.356327,0,0,0,
25.741149,-100.35533,0,0,0,
25.741149,-100.354333,0,0,0,
25.741149,-100.353336,0,0,0,19039_0770
25.741149,-100.352339,0,0,0,19039_0770
25.741149,-100.351342,0,0,0,19039_0770
25.741149,-100.350345,0,0,0,19039_0770
25.741149,-100.349348,0,0,0,19039_0770
25.741149,-100.348351,0,0,0,19039_0770
25.741149,-100.347354,0,0,0,19039_0770
25.741149,-100.346357,0,0,0,19039_0770
25.741149,-100.34536,0,0,0,19039_0112
25.741149,-100.344363,0,0,0,19039_0112
25.741149,-100.343366,0,0,0,19039_0112
25.741149,-100.34237,0,0,0,
25.741149,-100.341373,0,0,0,
25.741149,-100.340376,0,0,0,
25.741149,-100.339379,0,0,0,19039_0725
25.741149,-100.338382,0,0,0,19039_0725
25.741149,-100.337385,0,0,0,19039_0725
25.741149,-100.336388,0,0,0,19039_0725
25.741149,-100.335391,0,0,0,
25.741149,-100.334394,0,0,0,
25.741149,-100.333397,0,0,0,
25.741149,-100.3324,0,0,0,
25.741149,-100.331403,0,0,0,
25.741149,-100.330406,0,0,0,
25.741149,-100.329409,0,0,0,
25.741149,-100.328413,0,0,0,
25.741149,-100.327416,0,0,0,
25.741149,-100.326419,0,0,0,
25.741149,-100.325422,0,0,0,19039_0430
25.741149,-100.324425,0,0,0,19039_0430
25.741149,-100.323428,0,0,0,19039_0430
25.741149,-100.322431,0,0,0,
25.741149,-100.321434,0,0,0,
25.741149,-100.320437,0,0,0,
25.741149,-100.292523,1,1,0,
25.741149,-100.291526,1,1,0,
25.741149,-100.290529,1,1,0,
25.741149,-100.289532,1,1,0,
25.741149,-100.288535,1,1,0,
25.741149,-100.287538,2,2,0,
25.741149,-100.286541,1,1,0,
25.741149,-100.285545,1,1,0,
25.741149,-100.284548,1,1,0,
25.741149,-100.260621,1,1,0,
25.741149,-100.259624,1,1,0,
25.741149,-100.258627,2,2,0,
25.741149,-100.25763,1,1,0,
25.741149,-100.249655,0,0,0,
25.741149,-100.248658,0,0,0,
25.741149,-100.247661,1,1,0,
25.741149,-100.246664,1,1,0,19046_0292
25.741149,-100.245667,1,1,0,19046_0292
25.741149,-100.24467,1,1,0,19046_0292
25.741149,-100.243673,1,1,0,19046_0292
25.741149,-100.242676,1,1,0,19046_0292
25.741149,-100.24168,0,0,0,19046_0292
25.741149,-100.240683,0,0,0,19046_0292
25.741149,-100.239686,0,0,0,19046_0292
25.741149,-100.238689,0,0,0,
25.741149,-100.237692,0,0,0,
25.741149,-100.236695,0,0,0,
25.741149,-100.219747,2,2,0,
25.741149,-100.21875,2,2,0,
25.741149,-100.217753,2,2,0,
25.741149,-100.216756,2,2,0,
25.741149,-100.215759,2,2,0,
25.741149,-100.214762,2,2,0,
25.741149,-100.200805,2,2,0,
25.741149,-100.199808,2,2,0,
25.741149,-100.198812,2,2,0,
25.741149,-100.197815,2,2,0,
25.741149,-100.196818,2,2,0,
25.741149,-100.195821,2,2,0,
25.741149,-100.190836,0,0,0,
25.741149,-100.189839,0,0,0,
25.741149,-100.188842,0,0,0,
25.741149,-100.171894,1,1,0,
25.741149,-100.170897,1,1,0,
25.741149,-100.169901,1,1,0,
25.741149,-100.168904,1,1,0,
25.741149,-100.167907,1,1,0,
25.741149,-100.15395,1,1,0,
25.741149,-100.152953,1,1,0,
25.741149,-100.151956,1,1,0,
25.741149,-100.137002,1,1,0,
25.741149,-100.136005,1,1,0,
25.741149,-100.135008,1,1,0,
25.742053,-100.388228,1,1,0,
25.742053,-100.387231,2,2,0,
25.742053,-100.386234,2,2,0,
25.742053,-100.385238,1,1,0,
25.742053,-100.384241,1,1,0,
25.742053,-100.373274,1,1,0,
25.742053,-100.372277,1,1,0,
25.742053,-100.371281,1,1,0,
25.742053,-100.370284,1,1,0,
25.742053,-100.35832,0,0,0,
25.742053,-100.357324,0,0,0,
25.742053,-100.356327,0,0,0,
25.742053,-100.35533,0,0,0,
25.742053,-100.354333,0,0,0,19039_0770
25.742053,-100.353336,0,0,0,19039_0770
25.742053,-100.352339,0,0,0,19039_0770
25.742053,-100.351342,0,0,0,19039_0770
25.742053,-100.350345,0,0,0,19039_0770
25.742053,-100.349348,0,0,0,19039_0770
25.742053,-100.348351,0,0,0,19039_0770
25.742053,-100.347354,0,0,0,19039_0770
25.742053,-100.346357,0,0,0,19039_0770
25.742053,-100.34536,0,0,0,19039_0770
25.742053,-100.344363,0,0,0,19039_0112
25.742053,-100.343366,0,0,0,19039_0112
25.742053,-100.34237,0,0,0,
25.742053,-100.341373,0,0,0,
25.742053,-100.340376,0,0,0,19039_0725
25.742053,-100.339379,0,0,0,19039_0725
25.742053,-100.338382,0,0,0,19039_0725
25.742053,-100.337385,0,0,0,
25.742053,-100.336388,0,0,0,
25.742053,-100.335391,0,0,0,
25.742053,-100.334394,0,0,0,
25.742053,-100.333397,0,0,0,
25.742053,-100.331403,0,0,0,
25.742053,-100.330406,0,0,0,
25.742053,-100.329409,0,0,0,
25.742053,-100.328413,0,0,0,
25.742053,-100.327416,0,0,0,
25.742053,-100.326419,0,0,0,
25.742053,-100.325422,0,0,0,
25.742053,-100.324425,0,0,0,19039_0430
25.742053,-100.323428,0,0,0,19039_0430
25.742053,-100.322431,0,0,0,
25.742053,-100.321434,0,0,0,
25.742053,-100.320437,0,0,0,
25.742053,-100.31944,0,0,0,
25.742053,-100.292523,1,1,0,
25.742053,-100.291526,1,1,0,
25.742053,-100.290529,1,1,0,
25.742053,-100.289532,1,1,0,
25.742053,-100.288535,2,2,0,
25.742053,-100.287538,1,1,0,
25.742053,-100.286541,1,1,0,
25.742053,-100.285545,1,1,0,
25.742053,-100.284548,1,1,0,
25.742053,-100.283551,1,1,0,
25.742053,-100.259624,1,1,0,
25.742053,-100.258627,1,1,0,
25.742053,-100.25763,1,1,0,
25.742053,-100.256634,1,1,0,
25.742053,-100.255637,1,1,0,
25.742053,-100.249655,0,0,0,
25.742053,-100.248658,0,0,0,
25.742053,-100.247661,1,1,0,
25.742053,-100.246664,1,1,0,
25.742053,-100.245667,1,1,0,19046_0292
25.742053,-100.24467,1,1,0,19046_0292
25.742053,-100.243673,1,1,0,19046_0292
25.742053,-100.242676,1,1,0,19046_0292
25.742053,-100.24168,0,0,0,19046_0292
25.742053,-100.240683,0,0,0,
25.742053,-100.239686,0,0,0,
25.742053,-100.238689,0,0,0,
25.742053,-100.237692,0,0,0,
25.742053,-100.236695,0,0,0,
25.742053,-100.219747,2,2,0,
25.742053,-100.21875,2,2,0,
25.742053,-100.217753,2,2,0,
25.742053,-100.216756,2,2,0,
25.742053,-100.215759,2,2,0,
25.742053,-100.214762,2,2,0,
25.742053,-100.200805,2,2,0,
25.742053,-100.199808,2,2,0,
25.742053,-100.198812,2,2,0,
25.742053,-100.197815,2,2,0,
25.742053,-100.196818,2,2,0,
25.742053,-100.195821,1,1,0,
25.742053,-100.171894,1,1,0,
25.742053,-100.170897,1,1,0,
25.742053,-100.169901,1,1,0,
25.742053,-100.168904,1,1,0,
25.742053,-100.167907,1,1,0,
25.742053,-100.16691,1,1,0,
25.742053,-100.154947,1,1,0,
25.742053,-100.15395,1,1,0,
25.742053,-100.152953,1,1,0,
25.742053,-100.151956,1,1,0,
25.742053,-100.150959,1,1,0,
25.742958,-100.388228,1,1,0,
25.742958,-100.387231,2,2,0,
25.742958,-100.386234,2,2,0,
25.742958,-100.385238,2,2,0,
25.742958,-100.359317,0,0,0,
25.742958,-100.35832,0,0,0,
25.742958,-100.357324,0,0,0,
25.742958,-100.356327,0,0,0,
25.742958,-100.35533,0,0,0,19039_0770
25.742958,-100.354333,0,0,0,19039_0770
25.742958,-100.353336,0,0,0,19039_0770
25.742958,-100.352339,0,0,0,19039_0770
25.742958,-100.351342,0,0,0,19039_0770
25.742958,-100.350345,0,0,0,19039_0770
25.742958,-100.349348,0,0,0,19039_0770
25.742958,-100.348351,0,0,0,19039_0770
25.742958,-100.347354,0,0,0,19039_0770
25.742958,-100.346357,0,0,0,19039_0770
25.742958,-100.34536,0,0,0,
25.742958,-100.344363,1,1,0,19039_0112
25.742958,-100.343366,2,2,0,19039_0112
25.742958,-100.34237,1,1,0,
25.742958,-100.341373,1,1,0,19039_0725
25.742958,-100.340376,1,1,0,19039_0725
25.742958,-100.339379,0,0,0,19039_0725
25.742958,-100.338382,0,0,0,19039_0725
25.742958,-100.337385,0,0,0,19039_0739
25.742958,-100.336388,0,0,0,19039_0739
25.742958,-100.335391,0,0,0,
25.742958,-100.334394,0,0,0,
25.742958,-100.333397,0,0,0,
25.742958,-100.328413,0,0,0,
25.742958,-100.327416,0,0,0,
25.742958,-100.326419,0,0,0,
25.742958,-100.325422,0,0,0,
25.742958,-100.324425,0,0,0,19039_0430
25.742958,-100.323428,0,0,0,19039_0430
25.742958,-100.322431,0,0,0,19039_0430
25.742958,-100.321434,0,0,0,
25.742958,-100.320437,0,0,0,
25.742958,-100.31944,0,0,0,
25.742958,-100.294517,1,1,0,
25.742958,-100.29352,1,1,0,
25.742958,-100.292523,1,1,0,
25.742958,-100.291526,2,2,0,
25.742958,-100.290529,1,1,0,
25.742958,-100.289532,1,1,0,
25.742958,-100.288535,1,1,0,
25.742958,-100.287538,1,1,0,
25.742958,-100.286541,1,1,0,
25.742958,-100.285545,1,1,0,
25.742958,-100.284548,1,1,0,
25.742958,-100.283551,1,1,0,
25.742958,-100.260621,1,1,0,
25.742958,-100.259624,1,1,0,
25.742958,-100.258627,1,1,0,
25.742958,-100.25763,1,1,0,
25.742958,-100.256634,1,1,0,
25.742958,-100.255637,1,1,0,
25.742958,-100.249655,0,0,0,
25.742958,-100.248658,0,0,0,
25.742958,-100.247661,1,1,0,
25.742958,-100.246664,1,1,0,
25.742958,-100.245667,1,1,0,
25.742958,-100.24467,1,1,0,19046_0292
25.742958,-100.243673,1,1,0,19046_0292
25.742958,-100.242676,1,1,0,19046_0292
25.742958,-100.24168,0,0,0,
25.742958,-100.240683,0,0,0,
25.742958,-100.239686,0,0,0,
25.742958,-100.238689,0,0,0,
25.742958,-100.237692,0,0,0,
25.742958,-100.219747,2,2,0,
25.742958,-100.21875,2,2,0,
25.742958,-100.217753,2,2,0,
25.742958,-100.216756,2,2,0,
25.742958,-100.215759,2,2,0,
25.742958,-100.214762,2,2,0,
25.742958,-100.200805,1,1,0,
25.742958,-100.199808,1,1,0,
25.742958,-100.198812,2,2,0,
25.742958,-100.197815,1,1,0,
25.742958,-100.196818,1,1,0,
25.742958,-100.195821,1,1,0,
25.742958,-100.171894,1,1,0,
25.742958,-100.170897,1,1,0,
25.742958,-100.169901,1,1,0,
25.742958,-100.168904,1,1,0,
25.742958,-100.167907,1,1,0,
25.742958,-100.16691,1,1,0,
25.742958,-100.154947,1,1,0,
25.742958,-100.15395,1,1,0,
25.742958,-100.152953,1,1,0,
25.742958,-100.151956,1,1,0,
25.742958,-100.150959,1,1,0,
25.742958,-100.149962,1,1,0,
25.743862,-100.389225,1,1,0,
25.743862,-100.388228,1,1,0,
25.743862,-100.387231,1,1,0,
25.743862,-100.386234,1,1,0,
25.743862,-100.385238,1,1,0,
25.743862,-100.384241,1,1,0,
25.743862,-100.360314,0,0,0,
25.743862,-100.359317,0,0,0,
25.743862,-100.35832,0,0,0,
25.743862,-100.357324,0,0,0,
25.743862,-100.356327,0,0,0,19039_0770
25.743862,-100.35533,0,0,0,19039_0770
25.743862,-100.354333,0,0,0,19039_0770
25.743862,-100.353336,0,0,0,19039_0770
25.743862,-100.352339,0,0,0,19039_0770
25.743862,-100.351342,0,0,0,19039_0770
25.743862,-100.350345,0,0,0,19039_0770
25.743862,-100.349348,0,0,0,19039_0770
25.743862,-100.348351,0,0,0,19039_0316
25.743862,-100.347354,0,0,0,
25.743862,-100.346357,0,0,0,
25.743862,-100.34536,1,1,0,
25.743862,-100.344363,2,2,0,
25.743862,-100.343366,2,2,0,19039_0112
25.743862,-100.34237,2,2,0,
25.743862,-100.341373,2,2,0,19039_0725
25.743862,-100.340376,1,1,0,19039_0725
25.743862,-100.339379,1,1,0,
25.743862,-100.338382,0,0,0,19039_0739
25.743862,-100.337385,0,0,0,19039_0739
25.743862,-100.336388,0,0,0,19039_0739
25.743862,-100.335391,0,0,0,
25.743862,-100.334394,0,0,0,
25.743862,-100.333397,0,0,0,
25.743862,-100.328413,0,0,0,
25.743862,-100.327416,0,0,0,
25.743862,-100.326419,0,0,0,
25.743862,-100.325422,0,0,0,19039_0430
25.743862,-100.324425,0,0,0,19039_0430
25.743862,-100.323428,0,0,0,19039_0430
25.743862,-100.322431,0,0,0,19039_0430
25.743862,-100.321434,0,0,0,
25.743862,-100.320437,0,0,0,
25.743862,-100.31944,0,0,0,
25.743862,-100.295514,1,1,0,
25.743862,-100.294517,2,2,0,
25.743862,-100.29352,2,2,0,
25.743862,-100.292523,1,1,0,
25.743862,-100.291526,1,1,0,
25.743862,-100.288535,1,1,0,
25.743862,-100.287538,1,1,0,
25.743862,-100.286541,1,1,0,
25.743862,-100.285545,1,1,0,
25.743862,-100.284548,1,1,0,
25.743862,-100.283551,1,1,0,
25.743862,-100.260621,1,1,0,
25.743862,-100.259624,1,1,0,
25.743862,-100.258627,1,1,0,
25.743862,-100.25763,1,1,0,
25.743862,-100.256634,1,1,0,
25.743862,-100.255637,1,1,0,
25.743862,-100.247661,0,0,0,
25.743862,-100.246664,1,1,0,
25.743862,-100.245667,1,1,0,
25.743862,-100.24467,1,1,0,
25.743862,-100.243673,1,1,0,19046_0292
25.743862,-100.242676,0,0,0,
25.743862,-100.24168,0,0,0,
25.743862,-100.240683,0,0,0,
25.743862,-100.239686,0,0,0,
25.743862,-100.238689,0,0,0,
25.743862,-100.219747,1,1,0,
25.743862,-100.21875,2,2,0,
25.743862,-100.217753,2,2,0,
25.743862,-100.216756,2,2,0,
25.743862,-100.215759,2,2,0,
25.743862,-100.214762,1,1,0,
25.743862,-100.199808,1,1,0,
25.743862,-100.198812,1,1,0,
25.743862,-100.197815,1,1,0,
25.743862,-100.196818,1,1,0,
25.743862,-100.171894,1,1,0,
25.743862,-100.170897,1,1,0,
25.743862,-100.169901,1,1,0,
25.743862,-100.168904,1,1,0,
25.743862,-100.167907,1,1,0,
25.743862,-100.154947,1,1,0,
25.743862,-100.15395,1,1,0,
25.743862,-100.152953,1,1,0,
25.743862,-100.151956,1,1,0,
25.743862,-100.150959,1,1,0,
25.744766,-100.389225,1,1,0,
25.744766,-100.388228,1,1,0,
25.744766,-100.387231,1,1,0,
25.744766,-100.386234,1,1,0,
25.744766,-100.385238,1,1,0,
25.744766,-100.384241,1,1,0,
25.744766,-100.361311,0,0,0,
25.744766,-100.360314,0,0,0,
25.744766,-100.359317,0,0,0,
25.744766,-100.35832,0,0,0,
25.744766,-100.357324,0,0,0,19039_0770
25.744766,-100.356327,0,0,0,19039_0770
25.744766,-100.35533,0,0,0,19039_0770
25.744766,-100.354333,0,0,0,19039_0770
25.744766,-100.353336,0,0,0,19039_0770
25.744766,-100.352339,0,0,0,19039_0770
25.744766,-100.351342,0,0,0,19039_0770
25.744766,-100.350345,0,0,0,19039_0770
25.744766,-100.349348,0,0,0,19039_0316
25.744766,-100.348351,0,0,0,19039_0316
25.744766,-100.347354,0,0,0,
25.744766,-100.346357,1,1,0,
25.744766,-100.34536,1,1,0,
25.744766,-100.344363,2,2,0,
25.744766,-100.343366,2,2,0,
25.744766,-100.34237,2,2,0,
25.744766,-100.341373,2,2,0,19039_0725
25.744766,-100.340376,1,1,0,
25.744766,-100.339379,1,1,0,
25.744766,-100.338382,0,0,0,19039_0739
25.744766,-100.337385,0,0,0,19039_0739
25.744766,-100.336388,0,0,0,19039_0739
25.744766,-100.335391,0,0,0,
25.744766,-100.334394,0,0,0,
25.744766,-100.333397,0,0,0,
25.744766,-100.328413,0,0,0,
25.744766,-100.327416,0,0,0,
25.744766,-100.326419,0,0,0,
25.744766,-100.325422,0,0,0,19039_0430
25.744766,-100.324425,0,0,0,19039_0430
25.744766,-100.323428,0,0,0,19039_0430
25.744766,-100.322431,0,0,0,19039_0430
25.744766,-100.321434,0,0,0,19039_0430
25.744766,-100.320437,0,0,0,
25.744766,-100.31944,0,0,0,
25.744766,-100.318443,0,0,0,
25.744766,-100.304486,1,1,0,
25.744766,-100.303489,1,1,0,
25.744766,-100.302492,1,1,0,
25.744766,-100.295514,2,2,0,
25.744766,-100.294517,2,2,0,
25.744766,-100.29352,2,2,0,
25.744766,-100.292523,2,2,0,
25.744766,-100.291526,2,2,0,
25.744766,-100.290529,1,1,0,
25.744766,-100.287538,1,1,0,
25.744766,-100.286541,1,1,0,
25.744766,-100.285545,1,1,0,
25.744766,-100.284548,1,1,0,
25.744766,-100.260621,1,1,0,
25.744766,-100.259624,1,1,0,
25.744766,-100.258627,1,1,0,
25.744766,-100.25763,1,1,0,
25.744766,-100.256634,1,1,0,
25.744766,-100.255637,1,1,0,
25.744766,-100.246664,0,0,0,
25.744766,-100.245667,0,0,0,
25.744766,-100.24467,0,0,0,
25.744766,-100.243673,0,0,0,
25.744766,-100.242676,0,0,0,
25.744766,-100.24168,0,0,0,
25.744766,-100.240683,0,0,0,
25.744766,-100.239686,0,0,0,
25.744766,-100.21875,1,1,0,
25.744766,-100.217753,1,1,0,
25.744766,-100.216756,1,1,0,
25.744766,-100.215759,1,1,0,
25.744766,-100.173888,1,1,0,
25.744766,-100.170897,1,1,0,
25.744766,-100.169901,1,1,0,
25.744766,-100.168904,1,1,0,
25.744766,-100.167907,1,1,0,
25.744766,-100.154947,1,1,0,
25.744766,-100.15395,1,1,0,
25.744766,-100.152953,1,1,0,
25.744766,-100.151956,1,1,0,
25.744766,-100.150959,1,1,0,
25.745671,-100.389225,1,1,0,
25.745671,-100.388228,1,1,0,
25.745671,-100.387231,1,1,0,
25.745671,-100.386234,1,1,0,
25.745671,-100.385238,1,1,0,
25.745671,-100.384241,1,1,0,
25.745671,-100.363305,1,1,0,
25.745671,-100.362308,1,1,0,
25.745671,-100.361311,1,1,0,
25.745671,-100.360314,1,1,0,
25.745671,-100.359317,1,1,0,
25.745671,-100.35832,0,0,0,19039_0770
25.745671,-100.357324,0,0,0,19039_0770
25.745671,-100.356327,0,0,0,19039_0770
25.745671,-100.35533,0,0,0,19039_0770
25.745671,-100.354333,0,0,0,19039_0770
25.745671,-100.353336,0,0,0,19039_0770
25.745671,-100.352339,0,0,0,19039_0770
25.745671,-100.351342,0,0,0,19039_0770
25.745671,-100.350345,0,0,0,19039_0770
25.745671,-100.349348,0,0,0,19039_0663
25.745671,-100.348351,0,0,0,19039_0316
25.745671,-100.347354,0,0,0,19039_0316
25.745671,-100.346357,1,1,0,
25.745671,-100.34536,1,1,0,
25.745671,-100.344363,2,2,0,
25.745671,-100.343366,2,2,0,
25.745671,-100.34237,2,2,0,19039_0741
25.745671,-100.341373,2,2,0,19039_0741
25.745671,-100.340376,1,1,0,19039_0739
25.745671,-100.339379,1,1,0,19039_0739
25.745671,-100.338382,0,0,0,19039_0739
25.745671,-100.337385,0,0,0,19039_0739
25.745671,-100.336388,0,0,0,
25.745671,-100.335391,0,0,0,
25.745671,-100.334394,0,0,0,
25.745671,-100.333397,0,0,0,
25.745671,-100.328413,0,0,0,
25.745671,-100.327416,0,0,0,
25.745671,-100.326419,0,0,0,
25.745671,-100.325422,0,0,0,19039_0430
25.745671,-100.324425,0,0,0,19039_0430
25.745671,-100.323428,0,0,0,19039_0430
25.745671,-100.322431,0,0,0,19039_0430
25.745671,-100.321434,0,0,0,
25.745671,-100.320437,0,0,0,
25.745671,-100.31944,0,0,0,
25.745671,-100.318443,0,0,0,
25.745671,-100.305483,1,1,0,
25.745671,-100.304486,1,1,0,
25.745671,-100.303489,1,1,0,
25.745671,-100.302492,1,1,0,
25.745671,-100.301495,1,1,0,
25.745671,-100.296511,1,1,0,
25.745671,-100.295514,2,2,0,
25.745671,-100.294517,2,2,0,
25.745671,-100.29352,2,2,0,
25.745671,-100.292523,2,2,0,
25.745671,-100.291526,2,2,0,
25.745671,-100.290529,1,1,0,
25.745671,-100.259624,1,1,0,
25.745671,-100.258627,1,1,0,
25.745671,-100.25763,1,1,0,
25.745671,-100.256634,1,1,0,
25.745671,-100.246664,0,0,0,
25.745671,-100.245667,0,0,0,
25.745671,-100.24467,0,0,0,
25.745671,-100.243673,0,0,0,
25.745671,-100.242676,0,0,0,
25.745671,-100.24168,0,0,0,
25.745671,-100.175882,1,1,0,
25.745671,-100.174885,1,1,0,
25.745671,-100.173888,1,1,0,
25.745671,-100.172891,1,1,0,
25.745671,-100.171894,1,1,0,
25.745671,-100.15395,1,1,0,
25.745671,-100.152953,1,1,0,
25.745671,-100.151956,1,1,0,
25.746575,-100.388228,1,1,0,
25.746575,-100.387231,1,1,0,
25.746575,-100.386234,1,1,0,
25.746575,-100.385238,1,1,0,
25.746575,-100.382247,0,0,0,
25.746575,-100.38125,0,0,0,
25.746575,-100.375268,0,0,0,
25.746575,-100.374271,0,0,0,
25.746575,-100.373274,0,0,0,
25.746575,-100.372277,0,0,0,
25.746575,-100.363305,1,1,0,
25.746575,-100.362308,1,1,0,
25.746575,-100.361311,1,1,0,
25.746575,-100.360314,1,1,0,
25.746575,-100.359317,1,1,0,19039_0770
25.746575,-100.35832,0,0,0,19039_0770
25.746575,-100.357324,0,0,0,19039_0770
25.746575,-100.356327,0,0,0,19039_0770
25.746575,-100.35533,0,0,0,19039_0770
25.746575,-100.354333,0,0,0,19039_0770
25.746575,-100.353336,0,0,0,19039_0770
25.746575,-100.352339,0,0,0,19039_0770
25.746575,-100.351342,0,0,0,19039_0770
25.746575,-100.350345,0,0,0,19039_0770
25.746575,-100.349348,0,0,0,19039_0770
25.746575,-100.348351,0,0,0,19039_0663
25.746575,-100.347354,0,0,0,19039_0316
25.746575,-100.346357,1,1,0,
25.746575,-100.34536,1,1,0,
25.746575,-100.344363,1,1,0,
25.746575,-100.343366,2,2,0,19039_0741
25.746575,-100.34237,2,2,0,19039_0741
25.746575,-100.341373,2,2,0,19039_0741
25.746575,-100.340376,1,1,0,19039_0739
25.746575,-100.339379,0,0,0,19039_0739
25.746575,-100.338382,0,0,0,19039_0739
25.746575,-100.337385,0,0,0,19039_0739
25.746575,-100.336388,0,0,0,
25.746575,-100.335391,0,0,0,
25.746575,-100.334394,0,0,0,
25.746575,-100.328413,0,0,0,
25.746575,-100.327416,0,0,0,
25.746575,-100.326419,0,0,0,
25.746575,-100.325422,0,0,0,
25.746575,-100.324425,0,0,0,19039_0430
25.746575,-100.323428,0,0,0,19039_0430
25.746575,-100.322431,0,0,0,19039_0430
25.746575,-100.321434,0,0,0,
25.746575,-100.320437,0,0,0,
25.746575,-100.31944,0,0,0,
25.746575,-100.30648,1,1,0,
25.746575,-100.305483,1,1,0,
25.746575,-100.304486,1,1,0,
25.746575,-100.303489,1,1,0,
25.746575,-100.302492,1,1,0,
25.746575,-100.301495,1,1,0,
25.746575,-100.296511,1,1,0,
25.746575,-100.295514,2,2,0,
25.746575,-100.294517,2,2,0,
25.746575,-100.29352,2,2,0,
25.746575,-100.292523,3,3,0,
25.746575,-100.291526,3,3,0,
25.746575,-100.290529,1,1,0,
25.746575,-100.245667,0,0,0,
25.746575,-100.24467,0,0,0,
25.746575,-100.243673,0,0,0,
25.746575,-100.242676,0,0,0,
25.746575,-100.175882,1,1,0,
25.746575,-100.174885,1,1,0,
25.746575,-100.173888,1,1,0,
25.746575,-100.172891,1,1,0,
25.746575,-100.171894,1,1,0,
25.74748,-100.404179,1,1,0,
25.74748,-100.403182,1,1,0,
25.74748,-100.402185,1,1,0,
25.74748,-100.384241,0,0,0,
25.74748,-100.383244,0,0,0,
25.74748,-100.382247,0,0,0,
25.74748,-100.38125,0,0,0,
25.74748,-100.380253,0,0,0,
25.74748,-100.376265,0,0,0,
25.74748,-100.375268,0,0,0,
25.74748,-100.374271,0,0,0,
25.74748,-100.373274,0,0,0,
25.74748,-100.372277,0,0,0,
25.74748,-100.371281,0,0,0,
25.74748,-100.370284,0,0,0,
25.74748,-100.364302,0,0,0,
25.74748,-100.363305,1,1,0,
25.74748,-100.362308,1,1,0,
25.74748,-100.361311,1,1,0,
25.74748,-100.360314,1,1,0,19039_0770
25.74748,-100.359317,1,1,0,19039_0770
25.74748,-100.35832,1,1,0,19039_0770
25.74748,-100.357324,1,1,0,19039_0770
25.74748,-100.356327,1,1,0,19039_0770
25.74748,-100.35533,1,1,0,19039_0770
25.74748,-100.354333,1,1,0,19039_0770
25.74748,-100.353336,1,1,0,19039_0770
25.74748,-100.352339,0,0,0,19039_0770
25.74748,-100.351342,0,0,0,19039_0770
25.74748,-100.350345,0,0,0,19039_0770
25.74748,-100.349348,0,0,0,19039_0770
25.74748,-100.348351,0,0,0,19039_0663
25.74748,-100.347354,1,1,0,19039_0316
25.74748,-100.346357,1,1,0,
25.74748,-100.34536,1,1,0,
25.74748,-100.344363,1,1,0,
25.74748,-100.343366,1,1,0,19039_0741
25.74748,-100.34237,2,2,0,19039_0741
25.74748,-100.341373,0,0,0,19039_0739
25.74748,-100.340376,0,0,0,19039_0739
25.74748,-100.339379,0,0,0,19039_0739
25.74748,-100.338382,0,0,0,
25.74748,-100.337385,0,0,0,
25.74748,-100.336388,0,0,0,
25.74748,-100.335391,0,0,0,
25.74748,-100.334394,0,0,0,
25.74748,-100.327416,0,0,0,
25.74748,-100.326419,0,0,0,
25.74748,-100.325422,0,0,0,
25.74748,-100.324425,0,0,0,19039_0430
25.74748,-100.323428,0,0,0,19039_0430
25.74748,-100.322431,0,0,0,19039_0430
25.74748,-100.321434,0,0,0,
25.74748,-100.320437,0,0,0,
25.74748,-100.31944,0,0,0,
25.74748,-100.30648,1,1,0,
25.74748,-100.305483,1,1,0,
25.74748,-100.304486,1,1,0,
25.74748,-100.303489,1,1,0,
25.74748,-100.302492,1,1,0,
25.74748,-100.301495,1,1,0,
25.74748,-100.295514,1,1,0,
25.74748,-100.294517,2,2,0,
25.74748,-100.29352,3,3,0,
25.74748,-100.292523,3,3,0,
25.74748,-100.291526,2,2,0,
25.74748,-100.290529,1,1,0,
25.74748,-100.289532,1,1,0,
25.74748,-100.176879,1,1,0,
25.74748,-100.175882,1,1,0,
25.74748,-100.174885,1,1,0,
25.74748,-100.173888,1,1,0,
25.74748,-100.172891,1,1,0,
25.74748,-100.171894,1,1,0,
25.74748,-100.150959,1,1,0,
25.748384,-100.405176,1,1,0,
25.748384,-100.404179,1,1,0,
25.748384,-100.403182,1,1,0,
25.748384,-100.402185,1,1,0,
25.748384,-100.401188,1,1,0,
25.748384,-100.39421,1,1,0,
25.748384,-100.384241,0,0,0,
25.748384,-100.383244,0,0,0,
25.748384,-100.382247,0,0,0,
25.748384,-100.38125,0,0,0,
25.748384,-100.380253,0,0,0,
25.748384,-100.379256,0,0,0,
25.748384,-100.377262,0,0,0,
25.748384,-100.376265,0,0,0,
25.748384,-100.375268,0,0,0,
25.748384,-100.374271,0,0,0,
25.748384,-100.373274,0,0,0,
25.748384,-100.372277,0,0,0,
25.748384,-100.371281,0,0,0,
25.748384,-100.370284,0,0,0,
25.748384,-100.369287,0,0,0,
25.748384,-100.36829,0,0,0,
25.748384,-100.367293,0,0,0,
25.748384,-100.365299,0,0,0,
25.748384,-100.364302,0,0,0,
25.748384,-100.363305,1,1,0,
25.748384,-100.362308,1,1,0,
25.748384,-100.361311,1,1,0,19039_0770
25.748384,-100.360314,1,1,0,19039_0770
25.748384,-100.359317,1,1,0,19039_0770
25.748384,-100.35832,1,1,0,19039_0770
25.748384,-100.357324,1,1,0,19039_0770
25.748384,-100.356327,1,1,0,19039_0770
25.748384,-100.35533,2,2,0,19039_0770
25.748384,-100.354333,2,2,0,19039_0770
25.748384,-100.353336,1,1,0,19039_0770
25.748384,-100.352339,1,1,0,19039_0770
25.748384,-100.351342,1,1,0,19039_0770
25.748384,-100.350345,0,0,0,19039_0770
25.748384,-100.349348,1,1,0,19039_0770
25.748384,-100.348351,1,1,0,19039_0770
25.748384,-100.347354,1,1,0,19039_0663
25.748384,-100.346357,1,1,0,
25.748384,-100.34536,1,1,0,
25.748384,-100.344363,0,0,0,19039_0741
25.748384,-100.343366,0,0,0,19039_0741
25.748384,-100.34237,0,0,0,19039_0739
25.748384,-100.341373,0,0,0,19039_0739
25.748384,-100.340376,0,0,0,19039_0739
25.748384,-100.339379,0,0,0,19039_0739
25.748384,-100.338382,0,0,0,
25.748384,-100.337385,0,0,0,
25.748384,-100.336388,0,0,0,
25.748384,-100.335391,0,0,0,
25.748384,-100.328413,0,0,0,
25.748384,-100.327416,0,0,0,
25.748384,-100.326419,0,0,0,
25.748384,-100.325422,0,0,0,
25.748384,-100.324425,0,0,0,19039_0430
25.748384,-100.323428,0,0,0,19039_0430
25.748384,-100.322431,0,0,0,19039_0430
25.748384,-100.321434,0,0,0,
25.748384,-100.320437,0,0,0,
25.748384,-100.31944,0,0,0,
25.748384,-100.305483,1,1,0,
25.748384,-100.304486,1,1,0,
25.748384,-100.303489,1,1,0,
25.748384,-100.302492,1,1,0,
25.748384,-100.301495,1,1,0,
25.748384,-100.295514,1,1,0,
25.748384,-100.294517,1,1,0,
25.748384,-100.29352,2,2,0,
25.748384,-100.292523,2,2,0,
25.748384,-100.291526,1,1,0,
25.748384,-100.290529,1,1,0,
25.748384,-100.289532,1,1,0,
25.748384,-100.288535,1,1,0,
25.748384,-100.273581,1,1,0,
25.748384,-100.272584,1,1,0,
25.748384,-100.271587,1,1,0,
25.748384,-100.270591,1,1,0,
25.748384,-100.25464,1,1,0,
25.748384,-100.253643,1,1,0,
25.748384,-100.252646,2,2,0,
25.748384,-100.251649,2,2,0,
25.748384,-100.250652,1,1,0,
25.748384,-100.175882,1,1,0,
25.748384,-100.174885,1,1,0,
25.748384,-100.173888,1,1,0,
25.748384,-100.172891,1,1,0,
25.748384,-100.171894,1,1,0,
25.748384,-100.169901,1,1,0,
25.748384,-100.168904,1,1,0,
25.748384,-100.152953,1,1,0,
25.748384,-100.151956,1,1,0,
25.748384,-100.150959,1,1,0,
25.748384,-100.149962,1,1,0,
25.748384,-100.099119,1,1,0,
25.748384,-100.098122,1,1,0,
25.748384,-100.097125,1,1,0,
25.748384,-100.096128,1,1,0,
25.749288,-100.405176,1,1,0,
25.749288,-100.404179,1,1,0,
25.749288,-100.403182,1,1,0,
25.749288,-100.402185,1,1,0,
25.749288,-100.401188,1,1,0,
25.749288,-100.400192,1,1,0,
25.749288,-100.396204,1,1,0,
25.749288,-100.395207,1,1,0,
25.749288,-100.39421,1,1,0,
25.749288,-100.393213,1,1,0,
25.749288,-100.385238,0,0,0,
25.749288,-100.384241,0,0,0,
25.749288,-100.383244,0,0,0,
25.749288,-100.382247,0,0,0,
25.749288,-100.38125,0,0,0,
25.749288,-100.380253,0,0,0,
25.749288,-100.379256,0,0,0,
25.749288,-100.378259,0,0,0,
25.749288,-100.377262,0,0,0,
25.749288,-100.376265,0,0,0,
25.749288,-100.375268,1,1,0,
25.749288,-100.374271,1,1,0,19039_0666
25.749288,-100.373274,0,0,0,19039_0666
25.749288,-100.372277,0,0,0,
25.749288,-100.371281,0,0,0,
25.749288,-100.370284,0,0,0,
25.749288,-100.369287,0,0,0,
25.749288,-100.36829,0,0,0,
25.749288,-100.367293,0,0,0,
25.749288,-100.366296,0,0,0,
25.749288,-100.365299,0,0,0,
25.749288,-100.364302,1,1,0,
25.749288,-100.363305,2,2,0,
25.749288,-100.362308,2,2,0,19039_0770
25.749288,-100.361311,2,2,0,19039_0770
25.749288,-100.360314,1,1,0,19039_0770
25.749288,-100.359317,1,1,0,19039_0770
25.749288,-100.35832,1,1,0,19039_0770
25.749288,-100.357324,1,1,0,19039_0770
25.749288,-100.356327,2,2,0,19039_0770
25.749288,-100.35533,2,2,0,19039_0770
25.749288,-100.354333,2,2,0,19039_0770
25.749288,-100.353336,2,2,0,19039_0770
25.749288,-100.352339,1,1,0,19039_0770
25.749288,-100.351342,1,1,0,19039_0770
25.749288,-100.350345,0,0,0,19039_0770
25.749288,-100.349348,1,1,0,19039_0770
25.749288,-100.348351,1,1,0,19039_0663
25.749288,-100.347354,1,1,0,
25.749288,-100.346357,1,1,0,
25.749288,-100.34536,1,1,0,19039_0741
25.749288,-100.344363,1,1,0,19039_0741
25.749288,-100.343366,0,0,0,19039_0741
25.749288,-100.34237,0,0,0,19039_0741
25.749288,-100.341373,0,0,0,
25.749288,-100.340376,0,0,0,
25.749288,-100.339379,0,0,0,
25.749288,-100.338382,0,0,0,
25.749288,-100.337385,0,0,0,
25.749288,-100.336388,0,0,0,
25.749288,-100.328413,0,0,0,
25.749288,-100.327416,0,0,0,
25.749288,-100.326419,0,0,0,
25.749288,-100.325422,0,0,0,
25.749288,-100.324425,0,0,0,19039_0430
25.749288,-100.323428,0,0,0,19039_0430
25.749288,-100.322431,0,0,0,19039_0430
25.749288,-100.321434,0,0,0,
25.749288,-100.320437,0,0,0,
25.749288,-100.31944,0,0,0,
25.749288,-100.304486,1,1,0,
25.749288,-100.303489,1,1,0,
25.749288,-100.302492,1,1,0,
25.749288,-100.29352,1,1,0,
25.749288,-100.292523,1,1,0,
25.749288,-100.291526,1,1,0,
25.749288,-100.290529,1,1,0,
25.749288,-100.289532,1,1,0,
25.749288,-100.288535,1,1,0,
25.749288,-100.274578,1,1,0,
25.749288,-100.273581,1,1,0,
25.749288,-100.272584,1,1,0,
25.749288,-100.271587,1,1,0,
25.749288,-100.270591,1,1,0,
25.749288,-100.269594,1,1,0,
25.749288,-100.255637,1,1,0,
25.749288,-100.25464,1,1,0,
25.749288,-100.253643,2,2,0,
25.749288,-100.252646,2,2,0,
25.749288,-100.251649,2,2,0,
25.749288,-100.250652,2,2,0,
25.749288,-100.249655,1,1,0,
25.749288,-100.175882,1,1,0,
25.749288,-100.174885,1,1,0,
25.749288,-100.173888,1,1,0,
25.749288,-100.172891,1,1,0,
25.749288,-100.171894,1,1,0,
25.749288,-100.170897,1,1,0,
25.749288,-100.169901,1,1,0,
25.749288,-100.168904,1,1,0,
25.749288,-100.167907,1,1,0,
25.749288,-100.15395,1,1,0,
25.749288,-100.152953,1,1,0,
25.749288,-100.151956,1,1,0,
25.749288,-100.150959,1,1,0,
25.749288,-100.149962,1,1,0,
25.749288,-100.148965,1,1,0,
25.749288,-100.100115,1,1,0,
25.749288,-100.099119,1,1,0,
25.749288,-100.098122,1,1,0,
25.749288,-100.097125,1,1,0,
25.749288,-100.096128,1,1,0,
25.749288,-100.095131,1,1,0,
25.750193,-100.405176,1,1,0,
25.750193,-100.404179,1,1,0,
25.750193,-100.403182,2,2,0,
25.750193,-100.402185,2,2,0,
25.750193,-100.401188,1,1,0,
25.750193,-100.400192,1,1,0,
25.750193,-100.397201,1,1,0,
25.750193,-100.396204,1,1,0,
25.750193,-100.395207,1,1,0,
25.750193,-100.39421,1,1,0,
25.750193,-100.393213,1,1,0,
25.750193,-100.392216,1,1,0,
25.750193,-100.386234,1,1,0,
25.750193,-100.385238,1,1,0,
25.750193,-100.384241,1,1,0,
25.750193,-100.383244,2,2,0,
25.750193,-100.382247,1,1,0,19039_0297
25.750193,-100.38125,1,1,0,19039_0297
25.750193,-100.380253,1,1,0,
25.750193,-100.379256,0,0,0,
25.750193,-100.378259,0,0,0,
25.750193,-100.377262,1,1,0,
25.750193,-100.376265,1,1,0,
25.750193,-100.375268,1,1,0,19039_0666
25.750193,-100.374271,1,1,0,19039_0666
25.750193,-100.373274,1,1,0,19039_0666
25.750193,-100.372277,0,0,0,19039_0666
25.750193,-100.371281,0,0,0,19039_0666
25.750193,-100.370284,0,0,0,19039_0666
25.750193,-100.369287,0,0,0,
25.750193,-100.36829,0,0,0,
25.750193,-100.367293,0,0,0,
25.750193,-100.366296,0,0,0,
25.750193,-100.365299,0,0,0,
25.750193,-100.364302,1,1,0,
25.750193,-100.363305,1,1,0,19039_0770
25.750193,-100.362308,1,1,0,19039_0770
25.750193,-100.361311,2,2,0,19039_0770
25.750193,-100.360314,1,1,0,19039_0770
25.750193,-100.359317,0,0,0,19039_0314
25.750193,-100.35832,1,1,0,19039_0314
25.750193,-100.357324,1,1,0,19039_0314
25.750193,-100.356327,2,2,0,19039_0314
25.750193,-100.35533,2,2,0,19039_0314
25.750193,-100.354333,2,2,0,19039_0314
25.750193,-100.353336,2,2,0,19039_0314
25.750193,-100.352339,1,1,0,19039_0314
25.750193,-100.351342,1,1,0,19039_0770
25.750193,-100.350345,0,0,0,19039_0770
25.750193,-100.349348,1,1,0,19039_0663
25.750193,-100.348351,1,1,0,19039_0663
25.750193,-100.347354,1,1,0,19039_0663
25.750193,-100.346357,1,1,0,19039_0741
25.750193,-100.34536,1,1,0,19039_0741
25.750193,-100.344363,1,1,0,19039_0741
25.750193,-100.343366,0,0,0,19039_0741
25.750193,-100.34237,0,0,0,19039_0741
25.750193,-100.341373,0,0,0,19039_0741
25.750193,-100.340376,0,0,0,
25.750193,-100.339379,0,0,0,
25.750193,-100.338382,0,0,0,
25.750193,-100.337385,0,0,0,
25.750193,-100.328413,0,0,0,
25.750193,-100.327416,0,0,0,
25.750193,-100.326419,0,0,0,
25.750193,-100.325422,0,0,0,19046_0081
25.750193,-100.324425,0,0,0,19046_0081
25.750193,-100.323428,0,0,0,19046_0081
25.750193,-100.322431,0,0,0,19039_0430
25.750193,-100.321434,0,0,0,
25.750193,-100.320437,0,0,0,
25.750193,-100.31944,0,0,0,
25.750193,-100.29352,1,1,0,
25.750193,-100.292523,1,1,0,
25.750193,-100.291526,1,1,0,
25.750193,-100.290529,1,1,0,
25.750193,-100.289532,1,1,0,
25.750193,-100.274578,1,1,0,
25.750193,-100.273581,1,1,0,
25.750193,-100.272584,1,1,0,
25.750193,-100.271587,1,1,0,
25.750193,-100.270591,1,1,0,
25.750193,-100.269594,1,1,0,
25.750193,-100.260621,0,0,0,
25.750193,-100.259624,0,0,0,
25.750193,-100.258627,0,0,0,
25.750193,-100.25763,0,0,0,
25.750193,-100.256634,0,0,0,
25.750193,-100.255637,1,1,0,
25.750193,-100.25464,1,1,0,
25.750193,-100.253643,2,2,0,
25.750193,-100.252646,2,2,0,
25.750193,-100.251649,2,2,0,
25.750193,-100.250652,2,2,0,
25.750193,-100.249655,1,1,0,
25.750193,-100.243673,1,1,0,
25.750193,-100.242676,1,1,0,
25.750193,-100.24168,1,1,0,
25.750193,-100.240683,1,1,0,
25.750193,-100.171894,1,1,0,
25.750193,-100.170897,1,1,0,
25.750193,-100.169901,1,1,0,
25.750193,-100.168904,1,1,0,
25.750193,-100.167907,1,1,0,
25.750193,-100.16691,1,1,0,
25.750193,-100.15395,1,1,0,
25.750193,-100.152953,1,1,0,
25.750193,-100.151956,1,1,0,
25.750193,-100.150959,1,1,0,
25.750193,-100.149962,1,1,0,
25.750193,-100.148965,1,1,0,
25.750193,-100.100115,1,1,0,
25.750193,-100.099119,1,1,0,
25.750193,-100.098122,1,1,0,
25.750193,-100.097125,1,1,0,
25.750193,-100.096128,1,1,0,
25.750193,-100.095131,1,1,0,
25.751097,-100.405176,1,1,0,
25.751097,-100.404179,2,2,0,
25.751097,-100.403182,2,2,0,
25.751097,-100.402185,2,2,0,
25.751097,-100.401188,2,2,0,
25.751097,-100.400192,1,1,0,
25.751097,-100.397201,1,1,0,
25.751097,-100.396204,1,1,0,
25.751097,-100.395207,1,1,0,
25.751097,-100.39421,1,1,0,
25.751097,-100.393213,1,1,0,
25.751097,-100.392216,1,1,0,
25.751097,-100.387231,1,1,0,
25.751097,-100.386234,1,1,0,
25.751097,-100.385238,1,1,0,
25.751097,-100.384241,2,2,0,
25.751097,-100.383244,2,2,0,
25.751097,-100.382247,2,2,0,19039_0297
25.751097,-100.38125,1,1,0,19039_0297
25.751097,-100.380253,1,1,0,
25.751097,-100.379256,1,1,0,
25.751097,-100.378259,0,0,0,
25.751097,-100.377262,1,1,0,
25.751097,-100.376265,1,1,0,19039_0666
25.751097,-100.375268,1,1,0,19039_0666
25.751097,-100.374271,1,1,0,19039_0666
25.751097,-100.373274,1,1,0,19039_0666
25.751097,-100.372277,1,1,0,19039_0666
25.751097,-100.371281,0,0,0,19039_0666
25.751097,-100.370284,0,0,0,19039_0666
25.751097,-100.369287,0,0,0,
25.751097,-100.36829,0,0,0,
25.751097,-100.367293,0,0,0,
25.751097,-100.366296,0,0,0,
25.751097,-100.365299,1,1,0,
25.751097,-100.364302,1,1,0,
25.751097,-100.363305,1,1,0,19039_0684
25.751097,-100.362308,1,1,0,19039_0684
25.751097,-100.361311,1,1,0,19039_0770
25.751097,-100.360314,1,1,0,19039_0314
25.751097,-100.359317,0,0,0,19039_0314
25.751097,-100.35832,1,1,0,19039_0314
25.751097,-100.357324,1,1,0,19039_0314
25.751097,-100.356327,2,2,0,19039_0314
25.751097,-100.35533,2,2,0,19039_0314
25.751097,-100.354333,2,2,0,19039_0314
25.751097,-100.353336,1,1,0,19039_0314
25.751097,-100.352339,1,1,0,19039_0314
25.751097,-100.351342,1,1,0,19039_0314
25.751097,-100.350345,0,0,0,
25.751097,-100.349348,1,1,0,
25.751097,-100.348351,1,1,0,19039_0663
25.751097,-100.347354,1,1,0,19039_0741
25.751097,-100.346357,1,1,0,19039_0741
25.751097,-100.34536,1,1,0,19039_0741
25.751097,-100.344363,1,1,0,19039_0741
25.751097,-100.343366,0,0,0,19039_0741
25.751097,-100.34237,0,0,0,19039_0741
25.751097,-100.341373,0,0,0,19039_0741
25.751097,-100.340376,0,0,0,
25.751097,-100.339379,0,0,0,
25.751097,-100.338382,0,0,0,
25.751097,-100.337385,0,0,0,
25.751097,-100.329409,0,0,0,
25.751097,-100.328413,0,0,0,
25.751097,-100.327416,0,0,0,
25.751097,-100.326419,0,0,0,19046_0081
25.751097,-100.325422,0,0,0,19046_0081
25.751097,-100.324425,0,0,0,19046_0081
25.751097,-100.323428,0,0,0,19046_0081
25.751097,-100.322431,0,0,0,19046_0081
25.751097,-100.321434,0,0,0,
25.751097,-100.320437,0,0,0,
25.751097,-100.31944,0,0,0,
25.751097,-100.318443,0,0,0,
25.751097,-100.303489,1,1,0,
25.751097,-100.302492,1,1,0,
25.751097,-100.301495,1,1,0,
25.751097,-100.300498,1,1,0,
25.751097,-100.292523,1,1,0,
25.751097,-100.291526,1,1,0,
25.751097,-100.290529,1,1,0,
25.751097,-100.274578,1,1,0,
25.751097,-100.273581,1,1,0,
25.751097,-100.272584,1,1,0,
25.751097,-100.271587,1,1,0,
25.751097,-100.270591,1,1,0,
25.751097,-100.269594,1,1,0,
25.751097,-100.261618,0,0,0,
25.751097,-100.260621,0,0,0,
25.751097,-100.259624,0,0,0,
25.751097,-100.258627,0,0,0,
25.751097,-100.25763,0,0,0,
25.751097,-100.256634,0,0,0,
25.751097,-100.255637,1,1,0,
25.751097,-100.25464,1,1,0,
25.751097,-100.253643,2,2,0,
25.751097,-100.252646,2,2,0,
25.751097,-100.251649,2,2,0,
25.751097,-100.250652,2,2,0,
25.751097,-100.249655,1,1,0,
25.751097,-100.243673,1,1,0,
25.751097,-100.242676,1,1,0,
25.751097,-100.24168,1,1,0,
25.751097,-100.240683,1,1,0,
25.751097,-100.239686,1,1,0,
25.751097,-100.171894,1,1,0,
25.751097,-100.170897,1,1,0,
25.751097,-100.169901,1,1,0,
25.751097,-100.168904,1,1,0,
25.751097,-100.167907,1,1,0,
25.751097,-100.16691,1,1,0,
25.751097,-100.160928,1,1,0,
25.751097,-100.159931,1,1,0,
25.751097,-100.15395,1,1,0,
25.751097,-100.152953,1,1,0,
25.751097,-100.151956,1,1,0,
25.751097,-100.150959,1,1,0,
25.751097,-100.149962,1,1,0,
25.751097,-100.148965,1,1,0,
25.751097,-100.102109,1,1,0,
25.751097,-100.101112,1,1,0,
25.751097,-100.100115,2,2,0,
25.751097,-100.099119,2,2,0,
25.751097,-100.098122,1,1,0,
25.751097,-100.097125,1,1,0,
25.751097,-100.096128,1,1,0,
25.751097,-100.095131,1,1,0,
25.752001,-100.405176,1,1,0,
25.752001,-100.404179,4,4,0,
25.752001,-100.403182,4,4,0,
25.752001,-100.402185,3,3,0,
25.752001,-100.401188,1,1,0,
25.752001,-100.400192,1,1,0,
25.752001,-100.397201,1,1,0,
25.752001,-100.396204,1,1,0,
25.752001,-100.395207,1,1,0,
25.752001,-100.39421,1,1,0,
25.752001,-100.393213,1,1,0,
25.752001,-100.392216,1,1,0,
25.752001,-100.389225,0,0,0,
25.752001,-100.388228,0,0,0,
25.752001,-100.387231,1,1,0,
25.752001,-100.386234,1,1,0,
25.752001,-100.385238,1,1,0,
25.752001,-100.384241,2,2,0,
25.752001,-100.383244,2,2,0,19039_0297
25.752001,-100.382247,2,2,0,19039_0297
25.752001,-100.38125,1,1,0,19039_0297
25.752001,-100.380253,1,1,0,19039_0297
25.752001,-100.379256,1,1,0,
25.752001,-100.378259,0,0,0,
25.752001,-100.377262,1,1,0,19039_0666
25.752001,-100.376265,1,1,0,19039_0666
25.752001,-100.375268,1,1,0,19039_0666
25.752001,-100.374271,1,1,0,19039_0666
25.752001,-100.373274,1,1,0,19039_0666
25.752001,-100.372277,1,1,0,19039_0666
25.752001,-100.371281,0,0,0,19039_0666
25.752001,-100.370284,0,0,0,
25.752001,-100.369287,0,0,0,
25.752001,-100.36829,0,0,0,
25.752001,-100.367293,0,0,0,
25.752001,-100.366296,0,0,0,
25.752001,-100.365299,0,0,0,
25.752001,-100.364302,1,1,0,19039_0684
25.752001,-100.363305,1,1,0,19039_0684
25.752001,-100.362308,1,1,0,19039_0684
25.752001,-100.361311,1,1,0,19039_0684
25.752001,-100.360314,1,1,0,19039_0684
25.752001,-100.359317,0,0,0,19039_0314
25.752001,-100.35832,0,0,0,19039_0314
25.752001,-100.357324,1,1,0,19039_0314
25.752001,-100.356327,1,1,0,19039_0314
25.752001,-100.35533,2,2,0,19039_0314
25.752001,-100.354333,2,2,0,19039_0314
25.752001,-100.353336,1,1,0,19039_0314
25.752001,-100.352339,1,1,0,19039_0314
25.752001,-100.351342,0,0,0,
25.752001,-100.350345,0,0,0,
25.752001,-100.349348,0,0,0,
25.752001,-100.348351,1,1,0,
25.752001,-100.347354,1,1,0,
25.752001,-100.346357,1,1,0,19039_0741
25.752001,-100.34536,1,1,0,19039_0741
25.752001,-100.344363,0,0,0,19039_0741
25.752001,-100.343366,0,0,0,19039_0741
25.752001,-100.34237,0,0,0,19039_0741
25.752001,-100.341373,0,0,0,
25.752001,-100.340376,0,0,0,
25.752001,-100.339379,0,0,0,
25.752001,-100.338382,0,0,0,
25.752001,-100.329409,0,0,0,
25.752001,-100.328413,0,0,0,
25.752001,-100.327416,0,0,0,
25.752001,-100.326419,0,0,0,19046_0081
25.752001,-100.325422,0,0,0,19046_0081
25.752001,-100.324425,0,0,0,19046_0081
25.752001,-100.323428,0,0,0,19046_0081
25.752001,-100.322431,0,0,0,19046_0081
25.752001,-100.321434,0,0,0,19046_0081
25.752001,-100.320437,0,0,0,
25.752001,-100.31944,0,0,0,
25.752001,-100.318443,0,0,0,
25.752001,-100.317446,0,0,0,
25.752001,-100.316449,0,0,0,
25.752001,-100.315452,0,0,0,
25.752001,-100.304486,1,1,0,
25.752001,-100.303489,1,1,0,
25.752001,-100.302492,1,1,0,
25.752001,-100.301495,1,1,0,
25.752001,-100.300498,1,1,0,
25.752001,-100.273581,1,1,0,
25.752001,-100.272584,1,1,0,
25.752001,-100.271587,1,1,0,
25.752001,-100.270591,1,1,0,
25.752001,-100.262615,0,0,0,
25.752001,-100.261618,0,0,0,
25.752001,-100.260621,0,0,0,
25.752001,-100.259624,0,0,0,
25.752001,-100.258627,0,0,0,
25.752001,-100.25763,0,0,0,
25.752001,-100.256634,0,0,0,
25.752001,-100.255637,0,0,0,
25.752001,-100.25464,1,1,0,
25.752001,-100.253643,2,2,0,
25.752001,-100.252646,2,2,0,
25.752001,-100.251649,2,2,0,
25.752001,-100.250652,2,2,0,
25.752001,-100.249655,1,1,0,
25.752001,-100.24467,1,1,0,
25.752001,-100.243673,1,1,0,
25.752001,-100.242676,1,1,0,
25.752001,-100.24168,1,1,0,
25.752001,-100.240683,1,1,0,
25.752001,-100.239686,1,1,0,
25.752001,-100.171894,1,1,0,
25.752001,-100.170897,1,1,0,
25.752001,-100.169901,1,1,0,
25.752001,-100.168904,1,1,0,
25.752001,-100.167907,1,1,0,
25.752001,-100.16691,1,1,0,
25.752001,-100.165913,0,0,0,
25.752001,-100.164916,0,0,0,
25.752001,-100.161925,1,1,0,
25.752001,-100.160928,1,1,0,
25.752001,-100.159931,1,1,0,
25.752001,-100.158934,1,1,0,
25.752001,-100.157937,1,1,0,
25.752001,-100.152953,1,1,0,
25.752001,-100.151956,1,1,0,
25.752001,-100.150959,1,1,0,
25.752001,-100.149962,1,1,0,
25.752001,-100.103106,1,1,0,
25.752001,-100.102109,1,1,0,
25.752001,-100.101112,1,1,0,
25.752001,-100.100115,2,2,0,
25.752001,-100.099119,2,2,0,
25.752001,-100.098122,2,2,0,
25.752001,-100.097125,1,1,0,
25.752001,-100.096128,1,1,0,
25.752906,-100.405176,3,3,0,
25.752906,-100.404179,3,3,0,
25.752906,-100.403182,3,3,0,
25.752906,-100.402185,3,3,0,
25.752906,-100.401188,3,3,0,
25.752906,-100.400192,1,1,0,
25.752906,-100.396204,1,1,0,
25.752906,-100.395207,1,1,0,
25.752906,-100.39421,1,1,0,
25.752906,-100.393213,1,1,0,
25.752906,-100.390222,0,0,0,
25.752906,-100.389225,0,0,0,
25.752906,-100.388228,0,0,0,
25.752906,-100.387231,1,1,0,
25.752906,-100.386234,1,1,0,
25.752906,-100.385238,1,1,0,
25.752906,-100.384241,2,2,0,
25.752906,-100.383244,2,2,0,19039_0297
25.752906,-100.382247,2,2,0,19039_0297
25.752906,-100.38125,1,1,0,19039_0297
25.752906,-100.380253,1,1,0,19039_0297
25.752906,-100.379256,1,1,0,19039_0297
25.752906,-100.378259,0,0,0,
25.752906,-100.377262,1,1,0,19039_0666
25.752906,-100.376265,1,1,0,19039_0666
25.752906,-100.375268,1,1,0,19039_0666
25.752906,-100.374271,1,1,0,19039_0666
25.752906,-100.373274,1,1,0,19039_0666
25.752906,-100.372277,1,1,0,19039_0666
25.752906,-100.371281,0,0,0,
25.752906,-100.370284,0,0,0,
25.752906,-100.369287,0,0,0,
25.752906,-100.36829,0,0,0,
25.752906,-100.367293,0,0,0,
25.752906,-100.366296,0,0,0,
25.752906,-100.365299,0,0,0,
25.752906,-100.364302,1,1,0,
25.752906,-100.363305,1,1,0,
25.752906,-100.362308,1,1,0,19039_0684
25.752906,-100.361311,1,1,0,19039_0684
25.752906,-100.360314,1,1,0,19039_0684
25.752906,-100.359317,0,0,0,19039_0684
25.752906,-100.35832,0,0,0,19039_0684
25.752906,-100.357324,0,0,0,19039_0314
25.752906,-100.356327,0,0,0,19039_0314
25.752906,-100.35533,0,0,0,19039_0314
25.752906,-100.354333,0,0,0,19039_0314
25.752906,-100.353336,0,0,0,19039_0314
25.752906,-100.352339,0,0,0,19039_0314
25.752906,-100.351342,0,0,0,
25.752906,-100.350345,0,0,0,
25.752906,-100.349348,0,0,0,
25.752906,-100.348351,0,0,0,
25.752906,-100.347354,0,0,0,
25.752906,-100.346357,0,0,0,19039_0741
25.752906,-100.34536,0,0,0,19039_0741
25.752906,-100.344363,0,0,0,19039_0741
25.752906,-100.343366,0,0,0,
25.752906,-100.34237,0,0,0,
25.752906,-100.341373,0,0,0,
25.752906,-100.340376,0,0,0,
25.752906,-100.339379,0,0,0,
25.752906,-100.329409,0,0,0,
25.752906,-100.328413,0,0,0,
25.752906,-100.327416,0,0,0,
25.752906,-100.326419,0,0,0,19046_0081
25.752906,-100.325422,0,0,0,19046_0081
25.752906,-100.324425,0,0,0,19046_0081
25.752906,-100.323428,0,0,0,19046_0081
25.752906,-100.322431,0,0,0,19046_0081
25.752906,-100.321434,0,0,0,19046_0081
25.752906,-100.320437,0,0,0,
25.752906,-100.31944,0,0,0,
25.752906,-100.318443,0,0,0,
25.752906,-100.317446,0,0,0,
25.752906,-100.316449,0,0,0,
25.752906,-100.315452,0,0,0,
25.752906,-100.314455,0,0,0,
25.752906,-100.304486,1,1,0,
25.752906,-100.303489,1,1,0,
25.752906,-100.302492,1,1,0,
25.752906,-100.301495,1,1,0,
25.752906,-100.300498,1,1,0,
25.752906,-100.299502,1,1,0,
25.752906,-100.272584,1,1,0,
25.752906,-100.271587,1,1,0,
25.752906,-100.263612,0,0,0,
25.752906,-100.262615,0,0,0,
25.752906,-100.261618,0,0,0,
25.752906,-100.260621,0,0,0,
25.752906,-100.259624,0,0,0,
25.752906,-100.258627,0,0,0,19046_0300
25.752906,-100.25763,0,0,0,
25.752906,-100.256634,0,0,0,
25.752906,-100.255637,0,0,0,
25.752906,-100.25464,0,0,0,
25.752906,-100.253643,1,1,0,
25.752906,-100.252646,2,2,0,
25.752906,-100.251649,1,1,0,
25.752906,-100.250652,1,1,0,
25.752906,-100.249655,0,0,0,
25.752906,-100.248658,0,0,0,
25.752906,-100.24467,1,1,0,
25.752906,-100.243673,1,1,0,
25.752906,-100.242676,1,1,0,
25.752906,-100.24168,1,1,0,
25.752906,-100.240683,1,1,0,
25.752906,-100.239686,1,1,0,
25.752906,-100.171894,0,0,0,
25.752906,-100.170897,1,1,0,
25.752906,-100.169901,1,1,0,
25.752906,-100.168904,1,1,0,
25.752906,-100.167907,1,1,0,
25.752906,-100.16691,0,0,0,
25.752906,-100.165913,0,0,0,
25.752906,-100.164916,1,1,0,
25.752906,-100.163919,1,1,0,
25.752906,-100.162922,2,2,0,
25.752906,-100.161925,2,2,0,
25.752906,-100.160928,1,1,0,
25.752906,-100.159931,1,1,0,
25.752906,-100.158934,1,1,0,
25.752906,-100.157937,1,1,0,
25.752906,-100.103106,1,1,0,
25.752906,-100.102109,1,1,0,
25.752906,-100.101112,1,1,0,
25.752906,-100.100115,1,1,0,
25.752906,-100.099119,1,1,0,
25.752906,-100.098122,2,2,0,
25.752906,-100.097125,1,1,0,
25.75381,-100.406173,2,2,0,
25.75381,-100.405176,3,3,0,
25.75381,-100.404179,3,3,0,
25.75381,-100.403182,3,3,0,
25.75381,-100.402185,3,3,0,
25.75381,-100.401188,3,3,0,
25.75381,-100.400192,1,1,0,
25.75381,-100.392216,0,0,0,
25.75381,-100.391219,0,0,0,
25.75381,-100.390222,0,0,0,
25.75381,-100.389225,0,0,0,
25.75381,-100.388228,0,0,0,
25.75381,-100.387231,1,1,0,
25.75381,-100.386234,1,1,0,19039_0300
25.75381,-100.385238,1,1,0,
25.75381,-100.384241,2,2,0,19039_0297
25.75381,-100.383244,2,2,0,19039_0297
25.75381,-100.382247,1,1,0,19039_0297
25.75381,-100.38125,1,1,0,19039_0297
25.75381,-100.380253,1,1,0,19039_0297
25.75381,-100.379256,0,0,0,19039_0297
25.75381,-100.378259,0,0,0,19039_0666
25.75381,-100.377262,0,0,0,19039_0666
25.75381,-100.376265,1,1,0,19039_0666
25.75381,-100.375268,1,1,0,19039_0666
25.75381,-100.374271,1,1,0,19039_0666
25.75381,-100.373274,1,1,0,19039_0666
25.75381,-100.372277,0,0,0,
25.75381,-100.371281,0,0,0,
25.75381,-100.370284,0,0,0,
25.75381,-100.369287,0,0,0,
25.75381,-100.36829,0,0,0,
25.75381,-100.367293,0,0,0,
25.75381,-100.366296,0,0,0,
25.75381,-100.365299,0,0,0,
25.75381,-100.364302,0,0,0,
25.75381,-100.363305,1,1,0,
25.75381,-100.362308,1,1,0,19039_0684
25.75381,-100.361311,0,0,0,19039_0684
25.75381,-100.360314,0,0,0,19039_0684
25.75381,-100.359317,0,0,0,19039_0684
25.75381,-100.35832,0,0,0,19039_0684
25.75381,-100.357324,0,0,0,19039_0684
25.75381,-100.356327,0,0,0,19039_0684
25.75381,-100.35533,0,0,0,19039_0314
25.75381,-100.354333,0,0,0,19039_0314
25.75381,-100.353336,0,0,0,19039_0314
25.75381,-100.352339,0,0,0,
25.75381,-100.351342,0,0,0,
25.75381,-100.350345,0,0,0,
25.75381,-100.349348,0,0,0,
25.75381,-100.348351,0,0,0,
25.75381,-100.347354,0,0,0,
25.75381,-100.346357,0,0,0,
25.75381,-100.34536,0,0,0,
25.75381,-100.344363,0,0,0,
25.75381,-100.343366,0,0,0,
25.75381,-100.34237,0,0,0,
25.75381,-100.341373,0,0,0,
25.75381,-100.340376,0,0,0,
25.75381,-100.329409,0,0,0,
25.75381,-100.328413,0,0,0,
25.75381,-100.327416,0,0,0,
25.75381,-100.326419,0,0,0,19046_0081
25.75381,-100.325422,0,0,0,19046_0081
25.75381,-100.324425,0,0,0,19046_0081
25.75381,-100.323428,0,0,0,19046_0081
25.75381,-100.322431,0,0,0,19046_0081
25.75381,-100.321434,0,0,0,19046_0081
25.75381,-100.320437,0,0,0,
25.75381,-100.31944,0,0,0,
25.75381,-100.318443,0,0,0,
25.75381,-100.317446,0,0,0,
25.75381,-100.316449,0,0,0,
25.75381,-100.315452,0,0,0,
25.75381,-100.314455,0,0,0,
25.75381,-100.304486,1,1,0,
25.75381,-100.303489,1,1,0,
25.75381,-100.302492,1,1,0,
25.75381,-100.301495,1,1,0,
25.75381,-100.300498,1,1,0,
25.75381,-100.299502,1,1,0,
25.75381,-100.264609,0,0,0,
25.75381,-100.263612,0,0,0,
25.75381,-100.262615,0,0,0,
25.75381,-100.261618,0,0,0,
25.75381,-100.260621,0,0,0,19046_0300
25.75381,-100.259624,0,0,0,19046_0300
25.75381,-100.258627,0,0,0,19046_0300
25.75381,-100.25763,0,0,0,
25.75381,-100.256634,0,0,0,
25.75381,-100.255637,0,0,0,
25.75381,-100.25464,0,0,0,
25.75381,-100.253643,0,0,0,
25.75381,-100.252646,0,0,0,
25.75381,-100.251649,0,0,0,19046_0300
25.75381,-100.250652,0,0,0,
25.75381,-100.249655,0,0,0,
25.75381,-100.248658,0,0,0,
25.75381,-100.247661,0,0,0,
25.75381,-100.243673,1,1,0,
25.75381,-100.242676,1,1,0,
25.75381,-100.24168,1,1,0,
25.75381,-100.240683,1,1,0,
25.75381,-100.239686,1,1,0,
25.75381,-100.171894,0,0,0,
25.75381,-100.170897,0,0,0,
25.75381,-100.169901,0,0,0,
25.75381,-100.168904,0,0,0,19006_0406
25.75381,-100.167907,0,0,0,
25.75381,-100.16691,0,0,0,
25.75381,-100.165913,1,1,0,
25.75381,-100.164916,1,1,0,
25.75381,-100.163919,1,1,0,
25.75381,-100.162922,2,2,0,
25.75381,-100.161925,2,2,0,
25.75381,-100.160928,1,1,0,
25.75381,-100.159931,1,1,0,
25.75381,-100.158934,1,1,0,
25.75381,-100.157937,1,1,0,
25.75381,-100.15694,0,0,0,
25.75381,-100.155944,0,0,0,
25.75381,-100.103106,1,1,0,
25.75381,-100.102109,1,1,0,
25.75381,-100.101112,1,1,0,
25.75381,-100.100115,1,1,0,
25.75381,-100.099119,1,1,0,
25.75381,-100.098122,1,1,0,
25.754714,-100.477952,1,1,0,
25.754714,-100.476955,1,1,0,
25.754714,-100.406173,2,2,0,
25.754714,-100.405176,3,3,0,
25.754714,-100.404179,4,4,0,
25.754714,-100.403182,4,4,0,
25.754714,-100.402185,4,4,0,
25.754714,-100.401188,3,3,0,
25.754714,-100.39421,1,1,0,
25.754714,-100.393213,1,1,0,
25.754714,-100.392216,1,1,0,
25.754714,-100.391219,1,1,0,
25.754714,-100.390222,0,0,0,
25.754714,-100.389225,0,0,0,
25.754714,-100.388228,0,0,0,19039_0300
25.754714,-100.387231,0,0,0,19039_0300
25.754714,-100.386234,1,1,0,19039_0300
25.754714,-100.385238,1,1,0,19039_0300
25.754714,-100.384241,1,1,0,19039_0300
25.754714,-100.383244,0,0,0,19039_0297
25.754714,-100.382247,1,1,0,19039_0297
25.754714,-100.38125,1,1,0,19039_0297
25.754714,-100.380253,0,0,0,19039_0297
25.754714,-100.379256,0,0,0,19039_0666
25.754714,-100.378259,0,0,0,19039_0666
25.754714,-100.377262,0,0,0,19039_0666
25.754714,-100.376265,0,0,0,19039_0666
25.754714,-100.375268,0,0,0,19039_0666
25.754714,-100.374271,0,0,0,19039_0666
25.754714,-100.373274,0,0,0,19039_0666
25.754714,-100.372277,0,0,0,19039_0666
25.754714,-100.371281,0,0,0,19039_0666
25.754714,-100.370284,0,0,0,
25.754714,-100.369287,0,0,0,
25.754714,-100.36829,0,0,0,
25.754714,-100.367293,0,0,0,
25.754714,-100.366296,0,0,0,
25.754714,-100.365299,0,0,0,
25.754714,-100.364302,0,0,0,19039_0684
25.754714,-100.363305,0,0,0,19039_0684
25.754714,-100.362308,0,0,0,19039_0684
25.754714,-100.361311,0,0,0,19039_0684
25.754714,-100.360314,0,0,0,19039_0684
25.754714,-100.359317,0,0,0,19039_0684
25.754714,-100.35832,0,0,0,19039_0684
25.754714,-100.357324,0,0,0,19039_0684
25.754714,-100.356327,0,0,0,19039_0684
25.754714,-100.35533,0,0,0,19039_0684
25.754714,-100.354333,0,0,0,19039_0684
25.754714,-100.353336,0,0,0,
25.754714,-100.352339,0,0,0,
25.754714,-100.351342,0,0,0,
25.754714,-100.350345,0,0,0,
25.754714,-100.348351,0,0,0,
25.754714,-100.347354,0,0,0,
25.754714,-100.346357,0,0,0,
25.754714,-100.34536,0,0,0,
25.754714,-100.344363,0,0,0,
25.754714,-100.343366,0,0,0,
25.754714,-100.34237,0,0,0,
25.754714,-100.341373,0,0,0,
25.754714,-100.329409,0,0,0,
25.754714,-100.328413,0,0,0,
25.754714,-100.327416,0,0,0,
25.754714,-100.326419,0,0,0,19046_0081
25.754714,-100.325422,0,0,0,19046_0081
25.754714,-100.324425,0,0,0,19046_0081
25.754714,-100.323428,0,0,0,19046_0081
25.754714,-100.322431,0,0,0,19046_0081
25.754714,-100.321434,0,0,0,19046_0081
25.754714,-100.320437,0,0,0,
25.754714,-100.31944,0,0,0,
25.754714,-100.318443,0,0,0,
25.754714,-100.317446,0,0,0,19046_0081
25.754714,-100.316449,0,0,0,
25.754714,-100.315452,0,0,0,
25.754714,-100.314455,0,0,0,
25.754714,-100.304486,1,1,0,
25.754714,-100.303489,1,1,0,
25.754714,-100.302492,1,1,0,
25.754714,-100.301495,1,1,0,
25.754714,-100.300498,1,1,0,
25.754714,-100.272584,1,1,0,
25.754714,-100.271587,1,1,0,
25.754714,-100.270591,1,1,0,
25.754714,-100.269594,1,1,0,
25.754714,-100.264609,0,0,0,
25.754714,-100.263612,0,0,0,
25.754714,-100.262615,0,0,0,
25.754714,-100.261618,0,0,0,
25.754714,-100.260621,0,0,0,19046_0300
25.754714,-100.259624,0,0,0,19046_0300
25.754714,-100.258627,0,0,0,19046_0300
25.754714,-100.25763,0,0,0,
25.754714,-100.256634,0,0,0,
25.754714,-100.255637,0,0,0,
25.754714,-100.25464,0,0,0,
25.754714,-100.253643,0,0,0,19046_0300
25.754714,-100.252646,0,0,0,19046_0300
25.754714,-100.251649,0,0,0,19046_0300
25.754714,-100.250652,0,0,0,19046_0300
25.754714,-100.249655,0,0,0,
25.754714,-100.248658,0,0,0,
25.754714,-100.247661,0,0,0,
25.754714,-100.242676,1,1,0,
25.754714,-100.24168,1,1,0,
25.754714,-100.172891,0,0,0,
25.754714,-100.171894,0,0,0,
25.754714,-100.170897,0,0,0,
25.754714,-100.169901,0,0,0,19006_0406
25.754714,-100.168904,0,0,0,19006_0407
25.754714,-100.167907,0,0,0,19006_0407
25.754714,-100.16691,0,0,0,19006_0407
25.754714,-100.165913,1,1,0,19006_0407
25.754714,-100.164916,1,1,0,19006_0407
25.754714,-100.163919,1,1,0,
25.754714,-100.162922,2,2,0,
25.754714,-100.161925,2,2,0,
25.754714,-100.160928,2,2,0,
25.754714,-100.159931,1,1,0,
25.754714,-100.158934,1,1,0,
25.754714,-100.157937,1,1,0,
25.754714,-100.15694,0,0,0,
25.754714,-100.155944,0,0,0,
25.754714,-100.154947,0,0,0,
25.754714,-100.15395,0,0,0,
25.754714,-100.152953,0,0,0,
25.754714,-100.134011,1,1,0,
25.754714,-100.133014,1,1,0,
25.754714,-100.132017,1,1,0,
25.754714,-100.13102,1,1,0,
25.754714,-100.102109,1,1,0,
25.754714,-100.101112,1,1,0,
25.754714,-100.100115,1,1,0,
25.754714,-100.099119,1,1,0,
25.755619,-100.478949,2,2,0,
25.755619,-100.477952,2,2,0,
25.755619,-100.476955,2,2,0,
25.755619,-100.475958,2,2,0,
25.755619,-100.474961,2,2,0,
25.755619,-100.406173,1,1,0,
25.755619,-100.405176,3,3,0,
25.755619,-100.404179,3,3,0,
25.755619,-100.403182,3,3,0,
25.755619,-100.402185,3,3,0,
25.755619,-100.401188,3,3,0,
25.755619,-100.395207,1,1,0,
25.755619,-100.39421,1,1,0,
25.755619,-100.393213,1,1,0,
25.755619,-100.392216,1,1,0,
25.755619,-100.391219,1,1,0,
25.755619,-100.390222,1,1,0,
25.755619,-100.389225,0,0,0,19039_0666
25.755619,-100.388228,0,0,0,19039_0666
25.755619,-100.387231,0,0,0,19039_0300
25.755619,-100.386234,0,0,0,19039_0300
25.755619,-100.385238,0,0,0,19039_0300
25.755619,-100.384241,0,0,0,19039_0300
25.755619,-100.383244,0,0,0,19039_0300
25.755619,-100.382247,0,0,0,19039_0297
25.755619,-100.38125,0,0,0,19039_0297
25.755619,-100.380253,0,0,0,19039_0666
25.755619,-100.379256,0,0,0,19039_0666
25.755619,-100.378259,0,0,0,19039_0666
25.755619,-100.377262,0,0,0,19039_0666
25.755619,-100.376265,0,0,0,19039_0666
25.755619,-100.375268,0,0,0,19039_0666
25.755619,-100.374271,0,0,0,19039_0666
25.755619,-100.373274,0,0,0,
25.755619,-100.372277,0,0,0,19039_0666
25.755619,-100.371281,0,0,0,19039_0666
25.755619,-100.370284,0,0,0,19039_0666
25.755619,-100.369287,0,0,0,19039_0666
25.755619,-100.36829,0,0,0,
25.755619,-100.367293,0,0,0,
25.755619,-100.366296,0,0,0,
25.755619,-100.365299,0,0,0,19039_0684
25.755619,-100.364302,0,0,0,19039_0684
25.755619,-100.363305,0,0,0,19039_0684
25.755619,-100.362308,0,0,0,19039_0684
25.755619,-100.361311,0,0,0,19039_0684
25.755619,-100.360314,0,0,0,19039_0684
25.755619,-100.359317,0,0,0,19039_0684
25.755619,-100.35832,0,0,0,19039_0684
25.755619,-100.357324,0,0,0,19039_0684
25.755619,-100.356327,0,0,0,19039_0684
25.755619,-100.35533,0,0,0,
25.755619,-100.354333,0,0,0,
25.755619,-100.353336,0,0,0,
25.755619,-100.352339,0,0,0,
25.755619,-100.351342,0,0,0,
25.755619,-100.347354,0,0,0,
25.755619,-100.346357,0,0,0,
25.755619,-100.34536,0,0,0,
25.755619,-100.344363,0,0,0,
25.755619,-100.343366,0,0,0,
25.755619,-100.329409,0,0,0,
25.755619,-100.328413,0,0,0,
25.755619,-100.327416,0,0,0,
25.755619,-100.326419,0,0,0,19046_0081
25.755619,-100.325422,0,0,0,19046_0081
25.755619,-100.324425,0,0,0,19046_0081
25.755619,-100.323428,0,0,0,19046_0081
25.755619,-100.322431,0,0,0,19046_0081
25.755619,-100.321434,0,0,0,19046_0081
25.755619,-100.320437,0,0,0,19046_0081
25.755619,-100.31944,0,0,0,19046_0081
25.755619,-100.318443,0,0,0,19046_0081
25.755619,-100.317446,0,0,0,19046_0081
25.755619,-100.316449,0,0,0,
25.755619,-100.315452,0,0,0,
25.755619,-100.314455,0,0,0,
25.755619,-100.302492,1,1,0,
25.755619,-100.301495,1,1,0,
25.755619,-100.272584,1,1,0,
25.755619,-100.271587,1,1,0,
25.755619,-100.270591,1,1,0,
25.755619,-100.269594,1,1,0,
25.755619,-100.268597,1,1,0,
25.755619,-100.263612,0,0,0,
25.755619,-100.262615,0,0,0,
25.755619,-100.261618,0,0,0,
25.755619,-100.260621,0,0,0,19046_0300
25.755619,-100.259624,0,0,0,19046_0300
25.755619,-100.258627,0,0,0,19046_0300
25.755619,-100.25763,0,0,0,
25.755619,-100.256634,0,0,0,
25.755619,-100.255637,0,0,0,
25.755619,-100.25464,0,0,0,
25.755619,-100.253643,0,0,0,19046_0300
25.755619,-100.252646,0,0,0,19046_0300
25.755619,-100.251649,0,0,0,19046_0300
25.755619,-100.250652,0,0,0,19046_0300
25.755619,-100.249655,0,0,0,
25.755619,-100.248658,0,0,0,
25.755619,-100.247661,0,0,0,
25.755619,-100.172891,0,0,0,
25.755619,-100.171894,0,0,0,
25.755619,-100.170897,0,0,0,
25.755619,-100.169901,0,0,0,19006_0406
25.755619,-100.168904,0,0,0,19006_0407
25.755619,-100.167907,0,0,0,19006_0407
25.755619,-100.16691,0,0,0,19006_0407
25.755619,-100.165913,1,1,0,19006_0407
25.755619,-100.164916,1,1,0,19006_0407
25.755619,-100.163919,1,1,0,19006_0407
25.755619,-100.162922,1,1,0,19006_0407
25.755619,-100.161925,2,2,0,19006_0407
25.755619,-100.160928,2,2,0,19006_0407
25.755619,-100.159931,1,1,0,19006_0407
25.755619,-100.158934,1,1,0,
25.755619,-100.157937,0,0,0,
25.755619,-100.15694,0,0,0,
25.755619,-100.155944,0,0,0,
25.755619,-100.154947,0,0,0,
25.755619,-100.15395,0,0,0,
25.755619,-100.152953,0,0,0,
25.755619,-100.135008,1,1,0,
25.755619,-100.134011,1,1,0,
25.755619,-100.133014,1,1,0,
25.755619,-100.132017,1,1,0,
25.755619,-100.13102,1,1,0,
25.755619,-100.130023,1,1,0,
25.756523,-100.479946,1,1,0,
25.756523,-100.478949,2,2,0,
25.756523,-100.477952,2,2,0,
25.756523,-100.476955,2,2,0,
25.756523,-100.475958,2,2,0,
25.756523,-100.474961,2,2,0,
25.756523,-100.406173,1,1,0,
25.756523,-100.405176,2,2,0,
25.756523,-100.404179,3,3,0,
25.756523,-100.403182,3,3,0,
25.756523,-100.402185,3,3,0,
25.756523,-100.401188,1,1,0,
25.756523,-100.396204,0,0,0,
25.756523,-100.395207,1,1,0,
25.756523,-100.39421,1,1,0,
25.756523,-100.393213,1,1,0,
25.756523,-100.392216,1,1,0,
25.756523,-100.391219,1,1,0,19039_0666
25.756523,-100.390222,1,1,0,19039_0666
25.756523,-100.389225,0,0,0,19039_0666
25.756523,-100.388228,0,0,0,19039_0666
25.756523,-100.387231,0,0,0,19039_0666
25.756523,-100.386234,0,0,0,19039_0300
25.756523,-100.385238,0,0,0,19039_0300
25.756523,-100.384241,0,0,0,19039_0300
25.756523,-100.383244,0,0,0,
25.756523,-100.382247,0,0,0,19039_0297
25.756523,-100.38125,0,0,0,19039_0297
25.756523,-100.380253,0,0,0,19039_0666
25.756523,-100.379256,0,0,0,19039_0666
25.756523,-100.378259,0,0,0,19039_0666
25.756523,-100.377262,0,0,0,19039_0666
25.756523,-100.376265,0,0,0,19039_0666
25.756523,-100.375268,0,0,0,
25.756523,-100.374271,0,0,0,
25.756523,-100.373274,0,0,0,
25.756523,-100.372277,0,0,0,
25.756523,-100.371281,0,0,0,19039_0666
25.756523,-100.370284,0,0,0,19039_0666
25.756523,-100.369287,0,0,0,19039_0666
25.756523,-100.36829,0,0,0,19039_0666
25.756523,-100.367293,0,0,0,19039_0666
25.756523,-100.366296,0,0,0,
25.756523,-100.365299,0,0,0,19039_0684
25.756523,-100.364302,0,0,0,19039_0684
25.756523,-100.363305,0,0,0,19039_0684
25.756523,-100.362308,0,0,0,19039_0684
25.756523,-100.361311,0,0,0,19039_0684
25.756523,-100.360314,0,0,0,19039_0684
25.756523,-100.359317,0,0,0,19039_0684
25.756523,-100.35832,0,0,0,19039_0684
25.756523,-100.357324,0,0,0,19039_0684
25.756523,-100.356327,0,0,0,19039_0284
25.756523,-100.35533,0,0,0,
25.756523,-100.354333,0,0,0,
25.756523,-100.353336,0,0,0,
25.756523,-100.352339,0,0,0,
25.756523,-100.351342,0,0,0,
25.756523,-100.350345,0,0,0,
25.756523,-100.330406,0,0,0,
25.756523,-100.329409,0,0,0,
25.756523,-100.328413,0,0,0,
25.756523,-100.327416,0,0,0,19046_0081
25.756523,-100.326419,0,0,0,19046_0081
25.756523,-100.325422,0,0,0,19046_0081
25.756523,-100.324425,0,0,0,19046_0081
25.756523,-100.323428,0,0,0,19046_0081
25.756523,-100.322431,0,0,0,19046_0081
25.756523,-100.321434,0,0,0,19046_0081
25.756523,-100.320437,0,0,0,19046_0081
25.756523,-100.31944,0,0,0,19046_0081
25.756523,-100.318443,0,0,0,19046_0081
25.756523,-100.317446,0,0,0,19046_0081
25.756523,-100.316449,0,0,0,
25.756523,-100.315452,0,0,0,
25.756523,-100.314455,0,0,0,
25.756523,-100.273581,1,1,0,
25.756523,-100.272584,2,2,0,
25.756523,-100.271587,2,2,0,
25.756523,-100.270591,2,2,0,
25.756523,-100.269594,2,2,0,
25.756523,-100.268597,1,1,0,
25.756523,-100.263612,0,0,0,
25.756523,-100.262615,0,0,0,
25.756523,-100.261618,0,0,0,
25.756523,-100.260621,0,0,0,19046_0300
25.756523,-100.259624,0,0,0,19046_0300
25.756523,-100.258627,0,0,0,19046_0300
25.756523,-100.25763,0,0,0,19046_0300
25.756523,-100.256634,0,0,0,19046_0300
25.756523,-100.255637,0,0,0,19046_0300
25.756523,-100.25464,0,0,0,19046_0300
25.756523,-100.253643,0,0,0,19046_0300
25.756523,-100.252646,0,0,0,19046_0300
25.756523,-100.251649,0,0,0,19046_0300
25.756523,-100.250652,0,0,0,
25.756523,-100.249655,0,0,0,
25.756523,-100.248658,0,0,0,
25.756523,-100.247661,0,0,0,
25.756523,-100.173888,0,0,0,
25.756523,-100.172891,0,0,0,
25.756523,-100.171894,0,0,0,
25.756523,-100.170897,0,0,0,
25.756523,-100.169901,0,0,0,19006_0407
25.756523,-100.168904,0,0,0,19006_0407
25.756523,-100.167907,0,0,0,19006_0407
25.756523,-100.16691,0,0,0,19006_0407
25.756523,-100.165913,1,1,0,19006_0407
25.756523,-100.164916,1,1,0,19006_0407
25.756523,-100.163919,1,1,0,19006_0407
25.756523,-100.162922,1,1,0,19006_0407
25.756523,-100.161925,1,1,0,19006_0407
25.756523,-100.160928,0,0,0,19006_0407
25.756523,-100.159931,0,0,0,19006_0407
25.756523,-100.158934,0,0,0,19006_0404
25.756523,-100.157937,0,0,0,19006_0404
25.756523,-100.15694,0,0,0,19006_0404
25.756523,-100.155944,0,0,0,19006_0404
25.756523,-100.154947,0,0,0,
25.756523,-100.15395,0,0,0,
25.756523,-100.152953,0,0,0,
25.756523,-100.151956,0,0,0,
25.756523,-100.135008,1,1,0,
25.756523,-100.134011,1,1,0,
25.756523,-100.133014,1,1,0,
25.756523,-100.132017,1,1,0,
25.756523,-100.13102,1,1,0,
25.756523,-100.130023,1,1,0,
25.757428,-100.479946,2,2,0,
25.757428,-100.478949,2,2,0,
25.757428,-100.477952,2,2,0,
25.757428,-100.476955,2,2,0,
25.757428,-100.475958,2,2,0,
25.757428,-100.474961,2,2,0,
25.757428,-100.406173,1,1,0,
25.757428,-100.405176,1,1,0,
25.757428,-100.404179,1,1,0,
25.757428,-100.403182,1,1,0,
25.757428,-100.402185,1,1,0,
25.757428,-100.401188,1,1,0,
25.757428,-100.396204,0,0,0,
25.757428,-100.395207,1,1,0,
25.757428,-100.39421,1,1,0,
25.757428,-100.393213,1,1,0,
25.757428,-100.392216,1,1,0,19039_0666
25.757428,-100.391219,1,1,0,19039_0666
25.757428,-100.390222,1,1,0,19039_0666
25.757428,-100.389225,0,0,0,19039_0666
25.757428,-100.388228,0,0,0,19039_0666
25.757428,-100.387231,0,0,0,19039_0666
25.757428,-100.386234,0,0,0,19039_0300
25.757428,-100.385238,0,0,0,
25.757428,-100.384241,0,0,0,
25.757428,-100.383244,0,0,0,
25.757428,-100.382247,0,0,0,19039_0297
25.757428,-100.38125,0,0,0,19039_0666
25.757428,-100.380253,0,0,0,19039_0666
25.757428,-100.379256,0,0,0,19039_0666
25.757428,-100.378259,0,0,0,19039_0666
25.757428,-100.377262,0,0,0,19039_0666
25.757428,-100.376265,0,0,0,
25.757428,-100.375268,0,0,0,
25.757428,-100.374271,0,0,0,
25.757428,-100.373274,0,0,0,
25.757428,-100.372277,0,0,0,
25.757428,-100.371281,0,0,0,
25.757428,-100.370284,0,0,0,19039_0666
25.757428,-100.369287,0,0,0,19039_0666
25.757428,-100.36829,0,0,0,19039_0666
25.757428,-100.367293,0,0,0,
25.757428,-100.366296,0,0,0,
25.757428,-100.365299,0,0,0,19039_0684
25.757428,-100.364302,0,0,0,19039_0684
25.757428,-100.363305,0,0,0,19039_0684
25.757428,-100.362308,0,0,0,19039_0684
25.757428,-100.361311,0,0,0,
25.757428,-100.360314,0,0,0,19039_0684
25.757428,-100.359317,0,0,0,19039_0684
25.757428,-100.35832,0,0,0,19039_0684
25.757428,-100.357324,0,0,0,19039_0284
25.757428,-100.356327,0,0,0,19039_0284
25.757428,-100.35533,0,0,0,
25.757428,-100.354333,0,0,0,
25.757428,-100.353336,0,0,0,
25.757428,-100.352339,0,0,0,
25.757428,-100.351342,0,0,0,
25.757428,-100.350345,0,0,0,
25.757428,-100.349348,0,0,0,
25.757428,-100.330406,0,0,0,
25.757428,-100.329409,0,0,0,
25.757428,-100.328413,0,0,0,
25.757428,-100.327416,0,0,0,19046_0081
25.757428,-100.326419,0,0,0,19046_0081
25.757428,-100.325422,0,0,0,19046_0081
25.757428,-100.324425,0,0,0,19046_0081
25.757428,-100.323428,0,0,0,19046_0081
25.757428,-100.322431,0,0,0,19046_0081
25.757428,-100.321434,0,0,0,19046_0081
25.757428,-100.320437,0,0,0,19046_0081
25.757428,-100.31944,0,0,0,19046_0081
25.757428,-100.318443,0,0,0,19046_0081
25.757428,-100.317446,0,0,0,19046_0081
25.757428,-100.316449,0,0,0,
25.757428,-100.315452,0,0,0,
25.757428,-100.314455,0,0,0,
25.757428,-100.273581,2,2,0,
25.757428,-100.272584,2,2,0,
25.757428,-100.271587,2,2,0,
25.757428,-100.270591,2,2,0,
25.757428,-100.269594,2,2,0,
25.757428,-100.268597,2,2,0,
25.757428,-100.264609,0,0,0,
25.757428,-100.263612,0,0,0,
25.757428,-100.262615,0,0,0,
25.757428,-100.261618,0,0,0,19046_0300
25.757428,-100.260621,0,0,0,19046_0300
25.757428,-100.259624,0,0,0,19046_0300
25.757428,-100.258627,0,0,0,19046_0300
25.757428,-100.25763,0,0,0,19046_0300
25.757428,-100.256634,0,0,0,19046_0300
25.757428,-100.255637,0,0,0,19046_0300
25.757428,-100.25464,0,0,0,19046_0300
25.757428,-100.253643,0,0,0,19046_0300
25.757428,-100.252646,0,0,0,19046_0300
25.757428,-100.251649,0,0,0,19046_0300
25.757428,-100.250652,0,0,0,
25.757428,-100.249655,0,0,0,
25.757428,-100.248658,0,0,0,
25.757428,-100.173888,0,0,0,
25.757428,-100.172891,0,0,0,
25.757428,-100.171894,0,0,0,
25.757428,-100.170897,0,0,0,19006_0406
25.757428,-100.169901,0,0,0,19006_0407
25.757428,-100.168904,0,0,0,19006_0407
25.757428,-100.167907,0,0,0,19006_0407
25.757428,-100.16691,0,0,0,19006_0407
25.757428,-100.165913,0,0,0,19006_0407
25.757428,-100.164916,1,1,0,19006_0407
25.757428,-100.163919,1,1,0,19006_0407
25.757428,-100.162922,1,1,0,19006_0407
25.757428,-100.161925,1,1,0,19006_0407
25.757428,-100.160928,0,0,0,19006_0407
25.757428,-100.159931,0,0,0,19006_0404
25.757428,-100.158934,0,0,0,19006_0404
25.757428,-100.157937,0,0,0,19006_0404
25.757428,-100.15694,0,0,0,19006_0404
25.757428,-100.155944,0,0,0,19006_0404
25.757428,-100.154947,0,0,0,
25.757428,-100.15395,0,0,0,
25.757428,-100.152953,0,0,0,
25.757428,-100.135008,1,1,0,
25.757428,-100.134011,1,1,0,
25.757428,-100.133014,1,1,0,
25.757428,-100.132017,1,1,0,
25.757428,-100.13102,1,1,0,
25.757428,-100.130023,1,1,0,
25.758332,-100.479946,1,1,0,
25.758332,-100.478949,2,2,0,
25.758332,-100.477952,2,2,0,
25.758332,-100.476955,2,2,0,
25.758332,-100.475958,2,2,0,
25.758332,-100.474961,2,2,0,
25.758332,-100.406173,1,1,0,
25.758332,-100.405176,1,1,0,
25.758332,-100.404179,1,1,0,
25.758332,-100.403182,1,1,0,
25.758332,-100.402185,1,1,0,
25.758332,-100.401188,1,1,0,
25.758332,-100.397201,0,0,0,
25.758332,-100.396204,0,0,0,
25.758332,-100.395207,0,0,0,
25.758332,-100.39421,1,1,0,
25.758332,-100.393213,1,1,0,19039_0666
25.758332,-100.392216,1,1,0,19039_0666
25.758332,-100.391219,1,1,0,19039_0666
25.758332,-100.390222,1,1,0,19039_0666
25.758332,-100.389225,0,0,0,19039_0666
25.758332,-100.388228,0,0,0,19039_0666
25.758332,-100.387231,0,0,0,19039_0666
25.758332,-100.386234,0,0,0,19039_0288
25.758332,-100.385238,0,0,0,19039_0288
25.758332,-100.384241,0,0,0,
25.758332,-100.383244,0,0,0,
25.758332,-100.382247,0,0,0,
25.758332,-100.38125,0,0,0,19039_0666
25.758332,-100.380253,0,0,0,19039_0666
25.758332,-100.379256,0,0,0,19039_0666
25.758332,-100.378259,0,0,0,19039_0666
25.758332,-100.377262,0,0,0,
25.758332,-100.376265,0,0,0,
25.758332,-100.375268,0,0,0,
25.758332,-100.374271,0,0,0,
25.758332,-100.373274,0,0,0,
25.758332,-100.372277,0,0,0,
25.758332,-100.371281,0,0,0,
25.758332,-100.370284,0,0,0,19039_0666
25.758332,-100.369287,0,0,0,19039_0666
25.758332,-100.36829,0,0,0,
25.758332,-100.367293,0,0,0,
25.758332,-100.366296,0,0,0,
25.758332,-100.365299,0,0,0,
25.758332,-100.364302,0,0,0,19039_0684
25.758332,-100.363305,0,0,0,19039_0684
25.758332,-100.362308,0,0,0,
25.758332,-100.361311,0,0,0,
25.758332,-100.360314,0,0,0,
25.758332,-100.359317,0,0,0,19039_0684
25.758332,-100.35832,0,0,0,19039_0284
25.758332,-100.357324,0,0,0,19039_0284
25.758332,-100.356327,0,0,0,19039_0284
25.758332,-100.35533,0,0,0,
25.758332,-100.354333,0,0,0,19039_0433
25.758332,-100.353336,0,0,0,19039_0433
25.758332,-100.352339,0,0,0,
25.758332,-100.351342,0,0,0,
25.758332,-100.350345,0,0,0,
25.758332,-100.349348,0,0,0,
25.758332,-100.348351,0,0,0,
25.758332,-100.330406,0,0,0,
25.758332,-100.329409,0,0,0,
25.758332,-100.328413,0,0,0,
25.758332,-100.327416,0,0,0,19046_0081
25.758332,-100.326419,0,0,0,19046_0081
25.758332,-100.325422,0,0,0,19046_0081
25.758332,-100.324425,0,0,0,19046_0081
25.758332,-100.323428,0,0,0,19046_0081
25.758332,-100.322431,0,0,0,19046_0081
25.758332,-100.321434,0,0,0,19046_0081
25.758332,-100.320437,0,0,0,19046_0081
25.758332,-100.31944,0,0,0,19046_0081
25.758332,-100.318443,0,0,0,19046_0081
25.758332,-100.317446,0,0,0,
25.758332,-100.316449,0,0,0,
25.758332,-100.315452,0,0,0,
25.758332,-100.273581,1,1,0,
25.758332,-100.272584,2,2,0,
25.758332,-100.271587,2,2,0,
25.758332,-100.270591,2,2,0,
25.758332,-100.269594,2,2,0,
25.758332,-100.268597,2,2,0,
25.758332,-100.264609,0,0,0,
25.758332,-100.263612,0,0,0,
25.758332,-100.262615,0,0,0,
25.758332,-100.261618,0,0,0,19046_0300
25.758332,-100.260621,0,0,0,19046_0300
25.758332,-100.259624,0,0,0,19046_0300
25.758332,-100.258627,0,0,0,19046_0300
25.758332,-100.25763,0,0,0,
25.758332,-100.256634,0,0,0,19046_0300
25.758332,-100.255637,0,0,0,19046_0300
25.758332,-100.25464,0,0,0,19046_0300
25.758332,-100.253643,0,0,0,19046_0300
25.758332,-100.252646,0,0,0,19046_0300
25.758332,-100.251649,0,0,0,19046_0300
25.758332,-100.250652,0,0,0,
25.758332,-100.249655,0,0,0,
25.758332,-100.248658,0,0,0,
25.758332,-100.242676,1,1,0,
25.758332,-100.24168,1,1,0,
25.758332,-100.240683,1,1,0,
25.758332,-100.239686,1,1,0,
25.758332,-100.238689,1,1,0,
25.758332,-100.174885,0,0,0,
25.758332,-100.173888,0,0,0,
25.758332,-100.172891,0,0,0,
25.758332,-100.171894,0,0,0,
25.758332,-100.170897,0,0,0,19006_0407
25.758332,-100.169901,0,0,0,19006_0407
25.758332,-100.168904,0,0,0,19006_0407
25.758332,-100.167907,0,0,0,19006_0407
25.758332,-100.16691,0,0,0,19006_0407
25.758332,-100.165913,0,0,0,19006_0407
25.758332,-100.164916,0,0,0,19006_0407
25.758332,-100.163919,0,0,0,19006_0407
25.758332,-100.162922,0,0,0,19006_0407
25.758332,-100.161925,0,0,0,19006_0407
25.758332,-100.160928,0,0,0,19006_0407
25.758332,-100.159931,0,0,0,19006_0405
25.758332,-100.158934,0,0,0,19006_0404
25.758332,-100.157937,0,0,0,19006_0404
25.758332,-100.15694,0,0,0,19006_0404
25.758332,-100.155944,0,0,0,19006_0404
25.758332,-100.154947,0,0,0,
25.758332,-100.15395,0,0,0,
25.758332,-100.152953,0,0,0,
25.758332,-100.135008,1,1,0,
25.758332,-100.134011,1,1,0,
25.758332,-100.133014,1,1,0,
25.758332,-100.132017,1,1,0,
25.758332,-100.13102,1,1,0,
25.758332,-100.130023,1,1,0,
25.759236,-100.478949,2,2,0,
25.759236,-100.477952,2,2,0,
25.759236,-100.476955,2,2,0,
25.759236,-100.475958,2,2,0,
25.759236,-100.474961,1,1,0,
25.759236,-100.405176,1,1,0,
25.759236,-100.404179,1,1,0,
25.759236,-100.403182,1,1,0,
25.759236,-100.402185,1,1,0,
25.759236,-100.396204,0,0,0,
25.759236,-100.395207,0,0,0,
25.759236,-100.39421,0,0,0,
25.759236,-100.393213,1,1,0,19039_0666
25.759236,-100.392216,1,1,0,19039_0666
25.759236,-100.391219,1,1,0,19039_0666
25.759236,-100.390222,0,0,0,19039_0666
25.759236,-100.389225,0,0,0,19039_0666
25.759236,-100.388228,0,0,0,19039_0288
25.759236,-100.387231,0,0,0,19039_0288
25.759236,-100.386234,0,0,0,19039_0288
25.759236,-100.385238,0,0,0,19039_0288
25.759236,-100.384241,0,0,0,19039_0288
25.759236,-100.383244,0,0,0,19039_0288
25.759236,-100.382247,0,0,0,19039_0288
25.759236,-100.38125,0,0,0,19039_0288
25.759236,-100.380253,0,0,0,19039_0666
25.759236,-100.379256,0,0,0,
25.759236,-100.378259,0,0,0,
25.759236,-100.377262,0,0,0,
25.759236,-100.376265,0,0,0,
25.759236,-100.375268,0,0,0,
25.759236,-100.374271,0,0,0,
25.759236,-100.373274,0,0,0,
25.759236,-100.372277,0,0,0,
25.759236,-100.371281,0,0,0,
25.759236,-100.370284,0,0,0,
25.759236,-100.369287,0,0,0,19039_0666
25.759236,-100.36829,0,0,0,
25.759236,-100.367293,0,0,0,
25.759236,-100.366296,0,0,0,
25.759236,-100.365299,0,0,0,
25.759236,-100.364302,0,0,0,
25.759236,-100.363305,0,0,0,
25.759236,-100.362308,0,0,0,
25.759236,-100.361311,0,0,0,
25.759236,-100.360314,0,0,0,
25.759236,-100.359317,0,0,0,19039_0284
25.759236,-100.35832,0,0,0,19039_0284
25.759236,-100.357324,0,0,0,19039_0284
25.759236,-100.356327,0,0,0,19039_0284
25.759236,-100.35533,0,0,0,19039_0433
25.759236,-100.354333,0,0,0,19039_0433
25.759236,-100.353336,0,0,0,19039_0433
25.759236,-100.352339,0,0,0,19039_0433
25.759236,-100.351342,0,0,0,19039_0433
25.759236,-100.350345,0,0,0,
25.759236,-100.349348,0,0,0,
25.759236,-100.348351,0,0,0,
25.759236,-100.330406,0,0,0,
25.759236,-100.329409,0,0,0,
25.759236,-100.328413,0,0,0,
25.759236,-100.327416,0,0,0,19046_0081
25.759236,-100.326419,0,0,0,19046_0081
25.759236,-100.325422,0,0,0,19046_0081
25.759236,-100.324425,0,0,0,19046_0081
25.759236,-100.323428,0,0,0,19046_0081
25.759236,-100.322431,0,0,0,19046_0081
25.759236,-100.321434,0,0,0,19046_0081
25.759236,-100.320437,0,0,0,19046_0081
25.759236,-100.31944,0,0,0,19046_0081
25.759236,-100.318443,0,0,0,19046_0081
25.759236,-100.317446,0,0,0,
25.759236,-100.316449,0,0,0,
25.759236,-100.315452,0,0,0,
25.759236,-100.273581,1,1,0,
25.759236,-100.272584,1,1,0,
25.759236,-100.271587,2,2,0,
25.759236,-100.270591,2,2,0,
25.759236,-100.269594,1,1,0,
25.759236,-100.268597,1,1,0,
25.759236,-100.264609,0,0,0,
25.759236,-100.263612,0,0,0,
25.759236,-100.262615,0,0,0,
25.759236,-100.261618,0,0,0,
25.759236,-100.260621,0,0,0,
25.759236,-100.259624,0,0,0,
25.759236,-100.258627,0,0,0,
25.759236,-100.25763,0,0,0,
25.759236,-100.256634,0,0,0,
25.759236,-100.255637,0,0,0,
25.759236,-100.25464,0,0,0,
25.759236,-100.253643,0,0,0,
25.759236,-100.252646,0,0,0,
25.759236,-100.251649,0,0,0,
25.759236,-100.250652,0,0,0,
25.759236,-100.249655,0,0,0,
25.759236,-100.248658,0,0,0,
25.759236,-100.242676,1,1,0,
25.759236,-100.24168,1,1,0,
25.759236,-100.240683,1,1,0,
25.759236,-100.239686,1,1,0,
25.759236,-100.238689,1,1,0,
25.759236,-100.174885,0,0,0,
25.759236,-100.173888,0,0,0,
25.759236,-100.172891,0,0,0,
25.759236,-100.171894,0,0,0,19006_0406
25.759236,-100.170897,0,0,0,19006_0406
25.759236,-100.169901,0,0,0,19006_0406
25.759236,-100.168904,0,0,0,19006_0406
25.759236,-100.167907,0,0,0,19006_0407
25.759236,-100.16691,0,0,0,19006_0407
25.759236,-100.165913,0,0,0,19006_0407
25.759236,-100.164916,0,0,0,19006_0407
25.759236,-100.163919,0,0,0,19006_0407
25.759236,-100.162922,0,0,0,19006_0407
25.759236,-100.161925,0,0,0,19006_0407
25.759236,-100.160928,0,0,0,19006_0405
25.759236,-100.159931,0,0,0,19006_0405
25.759236,-100.158934,0,0,0,19006_0404
25.759236,-100.157937,0,0,0,19006_0404
25.759236,-100.15694,0,0,0,19006_0404
25.759236,-100.155944,0,0,0,19006_0404
25.759236,-100.154947,0,0,0,
25.759236,-100.15395,0,0,0,
25.759236,-100.152953,0,0,0,
25.759236,-100.134011,1,1,0,
25.759236,-100.133014,1,1,0,
25.759236,-100.132017,1,1,0,
25.759236,-100.13102,1,1,0,
25.760141,-100.477952,1,1,0,
25.760141,-100.476955,1,1,0,
25.760141,-100.396204,0,0,0,
25.760141,-100.395207,0,0,0,
25.760141,-100.39421,0,0,0,
25.760141,-100.393213,0,0,0,
25.760141,-100.392216,0,0,0,19039_0666
25.760141,-100.391219,0,0,0,19039_0666
25.760141,-100.390222,0,0,0,19039_0666
25.760141,-100.389225,0,0,0,19039_0288
25.760141,-100.388228,0,0,0,19039_0288
25.760141,-100.387231,1,1,0,19039_0288
25.760141,-100.386234,1,1,0,19039_0288
25.760141,-100.385238,1,1,0,19039_0288
25.760141,-100.384241,0,0,0,19039_0288
25.760141,-100.383244,0,0,0,19039_0288
25.760141,-100.382247,0,0,0,19039_0288
25.760141,-100.38125,0,0,0,19039_0288
25.760141,-100.380253,0,0,0,
25.760141,-100.379256,0,0,0,
25.760141,-100.378259,0,0,0,
25.760141,-100.377262,0,0,0,
25.760141,-100.376265,0,0,0,
25.760141,-100.373274,0,0,0,
25.760141,-100.372277,0,0,0,
25.760141,-100.371281,0,0,0,
25.760141,-100.370284,0,0,0,
25.760141,-100.369287,0,0,0,
25.760141,-100.36829,0,0,0,
25.760141,-100.367293,0,0,0,
25.760141,-100.366296,1,1,0,
25.760141,-100.365299,1,1,0,
25.760141,-100.364302,0,0,0,
25.760141,-100.363305,0,0,0,
25.760141,-100.362308,0,0,0,
25.760141,-100.361311,0,0,0,
25.760141,-100.360314,0,0,0,19039_0284
25.760141,-100.359317,0,0,0,19039_0284
25.760141,-100.35832,0,0,0,19039_0284
25.760141,-100.357324,0,0,0,19039_0284
25.760141,-100.356327,0,0,0,19039_0433
25.760141,-100.35533,0,0,0,19039_0433
25.760141,-100.354333,0,0,0,19039_0433
25.760141,-100.353336,0,0,0,19039_0433
25.760141,-100.352339,0,0,0,19039_0433
25.760141,-100.351342,0,0,0,19039_0433
25.760141,-100.350345,0,0,0,
25.760141,-100.349348,0,0,0,
25.760141,-100.348351,0,0,0,
25.760141,-100.330406,0,0,0,
25.760141,-100.329409,0,0,0,
25.760141,-100.328413,0,0,0,
25.760141,-100.327416,0,0,0,19046_0081
25.760141,-100.326419,0,0,0,19046_0081
25.760141,-100.325422,0,0,0,19046_0081
25.760141,-100.324425,0,0,0,19046_0081
25.760141,-100.323428,0,0,0,19046_0081
25.760141,-100.322431,0,0,0,19046_0081
25.760141,-100.321434,0,0,0,19046_0081
25.760141,-100.320437,0,0,0,19046_0081
25.760141,-100.31944,0,0,0,19046_0081
25.760141,-100.318443,0,0,0,19046_0081
25.760141,-100.317446,0,0,0,
25.760141,-100.316449,0,0,0,
25.760141,-100.315452,0,0,0,
25.760141,-100.301495,1,1,0,
25.760141,-100.300498,1,1,0,
25.760141,-100.299502,1,1,0,
25.760141,-100.273581,1,1,0,
25.760141,-100.272584,1,1,0,
25.760141,-100.271587,1,1,0,
25.760141,-100.270591,1,1,0,
25.760141,-100.269594,1,1,0,
25.760141,-100.263612,0,0,0,
25.760141,-100.262615,0,0,0,
25.760141,-100.261618,0,0,0,
25.760141,-100.260621,0,0,0,
25.760141,-100.259624,0,0,0,
25.760141,-100.258627,0,0,0,
25.760141,-100.25763,0,0,0,
25.760141,-100.256634,0,0,0,
25.760141,-100.255637,0,0,0,
25.760141,-100.25464,0,0,0,
25.760141,-100.253643,0,0,0,
25.760141,-100.252646,0,0,0,
25.760141,-100.251649,0,0,0,
25.760141,-100.250652,0,0,0,
25.760141,-100.249655,0,0,0,
25.760141,-100.243673,1,1,0,
25.760141,-100.242676,1,1,0,
25.760141,-100.24168,1,1,0,
25.760141,-100.240683,1,1,0,
25.760141,-100.239686,1,1,0,
25.760141,-100.238689,1,1,0,
25.760141,-100.174885,0,0,0,
25.760141,-100.173888,0,0,0,
25.760141,-100.172891,0,0,0,
25.760141,-100.171894,0,0,0,19006_0406
25.760141,-100.170897,0,0,0,19006_0406
25.760141,-100.169901,0,0,0,19006_0406
25.760141,-100.168904,0,0,0,19006_0406
25.760141,-100.167907,0,0,0,19006_0406
25.760141,-100.16691,0,0,0,19006_0403
25.760141,-100.165913,0,0,0,19006_0403
25.760141,-100.164916,0,0,0,19006_0403
25.760141,-100.163919,0,0,0,19006_0407
25.760141,-100.162922,0,0,0,19006_0407
25.760141,-100.161925,0,0,0,19006_0405
25.760141,-100.160928,0,0,0,19006_0405
25.760141,-100.159931,0,0,0,19006_0405
25.760141,-100.158934,0,0,0,19006_0405
25.760141,-100.157937,0,0,0,19006_0404
25.760141,-100.15694,0,0,0,19006_0404
25.760141,-100.155944,0,0,0,19006_0404
25.760141,-100.154947,0,0,0,
25.760141,-100.15395,0,0,0,
25.760141,-100.152953,0,0,0,
25.761045,-100.395207,0,0,0,
25.761045,-100.39421,0,0,0,
25.761045,-100.393213,0,0,0,
25.761045,-100.392216,0,0,0,
25.761045,-100.391219,0,0,0,19039_0287
25.761045,-100.390222,0,0,0,19039_0287
25.761045,-100.389225,0,0,0,19039_0287
25.761045,-100.388228,1,1,0,19039_0288
25.761045,-100.387231,1,1,0,19039_0287
25.761045,-100.386234,1,1,0,19039_0287
25.761045,-100.385238,1,1,0,19039_0287
25.761045,-100.384241,1,1,0,19039_0288
25.761045,-100.383244,0,0,0,19039_0288
25.761045,-100.382247,0,0,0,19039_0288
25.761045,-100.38125,0,0,0,
25.761045,-100.380253,0,0,0,
25.761045,-100.379256,0,0,0,
25.761045,-100.378259,0,0,0,
25.761045,-100.377262,0,0,0,
25.761045,-100.374271,0,0,0,
25.761045,-100.373274,0,0,0,
25.761045,-100.372277,0,0,0,
25.761045,-100.371281,0,0,0,
25.761045,-100.370284,0,0,0,
25.761045,-100.369287,0,0,0,
25.761045,-100.36829,0,0,0,
25.761045,-100.367293,1,1,0,
25.761045,-100.366296,1,1,0,
25.761045,-100.365299,1,1,0,
25.761045,-100.364302,1,1,0,
25.761045,-100.363305,1,1,0,
25.761045,-100.362308,0,0,0,
25.761045,-100.361311,0,0,0,19039_0284
25.761045,-100.360314,0,0,0,19039_0284
25.761045,-100.359317,0,0,0,19039_0284
25.761045,-100.35832,0,0,0,19039_0284
25.761045,-100.357324,0,0,0,19039_0433
25.761045,-100.356327,0,0,0,19039_0433
25.761045,-100.35533,0,0,0,19039_0433
25.761045,-100.354333,0,0,0,19039_0433
25.761045,-100.353336,0,0,0,19039_0433
25.761045,-100.352339,0,0,0,19039_0433
25.761045,-100.351342,0,0,0,
25.761045,-100.350345,0,0,0,
25.761045,-100.349348,0,0,0,
25.761045,-100.348351,0,0,0,
25.761045,-100.331403,0,0,0,
25.761045,-100.330406,0,0,0,
25.761045,-100.329409,0,0,0,
25.761045,-100.328413,0,0,0,
25.761045,-100.327416,0,0,0,19046_0081
25.761045,-100.326419,0,0,0,19046_0081
25.761045,-100.325422,0,0,0,19046_0081
25.761045,-100.324425,0,0,0,19046_0081
25.761045,-100.323428,0,0,0,19046_0081
25.761045,-100.322431,0,0,0,19046_0081
25.761045,-100.321434,0,0,0,19046_0081
25.761045,-100.320437,0,0,0,19046_0081
25.761045,-100.31944,0,0,0,19046_0081
25.761045,-100.318443,0,0,0,
25.761045,-100.317446,0,0,0,
25.761045,-100.316449,0,0,0,
25.761045,-100.315452,0,0,0,
25.761045,-100.302492,1,1,0,
25.761045,-100.301495,1,1,0,
25.761045,-100.300498,1,1,0,
25.761045,-100.299502,2,2,0,
25.761045,-100.298505,2,2,0,
25.761045,-100.297508,1,1,0,
25.761045,-100.296511,1,1,0,
25.761045,-100.275575,1,1,0,
25.761045,-100.274578,1,1,0,
25.761045,-100.273581,1,1,0,
25.761045,-100.272584,1,1,0,
25.761045,-100.271587,1,1,0,
25.761045,-100.261618,0,0,0,
25.761045,-100.260621,0,0,0,
25.761045,-100.259624,0,0,0,
25.761045,-100.258627,0,0,0,
25.761045,-100.25763,0,0,0,
25.761045,-100.256634,0,0,0,
25.761045,-100.255637,0,0,0,
25.761045,-100.25464,0,0,0,
25.761045,-100.253643,0,0,0,
25.761045,-100.252646,0,0,0,
25.761045,-100.251649,0,0,0,
25.761045,-100.250652,0,0,0,
25.761045,-100.242676,1,1,0,
25.761045,-100.24168,1,1,0,
25.761045,-100.240683,1,1,0,
25.761045,-100.239686,1,1,0,
25.761045,-100.238689,1,1,0,
25.761045,-100.175882,0,0,0,
25.761045,-100.174885,0,0,0,
25.761045,-100.173888,0,0,0,
25.761045,-100.172891,0,0,0,19006_0406
25.761045,-100.171894,0,0,0,19006_0406
25.761045,-100.170897,0,0,0,19006_0406
25.761045,-100.169901,0,0,0,19006_0406
25.761045,-100.168904,0,0,0,19006_0406
25.761045,-100.167907,0,0,0,19006_0406
25.761045,-100.16691,0,0,0,19006_0403
25.761045,-100.165913,0,0,0,19006_0403
25.761045,-100.164916,0,0,0,19006_0403
25.761045,-100.163919,0,0,0,19006_0405
25.761045,-100.162922,0,0,0,19006_0405
25.761045,-100.161925,0,0,0,19006_0405
25.761045,-100.160928,0,0,0,19006_0405
25.761045,-100.159931,0,0,0,19006_0405
25.761045,-100.158934,0,0,0,19006_0405
25.761045,-100.157937,0,0,0,19006_0405
25.761045,-100.15694,0,0,0,19006_0405
25.761045,-100.155944,0,0,0,19006_0405
25.761045,-100.154947,0,0,0,
25.761045,-100.15395,0,0,0,
25.761045,-100.152953,0,0,0,
25.761045,-100.151956,0,0,0,
25.761045,-100.150959,0,0,0,
25.761045,-100.149962,0,0,0,
25.761949,-100.39421,0,0,0,
25.761949,-100.393213,0,0,0,
25.761949,-100.392216,0,0,0,
25.761949,-100.391219,0,0,0,
25.761949,-100.390222,0,0,0,19039_0287
25.761949,-100.389225,1,1,0,19039_0287
25.761949,-100.388228,1,1,0,19039_0287
25.761949,-100.387231,1,1,0,19039_0287
25.761949,-100.386234,1,1,0,19039_0287
25.761949,-100.385238,1,1,0,19039_0287
25.761949,-100.384241,1,1,0,19039_0287
25.761949,-100.383244,0,0,0,19039_0293
25.761949,-100.382247,0,0,0,19039_0293
25.761949,-100.38125,0,0,0,19039_0293
25.761949,-100.380253,0,0,0,
25.761949,-100.379256,0,0,0,
25.761949,-100.378259,0,0,0,
25.761949,-100.377262,0,0,0,
25.761949,-100.376265,0,0,0,
25.761949,-100.375268,0,0,0,
25.761949,-100.374271,0,0,0,
25.761949,-100.373274,0,0,0,
25.761949,-100.372277,0,0,0,
25.761949,-100.371281,0,0,0,
25.761949,-100.370284,0,0,0,
25.761949,-100.369287,0,0,0,
25.761949,-100.36829,1,1,0,
25.761949,-100.367293,1,1,0,
25.761949,-100.366296,1,1,0,
25.761949,-100.365299,1,1,0,
25.761949,-100.364302,1,1,0,
25.761949,-100.363305,1,1,0,19039_0284
25.761949,-100.362308,0,0,0,19039_0284
25.761949,-100.361311,0,0,0,19039_0284
25.761949,-100.360314,0,0,0,19039_0284
25.761949,-100.359317,0,0,0,19039_0284
25.761949,-100.35832,0,0,0,19039_0626
25.761949,-100.357324,0,0,0,19039_0433
25.761949,-100.356327,0,0,0,19039_0433
25.761949,-100.35533,0,0,0,19039_0433
25.761949,-100.354333,0,0,0,19039_0433
25.761949,-100.353336,0,0,0,19039_0433
25.761949,-100.352339,0,0,0,
25.761949,-100.351342,0,0,0,
25.761949,-100.350345,0,0,0,
25.761949,-100.349348,0,0,0,
25.761949,-100.331403,0,0,0,
25.761949,-100.330406,0,0,0,
25.761949,-100.329409,0,0,0,
25.761949,-100.328413,0,0,0,19046_0081
25.761949,-100.327416,0,0,0,19046_0081
25.761949,-100.326419,0,0,0,19046_0081
25.761949,-100.325422,0,0,0,19046_0081
25.761949,-100.324425,0,0,0,19046_0081
25.761949,-100.323428,0,0,0,19046_0081
25.761949,-100.322431,0,0,0,19046_0081
25.761949,-100.321434,0,0,0,19046_0081
25.761949,-100.320437,0,0,0,19046_0081
25.761949,-100.31944,0,0,0,19046_0081
25.761949,-100.318443,1,1,0,
25.761949,-100.317446,1,1,0,
25.761949,-100.316449,1,1,0,
25.761949,-100.303489,1,1,0,
25.761949,-100.302492,1,1,0,
25.761949,-100.301495,1,1,0,
25.761949,-100.300498,2,2,0,
25.761949,-100.299502,2,2,0,
25.761949,-100.298505,2,2,0,
25.761949,-100.297508,1,1,0,
25.761949,-100.296511,1,1,0,
25.761949,-100.295514,1,1,0,
25.761949,-100.286541,1,1,0,
25.761949,-100.285545,1,1,0,
25.761949,-100.284548,1,1,0,
25.761949,-100.275575,1,1,0,
25.761949,-100.274578,1,1,0,
25.761949,-100.273581,1,1,0,
25.761949,-100.272584,2,2,0,
25.761949,-100.271587,1,1,0,
25.761949,-100.266603,1,1,0,
25.761949,-100.265606,1,1,0,
25.761949,-100.264609,1,1,0,
25.761949,-100.242676,1,1,0,
25.761949,-100.24168,1,1,0,
25.761949,-100.240683,1,1,0,
25.761949,-100.239686,1,1,0,
25.761949,-100.238689,1,1,0,
25.761949,-100.175882,0,0,0,
25.761949,-100.174885,0,0,0,
25.761949,-100.173888,0,0,0,
25.761949,-100.172891,0,0,0,19006_0406
25.761949,-100.171894,0,0,0,19006_0406
25.761949,-100.170897,0,0,0,19006_0406
25.761949,-100.169901,0,0,0,19006_0406
25.761949,-100.168904,0,0,0,19006_0406
25.761949,-100.167907,0,0,0,19006_0406
25.761949,-100.16691,0,0,0,19006_0403
25.761949,-100.165913,0,0,0,19006_0403
25.761949,-100.164916,0,0,0,19006_0403
25.761949,-100.163919,0,0,0,19006_0405
25.761949,-100.162922,0,0,0,19006_0405
25.761949,-100.161925,0,0,0,19006_0405
25.761949,-100.160928,0,0,0,19006_0405
25.761949,-100.159931,0,0,0,19006_0405
25.761949,-100.158934,0,0,0,19006_0405
25.761949,-100.157937,0,0,0,19006_0405
25.761949,-100.15694,0,0,0,19006_0405
25.761949,-100.155944,0,0,0,19006_0405
25.761949,-100.154947,0,0,0,
25.761949,-100.15395,0,0,0,
25.761949,-100.152953,0,0,0,
25.761949,-100.151956,0,0,0,
25.761949,-100.150959,0,0,0,
25.761949,-100.149962,0,0,0,
25.761949,-100.148965,0,0,0,
25.762854,-100.393213,0,0,0,
25.762854,-100.392216,0,0,0,
25.762854,-100.391219,0,0,0,
25.762854,-100.390222,0,0,0,
25.762854,-100.389225,1,1,0,19039_0287
25.762854,-100.388228,1,1,0,19039_0287
25.762854,-100.387231,1,1,0,19039_0287
25.762854,-100.386234,1,1,0,19039_0287
25.762854,-100.385238,1,1,0,19039_0287
25.762854,-100.384241,1,1,0,19039_0293
25.762854,-100.383244,0,0,0,19039_0293
25.762854,-100.382247,0,0,0,19039_0293
25.762854,-100.38125,0,0,0,19039_0293
25.762854,-100.380253,0,0,0,19039_0293
25.762854,-100.379256,0,0,0,
25.762854,-100.378259,0,0,0,
25.762854,-100.377262,0,0,0,
25.762854,-100.376265,0,0,0,
25.762854,-100.375268,0,0,0,
25.762854,-100.374271,0,0,0,
25.762854,-100.373274,0,0,0,
25.762854,-100.372277,0,0,0,19039_0289
25.762854,-100.371281,0,0,0,
25.762854,-100.370284,0,0,0,
25.762854,-100.369287,0,0,0,
25.762854,-100.36829,1,1,0,
25.762854,-100.367293,1,1,0,
25.762854,-100.366296,1,1,0,
25.762854,-100.365299,1,1,0,
25.762854,-100.364302,1,1,0,19039_0284
25.762854,-100.363305,1,1,0,19039_0284
25.762854,-100.362308,0,0,0,19039_0284
25.762854,-100.361311,0,0,0,19039_0284
25.762854,-100.360314,0,0,0,19039_0284
25.762854,-100.359317,0,0,0,19039_0626
25.762854,-100.35832,0,0,0,19039_0626
25.762854,-100.357324,0,0,0,19039_0626
25.762854,-100.356327,0,0,0,19039_0433
25.762854,-100.35533,0,0,0,19039_0433
25.762854,-100.354333,0,0,0,19039_0433
25.762854,-100.353336,0,0,0,
25.762854,-100.352339,0,0,0,
25.762854,-100.351342,0,0,0,
25.762854,-100.350345,0,0,0,
25.762854,-100.331403,0,0,0,
25.762854,-100.330406,0,0,0,
25.762854,-100.329409,0,0,0,
25.762854,-100.328413,0,0,0,
25.762854,-100.327416,0,0,0,
25.762854,-100.326419,0,0,0,
25.762854,-100.325422,0,0,0,
25.762854,-100.324425,0,0,0,
25.762854,-100.323428,0,0,0,19046_0081
25.762854,-100.322431,0,0,0,19046_0081
25.762854,-100.321434,0,0,0,19046_0081
25.762854,-100.320437,0,0,0,19046_0081
25.762854,-100.31944,1,1,0,19046_0081
25.762854,-100.318443,1,1,0,
25.762854,-100.317446,1,1,0,
25.762854,-100.316449,1,1,0,
25.762854,-100.315452,1,1,0,
25.762854,-100.303489,1,1,0,
25.762854,-100.302492,1,1,0,
25.762854,-100.301495,1,1,0,
25.762854,-100.300498,2,2,0,
25.762854,-100.299502,2,2,0,
25.762854,-100.298505,2,2,0,
25.762854,-100.297508,1,1,0,
25.762854,-100.296511,1,1,0,
25.762854,-100.295514,1,1,0,
25.762854,-100.287538,1,1,0,
25.762854,-100.286541,1,1,0,
25.762854,-100.285545,1,1,0,
25.762854,-100.284548,2,2,0,
25.762854,-100.283551,2,2,0,
25.762854,-100.282554,1,1,0,
25.762854,-100.281557,1,1,0,
25.762854,-100.276572,1,1,0,
25.762854,-100.275575,1,1,0,
25.762854,-100.274578,2,2,0,
25.762854,-100.273581,2,2,0,
25.762854,-100.272584,2,2,0,
25.762854,-100.271587,2,2,0,
25.762854,-100.270591,1,1,0,
25.762854,-100.2676,1,1,0,
25.762854,-100.266603,1,1,0,
25.762854,-100.265606,1,1,0,
25.762854,-100.264609,1,1,0,
25.762854,-100.263612,1,1,0,
25.762854,-100.240683,1,1,0,
25.762854,-100.176879,0,0,0,
25.762854,-100.175882,0,0,0,
25.762854,-100.174885,0,0,0,
25.762854,-100.173888,0,0,0,
25.762854,-100.172891,0,0,0,19006_0406
25.762854,-100.171894,0,0,0,19006_0406
25.762854,-100.170897,0,0,0,19006_0406
25.762854,-100.169901,0,0,0,19006_0406
25.762854,-100.168904,0,0,0,19006_0406
25.762854,-100.167907,0,0,0,19006_0403
25.762854,-100.16691,0,0,0,19006_0403
25.762854,-100.165913,0,0,0,19006_0403
25.762854,-100.164916,0,0,0,19006_0403
25.762854,-100.163919,0,0,0,19006_0405
25.762854,-100.162922,0,0,0,19006_0405
25.762854,-100.161925,0,0,0,19006_0327
25.762854,-100.160928,0,0,0,19006_0327
25.762854,-100.159931,0,0,0,19006_0405
25.762854,-100.158934,0,0,0,19006_0405
25.762854,-100.157937,0,0,0,19006_0405
25.762854,-100.15694,0,0,0,19006_0405
25.762854,-100.155944,0,0,0,19006_0405
25.762854,-100.154947,0,0,0,
25.762854,-100.15395,0,0,0,
25.762854,-100.152953,0,0,0,
25.762854,-100.151956,0,0,0,
25.762854,-100.150959,0,0,0,
25.762854,-100.149962,0,0,0,
25.762854,-100.148965,0,0,0,
25.762854,-100.147968,0,0,0,
25.763758,-100.392216,0,0,0,
25.763758,-100.391219,0,0,0,
25.763758,-100.390222,0,0,0,
25.763758,-100.389225,0,0,0,
25.763758,-100.388228,1,1,0,19039_0287
25.763758,-100.387231,1,1,0,19039_0287
25.763758,-100.386234,1,1,0,19039_0287
25.763758,-100.385238,1,1,0,19039_0293
25.763758,-100.384241,1,1,0,19039_0293
25.763758,-100.383244,0,0,0,19039_0293
25.763758,-100.382247,0,0,0,19039_0293
25.763758,-100.38125,0,0,0,19039_0293
25.763758,-100.380253,0,0,0,19039_0291
25.763758,-100.379256,0,0,0,19039_0293
25.763758,-100.378259,0,0,0,
25.763758,-100.377262,0,0,0,
25.763758,-100.376265,0,0,0,
25.763758,-100.375268,0,0,0,
25.763758,-100.374271,0,0,0,
25.763758,-100.373274,0,0,0,19039_0289
25.763758,-100.372277,0,0,0,19039_0289
25.763758,-100.371281,0,0,0,
25.763758,-100.370284,0,0,0,
25.763758,-100.369287,0,0,0,
25.763758,-100.36829,1,1,0,
25.763758,-100.367293,1,1,0,
25.763758,-100.366296,1,1,0,
25.763758,-100.365299,1,1,0,
25.763758,-100.364302,1,1,0,
25.763758,-100.363305,1,1,0,19039_0284
25.763758,-100.362308,0,0,0,19039_0284
25.763758,-100.361311,0,0,0,19039_0284
25.763758,-100.360314,0,0,0,
25.763758,-100.359317,0,0,0,
25.763758,-100.35832,0,0,0,19039_0626
25.763758,-100.357324,0,0,0,19039_0626
25.763758,-100.356327,0,0,0,19039_0626
25.763758,-100.35533,0,0,0,
25.763758,-100.354333,0,0,0,
25.763758,-100.353336,0,0,0,
25.763758,-100.352339,0,0,0,
25.763758,-100.351342,0,0,0,
25.763758,-100.331403,0,0,0,
25.763758,-100.330406,0,0,0,
25.763758,-100.329409,0,0,0,
25.763758,-100.328413,0,0,0,
25.763758,-100.327416,0,0,0,
25.763758,-100.326419,0,0,0,
25.763758,-100.325422,0,0,0,
25.763758,-100.324425,0,0,0,
25.763758,-100.323428,0,0,0,
25.763758,-100.322431,0,0,0,19046_0081
25.763758,-100.321434,0,0,0,19046_0081
25.763758,-100.320437,1,1,0,19046_0081
25.763758,-100.31944,1,1,0,19046_0081
25.763758,-100.318443,1,1,0,
25.763758,-100.317446,1,1,0,
25.763758,-100.316449,1,1,0,
25.763758,-100.315452,1,1,0,
25.763758,-100.302492,1,1,0,
25.763758,-100.301495,1,1,0,
25.763758,-100.300498,2,2,0,
25.763758,-100.299502,2,2,0,
25.763758,-100.298505,2,2,0,
25.763758,-100.297508,1,1,0,
25.763758,-100.296511,1,1,0,
25.763758,-100.295514,1,1,0,
25.763758,-100.288535,1,1,0,
25.763758,-100.287538,1,1,0,
25.763758,-100.286541,1,1,0,
25.763758,-100.285545,2,2,0,
25.763758,-100.284548,2,2,0,
25.763758,-100.283551,2,2,0,
25.763758,-100.282554,1,1,0,
25.763758,-100.281557,1,1,0,
25.763758,-100.28056,1,1,0,
25.763758,-100.275575,1,1,0,
25.763758,-100.274578,2,2,0,
25.763758,-100.273581,2,2,0,
25.763758,-100.272584,2,2,0,
25.763758,-100.271587,2,2,0,
25.763758,-100.270591,1,1,0,
25.763758,-100.2676,1,1,0,
25.763758,-100.266603,1,1,0,
25.763758,-100.265606,1,1,0,
25.763758,-100.264609,1,1,0,
25.763758,-100.263612,1,1,0,
25.763758,-100.262615,1,1,0,
25.763758,-100.176879,0,0,0,
25.763758,-100.175882,0,0,0,
25.763758,-100.174885,0,0,0,
25.763758,-100.173888,0,0,0,19006_0406
25.763758,-100.172891,0,0,0,19006_0406
25.763758,-100.171894,0,0,0,19006_0406
25.763758,-100.170897,0,0,0,19006_0406
25.763758,-100.169901,0,0,0,19006_0406
25.763758,-100.168904,0,0,0,19006_0403
25.763758,-100.167907,0,0,0,19006_0403
25.763758,-100.16691,0,0,0,19006_0403
25.763758,-100.165913,0,0,0,19006_0403
25.763758,-100.164916,0,0,0,19006_0403
25.763758,-100.163919,0,0,0,19006_0405
25.763758,-100.162922,0,0,0,19006_0327
25.763758,-100.161925,0,0,0,19006_0327
25.763758,-100.160928,0,0,0,19006_0327
25.763758,-100.159931,0,0,0,19006_0327
25.763758,-100.158934,0,0,0,19006_0327
25.763758,-100.157937,0,0,0,19006_0327
25.763758,-100.15694,0,0,0,19006_0327
25.763758,-100.155944,0,0,0,19006_0327
25.763758,-100.154947,0,0,0,19006_0327
25.763758,-100.15395,0,0,0,19006_0327
25.763758,-100.152953,0,0,0,19006_0327
25.763758,-100.151956,0,0,0,19006_0327
25.763758,-100.150959,0,0,0,19006_0327
25.763758,-100.149962,0,0,0,
25.763758,-100.148965,0,0,0,
25.763758,-100.147968,0,0,0,
25.764663,-100.392216,0,0,0,
25.764663,-100.391219,0,0,0,
25.764663,-100.390222,0,0,0,
25.764663,-100.389225,0,0,0,
25.764663,-100.388228,1,1,0,19039_0287
25.764663,-100.387231,1,1,0,19039_0287
25.764663,-100.386234,1,1,0,19039_0293
25.764663,-100.385238,1,1,0,19039_0293
25.764663,-100.384241,0,0,0,19039_0293
25.764663,-100.383244,0,0,0,19039_0293
25.764663,-100.382247,0,0,0,19039_0293
25.764663,-100.38125,0,0,0,19039_0293
25.764663,-100.380253,0,0,0,19039_0291
25.764663,-100.379256,0,0,0,19039_0291
25.764663,-100.378259,0,0,0,19039_0291
25.764663,-100.377262,0,0,0,
25.764663,-100.376265,0,0,0,19039_0289
25.764663,-100.375268,0,0,0,19039_0289
25.764663,-100.374271,0,0,0,19039_0289
25.764663,-100.373274,0,0,0,19039_0289
25.764663,-100.372277,0,0,0,19039_0289
25.764663,-100.371281,0,0,0,19039_0289
25.764663,-100.370284,0,0,0,
25.764663,-100.369287,0,0,0,
25.764663,-100.36829,0,0,0,
25.764663,-100.367293,1,1,0,
25.764663,-100.366296,1,1,0,
25.764663,-100.365299,1,1,0,
25.764663,-100.364302,1,1,0,
25.764663,-100.363305,0,0,0,
25.764663,-100.362308,0,0,0,19039_0284
25.764663,-100.361311,0,0,0,
25.764663,-100.360314,0,0,0,
25.764663,-100.359317,0,0,0,
25.764663,-100.35832,0,0,0,
25.764663,-100.357324,0,0,0,19039_0626
25.764663,-100.356327,0,0,0,19039_0626
25.764663,-100.35533,0,0,0,
25.764663,-100.354333,0,0,0,
25.764663,-100.353336,0,0,0,
25.764663,-100.352339,0,0,0,
25.764663,-100.330406,0,0,0,
25.764663,-100.329409,0,0,0,
25.764663,-100.328413,0,0,0,
25.764663,-100.327416,0,0,0,
25.764663,-100.326419,0,0,0,
25.764663,-100.325422,0,0,0,
25.764663,-100.324425,0,0,0,
25.764663,-100.323428,0,0,0,
25.764663,-100.322431,0,0,0,
25.764663,-100.321434,0,0,0,
25.764663,-100.320437,1,1,0,
25.764663,-100.31944,1,1,0,
25.764663,-100.318443,1,1,0,
25.764663,-100.317446,1,1,0,
25.764663,-100.316449,1,1,0,
25.764663,-100.315452,1,1,0,
25.764663,-100.301495,1,1,0,
25.764663,-100.300498,2,2,0,
25.764663,-100.299502,2,2,0,
25.764663,-100.298505,1,1,0,
25.764663,-100.297508,1,1,0,
25.764663,-100.296511,1,1,0,
25.764663,-100.295514,1,1,0,
25.764663,-100.288535,1,1,0,
25.764663,-100.287538,1,1,0,
25.764663,-100.286541,1,1,0,
25.764663,-100.285545,2,2,0,
25.764663,-100.284548,2,2,0,
25.764663,-100.283551,2,2,0,
25.764663,-100.282554,1,1,0,
25.764663,-100.281557,1,1,0,
25.764663,-100.28056,1,1,0,
25.764663,-100.275575,2,2,0,
25.764663,-100.274578,2,2,0,
25.764663,-100.273581,2,2,0,
25.764663,-100.272584,2,2,0,
25.764663,-100.271587,2,2,0,
25.764663,-100.270591,1,1,0,
25.764663,-100.2676,1,1,0,
25.764663,-100.266603,1,1,0,
25.764663,-100.265606,1,1,0,
25.764663,-100.264609,1,1,0,
25.764663,-100.263612,1,1,0,
25.764663,-100.262615,1,1,0,
25.764663,-100.176879,0,0,0,
25.764663,-100.175882,0,0,0,
25.764663,-100.174885,0,0,0,
25.764663,-100.173888,0,0,0,19006_0345
25.764663,-100.172891,0,0,0,19006_0345
25.764663,-100.171894,0,0,0,19006_0345
25.764663,-100.170897,0,0,0,19006_0345
25.764663,-100.169901,0,0,0,19006_0345
25.764663,-100.168904,0,0,0,19006_0345
25.764663,-100.167907,0,0,0,19006_0345
25.764663,-100.16691,0,0,0,19006_0345
25.764663,-100.165913,0,0,0,19006_0345
25.764663,-100.164916,0,0,0,19006_0345
25.764663,-100.163919,0,0,0,19006_0327
25.764663,-100.162922,0,0,0,19006_0327
25.764663,-100.161925,0,0,0,19006_0327
25.764663,-100.160928,0,0,0,19006_0327
25.764663,-100.159931,0,0,0,19006_0327
25.764663,-100.158934,0,0,0,19006_0327
25.764663,-100.157937,0,0,0,19006_0327
25.764663,-100.15694,0,0,0,19006_0327
25.764663,-100.155944,0,0,0,19006_0327
25.764663,-100.154947,0,0,0,19006_0327
25.764663,-100.15395,0,0,0,19006_0327
25.764663,-100.152953,0,0,0,19006_0327
25.764663,-100.151956,0,0,0,19006_0327
25.764663,-100.150959,0,0,0,
25.764663,-100.149962,0,0,0,
25.764663,-100.148965,0,0,0,
25.764663,-100.147968,0,0,0,
25.765567,-100.39421,1,1,0,
25.765567,-100.393213,1,1,0,
25.765567,-100.391219,0,0,0,
25.765567,-100.390222,0,0,0,
25.765567,-100.389225,0,0,0,
25.765567,-100.388228,0,0,0,
25.765567,-100.387231,0,0,0,19039_0293
25.765567,-100.386234,0,0,0,19039_0293
25.765567,-100.385238,0,0,0,19039_0293
25.765567,-100.384241,0,0,0,19039_0293
25.765567,-100.383244,0,0,0,19039_0293
25.765567,-100.382247,0,0,0,19039_0293
25.765567,-100.38125,0,0,0,19039_0291
25.765567,-100.380253,0,0,0,19039_0291
25.765567,-100.379256,0,0,0,19039_0291
25.765567,-100.378259,0,0,0,19039_0291
25.765567,-100.377262,0,0,0,19039_0291
25.765567,-100.376265,0,0,0,19039_0289
25.765567,-100.375268,0,0,0,19039_0289
25.765567,-100.374271,0,0,0,19039_0289
25.765567,-100.373274,0,0,0,19039_0289
25.765567,-100.372277,0,0,0,19039_0289
25.765567,-100.371281,0,0,0,19039_0289
25.765567,-100.370284,0,0,0,
25.765567,-100.369287,0,0,0,
25.765567,-100.36829,0,0,0,
25.765567,-100.367293,0,0,0,19039_0250
25.765567,-100.366296,0,0,0,
25.765567,-100.365299,0,0,0,
25.765567,-100.364302,0,0,0,
25.765567,-100.363305,0,0,0,
25.765567,-100.362308,0,0,0,19039_0041
25.765567,-100.361311,0,0,0,
25.765567,-100.360314,0,0,0,
25.765567,-100.359317,0,0,0,19039_0321
25.765567,-100.35832,0,0,0,
25.765567,-100.357324,0,0,0,19039_0626
25.765567,-100.356327,0,0,0,
25.765567,-100.35533,0,0,0,
25.765567,-100.354333,0,0,0,
25.765567,-100.353336,0,0,0,
25.765567,-100.329409,0,0,0,
25.765567,-100.328413,0,0,0,
25.765567,-100.324425,0,0,0,
25.765567,-100.323428,0,0,0,
25.765567,-100.322431,0,0,0,
25.765567,-100.321434,0,0,0,
25.765567,-100.320437,0,0,0,
25.765567,-100.31944,1,1,0,
25.765567,-100.318443,1,1,0,
25.765567,-100.317446,1,1,0,
25.765567,-100.316449,1,1,0,
25.765567,-100.315452,1,1,0,
25.765567,-100.312462,1,1,0,
25.765567,-100.299502,1,1,0,
25.765567,-100.298505,1,1,0,
25.765567,-100.297508,1,1,0,
25.765567,-100.296511,1,1,0,
25.765567,-100.287538,1,1,0,
25.765567,-100.286541,1,1,0,
25.765567,-100.285545,2,2,0,
25.765567,-100.284548,2,2,0,
25.765567,-100.283551,2,2,0,
25.765567,-100.282554,1,1,0,
25.765567,-100.281557,1,1,0,
25.765567,-100.28056,1,1,0,
25.765567,-100.274578,1,1,0,
25.765567,-100.273581,1,1,0,
25.765567,-100.272584,1,1,0,
25.765567,-100.271587,1,1,0,
25.765567,-100.270591,1,1,0,
25.765567,-100.2676,1,1,0,
25.765567,-100.266603,1,1,0,
25.765567,-100.265606,1,1,0,
25.765567,-100.264609,1,1,0,
25.765567,-100.263612,1,1,0,
25.765567,-100.262615,1,1,0,
25.765567,-100.260621,0,0,0,
25.765567,-100.259624,0,0,0,
25.765567,-100.258627,0,0,0,
25.765567,-100.25763,0,0,0,
25.765567,-100.256634,0,0,0,
25.765567,-100.176879,0,0,0,
25.765567,-100.175882,0,0,0,
25.765567,-100.174885,0,0,0,
25.765567,-100.173888,0,0,0,19006_0345
25.765567,-100.172891,0,0,0,19006_0345
25.765567,-100.171894,0,0,0,19006_0345
25.765567,-100.170897,0,0,0,19006_0345
25.765567,-100.169901,0,0,0,19006_0345
25.765567,-100.168904,0,0,0,19006_0345
25.765567,-100.167907,0,0,0,19006_0345
25.765567,-100.16691,0,0,0,19006_0345
25.765567,-100.165913,0,0,0,19006_0345
25.765567,-100.164916,0,0,0,19006_0327
25.765567,-100.163919,0,0,0,19006_0327
25.765567,-100.162922,0,0,0,19006_0327
25.765567,-100.161925,0,0,0,19006_0327
25.765567,-100.160928,0,0,0,19006_0327
25.765567,-100.159931,0,0,0,19006_0327
25.765567,-100.158934,0,0,0,19006_0327
25.765567,-100.157937,0,0,0,19006_0327
25.765567,-100.15694,0,0,0,19006_0327
25.765567,-100.155944,0,0,0,19006_0327
25.765567,-100.154947,0,0,0,19006_0327
25.765567,-100.15395,0,0,0,19006_0327
25.765567,-100.152953,0,0,0,19006_0327
25.765567,-100.151956,0,0,0,
25.765567,-100.150959,0,0,0,
25.765567,-100.149962,0,0,0,
25.765567,-100.148965,0,0,0,
25.766471,-100.434087,1,1,0,
25.766471,-100.43309,1,1,0,
25.766471,-100.432093,1,1,0,
25.766471,-100.414149,0,0,0,
25.766471,-100.413152,0,0,0,
25.766471,-100.412155,0,0,0,
25.766471,-100.402185,1,1,0,
25.766471,-100.401188,1,1,0,
25.766471,-100.400192,1,1,0,
25.766471,-100.399195,2,2,0,
25.766471,-100.398198,1,1,0,
25.766471,-100.396204,1,1,0,
25.766471,-100.395207,1,1,0,
25.766471,-100.39421,1,1,0,
25.766471,-100.393213,1,1,0,
25.766471,-100.392216,1,1,0,
25.766471,-100.390222,0,0,0,
25.766471,-100.389225,0,0,0,
25.766471,-100.388228,0,0,0,
25.766471,-100.387231,0,0,0,
25.766471,-100.386234,0,0,0,19039_0293
25.766471,-100.385238,0,0,0,19039_0293
25.766471,-100.384241,0,0,0,19039_0293
25.766471,-100.383244,0,0,0,19039_0293
25.766471,-100.382247,0,0,0,19039_0292
25.766471,-100.38125,0,0,0,19039_0291
25.766471,-100.380253,0,0,0,19039_0291
25.766471,-100.379256,0,0,0,19039_0291
25.766471,-100.378259,0,0,0,19039_0291
25.766471,-100.377262,0,0,0,19039_0291
25.766471,-100.376265,0,0,0,19039_0289
25.766471,-100.375268,0,0,0,19039_0289
25.766471,-100.374271,0,0,0,19039_0289
25.766471,-100.373274,0,0,0,19039_0289
25.766471,-100.372277,0,0,0,19039_0289
25.766471,-100.371281,0,0,0,19039_0289
25.766471,-100.370284,0,0,0,19039_0289
25.766471,-100.369287,0,0,0,
25.766471,-100.36829,0,0,0,19039_0250
25.766471,-100.367293,0,0,0,19039_0250
25.766471,-100.366296,0,0,0,19039_0250
25.766471,-100.365299,0,0,0,
25.766471,-100.364302,0,0,0,
25.766471,-100.363305,0,0,0,19039_0041
25.766471,-100.362308,0,0,0,19039_0041
25.766471,-100.361311,0,0,0,
25.766471,-100.360314,0,0,0,
25.766471,-100.359317,0,0,0,19039_0321
25.766471,-100.35832,0,0,0,
25.766471,-100.357324,0,0,0,
25.766471,-100.356327,0,0,0,
25.766471,-100.35533,0,0,0,
25.766471,-100.354333,0,0,0,
25.766471,-100.3324,1,1,0,
25.766471,-100.331403,1,1,0,
25.766471,-100.323428,0,0,0,
25.766471,-100.322431,0,0,0,
25.766471,-100.321434,0,0,0,
25.766471,-100.320437,0,0,0,
25.766471,-100.31944,0,0,0,
25.766471,-100.318443,1,1,0,
25.766471,-100.317446,1,1,0,
25.766471,-100.316449,1,1,0,
25.766471,-100.314455,1,1,0,
25.766471,-100.313459,1,1,0,
25.766471,-100.312462,1,1,0,
25.766471,-100.311465,1,1,0,
25.766471,-100.310468,1,1,0,
25.766471,-100.288535,1,1,0,
25.766471,-100.287538,1,1,0,
25.766471,-100.286541,2,2,0,
25.766471,-100.285545,2,2,0,
25.766471,-100.284548,2,2,0,
25.766471,-100.283551,1,1,0,
25.766471,-100.282554,1,1,0,
25.766471,-100.281557,1,1,0,
25.766471,-100.274578,1,1,0,
25.766471,-100.273581,1,1,0,
25.766471,-100.272584,1,1,0,
25.766471,-100.271587,1,1,0,
25.766471,-100.270591,1,1,0,
25.766471,-100.266603,2,2,0,
25.766471,-100.265606,2,2,0,
25.766471,-100.264609,2,2,0,
25.766471,-100.263612,2,2,0,
25.766471,-100.262615,1,1,0,
25.766471,-100.261618,0,0,0,
25.766471,-100.260621,0,0,0,
25.766471,-100.259624,0,0,0,
25.766471,-100.258627,0,0,0,
25.766471,-100.25763,0,0,0,
25.766471,-100.256634,0,0,0,
25.766471,-100.255637,0,0,0,
25.766471,-100.25464,0,0,0,
25.766471,-100.176879,0,0,0,
25.766471,-100.175882,0,0,0,
25.766471,-100.174885,0,0,0,
25.766471,-100.173888,0,0,0,19006_0345
25.766471,-100.172891,0,0,0,19006_0345
25.766471,-100.171894,0,0,0,19006_0345
25.766471,-100.170897,0,0,0,19006_0345
25.766471,-100.169901,0,0,0,19006_0345
25.766471,-100.168904,0,0,0,19006_0345
25.766471,-100.167907,0,0,0,19006_0345
25.766471,-100.16691,0,0,0,19006_0345
25.766471,-100.165913,0,0,0,19006_0345
25.766471,-100.164916,0,0,0,19006_0327
25.766471,-100.163919,0,0,0,19006_0327
25.766471,-100.162922,0,0,0,19006_0327
25.766471,-100.161925,0,0,0,19006_0327
25.766471,-100.160928,0,0,0,19006_0327
25.766471,-100.159931,0,0,0,19006_0327
25.766471,-100.158934,0,0,0,19006_0327
25.766471,-100.157937,0,0,0,19006_0327
25.766471,-100.15694,0,0,0,19006_0327
25.766471,-100.155944,0,0,0,19006_0327
25.766471,-100.154947,0,0,0,19006_0327
25.766471,-100.15395,0,0,0,19006_0327
25.766471,-100.152953,0,0,0,19006_0327
25.766471,-100.151956,0,0,0,
25.766471,-100.150959,0,0,0,
25.766471,-100.149962,0,0,0,
25.767376,-100.607553,1,1,0,
25.767376,-100.606556,1,1,0,
25.767376,-100.605559,1,1,0,
25.767376,-100.435084,1,1,0,
25.767376,-100.434087,1,1,0,
25.767376,-100.43309,1,1,0,
25.767376,-100.432093,1,1,0,
25.767376,-100.431096,1,1,0,
25.767376,-100.42013,0,0,0,
25.767376,-100.419133,0,0,0,
25.767376,-100.418136,0,0,0,
25.767376,-100.415145,0,0,0,
25.767376,-100.414149,0,0,0,
25.767376,-100.413152,0,0,0,
25.767376,-100.412155,0,0,0,
25.767376,-100.411158,0,0,0,
25.767376,-100.410161,0,0,0,
25.767376,-100.402185,1,1,0,
25.767376,-100.401188,1,1,0,
25.767376,-100.400192,2,2,0,
25.767376,-100.399195,2,2,0,
25.767376,-100.398198,2,2,0,
25.767376,-100.397201,1,1,0,
25.767376,-100.396204,2,2,0,
25.767376,-100.395207,2,2,0,
25.767376,-100.39421,1,1,0,
25.767376,-100.393213,1,1,0,
25.767376,-100.392216,1,1,0,
25.767376,-100.391219,1,1,0,
25.767376,-100.389225,0,0,0,
25.767376,-100.388228,0,0,0,
25.767376,-100.387231,0,0,0,
25.767376,-100.386234,0,0,0,
25.767376,-100.385238,0,0,0,19039_0293
25.767376,-100.384241,0,0,0,19039_0293
25.767376,-100.383244,0,0,0,19039_0292
25.767376,-100.382247,0,0,0,19039_0292
25.767376,-100.38125,0,0,0,19039_0292
25.767376,-100.380253,0,0,0,19039_0291
25.767376,-100.379256,0,0,0,19039_0291
25.767376,-100.378259,0,0,0,19039_0291
25.767376,-100.377262,0,0,0,19039_0291
25.767376,-100.376265,0,0,0,19039_0289
25.767376,-100.375268,0,0,0,19039_0289
25.767376,-100.374271,0,0,0,19039_0289
25.767376,-100.373274,0,0,0,19039_0289
25.767376,-100.372277,0,0,0,19039_0289
25.767376,-100.371281,0,0,0,19039_0289
25.767376,-100.370284,0,0,0,19039_0289
25.767376,-100.369287,0,0,0,19039_0250
25.767376,-100.36829,0,0,0,19039_0250
25.767376,-100.367293,0,0,0,19039_0250
25.767376,-100.366296,0,0,0,19039_0250
25.767376,-100.365299,0,0,0,19039_0250
25.767376,-100.364302,0,0,0,
25.767376,-100.363305,0,0,0,19039_0041
25.767376,-100.362308,0,0,0,19039_0041
25.767376,-100.361311,0,0,0,19039_0041
25.767376,-100.360314,0,0,0,19039_0321
25.767376,-100.359317,0,0,0,19039_0321
25.767376,-100.35832,0,0,0,19039_0321
25.767376,-100.357324,0,0,0,
25.767376,-100.356327,0,0,0,
25.767376,-100.35533,0,0,0,
25.767376,-100.333397,1,1,0,
25.767376,-100.3324,1,1,0,
25.767376,-100.331403,1,1,0,
25.767376,-100.330406,1,1,0,
25.767376,-100.329409,1,1,0,
25.767376,-100.315452,1,1,0,
25.767376,-100.314455,1,1,0,
25.767376,-100.313459,1,1,0,
25.767376,-100.312462,1,1,0,
25.767376,-100.311465,1,1,0,
25.767376,-100.310468,1,1,0,
25.767376,-100.289532,1,1,0,
25.767376,-100.288535,1,1,0,
25.767376,-100.287538,1,1,0,
25.767376,-100.286541,1,1,0,
25.767376,-100.285545,1,1,0,
25.767376,-100.284548,1,1,0,
25.767376,-100.283551,1,1,0,
25.767376,-100.282554,1,1,0,
25.767376,-100.266603,1,1,0,
25.767376,-100.265606,1,1,0,
25.767376,-100.264609,1,1,0,
25.767376,-100.263612,1,1,0,
25.767376,-100.262615,1,1,0,
25.767376,-100.261618,0,0,0,
25.767376,-100.260621,0,0,0,
25.767376,-100.259624,0,0,0,
25.767376,-100.258627,0,0,0,
25.767376,-100.25763,0,0,0,
25.767376,-100.256634,0,0,0,
25.767376,-100.255637,0,0,0,
25.767376,-100.25464,0,0,0,
25.767376,-100.253643,0,0,0,
25.767376,-100.248658,1,1,0,
25.767376,-100.247661,1,1,0,
25.767376,-100.246664,1,1,0,
25.767376,-100.245667,1,1,0,
25.767376,-100.24467,1,1,0,
25.767376,-100.176879,0,0,0,
25.767376,-100.175882,0,0,0,
25.767376,-100.174885,0,0,0,
25.767376,-100.173888,0,0,0,
25.767376,-100.172891,0,0,0,
25.767376,-100.171894,0,0,0,
25.767376,-100.170897,0,0,0,19006_0345
25.767376,-100.169901,0,0,0,19006_0345
25.767376,-100.168904,0,0,0,19006_0345
25.767376,-100.167907,0,0,0,19006_0345
25.767376,-100.16691,0,0,0,19006_0345
25.767376,-100.165913,0,0,0,19006_0327
25.767376,-100.164916,0,0,0,19006_0327
25.767376,-100.163919,0,0,0,19006_0327
25.767376,-100.162922,0,0,0,19006_0327
25.767376,-100.161925,0,0,0,19006_0327
25.767376,-100.160928,0,0,0,19006_0327
25.767376,-100.159931,0,0,0,19006_0327
25.767376,-100.158934,0,0,0,19006_0327
25.767376,-100.157937,0,0,0,19006_0327
25.767376,-100.15694,0,0,0,19006_0327
25.767376,-100.155944,0,0,0,19006_0327
25.767376,-100.154947,0,0,0,19006_0327
25.767376,-100.15395,0,0,0,19006_0327
25.767376,-100.152953,0,0,0,
25.767376,-100.151956,0,0,0,
25.767376,-100.150959,0,0,0,
25.767376,-100.149962,0,0,0,
25.76828,-100.60855,1,1,0,
25.76828,-100.607553,1,1,0,
25.76828,-100.606556,1,1,0,
25.76828,-100.605559,1,1,0,
25.76828,-100.604562,1,1,0,
25.76828,-100.435084,1,1,0,
25.76828,-100.434087,1,1,0,
25.76828,-100.43309,1,1,0,
25.76828,-100.432093,1,1,0,
25.76828,-100.431096,1,1,0,
25.76828,-100.430099,1,1,0,
25.76828,-100.422124,0,0,0,
25.76828,-100.421127,0,0,0,
25.76828,-100.42013,0,0,0,
25.76828,-100.419133,0,0,0,
25.76828,-100.418136,0,0,0,
25.76828,-100.417139,0,0,0,
25.76828,-100.416142,0,0,0,
25.76828,-100.415145,0,0,0,
25.76828,-100.414149,0,0,0,
25.76828,-100.413152,0,0,0,
25.76828,-100.412155,0,0,0,
25.76828,-100.411158,0,0,0,
25.76828,-100.410161,0,0,0,
25.76828,-100.403182,1,1,0,
25.76828,-100.402185,1,1,0,
25.76828,-100.401188,2,2,0,
25.76828,-100.400192,2,2,0,
25.76828,-100.399195,2,2,0,
25.76828,-100.398198,2,2,0,
25.76828,-100.397201,2,2,0,
25.76828,-100.396204,3,3,0,
25.76828,-100.395207,2,2,0,
25.76828,-100.39421,2,2,0,
25.76828,-100.393213,2,2,0,
25.76828,-100.392216,1,1,0,
25.76828,-100.391219,1,1,0,
25.76828,-100.388228,0,0,0,
25.76828,-100.387231,0,0,0,
25.76828,-100.386234,0,0,0,
25.76828,-100.385238,0,0,0,
25.76828,-100.384241,0,0,0,19039_0292
25.76828,-100.383244,0,0,0,19039_0292
25.76828,-100.382247,0,0,0,19039_0292
25.76828,-100.38125,0,0,0,19039_0292
25.76828,-100.380253,0,0,0,19039_0292
25.76828,-100.379256,0,0,0,19039_0291
25.76828,-100.378259,0,0,0,19039_0291
25.76828,-100.377262,0,0,0,19039_0291
25.76828,-100.376265,0,0,0,19039_0289
25.76828,-100.375268,0,0,0,19039_0289
25.76828,-100.374271,0,0,0,19039_0289
25.76828,-100.373274,0,0,0,19039_0289
25.76828,-100.372277,0,0,0,19039_0289
25.76828,-100.371281,0,0,0,19039_0289
25.76828,-100.370284,0,0,0,19039_0295
25.76828,-100.369287,0,0,0,19039_0250
25.76828,-100.36829,0,0,0,19039_0250
25.76828,-100.367293,0,0,0,19039_0250
25.76828,-100.366296,0,0,0,19039_0250
25.76828,-100.365299,0,0,0,19039_0250
25.76828,-100.364302,0,0,0,19039_0250
25.76828,-100.363305,0,0,0,19039_0041
25.76828,-100.362308,0,0,0,19039_0041
25.76828,-100.361311,0,0,0,19039_0321
25.76828,-100.360314,0,0,0,19039_0321
25.76828,-100.359317,0,0,0,19039_0321
25.76828,-100.35832,0,0,0,
25.76828,-100.357324,0,0,0,
25.76828,-100.356327,0,0,0,
25.76828,-100.333397,1,1,0,
25.76828,-100.3324,1,1,0,
25.76828,-100.331403,1,1,0,
25.76828,-100.330406,1,1,0,
25.76828,-100.329409,1,1,0,
25.76828,-100.315452,1,1,0,
25.76828,-100.314455,1,1,0,
25.76828,-100.313459,1,1,0,
25.76828,-100.312462,1,1,0,
25.76828,-100.311465,1,1,0,
25.76828,-100.310468,1,1,0,
25.76828,-100.289532,1,1,0,
25.76828,-100.288535,1,1,0,
25.76828,-100.287538,1,1,0,
25.76828,-100.286541,1,1,0,
25.76828,-100.285545,1,1,0,
25.76828,-100.284548,1,1,0,
25.76828,-100.266603,1,1,0,
25.76828,-100.265606,1,1,0,
25.76828,-100.264609,1,1,0,
25.76828,-100.263612,1,1,0,
25.76828,-100.262615,2,2,0,
25.76828,-100.261618,2,2,0,
25.76828,-100.260621,1,1,0,
25.76828,-100.259624,1,1,0,19006_0251
25.76828,-100.258627,0,0,0,19006_0251
25.76828,-100.25763,0,0,0,19006_0251
25.76828,-100.256634,0,0,0,
25.76828,-100.255637,0,0,0,
25.76828,-100.25464,0,0,0,
25.76828,-100.253643,0,0,0,
25.76828,-100.248658,1,1,0,
25.76828,-100.247661,1,1,0,
25.76828,-100.246664,1,1,0,
25.76828,-100.245667,1,1,0,
25.76828,-100.24467,1,1,0,
25.76828,-100.175882,0,0,0,
25.76828,-100.174885,0,0,0,
25.76828,-100.173888,0,0,0,
25.76828,-100.172891,0,0,0,
25.76828,-100.171894,0,0,0,
25.76828,-100.170897,0,0,0,
25.76828,-100.169901,0,0,0,
25.76828,-100.168904,0,0,0,
25.76828,-100.167907,0,0,0,
25.76828,-100.16691,0,0,0,
25.76828,-100.165913,0,0,0,
25.76828,-100.164916,0,0,0,
25.76828,-100.163919,0,0,0,19006_0327
25.76828,-100.162922,0,0,0,19006_0327
25.76828,-100.161925,0,0,0,19006_0327
25.76828,-100.160928,0,0,0,19006_0327
25.76828,-100.159931,0,0,0,19006_0327
25.76828,-100.158934,0,0,0,19006_0327
25.76828,-100.157937,0,0,0,19006_0327
25.76828,-100.15694,0,0,0,19006_0327
25.76828,-100.155944,0,0,0,19006_0327
25.76828,-100.154947,0,0,0,19006_0327
25.76828,-100.15395,0,0,0,
25.76828,-100.152953,0,0,0,
25.76828,-100.151956,0,0,0,
25.76828,-100.150959,0,0,0,
25.769184,-100.60855,1,1,0,
25.769184,-100.607553,1,1,0,
25.769184,-100.606556,1,1,0,
25.769184,-100.605559,1,1,0,
25.769184,-100.604562,1,1,0,
25.769184,-100.603565,1,1,0,
25.769184,-100.435084,1,1,0,
25.769184,-100.434087,1,1,0,
25.769184,-100.43309,1,1,0,
25.769184,-100.432093,1,1,0,
25.769184,-100.431096,1,1,0,
25.769184,-100.430099,1,1,0,
25.769184,-100.423121,0,0,0,
25.769184,-100.422124,0,0,0,
25.769184,-100.421127,0,0,0,
25.769184,-100.42013,0,0,0,
25.769184,-100.419133,0,0,0,
25.769184,-100.418136,0,0,0,
25.769184,-100.417139,0,0,0,
25.769184,-100.416142,0,0,0,
25.769184,-100.415145,0,0,0,
25.769184,-100.414149,0,0,0,
25.769184,-100.413152,0,0,0,19039_0550
25.769184,-100.412155,0,0,0,
25.769184,-100.411158,0,0,0,
25.769184,-100.410161,0,0,0,
25.769184,-100.409164,0,0,0,
25.769184,-100.403182,1,1,0,
25.769184,-100.402185,1,1,0,
25.769184,-100.401188,2,2,0,
25.769184,-100.400192,2,2,0,
25.769184,-100.399195,2,2,0,
25.769184,-100.398198,3,3,0,
25.769184,-100.397201,2,2,0,
25.769184,-100.396204,3,3,0,
25.769184,-100.395207,2,2,0,
25.769184,-100.39421,2,2,0,
25.769184,-100.393213,2,2,0,
25.769184,-100.392216,1,1,0,
25.769184,-100.391219,1,1,0,
25.769184,-100.387231,0,0,0,
25.769184,-100.386234,0,0,0,
25.769184,-100.385238,0,0,0,
25.769184,-100.384241,0,0,0,19039_0292
25.769184,-100.383244,0,0,0,19039_0292
25.769184,-100.382247,0,0,0,19039_0292
25.769184,-100.38125,0,0,0,19039_0292
25.769184,-100.380253,0,0,0,19039_0292
25.769184,-100.379256,0,0,0,19039_0292
25.769184,-100.378259,0,0,0,19039_0292
25.769184,-100.377262,0,0,0,19039_0291
25.769184,-100.376265,0,0,0,19039_0289
25.769184,-100.375268,0,0,0,19039_0289
25.769184,-100.374271,0,0,0,19039_0289
25.769184,-100.373274,0,0,0,19039_0289
25.769184,-100.372277,0,0,0,19039_0289
25.769184,-100.371281,0,0,0,19039_0289
25.769184,-100.370284,0,0,0,19039_0295
25.769184,-100.369287,0,0,0,19039_0295
25.769184,-100.36829,0,0,0,19039_0250
25.769184,-100.367293,0,0,0,19039_0250
25.769184,-100.366296,0,0,0,19039_0250
25.769184,-100.365299,0,0,0,19039_0250
25.769184,-100.364302,0,0,0,19039_0250
25.769184,-100.363305,0,0,0,19039_0321
25.769184,-100.362308,0,0,0,19039_0321
25.769184,-100.361311,0,0,0,19039_0321
25.769184,-100.360314,0,0,0,19039_0321
25.769184,-100.359317,0,0,0,19039_0321
25.769184,-100.35832,0,0,0,19039_0321
25.769184,-100.357324,0,0,0,
25.769184,-100.356327,0,0,0,
25.769184,-100.35533,0,0,0,
25.769184,-100.334394,1,1,0,
25.769184,-100.333397,1,1,0,
25.769184,-100.3324,1,1,0,
25.769184,-100.331403,1,1,0,
25.769184,-100.330406,1,1,0,
25.769184,-100.329409,1,1,0,
25.769184,-100.328413,0,0,0,
25.769184,-100.317446,1,1,0,
25.769184,-100.314455,1,1,0,
25.769184,-100.313459,1,1,0,
25.769184,-100.312462,1,1,0,
25.769184,-100.311465,1,1,0,
25.769184,-100.310468,1,1,0,
25.769184,-100.289532,1,1,0,
25.769184,-100.288535,1,1,0,
25.769184,-100.287538,1,1,0,
25.769184,-100.286541,1,1,0,
25.769184,-100.285545,1,1,0,
25.769184,-100.284548,1,1,0,
25.769184,-100.266603,1,1,0,
25.769184,-100.265606,1,1,0,
25.769184,-100.264609,1,1,0,
25.769184,-100.263612,2,2,0,
25.769184,-100.262615,2,2,0,
25.769184,-100.261618,1,1,0,
25.769184,-100.260621,1,1,0,
25.769184,-100.259624,1,1,0,19006_0251
25.769184,-100.258627,1,1,0,19006_0251
25.769184,-100.25763,0,0,0,19006_0251
25.769184,-100.256634,0,0,0,19006_0251
25.769184,-100.255637,0,0,0,
25.769184,-100.25464,0,0,0,
25.769184,-100.253643,0,0,0,
25.769184,-100.249655,1,1,0,
25.769184,-100.248658,1,1,0,
25.769184,-100.247661,1,1,0,
25.769184,-100.246664,1,1,0,
25.769184,-100.245667,1,1,0,
25.769184,-100.24467,2,2,0,
25.769184,-100.243673,1,1,0,
25.769184,-100.242676,1,1,0,
25.769184,-100.24168,1,1,0,
25.769184,-100.174885,0,0,0,
25.769184,-100.173888,0,0,0,
25.769184,-100.172891,0,0,0,
25.769184,-100.171894,0,0,0,
25.769184,-100.170897,0,0,0,
25.769184,-100.169901,0,0,0,
25.769184,-100.168904,0,0,0,
25.769184,-100.167907,0,0,0,
25.769184,-100.16691,0,0,0,
25.769184,-100.165913,0,0,0,
25.769184,-100.164916,0,0,0,
25.769184,-100.163919,0,0,0,
25.769184,-100.162922,0,0,0,
25.769184,-100.161925,0,0,0,
25.769184,-100.160928,0,0,0,
25.769184,-100.159931,0,0,0,
25.769184,-100.158934,0,0,0,
25.769184,-100.157937,0,0,0,
25.769184,-100.15694,0,0,0,
25.769184,-100.155944,0,0,0,
25.769184,-100.154947,0,0,0,
25.769184,-100.15395,0,0,0,
25.769184,-100.152953,0,0,0,
25.769184,-100.151956,0,0,0,
25.770089,-100.60855,1,1,0,
25.770089,-100.607553,1,1,0,
25.770089,-100.606556,1,1,0,
25.770089,-100.605559,1,1,0,
25.770089,-100.604562,1,1,0,
25.770089,-100.603565,1,1,0,
25.770089,-100.435084,1,1,0,
25.770089,-100.434087,1,1,0,
25.770089,-100.43309,1,1,0,
25.770089,-100.432093,1,1,0,
25.770089,-100.431096,1,1,0,
25.770089,-100.424118,0,0,0,
25.770089,-100.423121,0,0,0,
25.770089,-100.422124,0,0,0,
25.770089,-100.421127,0,0,0,
25.770089,-100.42013,0,0,0,
25.770089,-100.419133,0,0,0,19039_0550
25.770089,-100.418136,0,0,0,
25.770089,-100.417139,0,0,0,
25.770089,-100.416142,0,0,0,
25.770089,-100.415145,0,0,0,19039_0550
25.770089,-100.414149,0,0,0,19039_0550
25.770089,-100.413152,0,0,0,19039_0550
25.770089,-100.412155,0,0,0,19039_0550
25.770089,-100.411158,0,0,0,
25.770089,-100.410161,0,0,0,
25.770089,-100.409164,0,0,0,
25.770089,-100.402185,1,1,0,
25.770089,-100.401188,2,2,0,
25.770089,-100.400192,2,2,0,
25.770089,-100.399195,2,2,0,
25.770089,-100.398198,3,3,0,
25.770089,-100.397201,2,2,0,
25.770089,-100.396204,2,2,0,
25.770089,-100.395207,2,2,0,
25.770089,-100.39421,2,2,0,
25.770089,-100.393213,2,2,0,
25.770089,-100.392216,1,1,0,
25.770089,-100.387231,0,0,0,
25.770089,-100.386234,0,0,0,
25.770089,-100.385238,0,0,0,
25.770089,-100.384241,0,0,0,
25.770089,-100.383244,0,0,0,19039_0292
25.770089,-100.382247,0,0,0,19039_0292
25.770089,-100.38125,0,0,0,19039_0292
25.770089,-100.380253,0,0,0,19039_0292
25.770089,-100.379256,0,0,0,19039_0292
25.770089,-100.378259,0,0,0,19039_0292
25.770089,-100.377262,0,0,0,19039_0290
25.770089,-100.376265,0,0,0,19039_0290
25.770089,-100.375268,0,0,0,19039_0290
25.770089,-100.374271,0,0,0,19039_0290
25.770089,-100.373274,0,0,0,19039_0289
25.770089,-100.372277,0,0,0,19039_0289
25.770089,-100.371281,0,0,0,19039_0295
25.770089,-100.370284,0,0,0,19039_0295
25.770089,-100.369287,0,0,0,19039_0295
25.770089,-100.36829,0,0,0,19039_0295
25.770089,-100.367293,0,0,0,19039_0250
25.770089,-100.366296,0,0,0,19039_0250
25.770089,-100.365299,0,0,0,19039_0250
25.770089,-100.364302,0,0,0,19039_0041
25.770089,-100.363305,0,0,0,19039_0321
25.770089,-100.362308,0,0,0,19039_0321
25.770089,-100.361311,0,0,0,19039_0321
25.770089,-100.360314,0,0,0,19039_0321
25.770089,-100.359317,0,0,0,19039_0321
25.770089,-100.35832,0,0,0,19039_0321
25.770089,-100.357324,0,0,0,
25.770089,-100.356327,0,0,0,
25.770089,-100.35533,0,0,0,
25.770089,-100.334394,0,0,0,
25.770089,-100.333397,1,1,0,
25.770089,-100.3324,1,1,0,
25.770089,-100.331403,1,1,0,
25.770089,-100.330406,1,1,0,
25.770089,-100.329409,1,1,0,
25.770089,-100.328413,0,0,0,
25.770089,-100.327416,0,0,0,
25.770089,-100.31944,1,1,0,
25.770089,-100.318443,1,1,0,
25.770089,-100.317446,1,1,0,
25.770089,-100.316449,1,1,0,
25.770089,-100.315452,1,1,0,
25.770089,-100.314455,1,1,0,
25.770089,-100.313459,1,1,0,
25.770089,-100.312462,1,1,0,
25.770089,-100.311465,1,1,0,
25.770089,-100.310468,1,1,0,
25.770089,-100.289532,1,1,0,
25.770089,-100.288535,1,1,0,
25.770089,-100.287538,1,1,0,
25.770089,-100.286541,1,1,0,
25.770089,-100.285545,1,1,0,
25.770089,-100.266603,1,1,0,
25.770089,-100.265606,1,1,0,
25.770089,-100.264609,1,1,0,
25.770089,-100.263612,2,2,0,
25.770089,-100.262615,2,2,0,
25.770089,-100.261618,1,1,0,
25.770089,-100.260621,1,1,0,
25.770089,-100.259624,1,1,0,19006_0251
25.770089,-100.258627,1,1,0,19006_0251
25.770089,-100.25763,0,0,0,19006_0251
25.770089,-100.256634,0,0,0,19006_0251
25.770089,-100.255637,0,0,0,19006_0251
25.770089,-100.25464,0,0,0,
25.770089,-100.253643,0,0,0,
25.770089,-100.252646,0,0,0,
25.770089,-100.249655,1,1,0,
25.770089,-100.248658,1,1,0,
25.770089,-100.247661,1,1,0,
25.770089,-100.246664,1,1,0,
25.770089,-100.245667,1,1,0,
25.770089,-100.24467,2,2,0,
25.770089,-100.243673,1,1,0,
25.770089,-100.242676,1,1,0,
25.770089,-100.24168,1,1,0,
25.770089,-100.240683,1,1,0,
25.770089,-100.171894,0,0,0,
25.770089,-100.170897,0,0,0,
25.770089,-100.169901,0,0,0,
25.770089,-100.168904,0,0,0,
25.770089,-100.167907,0,0,0,
25.770089,-100.16691,0,0,0,
25.770089,-100.165913,0,0,0,
25.770089,-100.164916,0,0,0,
25.770089,-100.163919,0,0,0,
25.770089,-100.162922,0,0,0,
25.770089,-100.161925,0,0,0,
25.770089,-100.160928,0,0,0,
25.770089,-100.159931,0,0,0,
25.770089,-100.158934,0,0,0,
25.770089,-100.157937,0,0,0,
25.770089,-100.15694,0,0,0,
25.770089,-100.155944,0,0,0,
25.770089,-100.154947,0,0,0,
25.770089,-100.15395,0,0,0,
25.770089,-100.152953,0,0,0,
25.770089,-100.151956,0,0,0,
25.770993,-100.60855,1,1,0,
25.770993,-100.607553,1,1,0,
25.770993,-100.606556,1,1,0,
25.770993,-100.605559,1,1,0,
25.770993,-100.604562,1,1,0,
25.770993,-100.434087,1,1,0,
25.770993,-100.43309,1,1,0,
25.770993,-100.432093,1,1,0,
25.770993,-100.431096,1,1,0,
25.770993,-100.425115,0,0,0,
25.770993,-100.424118,0,0,0,
25.770993,-100.423121,0,0,0,
25.770993,-100.422124,0,0,0,
25.770993,-100.421127,0,0,0,19039_0550
25.770993,-100.42013,0,0,0,19039_0550
25.770993,-100.419133,0,0,0,19039_0550
25.770993,-100.418136,0,0,0,
25.770993,-100.417139,0,0,0,
25.770993,-100.416142,0,0,0,19039_0550
25.770993,-100.415145,0,0,0,19039_0550
25.770993,-100.414149,0,0,0,19039_0550
25.770993,-100.413152,0,0,0,19039_0550
25.770993,-100.412155,0,0,0,19039_0550
25.770993,-100.411158,0,0,0,
25.770993,-100.410161,0,0,0,
25.770993,-100.409164,0,0,0,
25.770993,-100.408167,0,0,0,
25.770993,-100.400192,2,2,0,
25.770993,-100.399195,1,1,0,
25.770993,-100.398198,2,2,0,
25.770993,-100.397201,2,2,0,
25.770993,-100.396204,1,1,0,
25.770993,-100.395207,1,1,0,
25.770993,-100.39421,1,1,0,
25.770993,-100.393213,1,1,0,
25.770993,-100.386234,1,1,0,
25.770993,-100.385238,1,1,0,
25.770993,-100.384241,1,1,0,
25.770993,-100.383244,1,1,0,
25.770993,-100.382247,0,0,0,19039_0292
25.770993,-100.38125,0,0,0,19039_0292
25.770993,-100.380253,0,0,0,19039_0292
25.770993,-100.379256,0,0,0,19039_0292
25.770993,-100.378259,0,0,0,19039_0292
25.770993,-100.377262,0,0,0,19039_0290
25.770993,-100.376265,0,0,0,19039_0290
25.770993,-100.375268,0,0,0,19039_0290
25.770993,-100.374271,0,0,0,19039_0290
25.770993,-100.373274,0,0,0,19039_0290
25.770993,-100.372277,0,0,0,19039_0167
25.770993,-100.371281,0,0,0,19039_0167
25.770993,-100.370284,0,0,0,19039_0295
25.770993,-100.369287,0,0,0,19039_0295
25.770993,-100.36829,0,0,0,19039_0295
25.770993,-100.367293,0,0,0,19039_0295
25.770993,-100.366296,0,0,0,19039_0250
25.770993,-100.365299,0,0,0,19039_0250
25.770993,-100.364302,0,0,0,19039_0321
25.770993,-100.363305,0,0,0,19039_0321
25.770993,-100.362308,0,0,0,19039_0321
25.770993,-100.361311,0,0,0,19039_0321
25.770993,-100.360314,0,0,0,19039_0321
25.770993,-100.359317,0,0,0,19039_0321
25.770993,-100.35832,0,0,0,19039_0321
25.770993,-100.357324,0,0,0,
25.770993,-100.356327,0,0,0,
25.770993,-100.35533,0,0,0,
25.770993,-100.335391,0,0,0,
25.770993,-100.334394,0,0,0,
25.770993,-100.333397,1,1,0,
25.770993,-100.3324,1,1,0,
25.770993,-100.331403,1,1,0,
25.770993,-100.330406,1,1,0,19021_0056
25.770993,-100.329409,1,1,0,
25.770993,-100.328413,1,1,0,
25.770993,-100.327416,1,1,0,
25.770993,-100.326419,1,1,0,
25.770993,-100.325422,1,1,0,
25.770993,-100.31944,1,1,0,
25.770993,-100.318443,1,1,0,
25.770993,-100.317446,1,1,0,
25.770993,-100.316449,1,1,0,
25.770993,-100.315452,1,1,0,
25.770993,-100.288535,1,1,0,
25.770993,-100.287538,1,1,0,
25.770993,-100.286541,1,1,0,
25.770993,-100.264609,1,1,0,
25.770993,-100.263612,1,1,0,
25.770993,-100.262615,1,1,0,
25.770993,-100.261618,1,1,0,
25.770993,-100.260621,1,1,0,
25.770993,-100.259624,1,1,0,
25.770993,-100.258627,1,1,0,
25.770993,-100.25763,0,0,0,
25.770993,-100.256634,0,0,0,
25.770993,-100.255637,0,0,0,
25.770993,-100.25464,0,0,0,
25.770993,-100.253643,0,0,0,
25.770993,-100.248658,1,1,0,
25.770993,-100.247661,1,1,0,
25.770993,-100.246664,1,1,0,
25.770993,-100.245667,2,2,0,
25.770993,-100.24467,2,2,0,
25.770993,-100.243673,1,1,0,
25.770993,-100.242676,1,1,0,
25.770993,-100.24168,1,1,0,
25.770993,-100.240683,1,1,0,
25.770993,-100.163919,0,0,0,
25.770993,-100.162922,0,0,0,
25.770993,-100.161925,0,0,0,
25.770993,-100.160928,0,0,0,
25.770993,-100.159931,0,0,0,
25.770993,-100.158934,0,0,0,
25.770993,-100.157937,0,0,0,
25.770993,-100.15694,0,0,0,
25.770993,-100.155944,0,0,0,
25.770993,-100.154947,0,0,0,
25.770993,-100.15395,0,0,0,
25.770993,-100.152953,0,0,0,
25.771898,-100.607553,1,1,0,
25.771898,-100.606556,1,1,0,
25.771898,-100.605559,1,1,0,
25.771898,-100.425115,0,0,0,
25.771898,-100.424118,0,0,0,
25.771898,-100.423121,0,0,0,
25.771898,-100.422124,0,0,0,
25.771898,-100.421127,0,0,0,19039_0550
25.771898,-100.42013,0,0,0,19039_0550
25.771898,-100.419133,0,0,0,19039_0550
25.771898,-100.418136,0,0,0,19039_0550
25.771898,-100.417139,0,0,0,19039_0550
25.771898,-100.416142,0,0,0,19039_0550
25.771898,-100.415145,0,0,0,19039_0550
25.771898,-100.414149,0,0,0,19039_0550
25.771898,-100.413152,0,0,0,19039_0550
25.771898,-100.412155,0,0,0,19039_0550
25.771898,-100.411158,0,0,0,19039_0550
25.771898,-100.410161,0,0,0,
25.771898,-100.409164,0,0,0,
25.771898,-100.408167,1,1,0,
25.771898,-100.40717,1,1,0,
25.771898,-100.406173,1,1,0,
25.771898,-100.405176,1,1,0,
25.771898,-100.404179,1,1,0,
25.771898,-100.397201,1,1,0,
25.771898,-100.396204,1,1,0,
25.771898,-100.395207,1,1,0,
25.771898,-100.39421,1,1,0,
25.771898,-100.387231,1,1,0,
25.771898,-100.386234,1,1,0,
25.771898,-100.385238,1,1,0,
25.771898,-100.384241,1,1,0,
25.771898,-100.383244,1,1,0,
25.771898,-100.382247,1,1,0,
25.771898,-100.38125,0,0,0,19039_0292
25.771898,-100.380253,0,0,0,19039_0292
25.771898,-100.379256,0,0,0,19039_0292
25.771898,-100.378259,0,0,0,19039_0290
25.771898,-100.377262,0,0,0,19039_0290
25.771898,-100.376265,0,0,0,19039_0290
25.771898,-100.375268,1,1,0,19039_0290
25.771898,-100.374271,0,0,0,19039_0290
25.771898,-100.373274,0,0,0,19039_0290
25.771898,-100.372277,0,0,0,19039_0167
25.771898,-100.371281,0,0,0,19039_0167
25.771898,-100.370284,0,0,0,19039_0167
25.771898,-100.369287,0,0,0,19039_0167
25.771898,-100.36829,0,0,0,19039_0295
25.771898,-100.367293,0,0,0,19039_0167
25.771898,-100.366296,0,0,0,19039_0167
25.771898,-100.365299,0,0,0,19039_0167
25.771898,-100.364302,0,0,0,19039_0321
25.771898,-100.363305,0,0,0,19039_0321
25.771898,-100.362308,0,0,0,19039_0321
25.771898,-100.361311,0,0,0,19039_0321
25.771898,-100.360314,0,0,0,19039_0321
25.771898,-100.359317,0,0,0,19039_0321
25.771898,-100.35832,0,0,0,19039_0321
25.771898,-100.357324,0,0,0,
25.771898,-100.356327,0,0,0,
25.771898,-100.35533,0,0,0,
25.771898,-100.335391,0,0,0,
25.771898,-100.334394,0,0,0,
25.771898,-100.333397,0,0,0,
25.771898,-100.3324,0,0,0,19021_0056
25.771898,-100.331403,0,0,0,19021_0056
25.771898,-100.330406,0,0,0,19021_0056
25.771898,-100.329409,0,0,0,
25.771898,-100.328413,1,1,0,
25.771898,-100.327416,1,1,0,
25.771898,-100.326419,1,1,0,
25.771898,-100.325422,1,1,0,
25.771898,-100.324425,1,1,0,
25.771898,-100.31944,1,1,0,
25.771898,-100.318443,1,1,0,
25.771898,-100.317446,1,1,0,
25.771898,-100.316449,1,1,0,
25.771898,-100.315452,1,1,0,
25.771898,-100.314455,1,1,0,
25.771898,-100.263612,1,1,0,
25.771898,-100.262615,1,1,0,
25.771898,-100.261618,1,1,0,
25.771898,-100.260621,1,1,0,
25.771898,-100.259624,1,1,0,
25.771898,-100.258627,0,0,0,
25.771898,-100.25763,0,0,0,
25.771898,-100.256634,0,0,0,
25.771898,-100.255637,0,0,0,
25.771898,-100.25464,0,0,0,
25.771898,-100.253643,0,0,0,
25.771898,-100.246664,1,1,0,
25.771898,-100.245667,1,1,0,
25.771898,-100.24467,1,1,0,
25.771898,-100.243673,1,1,0,
25.771898,-100.242676,1,1,0,
25.771898,-100.24168,1,1,0,
25.771898,-100.240683,1,1,0,
25.772802,-100.424118,0,0,0,
25.772802,-100.423121,0,0,0,
25.772802,-100.422124,0,0,0,
25.772802,-100.421127,0,0,0,19039_0550
25.772802,-100.42013,0,0,0,19039_0550
25.772802,-100.419133,0,0,0,19039_0550
25.772802,-100.418136,0,0,0,19039_0550
25.772802,-100.417139,0,0,0,19039_0550
25.772802,-100.416142,0,0,0,19039_0550
25.772802,-100.415145,0,0,0,19039_0550
25.772802,-100.414149,0,0,0,
25.772802,-100.413152,0,0,0,
25.772802,-100.412155,0,0,0,19039_0550
25.772802,-100.411158,0,0,0,
25.772802,-100.410161,0,0,0,
25.772802,-100.409164,0,0,0,
25.772802,-100.408167,1,1,0,
25.772802,-100.40717,1,1,0,
25.772802,-100.406173,1,1,0,
25.772802,-100.405176,1,1,0,
25.772802,-100.404179,1,1,0,
25.772802,-100.395207,1,1,0,
25.772802,-100.39421,1,1,0,
25.772802,-100.393213,1,1,0,
25.772802,-100.387231,2,2,0,
25.772802,-100.386234,2,2,0,
25.772802,-100.385238,2,2,0,
25.772802,-100.384241,1,1,0,
25.772802,-100.383244,1,1,0,
25.772802,-100.382247,1,1,0,
25.772802,-100.38125,0,0,0,
25.772802,-100.380253,0,0,0,19039_0292
25.772802,-100.379256,0,0,0,19039_0290
25.772802,-100.378259,0,0,0,19039_0290
25.772802,-100.377262,1,1,0,19039_0290
25.772802,-100.376265,1,1,0,19039_0290
25.772802,-100.375268,1,1,0,19039_0290
25.772802,-100.374271,1,1,0,19039_0290
25.772802,-100.373274,0,0,0,19039_0167
25.772802,-100.372277,0,0,0,19039_0167
25.772802,-100.371281,0,0,0,19039_0167
25.772802,-100.370284,0,0,0,19039_0167
25.772802,-100.369287,0,0,0,19039_0167
25.772802,-100.36829,0,0,0,19039_0167
25.772802,-100.367293,0,0,0,19039_0167
25.772802,-100.366296,0,0,0,19039_0167
25.772802,-100.365299,0,0,0,19039_0167
25.772802,-100.364302,0,0,0,19039_0167
25.772802,-100.363305,0,0,0,19039_0167
25.772802,-100.362308,0,0,0,19039_0321
25.772802,-100.361311,0,0,0,19039_0321
25.772802,-100.360314,0,0,0,19039_0321
25.772802,-100.359317,0,0,0,19039_0321
25.772802,-100.35832,0,0,0,
25.772802,-100.357324,0,0,0,
25.772802,-100.356327,0,0,0,
25.772802,-100.35533,0,0,0,
25.772802,-100.334394,0,0,0,
25.772802,-100.333397,0,0,0,
25.772802,-100.3324,0,0,0,
25.772802,-100.331403,0,0,0,19021_0056
25.772802,-100.330406,0,0,0,19021_0056
25.772802,-100.329409,1,1,0,19021_0056
25.772802,-100.328413,1,1,0,
25.772802,-100.327416,1,1,0,
25.772802,-100.326419,1,1,0,
25.772802,-100.325422,1,1,0,
25.772802,-100.324425,1,1,0,
25.772802,-100.31944,1,1,0,
25.772802,-100.318443,1,1,0,
25.772802,-100.317446,1,1,0,
25.772802,-100.316449,1,1,0,
25.772802,-100.315452,1,1,0,
25.772802,-100.261618,1,1,0,
25.772802,-100.260621,1,1,0,
25.772802,-100.259624,0,0,0,
25.772802,-100.258627,0,0,0,
25.772802,-100.25763,0,0,0,
25.772802,-100.256634,0,0,0,
25.772802,-100.255637,0,0,0,
25.772802,-100.24467,1,1,0,
25.772802,-100.243673,1,1,0,
25.772802,-100.242676,1,1,0,
25.772802,-100.24168,1,1,0,
25.772802,-100.240683,1,1,0,
25.773706,-100.424118,0,0,0,
25.773706,-100.423121,0,0,0,
25.773706,-100.422124,0,0,0,
25.773706,-100.421127,0,0,0,19039_0550
25.773706,-100.42013,0,0,0,19039_0550
25.773706,-100.419133,0,0,0,
25.773706,-100.418136,0,0,0,
25.773706,-100.417139,0,0,0,
25.773706,-100.416142,0,0,0,
25.773706,-100.415145,0,0,0,
25.773706,-100.414149,0,0,0,
25.773706,-100.413152,0,0,0,
25.773706,-100.412155,0,0,0,
25.773706,-100.411158,0,0,0,
25.773706,-100.410161,0,0,0,
25.773706,-100.409164,0,0,0,
25.773706,-100.408167,1,1,0,
25.773706,-100.40717,1,1,0,
25.773706,-100.406173,1,1,0,
25.773706,-100.405176,1,1,0,
25.773706,-100.404179,1,1,0,
25.773706,-100.403182,1,1,0,
25.773706,-100.396204,1,1,0,
25.773706,-100.395207,1,1,0,
25.773706,-100.39421,1,1,0,
25.773706,-100.393213,1,1,0,
25.773706,-100.392216,1,1,0,
25.773706,-100.388228,2,2,0,
25.773706,-100.387231,2,2,0,
25.773706,-100.386234,2,2,0,
25.773706,-100.385238,2,2,0,
25.773706,-100.384241,2,2,0,
25.773706,-100.383244,1,1,0,
25.773706,-100.382247,1,1,0,
25.773706,-100.38125,0,0,0,
25.773706,-100.380253,0,0,0,
25.773706,-100.379256,0,0,0,19039_0290
25.773706,-100.378259,1,1,0,19039_0290
25.773706,-100.377262,1,1,0,19039_0290
25.773706,-100.376265,1,1,0,19039_0290
25.773706,-100.375268,1,1,0,19039_0290
25.773706,-100.374271,1,1,0,19039_0290
25.773706,-100.373274,1,1,0,19039_0167
25.773706,-100.372277,0,0,0,19039_0167
25.773706,-100.371281,0,0,0,19039_0167
25.773706,-100.370284,0,0,0,19039_0167
25.773706,-100.369287,0,0,0,19039_0167
25.773706,-100.36829,0,0,0,19039_0167
25.773706,-100.367293,0,0,0,19039_0167
25.773706,-100.366296,0,0,0,19039_0167
25.773706,-100.365299,0,0,0,19039_0167
25.773706,-100.364302,0,0,0,19039_0167
25.773706,-100.363305,0,0,0,19039_0167
25.773706,-100.362308,0,0,0,19039_0167
25.773706,-100.361311,0,0,0,
25.773706,-100.360314,0,0,0,19039_0321
25.773706,-100.359317,0,0,0,
25.773706,-100.35832,0,0,0,
25.773706,-100.357324,0,0,0,
25.773706,-100.356327,0,0,0,
25.773706,-100.334394,0,0,0,
25.773706,-100.333397,0,0,0,
25.773706,-100.3324,0,0,0,
25.773706,-100.331403,0,0,0,19021_0056
25.773706,-100.330406,0,0,0,19021_0056
25.773706,-100.329409,1,1,0,19021_0056
25.773706,-100.328413,1,1,0,
25.773706,-100.327416,1,1,0,
25.773706,-100.326419,1,1,0,
25.773706,-100.325422,1,1,0,
25.773706,-100.324425,1,1,0,
25.773706,-100.318443,1,1,0,
25.773706,-100.317446,1,1,0,
25.773706,-100.316449,1,1,0,
25.773706,-100.315452,1,1,0,
25.773706,-100.259624,0,0,0,
25.773706,-100.258627,0,0,0,
25.773706,-100.25763,0,0,0,
25.773706,-100.256634,0,0,0,
25.773706,-100.252646,1,1,0,
25.773706,-100.251649,1,1,0,
25.773706,-100.250652,1,1,0,
25.773706,-100.249655,1,1,0,
25.773706,-100.248658,1,1,0,
25.773706,-100.247661,1,1,0,
25.773706,-100.246664,1,1,0,
25.773706,-100.243673,1,1,0,
25.773706,-100.242676,1,1,0,
25.773706,-100.24168,1,1,0,
25.774611,-100.59559,1,1,0,
25.774611,-100.594593,1,1,0,
25.774611,-100.593596,1,1,0,
25.774611,-100.424118,0,0,0,
25.774611,-100.423121,0,0,0,
25.774611,-100.422124,0,0,0,
25.774611,-100.421127,0,0,0,
25.774611,-100.42013,0,0,0,
25.774611,-100.419133,0,0,0,
25.774611,-100.418136,0,0,0,
25.774611,-100.417139,0,0,0,
25.774611,-100.416142,0,0,0,
25.774611,-100.415145,0,0,0,
25.774611,-100.414149,0,0,0,
25.774611,-100.413152,0,0,0,
25.774611,-100.412155,0,0,0,
25.774611,-100.411158,0,0,0,
25.774611,-100.410161,0,0,0,
25.774611,-100.409164,0,0,0,
25.774611,-100.408167,1,1,0,
25.774611,-100.40717,1,1,0,
25.774611,-100.406173,1,1,0,
25.774611,-100.405176,1,1,0,
25.774611,-100.404179,1,1,0,
25.774611,-100.403182,1,1,0,
25.774611,-100.402185,1,1,0,
25.774611,-100.396204,1,1,0,
25.774611,-100.395207,1,1,0,
25.774611,-100.39421,1,1,0,
25.774611,-100.393213,1,1,0,
25.774611,-100.392216,1,1,0,
25.774611,-100.391219,1,1,0,
25.774611,-100.390222,1,1,0,
25.774611,-100.389225,1,1,0,
25.774611,-100.388228,2,2,0,
25.774611,-100.387231,3,3,0,
25.774611,-100.386234,3,3,0,
25.774611,-100.385238,2,2,0,
25.774611,-100.384241,2,2,0,
25.774611,-100.383244,1,1,0,
25.774611,-100.382247,1,1,0,
25.774611,-100.38125,0,0,0,
25.774611,-100.380253,0,0,0,
25.774611,-100.379256,0,0,0,19039_0290
25.774611,-100.378259,1,1,0,19039_0290
25.774611,-100.377262,1,1,0,19039_0290
25.774611,-100.376265,1,1,0,19039_0290
25.774611,-100.375268,1,1,0,19039_0290
25.774611,-100.374271,1,1,0,19039_0290
25.774611,-100.373274,1,1,0,19039_0167
25.774611,-100.372277,0,0,0,19039_0167
25.774611,-100.371281,0,0,0,19039_0167
25.774611,-100.370284,0,0,0,19039_0167
25.774611,-100.369287,0,0,0,19039_0167
25.774611,-100.36829,0,0,0,19039_0167
25.774611,-100.367293,0,0,0,19039_0167
25.774611,-100.366296,0,0,0,19039_0167
25.774611,-100.365299,0,0,0,19039_0167
25.774611,-100.364302,0,0,0,19039_0167
25.774611,-100.363305,0,0,0,19039_0167
25.774611,-100.362308,0,0,0,19039_0167
25.774611,-100.361311,0,0,0,
25.774611,-100.360314,0,0,0,
25.774611,-100.359317,0,0,0,
25.774611,-100.35832,0,0,0,
25.774611,-100.357324,0,0,0,
25.774611,-100.356327,0,0,0,
25.774611,-100.334394,0,0,0,
25.774611,-100.333397,0,0,0,
25.774611,-100.3324,0,0,0,
25.774611,-100.331403,0,0,0,19021_0056
25.774611,-100.330406,0,0,0,19021_0056
25.774611,-100.329409,0,0,0,19021_0056
25.774611,-100.328413,1,1,0,
25.774611,-100.327416,1,1,0,
25.774611,-100.326419,1,1,0,
25.774611,-100.325422,1,1,0,
25.774611,-100.324425,1,1,0,
25.774611,-100.260621,0,0,0,
25.774611,-100.259624,0,0,0,
25.774611,-100.258627,0,0,0,
25.774611,-100.25763,0,0,0,
25.774611,-100.256634,0,0,0,
25.774611,-100.255637,0,0,0,
25.774611,-100.253643,1,1,0,
25.774611,-100.252646,1,1,0,
25.774611,-100.251649,1,1,0,
25.774611,-100.250652,1,1,0,
25.774611,-100.249655,2,2,0,
25.774611,-100.248658,2,2,0,
25.774611,-100.247661,1,1,0,
25.774611,-100.246664,2,2,0,
25.774611,-100.245667,2,2,0,
25.775515,-100.596587,1,1,0,
25.775515,-100.59559,1,1,0,
25.775515,-100.594593,1,1,0,
25.775515,-100.593596,1,1,0,
25.775515,-100.592599,1,1,0,
25.775515,-100.423121,0,0,0,
25.775515,-100.422124,0,0,0,
25.775515,-100.421127,0,0,0,
25.775515,-100.42013,0,0,0,
25.775515,-100.419133,0,0,0,
25.775515,-100.418136,0,0,0,
25.775515,-100.417139,0,0,0,
25.775515,-100.416142,0,0,0,
25.775515,-100.415145,0,0,0,
25.775515,-100.413152,0,0,0,
25.775515,-100.412155,0,0,0,
25.775515,-100.411158,0,0,0,
25.775515,-100.408167,1,1,0,
25.775515,-100.40717,1,1,0,
25.775515,-100.406173,1,1,0,
25.775515,-100.405176,1,1,0,
25.775515,-100.404179,2,2,0,
25.775515,-100.403182,1,1,0,
25.775515,-100.402185,1,1,0,
25.775515,-100.401188,1,1,0,
25.775515,-100.396204,1,1,0,
25.775515,-100.395207,1,1,0,
25.775515,-100.39421,1,1,0,
25.775515,-100.393213,1,1,0,
25.775515,-100.392216,1,1,0,
25.775515,-100.391219,1,1,0,
25.775515,-100.390222,1,1,0,
25.775515,-100.389225,1,1,0,
25.775515,-100.388228,2,2,0,
25.775515,-100.387231,2,2,0,
25.775515,-100.386234,3,3,0,
25.775515,-100.385238,2,2,0,
25.775515,-100.384241,2,2,0,
25.775515,-100.383244,1,1,0,
25.775515,-100.382247,0,0,0,
25.775515,-100.38125,0,0,0,
25.775515,-100.380253,0,0,0,
25.775515,-100.379256,0,0,0,
25.775515,-100.378259,2,2,0,19039_0290
25.775515,-100.377262,2,2,0,19039_0290
25.775515,-100.376265,1,1,0,19039_0290
25.775515,-100.375268,1,1,0,19039_0290
25.775515,-100.374271,2,2,0,19039_0167
25.775515,-100.373274,2,2,0,19039_0167
25.775515,-100.372277,1,1,0,19039_0167
25.775515,-100.371281,0,0,0,19039_0167
25.775515,-100.370284,0,0,0,19039_0167
25.775515,-100.369287,0,0,0,19039_0167
25.775515,-100.36829,0,0,0,19039_0167
25.775515,-100.367293,0,0,0,19039_0167
25.775515,-100.366296,0,0,0,19039_0167
25.775515,-100.365299,0,0,0,19039_0167
25.775515,-100.364302,0,0,0,19039_0167
25.775515,-100.363305,0,0,0,19039_0167
25.775515,-100.362308,0,0,0,
25.775515,-100.361311,0,0,0,
25.775515,-100.360314,0,0,0,
25.775515,-100.359317,0,0,0,
25.775515,-100.35832,0,0,0,
25.775515,-100.357324,0,0,0,
25.775515,-100.334394,0,0,0,
25.775515,-100.333397,0,0,0,
25.775515,-100.3324,0,0,0,
25.775515,-100.331403,0,0,0,19021_0056
25.775515,-100.330406,0,0,0,19021_0056
25.775515,-100.329409,0,0,0,19021_0056
25.775515,-100.328413,0,0,0,
25.775515,-100.327416,1,1,0,
25.775515,-100.326419,1,1,0,
25.775515,-100.325422,1,1,0,
25.775515,-100.322431,1,1,0,
25.775515,-100.321434,1,1,0,
25.775515,-100.320437,1,1,0,
25.775515,-100.31944,1,1,0,
25.775515,-100.260621,0,0,0,
25.775515,-100.259624,0,0,0,
25.775515,-100.258627,0,0,0,
25.775515,-100.25763,0,0,0,
25.775515,-100.256634,0,0,0,
25.775515,-100.255637,0,0,0,
25.775515,-100.25464,0,0,0,
25.775515,-100.253643,1,1,0,
25.775515,-100.252646,1,1,0,
25.775515,-100.251649,1,1,0,
25.775515,-100.250652,1,1,0,
25.775515,-100.249655,2,2,0,
25.775515,-100.248658,2,2,0,
25.775515,-100.247661,2,2,0,
25.775515,-100.246664,2,2,0,
25.775515,-100.245667,2,2,0,
25.775515,-100.24467,1,1,0,
25.775515,-100.184855,1,1,0,
25.776419,-100.597584,1,1,0,
25.776419,-100.596587,1,1,0,
25.776419,-100.59559,2,2,0,
25.776419,-100.594593,2,2,0,
25.776419,-100.593596,2,2,0,
25.776419,-100.592599,2,2,0,
25.776419,-100.435084,1,1,0,
25.776419,-100.434087,1,1,0,
25.776419,-100.43309,1,1,0,
25.776419,-100.422124,0,0,0,
25.776419,-100.421127,0,0,0,
25.776419,-100.42013,0,0,0,
25.776419,-100.419133,0,0,0,
25.776419,-100.406173,1,1,0,
25.776419,-100.405176,1,1,0,
25.776419,-100.404179,1,1,0,
25.776419,-100.403182,1,1,0,
25.776419,-100.402185,1,1,0,
25.776419,-100.401188,1,1,0,
25.776419,-100.400192,1,1,0,
25.776419,-100.396204,1,1,0,
25.776419,-100.395207,1,1,0,
25.776419,-100.39421,1,1,0,
25.776419,-100.393213,1,1,0,
25.776419,-100.392216,1,1,0,
25.776419,-100.391219,1,1,0,
25.776419,-100.390222,1,1,0,
25.776419,-100.389225,1,1,0,
25.776419,-100.388228,2,2,0,
25.776419,-100.387231,2,2,0,
25.776419,-100.386234,2,2,0,
25.776419,-100.385238,1,1,0,
25.776419,-100.384241,1,1,0,
25.776419,-100.38125,0,0,0,
25.776419,-100.380253,0,0,0,
25.776419,-100.379256,1,1,0,
25.776419,-100.378259,1,1,0,
25.776419,-100.377262,2,2,0,19039_0290
25.776419,-100.376265,2,2,0,19039_0290
25.776419,-100.375268,3,3,0,19039_0290
25.776419,-100.374271,2,2,0,19039_0167
25.776419,-100.373274,1,1,0,19039_0167
25.776419,-100.372277,1,1,0,19039_0167
25.776419,-100.371281,1,1,0,19039_0167
25.776419,-100.370284,0,0,0,19039_0167
25.776419,-100.369287,0,0,0,19039_0167
25.776419,-100.36829,0,0,0,19039_0167
25.776419,-100.367293,0,0,0,19039_0167
25.776419,-100.366296,0,0,0,19039_0167
25.776419,-100.365299,0,0,0,19039_0167
25.776419,-100.364302,0,0,0,19039_0167
25.776419,-100.363305,0,0,0,19039_0167
25.776419,-100.362308,0,0,0,
25.776419,-100.361311,0,0,0,
25.776419,-100.360314,0,0,0,
25.776419,-100.359317,0,0,0,
25.776419,-100.35832,0,0,0,
25.776419,-100.334394,0,0,0,
25.776419,-100.333397,0,0,0,
25.776419,-100.3324,0,0,0,
25.776419,-100.331403,0,0,0,19021_0056
25.776419,-100.330406,0,0,0,19021_0056
25.776419,-100.329409,0,0,0,19021_0056
25.776419,-100.328413,0,0,0,
25.776419,-100.327416,0,0,0,
25.776419,-100.326419,0,0,0,
25.776419,-100.322431,1,1,0,
25.776419,-100.321434,1,1,0,
25.776419,-100.320437,1,1,0,
25.776419,-100.31944,1,1,0,
25.776419,-100.318443,1,1,0,
25.776419,-100.260621,0,0,0,
25.776419,-100.259624,0,0,0,
25.776419,-100.258627,0,0,0,
25.776419,-100.25763,0,0,0,19006_0361
25.776419,-100.256634,0,0,0,
25.776419,-100.255637,0,0,0,
25.776419,-100.25464,0,0,0,
25.776419,-100.253643,1,1,0,
25.776419,-100.252646,2,2,0,
25.776419,-100.251649,2,2,0,
25.776419,-100.250652,1,1,0,
25.776419,-100.249655,2,2,0,
25.776419,-100.248658,3,3,0,
25.776419,-100.247661,2,2,0,
25.776419,-100.246664,2,2,0,
25.776419,-100.245667,2,2,0,
25.776419,-100.24467,2,2,0,
25.776419,-100.243673,1,1,0,
25.776419,-100.236695,1,1,0,
25.776419,-100.235698,1,1,0,
25.776419,-100.234701,1,1,0,
25.776419,-100.233704,1,1,0,
25.776419,-100.194824,1,1,0,
25.776419,-100.186848,1,1,0,
25.776419,-100.185851,1,1,0,
25.776419,-100.184855,1,1,0,
25.776419,-100.183858,1,1,0,
25.776419,-100.182861,1,1,0,
25.777324,-100.597584,1,1,0,
25.777324,-100.596587,2,2,0,
25.777324,-100.59559,2,2,0,
25.777324,-100.594593,2,2,0,
25.777324,-100.593596,3,3,0,
25.777324,-100.592599,3,3,0,
25.777324,-100.591602,1,1,0,
25.777324,-100.436081,1,1,0,
25.777324,-100.435084,1,1,0,
25.777324,-100.434087,1,1,0,
25.777324,-100.43309,1,1,0,
25.777324,-100.432093,1,1,0,
25.777324,-100.408167,1,1,0,
25.777324,-100.40717,1,1,0,
25.777324,-100.406173,1,1,0,
25.777324,-100.405176,1,1,0,
25.777324,-100.404179,1,1,0,
25.777324,-100.403182,1,1,0,
25.777324,-100.402185,1,1,0,
25.777324,-100.401188,1,1,0,
25.777324,-100.400192,1,1,0,
25.777324,-100.395207,1,1,0,
25.777324,-100.39421,1,1,0,
25.777324,-100.393213,1,1,0,
25.777324,-100.391219,1,1,0,
25.777324,-100.390222,2,2,0,
25.777324,-100.389225,2,2,0,
25.777324,-100.388228,1,1,0,
25.777324,-100.387231,2,2,0,
25.777324,-100.386234,2,2,0,
25.777324,-100.385238,1,1,0,
25.777324,-100.382247,1,1,0,
25.777324,-100.38125,2,2,0,
25.777324,-100.380253,3,3,0,
25.777324,-100.379256,2,2,0,
25.777324,-100.378259,1,1,0,
25.777324,-100.377262,1,1,0,
25.777324,-100.376265,2,2,0,19039_0290
25.777324,-100.375268,2,2,0,19039_0167
25.777324,-100.374271,1,1,0,19039_0167
25.777324,-100.373274,1,1,0,19039_0167
25.777324,-100.372277,1,1,0,19039_0167
25.777324,-100.371281,1,1,0,19039_0167
25.777324,-100.370284,0,0,0,19039_0167
25.777324,-100.369287,0,0,0,19039_0167
25.777324,-100.36829,0,0,0,19039_0167
25.777324,-100.367293,0,0,0,19039_0167
25.777324,-100.366296,0,0,0,19039_0167
25.777324,-100.365299,0,0,0,19039_0167
25.777324,-100.364302,0,0,0,19039_0167
25.777324,-100.363305,0,0,0,19039_0167
25.777324,-100.362308,0,0,0,
25.777324,-100.361311,0,0,0,
25.777324,-100.360314,0,0,0,
25.777324,-100.359317,0,0,0,
25.777324,-100.333397,0,0,0,
25.777324,-100.3324,1,1,0,
25.777324,-100.331403,1,1,0,
25.777324,-100.330406,1,1,0,19021_0056
25.777324,-100.329409,1,1,0,19021_0056
25.777324,-100.328413,0,0,0,19021_0057
25.777324,-100.327416,0,0,0,
25.777324,-100.326419,0,0,0,
25.777324,-100.325422,0,0,0,
25.777324,-100.323428,1,1,0,
25.777324,-100.322431,1,1,0,
25.777324,-100.321434,1,1,0,
25.777324,-100.320437,1,1,0,
25.777324,-100.31944,1,1,0,
25.777324,-100.318443,1,1,0,
25.777324,-100.260621,0,0,0,
25.777324,-100.259624,0,0,0,
25.777324,-100.258627,0,0,0,
25.777324,-100.25763,0,0,0,19006_0361
25.777324,-100.256634,0,0,0,19006_0361
25.777324,-100.255637,0,0,0,
25.777324,-100.25464,0,0,0,
25.777324,-100.253643,2,2,0,
25.777324,-100.252646,2,2,0,
25.777324,-100.251649,2,2,0,
25.777324,-100.250652,2,2,0,
25.777324,-100.249655,2,2,0,
25.777324,-100.248658,2,2,0,
25.777324,-100.247661,2,2,0,
25.777324,-100.246664,2,2,0,
25.777324,-100.245667,3,3,0,
25.777324,-100.24467,2,2,0,
25.777324,-100.243673,3,3,0,
25.777324,-100.242676,2,2,0,
25.777324,-100.24168,1,1,0,
25.777324,-100.237692,1,1,0,
25.777324,-100.236695,1,1,0,
25.777324,-100.235698,1,1,0,
25.777324,-100.234701,1,1,0,
25.777324,-100.233704,1,1,0,
25.777324,-100.232707,1,1,0,
25.777324,-100.196818,1,1,0,
25.777324,-100.195821,1,1,0,
25.777324,-100.194824,1,1,0,
25.777324,-100.193827,2,2,0,
25.777324,-100.19283,2,2,0,
25.777324,-100.191833,1,1,0,
25.777324,-100.190836,1,1,0,
25.777324,-100.186848,1,1,0,
25.777324,-100.185851,1,1,0,
25.777324,-100.184855,1,1,0,
25.777324,-100.183858,2,2,0,
25.777324,-100.182861,2,2,0,
25.777324,-100.181864,1,1,0,
25.778228,-100.596587,2,2,0,
25.778228,-100.59559,2,2,0,
25.778228,-100.594593,3,3,0,
25.778228,-100.593596,3,3,0,
25.778228,-100.592599,3,3,0,
25.778228,-100.591602,2,2,0,
25.778228,-100.590605,1,1,0,
25.778228,-100.502875,1,1,0,
25.778228,-100.501878,1,1,0,
25.778228,-100.500881,1,1,0,
25.778228,-100.436081,1,1,0,
25.778228,-100.435084,1,1,0,
25.778228,-100.434087,1,1,0,
25.778228,-100.43309,1,1,0,
25.778228,-100.432093,1,1,0,
25.778228,-100.414149,1,1,0,
25.778228,-100.413152,1,1,0,
25.778228,-100.412155,1,1,0,
25.778228,-100.411158,1,1,0,
25.778228,-100.409164,1,1,0,
25.778228,-100.408167,1,1,0,
25.778228,-100.40717,1,1,0,
25.778228,-100.406173,1,1,0,
25.778228,-100.405176,2,2,0,
25.778228,-100.404179,1,1,0,
25.778228,-100.403182,1,1,0,
25.778228,-100.402185,1,1,0,
25.778228,-100.401188,1,1,0,
25.778228,-100.400192,1,1,0,
25.778228,-100.392216,1,1,0,
25.778228,-100.391219,1,1,0,
25.778228,-100.390222,2,2,0,
25.778228,-100.389225,2,2,0,
25.778228,-100.388228,2,2,0,
25.778228,-100.387231,1,1,0,
25.778228,-100.383244,1,1,0,
25.778228,-100.382247,2,2,0,
25.778228,-100.38125,2,2,0,
25.778228,-100.380253,3,3,0,
25.778228,-100.379256,3,3,0,
25.778228,-100.378259,2,2,0,
25.778228,-100.377262,1,1,0,
25.778228,-100.376265,2,2,0,
25.778228,-100.375268,2,2,0,19039_0167
25.778228,-100.374271,1,1,0,19039_0167
25.778228,-100.373274,1,1,0,19039_0167
25.778228,-100.372277,1,1,0,19039_0167
25.778228,-100.371281,1,1,0,19039_0167
25.778228,-100.370284,0,0,0,19039_0167
25.778228,-100.369287,0,0,0,19039_0167
25.778228,-100.36829,0,0,0,19039_0167
25.778228,-100.367293,0,0,0,19039_0167
25.778228,-100.366296,0,0,0,19039_0167
25.778228,-100.365299,0,0,0,19039_0167
25.778228,-100.364302,0,0,0,19039_0167
25.778228,-100.363305,0,0,0,
25.778228,-100.362308,0,0,0,
25.778228,-100.361311,0,0,0,
25.778228,-100.360314,0,0,0,
25.778228,-100.359317,0,0,0,
25.778228,-100.333397,1,1,0,
25.778228,-100.3324,1,1,0,
25.778228,-100.331403,1,1,0,
25.778228,-100.330406,1,1,0,19021_0056
25.778228,-100.329409,1,1,0,19021_0056
25.778228,-100.328413,0,0,0,19021_0057
25.778228,-100.327416,0,0,0,
25.778228,-100.326419,0,0,0,
25.778228,-100.325422,0,0,0,
25.778228,-100.323428,1,1,0,
25.778228,-100.322431,1,1,0,
25.778228,-100.321434,1,1,0,
25.778228,-100.320437,1,1,0,
25.778228,-100.31944,1,1,0,
25.778228,-100.318443,1,1,0,
25.778228,-100.260621,0,0,0,
25.778228,-100.259624,0,0,0,
25.778228,-100.258627,0,0,0,
25.778228,-100.25763,0,0,0,19006_0361
25.778228,-100.256634,0,0,0,19006_0361
25.778228,-100.255637,0,0,0,
25.778228,-100.25464,1,1,0,
25.778228,-100.253643,1,1,0,
25.778228,-100.252646,1,1,0,
25.778228,-100.251649,2,2,0,
25.778228,-100.250652,2,2,0,
25.778228,-100.249655,1,1,0,
25.778228,-100.248658,3,3,0,
25.778228,-100.247661,3,3,0,
25.778228,-100.246664,4,4,0,
25.778228,-100.245667,3,3,0,
25.778228,-100.24467,3,3,0,
25.778228,-100.243673,3,3,0,
25.778228,-100.242676,2,2,0,
25.778228,-100.24168,2,2,0,
25.778228,-100.240683,1,1,0,
25.778228,-100.238689,1,1,0,
25.778228,-100.237692,2,2,0,
25.778228,-100.236695,2,2,0,
25.778228,-100.235698,2,2,0,
25.778228,-100.234701,1,1,0,
25.778228,-100.233704,1,1,0,
25.778228,-100.232707,1,1,0,
25.778228,-100.196818,1,1,0,
25.778228,-100.195821,1,1,0,
25.778228,-100.194824,2,2,0,
25.778228,-100.193827,2,2,0,
25.778228,-100.19283,2,2,0,
25.778228,-100.191833,1,1,0,
25.778228,-100.190836,1,1,0,
25.778228,-100.189839,1,1,0,
25.778228,-100.186848,1,1,0,
25.778228,-100.185851,1,1,0,
25.778228,-100.184855,2,2,0,
25.778228,-100.183858,2,2,0,
25.778228,-100.182861,2,2,0,
25.778228,-100.181864,2,2,0,
25.778228,-100.180867,1,1,0,
25.779133,-100.596587,2,2,0,
25.779133,-100.59559,2,2,0,
25.779133,-100.594593,3,3,0,
25.779133,-100.593596,3,3,0,
25.779133,-100.592599,2,2,0,
25.779133,-100.591602,2,2,0,
25.779133,-100.590605,1,1,0,
25.779133,-100.589608,1,1,0,
25.779133,-100.503872,1,1,0,
25.779133,-100.502875,1,1,0,
25.779133,-100.501878,1,1,0,
25.779133,-100.500881,1,1,0,
25.779133,-100.499885,1,1,0,
25.779133,-100.436081,2,2,0,
25.779133,-100.435084,2,2,0,
25.779133,-100.434087,2,2,0,
25.779133,-100.43309,2,2,0,
25.779133,-100.432093,1,1,0,
25.779133,-100.431096,2,2,0,
25.779133,-100.430099,1,1,0,
25.779133,-100.429103,1,1,0,
25.779133,-100.428106,1,1,0,
25.779133,-100.415145,1,1,0,
25.779133,-100.414149,1,1,0,
25.779133,-100.413152,1,1,0,
25.779133,-100.412155,1,1,0,
25.779133,-100.411158,1,1,0,
25.779133,-100.410161,1,1,0,
25.779133,-100.409164,1,1,0,
25.779133,-100.408167,1,1,0,
25.779133,-100.40717,1,1,0,
25.779133,-100.406173,1,1,0,
25.779133,-100.405176,1,1,0,
25.779133,-100.404179,2,2,0,
25.779133,-100.403182,1,1,0,
25.779133,-100.402185,1,1,0,
25.779133,-100.401188,1,1,0,
25.779133,-100.393213,1,1,0,
25.779133,-100.392216,1,1,0,
25.779133,-100.391219,1,1,0,
25.779133,-100.390222,1,1,0,
25.779133,-100.389225,1,1,0,
25.779133,-100.388228,1,1,0,
25.779133,-100.383244,2,2,0,
25.779133,-100.382247,2,2,0,
25.779133,-100.38125,2,2,0,
25.779133,-100.380253,3,3,0,
25.779133,-100.379256,3,3,0,
25.779133,-100.378259,3,3,0,
25.779133,-100.377262,1,1,0,
25.779133,-100.376265,1,1,0,19039_0167
25.779133,-100.375268,2,2,0,19039_0167
25.779133,-100.374271,1,1,0,19039_0167
25.779133,-100.373274,1,1,0,19039_0167
25.779133,-100.372277,1,1,0,19039_0167
25.779133,-100.371281,1,1,0,19039_0167
25.779133,-100.370284,0,0,0,19039_0167
25.779133,-100.369287,0,0,0,19039_0167
25.779133,-100.36829,0,0,0,19039_0167
25.779133,-100.367293,0,0,0,
25.779133,-100.366296,0,0,0,
25.779133,-100.365299,0,0,0,
25.779133,-100.364302,0,0,0,
25.779133,-100.363305,0,0,0,
25.779133,-100.362308,0,0,0,
25.779133,-100.361311,0,0,0,
25.779133,-100.360314,0,0,0,
25.779133,-100.359317,0,0,0,
25.779133,-100.333397,1,1,0,
25.779133,-100.3324,1,1,0,
25.779133,-100.331403,1,1,0,
25.779133,-100.330406,2,2,0,19021_0056
25.779133,-100.329409,2,2,0,19021_0056
25.779133,-100.328413,2,2,0,19021_0057
25.779133,-100.327416,1,1,0,
25.779133,-100.326419,0,0,0,
25.779133,-100.325422,0,0,0,
25.779133,-100.322431,1,1,0,
25.779133,-100.321434,1,1,0,
25.779133,-100.320437,1,1,0,
25.779133,-100.31944,1,1,0,
25.779133,-100.318443,1,1,0,
25.779133,-100.2676,1,1,0,
25.779133,-100.266603,1,1,0,
25.779133,-100.265606,1,1,0,
25.779133,-100.264609,1,1,0,
25.779133,-100.260621,0,0,0,
25.779133,-100.259624,0,0,0,
25.779133,-100.258627,0,0,0,
25.779133,-100.25763,0,0,0,19006_0361
25.779133,-100.256634,0,0,0,19006_0361
25.779133,-100.255637,0,0,0,19006_0361
25.779133,-100.25464,1,1,0,
25.779133,-100.253643,1,1,0,
25.779133,-100.252646,1,1,0,
25.779133,-100.251649,2,2,0,
25.779133,-100.250652,2,2,0,
25.779133,-100.249655,3,3,0,
25.779133,-100.248658,1,1,0,
25.779133,-100.247661,2,2,0,
25.779133,-100.246664,3,3,0,
25.779133,-100.245667,3,3,0,
25.779133,-100.24467,4,4,0,
25.779133,-100.243673,2,2,0,
25.779133,-100.242676,2,2,0,
25.779133,-100.24168,2,2,0,
25.779133,-100.240683,1,1,0,
25.779133,-100.239686,1,1,0,
25.779133,-100.238689,1,1,0,
25.779133,-100.237692,2,2,0,
25.779133,-100.236695,2,2,0,
25.779133,-100.235698,2,2,0,
25.779133,-100.234701,2,2,0,
25.779133,-100.233704,1,1,0,
25.779133,-100.232707,1,1,0,
25.779133,-100.197815,1,1,0,
25.779133,-100.196818,2,2,0,
25.779133,-100.195821,2,2,0,
25.779133,-100.194824,4,4,0,
25.779133,-100.193827,3,3,0,
25.779133,-100.19283,3,3,0,
25.779133,-100.191833,3,3,0,
25.779133,-100.190836,2,2,0,
25.779133,-100.189839,1,1,0,
25.779133,-100.186848,1,1,0,
25.779133,-100.185851,1,1,0,
25.779133,-100.184855,2,2,0,
25.779133,-100.183858,2,2,0,
25.779133,-100.182861,2,2,0,
25.779133,-100.181864,1,1,0,
25.779133,-100.180867,1,1,0,
25.779133,-100.17987,1,1,0,
25.780037,-100.596587,1,1,0,
25.780037,-100.59559,1,1,0,
25.780037,-100.594593,2,2,0,
25.780037,-100.593596,2,2,0,
25.780037,-100.592599,2,2,0,
25.780037,-100.591602,1,1,0,
25.780037,-100.590605,1,1,0,
25.780037,-100.589608,1,1,0,
25.780037,-100.503872,1,1,0,
25.780037,-100.502875,1,1,0,
25.780037,-100.501878,1,1,0,
25.780037,-100.500881,1,1,0,
25.780037,-100.499885,1,1,0,
25.780037,-100.437078,1,1,0,
25.780037,-100.436081,2,2,0,
25.780037,-100.435084,2,2,0,
25.780037,-100.434087,2,2,0,
25.780037,-100.43309,2,2,0,
25.780037,-100.432093,3,3,0,
25.780037,-100.431096,1,1,0,
25.780037,-100.430099,1,1,0,
25.780037,-100.429103,1,1,0,
25.780037,-100.428106,1,1,0,
25.780037,-100.427109,1,1,0,
25.780037,-100.415145,1,1,0,
25.780037,-100.414149,1,1,0,
25.780037,-100.413152,1,1,0,
25.780037,-100.412155,1,1,0,
25.780037,-100.411158,1,1,0,
25.780037,-100.410161,1,1,0,
25.780037,-100.409164,1,1,0,
25.780037,-100.408167,1,1,0,
25.780037,-100.40717,1,1,0,
25.780037,-100.406173,1,1,0,
25.780037,-100.405176,1,1,0,
25.780037,-100.404179,2,2,0,
25.780037,-100.403182,1,1,0,
25.780037,-100.402185,1,1,0,
25.780037,-100.393213,1,1,0,
25.780037,-100.392216,1,1,0,
25.780037,-100.391219,1,1,0,
25.780037,-100.390222,1,1,0,
25.780037,-100.389225,1,1,0,
25.780037,-100.388228,1,1,0,
25.780037,-100.383244,2,2,0,
25.780037,-100.382247,2,2,0,
25.780037,-100.38125,2,2,0,
25.780037,-100.380253,2,2,0,
25.780037,-100.379256,3,3,0,
25.780037,-100.378259,3,3,0,
25.780037,-100.377262,1,1,0,
25.780037,-100.376265,1,1,0,19039_0167
25.780037,-100.375268,1,1,0,19039_0167
25.780037,-100.374271,1,1,0,19039_0167
25.780037,-100.373274,1,1,0,19039_0167
25.780037,-100.372277,1,1,0,19039_0167
25.780037,-100.371281,0,0,0,19039_0167
25.780037,-100.370284,0,0,0,19039_0167
25.780037,-100.369287,0,0,0,19039_0167
25.780037,-100.36829,0,0,0,
25.780037,-100.367293,0,0,0,
25.780037,-100.366296,0,0,0,
25.780037,-100.365299,0,0,0,
25.780037,-100.364302,0,0,0,
25.780037,-100.363305,0,0,0,
25.780037,-100.362308,0,0,0,
25.780037,-100.361311,0,0,0,
25.780037,-100.333397,1,1,0,
25.780037,-100.3324,1,1,0,
25.780037,-100.331403,2,2,0,
25.780037,-100.330406,2,2,0,19021_0056
25.780037,-100.329409,2,2,0,19021_0057
25.780037,-100.328413,2,2,0,19021_0057
25.780037,-100.327416,1,1,0,
25.780037,-100.326419,0,0,0,
25.780037,-100.325422,0,0,0,
25.780037,-100.321434,1,1,0,
25.780037,-100.320437,1,1,0,
25.780037,-100.31944,1,1,0,
25.780037,-100.268597,1,1,0,
25.780037,-100.2676,1,1,0,
25.780037,-100.266603,1,1,0,
25.780037,-100.265606,1,1,0,
25.780037,-100.264609,1,1,0,
25.780037,-100.263612,1,1,0,
25.780037,-100.260621,0,0,0,
25.780037,-100.259624,0,0,0,
25.780037,-100.258627,0,0,0,
25.780037,-100.25763,0,0,0,19006_0361
25.780037,-100.256634,0,0,0,19006_0361
25.780037,-100.255637,0,0,0,19006_0361
25.780037,-100.25464,1,1,0,19006_0361
25.780037,-100.253643,1,1,0,
25.780037,-100.252646,2,2,0,
25.780037,-100.251649,2,2,0,
25.780037,-100.250652,2,2,0,
25.780037,-100.249655,3,3,0,
25.780037,-100.248658,2,2,0,
25.780037,-100.247661,1,1,0,
25.780037,-100.246664,3,3,0,
25.780037,-100.245667,4,4,0,
25.780037,-100.24467,4,4,0,
25.780037,-100.243673,2,2,0,
25.780037,-100.242676,2,2,0,
25.780037,-100.24168,2,2,0,
25.780037,-100.240683,1,1,0,
25.780037,-100.239686,1,1,0,
25.780037,-100.238689,1,1,0,
25.780037,-100.237692,2,2,0,
25.780037,-100.236695,2,2,0,
25.780037,-100.235698,2,2,0,
25.780037,-100.234701,2,2,0,
25.780037,-100.233704,1,1,0,
25.780037,-100.232707,1,1,0,
25.780037,-100.198812,1,1,0,
25.780037,-100.197815,1,1,0,
25.780037,-100.196818,2,2,0,
25.780037,-100.195821,4,4,0,
25.780037,-100.194824,5,5,0,
25.780037,-100.193827,4,4,0,
25.780037,-100.19283,3,3,0,
25.780037,-100.191833,2,2,0,
25.780037,-100.190836,2,2,0,
25.780037,-100.189839,1,1,0,
25.780037,-100.186848,1,1,0,
25.780037,-100.185851,1,1,0,
25.780037,-100.184855,2,2,0,
25.780037,-100.183858,2,2,0,
25.780037,-100.182861,2,2,0,
25.780037,-100.181864,2,2,0,
25.780037,-100.180867,2,2,0,
25.780037,-100.17987,2,2,0,
25.780037,-100.178873,1,1,0,
25.780037,-100.05625,1,1,0,
25.780037,-100.054257,1,1,0,
25.780037,-100.05326,1,1,0,
25.780037,-100.052263,1,1,0,
25.780941,-100.594593,2,2,0,
25.780941,-100.593596,2,2,0,
25.780941,-100.592599,1,1,0,
25.780941,-100.591602,1,1,0,
25.780941,-100.590605,1,1,0,
25.780941,-100.56967,1,1,0,
25.780941,-100.568673,1,1,0,
25.780941,-100.503872,1,1,0,
25.780941,-100.502875,1,1,0,
25.780941,-100.501878,1,1,0,
25.780941,-100.500881,1,1,0,
25.780941,-100.499885,1,1,0,
25.780941,-100.498888,1,1,0,
25.780941,-100.437078,1,1,0,
25.780941,-100.436081,1,1,0,
25.780941,-100.435084,2,2,0,
25.780941,-100.434087,2,2,0,
25.780941,-100.43309,2,2,0,
25.780941,-100.432093,3,3,0,
25.780941,-100.431096,1,1,0,
25.780941,-100.430099,1,1,0,
25.780941,-100.429103,1,1,0,
25.780941,-100.428106,1,1,0,
25.780941,-100.427109,1,1,0,
25.780941,-100.415145,1,1,0,
25.780941,-100.414149,1,1,0,
25.780941,-100.413152,1,1,0,
25.780941,-100.412155,1,1,0,
25.780941,-100.411158,1,1,0,
25.780941,-100.410161,1,1,0,
25.780941,-100.409164,1,1,0,
25.780941,-100.408167,1,1,0,
25.780941,-100.40717,1,1,0,
25.780941,-100.406173,1,1,0,
25.780941,-100.405176,2,2,0,
25.780941,-100.404179,1,1,0,
25.780941,-100.403182,1,1,0,
25.780941,-100.402185,1,1,0,
25.780941,-100.401188,1,1,0,
25.780941,-100.399195,1,1,0,
25.780941,-100.398198,1,1,0,
25.780941,-100.397201,1,1,0,
25.780941,-100.396204,1,1,0,
25.780941,-100.395207,1,1,0,
25.780941,-100.392216,1,1,0,
25.780941,-100.391219,1,1,0,
25.780941,-100.390222,1,1,0,
25.780941,-100.389225,2,2,0,
25.780941,-100.388228,2,2,0,
25.780941,-100.387231,1,1,0,
25.780941,-100.383244,1,1,0,
25.780941,-100.382247,2,2,0,
25.780941,-100.38125,2,2,0,
25.780941,-100.380253,2,2,0,
25.780941,-100.379256,2,2,0,
25.780941,-100.378259,1,1,0,
25.780941,-100.377262,0,0,0,
25.780941,-100.376265,0,0,0,19039_0167
25.780941,-100.375268,0,0,0,19039_0167
25.780941,-100.374271,0,0,0,19039_0167
25.780941,-100.373274,0,0,0,19039_0167
25.780941,-100.372277,0,0,0,19039_0167
25.780941,-100.371281,0,0,0,19039_0167
25.780941,-100.370284,0,0,0,19039_0167
25.780941,-100.369287,0,0,0,19039_0167
25.780941,-100.36829,0,0,0,
25.780941,-100.367293,0,0,0,
25.780941,-100.366296,0,0,0,
25.780941,-100.365299,0,0,0,
25.780941,-100.364302,0,0,0,
25.780941,-100.363305,0,0,0,
25.780941,-100.336388,1,1,0,
25.780941,-100.335391,1,1,0,
25.780941,-100.333397,1,1,0,
25.780941,-100.3324,1,1,0,
25.780941,-100.331403,2,2,0,
25.780941,-100.330406,2,2,0,19021_0056
25.780941,-100.329409,2,2,0,19021_0057
25.780941,-100.328413,1,1,0,19021_0057
25.780941,-100.327416,1,1,0,
25.780941,-100.326419,1,1,0,
25.780941,-100.325422,0,0,0,
25.780941,-100.268597,1,1,0,
25.780941,-100.2676,1,1,0,
25.780941,-100.266603,1,1,0,
25.780941,-100.265606,1,1,0,
25.780941,-100.264609,1,1,0,
25.780941,-100.263612,1,1,0,
25.780941,-100.260621,0,0,0,
25.780941,-100.259624,0,0,0,
25.780941,-100.258627,0,0,0,
25.780941,-100.25763,0,0,0,19006_0361
25.780941,-100.256634,0,0,0,19006_0361
25.780941,-100.255637,0,0,0,19006_0361
25.780941,-100.25464,0,0,0,19006_0361
25.780941,-100.253643,2,2,0,19006_0361
25.780941,-100.252646,2,2,0,
25.780941,-100.251649,3,3,0,
25.780941,-100.250652,3,3,0,
25.780941,-100.249655,3,3,0,
25.780941,-100.248658,3,3,0,
25.780941,-100.247661,2,2,0,
25.780941,-100.246664,2,2,0,
25.780941,-100.245667,3,3,0,
25.780941,-100.24467,4,4,0,
25.780941,-100.243673,3,3,0,
25.780941,-100.242676,2,2,0,
25.780941,-100.24168,1,1,0,
25.780941,-100.240683,1,1,0,
25.780941,-100.239686,1,1,0,
25.780941,-100.238689,2,2,0,
25.780941,-100.237692,2,2,0,
25.780941,-100.236695,2,2,0,
25.780941,-100.235698,2,2,0,
25.780941,-100.234701,2,2,0,
25.780941,-100.233704,1,1,0,
25.780941,-100.198812,1,1,0,
25.780941,-100.197815,1,1,0,
25.780941,-100.196818,3,3,0,
25.780941,-100.195821,4,4,0,
25.780941,-100.194824,4,4,0,
25.780941,-100.193827,5,5,0,
25.780941,-100.19283,4,4,0,
25.780941,-100.191833,2,2,0,
25.780941,-100.190836,2,2,0,
25.780941,-100.189839,1,1,0,
25.780941,-100.188842,1,1,0,
25.780941,-100.184855,1,1,0,
25.780941,-100.183858,1,1,0,
25.780941,-100.182861,2,2,0,
25.780941,-100.181864,2,2,0,
25.780941,-100.180867,2,2,0,
25.780941,-100.17987,2,2,0,
25.780941,-100.178873,1,1,0,
25.780941,-100.177876,1,1,0,
25.780941,-100.058244,1,1,0,
25.780941,-100.057247,1,1,0,
25.780941,-100.05625,1,1,0,
25.780941,-100.055254,2,2,0,
25.780941,-100.054257,2,2,0,
25.780941,-100.05326,1,1,0,
25.780941,-100.052263,1,1,0,
25.780941,-100.051266,1,1,0,
25.781846,-100.593596,1,1,0,
25.781846,-100.592599,1,1,0,
25.781846,-100.591602,1,1,0,
25.781846,-100.590605,1,1,0,
25.781846,-100.585621,1,1,0,
25.781846,-100.584624,1,1,0,
25.781846,-100.570667,1,1,0,
25.781846,-100.56967,1,1,0,
25.781846,-100.568673,1,1,0,
25.781846,-100.567676,1,1,0,
25.781846,-100.503872,1,1,0,
25.781846,-100.502875,1,1,0,
25.781846,-100.501878,1,1,0,
25.781846,-100.500881,1,1,0,
25.781846,-100.499885,1,1,0,
25.781846,-100.437078,1,1,0,
25.781846,-100.436081,1,1,0,
25.781846,-100.435084,1,1,0,
25.781846,-100.434087,1,1,0,
25.781846,-100.43309,1,1,0,
25.781846,-100.432093,2,2,0,
25.781846,-100.431096,1,1,0,
25.781846,-100.430099,1,1,0,
25.781846,-100.429103,1,1,0,
25.781846,-100.428106,1,1,0,
25.781846,-100.427109,1,1,0,
25.781846,-100.414149,1,1,0,
25.781846,-100.413152,1,1,0,
25.781846,-100.412155,1,1,0,
25.781846,-100.411158,1,1,0,
25.781846,-100.410161,1,1,0,
25.781846,-100.408167,1,1,0,
25.781846,-100.40717,1,1,0,
25.781846,-100.406173,1,1,0,
25.781846,-100.405176,2,2,0,
25.781846,-100.404179,1,1,0,
25.781846,-100.403182,1,1,0,
25.781846,-100.402185,1,1,0,
25.781846,-100.401188,1,1,0,
25.781846,-100.400192,1,1,0,
25.781846,-100.399195,1,1,0,
25.781846,-100.398198,1,1,0,
25.781846,-100.397201,1,1,0,
25.781846,-100.396204,1,1,0,
25.781846,-100.395207,1,1,0,
25.781846,-100.391219,1,1,0,
25.781846,-100.390222,2,2,0,
25.781846,-100.389225,2,2,0,
25.781846,-100.388228,1,1,0,
25.781846,-100.387231,1,1,0,
25.781846,-100.386234,1,1,0,
25.781846,-100.382247,2,2,0,
25.781846,-100.38125,2,2,0,
25.781846,-100.380253,2,2,0,
25.781846,-100.379256,1,1,0,
25.781846,-100.378259,0,0,0,
25.781846,-100.377262,0,0,0,19039_0167
25.781846,-100.376265,0,0,0,19039_0167
25.781846,-100.375268,0,0,0,19039_0167
25.781846,-100.374271,0,0,0,19039_0167
25.781846,-100.373274,0,0,0,19039_0167
25.781846,-100.372277,0,0,0,19039_0167
25.781846,-100.371281,0,0,0,19039_0167
25.781846,-100.370284,0,0,0,19039_0167
25.781846,-100.369287,0,0,0,19039_0167
25.781846,-100.36829,0,0,0,
25.781846,-100.367293,0,0,0,
25.781846,-100.366296,0,0,0,
25.781846,-100.337385,1,1,0,
25.781846,-100.336388,1,1,0,
25.781846,-100.335391,1,1,0,
25.781846,-100.334394,1,1,0,
25.781846,-100.333397,1,1,0,
25.781846,-100.3324,1,1,0,
25.781846,-100.331403,2,2,0,
25.781846,-100.330406,2,2,0,19021_0057
25.781846,-100.329409,1,1,0,19021_0057
25.781846,-100.328413,1,1,0,19021_0057
25.781846,-100.327416,1,1,0,
25.781846,-100.326419,1,1,0,
25.781846,-100.325422,0,0,0,
25.781846,-100.324425,0,0,0,
25.781846,-100.268597,1,1,0,
25.781846,-100.2676,1,1,0,
25.781846,-100.266603,1,1,0,
25.781846,-100.265606,1,1,0,
25.781846,-100.264609,1,1,0,
25.781846,-100.263612,1,1,0,
25.781846,-100.261618,0,0,0,
25.781846,-100.260621,0,0,0,
25.781846,-100.259624,0,0,0,
25.781846,-100.258627,0,0,0,19006_0361
25.781846,-100.25763,0,0,0,19006_0361
25.781846,-100.256634,0,0,0,19006_0361
25.781846,-100.255637,0,0,0,19006_0361
25.781846,-100.25464,0,0,0,19006_0361
25.781846,-100.253643,1,1,0,19006_0361
25.781846,-100.252646,2,2,0,19006_0361
25.781846,-100.251649,2,2,0,
25.781846,-100.250652,2,2,0,
25.781846,-100.249655,2,2,0,
25.781846,-100.248658,3,3,0,
25.781846,-100.247661,3,3,0,
25.781846,-100.246664,3,3,0,
25.781846,-100.245667,3,3,0,
25.781846,-100.24467,1,1,0,
25.781846,-100.243673,2,2,0,
25.781846,-100.242676,2,2,0,
25.781846,-100.24168,1,1,0,
25.781846,-100.239686,1,1,0,
25.781846,-100.238689,2,2,0,
25.781846,-100.237692,2,2,0,
25.781846,-100.236695,2,2,0,
25.781846,-100.235698,1,1,0,
25.781846,-100.198812,1,1,0,
25.781846,-100.197815,2,2,0,
25.781846,-100.196818,2,2,0,
25.781846,-100.195821,3,3,0,
25.781846,-100.194824,3,3,0,
25.781846,-100.193827,3,3,0,
25.781846,-100.19283,3,3,0,
25.781846,-100.191833,1,1,0,
25.781846,-100.190836,2,2,0,
25.781846,-100.189839,1,1,0,
25.781846,-100.188842,1,1,0,
25.781846,-100.187845,1,1,0,
25.781846,-100.183858,1,1,0,
25.781846,-100.182861,2,2,0,
25.781846,-100.181864,2,2,0,
25.781846,-100.180867,2,2,0,
25.781846,-100.17987,1,1,0,
25.781846,-100.178873,1,1,0,
25.781846,-100.177876,1,1,0,
25.781846,-100.058244,1,1,0,
25.781846,-100.057247,1,1,0,
25.781846,-100.05625,1,1,0,
25.781846,-100.055254,2,2,0,
25.781846,-100.054257,2,2,0,
25.781846,-100.05326,1,1,0,
25.781846,-100.052263,1,1,0,
25.781846,-100.051266,1,1,0,
25.781846,-100.050269,1,1,0,
25.78275,-100.587614,1,1,0,
25.78275,-100.586618,1,1,0,
25.78275,-100.585621,1,1,0,
25.78275,-100.584624,1,1,0,
25.78275,-100.583627,1,1,0,
25.78275,-100.571664,2,2,0,
25.78275,-100.570667,2,2,0,
25.78275,-100.56967,1,1,0,
25.78275,-100.568673,1,1,0,
25.78275,-100.567676,1,1,0,
25.78275,-100.566679,1,1,0,
25.78275,-100.502875,1,1,0,
25.78275,-100.501878,1,1,0,
25.78275,-100.500881,1,1,0,
25.78275,-100.499885,1,1,0,
25.78275,-100.436081,1,1,0,
25.78275,-100.435084,1,1,0,
25.78275,-100.434087,1,1,0,
25.78275,-100.43309,1,1,0,
25.78275,-100.432093,1,1,0,
25.78275,-100.431096,1,1,0,
25.78275,-100.430099,1,1,0,
25.78275,-100.429103,1,1,0,
25.78275,-100.428106,1,1,0,
25.78275,-100.427109,1,1,0,
25.78275,-100.413152,1,1,0,
25.78275,-100.412155,1,1,0,
25.78275,-100.411158,1,1,0,
25.78275,-100.405176,1,1,0,
25.78275,-100.404179,1,1,0,
25.78275,-100.403182,1,1,0,
25.78275,-100.402185,1,1,0,
25.78275,-100.401188,1,1,0,
25.78275,-100.400192,1,1,0,
25.78275,-100.399195,1,1,0,
25.78275,-100.398198,1,1,0,
25.78275,-100.397201,1,1,0,
25.78275,-100.396204,1,1,0,
25.78275,-100.395207,1,1,0,
25.78275,-100.39421,1,1,0,
25.78275,-100.393213,0,0,0,
25.78275,-100.392216,0,0,0,
25.78275,-100.391219,0,0,0,
25.78275,-100.390222,1,1,0,
25.78275,-100.389225,1,1,0,
25.78275,-100.388228,1,1,0,
25.78275,-100.387231,1,1,0,
25.78275,-100.386234,1,1,0,
25.78275,-100.385238,1,1,0,
25.78275,-100.380253,0,0,0,
25.78275,-100.379256,0,0,0,
25.78275,-100.378259,0,0,0,
25.78275,-100.377262,0,0,0,
25.78275,-100.376265,0,0,0,19039_0167
25.78275,-100.375268,0,0,0,19039_0167
25.78275,-100.374271,0,0,0,19039_0167
25.78275,-100.373274,0,0,0,19039_0167
25.78275,-100.372277,0,0,0,19039_0167
25.78275,-100.371281,0,0,0,19039_0167
25.78275,-100.370284,0,0,0,
25.78275,-100.369287,0,0,0,
25.78275,-100.36829,0,0,0,
25.78275,-100.367293,0,0,0,
25.78275,-100.366296,0,0,0,
25.78275,-100.338382,1,1,0,
25.78275,-100.337385,1,1,0,
25.78275,-100.336388,1,1,0,
25.78275,-100.335391,1,1,0,
25.78275,-100.334394,1,1,0,
25.78275,-100.333397,1,1,0,
25.78275,-100.3324,0,0,0,
25.78275,-100.331403,1,1,0,
25.78275,-100.330406,1,1,0,
25.78275,-100.329409,1,1,0,19021_0057
25.78275,-100.328413,1,1,0,19021_0057
25.78275,-100.327416,1,1,0,19021_0057
25.78275,-100.326419,0,0,0,
25.78275,-100.325422,1,1,0,
25.78275,-100.324425,1,1,0,
25.78275,-100.323428,1,1,0,
25.78275,-100.322431,1,1,0,
25.78275,-100.2676,1,1,0,
25.78275,-100.266603,1,1,0,
25.78275,-100.265606,1,1,0,
25.78275,-100.264609,1,1,0,
25.78275,-100.261618,0,0,0,
25.78275,-100.260621,0,0,0,
25.78275,-100.259624,0,0,0,
25.78275,-100.258627,0,0,0,19006_0361
25.78275,-100.25763,0,0,0,19006_0361
25.78275,-100.256634,0,0,0,19006_0361
25.78275,-100.255637,0,0,0,19006_0361
25.78275,-100.25464,0,0,0,19006_0361
25.78275,-100.253643,0,0,0,19006_0361
25.78275,-100.252646,2,2,0,19006_0361
25.78275,-100.251649,2,2,0,19006_0361
25.78275,-100.250652,2,2,0,19006_0361
25.78275,-100.249655,2,2,0,
25.78275,-100.248658,2,2,0,
25.78275,-100.247661,4,4,0,
25.78275,-100.246664,3,3,0,
25.78275,-100.245667,2,2,0,
25.78275,-100.24467,2,2,0,
25.78275,-100.243673,2,2,0,
25.78275,-100.242676,1,1,0,
25.78275,-100.240683,1,1,0,
25.78275,-100.239686,1,1,0,
25.78275,-100.238689,1,1,0,
25.78275,-100.237692,1,1,0,
25.78275,-100.236695,1,1,0,
25.78275,-100.235698,1,1,0,
25.78275,-100.198812,1,1,0,
25.78275,-100.197815,2,2,0,
25.78275,-100.196818,2,2,0,
25.78275,-100.195821,2,2,0,
25.78275,-100.194824,3,3,0,
25.78275,-100.193827,2,2,0,
25.78275,-100.19283,2,2,0,
25.78275,-100.191833,2,2,0,
25.78275,-100.190836,2,2,0,
25.78275,-100.189839,1,1,0,
25.78275,-100.188842,1,1,0,
25.78275,-100.187845,1,1,0,
25.78275,-100.186848,1,1,0,
25.78275,-100.182861,1,1,0,
25.78275,-100.181864,1,1,0,
25.78275,-100.180867,1,1,0,
25.78275,-100.17987,1,1,0,
25.78275,-100.178873,1,1,0,
25.78275,-100.177876,1,1,0,
25.78275,-100.059241,1,1,0,
25.78275,-100.058244,1,1,0,
25.78275,-100.057247,1,1,0,
25.78275,-100.05625,1,1,0,
25.78275,-100.055254,2,2,0,
25.78275,-100.054257,2,2,0,
25.78275,-100.05326,1,1,0,
25.78275,-100.052263,1,1,0,
25.78275,-100.051266,1,1,0,
25.78275,-100.050269,1,1,0,
25.783654,-100.587614,1,1,0,
25.783654,-100.586618,1,1,0,
25.783654,-100.585621,1,1,0,
25.783654,-100.584624,1,1,0,
25.783654,-100.583627,1,1,0,
25.783654,-100.58263,1,1,0,
25.783654,-100.579639,1,1,0,
25.783654,-100.578642,1,1,0,
25.783654,-100.577645,1,1,0,
25.783654,-100.576648,1,1,0,
25.783654,-100.57266,1,1,0,
25.783654,-100.571664,2,2,0,
25.783654,-100.570667,2,2,0,
25.783654,-100.56967,2,2,0,
25.783654,-100.568673,2,2,0,
25.783654,-100.567676,1,1,0,
25.783654,-100.566679,1,1,0,
25.783654,-100.435084,1,1,0,
25.783654,-100.434087,1,1,0,
25.783654,-100.429103,1,1,0,
25.783654,-100.405176,1,1,0,
25.783654,-100.404179,1,1,0,
25.783654,-100.403182,1,1,0,
25.783654,-100.402185,1,1,0,
25.783654,-100.401188,1,1,0,
25.783654,-100.399195,1,1,0,
25.783654,-100.398198,1,1,0,
25.783654,-100.397201,1,1,0,
25.783654,-100.396204,1,1,0,
25.783654,-100.395207,1,1,0,
25.783654,-100.39421,0,0,0,
25.783654,-100.393213,0,0,0,
25.783654,-100.392216,0,0,0,
25.783654,-100.391219,0,0,0,
25.783654,-100.390222,1,1,0,
25.783654,-100.389225,1,1,0,
25.783654,-100.388228,1,1,0,
25.783654,-100.387231,1,1,0,
25.783654,-100.386234,1,1,0,
25.783654,-100.385238,1,1,0,
25.783654,-100.384241,0,0,0,
25.783654,-100.38125,0,0,0,
25.783654,-100.380253,0,0,0,
25.783654,-100.379256,0,0,0,
25.783654,-100.378259,0,0,0,
25.783654,-100.377262,0,0,0,
25.783654,-100.376265,0,0,0,19039_0167
25.783654,-100.375268,0,0,0,19039_0167
25.783654,-100.374271,0,0,0,19039_0167
25.783654,-100.373274,0,0,0,19039_0167
25.783654,-100.372277,0,0,0,19039_0167
25.783654,-100.371281,0,0,0,
25.783654,-100.370284,0,0,0,
25.783654,-100.369287,0,0,0,
25.783654,-100.36829,0,0,0,
25.783654,-100.367293,0,0,0,
25.783654,-100.338382,1,1,0,
25.783654,-100.337385,1,1,0,
25.783654,-100.336388,1,1,0,
25.783654,-100.335391,1,1,0,
25.783654,-100.334394,1,1,0,
25.783654,-100.333397,1,1,0,
25.783654,-100.3324,0,0,0,
25.783654,-100.331403,0,0,0,
25.783654,-100.330406,1,1,0,
25.783654,-100.329409,1,1,0,19021_0057
25.783654,-100.328413,1,1,0,19021_0057
25.783654,-100.327416,1,1,0,19021_0057
25.783654,-100.326419,1,1,0,
25.783654,-100.325422,1,1,0,
25.783654,-100.324425,1,1,0,
25.783654,-100.323428,1,1,0,
25.783654,-100.322431,1,1,0,
25.783654,-100.321434,1,1,0,
25.783654,-100.261618,0,0,0,
25.783654,-100.260621,0,0,0,
25.783654,-100.259624,0,0,0,
25.783654,-100.258627,0,0,0,19006_0361
25.783654,-100.25763,0,0,0,19006_0361
25.783654,-100.256634,0,0,0,19006_0361
25.783654,-100.255637,0,0,0,19006_0361
25.783654,-100.25464,0,0,0,19006_0361
25.783654,-100.253643,0,0,0,19006_0361
25.783654,-100.252646,1,1,0,19006_0361
25.783654,-100.251649,2,2,0,19006_0361
25.783654,-100.250652,2,2,0,19006_0361
25.783654,-100.249655,2,2,0,19006_0361
25.783654,-100.248658,2,2,0,
25.783654,-100.247661,3,3,0,
25.783654,-100.246664,2,2,0,
25.783654,-100.245667,2,2,0,
25.783654,-100.24467,2,2,0,
25.783654,-100.243673,2,2,0,
25.783654,-100.240683,1,1,0,
25.783654,-100.239686,1,1,0,
25.783654,-100.238689,1,1,0,
25.783654,-100.237692,1,1,0,
25.783654,-100.236695,1,1,0,
25.783654,-100.235698,1,1,0,
25.783654,-100.197815,1,1,0,
25.783654,-100.196818,2,2,0,
25.783654,-100.195821,2,2,0,
25.783654,-100.194824,1,1,0,
25.783654,-100.193827,1,1,0,
25.783654,-100.19283,2,2,0,
25.783654,-100.191833,1,1,0,
25.783654,-100.190836,1,1,0,
25.783654,-100.189839,1,1,0,
25.783654,-100.188842,1,1,0,
25.783654,-100.187845,1,1,0,
25.783654,-100.186848,1,1,0,
25.783654,-100.185851,0,0,0,
25.783654,-100.182861,1,1,0,
25.783654,-100.181864,1,1,0,
25.783654,-100.180867,1,1,0,
25.783654,-100.17987,1,1,0,
25.783654,-100.178873,1,1,0,
25.783654,-100.058244,1,1,0,
25.783654,-100.057247,1,1,0,
25.783654,-100.05625,1,1,0,
25.783654,-100.055254,2,2,0,
25.783654,-100.054257,2,2,0,
25.783654,-100.05326,1,1,0,
25.783654,-100.052263,1,1,0,
25.783654,-100.051266,1,1,0,
25.784559,-100.587614,1,1,0,
25.784559,-100.586618,1,1,0,
25.784559,-100.585621,1,1,0,
25.784559,-100.584624,1,1,0,
25.784559,-100.583627,1,1,0,
25.784559,-100.58263,1,1,0,
25.784559,-100.580636,1,1,0,
25.784559,-100.579639,1,1,0,
25.784559,-100.578642,1,1,0,
25.784559,-100.577645,1,1,0,
25.784559,-100.576648,1,1,0,
25.784559,-100.573657,1,1,0,
25.784559,-100.57266,1,1,0,
25.784559,-100.571664,2,2,0,
25.784559,-100.570667,2,2,0,
25.784559,-100.56967,2,2,0,
25.784559,-100.568673,2,2,0,
25.784559,-100.567676,1,1,0,
25.784559,-100.566679,1,1,0,
25.784559,-100.413152,0,0,0,
25.784559,-100.412155,0,0,0,
25.784559,-100.404179,1,1,0,
25.784559,-100.403182,1,1,0,
25.784559,-100.402185,1,1,0,
25.784559,-100.401188,1,1,0,
25.784559,-100.399195,1,1,0,
25.784559,-100.398198,1,1,0,
25.784559,-100.397201,1,1,0,
25.784559,-100.396204,1,1,0,
25.784559,-100.395207,1,1,0,
25.784559,-100.39421,0,0,0,
25.784559,-100.393213,0,0,0,
25.784559,-100.392216,0,0,0,
25.784559,-100.391219,0,0,0,
25.784559,-100.390222,1,1,0,
25.784559,-100.389225,1,1,0,
25.784559,-100.388228,1,1,0,
25.784559,-100.387231,1,1,0,
25.784559,-100.386234,1,1,0,
25.784559,-100.385238,0,0,0,
25.784559,-100.384241,0,0,0,
25.784559,-100.383244,0,0,0,
25.784559,-100.382247,0,0,0,
25.784559,-100.38125,0,0,0,
25.784559,-100.380253,0,0,0,
25.784559,-100.379256,0,0,0,
25.784559,-100.378259,0,0,0,
25.784559,-100.377262,0,0,0,
25.784559,-100.376265,0,0,0,19039_0167
25.784559,-100.375268,0,0,0,19039_0167
25.784559,-100.374271,0,0,0,19039_0167
25.784559,-100.373274,0,0,0,19039_0167
25.784559,-100.372277,0,0,0,19039_0167
25.784559,-100.371281,0,0,0,
25.784559,-100.370284,0,0,0,
25.784559,-100.369287,0,0,0,
25.784559,-100.36829,0,0,0,
25.784559,-100.337385,1,1,0,
25.784559,-100.336388,1,1,0,
25.784559,-100.335391,1,1,0,
25.784559,-100.334394,1,1,0,
25.784559,-100.333397,1,1,0,
25.784559,-100.3324,0,0,0,
25.784559,-100.331403,0,0,0,
25.784559,-100.330406,0,0,0,
25.784559,-100.329409,0,0,0,19021_0057
25.784559,-100.328413,0,0,0,19021_0057
25.784559,-100.327416,0,0,0,19021_0057
25.784559,-100.326419,1,1,0,
25.784559,-100.325422,1,1,0,
25.784559,-100.324425,1,1,0,
25.784559,-100.323428,1,1,0,
25.784559,-100.322431,1,1,0,
25.784559,-100.321434,1,1,0,
25.784559,-100.261618,0,0,0,
25.784559,-100.260621,0,0,0,
25.784559,-100.259624,0,0,0,
25.784559,-100.258627,0,0,0,19006_0361
25.784559,-100.25763,1,1,0,19006_0361
25.784559,-100.256634,1,1,0,19006_0361
25.784559,-100.255637,1,1,0,19006_0361
25.784559,-100.25464,1,1,0,19006_0361
25.784559,-100.253643,0,0,0,19006_0361
25.784559,-100.252646,0,0,0,19006_0361
25.784559,-100.251649,1,1,0,19006_0361
25.784559,-100.250652,2,2,0,19006_0361
25.784559,-100.249655,2,2,0,19006_0361
25.784559,-100.248658,2,2,0,
25.784559,-100.247661,2,2,0,
25.784559,-100.246664,2,2,0,
25.784559,-100.245667,2,2,0,
25.784559,-100.24467,2,2,0,
25.784559,-100.243673,1,1,0,
25.784559,-100.240683,1,1,0,
25.784559,-100.239686,1,1,0,
25.784559,-100.238689,1,1,0,
25.784559,-100.237692,1,1,0,
25.784559,-100.236695,1,1,0,
25.784559,-100.235698,1,1,0,
25.784559,-100.195821,1,1,0,
25.784559,-100.194824,1,1,0,
25.784559,-100.193827,1,1,0,
25.784559,-100.191833,1,1,0,
25.784559,-100.190836,1,1,0,
25.784559,-100.189839,1,1,0,
25.784559,-100.188842,1,1,0,
25.784559,-100.187845,1,1,0,
25.784559,-100.186848,1,1,0,
25.784559,-100.185851,0,0,0,
25.784559,-100.184855,0,0,0,
25.784559,-100.183858,0,0,0,
25.784559,-100.180867,1,1,0,
25.784559,-100.058244,1,1,0,
25.784559,-100.057247,1,1,0,
25.784559,-100.05625,1,1,0,
25.784559,-100.055254,1,1,0,
25.784559,-100.054257,2,2,0,
25.784559,-100.05326,1,1,0,
25.784559,-100.052263,1,1,0,
25.784559,-100.051266,1,1,0,
25.785463,-100.587614,1,1,0,
25.785463,-100.586618,1,1,0,
25.785463,-100.585621,1,1,0,
25.785463,-100.584624,1,1,0,
25.785463,-100.583627,2,2,0,
25.785463,-100.58263,1,1,0,
25.785463,-100.581633,1,1,0,
25.785463,-100.580636,2,2,0,
25.785463,-100.579639,1,1,0,
25.785463,-100.578642,1,1,0,
25.785463,-100.577645,1,1,0,
25.785463,-100.576648,1,1,0,
25.785463,-100.575651,1,1,0,
25.785463,-100.573657,1,1,0,
25.785463,-100.57266,1,1,0,
25.785463,-100.571664,1,1,0,
25.785463,-100.570667,2,2,0,
25.785463,-100.56967,2,2,0,
25.785463,-100.568673,2,2,0,
25.785463,-100.567676,1,1,0,
25.785463,-100.415145,0,0,0,
25.785463,-100.414149,0,0,0,
25.785463,-100.413152,0,0,0,
25.785463,-100.412155,0,0,0,
25.785463,-100.411158,0,0,0,
25.785463,-100.410161,0,0,0,
25.785463,-100.409164,0,0,0,
25.785463,-100.408167,0,0,0,
25.785463,-100.399195,0,0,0,
25.785463,-100.398198,0,0,0,
25.785463,-100.397201,1,1,0,
25.785463,-100.396204,0,0,0,
25.785463,-100.395207,0,0,0,
25.785463,-100.39421,0,0,0,19039_0656
25.785463,-100.393213,0,0,0,19039_0656
25.785463,-100.392216,0,0,0,19039_0656
25.785463,-100.391219,0,0,0,19039_0656
25.785463,-100.390222,0,0,0,19039_0656
25.785463,-100.389225,1,1,0,19039_0656
25.785463,-100.388228,1,1,0,19039_0656
25.785463,-100.387231,1,1,0,19039_0656
25.785463,-100.386234,1,1,0,19039_0656
25.785463,-100.385238,0,0,0,
25.785463,-100.384241,0,0,0,
25.785463,-100.383244,0,0,0,
25.785463,-100.382247,0,0,0,
25.785463,-100.38125,0,0,0,
25.785463,-100.380253,0,0,0,
25.785463,-100.379256,0,0,0,
25.785463,-100.378259,0,0,0,19039_0296
25.785463,-100.377262,0,0,0,19039_0167
25.785463,-100.376265,0,0,0,19039_0167
25.785463,-100.375268,0,0,0,19039_0167
25.785463,-100.374271,0,0,0,19039_0167
25.785463,-100.373274,0,0,0,19039_0167
25.785463,-100.372277,0,0,0,
25.785463,-100.371281,0,0,0,
25.785463,-100.370284,0,0,0,
25.785463,-100.369287,0,0,0,
25.785463,-100.337385,1,1,0,
25.785463,-100.336388,1,1,0,
25.785463,-100.335391,1,1,0,
25.785463,-100.334394,1,1,0,
25.785463,-100.3324,0,0,0,
25.785463,-100.331403,0,0,0,
25.785463,-100.330406,0,0,0,
25.785463,-100.329409,0,0,0,19021_0057
25.785463,-100.328413,0,0,0,19021_0057
25.785463,-100.327416,0,0,0,19021_0057
25.785463,-100.326419,1,1,0,
25.785463,-100.325422,1,1,0,
25.785463,-100.324425,1,1,0,
25.785463,-100.323428,1,1,0,
25.785463,-100.322431,1,1,0,
25.785463,-100.321434,1,1,0,
25.785463,-100.31944,1,1,0,
25.785463,-100.318443,1,1,0,
25.785463,-100.317446,1,1,0,
25.785463,-100.307477,1,1,0,
25.785463,-100.30648,1,1,0,
25.785463,-100.305483,1,1,0,
25.785463,-100.266603,1,1,0,
25.785463,-100.261618,0,0,0,
25.785463,-100.260621,0,0,0,
25.785463,-100.259624,0,0,0,
25.785463,-100.258627,1,1,0,
25.785463,-100.25763,1,1,0,
25.785463,-100.256634,1,1,0,
25.785463,-100.255637,1,1,0,
25.785463,-100.25464,1,1,0,
25.785463,-100.253643,1,1,0,
25.785463,-100.252646,1,1,0,
25.785463,-100.251649,2,2,0,
25.785463,-100.250652,2,2,0,
25.785463,-100.249655,2,2,0,
25.785463,-100.248658,1,1,0,
25.785463,-100.247661,1,1,0,
25.785463,-100.246664,1,1,0,
25.785463,-100.245667,1,1,0,
25.785463,-100.24467,1,1,0,
25.785463,-100.243673,1,1,0,
25.785463,-100.239686,1,1,0,
25.785463,-100.238689,1,1,0,
25.785463,-100.237692,1,1,0,
25.785463,-100.236695,1,1,0,
25.785463,-100.199808,1,1,0,
25.785463,-100.198812,1,1,0,
25.785463,-100.191833,0,0,0,
25.785463,-100.190836,1,1,0,
25.785463,-100.189839,1,1,0,
25.785463,-100.188842,1,1,0,
25.785463,-100.187845,1,1,0,
25.785463,-100.186848,0,0,0,
25.785463,-100.185851,0,0,0,
25.785463,-100.184855,0,0,0,
25.785463,-100.183858,0,0,0,
25.785463,-100.182861,0,0,0,
25.786368,-100.586618,1,1,0,
25.786368,-100.585621,1,1,0,
25.786368,-100.584624,2,2,0,
25.786368,-100.583627,2,2,0,
25.786368,-100.58263,1,1,0,
25.786368,-100.581633,1,1,0,
25.786368,-100.580636,2,2,0,
25.786368,-100.579639,2,2,0,
25.786368,-100.578642,1,1,0,
25.786368,-100.577645,1,1,0,
25.786368,-100.576648,1,1,0,
25.786368,-100.575651,1,1,0,
25.786368,-100.57266,1,1,0,
25.786368,-100.571664,1,1,0,
25.786368,-100.570667,1,1,0,
25.786368,-100.56967,1,1,0,
25.786368,-100.568673,1,1,0,
25.786368,-100.567676,1,1,0,
25.786368,-100.566679,1,1,0,
25.786368,-100.565682,1,1,0,
25.786368,-100.564685,1,1,0,
25.786368,-100.470974,1,1,0,
25.786368,-100.417139,0,0,0,
25.786368,-100.416142,0,0,0,
25.786368,-100.415145,0,0,0,
25.786368,-100.414149,0,0,0,
25.786368,-100.413152,0,0,0,
25.786368,-100.412155,0,0,0,
25.786368,-100.411158,0,0,0,
25.786368,-100.410161,0,0,0,
25.786368,-100.409164,0,0,0,
25.786368,-100.408167,0,0,0,
25.786368,-100.40717,0,0,0,
25.786368,-100.399195,0,0,0,
25.786368,-100.398198,0,0,0,
25.786368,-100.397201,0,0,0,
25.786368,-100.396204,0,0,0,
25.786368,-100.395207,0,0,0,19039_0656
25.786368,-100.39421,0,0,0,19039_0656
25.786368,-100.393213,0,0,0,19039_0656
25.786368,-100.392216,0,0,0,19039_0656
25.786368,-100.391219,0,0,0,19039_0656
25.786368,-100.390222,0,0,0,19039_0656
25.786368,-100.389225,0,0,0,19039_0656
25.786368,-100.388228,0,0,0,19039_0656
25.786368,-100.387231,0,0,0,19039_0656
25.786368,-100.386234,0,0,0,19039_0656
25.786368,-100.385238,0,0,0,19039_0656
25.786368,-100.384241,0,0,0,
25.786368,-100.383244,0,0,0,
25.786368,-100.382247,0,0,0,
25.786368,-100.38125,0,0,0,
25.786368,-100.380253,0,0,0,
25.786368,-100.379256,0,0,0,19039_0296
25.786368,-100.378259,0,0,0,19039_0296
25.786368,-100.377262,0,0,0,19039_0296
25.786368,-100.376265,0,0,0,
25.786368,-100.375268,0,0,0,19039_0167
25.786368,-100.374271,0,0,0,19039_0167
25.786368,-100.373274,0,0,0,
25.786368,-100.372277,0,0,0,
25.786368,-100.371281,0,0,0,
25.786368,-100.370284,0,0,0,
25.786368,-100.3324,0,0,0,
25.786368,-100.331403,0,0,0,
25.786368,-100.330406,0,0,0,
25.786368,-100.329409,0,0,0,19021_0057
25.786368,-100.328413,0,0,0,19021_0057
25.786368,-100.327416,0,0,0,19021_0057
25.786368,-100.326419,0,0,0,19021_0057
25.786368,-100.325422,1,1,0,
25.786368,-100.324425,1,1,0,
25.786368,-100.323428,1,1,0,
25.786368,-100.322431,1,1,0,
25.786368,-100.320437,1,1,0,
25.786368,-100.31944,1,1,0,
25.786368,-100.318443,1,1,0,
25.786368,-100.317446,1,1,0,
25.786368,-100.316449,1,1,0,
25.786368,-100.308474,1,1,0,
25.786368,-100.307477,1,1,0,
25.786368,-100.30648,1,1,0,
25.786368,-100.305483,1,1,0,
25.786368,-100.304486,1,1,0,
25.786368,-100.268597,1,1,0,
25.786368,-100.2676,1,1,0,
25.786368,-100.266603,1,1,0,
25.786368,-100.265606,1,1,0,
25.786368,-100.264609,1,1,0,
25.786368,-100.263612,1,1,0,
25.786368,-100.262615,1,1,0,
25.786368,-100.260621,0,0,0,
25.786368,-100.259624,0,0,0,
25.786368,-100.258627,1,1,0,
25.786368,-100.25763,1,1,0,
25.786368,-100.256634,1,1,0,
25.786368,-100.255637,1,1,0,
25.786368,-100.25464,1,1,0,
25.786368,-100.253643,2,2,0,
25.786368,-100.252646,3,3,0,
25.786368,-100.251649,3,3,0,
25.786368,-100.250652,2,2,0,
25.786368,-100.249655,2,2,0,
25.786368,-100.248658,1,1,0,
25.786368,-100.247661,2,2,0,
25.786368,-100.246664,1,1,0,
25.786368,-100.245667,1,1,0,
25.786368,-100.24467,1,1,0,
25.786368,-100.201802,1,1,0,
25.786368,-100.200805,1,1,0,
25.786368,-100.199808,1,1,0,
25.786368,-100.198812,1,1,0,
25.786368,-100.197815,1,1,0,
25.786368,-100.19283,0,0,0,
25.786368,-100.191833,0,0,0,
25.786368,-100.190836,0,0,0,
25.786368,-100.189839,0,0,0,19006_0312
25.786368,-100.188842,0,0,0,19006_0312
25.786368,-100.187845,1,1,0,
25.786368,-100.186848,1,1,0,19006_0312
25.786368,-100.185851,0,0,0,
25.786368,-100.184855,1,1,0,
25.786368,-100.183858,1,1,0,
25.786368,-100.182861,1,1,0,
25.786368,-100.181864,1,1,0,
25.786368,-100.180867,0,0,0,
25.786368,-100.17987,0,0,0,
25.787272,-100.584624,1,1,0,
25.787272,-100.583627,1,1,0,
25.787272,-100.58263,1,1,0,
25.787272,-100.581633,1,1,0,
25.787272,-100.580636,2,2,0,
25.787272,-100.579639,2,2,0,
25.787272,-100.578642,1,1,0,
25.787272,-100.577645,1,1,0,
25.787272,-100.576648,1,1,0,
25.787272,-100.57266,1,1,0,
25.787272,-100.571664,1,1,0,
25.787272,-100.570667,1,1,0,
25.787272,-100.56967,1,1,0,
25.787272,-100.568673,1,1,0,
25.787272,-100.567676,1,1,0,
25.787272,-100.566679,1,1,0,
25.787272,-100.565682,1,1,0,
25.787272,-100.564685,1,1,0,
25.787272,-100.563688,1,1,0,
25.787272,-100.472967,1,1,0,
25.787272,-100.471971,1,1,0,
25.787272,-100.470974,1,1,0,
25.787272,-100.469977,1,1,0,
25.787272,-100.46898,1,1,0,
25.787272,-100.419133,0,0,0,
25.787272,-100.418136,0,0,0,
25.787272,-100.417139,0,0,0,
25.787272,-100.416142,0,0,0,
25.787272,-100.415145,0,0,0,
25.787272,-100.414149,0,0,0,
25.787272,-100.413152,0,0,0,
25.787272,-100.412155,0,0,0,19039_0656
25.787272,-100.411158,0,0,0,
25.787272,-100.410161,0,0,0,
25.787272,-100.409164,0,0,0,
25.787272,-100.408167,0,0,0,
25.787272,-100.40717,0,0,0,
25.787272,-100.406173,0,0,0,
25.787272,-100.404179,0,0,0,
25.787272,-100.403182,0,0,0,
25.787272,-100.402185,0,0,0,
25.787272,-100.401188,0,0,0,
25.787272,-100.400192,0,0,0,
25.787272,-100.399195,0,0,0,
25.787272,-100.398198,0,0,0,
25.787272,-100.397201,0,0,0,
25.787272,-100.396204,0,0,0,19039_0656
25.787272,-100.395207,0,0,0,19039_0656
25.787272,-100.39421,0,0,0,19039_0656
25.787272,-100.393213,0,0,0,19039_0656
25.787272,-100.392216,0,0,0,19039_0656
25.787272,-100.391219,0,0,0,19039_0656
25.787272,-100.390222,0,0,0,19039_0656
25.787272,-100.389225,0,0,0,19039_0656
25.787272,-100.388228,0,0,0,19039_0656
25.787272,-100.387231,0,0,0,19039_0656
25.787272,-100.386234,0,0,0,19039_0656
25.787272,-100.385238,0,0,0,19039_0656
25.787272,-100.384241,0,0,0,
25.787272,-100.383244,0,0,0,
25.787272,-100.382247,0,0,0,
25.787272,-100.38125,0,0,0,
25.787272,-100.380253,0,0,0,
25.787272,-100.379256,0,0,0,19039_0296
25.787272,-100.378259,0,0,0,19039_0296
25.787272,-100.377262,0,0,0,19039_0296
25.787272,-100.376265,0,0,0,19039_0296
25.787272,-100.375268,0,0,0,19039_0167
25.787272,-100.374271,0,0,0,19039_0167
25.787272,-100.373274,0,0,0,
25.787272,-100.372277,0,0,0,
25.787272,-100.371281,0,0,0,
25.787272,-100.331403,0,0,0,
25.787272,-100.330406,0,0,0,
25.787272,-100.329409,0,0,0,
25.787272,-100.328413,0,0,0,19021_0057
25.787272,-100.327416,0,0,0,19021_0057
25.787272,-100.326419,0,0,0,
25.787272,-100.325422,0,0,0,
25.787272,-100.324425,1,1,0,
25.787272,-100.323428,1,1,0,
25.787272,-100.321434,1,1,0,
25.787272,-100.320437,1,1,0,
25.787272,-100.31944,1,1,0,
25.787272,-100.318443,1,1,0,
25.787272,-100.317446,1,1,0,
25.787272,-100.316449,1,1,0,
25.787272,-100.308474,1,1,0,
25.787272,-100.307477,1,1,0,
25.787272,-100.30648,1,1,0,
25.787272,-100.305483,1,1,0,
25.787272,-100.304486,1,1,0,
25.787272,-100.303489,1,1,0,
25.787272,-100.268597,1,1,0,
25.787272,-100.2676,1,1,0,
25.787272,-100.266603,1,1,0,
25.787272,-100.265606,1,1,0,
25.787272,-100.264609,2,2,0,
25.787272,-100.263612,1,1,0,
25.787272,-100.262615,1,1,0,
25.787272,-100.261618,1,1,0,
25.787272,-100.258627,1,1,0,
25.787272,-100.25763,1,1,0,
25.787272,-100.256634,1,1,0,
25.787272,-100.255637,1,1,0,
25.787272,-100.25464,2,2,0,
25.787272,-100.253643,3,3,0,
25.787272,-100.252646,3,3,0,
25.787272,-100.251649,4,4,0,
25.787272,-100.250652,4,4,0,
25.787272,-100.249655,2,2,0,
25.787272,-100.248658,2,2,0,
25.787272,-100.247661,1,1,0,
25.787272,-100.201802,1,1,0,
25.787272,-100.200805,1,1,0,
25.787272,-100.199808,1,1,0,
25.787272,-100.198812,1,1,0,
25.787272,-100.197815,1,1,0,
25.787272,-100.196818,1,1,0,
25.787272,-100.193827,0,0,0,
25.787272,-100.19283,0,0,0,
25.787272,-100.191833,0,0,0,
25.787272,-100.190836,0,0,0,
25.787272,-100.189839,1,1,0,19006_0312
25.787272,-100.188842,1,1,0,19006_0312
25.787272,-100.187845,1,1,0,19006_0312
25.787272,-100.186848,1,1,0,19006_0312
25.787272,-100.185851,2,2,0,19006_0312
25.787272,-100.184855,1,1,0,19006_0312
25.787272,-100.183858,1,1,0,
25.787272,-100.182861,1,1,0,
25.787272,-100.181864,1,1,0,
25.787272,-100.180867,1,1,0,
25.787272,-100.17987,0,0,0,
25.788176,-100.584624,1,1,0,
25.788176,-100.583627,1,1,0,
25.788176,-100.58263,1,1,0,
25.788176,-100.581633,1,1,0,
25.788176,-100.580636,1,1,0,
25.788176,-100.579639,2,2,0,
25.788176,-100.578642,1,1,0,
25.788176,-100.577645,2,2,0,
25.788176,-100.576648,1,1,0,
25.788176,-100.575651,1,1,0,
25.788176,-100.574654,1,1,0,
25.788176,-100.573657,1,1,0,
25.788176,-100.571664,1,1,0,
25.788176,-100.570667,1,1,0,
25.788176,-100.568673,1,1,0,
25.788176,-100.567676,1,1,0,
25.788176,-100.566679,1,1,0,
25.788176,-100.565682,1,1,0,
25.788176,-100.564685,1,1,0,
25.788176,-100.563688,1,1,0,
25.788176,-100.561694,1,1,0,
25.788176,-100.560697,1,1,0,
25.788176,-100.5597,1,1,0,
25.788176,-100.558703,1,1,0,
25.788176,-100.55671,1,1,0,
25.788176,-100.531786,1,1,0,
25.788176,-100.530789,1,1,0,
25.788176,-100.472967,1,1,0,
25.788176,-100.471971,1,1,0,
25.788176,-100.470974,1,1,0,
25.788176,-100.469977,1,1,0,
25.788176,-100.46898,1,1,0,
25.788176,-100.467983,1,1,0,
25.788176,-100.42013,0,0,0,
25.788176,-100.419133,0,0,0,
25.788176,-100.418136,0,0,0,
25.788176,-100.417139,0,0,0,
25.788176,-100.416142,0,0,0,
25.788176,-100.415145,0,0,0,
25.788176,-100.414149,0,0,0,
25.788176,-100.413152,0,0,0,
25.788176,-100.412155,0,0,0,19039_0656
25.788176,-100.411158,0,0,0,19039_0656
25.788176,-100.410161,0,0,0,19039_0656
25.788176,-100.409164,0,0,0,19039_0656
25.788176,-100.408167,0,0,0,
25.788176,-100.40717,0,0,0,
25.788176,-100.406173,0,0,0,
25.788176,-100.405176,0,0,0,
25.788176,-100.404179,0,0,0,
25.788176,-100.403182,0,0,0,
25.788176,-100.402185,0,0,0,
25.788176,-100.401188,0,0,0,
25.788176,-100.400192,0,0,0,
25.788176,-100.399195,0,0,0,
25.788176,-100.398198,0,0,0,
25.788176,-100.397201,0,0,0,
25.788176,-100.396204,0,0,0,19039_0656
25.788176,-100.395207,0,0,0,19039_0656
25.788176,-100.39421,0,0,0,19039_0656
25.788176,-100.393213,0,0,0,19039_0656
25.788176,-100.392216,0,0,0,19039_0656
25.788176,-100.391219,0,0,0,19039_0656
25.788176,-100.390222,0,0,0,19039_0656
25.788176,-100.389225,0,0,0,19039_0656
25.788176,-100.388228,0,0,0,19039_0656
25.788176,-100.387231,0,0,0,19039_0656
25.788176,-100.386234,0,0,0,19039_0656
25.788176,-100.385238,0,0,0,
25.788176,-100.384241,0,0,0,
25.788176,-100.383244,0,0,0,
25.788176,-100.382247,0,0,0,
25.788176,-100.38125,0,0,0,
25.788176,-100.380253,0,0,0,
25.788176,-100.379256,0,0,0,19039_0296
25.788176,-100.378259,0,0,0,19039_0296
25.788176,-100.377262,0,0,0,19039_0296
25.788176,-100.376265,0,0,0,
25.788176,-100.375268,0,0,0,19039_0167
25.788176,-100.374271,0,0,0,19039_0167
25.788176,-100.373274,0,0,0,
25.788176,-100.372277,0,0,0,
25.788176,-100.371281,0,0,0,
25.788176,-100.370284,0,0,0,
25.788176,-100.361311,0,0,0,
25.788176,-100.360314,0,0,0,
25.788176,-100.359317,0,0,0,
25.788176,-100.35832,0,0,0,
25.788176,-100.357324,0,0,0,
25.788176,-100.356327,0,0,0,
25.788176,-100.331403,0,0,0,
25.788176,-100.330406,0,0,0,
25.788176,-100.329409,0,0,0,
25.788176,-100.328413,0,0,0,19021_0057
25.788176,-100.327416,0,0,0,19021_0057
25.788176,-100.326419,0,0,0,
25.788176,-100.325422,0,0,0,
25.788176,-100.324425,0,0,0,
25.788176,-100.321434,1,1,0,
25.788176,-100.320437,1,1,0,
25.788176,-100.31944,1,1,0,
25.788176,-100.318443,1,1,0,
25.788176,-100.317446,1,1,0,
25.788176,-100.316449,1,1,0,
25.788176,-100.308474,1,1,0,
25.788176,-100.307477,1,1,0,
25.788176,-100.30648,1,1,0,
25.788176,-100.305483,1,1,0,
25.788176,-100.304486,1,1,0,
25.788176,-100.303489,1,1,0,
25.788176,-100.269594,1,1,0,
25.788176,-100.268597,1,1,0,
25.788176,-100.2676,1,1,0,
25.788176,-100.266603,1,1,0,
25.788176,-100.265606,2,2,0,
25.788176,-100.264609,2,2,0,
25.788176,-100.263612,1,1,0,
25.788176,-100.262615,1,1,0,
25.788176,-100.261618,1,1,0,
25.788176,-100.260621,1,1,0,
25.788176,-100.25763,1,1,0,
25.788176,-100.256634,1,1,0,
25.788176,-100.255637,1,1,0,
25.788176,-100.25464,2,2,0,
25.788176,-100.253643,2,2,0,
25.788176,-100.252646,4,4,0,
25.788176,-100.251649,4,4,0,
25.788176,-100.250652,4,4,0,
25.788176,-100.249655,3,3,0,
25.788176,-100.248658,2,2,0,
25.788176,-100.247661,1,1,0,
25.788176,-100.238689,1,1,0,
25.788176,-100.237692,1,1,0,
25.788176,-100.236695,1,1,0,
25.788176,-100.201802,1,1,0,
25.788176,-100.200805,1,1,0,
25.788176,-100.199808,1,1,0,
25.788176,-100.198812,1,1,0,
25.788176,-100.197815,1,1,0,
25.788176,-100.196818,1,1,0,
25.788176,-100.193827,0,0,0,
25.788176,-100.19283,0,0,0,
25.788176,-100.191833,0,0,0,
25.788176,-100.190836,0,0,0,19006_0312
25.788176,-100.189839,1,1,0,19006_0312
25.788176,-100.188842,1,1,0,19006_0312
25.788176,-100.187845,1,1,0,19006_0312
25.788176,-100.186848,1,1,0,19006_0312
25.788176,-100.185851,2,2,0,19006_0312
25.788176,-100.184855,2,2,0,
25.788176,-100.183858,1,1,0,
25.788176,-100.182861,1,1,0,
25.788176,-100.181864,1,1,0,
25.788176,-100.180867,1,1,0,
25.788176,-100.17987,0,0,0,
25.788176,-100.178873,0,0,0,
25.789081,-100.59559,1,1,0,
25.789081,-100.594593,1,1,0,
25.789081,-100.593596,1,1,0,
25.789081,-100.592599,1,1,0,
25.789081,-100.583627,1,1,0,
25.789081,-100.58263,1,1,0,
25.789081,-100.581633,1,1,0,
25.789081,-100.580636,1,1,0,
25.789081,-100.577645,1,1,0,
25.789081,-100.576648,1,1,0,
25.789081,-100.575651,1,1,0,
25.789081,-100.574654,1,1,0,
25.789081,-100.573657,1,1,0,
25.789081,-100.57266,1,1,0,
25.789081,-100.571664,1,1,0,
25.789081,-100.570667,1,1,0,
25.789081,-100.56967,1,1,0,
25.789081,-100.568673,2,2,0,
25.789081,-100.567676,1,1,0,
25.789081,-100.566679,1,1,0,
25.789081,-100.565682,1,1,0,
25.789081,-100.564685,1,1,0,
25.789081,-100.563688,1,1,0,
25.789081,-100.562691,1,1,0,
25.789081,-100.561694,1,1,0,
25.789081,-100.560697,1,1,0,
25.789081,-100.5597,2,2,0,
25.789081,-100.558703,3,3,0,
25.789081,-100.557707,2,2,0,
25.789081,-100.55671,1,1,0,
25.789081,-100.555713,1,1,0,
25.789081,-100.554716,1,1,0,
25.789081,-100.53378,1,1,0,
25.789081,-100.532783,1,1,0,
25.789081,-100.531786,1,1,0,
25.789081,-100.530789,1,1,0,
25.789081,-100.529792,1,1,0,
25.789081,-100.493903,1,1,0,
25.789081,-100.472967,1,1,0,
25.789081,-100.471971,1,1,0,
25.789081,-100.470974,1,1,0,
25.789081,-100.469977,1,1,0,
25.789081,-100.46898,1,1,0,
25.789081,-100.467983,1,1,0,
25.789081,-100.42013,0,0,0,
25.789081,-100.419133,0,0,0,
25.789081,-100.418136,0,0,0,
25.789081,-100.417139,0,0,0,
25.789081,-100.416142,0,0,0,
25.789081,-100.415145,0,0,0,19039_0656
25.789081,-100.414149,0,0,0,19039_0656
25.789081,-100.413152,0,0,0,19039_0656
25.789081,-100.412155,0,0,0,19039_0656
25.789081,-100.411158,0,0,0,19039_0656
25.789081,-100.410161,0,0,0,19039_0656
25.789081,-100.409164,0,0,0,19039_0656
25.789081,-100.408167,0,0,0,
25.789081,-100.40717,0,0,0,
25.789081,-100.406173,0,0,0,
25.789081,-100.405176,0,0,0,
25.789081,-100.404179,0,0,0,
25.789081,-100.403182,0,0,0,
25.789081,-100.402185,0,0,0,
25.789081,-100.401188,0,0,0,
25.789081,-100.400192,0,0,0,
25.789081,-100.399195,0,0,0,
25.789081,-100.398198,0,0,0,
25.789081,-100.397201,0,0,0,
25.789081,-100.396204,0,0,0,19039_0656
25.789081,-100.395207,0,0,0,19039_0656
25.789081,-100.39421,0,0,0,19039_0656
25.789081,-100.393213,0,0,0,19039_0656
25.789081,-100.392216,0,0,0,19039_0656
25.789081,-100.391219,0,0,0,19039_0656
25.789081,-100.390222,0,0,0,19039_0656
25.789081,-100.389225,0,0,0,19039_0656
25.789081,-100.388228,0,0,0,19039_0656
25.789081,-100.387231,0,0,0,19039_0656
25.789081,-100.386234,0,0,0,19039_0656
25.789081,-100.385238,0,0,0,
25.789081,-100.384241,0,0,0,
25.789081,-100.383244,0,0,0,
25.789081,-100.382247,0,0,0,
25.789081,-100.38125,0,0,0,
25.789081,-100.380253,0,0,0,19039_0298
25.789081,-100.379256,0,0,0,19039_0298
25.789081,-100.378259,0,0,0,19039_0298
25.789081,-100.377262,0,0,0,19039_0296
25.789081,-100.376265,0,0,0,19039_0167
25.789081,-100.375268,0,0,0,19039_0167
25.789081,-100.374271,0,0,0,19039_0167
25.789081,-100.373274,0,0,0,
25.789081,-100.372277,0,0,0,
25.789081,-100.371281,0,0,0,
25.789081,-100.370284,0,0,0,
25.789081,-100.363305,0,0,0,
25.789081,-100.362308,0,0,0,
25.789081,-100.361311,0,0,0,
25.789081,-100.360314,0,0,0,
25.789081,-100.359317,0,0,0,
25.789081,-100.35832,0,0,0,
25.789081,-100.357324,0,0,0,
25.789081,-100.356327,0,0,0,
25.789081,-100.335391,1,1,0,
25.789081,-100.334394,1,1,0,
25.789081,-100.333397,1,1,0,
25.789081,-100.3324,1,1,0,
25.789081,-100.331403,0,0,0,
25.789081,-100.330406,0,0,0,
25.789081,-100.329409,0,0,0,
25.789081,-100.328413,0,0,0,19021_0057
25.789081,-100.327416,0,0,0,19021_0057
25.789081,-100.326419,0,0,0,
25.789081,-100.325422,0,0,0,
25.789081,-100.324425,0,0,0,
25.789081,-100.320437,1,1,0,
25.789081,-100.31944,1,1,0,
25.789081,-100.318443,1,1,0,
25.789081,-100.317446,1,1,0,
25.789081,-100.316449,1,1,0,
25.789081,-100.308474,1,1,0,
25.789081,-100.307477,1,1,0,
25.789081,-100.30648,1,1,0,
25.789081,-100.305483,1,1,0,
25.789081,-100.304486,1,1,0,
25.789081,-100.303489,1,1,0,
25.789081,-100.268597,1,1,0,
25.789081,-100.2676,1,1,0,
25.789081,-100.266603,1,1,0,
25.789081,-100.265606,2,2,0,
25.789081,-100.264609,2,2,0,
25.789081,-100.263612,1,1,0,
25.789081,-100.262615,1,1,0,
25.789081,-100.261618,1,1,0,
25.789081,-100.260621,1,1,0,
25.789081,-100.25464,1,1,0,
25.789081,-100.253643,3,3,0,
25.789081,-100.252646,4,4,0,
25.789081,-100.251649,4,4,0,
25.789081,-100.250652,4,4,0,
25.789081,-100.249655,4,4,0,
25.789081,-100.248658,3,3,0,
25.789081,-100.239686,1,1,0,
25.789081,-100.238689,1,1,0,
25.789081,-100.237692,1,1,0,
25.789081,-100.236695,1,1,0,
25.789081,-100.235698,2,2,0,
25.789081,-100.234701,1,1,0,
25.789081,-100.233704,1,1,0,
25.789081,-100.23171,1,1,0,
25.789081,-100.230713,1,1,0,
25.789081,-100.229716,1,1,0,
25.789081,-100.201802,1,1,0,
25.789081,-100.200805,1,1,0,
25.789081,-100.199808,1,1,0,
25.789081,-100.198812,1,1,0,
25.789081,-100.197815,1,1,0,
25.789081,-100.193827,0,0,0,
25.789081,-100.19283,0,0,0,
25.789081,-100.191833,0,0,0,
25.789081,-100.190836,0,0,0,
25.789081,-100.189839,1,1,0,19006_0312
25.789081,-100.188842,1,1,0,19006_0312
25.789081,-100.187845,1,1,0,19006_0312
25.789081,-100.186848,1,1,0,19006_0312
25.789081,-100.185851,2,2,0,19006_0312
25.789081,-100.184855,2,2,0,19006_0312
25.789081,-100.183858,1,1,0,
25.789081,-100.182861,2,2,0,
25.789081,-100.181864,2,2,0,19006_0312
25.789081,-100.180867,2,2,0,
25.789081,-100.17987,1,1,0,
25.789081,-100.178873,0,0,0,
25.789985,-100.59559,1,1,0,
25.789985,-100.594593,1,1,0,
25.789985,-100.593596,1,1,0,
25.789985,-100.592599,1,1,0,
25.789985,-100.591602,1,1,0,
25.789985,-100.58263,1,1,0,
25.789985,-100.581633,1,1,0,
25.789985,-100.577645,1,1,0,
25.789985,-100.576648,1,1,0,
25.789985,-100.575651,1,1,0,
25.789985,-100.574654,1,1,0,
25.789985,-100.573657,2,2,0,
25.789985,-100.57266,2,2,0,
25.789985,-100.571664,1,1,0,
25.789985,-100.570667,1,1,0,
25.789985,-100.56967,1,1,0,
25.789985,-100.568673,1,1,0,
25.789985,-100.567676,1,1,0,
25.789985,-100.566679,1,1,0,
25.789985,-100.565682,1,1,0,
25.789985,-100.564685,1,1,0,
25.789985,-100.562691,1,1,0,
25.789985,-100.561694,2,2,0,
25.789985,-100.560697,2,2,0,
25.789985,-100.5597,2,2,0,
25.789985,-100.558703,3,3,0,
25.789985,-100.557707,3,3,0,
25.789985,-100.55671,2,2,0,
25.789985,-100.555713,1,1,0,
25.789985,-100.554716,1,1,0,
25.789985,-100.53378,1,1,0,
25.789985,-100.532783,1,1,0,
25.789985,-100.531786,1,1,0,
25.789985,-100.530789,1,1,0,
25.789985,-100.529792,1,1,0,
25.789985,-100.528796,1,1,0,
25.789985,-100.495897,1,1,0,
25.789985,-100.4949,1,1,0,
25.789985,-100.493903,1,1,0,
25.789985,-100.492906,1,1,0,
25.789985,-100.491909,1,1,0,
25.789985,-100.472967,1,1,0,
25.789985,-100.471971,1,1,0,
25.789985,-100.470974,1,1,0,
25.789985,-100.469977,1,1,0,
25.789985,-100.46898,1,1,0,
25.789985,-100.467983,1,1,0,
25.789985,-100.42013,0,0,0,
25.789985,-100.419133,0,0,0,
25.789985,-100.418136,0,0,0,
25.789985,-100.417139,0,0,0,19021_0239
25.789985,-100.416142,0,0,0,19021_0239
25.789985,-100.415145,0,0,0,19021_0239
25.789985,-100.414149,0,0,0,19021_0239
25.789985,-100.413152,0,0,0,19021_0239
25.789985,-100.412155,0,0,0,19021_0239
25.789985,-100.411158,0,0,0,19021_0239
25.789985,-100.410161,0,0,0,19039_0656
25.789985,-100.409164,0,0,0,19039_0656
25.789985,-100.408167,1,1,0,
25.789985,-100.40717,1,1,0,
25.789985,-100.406173,1,1,0,
25.789985,-100.405176,1,1,0,
25.789985,-100.404179,0,0,0,
25.789985,-100.403182,0,0,0,
25.789985,-100.402185,0,0,0,19039_0656
25.789985,-100.401188,0,0,0,19039_0656
25.789985,-100.400192,0,0,0,
25.789985,-100.399195,0,0,0,
25.789985,-100.398198,0,0,0,
25.789985,-100.397201,0,0,0,
25.789985,-100.396204,0,0,0,19039_0656
25.789985,-100.395207,0,0,0,19039_0656
25.789985,-100.39421,0,0,0,19039_0656
25.789985,-100.393213,0,0,0,19039_0656
25.789985,-100.392216,0,0,0,19039_0656
25.789985,-100.391219,0,0,0,19039_0656
25.789985,-100.390222,0,0,0,19039_0656
25.789985,-100.389225,0,0,0,19039_0656
25.789985,-100.388228,0,0,0,19039_0656
25.789985,-100.387231,0,0,0,19039_0656
25.789985,-100.386234,0,0,0,19039_0656
25.789985,-100.385238,0,0,0,
25.789985,-100.384241,0,0,0,
25.789985,-100.383244,0,0,0,
25.789985,-100.382247,0,0,0,
25.789985,-100.38125,0,0,0,
25.789985,-100.380253,0,0,0,
25.789985,-100.379256,0,0,0,19039_0298
25.789985,-100.378259,0,0,0,19039_0298
25.789985,-100.377262,0,0,0,19039_0298
25.789985,-100.376265,0,0,0,19039_0167
25.789985,-100.375268,0,0,0,19039_0167
25.789985,-100.374271,0,0,0,19039_0167
25.789985,-100.373274,0,0,0,
25.789985,-100.372277,0,0,0,
25.789985,-100.371281,0,0,0,
25.789985,-100.364302,0,0,0,
25.789985,-100.363305,0,0,0,
25.789985,-100.362308,0,0,0,
25.789985,-100.361311,0,0,0,
25.789985,-100.360314,0,0,0,
25.789985,-100.359317,0,0,0,
25.789985,-100.35832,0,0,0,
25.789985,-100.357324,0,0,0,
25.789985,-100.356327,0,0,0,
25.789985,-100.35533,0,0,0,
25.789985,-100.336388,1,1,0,
25.789985,-100.335391,1,1,0,
25.789985,-100.334394,1,1,0,
25.789985,-100.333397,1,1,0,
25.789985,-100.3324,1,1,0,
25.789985,-100.331403,1,1,0,
25.789985,-100.330406,0,0,0,
25.789985,-100.329409,0,0,0,
25.789985,-100.328413,0,0,0,19021_0057
25.789985,-100.327416,0,0,0,
25.789985,-100.326419,0,0,0,
25.789985,-100.325422,0,0,0,
25.789985,-100.324425,0,0,0,
25.789985,-100.320437,1,1,0,
25.789985,-100.31944,1,1,0,
25.789985,-100.318443,1,1,0,
25.789985,-100.317446,1,1,0,
25.789985,-100.307477,1,1,0,
25.789985,-100.30648,1,1,0,
25.789985,-100.305483,1,1,0,
25.789985,-100.304486,1,1,0,
25.789985,-100.268597,1,1,0,
25.789985,-100.2676,1,1,0,
25.789985,-100.266603,1,1,0,
25.789985,-100.265606,2,2,0,
25.789985,-100.264609,2,2,0,
25.789985,-100.263612,1,1,0,
25.789985,-100.262615,1,1,0,
25.789985,-100.261618,1,1,0,
25.789985,-100.260621,1,1,0,
25.789985,-100.25464,2,2,0,
25.789985,-100.253643,3,3,0,
25.789985,-100.252646,4,4,0,
25.789985,-100.251649,4,4,0,
25.789985,-100.250652,4,4,0,
25.789985,-100.249655,2,2,0,
25.789985,-100.248658,1,1,0,
25.789985,-100.239686,1,1,0,
25.789985,-100.238689,1,1,0,
25.789985,-100.237692,1,1,0,
25.789985,-100.236695,2,2,0,
25.789985,-100.235698,2,2,0,
25.789985,-100.234701,2,2,0,
25.789985,-100.233704,1,1,0,
25.789985,-100.232707,2,2,0,
25.789985,-100.23171,1,1,0,
25.789985,-100.230713,1,1,0,
25.789985,-100.229716,1,1,0,
25.789985,-100.228719,1,1,0,
25.789985,-100.200805,1,1,0,
25.789985,-100.199808,1,1,0,
25.789985,-100.198812,1,1,0,
25.789985,-100.197815,1,1,0,
25.789985,-100.193827,0,0,0,
25.789985,-100.19283,0,0,0,
25.789985,-100.191833,0,0,0,
25.789985,-100.190836,0,0,0,
25.789985,-100.189839,1,1,0,
25.789985,-100.188842,1,1,0,
25.789985,-100.187845,1,1,0,
25.789985,-100.186848,1,1,0,19006_0312
25.789985,-100.185851,1,1,0,19006_0312
25.789985,-100.184855,2,2,0,19006_0312
25.789985,-100.183858,1,1,0,19006_0312
25.789985,-100.182861,2,2,0,19006_0312
25.789985,-100.181864,2,2,0,19006_0312
25.789985,-100.180867,1,1,0,
25.789985,-100.17987,1,1,0,
25.789985,-100.178873,1,1,0,
25.790889,-100.596587,1,1,0,
25.790889,-100.59559,1,1,0,
25.790889,-100.594593,1,1,0,
25.790889,-100.593596,1,1,0,
25.790889,-100.592599,1,1,0,
25.790889,-100.591602,1,1,0,
25.790889,-100.590605,1,1,0,
25.790889,-100.589608,1,1,0,
25.790889,-100.588611,1,1,0,
25.790889,-100.577645,1,1,0,
25.790889,-100.576648,1,1,0,
25.790889,-100.575651,1,1,0,
25.790889,-100.574654,1,1,0,
25.790889,-100.573657,2,2,0,
25.790889,-100.57266,1,1,0,
25.790889,-100.571664,1,1,0,
25.790889,-100.570667,1,1,0,
25.790889,-100.56967,1,1,0,
25.790889,-100.568673,1,1,0,
25.790889,-100.566679,1,1,0,
25.790889,-100.565682,1,1,0,
25.790889,-100.562691,1,1,0,
25.790889,-100.561694,2,2,0,
25.790889,-100.560697,2,2,0,
25.790889,-100.5597,3,3,0,
25.790889,-100.558703,3,3,0,
25.790889,-100.557707,3,3,0,
25.790889,-100.55671,2,2,0,
25.790889,-100.555713,1,1,0,
25.790889,-100.554716,1,1,0,
25.790889,-100.53378,1,1,0,
25.790889,-100.532783,1,1,0,
25.790889,-100.531786,1,1,0,
25.790889,-100.530789,2,2,0,
25.790889,-100.529792,2,2,0,
25.790889,-100.528796,1,1,0,
25.790889,-100.496894,1,1,0,
25.790889,-100.495897,1,1,0,
25.790889,-100.4949,1,1,0,
25.790889,-100.493903,1,1,0,
25.790889,-100.492906,1,1,0,
25.790889,-100.491909,1,1,0,
25.790889,-100.471971,1,1,0,
25.790889,-100.470974,1,1,0,
25.790889,-100.469977,1,1,0,
25.790889,-100.46898,1,1,0,
25.790889,-100.42013,0,0,0,
25.790889,-100.419133,0,0,0,
25.790889,-100.418136,0,0,0,
25.790889,-100.417139,0,0,0,19021_0103
25.790889,-100.416142,0,0,0,19021_0103
25.790889,-100.415145,0,0,0,19021_0103
25.790889,-100.414149,0,0,0,19021_0103
25.790889,-100.413152,0,0,0,19021_0239
25.790889,-100.412155,0,0,0,19021_0239
25.790889,-100.411158,0,0,0,19021_0239
25.790889,-100.410161,0,0,0,19021_0239
25.790889,-100.409164,1,1,0,
25.790889,-100.408167,1,1,0,19039_0656
25.790889,-100.40717,1,1,0,19039_0656
25.790889,-100.406173,1,1,0,
25.790889,-100.405176,1,1,0,
25.790889,-100.404179,1,1,0,
25.790889,-100.403182,0,0,0,
25.790889,-100.402185,0,0,0,19039_0656
25.790889,-100.401188,0,0,0,19039_0656
25.790889,-100.400192,0,0,0,
25.790889,-100.399195,0,0,0,
25.790889,-100.398198,0,0,0,
25.790889,-100.397201,0,0,0,
25.790889,-100.396204,0,0,0,19039_0656
25.790889,-100.395207,0,0,0,19039_0656
25.790889,-100.39421,0,0,0,19039_0656
25.790889,-100.393213,0,0,0,19039_0656
25.790889,-100.392216,0,0,0,19039_0656
25.790889,-100.391219,0,0,0,19039_0656
25.790889,-100.390222,0,0,0,19039_0656
25.790889,-100.389225,0,0,0,19039_0656
25.790889,-100.388228,0,0,0,19039_0656
25.790889,-100.387231,0,0,0,19039_0656
25.790889,-100.386234,0,0,0,
25.790889,-100.385238,0,0,0,
25.790889,-100.384241,0,0,0,
25.790889,-100.383244,0,0,0,
25.790889,-100.382247,0,0,0,
25.790889,-100.38125,0,0,0,19039_0298
25.790889,-100.380253,0,0,0,19039_0298
25.790889,-100.379256,0,0,0,19039_0298
25.790889,-100.378259,0,0,0,19039_0298
25.790889,-100.377262,0,0,0,19039_0298
25.790889,-100.376265,0,0,0,19039_0167
25.790889,-100.375268,0,0,0,19039_0167
25.790889,-100.374271,0,0,0,19039_0167
25.790889,-100.373274,0,0,0,
25.790889,-100.372277,0,0,0,
25.790889,-100.371281,0,0,0,
25.790889,-100.370284,0,0,0,
25.790889,-100.369287,0,0,0,
25.790889,-100.36829,0,0,0,
25.790889,-100.367293,0,0,0,
25.790889,-100.366296,0,0,0,
25.790889,-100.365299,0,0,0,
25.790889,-100.364302,0,0,0,
25.790889,-100.363305,0,0,0,
25.790889,-100.362308,0,0,0,
25.790889,-100.361311,0,0,0,
25.790889,-100.360314,0,0,0,19021_0184
25.790889,-100.359317,0,0,0,19021_0184
25.790889,-100.35832,0,0,0,19021_0184
25.790889,-100.357324,0,0,0,
25.790889,-100.356327,0,0,0,
25.790889,-100.35533,0,0,0,
25.790889,-100.336388,1,1,0,
25.790889,-100.335391,1,1,0,
25.790889,-100.334394,1,1,0,
25.790889,-100.333397,1,1,0,
25.790889,-100.3324,1,1,0,
25.790889,-100.331403,1,1,0,
25.790889,-100.330406,0,0,0,
25.790889,-100.329409,0,0,0,
25.790889,-100.328413,0,0,0,19021_0057
25.790889,-100.327416,0,0,0,
25.790889,-100.326419,0,0,0,
25.790889,-100.325422,0,0,0,
25.790889,-100.295514,1,1,0,
25.790889,-100.294517,1,1,0,
25.790889,-100.264609,1,1,0,
25.790889,-100.263612,1,1,0,
25.790889,-100.262615,1,1,0,
25.790889,-100.261618,1,1,0,
25.790889,-100.25464,1,1,0,
25.790889,-100.253643,4,4,0,
25.790889,-100.252646,4,4,0,
25.790889,-100.251649,4,4,0,
25.790889,-100.250652,2,2,0,
25.790889,-100.249655,1,1,0,
25.790889,-100.248658,1,1,0,
25.790889,-100.239686,1,1,0,
25.790889,-100.238689,1,1,0,
25.790889,-100.237692,1,1,0,
25.790889,-100.236695,2,2,0,
25.790889,-100.235698,2,2,0,
25.790889,-100.234701,2,2,0,
25.790889,-100.233704,2,2,0,
25.790889,-100.232707,2,2,0,
25.790889,-100.23171,2,2,0,
25.790889,-100.230713,1,1,0,
25.790889,-100.229716,1,1,0,
25.790889,-100.228719,1,1,0,
25.790889,-100.19283,0,0,0,
25.790889,-100.191833,0,0,0,
25.790889,-100.190836,0,0,0,
25.790889,-100.189839,0,0,0,
25.790889,-100.188842,1,1,0,
25.790889,-100.187845,1,1,0,
25.790889,-100.186848,1,1,0,
25.790889,-100.185851,1,1,0,
25.790889,-100.184855,0,0,0,19006_0312
25.790889,-100.183858,1,1,0,19006_0312
25.790889,-100.182861,2,2,0,19006_0312
25.790889,-100.181864,1,1,0,19006_0312
25.790889,-100.180867,1,1,0,
25.790889,-100.17987,1,1,0,
25.790889,-100.178873,1,1,0,
25.790889,-100.061235,1,1,0,
25.791794,-100.596587,1,1,0,
25.791794,-100.59559,1,1,0,
25.791794,-100.594593,1,1,0,
25.791794,-100.593596,1,1,0,
25.791794,-100.592599,1,1,0,
25.791794,-100.591602,2,2,0,
25.791794,-100.590605,1,1,0,
25.791794,-100.589608,1,1,0,
25.791794,-100.588611,1,1,0,
25.791794,-100.587614,1,1,0,
25.791794,-100.577645,1,1,0,
25.791794,-100.576648,1,1,0,
25.791794,-100.575651,1,1,0,
25.791794,-100.574654,1,1,0,
25.791794,-100.573657,2,2,0,
25.791794,-100.57266,1,1,0,
25.791794,-100.571664,1,1,0,
25.791794,-100.570667,1,1,0,
25.791794,-100.56967,1,1,0,
25.791794,-100.568673,1,1,0,
25.791794,-100.561694,2,2,0,
25.791794,-100.560697,2,2,0,
25.791794,-100.5597,2,2,0,
25.791794,-100.558703,3,3,0,
25.791794,-100.557707,2,2,0,
25.791794,-100.55671,2,2,0,
25.791794,-100.555713,1,1,0,
25.791794,-100.554716,1,1,0,
25.791794,-100.53378,1,1,0,
25.791794,-100.532783,2,2,0,
25.791794,-100.531786,2,2,0,
25.791794,-100.530789,2,2,0,
25.791794,-100.529792,2,2,0,
25.791794,-100.528796,2,2,0,
25.791794,-100.496894,1,1,0,
25.791794,-100.495897,1,1,0,
25.791794,-100.4949,1,1,0,
25.791794,-100.493903,1,1,0,
25.791794,-100.492906,1,1,0,
25.791794,-100.491909,1,1,0,
25.791794,-100.475958,1,1,0,
25.791794,-100.474961,1,1,0,
25.791794,-100.473964,1,1,0,
25.791794,-100.472967,1,1,0,
25.791794,-100.421127,0,0,0,
25.791794,-100.42013,0,0,0,
25.791794,-100.419133,0,0,0,
25.791794,-100.418136,0,0,0,
25.791794,-100.417139,0,0,0,19021_0103
25.791794,-100.416142,0,0,0,19021_0103
25.791794,-100.415145,0,0,0,19021_0103
25.791794,-100.414149,0,0,0,19021_0103
25.791794,-100.413152,0,0,0,19021_0103
25.791794,-100.412155,0,0,0,19021_0103
25.791794,-100.411158,0,0,0,19021_0239
25.791794,-100.410161,0,0,0,19021_0239
25.791794,-100.409164,1,1,0,19021_0239
25.791794,-100.408167,1,1,0,19039_0656
25.791794,-100.40717,1,1,0,19039_0656
25.791794,-100.406173,1,1,0,
25.791794,-100.405176,1,1,0,
25.791794,-100.404179,1,1,0,19039_0656
25.791794,-100.403182,0,0,0,19039_0656
25.791794,-100.402185,0,0,0,
25.791794,-100.401188,0,0,0,
25.791794,-100.400192,0,0,0,
25.791794,-100.399195,0,0,0,
25.791794,-100.398198,0,0,0,
25.791794,-100.397201,0,0,0,
25.791794,-100.396204,0,0,0,
25.791794,-100.395207,0,0,0,
25.791794,-100.39421,0,0,0,19039_0656
25.791794,-100.393213,0,0,0,19039_0656
25.791794,-100.392216,0,0,0,19039_0656
25.791794,-100.391219,0,0,0,19039_0656
25.791794,-100.390222,0,0,0,19039_0656
25.791794,-100.389225,0,0,0,19039_0656
25.791794,-100.388228,0,0,0,19039_0656
25.791794,-100.387231,0,0,0,19039_0656
25.791794,-100.386234,0,0,0,
25.791794,-100.385238,0,0,0,
25.791794,-100.384241,0,0,0,
25.791794,-100.383244,0,0,0,
25.791794,-100.382247,0,0,0,19039_0298
25.791794,-100.38125,0,0,0,19039_0298
25.791794,-100.380253,0,0,0,19039_0298
25.791794,-100.379256,0,0,0,19039_0298
25.791794,-100.378259,0,0,0,19039_0298
25.791794,-100.377262,0,0,0,19039_0298
25.791794,-100.376265,0,0,0,19039_0167
25.791794,-100.375268,0,0,0,19039_0167
25.791794,-100.374271,0,0,0,19039_0167
25.791794,-100.373274,0,0,0,
25.791794,-100.372277,0,0,0,
25.791794,-100.371281,0,0,0,
25.791794,-100.370284,0,0,0,
25.791794,-100.369287,0,0,0,
25.791794,-100.36829,0,0,0,
25.791794,-100.367293,0,0,0,
25.791794,-100.366296,0,0,0,
25.791794,-100.365299,0,0,0,
25.791794,-100.364302,0,0,0,
25.791794,-100.363305,0,0,0,
25.791794,-100.362308,0,0,0,
25.791794,-100.361311,0,0,0,19021_0184
25.791794,-100.360314,0,0,0,19021_0184
25.791794,-100.359317,0,0,0,19021_0184
25.791794,-100.35832,0,0,0,19021_0184
25.791794,-100.357324,0,0,0,
25.791794,-100.356327,0,0,0,
25.791794,-100.35533,0,0,0,
25.791794,-100.354333,0,0,0,
25.791794,-100.336388,1,1,0,
25.791794,-100.335391,1,1,0,
25.791794,-100.334394,1,1,0,
25.791794,-100.333397,1,1,0,
25.791794,-100.3324,1,1,0,
25.791794,-100.331403,1,1,0,
25.791794,-100.330406,0,0,0,
25.791794,-100.329409,0,0,0,
25.791794,-100.328413,0,0,0,
25.791794,-100.327416,0,0,0,
25.791794,-100.326419,0,0,0,
25.791794,-100.325422,0,0,0,
25.791794,-100.298505,0,0,0,
25.791794,-100.297508,0,0,0,
25.791794,-100.296511,1,1,0,
25.791794,-100.295514,1,1,0,
25.791794,-100.294517,1,1,0,
25.791794,-100.29352,1,1,0,
25.791794,-100.292523,0,0,0,
25.791794,-100.25464,2,2,0,
25.791794,-100.253643,2,2,0,
25.791794,-100.252646,3,3,0,
25.791794,-100.251649,3,3,0,
25.791794,-100.250652,3,3,0,
25.791794,-100.249655,2,2,0,
25.791794,-100.239686,1,1,0,
25.791794,-100.238689,1,1,0,
25.791794,-100.237692,1,1,0,
25.791794,-100.236695,2,2,0,
25.791794,-100.235698,2,2,0,
25.791794,-100.234701,1,1,0,
25.791794,-100.233704,2,2,0,
25.791794,-100.232707,2,2,0,
25.791794,-100.23171,2,2,0,
25.791794,-100.230713,1,1,0,
25.791794,-100.229716,1,1,0,
25.791794,-100.228719,1,1,0,
25.791794,-100.189839,0,0,0,
25.791794,-100.188842,0,0,0,
25.791794,-100.187845,0,0,0,
25.791794,-100.186848,0,0,0,
25.791794,-100.185851,0,0,0,
25.791794,-100.184855,0,0,0,
25.791794,-100.183858,1,1,0,19006_0312
25.791794,-100.182861,1,1,0,19006_0312
25.791794,-100.181864,1,1,0,
25.791794,-100.180867,1,1,0,
25.791794,-100.17987,1,1,0,
25.791794,-100.178873,1,1,0,
25.791794,-100.063229,1,1,0,
25.791794,-100.062232,1,1,0,
25.791794,-100.061235,1,1,0,
25.791794,-100.060238,1,1,0,
25.791794,-100.059241,1,1,0,
25.792698,-100.59559,1,1,0,
25.792698,-100.594593,1,1,0,
25.792698,-100.593596,1,1,0,
25.792698,-100.592599,2,2,0,
25.792698,-100.591602,2,2,0,
25.792698,-100.590605,1,1,0,
25.792698,-100.589608,1,1,0,
25.792698,-100.588611,1,1,0,
25.792698,-100.587614,1,1,0,
25.792698,-100.575651,1,1,0,
25.792698,-100.57266,1,1,0,
25.792698,-100.571664,1,1,0,
25.792698,-100.570667,1,1,0,
25.792698,-100.56967,1,1,0,
25.792698,-100.561694,1,1,0,
25.792698,-100.560697,2,2,0,
25.792698,-100.5597,1,1,0,
25.792698,-100.558703,3,3,0,
25.792698,-100.557707,3,3,0,
25.792698,-100.55671,3,3,0,
25.792698,-100.555713,2,2,0,
25.792698,-100.554716,2,2,0,
25.792698,-100.532783,2,2,0,
25.792698,-100.531786,2,2,0,
25.792698,-100.530789,2,2,0,
25.792698,-100.529792,2,2,0,
25.792698,-100.528796,1,1,0,
25.792698,-100.527799,1,1,0,
25.792698,-100.496894,1,1,0,
25.792698,-100.495897,1,1,0,
25.792698,-100.4949,1,1,0,
25.792698,-100.493903,1,1,0,
25.792698,-100.492906,1,1,0,
25.792698,-100.491909,1,1,0,
25.792698,-100.476955,1,1,0,
25.792698,-100.475958,1,1,0,
25.792698,-100.474961,1,1,0,
25.792698,-100.473964,1,1,0,
25.792698,-100.472967,1,1,0,
25.792698,-100.471971,1,1,0,
25.792698,-100.421127,0,0,0,
25.792698,-100.42013,0,0,0,
25.792698,-100.419133,0,0,0,
25.792698,-100.418136,0,0,0,19021_0103
25.792698,-100.417139,0,0,0,19021_0103
25.792698,-100.416142,0,0,0,19021_0103
25.792698,-100.415145,0,0,0,19021_0103
25.792698,-100.414149,0,0,0,19021_0103
25.792698,-100.413152,0,0,0,19021_0103
25.792698,-100.412155,0,0,0,19021_0103
25.792698,-100.411158,0,0,0,19021_0103
25.792698,-100.410161,0,0,0,
25.792698,-100.409164,1,1,0,19021_0239
25.792698,-100.408167,1,1,0,19021_0239
25.792698,-100.40717,1,1,0,
25.792698,-100.406173,1,1,0,
25.792698,-100.405176,1,1,0,
25.792698,-100.404179,1,1,0,19039_0656
25.792698,-100.403182,0,0,0,
25.792698,-100.402185,0,0,0,
25.792698,-100.401188,0,0,0,
25.792698,-100.400192,0,0,0,
25.792698,-100.399195,0,0,0,
25.792698,-100.398198,0,0,0,
25.792698,-100.397201,0,0,0,
25.792698,-100.396204,0,0,0,19039_0656
25.792698,-100.395207,0,0,0,19039_0656
25.792698,-100.39421,0,0,0,19039_0656
25.792698,-100.393213,0,0,0,19039_0656
25.792698,-100.392216,0,0,0,19039_0656
25.792698,-100.391219,0,0,0,19039_0656
25.792698,-100.390222,0,0,0,19039_0656
25.792698,-100.389225,0,0,0,19039_0656
25.792698,-100.388228,0,0,0,19039_0656
25.792698,-100.387231,0,0,0,19039_0656
25.792698,-100.386234,0,0,0,
25.792698,-100.385238,0,0,0,
25.792698,-100.384241,0,0,0,
25.792698,-100.383244,0,0,0,
25.792698,-100.382247,0,0,0,19039_0298
25.792698,-100.38125,0,0,0,19039_0298
25.792698,-100.380253,0,0,0,19039_0298
25.792698,-100.379256,0,0,0,19039_0298
25.792698,-100.378259,0,0,0,19039_0298
25.792698,-100.377262,0,0,0,19039_0298
25.792698,-100.376265,0,0,0,19039_0167
25.792698,-100.375268,0,0,0,19039_0167
25.792698,-100.374271,0,0,0,19039_0167
25.792698,-100.373274,0,0,0,
25.792698,-100.372277,0,0,0,
25.792698,-100.371281,0,0,0,
25.792698,-100.370284,0,0,0,
25.792698,-100.369287,0,0,0,
25.792698,-100.36829,0,0,0,
25.792698,-100.367293,0,0,0,
25.792698,-100.366296,0,0,0,
25.792698,-100.365299,0,0,0,
25.792698,-100.364302,0,0,0,
25.792698,-100.363305,0,0,0,19021_0184
25.792698,-100.362308,0,0,0,19021_0184
25.792698,-100.361311,0,0,0,19021_0184
25.792698,-100.360314,0,0,0,19021_0184
25.792698,-100.359317,0,0,0,19021_0184
25.792698,-100.35832,0,0,0,19021_0184
25.792698,-100.357324,0,0,0,19021_0184
25.792698,-100.356327,0,0,0,
25.792698,-100.35533,0,0,0,
25.792698,-100.354333,0,0,0,
25.792698,-100.34536,1,0,1,
25.792698,-100.344363,1,0,1,
25.792698,-100.343366,1,0,1,
25.792698,-100.335391,1,1,0,
25.792698,-100.334394,1,1,0,
25.792698,-100.333397,1,1,0,
25.792698,-100.3324,1,1,0,
25.792698,-100.331403,1,1,0,
25.792698,-100.330406,0,0,0,
25.792698,-100.329409,0,0,0,
25.792698,-100.328413,0,0,0,
25.792698,-100.327416,0,0,0,
25.792698,-100.326419,0,0,0,
25.792698,-100.325422,0,0,0,
25.792698,-100.299502,0,0,0,
25.792698,-100.298505,0,0,0,
25.792698,-100.297508,1,1,0,
25.792698,-100.296511,1,1,0,
25.792698,-100.295514,1,1,0,
25.792698,-100.294517,1,1,0,
25.792698,-100.29352,1,1,0,
25.792698,-100.292523,1,1,0,
25.792698,-100.291526,0,0,0,
25.792698,-100.255637,1,1,0,
25.792698,-100.25464,3,3,0,
25.792698,-100.253643,3,3,0,
25.792698,-100.252646,3,3,0,
25.792698,-100.251649,2,2,0,
25.792698,-100.250652,2,2,0,
25.792698,-100.238689,1,1,0,
25.792698,-100.237692,1,1,0,
25.792698,-100.236695,2,2,0,
25.792698,-100.235698,1,1,0,
25.792698,-100.234701,1,1,0,
25.792698,-100.233704,1,1,0,
25.792698,-100.232707,2,2,0,
25.792698,-100.23171,1,1,0,
25.792698,-100.230713,1,1,0,
25.792698,-100.229716,1,1,0,
25.792698,-100.228719,1,1,0,
25.792698,-100.187845,0,0,0,
25.792698,-100.186848,0,0,0,
25.792698,-100.185851,0,0,0,
25.792698,-100.184855,0,0,0,
25.792698,-100.183858,0,0,0,
25.792698,-100.182861,1,1,0,
25.792698,-100.181864,1,1,0,
25.792698,-100.180867,1,1,0,
25.792698,-100.17987,1,1,0,
25.792698,-100.178873,1,1,0,
25.792698,-100.094134,1,1,0,
25.792698,-100.093137,1,1,0,
25.792698,-100.09214,1,1,0,
25.792698,-100.091143,1,1,0,
25.792698,-100.063229,1,1,0,
25.792698,-100.062232,1,1,0,
25.792698,-100.061235,1,1,0,
25.792698,-100.060238,1,1,0,
25.792698,-100.059241,1,1,0,
25.793602,-100.594593,1,1,0,
25.793602,-100.593596,1,1,0,
25.793602,-100.592599,2,2,0,
25.793602,-100.591602,1,1,0,
25.793602,-100.590605,1,1,0,
25.793602,-100.589608,1,1,0,
25.793602,-100.588611,1,1,0,
25.793602,-100.587614,1,1,0,
25.793602,-100.560697,1,1,0,
25.793602,-100.5597,1,1,0,
25.793602,-100.558703,2,2,0,
25.793602,-100.557707,2,2,0,
25.793602,-100.55671,1,1,0,
25.793602,-100.555713,1,1,0,
25.793602,-100.554716,1,1,0,
25.793602,-100.532783,1,1,0,
25.793602,-100.531786,1,1,0,
25.793602,-100.530789,1,1,0,
25.793602,-100.529792,1,1,0,
25.793602,-100.528796,1,1,0,
25.793602,-100.527799,1,1,0,
25.793602,-100.495897,1,1,0,
25.793602,-100.4949,1,1,0,
25.793602,-100.493903,1,1,0,
25.793602,-100.492906,1,1,0,
25.793602,-100.491909,1,1,0,
25.793602,-100.476955,1,1,0,
25.793602,-100.475958,1,1,0,
25.793602,-100.474961,1,1,0,
25.793602,-100.473964,1,1,0,
25.793602,-100.472967,1,1,0,
25.793602,-100.471971,1,1,0,
25.793602,-100.421127,0,0,0,
25.793602,-100.42013,1,1,0,
25.793602,-100.419133,1,1,0,
25.793602,-100.418136,1,1,0,19021_0103
25.793602,-100.417139,0,0,0,19021_0103
25.793602,-100.416142,0,0,0,19021_0103
25.793602,-100.415145,0,0,0,19021_0103
25.793602,-100.414149,0,0,0,19021_0103
25.793602,-100.413152,0,0,0,19021_0103
25.793602,-100.412155,0,0,0,19021_0103
25.793602,-100.411158,0,0,0,
25.793602,-100.410161,0,0,0,
25.793602,-100.409164,0,0,0,
25.793602,-100.408167,1,1,0,19021_0239
25.793602,-100.40717,1,1,0,19021_0239
25.793602,-100.406173,1,1,0,19039_0656
25.793602,-100.405176,1,1,0,19039_0656
25.793602,-100.404179,0,0,0,19039_0656
25.793602,-100.403182,0,0,0,19039_0656
25.793602,-100.402185,0,0,0,19039_0656
25.793602,-100.401188,0,0,0,19039_0656
25.793602,-100.400192,0,0,0,
25.793602,-100.399195,0,0,0,
25.793602,-100.398198,0,0,0,19039_0656
25.793602,-100.397201,0,0,0,19021_0239
25.793602,-100.396204,0,0,0,19021_0239
25.793602,-100.395207,0,0,0,19021_0239
25.793602,-100.39421,0,0,0,19021_0239
25.793602,-100.393213,0,0,0,19021_0239
25.793602,-100.392216,0,0,0,19021_0239
25.793602,-100.391219,0,0,0,19021_0239
25.793602,-100.390222,0,0,0,19039_0656
25.793602,-100.389225,0,0,0,19039_0656
25.793602,-100.388228,0,0,0,19039_0656
25.793602,-100.387231,0,0,0,19039_0656
25.793602,-100.386234,0,0,0,
25.793602,-100.385238,0,0,0,
25.793602,-100.384241,0,0,0,
25.793602,-100.383244,0,0,0,19039_0298
25.793602,-100.382247,0,0,0,19039_0298
25.793602,-100.38125,0,0,0,19039_0298
25.793602,-100.380253,0,0,0,19039_0298
25.793602,-100.379256,0,0,0,19039_0298
25.793602,-100.378259,0,0,0,19039_0298
25.793602,-100.377262,0,0,0,19039_0298
25.793602,-100.376265,0,0,0,19039_0167
25.793602,-100.375268,0,0,0,
25.793602,-100.374271,0,0,0,
25.793602,-100.373274,0,0,0,
25.793602,-100.372277,0,0,0,
25.793602,-100.371281,0,0,0,
25.793602,-100.370284,0,0,0,
25.793602,-100.369287,0,0,0,
25.793602,-100.36829,0,0,0,19021_0184
25.793602,-100.367293,0,0,0,19021_0184
25.793602,-100.366296,0,0,0,19021_0184
25.793602,-100.365299,0,0,0,19021_0184
25.793602,-100.364302,0,0,0,19021_0184
25.793602,-100.363305,0,0,0,19021_0184
25.793602,-100.362308,0,0,0,19021_0184
25.793602,-100.361311,0,0,0,19021_0184
25.793602,-100.360314,0,0,0,19021_0184
25.793602,-100.359317,0,0,0,19021_0184
25.793602,-100.35832,0,0,0,19021_0184
25.793602,-100.357324,0,0,0,19021_0184
25.793602,-100.356327,0,0,0,
25.793602,-100.35533,0,0,0,
25.793602,-100.354333,0,0,0,
25.793602,-100.346357,1,0,1,
25.793602,-100.34536,1,0,1,
25.793602,-100.344363,1,0,1,
25.793602,-100.343366,1,0,1,
25.793602,-100.34237,1,0,1,
25.793602,-100.334394,1,1,0,
25.793602,-100.333397,1,1,0,
25.793602,-100.3324,1,1,0,
25.793602,-100.330406,0,0,0,
25.793602,-100.329409,0,0,0,
25.793602,-100.328413,0,0,0,
25.793602,-100.327416,0,0,0,
25.793602,-100.326419,0,0,0,
25.793602,-100.300498,0,0,0,
25.793602,-100.299502,0,0,0,
25.793602,-100.298505,0,0,0,
25.793602,-100.297508,1,1,0,
25.793602,-100.296511,1,1,0,
25.793602,-100.295514,1,1,0,19021_0113
25.793602,-100.294517,1,1,0,
25.793602,-100.29352,1,1,0,
25.793602,-100.292523,1,1,0,
25.793602,-100.291526,0,0,0,
25.793602,-100.290529,0,0,0,
25.793602,-100.255637,1,1,0,
25.793602,-100.25464,3,3,0,
25.793602,-100.253643,3,3,0,
25.793602,-100.252646,3,3,0,
25.793602,-100.251649,3,3,0,
25.793602,-100.250652,2,2,0,
25.793602,-100.249655,1,1,0,
25.793602,-100.235698,1,1,0,
25.793602,-100.234701,1,1,0,
25.793602,-100.233704,1,1,0,
25.793602,-100.23171,1,1,0,
25.793602,-100.230713,1,1,0,
25.793602,-100.229716,1,1,0,
25.793602,-100.185851,0,0,0,
25.793602,-100.184855,0,0,0,
25.793602,-100.183858,0,0,0,
25.793602,-100.182861,0,0,0,
25.793602,-100.181864,1,1,0,
25.793602,-100.180867,1,1,0,
25.793602,-100.17987,1,1,0,
25.793602,-100.094134,1,1,0,
25.793602,-100.093137,1,1,0,
25.793602,-100.09214,1,1,0,
25.793602,-100.091143,1,1,0,
25.793602,-100.090146,1,1,0,
25.793602,-100.063229,1,1,0,
25.793602,-100.062232,1,1,0,
25.793602,-100.061235,1,1,0,
25.793602,-100.060238,1,1,0,
25.793602,-100.059241,1,1,0,
25.793602,-100.058244,1,1,0,
25.794507,-100.601571,0,0,0,
25.794507,-100.600575,0,0,0,
25.794507,-100.599578,0,0,0,
25.794507,-100.598581,0,0,0,
25.794507,-100.591602,2,2,0,
25.794507,-100.590605,2,2,0,
25.794507,-100.589608,2,2,0,
25.794507,-100.588611,2,2,0,
25.794507,-100.587614,1,1,0,
25.794507,-100.558703,1,1,0,
25.794507,-100.557707,1,1,0,
25.794507,-100.55671,1,1,0,
25.794507,-100.555713,1,1,0,
25.794507,-100.554716,1,1,0,
25.794507,-100.553719,1,1,0,
25.794507,-100.532783,1,1,0,
25.794507,-100.531786,1,1,0,
25.794507,-100.530789,1,1,0,
25.794507,-100.529792,1,1,0,
25.794507,-100.528796,1,1,0,
25.794507,-100.527799,1,1,0,
25.794507,-100.485928,1,1,0,
25.794507,-100.484931,1,1,0,
25.794507,-100.483934,1,1,0,
25.794507,-100.482937,1,1,0,
25.794507,-100.48194,1,1,0,
25.794507,-100.476955,1,1,0,
25.794507,-100.475958,1,1,0,
25.794507,-100.474961,1,1,0,
25.794507,-100.473964,1,1,0,
25.794507,-100.472967,1,1,0,
25.794507,-100.471971,1,1,0,
25.794507,-100.422124,0,0,0,
25.794507,-100.421127,1,1,0,
25.794507,-100.42013,1,1,0,
25.794507,-100.419133,1,1,0,19021_0103
25.794507,-100.418136,1,1,0,19021_0103
25.794507,-100.417139,1,1,0,19021_0103
25.794507,-100.416142,0,0,0,19021_0103
25.794507,-100.415145,0,0,0,19021_0103
25.794507,-100.414149,0,0,0,19021_0103
25.794507,-100.413152,0,0,0,19021_0103
25.794507,-100.412155,0,0,0,19021_0103
25.794507,-100.411158,0,0,0,
25.794507,-100.410161,0,0,0,
25.794507,-100.409164,0,0,0,
25.794507,-100.408167,0,0,0,
25.794507,-100.40717,1,1,0,19021_0239
25.794507,-100.406173,1,1,0,19021_0239
25.794507,-100.405176,0,0,0,19039_0656
25.794507,-100.404179,0,0,0,
25.794507,-100.403182,0,0,0,
25.794507,-100.402185,0,0,0,
25.794507,-100.401188,0,0,0,
25.794507,-100.400192,0,0,0,19039_0656
25.794507,-100.399195,0,0,0,19039_0656
25.794507,-100.398198,0,0,0,19021_0239
25.794507,-100.397201,0,0,0,19021_0239
25.794507,-100.396204,0,0,0,19021_0002
25.794507,-100.395207,0,0,0,19021_0002
25.794507,-100.39421,0,0,0,19021_0002
25.794507,-100.393213,0,0,0,19021_0002
25.794507,-100.392216,0,0,0,19021_0174
25.794507,-100.391219,0,0,0,19021_0174
25.794507,-100.390222,0,0,0,19021_0239
25.794507,-100.389225,0,0,0,19039_0656
25.794507,-100.388228,0,0,0,19039_0656
25.794507,-100.387231,0,0,0,
25.794507,-100.386234,0,0,0,
25.794507,-100.385238,0,0,0,
25.794507,-100.384241,0,0,0,
25.794507,-100.383244,0,0,0,19039_0298
25.794507,-100.382247,0,0,0,19039_0298
25.794507,-100.38125,0,0,0,19039_0298
25.794507,-100.380253,0,0,0,19039_0298
25.794507,-100.379256,0,0,0,19039_0298
25.794507,-100.378259,0,0,0,19039_0298
25.794507,-100.377262,0,0,0,19021_0175
25.794507,-100.376265,0,0,0,19021_0040
25.794507,-100.375268,0,0,0,
25.794507,-100.374271,0,0,0,
25.794507,-100.373274,0,0,0,
25.794507,-100.372277,0,0,0,
25.794507,-100.371281,0,0,0,
25.794507,-100.370284,0,0,0,
25.794507,-100.369287,0,0,0,
25.794507,-100.36829,0,0,0,19021_0184
25.794507,-100.367293,0,0,0,19021_0184
25.794507,-100.366296,0,0,0,19021_0184
25.794507,-100.365299,0,0,0,19021_0184
25.794507,-100.364302,0,0,0,19021_0184
25.794507,-100.363305,0,0,0,19021_0184
25.794507,-100.362308,0,0,0,19021_0184
25.794507,-100.361311,0,0,0,19021_0184
25.794507,-100.360314,0,0,0,19021_0184
25.794507,-100.359317,0,0,0,19021_0184
25.794507,-100.35832,0,0,0,19021_0184
25.794507,-100.357324,0,0,0,19021_0184
25.794507,-100.356327,0,0,0,
25.794507,-100.35533,0,0,0,
25.794507,-100.354333,0,0,0,
25.794507,-100.353336,0,0,0,
25.794507,-100.346357,1,0,1,
25.794507,-100.34536,2,1,1,
25.794507,-100.344363,2,1,1,
25.794507,-100.343366,2,1,1,
25.794507,-100.34237,2,1,1,
25.794507,-100.341373,2,2,0,
25.794507,-100.340376,1,1,0,
25.794507,-100.339379,1,1,0,
25.794507,-100.329409,0,0,0,
25.794507,-100.328413,0,0,0,
25.794507,-100.327416,0,0,0,
25.794507,-100.326419,0,0,0,
25.794507,-100.300498,0,0,0,
25.794507,-100.299502,0,0,0,
25.794507,-100.298505,1,1,0,
25.794507,-100.297508,2,2,0,
25.794507,-100.296511,2,2,0,19021_0113
25.794507,-100.295514,2,2,0,19021_0113
25.794507,-100.294517,1,1,0,19021_0113
25.794507,-100.29352,1,1,0,19021_0113
25.794507,-100.292523,1,1,0,
25.794507,-100.291526,0,0,0,
25.794507,-100.290529,0,0,0,
25.794507,-100.256634,1,1,0,
25.794507,-100.255637,1,1,0,
25.794507,-100.25464,2,2,0,
25.794507,-100.253643,2,2,0,
25.794507,-100.252646,2,2,0,
25.794507,-100.251649,2,2,0,
25.794507,-100.250652,1,1,0,
25.794507,-100.184855,0,0,0,
25.794507,-100.183858,0,0,0,
25.794507,-100.182861,0,0,0,
25.794507,-100.095131,1,1,0,
25.794507,-100.094134,1,1,0,
25.794507,-100.093137,1,1,0,
25.794507,-100.09214,1,1,0,
25.794507,-100.091143,1,1,0,
25.794507,-100.090146,1,1,0,
25.794507,-100.063229,1,1,0,
25.794507,-100.062232,1,1,0,
25.794507,-100.061235,1,1,0,
25.794507,-100.060238,1,1,0,
25.794507,-100.059241,1,1,0,
25.795411,-100.605559,0,0,0,
25.795411,-100.604562,0,0,0,
25.795411,-100.603565,0,0,0,
25.795411,-100.602568,0,0,0,
25.795411,-100.601571,0,0,0,
25.795411,-100.600575,0,0,0,
25.795411,-100.599578,0,0,0,
25.795411,-100.598581,0,0,0,
25.795411,-100.597584,0,0,0,
25.795411,-100.592599,1,1,0,
25.795411,-100.591602,2,2,0,
25.795411,-100.590605,2,2,0,
25.795411,-100.589608,2,2,0,
25.795411,-100.588611,2,2,0,
25.795411,-100.587614,1,1,0,
25.795411,-100.558703,1,1,0,
25.795411,-100.557707,1,1,0,
25.795411,-100.55671,1,1,0,
25.795411,-100.555713,1,1,0,
25.795411,-100.554716,1,1,0,
25.795411,-100.531786,1,1,0,
25.795411,-100.530789,1,1,0,
25.795411,-100.529792,1,1,0,
25.795411,-100.528796,1,1,0,
25.795411,-100.485928,1,1,0,
25.795411,-100.484931,1,1,0,
25.795411,-100.483934,1,1,0,
25.795411,-100.482937,1,1,0,
25.795411,-100.48194,1,1,0,
25.795411,-100.476955,1,1,0,
25.795411,-100.475958,1,1,0,
25.795411,-100.474961,1,1,0,
25.795411,-100.473964,1,1,0,
25.795411,-100.472967,1,1,0,
25.795411,-100.471971,1,1,0,
25.795411,-100.465989,1,1,0,
25.795411,-100.464992,1,1,0,
25.795411,-100.463995,1,1,0,
25.795411,-100.462998,1,1,0,
25.795411,-100.422124,0,0,0,
25.795411,-100.421127,1,1,0,
25.795411,-100.42013,1,1,0,
25.795411,-100.419133,1,1,0,19021_0103
25.795411,-100.418136,1,1,0,19021_0103
25.795411,-100.417139,1,1,0,19021_0103
25.795411,-100.416142,1,1,0,19021_0103
25.795411,-100.415145,0,0,0,19021_0103
25.795411,-100.414149,0,0,0,19021_0103
25.795411,-100.413152,0,0,0,19021_0103
25.795411,-100.412155,0,0,0,19021_0103
25.795411,-100.411158,0,0,0,
25.795411,-100.410161,1,1,0,
25.795411,-100.409164,1,1,0,
25.795411,-100.408167,0,0,0,
25.795411,-100.40717,0,0,0,
25.795411,-100.406173,0,0,0,19021_0239
25.795411,-100.405176,0,0,0,19021_0239
25.795411,-100.404179,0,0,0,19039_0656
25.795411,-100.403182,0,0,0,19039_0656
25.795411,-100.402185,0,0,0,19039_0656
25.795411,-100.401188,0,0,0,19039_0656
25.795411,-100.400192,0,0,0,19039_0656
25.795411,-100.399195,0,0,0,19021_0239
25.795411,-100.398198,0,0,0,19021_0002
25.795411,-100.397201,0,0,0,19021_0002
25.795411,-100.396204,0,0,0,19021_0002
25.795411,-100.395207,0,0,0,19021_0002
25.795411,-100.39421,0,0,0,19021_0002
25.795411,-100.393213,0,0,0,19021_0174
25.795411,-100.392216,0,0,0,19021_0174
25.795411,-100.391219,0,0,0,19021_0174
25.795411,-100.390222,0,0,0,19021_0174
25.795411,-100.389225,0,0,0,19021_0239
25.795411,-100.388228,0,0,0,19039_0656
25.795411,-100.387231,0,0,0,
25.795411,-100.386234,0,0,0,
25.795411,-100.385238,0,0,0,
25.795411,-100.384241,0,0,0,19039_0298
25.795411,-100.383244,0,0,0,19039_0298
25.795411,-100.382247,0,0,0,19039_0298
25.795411,-100.38125,0,0,0,19039_0298
25.795411,-100.380253,0,0,0,
25.795411,-100.379256,0,0,0,19021_0175
25.795411,-100.378259,1,1,0,19021_0175
25.795411,-100.377262,1,1,0,19021_0175
25.795411,-100.376265,1,1,0,19021_0040
25.795411,-100.375268,0,0,0,19021_0040
25.795411,-100.374271,0,0,0,
25.795411,-100.373274,0,0,0,
25.795411,-100.372277,0,0,0,
25.795411,-100.371281,0,0,0,
25.795411,-100.370284,0,0,0,
25.795411,-100.369287,0,0,0,
25.795411,-100.36829,0,0,0,19021_0184
25.795411,-100.367293,0,0,0,19021_0184
25.795411,-100.366296,0,0,0,19021_0184
25.795411,-100.365299,0,0,0,19021_0184
25.795411,-100.364302,0,0,0,19021_0184
25.795411,-100.363305,0,0,0,19021_0184
25.795411,-100.362308,0,0,0,19021_0184
25.795411,-100.361311,0,0,0,19021_0184
25.795411,-100.360314,0,0,0,19021_0184
25.795411,-100.359317,0,0,0,19021_0184
25.795411,-100.35832,0,0,0,19021_0184
25.795411,-100.357324,0,0,0,19021_0184
25.795411,-100.356327,0,0,0,19021_0184
25.795411,-100.35533,0,0,0,
25.795411,-100.354333,0,0,0,
25.795411,-100.353336,0,0,0,
25.795411,-100.346357,1,0,1,
25.795411,-100.34536,2,1,1,
25.795411,-100.344363,2,1,1,
25.795411,-100.343366,2,1,1,
25.795411,-100.34237,3,2,1,
25.795411,-100.341373,2,2,0,
25.795411,-100.340376,1,1,0,
25.795411,-100.339379,1,1,0,
25.795411,-100.338382,1,1,0,
25.795411,-100.300498,0,0,0,
25.795411,-100.299502,1,1,0,
25.795411,-100.298505,1,1,0,
25.795411,-100.297508,1,1,0,19021_0113
25.795411,-100.296511,2,2,0,19021_0113
25.795411,-100.295514,2,2,0,19021_0113
25.795411,-100.294517,1,1,0,19021_0113
25.795411,-100.29352,1,1,0,19021_0113
25.795411,-100.292523,0,0,0,
25.795411,-100.291526,0,0,0,
25.795411,-100.290529,0,0,0,
25.795411,-100.256634,1,1,0,
25.795411,-100.255637,1,1,0,
25.795411,-100.25464,1,1,0,
25.795411,-100.253643,2,2,0,
25.795411,-100.252646,2,2,0,
25.795411,-100.251649,2,2,0,
25.795411,-100.245667,1,1,0,
25.795411,-100.24467,1,1,0,
25.795411,-100.243673,2,2,0,
25.795411,-100.242676,2,2,0,
25.795411,-100.24168,1,1,0,
25.795411,-100.240683,1,1,0,
25.795411,-100.095131,2,2,0,
25.795411,-100.094134,2,2,0,
25.795411,-100.093137,2,2,0,
25.795411,-100.09214,2,2,0,
25.795411,-100.091143,1,1,0,
25.795411,-100.090146,1,1,0,
25.795411,-100.063229,1,1,0,
25.795411,-100.062232,1,1,0,
25.795411,-100.061235,1,1,0,
25.795411,-100.060238,1,1,0,
25.795411,-100.059241,1,1,0,
25.796316,-100.606556,0,0,0,
25.796316,-100.605559,0,0,0,
25.796316,-100.604562,0,0,0,
25.796316,-100.603565,0,0,0,
25.796316,-100.602568,0,0,0,
25.796316,-100.601571,0,0,0,
25.796316,-100.600575,0,0,0,
25.796316,-100.599578,0,0,0,
25.796316,-100.598581,0,0,0,
25.796316,-100.597584,0,0,0,
25.796316,-100.592599,1,1,0,
25.796316,-100.591602,1,1,0,
25.796316,-100.590605,2,2,0,
25.796316,-100.589608,2,2,0,
25.796316,-100.588611,2,2,0,
25.796316,-100.587614,1,1,0,
25.796316,-100.565682,1,1,0,
25.796316,-100.564685,1,1,0,
25.796316,-100.563688,1,1,0,
25.796316,-100.562691,1,1,0,
25.796316,-100.558703,1,1,0,
25.796316,-100.557707,1,1,0,
25.796316,-100.55671,1,1,0,
25.796316,-100.555713,1,1,0,
25.796316,-100.554716,1,1,0,
25.796316,-100.485928,1,1,0,
25.796316,-100.484931,1,1,0,
25.796316,-100.483934,1,1,0,
25.796316,-100.482937,1,1,0,
25.796316,-100.48194,1,1,0,
25.796316,-100.480943,1,1,0,
25.796316,-100.475958,1,1,0,
25.796316,-100.474961,1,1,0,
25.796316,-100.473964,1,1,0,
25.796316,-100.472967,1,1,0,
25.796316,-100.466986,1,1,0,
25.796316,-100.465989,1,1,0,
25.796316,-100.464992,1,1,0,
25.796316,-100.463995,1,1,0,
25.796316,-100.462998,1,1,0,
25.796316,-100.423121,0,0,0,
25.796316,-100.422124,0,0,0,
25.796316,-100.421127,1,1,0,
25.796316,-100.42013,1,1,0,
25.796316,-100.419133,1,1,0,19021_0103
25.796316,-100.418136,1,1,0,19021_0103
25.796316,-100.417139,1,1,0,19021_0103
25.796316,-100.416142,1,1,0,19021_0103
25.796316,-100.415145,0,0,0,19021_0103
25.796316,-100.414149,0,0,0,19021_0103
25.796316,-100.413152,0,0,0,19021_0103
25.796316,-100.412155,1,1,0,
25.796316,-100.411158,2,2,0,
25.796316,-100.410161,1,1,0,
25.796316,-100.409164,1,1,0,
25.796316,-100.408167,1,1,0,
25.796316,-100.40717,1,1,0,
25.796316,-100.406173,0,0,0,
25.796316,-100.405176,0,0,0,19021_0239
25.796316,-100.404179,0,0,0,19021_0239
25.796316,-100.403182,0,0,0,19039_0656
25.796316,-100.402185,0,0,0,19021_0239
25.796316,-100.401188,0,0,0,19021_0239
25.796316,-100.400192,0,0,0,19021_0002
25.796316,-100.399195,0,0,0,19021_0002
25.796316,-100.398198,0,0,0,19021_0002
25.796316,-100.397201,0,0,0,19021_0002
25.796316,-100.396204,0,0,0,19021_0002
25.796316,-100.395207,1,1,0,19021_0002
25.796316,-100.39421,1,1,0,19021_0002
25.796316,-100.393213,1,1,0,19021_0174
25.796316,-100.392216,1,1,0,19021_0174
25.796316,-100.391219,0,0,0,19021_0174
25.796316,-100.390222,0,0,0,19021_0174
25.796316,-100.389225,0,0,0,19021_0174
25.796316,-100.388228,0,0,0,
25.796316,-100.387231,0,0,0,19039_0656
25.796316,-100.386234,0,0,0,
25.796316,-100.385238,0,0,0,
25.796316,-100.384241,0,0,0,19039_0298
25.796316,-100.383244,0,0,0,
25.796316,-100.382247,0,0,0,
25.796316,-100.38125,0,0,0,
25.796316,-100.380253,0,0,0,
25.796316,-100.379256,1,1,0,19021_0175
25.796316,-100.378259,1,1,0,19021_0175
25.796316,-100.377262,1,1,0,19021_0175
25.796316,-100.376265,1,1,0,19021_0040
25.796316,-100.375268,1,1,0,19021_0040
25.796316,-100.374271,0,0,0,19021_0040
25.796316,-100.373274,0,0,0,
25.796316,-100.372277,0,0,0,
25.796316,-100.371281,0,0,0,
25.796316,-100.370284,0,0,0,
25.796316,-100.369287,0,0,0,
25.796316,-100.36829,0,0,0,19021_0184
25.796316,-100.367293,0,0,0,19021_0184
25.796316,-100.366296,0,0,0,19021_0184
25.796316,-100.365299,0,0,0,19021_0184
25.796316,-100.364302,0,0,0,19021_0184
25.796316,-100.363305,0,0,0,19021_0184
25.796316,-100.362308,0,0,0,19021_0184
25.796316,-100.361311,0,0,0,19021_0184
25.796316,-100.360314,0,0,0,19021_0184
25.796316,-100.359317,0,0,0,19021_0184
25.796316,-100.35832,0,0,0,19021_0184
25.796316,-100.357324,0,0,0,19021_0184
25.796316,-100.356327,0,0,0,19021_0184
25.796316,-100.35533,0,0,0,
25.796316,-100.354333,0,0,0,
25.796316,-100.353336,0,0,0,
25.796316,-100.346357,2,1,1,
25.796316,-100.34536,2,1,1,
25.796316,-100.344363,2,1,1,
25.796316,-100.343366,3,2,1,
25.796316,-100.34237,3,2,1,
25.796316,-100.341373,2,2,0,
25.796316,-100.340376,1,1,0,
25.796316,-100.339379,1,1,0,
25.796316,-100.338382,1,1,0,
25.796316,-100.300498,0,0,0,
25.796316,-100.299502,1,1,0,
25.796316,-100.298505,1,1,0,
25.796316,-100.297508,1,1,0,19021_0113
25.796316,-100.296511,1,1,0,19021_0113
25.796316,-100.295514,1,1,0,19021_0113
25.796316,-100.294517,1,1,0,19021_0113
25.796316,-100.29352,0,0,0,19021_0113
25.796316,-100.292523,0,0,0,
25.796316,-100.291526,0,0,0,
25.796316,-100.290529,0,0,0,
25.796316,-100.255637,1,1,0,
25.796316,-100.25464,1,1,0,
25.796316,-100.253643,1,1,0,
25.796316,-100.252646,1,1,0,
25.796316,-100.251649,1,1,0,
25.796316,-100.246664,1,1,0,
25.796316,-100.245667,1,1,0,
25.796316,-100.24467,1,1,0,
25.796316,-100.243673,2,2,0,
25.796316,-100.242676,2,2,0,
25.796316,-100.24168,2,2,0,
25.796316,-100.240683,1,1,0,
25.796316,-100.239686,1,1,0,
25.796316,-100.096128,1,1,0,
25.796316,-100.095131,1,1,0,
25.796316,-100.094134,2,2,0,
25.796316,-100.093137,2,2,0,
25.796316,-100.09214,2,2,0,
25.796316,-100.091143,1,1,0,
25.796316,-100.090146,1,1,0,
25.79722,-100.607553,0,0,0,
25.79722,-100.606556,0,0,0,
25.79722,-100.605559,0,0,0,
25.79722,-100.604562,0,0,0,
25.79722,-100.603565,0,0,0,
25.79722,-100.602568,0,0,0,
25.79722,-100.601571,0,0,0,19018_0077
25.79722,-100.600575,0,0,0,19018_0077
25.79722,-100.599578,0,0,0,
25.79722,-100.598581,0,0,0,
25.79722,-100.597584,0,0,0,
25.79722,-100.596587,0,0,0,
25.79722,-100.592599,1,1,0,
25.79722,-100.591602,2,2,0,
25.79722,-100.590605,2,2,0,
25.79722,-100.589608,2,2,0,
25.79722,-100.588611,2,2,0,
25.79722,-100.587614,2,2,0,
25.79722,-100.565682,1,1,0,
25.79722,-100.564685,1,1,0,
25.79722,-100.563688,1,1,0,
25.79722,-100.562691,1,1,0,
25.79722,-100.561694,1,1,0,
25.79722,-100.55671,1,1,0,
25.79722,-100.485928,1,1,0,
25.79722,-100.484931,1,1,0,
25.79722,-100.483934,1,1,0,
25.79722,-100.482937,1,1,0,
25.79722,-100.48194,1,1,0,
25.79722,-100.466986,1,1,0,
25.79722,-100.465989,1,1,0,
25.79722,-100.464992,1,1,0,
25.79722,-100.463995,1,1,0,
25.79722,-100.462998,1,1,0,
25.79722,-100.462001,1,1,0,
25.79722,-100.423121,0,0,0,
25.79722,-100.422124,0,0,0,
25.79722,-100.421127,1,1,0,
25.79722,-100.42013,1,1,0,19021_0103
25.79722,-100.419133,1,1,0,19021_0103
25.79722,-100.418136,1,1,0,19021_0103
25.79722,-100.417139,1,1,0,19021_0103
25.79722,-100.416142,0,0,0,19021_0103
25.79722,-100.415145,0,0,0,19021_0103
25.79722,-100.414149,1,1,0,19021_0103
25.79722,-100.413152,1,1,0,19021_0103
25.79722,-100.412155,2,2,0,
25.79722,-100.411158,2,2,0,
25.79722,-100.410161,2,2,0,
25.79722,-100.409164,1,1,0,
25.79722,-100.408167,1,1,0,
25.79722,-100.40717,1,1,0,
25.79722,-100.406173,0,0,0,
25.79722,-100.405176,0,0,0,
25.79722,-100.404179,0,0,0,
25.79722,-100.403182,0,0,0,
25.79722,-100.402185,0,0,0,19021_0002
25.79722,-100.401188,0,0,0,19021_0002
25.79722,-100.400192,0,0,0,19021_0002
25.79722,-100.399195,0,0,0,19021_0002
25.79722,-100.398198,0,0,0,19021_0002
25.79722,-100.397201,0,0,0,19021_0002
25.79722,-100.396204,1,1,0,19021_0002
25.79722,-100.395207,1,1,0,19021_0002
25.79722,-100.39421,1,1,0,19021_0174
25.79722,-100.393213,1,1,0,19021_0174
25.79722,-100.392216,1,1,0,19021_0174
25.79722,-100.391219,1,1,0,19021_0174
25.79722,-100.390222,0,0,0,19021_0174
25.79722,-100.389225,0,0,0,19021_0174
25.79722,-100.388228,0,0,0,
25.79722,-100.387231,0,0,0,
25.79722,-100.386234,0,0,0,
25.79722,-100.385238,0,0,0,
25.79722,-100.384241,0,0,0,
25.79722,-100.383244,0,0,0,
25.79722,-100.382247,0,0,0,
25.79722,-100.38125,0,0,0,
25.79722,-100.380253,0,0,0,
25.79722,-100.379256,1,1,0,19021_0175
25.79722,-100.378259,1,1,0,19021_0175
25.79722,-100.377262,1,1,0,19021_0175
25.79722,-100.376265,1,1,0,19021_0175
25.79722,-100.375268,1,1,0,19021_0040
25.79722,-100.374271,1,1,0,19021_0040
25.79722,-100.373274,0,0,0,
25.79722,-100.372277,0,0,0,
25.79722,-100.371281,0,0,0,
25.79722,-100.370284,0,0,0,
25.79722,-100.369287,0,0,0,
25.79722,-100.36829,0,0,0,
25.79722,-100.367293,0,0,0,
25.79722,-100.366296,0,0,0,19021_0184
25.79722,-100.365299,0,0,0,19021_0184
25.79722,-100.364302,0,0,0,19021_0184
25.79722,-100.363305,0,0,0,19021_0184
25.79722,-100.362308,0,0,0,19021_0184
25.79722,-100.361311,0,0,0,19021_0184
25.79722,-100.360314,0,0,0,19021_0184
25.79722,-100.359317,0,0,0,19021_0184
25.79722,-100.35832,0,0,0,19021_0184
25.79722,-100.357324,0,0,0,19021_0184
25.79722,-100.356327,0,0,0,19021_0184
25.79722,-100.35533,0,0,0,19021_0184
25.79722,-100.354333,0,0,0,
25.79722,-100.353336,0,0,0,
25.79722,-100.352339,0,0,0,
25.79722,-100.34536,2,1,1,
25.79722,-100.344363,2,1,1,
25.79722,-100.343366,3,2,1,
25.79722,-100.34237,2,2,0,
25.79722,-100.341373,2,2,0,
25.79722,-100.340376,1,1,0,
25.79722,-100.339379,1,1,0,
25.79722,-100.338382,1,1,0,
25.79722,-100.300498,0,0,0,
25.79722,-100.299502,1,1,0,
25.79722,-100.298505,1,1,0,
25.79722,-100.297508,1,1,0,19021_0113
25.79722,-100.296511,1,1,0,19021_0113
25.79722,-100.295514,1,1,0,19021_0113
25.79722,-100.294517,1,1,0,19021_0113
25.79722,-100.29352,0,0,0,19021_0113
25.79722,-100.292523,0,0,0,
25.79722,-100.291526,0,0,0,
25.79722,-100.290529,0,0,0,
25.79722,-100.25464,1,1,0,
25.79722,-100.253643,1,1,0,
25.79722,-100.252646,1,1,0,
25.79722,-100.246664,1,1,0,
25.79722,-100.245667,1,1,0,
25.79722,-100.24467,2,2,0,
25.79722,-100.243673,2,2,0,
25.79722,-100.242676,2,2,0,
25.79722,-100.24168,2,2,0,
25.79722,-100.240683,1,1,0,
25.79722,-100.239686,1,1,0,
25.79722,-100.096128,1,1,0,
25.79722,-100.095131,1,1,0,
25.79722,-100.094134,1,1,0,
25.79722,-100.093137,2,2,0,
25.79722,-100.09214,2,2,0,
25.79722,-100.091143,2,2,0,
25.798124,-100.607553,0,0,0,
25.798124,-100.606556,0,0,0,
25.798124,-100.605559,0,0,0,
25.798124,-100.604562,0,0,0,19018_0077
25.798124,-100.603565,0,0,0,19018_0077
25.798124,-100.602568,0,0,0,19018_0077
25.798124,-100.601571,0,0,0,19018_0077
25.798124,-100.600575,0,0,0,19018_0077
25.798124,-100.599578,0,0,0,19018_0077
25.798124,-100.598581,0,0,0,
25.798124,-100.597584,0,0,0,
25.798124,-100.596587,0,0,0,
25.798124,-100.592599,1,1,0,
25.798124,-100.591602,2,2,0,
25.798124,-100.590605,2,2,0,
25.798124,-100.589608,2,2,0,
25.798124,-100.588611,2,2,0,
25.798124,-100.587614,1,1,0,
25.798124,-100.586618,1,1,0,
25.798124,-100.566679,1,1,0,
25.798124,-100.565682,1,1,0,
25.798124,-100.564685,1,1,0,
25.798124,-100.563688,1,1,0,
25.798124,-100.562691,1,1,0,
25.798124,-100.561694,1,1,0,
25.798124,-100.488918,1,1,0,
25.798124,-100.487921,1,1,0,
25.798124,-100.486924,1,1,0,
25.798124,-100.485928,2,2,0,
25.798124,-100.484931,1,1,0,
25.798124,-100.483934,1,1,0,
25.798124,-100.482937,1,1,0,
25.798124,-100.48194,1,1,0,
25.798124,-100.466986,2,2,0,
25.798124,-100.465989,2,2,0,
25.798124,-100.464992,2,2,0,
25.798124,-100.463995,2,2,0,
25.798124,-100.462998,1,1,0,
25.798124,-100.462001,1,1,0,
25.798124,-100.45901,1,1,0,
25.798124,-100.423121,0,0,0,
25.798124,-100.422124,0,0,0,
25.798124,-100.421127,0,0,0,
25.798124,-100.42013,1,1,0,
25.798124,-100.419133,1,1,0,19021_0103
25.798124,-100.418136,1,1,0,19021_0103
25.798124,-100.417139,0,0,0,19021_0103
25.798124,-100.416142,0,0,0,19021_0103
25.798124,-100.415145,0,0,0,19021_0103
25.798124,-100.414149,1,1,0,19021_0103
25.798124,-100.413152,1,1,0,
25.798124,-100.412155,2,2,0,
25.798124,-100.411158,2,2,0,
25.798124,-100.410161,2,2,0,
25.798124,-100.409164,1,1,0,
25.798124,-100.408167,1,1,0,
25.798124,-100.40717,1,1,0,
25.798124,-100.406173,0,0,0,
25.798124,-100.405176,0,0,0,
25.798124,-100.404179,0,0,0,
25.798124,-100.403182,0,0,0,
25.798124,-100.402185,0,0,0,19021_0002
25.798124,-100.401188,0,0,0,19021_0002
25.798124,-100.400192,0,0,0,19021_0002
25.798124,-100.399195,0,0,0,19021_0002
25.798124,-100.398198,0,0,0,19021_0002
25.798124,-100.397201,0,0,0,19021_0002
25.798124,-100.396204,1,1,0,19021_0002
25.798124,-100.395207,1,1,0,19021_0002
25.798124,-100.39421,1,1,0,19021_0174
25.798124,-100.393213,1,1,0,19021_0174
25.798124,-100.392216,1,1,0,19021_0174
25.798124,-100.391219,1,1,0,19021_0174
25.798124,-100.390222,0,0,0,19021_0174
25.798124,-100.389225,0,0,0,19021_0174
25.798124,-100.388228,0,0,0,19021_0174
25.798124,-100.387231,0,0,0,
25.798124,-100.386234,0,0,0,
25.798124,-100.385238,0,0,0,
25.798124,-100.384241,0,0,0,
25.798124,-100.383244,0,0,0,
25.798124,-100.382247,0,0,0,
25.798124,-100.38125,0,0,0,
25.798124,-100.380253,0,0,0,19021_0175
25.798124,-100.379256,1,1,0,19021_0175
25.798124,-100.378259,1,1,0,19021_0175
25.798124,-100.377262,1,1,0,19021_0175
25.798124,-100.376265,1,1,0,19021_0175
25.798124,-100.375268,1,1,0,19021_0040
25.798124,-100.374271,1,1,0,19021_0040
25.798124,-100.373274,0,0,0,
25.798124,-100.372277,0,0,0,
25.798124,-100.371281,0,0,0,
25.798124,-100.370284,0,0,0,
25.798124,-100.369287,0,0,0,
25.798124,-100.36829,0,0,0,
25.798124,-100.367293,0,0,0,
25.798124,-100.366296,0,0,0,19021_0184
25.798124,-100.365299,0,0,0,19021_0184
25.798124,-100.364302,0,0,0,19021_0184
25.798124,-100.363305,0,0,0,19021_0184
25.798124,-100.362308,0,0,0,19021_0184
25.798124,-100.361311,0,0,0,19021_0184
25.798124,-100.360314,0,0,0,19021_0184
25.798124,-100.359317,0,0,0,19021_0184
25.798124,-100.35832,0,0,0,19021_0184
25.798124,-100.357324,0,0,0,19021_0184
25.798124,-100.356327,0,0,0,19021_0184
25.798124,-100.35533,0,0,0,
25.798124,-100.354333,0,0,0,
25.798124,-100.353336,0,0,0,
25.798124,-100.34536,1,1,0,
25.798124,-100.344363,1,1,0,
25.798124,-100.343366,1,1,0,
25.798124,-100.34237,2,2,0,
25.798124,-100.341373,2,2,0,
25.798124,-100.340376,1,1,0,
25.798124,-100.339379,1,1,0,
25.798124,-100.338382,1,1,0,
25.798124,-100.300498,0,0,0,
25.798124,-100.299502,1,1,0,
25.798124,-100.298505,1,1,0,
25.798124,-100.297508,1,1,0,19021_0113
25.798124,-100.296511,1,1,0,19021_0113
25.798124,-100.295514,1,1,0,19021_0113
25.798124,-100.294517,0,0,0,19021_0113
25.798124,-100.29352,0,0,0,19021_0113
25.798124,-100.292523,0,0,0,
25.798124,-100.291526,0,0,0,
25.798124,-100.290529,0,0,0,
25.798124,-100.275575,0,0,0,
25.798124,-100.274578,0,0,0,
25.798124,-100.273581,0,0,0,
25.798124,-100.272584,0,0,0,
25.798124,-100.271587,0,0,0,
25.798124,-100.270591,0,0,0,
25.798124,-100.246664,1,1,0,
25.798124,-100.245667,1,1,0,
25.798124,-100.24467,2,2,0,
25.798124,-100.243673,2,2,0,
25.798124,-100.242676,2,2,0,
25.798124,-100.24168,2,2,0,
25.798124,-100.240683,2,2,0,
25.798124,-100.239686,2,2,0,
25.798124,-100.238689,1,1,0,
25.798124,-100.237692,1,1,0,
25.798124,-100.096128,1,1,0,
25.798124,-100.095131,1,1,0,
25.798124,-100.094134,1,1,0,
25.798124,-100.093137,1,1,0,
25.798124,-100.09214,1,1,0,
25.798124,-100.091143,1,1,0,
25.799029,-100.636464,1,1,0,
25.799029,-100.635467,1,1,0,
25.799029,-100.607553,0,0,0,
25.799029,-100.606556,0,0,0,
25.799029,-100.605559,0,0,0,
25.799029,-100.604562,0,0,0,19018_0077
25.799029,-100.603565,0,0,0,19018_0077
25.799029,-100.602568,0,0,0,19018_0077
25.799029,-100.601571,0,0,0,19018_0077
25.799029,-100.600575,0,0,0,19018_0077
25.799029,-100.599578,0,0,0,19018_0077
25.799029,-100.598581,0,0,0,
25.799029,-100.597584,0,0,0,
25.799029,-100.596587,0,0,0,
25.799029,-100.591602,1,1,0,
25.799029,-100.590605,2,2,0,
25.799029,-100.589608,2,2,0,
25.799029,-100.588611,1,1,0,
25.799029,-100.587614,1,1,0,
25.799029,-100.586618,1,1,0,
25.799029,-100.565682,1,1,0,
25.799029,-100.564685,1,1,0,
25.799029,-100.563688,1,1,0,
25.799029,-100.562691,1,1,0,
25.799029,-100.561694,1,1,0,
25.799029,-100.489915,1,1,0,
25.799029,-100.488918,1,1,0,
25.799029,-100.487921,1,1,0,
25.799029,-100.486924,1,1,0,
25.799029,-100.485928,1,1,0,
25.799029,-100.484931,1,1,0,
25.799029,-100.483934,1,1,0,
25.799029,-100.467983,1,1,0,
25.799029,-100.466986,2,2,0,
25.799029,-100.465989,2,2,0,
25.799029,-100.464992,2,2,0,
25.799029,-100.463995,2,2,0,
25.799029,-100.462998,2,2,0,
25.799029,-100.461004,1,1,0,
25.799029,-100.460007,1,1,0,
25.799029,-100.45901,1,1,0,
25.799029,-100.458013,1,1,0,
25.799029,-100.457017,1,1,0,
25.799029,-100.422124,0,0,0,
25.799029,-100.421127,0,0,0,
25.799029,-100.42013,0,0,0,
25.799029,-100.419133,0,0,0,
25.799029,-100.418136,0,0,0,
25.799029,-100.417139,0,0,0,19021_0103
25.799029,-100.416142,0,0,0,19021_0103
25.799029,-100.415145,0,0,0,19021_0103
25.799029,-100.414149,1,1,0,19021_0103
25.799029,-100.413152,1,1,0,
25.799029,-100.412155,2,2,0,
25.799029,-100.411158,2,2,0,
25.799029,-100.410161,2,2,0,
25.799029,-100.409164,2,2,0,
25.799029,-100.408167,1,1,0,
25.799029,-100.40717,1,1,0,
25.799029,-100.406173,0,0,0,
25.799029,-100.405176,0,0,0,
25.799029,-100.404179,0,0,0,
25.799029,-100.403182,0,0,0,
25.799029,-100.402185,0,0,0,19021_0002
25.799029,-100.401188,0,0,0,19021_0002
25.799029,-100.400192,0,0,0,19021_0002
25.799029,-100.399195,0,0,0,19021_0002
25.799029,-100.398198,0,0,0,19021_0002
25.799029,-100.397201,0,0,0,19021_0002
25.799029,-100.396204,1,1,0,19021_0002
25.799029,-100.395207,1,1,0,19021_0174
25.799029,-100.39421,1,1,0,19021_0174
25.799029,-100.393213,1,1,0,19021_0174
25.799029,-100.392216,2,2,0,19021_0174
25.799029,-100.391219,2,2,0,19021_0174
25.799029,-100.390222,0,0,0,19021_0174
25.799029,-100.389225,0,0,0,19021_0174
25.799029,-100.388228,0,0,0,19021_0174
25.799029,-100.387231,0,0,0,19021_0250
25.799029,-100.386234,0,0,0,
25.799029,-100.385238,0,0,0,19021_0061
25.799029,-100.384241,0,0,0,
25.799029,-100.383244,0,0,0,
25.799029,-100.382247,0,0,0,
25.799029,-100.38125,0,0,0,
25.799029,-100.380253,0,0,0,
25.799029,-100.379256,1,1,0,19021_0175
25.799029,-100.378259,1,1,0,19021_0175
25.799029,-100.377262,1,1,0,19021_0175
25.799029,-100.376265,1,1,0,19021_0175
25.799029,-100.375268,1,1,0,19021_0040
25.799029,-100.374271,0,0,0,19021_0040
25.799029,-100.373274,0,0,0,
25.799029,-100.372277,0,0,0,
25.799029,-100.371281,0,0,0,
25.799029,-100.370284,0,0,0,
25.799029,-100.369287,0,0,0,19021_0248
25.799029,-100.36829,0,0,0,
25.799029,-100.367293,0,0,0,
25.799029,-100.366296,0,0,0,19021_0184
25.799029,-100.365299,0,0,0,19021_0184
25.799029,-100.364302,0,0,0,19021_0184
25.799029,-100.363305,0,0,0,19021_0184
25.799029,-100.362308,0,0,0,19021_0184
25.799029,-100.361311,0,0,0,19021_0184
25.799029,-100.360314,0,0,0,19021_0184
25.799029,-100.359317,0,0,0,19021_0184
25.799029,-100.35832,0,0,0,19021_0184
25.799029,-100.357324,0,0,0,19021_0184
25.799029,-100.356327,0,0,0,19021_0184
25.799029,-100.35533,0,0,0,
25.799029,-100.354333,0,0,0,
25.799029,-100.353336,0,0,0,
25.799029,-100.343366,1,1,0,
25.799029,-100.341373,1,1,0,
25.799029,-100.340376,1,1,0,
25.799029,-100.339379,1,1,0,
25.799029,-100.300498,0,0,0,
25.799029,-100.299502,0,0,0,
25.799029,-100.298505,1,1,0,
25.799029,-100.297508,1,1,0,
25.799029,-100.296511,1,1,0,
25.799029,-100.295514,0,0,0,
25.799029,-100.294517,0,0,0,19021_0113
25.799029,-100.29352,0,0,0,19021_0113
25.799029,-100.292523,0,0,0,
25.799029,-100.291526,0,0,0,
25.799029,-100.290529,0,0,0,
25.799029,-100.276572,0,0,0,
25.799029,-100.275575,0,0,0,
25.799029,-100.274578,0,0,0,
25.799029,-100.273581,0,0,0,
25.799029,-100.272584,0,0,0,
25.799029,-100.271587,0,0,0,
25.799029,-100.270591,0,0,0,
25.799029,-100.269594,0,0,0,
25.799029,-100.246664,1,1,0,
25.799029,-100.245667,1,1,0,
25.799029,-100.24467,1,1,0,
25.799029,-100.243673,2,2,0,
25.799029,-100.242676,2,2,0,
25.799029,-100.24168,2,2,0,
25.799029,-100.240683,2,2,0,
25.799029,-100.239686,2,2,0,
25.799029,-100.238689,1,1,0,
25.799029,-100.237692,1,1,0,
25.799029,-100.236695,1,1,0,
25.799029,-100.096128,1,1,0,
25.799029,-100.095131,1,1,0,
25.799029,-100.094134,1,1,0,
25.799029,-100.093137,1,1,0,
25.799029,-100.09214,1,1,0,
25.799933,-100.638458,1,1,0,
25.799933,-100.637461,1,1,0,
25.799933,-100.636464,1,1,0,
25.799933,-100.635467,1,1,0,
25.799933,-100.63447,1,1,0,
25.799933,-100.60855,0,0,0,
25.799933,-100.607553,1,1,0,
25.799933,-100.606556,1,1,0,
25.799933,-100.605559,1,1,0,
25.799933,-100.604562,1,1,0,
25.799933,-100.603565,0,0,0,19018_0077
25.799933,-100.602568,0,0,0,19018_0077
25.799933,-100.601571,0,0,0,19018_0077
25.799933,-100.600575,0,0,0,19018_0002
25.799933,-100.599578,0,0,0,19018_0002
25.799933,-100.598581,0,0,0,19018_0002
25.799933,-100.597584,0,0,0,
25.799933,-100.596587,0,0,0,
25.799933,-100.59559,0,0,0,
25.799933,-100.591602,1,1,0,
25.799933,-100.590605,1,1,0,
25.799933,-100.589608,2,2,0,
25.799933,-100.588611,3,3,0,
25.799933,-100.587614,3,3,0,
25.799933,-100.586618,2,2,0,
25.799933,-100.585621,2,2,0,
25.799933,-100.565682,1,1,0,
25.799933,-100.564685,1,1,0,
25.799933,-100.563688,1,1,0,
25.799933,-100.562691,1,1,0,
25.799933,-100.561694,1,1,0,
25.799933,-100.489915,1,1,0,
25.799933,-100.488918,1,1,0,
25.799933,-100.487921,1,1,0,
25.799933,-100.486924,1,1,0,
25.799933,-100.485928,1,1,0,
25.799933,-100.484931,1,1,0,
25.799933,-100.467983,1,1,0,
25.799933,-100.466986,1,1,0,
25.799933,-100.465989,1,1,0,
25.799933,-100.464992,2,2,0,
25.799933,-100.463995,1,1,0,
25.799933,-100.462998,1,1,0,
25.799933,-100.461004,1,1,0,
25.799933,-100.460007,1,1,0,
25.799933,-100.45901,1,1,0,
25.799933,-100.458013,1,1,0,
25.799933,-100.457017,1,1,0,
25.799933,-100.421127,0,0,0,
25.799933,-100.42013,0,0,0,
25.799933,-100.419133,0,0,0,
25.799933,-100.418136,0,0,0,
25.799933,-100.417139,0,0,0,
25.799933,-100.416142,0,0,0,19021_0103
25.799933,-100.415145,0,0,0,19021_0103
25.799933,-100.414149,1,1,0,
25.799933,-100.413152,1,1,0,
25.799933,-100.412155,1,1,0,
25.799933,-100.411158,2,2,0,
25.799933,-100.410161,2,2,0,
25.799933,-100.409164,1,1,0,
25.799933,-100.408167,1,1,0,
25.799933,-100.406173,0,0,0,
25.799933,-100.405176,0,0,0,
25.799933,-100.404179,0,0,0,
25.799933,-100.403182,0,0,0,19021_0002
25.799933,-100.402185,0,0,0,19021_0002
25.799933,-100.401188,0,0,0,19021_0002
25.799933,-100.400192,0,0,0,19021_0002
25.799933,-100.399195,0,0,0,19021_0002
25.799933,-100.398198,0,0,0,19021_0002
25.799933,-100.397201,0,0,0,19021_0002
25.799933,-100.396204,0,0,0,19021_0002
25.799933,-100.395207,1,1,0,19021_0174
25.799933,-100.39421,1,1,0,19021_0174
25.799933,-100.393213,2,2,0,19021_0174
25.799933,-100.392216,2,2,0,19021_0174
25.799933,-100.391219,1,1,0,19021_0174
25.799933,-100.390222,1,1,0,19021_0174
25.799933,-100.389225,0,0,0,19021_0174
25.799933,-100.388228,0,0,0,19021_0250
25.799933,-100.387231,0,0,0,19021_0250
25.799933,-100.386234,0,0,0,19021_0250
25.799933,-100.385238,0,0,0,19021_0250
25.799933,-100.384241,0,0,0,19021_0061
25.799933,-100.383244,0,0,0,
25.799933,-100.382247,0,0,0,
25.799933,-100.38125,0,0,0,
25.799933,-100.380253,0,0,0,
25.799933,-100.379256,0,0,0,19021_0175
25.799933,-100.378259,1,1,0,19021_0175
25.799933,-100.377262,1,1,0,19021_0175
25.799933,-100.376265,1,1,0,19021_0175
25.799933,-100.375268,0,0,0,19021_0040
25.799933,-100.374271,0,0,0,19021_0040
25.799933,-100.373274,0,0,0,19021_0040
25.799933,-100.372277,0,0,0,
25.799933,-100.371281,0,0,0,
25.799933,-100.370284,0,0,0,19021_0248
25.799933,-100.369287,0,0,0,19021_0248
25.799933,-100.36829,0,0,0,
25.799933,-100.367293,0,0,0,
25.799933,-100.366296,0,0,0,19021_0184
25.799933,-100.365299,0,0,0,19021_0184
25.799933,-100.364302,0,0,0,19021_0184
25.799933,-100.363305,0,0,0,19021_0184
25.799933,-100.362308,0,0,0,19021_0184
25.799933,-100.361311,0,0,0,19021_0184
25.799933,-100.360314,0,0,0,19021_0184
25.799933,-100.359317,0,0,0,19021_0184
25.799933,-100.35832,0,0,0,19021_0184
25.799933,-100.357324,0,0,0,19021_0184
25.799933,-100.356327,0,0,0,
25.799933,-100.35533,0,0,0,
25.799933,-100.354333,0,0,0,
25.799933,-100.353336,0,0,0,
25.799933,-100.300498,0,0,0,
25.799933,-100.299502,0,0,0,
25.799933,-100.298505,0,0,0,
25.799933,-100.297508,0,0,0,
25.799933,-100.296511,0,0,0,
25.799933,-100.295514,0,0,0,
25.799933,-100.294517,0,0,0,19021_0113
25.799933,-100.29352,0,0,0,19021_0113
25.799933,-100.292523,0,0,0,
25.799933,-100.291526,0,0,0,
25.799933,-100.290529,0,0,0,
25.799933,-100.289532,0,0,0,
25.799933,-100.285545,0,0,0,
25.799933,-100.278566,0,0,0,
25.799933,-100.277569,0,0,0,
25.799933,-100.276572,0,0,0,
25.799933,-100.275575,0,0,0,
25.799933,-100.274578,0,0,0,
25.799933,-100.273581,0,0,0,
25.799933,-100.272584,0,0,0,
25.799933,-100.271587,0,0,0,
25.799933,-100.270591,0,0,0,
25.799933,-100.269594,0,0,0,
25.799933,-100.24467,1,1,0,
25.799933,-100.243673,1,1,0,
25.799933,-100.242676,1,1,0,
25.799933,-100.24168,2,2,0,
25.799933,-100.240683,2,2,0,
25.799933,-100.239686,1,1,0,
25.799933,-100.238689,1,1,0,
25.799933,-100.237692,1,1,0,
25.799933,-100.236695,1,1,0,
25.799933,-100.225729,1,1,0,
25.799933,-100.224732,1,1,0,
25.799933,-100.216756,1,1,0,
25.799933,-100.215759,1,1,0,
25.799933,-100.214762,1,1,0,
25.799933,-100.213766,1,1,0,
25.799933,-100.094134,1,1,0,
25.799933,-100.093137,1,1,0,
25.800837,-100.638458,1,1,0,
25.800837,-100.637461,1,1,0,
25.800837,-100.636464,1,1,0,
25.800837,-100.635467,1,1,0,
25.800837,-100.63447,1,1,0,
25.800837,-100.633473,1,1,0,
25.800837,-100.632476,0,0,0,
25.800837,-100.60855,1,1,0,
25.800837,-100.607553,1,1,0,
25.800837,-100.606556,1,1,0,
25.800837,-100.605559,1,1,0,
25.800837,-100.604562,1,1,0,
25.800837,-100.603565,1,1,0,19018_0077
25.800837,-100.602568,0,0,0,19018_0002
25.800837,-100.601571,0,0,0,19018_0002
25.800837,-100.600575,0,0,0,19018_0002
25.800837,-100.599578,0,0,0,19018_0002
25.800837,-100.598581,0,0,0,19018_0002
25.800837,-100.597584,0,0,0,
25.800837,-100.596587,0,0,0,
25.800837,-100.59559,0,0,0,
25.800837,-100.590605,1,1,0,
25.800837,-100.589608,3,3,0,
25.800837,-100.588611,3,3,0,
25.800837,-100.587614,2,2,0,
25.800837,-100.586618,2,2,0,
25.800837,-100.585621,2,2,0,
25.800837,-100.584624,1,1,0,
25.800837,-100.564685,1,1,0,
25.800837,-100.563688,1,1,0,
25.800837,-100.562691,1,1,0,
25.800837,-100.541756,1,1,0,
25.800837,-100.540759,1,1,0,
25.800837,-100.539762,1,1,0,
25.800837,-100.489915,1,1,0,
25.800837,-100.488918,1,1,0,
25.800837,-100.487921,1,1,0,
25.800837,-100.486924,2,2,0,
25.800837,-100.485928,2,2,0,
25.800837,-100.484931,2,2,0,
25.800837,-100.483934,1,1,0,
25.800837,-100.467983,1,1,0,
25.800837,-100.466986,1,1,0,
25.800837,-100.465989,1,1,0,
25.800837,-100.464992,1,1,0,
25.800837,-100.463995,1,1,0,
25.800837,-100.462998,1,1,0,
25.800837,-100.462001,1,1,0,
25.800837,-100.461004,1,1,0,
25.800837,-100.460007,1,1,0,
25.800837,-100.45901,1,1,0,
25.800837,-100.458013,1,1,0,
25.800837,-100.457017,1,1,0,
25.800837,-100.42013,0,0,0,
25.800837,-100.419133,0,0,0,
25.800837,-100.418136,0,0,0,
25.800837,-100.417139,0,0,0,
25.800837,-100.416142,0,0,0,
25.800837,-100.415145,0,0,0,
25.800837,-100.414149,1,1,0,
25.800837,-100.413152,1,1,0,
25.800837,-100.412155,1,1,0,
25.800837,-100.411158,1,1,0,
25.800837,-100.410161,1,1,0,
25.800837,-100.406173,0,0,0,
25.800837,-100.405176,0,0,0,
25.800837,-100.404179,0,0,0,
25.800837,-100.403182,0,0,0,19021_0002
25.800837,-100.402185,0,0,0,19021_0002
25.800837,-100.401188,0,0,0,19021_0002
25.800837,-100.400192,0,0,0,19021_0002
25.800837,-100.399195,0,0,0,19021_0002
25.800837,-100.398198,0,0,0,19021_0002
25.800837,-100.397201,0,0,0,19021_0002
25.800837,-100.396204,0,0,0,19021_0174
25.800837,-100.395207,0,0,0,19021_0174
25.800837,-100.39421,1,1,0,19021_0174
25.800837,-100.393213,1,1,0,19021_0174
25.800837,-100.392216,1,1,0,
25.800837,-100.391219,1,1,0,
25.800837,-100.390222,1,1,0,19021_0174
25.800837,-100.389225,1,1,0,19021_0174
25.800837,-100.388228,0,0,0,19021_0250
25.800837,-100.387231,0,0,0,19021_0250
25.800837,-100.386234,0,0,0,19021_0250
25.800837,-100.385238,0,0,0,19021_0250
25.800837,-100.384241,0,0,0,19021_0061
25.800837,-100.383244,0,0,0,
25.800837,-100.382247,0,0,0,
25.800837,-100.38125,0,0,0,
25.800837,-100.380253,0,0,0,
25.800837,-100.379256,0,0,0,19021_0175
25.800837,-100.378259,0,0,0,19021_0175
25.800837,-100.377262,0,0,0,19021_0175
25.800837,-100.376265,0,0,0,19021_0175
25.800837,-100.375268,0,0,0,19021_0040
25.800837,-100.374271,0,0,0,19021_0040
25.800837,-100.373274,0,0,0,
25.800837,-100.372277,0,0,0,
25.800837,-100.371281,0,0,0,19021_0052
25.800837,-100.370284,0,0,0,19021_0248
25.800837,-100.369287,0,0,0,19021_0248
25.800837,-100.36829,0,0,0,
25.800837,-100.367293,0,0,0,
25.800837,-100.366296,0,0,0,19021_0184
25.800837,-100.365299,0,0,0,19021_0184
25.800837,-100.364302,0,0,0,19021_0184
25.800837,-100.363305,0,0,0,19021_0184
25.800837,-100.362308,0,0,0,19021_0184
25.800837,-100.361311,0,0,0,19021_0184
25.800837,-100.360314,0,0,0,19021_0184
25.800837,-100.359317,0,0,0,19021_0184
25.800837,-100.35832,0,0,0,19021_0184
25.800837,-100.357324,0,0,0,19021_0184
25.800837,-100.356327,0,0,0,
25.800837,-100.35533,0,0,0,
25.800837,-100.354333,0,0,0,
25.800837,-100.344363,1,1,0,
25.800837,-100.321434,1,1,0,
25.800837,-100.320437,1,1,0,
25.800837,-100.31944,1,1,0,
25.800837,-100.318443,1,1,0,
25.800837,-100.317446,1,1,0,
25.800837,-100.299502,0,0,0,
25.800837,-100.298505,0,0,0,
25.800837,-100.297508,0,0,0,
25.800837,-100.296511,0,0,0,
25.800837,-100.295514,0,0,0,
25.800837,-100.294517,0,0,0,
25.800837,-100.29352,0,0,0,
25.800837,-100.292523,0,0,0,
25.800837,-100.291526,0,0,0,
25.800837,-100.290529,0,0,0,
25.800837,-100.289532,0,0,0,
25.800837,-100.288535,0,0,0,
25.800837,-100.287538,0,0,0,
25.800837,-100.286541,0,0,0,
25.800837,-100.285545,0,0,0,
25.800837,-100.284548,0,0,0,
25.800837,-100.283551,0,0,0,
25.800837,-100.282554,0,0,0,
25.800837,-100.278566,0,0,0,
25.800837,-100.277569,0,0,0,
25.800837,-100.276572,0,0,0,
25.800837,-100.275575,0,0,0,
25.800837,-100.274578,0,0,0,19021_0055
25.800837,-100.273581,0,0,0,19021_0055
25.800837,-100.272584,0,0,0,19021_0055
25.800837,-100.271587,0,0,0,
25.800837,-100.270591,0,0,0,
25.800837,-100.269594,0,0,0,
25.800837,-100.268597,0,0,0,
25.800837,-100.2676,0,0,0,
25.800837,-100.265606,0,0,0,
25.800837,-100.264609,0,0,0,
25.800837,-100.263612,0,0,0,
25.800837,-100.262615,0,0,0,
25.800837,-100.261618,0,0,0,
25.800837,-100.24168,1,1,0,
25.800837,-100.240683,1,1,0,
25.800837,-100.239686,1,1,0,
25.800837,-100.238689,1,1,0,
25.800837,-100.237692,1,1,0,
25.800837,-100.236695,1,1,0,
25.800837,-100.227723,1,1,0,
25.800837,-100.226726,1,1,0,
25.800837,-100.225729,1,1,0,
25.800837,-100.224732,1,1,0,
25.800837,-100.223735,1,1,0,
25.800837,-100.217753,1,1,0,
25.800837,-100.216756,1,1,0,
25.800837,-100.215759,1,1,0,
25.800837,-100.214762,1,1,0,
25.800837,-100.213766,1,1,0,
25.800837,-100.212769,1,1,0,
25.801742,-100.638458,1,1,0,
25.801742,-100.637461,1,1,0,
25.801742,-100.636464,1,1,0,
25.801742,-100.635467,1,1,0,
25.801742,-100.63447,1,1,0,
25.801742,-100.633473,1,1,0,
25.801742,-100.632476,0,0,0,
25.801742,-100.631479,0,0,0,
25.801742,-100.60855,1,1,0,
25.801742,-100.607553,1,1,0,
25.801742,-100.606556,1,1,0,
25.801742,-100.605559,1,1,0,
25.801742,-100.604562,2,2,0,19018_0002
25.801742,-100.603565,1,1,0,19018_0002
25.801742,-100.602568,0,0,0,19018_0002
25.801742,-100.601571,0,0,0,19018_0002
25.801742,-100.600575,0,0,0,19018_0002
25.801742,-100.599578,0,0,0,19018_0002
25.801742,-100.598581,0,0,0,19018_0002
25.801742,-100.597584,0,0,0,
25.801742,-100.596587,0,0,0,
25.801742,-100.59559,0,0,0,
25.801742,-100.594593,0,0,0,
25.801742,-100.590605,1,1,0,
25.801742,-100.589608,2,2,0,
25.801742,-100.588611,2,2,0,
25.801742,-100.587614,2,2,0,
25.801742,-100.586618,2,2,0,
25.801742,-100.585621,2,2,0,
25.801742,-100.584624,1,1,0,
25.801742,-100.542753,1,1,0,
25.801742,-100.541756,1,1,0,
25.801742,-100.540759,1,1,0,
25.801742,-100.539762,1,1,0,
25.801742,-100.538765,1,1,0,
25.801742,-100.488918,1,1,0,
25.801742,-100.487921,1,1,0,
25.801742,-100.486924,2,2,0,
25.801742,-100.485928,2,2,0,
25.801742,-100.484931,2,2,0,
25.801742,-100.483934,1,1,0,
25.801742,-100.482937,1,1,0,
25.801742,-100.466986,1,1,0,
25.801742,-100.465989,1,1,0,
25.801742,-100.464992,1,1,0,
25.801742,-100.463995,1,1,0,
25.801742,-100.461004,1,1,0,
25.801742,-100.460007,1,1,0,
25.801742,-100.45901,1,1,0,
25.801742,-100.458013,1,1,0,
25.801742,-100.457017,1,1,0,
25.801742,-100.418136,0,0,0,
25.801742,-100.417139,0,0,0,
25.801742,-100.416142,0,0,0,
25.801742,-100.415145,0,0,0,
25.801742,-100.414149,0,0,0,
25.801742,-100.413152,0,0,0,
25.801742,-100.412155,0,0,0,
25.801742,-100.40717,0,0,0,
25.801742,-100.406173,0,0,0,
25.801742,-100.405176,0,0,0,
25.801742,-100.404179,0,0,0,19021_0002
25.801742,-100.403182,0,0,0,19021_0002
25.801742,-100.402185,0,0,0,19021_0002
25.801742,-100.401188,0,0,0,19021_0002
25.801742,-100.400192,0,0,0,19021_0002
25.801742,-100.399195,0,0,0,19021_0002
25.801742,-100.398198,0,0,0,19021_0002
25.801742,-100.397201,0,0,0,19021_0002
25.801742,-100.396204,0,0,0,19021_0174
25.801742,-100.395207,0,0,0,19021_0174
25.801742,-100.39421,1,1,0,19021_0174
25.801742,-100.393213,1,1,0,19021_0174
25.801742,-100.392216,1,1,0,
25.801742,-100.391219,1,1,0,
25.801742,-100.390222,1,1,0,
25.801742,-100.389225,2,2,0,
25.801742,-100.388228,1,1,0,19021_0250
25.801742,-100.387231,1,1,0,19021_0250
25.801742,-100.386234,1,1,0,19021_0250
25.801742,-100.385238,0,0,0,19021_0250
25.801742,-100.384241,0,0,0,19021_0061
25.801742,-100.383244,0,0,0,
25.801742,-100.382247,0,0,0,
25.801742,-100.38125,0,0,0,
25.801742,-100.380253,0,0,0,
25.801742,-100.379256,0,0,0,
25.801742,-100.378259,0,0,0,19021_0175
25.801742,-100.377262,0,0,0,19021_0175
25.801742,-100.376265,0,0,0,19021_0175
25.801742,-100.375268,0,0,0,
25.801742,-100.374271,0,0,0,
25.801742,-100.373274,0,0,0,
25.801742,-100.372277,0,0,0,
25.801742,-100.371281,0,0,0,
25.801742,-100.370284,0,0,0,19021_0052
25.801742,-100.369287,0,0,0,19021_0248
25.801742,-100.36829,0,0,0,19021_0248
25.801742,-100.367293,0,0,0,19021_0251
25.801742,-100.366296,0,0,0,19021_0251
25.801742,-100.365299,0,0,0,
25.801742,-100.364302,0,0,0,
25.801742,-100.363305,0,0,0,19021_0184
25.801742,-100.362308,0,0,0,19021_0184
25.801742,-100.361311,0,0,0,19021_0184
25.801742,-100.360314,0,0,0,19021_0184
25.801742,-100.359317,0,0,0,19021_0184
25.801742,-100.35832,0,0,0,19021_0184
25.801742,-100.357324,0,0,0,
25.801742,-100.356327,0,0,0,
25.801742,-100.35533,0,0,0,
25.801742,-100.354333,0,0,0,
25.801742,-100.346357,1,1,0,
25.801742,-100.34536,1,1,0,
25.801742,-100.344363,1,1,0,
25.801742,-100.343366,1,1,0,
25.801742,-100.34237,1,1,0,
25.801742,-100.321434,1,1,0,
25.801742,-100.320437,1,1,0,
25.801742,-100.31944,1,1,0,
25.801742,-100.318443,1,1,0,
25.801742,-100.317446,1,1,0,
25.801742,-100.297508,0,0,0,
25.801742,-100.296511,0,0,0,
25.801742,-100.295514,0,0,0,
25.801742,-100.294517,0,0,0,
25.801742,-100.29352,0,0,0,
25.801742,-100.292523,0,0,0,
25.801742,-100.291526,0,0,0,
25.801742,-100.290529,0,0,0,
25.801742,-100.289532,0,0,0,
25.801742,-100.288535,0,0,0,
25.801742,-100.287538,0,0,0,
25.801742,-100.286541,0,0,0,
25.801742,-100.285545,0,0,0,
25.801742,-100.284548,0,0,0,
25.801742,-100.283551,0,0,0,
25.801742,-100.282554,0,0,0,
25.801742,-100.281557,0,0,0,
25.801742,-100.279563,0,0,0,
25.801742,-100.278566,0,0,0,
25.801742,-100.277569,0,0,0,
25.801742,-100.276572,0,0,0,
25.801742,-100.275575,0,0,0,19021_0055
25.801742,-100.274578,0,0,0,19021_0055
25.801742,-100.273581,0,0,0,19021_0055
25.801742,-100.272584,0,0,0,19021_0055
25.801742,-100.271587,0,0,0,
25.801742,-100.270591,0,0,0,
25.801742,-100.269594,0,0,0,
25.801742,-100.268597,0,0,0,
25.801742,-100.2676,0,0,0,
25.801742,-100.266603,0,0,0,
25.801742,-100.265606,0,0,0,
25.801742,-100.264609,0,0,0,
25.801742,-100.263612,0,0,0,
25.801742,-100.262615,0,0,0,
25.801742,-100.261618,0,0,0,
25.801742,-100.260621,0,0,0,
25.801742,-100.24168,1,1,0,
25.801742,-100.240683,1,1,0,
25.801742,-100.239686,1,1,0,
25.801742,-100.238689,1,1,0,
25.801742,-100.237692,1,1,0,
25.801742,-100.227723,1,1,0,
25.801742,-100.226726,1,1,0,
25.801742,-100.225729,1,1,0,
25.801742,-100.224732,1,1,0,
25.801742,-100.223735,1,1,0,
25.801742,-100.222738,1,1,0,
25.801742,-100.217753,1,1,0,
25.801742,-100.216756,1,1,0,
25.801742,-100.215759,1,1,0,
25.801742,-100.214762,1,1,0,
25.801742,-100.213766,1,1,0,
25.801742,-100.212769,1,1,0,
25.802646,-100.638458,1,1,0,
25.802646,-100.637461,1,1,0,
25.802646,-100.636464,1,1,0,
25.802646,-100.635467,1,1,0,
25.802646,-100.63447,1,1,0,
25.802646,-100.633473,1,1,0,
25.802646,-100.632476,0,0,0,
25.802646,-100.631479,0,0,0,
25.802646,-100.630482,0,0,0,
25.802646,-100.60855,1,1,0,
25.802646,-100.607553,1,1,0,
25.802646,-100.606556,2,2,0,
25.802646,-100.605559,2,2,0,
25.802646,-100.604562,2,2,0,
25.802646,-100.603565,2,2,0,19018_0002
25.802646,-100.602568,1,1,0,19018_0002
25.802646,-100.601571,0,0,0,19018_0002
25.802646,-100.600575,0,0,0,19018_0002
25.802646,-100.599578,0,0,0,19018_0002
25.802646,-100.598581,0,0,0,19018_0002
25.802646,-100.597584,0,0,0,19018_0002
25.802646,-100.596587,0,0,0,
25.802646,-100.59559,0,0,0,
25.802646,-100.594593,0,0,0,
25.802646,-100.589608,2,2,0,
25.802646,-100.588611,2,2,0,
25.802646,-100.587614,2,2,0,
25.802646,-100.586618,2,2,0,
25.802646,-100.585621,2,2,0,
25.802646,-100.584624,1,1,0,
25.802646,-100.542753,1,1,0,
25.802646,-100.541756,1,1,0,
25.802646,-100.540759,1,1,0,
25.802646,-100.539762,1,1,0,
25.802646,-100.538765,1,1,0,
25.802646,-100.487921,2,2,0,
25.802646,-100.486924,2,2,0,
25.802646,-100.485928,1,1,0,
25.802646,-100.484931,1,1,0,
25.802646,-100.483934,1,1,0,
25.802646,-100.482937,1,1,0,
25.802646,-100.464992,1,1,0,
25.802646,-100.461004,1,1,0,
25.802646,-100.460007,1,1,0,
25.802646,-100.45901,1,1,0,
25.802646,-100.458013,1,1,0,
25.802646,-100.457017,1,1,0,
25.802646,-100.416142,0,0,0,
25.802646,-100.415145,0,0,0,
25.802646,-100.414149,0,0,0,
25.802646,-100.413152,0,0,0,
25.802646,-100.40717,0,0,0,
25.802646,-100.406173,0,0,0,
25.802646,-100.405176,0,0,0,
25.802646,-100.404179,0,0,0,19021_0002
25.802646,-100.403182,0,0,0,19021_0002
25.802646,-100.402185,0,0,0,19021_0002
25.802646,-100.401188,0,0,0,19021_0002
25.802646,-100.400192,0,0,0,19021_0002
25.802646,-100.399195,0,0,0,19021_0002
25.802646,-100.398198,0,0,0,19021_0002
25.802646,-100.397201,0,0,0,
25.802646,-100.396204,0,0,0,
25.802646,-100.395207,0,0,0,
25.802646,-100.39421,1,1,0,19021_0174
25.802646,-100.393213,1,1,0,
25.802646,-100.392216,1,1,0,
25.802646,-100.391219,1,1,0,
25.802646,-100.390222,2,2,0,
25.802646,-100.389225,2,2,0,
25.802646,-100.388228,1,1,0,19021_0250
25.802646,-100.387231,1,1,0,19021_0250
25.802646,-100.386234,1,1,0,19021_0250
25.802646,-100.385238,1,1,0,19021_0250
25.802646,-100.384241,0,0,0,19021_0061
25.802646,-100.383244,0,0,0,
25.802646,-100.382247,0,0,0,
25.802646,-100.38125,0,0,0,
25.802646,-100.380253,0,0,0,
25.802646,-100.379256,0,0,0,
25.802646,-100.378259,0,0,0,19021_0175
25.802646,-100.377262,0,0,0,19021_0175
25.802646,-100.376265,0,0,0,19021_0175
25.802646,-100.375268,0,0,0,
25.802646,-100.374271,1,1,0,
25.802646,-100.373274,1,1,0,
25.802646,-100.372277,1,1,0,19021_0052
25.802646,-100.371281,1,1,0,19021_0052
25.802646,-100.370284,0,0,0,19021_0052
25.802646,-100.369287,0,0,0,19021_0248
25.802646,-100.36829,0,0,0,19021_0248
25.802646,-100.367293,0,0,0,19021_0251
25.802646,-100.366296,0,0,0,19021_0251
25.802646,-100.365299,0,0,0,
25.802646,-100.364302,0,0,0,
25.802646,-100.363305,0,0,0,19021_0184
25.802646,-100.362308,0,0,0,19021_0184
25.802646,-100.361311,0,0,0,19021_0183
25.802646,-100.360314,0,0,0,19021_0183
25.802646,-100.359317,0,0,0,19021_0184
25.802646,-100.35832,0,0,0,
25.802646,-100.357324,0,0,0,
25.802646,-100.356327,0,0,0,
25.802646,-100.35533,0,0,0,
25.802646,-100.346357,1,1,0,
25.802646,-100.34536,1,1,0,
25.802646,-100.344363,1,1,0,
25.802646,-100.343366,1,1,0,
25.802646,-100.34237,1,1,0,
25.802646,-100.341373,1,1,0,
25.802646,-100.327416,1,1,0,
25.802646,-100.326419,1,1,0,
25.802646,-100.325422,1,1,0,
25.802646,-100.322431,1,1,0,
25.802646,-100.321434,1,1,0,
25.802646,-100.320437,1,1,0,
25.802646,-100.31944,1,1,0,
25.802646,-100.318443,1,1,0,
25.802646,-100.317446,1,1,0,
25.802646,-100.295514,0,0,0,
25.802646,-100.294517,0,0,0,
25.802646,-100.29352,0,0,0,
25.802646,-100.292523,0,0,0,19021_0006
25.802646,-100.291526,0,0,0,19021_0006
25.802646,-100.290529,0,0,0,
25.802646,-100.289532,0,0,0,
25.802646,-100.288535,0,0,0,
25.802646,-100.287538,0,0,0,
25.802646,-100.286541,0,0,0,
25.802646,-100.285545,0,0,0,19021_0006
25.802646,-100.284548,0,0,0,
25.802646,-100.283551,0,0,0,
25.802646,-100.282554,0,0,0,
25.802646,-100.281557,0,0,0,
25.802646,-100.28056,0,0,0,
25.802646,-100.279563,0,0,0,
25.802646,-100.278566,0,0,0,
25.802646,-100.277569,0,0,0,
25.802646,-100.276572,0,0,0,
25.802646,-100.275575,0,0,0,19021_0055
25.802646,-100.274578,0,0,0,19021_0055
25.802646,-100.273581,0,0,0,19021_0055
25.802646,-100.272584,0,0,0,19021_0055
25.802646,-100.271587,0,0,0,19021_0055
25.802646,-100.270591,0,0,0,19021_0055
25.802646,-100.269594,0,0,0,
25.802646,-100.268597,0,0,0,
25.802646,-100.2676,0,0,0,
25.802646,-100.266603,0,0,0,
25.802646,-100.265606,0,0,0,
25.802646,-100.264609,0,0,0,
25.802646,-100.263612,0,0,0,
25.802646,-100.262615,0,0,0,
25.802646,-100.261618,0,0,0,
25.802646,-100.260621,0,0,0,
25.802646,-100.239686,1,1,0,
25.802646,-100.238689,1,1,0,
25.802646,-100.227723,1,1,0,
25.802646,-100.226726,1,1,0,
25.802646,-100.225729,1,1,0,
25.802646,-100.224732,1,1,0,
25.802646,-100.223735,1,1,0,
25.802646,-100.222738,1,1,0,
25.802646,-100.217753,1,1,0,
25.802646,-100.216756,1,1,0,
25.802646,-100.215759,1,1,0,
25.802646,-100.214762,1,1,0,
25.802646,-100.213766,1,1,0,
25.802646,-100.212769,1,1,0,
25.803551,-100.640452,0,0,0,
25.803551,-100.639455,0,0,0,
25.803551,-100.638458,0,0,0,
25.803551,-100.637461,1,1,0,
25.803551,-100.636464,1,1,0,
25.803551,-100.635467,1,1,0,
25.803551,-100.63447,1,1,0,
25.803551,-100.633473,0,0,0,19018_0146
25.803551,-100.632476,0,0,0,
25.803551,-100.631479,0,0,0,
25.803551,-100.630482,0,0,0,
25.803551,-100.60855,0,0,0,
25.803551,-100.607553,2,2,0,
25.803551,-100.606556,2,2,0,
25.803551,-100.605559,2,2,0,
25.803551,-100.604562,2,2,0,
25.803551,-100.603565,2,2,0,19018_0002
25.803551,-100.602568,1,1,0,19018_0002
25.803551,-100.601571,0,0,0,19018_0002
25.803551,-100.600575,0,0,0,19018_0002
25.803551,-100.599578,0,0,0,19018_0002
25.803551,-100.598581,0,0,0,19018_0002
25.803551,-100.597584,0,0,0,
25.803551,-100.596587,0,0,0,
25.803551,-100.59559,0,0,0,
25.803551,-100.594593,0,0,0,
25.803551,-100.589608,1,1,0,
25.803551,-100.588611,2,2,0,
25.803551,-100.587614,2,2,0,
25.803551,-100.586618,2,2,0,
25.803551,-100.585621,2,2,0,
25.803551,-100.542753,1,1,0,
25.803551,-100.541756,1,1,0,
25.803551,-100.540759,1,1,0,
25.803551,-100.539762,1,1,0,
25.803551,-100.538765,1,1,0,
25.803551,-100.487921,1,1,0,
25.803551,-100.486924,1,1,0,
25.803551,-100.485928,1,1,0,
25.803551,-100.484931,1,1,0,
25.803551,-100.483934,1,1,0,
25.803551,-100.482937,1,1,0,
25.803551,-100.408167,0,0,0,
25.803551,-100.40717,0,0,0,
25.803551,-100.406173,0,0,0,
25.803551,-100.405176,0,0,0,
25.803551,-100.404179,0,0,0,19021_0002
25.803551,-100.403182,0,0,0,19021_0002
25.803551,-100.402185,0,0,0,19021_0002
25.803551,-100.401188,0,0,0,19021_0002
25.803551,-100.400192,0,0,0,19021_0002
25.803551,-100.399195,0,0,0,19021_0002
25.803551,-100.398198,0,0,0,19021_0002
25.803551,-100.397201,0,0,0,19021_0002
25.803551,-100.396204,0,0,0,
25.803551,-100.395207,0,0,0,
25.803551,-100.39421,0,0,0,
25.803551,-100.393213,1,1,0,
25.803551,-100.392216,1,1,0,
25.803551,-100.391219,1,1,0,
25.803551,-100.390222,2,2,0,
25.803551,-100.389225,1,1,0,19021_0250
25.803551,-100.388228,1,1,0,19021_0250
25.803551,-100.387231,1,1,0,19021_0250
25.803551,-100.386234,1,1,0,19021_0250
25.803551,-100.385238,1,1,0,19021_0061
25.803551,-100.384241,0,0,0,19021_0061
25.803551,-100.383244,0,0,0,19021_0061
25.803551,-100.382247,0,0,0,19021_0061
25.803551,-100.38125,0,0,0,19021_0061
25.803551,-100.380253,0,0,0,19021_0061
25.803551,-100.379256,0,0,0,19021_0061
25.803551,-100.378259,0,0,0,19021_0061
25.803551,-100.377262,0,0,0,
25.803551,-100.376265,0,0,0,
25.803551,-100.375268,0,0,0,
25.803551,-100.374271,1,1,0,
25.803551,-100.373274,1,1,0,
25.803551,-100.372277,1,1,0,19021_0052
25.803551,-100.371281,1,1,0,19021_0052
25.803551,-100.370284,1,1,0,19021_0052
25.803551,-100.369287,0,0,0,19021_0052
25.803551,-100.36829,0,0,0,19021_0248
25.803551,-100.367293,0,0,0,19021_0251
25.803551,-100.366296,0,0,0,19021_0251
25.803551,-100.365299,0,0,0,19021_0183
25.803551,-100.364302,0,0,0,19021_0183
25.803551,-100.363305,0,0,0,19021_0184
25.803551,-100.362308,0,0,0,19021_0184
25.803551,-100.361311,0,0,0,19021_0183
25.803551,-100.360314,0,0,0,19021_0183
25.803551,-100.359317,0,0,0,
25.803551,-100.35832,0,0,0,
25.803551,-100.357324,0,0,0,
25.803551,-100.356327,0,0,0,
25.803551,-100.35533,0,0,0,
25.803551,-100.346357,1,1,0,
25.803551,-100.34536,1,1,0,
25.803551,-100.344363,1,1,0,
25.803551,-100.343366,1,1,0,
25.803551,-100.34237,1,1,0,
25.803551,-100.341373,1,1,0,
25.803551,-100.328413,1,1,0,
25.803551,-100.327416,1,1,0,
25.803551,-100.326419,1,1,0,
25.803551,-100.325422,1,1,0,
25.803551,-100.324425,1,1,0,
25.803551,-100.321434,1,1,0,
25.803551,-100.320437,1,1,0,
25.803551,-100.31944,1,1,0,
25.803551,-100.318443,1,1,0,
25.803551,-100.317446,1,1,0,
25.803551,-100.295514,0,0,0,
25.803551,-100.294517,0,0,0,
25.803551,-100.29352,0,0,0,
25.803551,-100.292523,0,0,0,19021_0006
25.803551,-100.291526,0,0,0,19021_0006
25.803551,-100.290529,0,0,0,19021_0006
25.803551,-100.289532,0,0,0,19021_0006
25.803551,-100.288535,0,0,0,19021_0006
25.803551,-100.287538,0,0,0,19021_0006
25.803551,-100.286541,0,0,0,19021_0006
25.803551,-100.285545,0,0,0,19021_0006
25.803551,-100.284548,0,0,0,19021_0006
25.803551,-100.283551,0,0,0,19021_0006
25.803551,-100.282554,0,0,0,
25.803551,-100.281557,0,0,0,
25.803551,-100.28056,0,0,0,
25.803551,-100.279563,0,0,0,
25.803551,-100.278566,0,0,0,
25.803551,-100.277569,0,0,0,
25.803551,-100.276572,0,0,0,19021_0006
25.803551,-100.275575,0,0,0,19021_0055
25.803551,-100.274578,0,0,0,19021_0055
25.803551,-100.273581,0,0,0,19021_0055
25.803551,-100.272584,0,0,0,19021_0055
25.803551,-100.271587,0,0,0,19021_0055
25.803551,-100.270591,0,0,0,19021_0055
25.803551,-100.269594,0,0,0,19021_0055
25.803551,-100.268597,0,0,0,
25.803551,-100.2676,0,0,0,
25.803551,-100.266603,0,0,0,
25.803551,-100.265606,0,0,0,19021_0055
25.803551,-100.264609,0,0,0,19021_0055
25.803551,-100.263612,0,0,0,19021_0055
25.803551,-100.262615,0,0,0,
25.803551,-100.261618,0,0,0,
25.803551,-100.260621,0,0,0,
25.803551,-100.227723,1,1,0,
25.803551,-100.226726,1,1,0,
25.803551,-100.225729,1,1,0,
25.803551,-100.224732,1,1,0,
25.803551,-100.223735,1,1,0,
25.803551,-100.216756,1,1,0,
25.803551,-100.215759,1,1,0,
25.803551,-100.214762,1,1,0,
25.803551,-100.213766,1,1,0,
25.803551,-100.212769,1,1,0,
25.804455,-100.640452,0,0,0,
25.804455,-100.639455,0,0,0,
25.804455,-100.638458,0,0,0,
25.804455,-100.637461,0,0,0,
25.804455,-100.636464,0,0,0,
25.804455,-100.635467,0,0,0,19018_0146
25.804455,-100.63447,0,0,0,19018_0146
25.804455,-100.633473,0,0,0,19018_0146
25.804455,-100.632476,0,0,0,19018_0146
25.804455,-100.631479,0,0,0,
25.804455,-100.630482,0,0,0,
25.804455,-100.629486,0,0,0,
25.804455,-100.607553,1,1,0,
25.804455,-100.606556,2,2,0,
25.804455,-100.605559,2,2,0,
25.804455,-100.604562,1,1,0,
25.804455,-100.603565,1,1,0,19018_0002
25.804455,-100.602568,1,1,0,19018_0002
25.804455,-100.601571,0,0,0,
25.804455,-100.600575,0,0,0,
25.804455,-100.599578,0,0,0,
25.804455,-100.598581,0,0,0,
25.804455,-100.597584,0,0,0,
25.804455,-100.596587,0,0,0,
25.804455,-100.59559,0,0,0,
25.804455,-100.594593,0,0,0,
25.804455,-100.587614,1,1,0,
25.804455,-100.586618,1,1,0,
25.804455,-100.542753,1,1,0,
25.804455,-100.541756,1,1,0,
25.804455,-100.540759,1,1,0,
25.804455,-100.539762,1,1,0,
25.804455,-100.538765,1,1,0,
25.804455,-100.486924,1,1,0,
25.804455,-100.485928,1,1,0,
25.804455,-100.484931,1,1,0,
25.804455,-100.483934,1,1,0,
25.804455,-100.482937,1,1,0,
25.804455,-100.408167,0,0,0,
25.804455,-100.40717,0,0,0,
25.804455,-100.406173,0,0,0,
25.804455,-100.405176,0,0,0,19021_0002
25.804455,-100.404179,0,0,0,19021_0002
25.804455,-100.403182,0,0,0,19021_0002
25.804455,-100.402185,0,0,0,19021_0002
25.804455,-100.401188,0,0,0,19021_0002
25.804455,-100.400192,0,0,0,19021_0002
25.804455,-100.399195,0,0,0,19021_0002
25.804455,-100.398198,0,0,0,19021_0002
25.804455,-100.397201,0,0,0,
25.804455,-100.396204,0,0,0,
25.804455,-100.395207,0,0,0,
25.804455,-100.39421,0,0,0,
25.804455,-100.393213,0,0,0,
25.804455,-100.392216,0,0,0,
25.804455,-100.391219,0,0,0,
25.804455,-100.390222,1,1,0,
25.804455,-100.389225,1,1,0,19021_0250
25.804455,-100.388228,1,1,0,19021_0250
25.804455,-100.387231,1,1,0,19021_0250
25.804455,-100.386234,1,1,0,19021_0061
25.804455,-100.385238,1,1,0,19021_0061
25.804455,-100.384241,0,0,0,19021_0061
25.804455,-100.383244,0,0,0,19021_0061
25.804455,-100.382247,0,0,0,19021_0061
25.804455,-100.38125,0,0,0,19021_0061
25.804455,-100.380253,0,0,0,19021_0061
25.804455,-100.379256,0,0,0,19021_0061
25.804455,-100.378259,0,0,0,19021_0061
25.804455,-100.377262,0,0,0,
25.804455,-100.376265,0,0,0,
25.804455,-100.375268,1,1,0,
25.804455,-100.374271,1,1,0,
25.804455,-100.373274,1,1,0,
25.804455,-100.372277,1,1,0,
25.804455,-100.371281,1,1,0,19021_0052
25.804455,-100.370284,1,1,0,19021_0052
25.804455,-100.369287,0,0,0,19021_0248
25.804455,-100.36829,0,0,0,19021_0251
25.804455,-100.367293,0,0,0,19021_0251
25.804455,-100.366296,0,0,0,19021_0183
25.804455,-100.365299,0,0,0,19021_0183
25.804455,-100.364302,0,0,0,19021_0183
25.804455,-100.363305,0,0,0,19021_0183
25.804455,-100.362308,0,0,0,19021_0183
25.804455,-100.361311,0,0,0,19021_0183
25.804455,-100.360314,0,0,0,19021_0183
25.804455,-100.359317,0,0,0,
25.804455,-100.35832,0,0,0,
25.804455,-100.357324,0,0,0,
25.804455,-100.356327,0,0,0,
25.804455,-100.346357,1,1,0,
25.804455,-100.34536,1,1,0,
25.804455,-100.344363,1,1,0,
25.804455,-100.343366,1,1,0,
25.804455,-100.34237,1,1,0,
25.804455,-100.341373,1,1,0,
25.804455,-100.328413,1,1,0,
25.804455,-100.327416,1,1,0,
25.804455,-100.326419,1,1,0,
25.804455,-100.325422,1,1,0,
25.804455,-100.324425,1,1,0,
25.804455,-100.323428,1,1,0,
25.804455,-100.321434,1,1,0,
25.804455,-100.320437,1,1,0,
25.804455,-100.31944,1,1,0,
25.804455,-100.318443,1,1,0,
25.804455,-100.317446,1,1,0,
25.804455,-100.295514,0,0,0,
25.804455,-100.294517,0,0,0,
25.804455,-100.29352,0,0,0,
25.804455,-100.292523,0,0,0,19021_0006
25.804455,-100.291526,0,0,0,19021_0006
25.804455,-100.290529,0,0,0,19021_0006
25.804455,-100.289532,0,0,0,19021_0006
25.804455,-100.288535,0,0,0,19021_0006
25.804455,-100.287538,0,0,0,19021_0006
25.804455,-100.286541,0,0,0,19021_0006
25.804455,-100.285545,0,0,0,19021_0006
25.804455,-100.284548,0,0,0,19021_0006
25.804455,-100.283551,0,0,0,19021_0006
25.804455,-100.282554,0,0,0,
25.804455,-100.281557,0,0,0,
25.804455,-100.28056,0,0,0,
25.804455,-100.279563,0,0,0,
25.804455,-100.278566,0,0,0,
25.804455,-100.277569,0,0,0,19021_0006
25.804455,-100.276572,0,0,0,19021_0006
25.804455,-100.275575,0,0,0,19021_0006
25.804455,-100.274578,0,0,0,19021_0055
25.804455,-100.273581,0,0,0,19021_0055
25.804455,-100.272584,0,0,0,19021_0055
25.804455,-100.271587,0,0,0,19021_0055
25.804455,-100.270591,0,0,0,19021_0055
25.804455,-100.269594,0,0,0,19021_0055
25.804455,-100.268597,0,0,0,19021_0055
25.804455,-100.2676,0,0,0,19021_0055
25.804455,-100.266603,0,0,0,19021_0055
25.804455,-100.265606,0,0,0,19021_0055
25.804455,-100.264609,0,0,0,19021_0055
25.804455,-100.263612,0,0,0,19021_0055
25.804455,-100.262615,0,0,0,
25.804455,-100.261618,0,0,0,
25.804455,-100.260621,0,0,0,
25.804455,-100.226726,1,1,0,
25.804455,-100.225729,1,1,0,
25.804455,-100.224732,1,1,0,
25.804455,-100.223735,1,1,0,
25.804455,-100.215759,1,1,0,
25.804455,-100.214762,1,1,0,
25.805359,-100.641449,0,0,0,
25.805359,-100.640452,0,0,0,
25.805359,-100.639455,0,0,0,
25.805359,-100.638458,0,0,0,
25.805359,-100.637461,0,0,0,19018_0146
25.805359,-100.636464,0,0,0,19018_0146
25.805359,-100.635467,0,0,0,19018_0146
25.805359,-100.63447,0,0,0,19018_0146
25.805359,-100.633473,0,0,0,19018_0146
25.805359,-100.632476,0,0,0,19018_0146
25.805359,-100.631479,0,0,0,
25.805359,-100.630482,0,0,0,
25.805359,-100.629486,0,0,0,
25.805359,-100.607553,1,1,0,
25.805359,-100.606556,1,1,0,
25.805359,-100.605559,1,1,0,
25.805359,-100.604562,1,1,0,
25.805359,-100.603565,1,1,0,
25.805359,-100.602568,1,1,0,
25.805359,-100.601571,0,0,0,
25.805359,-100.600575,0,0,0,
25.805359,-100.599578,0,0,0,
25.805359,-100.598581,0,0,0,
25.805359,-100.597584,0,0,0,
25.805359,-100.596587,0,0,0,
25.805359,-100.59559,0,0,0,
25.805359,-100.541756,1,1,0,
25.805359,-100.540759,1,1,0,
25.805359,-100.539762,1,1,0,
25.805359,-100.485928,1,1,0,
25.805359,-100.484931,1,1,0,
25.805359,-100.483934,1,1,0,
25.805359,-100.408167,0,0,0,
25.805359,-100.40717,0,0,0,
25.805359,-100.406173,0,0,0,
25.805359,-100.405176,0,0,0,19021_0002
25.805359,-100.404179,0,0,0,19021_0002
25.805359,-100.403182,0,0,0,19021_0002
25.805359,-100.402185,0,0,0,19021_0002
25.805359,-100.401188,0,0,0,19021_0002
25.805359,-100.400192,0,0,0,19021_0002
25.805359,-100.399195,0,0,0,19021_0002
25.805359,-100.398198,0,0,0,19021_0002
25.805359,-100.397201,0,0,0,
25.805359,-100.396204,0,0,0,
25.805359,-100.395207,0,0,0,
25.805359,-100.39421,0,0,0,
25.805359,-100.393213,0,0,0,
25.805359,-100.392216,0,0,0,
25.805359,-100.391219,0,0,0,
25.805359,-100.390222,0,0,0,19021_0250
25.805359,-100.389225,1,1,0,19021_0250
25.805359,-100.388228,1,1,0,19021_0250
25.805359,-100.387231,1,1,0,19021_0250
25.805359,-100.386234,1,1,0,19021_0061
25.805359,-100.385238,1,1,0,19021_0061
25.805359,-100.384241,0,0,0,19021_0061
25.805359,-100.383244,0,0,0,19021_0061
25.805359,-100.382247,0,0,0,19021_0061
25.805359,-100.38125,0,0,0,19021_0061
25.805359,-100.380253,0,0,0,19021_0061
25.805359,-100.379256,0,0,0,19021_0061
25.805359,-100.378259,0,0,0,19021_0061
25.805359,-100.377262,0,0,0,19021_0061
25.805359,-100.376265,0,0,0,
25.805359,-100.375268,1,1,0,
25.805359,-100.374271,1,1,0,
25.805359,-100.373274,1,1,0,
25.805359,-100.372277,1,1,0,19021_0052
25.805359,-100.371281,1,1,0,19021_0052
25.805359,-100.370284,1,1,0,19021_0052
25.805359,-100.369287,0,0,0,19021_0248
25.805359,-100.36829,1,1,0,19021_0251
25.805359,-100.367293,1,1,0,19021_0251
25.805359,-100.366296,1,1,0,19021_0183
25.805359,-100.365299,1,1,0,19021_0183
25.805359,-100.364302,0,0,0,19021_0183
25.805359,-100.363305,0,0,0,19021_0183
25.805359,-100.362308,0,0,0,19021_0183
25.805359,-100.361311,0,0,0,19021_0183
25.805359,-100.360314,0,0,0,19021_0183
25.805359,-100.359317,0,0,0,
25.805359,-100.35832,0,0,0,
25.805359,-100.357324,0,0,0,
25.805359,-100.34536,1,1,0,
25.805359,-100.344363,1,1,0,
25.805359,-100.343366,1,1,0,
25.805359,-100.34237,1,1,0,
25.805359,-100.328413,1,1,0,
25.805359,-100.327416,1,1,0,
25.805359,-100.326419,1,1,0,
25.805359,-100.325422,1,1,0,
25.805359,-100.324425,1,1,0,
25.805359,-100.323428,1,1,0,
25.805359,-100.31944,1,1,0,
25.805359,-100.295514,0,0,0,
25.805359,-100.294517,0,0,0,
25.805359,-100.29352,0,0,0,
25.805359,-100.292523,0,0,0,19021_0006
25.805359,-100.291526,0,0,0,19021_0006
25.805359,-100.290529,0,0,0,19021_0006
25.805359,-100.289532,0,0,0,19021_0006
25.805359,-100.288535,0,0,0,19021_0006
25.805359,-100.287538,0,0,0,19021_0006
25.805359,-100.286541,0,0,0,19021_0006
25.805359,-100.285545,0,0,0,19021_0006
25.805359,-100.284548,0,0,0,19021_0006
25.805359,-100.283551,0,0,0,19021_0006
25.805359,-100.282554,0,0,0,
25.805359,-100.281557,0,0,0,
25.805359,-100.28056,0,0,0,
25.805359,-100.279563,0,0,0,
25.805359,-100.278566,0,0,0,19021_0006
25.805359,-100.277569,0,0,0,19021_0006
25.805359,-100.276572,0,0,0,19021_0006
25.805359,-100.275575,0,0,0,19021_0006
25.805359,-100.274578,0,0,0,19021_0055
25.805359,-100.273581,0,0,0,19021_0055
25.805359,-100.272584,0,0,0,19021_0055
25.805359,-100.271587,0,0,0,19021_0055
25.805359,-100.270591,0,0,0,19021_0055
25.805359,-100.269594,0,0,0,19021_0055
25.805359,-100.268597,0,0,0,19021_0055
25.805359,-100.2676,0,0,0,19021_0055
25.805359,-100.266603,0,0,0,19021_0055
25.805359,-100.265606,0,0,0,19021_0055
25.805359,-100.264609,0,0,0,19021_0055
25.805359,-100.263612,0,0,0,19021_0055
25.805359,-100.262615,0,0,0,
25.805359,-100.261618,0,0,0,
25.805359,-100.260621,0,0,0,
25.806264,-100.641449,0,0,0,
25.806264,-100.640452,0,0,0,
25.806264,-100.639455,0,0,0,
25.806264,-100.638458,0,0,0,19018_0146
25.806264,-100.637461,0,0,0,19018_0146
25.806264,-100.636464,0,0,0,19018_0146
25.806264,-100.635467,0,0,0,19018_0146
25.806264,-100.63447,0,0,0,19018_0055
25.806264,-100.633473,0,0,0,
25.806264,-100.632476,0,0,0,
25.806264,-100.631479,0,0,0,
25.806264,-100.630482,0,0,0,
25.806264,-100.629486,0,0,0,
25.806264,-100.606556,1,1,0,
25.806264,-100.605559,1,1,0,
25.806264,-100.604562,1,1,0,
25.806264,-100.603565,1,1,0,
25.806264,-100.602568,0,0,0,
25.806264,-100.601571,0,0,0,
25.806264,-100.600575,0,0,0,
25.806264,-100.599578,0,0,0,
25.806264,-100.598581,0,0,0,
25.806264,-100.408167,0,0,0,
25.806264,-100.40717,0,0,0,
25.806264,-100.406173,0,0,0,
25.806264,-100.405176,0,0,0,19021_0002
25.806264,-100.404179,0,0,0,19021_0002
25.806264,-100.403182,0,0,0,19021_0002
25.806264,-100.402185,0,0,0,19021_0002
25.806264,-100.401188,0,0,0,19021_0002
25.806264,-100.400192,0,0,0,19021_0002
25.806264,-100.399195,0,0,0,19021_0002
25.806264,-100.398198,0,0,0,19021_0002
25.806264,-100.397201,0,0,0,
25.806264,-100.396204,0,0,0,
25.806264,-100.395207,0,0,0,
25.806264,-100.393213,0,0,0,
25.806264,-100.392216,0,0,0,
25.806264,-100.391219,0,0,0,
25.806264,-100.390222,0,0,0,
25.806264,-100.389225,0,0,0,19021_0250
25.806264,-100.388228,1,1,0,19021_0250
25.806264,-100.387231,1,1,0,19021_0061
25.806264,-100.386234,1,1,0,19021_0061
25.806264,-100.385238,0,0,0,19021_0061
25.806264,-100.384241,0,0,0,19021_0061
25.806264,-100.383244,0,0,0,19021_0061
25.806264,-100.382247,0,0,0,19021_0061
25.806264,-100.38125,0,0,0,19021_0061
25.806264,-100.380253,0,0,0,19021_0061
25.806264,-100.379256,0,0,0,19021_0061
25.806264,-100.378259,0,0,0,19021_0061
25.806264,-100.377262,0,0,0,19021_0061
25.806264,-100.376265,0,0,0,
25.806264,-100.375268,0,0,0,
25.806264,-100.374271,1,1,0,
25.806264,-100.373274,1,1,0,
25.806264,-100.372277,1,1,0,
25.806264,-100.371281,1,1,0,
25.806264,-100.370284,1,1,0,
25.806264,-100.369287,1,1,0,
25.806264,-100.36829,1,1,0,19021_0251
25.806264,-100.367293,1,1,0,19021_0251
25.806264,-100.366296,1,1,0,19021_0183
25.806264,-100.365299,1,1,0,19021_0183
25.806264,-100.364302,0,0,0,19021_0183
25.806264,-100.363305,0,0,0,19021_0183
25.806264,-100.362308,0,0,0,19021_0183
25.806264,-100.361311,0,0,0,19021_0183
25.806264,-100.360314,0,0,0,19021_0183
25.806264,-100.359317,0,0,0,
25.806264,-100.35832,0,0,0,
25.806264,-100.357324,0,0,0,
25.806264,-100.328413,1,1,0,
25.806264,-100.327416,1,1,0,
25.806264,-100.326419,1,1,0,
25.806264,-100.325422,1,1,0,
25.806264,-100.324425,1,1,0,
25.806264,-100.295514,0,0,0,
25.806264,-100.294517,0,0,0,
25.806264,-100.29352,0,0,0,
25.806264,-100.292523,0,0,0,19021_0006
25.806264,-100.291526,0,0,0,19021_0006
25.806264,-100.290529,0,0,0,19021_0006
25.806264,-100.289532,0,0,0,19021_0006
25.806264,-100.288535,0,0,0,19021_0006
25.806264,-100.287538,0,0,0,19021_0006
25.806264,-100.286541,0,0,0,19021_0006
25.806264,-100.285545,0,0,0,19021_0006
25.806264,-100.284548,0,0,0,19021_0006
25.806264,-100.283551,0,0,0,19021_0006
25.806264,-100.282554,0,0,0,
25.806264,-100.281557,0,0,0,
25.806264,-100.28056,0,0,0,
25.806264,-100.279563,0,0,0,19021_0006
25.806264,-100.278566,0,0,0,19021_0006
25.806264,-100.277569,0,0,0,19021_0006
25.806264,-100.276572,0,0,0,19021_0006
25.806264,-100.275575,0,0,0,19021_0006
25.806264,-100.274578,0,0,0,19021_0006
25.806264,-100.273581,0,0,0,19021_0055
25.806264,-100.272584,0,0,0,19021_0055
25.806264,-100.271587,0,0,0,19021_0055
25.806264,-100.270591,0,0,0,19021_0055
25.806264,-100.269594,0,0,0,19021_0055
25.806264,-100.268597,0,0,0,19021_0055
25.806264,-100.2676,0,0,0,19021_0055
25.806264,-100.266603,0,0,0,19021_0055
25.806264,-100.265606,0,0,0,19021_0055
25.806264,-100.264609,0,0,0,19021_0055
25.806264,-100.263612,0,0,0,
25.806264,-100.262615,0,0,0,
25.806264,-100.261618,0,0,0,
25.806264,-100.217753,1,1,0,
25.806264,-100.216756,1,1,0,
25.806264,-100.215759,1,1,0,
25.806264,-100.214762,1,1,0,
25.807168,-100.641449,0,0,0,
25.807168,-100.640452,0,0,0,
25.807168,-100.639455,0,0,0,
25.807168,-100.638458,0,0,0,19018_0146
25.807168,-100.637461,0,0,0,19018_0146
25.807168,-100.636464,0,0,0,19018_0055
25.807168,-100.635467,0,0,0,19018_0055
25.807168,-100.63447,0,0,0,19018_0055
25.807168,-100.633473,0,0,0,
25.807168,-100.632476,0,0,0,
25.807168,-100.631479,0,0,0,
25.807168,-100.630482,0,0,0,
25.807168,-100.604562,0,0,0,
25.807168,-100.603565,0,0,0,
25.807168,-100.602568,0,0,0,
25.807168,-100.408167,0,0,0,
25.807168,-100.40717,0,0,0,
25.807168,-100.406173,0,0,0,
25.807168,-100.405176,0,0,0,
25.807168,-100.404179,0,0,0,
25.807168,-100.403182,0,0,0,19021_0002
25.807168,-100.402185,0,0,0,19021_0002
25.807168,-100.401188,0,0,0,19021_0002
25.807168,-100.400192,0,0,0,19021_0002
25.807168,-100.399195,0,0,0,19021_0002
25.807168,-100.398198,0,0,0,
25.807168,-100.397201,0,0,0,
25.807168,-100.396204,0,0,0,
25.807168,-100.393213,0,0,0,
25.807168,-100.392216,0,0,0,
25.807168,-100.391219,0,0,0,
25.807168,-100.390222,0,0,0,
25.807168,-100.389225,0,0,0,
25.807168,-100.388228,0,0,0,19021_0061
25.807168,-100.387231,0,0,0,19021_0061
25.807168,-100.386234,0,0,0,19021_0061
25.807168,-100.385238,0,0,0,19021_0061
25.807168,-100.384241,0,0,0,19021_0061
25.807168,-100.383244,0,0,0,19021_0061
25.807168,-100.382247,0,0,0,19021_0061
25.807168,-100.38125,0,0,0,19021_0061
25.807168,-100.380253,0,0,0,19021_0061
25.807168,-100.379256,0,0,0,19021_0061
25.807168,-100.378259,0,0,0,19021_0061
25.807168,-100.377262,0,0,0,19021_0061
25.807168,-100.376265,0,0,0,19021_0061
25.807168,-100.375268,0,0,0,19021_0061
25.807168,-100.374271,0,0,0,
25.807168,-100.373274,1,1,0,
25.807168,-100.372277,1,1,0,
25.807168,-100.371281,1,1,0,
25.807168,-100.370284,0,0,0,
25.807168,-100.369287,1,1,0,
25.807168,-100.36829,1,1,0,
25.807168,-100.367293,1,1,0,19021_0183
25.807168,-100.366296,1,1,0,19021_0183
25.807168,-100.365299,1,1,0,19021_0183
25.807168,-100.364302,1,1,0,19021_0183
25.807168,-100.363305,0,0,0,19021_0183
25.807168,-100.362308,0,0,0,19021_0183
25.807168,-100.361311,0,0,0,19021_0183
25.807168,-100.360314,0,0,0,19021_0183
25.807168,-100.359317,0,0,0,19021_0183
25.807168,-100.35832,0,0,0,
25.807168,-100.357324,0,0,0,
25.807168,-100.356327,0,0,0,
25.807168,-100.3324,1,1,0,
25.807168,-100.331403,1,1,0,
25.807168,-100.330406,1,1,0,
25.807168,-100.329409,1,1,0,
25.807168,-100.327416,1,1,0,
25.807168,-100.326419,1,1,0,
25.807168,-100.325422,1,1,0,
25.807168,-100.295514,0,0,0,
25.807168,-100.294517,0,0,0,
25.807168,-100.29352,0,0,0,
25.807168,-100.292523,0,0,0,19021_0006
25.807168,-100.291526,0,0,0,19021_0006
25.807168,-100.290529,0,0,0,19021_0006
25.807168,-100.289532,0,0,0,19021_0006
25.807168,-100.288535,0,0,0,19021_0006
25.807168,-100.287538,0,0,0,19021_0006
25.807168,-100.286541,0,0,0,19021_0006
25.807168,-100.285545,0,0,0,19021_0006
25.807168,-100.284548,0,0,0,19021_0006
25.807168,-100.283551,0,0,0,19021_0006
25.807168,-100.282554,0,0,0,
25.807168,-100.281557,0,0,0,
25.807168,-100.28056,0,0,0,19021_0006
25.807168,-100.279563,0,0,0,19021_0006
25.807168,-100.278566,0,0,0,19021_0006
25.807168,-100.277569,0,0,0,19021_0006
25.807168,-100.276572,0,0,0,19021_0006
25.807168,-100.275575,0,0,0,19021_0006
25.807168,-100.274578,0,0,0,19021_0006
25.807168,-100.273581,0,0,0,19021_0055
25.807168,-100.272584,0,0,0,19021_0055
25.807168,-100.271587,0,0,0,19021_0055
25.807168,-100.270591,0,0,0,19021_0055
25.807168,-100.269594,0,0,0,19021_0055
25.807168,-100.268597,0,0,0,19021_0055
25.807168,-100.2676,0,0,0,19021_0055
25.807168,-100.266603,0,0,0,19021_0055
25.807168,-100.265606,0,0,0,19021_0055
25.807168,-100.264609,0,0,0,19021_0055
25.807168,-100.263612,0,0,0,
25.807168,-100.262615,0,0,0,
25.807168,-100.261618,0,0,0,
25.807168,-100.21875,1,1,0,
25.807168,-100.217753,1,1,0,
25.807168,-100.216756,1,1,0,
25.807168,-100.215759,1,1,0,
25.807168,-100.214762,1,1,0,
25.807168,-100.213766,1,1,0,
25.808072,-100.641449,0,0,0,
25.808072,-100.640452,0,0,0,
25.808072,-100.639455,0,0,0,
25.808072,-100.638458,0,0,0,19018_0146
25.808072,-100.637461,0,0,0,19018_0055
25.808072,-100.636464,0,0,0,19018_0055
25.808072,-100.635467,0,0,0,19018_0055
25.808072,-100.63447,0,0,0,19018_0055
25.808072,-100.633473,0,0,0,19018_0055
25.808072,-100.632476,0,0,0,
25.808072,-100.631479,0,0,0,
25.808072,-100.630482,0,0,0,
25.808072,-100.629486,0,0,0,
25.808072,-100.40717,0,0,0,
25.808072,-100.406173,0,0,0,
25.808072,-100.405176,0,0,0,
25.808072,-100.404179,0,0,0,
25.808072,-100.403182,0,0,0,
25.808072,-100.402185,0,0,0,19021_0002
25.808072,-100.401188,0,0,0,19021_0002
25.808072,-100.400192,0,0,0,19021_0002
25.808072,-100.399195,0,0,0,19021_0002
25.808072,-100.398198,0,0,0,
25.808072,-100.397201,0,0,0,
25.808072,-100.396204,0,0,0,
25.808072,-100.392216,0,0,0,
25.808072,-100.391219,0,0,0,
25.808072,-100.390222,0,0,0,
25.808072,-100.389225,0,0,0,
25.808072,-100.388228,0,0,0,19021_0061
25.808072,-100.387231,0,0,0,19021_0061
25.808072,-100.386234,0,0,0,19021_0061
25.808072,-100.385238,0,0,0,19021_0061
25.808072,-100.384241,0,0,0,19021_0061
25.808072,-100.383244,0,0,0,19021_0061
25.808072,-100.382247,0,0,0,19021_0061
25.808072,-100.38125,0,0,0,19021_0061
25.808072,-100.380253,0,0,0,19021_0061
25.808072,-100.379256,0,0,0,19021_0061
25.808072,-100.378259,0,0,0,19021_0061
25.808072,-100.377262,0,0,0,19021_0061
25.808072,-100.376265,0,0,0,19021_0061
25.808072,-100.375268,0,0,0,
25.808072,-100.374271,0,0,0,19021_0061
25.808072,-100.373274,0,0,0,
25.808072,-100.372277,0,0,0,
25.808072,-100.371281,0,0,0,
25.808072,-100.370284,0,0,0,
25.808072,-100.369287,1,1,0,
25.808072,-100.36829,1,1,0,
25.808072,-100.367293,1,1,0,19021_0183
25.808072,-100.366296,1,1,0,19021_0183
25.808072,-100.365299,1,1,0,19021_0183
25.808072,-100.364302,0,0,0,19021_0183
25.808072,-100.363305,0,0,0,19021_0183
25.808072,-100.362308,0,0,0,19021_0183
25.808072,-100.361311,0,0,0,19021_0183
25.808072,-100.360314,0,0,0,19021_0183
25.808072,-100.359317,0,0,0,19021_0183
25.808072,-100.35832,0,0,0,
25.808072,-100.357324,0,0,0,
25.808072,-100.356327,0,0,0,
25.808072,-100.333397,1,1,0,
25.808072,-100.3324,1,1,0,
25.808072,-100.331403,1,1,0,
25.808072,-100.330406,1,1,0,
25.808072,-100.329409,1,1,0,
25.808072,-100.296511,0,0,0,
25.808072,-100.295514,0,0,0,
25.808072,-100.294517,0,0,0,
25.808072,-100.29352,0,0,0,
25.808072,-100.292523,0,0,0,19021_0006
25.808072,-100.291526,0,0,0,19021_0006
25.808072,-100.290529,0,0,0,19021_0006
25.808072,-100.289532,0,0,0,19021_0006
25.808072,-100.288535,1,1,0,19021_0006
25.808072,-100.287538,1,1,0,19021_0006
25.808072,-100.286541,1,1,0,19021_0006
25.808072,-100.285545,1,1,0,19021_0006
25.808072,-100.284548,0,0,0,19021_0006
25.808072,-100.283551,0,0,0,
25.808072,-100.282554,0,0,0,
25.808072,-100.281557,0,0,0,19021_0006
25.808072,-100.28056,0,0,0,19021_0006
25.808072,-100.279563,0,0,0,19021_0006
25.808072,-100.278566,0,0,0,19021_0006
25.808072,-100.277569,0,0,0,19021_0006
25.808072,-100.276572,0,0,0,19021_0006
25.808072,-100.275575,0,0,0,19021_0006
25.808072,-100.274578,0,0,0,19021_0006
25.808072,-100.273581,0,0,0,19021_0055
25.808072,-100.272584,0,0,0,19021_0055
25.808072,-100.271587,0,0,0,19021_0055
25.808072,-100.270591,0,0,0,19021_0055
25.808072,-100.269594,0,0,0,19021_0055
25.808072,-100.268597,0,0,0,19021_0055
25.808072,-100.2676,0,0,0,19021_0055
25.808072,-100.266603,0,0,0,19021_0055
25.808072,-100.265606,0,0,0,19021_0055
25.808072,-100.264609,0,0,0,19021_0055
25.808072,-100.263612,0,0,0,
25.808072,-100.262615,0,0,0,
25.808072,-100.261618,0,0,0,
25.808072,-100.21875,1,1,0,
25.808072,-100.217753,1,1,0,
25.808072,-100.216756,1,1,0,
25.808072,-100.215759,1,1,0,
25.808072,-100.214762,1,1,0,
25.808072,-100.213766,1,1,0,
25.808977,-100.641449,0,0,0,
25.808977,-100.640452,0,0,0,
25.808977,-100.639455,0,0,0,
25.808977,-100.638458,0,0,0,19018_0055
25.808977,-100.637461,0,0,0,19018_0055
25.808977,-100.636464,0,0,0,19018_0055
25.808977,-100.635467,0,0,0,19018_0055
25.808977,-100.63447,0,0,0,19018_0055
25.808977,-100.633473,0,0,0,19018_0055
25.808977,-100.632476,0,0,0,19018_0055
25.808977,-100.631479,0,0,0,
25.808977,-100.630482,0,0,0,
25.808977,-100.629486,0,0,0,
25.808977,-100.406173,0,0,0,
25.808977,-100.405176,0,0,0,
25.808977,-100.404179,0,0,0,
25.808977,-100.403182,0,0,0,
25.808977,-100.402185,0,0,0,
25.808977,-100.401188,0,0,0,
25.808977,-100.400192,0,0,0,19021_0002
25.808977,-100.399195,0,0,0,
25.808977,-100.398198,0,0,0,
25.808977,-100.397201,0,0,0,
25.808977,-100.396204,0,0,0,
25.808977,-100.393213,0,0,0,
25.808977,-100.392216,0,0,0,
25.808977,-100.391219,0,0,0,
25.808977,-100.390222,0,0,0,
25.808977,-100.389225,0,0,0,19021_0061
25.808977,-100.388228,0,0,0,19021_0061
25.808977,-100.387231,0,0,0,19021_0061
25.808977,-100.386234,0,0,0,19021_0061
25.808977,-100.385238,0,0,0,19021_0061
25.808977,-100.384241,0,0,0,19021_0061
25.808977,-100.383244,0,0,0,19021_0061
25.808977,-100.382247,0,0,0,19021_0061
25.808977,-100.38125,0,0,0,19021_0061
25.808977,-100.380253,0,0,0,19021_0061
25.808977,-100.379256,0,0,0,19021_0061
25.808977,-100.378259,0,0,0,19021_0061
25.808977,-100.377262,0,0,0,19021_0061
25.808977,-100.376265,0,0,0,19021_0061
25.808977,-100.375268,0,0,0,19021_0061
25.808977,-100.374271,0,0,0,
25.808977,-100.373274,0,0,0,
25.808977,-100.372277,0,0,0,
25.808977,-100.371281,0,0,0,
25.808977,-100.370284,0,0,0,
25.808977,-100.369287,1,1,0,
25.808977,-100.36829,1,1,0,
25.808977,-100.367293,1,1,0,19021_0183
25.808977,-100.366296,1,1,0,19021_0183
25.808977,-100.365299,1,1,0,19021_0183
25.808977,-100.364302,0,0,0,19021_0183
25.808977,-100.363305,0,0,0,19021_0183
25.808977,-100.362308,0,0,0,19021_0183
25.808977,-100.361311,0,0,0,19021_0183
25.808977,-100.360314,0,0,0,19021_0183
25.808977,-100.359317,0,0,0,19021_0183
25.808977,-100.35832,0,0,0,
25.808977,-100.357324,0,0,0,
25.808977,-100.356327,0,0,0,
25.808977,-100.35533,0,0,0,
25.808977,-100.333397,1,1,0,
25.808977,-100.3324,1,1,0,
25.808977,-100.331403,1,1,0,
25.808977,-100.330406,1,1,0,
25.808977,-100.329409,1,1,0,
25.808977,-100.328413,1,1,0,
25.808977,-100.296511,0,0,0,
25.808977,-100.295514,0,0,0,
25.808977,-100.294517,0,0,0,
25.808977,-100.29352,0,0,0,
25.808977,-100.292523,0,0,0,19021_0006
25.808977,-100.291526,0,0,0,19021_0006
25.808977,-100.290529,0,0,0,19021_0006
25.808977,-100.289532,1,1,0,19021_0006
25.808977,-100.288535,1,1,0,19021_0006
25.808977,-100.287538,1,1,0,19021_0006
25.808977,-100.286541,1,1,0,19021_0006
25.808977,-100.285545,1,1,0,19021_0006
25.808977,-100.284548,1,1,0,19021_0006
25.808977,-100.283551,0,0,0,
25.808977,-100.282554,0,0,0,19021_0006
25.808977,-100.281557,0,0,0,19021_0006
25.808977,-100.28056,0,0,0,19021_0006
25.808977,-100.279563,0,0,0,19021_0006
25.808977,-100.278566,0,0,0,19021_0006
25.808977,-100.277569,0,0,0,19021_0006
25.808977,-100.276572,0,0,0,19021_0006
25.808977,-100.275575,0,0,0,19021_0006
25.808977,-100.274578,0,0,0,
25.808977,-100.273581,0,0,0,
25.808977,-100.272584,0,0,0,19021_0055
25.808977,-100.271587,0,0,0,19021_0055
25.808977,-100.270591,0,0,0,19021_0055
25.808977,-100.269594,0,0,0,19021_0055
25.808977,-100.268597,0,0,0,19021_0055
25.808977,-100.2676,0,0,0,19021_0055
25.808977,-100.266603,0,0,0,19021_0055
25.808977,-100.265606,0,0,0,19021_0055
25.808977,-100.264609,0,0,0,19021_0055
25.808977,-100.263612,0,0,0,
25.808977,-100.262615,0,0,0,
25.808977,-100.261618,0,0,0,
25.808977,-100.255637,1,1,0,
25.808977,-100.25464,1,1,0,
25.808977,-100.21875,2,2,0,
25.808977,-100.217753,1,1,0,
25.808977,-100.216756,1,1,0,
25.808977,-100.215759,1,1,0,
25.808977,-100.214762,1,1,0,
25.808977,-100.213766,1,1,0,
25.809881,-100.641449,0,0,0,
25.809881,-100.640452,0,0,0,
25.809881,-100.639455,0,0,0,
25.809881,-100.638458,0,0,0,19018_0055
25.809881,-100.637461,0,0,0,19018_0055
25.809881,-100.636464,0,0,0,19018_0055
25.809881,-100.635467,0,0,0,19018_0055
25.809881,-100.63447,0,0,0,19018_0055
25.809881,-100.633473,0,0,0,19018_0055
25.809881,-100.632476,0,0,0,
25.809881,-100.631479,0,0,0,
25.809881,-100.630482,0,0,0,
25.809881,-100.629486,0,0,0,
25.809881,-100.615529,0,0,0,
25.809881,-100.614532,0,0,0,
25.809881,-100.613535,0,0,0,
25.809881,-100.404179,0,0,0,
25.809881,-100.403182,0,0,0,
25.809881,-100.402185,0,0,0,
25.809881,-100.401188,0,0,0,
25.809881,-100.400192,0,0,0,
25.809881,-100.399195,0,0,0,
25.809881,-100.398198,0,0,0,
25.809881,-100.397201,0,0,0,
25.809881,-100.393213,0,0,0,
25.809881,-100.392216,0,0,0,
25.809881,-100.391219,0,0,0,
25.809881,-100.390222,0,0,0,19021_0061
25.809881,-100.389225,0,0,0,19021_0061
25.809881,-100.388228,0,0,0,19021_0061
25.809881,-100.387231,0,0,0,19021_0061
25.809881,-100.386234,0,0,0,19021_0061
25.809881,-100.385238,0,0,0,19021_0061
25.809881,-100.384241,0,0,0,19021_0061
25.809881,-100.383244,0,0,0,19021_0061
25.809881,-100.382247,0,0,0,19021_0061
25.809881,-100.38125,0,0,0,19021_0061
25.809881,-100.380253,0,0,0,19021_0061
25.809881,-100.379256,0,0,0,19021_0061
25.809881,-100.378259,0,0,0,19021_0061
25.809881,-100.377262,0,0,0,19021_0061
25.809881,-100.376265,0,0,0,19021_0061
25.809881,-100.375268,0,0,0,19021_0061
25.809881,-100.374271,0,0,0,
25.809881,-100.373274,0,0,0,
25.809881,-100.372277,0,0,0,
25.809881,-100.371281,0,0,0,
25.809881,-100.370284,0,0,0,
25.809881,-100.369287,0,0,0,
25.809881,-100.36829,1,1,0,
25.809881,-100.367293,1,1,0,19021_0183
25.809881,-100.366296,1,1,0,
25.809881,-100.365299,0,0,0,19021_0183
25.809881,-100.364302,0,0,0,19021_0183
25.809881,-100.363305,0,0,0,19021_0183
25.809881,-100.362308,0,0,0,19021_0183
25.809881,-100.361311,0,0,0,19021_0183
25.809881,-100.360314,0,0,0,19021_0183
25.809881,-100.359317,0,0,0,19021_0183
25.809881,-100.35832,0,0,0,19021_0183
25.809881,-100.357324,0,0,0,
25.809881,-100.356327,0,0,0,
25.809881,-100.35533,0,0,0,
25.809881,-100.333397,1,1,0,
25.809881,-100.3324,1,1,0,
25.809881,-100.331403,1,1,0,
25.809881,-100.330406,1,1,0,
25.809881,-100.329409,1,1,0,
25.809881,-100.328413,1,1,0,
25.809881,-100.296511,0,0,0,
25.809881,-100.295514,0,0,0,
25.809881,-100.294517,0,0,0,
25.809881,-100.29352,0,0,0,19021_0006
25.809881,-100.292523,0,0,0,19021_0006
25.809881,-100.291526,0,0,0,19021_0006
25.809881,-100.290529,0,0,0,19021_0006
25.809881,-100.289532,1,1,0,19021_0006
25.809881,-100.288535,1,1,0,19021_0006
25.809881,-100.287538,1,1,0,19021_0006
25.809881,-100.286541,1,1,0,19021_0006
25.809881,-100.285545,1,1,0,19021_0006
25.809881,-100.284548,1,1,0,19021_0006
25.809881,-100.283551,0,0,0,19021_0006
25.809881,-100.282554,0,0,0,19021_0006
25.809881,-100.281557,0,0,0,19021_0006
25.809881,-100.28056,0,0,0,19021_0006
25.809881,-100.279563,0,0,0,19021_0006
25.809881,-100.278566,0,0,0,19021_0006
25.809881,-100.277569,0,0,0,19021_0006
25.809881,-100.276572,0,0,0,19021_0006
25.809881,-100.275575,0,0,0,
25.809881,-100.274578,0,0,0,
25.809881,-100.273581,0,0,0,
25.809881,-100.272584,0,0,0,
25.809881,-100.271587,0,0,0,19021_0055
25.809881,-100.270591,0,0,0,19021_0055
25.809881,-100.269594,0,0,0,19021_0055
25.809881,-100.268597,0,0,0,19021_0055
25.809881,-100.2676,0,0,0,19021_0055
25.809881,-100.266603,0,0,0,
25.809881,-100.265606,0,0,0,
25.809881,-100.264609,0,0,0,
25.809881,-100.263612,0,0,0,
25.809881,-100.262615,0,0,0,
25.809881,-100.261618,0,0,0,
25.809881,-100.256634,1,1,0,
25.809881,-100.255637,1,1,0,
25.809881,-100.25464,1,1,0,
25.809881,-100.253643,1,1,0,
25.809881,-100.220744,1,1,0,
25.809881,-100.219747,1,1,0,
25.809881,-100.21875,1,1,0,
25.809881,-100.217753,2,2,0,
25.809881,-100.216756,2,2,0,
25.809881,-100.215759,1,1,0,
25.809881,-100.214762,1,1,0,
25.809881,-100.108091,1,1,0,
25.809881,-100.107094,1,1,0,
25.809881,-100.106097,1,1,0,
25.809881,-100.1051,1,1,0,
25.810786,-100.641449,0,0,0,
25.810786,-100.640452,0,0,0,
25.810786,-100.639455,0,0,0,
25.810786,-100.638458,0,0,0,19018_0055
25.810786,-100.637461,0,0,0,
25.810786,-100.636464,0,0,0,
25.810786,-100.635467,0,0,0,19018_0055
25.810786,-100.63447,0,0,0,
25.810786,-100.633473,0,0,0,
25.810786,-100.632476,0,0,0,
25.810786,-100.631479,0,0,0,
25.810786,-100.630482,0,0,0,
25.810786,-100.616525,0,0,0,
25.810786,-100.615529,0,0,0,
25.810786,-100.614532,0,0,0,
25.810786,-100.613535,0,0,0,
25.810786,-100.612538,0,0,0,
25.810786,-100.611541,0,0,0,
25.810786,-100.610544,0,0,0,
25.810786,-100.609547,0,0,0,
25.810786,-100.60855,0,0,0,
25.810786,-100.607553,0,0,0,
25.810786,-100.555713,1,1,0,
25.810786,-100.554716,1,1,0,
25.810786,-100.553719,1,1,0,
25.810786,-100.552722,1,1,0,
25.810786,-100.403182,0,0,0,
25.810786,-100.402185,0,0,0,
25.810786,-100.401188,0,0,0,
25.810786,-100.400192,0,0,0,
25.810786,-100.399195,0,0,0,
25.810786,-100.398198,0,0,0,
25.810786,-100.397201,0,0,0,
25.810786,-100.39421,0,0,0,
25.810786,-100.393213,0,0,0,
25.810786,-100.392216,0,0,0,
25.810786,-100.391219,0,0,0,
25.810786,-100.390222,0,0,0,19021_0061
25.810786,-100.389225,0,0,0,19021_0061
25.810786,-100.388228,0,0,0,19021_0061
25.810786,-100.387231,0,0,0,19021_0061
25.810786,-100.386234,0,0,0,19021_0061
25.810786,-100.385238,0,0,0,19021_0061
25.810786,-100.384241,0,0,0,19021_0061
25.810786,-100.383244,0,0,0,19021_0061
25.810786,-100.382247,0,0,0,19021_0061
25.810786,-100.38125,0,0,0,19021_0061
25.810786,-100.380253,0,0,0,19021_0061
25.810786,-100.379256,0,0,0,19021_0061
25.810786,-100.378259,0,0,0,19021_0061
25.810786,-100.377262,0,0,0,19021_0061
25.810786,-100.376265,0,0,0,19021_0061
25.810786,-100.375268,0,0,0,19021_0061
25.810786,-100.374271,0,0,0,19021_0061
25.810786,-100.373274,0,0,0,19021_0061
25.810786,-100.372277,0,0,0,
25.810786,-100.371281,0,0,0,
25.810786,-100.370284,0,0,0,
25.810786,-100.369287,0,0,0,
25.810786,-100.36829,0,0,0,
25.810786,-100.367293,0,0,0,19021_0061
25.810786,-100.366296,0,0,0,19021_0061
25.810786,-100.365299,0,0,0,
25.810786,-100.364302,0,0,0,
25.810786,-100.363305,0,0,0,
25.810786,-100.362308,0,0,0,
25.810786,-100.361311,0,0,0,
25.810786,-100.360314,0,0,0,
25.810786,-100.359317,0,0,0,
25.810786,-100.35832,0,0,0,
25.810786,-100.357324,0,0,0,
25.810786,-100.356327,0,0,0,
25.810786,-100.35533,0,0,0,
25.810786,-100.333397,1,1,0,
25.810786,-100.3324,1,1,0,
25.810786,-100.331403,1,1,0,
25.810786,-100.330406,1,1,0,
25.810786,-100.329409,1,1,0,
25.810786,-100.296511,0,0,0,
25.810786,-100.295514,0,0,0,
25.810786,-100.294517,0,0,0,
25.810786,-100.29352,0,0,0,19021_0006
25.810786,-100.292523,0,0,0,19021_0006
25.810786,-100.291526,0,0,0,19021_0006
25.810786,-100.290529,0,0,0,19021_0006
25.810786,-100.289532,1,1,0,19021_0006
25.810786,-100.288535,1,1,0,19021_0006
25.810786,-100.287538,1,1,0,19021_0006
25.810786,-100.286541,1,1,0,19021_0006
25.810786,-100.285545,1,1,0,19021_0006
25.810786,-100.284548,1,1,0,19021_0006
25.810786,-100.283551,0,0,0,19021_0006
25.810786,-100.282554,0,0,0,19021_0006
25.810786,-100.281557,0,0,0,19021_0006
25.810786,-100.28056,0,0,0,19021_0006
25.810786,-100.279563,0,0,0,19021_0006
25.810786,-100.278566,0,0,0,19021_0006
25.810786,-100.277569,0,0,0,19021_0006
25.810786,-100.276572,0,0,0,
25.810786,-100.275575,0,0,0,
25.810786,-100.274578,0,0,0,
25.810786,-100.273581,0,0,0,
25.810786,-100.272584,0,0,0,
25.810786,-100.271587,0,0,0,
25.810786,-100.270591,0,0,0,
25.810786,-100.269594,0,0,0,
25.810786,-100.268597,0,0,0,
25.810786,-100.2676,0,0,0,
25.810786,-100.266603,0,0,0,
25.810786,-100.265606,0,0,0,
25.810786,-100.264609,0,0,0,
25.810786,-100.263612,0,0,0,
25.810786,-100.262615,0,0,0,
25.810786,-100.261618,0,0,0,
25.810786,-100.25763,1,1,0,
25.810786,-100.256634,1,1,0,
25.810786,-100.255637,1,1,0,
25.810786,-100.25464,1,1,0,
25.810786,-100.253643,1,1,0,
25.810786,-100.252646,1,1,0,
25.810786,-100.220744,1,1,0,
25.810786,-100.219747,1,1,0,
25.810786,-100.21875,1,1,0,
25.810786,-100.217753,1,1,0,
25.810786,-100.216756,2,2,0,
25.810786,-100.215759,1,1,0,
25.810786,-100.109088,2,2,0,
25.810786,-100.108091,2,2,0,
25.810786,-100.107094,2,2,0,
25.810786,-100.106097,2,2,0,
25.810786,-100.1051,2,2,0,
25.810786,-100.104103,1,1,0,
25.81169,-100.641449,0,0,0,
25.81169,-100.640452,0,0,0,
25.81169,-100.639455,0,0,0,
25.81169,-100.638458,0,0,0,
25.81169,-100.637461,0,0,0,
25.81169,-100.636464,0,0,0,
25.81169,-100.635467,0,0,0,
25.81169,-100.63447,0,0,0,
25.81169,-100.633473,0,0,0,
25.81169,-100.632476,0,0,0,
25.81169,-100.631479,0,0,0,
25.81169,-100.62151,1,1,0,
25.81169,-100.620513,1,1,0,
25.81169,-100.619516,1,1,0,
25.81169,-100.618519,1,1,0,
25.81169,-100.617522,0,0,0,
25.81169,-100.616525,0,0,0,
25.81169,-100.615529,0,0,0,
25.81169,-100.614532,0,0,0,
25.81169,-100.613535,0,0,0,
25.81169,-100.612538,0,0,0,
25.81169,-100.611541,0,0,0,
25.81169,-100.610544,0,0,0,
25.81169,-100.609547,0,0,0,
25.81169,-100.60855,0,0,0,
25.81169,-100.607553,0,0,0,
25.81169,-100.606556,0,0,0,
25.81169,-100.605559,0,0,0,
25.81169,-100.55671,1,1,0,
25.81169,-100.555713,1,1,0,
25.81169,-100.554716,1,1,0,
25.81169,-100.553719,1,1,0,
25.81169,-100.552722,1,1,0,
25.81169,-100.401188,0,0,0,
25.81169,-100.400192,0,0,0,
25.81169,-100.399195,0,0,0,
25.81169,-100.398198,0,0,0,
25.81169,-100.393213,0,0,0,
25.81169,-100.392216,0,0,0,
25.81169,-100.391219,0,0,0,
25.81169,-100.390222,0,0,0,
25.81169,-100.389225,0,0,0,
25.81169,-100.388228,0,0,0,
25.81169,-100.387231,0,0,0,
25.81169,-100.386234,0,0,0,19021_0061
25.81169,-100.385238,0,0,0,19021_0061
25.81169,-100.384241,0,0,0,19021_0061
25.81169,-100.383244,0,0,0,19021_0061
25.81169,-100.382247,0,0,0,19021_0061
25.81169,-100.38125,0,0,0,19021_0061
25.81169,-100.380253,0,0,0,19021_0061
25.81169,-100.379256,0,0,0,19021_0061
25.81169,-100.378259,0,0,0,19021_0061
25.81169,-100.377262,0,0,0,19021_0061
25.81169,-100.376265,0,0,0,19021_0061
25.81169,-100.375268,0,0,0,19021_0061
25.81169,-100.374271,0,0,0,19021_0061
25.81169,-100.373274,0,0,0,19021_0061
25.81169,-100.372277,0,0,0,19021_0061
25.81169,-100.371281,0,0,0,19021_0061
25.81169,-100.370284,0,0,0,19021_0061
25.81169,-100.369287,0,0,0,19021_0061
25.81169,-100.36829,0,0,0,19021_0061
25.81169,-100.367293,0,0,0,19021_0061
25.81169,-100.366296,0,0,0,19021_0061
25.81169,-100.365299,0,0,0,19021_0061
25.81169,-100.364302,0,0,0,19021_0061
25.81169,-100.363305,0,0,0,19021_0061
25.81169,-100.362308,0,0,0,
25.81169,-100.361311,0,0,0,
25.81169,-100.360314,0,0,0,
25.81169,-100.359317,0,0,0,
25.81169,-100.35832,0,0,0,
25.81169,-100.357324,0,0,0,
25.81169,-100.356327,0,0,0,
25.81169,-100.35533,0,0,0,
25.81169,-100.3324,1,1,0,
25.81169,-100.331403,1,1,0,
25.81169,-100.330406,1,1,0,
25.81169,-100.296511,0,0,0,
25.81169,-100.295514,0,0,0,
25.81169,-100.294517,0,0,0,
25.81169,-100.29352,0,0,0,19021_0006
25.81169,-100.292523,0,0,0,19021_0006
25.81169,-100.291526,0,0,0,19021_0006
25.81169,-100.290529,0,0,0,19021_0006
25.81169,-100.289532,0,0,0,19021_0006
25.81169,-100.288535,1,1,0,19021_0006
25.81169,-100.287538,1,1,0,19021_0006
25.81169,-100.286541,1,1,0,19021_0006
25.81169,-100.285545,1,1,0,19021_0006
25.81169,-100.284548,0,0,0,19021_0006
25.81169,-100.283551,0,0,0,19021_0006
25.81169,-100.282554,0,0,0,19021_0006
25.81169,-100.281557,0,0,0,19021_0006
25.81169,-100.28056,0,0,0,19021_0006
25.81169,-100.279563,0,0,0,19021_0006
25.81169,-100.278566,0,0,0,19021_0006
25.81169,-100.277569,0,0,0,19021_0006
25.81169,-100.276572,0,0,0,
25.81169,-100.275575,0,0,0,
25.81169,-100.274578,0,0,0,
25.81169,-100.273581,0,0,0,
25.81169,-100.272584,0,0,0,
25.81169,-100.271587,0,0,0,
25.81169,-100.270591,0,0,0,
25.81169,-100.269594,0,0,0,
25.81169,-100.268597,0,0,0,
25.81169,-100.2676,0,0,0,
25.81169,-100.266603,0,0,0,
25.81169,-100.265606,0,0,0,
25.81169,-100.264609,0,0,0,
25.81169,-100.263612,0,0,0,
25.81169,-100.25763,1,1,0,
25.81169,-100.256634,1,1,0,
25.81169,-100.255637,1,1,0,
25.81169,-100.25464,1,1,0,
25.81169,-100.253643,1,1,0,
25.81169,-100.252646,1,1,0,
25.81169,-100.221741,1,1,0,
25.81169,-100.220744,1,1,0,
25.81169,-100.219747,1,1,0,
25.81169,-100.21875,1,1,0,
25.81169,-100.217753,1,1,0,
25.81169,-100.216756,1,1,0,
25.81169,-100.109088,2,2,0,
25.81169,-100.108091,2,2,0,
25.81169,-100.107094,2,2,0,
25.81169,-100.106097,2,2,0,
25.81169,-100.1051,2,2,0,
25.81169,-100.104103,1,1,0,
25.812594,-100.641449,0,0,0,
25.812594,-100.640452,0,0,0,
25.812594,-100.639455,0,0,0,
25.812594,-100.638458,0,0,0,
25.812594,-100.637461,0,0,0,
25.812594,-100.636464,0,0,0,
25.812594,-100.635467,0,0,0,
25.812594,-100.63447,0,0,0,
25.812594,-100.633473,0,0,0,
25.812594,-100.622507,1,1,0,
25.812594,-100.62151,1,1,0,
25.812594,-100.620513,1,1,0,
25.812594,-100.619516,1,1,0,
25.812594,-100.618519,1,1,0,
25.812594,-100.617522,0,0,0,
25.812594,-100.616525,0,0,0,
25.812594,-100.615529,0,0,0,
25.812594,-100.614532,0,0,0,19018_0003
25.812594,-100.613535,0,0,0,19018_0003
25.812594,-100.612538,0,0,0,
25.812594,-100.611541,0,0,0,
25.812594,-100.610544,0,0,0,
25.812594,-100.609547,0,0,0,
25.812594,-100.60855,0,0,0,
25.812594,-100.607553,0,0,0,
25.812594,-100.606556,0,0,0,
25.812594,-100.605559,0,0,0,
25.812594,-100.604562,0,0,0,
25.812594,-100.55671,1,1,0,
25.812594,-100.555713,1,1,0,
25.812594,-100.554716,1,1,0,
25.812594,-100.553719,1,1,0,
25.812594,-100.552722,1,1,0,
25.812594,-100.551725,1,1,0,
25.812594,-100.393213,0,0,0,
25.812594,-100.392216,0,0,0,
25.812594,-100.391219,0,0,0,
25.812594,-100.390222,0,0,0,
25.812594,-100.389225,0,0,0,
25.812594,-100.388228,0,0,0,
25.812594,-100.387231,0,0,0,
25.812594,-100.386234,0,0,0,
25.812594,-100.385238,0,0,0,
25.812594,-100.384241,0,0,0,
25.812594,-100.383244,0,0,0,
25.812594,-100.382247,0,0,0,
25.812594,-100.38125,0,0,0,
25.812594,-100.380253,0,0,0,19021_0061
25.812594,-100.379256,0,0,0,19021_0061
25.812594,-100.378259,0,0,0,19021_0061
25.812594,-100.377262,0,0,0,19021_0061
25.812594,-100.376265,0,0,0,19021_0061
25.812594,-100.375268,0,0,0,19021_0061
25.812594,-100.374271,0,0,0,19021_0061
25.812594,-100.373274,0,0,0,19021_0061
25.812594,-100.372277,0,0,0,19021_0061
25.812594,-100.371281,0,0,0,19021_0061
25.812594,-100.370284,0,0,0,19021_0061
25.812594,-100.369287,0,0,0,19021_0061
25.812594,-100.36829,0,0,0,19021_0061
25.812594,-100.367293,0,0,0,19021_0061
25.812594,-100.366296,0,0,0,19021_0061
25.812594,-100.365299,0,0,0,19021_0061
25.812594,-100.364302,0,0,0,19021_0061
25.812594,-100.363305,0,0,0,
25.812594,-100.362308,0,0,0,
25.812594,-100.361311,0,0,0,
25.812594,-100.360314,0,0,0,
25.812594,-100.359317,0,0,0,
25.812594,-100.35832,0,0,0,
25.812594,-100.357324,0,0,0,
25.812594,-100.356327,0,0,0,
25.812594,-100.297508,0,0,0,
25.812594,-100.296511,0,0,0,
25.812594,-100.295514,0,0,0,
25.812594,-100.294517,0,0,0,
25.812594,-100.29352,0,0,0,19021_0006
25.812594,-100.292523,0,0,0,19021_0006
25.812594,-100.291526,0,0,0,19021_0006
25.812594,-100.290529,0,0,0,19021_0006
25.812594,-100.289532,0,0,0,19021_0006
25.812594,-100.288535,0,0,0,19021_0006
25.812594,-100.287538,1,1,0,19021_0006
25.812594,-100.286541,0,0,0,19021_0006
25.812594,-100.285545,0,0,0,19021_0006
25.812594,-100.284548,0,0,0,19021_0006
25.812594,-100.283551,0,0,0,19021_0006
25.812594,-100.282554,0,0,0,19021_0006
25.812594,-100.281557,0,0,0,19021_0006
25.812594,-100.28056,0,0,0,19021_0006
25.812594,-100.279563,0,0,0,19021_0006
25.812594,-100.278566,0,0,0,19021_0006
25.812594,-100.277569,0,0,0,19021_0006
25.812594,-100.276572,0,0,0,
25.812594,-100.275575,0,0,0,
25.812594,-100.274578,0,0,0,
25.812594,-100.273581,0,0,0,
25.812594,-100.272584,0,0,0,
25.812594,-100.271587,0,0,0,
25.812594,-100.270591,0,0,0,
25.812594,-100.269594,0,0,0,
25.812594,-100.268597,0,0,0,
25.812594,-100.2676,0,0,0,
25.812594,-100.25763,1,1,0,
25.812594,-100.256634,1,1,0,
25.812594,-100.255637,1,1,0,
25.812594,-100.25464,1,1,0,
25.812594,-100.253643,1,1,0,
25.812594,-100.252646,1,1,0,
25.812594,-100.247661,1,1,0,
25.812594,-100.246664,1,1,0,
25.812594,-100.245667,1,1,0,
25.812594,-100.24467,1,1,0,
25.812594,-100.220744,1,1,0,
25.812594,-100.219747,1,1,0,
25.812594,-100.21875,1,1,0,
25.812594,-100.217753,1,1,0,
25.812594,-100.216756,1,1,0,
25.812594,-100.109088,2,2,0,
25.812594,-100.108091,2,2,0,
25.812594,-100.107094,2,2,0,
25.812594,-100.106097,2,2,0,
25.812594,-100.1051,2,2,0,
25.812594,-100.104103,2,2,0,
25.813499,-100.640452,0,0,0,
25.813499,-100.639455,0,0,0,
25.813499,-100.638458,0,0,0,
25.813499,-100.636464,0,0,0,
25.813499,-100.635467,0,0,0,
25.813499,-100.63447,0,0,0,
25.813499,-100.622507,1,1,0,
25.813499,-100.62151,1,1,0,
25.813499,-100.620513,1,1,0,
25.813499,-100.619516,1,1,0,
25.813499,-100.618519,1,1,0,
25.813499,-100.617522,1,1,0,
25.813499,-100.616525,0,0,0,
25.813499,-100.615529,0,0,0,
25.813499,-100.614532,0,0,0,19018_0003
25.813499,-100.613535,0,0,0,19018_0003
25.813499,-100.612538,0,0,0,19018_0003
25.813499,-100.611541,0,0,0,19018_0003
25.813499,-100.610544,0,0,0,19018_0003
25.813499,-100.609547,0,0,0,19018_0003
25.813499,-100.60855,0,0,0,19018_0003
25.813499,-100.607553,0,0,0,19018_0003
25.813499,-100.606556,0,0,0,
25.813499,-100.605559,0,0,0,
25.813499,-100.604562,0,0,0,
25.813499,-100.55671,1,1,0,
25.813499,-100.555713,1,1,0,
25.813499,-100.554716,1,1,0,
25.813499,-100.553719,1,1,0,
25.813499,-100.552722,1,1,0,
25.813499,-100.551725,1,1,0,
25.813499,-100.392216,0,0,0,
25.813499,-100.391219,0,0,0,
25.813499,-100.390222,0,0,0,
25.813499,-100.389225,0,0,0,
25.813499,-100.388228,0,0,0,
25.813499,-100.387231,0,0,0,
25.813499,-100.386234,0,0,0,
25.813499,-100.385238,0,0,0,
25.813499,-100.384241,0,0,0,
25.813499,-100.383244,0,0,0,
25.813499,-100.382247,0,0,0,
25.813499,-100.38125,0,0,0,
25.813499,-100.380253,0,0,0,
25.813499,-100.379256,0,0,0,
25.813499,-100.378259,0,0,0,
25.813499,-100.377262,0,0,0,
25.813499,-100.376265,0,0,0,
25.813499,-100.375268,0,0,0,
25.813499,-100.374271,0,0,0,19021_0061
25.813499,-100.373274,0,0,0,19021_0061
25.813499,-100.372277,0,0,0,19021_0061
25.813499,-100.371281,0,0,0,19021_0061
25.813499,-100.370284,0,0,0,19021_0061
25.813499,-100.369287,0,0,0,19021_0061
25.813499,-100.36829,0,0,0,19021_0061
25.813499,-100.367293,0,0,0,19021_0061
25.813499,-100.366296,0,0,0,19021_0061
25.813499,-100.365299,0,0,0,19021_0061
25.813499,-100.364302,0,0,0,19021_0061
25.813499,-100.363305,0,0,0,
25.813499,-100.362308,0,0,0,
25.813499,-100.361311,0,0,0,
25.813499,-100.297508,0,0,0,
25.813499,-100.296511,0,0,0,
25.813499,-100.295514,0,0,0,
25.813499,-100.294517,0,0,0,19021_0006
25.813499,-100.29352,0,0,0,19021_0006
25.813499,-100.292523,0,0,0,19021_0006
25.813499,-100.291526,0,0,0,19021_0006
25.813499,-100.290529,0,0,0,19021_0006
25.813499,-100.289532,0,0,0,19021_0006
25.813499,-100.288535,0,0,0,19021_0006
25.813499,-100.287538,0,0,0,19021_0006
25.813499,-100.286541,0,0,0,19021_0006
25.813499,-100.285545,0,0,0,19021_0006
25.813499,-100.284548,0,0,0,19021_0006
25.813499,-100.283551,0,0,0,19021_0006
25.813499,-100.282554,0,0,0,19021_0006
25.813499,-100.281557,0,0,0,19021_0006
25.813499,-100.28056,0,0,0,19021_0006
25.813499,-100.279563,0,0,0,19021_0006
25.813499,-100.278566,0,0,0,19021_0006
25.813499,-100.277569,0,0,0,19021_0006
25.813499,-100.276572,0,0,0,
25.813499,-100.275575,0,0,0,
25.813499,-100.274578,0,0,0,
25.813499,-100.271587,0,0,0,
25.813499,-100.25763,1,1,0,
25.813499,-100.256634,2,2,0,
25.813499,-100.255637,2,2,0,
25.813499,-100.25464,2,2,0,
25.813499,-100.253643,1,1,0,
25.813499,-100.248658,1,1,0,
25.813499,-100.247661,1,1,0,
25.813499,-100.246664,1,1,0,
25.813499,-100.245667,1,1,0,
25.813499,-100.24467,1,1,0,
25.813499,-100.243673,1,1,0,
25.813499,-100.220744,1,1,0,
25.813499,-100.219747,1,1,0,
25.813499,-100.21875,1,1,0,
25.813499,-100.217753,1,1,0,
25.813499,-100.216756,1,1,0,
25.813499,-100.109088,2,2,0,
25.813499,-100.108091,2,2,0,
25.813499,-100.107094,2,2,0,
25.813499,-100.106097,2,2,0,
25.813499,-100.1051,2,2,0,
25.814403,-100.622507,1,1,0,
25.814403,-100.62151,1,1,0,
25.814403,-100.620513,1,1,0,
25.814403,-100.619516,1,1,0,
25.814403,-100.618519,1,1,0,
25.814403,-100.617522,1,1,0,
25.814403,-100.616525,0,0,0,
25.814403,-100.615529,0,0,0,
25.814403,-100.614532,0,0,0,19018_0003
25.814403,-100.613535,0,0,0,
25.814403,-100.612538,0,0,0,19018_0003
25.814403,-100.611541,0,0,0,19018_0003
25.814403,-100.610544,0,0,0,19018_0003
25.814403,-100.609547,0,0,0,19018_0003
25.814403,-100.60855,0,0,0,19018_0003
25.814403,-100.607553,0,0,0,19018_0003
25.814403,-100.606556,0,0,0,
25.814403,-100.605559,0,0,0,
25.814403,-100.604562,0,0,0,
25.814403,-100.55671,1,1,0,
25.814403,-100.555713,1,1,0,
25.814403,-100.554716,1,1,0,
25.814403,-100.553719,1,1,0,
25.814403,-100.552722,1,1,0,
25.814403,-100.386234,0,0,0,
25.814403,-100.385238,0,0,0,
25.814403,-100.384241,0,0,0,
25.814403,-100.383244,0,0,0,
25.814403,-100.382247,0,0,0,
25.814403,-100.38125,0,0,0,
25.814403,-100.380253,0,0,0,
25.814403,-100.379256,0,0,0,
25.814403,-100.378259,0,0,0,
25.814403,-100.377262,0,0,0,
25.814403,-100.376265,0,0,0,
25.814403,-100.375268,0,0,0,
25.814403,-100.374271,0,0,0,
25.814403,-100.373274,0,0,0,
25.814403,-100.372277,0,0,0,
25.814403,-100.371281,0,0,0,
25.814403,-100.370284,0,0,0,
25.814403,-100.369287,0,0,0,
25.814403,-100.36829,0,0,0,19021_0061
25.814403,-100.367293,0,0,0,19021_0061
25.814403,-100.366296,0,0,0,19021_0061
25.814403,-100.365299,0,0,0,19021_0061
25.814403,-100.364302,0,0,0,19021_0061
25.814403,-100.363305,0,0,0,
25.814403,-100.362308,0,0,0,
25.814403,-100.361311,0,0,0,
25.814403,-100.297508,0,0,0,
25.814403,-100.296511,0,0,0,
25.814403,-100.295514,0,0,0,
25.814403,-100.294517,0,0,0,19021_0006
25.814403,-100.29352,0,0,0,19021_0006
25.814403,-100.292523,0,0,0,19021_0006
25.814403,-100.291526,0,0,0,19021_0006
25.814403,-100.290529,0,0,0,19021_0006
25.814403,-100.289532,0,0,0,19021_0006
25.814403,-100.288535,0,0,0,19021_0006
25.814403,-100.287538,0,0,0,19021_0006
25.814403,-100.286541,0,0,0,19021_0006
25.814403,-100.285545,0,0,0,19021_0006
25.814403,-100.284548,0,0,0,19021_0006
25.814403,-100.283551,0,0,0,19021_0006
25.814403,-100.282554,0,0,0,19021_0006
25.814403,-100.281557,0,0,0,19021_0006
25.814403,-100.28056,0,0,0,19021_0006
25.814403,-100.279563,0,0,0,19021_0006
25.814403,-100.278566,0,0,0,19021_0006
25.814403,-100.277569,0,0,0,19021_0006
25.814403,-100.276572,0,0,0,
25.814403,-100.275575,0,0,0,
25.814403,-100.274578,0,0,0,
25.814403,-100.258627,1,1,0,
25.814403,-100.25763,1,1,0,
25.814403,-100.256634,1,1,0,
25.814403,-100.255637,1,1,0,
25.814403,-100.25464,1,1,0,
25.814403,-100.253643,1,1,0,
25.814403,-100.248658,1,1,0,
25.814403,-100.247661,1,1,0,
25.814403,-100.246664,1,1,0,
25.814403,-100.245667,1,1,0,
25.814403,-100.24467,1,1,0,
25.814403,-100.243673,1,1,0,
25.814403,-100.109088,1,1,0,
25.814403,-100.108091,1,1,0,
25.814403,-100.107094,2,2,0,
25.814403,-100.106097,2,2,0,
25.814403,-100.1051,1,1,0,
25.815307,-100.622507,1,1,0,
25.815307,-100.62151,1,1,0,
25.815307,-100.620513,1,1,0,
25.815307,-100.619516,1,1,0,
25.815307,-100.618519,1,1,0,
25.815307,-100.617522,0,0,0,
25.815307,-100.616525,0,0,0,19018_0003
25.815307,-100.615529,0,0,0,19018_0003
25.815307,-100.614532,0,0,0,
25.815307,-100.613535,0,0,0,
25.815307,-100.612538,0,0,0,19018_0003
25.815307,-100.611541,0,0,0,19018_0003
25.815307,-100.610544,0,0,0,19018_0003
25.815307,-100.609547,0,0,0,19018_0003
25.815307,-100.60855,0,0,0,19018_0003
25.815307,-100.607553,0,0,0,19018_0003
25.815307,-100.606556,0,0,0,
25.815307,-100.605559,0,0,0,
25.815307,-100.604562,0,0,0,
25.815307,-100.555713,1,1,0,
25.815307,-100.554716,1,1,0,
25.815307,-100.553719,1,1,0,
25.815307,-100.380253,0,0,0,
25.815307,-100.379256,0,0,0,
25.815307,-100.378259,0,0,0,
25.815307,-100.377262,0,0,0,
25.815307,-100.376265,0,0,0,
25.815307,-100.375268,0,0,0,
25.815307,-100.374271,0,0,0,
25.815307,-100.373274,0,0,0,
25.815307,-100.372277,0,0,0,
25.815307,-100.371281,0,0,0,
25.815307,-100.370284,0,0,0,
25.815307,-100.369287,0,0,0,
25.815307,-100.36829,0,0,0,
25.815307,-100.367293,0,0,0,
25.815307,-100.366296,0,0,0,
25.815307,-100.365299,0,0,0,
25.815307,-100.364302,0,0,0,
25.815307,-100.363305,0,0,0,
25.815307,-100.362308,0,0,0,
25.815307,-100.361311,0,0,0,
25.815307,-100.297508,0,0,0,
25.815307,-100.296511,0,0,0,
25.815307,-100.295514,0,0,0,
25.815307,-100.294517,0,0,0,19021_0006
25.815307,-100.29352,0,0,0,19021_0006
25.815307,-100.292523,0,0,0,19021_0006
25.815307,-100.291526,0,0,0,19021_0006
25.815307,-100.290529,0,0,0,19021_0006
25.815307,-100.289532,0,0,0,19021_0006
25.815307,-100.288535,0,0,0,19021_0006
25.815307,-100.287538,0,0,0,19021_0006
25.815307,-100.286541,0,0,0,19021_0006
25.815307,-100.285545,0,0,0,19021_0006
25.815307,-100.284548,0,0,0,19021_0006
25.815307,-100.283551,0,0,0,19021_0006
25.815307,-100.282554,0,0,0,19021_0006
25.815307,-100.281557,0,0,0,19021_0006
25.815307,-100.28056,0,0,0,19021_0006
25.815307,-100.279563,0,0,0,19021_0006
25.815307,-100.278566,0,0,0,19021_0006
25.815307,-100.277569,0,0,0,19021_0006
25.815307,-100.276572,0,0,0,
25.815307,-100.275575,0,0,0,
25.815307,-100.274578,0,0,0,
25.815307,-100.258627,1,1,0,
25.815307,-100.25763,1,1,0,
25.815307,-100.256634,1,1,0,
25.815307,-100.255637,1,1,0,
25.815307,-100.25464,1,1,0,
25.815307,-100.253643,1,1,0,
25.815307,-100.248658,1,1,0,
25.815307,-100.247661,1,1,0,
25.815307,-100.246664,1,1,0,
25.815307,-100.245667,1,1,0,
25.815307,-100.24467,1,1,0,
25.815307,-100.243673,1,1,0,
25.815307,-100.107094,1,1,0,
25.816212,-100.62151,1,1,0,
25.816212,-100.620513,1,1,0,
25.816212,-100.619516,1,1,0,
25.816212,-100.618519,1,1,0,19018_0003
25.816212,-100.617522,0,0,0,19018_0003
25.816212,-100.616525,0,0,0,19018_0003
25.816212,-100.615529,0,0,0,19018_0003
25.816212,-100.614532,0,0,0,19018_0003
25.816212,-100.613535,0,0,0,
25.816212,-100.612538,0,0,0,
25.816212,-100.611541,0,0,0,19018_0003
25.816212,-100.610544,0,0,0,19018_0003
25.816212,-100.609547,0,0,0,19018_0003
25.816212,-100.60855,0,0,0,19018_0003
25.816212,-100.607553,0,0,0,19018_0003
25.816212,-100.606556,0,0,0,
25.816212,-100.605559,0,0,0,
25.816212,-100.604562,0,0,0,
25.816212,-100.603565,0,0,0,
25.816212,-100.375268,0,0,0,
25.816212,-100.374271,0,0,0,
25.816212,-100.373274,0,0,0,
25.816212,-100.372277,0,0,0,
25.816212,-100.371281,0,0,0,
25.816212,-100.370284,0,0,0,
25.816212,-100.369287,0,0,0,
25.816212,-100.36829,0,0,0,
25.816212,-100.367293,0,0,0,
25.816212,-100.366296,0,0,0,
25.816212,-100.365299,0,0,0,
25.816212,-100.364302,0,0,0,
25.816212,-100.363305,0,0,0,
25.816212,-100.362308,0,0,0,
25.816212,-100.361311,0,0,0,
25.816212,-100.297508,0,0,0,
25.816212,-100.296511,0,0,0,
25.816212,-100.295514,0,0,0,
25.816212,-100.294517,0,0,0,19021_0006
25.816212,-100.29352,0,0,0,19021_0006
25.816212,-100.292523,0,0,0,19021_0006
25.816212,-100.291526,0,0,0,19021_0006
25.816212,-100.290529,0,0,0,19021_0006
25.816212,-100.289532,0,0,0,19021_0006
25.816212,-100.288535,0,0,0,19021_0006
25.816212,-100.287538,0,0,0,19021_0006
25.816212,-100.286541,0,0,0,19021_0006
25.816212,-100.285545,0,0,0,19021_0006
25.816212,-100.284548,0,0,0,19021_0006
25.816212,-100.283551,0,0,0,19021_0006
25.816212,-100.282554,0,0,0,19021_0006
25.816212,-100.281557,0,0,0,19021_0006
25.816212,-100.28056,0,0,0,19021_0006
25.816212,-100.279563,0,0,0,19021_0006
25.816212,-100.278566,0,0,0,19021_0006
25.816212,-100.277569,0,0,0,19021_0006
25.816212,-100.276572,0,0,0,
25.816212,-100.275575,0,0,0,
25.816212,-100.274578,0,0,0,
25.816212,-100.258627,1,1,0,
25.816212,-100.25763,1,1,0,
25.816212,-100.256634,1,1,0,
25.816212,-100.255637,1,1,0,
25.816212,-100.25464,1,1,0,
25.816212,-100.253643,1,1,0,
25.816212,-100.248658,1,1,0,
25.816212,-100.247661,1,1,0,
25.816212,-100.246664,1,1,0,
25.816212,-100.245667,1,1,0,
25.816212,-100.24467,1,1,0,
25.817116,-100.62151,0,0,0,
25.817116,-100.620513,0,0,0,
25.817116,-100.619516,0,0,0,
25.817116,-100.618519,0,0,0,19018_0003
25.817116,-100.617522,0,0,0,19018_0003
25.817116,-100.616525,0,0,0,19018_0003
25.817116,-100.615529,0,0,0,19018_0003
25.817116,-100.614532,0,0,0,19018_0003
25.817116,-100.613535,0,0,0,
25.817116,-100.612538,0,0,0,19018_0003
25.817116,-100.611541,0,0,0,19018_0003
25.817116,-100.610544,0,0,0,19018_0003
25.817116,-100.609547,0,0,0,19018_0003
25.817116,-100.60855,0,0,0,19018_0003
25.817116,-100.607553,0,0,0,19018_0003
25.817116,-100.606556,0,0,0,19018_0003
25.817116,-100.605559,0,0,0,
25.817116,-100.604562,0,0,0,
25.817116,-100.603565,0,0,0,
25.817116,-100.369287,0,0,0,
25.817116,-100.36829,0,0,0,
25.817116,-100.367293,0,0,0,
25.817116,-100.366296,0,0,0,
25.817116,-100.365299,0,0,0,
25.817116,-100.364302,0,0,0,
25.817116,-100.363305,0,0,0,
25.817116,-100.362308,0,0,0,
25.817116,-100.361311,0,0,0,
25.817116,-100.297508,0,0,0,
25.817116,-100.296511,0,0,0,
25.817116,-100.295514,0,0,0,
25.817116,-100.294517,0,0,0,19021_0006
25.817116,-100.29352,0,0,0,19021_0006
25.817116,-100.292523,0,0,0,19021_0006
25.817116,-100.291526,0,0,0,19021_0006
25.817116,-100.290529,0,0,0,19021_0006
25.817116,-100.289532,0,0,0,19021_0006
25.817116,-100.288535,0,0,0,19021_0006
25.817116,-100.287538,0,0,0,19021_0006
25.817116,-100.286541,0,0,0,19021_0006
25.817116,-100.285545,0,0,0,19021_0006
25.817116,-100.284548,0,0,0,19021_0006
25.817116,-100.283551,0,0,0,19021_0006
25.817116,-100.282554,0,0,0,19021_0006
25.817116,-100.281557,0,0,0,19021_0006
25.817116,-100.28056,0,0,0,19021_0006
25.817116,-100.279563,0,0,0,19021_0006
25.817116,-100.278566,0,0,0,19021_0006
25.817116,-100.277569,0,0,0,19021_0006
25.817116,-100.276572,0,0,0,
25.817116,-100.275575,0,0,0,
25.817116,-100.274578,0,0,0,
25.817116,-100.258627,1,1,0,
25.817116,-100.25763,1,1,0,
25.817116,-100.256634,1,1,0,
25.817116,-100.255637,1,1,0,
25.817116,-100.25464,1,1,0,
25.817116,-100.247661,1,1,0,
25.817116,-100.246664,1,1,0,
25.817116,-100.245667,1,1,0,
25.817116,-100.233704,1,1,0,
25.817116,-100.232707,1,1,0,
25.817116,-100.23171,1,1,0,
25.817116,-100.099119,1,1,0,
25.817116,-100.098122,1,1,0,
25.817116,-100.097125,1,1,0,
25.818021,-100.630482,1,1,0,
25.818021,-100.629486,1,1,0,
25.818021,-100.628489,1,1,0,
25.818021,-100.620513,0,0,0,
25.818021,-100.619516,0,0,0,
25.818021,-100.618519,0,0,0,
25.818021,-100.617522,0,0,0,19018_0003
25.818021,-100.616525,0,0,0,19018_0003
25.818021,-100.615529,0,0,0,19018_0003
25.818021,-100.614532,0,0,0,19018_0003
25.818021,-100.613535,0,0,0,19018_0003
25.818021,-100.612538,0,0,0,19018_0003
25.818021,-100.611541,0,0,0,19018_0003
25.818021,-100.610544,0,0,0,19018_0003
25.818021,-100.609547,0,0,0,19018_0003
25.818021,-100.60855,0,0,0,19018_0003
25.818021,-100.607553,0,0,0,19018_0003
25.818021,-100.606556,0,0,0,19018_0003
25.818021,-100.605559,0,0,0,
25.818021,-100.604562,0,0,0,
25.818021,-100.603565,0,0,0,
25.818021,-100.589608,1,1,0,
25.818021,-100.588611,1,1,0,
25.818021,-100.587614,1,1,0,
25.818021,-100.297508,0,0,0,
25.818021,-100.296511,0,0,0,
25.818021,-100.295514,0,0,0,
25.818021,-100.294517,0,0,0,19021_0006
25.818021,-100.29352,0,0,0,19021_0006
25.818021,-100.292523,0,0,0,19021_0006
25.818021,-100.291526,0,0,0,19021_0006
25.818021,-100.290529,0,0,0,19021_0006
25.818021,-100.289532,0,0,0,19021_0006
25.818021,-100.288535,0,0,0,19021_0006
25.818021,-100.287538,0,0,0,19021_0006
25.818021,-100.286541,0,0,0,19021_0006
25.818021,-100.285545,0,0,0,19021_0006
25.818021,-100.284548,0,0,0,19021_0006
25.818021,-100.283551,0,0,0,19021_0006
25.818021,-100.282554,0,0,0,19021_0006
25.818021,-100.281557,0,0,0,19021_0006
25.818021,-100.28056,0,0,0,19021_0006
25.818021,-100.279563,0,0,0,19021_0006
25.818021,-100.278566,0,0,0,19021_0006
25.818021,-100.277569,0,0,0,19021_0006
25.818021,-100.276572,0,0,0,
25.818021,-100.275575,0,0,0,
25.818021,-100.274578,0,0,0,
25.818021,-100.256634,1,1,0,
25.818021,-100.255637,1,1,0,
25.818021,-100.234701,1,1,0,
25.818021,-100.233704,1,1,0,
25.818021,-100.232707,1,1,0,
25.818021,-100.23171,1,1,0,
25.818021,-100.230713,1,1,0,
25.818021,-100.120054,1,1,0,
25.818021,-100.119057,1,1,0,
25.818021,-100.11806,1,1,0,
25.818021,-100.100115,1,1,0,
25.818021,-100.099119,1,1,0,
25.818021,-100.098122,1,1,0,
25.818021,-100.097125,1,1,0,
25.818021,-100.096128,1,1,0,
25.818925,-100.631479,1,1,0,
25.818925,-100.630482,1,1,0,
25.818925,-100.629486,1,1,0,
25.818925,-100.628489,1,1,0,
25.818925,-100.627492,1,1,0,
25.818925,-100.620513,0,0,0,
25.818925,-100.619516,1,1,0,
25.818925,-100.618519,1,1,0,
25.818925,-100.617522,1,1,0,
25.818925,-100.616525,1,1,0,
25.818925,-100.615529,0,0,0,
25.818925,-100.614532,0,0,0,
25.818925,-100.613535,0,0,0,
25.818925,-100.612538,0,0,0,19018_0003
25.818925,-100.611541,0,0,0,19018_0003
25.818925,-100.610544,0,0,0,19018_0003
25.818925,-100.609547,0,0,0,19018_0003
25.818925,-100.60855,0,0,0,19018_0003
25.818925,-100.607553,0,0,0,19018_0003
25.818925,-100.606556,0,0,0,19018_0003
25.818925,-100.605559,0,0,0,
25.818925,-100.604562,0,0,0,
25.818925,-100.603565,0,0,0,
25.818925,-100.597584,0,0,0,
25.818925,-100.596587,0,0,0,
25.818925,-100.59559,0,0,0,
25.818925,-100.590605,1,1,0,
25.818925,-100.589608,1,1,0,
25.818925,-100.588611,1,1,0,
25.818925,-100.587614,1,1,0,
25.818925,-100.586618,1,1,0,
25.818925,-100.540759,1,1,0,
25.818925,-100.539762,1,1,0,
25.818925,-100.538765,1,1,0,
25.818925,-100.537768,1,1,0,
25.818925,-100.374271,0,0,0,
25.818925,-100.373274,0,0,0,
25.818925,-100.372277,0,0,0,
25.818925,-100.297508,0,0,0,
25.818925,-100.296511,0,0,0,
25.818925,-100.295514,0,0,0,
25.818925,-100.294517,0,0,0,19021_0006
25.818925,-100.29352,0,0,0,19021_0006
25.818925,-100.292523,0,0,0,19021_0006
25.818925,-100.291526,0,0,0,19021_0006
25.818925,-100.290529,0,0,0,19021_0006
25.818925,-100.289532,0,0,0,19021_0006
25.818925,-100.288535,0,0,0,19021_0006
25.818925,-100.287538,0,0,0,19021_0006
25.818925,-100.286541,0,0,0,19021_0006
25.818925,-100.285545,0,0,0,19021_0006
25.818925,-100.284548,0,0,0,19021_0006
25.818925,-100.283551,0,0,0,19021_0006
25.818925,-100.282554,0,0,0,19021_0006
25.818925,-100.281557,0,0,0,19021_0006
25.818925,-100.28056,0,0,0,19021_0006
25.818925,-100.279563,0,0,0,19021_0006
25.818925,-100.278566,0,0,0,19021_0006
25.818925,-100.277569,0,0,0,
25.818925,-100.276572,0,0,0,
25.818925,-100.275575,0,0,0,
25.818925,-100.234701,1,1,0,
25.818925,-100.233704,1,1,0,
25.818925,-100.232707,1,1,0,
25.818925,-100.23171,1,1,0,
25.818925,-100.230713,1,1,0,
25.818925,-100.229716,1,1,0,
25.818925,-100.121051,1,1,0,
25.818925,-100.120054,1,1,0,
25.818925,-100.119057,1,1,0,
25.818925,-100.11806,1,1,0,
25.818925,-100.117063,1,1,0,
25.818925,-100.100115,1,1,0,
25.818925,-100.099119,1,1,0,
25.818925,-100.098122,1,1,0,
25.818925,-100.097125,1,1,0,
25.818925,-100.096128,1,1,0,
25.819829,-100.632476,1,1,0,
25.819829,-100.631479,1,1,0,
25.819829,-100.630482,1,1,0,
25.819829,-100.629486,1,1,0,
25.819829,-100.628489,1,1,0,
25.819829,-100.627492,1,1,0,
25.819829,-100.620513,1,1,0,
25.819829,-100.619516,1,1,0,
25.819829,-100.618519,1,1,0,
25.819829,-100.617522,1,1,0,
25.819829,-100.616525,1,1,0,
25.819829,-100.615529,1,1,0,
25.819829,-100.614532,0,0,0,
25.819829,-100.613535,0,0,0,
25.819829,-100.612538,0,0,0,
25.819829,-100.611541,0,0,0,
25.819829,-100.610544,0,0,0,19018_0003
25.819829,-100.609547,0,0,0,19018_0003
25.819829,-100.60855,0,0,0,19018_0003
25.819829,-100.607553,0,0,0,19018_0003
25.819829,-100.606556,0,0,0,19018_0003
25.819829,-100.605559,0,0,0,
25.819829,-100.604562,0,0,0,
25.819829,-100.603565,0,0,0,
25.819829,-100.598581,0,0,0,
25.819829,-100.597584,0,0,0,
25.819829,-100.596587,0,0,0,
25.819829,-100.59559,0,0,0,
25.819829,-100.594593,0,0,0,
25.819829,-100.593596,0,0,0,
25.819829,-100.592599,0,0,0,
25.819829,-100.591602,0,0,0,
25.819829,-100.590605,1,1,0,
25.819829,-100.589608,1,1,0,
25.819829,-100.588611,1,1,0,
25.819829,-100.587614,1,1,0,
25.819829,-100.586618,1,1,0,
25.819829,-100.585621,1,1,0,
25.819829,-100.541756,1,1,0,
25.819829,-100.540759,1,1,0,
25.819829,-100.539762,1,1,0,
25.819829,-100.538765,1,1,0,
25.819829,-100.537768,1,1,0,
25.819829,-100.375268,0,0,0,
25.819829,-100.374271,0,0,0,
25.819829,-100.373274,0,0,0,
25.819829,-100.372277,0,0,0,
25.819829,-100.371281,0,0,0,
25.819829,-100.370284,0,0,0,
25.819829,-100.369287,0,0,0,
25.819829,-100.36829,0,0,0,
25.819829,-100.367293,0,0,0,
25.819829,-100.366296,0,0,0,
25.819829,-100.297508,0,0,0,
25.819829,-100.296511,0,0,0,
25.819829,-100.295514,0,0,0,
25.819829,-100.294517,0,0,0,
25.819829,-100.29352,0,0,0,19021_0006
25.819829,-100.292523,0,0,0,19021_0006
25.819829,-100.291526,0,0,0,19021_0006
25.819829,-100.290529,0,0,0,19021_0006
25.819829,-100.289532,0,0,0,19021_0006
25.819829,-100.288535,0,0,0,19021_0006
25.819829,-100.287538,0,0,0,19021_0006
25.819829,-100.286541,0,0,0,19021_0006
25.819829,-100.285545,0,0,0,19021_0006
25.819829,-100.284548,0,0,0,19021_0006
25.819829,-100.283551,0,0,0,19021_0006
25.819829,-100.282554,0,0,0,19021_0006
25.819829,-100.281557,0,0,0,19021_0006
25.819829,-100.28056,0,0,0,19021_0006
25.819829,-100.279563,0,0,0,19021_0006
25.819829,-100.278566,0,0,0,19021_0006
25.819829,-100.277569,0,0,0,
25.819829,-100.276572,0,0,0,
25.819829,-100.275575,0,0,0,
25.819829,-100.260621,1,1,0,
25.819829,-100.259624,1,1,0,
25.819829,-100.258627,1,1,0,
25.819829,-100.234701,1,1,0,
25.819829,-100.233704,1,1,0,
25.819829,-100.232707,1,1,0,
25.819829,-100.23171,1,1,0,
25.819829,-100.230713,1,1,0,
25.819829,-100.229716,1,1,0,
25.819829,-100.121051,1,1,0,
25.819829,-100.120054,1,1,0,
25.819829,-100.119057,1,1,0,
25.819829,-100.11806,1,1,0,
25.819829,-100.117063,1,1,0,
25.819829,-100.100115,1,1,0,
25.819829,-100.099119,1,1,0,
25.819829,-100.098122,1,1,0,
25.819829,-100.097125,1,1,0,
25.819829,-100.096128,1,1,0,
25.820734,-100.632476,1,1,0,
25.820734,-100.631479,1,1,0,
25.820734,-100.630482,1,1,0,
25.820734,-100.629486,1,1,0,
25.820734,-100.628489,1,1,0,
25.820734,-100.627492,1,1,0,
25.820734,-100.620513,1,1,0,
25.820734,-100.619516,1,1,0,
25.820734,-100.618519,1,1,0,
25.820734,-100.617522,1,1,0,
25.820734,-100.616525,1,1,0,
25.820734,-100.615529,1,1,0,
25.820734,-100.614532,0,0,0,
25.820734,-100.613535,0,0,0,
25.820734,-100.612538,0,0,0,
25.820734,-100.611541,0,0,0,19018_0003
25.820734,-100.610544,0,0,0,19018_0003
25.820734,-100.609547,0,0,0,19018_0003
25.820734,-100.60855,0,0,0,19018_0003
25.820734,-100.607553,0,0,0,19018_0003
25.820734,-100.606556,0,0,0,19018_0003
25.820734,-100.605559,0,0,0,
25.820734,-100.604562,0,0,0,
25.820734,-100.603565,0,0,0,
25.820734,-100.598581,0,0,0,
25.820734,-100.597584,0,0,0,
25.820734,-100.596587,0,0,0,
25.820734,-100.59559,0,0,0,
25.820734,-100.594593,0,0,0,
25.820734,-100.593596,0,0,0,
25.820734,-100.592599,0,0,0,
25.820734,-100.591602,0,0,0,
25.820734,-100.590605,1,1,0,
25.820734,-100.589608,1,1,0,
25.820734,-100.588611,1,1,0,
25.820734,-100.587614,1,1,0,
25.820734,-100.586618,1,1,0,
25.820734,-100.585621,1,1,0,
25.820734,-100.54375,1,1,0,
25.820734,-100.542753,1,1,0,
25.820734,-100.541756,2,2,0,
25.820734,-100.540759,1,1,0,
25.820734,-100.539762,1,1,0,
25.820734,-100.538765,1,1,0,
25.820734,-100.537768,1,1,0,
25.820734,-100.536771,1,1,0,
25.820734,-100.375268,0,0,0,
25.820734,-100.374271,0,0,0,
25.820734,-100.373274,0,0,0,
25.820734,-100.372277,0,0,0,
25.820734,-100.371281,0,0,0,
25.820734,-100.370284,0,0,0,
25.820734,-100.369287,0,0,0,
25.820734,-100.36829,0,0,0,
25.820734,-100.367293,0,0,0,
25.820734,-100.366296,0,0,0,
25.820734,-100.365299,0,0,0,
25.820734,-100.364302,0,0,0,
25.820734,-100.363305,0,0,0,
25.820734,-100.362308,0,0,0,
25.820734,-100.297508,0,0,0,
25.820734,-100.296511,0,0,0,
25.820734,-100.295514,0,0,0,
25.820734,-100.294517,0,0,0,
25.820734,-100.29352,0,0,0,19021_0006
25.820734,-100.292523,0,0,0,19021_0006
25.820734,-100.291526,0,0,0,19021_0006
25.820734,-100.290529,0,0,0,19021_0006
25.820734,-100.289532,0,0,0,19021_0006
25.820734,-100.288535,0,0,0,19021_0006
25.820734,-100.287538,0,0,0,19021_0006
25.820734,-100.286541,0,0,0,19021_0006
25.820734,-100.285545,0,0,0,19021_0006
25.820734,-100.284548,0,0,0,19021_0006
25.820734,-100.283551,0,0,0,19021_0006
25.820734,-100.282554,0,0,0,19021_0006
25.820734,-100.281557,0,0,0,19021_0006
25.820734,-100.28056,0,0,0,19021_0006
25.820734,-100.279563,0,0,0,19021_0006
25.820734,-100.278566,0,0,0,19021_0006
25.820734,-100.277569,0,0,0,
25.820734,-100.276572,0,0,0,
25.820734,-100.275575,0,0,0,
25.820734,-100.261618,1,1,0,
25.820734,-100.260621,1,1,0,
25.820734,-100.259624,1,1,0,
25.820734,-100.258627,1,1,0,
25.820734,-100.25763,1,1,0,
25.820734,-100.234701,1,1,0,
25.820734,-100.233704,1,1,0,
25.820734,-100.232707,1,1,0,
25.820734,-100.23171,1,1,0,
25.820734,-100.230713,1,1,0,
25.820734,-100.121051,1,1,0,
25.820734,-100.120054,1,1,0,
25.820734,-100.119057,1,1,0,
25.820734,-100.11806,1,1,0,
25.820734,-100.117063,1,1,0,
25.820734,-100.116066,1,1,0,
25.820734,-100.100115,1,1,0,
25.820734,-100.099119,1,1,0,
25.820734,-100.098122,1,1,0,
25.820734,-100.097125,1,1,0,
25.820734,-100.096128,1,1,0,
25.821638,-100.631479,1,1,0,
25.821638,-100.630482,1,1,0,
25.821638,-100.629486,1,1,0,
25.821638,-100.628489,1,1,0,
25.821638,-100.627492,1,1,0,
25.821638,-100.620513,1,1,0,
25.821638,-100.619516,1,1,0,
25.821638,-100.618519,1,1,0,
25.821638,-100.617522,1,1,0,
25.821638,-100.616525,1,1,0,
25.821638,-100.615529,1,1,0,
25.821638,-100.614532,0,0,0,
25.821638,-100.613535,0,0,0,
25.821638,-100.612538,0,0,0,
25.821638,-100.611541,0,0,0,19018_0003
25.821638,-100.610544,0,0,0,19018_0003
25.821638,-100.609547,0,0,0,19018_0003
25.821638,-100.60855,0,0,0,19018_0003
25.821638,-100.607553,0,0,0,19018_0003
25.821638,-100.606556,0,0,0,19018_0003
25.821638,-100.605559,0,0,0,19018_0003
25.821638,-100.604562,0,0,0,
25.821638,-100.603565,0,0,0,
25.821638,-100.602568,0,0,0,
25.821638,-100.599578,0,0,0,
25.821638,-100.598581,0,0,0,
25.821638,-100.597584,0,0,0,
25.821638,-100.596587,0,0,0,19018_0076
25.821638,-100.59559,0,0,0,19018_0076
25.821638,-100.594593,0,0,0,
25.821638,-100.593596,0,0,0,
25.821638,-100.592599,0,0,0,
25.821638,-100.591602,0,0,0,
25.821638,-100.590605,1,1,0,
25.821638,-100.589608,1,1,0,
25.821638,-100.588611,1,1,0,
25.821638,-100.587614,1,1,0,
25.821638,-100.586618,1,1,0,
25.821638,-100.585621,0,0,0,
25.821638,-100.584624,0,0,0,
25.821638,-100.544746,1,1,0,
25.821638,-100.54375,1,1,0,
25.821638,-100.542753,1,1,0,
25.821638,-100.541756,2,2,0,
25.821638,-100.540759,2,2,0,
25.821638,-100.539762,1,1,0,
25.821638,-100.538765,1,1,0,
25.821638,-100.537768,1,1,0,
25.821638,-100.536771,1,1,0,
25.821638,-100.375268,0,0,0,
25.821638,-100.374271,0,0,0,
25.821638,-100.373274,0,0,0,
25.821638,-100.372277,0,0,0,19021_0247
25.821638,-100.371281,0,0,0,
25.821638,-100.370284,0,0,0,
25.821638,-100.369287,0,0,0,
25.821638,-100.36829,0,0,0,
25.821638,-100.367293,0,0,0,
25.821638,-100.366296,0,0,0,
25.821638,-100.365299,0,0,0,
25.821638,-100.364302,0,0,0,
25.821638,-100.363305,0,0,0,
25.821638,-100.362308,0,0,0,
25.821638,-100.361311,0,0,0,
25.821638,-100.297508,0,0,0,
25.821638,-100.296511,0,0,0,
25.821638,-100.295514,0,0,0,
25.821638,-100.294517,0,0,0,
25.821638,-100.29352,0,0,0,19021_0006
25.821638,-100.292523,0,0,0,19021_0006
25.821638,-100.291526,0,0,0,19021_0006
25.821638,-100.290529,0,0,0,19021_0006
25.821638,-100.289532,0,0,0,19021_0006
25.821638,-100.288535,0,0,0,19021_0006
25.821638,-100.287538,0,0,0,19021_0006
25.821638,-100.286541,0,0,0,19021_0006
25.821638,-100.285545,0,0,0,19021_0006
25.821638,-100.284548,0,0,0,19021_0006
25.821638,-100.283551,0,0,0,19021_0006
25.821638,-100.282554,0,0,0,19021_0006
25.821638,-100.281557,0,0,0,19021_0006
25.821638,-100.28056,0,0,0,19021_0006
25.821638,-100.279563,0,0,0,19021_0006
25.821638,-100.278566,0,0,0,19021_0006
25.821638,-100.277569,0,0,0,
25.821638,-100.276572,0,0,0,
25.821638,-100.275575,0,0,0,
25.821638,-100.261618,1,1,0,
25.821638,-100.260621,1,1,0,
25.821638,-100.259624,1,1,0,
25.821638,-100.258627,1,1,0,
25.821638,-100.25763,1,1,0,
25.821638,-100.256634,1,1,0,
25.821638,-100.233704,1,1,0,
25.821638,-100.232707,1,1,0,
25.821638,-100.23171,1,1,0,
25.821638,-100.121051,1,1,0,
25.821638,-100.120054,1,1,0,
25.821638,-100.119057,1,1,0,
25.821638,-100.11806,1,1,0,
25.821638,-100.117063,1,1,0,
25.821638,-100.099119,2,2,0,
25.821638,-100.098122,2,2,0,
25.821638,-100.097125,2,2,0,
25.821638,-100.096128,1,1,0,
25.821638,-100.095131,1,1,0,
25.822542,-100.631479,1,1,0,
25.822542,-100.630482,1,1,0,
25.822542,-100.629486,1,1,0,
25.822542,-100.628489,1,1,0,
25.822542,-100.619516,1,1,0,
25.822542,-100.618519,1,1,0,
25.822542,-100.617522,1,1,0,
25.822542,-100.616525,1,1,0,
25.822542,-100.615529,0,0,0,
25.822542,-100.614532,0,0,0,
25.822542,-100.613535,0,0,0,
25.822542,-100.612538,0,0,0,
25.822542,-100.611541,0,0,0,19018_0003
25.822542,-100.610544,0,0,0,19018_0003
25.822542,-100.609547,0,0,0,19018_0003
25.822542,-100.60855,0,0,0,19018_0003
25.822542,-100.607553,0,0,0,19018_0003
25.822542,-100.606556,0,0,0,19018_0003
25.822542,-100.605559,0,0,0,19018_0003
25.822542,-100.604562,0,0,0,
25.822542,-100.603565,0,0,0,
25.822542,-100.602568,0,0,0,
25.822542,-100.599578,0,0,0,
25.822542,-100.598581,0,0,0,
25.822542,-100.597584,0,0,0,
25.822542,-100.596587,0,0,0,19018_0076
25.822542,-100.59559,0,0,0,19018_0076
25.822542,-100.594593,0,0,0,19018_0076
25.822542,-100.593596,0,0,0,19018_0076
25.822542,-100.592599,0,0,0,19018_0076
25.822542,-100.591602,0,0,0,19018_0076
25.822542,-100.590605,1,1,0,19018_0076
25.822542,-100.589608,2,2,0,19018_0076
25.822542,-100.588611,2,2,0,19018_0076
25.822542,-100.587614,2,2,0,
25.822542,-100.586618,0,0,0,
25.822542,-100.585621,0,0,0,
25.822542,-100.584624,0,0,0,
25.822542,-100.545743,1,1,0,
25.822542,-100.544746,1,1,0,
25.822542,-100.54375,1,1,0,
25.822542,-100.542753,1,1,0,
25.822542,-100.541756,2,2,0,
25.822542,-100.540759,2,2,0,
25.822542,-100.539762,1,1,0,
25.822542,-100.538765,1,1,0,
25.822542,-100.537768,1,1,0,
25.822542,-100.375268,0,0,0,
25.822542,-100.374271,0,0,0,
25.822542,-100.373274,0,0,0,
25.822542,-100.372277,0,0,0,19021_0247
25.822542,-100.371281,0,0,0,19021_0247
25.822542,-100.370284,0,0,0,19021_0247
25.822542,-100.369287,0,0,0,19021_0247
25.822542,-100.36829,0,0,0,19021_0281
25.822542,-100.367293,0,0,0,19021_0281
25.822542,-100.366296,0,0,0,19021_0281
25.822542,-100.365299,0,0,0,
25.822542,-100.364302,0,0,0,
25.822542,-100.363305,0,0,0,
25.822542,-100.362308,0,0,0,
25.822542,-100.361311,0,0,0,
25.822542,-100.296511,0,0,0,
25.822542,-100.295514,0,0,0,
25.822542,-100.294517,0,0,0,
25.822542,-100.29352,0,0,0,19021_0006
25.822542,-100.292523,0,0,0,19021_0006
25.822542,-100.291526,0,0,0,19021_0006
25.822542,-100.290529,0,0,0,19021_0006
25.822542,-100.289532,0,0,0,19021_0006
25.822542,-100.288535,0,0,0,19021_0006
25.822542,-100.287538,0,0,0,19021_0006
25.822542,-100.286541,0,0,0,19021_0006
25.822542,-100.285545,0,0,0,19021_0006
25.822542,-100.284548,0,0,0,19021_0006
25.822542,-100.283551,0,0,0,19021_0006
25.822542,-100.282554,0,0,0,19021_0006
25.822542,-100.281557,0,0,0,19021_0006
25.822542,-100.28056,0,0,0,19021_0006
25.822542,-100.279563,0,0,0,19021_0006
25.822542,-100.278566,0,0,0,19021_0006
25.822542,-100.277569,0,0,0,
25.822542,-100.276572,0,0,0,
25.822542,-100.275575,0,0,0,
25.822542,-100.261618,1,1,0,
25.822542,-100.260621,1,1,0,
25.822542,-100.259624,1,1,0,
25.822542,-100.258627,1,1,0,
25.822542,-100.25763,1,1,0,
25.822542,-100.256634,1,1,0,
25.822542,-100.120054,1,1,0,
25.822542,-100.119057,1,1,0,
25.822542,-100.11806,1,1,0,
25.822542,-100.117063,1,1,0,
25.822542,-100.099119,1,1,0,
25.822542,-100.098122,1,1,0,
25.822542,-100.097125,1,1,0,
25.822542,-100.096128,1,1,0,
25.822542,-100.095131,1,1,0,
25.823447,-100.620513,0,0,0,
25.823447,-100.619516,0,0,0,
25.823447,-100.618519,1,1,0,
25.823447,-100.617522,1,1,0,
25.823447,-100.616525,0,0,0,
25.823447,-100.615529,0,0,0,
25.823447,-100.614532,0,0,0,19018_0003
25.823447,-100.613535,0,0,0,19018_0003
25.823447,-100.612538,0,0,0,19018_0003
25.823447,-100.611541,0,0,0,19018_0003
25.823447,-100.610544,0,0,0,19018_0003
25.823447,-100.609547,0,0,0,19018_0003
25.823447,-100.60855,0,0,0,19018_0003
25.823447,-100.607553,0,0,0,19018_0003
25.823447,-100.606556,0,0,0,19018_0003
25.823447,-100.605559,0,0,0,19018_0003
25.823447,-100.604562,0,0,0,
25.823447,-100.603565,0,0,0,
25.823447,-100.602568,0,0,0,
25.823447,-100.599578,0,0,0,
25.823447,-100.598581,0,0,0,
25.823447,-100.597584,0,0,0,
25.823447,-100.596587,0,0,0,19018_0076
25.823447,-100.59559,0,0,0,19018_0076
25.823447,-100.594593,0,0,0,19018_0076
25.823447,-100.593596,0,0,0,19018_0076
25.823447,-100.592599,0,0,0,19018_0076
25.823447,-100.591602,1,1,0,19018_0076
25.823447,-100.590605,1,1,0,19018_0076
25.823447,-100.589608,1,1,0,19018_0076
25.823447,-100.588611,1,1,0,19018_0076
25.823447,-100.587614,1,1,0,19018_0076
25.823447,-100.586618,1,1,0,
25.823447,-100.585621,0,0,0,
25.823447,-100.584624,0,0,0,
25.823447,-100.545743,1,1,0,
25.823447,-100.544746,1,1,0,
25.823447,-100.54375,1,1,0,
25.823447,-100.542753,1,1,0,
25.823447,-100.541756,1,1,0,
25.823447,-100.540759,1,1,0,
25.823447,-100.539762,1,1,0,
25.823447,-100.538765,1,1,0,
25.823447,-100.376265,0,0,0,
25.823447,-100.375268,0,0,0,
25.823447,-100.374271,0,0,0,
25.823447,-100.373274,0,0,0,19021_0247
25.823447,-100.372277,0,0,0,19021_0247
25.823447,-100.371281,0,0,0,19021_0247
25.823447,-100.370284,0,0,0,19021_0247
25.823447,-100.369287,0,0,0,19021_0247
25.823447,-100.36829,0,0,0,19021_0281
25.823447,-100.367293,0,0,0,19021_0281
25.823447,-100.366296,0,0,0,19021_0281
25.823447,-100.365299,0,0,0,19021_0281
25.823447,-100.364302,0,0,0,19021_0281
25.823447,-100.363305,0,0,0,
25.823447,-100.362308,0,0,0,
25.823447,-100.361311,0,0,0,
25.823447,-100.296511,0,0,0,
25.823447,-100.295514,0,0,0,
25.823447,-100.294517,0,0,0,
25.823447,-100.29352,0,0,0,19021_0006
25.823447,-100.292523,0,0,0,19021_0006
25.823447,-100.291526,0,0,0,19021_0006
25.823447,-100.290529,0,0,0,19021_0006
25.823447,-100.289532,0,0,0,19021_0006
25.823447,-100.288535,0,0,0,19021_0006
25.823447,-100.287538,0,0,0,19021_0006
25.823447,-100.286541,0,0,0,19021_0006
25.823447,-100.285545,0,0,0,19021_0006
25.823447,-100.284548,0,0,0,19021_0006
25.823447,-100.283551,0,0,0,19021_0006
25.823447,-100.282554,0,0,0,19021_0006
25.823447,-100.281557,0,0,0,19021_0006
25.823447,-100.28056,0,0,0,19021_0006
25.823447,-100.279563,0,0,0,19021_0006
25.823447,-100.278566,0,0,0,19021_0006
25.823447,-100.277569,0,0,0,
25.823447,-100.276572,0,0,0,
25.823447,-100.275575,0,0,0,
25.823447,-100.261618,1,1,0,
25.823447,-100.260621,1,1,0,
25.823447,-100.259624,1,1,0,
25.823447,-100.258627,1,1,0,
25.823447,-100.25763,1,1,0,
25.823447,-100.217753,1,1,0,
25.823447,-100.216756,1,1,0,
25.823447,-100.099119,1,1,0,
25.823447,-100.098122,1,1,0,
25.823447,-100.097125,1,1,0,
25.823447,-100.096128,1,1,0,
25.823447,-100.095131,1,1,0,
25.823447,-100.094134,1,1,0,
25.824351,-100.620513,0,0,0,
25.824351,-100.619516,0,0,0,
25.824351,-100.618519,0,0,0,
25.824351,-100.617522,0,0,0,19018_0003
25.824351,-100.616525,0,0,0,19018_0003
25.824351,-100.615529,0,0,0,19018_0003
25.824351,-100.614532,0,0,0,19018_0003
25.824351,-100.613535,0,0,0,19018_0003
25.824351,-100.612538,0,0,0,19018_0003
25.824351,-100.611541,0,0,0,19018_0003
25.824351,-100.610544,0,0,0,19018_0003
25.824351,-100.609547,0,0,0,19018_0003
25.824351,-100.60855,0,0,0,19018_0003
25.824351,-100.607553,0,0,0,19018_0003
25.824351,-100.606556,0,0,0,19018_0003
25.824351,-100.605559,0,0,0,19018_0003
25.824351,-100.604562,0,0,0,
25.824351,-100.603565,0,0,0,
25.824351,-100.602568,0,0,0,
25.824351,-100.600575,0,0,0,
25.824351,-100.599578,0,0,0,
25.824351,-100.598581,0,0,0,
25.824351,-100.597584,0,0,0,19018_0076
25.824351,-100.596587,0,0,0,19018_0076
25.824351,-100.59559,0,0,0,19018_0076
25.824351,-100.594593,0,0,0,19018_0076
25.824351,-100.593596,0,0,0,19018_0076
25.824351,-100.592599,0,0,0,19018_0076
25.824351,-100.591602,1,1,0,19018_0076
25.824351,-100.590605,1,1,0,19018_0076
25.824351,-100.589608,1,1,0,19018_0076
25.824351,-100.588611,1,1,0,19018_0076
25.824351,-100.587614,1,1,0,19018_0076
25.824351,-100.586618,1,1,0,
25.824351,-100.585621,0,0,0,
25.824351,-100.584624,0,0,0,
25.824351,-100.544746,1,1,0,
25.824351,-100.54375,1,1,0,
25.824351,-100.542753,1,1,0,
25.824351,-100.541756,1,1,0,
25.824351,-100.540759,1,1,0,
25.824351,-100.376265,0,0,0,
25.824351,-100.375268,0,0,0,
25.824351,-100.374271,0,0,0,
25.824351,-100.373274,0,0,0,19021_0247
25.824351,-100.372277,0,0,0,19021_0247
25.824351,-100.371281,0,0,0,19021_0247
25.824351,-100.370284,0,0,0,19021_0247
25.824351,-100.369287,0,0,0,19021_0247
25.824351,-100.36829,0,0,0,19021_0281
25.824351,-100.367293,0,0,0,19021_0281
25.824351,-100.366296,0,0,0,19021_0281
25.824351,-100.365299,0,0,0,19021_0281
25.824351,-100.364302,0,0,0,19021_0281
25.824351,-100.363305,0,0,0,
25.824351,-100.362308,0,0,0,
25.824351,-100.361311,0,0,0,
25.824351,-100.296511,0,0,0,
25.824351,-100.295514,0,0,0,
25.824351,-100.294517,0,0,0,
25.824351,-100.29352,0,0,0,19021_0006
25.824351,-100.292523,0,0,0,19021_0006
25.824351,-100.291526,0,0,0,19021_0006
25.824351,-100.290529,0,0,0,19021_0006
25.824351,-100.289532,0,0,0,19021_0006
25.824351,-100.288535,0,0,0,19021_0006
25.824351,-100.287538,0,0,0,19021_0006
25.824351,-100.286541,0,0,0,19021_0006
25.824351,-100.285545,0,0,0,19021_0006
25.824351,-100.284548,0,0,0,19021_0006
25.824351,-100.283551,0,0,0,19021_0006
25.824351,-100.282554,0,0,0,19021_0006
25.824351,-100.281557,0,0,0,19021_0006
25.824351,-100.28056,0,0,0,19021_0006
25.824351,-100.279563,0,0,0,19021_0006
25.824351,-100.278566,0,0,0,19021_0006
25.824351,-100.277569,0,0,0,
25.824351,-100.276572,0,0,0,
25.824351,-100.275575,0,0,0,
25.824351,-100.260621,1,1,0,
25.824351,-100.259624,1,1,0,
25.824351,-100.258627,1,1,0,
25.824351,-100.219747,1,1,0,
25.824351,-100.21875,1,1,0,
25.824351,-100.217753,1,1,0,
25.824351,-100.216756,1,1,0,
25.824351,-100.215759,1,1,0,
25.824351,-100.099119,1,1,0,
25.824351,-100.098122,1,1,0,
25.824351,-100.097125,1,1,0,
25.824351,-100.096128,1,1,0,
25.824351,-100.095131,1,1,0,
25.825255,-100.620513,0,0,0,
25.825255,-100.619516,0,0,0,
25.825255,-100.618519,0,0,0,
25.825255,-100.617522,0,0,0,19018_0003
25.825255,-100.616525,0,0,0,19018_0003
25.825255,-100.615529,0,0,0,19018_0003
25.825255,-100.614532,0,0,0,19018_0003
25.825255,-100.613535,0,0,0,19018_0003
25.825255,-100.612538,0,0,0,19018_0003
25.825255,-100.611541,0,0,0,19018_0003
25.825255,-100.610544,0,0,0,19018_0003
25.825255,-100.609547,0,0,0,19018_0003
25.825255,-100.60855,0,0,0,19018_0003
25.825255,-100.607553,0,0,0,19018_0003
25.825255,-100.606556,0,0,0,19018_0003
25.825255,-100.605559,0,0,0,19018_0003
25.825255,-100.604562,0,0,0,19018_0003
25.825255,-100.603565,0,0,0,
25.825255,-100.602568,0,0,0,
25.825255,-100.601571,0,0,0,
25.825255,-100.600575,0,0,0,
25.825255,-100.599578,0,0,0,
25.825255,-100.598581,0,0,0,
25.825255,-100.597584,0,0,0,
25.825255,-100.596587,0,0,0,19018_0076
25.825255,-100.59559,0,0,0,19018_0076
25.825255,-100.594593,0,0,0,19018_0076
25.825255,-100.593596,0,0,0,19018_0076
25.825255,-100.592599,0,0,0,19018_0076
25.825255,-100.591602,1,1,0,19018_0076
25.825255,-100.590605,1,1,0,19018_0076
25.825255,-100.589608,1,1,0,19018_0076
25.825255,-100.588611,1,1,0,19018_0076
25.825255,-100.587614,1,1,0,
25.825255,-100.586618,1,1,0,
25.825255,-100.585621,0,0,0,
25.825255,-100.54375,1,1,0,
25.825255,-100.542753,1,1,0,
25.825255,-100.541756,1,1,0,
25.825255,-100.376265,0,0,0,
25.825255,-100.375268,0,0,0,
25.825255,-100.374271,0,0,0,
25.825255,-100.373274,0,0,0,19021_0247
25.825255,-100.372277,0,0,0,19021_0247
25.825255,-100.371281,0,0,0,19021_0247
25.825255,-100.370284,0,0,0,19021_0247
25.825255,-100.369287,0,0,0,19021_0247
25.825255,-100.36829,0,0,0,19021_0281
25.825255,-100.367293,0,0,0,19021_0281
25.825255,-100.366296,0,0,0,19021_0281
25.825255,-100.365299,0,0,0,19021_0281
25.825255,-100.364302,0,0,0,19021_0281
25.825255,-100.363305,0,0,0,
25.825255,-100.362308,0,0,0,
25.825255,-100.361311,0,0,0,
25.825255,-100.296511,0,0,0,
25.825255,-100.295514,0,0,0,
25.825255,-100.294517,0,0,0,
25.825255,-100.29352,0,0,0,19021_0006
25.825255,-100.292523,0,0,0,19021_0006
25.825255,-100.291526,0,0,0,19021_0006
25.825255,-100.290529,0,0,0,19021_0006
25.825255,-100.289532,0,0,0,19021_0006
25.825255,-100.288535,0,0,0,19021_0006
25.825255,-100.287538,0,0,0,19021_0006
25.825255,-100.286541,0,0,0,19021_0006
25.825255,-100.285545,0,0,0,19021_0006
25.825255,-100.284548,0,0,0,19021_0006
25.825255,-100.283551,0,0,0,19021_0006
25.825255,-100.282554,0,0,0,19021_0006
25.825255,-100.281557,0,0,0,19021_0006
25.825255,-100.28056,0,0,0,19021_0006
25.825255,-100.279563,0,0,0,19021_0006
25.825255,-100.278566,0,0,0,19021_0006
25.825255,-100.277569,0,0,0,
25.825255,-100.276572,0,0,0,
25.825255,-100.275575,0,0,0,
25.825255,-100.219747,1,1,0,
25.825255,-100.21875,1,1,0,
25.825255,-100.217753,1,1,0,
25.825255,-100.216756,1,1,0,
25.825255,-100.215759,1,1,0,
25.825255,-100.214762,1,1,0,
25.825255,-100.099119,1,1,0,
25.825255,-100.098122,1,1,0,
25.825255,-100.097125,1,1,0,
25.825255,-100.096128,1,1,0,
25.825255,-100.095131,1,1,0,
25.82616,-100.620513,0,0,0,
25.82616,-100.619516,0,0,0,
25.82616,-100.618519,0,0,0,
25.82616,-100.617522,0,0,0,
25.82616,-100.616525,0,0,0,
25.82616,-100.615529,0,0,0,
25.82616,-100.614532,0,0,0,
25.82616,-100.613535,0,0,0,
25.82616,-100.612538,0,0,0,
25.82616,-100.611541,0,0,0,
25.82616,-100.610544,0,0,0,
25.82616,-100.609547,0,0,0,
25.82616,-100.60855,0,0,0,19018_0003
25.82616,-100.607553,0,0,0,19018_0003
25.82616,-100.606556,0,0,0,19018_0003
25.82616,-100.605559,0,0,0,19018_0003
25.82616,-100.604562,0,0,0,19018_0003
25.82616,-100.603565,0,0,0,
25.82616,-100.602568,0,0,0,
25.82616,-100.601571,0,0,0,
25.82616,-100.600575,0,0,0,
25.82616,-100.599578,0,0,0,
25.82616,-100.598581,0,0,0,
25.82616,-100.597584,0,0,0,
25.82616,-100.596587,0,0,0,
25.82616,-100.59559,0,0,0,
25.82616,-100.594593,0,0,0,
25.82616,-100.593596,0,0,0,
25.82616,-100.592599,0,0,0,
25.82616,-100.591602,1,1,0,
25.82616,-100.590605,1,1,0,19018_0076
25.82616,-100.589608,1,1,0,19018_0076
25.82616,-100.588611,1,1,0,19018_0076
25.82616,-100.587614,1,1,0,
25.82616,-100.586618,0,0,0,
25.82616,-100.585621,0,0,0,
25.82616,-100.376265,0,0,0,
25.82616,-100.375268,0,0,0,
25.82616,-100.374271,0,0,0,
25.82616,-100.373274,0,0,0,19021_0247
25.82616,-100.372277,0,0,0,19021_0247
25.82616,-100.371281,0,0,0,19021_0247
25.82616,-100.370284,0,0,0,19021_0247
25.82616,-100.369287,0,0,0,19021_0247
25.82616,-100.36829,0,0,0,19021_0281
25.82616,-100.367293,0,0,0,19021_0281
25.82616,-100.366296,0,0,0,19021_0281
25.82616,-100.365299,0,0,0,19021_0281
25.82616,-100.364302,0,0,0,19021_0281
25.82616,-100.363305,0,0,0,
25.82616,-100.362308,0,0,0,
25.82616,-100.361311,0,0,0,
25.82616,-100.296511,0,0,0,
25.82616,-100.295514,0,0,0,
25.82616,-100.294517,0,0,0,
25.82616,-100.29352,0,0,0,
25.82616,-100.292523,0,0,0,19021_0006
25.82616,-100.291526,0,0,0,19021_0006
25.82616,-100.290529,0,0,0,19021_0006
25.82616,-100.289532,0,0,0,19021_0006
25.82616,-100.288535,0,0,0,19021_0006
25.82616,-100.287538,0,0,0,19021_0006
25.82616,-100.286541,0,0,0,19021_0006
25.82616,-100.285545,0,0,0,19021_0006
25.82616,-100.284548,0,0,0,19021_0006
25.82616,-100.283551,0,0,0,19021_0006
25.82616,-100.282554,0,0,0,19021_0006
25.82616,-100.281557,0,0,0,19021_0006
25.82616,-100.28056,0,0,0,19021_0006
25.82616,-100.279563,0,0,0,19021_0006
25.82616,-100.278566,0,0,0,
25.82616,-100.277569,0,0,0,
25.82616,-100.276572,0,0,0,
25.82616,-100.275575,0,0,0,
25.82616,-100.219747,1,1,0,
25.82616,-100.21875,1,1,0,
25.82616,-100.217753,1,1,0,
25.82616,-100.216756,1,1,0,
25.82616,-100.215759,1,1,0,
25.82616,-100.214762,1,1,0,
25.82616,-100.097125,1,1,0,
25.827064,-100.620513,0,0,0,
25.827064,-100.619516,0,0,0,
25.827064,-100.618519,0,0,0,
25.827064,-100.617522,0,0,0,
25.827064,-100.616525,0,0,0,
25.827064,-100.615529,0,0,0,
25.827064,-100.614532,0,0,0,
25.827064,-100.613535,0,0,0,
25.827064,-100.612538,0,0,0,
25.827064,-100.611541,0,0,0,
25.827064,-100.610544,0,0,0,
25.827064,-100.609547,0,0,0,
25.827064,-100.60855,0,0,0,
25.827064,-100.607553,0,0,0,
25.827064,-100.606556,0,0,0,
25.827064,-100.605559,0,0,0,
25.827064,-100.604562,0,0,0,
25.827064,-100.603565,0,0,0,
25.827064,-100.602568,0,0,0,
25.827064,-100.601571,0,0,0,
25.827064,-100.600575,0,0,0,
25.827064,-100.599578,0,0,0,
25.827064,-100.598581,0,0,0,
25.827064,-100.597584,0,0,0,
25.827064,-100.596587,0,0,0,
25.827064,-100.59559,0,0,0,
25.827064,-100.594593,0,0,0,
25.827064,-100.593596,0,0,0,
25.827064,-100.592599,0,0,0,
25.827064,-100.591602,0,0,0,
25.827064,-100.590605,0,0,0,
25.827064,-100.589608,1,1,0,
25.827064,-100.588611,1,1,0,19018_0010
25.827064,-100.587614,0,0,0,
25.827064,-100.586618,0,0,0,
25.827064,-100.585621,0,0,0,
25.827064,-100.376265,0,0,0,
25.827064,-100.375268,0,0,0,
25.827064,-100.374271,0,0,0,
25.827064,-100.373274,0,0,0,19021_0247
25.827064,-100.372277,0,0,0,19021_0247
25.827064,-100.371281,0,0,0,19021_0247
25.827064,-100.370284,0,0,0,19021_0247
25.827064,-100.369287,0,0,0,19021_0247
25.827064,-100.36829,0,0,0,19021_0281
25.827064,-100.367293,0,0,0,19021_0281
25.827064,-100.366296,0,0,0,19021_0281
25.827064,-100.365299,0,0,0,19021_0281
25.827064,-100.364302,0,0,0,19021_0281
25.827064,-100.363305,0,0,0,
25.827064,-100.362308,0,0,0,
25.827064,-100.361311,0,0,0,
25.827064,-100.296511,0,0,0,
25.827064,-100.295514,0,0,0,
25.827064,-100.294517,0,0,0,
25.827064,-100.29352,0,0,0,
25.827064,-100.292523,0,0,0,
25.827064,-100.291526,0,0,0,
25.827064,-100.290529,0,0,0,
25.827064,-100.289532,0,0,0,
25.827064,-100.288535,0,0,0,
25.827064,-100.287538,0,0,0,
25.827064,-100.286541,0,0,0,19021_0006
25.827064,-100.285545,0,0,0,19021_0006
25.827064,-100.284548,0,0,0,19021_0006
25.827064,-100.283551,0,0,0,19021_0006
25.827064,-100.282554,0,0,0,19021_0006
25.827064,-100.281557,0,0,0,19021_0006
25.827064,-100.28056,0,0,0,19021_0006
25.827064,-100.279563,0,0,0,19021_0006
25.827064,-100.278566,0,0,0,
25.827064,-100.277569,0,0,0,
25.827064,-100.276572,0,0,0,
25.827064,-100.219747,1,1,0,
25.827064,-100.21875,1,1,0,
25.827064,-100.217753,1,1,0,
25.827064,-100.216756,1,1,0,
25.827064,-100.215759,1,1,0,
25.827969,-100.619516,0,0,0,
25.827969,-100.618519,0,0,0,
25.827969,-100.617522,0,0,0,
25.827969,-100.616525,0,0,0,
25.827969,-100.615529,0,0,0,
25.827969,-100.614532,0,0,0,
25.827969,-100.613535,0,0,0,
25.827969,-100.612538,0,0,0,
25.827969,-100.611541,0,0,0,
25.827969,-100.610544,0,0,0,
25.827969,-100.609547,0,0,0,
25.827969,-100.60855,0,0,0,
25.827969,-100.607553,0,0,0,
25.827969,-100.606556,0,0,0,
25.827969,-100.605559,0,0,0,
25.827969,-100.604562,0,0,0,
25.827969,-100.603565,0,0,0,
25.827969,-100.602568,0,0,0,
25.827969,-100.601571,0,0,0,
25.827969,-100.600575,0,0,0,
25.827969,-100.599578,0,0,0,
25.827969,-100.598581,0,0,0,
25.827969,-100.597584,0,0,0,
25.827969,-100.596587,0,0,0,
25.827969,-100.59559,0,0,0,
25.827969,-100.594593,0,0,0,
25.827969,-100.593596,0,0,0,
25.827969,-100.592599,0,0,0,
25.827969,-100.591602,0,0,0,19018_0010
25.827969,-100.590605,0,0,0,19018_0010
25.827969,-100.589608,0,0,0,19018_0010
25.827969,-100.588611,0,0,0,19018_0010
25.827969,-100.587614,0,0,0,
25.827969,-100.586618,0,0,0,
25.827969,-100.585621,0,0,0,
25.827969,-100.376265,0,0,0,
25.827969,-100.375268,0,0,0,
25.827969,-100.374271,0,0,0,
25.827969,-100.373274,0,0,0,19021_0247
25.827969,-100.372277,0,0,0,19021_0247
25.827969,-100.371281,0,0,0,19021_0247
25.827969,-100.370284,0,0,0,19021_0247
25.827969,-100.369287,0,0,0,19021_0247
25.827969,-100.36829,0,0,0,19021_0281
25.827969,-100.367293,0,0,0,19021_0281
25.827969,-100.366296,0,0,0,19021_0281
25.827969,-100.365299,0,0,0,19021_0281
25.827969,-100.364302,0,0,0,
25.827969,-100.363305,0,0,0,
25.827969,-100.362308,0,0,0,
25.827969,-100.295514,0,0,0,
25.827969,-100.294517,0,0,0,
25.827969,-100.29352,0,0,0,
25.827969,-100.292523,0,0,0,
25.827969,-100.291526,0,0,0,
25.827969,-100.290529,0,0,0,
25.827969,-100.289532,0,0,0,
25.827969,-100.288535,0,0,0,
25.827969,-100.287538,0,0,0,
25.827969,-100.286541,0,0,0,
25.827969,-100.285545,0,0,0,
25.827969,-100.284548,0,0,0,
25.827969,-100.283551,0,0,0,
25.827969,-100.282554,0,0,0,
25.827969,-100.281557,0,0,0,
25.827969,-100.28056,0,0,0,19021_0006
25.827969,-100.279563,0,0,0,19021_0006
25.827969,-100.278566,0,0,0,
25.827969,-100.277569,0,0,0,
25.827969,-100.276572,0,0,0,
25.827969,-100.226726,1,1,0,
25.827969,-100.225729,1,1,0,
25.827969,-100.224732,1,1,0,
25.827969,-100.223735,1,1,0,
25.827969,-100.222738,1,1,0,
25.827969,-100.21875,1,1,0,
25.827969,-100.217753,1,1,0,
25.827969,-100.216756,1,1,0,
25.827969,-100.215759,1,1,0,
25.828873,-100.60855,0,0,0,
25.828873,-100.607553,0,0,0,
25.828873,-100.606556,0,0,0,
25.828873,-100.605559,0,0,0,
25.828873,-100.604562,0,0,0,
25.828873,-100.603565,0,0,0,
25.828873,-100.602568,0,0,0,
25.828873,-100.601571,0,0,0,
25.828873,-100.600575,0,0,0,
25.828873,-100.599578,0,0,0,
25.828873,-100.598581,0,0,0,
25.828873,-100.597584,0,0,0,
25.828873,-100.596587,0,0,0,
25.828873,-100.59559,0,0,0,
25.828873,-100.594593,0,0,0,
25.828873,-100.593596,0,0,0,
25.828873,-100.592599,0,0,0,19018_0010
25.828873,-100.591602,0,0,0,19018_0010
25.828873,-100.590605,0,0,0,19018_0010
25.828873,-100.589608,0,0,0,19018_0010
25.828873,-100.588611,0,0,0,
25.828873,-100.587614,0,0,0,
25.828873,-100.586618,0,0,0,
25.828873,-100.389225,1,1,0,
25.828873,-100.376265,0,0,0,
25.828873,-100.375268,0,0,0,
25.828873,-100.374271,0,0,0,
25.828873,-100.373274,0,0,0,19021_0247
25.828873,-100.372277,0,0,0,19021_0247
25.828873,-100.371281,0,0,0,19021_0247
25.828873,-100.370284,0,0,0,19021_0247
25.828873,-100.369287,0,0,0,19021_0247
25.828873,-100.36829,0,0,0,19021_0281
25.828873,-100.367293,0,0,0,19021_0281
25.828873,-100.366296,0,0,0,19021_0281
25.828873,-100.365299,0,0,0,19021_0281
25.828873,-100.364302,0,0,0,
25.828873,-100.363305,0,0,0,
25.828873,-100.362308,0,0,0,
25.828873,-100.292523,0,0,0,
25.828873,-100.291526,0,0,0,
25.828873,-100.290529,0,0,0,
25.828873,-100.289532,0,0,0,
25.828873,-100.288535,0,0,0,
25.828873,-100.287538,0,0,0,
25.828873,-100.286541,0,0,0,
25.828873,-100.285545,0,0,0,
25.828873,-100.284548,0,0,0,
25.828873,-100.283551,0,0,0,
25.828873,-100.282554,0,0,0,
25.828873,-100.281557,0,0,0,
25.828873,-100.28056,0,0,0,
25.828873,-100.279563,0,0,0,
25.828873,-100.278566,0,0,0,
25.828873,-100.277569,0,0,0,
25.828873,-100.276572,0,0,0,
25.828873,-100.226726,1,1,0,
25.828873,-100.225729,1,1,0,
25.828873,-100.224732,1,1,0,
25.828873,-100.223735,1,1,0,
25.828873,-100.222738,1,1,0,
25.829777,-100.601571,0,0,0,
25.829777,-100.600575,0,0,0,
25.829777,-100.599578,0,0,0,
25.829777,-100.598581,0,0,0,19018_0010
25.829777,-100.597584,0,0,0,19018_0010
25.829777,-100.596587,0,0,0,19018_0010
25.829777,-100.59559,0,0,0,19018_0010
25.829777,-100.594593,0,0,0,19018_0010
25.829777,-100.593596,0,0,0,19018_0010
25.829777,-100.592599,0,0,0,19018_0010
25.829777,-100.591602,0,0,0,19018_0010
25.829777,-100.590605,0,0,0,19018_0010
25.829777,-100.589608,0,0,0,19018_0010
25.829777,-100.588611,0,0,0,
25.829777,-100.587614,0,0,0,
25.829777,-100.586618,0,0,0,
25.829777,-100.391219,1,1,0,
25.829777,-100.390222,1,1,0,
25.829777,-100.389225,1,1,0,
25.829777,-100.388228,1,1,0,
25.829777,-100.387231,1,1,0,
25.829777,-100.376265,0,0,0,
25.829777,-100.375268,0,0,0,
25.829777,-100.374271,0,0,0,
25.829777,-100.373274,0,0,0,19021_0247
25.829777,-100.372277,0,0,0,19021_0247
25.829777,-100.371281,0,0,0,19021_0247
25.829777,-100.370284,0,0,0,19021_0247
25.829777,-100.369287,0,0,0,19021_0247
25.829777,-100.36829,0,0,0,19021_0281
25.829777,-100.367293,0,0,0,19021_0281
25.829777,-100.366296,0,0,0,19021_0281
25.829777,-100.365299,0,0,0,19021_0281
25.829777,-100.364302,0,0,0,
25.829777,-100.363305,0,0,0,
25.829777,-100.362308,0,0,0,
25.829777,-100.286541,0,0,0,
25.829777,-100.285545,0,0,0,
25.829777,-100.284548,0,0,0,
25.829777,-100.283551,0,0,0,
25.829777,-100.282554,0,0,0,
25.829777,-100.281557,0,0,0,
25.829777,-100.28056,0,0,0,
25.829777,-100.279563,0,0,0,
25.829777,-100.278566,0,0,0,
25.829777,-100.277569,0,0,0,
25.829777,-100.276572,0,0,0,
25.829777,-100.227723,1,1,0,
25.829777,-100.226726,1,1,0,
25.829777,-100.225729,1,1,0,
25.829777,-100.224732,1,1,0,
25.829777,-100.223735,1,1,0,
25.829777,-100.222738,1,1,0,
25.830682,-100.601571,0,0,0,
25.830682,-100.600575,0,0,0,
25.830682,-100.599578,0,0,0,
25.830682,-100.598581,0,0,0,19018_0010
25.830682,-100.597584,0,0,0,19018_0010
25.830682,-100.596587,0,0,0,19018_0010
25.830682,-100.59559,0,0,0,19018_0010
25.830682,-100.594593,0,0,0,19018_0010
25.830682,-100.593596,0,0,0,19018_0010
25.830682,-100.592599,0,0,0,19018_0010
25.830682,-100.591602,0,0,0,19018_0010
25.830682,-100.590605,0,0,0,19018_0010
25.830682,-100.589608,0,0,0,19018_0010
25.830682,-100.588611,0,0,0,
25.830682,-100.587614,0,0,0,
25.830682,-100.586618,0,0,0,
25.830682,-100.391219,1,1,0,
25.830682,-100.390222,1,1,0,
25.830682,-100.389225,1,1,0,
25.830682,-100.388228,1,1,0,
25.830682,-100.387231,1,1,0,
25.830682,-100.376265,0,0,0,
25.830682,-100.375268,0,0,0,
25.830682,-100.374271,0,0,0,
25.830682,-100.373274,0,0,0,19021_0247
25.830682,-100.372277,0,0,0,19021_0247
25.830682,-100.371281,0,0,0,19021_0247
25.830682,-100.370284,0,0,0,19021_0247
25.830682,-100.369287,0,0,0,
25.830682,-100.36829,0,0,0,19021_0280
25.830682,-100.367293,0,0,0,19021_0280
25.830682,-100.366296,0,0,0,19021_0280
25.830682,-100.365299,0,0,0,19021_0280
25.830682,-100.364302,0,0,0,
25.830682,-100.363305,0,0,0,
25.830682,-100.362308,0,0,0,
25.830682,-100.28056,0,0,0,
25.830682,-100.279563,0,0,0,
25.830682,-100.278566,0,0,0,
25.830682,-100.277569,0,0,0,
25.830682,-100.226726,1,1,0,
25.830682,-100.225729,1,1,0,
25.830682,-100.224732,1,1,0,
25.830682,-100.223735,1,1,0,
25.830682,-100.222738,1,1,0,
25.831586,-100.601571,0,0,0,
25.831586,-100.600575,0,0,0,
25.831586,-100.599578,0,0,0,
25.831586,-100.598581,0,0,0,
25.831586,-100.597584,0,0,0,
25.831586,-100.596587,0,0,0,
25.831586,-100.59559,0,0,0,
25.831586,-100.594593,0,0,0,
25.831586,-100.593596,0,0,0,19018_0010
25.831586,-100.592599,0,0,0,19018_0010
25.831586,-100.591602,0,0,0,19018_0010
25.831586,-100.590605,0,0,0,19018_0010
25.831586,-100.589608,0,0,0,19018_0010
25.831586,-100.588611,0,0,0,
25.831586,-100.587614,0,0,0,
25.831586,-100.586618,0,0,0,
25.831586,-100.392216,1,1,0,
25.831586,-100.391219,1,1,0,
25.831586,-100.390222,1,1,0,
25.831586,-100.389225,1,1,0,
25.831586,-100.388228,1,1,0,
25.831586,-100.387231,1,1,0,
25.831586,-100.376265,0,0,0,
25.831586,-100.375268,0,0,0,
25.831586,-100.374271,0,0,0,
25.831586,-100.373274,0,0,0,19021_0247
25.831586,-100.372277,0,0,0,19021_0247
25.831586,-100.371281,0,0,0,19021_0247
25.831586,-100.370284,0,0,0,19021_0247
25.831586,-100.369287,0,0,0,19021_0280
25.831586,-100.36829,0,0,0,19021_0280
25.831586,-100.367293,0,0,0,19021_0280
25.831586,-100.366296,0,0,0,19021_0280
25.831586,-100.365299,0,0,0,19021_0280
25.831586,-100.364302,0,0,0,
25.831586,-100.363305,0,0,0,
25.831586,-100.362308,0,0,0,
25.831586,-100.226726,1,1,0,
25.831586,-100.225729,1,1,0,
25.831586,-100.224732,1,1,0,
25.831586,-100.223735,1,1,0,
25.831586,-100.222738,1,1,0,
25.831586,-100.142983,1,1,0,
25.831586,-100.141987,1,1,0,
25.831586,-100.14099,1,1,0,
25.831586,-100.139993,1,1,0,
25.83249,-100.600575,0,0,0,
25.83249,-100.599578,0,0,0,
25.83249,-100.598581,0,0,0,
25.83249,-100.597584,0,0,0,
25.83249,-100.596587,0,0,0,
25.83249,-100.59559,0,0,0,
25.83249,-100.594593,0,0,0,19018_0010
25.83249,-100.593596,0,0,0,
25.83249,-100.592599,0,0,0,
25.83249,-100.591602,0,0,0,
25.83249,-100.590605,0,0,0,
25.83249,-100.589608,0,0,0,
25.83249,-100.588611,0,0,0,
25.83249,-100.587614,0,0,0,
25.83249,-100.586618,0,0,0,
25.83249,-100.391219,1,1,0,
25.83249,-100.390222,1,1,0,
25.83249,-100.389225,1,1,0,
25.83249,-100.388228,1,1,0,
25.83249,-100.387231,1,1,0,
25.83249,-100.376265,0,0,0,
25.83249,-100.375268,0,0,0,
25.83249,-100.374271,0,0,0,
25.83249,-100.373274,0,0,0,19021_0247
25.83249,-100.372277,0,0,0,19021_0247
25.83249,-100.371281,0,0,0,19021_0247
25.83249,-100.370284,0,0,0,19021_0247
25.83249,-100.369287,0,0,0,19021_0280
25.83249,-100.36829,0,0,0,19021_0280
25.83249,-100.367293,0,0,0,19021_0280
25.83249,-100.366296,0,0,0,19021_0280
25.83249,-100.365299,0,0,0,19021_0280
25.83249,-100.364302,0,0,0,
25.83249,-100.363305,0,0,0,
25.83249,-100.362308,0,0,0,
25.83249,-100.224732,1,1,0,
25.83249,-100.14398,1,1,0,
25.83249,-100.142983,1,1,0,
25.83249,-100.141987,1,1,0,
25.83249,-100.14099,1,1,0,
25.83249,-100.139993,1,1,0,
25.83249,-100.138996,1,1,0,
25.833395,-100.600575,0,0,0,
25.833395,-100.599578,0,0,0,
25.833395,-100.598581,0,0,0,
25.833395,-100.597584,0,0,0,
25.833395,-100.596587,0,0,0,
25.833395,-100.59559,0,0,0,
25.833395,-100.594593,0,0,0,
25.833395,-100.593596,0,0,0,
25.833395,-100.592599,0,0,0,
25.833395,-100.591602,0,0,0,
25.833395,-100.590605,0,0,0,
25.833395,-100.589608,0,0,0,
25.833395,-100.588611,0,0,0,
25.833395,-100.587614,0,0,0,
25.833395,-100.586618,0,0,0,
25.833395,-100.391219,1,1,0,
25.833395,-100.390222,1,1,0,
25.833395,-100.389225,1,1,0,
25.833395,-100.388228,1,1,0,
25.833395,-100.387231,1,1,0,
25.833395,-100.376265,0,0,0,
25.833395,-100.375268,0,0,0,
25.833395,-100.374271,0,0,0,
25.833395,-100.373274,0,0,0,19021_0247
25.833395,-100.372277,0,0,0,19021_0247
25.833395,-100.371281,0,0,0,19021_0247
25.833395,-100.370284,0,0,0,19021_0247
25.833395,-100.369287,0,0,0,19021_0280
25.833395,-100.36829,0,0,0,19021_0280
25.833395,-100.367293,0,0,0,19021_0280
25.833395,-100.366296,0,0,0,19021_0280
25.833395,-100.365299,0,0,0,19021_0280
25.833395,-100.364302,0,0,0,
25.833395,-100.363305,0,0,0,
25.833395,-100.362308,0,0,0,
25.833395,-100.14398,1,1,0,
25.833395,-100.142983,1,1,0,
25.833395,-100.141987,1,1,0,
25.833395,-100.14099,1,1,0,
25.833395,-100.139993,1,1,0,
25.833395,-100.138996,1,1,0,
25.834299,-100.596587,0,0,0,
25.834299,-100.59559,0,0,0,
25.834299,-100.594593,0,0,0,
25.834299,-100.593596,0,0,0,
25.834299,-100.592599,0,0,0,
25.834299,-100.591602,0,0,0,
25.834299,-100.590605,0,0,0,
25.834299,-100.589608,0,0,0,
25.834299,-100.588611,0,0,0,
25.834299,-100.587614,0,0,0,
25.834299,-100.418136,1,1,0,
25.834299,-100.417139,1,1,0,
25.834299,-100.416142,1,1,0,
25.834299,-100.415145,1,1,0,
25.834299,-100.376265,0,0,0,
25.834299,-100.375268,0,0,0,
25.834299,-100.374271,0,0,0,
25.834299,-100.373274,0,0,0,19021_0247
25.834299,-100.372277,0,0,0,19021_0247
25.834299,-100.371281,0,0,0,19021_0247
25.834299,-100.370284,0,0,0,19021_0247
25.834299,-100.369287,0,0,0,19021_0280
25.834299,-100.36829,0,0,0,19021_0280
25.834299,-100.367293,0,0,0,19021_0280
25.834299,-100.366296,0,0,0,19021_0280
25.834299,-100.365299,0,0,0,19021_0280
25.834299,-100.364302,0,0,0,
25.834299,-100.363305,0,0,0,
25.834299,-100.362308,0,0,0,
25.834299,-100.14398,1,1,0,
25.834299,-100.142983,1,1,0,
25.834299,-100.141987,1,1,0,
25.834299,-100.14099,1,1,0,
25.834299,-100.139993,1,1,0,
25.834299,-100.138996,1,1,0,
25.835204,-100.594593,0,0,0,
25.835204,-100.419133,1,1,0,
25.835204,-100.418136,1,1,0,
25.835204,-100.417139,1,1,0,
25.835204,-100.416142,1,1,0,
25.835204,-100.415145,1,1,0,
25.835204,-100.414149,1,1,0,
25.835204,-100.376265,0,0,0,
25.835204,-100.375268,0,0,0,
25.835204,-100.374271,0,0,0,
25.835204,-100.373274,0,0,0,19021_0247
25.835204,-100.372277,0,0,0,19021_0247
25.835204,-100.371281,0,0,0,19021_0247
25.835204,-100.370284,0,0,0,19021_0247
25.835204,-100.369287,0,0,0,19021_0280
25.835204,-100.36829,0,0,0,19021_0280
25.835204,-100.367293,0,0,0,19021_0280
25.835204,-100.366296,0,0,0,19021_0280
25.835204,-100.365299,0,0,0,19021_0280
25.835204,-100.364302,0,0,0,
25.835204,-100.363305,0,0,0,
25.835204,-100.362308,0,0,0,
25.835204,-100.142983,1,1,0,
25.835204,-100.141987,1,1,0,
25.835204,-100.14099,1,1,0,
25.835204,-100.139993,1,1,0,
25.836108,-100.419133,1,1,0,
25.836108,-100.418136,1,1,0,
25.836108,-100.417139,1,1,0,
25.836108,-100.416142,1,1,0,
25.836108,-100.415145,1,1,0,
25.836108,-100.414149,1,1,0,
25.836108,-100.403182,0,0,0,
25.836108,-100.402185,0,0,0,
25.836108,-100.401188,0,0,0,
25.836108,-100.400192,0,0,0,
25.836108,-100.399195,0,0,0,
25.836108,-100.376265,0,0,0,
25.836108,-100.375268,0,0,0,
25.836108,-100.374271,0,0,0,
25.836108,-100.373274,0,0,0,19021_0247
25.836108,-100.372277,0,0,0,19021_0247
25.836108,-100.371281,0,0,0,19021_0247
25.836108,-100.370284,0,0,0,19021_0247
25.836108,-100.369287,0,0,0,19021_0280
25.836108,-100.36829,0,0,0,19021_0280
25.836108,-100.367293,0,0,0,19021_0280
25.836108,-100.366296,0,0,0,19021_0280
25.836108,-100.365299,0,0,0,19021_0280
25.836108,-100.364302,0,0,0,
25.836108,-100.363305,0,0,0,
25.836108,-100.362308,0,0,0,
25.836108,-100.141987,1,1,0,
25.836108,-100.14099,1,1,0,
25.837012,-100.419133,1,1,0,
25.837012,-100.418136,1,1,0,
25.837012,-100.417139,1,1,0,
25.837012,-100.416142,1,1,0,
25.837012,-100.415145,1,1,0,
25.837012,-100.414149,1,1,0,
25.837012,-100.404179,0,0,0,
25.837012,-100.403182,0,0,0,
25.837012,-100.402185,0,0,0,
25.837012,-100.401188,0,0,0,
25.837012,-100.400192,0,0,0,
25.837012,-100.399195,0,0,0,
25.837012,-100.398198,0,0,0,
25.837012,-100.397201,0,0,0,
25.837012,-100.376265,0,0,0,
25.837012,-100.375268,0,0,0,
25.837012,-100.374271,0,0,0,
25.837012,-100.373274,0,0,0,19021_0247
25.837012,-100.372277,0,0,0,19021_0247
25.837012,-100.371281,0,0,0,19021_0247
25.837012,-100.370284,0,0,0,19021_0247
25.837012,-100.369287,0,0,0,19021_0280
25.837012,-100.36829,0,0,0,19021_0280
25.837012,-100.367293,0,0,0,19021_0280
25.837012,-100.366296,0,0,0,19021_0280
25.837012,-100.365299,0,0,0,19021_0280
25.837012,-100.364302,0,0,0,
25.837012,-100.363305,0,0,0,
25.837012,-100.362308,0,0,0,
25.837012,-100.14099,1,1,0,
25.837012,-100.139993,1,1,0,
25.837012,-100.138996,1,1,0,
25.837012,-100.137999,1,1,0,
25.837917,-100.426112,0,0,0,
25.837917,-100.418136,1,1,0,
25.837917,-100.417139,1,1,0,
25.837917,-100.416142,1,1,0,
25.837917,-100.415145,1,1,0,
25.837917,-100.404179,0,0,0,
25.837917,-100.403182,0,0,0,
25.837917,-100.402185,0,0,0,
25.837917,-100.401188,0,0,0,
25.837917,-100.400192,0,0,0,
25.837917,-100.399195,0,0,0,
25.837917,-100.398198,0,0,0,
25.837917,-100.397201,0,0,0,
25.837917,-100.396204,0,0,0,
25.837917,-100.395207,0,0,0,
25.837917,-100.380253,1,1,0,
25.837917,-100.379256,1,1,0,
25.837917,-100.378259,1,1,0,
25.837917,-100.377262,1,1,0,
25.837917,-100.376265,1,1,0,
25.837917,-100.375268,0,0,0,
25.837917,-100.374271,0,0,0,
25.837917,-100.373274,0,0,0,19021_0247
25.837917,-100.372277,0,0,0,19021_0247
25.837917,-100.371281,0,0,0,19021_0247
25.837917,-100.370284,0,0,0,19021_0247
25.837917,-100.369287,0,0,0,19021_0280
25.837917,-100.36829,0,0,0,19021_0280
25.837917,-100.367293,0,0,0,19021_0280
25.837917,-100.366296,0,0,0,19021_0280
25.837917,-100.365299,0,0,0,19021_0280
25.837917,-100.364302,0,0,0,
25.837917,-100.363305,0,0,0,
25.837917,-100.362308,0,0,0,
25.837917,-100.144977,1,1,0,
25.837917,-100.14398,1,1,0,
25.837917,-100.141987,1,1,0,
25.837917,-100.14099,1,1,0,
25.837917,-100.139993,1,1,0,
25.837917,-100.138996,1,1,0,
25.837917,-100.137999,1,1,0,
25.837917,-100.137002,1,1,0,
25.838821,-100.427109,0,0,0,
25.838821,-100.426112,0,0,0,
25.838821,-100.425115,0,0,0,
25.838821,-100.424118,0,0,0,
25.838821,-100.423121,0,0,0,
25.838821,-100.417139,1,1,0,
25.838821,-100.416142,1,1,0,
25.838821,-100.405176,0,0,0,
25.838821,-100.404179,0,0,0,
25.838821,-100.403182,0,0,0,
25.838821,-100.402185,0,0,0,
25.838821,-100.401188,0,0,0,19021_0206
25.838821,-100.400192,0,0,0,19021_0206
25.838821,-100.399195,0,0,0,
25.838821,-100.398198,0,0,0,
25.838821,-100.397201,0,0,0,
25.838821,-100.396204,0,0,0,
25.838821,-100.395207,0,0,0,
25.838821,-100.39421,0,0,0,
25.838821,-100.393213,0,0,0,
25.838821,-100.392216,0,0,0,
25.838821,-100.380253,1,1,0,
25.838821,-100.379256,1,1,0,
25.838821,-100.378259,1,1,0,
25.838821,-100.377262,1,1,0,
25.838821,-100.376265,1,1,0,
25.838821,-100.375268,0,0,0,
25.838821,-100.374271,0,0,0,19021_0247
25.838821,-100.373274,0,0,0,19021_0247
25.838821,-100.372277,0,0,0,19021_0247
25.838821,-100.371281,0,0,0,19021_0247
25.838821,-100.370284,0,0,0,19021_0247
25.838821,-100.369287,0,0,0,19021_0280
25.838821,-100.36829,0,0,0,19021_0280
25.838821,-100.367293,0,0,0,19021_0280
25.838821,-100.366296,0,0,0,19021_0280
25.838821,-100.365299,0,0,0,19021_0280
25.838821,-100.364302,0,0,0,
25.838821,-100.363305,0,0,0,
25.838821,-100.362308,0,0,0,
25.838821,-100.146971,1,1,0,
25.838821,-100.145974,1,1,0,
25.838821,-100.144977,1,1,0,
25.838821,-100.14398,1,1,0,
25.838821,-100.142983,1,1,0,
25.838821,-100.141987,1,1,0,
25.838821,-100.14099,2,2,0,
25.838821,-100.139993,2,2,0,
25.838821,-100.138996,2,2,0,
25.838821,-100.137999,1,1,0,
25.838821,-100.137002,1,1,0,
25.839725,-100.428106,0,0,0,
25.839725,-100.427109,0,0,0,
25.839725,-100.426112,0,0,0,
25.839725,-100.425115,0,0,0,
25.839725,-100.424118,0,0,0,
25.839725,-100.423121,0,0,0,
25.839725,-100.422124,0,0,0,
25.839725,-100.421127,0,0,0,
25.839725,-100.413152,0,0,0,
25.839725,-100.412155,0,0,0,
25.839725,-100.411158,0,0,0,
25.839725,-100.410161,0,0,0,
25.839725,-100.405176,0,0,0,
25.839725,-100.404179,0,0,0,
25.839725,-100.403182,0,0,0,
25.839725,-100.402185,0,0,0,19021_0206
25.839725,-100.401188,0,0,0,19021_0206
25.839725,-100.400192,0,0,0,19021_0206
25.839725,-100.399195,0,0,0,19021_0206
25.839725,-100.398198,0,0,0,19021_0206
25.839725,-100.397201,0,0,0,
25.839725,-100.396204,0,0,0,
25.839725,-100.395207,0,0,0,
25.839725,-100.39421,0,0,0,
25.839725,-100.393213,0,0,0,
25.839725,-100.392216,0,0,0,
25.839725,-100.391219,0,0,0,
25.839725,-100.390222,0,0,0,
25.839725,-100.38125,1,1,0,
25.839725,-100.380253,1,1,0,
25.839725,-100.379256,1,1,0,
25.839725,-100.378259,1,1,0,
25.839725,-100.377262,1,1,0,
25.839725,-100.376265,1,1,0,
25.839725,-100.375268,0,0,0,
25.839725,-100.374271,0,0,0,19021_0247
25.839725,-100.373274,0,0,0,19021_0247
25.839725,-100.372277,0,0,0,19021_0247
25.839725,-100.371281,0,0,0,19021_0247
25.839725,-100.370284,0,0,0,19021_0247
25.839725,-100.369287,0,0,0,19021_0280
25.839725,-100.36829,0,0,0,19021_0280
25.839725,-100.367293,0,0,0,19021_0280
25.839725,-100.366296,0,0,0,19021_0280
25.839725,-100.365299,0,0,0,
25.839725,-100.364302,0,0,0,
25.839725,-100.363305,0,0,0,
25.839725,-100.146971,1,1,0,
25.839725,-100.145974,1,1,0,
25.839725,-100.144977,1,1,0,
25.839725,-100.14398,1,1,0,
25.839725,-100.142983,1,1,0,
25.839725,-100.141987,3,3,0,
25.839725,-100.14099,2,2,0,
25.839725,-100.139993,2,2,0,
25.839725,-100.138996,2,2,0,
25.839725,-100.137999,2,2,0,
25.839725,-100.137002,1,1,0,
25.84063,-100.429103,0,0,0,
25.84063,-100.428106,0,0,0,
25.84063,-100.427109,0,0,0,
25.84063,-100.426112,0,0,0,
25.84063,-100.425115,0,0,0,
25.84063,-100.424118,0,0,0,
25.84063,-100.423121,0,0,0,
25.84063,-100.422124,0,0,0,
25.84063,-100.421127,0,0,0,
25.84063,-100.42013,0,0,0,
25.84063,-100.414149,0,0,0,
25.84063,-100.413152,0,0,0,
25.84063,-100.412155,0,0,0,
25.84063,-100.411158,0,0,0,
25.84063,-100.410161,0,0,0,
25.84063,-100.409164,0,0,0,
25.84063,-100.408167,0,0,0,
25.84063,-100.405176,0,0,0,
25.84063,-100.404179,0,0,0,
25.84063,-100.403182,0,0,0,
25.84063,-100.402185,0,0,0,19021_0206
25.84063,-100.401188,0,0,0,19021_0206
25.84063,-100.400192,0,0,0,19021_0206
25.84063,-100.399195,0,0,0,19021_0206
25.84063,-100.398198,0,0,0,19021_0206
25.84063,-100.397201,0,0,0,19021_0177
25.84063,-100.396204,0,0,0,19021_0177
25.84063,-100.395207,0,0,0,19021_0177
25.84063,-100.39421,0,0,0,
25.84063,-100.393213,0,0,0,
25.84063,-100.392216,0,0,0,
25.84063,-100.391219,0,0,0,
25.84063,-100.390222,0,0,0,
25.84063,-100.389225,0,0,0,
25.84063,-100.388228,0,0,0,
25.84063,-100.387231,0,0,0,
25.84063,-100.380253,1,1,0,
25.84063,-100.379256,1,1,0,
25.84063,-100.378259,1,1,0,
25.84063,-100.377262,1,1,0,
25.84063,-100.376265,1,1,0,
25.84063,-100.375268,0,0,0,
25.84063,-100.374271,0,0,0,19021_0247
25.84063,-100.373274,0,0,0,19021_0247
25.84063,-100.372277,0,0,0,19021_0247
25.84063,-100.371281,0,0,0,19021_0247
25.84063,-100.370284,0,0,0,19021_0247
25.84063,-100.369287,0,0,0,19021_0280
25.84063,-100.36829,0,0,0,19021_0280
25.84063,-100.367293,0,0,0,19021_0280
25.84063,-100.366296,0,0,0,19021_0280
25.84063,-100.365299,0,0,0,
25.84063,-100.364302,0,0,0,
25.84063,-100.363305,0,0,0,
25.84063,-100.146971,1,1,0,
25.84063,-100.145974,1,1,0,
25.84063,-100.144977,1,1,0,
25.84063,-100.14398,1,1,0,
25.84063,-100.142983,1,1,0,
25.84063,-100.141987,3,3,0,
25.84063,-100.14099,2,2,0,
25.84063,-100.139993,2,2,0,
25.84063,-100.138996,2,2,0,
25.84063,-100.137999,2,2,0,
25.84063,-100.137002,1,1,0,
25.841534,-100.430099,0,0,0,
25.841534,-100.429103,0,0,0,
25.841534,-100.428106,0,0,0,
25.841534,-100.427109,0,0,0,
25.841534,-100.426112,0,0,0,19021_0071
25.841534,-100.425115,1,1,0,19021_0071
25.841534,-100.424118,1,1,0,19021_0071
25.841534,-100.423121,1,1,0,
25.841534,-100.422124,1,1,0,
25.841534,-100.421127,0,0,0,
25.841534,-100.42013,0,0,0,
25.841534,-100.419133,0,0,0,
25.841534,-100.414149,0,0,0,
25.841534,-100.413152,0,0,0,
25.841534,-100.412155,0,0,0,
25.841534,-100.411158,0,0,0,
25.841534,-100.410161,0,0,0,
25.841534,-100.409164,0,0,0,
25.841534,-100.408167,0,0,0,
25.841534,-100.406173,0,0,0,
25.841534,-100.405176,0,0,0,
25.841534,-100.404179,0,0,0,
25.841534,-100.403182,0,0,0,19021_0206
25.841534,-100.402185,0,0,0,19021_0206
25.841534,-100.401188,0,0,0,19021_0206
25.841534,-100.400192,0,0,0,19021_0206
25.841534,-100.399195,0,0,0,19021_0206
25.841534,-100.398198,0,0,0,19021_0206
25.841534,-100.397201,0,0,0,19021_0177
25.841534,-100.396204,0,0,0,19021_0177
25.841534,-100.395207,0,0,0,19021_0177
25.841534,-100.39421,0,0,0,19021_0177
25.841534,-100.393213,0,0,0,19021_0177
25.841534,-100.392216,0,0,0,
25.841534,-100.391219,0,0,0,
25.841534,-100.390222,0,0,0,
25.841534,-100.389225,0,0,0,
25.841534,-100.388228,0,0,0,
25.841534,-100.387231,0,0,0,
25.841534,-100.386234,0,0,0,
25.841534,-100.385238,0,0,0,
25.841534,-100.380253,1,1,0,
25.841534,-100.379256,1,1,0,
25.841534,-100.378259,1,1,0,
25.841534,-100.377262,1,1,0,
25.841534,-100.376265,1,1,0,
25.841534,-100.375268,0,0,0,
25.841534,-100.374271,0,0,0,19021_0247
25.841534,-100.373274,0,0,0,19021_0247
25.841534,-100.372277,0,0,0,19021_0247
25.841534,-100.371281,0,0,0,19021_0247
25.841534,-100.370284,0,0,0,19021_0247
25.841534,-100.369287,0,0,0,19021_0280
25.841534,-100.36829,0,0,0,19021_0280
25.841534,-100.367293,0,0,0,19021_0280
25.841534,-100.366296,0,0,0,19021_0280
25.841534,-100.365299,0,0,0,
25.841534,-100.364302,0,0,0,
25.841534,-100.363305,0,0,0,
25.841534,-100.146971,1,1,0,
25.841534,-100.145974,1,1,0,
25.841534,-100.144977,1,1,0,
25.841534,-100.14398,1,1,0,
25.841534,-100.142983,1,1,0,
25.841534,-100.141987,2,2,0,
25.841534,-100.14099,1,1,0,
25.841534,-100.139993,2,2,0,
25.841534,-100.138996,2,2,0,
25.841534,-100.137999,1,1,0,
25.841534,-100.137002,1,1,0,
25.842439,-100.431096,0,0,0,
25.842439,-100.430099,0,0,0,
25.842439,-100.429103,0,0,0,
25.842439,-100.428106,0,0,0,
25.842439,-100.427109,0,0,0,19021_0071
25.842439,-100.426112,1,1,0,19021_0071
25.842439,-100.425115,1,1,0,19021_0071
25.842439,-100.424118,1,1,0,19021_0071
25.842439,-100.423121,1,1,0,19021_0071
25.842439,-100.422124,1,1,0,19021_0071
25.842439,-100.421127,1,1,0,
25.842439,-100.42013,0,0,0,
25.842439,-100.419133,0,0,0,
25.842439,-100.415145,0,0,0,
25.842439,-100.414149,0,0,0,
25.842439,-100.413152,0,0,0,
25.842439,-100.412155,0,0,0,19021_0188
25.842439,-100.411158,0,0,0,19021_0188
25.842439,-100.410161,0,0,0,
25.842439,-100.409164,0,0,0,
25.842439,-100.408167,0,0,0,
25.842439,-100.40717,0,0,0,
25.842439,-100.406173,0,0,0,
25.842439,-100.405176,0,0,0,
25.842439,-100.404179,0,0,0,
25.842439,-100.403182,0,0,0,19021_0206
25.842439,-100.402185,0,0,0,19021_0206
25.842439,-100.401188,0,0,0,19021_0206
25.842439,-100.400192,0,0,0,19021_0206
25.842439,-100.399195,0,0,0,19021_0206
25.842439,-100.398198,0,0,0,19021_0177
25.842439,-100.397201,0,0,0,19021_0177
25.842439,-100.396204,0,0,0,19021_0177
25.842439,-100.395207,0,0,0,19021_0177
25.842439,-100.39421,0,0,0,19021_0177
25.842439,-100.393213,0,0,0,19021_0177
25.842439,-100.392216,0,0,0,19021_0177
25.842439,-100.391219,0,0,0,19021_0177
25.842439,-100.390222,0,0,0,19021_0177
25.842439,-100.389225,0,0,0,
25.842439,-100.388228,0,0,0,
25.842439,-100.387231,0,0,0,
25.842439,-100.386234,0,0,0,
25.842439,-100.385238,1,1,0,
25.842439,-100.384241,0,0,0,
25.842439,-100.383244,0,0,0,
25.842439,-100.382247,0,0,0,
25.842439,-100.378259,1,1,0,
25.842439,-100.377262,0,0,0,
25.842439,-100.376265,0,0,0,
25.842439,-100.375268,0,0,0,
25.842439,-100.374271,0,0,0,19021_0247
25.842439,-100.373274,0,0,0,19021_0247
25.842439,-100.372277,0,0,0,19021_0247
25.842439,-100.371281,0,0,0,19021_0247
25.842439,-100.370284,0,0,0,19021_0247
25.842439,-100.369287,0,0,0,19021_0280
25.842439,-100.36829,0,0,0,19021_0280
25.842439,-100.367293,0,0,0,19021_0280
25.842439,-100.366296,0,0,0,19021_0280
25.842439,-100.365299,0,0,0,
25.842439,-100.364302,0,0,0,
25.842439,-100.363305,0,0,0,
25.842439,-100.145974,1,1,0,
25.842439,-100.144977,2,2,0,
25.842439,-100.14398,2,2,0,
25.842439,-100.142983,2,2,0,
25.842439,-100.141987,2,2,0,
25.842439,-100.14099,2,2,0,
25.842439,-100.139993,1,1,0,
25.842439,-100.138996,1,1,0,
25.842439,-100.137999,1,1,0,
25.842439,-100.137002,1,1,0,
25.843343,-100.432093,0,0,0,
25.843343,-100.431096,0,0,0,
25.843343,-100.430099,0,0,0,
25.843343,-100.429103,0,0,0,
25.843343,-100.428106,0,0,0,19021_0071
25.843343,-100.427109,0,0,0,19021_0071
25.843343,-100.426112,1,1,0,19021_0071
25.843343,-100.425115,1,1,0,19021_0071
25.843343,-100.424118,1,1,0,19021_0071
25.843343,-100.423121,1,1,0,19021_0071
25.843343,-100.422124,1,1,0,19021_0071
25.843343,-100.421127,1,1,0,
25.843343,-100.42013,0,0,0,
25.843343,-100.419133,0,0,0,
25.843343,-100.415145,0,0,0,
25.843343,-100.414149,0,0,0,
25.843343,-100.413152,0,0,0,
25.843343,-100.412155,0,0,0,19021_0188
25.843343,-100.411158,0,0,0,19021_0188
25.843343,-100.410161,0,0,0,19021_0188
25.843343,-100.409164,0,0,0,
25.843343,-100.408167,0,0,0,
25.843343,-100.40717,0,0,0,
25.843343,-100.406173,0,0,0,
25.843343,-100.405176,0,0,0,
25.843343,-100.404179,0,0,0,19021_0224
25.843343,-100.403182,0,0,0,19021_0224
25.843343,-100.402185,0,0,0,19021_0206
25.843343,-100.401188,0,0,0,19021_0206
25.843343,-100.400192,0,0,0,19021_0206
25.843343,-100.399195,0,0,0,19021_0206
25.843343,-100.398198,0,0,0,19021_0177
25.843343,-100.397201,0,0,0,19021_0177
25.843343,-100.396204,0,0,0,19021_0177
25.843343,-100.395207,0,0,0,19021_0177
25.843343,-100.39421,0,0,0,19021_0177
25.843343,-100.393213,0,0,0,19021_0177
25.843343,-100.392216,0,0,0,19021_0177
25.843343,-100.391219,0,0,0,19021_0177
25.843343,-100.390222,0,0,0,19021_0177
25.843343,-100.389225,0,0,0,19021_0177
25.843343,-100.388228,0,0,0,19021_0177
25.843343,-100.387231,1,1,0,
25.843343,-100.386234,1,1,0,
25.843343,-100.385238,1,1,0,
25.843343,-100.384241,1,1,0,
25.843343,-100.383244,1,1,0,
25.843343,-100.382247,0,0,0,
25.843343,-100.38125,0,0,0,
25.843343,-100.380253,0,0,0,
25.843343,-100.379256,0,0,0,
25.843343,-100.377262,0,0,0,
25.843343,-100.376265,0,0,0,
25.843343,-100.375268,0,0,0,
25.843343,-100.374271,0,0,0,19021_0247
25.843343,-100.373274,0,0,0,19021_0247
25.843343,-100.372277,0,0,0,19021_0247
25.843343,-100.371281,0,0,0,19021_0247
25.843343,-100.370284,0,0,0,19021_0247
25.843343,-100.369287,0,0,0,19021_0280
25.843343,-100.36829,0,0,0,19021_0280
25.843343,-100.367293,0,0,0,19021_0280
25.843343,-100.366296,0,0,0,19021_0280
25.843343,-100.365299,0,0,0,
25.843343,-100.364302,0,0,0,
25.843343,-100.363305,0,0,0,
25.843343,-100.144977,1,1,0,
25.843343,-100.14398,1,1,0,
25.843343,-100.142983,1,1,0,
25.843343,-100.141987,1,1,0,
25.843343,-100.14099,2,2,0,
25.843343,-100.139993,1,1,0,
25.843343,-100.138996,1,1,0,
25.843343,-100.137999,1,1,0,
25.844247,-100.432093,0,0,0,
25.844247,-100.431096,0,0,0,
25.844247,-100.430099,0,0,0,
25.844247,-100.429103,0,0,0,19021_0071
25.844247,-100.428106,0,0,0,19021_0071
25.844247,-100.427109,0,0,0,19021_0071
25.844247,-100.426112,1,1,0,19021_0071
25.844247,-100.425115,1,1,0,
25.844247,-100.424118,1,1,0,19021_0071
25.844247,-100.423121,1,1,0,19021_0071
25.844247,-100.422124,1,1,0,19021_0071
25.844247,-100.421127,1,1,0,
25.844247,-100.42013,0,0,0,
25.844247,-100.419133,0,0,0,
25.844247,-100.416142,0,0,0,
25.844247,-100.415145,0,0,0,
25.844247,-100.414149,0,0,0,
25.844247,-100.413152,0,0,0,
25.844247,-100.412155,0,0,0,19021_0188
25.844247,-100.411158,0,0,0,19021_0188
25.844247,-100.410161,0,0,0,
25.844247,-100.409164,0,0,0,
25.844247,-100.408167,0,0,0,
25.844247,-100.40717,0,0,0,
25.844247,-100.406173,0,0,0,
25.844247,-100.405176,0,0,0,
25.844247,-100.404179,0,0,0,19021_0224
25.844247,-100.403182,0,0,0,19021_0224
25.844247,-100.402185,0,0,0,19021_0224
25.844247,-100.401188,0,0,0,19021_0206
25.844247,-100.400192,0,0,0,19021_0206
25.844247,-100.399195,0,0,0,19021_0177
25.844247,-100.398198,0,0,0,19021_0177
25.844247,-100.397201,0,0,0,19021_0177
25.844247,-100.396204,0,0,0,19021_0177
25.844247,-100.395207,0,0,0,19021_0177
25.844247,-100.39421,0,0,0,19021_0177
25.844247,-100.393213,0,0,0,19021_0177
25.844247,-100.392216,0,0,0,19021_0177
25.844247,-100.391219,0,0,0,19021_0177
25.844247,-100.390222,0,0,0,19021_0177
25.844247,-100.389225,0,0,0,19021_0177
25.844247,-100.388228,0,0,0,19021_0177
25.844247,-100.387231,1,1,0,19021_0177
25.844247,-100.386234,1,1,0,19021_0177
25.844247,-100.385238,1,1,0,19021_0177
25.844247,-100.384241,1,1,0,
25.844247,-100.383244,1,1,0,
25.844247,-100.382247,0,0,0,
25.844247,-100.38125,0,0,0,
25.844247,-100.380253,0,0,0,
25.844247,-100.379256,0,0,0,
25.844247,-100.378259,0,0,0,
25.844247,-100.377262,0,0,0,
25.844247,-100.376265,0,0,0,
25.844247,-100.375268,0,0,0,
25.844247,-100.374271,0,0,0,19021_0247
25.844247,-100.373274,0,0,0,19021_0247
25.844247,-100.372277,0,0,0,19021_0247
25.844247,-100.371281,0,0,0,19021_0247
25.844247,-100.370284,0,0,0,19021_0247
25.844247,-100.369287,0,0,0,19021_0280
25.844247,-100.36829,0,0,0,19021_0280
25.844247,-100.367293,0,0,0,19021_0280
25.844247,-100.366296,0,0,0,19021_0280
25.844247,-100.365299,0,0,0,
25.844247,-100.364302,0,0,0,
25.844247,-100.363305,0,0,0,
25.844247,-100.145974,1,1,0,
25.844247,-100.144977,1,1,0,
25.844247,-100.14398,1,1,0,
25.844247,-100.142983,1,1,0,
25.844247,-100.141987,1,1,0,
25.844247,-100.14099,1,1,0,
25.845152,-100.432093,0,0,0,
25.845152,-100.431096,0,0,0,
25.845152,-100.430099,0,0,0,
25.845152,-100.429103,0,0,0,
25.845152,-100.428106,0,0,0,19021_0071
25.845152,-100.427109,0,0,0,19021_0071
25.845152,-100.426112,0,0,0,
25.845152,-100.425115,1,1,0,
25.845152,-100.424118,1,1,0,
25.845152,-100.423121,1,1,0,19021_0071
25.845152,-100.422124,1,1,0,
25.845152,-100.421127,0,0,0,
25.845152,-100.42013,0,0,0,
25.845152,-100.419133,0,0,0,
25.845152,-100.416142,0,0,0,
25.845152,-100.415145,0,0,0,
25.845152,-100.414149,0,0,0,
25.845152,-100.413152,0,0,0,19021_0188
25.845152,-100.412155,0,0,0,19021_0188
25.845152,-100.411158,0,0,0,19021_0188
25.845152,-100.410161,0,0,0,
25.845152,-100.409164,0,0,0,
25.845152,-100.408167,0,0,0,
25.845152,-100.40717,0,0,0,
25.845152,-100.406173,0,0,0,
25.845152,-100.405176,0,0,0,
25.845152,-100.404179,0,0,0,19021_0224
25.845152,-100.403182,0,0,0,19021_0224
25.845152,-100.402185,0,0,0,19021_0177
25.845152,-100.401188,0,0,0,19021_0177
25.845152,-100.400192,0,0,0,19021_0177
25.845152,-100.399195,0,0,0,19021_0177
25.845152,-100.398198,0,0,0,19021_0177
25.845152,-100.397201,0,0,0,19021_0177
25.845152,-100.396204,0,0,0,19021_0177
25.845152,-100.395207,0,0,0,19021_0177
25.845152,-100.39421,0,0,0,19021_0177
25.845152,-100.393213,0,0,0,19021_0177
25.845152,-100.392216,0,0,0,19021_0177
25.845152,-100.391219,0,0,0,19021_0177
25.845152,-100.390222,0,0,0,19021_0177
25.845152,-100.389225,0,0,0,19021_0177
25.845152,-100.388228,1,1,0,19021_0177
25.845152,-100.387231,1,1,0,19021_0177
25.845152,-100.386234,1,1,0,19021_0177
25.845152,-100.385238,1,1,0,19021_0177
25.845152,-100.384241,1,1,0,19021_0177
25.845152,-100.383244,1,1,0,19021_0177
25.845152,-100.382247,0,0,0,
25.845152,-100.38125,0,0,0,
25.845152,-100.380253,0,0,0,
25.845152,-100.379256,0,0,0,
25.845152,-100.378259,0,0,0,
25.845152,-100.377262,0,0,0,
25.845152,-100.376265,0,0,0,
25.845152,-100.375268,0,0,0,
25.845152,-100.374271,0,0,0,19021_0247
25.845152,-100.373274,0,0,0,19021_0247
25.845152,-100.372277,0,0,0,19021_0247
25.845152,-100.371281,0,0,0,19021_0247
25.845152,-100.370284,0,0,0,19021_0247
25.845152,-100.369287,0,0,0,19021_0280
25.845152,-100.36829,0,0,0,19021_0280
25.845152,-100.367293,0,0,0,19021_0280
25.845152,-100.366296,0,0,0,19021_0280
25.845152,-100.365299,0,0,0,
25.845152,-100.364302,0,0,0,
25.845152,-100.363305,0,0,0,
25.845152,-100.144977,1,1,0,
25.845152,-100.14398,1,1,0,
25.845152,-100.142983,1,1,0,
25.845152,-100.141987,1,1,0,
25.845152,-100.14099,1,1,0,
25.846056,-100.431096,0,0,0,
25.846056,-100.430099,0,0,0,
25.846056,-100.429103,0,0,0,
25.846056,-100.428106,0,0,0,
25.846056,-100.427109,0,0,0,
25.846056,-100.426112,0,0,0,
25.846056,-100.425115,0,0,0,
25.846056,-100.424118,0,0,0,
25.846056,-100.423121,0,0,0,
25.846056,-100.422124,0,0,0,
25.846056,-100.421127,0,0,0,
25.846056,-100.42013,0,0,0,
25.846056,-100.416142,0,0,0,
25.846056,-100.415145,0,0,0,
25.846056,-100.414149,0,0,0,
25.846056,-100.413152,0,0,0,19021_0188
25.846056,-100.412155,0,0,0,19021_0188
25.846056,-100.411158,0,0,0,19021_0188
25.846056,-100.410161,0,0,0,
25.846056,-100.409164,0,0,0,
25.846056,-100.408167,0,0,0,
25.846056,-100.40717,0,0,0,
25.846056,-100.406173,0,0,0,
25.846056,-100.405176,0,0,0,
25.846056,-100.404179,0,0,0,19021_0224
25.846056,-100.403182,0,0,0,19021_0224
25.846056,-100.402185,0,0,0,19021_0177
25.846056,-100.401188,0,0,0,19021_0177
25.846056,-100.400192,0,0,0,19021_0177
25.846056,-100.399195,0,0,0,19021_0177
25.846056,-100.398198,0,0,0,19021_0177
25.846056,-100.397201,0,0,0,19021_0177
25.846056,-100.396204,0,0,0,19021_0177
25.846056,-100.395207,0,0,0,19021_0177
25.846056,-100.39421,0,0,0,19021_0177
25.846056,-100.393213,0,0,0,19021_0177
25.846056,-100.392216,0,0,0,19021_0177
25.846056,-100.391219,0,0,0,19021_0177
25.846056,-100.390222,0,0,0,19021_0177
25.846056,-100.389225,0,0,0,19021_0177
25.846056,-100.388228,0,0,0,19021_0177
25.846056,-100.387231,1,1,0,19021_0177
25.846056,-100.386234,1,1,0,19021_0177
25.846056,-100.385238,1,1,0,19021_0177
25.846056,-100.384241,1,1,0,19021_0177
25.846056,-100.383244,1,1,0,19021_0177
25.846056,-100.382247,0,0,0,19021_0177
25.846056,-100.38125,0,0,0,19021_0177
25.846056,-100.380253,0,0,0,19021_0177
25.846056,-100.379256,0,0,0,
25.846056,-100.378259,0,0,0,
25.846056,-100.377262,0,0,0,
25.846056,-100.376265,0,0,0,
25.846056,-100.375268,0,0,0,
25.846056,-100.374271,0,0,0,19021_0247
25.846056,-100.373274,0,0,0,19021_0247
25.846056,-100.372277,0,0,0,19021_0247
25.846056,-100.371281,0,0,0,19021_0247
25.846056,-100.370284,0,0,0,19021_0247
25.846056,-100.369287,0,0,0,19021_0280
25.846056,-100.36829,0,0,0,19021_0280
25.846056,-100.367293,0,0,0,19021_0280
25.846056,-100.366296,0,0,0,19021_0280
25.846056,-100.365299,0,0,0,
25.846056,-100.364302,0,0,0,
25.846056,-100.363305,0,0,0,
25.846056,-100.144977,1,1,0,
25.846056,-100.14398,1,1,0,
25.846056,-100.142983,1,1,0,
25.846056,-100.141987,1,1,0,
25.846056,-100.14099,1,1,0,
25.84696,-100.430099,0,0,0,
25.84696,-100.429103,0,0,0,
25.84696,-100.428106,0,0,0,
25.84696,-100.427109,0,0,0,
25.84696,-100.426112,0,0,0,
25.84696,-100.425115,0,0,0,
25.84696,-100.424118,0,0,0,
25.84696,-100.423121,0,0,0,
25.84696,-100.422124,0,0,0,
25.84696,-100.421127,0,0,0,
25.84696,-100.416142,0,0,0,
25.84696,-100.415145,0,0,0,
25.84696,-100.414149,0,0,0,
25.84696,-100.413152,0,0,0,
25.84696,-100.412155,0,0,0,19021_0188
25.84696,-100.411158,0,0,0,
25.84696,-100.410161,0,0,0,
25.84696,-100.409164,0,0,0,
25.84696,-100.40717,0,0,0,
25.84696,-100.406173,0,0,0,
25.84696,-100.405176,0,0,0,
25.84696,-100.404179,0,0,0,
25.84696,-100.403182,0,0,0,19021_0177
25.84696,-100.402185,0,0,0,19021_0177
25.84696,-100.401188,0,0,0,19021_0177
25.84696,-100.400192,0,0,0,19021_0177
25.84696,-100.399195,0,0,0,19021_0177
25.84696,-100.398198,0,0,0,19021_0177
25.84696,-100.397201,0,0,0,19021_0177
25.84696,-100.396204,0,0,0,19021_0177
25.84696,-100.395207,0,0,0,19021_0177
25.84696,-100.39421,0,0,0,19021_0177
25.84696,-100.393213,0,0,0,19021_0177
25.84696,-100.392216,0,0,0,19021_0177
25.84696,-100.391219,0,0,0,19021_0177
25.84696,-100.390222,0,0,0,19021_0177
25.84696,-100.389225,0,0,0,19021_0177
25.84696,-100.388228,0,0,0,19021_0177
25.84696,-100.387231,1,1,0,19021_0177
25.84696,-100.386234,1,1,0,19021_0177
25.84696,-100.385238,1,1,0,19021_0177
25.84696,-100.384241,1,1,0,19021_0177
25.84696,-100.383244,1,1,0,19021_0177
25.84696,-100.382247,0,0,0,19021_0177
25.84696,-100.38125,0,0,0,19021_0177
25.84696,-100.380253,0,0,0,19021_0177
25.84696,-100.379256,0,0,0,
25.84696,-100.378259,0,0,0,
25.84696,-100.377262,0,0,0,
25.84696,-100.376265,0,0,0,
25.84696,-100.375268,0,0,0,
25.84696,-100.374271,0,0,0,19021_0247
25.84696,-100.373274,0,0,0,19021_0247
25.84696,-100.372277,0,0,0,19021_0247
25.84696,-100.371281,0,0,0,19021_0247
25.84696,-100.370284,0,0,0,19021_0247
25.84696,-100.369287,0,0,0,19021_0247
25.84696,-100.36829,0,0,0,19021_0280
25.84696,-100.367293,0,0,0,19021_0280
25.84696,-100.366296,0,0,0,19021_0280
25.84696,-100.365299,0,0,0,
25.84696,-100.364302,0,0,0,
25.84696,-100.363305,0,0,0,
25.84696,-100.142983,1,1,0,
25.847865,-100.429103,0,0,0,
25.847865,-100.428106,0,0,0,
25.847865,-100.427109,0,0,0,
25.847865,-100.426112,0,0,0,
25.847865,-100.423121,0,0,0,
25.847865,-100.415145,0,0,0,
25.847865,-100.414149,0,0,0,
25.847865,-100.413152,0,0,0,
25.847865,-100.412155,0,0,0,
25.847865,-100.411158,0,0,0,
25.847865,-100.410161,0,0,0,
25.847865,-100.409164,0,0,0,
25.847865,-100.40717,0,0,0,
25.847865,-100.406173,0,0,0,
25.847865,-100.405176,0,0,0,
25.847865,-100.404179,0,0,0,
25.847865,-100.403182,0,0,0,
25.847865,-100.402185,0,0,0,
25.847865,-100.401188,0,0,0,19021_0177
25.847865,-100.400192,0,0,0,19021_0177
25.847865,-100.399195,0,0,0,19021_0177
25.847865,-100.398198,0,0,0,19021_0177
25.847865,-100.397201,0,0,0,19021_0177
25.847865,-100.396204,0,0,0,
25.847865,-100.395207,0,0,0,
25.847865,-100.39421,0,0,0,19021_0177
25.847865,-100.393213,0,0,0,19021_0177
25.847865,-100.392216,0,0,0,19021_0177
25.847865,-100.391219,0,0,0,19021_0177
25.847865,-100.390222,0,0,0,19021_0177
25.847865,-100.389225,0,0,0,19021_0177
25.847865,-100.388228,0,0,0,19021_0177
25.847865,-100.387231,0,0,0,19021_0177
25.847865,-100.386234,0,0,0,19021_0177
25.847865,-100.385238,0,0,0,19021_0177
25.847865,-100.384241,0,0,0,19021_0177
25.847865,-100.383244,0,0,0,19021_0177
25.847865,-100.382247,0,0,0,19021_0177
25.847865,-100.38125,0,0,0,19021_0177
25.847865,-100.380253,0,0,0,19021_0177
25.847865,-100.379256,0,0,0,
25.847865,-100.378259,0,0,0,
25.847865,-100.377262,0,0,0,
25.847865,-100.376265,0,0,0,
25.847865,-100.375268,0,0,0,
25.847865,-100.374271,0,0,0,19021_0247
25.847865,-100.373274,0,0,0,19021_0247
25.847865,-100.372277,0,0,0,19021_0247
25.847865,-100.371281,0,0,0,19021_0247
25.847865,-100.370284,0,0,0,19021_0247
25.847865,-100.369287,0,0,0,19021_0247
25.847865,-100.36829,0,0,0,19021_0280
25.847865,-100.367293,0,0,0,19021_0280
25.847865,-100.366296,0,0,0,19021_0280
25.847865,-100.365299,0,0,0,
25.847865,-100.364302,0,0,0,
25.847865,-100.363305,0,0,0,
25.848769,-100.414149,0,0,0,
25.848769,-100.413152,0,0,0,
25.848769,-100.412155,0,0,0,
25.848769,-100.411158,0,0,0,
25.848769,-100.410161,0,0,0,
25.848769,-100.405176,0,0,0,
25.848769,-100.404179,0,0,0,
25.848769,-100.403182,0,0,0,
25.848769,-100.402185,0,0,0,
25.848769,-100.401188,0,0,0,
25.848769,-100.400192,0,0,0,19021_0177
25.848769,-100.399195,0,0,0,19021_0177
25.848769,-100.398198,0,0,0,19021_0177
25.848769,-100.397201,0,0,0,19021_0177
25.848769,-100.396204,0,0,0,
25.848769,-100.395207,0,0,0,
25.848769,-100.39421,0,0,0,
25.848769,-100.393213,0,0,0,
25.848769,-100.392216,0,0,0,19021_0177
25.848769,-100.391219,0,0,0,19021_0177
25.848769,-100.390222,0,0,0,19021_0177
25.848769,-100.389225,0,0,0,19021_0177
25.848769,-100.388228,0,0,0,19021_0177
25.848769,-100.387231,0,0,0,19021_0177
25.848769,-100.386234,0,0,0,19021_0177
25.848769,-100.385238,0,0,0,19021_0177
25.848769,-100.384241,0,0,0,19021_0177
25.848769,-100.383244,0,0,0,19021_0177
25.848769,-100.382247,0,0,0,19021_0177
25.848769,-100.38125,0,0,0,19021_0177
25.848769,-100.380253,0,0,0,
25.848769,-100.379256,0,0,0,
25.848769,-100.378259,0,0,0,
25.848769,-100.377262,0,0,0,
25.848769,-100.376265,0,0,0,
25.848769,-100.375268,0,0,0,
25.848769,-100.374271,0,0,0,
25.848769,-100.373274,0,0,0,
25.848769,-100.372277,0,0,0,
25.848769,-100.371281,0,0,0,
25.848769,-100.370284,0,0,0,
25.848769,-100.369287,0,0,0,
25.848769,-100.36829,0,0,0,
25.848769,-100.367293,0,0,0,
25.848769,-100.366296,0,0,0,
25.848769,-100.365299,0,0,0,
25.848769,-100.364302,0,0,0,
25.848769,-100.363305,0,0,0,
25.848769,-100.137999,1,1,0,
25.848769,-100.137002,1,1,0,
25.848769,-100.136005,1,1,0,
25.848769,-100.135008,1,1,0,
25.848769,-100.134011,1,1,0,
25.849674,-100.413152,0,0,0,
25.849674,-100.412155,0,0,0,
25.849674,-100.411158,0,0,0,
25.849674,-100.404179,0,0,0,
25.849674,-100.403182,0,0,0,
25.849674,-100.402185,0,0,0,
25.849674,-100.401188,0,0,0,
25.849674,-100.400192,0,0,0,
25.849674,-100.399195,0,0,0,19021_0177
25.849674,-100.398198,0,0,0,19021_0177
25.849674,-100.397201,0,0,0,
25.849674,-100.396204,0,0,0,
25.849674,-100.395207,0,0,0,
25.849674,-100.39421,0,0,0,
25.849674,-100.393213,0,0,0,
25.849674,-100.392216,0,0,0,19021_0177
25.849674,-100.391219,0,0,0,19021_0177
25.849674,-100.390222,0,0,0,19021_0177
25.849674,-100.389225,0,0,0,19021_0177
25.849674,-100.388228,0,0,0,19021_0177
25.849674,-100.387231,0,0,0,19021_0177
25.849674,-100.386234,0,0,0,19021_0177
25.849674,-100.385238,0,0,0,19021_0177
25.849674,-100.384241,0,0,0,19021_0177
25.849674,-100.383244,0,0,0,
25.849674,-100.382247,0,0,0,
25.849674,-100.38125,0,0,0,
25.849674,-100.380253,0,0,0,
25.849674,-100.379256,0,0,0,
25.849674,-100.378259,0,0,0,
25.849674,-100.377262,0,0,0,
25.849674,-100.376265,0,0,0,
25.849674,-100.375268,0,0,0,
25.849674,-100.374271,0,0,0,
25.849674,-100.373274,0,0,0,
25.849674,-100.372277,0,0,0,
25.849674,-100.371281,0,0,0,
25.849674,-100.370284,0,0,0,
25.849674,-100.369287,0,0,0,
25.849674,-100.36829,0,0,0,
25.849674,-100.367293,0,0,0,
25.849674,-100.366296,0,0,0,
25.849674,-100.365299,0,0,0,
25.849674,-100.364302,0,0,0,
25.849674,-100.137999,1,1,0,
25.849674,-100.137002,1,1,0,
25.849674,-100.136005,1,1,0,
25.849674,-100.135008,1,1,0,
25.849674,-100.134011,1,1,0,
25.850578,-100.402185,0,0,0,
25.850578,-100.401188,0,0,0,
25.850578,-100.400192,0,0,0,
25.850578,-100.399195,0,0,0,
25.850578,-100.398198,0,0,0,
25.850578,-100.397201,0,0,0,
25.850578,-100.396204,0,0,0,
25.850578,-100.395207,0,0,0,
25.850578,-100.39421,0,0,0,
25.850578,-100.393213,0,0,0,
25.850578,-100.392216,0,0,0,19021_0177
25.850578,-100.391219,0,0,0,19021_0177
25.850578,-100.390222,0,0,0,19021_0177
25.850578,-100.389225,0,0,0,19021_0177
25.850578,-100.388228,0,0,0,19021_0177
25.850578,-100.387231,0,0,0,19021_0177
25.850578,-100.386234,0,0,0,
25.850578,-100.385238,0,0,0,
25.850578,-100.384241,0,0,0,
25.850578,-100.383244,0,0,0,
25.850578,-100.382247,0,0,0,
25.850578,-100.38125,0,0,0,
25.850578,-100.380253,0,0,0,
25.850578,-100.379256,0,0,0,
25.850578,-100.378259,0,0,0,
25.850578,-100.375268,0,0,0,
25.850578,-100.374271,0,0,0,
25.850578,-100.373274,0,0,0,
25.850578,-100.372277,0,0,0,
25.850578,-100.371281,0,0,0,
25.850578,-100.370284,0,0,0,
25.850578,-100.369287,0,0,0,
25.850578,-100.36829,0,0,0,
25.850578,-100.367293,0,0,0,
25.850578,-100.366296,0,0,0,
25.850578,-100.365299,0,0,0,
25.850578,-100.138996,1,1,0,
25.850578,-100.137999,1,1,0,
25.850578,-100.137002,1,1,0,
25.850578,-100.136005,1,1,0,
25.850578,-100.135008,1,1,0,
25.850578,-100.134011,1,1,0,
25.851482,-100.401188,0,0,0,
25.851482,-100.400192,0,0,0,
25.851482,-100.399195,0,0,0,
25.851482,-100.398198,0,0,0,
25.851482,-100.397201,0,0,0,
25.851482,-100.396204,0,0,0,
25.851482,-100.395207,0,0,0,
25.851482,-100.39421,0,0,0,
25.851482,-100.393213,0,0,0,19021_0177
25.851482,-100.392216,0,0,0,19021_0177
25.851482,-100.391219,0,0,0,19021_0177
25.851482,-100.390222,0,0,0,19021_0177
25.851482,-100.389225,0,0,0,
25.851482,-100.388228,0,0,0,
25.851482,-100.387231,0,0,0,
25.851482,-100.386234,0,0,0,
25.851482,-100.385238,0,0,0,
25.851482,-100.384241,0,0,0,
25.851482,-100.383244,0,0,0,
25.851482,-100.382247,0,0,0,
25.851482,-100.38125,0,0,0,
25.851482,-100.380253,0,0,0,
25.851482,-100.137999,1,1,0,
25.851482,-100.137002,1,1,0,
25.851482,-100.136005,1,1,0,
25.851482,-100.135008,1,1,0,
25.851482,-100.134011,1,1,0,
25.852387,-100.400192,0,0,0,
25.852387,-100.399195,0,0,0,
25.852387,-100.398198,0,0,0,
25.852387,-100.397201,0,0,0,
25.852387,-100.396204,0,0,0,
25.852387,-100.395207,0,0,0,
25.852387,-100.39421,0,0,0,19021_0177
25.852387,-100.393213,0,0,0,
25.852387,-100.392216,0,0,0,
25.852387,-100.391219,0,0,0,
25.852387,-100.390222,0,0,0,
25.852387,-100.389225,0,0,0,
25.852387,-100.388228,0,0,0,
25.852387,-100.387231,0,0,0,
25.852387,-100.386234,0,0,0,
25.852387,-100.385238,0,0,0,
25.852387,-100.384241,0,0,0,
25.852387,-100.137999,1,1,0,
25.852387,-100.137002,1,1,0,
25.852387,-100.136005,1,1,0,
25.852387,-100.135008,1,1,0,
25.852387,-100.134011,1,1,0,
25.853291,-100.397201,0,0,0,
25.853291,-100.396204,0,0,0,
25.853291,-100.395207,0,0,0,
25.853291,-100.39421,0,0,0,
25.853291,-100.393213,0,0,0,
25.853291,-100.392216,0,0,0,
25.853291,-100.391219,0,0,0,
25.853291,-100.390222,0,0,0,
25.853291,-100.389225,0,0,0,
25.853291,-100.388228,0,0,0,
25.853291,-100.387231,0,0,0,
25.853291,-100.136005,1,1,0,
25.854195,-100.397201,0,0,0,
25.854195,-100.396204,0,0,0,
25.854195,-100.395207,0,0,0,
25.854195,-100.39421,0,0,0,
25.854195,-100.393213,0,0,0,
25.854195,-100.392216,0,0,0,
25.854195,-100.391219,0,0,0,
25.854195,-100.390222,0,0,0,
25.854195,-100.362308,1,1,0,
25.8551,-100.396204,0,0,0,
25.8551,-100.395207,0,0,0,
25.8551,-100.39421,0,0,0,
25.8551,-100.393213,0,0,0,
25.8551,-100.364302,1,1,0,
25.8551,-100.363305,1,1,0,
25.8551,-100.362308,1,1,0,
25.8551,-100.361311,1,1,0,
25.8551,-100.360314,1,1,0,
25.8551,-100.307477,1,1,0,
25.8551,-100.30648,2,2,0,
25.8551,-100.305483,2,2,0,
25.8551,-100.304486,1,1,0,
25.8551,-100.303489,1,1,0,
25.856004,-100.364302,1,1,0,
25.856004,-100.363305,1,1,0,
25.856004,-100.362308,1,1,0,
25.856004,-100.361311,1,1,0,
25.856004,-100.360314,1,1,0,
25.856004,-100.308474,1,1,0,
25.856004,-100.307477,2,2,0,
25.856004,-100.30648,2,2,0,
25.856004,-100.305483,2,2,0,
25.856004,-100.304486,2,2,0,
25.856004,-100.303489,1,1,0,
25.856004,-100.302492,1,1,0,
25.856004,-100.137999,1,1,0,
25.856004,-100.137002,1,1,0,
25.856004,-100.136005,1,1,0,
25.856908,-100.365299,1,1,0,
25.856908,-100.364302,1,1,0,
25.856908,-100.363305,1,1,0,
25.856908,-100.362308,1,1,0,
25.856908,-100.361311,1,1,0,
25.856908,-100.360314,1,1,0,
25.856908,-100.309471,1,1,0,
25.856908,-100.308474,1,1,0,
25.856908,-100.307477,2,2,0,
25.856908,-100.30648,2,2,0,
25.856908,-100.305483,2,2,0,
25.856908,-100.304486,2,2,0,
25.856908,-100.303489,1,1,0,
25.856908,-100.302492,1,1,0,
25.856908,-100.138996,1,1,0,
25.856908,-100.137999,1,1,0,
25.856908,-100.137002,1,1,0,
25.856908,-100.136005,1,1,0,
25.856908,-100.135008,1,1,0,
25.857813,-100.364302,1,1,0,
25.857813,-100.363305,1,1,0,
25.857813,-100.362308,1,1,0,
25.857813,-100.361311,1,1,0,
25.857813,-100.360314,1,1,0,
25.857813,-100.309471,1,1,0,
25.857813,-100.308474,1,1,0,
25.857813,-100.307477,2,2,0,
25.857813,-100.30648,2,2,0,
25.857813,-100.305483,2,2,0,
25.857813,-100.304486,2,2,0,
25.857813,-100.303489,1,1,0,
25.857813,-100.302492,1,1,0,
25.857813,-100.148965,1,0,1,
25.857813,-100.147968,1,0,1,
25.857813,-100.146971,1,0,1,
25.857813,-100.145974,1,0,1,
25.857813,-100.138996,1,1,0,
25.857813,-100.137999,1,1,0,
25.857813,-100.137002,1,1,0,
25.857813,-100.136005,1,1,0,
25.857813,-100.135008,1,1,0,
25.857813,-100.134011,1,1,0,
25.858717,-100.364302,1,1,0,
25.858717,-100.363305,1,1,0,
25.858717,-100.362308,1,1,0,
25.858717,-100.361311,1,1,0,
25.858717,-100.360314,1,1,0,
25.858717,-100.308474,1,1,0,
25.858717,-100.307477,2,2,0,
25.858717,-100.30648,2,2,0,
25.858717,-100.305483,2,2,0,
25.858717,-100.304486,2,2,0,
25.858717,-100.303489,1,1,0,
25.858717,-100.149962,1,0,1,
25.858717,-100.148965,1,0,1,
25.858717,-100.147968,1,0,1,
25.858717,-100.146971,1,0,1,
25.858717,-100.145974,1,0,1,
25.858717,-100.138996,1,1,0,
25.858717,-100.137999,1,1,0,
25.858717,-100.137002,1,1,0,
25.858717,-100.136005,1,1,0,
25.858717,-100.135008,1,1,0,
25.858717,-100.134011,1,1,0,
25.859622,-100.308474,1,1,0,
25.859622,-100.307477,1,1,0,
25.859622,-100.30648,2,2,0,
25.859622,-100.305483,2,2,0,
25.859622,-100.304486,1,1,0,
25.859622,-100.149962,1,0,1,
25.859622,-100.148965,1,0,1,
25.859622,-100.147968,1,0,1,
25.859622,-100.146971,1,0,1,
25.859622,-100.145974,1,0,1,
25.859622,-100.144977,1,0,1,
25.859622,-100.138996,1,1,0,
25.859622,-100.137999,1,1,0,
25.859622,-100.137002,1,1,0,
25.859622,-100.136005,1,1,0,
25.859622,-100.135008,1,1,0,
25.859622,-100.134011,1,1,0,
25.860526,-100.313459,1,1,0,
25.860526,-100.312462,1,1,0,
25.860526,-100.311465,1,1,0,
25.860526,-100.310468,1,1,0,
25.860526,-100.195821,1,1,0,
25.860526,-100.194824,1,1,0,
25.860526,-100.193827,1,1,0,
25.860526,-100.149962,1,0,1,
25.860526,-100.148965,1,0,1,
25.860526,-100.147968,1,0,1,
25.860526,-100.146971,2,1,1,
25.860526,-100.145974,2,1,1,
25.860526,-100.144977,2,1,1,
25.860526,-100.14398,1,1,0,
25.860526,-100.137999,1,1,0,
25.860526,-100.137002,1,1,0,
25.860526,-100.136005,1,1,0,
25.860526,-100.135008,1,1,0,
25.86143,-100.313459,1,1,0,
25.86143,-100.312462,1,1,0,
25.86143,-100.311465,1,1,0,
25.86143,-100.310468,1,1,0,
25.86143,-100.309471,1,1,0,
25.86143,-100.196818,1,1,0,
25.86143,-100.195821,1,1,0,
25.86143,-100.194824,1,1,0,
25.86143,-100.193827,1,1,0,
25.86143,-100.19283,1,1,0,
25.86143,-100.149962,1,0,1,
25.86143,-100.148965,1,0,1,
25.86143,-100.147968,1,0,1,
25.86143,-100.146971,2,1,1,
25.86143,-100.145974,2,1,1,
25.86143,-100.144977,1,1,0,
25.86143,-100.14398,1,1,0,
25.86143,-100.142983,1,1,0,
25.86143,-100.137999,1,1,0,
25.86143,-100.137002,1,1,0,
25.862335,-100.314455,1,1,0,
25.862335,-100.313459,1,1,0,
25.862335,-100.312462,1,1,0,
25.862335,-100.311465,1,1,0,
25.862335,-100.310468,1,1,0,
25.862335,-100.309471,1,1,0,
25.862335,-100.196818,1,1,0,
25.862335,-100.195821,1,1,0,
25.862335,-100.194824,1,1,0,
25.862335,-100.193827,1,1,0,
25.862335,-100.19283,1,1,0,
25.862335,-100.191833,1,1,0,
25.862335,-100.147968,2,1,1,
25.862335,-100.146971,2,1,1,
25.862335,-100.145974,1,1,0,
25.862335,-100.144977,1,1,0,
25.862335,-100.14398,1,1,0,
25.862335,-100.142983,1,1,0,
25.862335,-100.138996,1,1,0,
25.862335,-100.137999,1,1,0,
25.862335,-100.137002,1,1,0,
25.862335,-100.136005,1,1,0,
25.863239,-100.314455,1,1,0,
25.863239,-100.313459,1,1,0,
25.863239,-100.312462,1,1,0,
25.863239,-100.311465,1,1,0,
25.863239,-100.310468,1,1,0,
25.863239,-100.309471,1,1,0,
25.863239,-100.196818,1,1,0,
25.863239,-100.195821,1,1,0,
25.863239,-100.194824,1,1,0,
25.863239,-100.193827,1,1,0,
25.863239,-100.19283,1,1,0,
25.863239,-100.191833,1,1,0,
25.863239,-100.147968,1,1,0,
25.863239,-100.146971,1,1,0,
25.863239,-100.145974,1,1,0,
25.863239,-100.144977,1,1,0,
25.863239,-100.14398,1,1,0,
25.863239,-100.142983,1,1,0,
25.863239,-100.139993,1,1,0,
25.863239,-100.138996,1,1,0,
25.863239,-100.137999,1,1,0,
25.863239,-100.137002,1,1,0,
25.863239,-100.136005,1,1,0,
25.863239,-100.135008,1,1,0,
25.864143,-100.313459,1,1,0,
25.864143,-100.312462,1,1,0,
25.864143,-100.311465,1,1,0,
25.864143,-100.310468,1,1,0,
25.864143,-100.309471,1,1,0,
25.864143,-100.196818,1,1,0,
25.864143,-100.195821,1,1,0,
25.864143,-100.194824,1,1,0,
25.864143,-100.193827,1,1,0,
25.864143,-100.19283,1,1,0,
25.864143,-100.146971,1,1,0,
25.864143,-100.145974,1,1,0,
25.864143,-100.144977,1,1,0,
25.864143,-100.14398,1,1,0,
25.864143,-100.142983,1,1,0,
25.864143,-100.139993,1,1,0,
25.864143,-100.138996,1,1,0,
25.864143,-100.137999,1,1,0,
25.864143,-100.137002,1,1,0,
25.864143,-100.136005,1,1,0,
25.864143,-100.135008,1,1,0,
25.865048,-100.312462,1,1,0,
25.865048,-100.311465,1,1,0,
25.865048,-100.310468,1,1,0,
25.865048,-100.195821,1,1,0,
25.865048,-100.194824,1,1,0,
25.865048,-100.193827,1,1,0,
25.865048,-100.19283,1,1,0,
25.865048,-100.145974,1,1,0,
25.865048,-100.144977,1,1,0,
25.865048,-100.139993,1,1,0,
25.865048,-100.138996,1,1,0,
25.865048,-100.137999,1,1,0,
25.865048,-100.137002,1,1,0,
25.865048,-100.136005,1,1,0,
25.865048,-100.135008,1,1,0,
25.865952,-100.138996,1,1,0,
25.865952,-100.137999,1,1,0,
25.865952,-100.137002,1,1,0,
25.865952,-100.136005,1,1,0,
25.866857,-100.315452,1,1,0,
25.866857,-100.314455,1,1,0,
25.867761,-100.317446,1,1,0,
25.867761,-100.316449,1,1,0,
25.867761,-100.315452,1,1,0,
25.867761,-100.314455,1,1,0,
25.867761,-100.313459,1,1,0,
25.868665,-100.317446,1,1,0,
25.868665,-100.316449,1,1,0,
25.868665,-100.315452,1,1,0,
25.868665,-100.314455,1,1,0,
25.868665,-100.313459,1,1,0,
25.868665,-100.312462,1,1,0,
25.86957,-100.317446,1,1,0,
25.86957,-100.316449,1,1,0,
25.86957,-100.315452,1,1,0,
25.86957,-100.314455,1,1,0,
25.86957,-100.313459,1,1,0,
25.86957,-100.312462,1,1,0,
25.870474,-100.317446,1,1,0,
25.870474,-100.316449,1,1,0,
25.870474,-100.315452,1,1,0,
25.870474,-100.314455,1,1,0,
25.870474,-100.313459,1,1,0,
25.871378,-100.316449,1,1,0,
25.871378,-100.315452,1,1,0,
25.871378,-100.314455,1,1,0,
25.871378,-100.313459,1,1,0,
25.8759,-100.03033,1,1,0,
25.8759,-100.029333,1,1,0,
25.8759,-100.028336,1,1,0,
25.8759,-100.02734,1,1,0,
25.876805,-100.031327,1,1,0,
25.876805,-100.03033,1,1,0,
25.876805,-100.029333,1,1,0,
25.876805,-100.028336,1,1,0,
25.876805,-100.02734,1,1,0,
25.876805,-100.026343,1,1,0,
25.877709,-100.031327,1,1,0,
25.877709,-100.03033,1,1,0,
25.877709,-100.029333,1,1,0,
25.877709,-100.028336,1,1,0,
25.877709,-100.02734,1,1,0,
25.877709,-100.026343,1,1,0,
25.878613,-100.031327,1,1,0,
25.878613,-100.03033,1,1,0,
25.878613,-100.029333,1,1,0,
25.878613,-100.028336,1,1,0,
25.878613,-100.02734,1,1,0,
25.878613,-100.026343,1,1,0,
25.879518,-100.031327,1,1,0,
25.879518,-100.03033,1,1,0,
25.879518,-100.029333,1,1,0,
25.879518,-100.028336,1,1,0,
25.879518,-100.02734,1,1,0,
25.880422,-100.029333,1,1,0,
25.880422,-100.028336,1,1,0,
25.893083,-100.171894,1,1,0,
25.893083,-100.170897,1,1,0,
25.893083,-100.169901,1,1,0,
25.893083,-100.168904,1,1,0,
25.893988,-100.172891,1,1,0,
25.893988,-100.171894,1,1,0,
25.893988,-100.170897,1,1,0,
25.893988,-100.169901,1,1,0,
25.893988,-100.168904,1,1,0,
25.893988,-100.167907,1,1,0,
25.894892,-100.172891,1,1,0,
25.894892,-100.171894,1,1,0,
25.894892,-100.170897,1,1,0,
25.894892,-100.169901,1,1,0,
25.894892,-100.168904,1,1,0,
25.894892,-100.167907,1,1,0,
25.895796,-100.172891,1,1,0,
25.895796,-100.171894,1,1,0,
25.895796,-100.170897,1,1,0,
25.895796,-100.169901,1,1,0,
25.895796,-100.168904,1,1,0,
25.895796,-100.167907,1,1,0,
25.896701,-100.171894,1,1,0,
25.896701,-100.170897,1,1,0,
25.896701,-100.169901,1,1,0,
25.896701,-100.168904,1,1,0,
25.896701,-100.167907,1,1,0,
25.896701,-100.162922,1,1,0,
25.896701,-100.161925,1,1,0,
25.897605,-100.170897,1,1,0,
25.897605,-100.169901,1,1,0,
25.897605,-100.168904,1,1,0,
25.897605,-100.163919,1,1,0,
25.897605,-100.162922,1,1,0,
25.897605,-100.161925,1,1,0,
25.897605,-100.160928,1,1,0,
25.89851,-100.164916,1,1,0,
25.89851,-100.163919,1,1,0,
25.89851,-100.162922,1,1,0,
25.89851,-100.161925,1,1,0,
25.89851,-100.160928,1,1,0,
25.89851,-100.159931,1,1,0,
25.899414,-100.164916,1,1,0,
25.899414,-100.163919,1,1,0,
25.899414,-100.162922,1,1,0,
25.899414,-100.161925,1,1,0,
25.899414,-100.160928,1,1,0,
25.899414,-100.159931,1,1,0,
25.900318,-100.164916,1,1,0,
25.900318,-100.163919,1,1,0,
25.900318,-100.162922,1,1,0,
25.900318,-100.161925,1,1,0,
25.900318,-100.160928,1,1,0,
25.900318,-100.159931,1,1,0,
25.901223,-100.163919,1,1,0,
25.901223,-100.162922,1,1,0,
25.901223,-100.161925,1,1,0,
25.901223,-100.160928,2,2,0,
25.901223,-100.159931,1,1,0,
25.901223,-100.158934,1,1,0,
25.902127,-100.161925,1,1,0,
25.902127,-100.160928,1,1,0,
25.902127,-100.159931,1,1,0,
25.902127,-100.158934,1,1,0,
25.902127,-100.157937,1,1,0,
25.903031,-100.162922,1,1,0,
25.903031,-100.161925,1,1,0,
25.903031,-100.160928,1,1,0,
25.903031,-100.159931,1,1,0,
25.903031,-100.158934,1,1,0,
25.903031,-100.157937,1,1,0,
25.903936,-100.162922,1,1,0,
25.903936,-100.161925,1,1,0,
25.903936,-100.160928,1,1,0,
25.903936,-100.159931,1,1,0,
25.903936,-100.158934,1,1,0,
25.903936,-100.157937,1,1,0,
25.90484,-100.161925,1,1,0,
25.90484,-100.160928,1,1,0,
25.90484,-100.159931,1,1,0,
25.90484,-100.158934,1,1,0,
25.90484,-100.157937,1,1,0,
25.905745,-100.160928,1,1,0,
25.905745,-100.159931,1,1,0,
25.905745,-100.158934,1,1,0,
25.956389,-100.298505,1,1,0,
25.956389,-100.297508,1,1,0,
25.956389,-100.296511,1,1,0,
25.957294,-100.299502,1,1,0,
25.957294,-100.298505,1,1,0,
25.957294,-100.297508,1,1,0,
25.957294,-100.296511,1,1,0,
25.957294,-100.295514,1,1,0,
25.958198,-100.299502,1,1,0,
25.958198,-100.298505,1,1,0,
25.958198,-100.297508,1,1,0,
25.958198,-100.296511,1,1,0,
25.958198,-100.295514,1,1,0,
25.959103,-100.300498,1,1,0,
25.959103,-100.299502,1,1,0,
25.959103,-100.298505,1,1,0,
25.959103,-100.297508,1,1,0,
25.959103,-100.296511,1,1,0,
25.959103,-100.295514,1,1,0,
25.960007,-100.299502,1,1,0,
25.960007,-100.298505,1,1,0,
25.960007,-100.297508,1,1,0,
25.960007,-100.296511,1,1,0,
25.960007,-100.295514,1,1,0,
25.960911,-100.299502,1,1,0,
25.960911,-100.298505,1,1,0,
25.960911,-100.297508,1,1,0,
25.960911,-100.296511,1,1,0,
