{"type":"FeatureCollection","features":[{"type":"Feature","geometry":{"type":"Point","coordinates":[-100.37403,25.77969]},"properties":{"s":"scout","k":"semaforo_scout"}},{"type":"Feature","geometry":{"type":"Point","coordinates":[-100.37223,25.77029]},"properties":{"s":"scout","k":"semaforo_scout"}},{"type":"Feature","geometry":{"type":"Point","coordinates":[-100.37206,25.77044]},"properties":{"s":"scout","k":"semaforo_scout"}},{"type":"Feature","geometry":{"type":"Point","coordinates":[-100.37019,25.77137]},"properties":{"s":"scout","k":"semaforo_scout"}},{"type":"Feature","geometry":{"type":"Point","coordinates":[-100.37094,25.77312]},"properties":{"s":"scout","k":"semaforo_scout"}},{"type":"Feature","geometry":{"type":"Point","coordinates":[-100.37145,25.77422]},"properties":{"s":"scout","k":"semaforo_scout"}},{"type":"Feature","geometry":{"type":"Point","coordinates":[-100.37169,25.77433]},"properties":{"s":"scout","k":"semaforo_scout"}},{"type":"Feature","geometry":{"type":"Point","coordinates":[-100.37531,25.78256]},"properties":{"s":"scout","k":"semaforo_scout"}},{"type":"Feature","geometry":{"type":"Point","coordinates":[-100.3769,25.78572]},"properties":{"s":"scout","k":"semaforo_scout"}},{"type":"Feature","geometry":{"type":"Point","coordinates":[-100.33305,25.73441]},"properties":{"s":"scout","k":"semaforo_scout"}},{"type":"Feature","geometry":{"type":"Point","coordinates":[-100.37282,25.78246]},"properties":{"s":"scout","k":"alto_scout"}},{"type":"Feature","geometry":{"type":"Point","coordinates":[-100.37385,25.77978]},"properties":{"s":"scout","k":"alto_scout"}},{"type":"Feature","geometry":{"type":"Point","coordinates":[-100.37103,25.77052]},"properties":{"s":"scout","k":"alto_scout"}},{"type":"Feature","geometry":{"type":"Point","coordinates":[-100.37736,25.78249]},"properties":{"s":"scout","k":"alto_scout"}},{"type":"Feature","geometry":{"type":"Point","coordinates":[-100.37746,25.78268]},"properties":{"s":"scout","k":"alto_scout"}},{"type":"Feature","geometry":{"type":"Point","coordinates":[-100.37437,25.78361]},"properties":{"s":"scout","k":"alto_scout"}},{"type":"Feature","geometry":{"type":"Point","coordinates":[-100.37384,25.78412]},"properties":{"s":"scout","k":"alto_scout"}},{"type":"Feature","geometry":{"type":"Point","coordinates":[-100.37237,25.78584]},"properties":{"s":"scout","k":"alto_scout"}},{"type":"Feature","geometry":{"type":"Point","coordinates":[-100.37426,25.78466]},"properties":{"s":"scout","k":"alto_scout"}},{"type":"Feature","geometry":{"type":"Point","coordinates":[-100.37222,25.78058]},"properties":{"s":"scout","k":"alto_scout"}},{"type":"Feature","geometry":{"type":"Point","coordinates":[-100.37212,25.78046]},"properties":{"s":"scout","k":"alto_scout"}},{"type":"Feature","geometry":{"type":"Point","coordinates":[-100.36769,25.7718]},"properties":{"s":"scout","k":"alto_scout"}},{"type":"Feature","geometry":{"type":"Point","coordinates":[-100.36931,25.77751]},"properties":{"s":"scout","k":"alto_scout"}},{"type":"Feature","geometry":{"type":"Point","coordinates":[-100.33217,25.73433]},"properties":{"s":"scout","k":"alto_scout"}},{"type":"Feature","geometry":{"type":"Point","coordinates":[-100.3829,25.6607]},"properties":{"s":"osm","k":"semaforo_osm"}},{"type":"Feature","geometry":{"type":"Point","coordinates":[-100.36929,25.65945]},"properties":{"s":"osm","k":"semaforo_osm"}},{"type":"Feature","geometry":{"type":"Point","coordinates":[-100.38547,25.65528]},"properties":{"s":"osm","k":"semaforo_osm"}},{"type":"Feature","geometry":{"type":"Point","coordinates":[-100.39371,25.65922]},"properties":{"s":"osm","k":"semaforo_osm"}},{"type":"Feature","geometry":{"type":"Point","coordinates":[-100.40178,25.66188]},"properties":{"s":"osm","k":"semaforo_osm"}},{"type":"Feature","geometry":{"type":"Point","coordinates":[-100.39997,25.66126]},"properties":{"s":"osm","k":"semaforo_osm"}},{"type":"Feature","geometry":{"type":"Point","coordinates":[-100.40896,25.66444]},"properties":{"s":"osm","k":"semaforo_osm"}},{"type":"Feature","geometry":{"type":"Point","coordinates":[-100.3991,25.66096]},"properties":{"s":"osm","k":"semaforo_osm"}},{"type":"Feature","geometry":{"type":"Point","coordinates":[-100.28971,25.6536]},"properties":{"s":"osm","k":"semaforo_osm"}},{"type":"Feature","geometry":{"type":"Point","coordinates":[-100.29216,25.65135]},"properties":{"s":"osm","k":"semaforo_osm"}},{"type":"Feature","geometry":{"type":"Point","coordinates":[-100.29223,25.6517]},"properties":{"s":"osm","k":"semaforo_osm"}},{"type":"Feature","geometry":{"type":"Point","coordinates":[-100.29263,25.65127]},"properties":{"s":"osm","k":"semaforo_osm"}},{"type":"Feature","geometry":{"type":"Point","coordinates":[-100.28988,25.63653]},"properties":{"s":"osm","k":"semaforo_osm"}},{"type":"Feature","geometry":{"type":"Point","coordinates":[-100.30284,25.64249]},"properties":{"s":"osm","k":"semaforo_osm"}},{"type":"Feature","geometry":{"type":"Point","coordinates":[-100.29268,25.65159]},"properties":{"s":"osm","k":"semaforo_osm"}},{"type":"Feature","geometry":{"type":"Point","coordinates":[-100.2957,25.63774]},"properties":{"s":"osm","k":"semaforo_osm"}},{"type":"Feature","geometry":{"type":"Point","coordinates":[-100.27308,25.62684]},"properties":{"s":"osm","k":"semaforo_osm"}},{"type":"Feature","geometry":{"type":"Point","coordinates":[-100.27323,25.62689]},"properties":{"s":"osm","k":"semaforo_osm"}},{"type":"Feature","geometry":{"type":"Point","coordinates":[-100.27408,25.64304]},"properties":{"s":"osm","k":"semaforo_osm"}},{"type":"Feature","geometry":{"type":"Point","coordinates":[-100.36604,25.65629]},"properties":{"s":"osm","k":"semaforo_osm"}},{"type":"Feature","geometry":{"type":"Point","coordinates":[-100.36618,25.65584]},"properties":{"s":"osm","k":"semaforo_osm"}},{"type":"Feature","geometry":{"type":"Point","coordinates":[-100.37687,25.65941]},"properties":{"s":"osm","k":"semaforo_osm"}},{"type":"Feature","geometry":{"type":"Point","coordinates":[-100.37701,25.659]},"properties":{"s":"osm","k":"semaforo_osm"}},{"type":"Feature","geometry":{"type":"Point","coordinates":[-100.40791,25.65662]},"properties":{"s":"osm","k":"semaforo_osm"}},{"type":"Feature","geometry":{"type":"Point","coordinates":[-100.40705,25.66376]},"properties":{"s":"osm","k":"semaforo_osm"}},{"type":"Feature","geometry":{"type":"Point","coordinates":[-100.40645,25.65613]},"properties":{"s":"osm","k":"semaforo_osm"}},{"type":"Feature","geometry":{"type":"Point","coordinates":[-100.40354,25.66248]},"properties":{"s":"osm","k":"semaforo_osm"}},{"type":"Feature","geometry":{"type":"Point","coordinates":[-100.39641,25.66005]},"properties":{"s":"osm","k":"semaforo_osm"}},{"type":"Feature","geometry":{"type":"Point","coordinates":[-100.40197,25.65461]},"properties":{"s":"osm","k":"semaforo_osm"}},{"type":"Feature","geometry":{"type":"Point","coordinates":[-100.39241,25.65122]},"properties":{"s":"osm","k":"semaforo_osm"}},{"type":"Feature","geometry":{"type":"Point","coordinates":[-100.33349,25.64444]},"properties":{"s":"osm","k":"semaforo_osm"}},{"type":"Feature","geometry":{"type":"Point","coordinates":[-100.30142,25.63121]},"properties":{"s":"osm","k":"semaforo_osm"}},{"type":"Feature","geometry":{"type":"Point","coordinates":[-100.30115,25.63155]},"properties":{"s":"osm","k":"semaforo_osm"}},{"type":"Feature","geometry":{"type":"Point","coordinates":[-100.36861,25.66486]},"properties":{"s":"osm","k":"semaforo_osm"}},{"type":"Feature","geometry":{"type":"Point","coordinates":[-100.36831,25.66245]},"properties":{"s":"osm","k":"semaforo_osm"}},{"type":"Feature","geometry":{"type":"Point","coordinates":[-100.36976,25.65958]},"properties":{"s":"osm","k":"semaforo_osm"}},{"type":"Feature","geometry":{"type":"Point","coordinates":[-100.36907,25.66155]},"properties":{"s":"osm","k":"semaforo_osm"}},{"type":"Feature","geometry":{"type":"Point","coordinates":[-100.36859,25.66142]},"properties":{"s":"osm","k":"semaforo_osm"}},{"type":"Feature","geometry":{"type":"Point","coordinates":[-100.37122,25.65148]},"properties":{"s":"osm","k":"semaforo_osm"}},{"type":"Feature","geometry":{"type":"Point","coordinates":[-100.37184,25.65144]},"properties":{"s":"osm","k":"semaforo_osm"}},{"type":"Feature","geometry":{"type":"Point","coordinates":[-100.37133,25.65513]},"properties":{"s":"osm","k":"semaforo_osm"}},{"type":"Feature","geometry":{"type":"Point","coordinates":[-100.37086,25.655]},"properties":{"s":"osm","k":"semaforo_osm"}},{"type":"Feature","geometry":{"type":"Point","coordinates":[-100.27285,25.63817]},"properties":{"s":"osm","k":"semaforo_osm"}},{"type":"Feature","geometry":{"type":"Point","coordinates":[-100.30747,25.639]},"properties":{"s":"osm","k":"semaforo_osm"}},{"type":"Feature","geometry":{"type":"Point","coordinates":[-100.40375,25.65521]},"properties":{"s":"osm","k":"semaforo_osm"}},{"type":"Feature","geometry":{"type":"Point","coordinates":[-100.40799,25.65646]},"properties":{"s":"osm","k":"semaforo_osm"}},{"type":"Feature","geometry":{"type":"Point","coordinates":[-100.39201,25.65838]},"properties":{"s":"osm","k":"semaforo_osm"}},{"type":"Feature","geometry":{"type":"Point","coordinates":[-100.39732,25.66036]},"properties":{"s":"osm","k":"semaforo_osm"}},{"type":"Feature","geometry":{"type":"Point","coordinates":[-100.28212,25.66024]},"properties":{"s":"osm","k":"semaforo_osm"}},{"type":"Feature","geometry":{"type":"Point","coordinates":[-100.30128,25.63111]},"properties":{"s":"osm","k":"semaforo_osm"}},{"type":"Feature","geometry":{"type":"Point","coordinates":[-100.28978,25.63635]},"properties":{"s":"osm","k":"semaforo_osm"}},{"type":"Feature","geometry":{"type":"Point","coordinates":[-100.29555,25.63762]},"properties":{"s":"osm","k":"semaforo_osm"}},{"type":"Feature","geometry":{"type":"Point","coordinates":[-100.29983,25.63379]},"properties":{"s":"osm","k":"semaforo_osm"}},{"type":"Feature","geometry":{"type":"Point","coordinates":[-100.4088,25.66438]},"properties":{"s":"osm","k":"semaforo_osm"}},{"type":"Feature","geometry":{"type":"Point","coordinates":[-100.3632,25.65545]},"properties":{"s":"osm","k":"semaforo_osm"}},{"type":"Feature","geometry":{"type":"Point","coordinates":[-100.36334,25.65502]},"properties":{"s":"osm","k":"semaforo_osm"}},{"type":"Feature","geometry":{"type":"Point","coordinates":[-100.36879,25.6626]},"properties":{"s":"osm","k":"semaforo_osm"}},{"type":"Feature","geometry":{"type":"Point","coordinates":[-100.37297,25.64224]},"properties":{"s":"osm","k":"semaforo_osm"}},{"type":"Feature","geometry":{"type":"Point","coordinates":[-100.38022,25.64572]},"properties":{"s":"osm","k":"semaforo_osm"}},{"type":"Feature","geometry":{"type":"Point","coordinates":[-100.33494,25.66494]},"properties":{"s":"osm","k":"semaforo_osm"}},{"type":"Feature","geometry":{"type":"Point","coordinates":[-100.27304,25.64039]},"properties":{"s":"osm","k":"semaforo_osm"}},{"type":"Feature","geometry":{"type":"Point","coordinates":[-100.27698,25.65295]},"properties":{"s":"osm","k":"semaforo_osm"}},{"type":"Feature","geometry":{"type":"Point","coordinates":[-100.33393,25.65129]},"properties":{"s":"osm","k":"semaforo_osm"}},{"type":"Feature","geometry":{"type":"Point","coordinates":[-100.33402,25.65147]},"properties":{"s":"osm","k":"semaforo_osm"}},{"type":"Feature","geometry":{"type":"Point","coordinates":[-100.36811,25.66491]},"properties":{"s":"osm","k":"semaforo_osm"}},{"type":"Feature","geometry":{"type":"Point","coordinates":[-100.25782,25.66323]},"properties":{"s":"osm","k":"semaforo_osm"}},{"type":"Feature","geometry":{"type":"Point","coordinates":[-100.27323,25.62668]},"properties":{"s":"osm","k":"semaforo_osm"}},{"type":"Feature","geometry":{"type":"Point","coordinates":[-100.25885,25.66203]},"properties":{"s":"osm","k":"semaforo_osm"}},{"type":"Feature","geometry":{"type":"Point","coordinates":[-100.25873,25.66214]},"properties":{"s":"osm","k":"semaforo_osm"}},{"type":"Feature","geometry":{"type":"Point","coordinates":[-100.25882,25.66179]},"properties":{"s":"osm","k":"semaforo_osm"}},{"type":"Feature","geometry":{"type":"Point","coordinates":[-100.25854,25.66205]},"properties":{"s":"osm","k":"semaforo_osm"}},{"type":"Feature","geometry":{"type":"Point","coordinates":[-100.35284,25.64855]},"properties":{"s":"osm","k":"semaforo_osm"}},{"type":"Feature","geometry":{"type":"Point","coordinates":[-100.35859,25.65025]},"properties":{"s":"osm","k":"semaforo_osm"}},{"type":"Feature","geometry":{"type":"Point","coordinates":[-100.35889,25.65038]},"properties":{"s":"osm","k":"semaforo_osm"}},{"type":"Feature","geometry":{"type":"Point","coordinates":[-100.35295,25.65321]},"properties":{"s":"osm","k":"semaforo_osm"}},{"type":"Feature","geometry":{"type":"Point","coordinates":[-100.35276,25.65315]},"properties":{"s":"osm","k":"semaforo_osm"}},{"type":"Feature","geometry":{"type":"Point","coordinates":[-100.3829,25.66116]},"properties":{"s":"osm","k":"semaforo_osm"}},{"type":"Feature","geometry":{"type":"Point","coordinates":[-100.37746,25.64491]},"properties":{"s":"osm","k":"semaforo_osm"}},{"type":"Feature","geometry":{"type":"Point","coordinates":[-100.41162,25.65778]},"properties":{"s":"osm","k":"semaforo_osm"}},{"type":"Feature","geometry":{"type":"Point","coordinates":[-100.39929,25.65356]},"properties":{"s":"osm","k":"semaforo_osm"}},{"type":"Feature","geometry":{"type":"Point","coordinates":[-100.38604,25.64808]},"properties":{"s":"osm","k":"semaforo_osm"}},{"type":"Feature","geometry":{"type":"Point","coordinates":[-100.27722,25.65286]},"properties":{"s":"osm","k":"semaforo_osm"}},{"type":"Feature","geometry":{"type":"Point","coordinates":[-100.27736,25.65298]},"properties":{"s":"osm","k":"semaforo_osm"}},{"type":"Feature","geometry":{"type":"Point","coordinates":[-100.3528,25.6501]},"properties":{"s":"osm","k":"semaforo_osm"}},{"type":"Feature","geometry":{"type":"Point","coordinates":[-100.35291,25.64249]},"properties":{"s":"osm","k":"semaforo_osm"}},{"type":"Feature","geometry":{"type":"Point","coordinates":[-100.29533,25.63771]},"properties":{"s":"osm","k":"semaforo_osm"}},{"type":"Feature","geometry":{"type":"Point","coordinates":[-100.40387,25.65512]},"properties":{"s":"osm","k":"semaforo_osm"}},{"type":"Feature","geometry":{"type":"Point","coordinates":[-100.40192,25.65446]},"properties":{"s":"osm","k":"semaforo_osm"}},{"type":"Feature","geometry":{"type":"Point","coordinates":[-100.4021,25.65452]},"properties":{"s":"osm","k":"semaforo_osm"}},{"type":"Feature","geometry":{"type":"Point","coordinates":[-100.39586,25.65241]},"properties":{"s":"osm","k":"semaforo_osm"}},{"type":"Feature","geometry":{"type":"Point","coordinates":[-100.36903,25.66168]},"properties":{"s":"osm","k":"semaforo_osm"}},{"type":"Feature","geometry":{"type":"Point","coordinates":[-100.36854,25.66156]},"properties":{"s":"osm","k":"semaforo_osm"}},{"type":"Feature","geometry":{"type":"Point","coordinates":[-100.36881,25.66245]},"properties":{"s":"osm","k":"semaforo_osm"}},{"type":"Feature","geometry":{"type":"Point","coordinates":[-100.36834,25.66231]},"properties":{"s":"osm","k":"semaforo_osm"}},{"type":"Feature","geometry":{"type":"Point","coordinates":[-100.37081,25.65515]},"properties":{"s":"osm","k":"semaforo_osm"}},{"type":"Feature","geometry":{"type":"Point","coordinates":[-100.37091,25.65485]},"properties":{"s":"osm","k":"semaforo_osm"}},{"type":"Feature","geometry":{"type":"Point","coordinates":[-100.37705,25.65945]},"properties":{"s":"osm","k":"semaforo_osm"}},{"type":"Feature","geometry":{"type":"Point","coordinates":[-100.37669,25.65936]},"properties":{"s":"osm","k":"semaforo_osm"}},{"type":"Feature","geometry":{"type":"Point","coordinates":[-100.37138,25.655]},"properties":{"s":"osm","k":"semaforo_osm"}},{"type":"Feature","geometry":{"type":"Point","coordinates":[-100.37626,25.65157]},"properties":{"s":"osm","k":"semaforo_osm"}},{"type":"Feature","geometry":{"type":"Point","coordinates":[-100.2896,25.65348]},"properties":{"s":"osm","k":"semaforo_osm"}},{"type":"Feature","geometry":{"type":"Point","coordinates":[-100.28984,25.65346]},"properties":{"s":"osm","k":"semaforo_osm"}},{"type":"Feature","geometry":{"type":"Point","coordinates":[-100.28656,25.65051]},"properties":{"s":"osm","k":"semaforo_osm"}},{"type":"Feature","geometry":{"type":"Point","coordinates":[-100.349,25.64242]},"properties":{"s":"osm","k":"semaforo_osm"}},{"type":"Feature","geometry":{"type":"Point","coordinates":[-100.35285,25.64586]},"properties":{"s":"osm","k":"semaforo_osm"}},{"type":"Feature","geometry":{"type":"Point","coordinates":[-100.35276,25.64563]},"properties":{"s":"osm","k":"semaforo_osm"}},{"type":"Feature","geometry":{"type":"Point","coordinates":[-100.35274,25.6483]},"properties":{"s":"osm","k":"semaforo_osm"}},{"type":"Feature","geometry":{"type":"Point","coordinates":[-100.33645,25.64804]},"properties":{"s":"osm","k":"semaforo_osm"}},{"type":"Feature","geometry":{"type":"Point","coordinates":[-100.32778,25.66467]},"properties":{"s":"osm","k":"semaforo_osm"}},{"type":"Feature","geometry":{"type":"Point","coordinates":[-100.41142,25.65783]},"properties":{"s":"osm","k":"semaforo_osm"}},{"type":"Feature","geometry":{"type":"Point","coordinates":[-100.29548,25.63782]},"properties":{"s":"osm","k":"semaforo_osm"}},{"type":"Feature","geometry":{"type":"Point","coordinates":[-100.27975,25.65243]},"properties":{"s":"osm","k":"semaforo_osm"}},{"type":"Feature","geometry":{"type":"Point","coordinates":[-100.28039,25.6523]},"properties":{"s":"osm","k":"semaforo_osm"}},{"type":"Feature","geometry":{"type":"Point","coordinates":[-100.2879,25.65387]},"properties":{"s":"osm","k":"semaforo_osm"}},{"type":"Feature","geometry":{"type":"Point","coordinates":[-100.40019,25.654]},"properties":{"s":"osm","k":"semaforo_osm"}},{"type":"Feature","geometry":{"type":"Point","coordinates":[-100.3564,25.63897]},"properties":{"s":"osm","k":"semaforo_osm"}},{"type":"Feature","geometry":{"type":"Point","coordinates":[-100.27382,25.6431]},"properties":{"s":"osm","k":"semaforo_osm"}},{"type":"Feature","geometry":{"type":"Point","coordinates":[-100.29384,25.65547]},"properties":{"s":"osm","k":"semaforo_osm"}},{"type":"Feature","geometry":{"type":"Point","coordinates":[-100.29245,25.65179]},"properties":{"s":"osm","k":"semaforo_osm"}},{"type":"Feature","geometry":{"type":"Point","coordinates":[-100.40526,25.6631]},"properties":{"s":"osm","k":"semaforo_osm"}},{"type":"Feature","geometry":{"type":"Point","coordinates":[-100.28775,25.6538]},"properties":{"s":"osm","k":"semaforo_osm"}},{"type":"Feature","geometry":{"type":"Point","coordinates":[-100.28987,25.65362]},"properties":{"s":"osm","k":"semaforo_osm"}},{"type":"Feature","geometry":{"type":"Point","coordinates":[-100.28417,25.65302]},"properties":{"s":"osm","k":"semaforo_osm"}},{"type":"Feature","geometry":{"type":"Point","coordinates":[-100.27711,25.65309]},"properties":{"s":"osm","k":"semaforo_osm"}},{"type":"Feature","geometry":{"type":"Point","coordinates":[-100.28242,25.66023]},"properties":{"s":"osm","k":"semaforo_osm"}},{"type":"Feature","geometry":{"type":"Point","coordinates":[-100.27418,25.64348]},"properties":{"s":"osm","k":"semaforo_osm"}},{"type":"Feature","geometry":{"type":"Point","coordinates":[-100.37801,25.65219]},"properties":{"s":"osm","k":"semaforo_osm"}},{"type":"Feature","geometry":{"type":"Point","coordinates":[-100.28398,25.66008]},"properties":{"s":"osm","k":"semaforo_osm"}},{"type":"Feature","geometry":{"type":"Point","coordinates":[-100.28403,25.66026]},"properties":{"s":"osm","k":"semaforo_osm"}},{"type":"Feature","geometry":{"type":"Point","coordinates":[-100.29968,25.63366]},"properties":{"s":"osm","k":"semaforo_osm"}},{"type":"Feature","geometry":{"type":"Point","coordinates":[-100.37884,25.64515]},"properties":{"s":"osm","k":"semaforo_osm"}},{"type":"Feature","geometry":{"type":"Point","coordinates":[-100.37876,25.64538]},"properties":{"s":"osm","k":"semaforo_osm"}},{"type":"Feature","geometry":{"type":"Point","coordinates":[-100.33924,25.6513]},"properties":{"s":"osm","k":"semaforo_osm"}},{"type":"Feature","geometry":{"type":"Point","coordinates":[-100.33707,25.64792]},"properties":{"s":"osm","k":"semaforo_osm"}},{"type":"Feature","geometry":{"type":"Point","coordinates":[-100.33911,25.64787]},"properties":{"s":"osm","k":"semaforo_osm"}},{"type":"Feature","geometry":{"type":"Point","coordinates":[-100.28398,25.65307]},"properties":{"s":"osm","k":"semaforo_osm"}},{"type":"Feature","geometry":{"type":"Point","coordinates":[-100.38527,25.65521]},"properties":{"s":"osm","k":"semaforo_osm"}},{"type":"Feature","geometry":{"type":"Point","coordinates":[-100.32774,25.66481]},"properties":{"s":"osm","k":"semaforo_osm"}},{"type":"Feature","geometry":{"type":"Point","coordinates":[-100.383,25.66097]},"properties":{"s":"osm","k":"semaforo_osm"}},{"type":"Feature","geometry":{"type":"Point","coordinates":[-100.38298,25.66128]},"properties":{"s":"osm","k":"semaforo_osm"}},{"type":"Feature","geometry":{"type":"Point","coordinates":[-100.13471,25.65713]},"properties":{"s":"osm","k":"semaforo_osm"}},{"type":"Feature","geometry":{"type":"Point","coordinates":[-100.15018,25.66071]},"properties":{"s":"osm","k":"semaforo_osm"}},{"type":"Feature","geometry":{"type":"Point","coordinates":[-100.18303,25.6556]},"properties":{"s":"osm","k":"semaforo_osm"}},{"type":"Feature","geometry":{"type":"Point","coordinates":[-100.18299,25.65584]},"properties":{"s":"osm","k":"semaforo_osm"}},{"type":"Feature","geometry":{"type":"Point","coordinates":[-100.23448,25.66075]},"properties":{"s":"osm","k":"semaforo_osm"}},{"type":"Feature","geometry":{"type":"Point","coordinates":[-100.23444,25.6609]},"properties":{"s":"osm","k":"semaforo_osm"}},{"type":"Feature","geometry":{"type":"Point","coordinates":[-100.21573,25.65602]},"properties":{"s":"osm","k":"semaforo_osm"}},{"type":"Feature","geometry":{"type":"Point","coordinates":[-100.2158,25.6562]},"properties":{"s":"osm","k":"semaforo_osm"}},{"type":"Feature","geometry":{"type":"Point","coordinates":[-100.20864,25.65441]},"properties":{"s":"osm","k":"semaforo_osm"}},{"type":"Feature","geometry":{"type":"Point","coordinates":[-100.20867,25.65421]},"properties":{"s":"osm","k":"semaforo_osm"}},{"type":"Feature","geometry":{"type":"Point","coordinates":[-100.23966,25.66225]},"properties":{"s":"osm","k":"semaforo_osm"}},{"type":"Feature","geometry":{"type":"Point","coordinates":[-100.23969,25.66206]},"properties":{"s":"osm","k":"semaforo_osm"}},{"type":"Feature","geometry":{"type":"Point","coordinates":[-100.22941,25.65947]},"properties":{"s":"osm","k":"semaforo_osm"}},{"type":"Feature","geometry":{"type":"Point","coordinates":[-100.22502,25.6585]},"properties":{"s":"osm","k":"semaforo_osm"}},{"type":"Feature","geometry":{"type":"Point","coordinates":[-100.22189,25.65758]},"properties":{"s":"osm","k":"semaforo_osm"}},{"type":"Feature","geometry":{"type":"Point","coordinates":[-100.22186,25.65771]},"properties":{"s":"osm","k":"semaforo_osm"}},{"type":"Feature","geometry":{"type":"Point","coordinates":[-100.22505,25.65836]},"properties":{"s":"osm","k":"semaforo_osm"}},{"type":"Feature","geometry":{"type":"Point","coordinates":[-100.2006,25.66255]},"properties":{"s":"osm","k":"semaforo_osm"}},{"type":"Feature","geometry":{"type":"Point","coordinates":[-100.1787,25.6607]},"properties":{"s":"osm","k":"semaforo_osm"}},{"type":"Feature","geometry":{"type":"Point","coordinates":[-100.14687,25.65984]},"properties":{"s":"osm","k":"semaforo_osm"}},{"type":"Feature","geometry":{"type":"Point","coordinates":[-100.20209,25.65273]},"properties":{"s":"osm","k":"semaforo_osm"}},{"type":"Feature","geometry":{"type":"Point","coordinates":[-100.20067,25.66235]},"properties":{"s":"osm","k":"semaforo_osm"}},{"type":"Feature","geometry":{"type":"Point","coordinates":[-100.18431,25.65633]},"properties":{"s":"osm","k":"semaforo_osm"}},{"type":"Feature","geometry":{"type":"Point","coordinates":[-100.22937,25.65961]},"properties":{"s":"osm","k":"semaforo_osm"}},{"type":"Feature","geometry":{"type":"Point","coordinates":[-100.16166,25.66365]},"properties":{"s":"osm","k":"semaforo_osm"}},{"type":"Feature","geometry":{"type":"Point","coordinates":[-100.16167,25.6638]},"properties":{"s":"osm","k":"semaforo_osm"}},{"type":"Feature","geometry":{"type":"Point","coordinates":[-100.1511,25.66095]},"properties":{"s":"osm","k":"semaforo_osm"}},{"type":"Feature","geometry":{"type":"Point","coordinates":[-100.15091,25.6609]},"properties":{"s":"osm","k":"semaforo_osm"}},{"type":"Feature","geometry":{"type":"Point","coordinates":[-100.14672,25.65993]},"properties":{"s":"osm","k":"semaforo_osm"}},{"type":"Feature","geometry":{"type":"Point","coordinates":[-100.19751,25.6514]},"properties":{"s":"osm","k":"semaforo_osm"}},{"type":"Feature","geometry":{"type":"Point","coordinates":[-100.12315,25.65499]},"properties":{"s":"osm","k":"semaforo_osm"}},{"type":"Feature","geometry":{"type":"Point","coordinates":[-100.12729,25.65579]},"properties":{"s":"osm","k":"semaforo_osm"}},{"type":"Feature","geometry":{"type":"Point","coordinates":[-100.11042,25.65254]},"properties":{"s":"osm","k":"semaforo_osm"}},{"type":"Feature","geometry":{"type":"Point","coordinates":[-100.18792,25.64916]},"properties":{"s":"osm","k":"semaforo_osm"}},{"type":"Feature","geometry":{"type":"Point","coordinates":[-100.18893,25.64915]},"properties":{"s":"osm","k":"semaforo_osm"}},{"type":"Feature","geometry":{"type":"Point","coordinates":[-100.08831,25.64017]},"properties":{"s":"osm","k":"semaforo_osm"}},{"type":"Feature","geometry":{"type":"Point","coordinates":[-100.09956,25.64805]},"properties":{"s":"osm","k":"semaforo_osm"}},{"type":"Feature","geometry":{"type":"Point","coordinates":[-100.11234,25.6529]},"properties":{"s":"osm","k":"semaforo_osm"}},{"type":"Feature","geometry":{"type":"Point","coordinates":[-100.15023,25.66086]},"properties":{"s":"osm","k":"semaforo_osm"}},{"type":"Feature","geometry":{"type":"Point","coordinates":[-100.08105,25.65502]},"properties":{"s":"osm","k":"semaforo_osm"}},{"type":"Feature","geometry":{"type":"Point","coordinates":[-100.20217,25.65256]},"properties":{"s":"osm","k":"semaforo_osm"}},{"type":"Feature","geometry":{"type":"Point","coordinates":[-100.18871,25.64877]},"properties":{"s":"osm","k":"semaforo_osm"}},{"type":"Feature","geometry":{"type":"Point","coordinates":[-100.18855,25.64903]},"properties":{"s":"osm","k":"semaforo_osm"}},{"type":"Feature","geometry":{"type":"Point","coordinates":[-100.18869,25.64909]},"properties":{"s":"osm","k":"semaforo_osm"}},{"type":"Feature","geometry":{"type":"Point","coordinates":[-100.1883,25.64926]},"properties":{"s":"osm","k":"semaforo_osm"}},{"type":"Feature","geometry":{"type":"Point","coordinates":[-100.18844,25.64933]},"properties":{"s":"osm","k":"semaforo_osm"}},{"type":"Feature","geometry":{"type":"Point","coordinates":[-100.19001,25.6586]},"properties":{"s":"osm","k":"semaforo_osm"}},{"type":"Feature","geometry":{"type":"Point","coordinates":[-100.2069,25.66463]},"properties":{"s":"osm","k":"semaforo_osm"}},{"type":"Feature","geometry":{"type":"Point","coordinates":[-100.20667,25.66446]},"properties":{"s":"osm","k":"semaforo_osm"}},{"type":"Feature","geometry":{"type":"Point","coordinates":[-100.20659,25.66468]},"properties":{"s":"osm","k":"semaforo_osm"}},{"type":"Feature","geometry":{"type":"Point","coordinates":[-100.20674,25.66483]},"properties":{"s":"osm","k":"semaforo_osm"}},{"type":"Feature","geometry":{"type":"Point","coordinates":[-100.19004,25.65829]},"properties":{"s":"osm","k":"semaforo_osm"}},{"type":"Feature","geometry":{"type":"Point","coordinates":[-100.1898,25.65816]},"properties":{"s":"osm","k":"semaforo_osm"}},{"type":"Feature","geometry":{"type":"Point","coordinates":[-100.18977,25.65841]},"properties":{"s":"osm","k":"semaforo_osm"}},{"type":"Feature","geometry":{"type":"Point","coordinates":[-100.18444,25.65615]},"properties":{"s":"osm","k":"semaforo_osm"}},{"type":"Feature","geometry":{"type":"Point","coordinates":[-100.18078,25.655]},"properties":{"s":"osm","k":"semaforo_osm"}},{"type":"Feature","geometry":{"type":"Point","coordinates":[-100.16678,25.64964]},"properties":{"s":"osm","k":"semaforo_osm"}},{"type":"Feature","geometry":{"type":"Point","coordinates":[-100.16657,25.64954]},"properties":{"s":"osm","k":"semaforo_osm"}},{"type":"Feature","geometry":{"type":"Point","coordinates":[-100.16642,25.64986]},"properties":{"s":"osm","k":"semaforo_osm"}},{"type":"Feature","geometry":{"type":"Point","coordinates":[-100.16664,25.64995]},"properties":{"s":"osm","k":"semaforo_osm"}},{"type":"Feature","geometry":{"type":"Point","coordinates":[-100.1858,25.65226]},"properties":{"s":"osm","k":"semaforo_osm"}},{"type":"Feature","geometry":{"type":"Point","coordinates":[-100.1856,25.65239]},"properties":{"s":"osm","k":"semaforo_osm"}},{"type":"Feature","geometry":{"type":"Point","coordinates":[-100.1856,25.65271]},"properties":{"s":"osm","k":"semaforo_osm"}},{"type":"Feature","geometry":{"type":"Point","coordinates":[-100.17089,25.64466]},"properties":{"s":"osm","k":"semaforo_osm"}},{"type":"Feature","geometry":{"type":"Point","coordinates":[-100.17055,25.64472]},"properties":{"s":"osm","k":"semaforo_osm"}},{"type":"Feature","geometry":{"type":"Point","coordinates":[-100.20559,25.65353]},"properties":{"s":"osm","k":"semaforo_osm"}},{"type":"Feature","geometry":{"type":"Point","coordinates":[-100.19736,25.65159]},"properties":{"s":"osm","k":"semaforo_osm"}},{"type":"Feature","geometry":{"type":"Point","coordinates":[-100.19716,25.65147]},"properties":{"s":"osm","k":"semaforo_osm"}},{"type":"Feature","geometry":{"type":"Point","coordinates":[-100.15478,25.62869]},"properties":{"s":"osm","k":"semaforo_osm"}},{"type":"Feature","geometry":{"type":"Point","coordinates":[-100.15488,25.62858]},"properties":{"s":"osm","k":"semaforo_osm"}},{"type":"Feature","geometry":{"type":"Point","coordinates":[-100.15282,25.63991]},"properties":{"s":"osm","k":"semaforo_osm"}},{"type":"Feature","geometry":{"type":"Point","coordinates":[-100.15256,25.64009]},"properties":{"s":"osm","k":"semaforo_osm"}},{"type":"Feature","geometry":{"type":"Point","coordinates":[-100.15247,25.63995]},"properties":{"s":"osm","k":"semaforo_osm"}},{"type":"Feature","geometry":{"type":"Point","coordinates":[-100.15266,25.63981]},"properties":{"s":"osm","k":"semaforo_osm"}},{"type":"Feature","geometry":{"type":"Point","coordinates":[-100.14535,25.64789]},"properties":{"s":"osm","k":"semaforo_osm"}},{"type":"Feature","geometry":{"type":"Point","coordinates":[-100.14519,25.64772]},"properties":{"s":"osm","k":"semaforo_osm"}},{"type":"Feature","geometry":{"type":"Point","coordinates":[-100.14496,25.64807]},"properties":{"s":"osm","k":"semaforo_osm"}},{"type":"Feature","geometry":{"type":"Point","coordinates":[-100.10182,25.64953]},"properties":{"s":"osm","k":"semaforo_osm"}},{"type":"Feature","geometry":{"type":"Point","coordinates":[-100.1016,25.6496]},"properties":{"s":"osm","k":"semaforo_osm"}},{"type":"Feature","geometry":{"type":"Point","coordinates":[-100.08921,25.64091]},"properties":{"s":"osm","k":"semaforo_osm"}},{"type":"Feature","geometry":{"type":"Point","coordinates":[-100.08931,25.64072]},"properties":{"s":"osm","k":"semaforo_osm"}},{"type":"Feature","geometry":{"type":"Point","coordinates":[-100.08909,25.64075]},"properties":{"s":"osm","k":"semaforo_osm"}},{"type":"Feature","geometry":{"type":"Point","coordinates":[-100.09246,25.64311]},"properties":{"s":"osm","k":"semaforo_osm"}},{"type":"Feature","geometry":{"type":"Point","coordinates":[-100.09232,25.64301]},"properties":{"s":"osm","k":"semaforo_osm"}},{"type":"Feature","geometry":{"type":"Point","coordinates":[-100.10689,25.61839]},"properties":{"s":"osm","k":"semaforo_osm"}},{"type":"Feature","geometry":{"type":"Point","coordinates":[-100.10672,25.6186]},"properties":{"s":"osm","k":"semaforo_osm"}},{"type":"Feature","geometry":{"type":"Point","coordinates":[-100.10678,25.61823]},"properties":{"s":"osm","k":"semaforo_osm"}},{"type":"Feature","geometry":{"type":"Point","coordinates":[-100.10662,25.61842]},"properties":{"s":"osm","k":"semaforo_osm"}},{"type":"Feature","geometry":{"type":"Point","coordinates":[-100.10013,25.62987]},"properties":{"s":"osm","k":"semaforo_osm"}},{"type":"Feature","geometry":{"type":"Point","coordinates":[-100.10017,25.63011]},"properties":{"s":"osm","k":"semaforo_osm"}},{"type":"Feature","geometry":{"type":"Point","coordinates":[-100.10031,25.62998]},"properties":{"s":"osm","k":"semaforo_osm"}},{"type":"Feature","geometry":{"type":"Point","coordinates":[-100.1,25.62998]},"properties":{"s":"osm","k":"semaforo_osm"}},{"type":"Feature","geometry":{"type":"Point","coordinates":[-100.0934,25.64166]},"properties":{"s":"osm","k":"semaforo_osm"}},{"type":"Feature","geometry":{"type":"Point","coordinates":[-100.48492,25.68526]},"properties":{"s":"osm","k":"semaforo_osm"}},{"type":"Feature","geometry":{"type":"Point","coordinates":[-100.48685,25.68339]},"properties":{"s":"osm","k":"semaforo_osm"}},{"type":"Feature","geometry":{"type":"Point","coordinates":[-100.4598,25.67429]},"properties":{"s":"osm","k":"semaforo_osm"}},{"type":"Feature","geometry":{"type":"Point","coordinates":[-100.46278,25.674]},"properties":{"s":"osm","k":"semaforo_osm"}},{"type":"Feature","geometry":{"type":"Point","coordinates":[-100.46512,25.67372]},"properties":{"s":"osm","k":"semaforo_osm"}},{"type":"Feature","geometry":{"type":"Point","coordinates":[-100.47544,25.67661]},"properties":{"s":"osm","k":"semaforo_osm"}},{"type":"Feature","geometry":{"type":"Point","coordinates":[-100.47525,25.67665]},"properties":{"s":"osm","k":"semaforo_osm"}},{"type":"Feature","geometry":{"type":"Point","coordinates":[-100.46164,25.67415]},"properties":{"s":"osm","k":"semaforo_osm"}},{"type":"Feature","geometry":{"type":"Point","coordinates":[-100.48559,25.68525]},"properties":{"s":"osm","k":"semaforo_osm"}},{"type":"Feature","geometry":{"type":"Point","coordinates":[-100.45616,25.69343]},"properties":{"s":"osm","k":"semaforo_osm"}},{"type":"Feature","geometry":{"type":"Point","coordinates":[-100.45763,25.67434]},"properties":{"s":"osm","k":"semaforo_osm"}},{"type":"Feature","geometry":{"type":"Point","coordinates":[-100.45818,25.69259]},"properties":{"s":"osm","k":"semaforo_osm"}},{"type":"Feature","geometry":{"type":"Point","coordinates":[-100.52374,25.73541]},"properties":{"s":"osm","k":"semaforo_osm"}},{"type":"Feature","geometry":{"type":"Point","coordinates":[-100.52388,25.73563]},"properties":{"s":"osm","k":"semaforo_osm"}},{"type":"Feature","geometry":{"type":"Point","coordinates":[-100.48408,25.68118]},"properties":{"s":"osm","k":"semaforo_osm"}},{"type":"Feature","geometry":{"type":"Point","coordinates":[-100.48642,25.68326]},"properties":{"s":"osm","k":"semaforo_osm"}},{"type":"Feature","geometry":{"type":"Point","coordinates":[-100.48491,25.68511]},"properties":{"s":"osm","k":"semaforo_osm"}},{"type":"Feature","geometry":{"type":"Point","coordinates":[-100.466,25.68558]},"properties":{"s":"osm","k":"semaforo_osm"}},{"type":"Feature","geometry":{"type":"Point","coordinates":[-100.49775,25.68824]},"properties":{"s":"osm","k":"semaforo_osm"}},{"type":"Feature","geometry":{"type":"Point","coordinates":[-100.48535,25.6851]},"properties":{"s":"osm","k":"semaforo_osm"}},{"type":"Feature","geometry":{"type":"Point","coordinates":[-100.48663,25.68343]},"properties":{"s":"osm","k":"semaforo_osm"}},{"type":"Feature","geometry":{"type":"Point","coordinates":[-100.48392,25.68119]},"properties":{"s":"osm","k":"semaforo_osm"}},{"type":"Feature","geometry":{"type":"Point","coordinates":[-100.46079,25.67425]},"properties":{"s":"osm","k":"semaforo_osm"}},{"type":"Feature","geometry":{"type":"Point","coordinates":[-100.46981,25.6749]},"properties":{"s":"osm","k":"semaforo_osm"}},{"type":"Feature","geometry":{"type":"Point","coordinates":[-100.52386,25.73532]},"properties":{"s":"osm","k":"semaforo_osm"}},{"type":"Feature","geometry":{"type":"Point","coordinates":[-100.52372,25.73575]},"properties":{"s":"osm","k":"semaforo_osm"}},{"type":"Feature","geometry":{"type":"Point","coordinates":[-100.45812,25.69272]},"properties":{"s":"osm","k":"semaforo_osm"}},{"type":"Feature","geometry":{"type":"Point","coordinates":[-100.35737,25.70882]},"properties":{"s":"osm","k":"semaforo_osm"}},{"type":"Feature","geometry":{"type":"Point","coordinates":[-100.35753,25.70894]},"properties":{"s":"osm","k":"semaforo_osm"}},{"type":"Feature","geometry":{"type":"Point","coordinates":[-100.34276,25.70953]},"properties":{"s":"osm","k":"semaforo_osm"}},{"type":"Feature","geometry":{"type":"Point","coordinates":[-100.34435,25.69043]},"properties":{"s":"osm","k":"semaforo_osm"}},{"type":"Feature","geometry":{"type":"Point","coordinates":[-100.33067,25.68496]},"properties":{"s":"osm","k":"semaforo_osm"}},{"type":"Feature","geometry":{"type":"Point","coordinates":[-100.33178,25.67805]},"properties":{"s":"osm","k":"semaforo_osm"}},{"type":"Feature","geometry":{"type":"Point","coordinates":[-100.33103,25.68237]},"properties":{"s":"osm","k":"semaforo_osm"}},{"type":"Feature","geometry":{"type":"Point","coordinates":[-100.33079,25.6841]},"properties":{"s":"osm","k":"semaforo_osm"}},{"type":"Feature","geometry":{"type":"Point","coordinates":[-100.30853,25.67551]},"properties":{"s":"osm","k":"semaforo_osm"}},{"type":"Feature","geometry":{"type":"Point","coordinates":[-100.30188,25.74177]},"properties":{"s":"osm","k":"semaforo_osm"}},{"type":"Feature","geometry":{"type":"Point","coordinates":[-100.368,25.67189]},"properties":{"s":"osm","k":"semaforo_osm"}},{"type":"Feature","geometry":{"type":"Point","coordinates":[-100.30833,25.67069]},"properties":{"s":"osm","k":"semaforo_osm"}},{"type":"Feature","geometry":{"type":"Point","coordinates":[-100.30758,25.67541]},"properties":{"s":"osm","k":"semaforo_osm"}},{"type":"Feature","geometry":{"type":"Point","coordinates":[-100.33332,25.68603]},"properties":{"s":"osm","k":"semaforo_osm"}},{"type":"Feature","geometry":{"type":"Point","coordinates":[-100.26542,25.67967]},"properties":{"s":"osm","k":"semaforo_osm"}},{"type":"Feature","geometry":{"type":"Point","coordinates":[-100.38144,25.73904]},"properties":{"s":"osm","k":"semaforo_osm"}},{"type":"Feature","geometry":{"type":"Point","coordinates":[-100.33241,25.67555]},"properties":{"s":"osm","k":"semaforo_osm"}},{"type":"Feature","geometry":{"type":"Point","coordinates":[-100.33091,25.68325]},"properties":{"s":"osm","k":"semaforo_osm"}},{"type":"Feature","geometry":{"type":"Point","coordinates":[-100.33115,25.68151]},"properties":{"s":"osm","k":"semaforo_osm"}},{"type":"Feature","geometry":{"type":"Point","coordinates":[-100.34237,25.70971]},"properties":{"s":"osm","k":"semaforo_osm"}},{"type":"Feature","geometry":{"type":"Point","coordinates":[-100.3427,25.70489]},"properties":{"s":"osm","k":"semaforo_osm"}},{"type":"Feature","geometry":{"type":"Point","coordinates":[-100.33748,25.70457]},"properties":{"s":"osm","k":"semaforo_osm"}},{"type":"Feature","geometry":{"type":"Point","coordinates":[-100.31985,25.70424]},"properties":{"s":"osm","k":"semaforo_osm"}},{"type":"Feature","geometry":{"type":"Point","coordinates":[-100.33427,25.68625]},"properties":{"s":"osm","k":"semaforo_osm"}},{"type":"Feature","geometry":{"type":"Point","coordinates":[-100.3121,25.68556]},"properties":{"s":"osm","k":"semaforo_osm"}},{"type":"Feature","geometry":{"type":"Point","coordinates":[-100.36732,25.6741]},"properties":{"s":"osm","k":"semaforo_osm"}},{"type":"Feature","geometry":{"type":"Point","coordinates":[-100.3646,25.67541]},"properties":{"s":"osm","k":"semaforo_osm"}},{"type":"Feature","geometry":{"type":"Point","coordinates":[-100.35231,25.68094]},"properties":{"s":"osm","k":"semaforo_osm"}},{"type":"Feature","geometry":{"type":"Point","coordinates":[-100.34249,25.72485]},"properties":{"s":"osm","k":"semaforo_osm"}},{"type":"Feature","geometry":{"type":"Point","coordinates":[-100.36871,25.72857]},"properties":{"s":"osm","k":"semaforo_osm"}},{"type":"Feature","geometry":{"type":"Point","coordinates":[-100.35417,25.72562]},"properties":{"s":"osm","k":"semaforo_osm"}},{"type":"Feature","geometry":{"type":"Point","coordinates":[-100.35391,25.72584]},"properties":{"s":"osm","k":"semaforo_osm"}},{"type":"Feature","geometry":{"type":"Point","coordinates":[-100.35765,25.70884]},"properties":{"s":"osm","k":"semaforo_osm"}},{"type":"Feature","geometry":{"type":"Point","coordinates":[-100.37767,25.73503]},"properties":{"s":"osm","k":"semaforo_osm"}},{"type":"Feature","geometry":{"type":"Point","coordinates":[-100.29935,25.73627]},"properties":{"s":"osm","k":"semaforo_osm"}},{"type":"Feature","geometry":{"type":"Point","coordinates":[-100.29742,25.7542]},"properties":{"s":"osm","k":"semaforo_osm"}},{"type":"Feature","geometry":{"type":"Point","coordinates":[-100.30326,25.73037]},"properties":{"s":"osm","k":"semaforo_osm"}},{"type":"Feature","geometry":{"type":"Point","coordinates":[-100.35865,25.67477]},"properties":{"s":"osm","k":"semaforo_osm"}},{"type":"Feature","geometry":{"type":"Point","coordinates":[-100.29219,25.72189]},"properties":{"s":"osm","k":"semaforo_osm"}},{"type":"Feature","geometry":{"type":"Point","coordinates":[-100.28383,25.71551]},"properties":{"s":"osm","k":"semaforo_osm"}},{"type":"Feature","geometry":{"type":"Point","coordinates":[-100.2837,25.71574]},"properties":{"s":"osm","k":"semaforo_osm"}},{"type":"Feature","geometry":{"type":"Point","coordinates":[-100.26851,25.68588]},"properties":{"s":"osm","k":"semaforo_osm"}},{"type":"Feature","geometry":{"type":"Point","coordinates":[-100.26851,25.68568]},"properties":{"s":"osm","k":"semaforo_osm"}},{"type":"Feature","geometry":{"type":"Point","coordinates":[-100.26828,25.68573]},"properties":{"s":"osm","k":"semaforo_osm"}},{"type":"Feature","geometry":{"type":"Point","coordinates":[-100.29229,25.7216]},"properties":{"s":"osm","k":"semaforo_osm"}},{"type":"Feature","geometry":{"type":"Point","coordinates":[-100.27751,25.7035]},"properties":{"s":"osm","k":"semaforo_osm"}},{"type":"Feature","geometry":{"type":"Point","coordinates":[-100.27751,25.70364]},"properties":{"s":"osm","k":"semaforo_osm"}},{"type":"Feature","geometry":{"type":"Point","coordinates":[-100.26085,25.67955]},"properties":{"s":"osm","k":"semaforo_osm"}},{"type":"Feature","geometry":{"type":"Point","coordinates":[-100.29676,25.68403]},"properties":{"s":"osm","k":"semaforo_osm"}},{"type":"Feature","geometry":{"type":"Point","coordinates":[-100.31209,25.68572]},"properties":{"s":"osm","k":"semaforo_osm"}},{"type":"Feature","geometry":{"type":"Point","coordinates":[-100.25836,25.68869]},"properties":{"s":"osm","k":"semaforo_osm"}},{"type":"Feature","geometry":{"type":"Point","coordinates":[-100.35187,25.68078]},"properties":{"s":"osm","k":"semaforo_osm"}},{"type":"Feature","geometry":{"type":"Point","coordinates":[-100.36986,25.72662]},"properties":{"s":"osm","k":"semaforo_osm"}},{"type":"Feature","geometry":{"type":"Point","coordinates":[-100.34158,25.68636]},"properties":{"s":"osm","k":"semaforo_osm"}},{"type":"Feature","geometry":{"type":"Point","coordinates":[-100.25973,25.67965]},"properties":{"s":"osm","k":"semaforo_osm"}},{"type":"Feature","geometry":{"type":"Point","coordinates":[-100.26713,25.66561]},"properties":{"s":"osm","k":"semaforo_osm"}},{"type":"Feature","geometry":{"type":"Point","coordinates":[-100.34142,25.68612]},"properties":{"s":"osm","k":"semaforo_osm"}},{"type":"Feature","geometry":{"type":"Point","coordinates":[-100.2783,25.66643]},"properties":{"s":"osm","k":"semaforo_osm"}},{"type":"Feature","geometry":{"type":"Point","coordinates":[-100.26318,25.67951]},"properties":{"s":"osm","k":"semaforo_osm"}},{"type":"Feature","geometry":{"type":"Point","coordinates":[-100.25857,25.67967]},"properties":{"s":"osm","k":"semaforo_osm"}},{"type":"Feature","geometry":{"type":"Point","coordinates":[-100.25857,25.67981]},"properties":{"s":"osm","k":"semaforo_osm"}},{"type":"Feature","geometry":{"type":"Point","coordinates":[-100.25742,25.67982]},"properties":{"s":"osm","k":"semaforo_osm"}},{"type":"Feature","geometry":{"type":"Point","coordinates":[-100.3169,25.68985]},"properties":{"s":"osm","k":"semaforo_osm"}},{"type":"Feature","geometry":{"type":"Point","coordinates":[-100.34426,25.6903]},"properties":{"s":"osm","k":"semaforo_osm"}},{"type":"Feature","geometry":{"type":"Point","coordinates":[-100.2812,25.66677]},"properties":{"s":"osm","k":"semaforo_osm"}},{"type":"Feature","geometry":{"type":"Point","coordinates":[-100.27995,25.66661]},"properties":{"s":"osm","k":"semaforo_osm"}},{"type":"Feature","geometry":{"type":"Point","coordinates":[-100.29583,25.7586]},"properties":{"s":"osm","k":"semaforo_osm"}},{"type":"Feature","geometry":{"type":"Point","coordinates":[-100.29332,25.75442]},"properties":{"s":"osm","k":"semaforo_osm"}},{"type":"Feature","geometry":{"type":"Point","coordinates":[-100.28993,25.75533]},"properties":{"s":"osm","k":"semaforo_osm"}},{"type":"Feature","geometry":{"type":"Point","coordinates":[-100.2958,25.75375]},"properties":{"s":"osm","k":"semaforo_osm"}},{"type":"Feature","geometry":{"type":"Point","coordinates":[-100.2853,25.74158]},"properties":{"s":"osm","k":"semaforo_osm"}},{"type":"Feature","geometry":{"type":"Point","coordinates":[-100.26934,25.74589]},"properties":{"s":"osm","k":"semaforo_osm"}},{"type":"Feature","geometry":{"type":"Point","coordinates":[-100.26916,25.74613]},"properties":{"s":"osm","k":"semaforo_osm"}},{"type":"Feature","geometry":{"type":"Point","coordinates":[-100.29704,25.68211]},"properties":{"s":"osm","k":"semaforo_osm"}},{"type":"Feature","geometry":{"type":"Point","coordinates":[-100.29714,25.68224]},"properties":{"s":"osm","k":"semaforo_osm"}},{"type":"Feature","geometry":{"type":"Point","coordinates":[-100.25774,25.68874]},"properties":{"s":"osm","k":"semaforo_osm"}},{"type":"Feature","geometry":{"type":"Point","coordinates":[-100.28155,25.66681]},"properties":{"s":"osm","k":"semaforo_osm"}},{"type":"Feature","geometry":{"type":"Point","coordinates":[-100.28449,25.66717]},"properties":{"s":"osm","k":"semaforo_osm"}},{"type":"Feature","geometry":{"type":"Point","coordinates":[-100.29423,25.68816]},"properties":{"s":"osm","k":"semaforo_osm"}},{"type":"Feature","geometry":{"type":"Point","coordinates":[-100.29424,25.68802]},"properties":{"s":"osm","k":"semaforo_osm"}},{"type":"Feature","geometry":{"type":"Point","coordinates":[-100.28521,25.70361]},"properties":{"s":"osm","k":"semaforo_osm"}},{"type":"Feature","geometry":{"type":"Point","coordinates":[-100.27406,25.75392]},"properties":{"s":"osm","k":"semaforo_osm"}},{"type":"Feature","geometry":{"type":"Point","coordinates":[-100.31114,25.66534]},"properties":{"s":"osm","k":"semaforo_osm"}},{"type":"Feature","geometry":{"type":"Point","coordinates":[-100.4372,25.66772]},"properties":{"s":"osm","k":"semaforo_osm"}},{"type":"Feature","geometry":{"type":"Point","coordinates":[-100.43595,25.67431]},"properties":{"s":"osm","k":"semaforo_osm"}},{"type":"Feature","geometry":{"type":"Point","coordinates":[-100.31049,25.66885]},"properties":{"s":"osm","k":"semaforo_osm"}},{"type":"Feature","geometry":{"type":"Point","coordinates":[-100.33387,25.67004]},"properties":{"s":"osm","k":"semaforo_osm"}},{"type":"Feature","geometry":{"type":"Point","coordinates":[-100.45405,25.67423]},"properties":{"s":"osm","k":"semaforo_osm"}},{"type":"Feature","geometry":{"type":"Point","coordinates":[-100.45396,25.69023]},"properties":{"s":"osm","k":"semaforo_osm"}},{"type":"Feature","geometry":{"type":"Point","coordinates":[-100.44169,25.69084]},"properties":{"s":"osm","k":"semaforo_osm"}},{"type":"Feature","geometry":{"type":"Point","coordinates":[-100.36771,25.67187]},"properties":{"s":"osm","k":"semaforo_osm"}},{"type":"Feature","geometry":{"type":"Point","coordinates":[-100.33369,25.67014]},"properties":{"s":"osm","k":"semaforo_osm"}},{"type":"Feature","geometry":{"type":"Point","coordinates":[-100.36853,25.66573]},"properties":{"s":"osm","k":"semaforo_osm"}},{"type":"Feature","geometry":{"type":"Point","coordinates":[-100.36782,25.67391]},"properties":{"s":"osm","k":"semaforo_osm"}},{"type":"Feature","geometry":{"type":"Point","coordinates":[-100.36805,25.66567]},"properties":{"s":"osm","k":"semaforo_osm"}},{"type":"Feature","geometry":{"type":"Point","coordinates":[-100.27266,25.75371]},"properties":{"s":"osm","k":"semaforo_osm"}},{"type":"Feature","geometry":{"type":"Point","coordinates":[-100.29369,25.72276]},"properties":{"s":"osm","k":"semaforo_osm"}},{"type":"Feature","geometry":{"type":"Point","coordinates":[-100.3426,25.70448]},"properties":{"s":"osm","k":"semaforo_osm"}},{"type":"Feature","geometry":{"type":"Point","coordinates":[-100.34211,25.70459]},"properties":{"s":"osm","k":"semaforo_osm"}},{"type":"Feature","geometry":{"type":"Point","coordinates":[-100.38932,25.74767]},"properties":{"s":"osm","k":"semaforo_osm"}},{"type":"Feature","geometry":{"type":"Point","coordinates":[-100.35526,25.7071]},"properties":{"s":"osm","k":"semaforo_osm"}},{"type":"Feature","geometry":{"type":"Point","coordinates":[-100.38375,25.74537]},"properties":{"s":"osm","k":"semaforo_osm"}},{"type":"Feature","geometry":{"type":"Point","coordinates":[-100.33052,25.68585]},"properties":{"s":"osm","k":"semaforo_osm"}},{"type":"Feature","geometry":{"type":"Point","coordinates":[-100.3579,25.67433]},"properties":{"s":"osm","k":"semaforo_osm"}},{"type":"Feature","geometry":{"type":"Point","coordinates":[-100.35789,25.67453]},"properties":{"s":"osm","k":"semaforo_osm"}},{"type":"Feature","geometry":{"type":"Point","coordinates":[-100.37593,25.73635]},"properties":{"s":"osm","k":"semaforo_osm"}},{"type":"Feature","geometry":{"type":"Point","coordinates":[-100.36458,25.72403]},"properties":{"s":"osm","k":"semaforo_osm"}},{"type":"Feature","geometry":{"type":"Point","coordinates":[-100.37579,25.73646]},"properties":{"s":"osm","k":"semaforo_osm"}},{"type":"Feature","geometry":{"type":"Point","coordinates":[-100.37244,25.73274]},"properties":{"s":"osm","k":"semaforo_osm"}},{"type":"Feature","geometry":{"type":"Point","coordinates":[-100.36442,25.72413]},"properties":{"s":"osm","k":"semaforo_osm"}},{"type":"Feature","geometry":{"type":"Point","coordinates":[-100.42072,25.67398]},"properties":{"s":"osm","k":"semaforo_osm"}},{"type":"Feature","geometry":{"type":"Point","coordinates":[-100.45246,25.67423]},"properties":{"s":"osm","k":"semaforo_osm"}},{"type":"Feature","geometry":{"type":"Point","coordinates":[-100.44352,25.68762]},"properties":{"s":"osm","k":"semaforo_osm"}},{"type":"Feature","geometry":{"type":"Point","coordinates":[-100.44639,25.68895]},"properties":{"s":"osm","k":"semaforo_osm"}},{"type":"Feature","geometry":{"type":"Point","coordinates":[-100.45025,25.69075]},"properties":{"s":"osm","k":"semaforo_osm"}},{"type":"Feature","geometry":{"type":"Point","coordinates":[-100.44845,25.69398]},"properties":{"s":"osm","k":"semaforo_osm"}},{"type":"Feature","geometry":{"type":"Point","coordinates":[-100.45438,25.69668]},"properties":{"s":"osm","k":"semaforo_osm"}},{"type":"Feature","geometry":{"type":"Point","coordinates":[-100.44134,25.68193]},"properties":{"s":"osm","k":"semaforo_osm"}},{"type":"Feature","geometry":{"type":"Point","coordinates":[-100.37391,25.73223]},"properties":{"s":"osm","k":"semaforo_osm"}},{"type":"Feature","geometry":{"type":"Point","coordinates":[-100.301,25.75039]},"properties":{"s":"osm","k":"semaforo_osm"}},{"type":"Feature","geometry":{"type":"Point","coordinates":[-100.28005,25.75489]},"properties":{"s":"osm","k":"semaforo_osm"}},{"type":"Feature","geometry":{"type":"Point","coordinates":[-100.31021,25.66523]},"properties":{"s":"osm","k":"semaforo_osm"}},{"type":"Feature","geometry":{"type":"Point","coordinates":[-100.30759,25.67386]},"properties":{"s":"osm","k":"semaforo_osm"}},{"type":"Feature","geometry":{"type":"Point","coordinates":[-100.30972,25.66764]},"properties":{"s":"osm","k":"semaforo_osm"}},{"type":"Feature","geometry":{"type":"Point","coordinates":[-100.30951,25.6687]},"properties":{"s":"osm","k":"semaforo_osm"}},{"type":"Feature","geometry":{"type":"Point","coordinates":[-100.31069,25.66783]},"properties":{"s":"osm","k":"semaforo_osm"}},{"type":"Feature","geometry":{"type":"Point","coordinates":[-100.30962,25.67401]},"properties":{"s":"osm","k":"semaforo_osm"}},{"type":"Feature","geometry":{"type":"Point","coordinates":[-100.38027,25.67003]},"properties":{"s":"osm","k":"semaforo_osm"}},{"type":"Feature","geometry":{"type":"Point","coordinates":[-100.38033,25.67126]},"properties":{"s":"osm","k":"semaforo_osm"}},{"type":"Feature","geometry":{"type":"Point","coordinates":[-100.38034,25.6714]},"properties":{"s":"osm","k":"semaforo_osm"}},{"type":"Feature","geometry":{"type":"Point","coordinates":[-100.29461,25.74669]},"properties":{"s":"osm","k":"semaforo_osm"}},{"type":"Feature","geometry":{"type":"Point","coordinates":[-100.29443,25.74674]},"properties":{"s":"osm","k":"semaforo_osm"}},{"type":"Feature","geometry":{"type":"Point","coordinates":[-100.28773,25.70932]},"properties":{"s":"osm","k":"semaforo_osm"}},{"type":"Feature","geometry":{"type":"Point","coordinates":[-100.26193,25.70349]},"properties":{"s":"osm","k":"semaforo_osm"}},{"type":"Feature","geometry":{"type":"Point","coordinates":[-100.44941,25.67441]},"properties":{"s":"osm","k":"semaforo_osm"}},{"type":"Feature","geometry":{"type":"Point","coordinates":[-100.42329,25.66551]},"properties":{"s":"osm","k":"semaforo_osm"}},{"type":"Feature","geometry":{"type":"Point","coordinates":[-100.28521,25.70377]},"properties":{"s":"osm","k":"semaforo_osm"}},{"type":"Feature","geometry":{"type":"Point","coordinates":[-100.31671,25.68984]},"properties":{"s":"osm","k":"semaforo_osm"}},{"type":"Feature","geometry":{"type":"Point","coordinates":[-100.30281,25.73347]},"properties":{"s":"osm","k":"semaforo_osm"}},{"type":"Feature","geometry":{"type":"Point","coordinates":[-100.299,25.73624]},"properties":{"s":"osm","k":"semaforo_osm"}},{"type":"Feature","geometry":{"type":"Point","coordinates":[-100.28081,25.76399]},"properties":{"s":"osm","k":"semaforo_osm"}},{"type":"Feature","geometry":{"type":"Point","coordinates":[-100.3666,25.72623]},"properties":{"s":"osm","k":"semaforo_osm"}},{"type":"Feature","geometry":{"type":"Point","coordinates":[-100.37257,25.73259]},"properties":{"s":"osm","k":"semaforo_osm"}},{"type":"Feature","geometry":{"type":"Point","coordinates":[-100.37347,25.73192]},"properties":{"s":"osm","k":"semaforo_osm"}},{"type":"Feature","geometry":{"type":"Point","coordinates":[-100.33263,25.67405]},"properties":{"s":"osm","k":"semaforo_osm"}},{"type":"Feature","geometry":{"type":"Point","coordinates":[-100.33319,25.67157]},"properties":{"s":"osm","k":"semaforo_osm"}},{"type":"Feature","geometry":{"type":"Point","coordinates":[-100.3314,25.67889]},"properties":{"s":"osm","k":"semaforo_osm"}},{"type":"Feature","geometry":{"type":"Point","coordinates":[-100.33208,25.67637]},"properties":{"s":"osm","k":"semaforo_osm"}},{"type":"Feature","geometry":{"type":"Point","coordinates":[-100.33529,25.66501]},"properties":{"s":"osm","k":"semaforo_osm"}},{"type":"Feature","geometry":{"type":"Point","coordinates":[-100.33287,25.73353]},"properties":{"s":"osm","k":"semaforo_osm"}},{"type":"Feature","geometry":{"type":"Point","coordinates":[-100.33228,25.73032]},"properties":{"s":"osm","k":"semaforo_osm"}},{"type":"Feature","geometry":{"type":"Point","coordinates":[-100.33212,25.7296]},"properties":{"s":"osm","k":"semaforo_osm"}},{"type":"Feature","geometry":{"type":"Point","coordinates":[-100.33197,25.72963]},"properties":{"s":"osm","k":"semaforo_osm"}},{"type":"Feature","geometry":{"type":"Point","coordinates":[-100.37403,25.73213]},"properties":{"s":"osm","k":"semaforo_osm"}},{"type":"Feature","geometry":{"type":"Point","coordinates":[-100.31994,25.70439]},"properties":{"s":"osm","k":"semaforo_osm"}},{"type":"Feature","geometry":{"type":"Point","coordinates":[-100.44343,25.67431]},"properties":{"s":"osm","k":"semaforo_osm"}},{"type":"Feature","geometry":{"type":"Point","coordinates":[-100.44291,25.67489]},"properties":{"s":"osm","k":"semaforo_osm"}},{"type":"Feature","geometry":{"type":"Point","coordinates":[-100.33029,25.73844]},"properties":{"s":"osm","k":"semaforo_osm"}},{"type":"Feature","geometry":{"type":"Point","coordinates":[-100.32967,25.73834]},"properties":{"s":"osm","k":"semaforo_osm"}},{"type":"Feature","geometry":{"type":"Point","coordinates":[-100.32263,25.76369]},"properties":{"s":"osm","k":"semaforo_osm"}},{"type":"Feature","geometry":{"type":"Point","coordinates":[-100.42131,25.66537]},"properties":{"s":"osm","k":"semaforo_osm"}},{"type":"Feature","geometry":{"type":"Point","coordinates":[-100.44941,25.67425]},"properties":{"s":"osm","k":"semaforo_osm"}},{"type":"Feature","geometry":{"type":"Point","coordinates":[-100.36111,25.71149]},"properties":{"s":"osm","k":"semaforo_osm"}},{"type":"Feature","geometry":{"type":"Point","coordinates":[-100.44257,25.67489]},"properties":{"s":"osm","k":"semaforo_osm"}},{"type":"Feature","geometry":{"type":"Point","coordinates":[-100.44241,25.67432]},"properties":{"s":"osm","k":"semaforo_osm"}},{"type":"Feature","geometry":{"type":"Point","coordinates":[-100.4202,25.67461]},"properties":{"s":"osm","k":"semaforo_osm"}},{"type":"Feature","geometry":{"type":"Point","coordinates":[-100.41943,25.67422]},"properties":{"s":"osm","k":"semaforo_osm"}},{"type":"Feature","geometry":{"type":"Point","coordinates":[-100.43575,25.67438]},"properties":{"s":"osm","k":"semaforo_osm"}},{"type":"Feature","geometry":{"type":"Point","coordinates":[-100.44021,25.6806]},"properties":{"s":"osm","k":"semaforo_osm"}},{"type":"Feature","geometry":{"type":"Point","coordinates":[-100.45425,25.67433]},"properties":{"s":"osm","k":"semaforo_osm"}},{"type":"Feature","geometry":{"type":"Point","coordinates":[-100.42301,25.66526]},"properties":{"s":"osm","k":"semaforo_osm"}},{"type":"Feature","geometry":{"type":"Point","coordinates":[-100.42974,25.67456]},"properties":{"s":"osm","k":"semaforo_osm"}},{"type":"Feature","geometry":{"type":"Point","coordinates":[-100.43089,25.67457]},"properties":{"s":"osm","k":"semaforo_osm"}},{"type":"Feature","geometry":{"type":"Point","coordinates":[-100.30107,25.75021]},"properties":{"s":"osm","k":"semaforo_osm"}},{"type":"Feature","geometry":{"type":"Point","coordinates":[-100.36446,25.67525]},"properties":{"s":"osm","k":"semaforo_osm"}},{"type":"Feature","geometry":{"type":"Point","coordinates":[-100.30438,25.73468]},"properties":{"s":"osm","k":"semaforo_osm"}},{"type":"Feature","geometry":{"type":"Point","coordinates":[-100.29682,25.6847]},"properties":{"s":"osm","k":"semaforo_osm"}},{"type":"Feature","geometry":{"type":"Point","coordinates":[-100.31313,25.68567]},"properties":{"s":"osm","k":"semaforo_osm"}},{"type":"Feature","geometry":{"type":"Point","coordinates":[-100.31509,25.67133]},"properties":{"s":"osm","k":"semaforo_osm"}},{"type":"Feature","geometry":{"type":"Point","coordinates":[-100.37849,25.73565]},"properties":{"s":"osm","k":"semaforo_osm"}},{"type":"Feature","geometry":{"type":"Point","coordinates":[-100.36635,25.72054]},"properties":{"s":"osm","k":"semaforo_osm"}},{"type":"Feature","geometry":{"type":"Point","coordinates":[-100.3736,25.7318]},"properties":{"s":"osm","k":"semaforo_osm"}},{"type":"Feature","geometry":{"type":"Point","coordinates":[-100.35386,25.72561]},"properties":{"s":"osm","k":"semaforo_osm"}},{"type":"Feature","geometry":{"type":"Point","coordinates":[-100.36124,25.71173]},"properties":{"s":"osm","k":"semaforo_osm"}},{"type":"Feature","geometry":{"type":"Point","coordinates":[-100.36136,25.71164]},"properties":{"s":"osm","k":"semaforo_osm"}},{"type":"Feature","geometry":{"type":"Point","coordinates":[-100.36207,25.71255]},"properties":{"s":"osm","k":"semaforo_osm"}},{"type":"Feature","geometry":{"type":"Point","coordinates":[-100.36188,25.71258]},"properties":{"s":"osm","k":"semaforo_osm"}},{"type":"Feature","geometry":{"type":"Point","coordinates":[-100.3627,25.71384]},"properties":{"s":"osm","k":"semaforo_osm"}},{"type":"Feature","geometry":{"type":"Point","coordinates":[-100.36284,25.71433]},"properties":{"s":"osm","k":"semaforo_osm"}},{"type":"Feature","geometry":{"type":"Point","coordinates":[-100.36289,25.71412]},"properties":{"s":"osm","k":"semaforo_osm"}},{"type":"Feature","geometry":{"type":"Point","coordinates":[-100.35001,25.73655]},"properties":{"s":"osm","k":"semaforo_osm"}},{"type":"Feature","geometry":{"type":"Point","coordinates":[-100.35015,25.73648]},"properties":{"s":"osm","k":"semaforo_osm"}},{"type":"Feature","geometry":{"type":"Point","coordinates":[-100.3097,25.70418]},"properties":{"s":"osm","k":"semaforo_osm"}},{"type":"Feature","geometry":{"type":"Point","coordinates":[-100.30971,25.70404]},"properties":{"s":"osm","k":"semaforo_osm"}},{"type":"Feature","geometry":{"type":"Point","coordinates":[-100.30946,25.70606]},"properties":{"s":"osm","k":"semaforo_osm"}},{"type":"Feature","geometry":{"type":"Point","coordinates":[-100.2997,25.70401]},"properties":{"s":"osm","k":"semaforo_osm"}},{"type":"Feature","geometry":{"type":"Point","coordinates":[-100.29977,25.70387]},"properties":{"s":"osm","k":"semaforo_osm"}},{"type":"Feature","geometry":{"type":"Point","coordinates":[-100.29252,25.70389]},"properties":{"s":"osm","k":"semaforo_osm"}},{"type":"Feature","geometry":{"type":"Point","coordinates":[-100.29273,25.70374]},"properties":{"s":"osm","k":"semaforo_osm"}},{"type":"Feature","geometry":{"type":"Point","coordinates":[-100.28802,25.70381]},"properties":{"s":"osm","k":"semaforo_osm"}},{"type":"Feature","geometry":{"type":"Point","coordinates":[-100.2882,25.70367]},"properties":{"s":"osm","k":"semaforo_osm"}},{"type":"Feature","geometry":{"type":"Point","coordinates":[-100.28771,25.7038]},"properties":{"s":"osm","k":"semaforo_osm"}},{"type":"Feature","geometry":{"type":"Point","coordinates":[-100.3688,25.72837]},"properties":{"s":"osm","k":"semaforo_osm"}},{"type":"Feature","geometry":{"type":"Point","coordinates":[-100.36524,25.72478]},"properties":{"s":"osm","k":"semaforo_osm"}},{"type":"Feature","geometry":{"type":"Point","coordinates":[-100.362,25.72254]},"properties":{"s":"osm","k":"semaforo_osm"}},{"type":"Feature","geometry":{"type":"Point","coordinates":[-100.36216,25.72243]},"properties":{"s":"osm","k":"semaforo_osm"}},{"type":"Feature","geometry":{"type":"Point","coordinates":[-100.3607,25.72143]},"properties":{"s":"osm","k":"semaforo_osm"}},{"type":"Feature","geometry":{"type":"Point","coordinates":[-100.36055,25.72153]},"properties":{"s":"osm","k":"semaforo_osm"}},{"type":"Feature","geometry":{"type":"Point","coordinates":[-100.35874,25.72]},"properties":{"s":"osm","k":"semaforo_osm"}},{"type":"Feature","geometry":{"type":"Point","coordinates":[-100.35824,25.71952]},"properties":{"s":"osm","k":"semaforo_osm"}},{"type":"Feature","geometry":{"type":"Point","coordinates":[-100.35812,25.71981]},"properties":{"s":"osm","k":"semaforo_osm"}},{"type":"Feature","geometry":{"type":"Point","coordinates":[-100.35861,25.72013]},"properties":{"s":"osm","k":"semaforo_osm"}},{"type":"Feature","geometry":{"type":"Point","coordinates":[-100.36516,25.71873]},"properties":{"s":"osm","k":"semaforo_osm"}},{"type":"Feature","geometry":{"type":"Point","coordinates":[-100.36619,25.72059]},"properties":{"s":"osm","k":"semaforo_osm"}},{"type":"Feature","geometry":{"type":"Point","coordinates":[-100.36828,25.72418]},"properties":{"s":"osm","k":"semaforo_osm"}},{"type":"Feature","geometry":{"type":"Point","coordinates":[-100.37213,25.73008]},"properties":{"s":"osm","k":"semaforo_osm"}},{"type":"Feature","geometry":{"type":"Point","coordinates":[-100.32752,25.69954]},"properties":{"s":"osm","k":"semaforo_osm"}},{"type":"Feature","geometry":{"type":"Point","coordinates":[-100.32767,25.69953]},"properties":{"s":"osm","k":"semaforo_osm"}},{"type":"Feature","geometry":{"type":"Point","coordinates":[-100.32524,25.69802]},"properties":{"s":"osm","k":"semaforo_osm"}},{"type":"Feature","geometry":{"type":"Point","coordinates":[-100.32503,25.69788]},"properties":{"s":"osm","k":"semaforo_osm"}},{"type":"Feature","geometry":{"type":"Point","coordinates":[-100.3252,25.69788]},"properties":{"s":"osm","k":"semaforo_osm"}},{"type":"Feature","geometry":{"type":"Point","coordinates":[-100.32308,25.69647]},"properties":{"s":"osm","k":"semaforo_osm"}},{"type":"Feature","geometry":{"type":"Point","coordinates":[-100.3229,25.69647]},"properties":{"s":"osm","k":"semaforo_osm"}},{"type":"Feature","geometry":{"type":"Point","coordinates":[-100.32171,25.69558]},"properties":{"s":"osm","k":"semaforo_osm"}},{"type":"Feature","geometry":{"type":"Point","coordinates":[-100.31688,25.69248]},"properties":{"s":"osm","k":"semaforo_osm"}},{"type":"Feature","geometry":{"type":"Point","coordinates":[-100.31671,25.69238]},"properties":{"s":"osm","k":"semaforo_osm"}},{"type":"Feature","geometry":{"type":"Point","coordinates":[-100.31434,25.68974]},"properties":{"s":"osm","k":"semaforo_osm"}},{"type":"Feature","geometry":{"type":"Point","coordinates":[-100.31362,25.68885]},"properties":{"s":"osm","k":"semaforo_osm"}},{"type":"Feature","geometry":{"type":"Point","coordinates":[-100.31279,25.68782]},"properties":{"s":"osm","k":"semaforo_osm"}},{"type":"Feature","geometry":{"type":"Point","coordinates":[-100.31195,25.68671]},"properties":{"s":"osm","k":"semaforo_osm"}},{"type":"Feature","geometry":{"type":"Point","coordinates":[-100.31691,25.68619]},"properties":{"s":"osm","k":"semaforo_osm"}},{"type":"Feature","geometry":{"type":"Point","coordinates":[-100.31693,25.68605]},"properties":{"s":"osm","k":"semaforo_osm"}},{"type":"Feature","geometry":{"type":"Point","coordinates":[-100.31784,25.6863]},"properties":{"s":"osm","k":"semaforo_osm"}},{"type":"Feature","geometry":{"type":"Point","coordinates":[-100.31786,25.68614]},"properties":{"s":"osm","k":"semaforo_osm"}},{"type":"Feature","geometry":{"type":"Point","coordinates":[-100.32166,25.6868]},"properties":{"s":"osm","k":"semaforo_osm"}},{"type":"Feature","geometry":{"type":"Point","coordinates":[-100.32167,25.68666]},"properties":{"s":"osm","k":"semaforo_osm"}},{"type":"Feature","geometry":{"type":"Point","coordinates":[-100.32268,25.68691]},"properties":{"s":"osm","k":"semaforo_osm"}},{"type":"Feature","geometry":{"type":"Point","coordinates":[-100.32286,25.68693]},"properties":{"s":"osm","k":"semaforo_osm"}},{"type":"Feature","geometry":{"type":"Point","coordinates":[-100.32282,25.68679]},"properties":{"s":"osm","k":"semaforo_osm"}},{"type":"Feature","geometry":{"type":"Point","coordinates":[-100.32265,25.68677]},"properties":{"s":"osm","k":"semaforo_osm"}},{"type":"Feature","geometry":{"type":"Point","coordinates":[-100.32543,25.68714]},"properties":{"s":"osm","k":"semaforo_osm"}},{"type":"Feature","geometry":{"type":"Point","coordinates":[-100.32545,25.68699]},"properties":{"s":"osm","k":"semaforo_osm"}},{"type":"Feature","geometry":{"type":"Point","coordinates":[-100.32639,25.68722]},"properties":{"s":"osm","k":"semaforo_osm"}},{"type":"Feature","geometry":{"type":"Point","coordinates":[-100.32641,25.68708]},"properties":{"s":"osm","k":"semaforo_osm"}},{"type":"Feature","geometry":{"type":"Point","coordinates":[-100.33035,25.68727]},"properties":{"s":"osm","k":"semaforo_osm"}},{"type":"Feature","geometry":{"type":"Point","coordinates":[-100.33035,25.68711]},"properties":{"s":"osm","k":"semaforo_osm"}},{"type":"Feature","geometry":{"type":"Point","coordinates":[-100.3274,25.68731]},"properties":{"s":"osm","k":"semaforo_osm"}},{"type":"Feature","geometry":{"type":"Point","coordinates":[-100.32739,25.68717]},"properties":{"s":"osm","k":"semaforo_osm"}},{"type":"Feature","geometry":{"type":"Point","coordinates":[-100.32304,25.68506]},"properties":{"s":"osm","k":"semaforo_osm"}},{"type":"Feature","geometry":{"type":"Point","coordinates":[-100.32287,25.68491]},"properties":{"s":"osm","k":"semaforo_osm"}},{"type":"Feature","geometry":{"type":"Point","coordinates":[-100.31817,25.68456]},"properties":{"s":"osm","k":"semaforo_osm"}},{"type":"Feature","geometry":{"type":"Point","coordinates":[-100.31818,25.68436]},"properties":{"s":"osm","k":"semaforo_osm"}},{"type":"Feature","geometry":{"type":"Point","coordinates":[-100.3172,25.68443]},"properties":{"s":"osm","k":"semaforo_osm"}},{"type":"Feature","geometry":{"type":"Point","coordinates":[-100.31334,25.68401]},"properties":{"s":"osm","k":"semaforo_osm"}},{"type":"Feature","geometry":{"type":"Point","coordinates":[-100.29678,25.68388]},"properties":{"s":"osm","k":"semaforo_osm"}},{"type":"Feature","geometry":{"type":"Point","coordinates":[-100.29806,25.68234]},"properties":{"s":"osm","k":"semaforo_osm"}},{"type":"Feature","geometry":{"type":"Point","coordinates":[-100.30182,25.68275]},"properties":{"s":"osm","k":"semaforo_osm"}},{"type":"Feature","geometry":{"type":"Point","coordinates":[-100.30374,25.68295]},"properties":{"s":"osm","k":"semaforo_osm"}},{"type":"Feature","geometry":{"type":"Point","coordinates":[-100.30754,25.68337]},"properties":{"s":"osm","k":"semaforo_osm"}},{"type":"Feature","geometry":{"type":"Point","coordinates":[-100.30849,25.68347]},"properties":{"s":"osm","k":"semaforo_osm"}},{"type":"Feature","geometry":{"type":"Point","coordinates":[-100.31038,25.68369]},"properties":{"s":"osm","k":"semaforo_osm"}},{"type":"Feature","geometry":{"type":"Point","coordinates":[-100.31137,25.68379]},"properties":{"s":"osm","k":"semaforo_osm"}},{"type":"Feature","geometry":{"type":"Point","coordinates":[-100.3123,25.68389]},"properties":{"s":"osm","k":"semaforo_osm"}},{"type":"Feature","geometry":{"type":"Point","coordinates":[-100.29726,25.68131]},"properties":{"s":"osm","k":"semaforo_osm"}},{"type":"Feature","geometry":{"type":"Point","coordinates":[-100.30195,25.68182]},"properties":{"s":"osm","k":"semaforo_osm"}},{"type":"Feature","geometry":{"type":"Point","coordinates":[-100.26415,25.71063]},"properties":{"s":"osm","k":"semaforo_osm"}},{"type":"Feature","geometry":{"type":"Point","coordinates":[-100.2643,25.71053]},"properties":{"s":"osm","k":"semaforo_osm"}},{"type":"Feature","geometry":{"type":"Point","coordinates":[-100.2641,25.71031]},"properties":{"s":"osm","k":"semaforo_osm"}},{"type":"Feature","geometry":{"type":"Point","coordinates":[-100.26395,25.7104]},"properties":{"s":"osm","k":"semaforo_osm"}},{"type":"Feature","geometry":{"type":"Point","coordinates":[-100.28679,25.73528]},"properties":{"s":"osm","k":"semaforo_osm"}},{"type":"Feature","geometry":{"type":"Point","coordinates":[-100.28673,25.73552]},"properties":{"s":"osm","k":"semaforo_osm"}},{"type":"Feature","geometry":{"type":"Point","coordinates":[-100.2869,25.73571]},"properties":{"s":"osm","k":"semaforo_osm"}},{"type":"Feature","geometry":{"type":"Point","coordinates":[-100.28695,25.73546]},"properties":{"s":"osm","k":"semaforo_osm"}},{"type":"Feature","geometry":{"type":"Point","coordinates":[-100.27766,25.72541]},"properties":{"s":"osm","k":"semaforo_osm"}},{"type":"Feature","geometry":{"type":"Point","coordinates":[-100.27776,25.72529]},"properties":{"s":"osm","k":"semaforo_osm"}},{"type":"Feature","geometry":{"type":"Point","coordinates":[-100.27785,25.72552]},"properties":{"s":"osm","k":"semaforo_osm"}},{"type":"Feature","geometry":{"type":"Point","coordinates":[-100.28513,25.74257]},"properties":{"s":"osm","k":"semaforo_osm"}},{"type":"Feature","geometry":{"type":"Point","coordinates":[-100.2851,25.74281]},"properties":{"s":"osm","k":"semaforo_osm"}},{"type":"Feature","geometry":{"type":"Point","coordinates":[-100.26598,25.71912]},"properties":{"s":"osm","k":"semaforo_osm"}},{"type":"Feature","geometry":{"type":"Point","coordinates":[-100.26637,25.7187]},"properties":{"s":"osm","k":"semaforo_osm"}},{"type":"Feature","geometry":{"type":"Point","coordinates":[-100.26621,25.71875]},"properties":{"s":"osm","k":"semaforo_osm"}},{"type":"Feature","geometry":{"type":"Point","coordinates":[-100.27733,25.71136]},"properties":{"s":"osm","k":"semaforo_osm"}},{"type":"Feature","geometry":{"type":"Point","coordinates":[-100.28157,25.70809]},"properties":{"s":"osm","k":"semaforo_osm"}},{"type":"Feature","geometry":{"type":"Point","coordinates":[-100.28191,25.70808]},"properties":{"s":"osm","k":"semaforo_osm"}},{"type":"Feature","geometry":{"type":"Point","coordinates":[-100.29329,25.69988]},"properties":{"s":"osm","k":"semaforo_osm"}},{"type":"Feature","geometry":{"type":"Point","coordinates":[-100.29351,25.69989]},"properties":{"s":"osm","k":"semaforo_osm"}},{"type":"Feature","geometry":{"type":"Point","coordinates":[-100.29214,25.70085]},"properties":{"s":"osm","k":"semaforo_osm"}},{"type":"Feature","geometry":{"type":"Point","coordinates":[-100.29214,25.70071]},"properties":{"s":"osm","k":"semaforo_osm"}},{"type":"Feature","geometry":{"type":"Point","coordinates":[-100.29533,25.69467]},"properties":{"s":"osm","k":"semaforo_osm"}},{"type":"Feature","geometry":{"type":"Point","coordinates":[-100.29588,25.69122]},"properties":{"s":"osm","k":"semaforo_osm"}},{"type":"Feature","geometry":{"type":"Point","coordinates":[-100.29591,25.69105]},"properties":{"s":"osm","k":"semaforo_osm"}},{"type":"Feature","geometry":{"type":"Point","coordinates":[-100.29573,25.69095]},"properties":{"s":"osm","k":"semaforo_osm"}},{"type":"Feature","geometry":{"type":"Point","coordinates":[-100.29576,25.69079]},"properties":{"s":"osm","k":"semaforo_osm"}},{"type":"Feature","geometry":{"type":"Point","coordinates":[-100.2963,25.68738]},"properties":{"s":"osm","k":"semaforo_osm"}},{"type":"Feature","geometry":{"type":"Point","coordinates":[-100.29654,25.68652]},"properties":{"s":"osm","k":"semaforo_osm"}},{"type":"Feature","geometry":{"type":"Point","coordinates":[-100.29759,25.69431]},"properties":{"s":"osm","k":"semaforo_osm"}},{"type":"Feature","geometry":{"type":"Point","coordinates":[-100.29761,25.69416]},"properties":{"s":"osm","k":"semaforo_osm"}},{"type":"Feature","geometry":{"type":"Point","coordinates":[-100.30995,25.70219]},"properties":{"s":"osm","k":"semaforo_osm"}},{"type":"Feature","geometry":{"type":"Point","coordinates":[-100.25914,25.75152]},"properties":{"s":"osm","k":"semaforo_osm"}},{"type":"Feature","geometry":{"type":"Point","coordinates":[-100.26513,25.75251]},"properties":{"s":"osm","k":"semaforo_osm"}},{"type":"Feature","geometry":{"type":"Point","coordinates":[-100.26472,25.75244]},"properties":{"s":"osm","k":"semaforo_osm"}},{"type":"Feature","geometry":{"type":"Point","coordinates":[-100.26702,25.75122]},"properties":{"s":"osm","k":"semaforo_osm"}},{"type":"Feature","geometry":{"type":"Point","coordinates":[-100.26699,25.75094]},"properties":{"s":"osm","k":"semaforo_osm"}},{"type":"Feature","geometry":{"type":"Point","coordinates":[-100.26927,25.75098]},"properties":{"s":"osm","k":"semaforo_osm"}},{"type":"Feature","geometry":{"type":"Point","coordinates":[-100.26943,25.75103]},"properties":{"s":"osm","k":"semaforo_osm"}},{"type":"Feature","geometry":{"type":"Point","coordinates":[-100.26944,25.75063]},"properties":{"s":"osm","k":"semaforo_osm"}},{"type":"Feature","geometry":{"type":"Point","coordinates":[-100.26925,25.75062]},"properties":{"s":"osm","k":"semaforo_osm"}},{"type":"Feature","geometry":{"type":"Point","coordinates":[-100.26693,25.75279]},"properties":{"s":"osm","k":"semaforo_osm"}},{"type":"Feature","geometry":{"type":"Point","coordinates":[-100.27836,25.75007]},"properties":{"s":"osm","k":"semaforo_osm"}},{"type":"Feature","geometry":{"type":"Point","coordinates":[-100.27812,25.75031]},"properties":{"s":"osm","k":"semaforo_osm"}},{"type":"Feature","geometry":{"type":"Point","coordinates":[-100.27825,25.75042]},"properties":{"s":"osm","k":"semaforo_osm"}},{"type":"Feature","geometry":{"type":"Point","coordinates":[-100.27747,25.75448]},"properties":{"s":"osm","k":"semaforo_osm"}},{"type":"Feature","geometry":{"type":"Point","coordinates":[-100.27708,25.75442]},"properties":{"s":"osm","k":"semaforo_osm"}},{"type":"Feature","geometry":{"type":"Point","coordinates":[-100.25777,25.70335]},"properties":{"s":"osm","k":"semaforo_osm"}},{"type":"Feature","geometry":{"type":"Point","coordinates":[-100.25768,25.70317]},"properties":{"s":"osm","k":"semaforo_osm"}},{"type":"Feature","geometry":{"type":"Point","coordinates":[-100.25743,25.70331]},"properties":{"s":"osm","k":"semaforo_osm"}},{"type":"Feature","geometry":{"type":"Point","coordinates":[-100.25733,25.70313]},"properties":{"s":"osm","k":"semaforo_osm"}},{"type":"Feature","geometry":{"type":"Point","coordinates":[-100.26185,25.70336]},"properties":{"s":"osm","k":"semaforo_osm"}},{"type":"Feature","geometry":{"type":"Point","coordinates":[-100.26175,25.70309]},"properties":{"s":"osm","k":"semaforo_osm"}},{"type":"Feature","geometry":{"type":"Point","coordinates":[-100.26199,25.7032]},"properties":{"s":"osm","k":"semaforo_osm"}},{"type":"Feature","geometry":{"type":"Point","coordinates":[-100.3505,25.71467]},"properties":{"s":"osm","k":"semaforo_osm"}},{"type":"Feature","geometry":{"type":"Point","coordinates":[-100.34982,25.71439]},"properties":{"s":"osm","k":"semaforo_osm"}},{"type":"Feature","geometry":{"type":"Point","coordinates":[-100.35037,25.7148]},"properties":{"s":"osm","k":"semaforo_osm"}},{"type":"Feature","geometry":{"type":"Point","coordinates":[-100.34991,25.71427]},"properties":{"s":"osm","k":"semaforo_osm"}},{"type":"Feature","geometry":{"type":"Point","coordinates":[-100.35397,25.71716]},"properties":{"s":"osm","k":"semaforo_osm"}},{"type":"Feature","geometry":{"type":"Point","coordinates":[-100.35421,25.71705]},"properties":{"s":"osm","k":"semaforo_osm"}},{"type":"Feature","geometry":{"type":"Point","coordinates":[-100.2917,25.67719]},"properties":{"s":"osm","k":"semaforo_osm"}},{"type":"Feature","geometry":{"type":"Point","coordinates":[-100.32684,25.70632]},"properties":{"s":"osm","k":"semaforo_osm"}},{"type":"Feature","geometry":{"type":"Point","coordinates":[-100.32702,25.7063]},"properties":{"s":"osm","k":"semaforo_osm"}},{"type":"Feature","geometry":{"type":"Point","coordinates":[-100.32714,25.70776]},"properties":{"s":"osm","k":"semaforo_osm"}},{"type":"Feature","geometry":{"type":"Point","coordinates":[-100.32734,25.70778]},"properties":{"s":"osm","k":"semaforo_osm"}},{"type":"Feature","geometry":{"type":"Point","coordinates":[-100.32732,25.70852]},"properties":{"s":"osm","k":"semaforo_osm"}},{"type":"Feature","geometry":{"type":"Point","coordinates":[-100.32752,25.70854]},"properties":{"s":"osm","k":"semaforo_osm"}},{"type":"Feature","geometry":{"type":"Point","coordinates":[-100.32811,25.71201]},"properties":{"s":"osm","k":"semaforo_osm"}},{"type":"Feature","geometry":{"type":"Point","coordinates":[-100.32831,25.71199]},"properties":{"s":"osm","k":"semaforo_osm"}},{"type":"Feature","geometry":{"type":"Point","coordinates":[-100.32828,25.71273]},"properties":{"s":"osm","k":"semaforo_osm"}},{"type":"Feature","geometry":{"type":"Point","coordinates":[-100.32846,25.71269]},"properties":{"s":"osm","k":"semaforo_osm"}},{"type":"Feature","geometry":{"type":"Point","coordinates":[-100.32905,25.71629]},"properties":{"s":"osm","k":"semaforo_osm"}},{"type":"Feature","geometry":{"type":"Point","coordinates":[-100.32921,25.71704]},"properties":{"s":"osm","k":"semaforo_osm"}},{"type":"Feature","geometry":{"type":"Point","coordinates":[-100.32941,25.71705]},"properties":{"s":"osm","k":"semaforo_osm"}},{"type":"Feature","geometry":{"type":"Point","coordinates":[-100.32925,25.71631]},"properties":{"s":"osm","k":"semaforo_osm"}},{"type":"Feature","geometry":{"type":"Point","coordinates":[-100.33077,25.72248]},"properties":{"s":"osm","k":"semaforo_osm"}},{"type":"Feature","geometry":{"type":"Point","coordinates":[-100.3303,25.72272]},"properties":{"s":"osm","k":"semaforo_osm"}},{"type":"Feature","geometry":{"type":"Point","coordinates":[-100.33082,25.72281]},"properties":{"s":"osm","k":"semaforo_osm"}},{"type":"Feature","geometry":{"type":"Point","coordinates":[-100.33032,25.7231]},"properties":{"s":"osm","k":"semaforo_osm"}},{"type":"Feature","geometry":{"type":"Point","coordinates":[-100.33322,25.70446]},"properties":{"s":"osm","k":"semaforo_osm"}},{"type":"Feature","geometry":{"type":"Point","coordinates":[-100.33308,25.70463]},"properties":{"s":"osm","k":"semaforo_osm"}},{"type":"Feature","geometry":{"type":"Point","coordinates":[-100.34024,25.70478]},"properties":{"s":"osm","k":"semaforo_osm"}},{"type":"Feature","geometry":{"type":"Point","coordinates":[-100.34024,25.70463]},"properties":{"s":"osm","k":"semaforo_osm"}},{"type":"Feature","geometry":{"type":"Point","coordinates":[-100.28924,25.76563]},"properties":{"s":"osm","k":"semaforo_osm"}},{"type":"Feature","geometry":{"type":"Point","coordinates":[-100.28912,25.76555]},"properties":{"s":"osm","k":"semaforo_osm"}},{"type":"Feature","geometry":{"type":"Point","coordinates":[-100.28659,25.75772]},"properties":{"s":"osm","k":"semaforo_osm"}},{"type":"Feature","geometry":{"type":"Point","coordinates":[-100.28674,25.75767]},"properties":{"s":"osm","k":"semaforo_osm"}},{"type":"Feature","geometry":{"type":"Point","coordinates":[-100.28655,25.75791]},"properties":{"s":"osm","k":"semaforo_osm"}},{"type":"Feature","geometry":{"type":"Point","coordinates":[-100.2863,25.75622]},"properties":{"s":"osm","k":"semaforo_osm"}},{"type":"Feature","geometry":{"type":"Point","coordinates":[-100.28624,25.75605]},"properties":{"s":"osm","k":"semaforo_osm"}},{"type":"Feature","geometry":{"type":"Point","coordinates":[-100.28605,25.75597]},"properties":{"s":"osm","k":"semaforo_osm"}},{"type":"Feature","geometry":{"type":"Point","coordinates":[-100.28861,25.76395]},"properties":{"s":"osm","k":"semaforo_osm"}},{"type":"Feature","geometry":{"type":"Point","coordinates":[-100.28874,25.76407]},"properties":{"s":"osm","k":"semaforo_osm"}},{"type":"Feature","geometry":{"type":"Point","coordinates":[-100.26684,25.6656]},"properties":{"s":"osm","k":"semaforo_osm"}},{"type":"Feature","geometry":{"type":"Point","coordinates":[-100.32037,25.75556]},"properties":{"s":"osm","k":"semaforo_osm"}},{"type":"Feature","geometry":{"type":"Point","coordinates":[-100.32052,25.75558]},"properties":{"s":"osm","k":"semaforo_osm"}},{"type":"Feature","geometry":{"type":"Point","coordinates":[-100.37094,25.73103]},"properties":{"s":"osm","k":"semaforo_osm"}},{"type":"Feature","geometry":{"type":"Point","coordinates":[-100.37104,25.7309]},"properties":{"s":"osm","k":"semaforo_osm"}},{"type":"Feature","geometry":{"type":"Point","coordinates":[-100.30345,25.68479]},"properties":{"s":"osm","k":"semaforo_osm"}},{"type":"Feature","geometry":{"type":"Point","coordinates":[-100.30348,25.68464]},"properties":{"s":"osm","k":"semaforo_osm"}},{"type":"Feature","geometry":{"type":"Point","coordinates":[-100.30732,25.68506]},"properties":{"s":"osm","k":"semaforo_osm"}},{"type":"Feature","geometry":{"type":"Point","coordinates":[-100.30727,25.6852]},"properties":{"s":"osm","k":"semaforo_osm"}},{"type":"Feature","geometry":{"type":"Point","coordinates":[-100.30824,25.6853]},"properties":{"s":"osm","k":"semaforo_osm"}},{"type":"Feature","geometry":{"type":"Point","coordinates":[-100.30821,25.68517]},"properties":{"s":"osm","k":"semaforo_osm"}},{"type":"Feature","geometry":{"type":"Point","coordinates":[-100.31016,25.68536]},"properties":{"s":"osm","k":"semaforo_osm"}},{"type":"Feature","geometry":{"type":"Point","coordinates":[-100.3101,25.6855]},"properties":{"s":"osm","k":"semaforo_osm"}},{"type":"Feature","geometry":{"type":"Point","coordinates":[-100.38178,25.73297]},"properties":{"s":"osm","k":"semaforo_osm"}},{"type":"Feature","geometry":{"type":"Point","coordinates":[-100.2963,25.70399]},"properties":{"s":"osm","k":"semaforo_osm"}},{"type":"Feature","geometry":{"type":"Point","coordinates":[-100.29663,25.70382]},"properties":{"s":"osm","k":"semaforo_osm"}},{"type":"Feature","geometry":{"type":"Point","coordinates":[-100.33168,25.67791]},"properties":{"s":"osm","k":"semaforo_osm"}},{"type":"Feature","geometry":{"type":"Point","coordinates":[-100.27769,25.68248]},"properties":{"s":"osm","k":"semaforo_osm"}},{"type":"Feature","geometry":{"type":"Point","coordinates":[-100.27769,25.68233]},"properties":{"s":"osm","k":"semaforo_osm"}},{"type":"Feature","geometry":{"type":"Point","coordinates":[-100.2766,25.68331]},"properties":{"s":"osm","k":"semaforo_osm"}},{"type":"Feature","geometry":{"type":"Point","coordinates":[-100.27669,25.68356]},"properties":{"s":"osm","k":"semaforo_osm"}},{"type":"Feature","geometry":{"type":"Point","coordinates":[-100.26828,25.68593]},"properties":{"s":"osm","k":"semaforo_osm"}},{"type":"Feature","geometry":{"type":"Point","coordinates":[-100.27769,25.68327]},"properties":{"s":"osm","k":"semaforo_osm"}},{"type":"Feature","geometry":{"type":"Point","coordinates":[-100.27769,25.68308]},"properties":{"s":"osm","k":"semaforo_osm"}},{"type":"Feature","geometry":{"type":"Point","coordinates":[-100.26199,25.68755]},"properties":{"s":"osm","k":"semaforo_osm"}},{"type":"Feature","geometry":{"type":"Point","coordinates":[-100.26195,25.68777]},"properties":{"s":"osm","k":"semaforo_osm"}},{"type":"Feature","geometry":{"type":"Point","coordinates":[-100.26175,25.68776]},"properties":{"s":"osm","k":"semaforo_osm"}},{"type":"Feature","geometry":{"type":"Point","coordinates":[-100.26183,25.68755]},"properties":{"s":"osm","k":"semaforo_osm"}},{"type":"Feature","geometry":{"type":"Point","coordinates":[-100.34738,25.68754]},"properties":{"s":"osm","k":"semaforo_osm"}},{"type":"Feature","geometry":{"type":"Point","coordinates":[-100.34681,25.68767]},"properties":{"s":"osm","k":"semaforo_osm"}},{"type":"Feature","geometry":{"type":"Point","coordinates":[-100.34683,25.68748]},"properties":{"s":"osm","k":"semaforo_osm"}},{"type":"Feature","geometry":{"type":"Point","coordinates":[-100.34736,25.68771]},"properties":{"s":"osm","k":"semaforo_osm"}},{"type":"Feature","geometry":{"type":"Point","coordinates":[-100.34485,25.68728]},"properties":{"s":"osm","k":"semaforo_osm"}},{"type":"Feature","geometry":{"type":"Point","coordinates":[-100.34466,25.68723]},"properties":{"s":"osm","k":"semaforo_osm"}},{"type":"Feature","geometry":{"type":"Point","coordinates":[-100.34457,25.68738]},"properties":{"s":"osm","k":"semaforo_osm"}},{"type":"Feature","geometry":{"type":"Point","coordinates":[-100.34474,25.68749]},"properties":{"s":"osm","k":"semaforo_osm"}},{"type":"Feature","geometry":{"type":"Point","coordinates":[-100.35071,25.68795]},"properties":{"s":"osm","k":"semaforo_osm"}},{"type":"Feature","geometry":{"type":"Point","coordinates":[-100.35181,25.68839]},"properties":{"s":"osm","k":"semaforo_osm"}},{"type":"Feature","geometry":{"type":"Point","coordinates":[-100.35153,25.68784]},"properties":{"s":"osm","k":"semaforo_osm"}},{"type":"Feature","geometry":{"type":"Point","coordinates":[-100.35141,25.68817]},"properties":{"s":"osm","k":"semaforo_osm"}},{"type":"Feature","geometry":{"type":"Point","coordinates":[-100.32249,25.76382]},"properties":{"s":"osm","k":"semaforo_osm"}},{"type":"Feature","geometry":{"type":"Point","coordinates":[-100.27414,25.76164]},"properties":{"s":"osm","k":"semaforo_osm"}},{"type":"Feature","geometry":{"type":"Point","coordinates":[-100.2737,25.7616]},"properties":{"s":"osm","k":"semaforo_osm"}},{"type":"Feature","geometry":{"type":"Point","coordinates":[-100.2736,25.76179]},"properties":{"s":"osm","k":"semaforo_osm"}},{"type":"Feature","geometry":{"type":"Point","coordinates":[-100.28448,25.74825]},"properties":{"s":"osm","k":"semaforo_osm"}},{"type":"Feature","geometry":{"type":"Point","coordinates":[-100.28445,25.7481]},"properties":{"s":"osm","k":"semaforo_osm"}},{"type":"Feature","geometry":{"type":"Point","coordinates":[-100.28484,25.74804]},"properties":{"s":"osm","k":"semaforo_osm"}},{"type":"Feature","geometry":{"type":"Point","coordinates":[-100.28468,25.75138]},"properties":{"s":"osm","k":"semaforo_osm"}},{"type":"Feature","geometry":{"type":"Point","coordinates":[-100.29052,25.74427]},"properties":{"s":"osm","k":"semaforo_osm"}},{"type":"Feature","geometry":{"type":"Point","coordinates":[-100.29037,25.74436]},"properties":{"s":"osm","k":"semaforo_osm"}},{"type":"Feature","geometry":{"type":"Point","coordinates":[-100.29063,25.74475]},"properties":{"s":"osm","k":"semaforo_osm"}},{"type":"Feature","geometry":{"type":"Point","coordinates":[-100.29082,25.74466]},"properties":{"s":"osm","k":"semaforo_osm"}},{"type":"Feature","geometry":{"type":"Point","coordinates":[-100.29308,25.74313]},"properties":{"s":"osm","k":"semaforo_osm"}},{"type":"Feature","geometry":{"type":"Point","coordinates":[-100.2928,25.74321]},"properties":{"s":"osm","k":"semaforo_osm"}},{"type":"Feature","geometry":{"type":"Point","coordinates":[-100.29291,25.74361]},"properties":{"s":"osm","k":"semaforo_osm"}},{"type":"Feature","geometry":{"type":"Point","coordinates":[-100.2932,25.74357]},"properties":{"s":"osm","k":"semaforo_osm"}},{"type":"Feature","geometry":{"type":"Point","coordinates":[-100.28981,25.73859]},"properties":{"s":"osm","k":"semaforo_osm"}},{"type":"Feature","geometry":{"type":"Point","coordinates":[-100.28963,25.73874]},"properties":{"s":"osm","k":"semaforo_osm"}},{"type":"Feature","geometry":{"type":"Point","coordinates":[-100.28943,25.73848]},"properties":{"s":"osm","k":"semaforo_osm"}},{"type":"Feature","geometry":{"type":"Point","coordinates":[-100.28956,25.73826]},"properties":{"s":"osm","k":"semaforo_osm"}},{"type":"Feature","geometry":{"type":"Point","coordinates":[-100.26315,25.74316]},"properties":{"s":"osm","k":"semaforo_osm"}},{"type":"Feature","geometry":{"type":"Point","coordinates":[-100.29679,25.75596]},"properties":{"s":"osm","k":"semaforo_osm"}},{"type":"Feature","geometry":{"type":"Point","coordinates":[-100.297,25.7559]},"properties":{"s":"osm","k":"semaforo_osm"}},{"type":"Feature","geometry":{"type":"Point","coordinates":[-100.29647,25.75688]},"properties":{"s":"osm","k":"semaforo_osm"}},{"type":"Feature","geometry":{"type":"Point","coordinates":[-100.29666,25.75684]},"properties":{"s":"osm","k":"semaforo_osm"}},{"type":"Feature","geometry":{"type":"Point","coordinates":[-100.29612,25.75851]},"properties":{"s":"osm","k":"semaforo_osm"}},{"type":"Feature","geometry":{"type":"Point","coordinates":[-100.29599,25.75873]},"properties":{"s":"osm","k":"semaforo_osm"}},{"type":"Feature","geometry":{"type":"Point","coordinates":[-100.29437,25.76269]},"properties":{"s":"osm","k":"semaforo_osm"}},{"type":"Feature","geometry":{"type":"Point","coordinates":[-100.29425,25.76257]},"properties":{"s":"osm","k":"semaforo_osm"}},{"type":"Feature","geometry":{"type":"Point","coordinates":[-100.30043,25.7463]},"properties":{"s":"osm","k":"semaforo_osm"}},{"type":"Feature","geometry":{"type":"Point","coordinates":[-100.30027,25.74622]},"properties":{"s":"osm","k":"semaforo_osm"}},{"type":"Feature","geometry":{"type":"Point","coordinates":[-100.30204,25.74181]},"properties":{"s":"osm","k":"semaforo_osm"}},{"type":"Feature","geometry":{"type":"Point","coordinates":[-100.30249,25.74007]},"properties":{"s":"osm","k":"semaforo_osm"}},{"type":"Feature","geometry":{"type":"Point","coordinates":[-100.30318,25.73866]},"properties":{"s":"osm","k":"semaforo_osm"}},{"type":"Feature","geometry":{"type":"Point","coordinates":[-100.30298,25.73861]},"properties":{"s":"osm","k":"semaforo_osm"}},{"type":"Feature","geometry":{"type":"Point","coordinates":[-100.3037,25.73663]},"properties":{"s":"osm","k":"semaforo_osm"}},{"type":"Feature","geometry":{"type":"Point","coordinates":[-100.30387,25.73672]},"properties":{"s":"osm","k":"semaforo_osm"}},{"type":"Feature","geometry":{"type":"Point","coordinates":[-100.3229,25.76405]},"properties":{"s":"osm","k":"semaforo_osm"}},{"type":"Feature","geometry":{"type":"Point","coordinates":[-100.35583,25.68218]},"properties":{"s":"osm","k":"semaforo_osm"}},{"type":"Feature","geometry":{"type":"Point","coordinates":[-100.35608,25.68184]},"properties":{"s":"osm","k":"semaforo_osm"}},{"type":"Feature","geometry":{"type":"Point","coordinates":[-100.3561,25.68212]},"properties":{"s":"osm","k":"semaforo_osm"}},{"type":"Feature","geometry":{"type":"Point","coordinates":[-100.35403,25.68331]},"properties":{"s":"osm","k":"semaforo_osm"}},{"type":"Feature","geometry":{"type":"Point","coordinates":[-100.29771,25.75389]},"properties":{"s":"osm","k":"semaforo_osm"}},{"type":"Feature","geometry":{"type":"Point","coordinates":[-100.28746,25.74738]},"properties":{"s":"osm","k":"semaforo_osm"}},{"type":"Feature","geometry":{"type":"Point","coordinates":[-100.28744,25.74695]},"properties":{"s":"osm","k":"semaforo_osm"}},{"type":"Feature","geometry":{"type":"Point","coordinates":[-100.28761,25.74736]},"properties":{"s":"osm","k":"semaforo_osm"}},{"type":"Feature","geometry":{"type":"Point","coordinates":[-100.28819,25.74344]},"properties":{"s":"osm","k":"semaforo_osm"}},{"type":"Feature","geometry":{"type":"Point","coordinates":[-100.28829,25.74332]},"properties":{"s":"osm","k":"semaforo_osm"}},{"type":"Feature","geometry":{"type":"Point","coordinates":[-100.28834,25.74353]},"properties":{"s":"osm","k":"semaforo_osm"}},{"type":"Feature","geometry":{"type":"Point","coordinates":[-100.28844,25.74339]},"properties":{"s":"osm","k":"semaforo_osm"}},{"type":"Feature","geometry":{"type":"Point","coordinates":[-100.29397,25.74527]},"properties":{"s":"osm","k":"semaforo_osm"}},{"type":"Feature","geometry":{"type":"Point","coordinates":[-100.2938,25.74535]},"properties":{"s":"osm","k":"semaforo_osm"}},{"type":"Feature","geometry":{"type":"Point","coordinates":[-100.29329,25.74514]},"properties":{"s":"osm","k":"semaforo_osm"}},{"type":"Feature","geometry":{"type":"Point","coordinates":[-100.30907,25.67081]},"properties":{"s":"osm","k":"semaforo_osm"}},{"type":"Feature","geometry":{"type":"Point","coordinates":[-100.31004,25.67096]},"properties":{"s":"osm","k":"semaforo_osm"}},{"type":"Feature","geometry":{"type":"Point","coordinates":[-100.38176,25.73918]},"properties":{"s":"osm","k":"semaforo_osm"}},{"type":"Feature","geometry":{"type":"Point","coordinates":[-100.38166,25.73897]},"properties":{"s":"osm","k":"semaforo_osm"}},{"type":"Feature","geometry":{"type":"Point","coordinates":[-100.3846,25.74255]},"properties":{"s":"osm","k":"semaforo_osm"}},{"type":"Feature","geometry":{"type":"Point","coordinates":[-100.38491,25.74266]},"properties":{"s":"osm","k":"semaforo_osm"}},{"type":"Feature","geometry":{"type":"Point","coordinates":[-100.38485,25.74246]},"properties":{"s":"osm","k":"semaforo_osm"}},{"type":"Feature","geometry":{"type":"Point","coordinates":[-100.3839,25.74527]},"properties":{"s":"osm","k":"semaforo_osm"}},{"type":"Feature","geometry":{"type":"Point","coordinates":[-100.34254,25.73148]},"properties":{"s":"osm","k":"semaforo_osm"}},{"type":"Feature","geometry":{"type":"Point","coordinates":[-100.34272,25.73145]},"properties":{"s":"osm","k":"semaforo_osm"}},{"type":"Feature","geometry":{"type":"Point","coordinates":[-100.3425,25.73192]},"properties":{"s":"osm","k":"semaforo_osm"}},{"type":"Feature","geometry":{"type":"Point","coordinates":[-100.34267,25.73189]},"properties":{"s":"osm","k":"semaforo_osm"}},{"type":"Feature","geometry":{"type":"Point","coordinates":[-100.34571,25.72985]},"properties":{"s":"osm","k":"semaforo_osm"}},{"type":"Feature","geometry":{"type":"Point","coordinates":[-100.34593,25.7298]},"properties":{"s":"osm","k":"semaforo_osm"}},{"type":"Feature","geometry":{"type":"Point","coordinates":[-100.3458,25.73015]},"properties":{"s":"osm","k":"semaforo_osm"}},{"type":"Feature","geometry":{"type":"Point","coordinates":[-100.34604,25.73009]},"properties":{"s":"osm","k":"semaforo_osm"}},{"type":"Feature","geometry":{"type":"Point","coordinates":[-100.27462,25.72941]},"properties":{"s":"osm","k":"semaforo_osm"}},{"type":"Feature","geometry":{"type":"Point","coordinates":[-100.27456,25.72929]},"properties":{"s":"osm","k":"semaforo_osm"}},{"type":"Feature","geometry":{"type":"Point","coordinates":[-100.27332,25.73093]},"properties":{"s":"osm","k":"semaforo_osm"}},{"type":"Feature","geometry":{"type":"Point","coordinates":[-100.27302,25.73124]},"properties":{"s":"osm","k":"semaforo_osm"}},{"type":"Feature","geometry":{"type":"Point","coordinates":[-100.27317,25.73124]},"properties":{"s":"osm","k":"semaforo_osm"}},{"type":"Feature","geometry":{"type":"Point","coordinates":[-100.27092,25.73386]},"properties":{"s":"osm","k":"semaforo_osm"}},{"type":"Feature","geometry":{"type":"Point","coordinates":[-100.27067,25.73417]},"properties":{"s":"osm","k":"semaforo_osm"}},{"type":"Feature","geometry":{"type":"Point","coordinates":[-100.27068,25.73433]},"properties":{"s":"osm","k":"semaforo_osm"}},{"type":"Feature","geometry":{"type":"Point","coordinates":[-100.26835,25.73726]},"properties":{"s":"osm","k":"semaforo_osm"}},{"type":"Feature","geometry":{"type":"Point","coordinates":[-100.26844,25.73743]},"properties":{"s":"osm","k":"semaforo_osm"}},{"type":"Feature","geometry":{"type":"Point","coordinates":[-100.26819,25.73731]},"properties":{"s":"osm","k":"semaforo_osm"}},{"type":"Feature","geometry":{"type":"Point","coordinates":[-100.26576,25.74064]},"properties":{"s":"osm","k":"semaforo_osm"}},{"type":"Feature","geometry":{"type":"Point","coordinates":[-100.25988,25.74623]},"properties":{"s":"osm","k":"semaforo_osm"}},{"type":"Feature","geometry":{"type":"Point","coordinates":[-100.25742,25.74829]},"properties":{"s":"osm","k":"semaforo_osm"}},{"type":"Feature","geometry":{"type":"Point","coordinates":[-100.28021,25.72196]},"properties":{"s":"osm","k":"semaforo_osm"}},{"type":"Feature","geometry":{"type":"Point","coordinates":[-100.28008,25.72185]},"properties":{"s":"osm","k":"semaforo_osm"}},{"type":"Feature","geometry":{"type":"Point","coordinates":[-100.33043,25.68567]},"properties":{"s":"osm","k":"semaforo_osm"}},{"type":"Feature","geometry":{"type":"Point","coordinates":[-100.33101,25.68144]},"properties":{"s":"osm","k":"semaforo_osm"}},{"type":"Feature","geometry":{"type":"Point","coordinates":[-100.33152,25.67897]},"properties":{"s":"osm","k":"semaforo_osm"}},{"type":"Feature","geometry":{"type":"Point","coordinates":[-100.33293,25.67271]},"properties":{"s":"osm","k":"semaforo_osm"}},{"type":"Feature","geometry":{"type":"Point","coordinates":[-100.39088,25.75113]},"properties":{"s":"osm","k":"semaforo_osm"}},{"type":"Feature","geometry":{"type":"Point","coordinates":[-100.39093,25.75151]},"properties":{"s":"osm","k":"semaforo_osm"}},{"type":"Feature","geometry":{"type":"Point","coordinates":[-100.39109,25.75137]},"properties":{"s":"osm","k":"semaforo_osm"}},{"type":"Feature","geometry":{"type":"Point","coordinates":[-100.26244,25.72149]},"properties":{"s":"osm","k":"semaforo_osm"}},{"type":"Feature","geometry":{"type":"Point","coordinates":[-100.26238,25.72169]},"properties":{"s":"osm","k":"semaforo_osm"}},{"type":"Feature","geometry":{"type":"Point","coordinates":[-100.26625,25.75588]},"properties":{"s":"osm","k":"semaforo_osm"}},{"type":"Feature","geometry":{"type":"Point","coordinates":[-100.2661,25.75615]},"properties":{"s":"osm","k":"semaforo_osm"}},{"type":"Feature","geometry":{"type":"Point","coordinates":[-100.26398,25.75984]},"properties":{"s":"osm","k":"semaforo_osm"}},{"type":"Feature","geometry":{"type":"Point","coordinates":[-100.30314,25.70409]},"properties":{"s":"osm","k":"semaforo_osm"}},{"type":"Feature","geometry":{"type":"Point","coordinates":[-100.30329,25.70393]},"properties":{"s":"osm","k":"semaforo_osm"}},{"type":"Feature","geometry":{"type":"Point","coordinates":[-100.38021,25.6716]},"properties":{"s":"osm","k":"semaforo_osm"}},{"type":"Feature","geometry":{"type":"Point","coordinates":[-100.44425,25.68583]},"properties":{"s":"osm","k":"semaforo_osm"}},{"type":"Feature","geometry":{"type":"Point","coordinates":[-100.35045,25.68146]},"properties":{"s":"osm","k":"semaforo_osm"}},{"type":"Feature","geometry":{"type":"Point","coordinates":[-100.34285,25.7252]},"properties":{"s":"osm","k":"semaforo_osm"}},{"type":"Feature","geometry":{"type":"Point","coordinates":[-100.33742,25.70473]},"properties":{"s":"osm","k":"semaforo_osm"}},{"type":"Feature","geometry":{"type":"Point","coordinates":[-100.34196,25.70481]},"properties":{"s":"osm","k":"semaforo_osm"}},{"type":"Feature","geometry":{"type":"Point","coordinates":[-100.34237,25.70433]},"properties":{"s":"osm","k":"semaforo_osm"}},{"type":"Feature","geometry":{"type":"Point","coordinates":[-100.34282,25.70468]},"properties":{"s":"osm","k":"semaforo_osm"}},{"type":"Feature","geometry":{"type":"Point","coordinates":[-100.34236,25.70898]},"properties":{"s":"osm","k":"semaforo_osm"}},{"type":"Feature","geometry":{"type":"Point","coordinates":[-100.34228,25.70501]},"properties":{"s":"osm","k":"semaforo_osm"}},{"type":"Feature","geometry":{"type":"Point","coordinates":[-100.34257,25.7091]},"properties":{"s":"osm","k":"semaforo_osm"}},{"type":"Feature","geometry":{"type":"Point","coordinates":[-100.3425,25.70979]},"properties":{"s":"osm","k":"semaforo_osm"}},{"type":"Feature","geometry":{"type":"Point","coordinates":[-100.34241,25.71853]},"properties":{"s":"osm","k":"semaforo_osm"}},{"type":"Feature","geometry":{"type":"Point","coordinates":[-100.34261,25.71849]},"properties":{"s":"osm","k":"semaforo_osm"}},{"type":"Feature","geometry":{"type":"Point","coordinates":[-100.34239,25.71887]},"properties":{"s":"osm","k":"semaforo_osm"}},{"type":"Feature","geometry":{"type":"Point","coordinates":[-100.34258,25.71888]},"properties":{"s":"osm","k":"semaforo_osm"}},{"type":"Feature","geometry":{"type":"Point","coordinates":[-100.33277,25.72184]},"properties":{"s":"osm","k":"semaforo_osm"}},{"type":"Feature","geometry":{"type":"Point","coordinates":[-100.33298,25.72208]},"properties":{"s":"osm","k":"semaforo_osm"}},{"type":"Feature","geometry":{"type":"Point","coordinates":[-100.33324,25.72208]},"properties":{"s":"osm","k":"semaforo_osm"}},{"type":"Feature","geometry":{"type":"Point","coordinates":[-100.33257,25.72184]},"properties":{"s":"osm","k":"semaforo_osm"}},{"type":"Feature","geometry":{"type":"Point","coordinates":[-100.28786,25.70367]},"properties":{"s":"osm","k":"semaforo_osm"}},{"type":"Feature","geometry":{"type":"Point","coordinates":[-100.26843,25.70332]},"properties":{"s":"osm","k":"semaforo_osm"}},{"type":"Feature","geometry":{"type":"Point","coordinates":[-100.26838,25.70357]},"properties":{"s":"osm","k":"semaforo_osm"}},{"type":"Feature","geometry":{"type":"Point","coordinates":[-100.26797,25.70348]},"properties":{"s":"osm","k":"semaforo_osm"}},{"type":"Feature","geometry":{"type":"Point","coordinates":[-100.26805,25.70326]},"properties":{"s":"osm","k":"semaforo_osm"}},{"type":"Feature","geometry":{"type":"Point","coordinates":[-100.26074,25.70318]},"properties":{"s":"osm","k":"semaforo_osm"}},{"type":"Feature","geometry":{"type":"Point","coordinates":[-100.26076,25.70335]},"properties":{"s":"osm","k":"semaforo_osm"}},{"type":"Feature","geometry":{"type":"Point","coordinates":[-100.25749,25.67967]},"properties":{"s":"osm","k":"semaforo_osm"}},{"type":"Feature","geometry":{"type":"Point","coordinates":[-100.35143,25.681]},"properties":{"s":"osm","k":"semaforo_osm"}},{"type":"Feature","geometry":{"type":"Point","coordinates":[-100.36673,25.7261]},"properties":{"s":"osm","k":"semaforo_osm"}},{"type":"Feature","geometry":{"type":"Point","coordinates":[-100.34262,25.72516]},"properties":{"s":"osm","k":"semaforo_osm"}},{"type":"Feature","geometry":{"type":"Point","coordinates":[-100.35338,25.68022]},"properties":{"s":"osm","k":"semaforo_osm"}},{"type":"Feature","geometry":{"type":"Point","coordinates":[-100.35237,25.68069]},"properties":{"s":"osm","k":"semaforo_osm"}},{"type":"Feature","geometry":{"type":"Point","coordinates":[-100.35179,25.68115]},"properties":{"s":"osm","k":"semaforo_osm"}},{"type":"Feature","geometry":{"type":"Point","coordinates":[-100.34526,25.68399]},"properties":{"s":"osm","k":"semaforo_osm"}},{"type":"Feature","geometry":{"type":"Point","coordinates":[-100.34509,25.68404]},"properties":{"s":"osm","k":"semaforo_osm"}},{"type":"Feature","geometry":{"type":"Point","coordinates":[-100.34496,25.68424]},"properties":{"s":"osm","k":"semaforo_osm"}},{"type":"Feature","geometry":{"type":"Point","coordinates":[-100.34491,25.68452]},"properties":{"s":"osm","k":"semaforo_osm"}},{"type":"Feature","geometry":{"type":"Point","coordinates":[-100.34514,25.68454]},"properties":{"s":"osm","k":"semaforo_osm"}},{"type":"Feature","geometry":{"type":"Point","coordinates":[-100.3453,25.68451]},"properties":{"s":"osm","k":"semaforo_osm"}},{"type":"Feature","geometry":{"type":"Point","coordinates":[-100.31301,25.6858]},"properties":{"s":"osm","k":"semaforo_osm"}},{"type":"Feature","geometry":{"type":"Point","coordinates":[-100.29948,25.73616]},"properties":{"s":"osm","k":"semaforo_osm"}},{"type":"Feature","geometry":{"type":"Point","coordinates":[-100.29881,25.73633]},"properties":{"s":"osm","k":"semaforo_osm"}},{"type":"Feature","geometry":{"type":"Point","coordinates":[-100.30789,25.71763]},"properties":{"s":"osm","k":"semaforo_osm"}},{"type":"Feature","geometry":{"type":"Point","coordinates":[-100.40723,25.73989]},"properties":{"s":"osm","k":"semaforo_osm"}},{"type":"Feature","geometry":{"type":"Point","coordinates":[-100.4074,25.73969]},"properties":{"s":"osm","k":"semaforo_osm"}},{"type":"Feature","geometry":{"type":"Point","coordinates":[-100.38168,25.73931]},"properties":{"s":"osm","k":"semaforo_osm"}},{"type":"Feature","geometry":{"type":"Point","coordinates":[-100.40793,25.75965]},"properties":{"s":"osm","k":"semaforo_osm"}},{"type":"Feature","geometry":{"type":"Point","coordinates":[-100.40768,25.75991]},"properties":{"s":"osm","k":"semaforo_osm"}},{"type":"Feature","geometry":{"type":"Point","coordinates":[-100.40789,25.75996]},"properties":{"s":"osm","k":"semaforo_osm"}},{"type":"Feature","geometry":{"type":"Point","coordinates":[-100.3064,25.74499]},"properties":{"s":"osm","k":"semaforo_osm"}},{"type":"Feature","geometry":{"type":"Point","coordinates":[-100.35752,25.70875]},"properties":{"s":"osm","k":"semaforo_osm"}},{"type":"Feature","geometry":{"type":"Point","coordinates":[-100.34134,25.68599]},"properties":{"s":"osm","k":"semaforo_osm"}},{"type":"Feature","geometry":{"type":"Point","coordinates":[-100.34118,25.68573]},"properties":{"s":"osm","k":"semaforo_osm"}},{"type":"Feature","geometry":{"type":"Point","coordinates":[-100.33098,25.6816]},"properties":{"s":"osm","k":"semaforo_osm"}},{"type":"Feature","geometry":{"type":"Point","coordinates":[-100.33026,25.68583]},"properties":{"s":"osm","k":"semaforo_osm"}},{"type":"Feature","geometry":{"type":"Point","coordinates":[-100.33039,25.68594]},"properties":{"s":"osm","k":"semaforo_osm"}},{"type":"Feature","geometry":{"type":"Point","coordinates":[-100.33061,25.68574]},"properties":{"s":"osm","k":"semaforo_osm"}},{"type":"Feature","geometry":{"type":"Point","coordinates":[-100.33317,25.68613]},"properties":{"s":"osm","k":"semaforo_osm"}},{"type":"Feature","geometry":{"type":"Point","coordinates":[-100.33339,25.68616]},"properties":{"s":"osm","k":"semaforo_osm"}},{"type":"Feature","geometry":{"type":"Point","coordinates":[-100.31703,25.68429]},"properties":{"s":"osm","k":"semaforo_osm"}},{"type":"Feature","geometry":{"type":"Point","coordinates":[-100.31736,25.68432]},"properties":{"s":"osm","k":"semaforo_osm"}},{"type":"Feature","geometry":{"type":"Point","coordinates":[-100.31349,25.68403]},"properties":{"s":"osm","k":"semaforo_osm"}},{"type":"Feature","geometry":{"type":"Point","coordinates":[-100.31337,25.68378]},"properties":{"s":"osm","k":"semaforo_osm"}},{"type":"Feature","geometry":{"type":"Point","coordinates":[-100.31319,25.68388]},"properties":{"s":"osm","k":"semaforo_osm"}},{"type":"Feature","geometry":{"type":"Point","coordinates":[-100.31325,25.68474]},"properties":{"s":"osm","k":"semaforo_osm"}},{"type":"Feature","geometry":{"type":"Point","coordinates":[-100.31348,25.68304]},"properties":{"s":"osm","k":"semaforo_osm"}},{"type":"Feature","geometry":{"type":"Point","coordinates":[-100.31219,25.68376]},"properties":{"s":"osm","k":"semaforo_osm"}},{"type":"Feature","geometry":{"type":"Point","coordinates":[-100.29688,25.68221]},"properties":{"s":"osm","k":"semaforo_osm"}},{"type":"Feature","geometry":{"type":"Point","coordinates":[-100.29723,25.68213]},"properties":{"s":"osm","k":"semaforo_osm"}},{"type":"Feature","geometry":{"type":"Point","coordinates":[-100.33359,25.67003]},"properties":{"s":"osm","k":"semaforo_osm"}},{"type":"Feature","geometry":{"type":"Point","coordinates":[-100.33354,25.67022]},"properties":{"s":"osm","k":"semaforo_osm"}},{"type":"Feature","geometry":{"type":"Point","coordinates":[-100.33163,25.67811]},"properties":{"s":"osm","k":"semaforo_osm"}},{"type":"Feature","geometry":{"type":"Point","coordinates":[-100.33155,25.67882]},"properties":{"s":"osm","k":"semaforo_osm"}},{"type":"Feature","geometry":{"type":"Point","coordinates":[-100.26304,25.67963]},"properties":{"s":"osm","k":"semaforo_osm"}},{"type":"Feature","geometry":{"type":"Point","coordinates":[-100.31455,25.67523]},"properties":{"s":"osm","k":"semaforo_osm"}},{"type":"Feature","geometry":{"type":"Point","coordinates":[-100.26717,25.6793]},"properties":{"s":"osm","k":"semaforo_osm"}},{"type":"Feature","geometry":{"type":"Point","coordinates":[-100.26724,25.67951]},"properties":{"s":"osm","k":"semaforo_osm"}},{"type":"Feature","geometry":{"type":"Point","coordinates":[-100.31465,25.6745]},"properties":{"s":"osm","k":"semaforo_osm"}},{"type":"Feature","geometry":{"type":"Point","coordinates":[-100.31478,25.67366]},"properties":{"s":"osm","k":"semaforo_osm"}},{"type":"Feature","geometry":{"type":"Point","coordinates":[-100.31499,25.67207]},"properties":{"s":"osm","k":"semaforo_osm"}},{"type":"Feature","geometry":{"type":"Point","coordinates":[-100.28143,25.70824]},"properties":{"s":"osm","k":"semaforo_osm"}},{"type":"Feature","geometry":{"type":"Point","coordinates":[-100.28133,25.70812]},"properties":{"s":"osm","k":"semaforo_osm"}},{"type":"Feature","geometry":{"type":"Point","coordinates":[-100.35871,25.67456]},"properties":{"s":"osm","k":"semaforo_osm"}},{"type":"Feature","geometry":{"type":"Point","coordinates":[-100.27138,25.66622]},"properties":{"s":"osm","k":"semaforo_osm"}},{"type":"Feature","geometry":{"type":"Point","coordinates":[-100.31781,25.68434]},"properties":{"s":"osm","k":"semaforo_osm"}},{"type":"Feature","geometry":{"type":"Point","coordinates":[-100.31779,25.68451]},"properties":{"s":"osm","k":"semaforo_osm"}},{"type":"Feature","geometry":{"type":"Point","coordinates":[-100.39672,25.67558]},"properties":{"s":"osm","k":"semaforo_osm"}},{"type":"Feature","geometry":{"type":"Point","coordinates":[-100.32236,25.76365]},"properties":{"s":"osm","k":"semaforo_osm"}},{"type":"Feature","geometry":{"type":"Point","coordinates":[-100.32278,25.76375]},"properties":{"s":"osm","k":"semaforo_osm"}},{"type":"Feature","geometry":{"type":"Point","coordinates":[-100.35704,25.67868]},"properties":{"s":"osm","k":"semaforo_osm"}},{"type":"Feature","geometry":{"type":"Point","coordinates":[-100.44431,25.68624]},"properties":{"s":"osm","k":"semaforo_osm"}},{"type":"Feature","geometry":{"type":"Point","coordinates":[-100.44447,25.68628]},"properties":{"s":"osm","k":"semaforo_osm"}},{"type":"Feature","geometry":{"type":"Point","coordinates":[-100.44362,25.68494]},"properties":{"s":"osm","k":"semaforo_osm"}},{"type":"Feature","geometry":{"type":"Point","coordinates":[-100.44331,25.68483]},"properties":{"s":"osm","k":"semaforo_osm"}},{"type":"Feature","geometry":{"type":"Point","coordinates":[-100.38156,25.74261]},"properties":{"s":"osm","k":"semaforo_osm"}},{"type":"Feature","geometry":{"type":"Point","coordinates":[-100.38139,25.74272]},"properties":{"s":"osm","k":"semaforo_osm"}},{"type":"Feature","geometry":{"type":"Point","coordinates":[-100.30606,25.74512]},"properties":{"s":"osm","k":"semaforo_osm"}},{"type":"Feature","geometry":{"type":"Point","coordinates":[-100.33026,25.68852]},"properties":{"s":"osm","k":"semaforo_osm"}},{"type":"Feature","geometry":{"type":"Point","coordinates":[-100.33011,25.6885]},"properties":{"s":"osm","k":"semaforo_osm"}},{"type":"Feature","geometry":{"type":"Point","coordinates":[-100.44271,25.67514]},"properties":{"s":"osm","k":"semaforo_osm"}},{"type":"Feature","geometry":{"type":"Point","coordinates":[-100.26914,25.74571]},"properties":{"s":"osm","k":"semaforo_osm"}},{"type":"Feature","geometry":{"type":"Point","coordinates":[-100.28419,25.66719]},"properties":{"s":"osm","k":"semaforo_osm"}},{"type":"Feature","geometry":{"type":"Point","coordinates":[-100.28229,25.66696]},"properties":{"s":"osm","k":"semaforo_osm"}},{"type":"Feature","geometry":{"type":"Point","coordinates":[-100.29082,25.73312]},"properties":{"s":"osm","k":"semaforo_osm"}},{"type":"Feature","geometry":{"type":"Point","coordinates":[-100.30456,25.73476]},"properties":{"s":"osm","k":"semaforo_osm"}},{"type":"Feature","geometry":{"type":"Point","coordinates":[-100.29193,25.72918]},"properties":{"s":"osm","k":"semaforo_osm"}},{"type":"Feature","geometry":{"type":"Point","coordinates":[-100.2935,25.72291]},"properties":{"s":"osm","k":"semaforo_osm"}},{"type":"Feature","geometry":{"type":"Point","coordinates":[-100.40328,25.67443]},"properties":{"s":"osm","k":"semaforo_osm"}},{"type":"Feature","geometry":{"type":"Point","coordinates":[-100.30272,25.74001]},"properties":{"s":"osm","k":"semaforo_osm"}},{"type":"Feature","geometry":{"type":"Point","coordinates":[-100.30065,25.74512]},"properties":{"s":"osm","k":"semaforo_osm"}},{"type":"Feature","geometry":{"type":"Point","coordinates":[-100.30083,25.74516]},"properties":{"s":"osm","k":"semaforo_osm"}},{"type":"Feature","geometry":{"type":"Point","coordinates":[-100.38954,25.74809]},"properties":{"s":"osm","k":"semaforo_osm"}},{"type":"Feature","geometry":{"type":"Point","coordinates":[-100.25674,25.74087]},"properties":{"s":"osm","k":"semaforo_osm"}},{"type":"Feature","geometry":{"type":"Point","coordinates":[-100.2569,25.74071]},"properties":{"s":"osm","k":"semaforo_osm"}},{"type":"Feature","geometry":{"type":"Point","coordinates":[-100.25668,25.74072]},"properties":{"s":"osm","k":"semaforo_osm"}},{"type":"Feature","geometry":{"type":"Point","coordinates":[-100.33303,25.67287]},"properties":{"s":"osm","k":"semaforo_osm"}},{"type":"Feature","geometry":{"type":"Point","coordinates":[-100.38315,25.66632]},"properties":{"s":"osm","k":"semaforo_osm"}},{"type":"Feature","geometry":{"type":"Point","coordinates":[-100.38934,25.74799]},"properties":{"s":"osm","k":"semaforo_osm"}},{"type":"Feature","geometry":{"type":"Point","coordinates":[-100.38194,25.66826]},"properties":{"s":"osm","k":"semaforo_osm"}},{"type":"Feature","geometry":{"type":"Point","coordinates":[-100.31797,25.68464]},"properties":{"s":"osm","k":"semaforo_osm"}},{"type":"Feature","geometry":{"type":"Point","coordinates":[-100.31801,25.68423]},"properties":{"s":"osm","k":"semaforo_osm"}},{"type":"Feature","geometry":{"type":"Point","coordinates":[-100.30361,25.68287]},"properties":{"s":"osm","k":"semaforo_osm"}},{"type":"Feature","geometry":{"type":"Point","coordinates":[-100.3039,25.6829]},"properties":{"s":"osm","k":"semaforo_osm"}},{"type":"Feature","geometry":{"type":"Point","coordinates":[-100.29087,25.73325]},"properties":{"s":"osm","k":"semaforo_osm"}},{"type":"Feature","geometry":{"type":"Point","coordinates":[-100.29094,25.73301]},"properties":{"s":"osm","k":"semaforo_osm"}},{"type":"Feature","geometry":{"type":"Point","coordinates":[-100.31831,25.68447]},"properties":{"s":"osm","k":"semaforo_osm"}},{"type":"Feature","geometry":{"type":"Point","coordinates":[-100.2009,25.70717]},"properties":{"s":"osm","k":"semaforo_osm"}},{"type":"Feature","geometry":{"type":"Point","coordinates":[-100.20462,25.67482]},"properties":{"s":"osm","k":"semaforo_osm"}},{"type":"Feature","geometry":{"type":"Point","coordinates":[-100.21542,25.67493]},"properties":{"s":"osm","k":"semaforo_osm"}},{"type":"Feature","geometry":{"type":"Point","coordinates":[-100.21545,25.67476]},"properties":{"s":"osm","k":"semaforo_osm"}},{"type":"Feature","geometry":{"type":"Point","coordinates":[-100.19923,25.72352]},"properties":{"s":"osm","k":"semaforo_osm"}},{"type":"Feature","geometry":{"type":"Point","coordinates":[-100.2254,25.70272]},"properties":{"s":"osm","k":"semaforo_osm"}},{"type":"Feature","geometry":{"type":"Point","coordinates":[-100.20799,25.70488]},"properties":{"s":"osm","k":"semaforo_osm"}},{"type":"Feature","geometry":{"type":"Point","coordinates":[-100.20789,25.70471]},"properties":{"s":"osm","k":"semaforo_osm"}},{"type":"Feature","geometry":{"type":"Point","coordinates":[-100.21415,25.68402]},"properties":{"s":"osm","k":"semaforo_osm"}},{"type":"Feature","geometry":{"type":"Point","coordinates":[-100.23045,25.68287]},"properties":{"s":"osm","k":"semaforo_osm"}},{"type":"Feature","geometry":{"type":"Point","coordinates":[-100.21358,25.68663]},"properties":{"s":"osm","k":"semaforo_osm"}},{"type":"Feature","geometry":{"type":"Point","coordinates":[-100.21373,25.68664]},"properties":{"s":"osm","k":"semaforo_osm"}},{"type":"Feature","geometry":{"type":"Point","coordinates":[-100.20829,25.68368]},"properties":{"s":"osm","k":"semaforo_osm"}},{"type":"Feature","geometry":{"type":"Point","coordinates":[-100.20793,25.68373]},"properties":{"s":"osm","k":"semaforo_osm"}},{"type":"Feature","geometry":{"type":"Point","coordinates":[-100.23819,25.66978]},"properties":{"s":"osm","k":"semaforo_osm"}},{"type":"Feature","geometry":{"type":"Point","coordinates":[-100.20692,25.76186]},"properties":{"s":"osm","k":"semaforo_osm"}},{"type":"Feature","geometry":{"type":"Point","coordinates":[-100.23289,25.66872]},"properties":{"s":"osm","k":"semaforo_osm"}},{"type":"Feature","geometry":{"type":"Point","coordinates":[-100.23285,25.6689]},"properties":{"s":"osm","k":"semaforo_osm"}},{"type":"Feature","geometry":{"type":"Point","coordinates":[-100.21403,25.6655]},"properties":{"s":"osm","k":"semaforo_osm"}},{"type":"Feature","geometry":{"type":"Point","coordinates":[-100.21399,25.66568]},"properties":{"s":"osm","k":"semaforo_osm"}},{"type":"Feature","geometry":{"type":"Point","coordinates":[-100.21222,25.67489]},"properties":{"s":"osm","k":"semaforo_osm"}},{"type":"Feature","geometry":{"type":"Point","coordinates":[-100.20467,25.67467]},"properties":{"s":"osm","k":"semaforo_osm"}},{"type":"Feature","geometry":{"type":"Point","coordinates":[-100.19208,25.70867]},"properties":{"s":"osm","k":"semaforo_osm"}},{"type":"Feature","geometry":{"type":"Point","coordinates":[-100.19218,25.70885]},"properties":{"s":"osm","k":"semaforo_osm"}},{"type":"Feature","geometry":{"type":"Point","coordinates":[-100.19867,25.73328]},"properties":{"s":"osm","k":"semaforo_osm"}},{"type":"Feature","geometry":{"type":"Point","coordinates":[-100.22561,25.7308]},"properties":{"s":"osm","k":"semaforo_osm"}},{"type":"Feature","geometry":{"type":"Point","coordinates":[-100.22496,25.73076]},"properties":{"s":"osm","k":"semaforo_osm"}},{"type":"Feature","geometry":{"type":"Point","coordinates":[-100.25627,25.67968]},"properties":{"s":"osm","k":"semaforo_osm"}},{"type":"Feature","geometry":{"type":"Point","coordinates":[-100.25281,25.67988]},"properties":{"s":"osm","k":"semaforo_osm"}},{"type":"Feature","geometry":{"type":"Point","coordinates":[-100.25043,25.67991]},"properties":{"s":"osm","k":"semaforo_osm"}},{"type":"Feature","geometry":{"type":"Point","coordinates":[-100.23822,25.6696]},"properties":{"s":"osm","k":"semaforo_osm"}},{"type":"Feature","geometry":{"type":"Point","coordinates":[-100.22589,25.72321]},"properties":{"s":"osm","k":"semaforo_osm"}},{"type":"Feature","geometry":{"type":"Point","coordinates":[-100.23612,25.75383]},"properties":{"s":"osm","k":"semaforo_osm"}},{"type":"Feature","geometry":{"type":"Point","coordinates":[-100.16396,25.70544]},"properties":{"s":"osm","k":"semaforo_osm"}},{"type":"Feature","geometry":{"type":"Point","coordinates":[-100.22122,25.6666]},"properties":{"s":"osm","k":"semaforo_osm"}},{"type":"Feature","geometry":{"type":"Point","coordinates":[-100.22118,25.6668]},"properties":{"s":"osm","k":"semaforo_osm"}},{"type":"Feature","geometry":{"type":"Point","coordinates":[-100.1847,25.70922]},"properties":{"s":"osm","k":"semaforo_osm"}},{"type":"Feature","geometry":{"type":"Point","coordinates":[-100.25193,25.76024]},"properties":{"s":"osm","k":"semaforo_osm"}},{"type":"Feature","geometry":{"type":"Point","coordinates":[-100.17999,25.74487]},"properties":{"s":"osm","k":"semaforo_osm"}},{"type":"Feature","geometry":{"type":"Point","coordinates":[-100.25428,25.69928]},"properties":{"s":"osm","k":"semaforo_osm"}},{"type":"Feature","geometry":{"type":"Point","coordinates":[-100.19299,25.74669]},"properties":{"s":"osm","k":"semaforo_osm"}},{"type":"Feature","geometry":{"type":"Point","coordinates":[-100.20097,25.70738]},"properties":{"s":"osm","k":"semaforo_osm"}},{"type":"Feature","geometry":{"type":"Point","coordinates":[-100.21399,25.68403]},"properties":{"s":"osm","k":"semaforo_osm"}},{"type":"Feature","geometry":{"type":"Point","coordinates":[-100.20276,25.72214]},"properties":{"s":"osm","k":"semaforo_osm"}},{"type":"Feature","geometry":{"type":"Point","coordinates":[-100.20263,25.72224]},"properties":{"s":"osm","k":"semaforo_osm"}},{"type":"Feature","geometry":{"type":"Point","coordinates":[-100.18028,25.68802]},"properties":{"s":"osm","k":"semaforo_osm"}},{"type":"Feature","geometry":{"type":"Point","coordinates":[-100.16408,25.70566]},"properties":{"s":"osm","k":"semaforo_osm"}},{"type":"Feature","geometry":{"type":"Point","coordinates":[-100.17256,25.73028]},"properties":{"s":"osm","k":"semaforo_osm"}},{"type":"Feature","geometry":{"type":"Point","coordinates":[-100.17218,25.73027]},"properties":{"s":"osm","k":"semaforo_osm"}},{"type":"Feature","geometry":{"type":"Point","coordinates":[-100.1685,25.68048]},"properties":{"s":"osm","k":"semaforo_osm"}},{"type":"Feature","geometry":{"type":"Point","coordinates":[-100.19284,25.7465]},"properties":{"s":"osm","k":"semaforo_osm"}},{"type":"Feature","geometry":{"type":"Point","coordinates":[-100.25469,25.73855]},"properties":{"s":"osm","k":"semaforo_osm"}},{"type":"Feature","geometry":{"type":"Point","coordinates":[-100.25207,25.75987]},"properties":{"s":"osm","k":"semaforo_osm"}},{"type":"Feature","geometry":{"type":"Point","coordinates":[-100.2354,25.7572]},"properties":{"s":"osm","k":"semaforo_osm"}},{"type":"Feature","geometry":{"type":"Point","coordinates":[-100.22664,25.73408]},"properties":{"s":"osm","k":"semaforo_osm"}},{"type":"Feature","geometry":{"type":"Point","coordinates":[-100.2396,25.73273]},"properties":{"s":"osm","k":"semaforo_osm"}},{"type":"Feature","geometry":{"type":"Point","coordinates":[-100.24359,25.73637]},"properties":{"s":"osm","k":"semaforo_osm"}},{"type":"Feature","geometry":{"type":"Point","coordinates":[-100.22673,25.73389]},"properties":{"s":"osm","k":"semaforo_osm"}},{"type":"Feature","geometry":{"type":"Point","coordinates":[-100.23183,25.73243]},"properties":{"s":"osm","k":"semaforo_osm"}},{"type":"Feature","geometry":{"type":"Point","coordinates":[-100.23959,25.73258]},"properties":{"s":"osm","k":"semaforo_osm"}},{"type":"Feature","geometry":{"type":"Point","coordinates":[-100.24374,25.73628]},"properties":{"s":"osm","k":"semaforo_osm"}},{"type":"Feature","geometry":{"type":"Point","coordinates":[-100.2539,25.72906]},"properties":{"s":"osm","k":"semaforo_osm"}},{"type":"Feature","geometry":{"type":"Point","coordinates":[-100.23909,25.74086]},"properties":{"s":"osm","k":"semaforo_osm"}},{"type":"Feature","geometry":{"type":"Point","coordinates":[-100.21676,25.72463]},"properties":{"s":"osm","k":"semaforo_osm"}},{"type":"Feature","geometry":{"type":"Point","coordinates":[-100.1847,25.70908]},"properties":{"s":"osm","k":"semaforo_osm"}},{"type":"Feature","geometry":{"type":"Point","coordinates":[-100.24401,25.67201]},"properties":{"s":"osm","k":"semaforo_osm"}},{"type":"Feature","geometry":{"type":"Point","coordinates":[-100.23928,25.69415]},"properties":{"s":"osm","k":"semaforo_osm"}},{"type":"Feature","geometry":{"type":"Point","coordinates":[-100.23937,25.69377]},"properties":{"s":"osm","k":"semaforo_osm"}},{"type":"Feature","geometry":{"type":"Point","coordinates":[-100.23376,25.6955]},"properties":{"s":"osm","k":"semaforo_osm"}},{"type":"Feature","geometry":{"type":"Point","coordinates":[-100.24833,25.69144]},"properties":{"s":"osm","k":"semaforo_osm"}},{"type":"Feature","geometry":{"type":"Point","coordinates":[-100.25472,25.70309]},"properties":{"s":"osm","k":"semaforo_osm"}},{"type":"Feature","geometry":{"type":"Point","coordinates":[-100.25477,25.70325]},"properties":{"s":"osm","k":"semaforo_osm"}},{"type":"Feature","geometry":{"type":"Point","coordinates":[-100.25061,25.70303]},"properties":{"s":"osm","k":"semaforo_osm"}},{"type":"Feature","geometry":{"type":"Point","coordinates":[-100.25061,25.70317]},"properties":{"s":"osm","k":"semaforo_osm"}},{"type":"Feature","geometry":{"type":"Point","coordinates":[-100.24666,25.70297]},"properties":{"s":"osm","k":"semaforo_osm"}},{"type":"Feature","geometry":{"type":"Point","coordinates":[-100.23961,25.70284]},"properties":{"s":"osm","k":"semaforo_osm"}},{"type":"Feature","geometry":{"type":"Point","coordinates":[-100.23969,25.70299]},"properties":{"s":"osm","k":"semaforo_osm"}},{"type":"Feature","geometry":{"type":"Point","coordinates":[-100.236,25.70278]},"properties":{"s":"osm","k":"semaforo_osm"}},{"type":"Feature","geometry":{"type":"Point","coordinates":[-100.23582,25.70293]},"properties":{"s":"osm","k":"semaforo_osm"}},{"type":"Feature","geometry":{"type":"Point","coordinates":[-100.23178,25.70285]},"properties":{"s":"osm","k":"semaforo_osm"}},{"type":"Feature","geometry":{"type":"Point","coordinates":[-100.23183,25.70271]},"properties":{"s":"osm","k":"semaforo_osm"}},{"type":"Feature","geometry":{"type":"Point","coordinates":[-100.25208,25.73034]},"properties":{"s":"osm","k":"semaforo_osm"}},{"type":"Feature","geometry":{"type":"Point","coordinates":[-100.24782,25.73331]},"properties":{"s":"osm","k":"semaforo_osm"}},{"type":"Feature","geometry":{"type":"Point","coordinates":[-100.23918,25.73932]},"properties":{"s":"osm","k":"semaforo_osm"}},{"type":"Feature","geometry":{"type":"Point","coordinates":[-100.23939,25.73941]},"properties":{"s":"osm","k":"semaforo_osm"}},{"type":"Feature","geometry":{"type":"Point","coordinates":[-100.22611,25.74827]},"properties":{"s":"osm","k":"semaforo_osm"}},{"type":"Feature","geometry":{"type":"Point","coordinates":[-100.22629,25.74859]},"properties":{"s":"osm","k":"semaforo_osm"}},{"type":"Feature","geometry":{"type":"Point","coordinates":[-100.24764,25.75469]},"properties":{"s":"osm","k":"semaforo_osm"}},{"type":"Feature","geometry":{"type":"Point","coordinates":[-100.24732,25.7548]},"properties":{"s":"osm","k":"semaforo_osm"}},{"type":"Feature","geometry":{"type":"Point","coordinates":[-100.24495,25.75568]},"properties":{"s":"osm","k":"semaforo_osm"}},{"type":"Feature","geometry":{"type":"Point","coordinates":[-100.24782,25.75608]},"properties":{"s":"osm","k":"semaforo_osm"}},{"type":"Feature","geometry":{"type":"Point","coordinates":[-100.24253,25.76353]},"properties":{"s":"osm","k":"semaforo_osm"}},{"type":"Feature","geometry":{"type":"Point","coordinates":[-100.24268,25.76356]},"properties":{"s":"osm","k":"semaforo_osm"}},{"type":"Feature","geometry":{"type":"Point","coordinates":[-100.242,25.7633]},"properties":{"s":"osm","k":"semaforo_osm"}},{"type":"Feature","geometry":{"type":"Point","coordinates":[-100.24034,25.75737]},"properties":{"s":"osm","k":"semaforo_osm"}},{"type":"Feature","geometry":{"type":"Point","coordinates":[-100.24211,25.73484]},"properties":{"s":"osm","k":"semaforo_osm"}},{"type":"Feature","geometry":{"type":"Point","coordinates":[-100.24222,25.73476]},"properties":{"s":"osm","k":"semaforo_osm"}},{"type":"Feature","geometry":{"type":"Point","coordinates":[-100.25042,25.71613]},"properties":{"s":"osm","k":"semaforo_osm"}},{"type":"Feature","geometry":{"type":"Point","coordinates":[-100.25027,25.71586]},"properties":{"s":"osm","k":"semaforo_osm"}},{"type":"Feature","geometry":{"type":"Point","coordinates":[-100.25,25.71599]},"properties":{"s":"osm","k":"semaforo_osm"}},{"type":"Feature","geometry":{"type":"Point","coordinates":[-100.25013,25.71615]},"properties":{"s":"osm","k":"semaforo_osm"}},{"type":"Feature","geometry":{"type":"Point","coordinates":[-100.24828,25.71387]},"properties":{"s":"osm","k":"semaforo_osm"}},{"type":"Feature","geometry":{"type":"Point","coordinates":[-100.24689,25.70767]},"properties":{"s":"osm","k":"semaforo_osm"}},{"type":"Feature","geometry":{"type":"Point","coordinates":[-100.22541,25.70257]},"properties":{"s":"osm","k":"semaforo_osm"}},{"type":"Feature","geometry":{"type":"Point","coordinates":[-100.22454,25.70412]},"properties":{"s":"osm","k":"semaforo_osm"}},{"type":"Feature","geometry":{"type":"Point","coordinates":[-100.23048,25.70678]},"properties":{"s":"osm","k":"semaforo_osm"}},{"type":"Feature","geometry":{"type":"Point","coordinates":[-100.21408,25.72412]},"properties":{"s":"osm","k":"semaforo_osm"}},{"type":"Feature","geometry":{"type":"Point","coordinates":[-100.2178,25.72464]},"properties":{"s":"osm","k":"semaforo_osm"}},{"type":"Feature","geometry":{"type":"Point","coordinates":[-100.21772,25.72444]},"properties":{"s":"osm","k":"semaforo_osm"}},{"type":"Feature","geometry":{"type":"Point","coordinates":[-100.22266,25.72395]},"properties":{"s":"osm","k":"semaforo_osm"}},{"type":"Feature","geometry":{"type":"Point","coordinates":[-100.22292,25.72391]},"properties":{"s":"osm","k":"semaforo_osm"}},{"type":"Feature","geometry":{"type":"Point","coordinates":[-100.22551,25.72347]},"properties":{"s":"osm","k":"semaforo_osm"}},{"type":"Feature","geometry":{"type":"Point","coordinates":[-100.22572,25.72333]},"properties":{"s":"osm","k":"semaforo_osm"}},{"type":"Feature","geometry":{"type":"Point","coordinates":[-100.22572,25.72358]},"properties":{"s":"osm","k":"semaforo_osm"}},{"type":"Feature","geometry":{"type":"Point","coordinates":[-100.2322,25.72082]},"properties":{"s":"osm","k":"semaforo_osm"}},{"type":"Feature","geometry":{"type":"Point","coordinates":[-100.23224,25.72067]},"properties":{"s":"osm","k":"semaforo_osm"}},{"type":"Feature","geometry":{"type":"Point","coordinates":[-100.23592,25.71945]},"properties":{"s":"osm","k":"semaforo_osm"}},{"type":"Feature","geometry":{"type":"Point","coordinates":[-100.23622,25.71932]},"properties":{"s":"osm","k":"semaforo_osm"}},{"type":"Feature","geometry":{"type":"Point","coordinates":[-100.23614,25.71918]},"properties":{"s":"osm","k":"semaforo_osm"}},{"type":"Feature","geometry":{"type":"Point","coordinates":[-100.2361,25.7196]},"properties":{"s":"osm","k":"semaforo_osm"}},{"type":"Feature","geometry":{"type":"Point","coordinates":[-100.23937,25.71935]},"properties":{"s":"osm","k":"semaforo_osm"}},{"type":"Feature","geometry":{"type":"Point","coordinates":[-100.2392,25.71943]},"properties":{"s":"osm","k":"semaforo_osm"}},{"type":"Feature","geometry":{"type":"Point","coordinates":[-100.23939,25.71954]},"properties":{"s":"osm","k":"semaforo_osm"}},{"type":"Feature","geometry":{"type":"Point","coordinates":[-100.24273,25.71877]},"properties":{"s":"osm","k":"semaforo_osm"}},{"type":"Feature","geometry":{"type":"Point","coordinates":[-100.24295,25.71873]},"properties":{"s":"osm","k":"semaforo_osm"}},{"type":"Feature","geometry":{"type":"Point","coordinates":[-100.24279,25.719]},"properties":{"s":"osm","k":"semaforo_osm"}},{"type":"Feature","geometry":{"type":"Point","coordinates":[-100.21483,25.7032]},"properties":{"s":"osm","k":"semaforo_osm"}},{"type":"Feature","geometry":{"type":"Point","coordinates":[-100.21481,25.70296]},"properties":{"s":"osm","k":"semaforo_osm"}},{"type":"Feature","geometry":{"type":"Point","coordinates":[-100.21518,25.703]},"properties":{"s":"osm","k":"semaforo_osm"}},{"type":"Feature","geometry":{"type":"Point","coordinates":[-100.21693,25.70311]},"properties":{"s":"osm","k":"semaforo_osm"}},{"type":"Feature","geometry":{"type":"Point","coordinates":[-100.24018,25.71617]},"properties":{"s":"osm","k":"semaforo_osm"}},{"type":"Feature","geometry":{"type":"Point","coordinates":[-100.20792,25.73653]},"properties":{"s":"osm","k":"semaforo_osm"}},{"type":"Feature","geometry":{"type":"Point","coordinates":[-100.20772,25.73668]},"properties":{"s":"osm","k":"semaforo_osm"}},{"type":"Feature","geometry":{"type":"Point","coordinates":[-100.20742,25.73646]},"properties":{"s":"osm","k":"semaforo_osm"}},{"type":"Feature","geometry":{"type":"Point","coordinates":[-100.20756,25.73631]},"properties":{"s":"osm","k":"semaforo_osm"}},{"type":"Feature","geometry":{"type":"Point","coordinates":[-100.20567,25.72263]},"properties":{"s":"osm","k":"semaforo_osm"}},{"type":"Feature","geometry":{"type":"Point","coordinates":[-100.20521,25.72261]},"properties":{"s":"osm","k":"semaforo_osm"}},{"type":"Feature","geometry":{"type":"Point","coordinates":[-100.20496,25.72252]},"properties":{"s":"osm","k":"semaforo_osm"}},{"type":"Feature","geometry":{"type":"Point","coordinates":[-100.17435,25.73629]},"properties":{"s":"osm","k":"semaforo_osm"}},{"type":"Feature","geometry":{"type":"Point","coordinates":[-100.17417,25.73638]},"properties":{"s":"osm","k":"semaforo_osm"}},{"type":"Feature","geometry":{"type":"Point","coordinates":[-100.1667,25.70558]},"properties":{"s":"osm","k":"semaforo_osm"}},{"type":"Feature","geometry":{"type":"Point","coordinates":[-100.16674,25.70544]},"properties":{"s":"osm","k":"semaforo_osm"}},{"type":"Feature","geometry":{"type":"Point","coordinates":[-100.24599,25.73166]},"properties":{"s":"osm","k":"semaforo_osm"}},{"type":"Feature","geometry":{"type":"Point","coordinates":[-100.24601,25.73137]},"properties":{"s":"osm","k":"semaforo_osm"}},{"type":"Feature","geometry":{"type":"Point","coordinates":[-100.24618,25.73129]},"properties":{"s":"osm","k":"semaforo_osm"}},{"type":"Feature","geometry":{"type":"Point","coordinates":[-100.24389,25.67944]},"properties":{"s":"osm","k":"semaforo_osm"}},{"type":"Feature","geometry":{"type":"Point","coordinates":[-100.24404,25.67951]},"properties":{"s":"osm","k":"semaforo_osm"}},{"type":"Feature","geometry":{"type":"Point","coordinates":[-100.24413,25.67921]},"properties":{"s":"osm","k":"semaforo_osm"}},{"type":"Feature","geometry":{"type":"Point","coordinates":[-100.24399,25.67913]},"properties":{"s":"osm","k":"semaforo_osm"}},{"type":"Feature","geometry":{"type":"Point","coordinates":[-100.1756,25.66722]},"properties":{"s":"osm","k":"semaforo_osm"}},{"type":"Feature","geometry":{"type":"Point","coordinates":[-100.1754,25.66727]},"properties":{"s":"osm","k":"semaforo_osm"}},{"type":"Feature","geometry":{"type":"Point","coordinates":[-100.19341,25.67452]},"properties":{"s":"osm","k":"semaforo_osm"}},{"type":"Feature","geometry":{"type":"Point","coordinates":[-100.19321,25.67456]},"properties":{"s":"osm","k":"semaforo_osm"}},{"type":"Feature","geometry":{"type":"Point","coordinates":[-100.21322,25.68895]},"properties":{"s":"osm","k":"semaforo_osm"}},{"type":"Feature","geometry":{"type":"Point","coordinates":[-100.21335,25.68918]},"properties":{"s":"osm","k":"semaforo_osm"}},{"type":"Feature","geometry":{"type":"Point","coordinates":[-100.21307,25.68929]},"properties":{"s":"osm","k":"semaforo_osm"}},{"type":"Feature","geometry":{"type":"Point","coordinates":[-100.21216,25.69487]},"properties":{"s":"osm","k":"semaforo_osm"}},{"type":"Feature","geometry":{"type":"Point","coordinates":[-100.21246,25.69664]},"properties":{"s":"osm","k":"semaforo_osm"}},{"type":"Feature","geometry":{"type":"Point","coordinates":[-100.21296,25.69674]},"properties":{"s":"osm","k":"semaforo_osm"}},{"type":"Feature","geometry":{"type":"Point","coordinates":[-100.21725,25.69503]},"properties":{"s":"osm","k":"semaforo_osm"}},{"type":"Feature","geometry":{"type":"Point","coordinates":[-100.21257,25.69493]},"properties":{"s":"osm","k":"semaforo_osm"}},{"type":"Feature","geometry":{"type":"Point","coordinates":[-100.24621,25.73154]},"properties":{"s":"osm","k":"semaforo_osm"}},{"type":"Feature","geometry":{"type":"Point","coordinates":[-100.16515,25.68684]},"properties":{"s":"osm","k":"semaforo_osm"}},{"type":"Feature","geometry":{"type":"Point","coordinates":[-100.18013,25.68816]},"properties":{"s":"osm","k":"semaforo_osm"}},{"type":"Feature","geometry":{"type":"Point","coordinates":[-100.16831,25.68184]},"properties":{"s":"osm","k":"semaforo_osm"}},{"type":"Feature","geometry":{"type":"Point","coordinates":[-100.16815,25.68181]},"properties":{"s":"osm","k":"semaforo_osm"}},{"type":"Feature","geometry":{"type":"Point","coordinates":[-100.16876,25.68086]},"properties":{"s":"osm","k":"semaforo_osm"}},{"type":"Feature","geometry":{"type":"Point","coordinates":[-100.16866,25.68057]},"properties":{"s":"osm","k":"semaforo_osm"}},{"type":"Feature","geometry":{"type":"Point","coordinates":[-100.16827,25.68159]},"properties":{"s":"osm","k":"semaforo_osm"}},{"type":"Feature","geometry":{"type":"Point","coordinates":[-100.17362,25.66695]},"properties":{"s":"osm","k":"semaforo_osm"}},{"type":"Feature","geometry":{"type":"Point","coordinates":[-100.17353,25.66684]},"properties":{"s":"osm","k":"semaforo_osm"}},{"type":"Feature","geometry":{"type":"Point","coordinates":[-100.1739,25.66675]},"properties":{"s":"osm","k":"semaforo_osm"}},{"type":"Feature","geometry":{"type":"Point","coordinates":[-100.17373,25.66668]},"properties":{"s":"osm","k":"semaforo_osm"}},{"type":"Feature","geometry":{"type":"Point","coordinates":[-100.17149,25.66618]},"properties":{"s":"osm","k":"semaforo_osm"}},{"type":"Feature","geometry":{"type":"Point","coordinates":[-100.17134,25.66628]},"properties":{"s":"osm","k":"semaforo_osm"}},{"type":"Feature","geometry":{"type":"Point","coordinates":[-100.17122,25.66615]},"properties":{"s":"osm","k":"semaforo_osm"}},{"type":"Feature","geometry":{"type":"Point","coordinates":[-100.16504,25.68753]},"properties":{"s":"osm","k":"semaforo_osm"}},{"type":"Feature","geometry":{"type":"Point","coordinates":[-100.16496,25.68718]},"properties":{"s":"osm","k":"semaforo_osm"}},{"type":"Feature","geometry":{"type":"Point","coordinates":[-100.16536,25.68693]},"properties":{"s":"osm","k":"semaforo_osm"}},{"type":"Feature","geometry":{"type":"Point","coordinates":[-100.15936,25.70518]},"properties":{"s":"osm","k":"semaforo_osm"}},{"type":"Feature","geometry":{"type":"Point","coordinates":[-100.15934,25.70546]},"properties":{"s":"osm","k":"semaforo_osm"}},{"type":"Feature","geometry":{"type":"Point","coordinates":[-100.16277,25.70569]},"properties":{"s":"osm","k":"semaforo_osm"}},{"type":"Feature","geometry":{"type":"Point","coordinates":[-100.16293,25.70553]},"properties":{"s":"osm","k":"semaforo_osm"}},{"type":"Feature","geometry":{"type":"Point","coordinates":[-100.24908,25.67254]},"properties":{"s":"osm","k":"semaforo_osm"}},{"type":"Feature","geometry":{"type":"Point","coordinates":[-100.2491,25.67236]},"properties":{"s":"osm","k":"semaforo_osm"}},{"type":"Feature","geometry":{"type":"Point","coordinates":[-100.2439,25.68059]},"properties":{"s":"osm","k":"semaforo_osm"}},{"type":"Feature","geometry":{"type":"Point","coordinates":[-100.24373,25.6831]},"properties":{"s":"osm","k":"semaforo_osm"}},{"type":"Feature","geometry":{"type":"Point","coordinates":[-100.24371,25.68336]},"properties":{"s":"osm","k":"semaforo_osm"}},{"type":"Feature","geometry":{"type":"Point","coordinates":[-100.25455,25.68986]},"properties":{"s":"osm","k":"semaforo_osm"}},{"type":"Feature","geometry":{"type":"Point","coordinates":[-100.25452,25.68965]},"properties":{"s":"osm","k":"semaforo_osm"}},{"type":"Feature","geometry":{"type":"Point","coordinates":[-100.25432,25.68983]},"properties":{"s":"osm","k":"semaforo_osm"}},{"type":"Feature","geometry":{"type":"Point","coordinates":[-100.25047,25.69095]},"properties":{"s":"osm","k":"semaforo_osm"}},{"type":"Feature","geometry":{"type":"Point","coordinates":[-100.25018,25.69092]},"properties":{"s":"osm","k":"semaforo_osm"}},{"type":"Feature","geometry":{"type":"Point","coordinates":[-100.2484,25.69156]},"properties":{"s":"osm","k":"semaforo_osm"}},{"type":"Feature","geometry":{"type":"Point","coordinates":[-100.2395,25.69387]},"properties":{"s":"osm","k":"semaforo_osm"}},{"type":"Feature","geometry":{"type":"Point","coordinates":[-100.23046,25.69532]},"properties":{"s":"osm","k":"semaforo_osm"}},{"type":"Feature","geometry":{"type":"Point","coordinates":[-100.23028,25.69529]},"properties":{"s":"osm","k":"semaforo_osm"}},{"type":"Feature","geometry":{"type":"Point","coordinates":[-100.19907,25.72353]},"properties":{"s":"osm","k":"semaforo_osm"}},{"type":"Feature","geometry":{"type":"Point","coordinates":[-100.19921,25.72377]},"properties":{"s":"osm","k":"semaforo_osm"}},{"type":"Feature","geometry":{"type":"Point","coordinates":[-100.19903,25.7237]},"properties":{"s":"osm","k":"semaforo_osm"}},{"type":"Feature","geometry":{"type":"Point","coordinates":[-100.25281,25.72573]},"properties":{"s":"osm","k":"semaforo_osm"}},{"type":"Feature","geometry":{"type":"Point","coordinates":[-100.25116,25.7196]},"properties":{"s":"osm","k":"semaforo_osm"}},{"type":"Feature","geometry":{"type":"Point","coordinates":[-100.25123,25.71938]},"properties":{"s":"osm","k":"semaforo_osm"}},{"type":"Feature","geometry":{"type":"Point","coordinates":[-100.2439,25.67222]},"properties":{"s":"osm","k":"semaforo_osm"}},{"type":"Feature","geometry":{"type":"Point","coordinates":[-100.25474,25.75074]},"properties":{"s":"osm","k":"semaforo_osm"}},{"type":"Feature","geometry":{"type":"Point","coordinates":[-100.25491,25.7508]},"properties":{"s":"osm","k":"semaforo_osm"}},{"type":"Feature","geometry":{"type":"Point","coordinates":[-100.25052,25.71331]},"properties":{"s":"osm","k":"semaforo_osm"}},{"type":"Feature","geometry":{"type":"Point","coordinates":[-100.25481,25.73831]},"properties":{"s":"osm","k":"semaforo_osm"}},{"type":"Feature","geometry":{"type":"Point","coordinates":[-100.25465,25.73829]},"properties":{"s":"osm","k":"semaforo_osm"}},{"type":"Feature","geometry":{"type":"Point","coordinates":[-100.25636,25.68913]},"properties":{"s":"osm","k":"semaforo_osm"}},{"type":"Feature","geometry":{"type":"Point","coordinates":[-100.25599,25.6893]},"properties":{"s":"osm","k":"semaforo_osm"}},{"type":"Feature","geometry":{"type":"Point","coordinates":[-100.19467,25.70876]},"properties":{"s":"osm","k":"semaforo_osm"}},{"type":"Feature","geometry":{"type":"Point","coordinates":[-100.19464,25.70898]},"properties":{"s":"osm","k":"semaforo_osm"}},{"type":"Feature","geometry":{"type":"Point","coordinates":[-100.24627,25.69816]},"properties":{"s":"osm","k":"semaforo_osm"}},{"type":"Feature","geometry":{"type":"Point","coordinates":[-100.24617,25.69788]},"properties":{"s":"osm","k":"semaforo_osm"}},{"type":"Feature","geometry":{"type":"Point","coordinates":[-100.25399,25.69944]},"properties":{"s":"osm","k":"semaforo_osm"}},{"type":"Feature","geometry":{"type":"Point","coordinates":[-100.25422,25.69945]},"properties":{"s":"osm","k":"semaforo_osm"}},{"type":"Feature","geometry":{"type":"Point","coordinates":[-100.25398,25.69878]},"properties":{"s":"osm","k":"semaforo_osm"}},{"type":"Feature","geometry":{"type":"Point","coordinates":[-100.25388,25.69955]},"properties":{"s":"osm","k":"semaforo_osm"}},{"type":"Feature","geometry":{"type":"Point","coordinates":[-100.24785,25.70298]},"properties":{"s":"osm","k":"semaforo_osm"}},{"type":"Feature","geometry":{"type":"Point","coordinates":[-100.24785,25.70313]},"properties":{"s":"osm","k":"semaforo_osm"}},{"type":"Feature","geometry":{"type":"Point","coordinates":[-100.2389,25.70283]},"properties":{"s":"osm","k":"semaforo_osm"}},{"type":"Feature","geometry":{"type":"Point","coordinates":[-100.23889,25.70298]},"properties":{"s":"osm","k":"semaforo_osm"}},{"type":"Feature","geometry":{"type":"Point","coordinates":[-100.23029,25.70267]},"properties":{"s":"osm","k":"semaforo_osm"}},{"type":"Feature","geometry":{"type":"Point","coordinates":[-100.23029,25.70283]},"properties":{"s":"osm","k":"semaforo_osm"}},{"type":"Feature","geometry":{"type":"Point","coordinates":[-100.22532,25.70285]},"properties":{"s":"osm","k":"semaforo_osm"}},{"type":"Feature","geometry":{"type":"Point","coordinates":[-100.22366,25.7025]},"properties":{"s":"osm","k":"semaforo_osm"}},{"type":"Feature","geometry":{"type":"Point","coordinates":[-100.22368,25.70265]},"properties":{"s":"osm","k":"semaforo_osm"}},{"type":"Feature","geometry":{"type":"Point","coordinates":[-100.13147,25.70143]},"properties":{"s":"osm","k":"semaforo_osm"}},{"type":"Feature","geometry":{"type":"Point","coordinates":[-100.25049,25.67974]},"properties":{"s":"osm","k":"semaforo_osm"}},{"type":"Feature","geometry":{"type":"Point","coordinates":[-100.25627,25.67984]},"properties":{"s":"osm","k":"semaforo_osm"}},{"type":"Feature","geometry":{"type":"Point","coordinates":[-100.24403,25.74454]},"properties":{"s":"osm","k":"semaforo_osm"}},{"type":"Feature","geometry":{"type":"Point","coordinates":[-100.24409,25.74486]},"properties":{"s":"osm","k":"semaforo_osm"}},{"type":"Feature","geometry":{"type":"Point","coordinates":[-100.24375,25.74446]},"properties":{"s":"osm","k":"semaforo_osm"}},{"type":"Feature","geometry":{"type":"Point","coordinates":[-100.2542,25.69985]},"properties":{"s":"osm","k":"semaforo_osm"}},{"type":"Feature","geometry":{"type":"Point","coordinates":[-100.22909,25.68338]},"properties":{"s":"osm","k":"semaforo_osm"}},{"type":"Feature","geometry":{"type":"Point","coordinates":[-100.18837,25.70911]},"properties":{"s":"osm","k":"semaforo_osm"}},{"type":"Feature","geometry":{"type":"Point","coordinates":[-100.18836,25.70891]},"properties":{"s":"osm","k":"semaforo_osm"}},{"type":"Feature","geometry":{"type":"Point","coordinates":[-100.20289,25.72225]},"properties":{"s":"osm","k":"semaforo_osm"}},{"type":"Feature","geometry":{"type":"Point","coordinates":[-100.1665,25.7056]},"properties":{"s":"osm","k":"semaforo_osm"}},{"type":"Feature","geometry":{"type":"Point","coordinates":[-100.1665,25.70544]},"properties":{"s":"osm","k":"semaforo_osm"}},{"type":"Feature","geometry":{"type":"Point","coordinates":[-100.22047,25.72426]},"properties":{"s":"osm","k":"semaforo_osm"}},{"type":"Feature","geometry":{"type":"Point","coordinates":[-100.22064,25.72413]},"properties":{"s":"osm","k":"semaforo_osm"}},{"type":"Feature","geometry":{"type":"Point","coordinates":[-100.21225,25.67474]},"properties":{"s":"osm","k":"semaforo_osm"}},{"type":"Feature","geometry":{"type":"Point","coordinates":[-100.21434,25.7243]},"properties":{"s":"osm","k":"semaforo_osm"}},{"type":"Feature","geometry":{"type":"Point","coordinates":[-100.21447,25.72416]},"properties":{"s":"osm","k":"semaforo_osm"}},{"type":"Feature","geometry":{"type":"Point","coordinates":[-100.17293,25.76074]},"properties":{"s":"osm","k":"semaforo_osm"}},{"type":"Feature","geometry":{"type":"Point","coordinates":[-100.18111,25.75632]},"properties":{"s":"osm","k":"semaforo_osm"}},{"type":"Feature","geometry":{"type":"Point","coordinates":[-100.23647,25.75372]},"properties":{"s":"osm","k":"semaforo_osm"}},{"type":"Feature","geometry":{"type":"Point","coordinates":[-100.25281,25.67972]},"properties":{"s":"osm","k":"semaforo_osm"}},{"type":"Feature","geometry":{"type":"Point","coordinates":[-100.25225,25.73038]},"properties":{"s":"osm","k":"semaforo_osm"}},{"type":"Feature","geometry":{"type":"Point","coordinates":[-100.17189,25.75866]},"properties":{"s":"osm","k":"semaforo_osm"}},{"type":"Feature","geometry":{"type":"Point","coordinates":[-100.17214,25.75865]},"properties":{"s":"osm","k":"semaforo_osm"}},{"type":"Feature","geometry":{"type":"Point","coordinates":[-100.17308,25.76074]},"properties":{"s":"osm","k":"semaforo_osm"}},{"type":"Feature","geometry":{"type":"Point","coordinates":[-100.17312,25.76095]},"properties":{"s":"osm","k":"semaforo_osm"}},{"type":"Feature","geometry":{"type":"Point","coordinates":[-100.16951,25.75316]},"properties":{"s":"osm","k":"semaforo_osm"}},{"type":"Feature","geometry":{"type":"Point","coordinates":[-100.16955,25.75337]},"properties":{"s":"osm","k":"semaforo_osm"}},{"type":"Feature","geometry":{"type":"Point","coordinates":[-100.16931,25.7532]},"properties":{"s":"osm","k":"semaforo_osm"}},{"type":"Feature","geometry":{"type":"Point","coordinates":[-100.16933,25.75336]},"properties":{"s":"osm","k":"semaforo_osm"}},{"type":"Feature","geometry":{"type":"Point","coordinates":[-100.17761,25.74747]},"properties":{"s":"osm","k":"semaforo_osm"}},{"type":"Feature","geometry":{"type":"Point","coordinates":[-100.17784,25.74761]},"properties":{"s":"osm","k":"semaforo_osm"}},{"type":"Feature","geometry":{"type":"Point","coordinates":[-100.17794,25.74717]},"properties":{"s":"osm","k":"semaforo_osm"}},{"type":"Feature","geometry":{"type":"Point","coordinates":[-100.17757,25.74787]},"properties":{"s":"osm","k":"semaforo_osm"}},{"type":"Feature","geometry":{"type":"Point","coordinates":[-100.17992,25.74517]},"properties":{"s":"osm","k":"semaforo_osm"}},{"type":"Feature","geometry":{"type":"Point","coordinates":[-100.18031,25.74489]},"properties":{"s":"osm","k":"semaforo_osm"}},{"type":"Feature","geometry":{"type":"Point","coordinates":[-100.17969,25.74503]},"properties":{"s":"osm","k":"semaforo_osm"}},{"type":"Feature","geometry":{"type":"Point","coordinates":[-100.18147,25.75643]},"properties":{"s":"osm","k":"semaforo_osm"}},{"type":"Feature","geometry":{"type":"Point","coordinates":[-100.18149,25.75657]},"properties":{"s":"osm","k":"semaforo_osm"}},{"type":"Feature","geometry":{"type":"Point","coordinates":[-100.18118,25.75618]},"properties":{"s":"osm","k":"semaforo_osm"}},{"type":"Feature","geometry":{"type":"Point","coordinates":[-100.23625,25.75366]},"properties":{"s":"osm","k":"semaforo_osm"}},{"type":"Feature","geometry":{"type":"Point","coordinates":[-100.22623,25.74837]},"properties":{"s":"osm","k":"semaforo_osm"}},{"type":"Feature","geometry":{"type":"Point","coordinates":[-100.23561,25.75622]},"properties":{"s":"osm","k":"semaforo_osm"}},{"type":"Feature","geometry":{"type":"Point","coordinates":[-100.23541,25.75611]},"properties":{"s":"osm","k":"semaforo_osm"}},{"type":"Feature","geometry":{"type":"Point","coordinates":[-100.23632,25.75382]},"properties":{"s":"osm","k":"semaforo_osm"}},{"type":"Feature","geometry":{"type":"Point","coordinates":[-100.13142,25.70156]},"properties":{"s":"osm","k":"semaforo_osm"}},{"type":"Feature","geometry":{"type":"Point","coordinates":[-100.17675,25.74461]},"properties":{"s":"osm","k":"semaforo_osm"}},{"type":"Feature","geometry":{"type":"Point","coordinates":[-100.17711,25.74524]},"properties":{"s":"osm","k":"semaforo_osm"}},{"type":"Feature","geometry":{"type":"Point","coordinates":[-100.17728,25.74484]},"properties":{"s":"osm","k":"semaforo_osm"}},{"type":"Feature","geometry":{"type":"Point","coordinates":[-100.17656,25.74502]},"properties":{"s":"osm","k":"semaforo_osm"}},{"type":"Feature","geometry":{"type":"Point","coordinates":[-100.17224,25.72988]},"properties":{"s":"osm","k":"semaforo_osm"}},{"type":"Feature","geometry":{"type":"Point","coordinates":[-100.17261,25.72993]},"properties":{"s":"osm","k":"semaforo_osm"}},{"type":"Feature","geometry":{"type":"Point","coordinates":[-100.18947,25.73877]},"properties":{"s":"osm","k":"semaforo_osm"}},{"type":"Feature","geometry":{"type":"Point","coordinates":[-100.18943,25.73894]},"properties":{"s":"osm","k":"semaforo_osm"}},{"type":"Feature","geometry":{"type":"Point","coordinates":[-100.18993,25.73868]},"properties":{"s":"osm","k":"semaforo_osm"}},{"type":"Feature","geometry":{"type":"Point","coordinates":[-100.23917,25.74047]},"properties":{"s":"osm","k":"semaforo_osm"}},{"type":"Feature","geometry":{"type":"Point","coordinates":[-100.19094,25.72357]},"properties":{"s":"osm","k":"semaforo_osm"}},{"type":"Feature","geometry":{"type":"Point","coordinates":[-100.1908,25.72349]},"properties":{"s":"osm","k":"semaforo_osm"}},{"type":"Feature","geometry":{"type":"Point","coordinates":[-100.19074,25.72364]},"properties":{"s":"osm","k":"semaforo_osm"}},{"type":"Feature","geometry":{"type":"Point","coordinates":[-100.19082,25.72376]},"properties":{"s":"osm","k":"semaforo_osm"}},{"type":"Feature","geometry":{"type":"Point","coordinates":[-100.19497,25.72389]},"properties":{"s":"osm","k":"semaforo_osm"}},{"type":"Feature","geometry":{"type":"Point","coordinates":[-100.19468,25.72388]},"properties":{"s":"osm","k":"semaforo_osm"}},{"type":"Feature","geometry":{"type":"Point","coordinates":[-100.19659,25.72392]},"properties":{"s":"osm","k":"semaforo_osm"}},{"type":"Feature","geometry":{"type":"Point","coordinates":[-100.25592,25.72795]},"properties":{"s":"osm","k":"semaforo_osm"}},{"type":"Feature","geometry":{"type":"Point","coordinates":[-100.25633,25.72739]},"properties":{"s":"osm","k":"semaforo_osm"}},{"type":"Feature","geometry":{"type":"Point","coordinates":[-100.25418,25.72919]},"properties":{"s":"osm","k":"semaforo_osm"}},{"type":"Feature","geometry":{"type":"Point","coordinates":[-100.25211,25.7306]},"properties":{"s":"osm","k":"semaforo_osm"}},{"type":"Feature","geometry":{"type":"Point","coordinates":[-100.25238,25.73054]},"properties":{"s":"osm","k":"semaforo_osm"}},{"type":"Feature","geometry":{"type":"Point","coordinates":[-100.16656,25.68984]},"properties":{"s":"osm","k":"semaforo_osm"}},{"type":"Feature","geometry":{"type":"Point","coordinates":[-100.27602,25.80277]},"properties":{"s":"osm","k":"semaforo_osm"}},{"type":"Feature","geometry":{"type":"Point","coordinates":[-100.29503,25.76739]},"properties":{"s":"osm","k":"semaforo_osm"}},{"type":"Feature","geometry":{"type":"Point","coordinates":[-100.38895,25.77225]},"properties":{"s":"osm","k":"semaforo_osm"}},{"type":"Feature","geometry":{"type":"Point","coordinates":[-100.26289,25.77058]},"properties":{"s":"osm","k":"semaforo_osm"}},{"type":"Feature","geometry":{"type":"Point","coordinates":[-100.26345,25.77112]},"properties":{"s":"osm","k":"semaforo_osm"}},{"type":"Feature","geometry":{"type":"Point","coordinates":[-100.25902,25.78471]},"properties":{"s":"osm","k":"semaforo_osm"}},{"type":"Feature","geometry":{"type":"Point","coordinates":[-100.2949,25.82013]},"properties":{"s":"osm","k":"semaforo_osm"}},{"type":"Feature","geometry":{"type":"Point","coordinates":[-100.29536,25.82018]},"properties":{"s":"osm","k":"semaforo_osm"}},{"type":"Feature","geometry":{"type":"Point","coordinates":[-100.29558,25.82574]},"properties":{"s":"osm","k":"semaforo_osm"}},{"type":"Feature","geometry":{"type":"Point","coordinates":[-100.29557,25.8255]},"properties":{"s":"osm","k":"semaforo_osm"}},{"type":"Feature","geometry":{"type":"Point","coordinates":[-100.26082,25.7725]},"properties":{"s":"osm","k":"semaforo_osm"}},{"type":"Feature","geometry":{"type":"Point","coordinates":[-100.29249,25.78631]},"properties":{"s":"osm","k":"semaforo_osm"}},{"type":"Feature","geometry":{"type":"Point","coordinates":[-100.2949,25.81988]},"properties":{"s":"osm","k":"semaforo_osm"}},{"type":"Feature","geometry":{"type":"Point","coordinates":[-100.29224,25.77246]},"properties":{"s":"osm","k":"semaforo_osm"}},{"type":"Feature","geometry":{"type":"Point","coordinates":[-100.32929,25.77987]},"properties":{"s":"osm","k":"semaforo_osm"}},{"type":"Feature","geometry":{"type":"Point","coordinates":[-100.31873,25.78088]},"properties":{"s":"osm","k":"semaforo_osm"}},{"type":"Feature","geometry":{"type":"Point","coordinates":[-100.29335,25.79583]},"properties":{"s":"osm","k":"semaforo_osm"}},{"type":"Feature","geometry":{"type":"Point","coordinates":[-100.26873,25.7707]},"properties":{"s":"osm","k":"semaforo_osm"}},{"type":"Feature","geometry":{"type":"Point","coordinates":[-100.266,25.77842]},"properties":{"s":"osm","k":"semaforo_osm"}},{"type":"Feature","geometry":{"type":"Point","coordinates":[-100.29434,25.80985]},"properties":{"s":"osm","k":"semaforo_osm"}},{"type":"Feature","geometry":{"type":"Point","coordinates":[-100.27184,25.81069]},"properties":{"s":"osm","k":"semaforo_osm"}},{"type":"Feature","geometry":{"type":"Point","coordinates":[-100.2585,25.7793]},"properties":{"s":"osm","k":"semaforo_osm"}},{"type":"Feature","geometry":{"type":"Point","coordinates":[-100.30047,25.82504]},"properties":{"s":"osm","k":"semaforo_osm"}},{"type":"Feature","geometry":{"type":"Point","coordinates":[-100.30029,25.82506]},"properties":{"s":"osm","k":"semaforo_osm"}},{"type":"Feature","geometry":{"type":"Point","coordinates":[-100.30021,25.8248]},"properties":{"s":"osm","k":"semaforo_osm"}},{"type":"Feature","geometry":{"type":"Point","coordinates":[-100.30005,25.82481]},"properties":{"s":"osm","k":"semaforo_osm"}},{"type":"Feature","geometry":{"type":"Point","coordinates":[-100.25997,25.77371]},"properties":{"s":"osm","k":"semaforo_osm"}},{"type":"Feature","geometry":{"type":"Point","coordinates":[-100.25879,25.78467]},"properties":{"s":"osm","k":"semaforo_osm"}},{"type":"Feature","geometry":{"type":"Point","coordinates":[-100.32275,25.7915]},"properties":{"s":"osm","k":"semaforo_osm"}},{"type":"Feature","geometry":{"type":"Point","coordinates":[-100.33035,25.78209]},"properties":{"s":"osm","k":"semaforo_osm"}},{"type":"Feature","geometry":{"type":"Point","coordinates":[-100.26871,25.77054]},"properties":{"s":"osm","k":"semaforo_osm"}},{"type":"Feature","geometry":{"type":"Point","coordinates":[-100.272,25.81076]},"properties":{"s":"osm","k":"semaforo_osm"}},{"type":"Feature","geometry":{"type":"Point","coordinates":[-100.29295,25.76746]},"properties":{"s":"osm","k":"semaforo_osm"}},{"type":"Feature","geometry":{"type":"Point","coordinates":[-100.38634,25.77788]},"properties":{"s":"osm","k":"semaforo_osm"}},{"type":"Feature","geometry":{"type":"Point","coordinates":[-100.38888,25.77207]},"properties":{"s":"osm","k":"semaforo_osm"}},{"type":"Feature","geometry":{"type":"Point","coordinates":[-100.26067,25.77233]},"properties":{"s":"osm","k":"semaforo_osm"}},{"type":"Feature","geometry":{"type":"Point","coordinates":[-100.25996,25.77354]},"properties":{"s":"osm","k":"semaforo_osm"}},{"type":"Feature","geometry":{"type":"Point","coordinates":[-100.25809,25.77567]},"properties":{"s":"osm","k":"semaforo_osm"}},{"type":"Feature","geometry":{"type":"Point","coordinates":[-100.25717,25.77666]},"properties":{"s":"osm","k":"semaforo_osm"}},{"type":"Feature","geometry":{"type":"Point","coordinates":[-100.26531,25.77094]},"properties":{"s":"osm","k":"semaforo_osm"}},{"type":"Feature","geometry":{"type":"Point","coordinates":[-100.26527,25.77043]},"properties":{"s":"osm","k":"semaforo_osm"}},{"type":"Feature","geometry":{"type":"Point","coordinates":[-100.27227,25.7701]},"properties":{"s":"osm","k":"semaforo_osm"}},{"type":"Feature","geometry":{"type":"Point","coordinates":[-100.27263,25.77006]},"properties":{"s":"osm","k":"semaforo_osm"}},{"type":"Feature","geometry":{"type":"Point","coordinates":[-100.27264,25.7697]},"properties":{"s":"osm","k":"semaforo_osm"}},{"type":"Feature","geometry":{"type":"Point","coordinates":[-100.27224,25.76975]},"properties":{"s":"osm","k":"semaforo_osm"}},{"type":"Feature","geometry":{"type":"Point","coordinates":[-100.27882,25.76899]},"properties":{"s":"osm","k":"semaforo_osm"}},{"type":"Feature","geometry":{"type":"Point","coordinates":[-100.27876,25.76924]},"properties":{"s":"osm","k":"semaforo_osm"}},{"type":"Feature","geometry":{"type":"Point","coordinates":[-100.28977,25.76778]},"properties":{"s":"osm","k":"semaforo_osm"}},{"type":"Feature","geometry":{"type":"Point","coordinates":[-100.28876,25.76804]},"properties":{"s":"osm","k":"semaforo_osm"}},{"type":"Feature","geometry":{"type":"Point","coordinates":[-100.28949,25.76803]},"properties":{"s":"osm","k":"semaforo_osm"}},{"type":"Feature","geometry":{"type":"Point","coordinates":[-100.29079,25.76776]},"properties":{"s":"osm","k":"semaforo_osm"}},{"type":"Feature","geometry":{"type":"Point","coordinates":[-100.29124,25.76766]},"properties":{"s":"osm","k":"semaforo_osm"}},{"type":"Feature","geometry":{"type":"Point","coordinates":[-100.29346,25.76728]},"properties":{"s":"osm","k":"semaforo_osm"}},{"type":"Feature","geometry":{"type":"Point","coordinates":[-100.29321,25.76722]},"properties":{"s":"osm","k":"semaforo_osm"}},{"type":"Feature","geometry":{"type":"Point","coordinates":[-100.29371,25.76765]},"properties":{"s":"osm","k":"semaforo_osm"}},{"type":"Feature","geometry":{"type":"Point","coordinates":[-100.29352,25.7675]},"properties":{"s":"osm","k":"semaforo_osm"}},{"type":"Feature","geometry":{"type":"Point","coordinates":[-100.29274,25.76767]},"properties":{"s":"osm","k":"semaforo_osm"}},{"type":"Feature","geometry":{"type":"Point","coordinates":[-100.2927,25.76753]},"properties":{"s":"osm","k":"semaforo_osm"}},{"type":"Feature","geometry":{"type":"Point","coordinates":[-100.29316,25.76784]},"properties":{"s":"osm","k":"semaforo_osm"}},{"type":"Feature","geometry":{"type":"Point","coordinates":[-100.29303,25.76733]},"properties":{"s":"osm","k":"semaforo_osm"}},{"type":"Feature","geometry":{"type":"Point","coordinates":[-100.29555,25.7672]},"properties":{"s":"osm","k":"semaforo_osm"}},{"type":"Feature","geometry":{"type":"Point","coordinates":[-100.28357,25.78584]},"properties":{"s":"osm","k":"semaforo_osm"}},{"type":"Feature","geometry":{"type":"Point","coordinates":[-100.28395,25.78593]},"properties":{"s":"osm","k":"semaforo_osm"}},{"type":"Feature","geometry":{"type":"Point","coordinates":[-100.28381,25.78547]},"properties":{"s":"osm","k":"semaforo_osm"}},{"type":"Feature","geometry":{"type":"Point","coordinates":[-100.28631,25.78078]},"properties":{"s":"osm","k":"semaforo_osm"}},{"type":"Feature","geometry":{"type":"Point","coordinates":[-100.28599,25.78068]},"properties":{"s":"osm","k":"semaforo_osm"}},{"type":"Feature","geometry":{"type":"Point","coordinates":[-100.29207,25.78166]},"properties":{"s":"osm","k":"semaforo_osm"}},{"type":"Feature","geometry":{"type":"Point","coordinates":[-100.2923,25.78174]},"properties":{"s":"osm","k":"semaforo_osm"}},{"type":"Feature","geometry":{"type":"Point","coordinates":[-100.29238,25.78159]},"properties":{"s":"osm","k":"semaforo_osm"}},{"type":"Feature","geometry":{"type":"Point","coordinates":[-100.29213,25.78149]},"properties":{"s":"osm","k":"semaforo_osm"}},{"type":"Feature","geometry":{"type":"Point","coordinates":[-100.29256,25.77225]},"properties":{"s":"osm","k":"semaforo_osm"}},{"type":"Feature","geometry":{"type":"Point","coordinates":[-100.27629,25.80295]},"properties":{"s":"osm","k":"semaforo_osm"}},{"type":"Feature","geometry":{"type":"Point","coordinates":[-100.28991,25.76785]},"properties":{"s":"osm","k":"semaforo_osm"}},{"type":"Feature","geometry":{"type":"Point","coordinates":[-100.29159,25.76771]},"properties":{"s":"osm","k":"semaforo_osm"}},{"type":"Feature","geometry":{"type":"Point","coordinates":[-100.29175,25.76758]},"properties":{"s":"osm","k":"semaforo_osm"}},{"type":"Feature","geometry":{"type":"Point","coordinates":[-100.29175,25.76743]},"properties":{"s":"osm","k":"semaforo_osm"}},{"type":"Feature","geometry":{"type":"Point","coordinates":[-100.27871,25.76949]},"properties":{"s":"osm","k":"semaforo_osm"}},{"type":"Feature","geometry":{"type":"Point","coordinates":[-100.26145,25.76871]},"properties":{"s":"osm","k":"semaforo_osm"}},{"type":"Feature","geometry":{"type":"Point","coordinates":[-100.26139,25.76921]},"properties":{"s":"osm","k":"semaforo_osm"}},{"type":"Feature","geometry":{"type":"Point","coordinates":[-100.26026,25.7676]},"properties":{"s":"osm","k":"semaforo_osm"}},{"type":"Feature","geometry":{"type":"Point","coordinates":[-100.26021,25.76811]},"properties":{"s":"osm","k":"semaforo_osm"}},{"type":"Feature","geometry":{"type":"Point","coordinates":[-100.29419,25.80986]},"properties":{"s":"osm","k":"semaforo_osm"}},{"type":"Feature","geometry":{"type":"Point","coordinates":[-100.26095,25.77261]},"properties":{"s":"osm","k":"semaforo_osm"}},{"type":"Feature","geometry":{"type":"Point","coordinates":[-100.29533,25.82055]},"properties":{"s":"osm","k":"semaforo_osm"}},{"type":"Feature","geometry":{"type":"Point","coordinates":[-100.28619,25.78092]},"properties":{"s":"osm","k":"semaforo_osm"}},{"type":"Feature","geometry":{"type":"Point","coordinates":[-100.27173,25.81085]},"properties":{"s":"osm","k":"semaforo_osm"}},{"type":"Feature","geometry":{"type":"Point","coordinates":[-100.27227,25.77028]},"properties":{"s":"osm","k":"semaforo_osm"}},{"type":"Feature","geometry":{"type":"Point","coordinates":[-100.27267,25.77023]},"properties":{"s":"osm","k":"semaforo_osm"}},{"type":"Feature","geometry":{"type":"Point","coordinates":[-100.2843,25.78551]},"properties":{"s":"osm","k":"semaforo_osm"}},{"type":"Feature","geometry":{"type":"Point","coordinates":[-100.29268,25.78659]},"properties":{"s":"osm","k":"semaforo_osm"}},{"type":"Feature","geometry":{"type":"Point","coordinates":[-100.3167,25.77193]},"properties":{"s":"osm","k":"semaforo_osm"}},{"type":"Feature","geometry":{"type":"Point","coordinates":[-100.31696,25.7723]},"properties":{"s":"osm","k":"semaforo_osm"}},{"type":"Feature","geometry":{"type":"Point","coordinates":[-100.31698,25.77192]},"properties":{"s":"osm","k":"semaforo_osm"}},{"type":"Feature","geometry":{"type":"Point","coordinates":[-100.31666,25.77225]},"properties":{"s":"osm","k":"semaforo_osm"}},{"type":"Feature","geometry":{"type":"Point","coordinates":[-100.31837,25.77944]},"properties":{"s":"osm","k":"semaforo_osm"}},{"type":"Feature","geometry":{"type":"Point","coordinates":[-100.31814,25.77933]},"properties":{"s":"osm","k":"semaforo_osm"}},{"type":"Feature","geometry":{"type":"Point","coordinates":[-100.31894,25.78087]},"properties":{"s":"osm","k":"semaforo_osm"}},{"type":"Feature","geometry":{"type":"Point","coordinates":[-100.32088,25.78619]},"properties":{"s":"osm","k":"semaforo_osm"}},{"type":"Feature","geometry":{"type":"Point","coordinates":[-100.32091,25.78642]},"properties":{"s":"osm","k":"semaforo_osm"}},{"type":"Feature","geometry":{"type":"Point","coordinates":[-100.32111,25.7863]},"properties":{"s":"osm","k":"semaforo_osm"}},{"type":"Feature","geometry":{"type":"Point","coordinates":[-100.32282,25.79062]},"properties":{"s":"osm","k":"semaforo_osm"}},{"type":"Feature","geometry":{"type":"Point","coordinates":[-100.32291,25.79124]},"properties":{"s":"osm","k":"semaforo_osm"}},{"type":"Feature","geometry":{"type":"Point","coordinates":[-100.29318,25.79584]},"properties":{"s":"osm","k":"semaforo_osm"}},{"type":"Feature","geometry":{"type":"Point","coordinates":[-100.28745,25.78618]},"properties":{"s":"osm","k":"semaforo_osm"}},{"type":"Feature","geometry":{"type":"Point","coordinates":[-100.28753,25.78605]},"properties":{"s":"osm","k":"semaforo_osm"}},{"type":"Feature","geometry":{"type":"Point","coordinates":[-100.28977,25.768]},"properties":{"s":"osm","k":"semaforo_osm"}},{"type":"Feature","geometry":{"type":"Point","coordinates":[-100.28897,25.76798]},"properties":{"s":"osm","k":"semaforo_osm"}},{"type":"Feature","geometry":{"type":"Point","coordinates":[-100.2924,25.7674]},"properties":{"s":"osm","k":"semaforo_osm"}},{"type":"Feature","geometry":{"type":"Point","coordinates":[-100.29219,25.76759]},"properties":{"s":"osm","k":"semaforo_osm"}},{"type":"Feature","geometry":{"type":"Point","coordinates":[-100.33832,25.79836]},"properties":{"s":"osm","k":"semaforo_osm"}},{"type":"Feature","geometry":{"type":"Point","coordinates":[-100.33847,25.79837]},"properties":{"s":"osm","k":"semaforo_osm"}},{"type":"Feature","geometry":{"type":"Point","coordinates":[-100.29447,25.8135]},"properties":{"s":"osm","k":"semaforo_osm"}},{"type":"Feature","geometry":{"type":"Point","coordinates":[-100.29464,25.81346]},"properties":{"s":"osm","k":"semaforo_osm"}},{"type":"Feature","geometry":{"type":"Point","coordinates":[-100.29471,25.81635]},"properties":{"s":"osm","k":"semaforo_osm"}},{"type":"Feature","geometry":{"type":"Point","coordinates":[-100.29487,25.81666]},"properties":{"s":"osm","k":"semaforo_osm"}},{"type":"Feature","geometry":{"type":"Point","coordinates":[-100.26666,25.78483]},"properties":{"s":"osm","k":"semaforo_osm"}},{"type":"Feature","geometry":{"type":"Point","coordinates":[-100.26641,25.78491]},"properties":{"s":"osm","k":"semaforo_osm"}},{"type":"Feature","geometry":{"type":"Point","coordinates":[-100.2666,25.78513]},"properties":{"s":"osm","k":"semaforo_osm"}},{"type":"Feature","geometry":{"type":"Point","coordinates":[-100.26645,25.78462]},"properties":{"s":"osm","k":"semaforo_osm"}},{"type":"Feature","geometry":{"type":"Point","coordinates":[-100.27319,25.78521]},"properties":{"s":"osm","k":"semaforo_osm"}},{"type":"Feature","geometry":{"type":"Point","coordinates":[-100.26356,25.77124]},"properties":{"s":"osm","k":"semaforo_osm"}},{"type":"Feature","geometry":{"type":"Point","coordinates":[-100.26521,25.77114]},"properties":{"s":"osm","k":"semaforo_osm"}},{"type":"Feature","geometry":{"type":"Point","coordinates":[-100.2608,25.77266]},"properties":{"s":"osm","k":"semaforo_osm"}},{"type":"Feature","geometry":{"type":"Point","coordinates":[-100.33042,25.78224]},"properties":{"s":"osm","k":"semaforo_osm"}},{"type":"Feature","geometry":{"type":"Point","coordinates":[-100.32941,25.77934]},"properties":{"s":"osm","k":"semaforo_osm"}},{"type":"Feature","geometry":{"type":"Point","coordinates":[-100.33053,25.78165]},"properties":{"s":"osm","k":"semaforo_osm"}},{"type":"Feature","geometry":{"type":"Point","coordinates":[-100.33045,25.7815]},"properties":{"s":"osm","k":"semaforo_osm"}},{"type":"Feature","geometry":{"type":"Point","coordinates":[-100.25902,25.78445]},"properties":{"s":"osm","k":"semaforo_osm"}},{"type":"Feature","geometry":{"type":"Point","coordinates":[-100.27376,25.78531]},"properties":{"s":"osm","k":"semaforo_osm"}},{"type":"Feature","geometry":{"type":"Point","coordinates":[-100.27391,25.78479]},"properties":{"s":"osm","k":"semaforo_osm"}},{"type":"Feature","geometry":{"type":"Point","coordinates":[-100.27326,25.78469]},"properties":{"s":"osm","k":"semaforo_osm"}},{"type":"Feature","geometry":{"type":"Point","coordinates":[-100.30274,25.78718]},"properties":{"s":"osm","k":"semaforo_osm"}},{"type":"Feature","geometry":{"type":"Point","coordinates":[-100.30276,25.78752]},"properties":{"s":"osm","k":"semaforo_osm"}},{"type":"Feature","geometry":{"type":"Point","coordinates":[-100.30293,25.78742]},"properties":{"s":"osm","k":"semaforo_osm"}},{"type":"Feature","geometry":{"type":"Point","coordinates":[-100.27352,25.77845]},"properties":{"s":"osm","k":"semaforo_osm"}},{"type":"Feature","geometry":{"type":"Point","coordinates":[-100.27348,25.77864]},"properties":{"s":"osm","k":"semaforo_osm"}},{"type":"Feature","geometry":{"type":"Point","coordinates":[-100.27304,25.77844]},"properties":{"s":"osm","k":"semaforo_osm"}},{"type":"Feature","geometry":{"type":"Point","coordinates":[-100.29245,25.77246]},"properties":{"s":"osm","k":"semaforo_osm"}},{"type":"Feature","geometry":{"type":"Point","coordinates":[-100.32294,25.79073]},"properties":{"s":"osm","k":"semaforo_osm"}},{"type":"Feature","geometry":{"type":"Point","coordinates":[-100.32277,25.79087]},"properties":{"s":"osm","k":"semaforo_osm"}},{"type":"Feature","geometry":{"type":"Point","coordinates":[-100.33935,25.80053]},"properties":{"s":"osm","k":"semaforo_osm"}},{"type":"Feature","geometry":{"type":"Point","coordinates":[-100.26524,25.77153]},"properties":{"s":"osm","k":"semaforo_osm"}},{"type":"Feature","geometry":{"type":"Point","coordinates":[-100.33965,25.80024]},"properties":{"s":"osm","k":"semaforo_osm"}},{"type":"Feature","geometry":{"type":"Point","coordinates":[-100.33983,25.80059]},"properties":{"s":"osm","k":"semaforo_osm"}},{"type":"Feature","geometry":{"type":"Point","coordinates":[-100.19777,25.78092]},"properties":{"s":"osm","k":"semaforo_osm"}},{"type":"Feature","geometry":{"type":"Point","coordinates":[-100.18747,25.77872]},"properties":{"s":"osm","k":"semaforo_osm"}},{"type":"Feature","geometry":{"type":"Point","coordinates":[-100.23953,25.77615]},"properties":{"s":"osm","k":"semaforo_osm"}},{"type":"Feature","geometry":{"type":"Point","coordinates":[-100.24065,25.77074]},"properties":{"s":"osm","k":"semaforo_osm"}},{"type":"Feature","geometry":{"type":"Point","coordinates":[-100.24042,25.77068]},"properties":{"s":"osm","k":"semaforo_osm"}},{"type":"Feature","geometry":{"type":"Point","coordinates":[-100.24499,25.83062]},"properties":{"s":"osm","k":"semaforo_osm"}},{"type":"Feature","geometry":{"type":"Point","coordinates":[-100.24501,25.83081]},"properties":{"s":"osm","k":"semaforo_osm"}},{"type":"Feature","geometry":{"type":"Point","coordinates":[-100.24809,25.76884]},"properties":{"s":"osm","k":"semaforo_osm"}},{"type":"Feature","geometry":{"type":"Point","coordinates":[-100.24748,25.77592]},"properties":{"s":"osm","k":"semaforo_osm"}},{"type":"Feature","geometry":{"type":"Point","coordinates":[-100.11825,25.77713]},"properties":{"s":"osm","k":"semaforo_osm"}},{"type":"Feature","geometry":{"type":"Point","coordinates":[-100.2008,25.7728]},"properties":{"s":"osm","k":"semaforo_osm"}},{"type":"Feature","geometry":{"type":"Point","coordinates":[-100.16646,25.76787]},"properties":{"s":"osm","k":"semaforo_osm"}},{"type":"Feature","geometry":{"type":"Point","coordinates":[-100.25379,25.78464]},"properties":{"s":"osm","k":"semaforo_osm"}},{"type":"Feature","geometry":{"type":"Point","coordinates":[-100.2397,25.77619]},"properties":{"s":"osm","k":"semaforo_osm"}},{"type":"Feature","geometry":{"type":"Point","coordinates":[-100.16595,25.7679]},"properties":{"s":"osm","k":"semaforo_osm"}},{"type":"Feature","geometry":{"type":"Point","coordinates":[-100.22422,25.80584]},"properties":{"s":"osm","k":"semaforo_osm"}},{"type":"Feature","geometry":{"type":"Point","coordinates":[-100.24816,25.76897]},"properties":{"s":"osm","k":"semaforo_osm"}},{"type":"Feature","geometry":{"type":"Point","coordinates":[-100.19859,25.78372]},"properties":{"s":"osm","k":"semaforo_osm"}},{"type":"Feature","geometry":{"type":"Point","coordinates":[-100.24187,25.76733]},"properties":{"s":"osm","k":"semaforo_osm"}},{"type":"Feature","geometry":{"type":"Point","coordinates":[-100.24202,25.76747]},"properties":{"s":"osm","k":"semaforo_osm"}},{"type":"Feature","geometry":{"type":"Point","coordinates":[-100.24911,25.76984]},"properties":{"s":"osm","k":"semaforo_osm"}},{"type":"Feature","geometry":{"type":"Point","coordinates":[-100.25231,25.77153]},"properties":{"s":"osm","k":"semaforo_osm"}},{"type":"Feature","geometry":{"type":"Point","coordinates":[-100.23074,25.76869]},"properties":{"s":"osm","k":"semaforo_osm"}},{"type":"Feature","geometry":{"type":"Point","coordinates":[-100.22683,25.7772]},"properties":{"s":"osm","k":"semaforo_osm"}},{"type":"Feature","geometry":{"type":"Point","coordinates":[-100.22471,25.78374]},"properties":{"s":"osm","k":"semaforo_osm"}},{"type":"Feature","geometry":{"type":"Point","coordinates":[-100.22466,25.78389]},"properties":{"s":"osm","k":"semaforo_osm"}},{"type":"Feature","geometry":{"type":"Point","coordinates":[-100.23282,25.78418]},"properties":{"s":"osm","k":"semaforo_osm"}},{"type":"Feature","geometry":{"type":"Point","coordinates":[-100.23767,25.78425]},"properties":{"s":"osm","k":"semaforo_osm"}},{"type":"Feature","geometry":{"type":"Point","coordinates":[-100.23784,25.78426]},"properties":{"s":"osm","k":"semaforo_osm"}},{"type":"Feature","geometry":{"type":"Point","coordinates":[-100.23833,25.78224]},"properties":{"s":"osm","k":"semaforo_osm"}},{"type":"Feature","geometry":{"type":"Point","coordinates":[-100.23852,25.78228]},"properties":{"s":"osm","k":"semaforo_osm"}},{"type":"Feature","geometry":{"type":"Point","coordinates":[-100.23935,25.77903]},"properties":{"s":"osm","k":"semaforo_osm"}},{"type":"Feature","geometry":{"type":"Point","coordinates":[-100.23916,25.7791]},"properties":{"s":"osm","k":"semaforo_osm"}},{"type":"Feature","geometry":{"type":"Point","coordinates":[-100.24892,25.78466]},"properties":{"s":"osm","k":"semaforo_osm"}},{"type":"Feature","geometry":{"type":"Point","coordinates":[-100.25517,25.77905]},"properties":{"s":"osm","k":"semaforo_osm"}},{"type":"Feature","geometry":{"type":"Point","coordinates":[-100.25502,25.77904]},"properties":{"s":"osm","k":"semaforo_osm"}},{"type":"Feature","geometry":{"type":"Point","coordinates":[-100.1914,25.76713]},"properties":{"s":"osm","k":"semaforo_osm"}},{"type":"Feature","geometry":{"type":"Point","coordinates":[-100.19112,25.76686]},"properties":{"s":"osm","k":"semaforo_osm"}},{"type":"Feature","geometry":{"type":"Point","coordinates":[-100.19127,25.76675]},"properties":{"s":"osm","k":"semaforo_osm"}},{"type":"Feature","geometry":{"type":"Point","coordinates":[-100.19158,25.76698]},"properties":{"s":"osm","k":"semaforo_osm"}},{"type":"Feature","geometry":{"type":"Point","coordinates":[-100.19837,25.7676]},"properties":{"s":"osm","k":"semaforo_osm"}},{"type":"Feature","geometry":{"type":"Point","coordinates":[-100.19864,25.76747]},"properties":{"s":"osm","k":"semaforo_osm"}},{"type":"Feature","geometry":{"type":"Point","coordinates":[-100.19851,25.76801]},"properties":{"s":"osm","k":"semaforo_osm"}},{"type":"Feature","geometry":{"type":"Point","coordinates":[-100.19876,25.76789]},"properties":{"s":"osm","k":"semaforo_osm"}},{"type":"Feature","geometry":{"type":"Point","coordinates":[-100.22405,25.80588]},"properties":{"s":"osm","k":"semaforo_osm"}},{"type":"Feature","geometry":{"type":"Point","coordinates":[-100.22387,25.80088]},"properties":{"s":"osm","k":"semaforo_osm"}},{"type":"Feature","geometry":{"type":"Point","coordinates":[-100.22402,25.80105]},"properties":{"s":"osm","k":"semaforo_osm"}},{"type":"Feature","geometry":{"type":"Point","coordinates":[-100.22363,25.7961]},"properties":{"s":"osm","k":"semaforo_osm"}},{"type":"Feature","geometry":{"type":"Point","coordinates":[-100.22669,25.77729]},"properties":{"s":"osm","k":"semaforo_osm"}},{"type":"Feature","geometry":{"type":"Point","coordinates":[-100.23056,25.76878]},"properties":{"s":"osm","k":"semaforo_osm"}},{"type":"Feature","geometry":{"type":"Point","coordinates":[-100.2137,25.77787]},"properties":{"s":"osm","k":"semaforo_osm"}},{"type":"Feature","geometry":{"type":"Point","coordinates":[-100.2136,25.77797]},"properties":{"s":"osm","k":"semaforo_osm"}},{"type":"Feature","geometry":{"type":"Point","coordinates":[-100.19097,25.78411]},"properties":{"s":"osm","k":"semaforo_osm"}},{"type":"Feature","geometry":{"type":"Point","coordinates":[-100.19135,25.78491]},"properties":{"s":"osm","k":"semaforo_osm"}},{"type":"Feature","geometry":{"type":"Point","coordinates":[-100.20209,25.79783]},"properties":{"s":"osm","k":"semaforo_osm"}},{"type":"Feature","geometry":{"type":"Point","coordinates":[-100.20207,25.79764]},"properties":{"s":"osm","k":"semaforo_osm"}},{"type":"Feature","geometry":{"type":"Point","coordinates":[-100.19151,25.78496]},"properties":{"s":"osm","k":"semaforo_osm"}},{"type":"Feature","geometry":{"type":"Point","coordinates":[-100.23543,25.79055]},"properties":{"s":"osm","k":"semaforo_osm"}},{"type":"Feature","geometry":{"type":"Point","coordinates":[-100.19235,25.77219]},"properties":{"s":"osm","k":"semaforo_osm"}},{"type":"Feature","geometry":{"type":"Point","coordinates":[-100.19248,25.77198]},"properties":{"s":"osm","k":"semaforo_osm"}},{"type":"Feature","geometry":{"type":"Point","coordinates":[-100.19258,25.77224]},"properties":{"s":"osm","k":"semaforo_osm"}},{"type":"Feature","geometry":{"type":"Point","coordinates":[-100.23542,25.79034]},"properties":{"s":"osm","k":"semaforo_osm"}},{"type":"Feature","geometry":{"type":"Point","coordinates":[-100.23525,25.79049]},"properties":{"s":"osm","k":"semaforo_osm"}},{"type":"Feature","geometry":{"type":"Point","coordinates":[-100.17512,25.77993]},"properties":{"s":"osm","k":"semaforo_osm"}},{"type":"Feature","geometry":{"type":"Point","coordinates":[-100.17505,25.78023]},"properties":{"s":"osm","k":"semaforo_osm"}},{"type":"Feature","geometry":{"type":"Point","coordinates":[-100.17481,25.77999]},"properties":{"s":"osm","k":"semaforo_osm"}},{"type":"Feature","geometry":{"type":"Point","coordinates":[-100.17533,25.78028]},"properties":{"s":"osm","k":"semaforo_osm"}},{"type":"Feature","geometry":{"type":"Point","coordinates":[-100.18581,25.77583]},"properties":{"s":"osm","k":"semaforo_osm"}},{"type":"Feature","geometry":{"type":"Point","coordinates":[-100.18604,25.77669]},"properties":{"s":"osm","k":"semaforo_osm"}},{"type":"Feature","geometry":{"type":"Point","coordinates":[-100.18612,25.77655]},"properties":{"s":"osm","k":"semaforo_osm"}},{"type":"Feature","geometry":{"type":"Point","coordinates":[-100.19231,25.77205]},"properties":{"s":"osm","k":"semaforo_osm"}},{"type":"Feature","geometry":{"type":"Point","coordinates":[-100.24058,25.77086]},"properties":{"s":"osm","k":"semaforo_osm"}},{"type":"Feature","geometry":{"type":"Point","coordinates":[-100.24864,25.79063]},"properties":{"s":"osm","k":"semaforo_osm"}},{"type":"Feature","geometry":{"type":"Point","coordinates":[-100.24869,25.79048]},"properties":{"s":"osm","k":"semaforo_osm"}},{"type":"Feature","geometry":{"type":"Point","coordinates":[-100.2489,25.79051]},"properties":{"s":"osm","k":"semaforo_osm"}},{"type":"Feature","geometry":{"type":"Point","coordinates":[-100.24883,25.79068]},"properties":{"s":"osm","k":"semaforo_osm"}},{"type":"Feature","geometry":{"type":"Point","coordinates":[-100.11814,25.77723]},"properties":{"s":"osm","k":"semaforo_osm"}},{"type":"Feature","geometry":{"type":"Point","coordinates":[-100.26813,25.60687]},"properties":{"s":"osm","k":"alto_osm"}},{"type":"Feature","geometry":{"type":"Point","coordinates":[-100.26531,25.60642]},"properties":{"s":"osm","k":"alto_osm"}},{"type":"Feature","geometry":{"type":"Point","coordinates":[-100.26735,25.60556]},"properties":{"s":"osm","k":"alto_osm"}},{"type":"Feature","geometry":{"type":"Point","coordinates":[-100.26677,25.6057]},"properties":{"s":"osm","k":"alto_osm"}},{"type":"Feature","geometry":{"type":"Point","coordinates":[-100.26672,25.60583]},"properties":{"s":"osm","k":"alto_osm"}},{"type":"Feature","geometry":{"type":"Point","coordinates":[-100.2685,25.60667]},"properties":{"s":"osm","k":"alto_osm"}},{"type":"Feature","geometry":{"type":"Point","coordinates":[-100.26764,25.60713]},"properties":{"s":"osm","k":"alto_osm"}},{"type":"Feature","geometry":{"type":"Point","coordinates":[-100.26828,25.60819]},"properties":{"s":"osm","k":"alto_osm"}},{"type":"Feature","geometry":{"type":"Point","coordinates":[-100.26549,25.6075]},"properties":{"s":"osm","k":"alto_osm"}},{"type":"Feature","geometry":{"type":"Point","coordinates":[-100.2656,25.60737]},"properties":{"s":"osm","k":"alto_osm"}},{"type":"Feature","geometry":{"type":"Point","coordinates":[-100.26532,25.60687]},"properties":{"s":"osm","k":"alto_osm"}},{"type":"Feature","geometry":{"type":"Point","coordinates":[-100.26564,25.60815]},"properties":{"s":"osm","k":"alto_osm"}},{"type":"Feature","geometry":{"type":"Point","coordinates":[-100.26578,25.60798]},"properties":{"s":"osm","k":"alto_osm"}},{"type":"Feature","geometry":{"type":"Point","coordinates":[-100.26609,25.60847]},"properties":{"s":"osm","k":"alto_osm"}},{"type":"Feature","geometry":{"type":"Point","coordinates":[-100.266,25.60858]},"properties":{"s":"osm","k":"alto_osm"}},{"type":"Feature","geometry":{"type":"Point","coordinates":[-100.26635,25.60898]},"properties":{"s":"osm","k":"alto_osm"}},{"type":"Feature","geometry":{"type":"Point","coordinates":[-100.26647,25.60886]},"properties":{"s":"osm","k":"alto_osm"}},{"type":"Feature","geometry":{"type":"Point","coordinates":[-100.26424,25.60807]},"properties":{"s":"osm","k":"alto_osm"}},{"type":"Feature","geometry":{"type":"Point","coordinates":[-100.26463,25.60848]},"properties":{"s":"osm","k":"alto_osm"}},{"type":"Feature","geometry":{"type":"Point","coordinates":[-100.26501,25.60887]},"properties":{"s":"osm","k":"alto_osm"}},{"type":"Feature","geometry":{"type":"Point","coordinates":[-100.26323,25.6069]},"properties":{"s":"osm","k":"alto_osm"}},{"type":"Feature","geometry":{"type":"Point","coordinates":[-100.26383,25.60767]},"properties":{"s":"osm","k":"alto_osm"}},{"type":"Feature","geometry":{"type":"Point","coordinates":[-100.26541,25.60924]},"properties":{"s":"osm","k":"alto_osm"}},{"type":"Feature","geometry":{"type":"Point","coordinates":[-100.26577,25.60964]},"properties":{"s":"osm","k":"alto_osm"}},{"type":"Feature","geometry":{"type":"Point","coordinates":[-100.26615,25.61001]},"properties":{"s":"osm","k":"alto_osm"}},{"type":"Feature","geometry":{"type":"Point","coordinates":[-100.26477,25.60641]},"properties":{"s":"osm","k":"alto_osm"}},{"type":"Feature","geometry":{"type":"Point","coordinates":[-100.26732,25.60672]},"properties":{"s":"osm","k":"alto_osm"}},{"type":"Feature","geometry":{"type":"Point","coordinates":[-100.26701,25.60626]},"properties":{"s":"osm","k":"alto_osm"}},{"type":"Feature","geometry":{"type":"Point","coordinates":[-100.2679,25.60759]},"properties":{"s":"osm","k":"alto_osm"}},{"type":"Feature","geometry":{"type":"Point","coordinates":[-100.27823,25.62423]},"properties":{"s":"osm","k":"alto_osm"}},{"type":"Feature","geometry":{"type":"Point","coordinates":[-100.37711,25.62329]},"properties":{"s":"osm","k":"alto_osm"}},{"type":"Feature","geometry":{"type":"Point","coordinates":[-100.44952,25.6785]},"properties":{"s":"osm","k":"alto_osm"}},{"type":"Feature","geometry":{"type":"Point","coordinates":[-100.43346,25.6745]},"properties":{"s":"osm","k":"alto_osm"}},{"type":"Feature","geometry":{"type":"Point","coordinates":[-100.43044,25.67444]},"properties":{"s":"osm","k":"alto_osm"}},{"type":"Feature","geometry":{"type":"Point","coordinates":[-100.31891,25.67074]},"properties":{"s":"osm","k":"alto_osm"}},{"type":"Feature","geometry":{"type":"Point","coordinates":[-100.13595,25.71333]},"properties":{"s":"osm","k":"alto_osm"}}]}