{"type":"FeatureCollection","name":"anclas_tortillerias_zmm","metadata":{"layer":"tortillerias","built_at":"2026-09-28T21:04:22Z","clip_bbox":[-100.6592,25.558600000000002,-100.0526,25.872799999999998],"dedupe_m":30,"dedupe_rule":"cross-source only; priority = order of sources","sources_priority":["denue","places","osm"],"raw_by_source":{"denue":1462,"places":807,"osm":11},"kept_by_primary_source":{"denue":1462,"places":312,"osm":2},"confirmed_by_2plus_sources":486,"absorbed_by_existing_layer":0,"n":1776,"by_subtype":{"tortilleria":1462,"food_store":160,"grocery_store":81,"store":32,"manufacturer":12,"convenience_store":10,"food":5,"mexican_restaurant":4,"meal_delivery":2,"point_of_interest":2,"tortilla":2,"clothing_store":1,"butcher_shop":1,"coffee_shop":1,"meal_takeaway":1}},"features":[{"type":"Feature","geometry":{"type":"Point","coordinates":[-100.577507,25.78834]},"properties":{"n":"Tortilleria La Pasadita","s":"denue","t":"tortilleria"}},{"type":"Feature","geometry":{"type":"Point","coordinates":[-100.305177,25.853039]},"properties":{"n":"Tortilleria Lizeth","s":"denue,places","t":"tortilleria"}},{"type":"Feature","geometry":{"type":"Point","coordinates":[-100.369774,25.74892]},"properties":{"n":"Tortilleria Pacos","s":"denue","t":"tortilleria"}},{"type":"Feature","geometry":{"type":"Point","coordinates":[-100.4198,25.792896]},"properties":{"n":"Tortilleria Efrain","s":"denue","t":"tortilleria"}},{"type":"Feature","geometry":{"type":"Point","coordinates":[-100.178765,25.611346]},"properties":{"n":"Tortilleria Emmanuelle","s":"denue","t":"tortilleria"}},{"type":"Feature","geometry":{"type":"Point","coordinates":[-100.416365,25.79629]},"properties":{"n":"Tortilleria Y Molino De La Torre","s":"denue","t":"tortilleria"}},{"type":"Feature","geometry":{"type":"Point","coordinates":[-100.074318,25.598582]},"properties":{"n":"Tortilleria Cabaña","s":"denue","t":"tortilleria"}},{"type":"Feature","geometry":{"type":"Point","coordinates":[-100.595071,25.824194]},"properties":{"n":"Tortilleria Nachos","s":"denue,places","t":"tortilleria"}},{"type":"Feature","geometry":{"type":"Point","coordinates":[-100.242747,25.752967]},"properties":{"n":"Tortilleria Los Juarez","s":"denue,places","t":"tortilleria"}},{"type":"Feature","geometry":{"type":"Point","coordinates":[-100.408568,25.819217]},"properties":{"n":"Tortilleria Brigitte","s":"denue","t":"tortilleria"}},{"type":"Feature","geometry":{"type":"Point","coordinates":[-100.292149,25.782953]},"properties":{"n":"Tortilleria","s":"denue","t":"tortilleria"}},{"type":"Feature","geometry":{"type":"Point","coordinates":[-100.375241,25.800786]},"properties":{"n":"Tortilleria Navarro","s":"denue","t":"tortilleria"}},{"type":"Feature","geometry":{"type":"Point","coordinates":[-100.375436,25.852473]},"properties":{"n":"Tortilleria Buena Vista","s":"denue","t":"tortilleria"}},{"type":"Feature","geometry":{"type":"Point","coordinates":[-100.266581,25.619565]},"properties":{"n":"Tortilleria Alexander","s":"denue","t":"tortilleria"}},{"type":"Feature","geometry":{"type":"Point","coordinates":[-100.188146,25.787773]},"properties":{"n":"Molino El Maizal","s":"denue","t":"tortilleria"}},{"type":"Feature","geometry":{"type":"Point","coordinates":[-100.439358,25.802055]},"properties":{"n":"Tortillas De Harina Doña Coco","s":"denue","t":"tortilleria"}},{"type":"Feature","geometry":{"type":"Point","coordinates":[-100.374542,25.770073]},"properties":{"n":"Tortilleria Marco","s":"denue","t":"tortilleria"}},{"type":"Feature","geometry":{"type":"Point","coordinates":[-100.51127,25.713447]},"properties":{"n":"Tortilleria La Privada","s":"denue","t":"tortilleria"}},{"type":"Feature","geometry":{"type":"Point","coordinates":[-100.366894,25.825797]},"properties":{"n":"Tortilleria Del Tropico","s":"denue","t":"tortilleria"}},{"type":"Feature","geometry":{"type":"Point","coordinates":[-100.310759,25.871786]},"properties":{"n":"Tortilleria 2 Rios","s":"denue,places","t":"tortilleria"}},{"type":"Feature","geometry":{"type":"Point","coordinates":[-100.373967,25.853889]},"properties":{"n":"Tortilleria Y Molino Las 4 Milpas","s":"denue","t":"tortilleria"}},{"type":"Feature","geometry":{"type":"Point","coordinates":[-100.209847,25.696219]},"properties":{"n":"Tortilleria Andrea","s":"denue","t":"tortilleria"}},{"type":"Feature","geometry":{"type":"Point","coordinates":[-100.126105,25.621572]},"properties":{"n":"Tortilleria Dany","s":"denue","t":"tortilleria"}},{"type":"Feature","geometry":{"type":"Point","coordinates":[-100.105242,25.710977]},"properties":{"n":"Tortilleria Venecia","s":"denue","t":"tortilleria"}},{"type":"Feature","geometry":{"type":"Point","coordinates":[-100.110615,25.690193]},"properties":{"n":"Tortilleria America Central","s":"denue","t":"tortilleria"}},{"type":"Feature","geometry":{"type":"Point","coordinates":[-100.376763,25.854609]},"properties":{"n":"Tortilleria La Escondida","s":"denue,places","t":"tortilleria"}},{"type":"Feature","geometry":{"type":"Point","coordinates":[-100.376792,25.85814]},"properties":{"n":"Molino De Nixtamal Abby","s":"denue","t":"tortilleria"}},{"type":"Feature","geometry":{"type":"Point","coordinates":[-100.393993,25.760842]},"properties":{"n":"Tortilleria El Molino","s":"denue","t":"tortilleria"}},{"type":"Feature","geometry":{"type":"Point","coordinates":[-100.428198,25.69464]},"properties":{"n":"Tortilleria","s":"denue,places","t":"tortilleria"}},{"type":"Feature","geometry":{"type":"Point","coordinates":[-100.262629,25.807318]},"properties":{"n":"Venta De Tortillas","s":"denue","t":"tortilleria"}},{"type":"Feature","geometry":{"type":"Point","coordinates":[-100.371462,25.728177]},"properties":{"n":"Tortilleria Sabino","s":"denue,places","t":"tortilleria"}},{"type":"Feature","geometry":{"type":"Point","coordinates":[-100.100609,25.669289]},"properties":{"n":"Tortilleria Letty","s":"denue","t":"tortilleria"}},{"type":"Feature","geometry":{"type":"Point","coordinates":[-100.376291,25.778635]},"properties":{"n":"Tortilleria Emmanuel","s":"denue","t":"tortilleria"}},{"type":"Feature","geometry":{"type":"Point","coordinates":[-100.146979,25.864496]},"properties":{"n":"Tortilleria Jireh","s":"denue","t":"tortilleria"}},{"type":"Feature","geometry":{"type":"Point","coordinates":[-100.333414,25.738745]},"properties":{"n":"Tortilleria El Molino","s":"denue","t":"tortilleria"}},{"type":"Feature","geometry":{"type":"Point","coordinates":[-100.604533,25.805588]},"properties":{"n":"Tortilleria Los De Garcia","s":"denue","t":"tortilleria"}},{"type":"Feature","geometry":{"type":"Point","coordinates":[-100.087866,25.710089]},"properties":{"n":"Tortilleria El Grano E Oro","s":"denue,places","t":"tortilleria"}},{"type":"Feature","geometry":{"type":"Point","coordinates":[-100.256107,25.794497]},"properties":{"n":"Tortilleria","s":"denue","t":"tortilleria"}},{"type":"Feature","geometry":{"type":"Point","coordinates":[-100.271032,25.725938]},"properties":{"n":"Tortilleria Chabela","s":"denue,places","t":"tortilleria"}},{"type":"Feature","geometry":{"type":"Point","coordinates":[-100.418913,25.793658]},"properties":{"n":"Tortilleria Los Panchitos","s":"denue","t":"tortilleria"}},{"type":"Feature","geometry":{"type":"Point","coordinates":[-100.142724,25.856104]},"properties":{"n":"Tortilleria Y Molino Guajardo","s":"denue","t":"tortilleria"}},{"type":"Feature","geometry":{"type":"Point","coordinates":[-100.56303,25.802617]},"properties":{"n":"Tortilleria San Juditas","s":"denue","t":"tortilleria"}},{"type":"Feature","geometry":{"type":"Point","coordinates":[-100.071802,25.606362]},"properties":{"n":"Tortilleria Lozano","s":"denue,places","t":"tortilleria"}},{"type":"Feature","geometry":{"type":"Point","coordinates":[-100.382716,25.778769]},"properties":{"n":"Tortilleria Emmanuel","s":"denue","t":"tortilleria"}},{"type":"Feature","geometry":{"type":"Point","coordinates":[-100.563408,25.799137]},"properties":{"n":"Tortilleria Fidelita","s":"denue","t":"tortilleria"}},{"type":"Feature","geometry":{"type":"Point","coordinates":[-100.208267,25.664729]},"properties":{"n":"Tortilleria La Candelaria","s":"denue,places","t":"tortilleria"}},{"type":"Feature","geometry":{"type":"Point","coordinates":[-100.261218,25.770218]},"properties":{"n":"Tortilleria","s":"denue,places","t":"tortilleria"}},{"type":"Feature","geometry":{"type":"Point","coordinates":[-100.238711,25.732599]},"properties":{"n":"Tortilleria Casa Blanca","s":"denue","t":"tortilleria"}},{"type":"Feature","geometry":{"type":"Point","coordinates":[-100.543053,25.819935]},"properties":{"n":"Tortillas De Harina Diana","s":"denue","t":"tortilleria"}},{"type":"Feature","geometry":{"type":"Point","coordinates":[-100.133752,25.711328]},"properties":{"n":"Tortilleria Lomas","s":"denue","t":"tortilleria"}},{"type":"Feature","geometry":{"type":"Point","coordinates":[-100.13809,25.852062]},"properties":{"n":"Molino De Nixtamal Mimi","s":"denue","t":"tortilleria"}},{"type":"Feature","geometry":{"type":"Point","coordinates":[-100.057313,25.799048]},"properties":{"n":"Tortilleria Autentica","s":"denue","t":"tortilleria"}},{"type":"Feature","geometry":{"type":"Point","coordinates":[-100.179203,25.684134]},"properties":{"n":"Tortillas De Harina Doña Conchis","s":"denue","t":"tortilleria"}},{"type":"Feature","geometry":{"type":"Point","coordinates":[-100.485973,25.805526]},"properties":{"n":"Tortilleria La Fe","s":"denue","t":"tortilleria"}},{"type":"Feature","geometry":{"type":"Point","coordinates":[-100.453996,25.697545]},"properties":{"n":"Tortilleria Cuauthemoc","s":"denue,places","t":"tortilleria"}},{"type":"Feature","geometry":{"type":"Point","coordinates":[-100.388807,25.804784]},"properties":{"n":"Tortilleria Jessica","s":"denue","t":"tortilleria"}},{"type":"Feature","geometry":{"type":"Point","coordinates":[-100.169006,25.606101]},"properties":{"n":"Tortilleria Lulu","s":"denue,places","t":"tortilleria"}},{"type":"Feature","geometry":{"type":"Point","coordinates":[-100.261758,25.81162]},"properties":{"n":"Tortilleria Ana","s":"denue,places","t":"tortilleria"}},{"type":"Feature","geometry":{"type":"Point","coordinates":[-100.564926,25.805351]},"properties":{"n":"Tortilleria Yahir","s":"denue","t":"tortilleria"}},{"type":"Feature","geometry":{"type":"Point","coordinates":[-100.580248,25.800169]},"properties":{"n":"Tortilleria Las Minas","s":"denue","t":"tortilleria"}},{"type":"Feature","geometry":{"type":"Point","coordinates":[-100.273043,25.803687]},"properties":{"n":"Tortilleria Aldair","s":"denue,places","t":"tortilleria"}},{"type":"Feature","geometry":{"type":"Point","coordinates":[-100.593397,25.79169]},"properties":{"n":"Tortilleria Lalo","s":"denue,places","t":"tortilleria"}},{"type":"Feature","geometry":{"type":"Point","coordinates":[-100.261629,25.811527]},"properties":{"n":"Tortilleria","s":"denue","t":"tortilleria"}},{"type":"Feature","geometry":{"type":"Point","coordinates":[-100.099257,25.68892]},"properties":{"n":"Tortilleria La Favorita","s":"denue","t":"tortilleria"}},{"type":"Feature","geometry":{"type":"Point","coordinates":[-100.416814,25.777572]},"properties":{"n":"Tortilleria Y Molino Alex","s":"denue","t":"tortilleria"}},{"type":"Feature","geometry":{"type":"Point","coordinates":[-100.361431,25.733835]},"properties":{"n":"Tortilleria El Rocio","s":"denue,places","t":"tortilleria"}},{"type":"Feature","geometry":{"type":"Point","coordinates":[-100.466266,25.681656]},"properties":{"n":"Tortilleria Las Cuatitas","s":"denue","t":"tortilleria"}},{"type":"Feature","geometry":{"type":"Point","coordinates":[-100.100624,25.753526]},"properties":{"n":"Tortilleria Jireh","s":"denue","t":"tortilleria"}},{"type":"Feature","geometry":{"type":"Point","coordinates":[-100.300727,25.669784]},"properties":{"n":"Tortilleria Florencio Antillon","s":"denue","t":"tortilleria"}},{"type":"Feature","geometry":{"type":"Point","coordinates":[-100.279431,25.76712]},"properties":{"n":"Tortilleria Morenita Mia","s":"denue,places","t":"tortilleria"}},{"type":"Feature","geometry":{"type":"Point","coordinates":[-100.250718,25.794403]},"properties":{"n":"Molino Tortilleria Parque N27","s":"denue,places","t":"tortilleria"}},{"type":"Feature","geometry":{"type":"Point","coordinates":[-100.46526,25.694628]},"properties":{"n":"Tortilleria Sinnombre","s":"denue","t":"tortilleria"}},{"type":"Feature","geometry":{"type":"Point","coordinates":[-100.147633,25.861902]},"properties":{"n":"Tortilleria La Estacion","s":"denue","t":"tortilleria"}},{"type":"Feature","geometry":{"type":"Point","coordinates":[-100.335722,25.728997]},"properties":{"n":"Tortilleria Palacio","s":"denue","t":"tortilleria"}},{"type":"Feature","geometry":{"type":"Point","coordinates":[-100.226146,25.692175]},"properties":{"n":"Molino Nixtamal Maria Santos","s":"denue","t":"tortilleria"}},{"type":"Feature","geometry":{"type":"Point","coordinates":[-100.186294,25.644788]},"properties":{"n":"Tortilleria Y Molino Rojas","s":"denue","t":"tortilleria"}},{"type":"Feature","geometry":{"type":"Point","coordinates":[-100.393258,25.75725]},"properties":{"n":"Tortilleria Xochico","s":"denue","t":"tortilleria"}},{"type":"Feature","geometry":{"type":"Point","coordinates":[-100.181919,25.61565]},"properties":{"n":"Tortilleria Jas","s":"denue","t":"tortilleria"}},{"type":"Feature","geometry":{"type":"Point","coordinates":[-100.484617,25.680294]},"properties":{"n":"Molinito Tortilleria","s":"denue","t":"tortilleria"}},{"type":"Feature","geometry":{"type":"Point","coordinates":[-100.091701,25.814023]},"properties":{"n":"Ventas De Queso Ymasa","s":"denue","t":"tortilleria"}},{"type":"Feature","geometry":{"type":"Point","coordinates":[-100.408013,25.767633]},"properties":{"n":"Tortilleria Mi Tierra","s":"denue,places","t":"tortilleria"}},{"type":"Feature","geometry":{"type":"Point","coordinates":[-100.344151,25.793545]},"properties":{"n":"Tortilleria Dany","s":"denue,places","t":"tortilleria"}},{"type":"Feature","geometry":{"type":"Point","coordinates":[-100.316536,25.861935]},"properties":{"n":"Tortilleria La Fama","s":"denue","t":"tortilleria"}},{"type":"Feature","geometry":{"type":"Point","coordinates":[-100.598475,25.792296]},"properties":{"n":"Tortilleria La Cosecha","s":"denue","t":"tortilleria"}},{"type":"Feature","geometry":{"type":"Point","coordinates":[-100.271405,25.805747]},"properties":{"n":"Venta De Masa Sin Nombre","s":"denue","t":"tortilleria"}},{"type":"Feature","geometry":{"type":"Point","coordinates":[-100.375109,25.7751]},"properties":{"n":"Tortilleria Elias","s":"denue","t":"tortilleria"}},{"type":"Feature","geometry":{"type":"Point","coordinates":[-100.147501,25.656823]},"properties":{"n":"Tortilleria Tola","s":"denue","t":"tortilleria"}},{"type":"Feature","geometry":{"type":"Point","coordinates":[-100.409787,25.799609]},"properties":{"n":"Molino De Mixtamal","s":"denue","t":"tortilleria"}},{"type":"Feature","geometry":{"type":"Point","coordinates":[-100.087496,25.652598]},"properties":{"n":"Tortilleria La Roca","s":"denue","t":"tortilleria"}},{"type":"Feature","geometry":{"type":"Point","coordinates":[-100.431448,25.797547]},"properties":{"n":"Tortilleria Y Molino La Milpa","s":"denue","t":"tortilleria"}},{"type":"Feature","geometry":{"type":"Point","coordinates":[-100.139234,25.836857]},"properties":{"n":"Quesos Y Mas Notlali","s":"denue","t":"tortilleria"}},{"type":"Feature","geometry":{"type":"Point","coordinates":[-100.385453,25.855961]},"properties":{"n":"Tortilleria Ramos","s":"denue","t":"tortilleria"}},{"type":"Feature","geometry":{"type":"Point","coordinates":[-100.258395,25.76199]},"properties":{"n":"Tortilleria Tinty","s":"denue","t":"tortilleria"}},{"type":"Feature","geometry":{"type":"Point","coordinates":[-100.414427,25.78063]},"properties":{"n":"Tortilleria Jg","s":"denue","t":"tortilleria"}},{"type":"Feature","geometry":{"type":"Point","coordinates":[-100.465501,25.799046]},"properties":{"n":"Tortilleria San Vicente","s":"denue","t":"tortilleria"}},{"type":"Feature","geometry":{"type":"Point","coordinates":[-100.161345,25.637421]},"properties":{"n":"Tortilleria","s":"denue","t":"tortilleria"}},{"type":"Feature","geometry":{"type":"Point","coordinates":[-100.149018,25.863065]},"properties":{"n":"Tortilleria Victoria","s":"denue,places","t":"tortilleria"}},{"type":"Feature","geometry":{"type":"Point","coordinates":[-100.179494,25.603657]},"properties":{"n":"Tortilleria Salazar","s":"denue,places","t":"tortilleria"}},{"type":"Feature","geometry":{"type":"Point","coordinates":[-100.576801,25.800513]},"properties":{"n":"Tortilleria Plata","s":"denue","t":"tortilleria"}},{"type":"Feature","geometry":{"type":"Point","coordinates":[-100.483329,25.791807]},"properties":{"n":"Tortillas De Harina Doña Mar Irene","s":"denue","t":"tortilleria"}},{"type":"Feature","geometry":{"type":"Point","coordinates":[-100.366253,25.724345]},"properties":{"n":"Tortilleria La Aurora","s":"denue,places","t":"tortilleria"}},{"type":"Feature","geometry":{"type":"Point","coordinates":[-100.134547,25.619621]},"properties":{"n":"Tortilleria Poncho Vidal","s":"denue","t":"tortilleria"}},{"type":"Feature","geometry":{"type":"Point","coordinates":[-100.302035,25.852452]},"properties":{"n":"Tortilleria Villanueva","s":"denue","t":"tortilleria"}},{"type":"Feature","geometry":{"type":"Point","coordinates":[-100.273618,25.667282]},"properties":{"n":"Tortilleria Arista","s":"denue","t":"tortilleria"}},{"type":"Feature","geometry":{"type":"Point","coordinates":[-100.426769,25.796698]},"properties":{"n":"Molino De Nixtamal","s":"denue","t":"tortilleria"}},{"type":"Feature","geometry":{"type":"Point","coordinates":[-100.399697,25.783465]},"properties":{"n":"Tortilleria San Judas Tadeo","s":"denue","t":"tortilleria"}},{"type":"Feature","geometry":{"type":"Point","coordinates":[-100.368215,25.773705]},"properties":{"n":"Tortilleria Juan Sarabia","s":"denue","t":"tortilleria"}},{"type":"Feature","geometry":{"type":"Point","coordinates":[-100.39164,25.84285]},"properties":{"n":"Tortilleria 3 Garcia","s":"denue,places","t":"tortilleria"}},{"type":"Feature","geometry":{"type":"Point","coordinates":[-100.227598,25.689647]},"properties":{"n":"Tortilleria San Juditas","s":"denue","t":"tortilleria"}},{"type":"Feature","geometry":{"type":"Point","coordinates":[-100.488918,25.810592]},"properties":{"n":"Tortilleria La Hija Del Maiz","s":"denue","t":"tortilleria"}},{"type":"Feature","geometry":{"type":"Point","coordinates":[-100.221075,25.717378]},"properties":{"n":"Tortillas Estrella Del Norte Bodega","s":"denue","t":"tortilleria"}},{"type":"Feature","geometry":{"type":"Point","coordinates":[-100.148464,25.611339]},"properties":{"n":"Tortilleria Mayeli","s":"denue","t":"tortilleria"}},{"type":"Feature","geometry":{"type":"Point","coordinates":[-100.055488,25.640474]},"properties":{"n":"Tortilleria Alvarez","s":"denue","t":"tortilleria"}},{"type":"Feature","geometry":{"type":"Point","coordinates":[-100.348819,25.742587]},"properties":{"n":"Tortilleria Los Primos","s":"denue","t":"tortilleria"}},{"type":"Feature","geometry":{"type":"Point","coordinates":[-100.491097,25.794851]},"properties":{"n":"Tortilleria El Fenix","s":"denue,places","t":"tortilleria"}},{"type":"Feature","geometry":{"type":"Point","coordinates":[-100.177728,25.673334]},"properties":{"n":"Bodegas Auxiliares Tortilleria","s":"denue","t":"tortilleria"}},{"type":"Feature","geometry":{"type":"Point","coordinates":[-100.213971,25.700797]},"properties":{"n":"Maixico","s":"denue","t":"tortilleria"}},{"type":"Feature","geometry":{"type":"Point","coordinates":[-100.106583,25.821603]},"properties":{"n":"Molino Para Masa","s":"denue","t":"tortilleria"}},{"type":"Feature","geometry":{"type":"Point","coordinates":[-100.593852,25.780386]},"properties":{"n":"Tortilleria Del Prado","s":"denue","t":"tortilleria"}},{"type":"Feature","geometry":{"type":"Point","coordinates":[-100.596235,25.79911]},"properties":{"n":"Tartilleria Las Reynas","s":"denue","t":"tortilleria"}},{"type":"Feature","geometry":{"type":"Point","coordinates":[-100.092486,25.681699]},"properties":{"n":"Tortillas De Harina Sin Nombre","s":"denue","t":"tortilleria"}},{"type":"Feature","geometry":{"type":"Point","coordinates":[-100.43972,25.796967]},"properties":{"n":"Tortilleria Y Molino Lujo","s":"denue","t":"tortilleria"}},{"type":"Feature","geometry":{"type":"Point","coordinates":[-100.209872,25.696204]},"properties":{"n":"Tortilleria Andrea","s":"denue","t":"tortilleria"}},{"type":"Feature","geometry":{"type":"Point","coordinates":[-100.319253,25.657058]},"properties":{"n":"Tortilleria","s":"denue","t":"tortilleria"}},{"type":"Feature","geometry":{"type":"Point","coordinates":[-100.138811,25.853576]},"properties":{"n":"Tortilleria Adanai","s":"denue","t":"tortilleria"}},{"type":"Feature","geometry":{"type":"Point","coordinates":[-100.280147,25.660396]},"properties":{"n":"Tortilleria La Española","s":"denue,places","t":"tortilleria"}},{"type":"Feature","geometry":{"type":"Point","coordinates":[-100.353998,25.734617]},"properties":{"n":"Tortilleria","s":"denue,places","t":"tortilleria"}},{"type":"Feature","geometry":{"type":"Point","coordinates":[-100.569351,25.799499]},"properties":{"n":"Tortilleria Colibri","s":"denue,places","t":"tortilleria"}},{"type":"Feature","geometry":{"type":"Point","coordinates":[-100.167312,25.627602]},"properties":{"n":"Tortilleria Arboledas","s":"denue","t":"tortilleria"}},{"type":"Feature","geometry":{"type":"Point","coordinates":[-100.169776,25.759045]},"properties":{"n":"Tortilleria De La Torre","s":"denue,places","t":"tortilleria"}},{"type":"Feature","geometry":{"type":"Point","coordinates":[-100.463821,25.797011]},"properties":{"n":"Tortilleria La Fe","s":"denue","t":"tortilleria"}},{"type":"Feature","geometry":{"type":"Point","coordinates":[-100.408368,25.783832]},"properties":{"n":"Tortilleria El Real","s":"denue","t":"tortilleria"}},{"type":"Feature","geometry":{"type":"Point","coordinates":[-100.613956,25.820841]},"properties":{"n":"Tortilleria Sin Nombre","s":"denue","t":"tortilleria"}},{"type":"Feature","geometry":{"type":"Point","coordinates":[-100.598649,25.802822]},"properties":{"n":"Tortilleria Los Nogales","s":"denue,places","t":"tortilleria"}},{"type":"Feature","geometry":{"type":"Point","coordinates":[-100.270563,25.723892]},"properties":{"n":"Tortilleria De La Torre","s":"denue","t":"tortilleria"}},{"type":"Feature","geometry":{"type":"Point","coordinates":[-100.332329,25.698341]},"properties":{"n":"Tortilla Segura","s":"denue,places","t":"tortilleria"}},{"type":"Feature","geometry":{"type":"Point","coordinates":[-100.143654,25.653026]},"properties":{"n":"Tortilleria Alvarez","s":"denue,places","t":"tortilleria"}},{"type":"Feature","geometry":{"type":"Point","coordinates":[-100.484648,25.801555]},"properties":{"n":"Tortilleria Cima","s":"denue","t":"tortilleria"}},{"type":"Feature","geometry":{"type":"Point","coordinates":[-100.057812,25.793169]},"properties":{"n":"Tortilleria Natalia","s":"denue","t":"tortilleria"}},{"type":"Feature","geometry":{"type":"Point","coordinates":[-100.159472,25.678206]},"properties":{"n":"Tortilleria Suchiate","s":"denue","t":"tortilleria"}},{"type":"Feature","geometry":{"type":"Point","coordinates":[-100.098221,25.711121]},"properties":{"n":"Tortilleria Olmo","s":"denue","t":"tortilleria"}},{"type":"Feature","geometry":{"type":"Point","coordinates":[-100.156697,25.672076]},"properties":{"n":"Tortilleria La Catrina","s":"denue","t":"tortilleria"}},{"type":"Feature","geometry":{"type":"Point","coordinates":[-100.233633,25.723726]},"properties":{"n":"Tortilleria Del Vidrio","s":"denue","t":"tortilleria"}},{"type":"Feature","geometry":{"type":"Point","coordinates":[-100.078531,25.685785]},"properties":{"n":"Tortilleria Jerry","s":"denue","t":"tortilleria"}},{"type":"Feature","geometry":{"type":"Point","coordinates":[-100.13194,25.858272]},"properties":{"n":"Molino De Nixtamal","s":"denue","t":"tortilleria"}},{"type":"Feature","geometry":{"type":"Point","coordinates":[-100.080052,25.675783]},"properties":{"n":"Tortilleria La Riquita","s":"denue","t":"tortilleria"}},{"type":"Feature","geometry":{"type":"Point","coordinates":[-100.095998,25.709607]},"properties":{"n":"Tortilleriay Molino De Nixtamal Santa Maria","s":"denue","t":"tortilleria"}},{"type":"Feature","geometry":{"type":"Point","coordinates":[-100.387748,25.760589]},"properties":{"n":"Tortilleria El Venado","s":"denue","t":"tortilleria"}},{"type":"Feature","geometry":{"type":"Point","coordinates":[-100.263991,25.767945]},"properties":{"n":"Venta De Tortillas Sin Nombre","s":"denue","t":"tortilleria"}},{"type":"Feature","geometry":{"type":"Point","coordinates":[-100.256104,25.745343]},"properties":{"n":"Tortilleria Vale","s":"denue","t":"tortilleria"}},{"type":"Feature","geometry":{"type":"Point","coordinates":[-100.409371,25.842799]},"properties":{"n":"Tortilleria","s":"denue","t":"tortilleria"}},{"type":"Feature","geometry":{"type":"Point","coordinates":[-100.308303,25.655708]},"properties":{"n":"Tortilleria Chihuahua","s":"denue","t":"tortilleria"}},{"type":"Feature","geometry":{"type":"Point","coordinates":[-100.377992,25.78842]},"properties":{"n":"Tortillerias 2 Hermanos","s":"denue","t":"tortilleria"}},{"type":"Feature","geometry":{"type":"Point","coordinates":[-100.377557,25.729206]},"properties":{"n":"Tortilleria Nogal","s":"denue,places","t":"tortilleria"}},{"type":"Feature","geometry":{"type":"Point","coordinates":[-100.094731,25.746794]},"properties":{"n":"Tortilleria Sabaoth","s":"denue","t":"tortilleria"}},{"type":"Feature","geometry":{"type":"Point","coordinates":[-100.103927,25.643213]},"properties":{"n":"Molino De Nixtamal","s":"denue","t":"tortilleria"}},{"type":"Feature","geometry":{"type":"Point","coordinates":[-100.155846,25.753191]},"properties":{"n":"Tortilleria Molinos De Apodaca","s":"denue","t":"tortilleria"}},{"type":"Feature","geometry":{"type":"Point","coordinates":[-100.157217,25.752741]},"properties":{"n":"Molino Jarocho","s":"denue","t":"tortilleria"}},{"type":"Feature","geometry":{"type":"Point","coordinates":[-100.251236,25.749663]},"properties":{"n":"Tortilleria Y Molino Andrea","s":"denue,places","t":"tortilleria"}},{"type":"Feature","geometry":{"type":"Point","coordinates":[-100.096473,25.710863]},"properties":{"n":"Tortilleria Cisco","s":"denue","t":"tortilleria"}},{"type":"Feature","geometry":{"type":"Point","coordinates":[-100.406883,25.784955]},"properties":{"n":"Tortilleria Sin Nombre","s":"denue","t":"tortilleria"}},{"type":"Feature","geometry":{"type":"Point","coordinates":[-100.372355,25.855654]},"properties":{"n":"Tortilleria San Martin","s":"denue,places","t":"tortilleria"}},{"type":"Feature","geometry":{"type":"Point","coordinates":[-100.167631,25.756241]},"properties":{"n":"Tortilleria Andiso","s":"denue","t":"tortilleria"}},{"type":"Feature","geometry":{"type":"Point","coordinates":[-100.321052,25.798213]},"properties":{"n":"Tortilleria Don Jose","s":"denue","t":"tortilleria"}},{"type":"Feature","geometry":{"type":"Point","coordinates":[-100.194706,25.645651]},"properties":{"n":"Tortilleria Monte Alban","s":"denue","t":"tortilleria"}},{"type":"Feature","geometry":{"type":"Point","coordinates":[-100.093939,25.629965]},"properties":{"n":"Tortilleria Alvarez","s":"denue","t":"tortilleria"}},{"type":"Feature","geometry":{"type":"Point","coordinates":[-100.374742,25.85021]},"properties":{"n":"Tortilleria Brendita","s":"denue","t":"tortilleria"}},{"type":"Feature","geometry":{"type":"Point","coordinates":[-100.087804,25.621726]},"properties":{"n":"Tortilleria Rodriguez","s":"denue","t":"tortilleria"}},{"type":"Feature","geometry":{"type":"Point","coordinates":[-100.393454,25.844611]},"properties":{"n":"Tortilleria Emmanuel","s":"denue,places","t":"tortilleria"}},{"type":"Feature","geometry":{"type":"Point","coordinates":[-100.091296,25.815994]},"properties":{"n":"Tortilleria El Primo 2","s":"denue","t":"tortilleria"}},{"type":"Feature","geometry":{"type":"Point","coordinates":[-100.355372,25.742496]},"properties":{"n":"Tortilleria Alvarez","s":"denue","t":"tortilleria"}},{"type":"Feature","geometry":{"type":"Point","coordinates":[-100.057562,25.794213]},"properties":{"n":"Tortilleria Jireh","s":"denue,places,osm","t":"tortilleria"}},{"type":"Feature","geometry":{"type":"Point","coordinates":[-100.096235,25.708857]},"properties":{"n":"Tortilleria Alvarez","s":"denue","t":"tortilleria"}},{"type":"Feature","geometry":{"type":"Point","coordinates":[-100.108954,25.752091]},"properties":{"n":"Molino Don Lalo","s":"denue","t":"tortilleria"}},{"type":"Feature","geometry":{"type":"Point","coordinates":[-100.377188,25.786289]},"properties":{"n":"Tortilleria Emmanuel","s":"denue","t":"tortilleria"}},{"type":"Feature","geometry":{"type":"Point","coordinates":[-100.310789,25.865955]},"properties":{"n":"Tortilleria Abigail","s":"denue","t":"tortilleria"}},{"type":"Feature","geometry":{"type":"Point","coordinates":[-100.075052,25.670838]},"properties":{"n":"Elaboración De Tortillas De Maíz Y Molienda De Nixtamal Sin Nombre","s":"denue","t":"tortilleria"}},{"type":"Feature","geometry":{"type":"Point","coordinates":[-100.321536,25.690177]},"properties":{"n":"Tirtilleria Segura","s":"denue","t":"tortilleria"}},{"type":"Feature","geometry":{"type":"Point","coordinates":[-100.14095,25.61678]},"properties":{"n":"Tortilleria Don Jose","s":"denue,places","t":"tortilleria"}},{"type":"Feature","geometry":{"type":"Point","coordinates":[-100.564588,25.797667]},"properties":{"n":"Tortilleria Flores","s":"denue","t":"tortilleria"}},{"type":"Feature","geometry":{"type":"Point","coordinates":[-100.078855,25.68066]},"properties":{"n":"Tortilleria Chayo","s":"denue,places","t":"tortilleria"}},{"type":"Feature","geometry":{"type":"Point","coordinates":[-100.175827,25.625815]},"properties":{"n":"Venta De Tortillas De Harina","s":"denue","t":"tortilleria"}},{"type":"Feature","geometry":{"type":"Point","coordinates":[-100.175455,25.615715]},"properties":{"n":"Tortilleria Salinas","s":"denue,places","t":"tortilleria"}},{"type":"Feature","geometry":{"type":"Point","coordinates":[-100.319949,25.773192]},"properties":{"n":"Tortilleria Las Palmas","s":"denue","t":"tortilleria"}},{"type":"Feature","geometry":{"type":"Point","coordinates":[-100.366911,25.832007]},"properties":{"n":"Tortilleria Adonai","s":"denue,places","t":"tortilleria"}},{"type":"Feature","geometry":{"type":"Point","coordinates":[-100.305809,25.85291]},"properties":{"n":"Tortilleria Yuyis","s":"denue","t":"tortilleria"}},{"type":"Feature","geometry":{"type":"Point","coordinates":[-100.25244,25.589489]},"properties":{"n":"La Guadalupana Torti Drive Thru","s":"denue,places","t":"tortilleria"}},{"type":"Feature","geometry":{"type":"Point","coordinates":[-100.183086,25.614426]},"properties":{"n":"Molino Santa Alicia","s":"denue","t":"tortilleria"}},{"type":"Feature","geometry":{"type":"Point","coordinates":[-100.203749,25.653305]},"properties":{"n":"Tortilleria De Harina Olga","s":"denue,places","t":"tortilleria"}},{"type":"Feature","geometry":{"type":"Point","coordinates":[-100.437322,25.804566]},"properties":{"n":"Tortilleria El Gallito","s":"denue","t":"tortilleria"}},{"type":"Feature","geometry":{"type":"Point","coordinates":[-100.376957,25.855262]},"properties":{"n":"Tortilleria Rodriguez","s":"denue","t":"tortilleria"}},{"type":"Feature","geometry":{"type":"Point","coordinates":[-100.413043,25.81865]},"properties":{"n":"Abarrotes Y Tortilleria La Esperanza","s":"denue","t":"tortilleria"}},{"type":"Feature","geometry":{"type":"Point","coordinates":[-100.374364,25.853699]},"properties":{"n":"Tortilleria Tello","s":"denue","t":"tortilleria"}},{"type":"Feature","geometry":{"type":"Point","coordinates":[-100.613069,25.816005]},"properties":{"n":"Tortilleria Nogales 2","s":"denue,places","t":"tortilleria"}},{"type":"Feature","geometry":{"type":"Point","coordinates":[-100.088139,25.709585]},"properties":{"n":"Tortileria Alvarez","s":"denue,places","t":"tortilleria"}},{"type":"Feature","geometry":{"type":"Point","coordinates":[-100.170045,25.739206]},"properties":{"n":"Tortilleria La Monarca","s":"denue","t":"tortilleria"}},{"type":"Feature","geometry":{"type":"Point","coordinates":[-100.17244,25.741891]},"properties":{"n":"Tortilleria Las Fuents","s":"denue,places","t":"tortilleria"}},{"type":"Feature","geometry":{"type":"Point","coordinates":[-100.465917,25.685622]},"properties":{"n":"Tortilleria Mia","s":"denue","t":"tortilleria"}},{"type":"Feature","geometry":{"type":"Point","coordinates":[-100.103872,25.708533]},"properties":{"n":"Tortilleria San Fernando","s":"denue,places","t":"tortilleria"}},{"type":"Feature","geometry":{"type":"Point","coordinates":[-100.08988,25.677831]},"properties":{"n":"Tortilleria Toñia","s":"denue","t":"tortilleria"}},{"type":"Feature","geometry":{"type":"Point","coordinates":[-100.234467,25.822415]},"properties":{"n":"Tortilleria Genesis","s":"denue,places","t":"tortilleria"}},{"type":"Feature","geometry":{"type":"Point","coordinates":[-100.312322,25.865516]},"properties":{"n":"Tortilleria Genesis","s":"denue","t":"tortilleria"}},{"type":"Feature","geometry":{"type":"Point","coordinates":[-100.315665,25.855656]},"properties":{"n":"Tortilleria Fernandez","s":"denue","t":"tortilleria"}},{"type":"Feature","geometry":{"type":"Point","coordinates":[-100.357555,25.751714]},"properties":{"n":"Tortilleria San Agustin","s":"denue","t":"tortilleria"}},{"type":"Feature","geometry":{"type":"Point","coordinates":[-100.315018,25.855314]},"properties":{"n":"Tortilleria Molina","s":"denue","t":"tortilleria"}},{"type":"Feature","geometry":{"type":"Point","coordinates":[-100.199958,25.685738]},"properties":{"n":"Tortilleria Eli","s":"denue,osm","t":"tortilleria"}},{"type":"Feature","geometry":{"type":"Point","coordinates":[-100.541786,25.805425]},"properties":{"n":"Tortilleria La Tradicional Del Maiz","s":"denue,places","t":"tortilleria"}},{"type":"Feature","geometry":{"type":"Point","coordinates":[-100.40321,25.744535]},"properties":{"n":"Torti Elite","s":"denue","t":"tortilleria"}},{"type":"Feature","geometry":{"type":"Point","coordinates":[-100.149627,25.611894]},"properties":{"n":"Tortilleria Perez","s":"denue","t":"tortilleria"}},{"type":"Feature","geometry":{"type":"Point","coordinates":[-100.331554,25.79119]},"properties":{"n":"Tortilleria Yaris","s":"denue","t":"tortilleria"}},{"type":"Feature","geometry":{"type":"Point","coordinates":[-100.270342,25.8042]},"properties":{"n":"Venta De Masa Sin Nombre","s":"denue","t":"tortilleria"}},{"type":"Feature","geometry":{"type":"Point","coordinates":[-100.099837,25.710876]},"properties":{"n":"Tortilleria Los Ponchos","s":"denue","t":"tortilleria"}},{"type":"Feature","geometry":{"type":"Point","coordinates":[-100.07717,25.602479]},"properties":{"n":"Tortilleria Camargo","s":"denue","t":"tortilleria"}},{"type":"Feature","geometry":{"type":"Point","coordinates":[-100.30724,25.860722]},"properties":{"n":"Tortilleria Nava","s":"denue","t":"tortilleria"}},{"type":"Feature","geometry":{"type":"Point","coordinates":[-100.504786,25.703534]},"properties":{"n":"Tortilleria Los Cuates","s":"denue,places","t":"tortilleria"}},{"type":"Feature","geometry":{"type":"Point","coordinates":[-100.333198,25.66322]},"properties":{"n":"Gastrotek","s":"denue","t":"tortilleria"}},{"type":"Feature","geometry":{"type":"Point","coordinates":[-100.129746,25.66619]},"properties":{"n":"Tortilleria","s":"denue,places","t":"tortilleria"}},{"type":"Feature","geometry":{"type":"Point","coordinates":[-100.376446,25.856859]},"properties":{"n":"Tortilleria Ramos","s":"denue,places","t":"tortilleria"}},{"type":"Feature","geometry":{"type":"Point","coordinates":[-100.297077,25.82742]},"properties":{"n":"Venta De Maza","s":"denue","t":"tortilleria"}},{"type":"Feature","geometry":{"type":"Point","coordinates":[-100.590188,25.78735]},"properties":{"n":"Tortilleria Jireth","s":"denue","t":"tortilleria"}},{"type":"Feature","geometry":{"type":"Point","coordinates":[-100.372746,25.757583]},"properties":{"n":"Tortilleria De Maiz Alpe","s":"denue,places","t":"tortilleria"}},{"type":"Feature","geometry":{"type":"Point","coordinates":[-100.219567,25.666652]},"properties":{"n":"Tortilleria La Regia 3","s":"denue","t":"tortilleria"}},{"type":"Feature","geometry":{"type":"Point","coordinates":[-100.362512,25.765508]},"properties":{"n":"Tortilleria Guadalupe","s":"denue","t":"tortilleria"}},{"type":"Feature","geometry":{"type":"Point","coordinates":[-100.069384,25.606832]},"properties":{"n":"Tortilleria La Cabaña","s":"denue","t":"tortilleria"}},{"type":"Feature","geometry":{"type":"Point","coordinates":[-100.278509,25.68943]},"properties":{"n":"Tortilleria San Francisco","s":"denue,places","t":"tortilleria"}},{"type":"Feature","geometry":{"type":"Point","coordinates":[-100.376794,25.841117]},"properties":{"n":"La Providencia","s":"denue,places","t":"tortilleria"}},{"type":"Feature","geometry":{"type":"Point","coordinates":[-100.486582,25.800465]},"properties":{"n":"Tortilleria Del Prado","s":"denue,places","t":"tortilleria"}},{"type":"Feature","geometry":{"type":"Point","coordinates":[-100.183326,25.636913]},"properties":{"n":"Tortilleria Heroes De Nacozari","s":"denue","t":"tortilleria"}},{"type":"Feature","geometry":{"type":"Point","coordinates":[-100.058638,25.79648]},"properties":{"n":"Tortilleria Camila","s":"denue,places","t":"tortilleria"}},{"type":"Feature","geometry":{"type":"Point","coordinates":[-100.313665,25.650503]},"properties":{"n":"Tortilleria Y Abarrotes Jasso","s":"denue","t":"tortilleria"}},{"type":"Feature","geometry":{"type":"Point","coordinates":[-100.366517,25.852203]},"properties":{"n":"Tortilla La Princy","s":"denue,places","t":"tortilleria"}},{"type":"Feature","geometry":{"type":"Point","coordinates":[-100.561666,25.801399]},"properties":{"n":"Tortilleria Jocabeth","s":"denue,places","t":"tortilleria"}},{"type":"Feature","geometry":{"type":"Point","coordinates":[-100.245358,25.759412]},"properties":{"n":"Tortilleria Bonanza","s":"denue","t":"tortilleria"}},{"type":"Feature","geometry":{"type":"Point","coordinates":[-100.098421,25.823814]},"properties":{"n":"Tortillerias Y Molinos Colima","s":"denue","t":"tortilleria"}},{"type":"Feature","geometry":{"type":"Point","coordinates":[-100.316507,25.853421]},"properties":{"n":"Tortilleria La Candelaria","s":"denue","t":"tortilleria"}},{"type":"Feature","geometry":{"type":"Point","coordinates":[-100.15974,25.670141]},"properties":{"n":"Tortilleria Santa Cruz","s":"denue","t":"tortilleria"}},{"type":"Feature","geometry":{"type":"Point","coordinates":[-100.485644,25.806321]},"properties":{"n":"Tortilleria Minas","s":"denue,places","t":"tortilleria"}},{"type":"Feature","geometry":{"type":"Point","coordinates":[-100.196078,25.722561]},"properties":{"n":"Tortilleria Santa Cruz","s":"denue","t":"tortilleria"}},{"type":"Feature","geometry":{"type":"Point","coordinates":[-100.367575,25.842175]},"properties":{"n":"Tortilleria Angel","s":"denue,places","t":"tortilleria"}},{"type":"Feature","geometry":{"type":"Point","coordinates":[-100.134783,25.616873]},"properties":{"n":"Tortilleria","s":"denue,places","t":"tortilleria"}},{"type":"Feature","geometry":{"type":"Point","coordinates":[-100.470327,25.673522]},"properties":{"n":"Tortilleria Leos","s":"denue","t":"tortilleria"}},{"type":"Feature","geometry":{"type":"Point","coordinates":[-100.376454,25.840302]},"properties":{"n":"Tortilleria La Esperanza","s":"denue","t":"tortilleria"}},{"type":"Feature","geometry":{"type":"Point","coordinates":[-100.101063,25.663256]},"properties":{"n":"Tortilleria Silva","s":"denue","t":"tortilleria"}},{"type":"Feature","geometry":{"type":"Point","coordinates":[-100.565006,25.796739]},"properties":{"n":"Elaboracion De Tortillas De Maiz Nico","s":"denue","t":"tortilleria"}},{"type":"Feature","geometry":{"type":"Point","coordinates":[-100.393666,25.842315]},"properties":{"n":"Tortilleria San Miguel","s":"denue,places","t":"tortilleria"}},{"type":"Feature","geometry":{"type":"Point","coordinates":[-100.151945,25.612473]},"properties":{"n":"Tortilleria Elvia","s":"denue","t":"tortilleria"}},{"type":"Feature","geometry":{"type":"Point","coordinates":[-100.07665,25.671121]},"properties":{"n":"Tortilleria Las Delicias","s":"denue,places","t":"tortilleria"}},{"type":"Feature","geometry":{"type":"Point","coordinates":[-100.427154,25.844539]},"properties":{"n":"Tortilleria Xpress Aguilar","s":"denue","t":"tortilleria"}},{"type":"Feature","geometry":{"type":"Point","coordinates":[-100.337618,25.791253]},"properties":{"n":"Tortilleria El Regio","s":"denue,places","t":"tortilleria"}},{"type":"Feature","geometry":{"type":"Point","coordinates":[-100.188105,25.728765]},"properties":{"n":"Tortilleria Roy","s":"denue","t":"tortilleria"}},{"type":"Feature","geometry":{"type":"Point","coordinates":[-100.094493,25.796592]},"properties":{"n":"Tortilleria Cristo Rey","s":"denue,places","t":"tortilleria"}},{"type":"Feature","geometry":{"type":"Point","coordinates":[-100.123916,25.623596]},"properties":{"n":"Tortilleria Garcia","s":"denue","t":"tortilleria"}},{"type":"Feature","geometry":{"type":"Point","coordinates":[-100.562579,25.788165]},"properties":{"n":"Molino De Maiz Tina","s":"denue","t":"tortilleria"}},{"type":"Feature","geometry":{"type":"Point","coordinates":[-100.406753,25.839685]},"properties":{"n":"Tortilleria La Canela","s":"denue,places","t":"tortilleria"}},{"type":"Feature","geometry":{"type":"Point","coordinates":[-100.218526,25.665407]},"properties":{"n":"Tortilleria Noche Buena","s":"denue","t":"tortilleria"}},{"type":"Feature","geometry":{"type":"Point","coordinates":[-100.099008,25.690168]},"properties":{"n":"Tortilleria America Centra","s":"denue","t":"tortilleria"}},{"type":"Feature","geometry":{"type":"Point","coordinates":[-100.093329,25.629877]},"properties":{"n":"Tortilleria Cachy","s":"denue","t":"tortilleria"}},{"type":"Feature","geometry":{"type":"Point","coordinates":[-100.403043,25.663586]},"properties":{"n":"Tortilleria Y Molina","s":"denue,places","t":"tortilleria"}},{"type":"Feature","geometry":{"type":"Point","coordinates":[-100.106372,25.642493]},"properties":{"n":"Tortilleria Reyes","s":"denue","t":"tortilleria"}},{"type":"Feature","geometry":{"type":"Point","coordinates":[-100.098189,25.750158]},"properties":{"n":"Tortilleria Cantoral","s":"denue","t":"tortilleria"}},{"type":"Feature","geometry":{"type":"Point","coordinates":[-100.375313,25.766007]},"properties":{"n":"Tortillas De Harina Diana","s":"denue","t":"tortilleria"}},{"type":"Feature","geometry":{"type":"Point","coordinates":[-100.369632,25.804777]},"properties":{"n":"Tortilleria Jin","s":"denue","t":"tortilleria"}},{"type":"Feature","geometry":{"type":"Point","coordinates":[-100.159089,25.758861]},"properties":{"n":"Tortilleria Briana","s":"denue","t":"tortilleria"}},{"type":"Feature","geometry":{"type":"Point","coordinates":[-100.577418,25.788911]},"properties":{"n":"Tortilleria Los Dos Carnales","s":"denue","t":"tortilleria"}},{"type":"Feature","geometry":{"type":"Point","coordinates":[-100.539522,25.80741]},"properties":{"n":"Tortilleria El Nenu","s":"denue","t":"tortilleria"}},{"type":"Feature","geometry":{"type":"Point","coordinates":[-100.252444,25.767917]},"properties":{"n":"Tortilleria La Reyna","s":"denue,places","t":"tortilleria"}},{"type":"Feature","geometry":{"type":"Point","coordinates":[-100.161806,25.678014]},"properties":{"n":"Molino Dos Rio","s":"denue","t":"tortilleria"}},{"type":"Feature","geometry":{"type":"Point","coordinates":[-100.308051,25.796931]},"properties":{"n":"Tortilleria La Regional","s":"denue","t":"tortilleria"}},{"type":"Feature","geometry":{"type":"Point","coordinates":[-100.450811,25.698613]},"properties":{"n":"Tortilleria De Harina","s":"denue","t":"tortilleria"}},{"type":"Feature","geometry":{"type":"Point","coordinates":[-100.144944,25.763349]},"properties":{"n":"Tortilleria La Primera","s":"denue","t":"tortilleria"}},{"type":"Feature","geometry":{"type":"Point","coordinates":[-100.630192,25.819481]},"properties":{"n":"Tortilleria Mirador","s":"denue","t":"tortilleria"}},{"type":"Feature","geometry":{"type":"Point","coordinates":[-100.293813,25.657173]},"properties":{"n":"Tortilleria Sin Nombre","s":"denue,places","t":"tortilleria"}},{"type":"Feature","geometry":{"type":"Point","coordinates":[-100.313551,25.865]},"properties":{"n":"Tortilleria Fernandez","s":"denue","t":"tortilleria"}},{"type":"Feature","geometry":{"type":"Point","coordinates":[-100.432053,25.684022]},"properties":{"n":"Venta De Tortillas E Harina","s":"denue","t":"tortilleria"}},{"type":"Feature","geometry":{"type":"Point","coordinates":[-100.306607,25.859276]},"properties":{"n":"Tortilleria Ebenezer","s":"denue","t":"tortilleria"}},{"type":"Feature","geometry":{"type":"Point","coordinates":[-100.2723,25.725083]},"properties":{"n":"Tortilleria Aguilar","s":"denue","t":"tortilleria"}},{"type":"Feature","geometry":{"type":"Point","coordinates":[-100.139916,25.851943]},"properties":{"n":"Tortilleria Y Molino Guadalupana","s":"denue","t":"tortilleria"}},{"type":"Feature","geometry":{"type":"Point","coordinates":[-100.153366,25.757851]},"properties":{"n":"Tortilleria 4 Milpas","s":"denue","t":"tortilleria"}},{"type":"Feature","geometry":{"type":"Point","coordinates":[-100.37699,25.861733]},"properties":{"n":"Tortilleria Nuevo Amanecer","s":"denue","t":"tortilleria"}},{"type":"Feature","geometry":{"type":"Point","coordinates":[-100.468606,25.789729]},"properties":{"n":"Tortilleria El Rukis","s":"denue","t":"tortilleria"}},{"type":"Feature","geometry":{"type":"Point","coordinates":[-100.318072,25.791655]},"properties":{"n":"Tortilleria Y Molino Ximena","s":"denue","t":"tortilleria"}},{"type":"Feature","geometry":{"type":"Point","coordinates":[-100.387181,25.75793]},"properties":{"n":"Tortilleria Juanita","s":"denue","t":"tortilleria"}},{"type":"Feature","geometry":{"type":"Point","coordinates":[-100.370202,25.806003]},"properties":{"n":"Tortilleria La Alteña","s":"denue","t":"tortilleria"}},{"type":"Feature","geometry":{"type":"Point","coordinates":[-100.308854,25.866044]},"properties":{"n":"Molino Para Nixtamal","s":"denue","t":"tortilleria"}},{"type":"Feature","geometry":{"type":"Point","coordinates":[-100.263394,25.717019]},"properties":{"n":"Tortilleria La Lupe","s":"denue","t":"tortilleria"}},{"type":"Feature","geometry":{"type":"Point","coordinates":[-100.172792,25.656868]},"properties":{"n":"Molino Del Pueblo","s":"denue","t":"tortilleria"}},{"type":"Feature","geometry":{"type":"Point","coordinates":[-100.487166,25.807746]},"properties":{"n":"Tortilleria Juquila","s":"denue,places","t":"tortilleria"}},{"type":"Feature","geometry":{"type":"Point","coordinates":[-100.142876,25.867182]},"properties":{"n":"Tortilleria La Bonita","s":"denue","t":"tortilleria"}},{"type":"Feature","geometry":{"type":"Point","coordinates":[-100.540273,25.819824]},"properties":{"n":"Molino Vista Bella","s":"denue","t":"tortilleria"}},{"type":"Feature","geometry":{"type":"Point","coordinates":[-100.606111,25.8034]},"properties":{"n":"Tortilleria Jaba","s":"denue","t":"tortilleria"}},{"type":"Feature","geometry":{"type":"Point","coordinates":[-100.209537,25.708774]},"properties":{"n":"Tortilleria Rohi","s":"denue","t":"tortilleria"}},{"type":"Feature","geometry":{"type":"Point","coordinates":[-100.246626,25.704717]},"properties":{"n":"Tortilleria Las Americas","s":"denue","t":"tortilleria"}},{"type":"Feature","geometry":{"type":"Point","coordinates":[-100.589427,25.824418]},"properties":{"n":"Tortilleria Jireh","s":"denue","t":"tortilleria"}},{"type":"Feature","geometry":{"type":"Point","coordinates":[-100.328899,25.726921]},"properties":{"n":"Tortilleria Kitos","s":"denue","t":"tortilleria"}},{"type":"Feature","geometry":{"type":"Point","coordinates":[-100.372617,25.832113]},"properties":{"n":"Tortilleria Diana","s":"denue","t":"tortilleria"}},{"type":"Feature","geometry":{"type":"Point","coordinates":[-100.144885,25.857604]},"properties":{"n":"Tortilleria La Mona","s":"denue","t":"tortilleria"}},{"type":"Feature","geometry":{"type":"Point","coordinates":[-100.153281,25.743761]},"properties":{"n":"Molino Los Mendoza","s":"denue","t":"tortilleria"}},{"type":"Feature","geometry":{"type":"Point","coordinates":[-100.395412,25.782491]},"properties":{"n":"Tortilleria Josue","s":"denue","t":"tortilleria"}},{"type":"Feature","geometry":{"type":"Point","coordinates":[-100.438913,25.803008]},"properties":{"n":"Tortilleria Mirasoles","s":"denue","t":"tortilleria"}},{"type":"Feature","geometry":{"type":"Point","coordinates":[-100.612817,25.796503]},"properties":{"n":"Tortilleria M Y D 8","s":"denue,places","t":"tortilleria"}},{"type":"Feature","geometry":{"type":"Point","coordinates":[-100.287063,25.627442]},"properties":{"n":"Tortilleria Mana","s":"denue","t":"tortilleria"}},{"type":"Feature","geometry":{"type":"Point","coordinates":[-100.181348,25.72251]},"properties":{"n":"Tortilleria Yirep","s":"denue","t":"tortilleria"}},{"type":"Feature","geometry":{"type":"Point","coordinates":[-100.304332,25.855518]},"properties":{"n":"Elaboración De Tortillas De Maíz Y Molienda De Nixtamal Sin Nombre","s":"denue","t":"tortilleria"}},{"type":"Feature","geometry":{"type":"Point","coordinates":[-100.375265,25.769948]},"properties":{"n":"Bodega Tortilleria Leo","s":"denue","t":"tortilleria"}},{"type":"Feature","geometry":{"type":"Point","coordinates":[-100.58871,25.775732]},"properties":{"n":"Tortilleria Emmanuel","s":"denue","t":"tortilleria"}},{"type":"Feature","geometry":{"type":"Point","coordinates":[-100.400857,25.845588]},"properties":{"n":"Tortilleria Isaac","s":"denue","t":"tortilleria"}},{"type":"Feature","geometry":{"type":"Point","coordinates":[-100.155584,25.64856]},"properties":{"n":"Tortilleria Monte Verde","s":"denue","t":"tortilleria"}},{"type":"Feature","geometry":{"type":"Point","coordinates":[-100.574175,25.785157]},"properties":{"n":"Tortilleria Victor","s":"denue","t":"tortilleria"}},{"type":"Feature","geometry":{"type":"Point","coordinates":[-100.144532,25.855775]},"properties":{"n":"Molino De Nixtamal","s":"denue","t":"tortilleria"}},{"type":"Feature","geometry":{"type":"Point","coordinates":[-100.208091,25.665644]},"properties":{"n":"Tortilleria","s":"denue","t":"tortilleria"}},{"type":"Feature","geometry":{"type":"Point","coordinates":[-100.092304,25.795364]},"properties":{"n":"Tortilleria Jireh","s":"denue,places","t":"tortilleria"}},{"type":"Feature","geometry":{"type":"Point","coordinates":[-100.37729,25.861681]},"properties":{"n":"Tortillas De Harina","s":"denue","t":"tortilleria"}},{"type":"Feature","geometry":{"type":"Point","coordinates":[-100.246561,25.583481]},"properties":{"n":"La Milpita","s":"denue","t":"tortilleria"}},{"type":"Feature","geometry":{"type":"Point","coordinates":[-100.096089,25.749842]},"properties":{"n":"Tortilleria Ebenezer","s":"denue","t":"tortilleria"}},{"type":"Feature","geometry":{"type":"Point","coordinates":[-100.180073,25.615968]},"properties":{"n":"Tortilleria","s":"denue","t":"tortilleria"}},{"type":"Feature","geometry":{"type":"Point","coordinates":[-100.601345,25.775447]},"properties":{"n":"Tortilleria La Avenida","s":"denue","t":"tortilleria"}},{"type":"Feature","geometry":{"type":"Point","coordinates":[-100.27058,25.751166]},"properties":{"n":"Alimentos Naturales De Trigo Germinados","s":"denue","t":"tortilleria"}},{"type":"Feature","geometry":{"type":"Point","coordinates":[-100.375325,25.862603]},"properties":{"n":"Tortilleria Alvarado","s":"denue","t":"tortilleria"}},{"type":"Feature","geometry":{"type":"Point","coordinates":[-100.113535,25.748756]},"properties":{"n":"Molino Olmedo","s":"denue","t":"tortilleria"}},{"type":"Feature","geometry":{"type":"Point","coordinates":[-100.159872,25.700107]},"properties":{"n":"Tortilleria La Huasteca","s":"denue","t":"tortilleria"}},{"type":"Feature","geometry":{"type":"Point","coordinates":[-100.334441,25.698398]},"properties":{"n":"Molino De Nixtamal","s":"denue","t":"tortilleria"}},{"type":"Feature","geometry":{"type":"Point","coordinates":[-100.136239,25.865711]},"properties":{"n":"Molino Sabina","s":"denue","t":"tortilleria"}},{"type":"Feature","geometry":{"type":"Point","coordinates":[-100.102762,25.754446]},"properties":{"n":"Tortilleria Manantial De Vida","s":"denue,places","t":"tortilleria"}},{"type":"Feature","geometry":{"type":"Point","coordinates":[-100.3669,25.828911]},"properties":{"n":"Tortilleria Del Tropico","s":"denue","t":"tortilleria"}},{"type":"Feature","geometry":{"type":"Point","coordinates":[-100.349241,25.720304]},"properties":{"n":"Tortilleria Morelos","s":"denue","t":"tortilleria"}},{"type":"Feature","geometry":{"type":"Point","coordinates":[-100.265597,25.787537]},"properties":{"n":"Tortilleria Aranda","s":"denue,places","t":"tortilleria"}},{"type":"Feature","geometry":{"type":"Point","coordinates":[-100.594121,25.788838]},"properties":{"n":"Tortilleria Diamante","s":"denue","t":"tortilleria"}},{"type":"Feature","geometry":{"type":"Point","coordinates":[-100.145932,25.858514]},"properties":{"n":"Tortilleria Licha","s":"denue","t":"tortilleria"}},{"type":"Feature","geometry":{"type":"Point","coordinates":[-100.371401,25.781034]},"properties":{"n":"Tortilleria Flores Magon","s":"denue","t":"tortilleria"}},{"type":"Feature","geometry":{"type":"Point","coordinates":[-100.190775,25.687374]},"properties":{"n":"Tortilleria Duranguense","s":"denue,places","t":"tortilleria"}},{"type":"Feature","geometry":{"type":"Point","coordinates":[-100.336808,25.799735]},"properties":{"n":"Tortilleria Las Tarascas","s":"denue","t":"tortilleria"}},{"type":"Feature","geometry":{"type":"Point","coordinates":[-100.489702,25.792579]},"properties":{"n":"Tortilleria Valeria","s":"denue,places","t":"tortilleria"}},{"type":"Feature","geometry":{"type":"Point","coordinates":[-100.096951,25.702532]},"properties":{"n":"Tortilleria La Favorita","s":"denue","t":"tortilleria"}},{"type":"Feature","geometry":{"type":"Point","coordinates":[-100.186743,25.639913]},"properties":{"n":"De La Cruz","s":"denue","t":"tortilleria"}},{"type":"Feature","geometry":{"type":"Point","coordinates":[-100.434704,25.763764]},"properties":{"n":"Tortillas Y Comidas Caseras Las Lomas","s":"denue,places","t":"tortilleria"}},{"type":"Feature","geometry":{"type":"Point","coordinates":[-100.213403,25.800218]},"properties":{"n":"Tortilleria La Roberta","s":"denue,places","t":"tortilleria"}},{"type":"Feature","geometry":{"type":"Point","coordinates":[-100.115178,25.825092]},"properties":{"n":"Tortilleria Alvarez","s":"denue","t":"tortilleria"}},{"type":"Feature","geometry":{"type":"Point","coordinates":[-100.315781,25.855136]},"properties":{"n":"Tortilleria Zuriel","s":"denue,places","t":"tortilleria"}},{"type":"Feature","geometry":{"type":"Point","coordinates":[-100.200772,25.661923]},"properties":{"n":"Tortilleria Belen","s":"denue","t":"tortilleria"}},{"type":"Feature","geometry":{"type":"Point","coordinates":[-100.582164,25.78763]},"properties":{"n":"Tortilleria La Pasadita","s":"denue","t":"tortilleria"}},{"type":"Feature","geometry":{"type":"Point","coordinates":[-100.136512,25.614998]},"properties":{"n":"Tortilleria Anahi","s":"denue","t":"tortilleria"}},{"type":"Feature","geometry":{"type":"Point","coordinates":[-100.401457,25.781721]},"properties":{"n":"Tortilleria Los Ramirez","s":"denue","t":"tortilleria"}},{"type":"Feature","geometry":{"type":"Point","coordinates":[-100.146605,25.620503]},"properties":{"n":"Tortilleria Bugambilias","s":"denue","t":"tortilleria"}},{"type":"Feature","geometry":{"type":"Point","coordinates":[-100.414089,25.795078]},"properties":{"n":"Tortilleria Maxi Harina","s":"denue,places","t":"tortilleria"}},{"type":"Feature","geometry":{"type":"Point","coordinates":[-100.538642,25.818278]},"properties":{"n":"Tortilleria Thiago","s":"denue","t":"tortilleria"}},{"type":"Feature","geometry":{"type":"Point","coordinates":[-100.139146,25.616265]},"properties":{"n":"Tortilleria La Chula","s":"denue,places","t":"tortilleria"}},{"type":"Feature","geometry":{"type":"Point","coordinates":[-100.077624,25.6711]},"properties":{"n":"Tortilleria Reyes","s":"denue","t":"tortilleria"}},{"type":"Feature","geometry":{"type":"Point","coordinates":[-100.087593,25.651507]},"properties":{"n":"Tortilleria San Antonio","s":"denue","t":"tortilleria"}},{"type":"Feature","geometry":{"type":"Point","coordinates":[-100.160592,25.610142]},"properties":{"n":"Tortilleria La Suprema","s":"denue,places","t":"tortilleria"}},{"type":"Feature","geometry":{"type":"Point","coordinates":[-100.194307,25.711248]},"properties":{"n":"Tortilleria Arenca","s":"denue","t":"tortilleria"}},{"type":"Feature","geometry":{"type":"Point","coordinates":[-100.158505,25.758502]},"properties":{"n":"Tortilleria Torres","s":"denue","t":"tortilleria"}},{"type":"Feature","geometry":{"type":"Point","coordinates":[-100.366827,25.805537]},"properties":{"n":"Tortilleria La Pasadita","s":"denue","t":"tortilleria"}},{"type":"Feature","geometry":{"type":"Point","coordinates":[-100.097356,25.626443]},"properties":{"n":"Torillera Dany","s":"denue,places","t":"tortilleria"}},{"type":"Feature","geometry":{"type":"Point","coordinates":[-100.392558,25.743014]},"properties":{"n":"Tortilleri La Aurora","s":"denue,places","t":"tortilleria"}},{"type":"Feature","geometry":{"type":"Point","coordinates":[-100.3912,25.734935]},"properties":{"n":"Tortilleria Lupita","s":"denue,places","t":"tortilleria"}},{"type":"Feature","geometry":{"type":"Point","coordinates":[-100.171867,25.659428]},"properties":{"n":"Procesados Sol","s":"denue","t":"tortilleria"}},{"type":"Feature","geometry":{"type":"Point","coordinates":[-100.261802,25.794144]},"properties":{"n":"Tortilleria Soteli","s":"denue","t":"tortilleria"}},{"type":"Feature","geometry":{"type":"Point","coordinates":[-100.090104,25.632012]},"properties":{"n":"Tortilleria Galy","s":"denue,places","t":"tortilleria"}},{"type":"Feature","geometry":{"type":"Point","coordinates":[-100.396187,25.806608]},"properties":{"n":"Tortilleria Don Chema","s":"denue","t":"tortilleria"}},{"type":"Feature","geometry":{"type":"Point","coordinates":[-100.171937,25.65944]},"properties":{"n":"Procesados Sol","s":"denue","t":"tortilleria"}},{"type":"Feature","geometry":{"type":"Point","coordinates":[-100.396376,25.843388]},"properties":{"n":"Tortilleria Tio Toño","s":"denue,places","t":"tortilleria"}},{"type":"Feature","geometry":{"type":"Point","coordinates":[-100.099745,25.664353]},"properties":{"n":"Tortilleria Regina","s":"denue,places","t":"tortilleria"}},{"type":"Feature","geometry":{"type":"Point","coordinates":[-100.435161,25.762117]},"properties":{"n":"Tortilleria Comidas Caseras Y Mas","s":"denue,places","t":"tortilleria"}},{"type":"Feature","geometry":{"type":"Point","coordinates":[-100.171746,25.659406]},"properties":{"n":"Procesados Sol Bodega 1","s":"denue","t":"tortilleria"}},{"type":"Feature","geometry":{"type":"Point","coordinates":[-100.12886,25.619486]},"properties":{"n":"Tortilleria Cristeyli","s":"denue,places","t":"tortilleria"}},{"type":"Feature","geometry":{"type":"Point","coordinates":[-100.602398,25.79849]},"properties":{"n":"Tortilleria Lalo","s":"denue","t":"tortilleria"}},{"type":"Feature","geometry":{"type":"Point","coordinates":[-100.134927,25.852393]},"properties":{"n":"Tortilleria El Negrito Tapia","s":"denue,places","t":"tortilleria"}},{"type":"Feature","geometry":{"type":"Point","coordinates":[-100.171767,25.659464]},"properties":{"n":"Procesados Sol","s":"denue","t":"tortilleria"}},{"type":"Feature","geometry":{"type":"Point","coordinates":[-100.572547,25.783925]},"properties":{"n":"Tortilleria La Ola","s":"denue","t":"tortilleria"}},{"type":"Feature","geometry":{"type":"Point","coordinates":[-100.338338,25.718171]},"properties":{"n":"Comercializadora Gremium","s":"denue","t":"tortilleria"}},{"type":"Feature","geometry":{"type":"Point","coordinates":[-100.177802,25.618651]},"properties":{"n":"Tortilleria Adonahi","s":"denue","t":"tortilleria"}},{"type":"Feature","geometry":{"type":"Point","coordinates":[-100.398825,25.777564]},"properties":{"n":"Tortilleria Y Molino","s":"denue,places","t":"tortilleria"}},{"type":"Feature","geometry":{"type":"Point","coordinates":[-100.32268,25.678619]},"properties":{"n":"Tortilleria Gomez","s":"denue,places","t":"tortilleria"}},{"type":"Feature","geometry":{"type":"Point","coordinates":[-100.196342,25.634634]},"properties":{"n":"Tortilleria La Rotonda","s":"denue","t":"tortilleria"}},{"type":"Feature","geometry":{"type":"Point","coordinates":[-100.264635,25.669032]},"properties":{"n":"Bodega De Tortilleria De La Torre","s":"denue","t":"tortilleria"}},{"type":"Feature","geometry":{"type":"Point","coordinates":[-100.338417,25.72731]},"properties":{"n":"Tortilleria Sammy","s":"denue","t":"tortilleria"}},{"type":"Feature","geometry":{"type":"Point","coordinates":[-100.148028,25.637434]},"properties":{"n":"Tortilleria Lozano","s":"denue","t":"tortilleria"}},{"type":"Feature","geometry":{"type":"Point","coordinates":[-100.159277,25.641857]},"properties":{"n":"Om De Mi Tierra","s":"denue","t":"tortilleria"}},{"type":"Feature","geometry":{"type":"Point","coordinates":[-100.566713,25.785251]},"properties":{"n":"Tortilleria Charlotte","s":"denue","t":"tortilleria"}},{"type":"Feature","geometry":{"type":"Point","coordinates":[-100.214323,25.666732]},"properties":{"n":"Bodega Sin Nombre","s":"denue","t":"tortilleria"}},{"type":"Feature","geometry":{"type":"Point","coordinates":[-100.175104,25.667552]},"properties":{"n":"Industrializadora De Maiz De Ciudad Guadalupe Nuevo Leon","s":"denue","t":"tortilleria"}},{"type":"Feature","geometry":{"type":"Point","coordinates":[-100.152334,25.744496]},"properties":{"n":"Tortilleria Las Tres Flores","s":"denue","t":"tortilleria"}},{"type":"Feature","geometry":{"type":"Point","coordinates":[-100.158951,25.651657]},"properties":{"n":"Tortilleria Del Oriente","s":"denue","t":"tortilleria"}},{"type":"Feature","geometry":{"type":"Point","coordinates":[-100.271728,25.6754]},"properties":{"n":"Tortilleria De La Torre","s":"denue,places","t":"tortilleria"}},{"type":"Feature","geometry":{"type":"Point","coordinates":[-100.272663,25.674377]},"properties":{"n":"Tortilleria San Martin","s":"denue,places","t":"tortilleria"}},{"type":"Feature","geometry":{"type":"Point","coordinates":[-100.320334,25.682422]},"properties":{"n":"Molino De Nixtamal","s":"denue","t":"tortilleria"}},{"type":"Feature","geometry":{"type":"Point","coordinates":[-100.259548,25.674527]},"properties":{"n":"Tortilleria Hidalgo N2","s":"denue","t":"tortilleria"}},{"type":"Feature","geometry":{"type":"Point","coordinates":[-100.326362,25.672802]},"properties":{"n":"Molino De Mixtamal","s":"denue","t":"tortilleria"}},{"type":"Feature","geometry":{"type":"Point","coordinates":[-100.238267,25.670201]},"properties":{"n":"Tortilleria La Montaña","s":"denue,places","t":"tortilleria"}},{"type":"Feature","geometry":{"type":"Point","coordinates":[-100.239,25.665809]},"properties":{"n":"Tortilleria De Cruz","s":"denue,places","t":"tortilleria"}},{"type":"Feature","geometry":{"type":"Point","coordinates":[-100.234266,25.666935]},"properties":{"n":"Tortilleria Romero","s":"denue,places","t":"tortilleria"}},{"type":"Feature","geometry":{"type":"Point","coordinates":[-100.237441,25.669737]},"properties":{"n":"Tortilleria La Esperanza","s":"denue,places","t":"tortilleria"}},{"type":"Feature","geometry":{"type":"Point","coordinates":[-100.221518,25.671845]},"properties":{"n":"Tortilleria Y Molino Guevara","s":"denue","t":"tortilleria"}},{"type":"Feature","geometry":{"type":"Point","coordinates":[-100.216659,25.6678]},"properties":{"n":"Tortilleria Victoria","s":"denue,places","t":"tortilleria"}},{"type":"Feature","geometry":{"type":"Point","coordinates":[-100.222555,25.663512]},"properties":{"n":"Molino De Nixtamal","s":"denue","t":"tortilleria"}},{"type":"Feature","geometry":{"type":"Point","coordinates":[-100.222789,25.662309]},"properties":{"n":"Tortilleria 13 De Mayo","s":"denue,places","t":"tortilleria"}},{"type":"Feature","geometry":{"type":"Point","coordinates":[-100.224429,25.661212]},"properties":{"n":"Tortilleria Flores","s":"denue,places","t":"tortilleria"}},{"type":"Feature","geometry":{"type":"Point","coordinates":[-100.218526,25.665407]},"properties":{"n":"Tortilleria Noche Buena","s":"denue","t":"tortilleria"}},{"type":"Feature","geometry":{"type":"Point","coordinates":[-100.220132,25.660565]},"properties":{"n":"Tortilleria Las Gemelas","s":"denue,places","t":"tortilleria"}},{"type":"Feature","geometry":{"type":"Point","coordinates":[-100.211882,25.65707]},"properties":{"n":"Tortilleria Galaxia","s":"denue","t":"tortilleria"}},{"type":"Feature","geometry":{"type":"Point","coordinates":[-100.313314,25.675609]},"properties":{"n":"Tortilleria La Mexicana","s":"denue,places","t":"tortilleria"}},{"type":"Feature","geometry":{"type":"Point","coordinates":[-100.223522,25.656964]},"properties":{"n":"Tortilleria La Mazorca","s":"denue","t":"tortilleria"}},{"type":"Feature","geometry":{"type":"Point","coordinates":[-100.221027,25.654933]},"properties":{"n":"Tortilleria Almaguer","s":"denue","t":"tortilleria"}},{"type":"Feature","geometry":{"type":"Point","coordinates":[-100.213966,25.644649]},"properties":{"n":"Tortilleria Alvarez","s":"denue","t":"tortilleria"}},{"type":"Feature","geometry":{"type":"Point","coordinates":[-100.213919,25.644884]},"properties":{"n":"Tortilleria Unidad Piloto","s":"denue","t":"tortilleria"}},{"type":"Feature","geometry":{"type":"Point","coordinates":[-100.315015,25.678229]},"properties":{"n":"Tortilleria Guanajuato","s":"denue,places","t":"tortilleria"}},{"type":"Feature","geometry":{"type":"Point","coordinates":[-100.207573,25.648367]},"properties":{"n":"Molino Sin Nombre","s":"denue","t":"tortilleria"}},{"type":"Feature","geometry":{"type":"Point","coordinates":[-100.207996,25.64478]},"properties":{"n":"Tortilleria V Olimpica","s":"denue,places","t":"tortilleria"}},{"type":"Feature","geometry":{"type":"Point","coordinates":[-100.315386,25.676175]},"properties":{"n":"Tortilleria La Ranchera","s":"denue","t":"tortilleria"}},{"type":"Feature","geometry":{"type":"Point","coordinates":[-100.20724,25.662541]},"properties":{"n":"Tortilleria Alvarez","s":"denue","t":"tortilleria"}},{"type":"Feature","geometry":{"type":"Point","coordinates":[-100.203036,25.662793]},"properties":{"n":"Molino De Nixtamal","s":"denue","t":"tortilleria"}},{"type":"Feature","geometry":{"type":"Point","coordinates":[-100.201133,25.657692]},"properties":{"n":"Tortilleria Acapulco","s":"denue,places","t":"tortilleria"}},{"type":"Feature","geometry":{"type":"Point","coordinates":[-100.204393,25.658646]},"properties":{"n":"Tortilleria Iker","s":"denue,places","t":"tortilleria"}},{"type":"Feature","geometry":{"type":"Point","coordinates":[-100.601583,25.802713]},"properties":{"n":"Tortilleria La Malinche","s":"denue,places","t":"tortilleria"}},{"type":"Feature","geometry":{"type":"Point","coordinates":[-100.612282,25.8049]},"properties":{"n":"Tortilleria Los Angeles","s":"denue,places","t":"tortilleria"}},{"type":"Feature","geometry":{"type":"Point","coordinates":[-100.607006,25.807348]},"properties":{"n":"Tortilleria Yajis","s":"denue","t":"tortilleria"}},{"type":"Feature","geometry":{"type":"Point","coordinates":[-100.209464,25.65882]},"properties":{"n":"Tortilleria Chente","s":"denue","t":"tortilleria"}},{"type":"Feature","geometry":{"type":"Point","coordinates":[-100.206049,25.651876]},"properties":{"n":"Tortilleria La Villita","s":"denue,places","t":"tortilleria"}},{"type":"Feature","geometry":{"type":"Point","coordinates":[-100.19948,25.652231]},"properties":{"n":"Tortilleria Alamo","s":"denue,places","t":"tortilleria"}},{"type":"Feature","geometry":{"type":"Point","coordinates":[-100.597868,25.801481]},"properties":{"n":"Tortilleria Cedral","s":"denue,places","t":"tortilleria"}},{"type":"Feature","geometry":{"type":"Point","coordinates":[-100.589496,25.801492]},"properties":{"n":"Tortilleria El Milagro","s":"denue,places","t":"tortilleria"}},{"type":"Feature","geometry":{"type":"Point","coordinates":[-100.589266,25.800373]},"properties":{"n":"Tortilleria Sello Rojo","s":"denue","t":"tortilleria"}},{"type":"Feature","geometry":{"type":"Point","coordinates":[-100.593693,25.801339]},"properties":{"n":"Tortilleria El Maizal","s":"denue","t":"tortilleria"}},{"type":"Feature","geometry":{"type":"Point","coordinates":[-100.203112,25.651256]},"properties":{"n":"Tortilleria","s":"denue","t":"tortilleria"}},{"type":"Feature","geometry":{"type":"Point","coordinates":[-100.192061,25.647947]},"properties":{"n":"Tortilleria La Cabaña","s":"denue","t":"tortilleria"}},{"type":"Feature","geometry":{"type":"Point","coordinates":[-100.193795,25.643088]},"properties":{"n":"Tortilleria Durango","s":"denue,places","t":"tortilleria"}},{"type":"Feature","geometry":{"type":"Point","coordinates":[-100.6033,25.798554]},"properties":{"n":"Tortilleria Angel Arnulfo Curiel Sifuentes","s":"denue,places","t":"tortilleria"}},{"type":"Feature","geometry":{"type":"Point","coordinates":[-100.599238,25.797966]},"properties":{"n":"Tortilleria Iris","s":"denue,places","t":"tortilleria"}},{"type":"Feature","geometry":{"type":"Point","coordinates":[-100.592635,25.795632]},"properties":{"n":"Tortilleria Cedral","s":"denue","t":"tortilleria"}},{"type":"Feature","geometry":{"type":"Point","coordinates":[-100.19798,25.725485]},"properties":{"n":"Tortilleria Maizlu","s":"denue,places","t":"tortilleria"}},{"type":"Feature","geometry":{"type":"Point","coordinates":[-100.192812,25.729626]},"properties":{"n":"Tortilleria Mesta","s":"denue","t":"tortilleria"}},{"type":"Feature","geometry":{"type":"Point","coordinates":[-100.19231,25.728791]},"properties":{"n":"Tortilleria De Harina","s":"denue","t":"tortilleria"}},{"type":"Feature","geometry":{"type":"Point","coordinates":[-100.574282,25.799964]},"properties":{"n":"Tortilleria Valle Verde","s":"denue,places","t":"tortilleria"}},{"type":"Feature","geometry":{"type":"Point","coordinates":[-100.575823,25.790666]},"properties":{"n":"Tortilleria La Paz","s":"denue","t":"tortilleria"}},{"type":"Feature","geometry":{"type":"Point","coordinates":[-100.211824,25.708784]},"properties":{"n":"Tortilleria San Miguel","s":"denue,places","t":"tortilleria"}},{"type":"Feature","geometry":{"type":"Point","coordinates":[-100.207729,25.705937]},"properties":{"n":"Nixtamal Molino","s":"denue","t":"tortilleria"}},{"type":"Feature","geometry":{"type":"Point","coordinates":[-100.29834,25.687484]},"properties":{"n":"Tortilleria Terminal","s":"denue","t":"tortilleria"}},{"type":"Feature","geometry":{"type":"Point","coordinates":[-100.337386,25.69283]},"properties":{"n":"Tortilleria Los Del Roble","s":"denue","t":"tortilleria"}},{"type":"Feature","geometry":{"type":"Point","coordinates":[-100.302535,25.679353]},"properties":{"n":"Tortilleria El Maiz Del Campo","s":"denue,places","t":"tortilleria"}},{"type":"Feature","geometry":{"type":"Point","coordinates":[-100.298653,25.675385]},"properties":{"n":"Tortilleria La Favorita","s":"denue,places","t":"tortilleria"}},{"type":"Feature","geometry":{"type":"Point","coordinates":[-100.191701,25.72671]},"properties":{"n":"Tortilleria America","s":"denue","t":"tortilleria"}},{"type":"Feature","geometry":{"type":"Point","coordinates":[-100.183757,25.72818]},"properties":{"n":"Tortilleria Mary","s":"denue,places","t":"tortilleria"}},{"type":"Feature","geometry":{"type":"Point","coordinates":[-100.31124,25.691287]},"properties":{"n":"Tortilleria Nora","s":"denue","t":"tortilleria"}},{"type":"Feature","geometry":{"type":"Point","coordinates":[-100.184234,25.721275]},"properties":{"n":"Tortilleria Cañada Blanca","s":"denue","t":"tortilleria"}},{"type":"Feature","geometry":{"type":"Point","coordinates":[-100.186472,25.723903]},"properties":{"n":"Tortilleria Las Delicias","s":"denue","t":"tortilleria"}},{"type":"Feature","geometry":{"type":"Point","coordinates":[-100.186124,25.72001]},"properties":{"n":"Tortilleria Naty","s":"denue","t":"tortilleria"}},{"type":"Feature","geometry":{"type":"Point","coordinates":[-100.182248,25.720048]},"properties":{"n":"Tortilleria Torres","s":"denue,places","t":"tortilleria"}},{"type":"Feature","geometry":{"type":"Point","coordinates":[-100.187512,25.716591]},"properties":{"n":"Tortilleria San Rafael","s":"denue","t":"tortilleria"}},{"type":"Feature","geometry":{"type":"Point","coordinates":[-100.184156,25.715574]},"properties":{"n":"Tortilleria Deniz","s":"denue","t":"tortilleria"}},{"type":"Feature","geometry":{"type":"Point","coordinates":[-100.187971,25.711878]},"properties":{"n":"Tortilleria Balcones","s":"denue","t":"tortilleria"}},{"type":"Feature","geometry":{"type":"Point","coordinates":[-100.195563,25.711852]},"properties":{"n":"Molino El Tractor","s":"denue","t":"tortilleria"}},{"type":"Feature","geometry":{"type":"Point","coordinates":[-100.308342,25.684788]},"properties":{"n":"Tortilleria La Regia","s":"denue,places","t":"tortilleria"}},{"type":"Feature","geometry":{"type":"Point","coordinates":[-100.303012,25.858746]},"properties":{"n":"Tortilleria Lalo","s":"denue","t":"tortilleria"}},{"type":"Feature","geometry":{"type":"Point","coordinates":[-100.287595,25.806758]},"properties":{"n":"Tortilleria Zuriel","s":"denue,places","t":"tortilleria"}},{"type":"Feature","geometry":{"type":"Point","coordinates":[-100.329172,25.702889]},"properties":{"n":"Tortilleria La Moderna","s":"denue","t":"tortilleria"}},{"type":"Feature","geometry":{"type":"Point","coordinates":[-100.301923,25.710099]},"properties":{"n":"Tortilleria Vela","s":"denue","t":"tortilleria"}},{"type":"Feature","geometry":{"type":"Point","coordinates":[-100.205401,25.695294]},"properties":{"n":"Tortilleria Alvarez","s":"denue,places","t":"tortilleria"}},{"type":"Feature","geometry":{"type":"Point","coordinates":[-100.311913,25.694314]},"properties":{"n":"Tortilleria Las Delicias","s":"denue","t":"tortilleria"}},{"type":"Feature","geometry":{"type":"Point","coordinates":[-100.3038,25.69274]},"properties":{"n":"Tortilleria Segura","s":"denue","t":"tortilleria"}},{"type":"Feature","geometry":{"type":"Point","coordinates":[-100.299449,25.692636]},"properties":{"n":"Tortilleria Maya","s":"denue","t":"tortilleria"}},{"type":"Feature","geometry":{"type":"Point","coordinates":[-100.301252,25.705575]},"properties":{"n":"Tortilleria Vidriera","s":"denue,places","t":"tortilleria"}},{"type":"Feature","geometry":{"type":"Point","coordinates":[-100.330962,25.693337]},"properties":{"n":"Tortilleria Trujillo Dos","s":"denue","t":"tortilleria"}},{"type":"Feature","geometry":{"type":"Point","coordinates":[-100.3312,25.691255]},"properties":{"n":"Tortilleria Trujillo Uno","s":"denue","t":"tortilleria"}},{"type":"Feature","geometry":{"type":"Point","coordinates":[-100.334622,25.691072]},"properties":{"n":"Tortilleria El Molino Rojo","s":"denue,places","t":"tortilleria"}},{"type":"Feature","geometry":{"type":"Point","coordinates":[-100.326832,25.697769]},"properties":{"n":"Tortilleria La Canasta","s":"denue","t":"tortilleria"}},{"type":"Feature","geometry":{"type":"Point","coordinates":[-100.324922,25.692971]},"properties":{"n":"Tortilleria La Privadita","s":"denue","t":"tortilleria"}},{"type":"Feature","geometry":{"type":"Point","coordinates":[-100.211408,25.682989]},"properties":{"n":"Tortilleria La Joya","s":"denue","t":"tortilleria"}},{"type":"Feature","geometry":{"type":"Point","coordinates":[-100.214017,25.683489]},"properties":{"n":"Tortilleria La Reyna","s":"denue","t":"tortilleria"}},{"type":"Feature","geometry":{"type":"Point","coordinates":[-100.204402,25.678337]},"properties":{"n":"Tortilleria San Sebastian","s":"denue","t":"tortilleria"}},{"type":"Feature","geometry":{"type":"Point","coordinates":[-100.297114,25.795942]},"properties":{"n":"Tortilleria Evelin","s":"denue","t":"tortilleria"}},{"type":"Feature","geometry":{"type":"Point","coordinates":[-100.29529,25.795205]},"properties":{"n":"Tortilleria Malvinas","s":"denue","t":"tortilleria"}},{"type":"Feature","geometry":{"type":"Point","coordinates":[-100.204336,25.68695]},"properties":{"n":"Tortilleria La Union","s":"denue","t":"tortilleria"}},{"type":"Feature","geometry":{"type":"Point","coordinates":[-100.197924,25.685856]},"properties":{"n":"Tortilleria Paty","s":"denue,places","t":"tortilleria"}},{"type":"Feature","geometry":{"type":"Point","coordinates":[-100.31173,25.802826]},"properties":{"n":"Tortilleria Las Encinas","s":"denue,places","t":"tortilleria"}},{"type":"Feature","geometry":{"type":"Point","coordinates":[-100.303064,25.80288]},"properties":{"n":"Tortilleria Los Nogales","s":"denue","t":"tortilleria"}},{"type":"Feature","geometry":{"type":"Point","coordinates":[-100.192472,25.694147]},"properties":{"n":"Tortilleria Cuernavaca","s":"denue","t":"tortilleria"}},{"type":"Feature","geometry":{"type":"Point","coordinates":[-100.190864,25.693926]},"properties":{"n":"Tortilleria Alvarez","s":"denue","t":"tortilleria"}},{"type":"Feature","geometry":{"type":"Point","coordinates":[-100.188433,25.696627]},"properties":{"n":"Tortilleria Alvarez","s":"denue","t":"tortilleria"}},{"type":"Feature","geometry":{"type":"Point","coordinates":[-100.186384,25.693561]},"properties":{"n":"Tortilleria La Avenida","s":"denue","t":"tortilleria"}},{"type":"Feature","geometry":{"type":"Point","coordinates":[-100.16685,25.703014]},"properties":{"n":"Tortilleria Lomas Del Valle","s":"denue","t":"tortilleria"}},{"type":"Feature","geometry":{"type":"Point","coordinates":[-100.166026,25.701608]},"properties":{"n":"Tortilleria La Pasadita","s":"denue,places","t":"tortilleria"}},{"type":"Feature","geometry":{"type":"Point","coordinates":[-100.330973,25.700157]},"properties":{"n":"Tortilleria La Paloma","s":"denue","t":"tortilleria"}},{"type":"Feature","geometry":{"type":"Point","coordinates":[-100.331689,25.697254]},"properties":{"n":"Tortilleria La Abejita","s":"denue","t":"tortilleria"}},{"type":"Feature","geometry":{"type":"Point","coordinates":[-100.334677,25.697177]},"properties":{"n":"Tortilleria Trujillo","s":"denue","t":"tortilleria"}},{"type":"Feature","geometry":{"type":"Point","coordinates":[-100.24848,25.678823]},"properties":{"n":"Tortilleria La Regia 2","s":"denue,places","t":"tortilleria"}},{"type":"Feature","geometry":{"type":"Point","coordinates":[-100.249548,25.678453]},"properties":{"n":"Tortilleria Lily","s":"denue,places","t":"tortilleria"}},{"type":"Feature","geometry":{"type":"Point","coordinates":[-100.249569,25.677311]},"properties":{"n":"Molino De Nixtamal Juanita","s":"denue","t":"tortilleria"}},{"type":"Feature","geometry":{"type":"Point","coordinates":[-100.298206,25.782928]},"properties":{"n":"Tortilleria San Juanita","s":"denue","t":"tortilleria"}},{"type":"Feature","geometry":{"type":"Point","coordinates":[-100.290141,25.781429]},"properties":{"n":"Tortilleria El Roble","s":"denue,places","t":"tortilleria"}},{"type":"Feature","geometry":{"type":"Point","coordinates":[-100.337579,25.697336]},"properties":{"n":"Elaboración De Tortillas De Maíz Y Molienda De Nixtamal Sin Nombre","s":"denue","t":"tortilleria"}},{"type":"Feature","geometry":{"type":"Point","coordinates":[-100.185712,25.652662]},"properties":{"n":"Tortilleria Don Jose","s":"denue,places","t":"tortilleria"}},{"type":"Feature","geometry":{"type":"Point","coordinates":[-100.321146,25.793815]},"properties":{"n":"Tortilleria Praderas","s":"denue","t":"tortilleria"}},{"type":"Feature","geometry":{"type":"Point","coordinates":[-100.3217,25.789681]},"properties":{"n":"Molino Doña Mari","s":"denue","t":"tortilleria"}},{"type":"Feature","geometry":{"type":"Point","coordinates":[-100.314778,25.784849]},"properties":{"n":"Tortilleria Las Torres","s":"denue","t":"tortilleria"}},{"type":"Feature","geometry":{"type":"Point","coordinates":[-100.313287,25.78216]},"properties":{"n":"Tortilleria Lupita","s":"denue","t":"tortilleria"}},{"type":"Feature","geometry":{"type":"Point","coordinates":[-100.201165,25.666431]},"properties":{"n":"Molino Y Tortilleria Zapata","s":"denue,places","t":"tortilleria"}},{"type":"Feature","geometry":{"type":"Point","coordinates":[-100.203697,25.66499]},"properties":{"n":"Tortilleria Ruiz","s":"denue,places","t":"tortilleria"}},{"type":"Feature","geometry":{"type":"Point","coordinates":[-100.192173,25.66516]},"properties":{"n":"Tortilleria De Leon","s":"denue","t":"tortilleria"}},{"type":"Feature","geometry":{"type":"Point","coordinates":[-100.191354,25.664201]},"properties":{"n":"Tortilleria Ruiz","s":"denue","t":"tortilleria"}},{"type":"Feature","geometry":{"type":"Point","coordinates":[-100.186768,25.660637]},"properties":{"n":"Tortilleria Guadalajara","s":"denue","t":"tortilleria"}},{"type":"Feature","geometry":{"type":"Point","coordinates":[-100.190388,25.65746]},"properties":{"n":"Tortilleria Marthita","s":"denue,places","t":"tortilleria"}},{"type":"Feature","geometry":{"type":"Point","coordinates":[-100.22275,25.671856]},"properties":{"n":"Tortilleria La Floreña","s":"denue","t":"tortilleria"}},{"type":"Feature","geometry":{"type":"Point","coordinates":[-100.317889,25.798151]},"properties":{"n":"Tortilleria La Avenida","s":"denue","t":"tortilleria"}},{"type":"Feature","geometry":{"type":"Point","coordinates":[-100.318166,25.796372]},"properties":{"n":"Tortilleria Luzero","s":"denue,places","t":"tortilleria"}},{"type":"Feature","geometry":{"type":"Point","coordinates":[-100.187054,25.667155]},"properties":{"n":"Tortilleria Lucy","s":"denue,places","t":"tortilleria"}},{"type":"Feature","geometry":{"type":"Point","coordinates":[-100.177671,25.662138]},"properties":{"n":"Tortilleria De Pueblo","s":"denue","t":"tortilleria"}},{"type":"Feature","geometry":{"type":"Point","coordinates":[-100.327527,25.781026]},"properties":{"n":"Tortilleria Rubi","s":"denue","t":"tortilleria"}},{"type":"Feature","geometry":{"type":"Point","coordinates":[-100.320054,25.764515]},"properties":{"n":"Tortilleria San Juan","s":"denue","t":"tortilleria"}},{"type":"Feature","geometry":{"type":"Point","coordinates":[-100.329847,25.777359]},"properties":{"n":"Tortilleria El Mezquital","s":"denue,places","t":"tortilleria"}},{"type":"Feature","geometry":{"type":"Point","coordinates":[-100.268348,25.677435]},"properties":{"n":"Tortilleria Hidalgo","s":"denue,places","t":"tortilleria"}},{"type":"Feature","geometry":{"type":"Point","coordinates":[-100.3289,25.782166]},"properties":{"n":"Tortilleria El Mezquital","s":"denue,places","t":"tortilleria"}},{"type":"Feature","geometry":{"type":"Point","coordinates":[-100.328126,25.785975]},"properties":{"n":"Tortilleria Janeth 3","s":"denue","t":"tortilleria"}},{"type":"Feature","geometry":{"type":"Point","coordinates":[-100.328489,25.784183]},"properties":{"n":"Tortilleria Blanquita","s":"denue","t":"tortilleria"}},{"type":"Feature","geometry":{"type":"Point","coordinates":[-100.328584,25.783722]},"properties":{"n":"Molino De Nixtamal Y Masa","s":"denue","t":"tortilleria"}},{"type":"Feature","geometry":{"type":"Point","coordinates":[-100.320829,25.781119]},"properties":{"n":"Tortilleria Galindo","s":"denue","t":"tortilleria"}},{"type":"Feature","geometry":{"type":"Point","coordinates":[-100.337085,25.741074]},"properties":{"n":"Tortilleria El Elote","s":"denue,places","t":"tortilleria"}},{"type":"Feature","geometry":{"type":"Point","coordinates":[-100.330811,25.739403]},"properties":{"n":"Tortilleria0 Paco","s":"denue","t":"tortilleria"}},{"type":"Feature","geometry":{"type":"Point","coordinates":[-100.323534,25.742383]},"properties":{"n":"Tortilleria Arqui","s":"denue","t":"tortilleria"}},{"type":"Feature","geometry":{"type":"Point","coordinates":[-100.322544,25.746754]},"properties":{"n":"Tortilleria Rodriguez","s":"denue","t":"tortilleria"}},{"type":"Feature","geometry":{"type":"Point","coordinates":[-100.32297,25.784462]},"properties":{"n":"Tortilleria La Canasta","s":"denue","t":"tortilleria"}},{"type":"Feature","geometry":{"type":"Point","coordinates":[-100.336173,25.784556]},"properties":{"n":"Tortilleria La Especial","s":"denue","t":"tortilleria"}},{"type":"Feature","geometry":{"type":"Point","coordinates":[-100.340056,25.740831]},"properties":{"n":"Tortilleria Rocio","s":"denue","t":"tortilleria"}},{"type":"Feature","geometry":{"type":"Point","coordinates":[-100.343227,25.748966]},"properties":{"n":"Tortilleria Mary","s":"denue,places","t":"tortilleria"}},{"type":"Feature","geometry":{"type":"Point","coordinates":[-100.342057,25.746179]},"properties":{"n":"Tortilleria Pacos","s":"denue","t":"tortilleria"}},{"type":"Feature","geometry":{"type":"Point","coordinates":[-100.325784,25.730851]},"properties":{"n":"Tortilleria Lizeth","s":"denue","t":"tortilleria"}},{"type":"Feature","geometry":{"type":"Point","coordinates":[-100.323721,25.732328]},"properties":{"n":"Tortilleria Florida","s":"denue","t":"tortilleria"}},{"type":"Feature","geometry":{"type":"Point","coordinates":[-100.323449,25.734891]},"properties":{"n":"Tortilleria Cassandra","s":"denue,places","t":"tortilleria"}},{"type":"Feature","geometry":{"type":"Point","coordinates":[-100.231522,25.685472]},"properties":{"n":"Tortilleria Charly Junior","s":"denue","t":"tortilleria"}},{"type":"Feature","geometry":{"type":"Point","coordinates":[-100.339216,25.739423]},"properties":{"n":"Tortilleria Ortiz","s":"denue","t":"tortilleria"}},{"type":"Feature","geometry":{"type":"Point","coordinates":[-100.338053,25.737022]},"properties":{"n":"Tortilleria Bere","s":"denue","t":"tortilleria"}},{"type":"Feature","geometry":{"type":"Point","coordinates":[-100.426425,25.774279]},"properties":{"n":"Tortilleria Sin Nombre","s":"denue","t":"tortilleria"}},{"type":"Feature","geometry":{"type":"Point","coordinates":[-100.22043,25.695096]},"properties":{"n":"Tortilleria San Rafael","s":"denue","t":"tortilleria"}},{"type":"Feature","geometry":{"type":"Point","coordinates":[-100.361705,25.807377]},"properties":{"n":"Tortilleria La Esperanza","s":"denue","t":"tortilleria"}},{"type":"Feature","geometry":{"type":"Point","coordinates":[-100.369533,25.80245]},"properties":{"n":"Tortilleria Reyna","s":"denue,places","t":"tortilleria"}},{"type":"Feature","geometry":{"type":"Point","coordinates":[-100.500326,25.695577]},"properties":{"n":"Tortilleria Y Abarrotes Aragon","s":"denue,places,osm","t":"tortilleria"}},{"type":"Feature","geometry":{"type":"Point","coordinates":[-100.497329,25.6943]},"properties":{"n":"Tortilleria Y Abarrotesla Puerta","s":"denue","t":"tortilleria"}},{"type":"Feature","geometry":{"type":"Point","coordinates":[-100.346648,25.742742]},"properties":{"n":"Tortilleria Gg","s":"denue","t":"tortilleria"}},{"type":"Feature","geometry":{"type":"Point","coordinates":[-100.369628,25.8083]},"properties":{"n":"Tortilleria Vanessa","s":"denue","t":"tortilleria"}},{"type":"Feature","geometry":{"type":"Point","coordinates":[-100.36752,25.808063]},"properties":{"n":"Tortilleria Y Molino Yesenia","s":"denue","t":"tortilleria"}},{"type":"Feature","geometry":{"type":"Point","coordinates":[-100.365938,25.808248]},"properties":{"n":"Tortilleria Fernando","s":"denue","t":"tortilleria"}},{"type":"Feature","geometry":{"type":"Point","coordinates":[-100.362247,25.80837]},"properties":{"n":"Tortilleria Galindo","s":"denue","t":"tortilleria"}},{"type":"Feature","geometry":{"type":"Point","coordinates":[-100.372763,25.803017]},"properties":{"n":"Tortilleria Ana Gabriel","s":"denue","t":"tortilleria"}},{"type":"Feature","geometry":{"type":"Point","coordinates":[-100.352768,25.744715]},"properties":{"n":"Tortilleria La Estrellita 1","s":"denue","t":"tortilleria"}},{"type":"Feature","geometry":{"type":"Point","coordinates":[-100.352667,25.741594]},"properties":{"n":"Tortilleria La Malinche","s":"denue","t":"tortilleria"}},{"type":"Feature","geometry":{"type":"Point","coordinates":[-100.349748,25.741457]},"properties":{"n":"Tortimaiz","s":"denue,places","t":"tortilleria"}},{"type":"Feature","geometry":{"type":"Point","coordinates":[-100.387287,25.855511]},"properties":{"n":"Tortilleria La Rosa De Sharon","s":"denue,places","t":"tortilleria"}},{"type":"Feature","geometry":{"type":"Point","coordinates":[-100.389312,25.856221]},"properties":{"n":"Tortilleria Valdez","s":"denue","t":"tortilleria"}},{"type":"Feature","geometry":{"type":"Point","coordinates":[-100.106944,25.819576]},"properties":{"n":"Tortilleria El Primo Ii","s":"denue","t":"tortilleria"}},{"type":"Feature","geometry":{"type":"Point","coordinates":[-100.12057,25.823895]},"properties":{"n":"Tortilleria El Primo","s":"denue,places","t":"tortilleria"}},{"type":"Feature","geometry":{"type":"Point","coordinates":[-100.134749,25.756668]},"properties":{"n":"Tortilleria Don Toño","s":"denue","t":"tortilleria"}},{"type":"Feature","geometry":{"type":"Point","coordinates":[-100.151972,25.745843]},"properties":{"n":"Tortilleria Juany","s":"denue","t":"tortilleria"}},{"type":"Feature","geometry":{"type":"Point","coordinates":[-100.147613,25.705892]},"properties":{"n":"Tortilleria Las Fuentes","s":"denue,places","t":"tortilleria"}},{"type":"Feature","geometry":{"type":"Point","coordinates":[-100.169328,25.756678]},"properties":{"n":"Tortilleria De La Torre","s":"denue,places","t":"tortilleria"}},{"type":"Feature","geometry":{"type":"Point","coordinates":[-100.157862,25.755109]},"properties":{"n":"Tortilleria Castillo","s":"denue,places","t":"tortilleria"}},{"type":"Feature","geometry":{"type":"Point","coordinates":[-100.163489,25.739412]},"properties":{"n":"Tortilleria Cerva","s":"denue","t":"tortilleria"}},{"type":"Feature","geometry":{"type":"Point","coordinates":[-100.19496,25.736245]},"properties":{"n":"Tortilleria Anita","s":"denue","t":"tortilleria"}},{"type":"Feature","geometry":{"type":"Point","coordinates":[-100.195858,25.733999]},"properties":{"n":"Tortilleria Emmanuel","s":"denue","t":"tortilleria"}},{"type":"Feature","geometry":{"type":"Point","coordinates":[-100.186479,25.73836]},"properties":{"n":"Tortilleria San Diego","s":"denue,places","t":"tortilleria"}},{"type":"Feature","geometry":{"type":"Point","coordinates":[-100.177447,25.729694]},"properties":{"n":"Tortilleria Y Molino Arenca","s":"denue,places","t":"tortilleria"}},{"type":"Feature","geometry":{"type":"Point","coordinates":[-100.178939,25.719371]},"properties":{"n":"Tortilleria Lalo","s":"denue,places","t":"tortilleria"}},{"type":"Feature","geometry":{"type":"Point","coordinates":[-100.172721,25.719563]},"properties":{"n":"Tortilleria Gove","s":"denue","t":"tortilleria"}},{"type":"Feature","geometry":{"type":"Point","coordinates":[-100.157665,25.709356]},"properties":{"n":"Tortilleria Las Margaritas 2","s":"denue","t":"tortilleria"}},{"type":"Feature","geometry":{"type":"Point","coordinates":[-100.260654,25.814078]},"properties":{"n":"Tortilleria Monterrey","s":"denue,places","t":"tortilleria"}},{"type":"Feature","geometry":{"type":"Point","coordinates":[-100.257485,25.811018]},"properties":{"n":"Tortilleria Mayin","s":"denue,places","t":"tortilleria"}},{"type":"Feature","geometry":{"type":"Point","coordinates":[-100.245165,25.813948]},"properties":{"n":"Tortilleria Santa Rosa","s":"denue,places","t":"tortilleria"}},{"type":"Feature","geometry":{"type":"Point","coordinates":[-100.24524,25.816951]},"properties":{"n":"Tortilleria El Nacimiento","s":"denue,places","t":"tortilleria"}},{"type":"Feature","geometry":{"type":"Point","coordinates":[-100.2273,25.804216]},"properties":{"n":"Tortilleria Mexico","s":"denue,places","t":"tortilleria"}},{"type":"Feature","geometry":{"type":"Point","coordinates":[-100.227552,25.798598]},"properties":{"n":"Tortilleria La Gloria","s":"denue,places","t":"tortilleria"}},{"type":"Feature","geometry":{"type":"Point","coordinates":[-100.215311,25.79596]},"properties":{"n":"Tortilleria San Judas Tadeo","s":"denue","t":"tortilleria"}},{"type":"Feature","geometry":{"type":"Point","coordinates":[-100.235531,25.792841]},"properties":{"n":"Tortilleria Rico","s":"denue,places","t":"tortilleria"}},{"type":"Feature","geometry":{"type":"Point","coordinates":[-100.233271,25.779033]},"properties":{"n":"Tortilleria Michelle","s":"denue,places","t":"tortilleria"}},{"type":"Feature","geometry":{"type":"Point","coordinates":[-100.248546,25.79571]},"properties":{"n":"Tortilleria Fundadores","s":"denue,places","t":"tortilleria"}},{"type":"Feature","geometry":{"type":"Point","coordinates":[-100.255558,25.779379]},"properties":{"n":"Tortilleria Fresnillo","s":"denue","t":"tortilleria"}},{"type":"Feature","geometry":{"type":"Point","coordinates":[-100.260209,25.780733]},"properties":{"n":"Tortilleria Los Robles Apodaca","s":"denue","t":"tortilleria"}},{"type":"Feature","geometry":{"type":"Point","coordinates":[-100.25042,25.7786]},"properties":{"n":"Tortilleria Ivanna","s":"denue","t":"tortilleria"}},{"type":"Feature","geometry":{"type":"Point","coordinates":[-100.2538,25.778984]},"properties":{"n":"Tortilleria Diana","s":"denue","t":"tortilleria"}},{"type":"Feature","geometry":{"type":"Point","coordinates":[-100.247055,25.780746]},"properties":{"n":"Molino De Nixtamal","s":"denue","t":"tortilleria"}},{"type":"Feature","geometry":{"type":"Point","coordinates":[-100.253299,25.776534]},"properties":{"n":"Tortilleria Catandelo","s":"denue","t":"tortilleria"}},{"type":"Feature","geometry":{"type":"Point","coordinates":[-100.401994,25.845247]},"properties":{"n":"Tortilleria Banda","s":"denue","t":"tortilleria"}},{"type":"Feature","geometry":{"type":"Point","coordinates":[-100.400147,25.840625]},"properties":{"n":"Tortilleria Lirio De Los Valles","s":"denue,places","t":"tortilleria"}},{"type":"Feature","geometry":{"type":"Point","coordinates":[-100.401479,25.818658]},"properties":{"n":"Tortilleria San Pedro","s":"denue","t":"tortilleria"}},{"type":"Feature","geometry":{"type":"Point","coordinates":[-100.408714,25.819507]},"properties":{"n":"Tortilleria San Francisco","s":"denue","t":"tortilleria"}},{"type":"Feature","geometry":{"type":"Point","coordinates":[-100.40725,25.819488]},"properties":{"n":"Tortilleria Santa Maria","s":"denue,places","t":"tortilleria"}},{"type":"Feature","geometry":{"type":"Point","coordinates":[-100.398538,25.815734]},"properties":{"n":"Tortilleria Yary","s":"denue,places","t":"tortilleria"}},{"type":"Feature","geometry":{"type":"Point","coordinates":[-100.37326,25.837408]},"properties":{"n":"Molino Y Tortilleria San Miguel","s":"denue,places","t":"tortilleria"}},{"type":"Feature","geometry":{"type":"Point","coordinates":[-100.367559,25.838622]},"properties":{"n":"Tortilleria Y Molino","s":"denue,places","t":"tortilleria"}},{"type":"Feature","geometry":{"type":"Point","coordinates":[-100.367422,25.844566]},"properties":{"n":"Tortilleria Isa","s":"denue,places","t":"tortilleria"}},{"type":"Feature","geometry":{"type":"Point","coordinates":[-100.386596,25.848076]},"properties":{"n":"Tortilleria Jaquelin","s":"denue","t":"tortilleria"}},{"type":"Feature","geometry":{"type":"Point","coordinates":[-100.389891,25.845806]},"properties":{"n":"Tortilleria Las Palmas","s":"denue,places","t":"tortilleria"}},{"type":"Feature","geometry":{"type":"Point","coordinates":[-100.389608,25.844177]},"properties":{"n":"Tortilleria La Alianza","s":"denue,places","t":"tortilleria"}},{"type":"Feature","geometry":{"type":"Point","coordinates":[-100.390013,25.801412]},"properties":{"n":"Tortilleria Y Molino Rodriguez","s":"denue,places","t":"tortilleria"}},{"type":"Feature","geometry":{"type":"Point","coordinates":[-100.372342,25.829617]},"properties":{"n":"Molino De Masa Para Tamales","s":"denue","t":"tortilleria"}},{"type":"Feature","geometry":{"type":"Point","coordinates":[-100.366953,25.832677]},"properties":{"n":"Tortilleria Lupita","s":"denue,places","t":"tortilleria"}},{"type":"Feature","geometry":{"type":"Point","coordinates":[-100.391605,25.799178]},"properties":{"n":"Tortilleria Esmeralda","s":"denue","t":"tortilleria"}},{"type":"Feature","geometry":{"type":"Point","coordinates":[-100.413869,25.797227]},"properties":{"n":"Tortilleria Dia","s":"denue","t":"tortilleria"}},{"type":"Feature","geometry":{"type":"Point","coordinates":[-100.412357,25.795696]},"properties":{"n":"Tortilleria El Primo","s":"denue,places","t":"tortilleria"}},{"type":"Feature","geometry":{"type":"Point","coordinates":[-100.412029,25.79837]},"properties":{"n":"Tortilleria San Juditas","s":"denue","t":"tortilleria"}},{"type":"Feature","geometry":{"type":"Point","coordinates":[-100.337258,25.788595]},"properties":{"n":"Tortilleria Karla","s":"denue","t":"tortilleria"}},{"type":"Feature","geometry":{"type":"Point","coordinates":[-100.335535,25.778092]},"properties":{"n":"Tortilleria Chavez","s":"denue","t":"tortilleria"}},{"type":"Feature","geometry":{"type":"Point","coordinates":[-100.364621,25.805248]},"properties":{"n":"Tortilleria Conchita","s":"denue","t":"tortilleria"}},{"type":"Feature","geometry":{"type":"Point","coordinates":[-100.369183,25.806579]},"properties":{"n":"Tortilleria Matehuala","s":"denue","t":"tortilleria"}},{"type":"Feature","geometry":{"type":"Point","coordinates":[-100.375537,25.805165]},"properties":{"n":"Tortilleria Matehuala","s":"denue","t":"tortilleria"}},{"type":"Feature","geometry":{"type":"Point","coordinates":[-100.367331,25.803491]},"properties":{"n":"Tortilleria Serranias","s":"denue","t":"tortilleria"}},{"type":"Feature","geometry":{"type":"Point","coordinates":[-100.285174,25.804979]},"properties":{"n":"Molino De Maiz","s":"denue","t":"tortilleria"}},{"type":"Feature","geometry":{"type":"Point","coordinates":[-100.264483,25.805989]},"properties":{"n":"Tortilleria Franco","s":"denue","t":"tortilleria"}},{"type":"Feature","geometry":{"type":"Point","coordinates":[-100.313617,25.806338]},"properties":{"n":"Tortilleria Miravista","s":"denue,places,osm","t":"tortilleria"}},{"type":"Feature","geometry":{"type":"Point","coordinates":[-100.328986,25.805761]},"properties":{"n":"Tortilleria Jardines","s":"denue,places","t":"tortilleria"}},{"type":"Feature","geometry":{"type":"Point","coordinates":[-100.32077,25.784167]},"properties":{"n":"Molino Max","s":"denue","t":"tortilleria"}},{"type":"Feature","geometry":{"type":"Point","coordinates":[-100.32124,25.780381]},"properties":{"n":"Tortilleria La Mexicana","s":"denue","t":"tortilleria"}},{"type":"Feature","geometry":{"type":"Point","coordinates":[-100.330519,25.774128]},"properties":{"n":"Tortilleria Y Molino La Espiga","s":"denue,places","t":"tortilleria"}},{"type":"Feature","geometry":{"type":"Point","coordinates":[-100.290983,25.780537]},"properties":{"n":"Molino De Mixtamal Rodriguez","s":"denue","t":"tortilleria"}},{"type":"Feature","geometry":{"type":"Point","coordinates":[-100.317752,25.78439]},"properties":{"n":"Tortilleria El Roble","s":"denue","t":"tortilleria"}},{"type":"Feature","geometry":{"type":"Point","coordinates":[-100.496524,25.791434]},"properties":{"n":"Tortillria Granito","s":"denue,places","t":"tortilleria"}},{"type":"Feature","geometry":{"type":"Point","coordinates":[-100.460085,25.800937]},"properties":{"n":"Tortilleria La Tapatia","s":"denue,places","t":"tortilleria"}},{"type":"Feature","geometry":{"type":"Point","coordinates":[-100.4196,25.793283]},"properties":{"n":"Tortilleria Karina","s":"denue,places","t":"tortilleria"}},{"type":"Feature","geometry":{"type":"Point","coordinates":[-100.59546,25.796277]},"properties":{"n":"Tortilleria Y Molino La Avenida","s":"denue","t":"tortilleria"}},{"type":"Feature","geometry":{"type":"Point","coordinates":[-100.603321,25.802817]},"properties":{"n":"Tortilleria La Laguna","s":"denue,places","t":"tortilleria"}},{"type":"Feature","geometry":{"type":"Point","coordinates":[-100.611486,25.801693]},"properties":{"n":"Tortilleria Y Molino Guadalupe","s":"denue,places","t":"tortilleria"}},{"type":"Feature","geometry":{"type":"Point","coordinates":[-100.58657,25.782914]},"properties":{"n":"Tortilleria Los Angeles","s":"denue","t":"tortilleria"}},{"type":"Feature","geometry":{"type":"Point","coordinates":[-100.50429,25.706635]},"properties":{"n":"Tortilleria El Palmar","s":"denue,places","t":"tortilleria"}},{"type":"Feature","geometry":{"type":"Point","coordinates":[-100.507258,25.702482]},"properties":{"n":"Tortilleria Santa Fe","s":"denue","t":"tortilleria"}},{"type":"Feature","geometry":{"type":"Point","coordinates":[-100.478509,25.676227]},"properties":{"n":"Tortilleria La Reina Paty","s":"denue","t":"tortilleria"}},{"type":"Feature","geometry":{"type":"Point","coordinates":[-100.472613,25.675559]},"properties":{"n":"Tortilleria La Guadalupana","s":"denue,places","t":"tortilleria"}},{"type":"Feature","geometry":{"type":"Point","coordinates":[-100.462376,25.703295]},"properties":{"n":"Tortilleria Hidalgo","s":"denue","t":"tortilleria"}},{"type":"Feature","geometry":{"type":"Point","coordinates":[-100.457633,25.703131]},"properties":{"n":"Tortilleria Avila","s":"denue,osm","t":"tortilleria"}},{"type":"Feature","geometry":{"type":"Point","coordinates":[-100.460476,25.702873]},"properties":{"n":"Tortilleria La Laguna","s":"denue,places","t":"tortilleria"}},{"type":"Feature","geometry":{"type":"Point","coordinates":[-100.453976,25.692565]},"properties":{"n":"Tortilleria Java","s":"denue","t":"tortilleria"}},{"type":"Feature","geometry":{"type":"Point","coordinates":[-100.469894,25.67933]},"properties":{"n":"Tortilleria Zimex","s":"denue,places","t":"tortilleria"}},{"type":"Feature","geometry":{"type":"Point","coordinates":[-100.426467,25.694951]},"properties":{"n":"Tortilleria La Cima","s":"denue","t":"tortilleria"}},{"type":"Feature","geometry":{"type":"Point","coordinates":[-100.419989,25.691623]},"properties":{"n":"Tortilleria El Mirador","s":"denue","t":"tortilleria"}},{"type":"Feature","geometry":{"type":"Point","coordinates":[-100.417336,25.684773]},"properties":{"n":"Tortilleria La Carreta","s":"denue","t":"tortilleria"}},{"type":"Feature","geometry":{"type":"Point","coordinates":[-100.459374,25.666477]},"properties":{"n":"Tortilleria El Maizal","s":"denue","t":"tortilleria"}},{"type":"Feature","geometry":{"type":"Point","coordinates":[-100.452856,25.667973]},"properties":{"n":"Tortilleria La Luz","s":"denue","t":"tortilleria"}},{"type":"Feature","geometry":{"type":"Point","coordinates":[-100.436385,25.667346]},"properties":{"n":"Tortilleria Roma","s":"denue,places","t":"tortilleria"}},{"type":"Feature","geometry":{"type":"Point","coordinates":[-100.432097,25.667034]},"properties":{"n":"Tortilleria Rositas","s":"denue","t":"tortilleria"}},{"type":"Feature","geometry":{"type":"Point","coordinates":[-100.259853,25.698879]},"properties":{"n":"Molino De Nixtamal","s":"denue","t":"tortilleria"}},{"type":"Feature","geometry":{"type":"Point","coordinates":[-100.406427,25.780861]},"properties":{"n":"Tortilleria Y Abarrotes Rodiguez","s":"denue,places","t":"tortilleria"}},{"type":"Feature","geometry":{"type":"Point","coordinates":[-100.407024,25.783262]},"properties":{"n":"Tortilleria La Mazorca","s":"denue","t":"tortilleria"}},{"type":"Feature","geometry":{"type":"Point","coordinates":[-100.407071,25.769149]},"properties":{"n":"Tortilleria Barrio Estrella","s":"denue,places","t":"tortilleria"}},{"type":"Feature","geometry":{"type":"Point","coordinates":[-100.371018,25.781266]},"properties":{"n":"Tortilleria Flores Magon","s":"denue","t":"tortilleria"}},{"type":"Feature","geometry":{"type":"Point","coordinates":[-100.381711,25.782298]},"properties":{"n":"Tortilleria Soli","s":"denue,places","t":"tortilleria"}},{"type":"Feature","geometry":{"type":"Point","coordinates":[-100.384426,25.768566]},"properties":{"n":"Tortilleria Zacatecana","s":"denue,places","t":"tortilleria"}},{"type":"Feature","geometry":{"type":"Point","coordinates":[-100.381559,25.758888]},"properties":{"n":"Tortilleria Y Abarrotes La Estrellita","s":"denue","t":"tortilleria"}},{"type":"Feature","geometry":{"type":"Point","coordinates":[-100.388834,25.763677]},"properties":{"n":"Tortilleria Nepenta","s":"denue","t":"tortilleria"}},{"type":"Feature","geometry":{"type":"Point","coordinates":[-100.362572,25.765563]},"properties":{"n":"Tortillerria Guadalupe","s":"denue,places","t":"tortilleria"}},{"type":"Feature","geometry":{"type":"Point","coordinates":[-100.361488,25.762828]},"properties":{"n":"Tortilleria Lety","s":"denue,places","t":"tortilleria"}},{"type":"Feature","geometry":{"type":"Point","coordinates":[-100.355532,25.755528]},"properties":{"n":"Tortilleria Julio A. Roca","s":"denue,places","t":"tortilleria"}},{"type":"Feature","geometry":{"type":"Point","coordinates":[-100.260914,25.698167]},"properties":{"n":"Tortilleria La Flor Del Maiz","s":"denue","t":"tortilleria"}},{"type":"Feature","geometry":{"type":"Point","coordinates":[-100.364413,25.750312]},"properties":{"n":"Tortilleria La Paloma","s":"denue","t":"tortilleria"}},{"type":"Feature","geometry":{"type":"Point","coordinates":[-100.370069,25.754075]},"properties":{"n":"Tortilleria Janeth","s":"denue","t":"tortilleria"}},{"type":"Feature","geometry":{"type":"Point","coordinates":[-100.364804,25.737153]},"properties":{"n":"Tortilleria Esperanza","s":"denue,places","t":"tortilleria"}},{"type":"Feature","geometry":{"type":"Point","coordinates":[-100.37026,25.735101]},"properties":{"n":"Tortilleria La Aurora","s":"denue","t":"tortilleria"}},{"type":"Feature","geometry":{"type":"Point","coordinates":[-100.372872,25.738544]},"properties":{"n":"Tortilleria La Aurora","s":"denue,places","t":"tortilleria"}},{"type":"Feature","geometry":{"type":"Point","coordinates":[-100.376825,25.736712]},"properties":{"n":"Tortilleria Segura","s":"denue","t":"tortilleria"}},{"type":"Feature","geometry":{"type":"Point","coordinates":[-100.374191,25.722973]},"properties":{"n":"Tortilleria Mi Angel","s":"denue,places","t":"tortilleria"}},{"type":"Feature","geometry":{"type":"Point","coordinates":[-100.36004,25.701053]},"properties":{"n":"Molido","s":"denue","t":"tortilleria"}},{"type":"Feature","geometry":{"type":"Point","coordinates":[-100.337577,25.695891]},"properties":{"n":"Tortilleria Trujillo","s":"denue","t":"tortilleria"}},{"type":"Feature","geometry":{"type":"Point","coordinates":[-100.357044,25.746007]},"properties":{"n":"Tortilleria Aydee","s":"denue","t":"tortilleria"}},{"type":"Feature","geometry":{"type":"Point","coordinates":[-100.359558,25.740055]},"properties":{"n":"Tortilleria Lomas","s":"denue,places","t":"tortilleria"}},{"type":"Feature","geometry":{"type":"Point","coordinates":[-100.340712,25.744544]},"properties":{"n":"Tortilleria Vero","s":"denue","t":"tortilleria"}},{"type":"Feature","geometry":{"type":"Point","coordinates":[-100.341565,25.742811]},"properties":{"n":"Tortilleria La Malinche","s":"denue,places","t":"tortilleria"}},{"type":"Feature","geometry":{"type":"Point","coordinates":[-100.322464,25.745048]},"properties":{"n":"Tortilleria Gama","s":"denue,places","t":"tortilleria"}},{"type":"Feature","geometry":{"type":"Point","coordinates":[-100.324845,25.73817]},"properties":{"n":"Tortilleria De Harina","s":"denue","t":"tortilleria"}},{"type":"Feature","geometry":{"type":"Point","coordinates":[-100.336725,25.735974]},"properties":{"n":"Tortilleria Zaragoza","s":"denue,places","t":"tortilleria"}},{"type":"Feature","geometry":{"type":"Point","coordinates":[-100.334199,25.733693]},"properties":{"n":"Tortilleria Abasolo","s":"denue,places","t":"tortilleria"}},{"type":"Feature","geometry":{"type":"Point","coordinates":[-100.339807,25.736811]},"properties":{"n":"Tortilleria El Maizal","s":"denue,places","t":"tortilleria"}},{"type":"Feature","geometry":{"type":"Point","coordinates":[-100.324832,25.659413]},"properties":{"n":"Tortilleria Gomez","s":"denue","t":"tortilleria"}},{"type":"Feature","geometry":{"type":"Point","coordinates":[-100.292988,25.70204]},"properties":{"n":"Tortilleria La Titana","s":"denue","t":"tortilleria"}},{"type":"Feature","geometry":{"type":"Point","coordinates":[-100.275743,25.693054]},"properties":{"n":"Tortilleria Primavera","s":"denue","t":"tortilleria"}},{"type":"Feature","geometry":{"type":"Point","coordinates":[-100.300608,25.763708]},"properties":{"n":"Tortilleria Lizarraga","s":"denue,places","t":"tortilleria"}},{"type":"Feature","geometry":{"type":"Point","coordinates":[-100.263775,25.763796]},"properties":{"n":"Tortilleria Karen","s":"denue","t":"tortilleria"}},{"type":"Feature","geometry":{"type":"Point","coordinates":[-100.259427,25.742706]},"properties":{"n":"Tortilleria Y Molino Juany","s":"denue,places","t":"tortilleria"}},{"type":"Feature","geometry":{"type":"Point","coordinates":[-100.297448,25.71436]},"properties":{"n":"Tortilleria Gonzalez","s":"denue,places","t":"tortilleria"}},{"type":"Feature","geometry":{"type":"Point","coordinates":[-100.266822,25.721948]},"properties":{"n":"Tortilleria De La Torre","s":"denue","t":"tortilleria"}},{"type":"Feature","geometry":{"type":"Point","coordinates":[-100.230619,25.706577]},"properties":{"n":"Tortilleria La Estrella Del Norte","s":"denue","t":"tortilleria"}},{"type":"Feature","geometry":{"type":"Point","coordinates":[-100.21479,25.686649]},"properties":{"n":"Tortilleria 12 De Octubre","s":"denue","t":"tortilleria"}},{"type":"Feature","geometry":{"type":"Point","coordinates":[-100.212588,25.686619]},"properties":{"n":"Molino De Nixtamal","s":"denue","t":"tortilleria"}},{"type":"Feature","geometry":{"type":"Point","coordinates":[-100.213255,25.659516]},"properties":{"n":"Tortilleria Ely","s":"denue","t":"tortilleria"}},{"type":"Feature","geometry":{"type":"Point","coordinates":[-100.205124,25.655632]},"properties":{"n":"Tortilleria La Playa","s":"denue,places","t":"tortilleria"}},{"type":"Feature","geometry":{"type":"Point","coordinates":[-100.218914,25.656414]},"properties":{"n":"Tortilleria La Ideal","s":"denue","t":"tortilleria"}},{"type":"Feature","geometry":{"type":"Point","coordinates":[-100.270848,25.656546]},"properties":{"n":"Tortilleria La Kati","s":"denue,places","t":"tortilleria"}},{"type":"Feature","geometry":{"type":"Point","coordinates":[-100.182734,25.72476]},"properties":{"n":"Molino Y Tortilleria Zacatecas","s":"denue","t":"tortilleria"}},{"type":"Feature","geometry":{"type":"Point","coordinates":[-100.204082,25.692188]},"properties":{"n":"Tortilleria Alvarez","s":"denue,places","t":"tortilleria"}},{"type":"Feature","geometry":{"type":"Point","coordinates":[-100.20386,25.696943]},"properties":{"n":"Tortilleria Leo","s":"denue","t":"tortilleria"}},{"type":"Feature","geometry":{"type":"Point","coordinates":[-100.18564,25.6895]},"properties":{"n":"Tortilleria Las Sabinitas","s":"denue,places","t":"tortilleria"}},{"type":"Feature","geometry":{"type":"Point","coordinates":[-100.205931,25.68447]},"properties":{"n":"Tortilleria Andrea","s":"denue","t":"tortilleria"}},{"type":"Feature","geometry":{"type":"Point","coordinates":[-100.16543,25.704981]},"properties":{"n":"Tortilleria Galvan","s":"denue","t":"tortilleria"}},{"type":"Feature","geometry":{"type":"Point","coordinates":[-100.165206,25.698578]},"properties":{"n":"Tortilleria Los Lirios","s":"denue,places","t":"tortilleria"}},{"type":"Feature","geometry":{"type":"Point","coordinates":[-100.139753,25.667495]},"properties":{"n":"Tortilleria La Nueva","s":"denue","t":"tortilleria"}},{"type":"Feature","geometry":{"type":"Point","coordinates":[-100.166771,25.680139]},"properties":{"n":"Tortilleria El Don","s":"denue,places","t":"tortilleria"}},{"type":"Feature","geometry":{"type":"Point","coordinates":[-100.178833,25.672257]},"properties":{"n":"Tortilleria Lozano","s":"denue,places","t":"tortilleria"}},{"type":"Feature","geometry":{"type":"Point","coordinates":[-100.177638,25.673332]},"properties":{"n":"Tortilleria Cisneros","s":"denue","t":"tortilleria"}},{"type":"Feature","geometry":{"type":"Point","coordinates":[-100.18356,25.668438]},"properties":{"n":"Tortilleria El Consuelo","s":"denue","t":"tortilleria"}},{"type":"Feature","geometry":{"type":"Point","coordinates":[-100.187843,25.665188]},"properties":{"n":"Tortilleria La Gloria","s":"denue,places","t":"tortilleria"}},{"type":"Feature","geometry":{"type":"Point","coordinates":[-100.167604,25.655874]},"properties":{"n":"Tortilleria Leo","s":"denue","t":"tortilleria"}},{"type":"Feature","geometry":{"type":"Point","coordinates":[-100.159158,25.625425]},"properties":{"n":"Tortilleria Los Kristales","s":"denue","t":"tortilleria"}},{"type":"Feature","geometry":{"type":"Point","coordinates":[-100.170951,25.619468]},"properties":{"n":"Tortilleria De La Torre","s":"denue,places","t":"tortilleria"}},{"type":"Feature","geometry":{"type":"Point","coordinates":[-100.17465,25.611701]},"properties":{"n":"Molino La Parcela","s":"denue","t":"tortilleria"}},{"type":"Feature","geometry":{"type":"Point","coordinates":[-100.152119,25.608797]},"properties":{"n":"Elaboracion De Tortillas De Maiz Y Molienda De Nixtamal","s":"denue","t":"tortilleria"}},{"type":"Feature","geometry":{"type":"Point","coordinates":[-100.160563,25.610102]},"properties":{"n":"Tortilleria La Suprema","s":"denue","t":"tortilleria"}},{"type":"Feature","geometry":{"type":"Point","coordinates":[-100.148218,25.616377]},"properties":{"n":"Tortilleria La Jefa","s":"denue","t":"tortilleria"}},{"type":"Feature","geometry":{"type":"Point","coordinates":[-100.152328,25.65505]},"properties":{"n":"Molino De Nixtamal","s":"denue","t":"tortilleria"}},{"type":"Feature","geometry":{"type":"Point","coordinates":[-100.117416,25.65651]},"properties":{"n":"Tortilleria Juany","s":"denue","t":"tortilleria"}},{"type":"Feature","geometry":{"type":"Point","coordinates":[-100.080272,25.648968]},"properties":{"n":"Tortilleria Chalita","s":"denue","t":"tortilleria"}},{"type":"Feature","geometry":{"type":"Point","coordinates":[-100.110389,25.664978]},"properties":{"n":"Tortilleria Gloria","s":"denue,places","t":"tortilleria"}},{"type":"Feature","geometry":{"type":"Point","coordinates":[-100.10302,25.669041]},"properties":{"n":"Tortilleria Doña Chayo","s":"denue,places","t":"tortilleria"}},{"type":"Feature","geometry":{"type":"Point","coordinates":[-100.097897,25.649301]},"properties":{"n":"Tortilleria Doña Amelia","s":"denue","t":"tortilleria"}},{"type":"Feature","geometry":{"type":"Point","coordinates":[-100.117646,25.648592]},"properties":{"n":"Tortilleria Del Prado","s":"denue,places","t":"tortilleria"}},{"type":"Feature","geometry":{"type":"Point","coordinates":[-100.10773,25.648039]},"properties":{"n":"Tortilleria Luis","s":"denue","t":"tortilleria"}},{"type":"Feature","geometry":{"type":"Point","coordinates":[-100.086735,25.636934]},"properties":{"n":"Venta De Masa","s":"denue","t":"tortilleria"}},{"type":"Feature","geometry":{"type":"Point","coordinates":[-100.102047,25.630663]},"properties":{"n":"Tortilleria Portal","s":"denue,places","t":"tortilleria"}},{"type":"Feature","geometry":{"type":"Point","coordinates":[-100.106696,25.631051]},"properties":{"n":"Molino De Masa Nixtamal","s":"denue","t":"tortilleria"}},{"type":"Feature","geometry":{"type":"Point","coordinates":[-100.326065,25.662434]},"properties":{"n":"Tortilleria Enriqueta","s":"denue,places","t":"tortilleria"}},{"type":"Feature","geometry":{"type":"Point","coordinates":[-100.317509,25.655446]},"properties":{"n":"Tortilleria Queretaro","s":"denue","t":"tortilleria"}},{"type":"Feature","geometry":{"type":"Point","coordinates":[-100.417517,25.682444]},"properties":{"n":"Tortilleria La Lola","s":"denue,places","t":"tortilleria"}},{"type":"Feature","geometry":{"type":"Point","coordinates":[-100.288351,25.686316]},"properties":{"n":"Tortilleria El Grano De Oro","s":"denue","t":"tortilleria"}},{"type":"Feature","geometry":{"type":"Point","coordinates":[-100.294268,25.680069]},"properties":{"n":"Tortilleria Dalia","s":"denue","t":"tortilleria"}},{"type":"Feature","geometry":{"type":"Point","coordinates":[-100.277332,25.665052]},"properties":{"n":"Molino De Nixtamal","s":"denue","t":"tortilleria"}},{"type":"Feature","geometry":{"type":"Point","coordinates":[-100.247783,25.589175]},"properties":{"n":"Tortilleria La Guadalupana","s":"denue,places","t":"tortilleria"}},{"type":"Feature","geometry":{"type":"Point","coordinates":[-100.235647,25.582276]},"properties":{"n":"Tortilleria Nogales","s":"denue","t":"tortilleria"}},{"type":"Feature","geometry":{"type":"Point","coordinates":[-100.143385,25.740928]},"properties":{"n":"Tortilleria Fatima","s":"denue","t":"tortilleria"}},{"type":"Feature","geometry":{"type":"Point","coordinates":[-100.578278,25.79004]},"properties":{"n":"Tortilleria Sin Nombre","s":"denue","t":"tortilleria"}},{"type":"Feature","geometry":{"type":"Point","coordinates":[-100.577444,25.786031]},"properties":{"n":"Tortilleria Jireh","s":"denue","t":"tortilleria"}},{"type":"Feature","geometry":{"type":"Point","coordinates":[-100.575405,25.789952]},"properties":{"n":"Tortilleria La Milpa","s":"denue","t":"tortilleria"}},{"type":"Feature","geometry":{"type":"Point","coordinates":[-100.267843,25.72224]},"properties":{"n":"Tortilleria Lily","s":"denue","t":"tortilleria"}},{"type":"Feature","geometry":{"type":"Point","coordinates":[-100.387001,25.802414]},"properties":{"n":"Tortilleria Vanessa","s":"denue","t":"tortilleria"}},{"type":"Feature","geometry":{"type":"Point","coordinates":[-100.378459,25.796394]},"properties":{"n":"Tortilleria Dario","s":"denue","t":"tortilleria"}},{"type":"Feature","geometry":{"type":"Point","coordinates":[-100.394921,25.805208]},"properties":{"n":"Tortilleria Don Toño","s":"denue","t":"tortilleria"}},{"type":"Feature","geometry":{"type":"Point","coordinates":[-100.375854,25.795614]},"properties":{"n":"Tortilleria El Nacimiento","s":"denue,places","t":"tortilleria"}},{"type":"Feature","geometry":{"type":"Point","coordinates":[-100.389132,25.803153]},"properties":{"n":"Tortilleria Leo","s":"denue","t":"tortilleria"}},{"type":"Feature","geometry":{"type":"Point","coordinates":[-100.393888,25.803693]},"properties":{"n":"Tortilleria Isumi","s":"denue,places","t":"tortilleria"}},{"type":"Feature","geometry":{"type":"Point","coordinates":[-100.395232,25.800255]},"properties":{"n":"Tortilleria Campos","s":"denue","t":"tortilleria"}},{"type":"Feature","geometry":{"type":"Point","coordinates":[-100.390907,25.797849]},"properties":{"n":"Tortilleria La Esperanza","s":"denue","t":"tortilleria"}},{"type":"Feature","geometry":{"type":"Point","coordinates":[-100.418918,25.796015]},"properties":{"n":"Tortilleria San Gilberto","s":"denue","t":"tortilleria"}},{"type":"Feature","geometry":{"type":"Point","coordinates":[-100.415562,25.795458]},"properties":{"n":"Tortilleria De La Torre","s":"denue","t":"tortilleria"}},{"type":"Feature","geometry":{"type":"Point","coordinates":[-100.398828,25.79824]},"properties":{"n":"Tortilleria Paola","s":"denue","t":"tortilleria"}},{"type":"Feature","geometry":{"type":"Point","coordinates":[-100.320863,25.760918]},"properties":{"n":"Tortilleria La Azteca","s":"denue,places","t":"tortilleria"}},{"type":"Feature","geometry":{"type":"Point","coordinates":[-100.31937,25.757612]},"properties":{"n":"Tortilleria El Mirador","s":"denue","t":"tortilleria"}},{"type":"Feature","geometry":{"type":"Point","coordinates":[-100.34967,25.729419]},"properties":{"n":"Tortilleria La Canasta","s":"denue,places","t":"tortilleria"}},{"type":"Feature","geometry":{"type":"Point","coordinates":[-100.349505,25.732111]},"properties":{"n":"Tortilleria Isabel","s":"denue,places","t":"tortilleria"}},{"type":"Feature","geometry":{"type":"Point","coordinates":[-100.19169,25.639339]},"properties":{"n":"Tortilleria Tamez","s":"denue","t":"tortilleria"}},{"type":"Feature","geometry":{"type":"Point","coordinates":[-100.191166,25.636828]},"properties":{"n":"Tortilleria Lizbeth","s":"denue,places","t":"tortilleria"}},{"type":"Feature","geometry":{"type":"Point","coordinates":[-100.266967,25.746546]},"properties":{"n":"Tortilleria San Jorge","s":"denue","t":"tortilleria"}},{"type":"Feature","geometry":{"type":"Point","coordinates":[-100.454668,25.687863]},"properties":{"n":"Tortilleria San Pedro","s":"denue,places","t":"tortilleria"}},{"type":"Feature","geometry":{"type":"Point","coordinates":[-100.465491,25.694647]},"properties":{"n":"Tortilleria Los Angeles","s":"denue","t":"tortilleria"}},{"type":"Feature","geometry":{"type":"Point","coordinates":[-100.349359,25.720418]},"properties":{"n":"Tortilleria Morelos","s":"denue,places","t":"tortilleria"}},{"type":"Feature","geometry":{"type":"Point","coordinates":[-100.266419,25.741654]},"properties":{"n":"Molinos Chanoga","s":"denue","t":"tortilleria"}},{"type":"Feature","geometry":{"type":"Point","coordinates":[-100.265597,25.745542]},"properties":{"n":"Tortilleria Medellin","s":"denue,places","t":"tortilleria"}},{"type":"Feature","geometry":{"type":"Point","coordinates":[-100.186199,25.64348]},"properties":{"n":"Tortilleria La Milpa","s":"denue","t":"tortilleria"}},{"type":"Feature","geometry":{"type":"Point","coordinates":[-100.184128,25.639136]},"properties":{"n":"Tortilleria Lupita","s":"denue","t":"tortilleria"}},{"type":"Feature","geometry":{"type":"Point","coordinates":[-100.186539,25.640445]},"properties":{"n":"Tortilleria Durango 3","s":"denue,places","t":"tortilleria"}},{"type":"Feature","geometry":{"type":"Point","coordinates":[-100.362884,25.730143]},"properties":{"n":"","s":"denue","t":"tortilleria"}},{"type":"Feature","geometry":{"type":"Point","coordinates":[-100.27524,25.747774]},"properties":{"n":"Molino Francisco Villa","s":"denue","t":"tortilleria"}},{"type":"Feature","geometry":{"type":"Point","coordinates":[-100.271299,25.740895]},"properties":{"n":"La Mazorca Feliz","s":"denue","t":"tortilleria"}},{"type":"Feature","geometry":{"type":"Point","coordinates":[-100.362109,25.726991]},"properties":{"n":"Tortilleria Santa Cecilia","s":"denue,places","t":"tortilleria"}},{"type":"Feature","geometry":{"type":"Point","coordinates":[-100.487824,25.675763]},"properties":{"n":"Tortilleria Rosy","s":"denue","t":"tortilleria"}},{"type":"Feature","geometry":{"type":"Point","coordinates":[-100.474904,25.674555]},"properties":{"n":"Tortilleria La Laguna","s":"denue,places","t":"tortilleria"}},{"type":"Feature","geometry":{"type":"Point","coordinates":[-100.481342,25.676173]},"properties":{"n":"Tortilleria Dany","s":"denue,places","t":"tortilleria"}},{"type":"Feature","geometry":{"type":"Point","coordinates":[-100.481367,25.673837]},"properties":{"n":"Tortilleria La Canasta","s":"denue,places","t":"tortilleria"}},{"type":"Feature","geometry":{"type":"Point","coordinates":[-100.166458,25.659825]},"properties":{"n":"Tortilleria Yuli","s":"denue","t":"tortilleria"}},{"type":"Feature","geometry":{"type":"Point","coordinates":[-100.167145,25.657197]},"properties":{"n":"Tortilleria Karla","s":"denue","t":"tortilleria"}},{"type":"Feature","geometry":{"type":"Point","coordinates":[-100.326498,25.727716]},"properties":{"n":"Tortilleria El Campesino","s":"denue","t":"tortilleria"}},{"type":"Feature","geometry":{"type":"Point","coordinates":[-100.325723,25.72661]},"properties":{"n":"Tortilleria La Gloria","s":"denue","t":"tortilleria"}},{"type":"Feature","geometry":{"type":"Point","coordinates":[-100.323588,25.723754]},"properties":{"n":"Tortilleria Tomy","s":"denue","t":"tortilleria"}},{"type":"Feature","geometry":{"type":"Point","coordinates":[-100.172284,25.682797]},"properties":{"n":"Tortilleria Flores 2","s":"denue","t":"tortilleria"}},{"type":"Feature","geometry":{"type":"Point","coordinates":[-100.336672,25.728157]},"properties":{"n":"Molino De Nixtamal","s":"denue","t":"tortilleria"}},{"type":"Feature","geometry":{"type":"Point","coordinates":[-100.334472,25.726213]},"properties":{"n":"Tortilleria Garza Morales","s":"denue","t":"tortilleria"}},{"type":"Feature","geometry":{"type":"Point","coordinates":[-100.337044,25.732503]},"properties":{"n":"Tortilleria Garza Morales","s":"denue,places","t":"tortilleria"}},{"type":"Feature","geometry":{"type":"Point","coordinates":[-100.348851,25.721011]},"properties":{"n":"Molino De Nixtamal","s":"denue","t":"tortilleria"}},{"type":"Feature","geometry":{"type":"Point","coordinates":[-100.344933,25.720458]},"properties":{"n":"Tortilleria La Canasta","s":"denue,places","t":"tortilleria"}},{"type":"Feature","geometry":{"type":"Point","coordinates":[-100.337849,25.726185]},"properties":{"n":"Tortilleria Victor","s":"denue","t":"tortilleria"}},{"type":"Feature","geometry":{"type":"Point","coordinates":[-100.341939,25.722605]},"properties":{"n":"Tortilleria La Favorita","s":"denue,places","t":"tortilleria"}},{"type":"Feature","geometry":{"type":"Point","coordinates":[-100.341301,25.715415]},"properties":{"n":"Molino Y Tortilleria Mary","s":"denue","t":"tortilleria"}},{"type":"Feature","geometry":{"type":"Point","coordinates":[-100.162527,25.678667]},"properties":{"n":"Tortilleria Dos Rios","s":"denue","t":"tortilleria"}},{"type":"Feature","geometry":{"type":"Point","coordinates":[-100.147252,25.670496]},"properties":{"n":"Tortilleria Evolucion","s":"denue,places","t":"tortilleria"}},{"type":"Feature","geometry":{"type":"Point","coordinates":[-100.143434,25.669229]},"properties":{"n":"Tortilleria Buena Vista","s":"denue","t":"tortilleria"}},{"type":"Feature","geometry":{"type":"Point","coordinates":[-100.4671,25.672176]},"properties":{"n":"Tortilleria Fatima","s":"denue,places","t":"tortilleria"}},{"type":"Feature","geometry":{"type":"Point","coordinates":[-100.463053,25.675983]},"properties":{"n":"Tortilleria La Principal","s":"denue","t":"tortilleria"}},{"type":"Feature","geometry":{"type":"Point","coordinates":[-100.345052,25.712497]},"properties":{"n":"Tortilleria La Canasta","s":"denue,places","t":"tortilleria"}},{"type":"Feature","geometry":{"type":"Point","coordinates":[-100.329722,25.707992]},"properties":{"n":"Tortilleria El Tigre","s":"denue,places","t":"tortilleria"}},{"type":"Feature","geometry":{"type":"Point","coordinates":[-100.14141,25.664549]},"properties":{"n":"Tortilleria Guzman","s":"denue","t":"tortilleria"}},{"type":"Feature","geometry":{"type":"Point","coordinates":[-100.325892,25.716867]},"properties":{"n":"Molino De Nixtamal","s":"denue","t":"tortilleria"}},{"type":"Feature","geometry":{"type":"Point","coordinates":[-100.325792,25.720984]},"properties":{"n":"Tortilleria San Jose","s":"denue","t":"tortilleria"}},{"type":"Feature","geometry":{"type":"Point","coordinates":[-100.138727,25.664858]},"properties":{"n":"Tortilleria La Chula","s":"denue,places","t":"tortilleria"}},{"type":"Feature","geometry":{"type":"Point","coordinates":[-100.136052,25.666794]},"properties":{"n":"Tortilleria El Cerrito","s":"denue,places","t":"tortilleria"}},{"type":"Feature","geometry":{"type":"Point","coordinates":[-100.288876,25.74058]},"properties":{"n":"Tortilleria Las Puentes","s":"denue,places","t":"tortilleria"}},{"type":"Feature","geometry":{"type":"Point","coordinates":[-100.280219,25.737752]},"properties":{"n":"Tortileria Las Gemelasra Rafael Quiroga Diaz","s":"denue,places","t":"tortilleria"}},{"type":"Feature","geometry":{"type":"Point","coordinates":[-100.454107,25.668312]},"properties":{"n":"Tortilleria Luz","s":"denue,places","t":"tortilleria"}},{"type":"Feature","geometry":{"type":"Point","coordinates":[-100.454461,25.672314]},"properties":{"n":"Tortilleria La Canasta","s":"denue,places","t":"tortilleria"}},{"type":"Feature","geometry":{"type":"Point","coordinates":[-100.153279,25.654649]},"properties":{"n":"Tortilleria La Roca","s":"denue,places","t":"tortilleria"}},{"type":"Feature","geometry":{"type":"Point","coordinates":[-100.117364,25.646699]},"properties":{"n":"Tortilleria Luis","s":"denue,places","t":"tortilleria"}},{"type":"Feature","geometry":{"type":"Point","coordinates":[-100.116621,25.644919]},"properties":{"n":"Tortilleria Luis","s":"denue","t":"tortilleria"}},{"type":"Feature","geometry":{"type":"Point","coordinates":[-100.138893,25.647995]},"properties":{"n":"Tortilleria Villarreal","s":"denue","t":"tortilleria"}},{"type":"Feature","geometry":{"type":"Point","coordinates":[-100.125068,25.637482]},"properties":{"n":"Tortilleria Caballero","s":"denue,places","t":"tortilleria"}},{"type":"Feature","geometry":{"type":"Point","coordinates":[-100.123651,25.640486]},"properties":{"n":"Tortilleria Marilu","s":"denue","t":"tortilleria"}},{"type":"Feature","geometry":{"type":"Point","coordinates":[-100.365749,25.720679]},"properties":{"n":"Molino San Jorge","s":"denue","t":"tortilleria"}},{"type":"Feature","geometry":{"type":"Point","coordinates":[-100.364377,25.721314]},"properties":{"n":"Tortilleria El Charro","s":"denue,places","t":"tortilleria"}},{"type":"Feature","geometry":{"type":"Point","coordinates":[-100.105452,25.63184]},"properties":{"n":"Tortilleria El Indio","s":"denue","t":"tortilleria"}},{"type":"Feature","geometry":{"type":"Point","coordinates":[-100.432379,25.662393]},"properties":{"n":"Tortilleria La Guerita","s":"denue","t":"tortilleria"}},{"type":"Feature","geometry":{"type":"Point","coordinates":[-100.376902,25.73729]},"properties":{"n":"Tortilleria Segura","s":"denue","t":"tortilleria"}},{"type":"Feature","geometry":{"type":"Point","coordinates":[-100.462092,25.699046]},"properties":{"n":"Tortilleria San Pedro","s":"denue","t":"tortilleria"}},{"type":"Feature","geometry":{"type":"Point","coordinates":[-100.463127,25.696314]},"properties":{"n":"Tortilleria La Perimetral","s":"denue,places","t":"tortilleria"}},{"type":"Feature","geometry":{"type":"Point","coordinates":[-100.460073,25.70112]},"properties":{"n":"Tortilleria Y Molino San Gilberto","s":"denue","t":"tortilleria"}},{"type":"Feature","geometry":{"type":"Point","coordinates":[-100.459276,25.704771]},"properties":{"n":"Tortilleria Cuauhtemoc","s":"denue","t":"tortilleria"}},{"type":"Feature","geometry":{"type":"Point","coordinates":[-100.119519,25.657235]},"properties":{"n":"Tortilleria Garcia","s":"denue,places","t":"tortilleria"}},{"type":"Feature","geometry":{"type":"Point","coordinates":[-100.315701,25.737005]},"properties":{"n":"Tortilleria Ragoel","s":"denue,places","t":"tortilleria"}},{"type":"Feature","geometry":{"type":"Point","coordinates":[-100.097715,25.646918]},"properties":{"n":"Tortilleria Marthita","s":"denue,places","t":"tortilleria"}},{"type":"Feature","geometry":{"type":"Point","coordinates":[-100.458648,25.694543]},"properties":{"n":"Tortilleria San Antonio","s":"denue","t":"tortilleria"}},{"type":"Feature","geometry":{"type":"Point","coordinates":[-100.458329,25.696379]},"properties":{"n":"Tortilleria La Malinche","s":"denue","t":"tortilleria"}},{"type":"Feature","geometry":{"type":"Point","coordinates":[-100.082389,25.658922]},"properties":{"n":"Tortilleria Alis","s":"denue","t":"tortilleria"}},{"type":"Feature","geometry":{"type":"Point","coordinates":[-100.083971,25.655379]},"properties":{"n":"Tortilleria Los Pacos","s":"denue","t":"tortilleria"}},{"type":"Feature","geometry":{"type":"Point","coordinates":[-100.08603,25.653574]},"properties":{"n":"Tortilleria La Casa De La Tortilla","s":"denue","t":"tortilleria"}},{"type":"Feature","geometry":{"type":"Point","coordinates":[-100.082821,25.657174]},"properties":{"n":"Tortilleria Ricky","s":"denue,places","t":"tortilleria"}},{"type":"Feature","geometry":{"type":"Point","coordinates":[-100.077631,25.653311]},"properties":{"n":"Tortilleria Leo","s":"denue,places","t":"tortilleria"}},{"type":"Feature","geometry":{"type":"Point","coordinates":[-100.384287,25.732977]},"properties":{"n":"Tortilleria Silvias","s":"denue","t":"tortilleria"}},{"type":"Feature","geometry":{"type":"Point","coordinates":[-100.384396,25.726977]},"properties":{"n":"Tortilleria Gini","s":"denue","t":"tortilleria"}},{"type":"Feature","geometry":{"type":"Point","coordinates":[-100.445441,25.691117]},"properties":{"n":"Tortilleria El Metate","s":"denue","t":"tortilleria"}},{"type":"Feature","geometry":{"type":"Point","coordinates":[-100.433308,25.696768]},"properties":{"n":"Tortilleria La Ermita","s":"denue","t":"tortilleria"}},{"type":"Feature","geometry":{"type":"Point","coordinates":[-100.440178,25.681148]},"properties":{"n":"Tortilleria Fina","s":"denue","t":"tortilleria"}},{"type":"Feature","geometry":{"type":"Point","coordinates":[-100.436182,25.680968]},"properties":{"n":"Molino De Nixtamal Sin Nombre","s":"denue","t":"tortilleria"}},{"type":"Feature","geometry":{"type":"Point","coordinates":[-100.432404,25.685811]},"properties":{"n":"Tortilleria San Humberto","s":"denue","t":"tortilleria"}},{"type":"Feature","geometry":{"type":"Point","coordinates":[-100.184649,25.635045]},"properties":{"n":"Molino De Masa","s":"denue","t":"tortilleria"}},{"type":"Feature","geometry":{"type":"Point","coordinates":[-100.368981,25.723829]},"properties":{"n":"Tortilleria Sauce","s":"denue,places","t":"tortilleria"}},{"type":"Feature","geometry":{"type":"Point","coordinates":[-100.167843,25.626205]},"properties":{"n":"Tortilleria Esmeralda","s":"denue","t":"tortilleria"}},{"type":"Feature","geometry":{"type":"Point","coordinates":[-100.174458,25.621768]},"properties":{"n":"Tortilleria Santa Monica","s":"denue","t":"tortilleria"}},{"type":"Feature","geometry":{"type":"Point","coordinates":[-100.175721,25.623132]},"properties":{"n":"Tortilleria Santa Monica","s":"denue","t":"tortilleria"}},{"type":"Feature","geometry":{"type":"Point","coordinates":[-100.167801,25.623903]},"properties":{"n":"Tortilleria Medina Jr","s":"denue","t":"tortilleria"}},{"type":"Feature","geometry":{"type":"Point","coordinates":[-100.431183,25.67986]},"properties":{"n":"Tortilleria Teresita","s":"denue","t":"tortilleria"}},{"type":"Feature","geometry":{"type":"Point","coordinates":[-100.429843,25.680681]},"properties":{"n":"Tortilleria Santa Magdalena","s":"denue,places","t":"tortilleria"}},{"type":"Feature","geometry":{"type":"Point","coordinates":[-100.422193,25.679107]},"properties":{"n":"Tortilleria Aguirre","s":"denue","t":"tortilleria"}},{"type":"Feature","geometry":{"type":"Point","coordinates":[-100.175386,25.618332]},"properties":{"n":"Tortilleria Balcones","s":"denue","t":"tortilleria"}},{"type":"Feature","geometry":{"type":"Point","coordinates":[-100.367468,25.708805]},"properties":{"n":"Tortilleria Tade","s":"denue,places","t":"tortilleria"}},{"type":"Feature","geometry":{"type":"Point","coordinates":[-100.141536,25.611613]},"properties":{"n":"Tortilleria El Castillo","s":"denue","t":"tortilleria"}},{"type":"Feature","geometry":{"type":"Point","coordinates":[-100.369444,25.713375]},"properties":{"n":"Tortilleria Los Altos","s":"denue,places","t":"tortilleria"}},{"type":"Feature","geometry":{"type":"Point","coordinates":[-100.428779,25.684098]},"properties":{"n":"Tortilleria Lomas","s":"denue","t":"tortilleria"}},{"type":"Feature","geometry":{"type":"Point","coordinates":[-100.428138,25.686627]},"properties":{"n":"Tortilleria","s":"denue,places","t":"tortilleria"}},{"type":"Feature","geometry":{"type":"Point","coordinates":[-100.423443,25.685792]},"properties":{"n":"Tortilleria Fama 3","s":"denue,places","t":"tortilleria"}},{"type":"Feature","geometry":{"type":"Point","coordinates":[-100.419734,25.687663]},"properties":{"n":"Tortilleria Rodriguez","s":"denue,places","t":"tortilleria"}},{"type":"Feature","geometry":{"type":"Point","coordinates":[-100.152256,25.604255]},"properties":{"n":"Tortilleria Judith","s":"denue","t":"tortilleria"}},{"type":"Feature","geometry":{"type":"Point","coordinates":[-100.152676,25.602808]},"properties":{"n":"Tortilleria Alvarez","s":"denue,places","t":"tortilleria"}},{"type":"Feature","geometry":{"type":"Point","coordinates":[-100.414031,25.684587]},"properties":{"n":"Tortilleria El Maizal","s":"denue","t":"tortilleria"}},{"type":"Feature","geometry":{"type":"Point","coordinates":[-100.413657,25.683049]},"properties":{"n":"Tortilleria Rodriguez","s":"denue","t":"tortilleria"}},{"type":"Feature","geometry":{"type":"Point","coordinates":[-100.407599,25.681681]},"properties":{"n":"Tortilleria La Montana","s":"denue,places","t":"tortilleria"}},{"type":"Feature","geometry":{"type":"Point","coordinates":[-100.37331,25.720171]},"properties":{"n":"Tortilleria Cedros","s":"denue,places","t":"tortilleria"}},{"type":"Feature","geometry":{"type":"Point","coordinates":[-100.289004,25.764717]},"properties":{"n":"Tortilleria Real","s":"denue","t":"tortilleria"}},{"type":"Feature","geometry":{"type":"Point","coordinates":[-100.402509,25.66316]},"properties":{"n":"Molino De Nixtamal Sin Nombre","s":"denue","t":"tortilleria"}},{"type":"Feature","geometry":{"type":"Point","coordinates":[-100.402541,25.662276]},"properties":{"n":"Tortilleria La Regia","s":"denue","t":"tortilleria"}},{"type":"Feature","geometry":{"type":"Point","coordinates":[-100.290979,25.761754]},"properties":{"n":"El Maizal","s":"denue","t":"tortilleria"}},{"type":"Feature","geometry":{"type":"Point","coordinates":[-100.290116,25.761646]},"properties":{"n":"Tortilleria La Molienda","s":"denue","t":"tortilleria"}},{"type":"Feature","geometry":{"type":"Point","coordinates":[-100.290559,25.754312]},"properties":{"n":"La Regia San Nicolas","s":"denue,places","t":"tortilleria"}},{"type":"Feature","geometry":{"type":"Point","coordinates":[-100.295212,25.75205]},"properties":{"n":"Tortilleria San Martin","s":"denue,places","t":"tortilleria"}},{"type":"Feature","geometry":{"type":"Point","coordinates":[-100.286394,25.75191]},"properties":{"n":"Molino De Nixtamal","s":"denue","t":"tortilleria"}},{"type":"Feature","geometry":{"type":"Point","coordinates":[-100.296018,25.750463]},"properties":{"n":"Tortilleria El Baratillo","s":"denue","t":"tortilleria"}},{"type":"Feature","geometry":{"type":"Point","coordinates":[-100.29147,25.747551]},"properties":{"n":"Molino","s":"denue","t":"tortilleria"}},{"type":"Feature","geometry":{"type":"Point","coordinates":[-100.359425,25.702332]},"properties":{"n":"Tortilleria Guerrero","s":"denue,places","t":"tortilleria"}},{"type":"Feature","geometry":{"type":"Point","coordinates":[-100.469265,25.706649]},"properties":{"n":"Tr Derivados De Maiz","s":"denue","t":"tortilleria"}},{"type":"Feature","geometry":{"type":"Point","coordinates":[-100.361853,25.702874]},"properties":{"n":"Tortilleria Cumbres","s":"denue,places","t":"tortilleria"}},{"type":"Feature","geometry":{"type":"Point","coordinates":[-100.360996,25.70409]},"properties":{"n":"Tortilleria Zapata","s":"denue,places","t":"tortilleria"}},{"type":"Feature","geometry":{"type":"Point","coordinates":[-100.251124,25.757983]},"properties":{"n":"Tortilleria El Maizal","s":"denue","t":"tortilleria"}},{"type":"Feature","geometry":{"type":"Point","coordinates":[-100.253588,25.756792]},"properties":{"n":"Tortilleria La Paloma","s":"denue","t":"tortilleria"}},{"type":"Feature","geometry":{"type":"Point","coordinates":[-100.26224,25.76329]},"properties":{"n":"Tortilleria Elizondo","s":"denue","t":"tortilleria"}},{"type":"Feature","geometry":{"type":"Point","coordinates":[-100.272633,25.75388]},"properties":{"n":"Tortilleria La India","s":"denue","t":"tortilleria"}},{"type":"Feature","geometry":{"type":"Point","coordinates":[-100.277204,25.757148]},"properties":{"n":"Tortilleria La Esperanza","s":"denue,places","t":"tortilleria"}},{"type":"Feature","geometry":{"type":"Point","coordinates":[-100.335069,25.683758]},"properties":{"n":"Tortilleria La Especial","s":"denue,places","t":"tortilleria"}},{"type":"Feature","geometry":{"type":"Point","coordinates":[-100.339456,25.678666]},"properties":{"n":"Tortilleria La Luz","s":"denue","t":"tortilleria"}},{"type":"Feature","geometry":{"type":"Point","coordinates":[-100.276747,25.760845]},"properties":{"n":"Tortilleria Villas Del Roble","s":"denue,places","t":"tortilleria"}},{"type":"Feature","geometry":{"type":"Point","coordinates":[-100.270498,25.760318]},"properties":{"n":"Tortilleria Zacatecas","s":"denue","t":"tortilleria"}},{"type":"Feature","geometry":{"type":"Point","coordinates":[-100.274321,25.728677]},"properties":{"n":"Tortilleria Carmen","s":"denue","t":"tortilleria"}},{"type":"Feature","geometry":{"type":"Point","coordinates":[-100.269159,25.724876]},"properties":{"n":"Tortilleria Lucerito","s":"denue","t":"tortilleria"}},{"type":"Feature","geometry":{"type":"Point","coordinates":[-100.269863,25.734286]},"properties":{"n":"Tortilleria El Molino De Oro","s":"denue","t":"tortilleria"}},{"type":"Feature","geometry":{"type":"Point","coordinates":[-100.271226,25.729667]},"properties":{"n":"Tortilleria Gareli","s":"denue","t":"tortilleria"}},{"type":"Feature","geometry":{"type":"Point","coordinates":[-100.246197,25.74201]},"properties":{"n":"Tortilleria Sol","s":"denue,places","t":"tortilleria"}},{"type":"Feature","geometry":{"type":"Point","coordinates":[-100.257892,25.742029]},"properties":{"n":"Molino","s":"denue","t":"tortilleria"}},{"type":"Feature","geometry":{"type":"Point","coordinates":[-100.261053,25.738692]},"properties":{"n":"Tortilleria La Flor Del Maiz","s":"denue","t":"tortilleria"}},{"type":"Feature","geometry":{"type":"Point","coordinates":[-100.261119,25.743991]},"properties":{"n":"Tortilleria Don Lucho","s":"denue","t":"tortilleria"}},{"type":"Feature","geometry":{"type":"Point","coordinates":[-100.251067,25.74295]},"properties":{"n":"Tortilleria Laboral","s":"denue","t":"tortilleria"}},{"type":"Feature","geometry":{"type":"Point","coordinates":[-100.248928,25.754151]},"properties":{"n":"Tortilleria El Elote Feliz","s":"denue","t":"tortilleria"}},{"type":"Feature","geometry":{"type":"Point","coordinates":[-100.245738,25.741868]},"properties":{"n":"Molino La Tradicion","s":"denue","t":"tortilleria"}},{"type":"Feature","geometry":{"type":"Point","coordinates":[-100.286173,25.700959]},"properties":{"n":"Tortilleria Gonzalez","s":"denue","t":"tortilleria"}},{"type":"Feature","geometry":{"type":"Point","coordinates":[-100.283286,25.70052]},"properties":{"n":"Productora De Tortillas","s":"denue","t":"tortilleria"}},{"type":"Feature","geometry":{"type":"Point","coordinates":[-100.286314,25.699092]},"properties":{"n":"Molino De Nixtamal","s":"denue","t":"tortilleria"}},{"type":"Feature","geometry":{"type":"Point","coordinates":[-100.231543,25.732643]},"properties":{"n":"Tortilleria","s":"denue","t":"tortilleria"}},{"type":"Feature","geometry":{"type":"Point","coordinates":[-100.291291,25.699397]},"properties":{"n":"Tortilleria Guadalupe","s":"denue","t":"tortilleria"}},{"type":"Feature","geometry":{"type":"Point","coordinates":[-100.289809,25.697154]},"properties":{"n":"Tortilleria San Luis","s":"denue","t":"tortilleria"}},{"type":"Feature","geometry":{"type":"Point","coordinates":[-100.28043,25.697073]},"properties":{"n":"Tortilleria Gonzalez","s":"denue","t":"tortilleria"}},{"type":"Feature","geometry":{"type":"Point","coordinates":[-100.235704,25.726291]},"properties":{"n":"Tortilleria Yaneth","s":"denue","t":"tortilleria"}},{"type":"Feature","geometry":{"type":"Point","coordinates":[-100.24284,25.728083]},"properties":{"n":"Tortilleria Dayanne","s":"denue","t":"tortilleria"}},{"type":"Feature","geometry":{"type":"Point","coordinates":[-100.238482,25.732565]},"properties":{"n":"Tortilleria Lisette","s":"denue","t":"tortilleria"}},{"type":"Feature","geometry":{"type":"Point","coordinates":[-100.279048,25.692543]},"properties":{"n":"Tortilleria Bety","s":"denue","t":"tortilleria"}},{"type":"Feature","geometry":{"type":"Point","coordinates":[-100.279542,25.691554]},"properties":{"n":"Tortilleria Las Cuatitas","s":"denue","t":"tortilleria"}},{"type":"Feature","geometry":{"type":"Point","coordinates":[-100.280701,25.685661]},"properties":{"n":"Tortilleria La Guera","s":"denue,places","t":"tortilleria"}},{"type":"Feature","geometry":{"type":"Point","coordinates":[-100.267731,25.705839]},"properties":{"n":"Tortilleria Lupita","s":"denue","t":"tortilleria"}},{"type":"Feature","geometry":{"type":"Point","coordinates":[-100.256431,25.711466]},"properties":{"n":"Tortilleria La Luz","s":"denue","t":"tortilleria"}},{"type":"Feature","geometry":{"type":"Point","coordinates":[-100.28839,25.690452]},"properties":{"n":"Tortilleria San Rafael","s":"denue","t":"tortilleria"}},{"type":"Feature","geometry":{"type":"Point","coordinates":[-100.295872,25.686733]},"properties":{"n":"Tortilleria Terminal","s":"denue,places","t":"tortilleria"}},{"type":"Feature","geometry":{"type":"Point","coordinates":[-100.292959,25.687527]},"properties":{"n":"Tortilleria Yum-Kax","s":"denue","t":"tortilleria"}},{"type":"Feature","geometry":{"type":"Point","coordinates":[-100.228731,25.712912]},"properties":{"n":"Tortilleria Apolo","s":"denue","t":"tortilleria"}},{"type":"Feature","geometry":{"type":"Point","coordinates":[-100.226796,25.720235]},"properties":{"n":"Molino De Nixtamal","s":"denue","t":"tortilleria"}},{"type":"Feature","geometry":{"type":"Point","coordinates":[-100.228836,25.717815]},"properties":{"n":"Tortilleria Los Angeles","s":"denue,places","t":"tortilleria"}},{"type":"Feature","geometry":{"type":"Point","coordinates":[-100.293079,25.679296]},"properties":{"n":"Nixtamal","s":"denue","t":"tortilleria"}},{"type":"Feature","geometry":{"type":"Point","coordinates":[-100.22212,25.715712]},"properties":{"n":"Tortilleria El Jacal","s":"denue","t":"tortilleria"}},{"type":"Feature","geometry":{"type":"Point","coordinates":[-100.404437,25.784239]},"properties":{"n":"Tortilleria Brenda","s":"denue","t":"tortilleria"}},{"type":"Feature","geometry":{"type":"Point","coordinates":[-100.407048,25.787106]},"properties":{"n":"Tortilleria Los Campos","s":"denue","t":"tortilleria"}},{"type":"Feature","geometry":{"type":"Point","coordinates":[-100.407122,25.784388]},"properties":{"n":"Tortilleria Hermanos Reyes","s":"denue","t":"tortilleria"}},{"type":"Feature","geometry":{"type":"Point","coordinates":[-100.302625,25.660974]},"properties":{"n":"Tortilleria Ayutla","s":"denue","t":"tortilleria"}},{"type":"Feature","geometry":{"type":"Point","coordinates":[-100.308259,25.655363]},"properties":{"n":"Tortilleria Esperanza","s":"denue","t":"tortilleria"}},{"type":"Feature","geometry":{"type":"Point","coordinates":[-100.305041,25.652444]},"properties":{"n":"Tortilleria El Metate","s":"denue","t":"tortilleria"}},{"type":"Feature","geometry":{"type":"Point","coordinates":[-100.321404,25.660683]},"properties":{"n":"Molino Preparacion De Masa Para Tamal Tortillas","s":"denue","t":"tortilleria"}},{"type":"Feature","geometry":{"type":"Point","coordinates":[-100.322812,25.660077]},"properties":{"n":"Tortilleria Gomez","s":"denue,places","t":"tortilleria"}},{"type":"Feature","geometry":{"type":"Point","coordinates":[-100.328967,25.660138]},"properties":{"n":"Tortilleria Pio X","s":"denue,places","t":"tortilleria"}},{"type":"Feature","geometry":{"type":"Point","coordinates":[-100.326901,25.663487]},"properties":{"n":"Tortilleria Marthita","s":"denue","t":"tortilleria"}},{"type":"Feature","geometry":{"type":"Point","coordinates":[-100.329923,25.66431]},"properties":{"n":"Tortilleria Rosy","s":"denue","t":"tortilleria"}},{"type":"Feature","geometry":{"type":"Point","coordinates":[-100.256009,25.719271]},"properties":{"n":"Tortilleria La Principal","s":"denue,places","t":"tortilleria"}},{"type":"Feature","geometry":{"type":"Point","coordinates":[-100.257646,25.714946]},"properties":{"n":"Tortilleria La Guerita","s":"denue,places","t":"tortilleria"}},{"type":"Feature","geometry":{"type":"Point","coordinates":[-100.259909,25.714988]},"properties":{"n":"Molino El Tractor","s":"denue","t":"tortilleria"}},{"type":"Feature","geometry":{"type":"Point","coordinates":[-100.252556,25.717254]},"properties":{"n":"Tortilleria San Martin","s":"denue","t":"tortilleria"}},{"type":"Feature","geometry":{"type":"Point","coordinates":[-100.269006,25.720216]},"properties":{"n":"Molino Azteca","s":"denue","t":"tortilleria"}},{"type":"Feature","geometry":{"type":"Point","coordinates":[-100.268777,25.709859]},"properties":{"n":"Tortilleria Rodeo","s":"denue","t":"tortilleria"}},{"type":"Feature","geometry":{"type":"Point","coordinates":[-100.282353,25.714827]},"properties":{"n":"Tortilleria Salazar","s":"denue,places","t":"tortilleria"}},{"type":"Feature","geometry":{"type":"Point","coordinates":[-100.272759,25.717277]},"properties":{"n":"Tortilleria Salazar","s":"denue","t":"tortilleria"}},{"type":"Feature","geometry":{"type":"Point","coordinates":[-100.379352,25.791552]},"properties":{"n":"Tortilleria Gonzalez","s":"denue,places","t":"tortilleria"}},{"type":"Feature","geometry":{"type":"Point","coordinates":[-100.376548,25.793015]},"properties":{"n":"Tortilleria La Vale","s":"denue","t":"tortilleria"}},{"type":"Feature","geometry":{"type":"Point","coordinates":[-100.391073,25.761124]},"properties":{"n":"Tortilleria Karla","s":"denue","t":"tortilleria"}},{"type":"Feature","geometry":{"type":"Point","coordinates":[-100.384891,25.790254]},"properties":{"n":"Tortilleria Reyes","s":"denue,places","t":"tortilleria"}},{"type":"Feature","geometry":{"type":"Point","coordinates":[-100.130565,25.712768]},"properties":{"n":"Tortilleria Lomas","s":"denue,places,osm","t":"tortilleria"}},{"type":"Feature","geometry":{"type":"Point","coordinates":[-100.289773,25.667208]},"properties":{"n":"Molino De Nixtamal","s":"denue","t":"tortilleria"}},{"type":"Feature","geometry":{"type":"Point","coordinates":[-100.289302,25.667248]},"properties":{"n":"Tortilleria Martinez","s":"denue,places","t":"tortilleria"}},{"type":"Feature","geometry":{"type":"Point","coordinates":[-100.156686,25.711564]},"properties":{"n":"Tortilleria Los Lirios","s":"denue","t":"tortilleria"}},{"type":"Feature","geometry":{"type":"Point","coordinates":[-100.153552,25.708743]},"properties":{"n":"El Molino El Tractor","s":"denue","t":"tortilleria"}},{"type":"Feature","geometry":{"type":"Point","coordinates":[-100.293644,25.661617]},"properties":{"n":"Tortilleria La Fe","s":"denue,places","t":"tortilleria"}},{"type":"Feature","geometry":{"type":"Point","coordinates":[-100.176061,25.726386]},"properties":{"n":"Tortilleria Dosmil","s":"denue","t":"tortilleria"}},{"type":"Feature","geometry":{"type":"Point","coordinates":[-100.17806,25.724725]},"properties":{"n":"Tortilleria Colibri","s":"denue","t":"tortilleria"}},{"type":"Feature","geometry":{"type":"Point","coordinates":[-100.17543,25.728863]},"properties":{"n":"Tortilleria Villanueva","s":"denue","t":"tortilleria"}},{"type":"Feature","geometry":{"type":"Point","coordinates":[-100.171951,25.730094]},"properties":{"n":"Tortilleria Torres","s":"denue,places","t":"tortilleria"}},{"type":"Feature","geometry":{"type":"Point","coordinates":[-100.163027,25.738186]},"properties":{"n":"Tortilleria Lupita","s":"denue","t":"tortilleria"}},{"type":"Feature","geometry":{"type":"Point","coordinates":[-100.157517,25.734459]},"properties":{"n":"Tortilleria De La Torre","s":"denue,places","t":"tortilleria"}},{"type":"Feature","geometry":{"type":"Point","coordinates":[-100.295006,25.639131]},"properties":{"n":"Tortilleria Balcones","s":"denue","t":"tortilleria"}},{"type":"Feature","geometry":{"type":"Point","coordinates":[-100.307443,25.648891]},"properties":{"n":"Tortilleria Fela","s":"denue","t":"tortilleria"}},{"type":"Feature","geometry":{"type":"Point","coordinates":[-100.305864,25.631019]},"properties":{"n":"Tortilleria La Paz","s":"denue,places","t":"tortilleria"}},{"type":"Feature","geometry":{"type":"Point","coordinates":[-100.308867,25.638806]},"properties":{"n":"Tortilleria Valle Del Mirador","s":"denue,places","t":"tortilleria"}},{"type":"Feature","geometry":{"type":"Point","coordinates":[-100.305335,25.640594]},"properties":{"n":"Tortilleria Nazas","s":"denue","t":"tortilleria"}},{"type":"Feature","geometry":{"type":"Point","coordinates":[-100.304298,25.639644]},"properties":{"n":"Tortilleria Altamira","s":"denue","t":"tortilleria"}},{"type":"Feature","geometry":{"type":"Point","coordinates":[-100.283535,25.652897]},"properties":{"n":"Tortilleria Medina","s":"denue,places","t":"tortilleria"}},{"type":"Feature","geometry":{"type":"Point","coordinates":[-100.267822,25.619768]},"properties":{"n":"Tortilleria San Francisco","s":"denue,places","t":"tortilleria"}},{"type":"Feature","geometry":{"type":"Point","coordinates":[-100.267299,25.616761]},"properties":{"n":"Tortilleria La Milpa","s":"denue","t":"tortilleria"}},{"type":"Feature","geometry":{"type":"Point","coordinates":[-100.274221,25.609165]},"properties":{"n":"Tortilleria Paty","s":"denue","t":"tortilleria"}},{"type":"Feature","geometry":{"type":"Point","coordinates":[-100.247047,25.590584]},"properties":{"n":"Tortilleria Tio Lalo","s":"denue","t":"tortilleria"}},{"type":"Feature","geometry":{"type":"Point","coordinates":[-100.233592,25.582174]},"properties":{"n":"Tortilleria Samaniego","s":"denue","t":"tortilleria"}},{"type":"Feature","geometry":{"type":"Point","coordinates":[-100.237217,25.579994]},"properties":{"n":"Tortilleria La Estanzuela","s":"denue","t":"tortilleria"}},{"type":"Feature","geometry":{"type":"Point","coordinates":[-100.29716,25.624068]},"properties":{"n":"Tortilleria La Paz","s":"denue","t":"tortilleria"}},{"type":"Feature","geometry":{"type":"Point","coordinates":[-100.261907,25.670363]},"properties":{"n":"Tortilleria Rommy","s":"denue,places","t":"tortilleria"}},{"type":"Feature","geometry":{"type":"Point","coordinates":[-100.266527,25.669126]},"properties":{"n":"Tortilleria Erika","s":"denue,places","t":"tortilleria"}},{"type":"Feature","geometry":{"type":"Point","coordinates":[-100.264641,25.668914]},"properties":{"n":"Tortilleria De La Torre","s":"denue","t":"tortilleria"}},{"type":"Feature","geometry":{"type":"Point","coordinates":[-100.397967,25.782514]},"properties":{"n":"Tortilleria Y Abarrotes","s":"denue","t":"tortilleria"}},{"type":"Feature","geometry":{"type":"Point","coordinates":[-100.397149,25.777215]},"properties":{"n":"Tortilleria Evelin","s":"denue","t":"tortilleria"}},{"type":"Feature","geometry":{"type":"Point","coordinates":[-100.390497,25.777426]},"properties":{"n":"Tortilleria Real Central","s":"denue","t":"tortilleria"}},{"type":"Feature","geometry":{"type":"Point","coordinates":[-100.295581,25.632275]},"properties":{"n":"Tortilleria Metate","s":"denue,places","t":"tortilleria"}},{"type":"Feature","geometry":{"type":"Point","coordinates":[-100.402974,25.782434]},"properties":{"n":"Tortilleria Garcia","s":"denue,places","t":"tortilleria"}},{"type":"Feature","geometry":{"type":"Point","coordinates":[-100.416687,25.779938]},"properties":{"n":"Tortilleria Pano","s":"denue,places","t":"tortilleria"}},{"type":"Feature","geometry":{"type":"Point","coordinates":[-100.416947,25.779931]},"properties":{"n":"Tortilleria Lucero","s":"denue,places","t":"tortilleria"}},{"type":"Feature","geometry":{"type":"Point","coordinates":[-100.391452,25.758637]},"properties":{"n":"Tortilleria El Venado","s":"denue,places","t":"tortilleria"}},{"type":"Feature","geometry":{"type":"Point","coordinates":[-100.389585,25.757099]},"properties":{"n":"Tortilleria La Chula","s":"denue,places","t":"tortilleria"}},{"type":"Feature","geometry":{"type":"Point","coordinates":[-100.16635,25.759726]},"properties":{"n":"Tortilleria Martinez","s":"denue","t":"tortilleria"}},{"type":"Feature","geometry":{"type":"Point","coordinates":[-100.265912,25.664804]},"properties":{"n":"Tortilleria La Herradura","s":"denue,places","t":"tortilleria"}},{"type":"Feature","geometry":{"type":"Point","coordinates":[-100.26936,25.654705]},"properties":{"n":"Tortilleria Medina S","s":"denue,places","t":"tortilleria"}},{"type":"Feature","geometry":{"type":"Point","coordinates":[-100.164551,25.756276]},"properties":{"n":"Tortilleria El Maizal","s":"denue","t":"tortilleria"}},{"type":"Feature","geometry":{"type":"Point","coordinates":[-100.154936,25.754896]},"properties":{"n":"Tortilleria Jimena","s":"denue","t":"tortilleria"}},{"type":"Feature","geometry":{"type":"Point","coordinates":[-100.1737,25.739312]},"properties":{"n":"Tortilleria Dtb","s":"denue","t":"tortilleria"}},{"type":"Feature","geometry":{"type":"Point","coordinates":[-100.174952,25.733055]},"properties":{"n":"Tortilleria Las Golondrinas Y Carniceria","s":"denue","t":"tortilleria"}},{"type":"Feature","geometry":{"type":"Point","coordinates":[-100.172892,25.732319]},"properties":{"n":"Tortilleria Margarita","s":"denue","t":"tortilleria"}},{"type":"Feature","geometry":{"type":"Point","coordinates":[-100.279506,25.627356]},"properties":{"n":"Tortilleria Ctm","s":"denue","t":"tortilleria"}},{"type":"Feature","geometry":{"type":"Point","coordinates":[-100.281892,25.62943]},"properties":{"n":"Tortilleria La Silla","s":"denue","t":"tortilleria"}},{"type":"Feature","geometry":{"type":"Point","coordinates":[-100.282919,25.630332]},"properties":{"n":"Tortilleria Y Molino La Tradicional","s":"denue","t":"tortilleria"}},{"type":"Feature","geometry":{"type":"Point","coordinates":[-100.193982,25.734961]},"properties":{"n":"Tortilleria Jalisco","s":"denue,places","t":"tortilleria"}},{"type":"Feature","geometry":{"type":"Point","coordinates":[-100.196036,25.73307]},"properties":{"n":"Tortilleria La Noria","s":"denue,places","t":"tortilleria"}},{"type":"Feature","geometry":{"type":"Point","coordinates":[-100.193367,25.732742]},"properties":{"n":"Tortilleria Wendy","s":"denue","t":"tortilleria"}},{"type":"Feature","geometry":{"type":"Point","coordinates":[-100.287387,25.634417]},"properties":{"n":"Tortilleria Gomez","s":"denue,places","t":"tortilleria"}},{"type":"Feature","geometry":{"type":"Point","coordinates":[-100.290448,25.635001]},"properties":{"n":"Tortilleria Alta Vista","s":"denue","t":"tortilleria"}},{"type":"Feature","geometry":{"type":"Point","coordinates":[-100.286139,25.626597]},"properties":{"n":"Tortilleria Las Delicias","s":"denue,places","t":"tortilleria"}},{"type":"Feature","geometry":{"type":"Point","coordinates":[-100.163305,25.760417]},"properties":{"n":"Molino Y Tortilleria San Luis","s":"denue,places","t":"tortilleria"}},{"type":"Feature","geometry":{"type":"Point","coordinates":[-100.156216,25.758266]},"properties":{"n":"Tortilleria Mendez","s":"denue","t":"tortilleria"}},{"type":"Feature","geometry":{"type":"Point","coordinates":[-100.157296,25.75778]},"properties":{"n":"Tortilleria Sin Nombre","s":"denue,places","t":"tortilleria"}},{"type":"Feature","geometry":{"type":"Point","coordinates":[-100.190461,25.740948]},"properties":{"n":"Tortilleria La Piscacha","s":"denue","t":"tortilleria"}},{"type":"Feature","geometry":{"type":"Point","coordinates":[-100.40196,25.772842]},"properties":{"n":"Los Frenchones","s":"denue","t":"tortilleria"}},{"type":"Feature","geometry":{"type":"Point","coordinates":[-100.398355,25.77042]},"properties":{"n":"Tortilleria Evelin","s":"denue","t":"tortilleria"}},{"type":"Feature","geometry":{"type":"Point","coordinates":[-100.22651,25.798103]},"properties":{"n":"Tortilleria Aguirre","s":"denue","t":"tortilleria"}},{"type":"Feature","geometry":{"type":"Point","coordinates":[-100.380512,25.768157]},"properties":{"n":"Tortilleria Region","s":"denue","t":"tortilleria"}},{"type":"Feature","geometry":{"type":"Point","coordinates":[-100.380717,25.764875]},"properties":{"n":"Tortilleria Brezo","s":"denue","t":"tortilleria"}},{"type":"Feature","geometry":{"type":"Point","coordinates":[-100.380782,25.764372]},"properties":{"n":"Tortilleria Sarita","s":"denue","t":"tortilleria"}},{"type":"Feature","geometry":{"type":"Point","coordinates":[-100.384855,25.764817]},"properties":{"n":"Tortilleria Karina","s":"denue","t":"tortilleria"}},{"type":"Feature","geometry":{"type":"Point","coordinates":[-100.383283,25.761812]},"properties":{"n":"Tortilleria Las Rocas","s":"denue","t":"tortilleria"}},{"type":"Feature","geometry":{"type":"Point","coordinates":[-100.383827,25.761334]},"properties":{"n":"Tortilleria Flores","s":"denue","t":"tortilleria"}},{"type":"Feature","geometry":{"type":"Point","coordinates":[-100.371878,25.759798]},"properties":{"n":"Tortilleria Reyes","s":"denue","t":"tortilleria"}},{"type":"Feature","geometry":{"type":"Point","coordinates":[-100.372249,25.75803]},"properties":{"n":"Tortilleria Del Rio","s":"denue","t":"tortilleria"}},{"type":"Feature","geometry":{"type":"Point","coordinates":[-100.377034,25.7579]},"properties":{"n":"Tortilleria Andrea","s":"denue","t":"tortilleria"}},{"type":"Feature","geometry":{"type":"Point","coordinates":[-100.381739,25.757639]},"properties":{"n":"Tortilleria La Paloma","s":"denue","t":"tortilleria"}},{"type":"Feature","geometry":{"type":"Point","coordinates":[-100.379806,25.75524]},"properties":{"n":"Tortilleria La Nueva","s":"denue","t":"tortilleria"}},{"type":"Feature","geometry":{"type":"Point","coordinates":[-100.376494,25.754648]},"properties":{"n":"Tortilleria Los Angeles","s":"denue,places","t":"tortilleria"}},{"type":"Feature","geometry":{"type":"Point","coordinates":[-100.256501,25.808777]},"properties":{"n":"Tortilleria Fani","s":"denue,places","t":"tortilleria"}},{"type":"Feature","geometry":{"type":"Point","coordinates":[-100.256093,25.815811]},"properties":{"n":"Tortilleria El Triunfo","s":"denue","t":"tortilleria"}},{"type":"Feature","geometry":{"type":"Point","coordinates":[-100.265751,25.796215]},"properties":{"n":"Tortilleria Los Gueros","s":"denue","t":"tortilleria"}},{"type":"Feature","geometry":{"type":"Point","coordinates":[-100.263651,25.790774]},"properties":{"n":"Molino Los Primos","s":"denue","t":"tortilleria"}},{"type":"Feature","geometry":{"type":"Point","coordinates":[-100.373188,25.754732]},"properties":{"n":"Tortilleria Monte Negro","s":"denue","t":"tortilleria"}},{"type":"Feature","geometry":{"type":"Point","coordinates":[-100.367808,25.754424]},"properties":{"n":"Tortilleria De Leon","s":"denue","t":"tortilleria"}},{"type":"Feature","geometry":{"type":"Point","coordinates":[-100.364662,25.76271]},"properties":{"n":"Tortilleria Nataly","s":"denue","t":"tortilleria"}},{"type":"Feature","geometry":{"type":"Point","coordinates":[-100.358608,25.762104]},"properties":{"n":"Tortilleria Emily","s":"denue,places","t":"tortilleria"}},{"type":"Feature","geometry":{"type":"Point","coordinates":[-100.359026,25.755753]},"properties":{"n":"Tortilleria San Martin","s":"denue","t":"tortilleria"}},{"type":"Feature","geometry":{"type":"Point","coordinates":[-100.357877,25.752905]},"properties":{"n":"Tortilleria","s":"denue","t":"tortilleria"}},{"type":"Feature","geometry":{"type":"Point","coordinates":[-100.36432,25.752173]},"properties":{"n":"Tortilleria La Fe","s":"denue","t":"tortilleria"}},{"type":"Feature","geometry":{"type":"Point","coordinates":[-100.357051,25.759258]},"properties":{"n":"Torti Lleria Kevin","s":"denue","t":"tortilleria"}},{"type":"Feature","geometry":{"type":"Point","coordinates":[-100.32158,25.733842]},"properties":{"n":"Tortilleria Los Nogales","s":"denue","t":"tortilleria"}},{"type":"Feature","geometry":{"type":"Point","coordinates":[-100.352233,25.751784]},"properties":{"n":"Tortilleria La Canasta","s":"denue","t":"tortilleria"}},{"type":"Feature","geometry":{"type":"Point","coordinates":[-100.358194,25.748346]},"properties":{"n":"Tortilleria Lily","s":"denue","t":"tortilleria"}},{"type":"Feature","geometry":{"type":"Point","coordinates":[-100.35994,25.749536]},"properties":{"n":"Molino Santa Cruz","s":"denue","t":"tortilleria"}},{"type":"Feature","geometry":{"type":"Point","coordinates":[-100.349657,25.752438]},"properties":{"n":"Tortilleria Jaqueline","s":"denue,places","t":"tortilleria"}},{"type":"Feature","geometry":{"type":"Point","coordinates":[-100.346765,25.750574]},"properties":{"n":"Tortilleria Lupita","s":"denue,places","t":"tortilleria"}},{"type":"Feature","geometry":{"type":"Point","coordinates":[-100.348038,25.748952]},"properties":{"n":"Tortilleria Lupita","s":"denue,places","t":"tortilleria"}},{"type":"Feature","geometry":{"type":"Point","coordinates":[-100.350529,25.747863]},"properties":{"n":"Tortilleria Willy","s":"denue","t":"tortilleria"}},{"type":"Feature","geometry":{"type":"Point","coordinates":[-100.352684,25.748503]},"properties":{"n":"Tortilleria Bella","s":"denue","t":"tortilleria"}},{"type":"Feature","geometry":{"type":"Point","coordinates":[-100.388629,25.754999]},"properties":{"n":"Tortilleria Juanita","s":"denue","t":"tortilleria"}},{"type":"Feature","geometry":{"type":"Point","coordinates":[-100.38382,25.747465]},"properties":{"n":"Tortilleria Garcias","s":"denue","t":"tortilleria"}},{"type":"Feature","geometry":{"type":"Point","coordinates":[-100.367527,25.733323]},"properties":{"n":"Tortilleria Gonzalez","s":"denue,places","t":"tortilleria"}},{"type":"Feature","geometry":{"type":"Point","coordinates":[-100.25261,25.789261]},"properties":{"n":"Tortilleria La Chiquita","s":"denue,places","t":"tortilleria"}},{"type":"Feature","geometry":{"type":"Point","coordinates":[-100.237075,25.791211]},"properties":{"n":"Tortilleria Caperucita","s":"denue","t":"tortilleria"}},{"type":"Feature","geometry":{"type":"Point","coordinates":[-100.366397,25.754252]},"properties":{"n":"Tortilleria La Mas Buena","s":"denue","t":"tortilleria"}},{"type":"Feature","geometry":{"type":"Point","coordinates":[-100.242864,25.779974]},"properties":{"n":"Tortilleria Los Pinos","s":"denue","t":"tortilleria"}},{"type":"Feature","geometry":{"type":"Point","coordinates":[-100.237193,25.778741]},"properties":{"n":"Tortilleria Hernandez","s":"denue","t":"tortilleria"}},{"type":"Feature","geometry":{"type":"Point","coordinates":[-100.231896,25.777231]},"properties":{"n":"Tortilleria Batrez","s":"denue,places","t":"tortilleria"}},{"type":"Feature","geometry":{"type":"Point","coordinates":[-100.377186,25.774088]},"properties":{"n":"Tortilleria Loscuates","s":"denue","t":"tortilleria"}},{"type":"Feature","geometry":{"type":"Point","coordinates":[-100.375275,25.769946]},"properties":{"n":"Tortilleria Leo","s":"denue","t":"tortilleria"}},{"type":"Feature","geometry":{"type":"Point","coordinates":[-100.368736,25.769629]},"properties":{"n":"Tortilleria Garza","s":"denue","t":"tortilleria"}},{"type":"Feature","geometry":{"type":"Point","coordinates":[-100.367008,25.765134]},"properties":{"n":"Tortilleria Y Abarrotes Andy","s":"denue,places","t":"tortilleria"}},{"type":"Feature","geometry":{"type":"Point","coordinates":[-100.363917,25.76744]},"properties":{"n":"Tortilleria Vitery","s":"denue,places","t":"tortilleria"}},{"type":"Feature","geometry":{"type":"Point","coordinates":[-100.362938,25.772911]},"properties":{"n":"Tortilleria El Venado","s":"denue,places","t":"tortilleria"}},{"type":"Feature","geometry":{"type":"Point","coordinates":[-100.361988,25.769515]},"properties":{"n":"Tortilleria Jaqueline","s":"denue","t":"tortilleria"}},{"type":"Feature","geometry":{"type":"Point","coordinates":[-100.248077,25.778518]},"properties":{"n":"Tortilleria Coronado","s":"denue","t":"tortilleria"}},{"type":"Feature","geometry":{"type":"Point","coordinates":[-100.249254,25.778099]},"properties":{"n":"Molino De Nixtamal","s":"denue","t":"tortilleria"}},{"type":"Feature","geometry":{"type":"Point","coordinates":[-100.247358,25.776826]},"properties":{"n":"Tortilleria Rosy","s":"denue","t":"tortilleria"}},{"type":"Feature","geometry":{"type":"Point","coordinates":[-100.256958,25.790451]},"properties":{"n":"Tortilleria La Peñita Regia","s":"denue","t":"tortilleria"}},{"type":"Feature","geometry":{"type":"Point","coordinates":[-100.259295,25.779448]},"properties":{"n":"Molino Los Robles","s":"denue","t":"tortilleria"}},{"type":"Feature","geometry":{"type":"Point","coordinates":[-100.249158,25.783551]},"properties":{"n":"Molino De Nixtamal Y Venta De Masa Xochitl","s":"denue","t":"tortilleria"}},{"type":"Feature","geometry":{"type":"Point","coordinates":[-100.255423,25.781093]},"properties":{"n":"Tortilleria Julieta","s":"denue,places","t":"tortilleria"}},{"type":"Feature","geometry":{"type":"Point","coordinates":[-100.262119,25.778705]},"properties":{"n":"Tortilleria Los Robles","s":"denue","t":"tortilleria"}},{"type":"Feature","geometry":{"type":"Point","coordinates":[-100.26164,25.767402]},"properties":{"n":"Tortilleria Eli","s":"denue","t":"tortilleria"}},{"type":"Feature","geometry":{"type":"Point","coordinates":[-100.256866,25.762285]},"properties":{"n":"Tortilleria Enrramada","s":"denue,places","t":"tortilleria"}},{"type":"Feature","geometry":{"type":"Point","coordinates":[-100.258156,25.763108]},"properties":{"n":"Molino La Enramada","s":"denue","t":"tortilleria"}},{"type":"Feature","geometry":{"type":"Point","coordinates":[-100.252655,25.768789]},"properties":{"n":"Molino Los Fresnos","s":"denue","t":"tortilleria"}},{"type":"Feature","geometry":{"type":"Point","coordinates":[-100.247862,25.773998]},"properties":{"n":"Tortilleria Arlette","s":"denue,places","t":"tortilleria"}},{"type":"Feature","geometry":{"type":"Point","coordinates":[-100.240955,25.770901]},"properties":{"n":"Tortilleria Charly","s":"denue","t":"tortilleria"}},{"type":"Feature","geometry":{"type":"Point","coordinates":[-100.246345,25.771646]},"properties":{"n":"Tortilleria Alicia","s":"denue,places","t":"tortilleria"}},{"type":"Feature","geometry":{"type":"Point","coordinates":[-100.261627,25.765778]},"properties":{"n":"Tortilleria La Mexicana","s":"denue","t":"tortilleria"}},{"type":"Feature","geometry":{"type":"Point","coordinates":[-100.367197,25.836417]},"properties":{"n":"Tortilleria Miri","s":"denue,places","t":"tortilleria"}},{"type":"Feature","geometry":{"type":"Point","coordinates":[-100.371094,25.832886]},"properties":{"n":"Tortilleria El Angel","s":"denue","t":"tortilleria"}},{"type":"Feature","geometry":{"type":"Point","coordinates":[-100.486095,25.791293]},"properties":{"n":"Tortilleria Lupita","s":"denue,places","t":"tortilleria"}},{"type":"Feature","geometry":{"type":"Point","coordinates":[-100.475637,25.683239]},"properties":{"n":"Comercializadora De Productos La Luz","s":"denue","t":"tortilleria"}},{"type":"Feature","geometry":{"type":"Point","coordinates":[-100.348674,25.734965]},"properties":{"n":"Tortilleria La Region","s":"denue,places","t":"tortilleria"}},{"type":"Feature","geometry":{"type":"Point","coordinates":[-100.448467,25.690001]},"properties":{"n":"Tortilleria Grano De Oro","s":"denue,places","t":"tortilleria"}},{"type":"Feature","geometry":{"type":"Point","coordinates":[-100.364177,25.719286]},"properties":{"n":"Tortilleria San Jose","s":"denue,places","t":"tortilleria"}},{"type":"Feature","geometry":{"type":"Point","coordinates":[-100.268793,25.724649]},"properties":{"n":"Tortilleria La Hacienda","s":"denue,places","t":"tortilleria"}},{"type":"Feature","geometry":{"type":"Point","coordinates":[-100.273882,25.724735]},"properties":{"n":"Tortilleria De La Torre","s":"denue","t":"tortilleria"}},{"type":"Feature","geometry":{"type":"Point","coordinates":[-100.299881,25.654161]},"properties":{"n":"Tortilleria La Luz","s":"denue,places","t":"tortilleria"}},{"type":"Feature","geometry":{"type":"Point","coordinates":[-100.301827,25.643151]},"properties":{"n":"Tortilleria La Esperanza","s":"denue,places","t":"tortilleria"}},{"type":"Feature","geometry":{"type":"Point","coordinates":[-100.22071,25.717888]},"properties":{"n":"Tortillas Estrella Del Norte","s":"denue,places","t":"tortilleria"}},{"type":"Feature","geometry":{"type":"Point","coordinates":[-100.303133,25.701849]},"properties":{"n":"Tortilleria Segura","s":"denue,places","t":"tortilleria"}},{"type":"Feature","geometry":{"type":"Point","coordinates":[-100.254295,25.796744]},"properties":{"n":"Pitfe","s":"denue","t":"tortilleria"}},{"type":"Feature","geometry":{"type":"Point","coordinates":[-100.277088,25.723723]},"properties":{"n":"Comercializadora Y Distribuidora Anhe","s":"denue,places","t":"tortilleria"}},{"type":"Feature","geometry":{"type":"Point","coordinates":[-100.090414,25.643661]},"properties":{"n":"Prodemasa","s":"denue","t":"tortilleria"}},{"type":"Feature","geometry":{"type":"Point","coordinates":[-100.294295,25.754639]},"properties":{"n":"Tortilleria Lopez","s":"denue,places","t":"tortilleria"}},{"type":"Feature","geometry":{"type":"Point","coordinates":[-100.485513,25.779569]},"properties":{"n":"Tortilleria Santa Maria","s":"denue,places","t":"tortilleria"}},{"type":"Feature","geometry":{"type":"Point","coordinates":[-100.400618,25.841696]},"properties":{"n":"Tortilleria","s":"denue,places","t":"tortilleria"}},{"type":"Feature","geometry":{"type":"Point","coordinates":[-100.578523,25.790762]},"properties":{"n":"Tortillas De Harina Caseras","s":"denue","t":"tortilleria"}},{"type":"Feature","geometry":{"type":"Point","coordinates":[-100.475709,25.786695]},"properties":{"n":"Tortilleria Ave Fenix","s":"denue,places","t":"tortilleria"}},{"type":"Feature","geometry":{"type":"Point","coordinates":[-100.575285,25.789175]},"properties":{"n":"Tortilleria Lasvillas","s":"denue","t":"tortilleria"}},{"type":"Feature","geometry":{"type":"Point","coordinates":[-100.463189,25.782846]},"properties":{"n":"Tortilleria Yoselin","s":"denue,places","t":"tortilleria"}},{"type":"Feature","geometry":{"type":"Point","coordinates":[-100.5879,25.785949]},"properties":{"n":"Tortilleria Del Prado","s":"denue","t":"tortilleria"}},{"type":"Feature","geometry":{"type":"Point","coordinates":[-100.572703,25.784362]},"properties":{"n":"Tortilleria Los Pinos","s":"denue,places","t":"tortilleria"}},{"type":"Feature","geometry":{"type":"Point","coordinates":[-100.440426,25.801297]},"properties":{"n":"Tortilleria Torre Fuerte","s":"denue","t":"tortilleria"}},{"type":"Feature","geometry":{"type":"Point","coordinates":[-100.599114,25.797393]},"properties":{"n":"Tortilleria La Esperanza","s":"denue,places","t":"tortilleria"}},{"type":"Feature","geometry":{"type":"Point","coordinates":[-100.48239,25.796472]},"properties":{"n":"Tortilleria Lon","s":"denue","t":"tortilleria"}},{"type":"Feature","geometry":{"type":"Point","coordinates":[-100.591392,25.795646]},"properties":{"n":"Tortilleria Paseo Del Nogal","s":"denue","t":"tortilleria"}},{"type":"Feature","geometry":{"type":"Point","coordinates":[-100.577456,25.798297]},"properties":{"n":"Tortilleria Los Angeles","s":"denue,places","t":"tortilleria"}},{"type":"Feature","geometry":{"type":"Point","coordinates":[-100.419145,25.821648]},"properties":{"n":"Tortilleria Sin Nombre","s":"denue","t":"tortilleria"}},{"type":"Feature","geometry":{"type":"Point","coordinates":[-100.38701,25.844441]},"properties":{"n":"Tortilleria Yenny","s":"denue","t":"tortilleria"}},{"type":"Feature","geometry":{"type":"Point","coordinates":[-100.397932,25.79652]},"properties":{"n":"Tortilleria De Leon","s":"denue","t":"tortilleria"}},{"type":"Feature","geometry":{"type":"Point","coordinates":[-100.392848,25.800868]},"properties":{"n":"Tortilleria Xochitl","s":"denue","t":"tortilleria"}},{"type":"Feature","geometry":{"type":"Point","coordinates":[-100.38277,25.848404]},"properties":{"n":"Tortilleria La Alianza","s":"denue","t":"tortilleria"}},{"type":"Feature","geometry":{"type":"Point","coordinates":[-100.386849,25.849532]},"properties":{"n":"Tortilleria Y Molino La Melada","s":"denue,places","t":"tortilleria"}},{"type":"Feature","geometry":{"type":"Point","coordinates":[-100.39447,25.807713]},"properties":{"n":"Tortilleria Jorel","s":"denue","t":"tortilleria"}},{"type":"Feature","geometry":{"type":"Point","coordinates":[-100.387945,25.800738]},"properties":{"n":"Tortilleria Alarcon","s":"denue","t":"tortilleria"}},{"type":"Feature","geometry":{"type":"Point","coordinates":[-100.407251,25.802836]},"properties":{"n":"Tortilleria Karla","s":"denue","t":"tortilleria"}},{"type":"Feature","geometry":{"type":"Point","coordinates":[-100.408713,25.800578]},"properties":{"n":"Tortilleria Keisy","s":"denue","t":"tortilleria"}},{"type":"Feature","geometry":{"type":"Point","coordinates":[-100.597011,25.802805]},"properties":{"n":"Tortilleria Y Molino El Cedral","s":"denue,places","t":"tortilleria"}},{"type":"Feature","geometry":{"type":"Point","coordinates":[-100.597022,25.800821]},"properties":{"n":"Tortilleria San Miguel","s":"denue","t":"tortilleria"}},{"type":"Feature","geometry":{"type":"Point","coordinates":[-100.624266,25.811269]},"properties":{"n":"Tortilleria Santa Fe","s":"denue","t":"tortilleria"}},{"type":"Feature","geometry":{"type":"Point","coordinates":[-100.344294,25.795769]},"properties":{"n":"Tortillas Santa Luz","s":"denue","t":"tortilleria"}},{"type":"Feature","geometry":{"type":"Point","coordinates":[-100.317684,25.779602]},"properties":{"n":"Tortilleria Doña Gloria","s":"denue","t":"tortilleria"}},{"type":"Feature","geometry":{"type":"Point","coordinates":[-100.343654,25.799553]},"properties":{"n":"Tortilleria Union","s":"denue","t":"tortilleria"}},{"type":"Feature","geometry":{"type":"Point","coordinates":[-100.331891,25.795807]},"properties":{"n":"Tortilleria La Hacienda","s":"denue","t":"tortilleria"}},{"type":"Feature","geometry":{"type":"Point","coordinates":[-100.331054,25.77926]},"properties":{"n":"Tortilleria","s":"denue","t":"tortilleria"}},{"type":"Feature","geometry":{"type":"Point","coordinates":[-100.322741,25.794227]},"properties":{"n":"Tortilleria La Milpa","s":"denue,places,osm","t":"tortilleria"}},{"type":"Feature","geometry":{"type":"Point","coordinates":[-100.301502,25.795433]},"properties":{"n":"Tortilleria Rocio","s":"denue","t":"tortilleria"}},{"type":"Feature","geometry":{"type":"Point","coordinates":[-100.321165,25.779028]},"properties":{"n":"Tortillas De Harina","s":"denue","t":"tortilleria"}},{"type":"Feature","geometry":{"type":"Point","coordinates":[-100.320371,25.737545]},"properties":{"n":"Tortilleria La Luz","s":"denue,places","t":"tortilleria"}},{"type":"Feature","geometry":{"type":"Point","coordinates":[-100.320273,25.797858]},"properties":{"n":"Tortilleria Los Alamos","s":"denue","t":"tortilleria"}},{"type":"Feature","geometry":{"type":"Point","coordinates":[-100.294896,25.758016]},"properties":{"n":"Tortilleria Lopez","s":"denue","t":"tortilleria"}},{"type":"Feature","geometry":{"type":"Point","coordinates":[-100.321693,25.782916]},"properties":{"n":"Tortilleria Galindo","s":"denue","t":"tortilleria"}},{"type":"Feature","geometry":{"type":"Point","coordinates":[-100.106443,25.75609]},"properties":{"n":"Tortilleria Jireh","s":"denue","t":"tortilleria"}},{"type":"Feature","geometry":{"type":"Point","coordinates":[-100.247505,25.758351]},"properties":{"n":"Molino De Nixtamal","s":"denue","t":"tortilleria"}},{"type":"Feature","geometry":{"type":"Point","coordinates":[-100.246176,25.797569]},"properties":{"n":"Tortilleria Johavana","s":"denue","t":"tortilleria"}},{"type":"Feature","geometry":{"type":"Point","coordinates":[-100.255166,25.81044]},"properties":{"n":"Tortilleria Y Molino Zuriel","s":"denue","t":"tortilleria"}},{"type":"Feature","geometry":{"type":"Point","coordinates":[-100.249007,25.778594]},"properties":{"n":"Tortilleria Costa Rica","s":"denue","t":"tortilleria"}},{"type":"Feature","geometry":{"type":"Point","coordinates":[-100.110949,25.756651]},"properties":{"n":"Tortilleria Mazapil","s":"denue","t":"tortilleria"}},{"type":"Feature","geometry":{"type":"Point","coordinates":[-100.109218,25.755143]},"properties":{"n":"Tortilleria Jireh","s":"denue,places","t":"tortilleria"}},{"type":"Feature","geometry":{"type":"Point","coordinates":[-100.110552,25.751295]},"properties":{"n":"Tortilleria Eli","s":"denue,places","t":"tortilleria"}},{"type":"Feature","geometry":{"type":"Point","coordinates":[-100.233609,25.820457]},"properties":{"n":"Molino De Nixtamal Liz","s":"denue,places","t":"tortilleria"}},{"type":"Feature","geometry":{"type":"Point","coordinates":[-100.23382,25.820448]},"properties":{"n":"Molino Lucy","s":"denue","t":"tortilleria"}},{"type":"Feature","geometry":{"type":"Point","coordinates":[-100.248598,25.768008]},"properties":{"n":"Tortilleria Y Molino Karyme","s":"denue","t":"tortilleria"}},{"type":"Feature","geometry":{"type":"Point","coordinates":[-100.264007,25.780759]},"properties":{"n":"Tortilleria Las Huertas","s":"denue","t":"tortilleria"}},{"type":"Feature","geometry":{"type":"Point","coordinates":[-100.193179,25.782941]},"properties":{"n":"Tortilleria Aranda","s":"denue,places","t":"tortilleria"}},{"type":"Feature","geometry":{"type":"Point","coordinates":[-100.256223,25.787768]},"properties":{"n":"Tortilleria Fresnillo","s":"denue,places","t":"tortilleria"}},{"type":"Feature","geometry":{"type":"Point","coordinates":[-100.2559,25.786855]},"properties":{"n":"Tortilleria Jimena","s":"denue","t":"tortilleria"}},{"type":"Feature","geometry":{"type":"Point","coordinates":[-100.248831,25.770227]},"properties":{"n":"Molino Jeronimito","s":"denue","t":"tortilleria"}},{"type":"Feature","geometry":{"type":"Point","coordinates":[-100.257214,25.79262]},"properties":{"n":"Tortilleria El Mana","s":"denue,places","t":"tortilleria"}},{"type":"Feature","geometry":{"type":"Point","coordinates":[-100.253668,25.782921]},"properties":{"n":"Tortilleria El Angel","s":"denue,places","t":"tortilleria"}},{"type":"Feature","geometry":{"type":"Point","coordinates":[-100.265935,25.756266]},"properties":{"n":"Tortilleria Montes Berneses","s":"denue","t":"tortilleria"}},{"type":"Feature","geometry":{"type":"Point","coordinates":[-100.245014,25.766401]},"properties":{"n":"Tortilleria Teran","s":"denue,places","t":"tortilleria"}},{"type":"Feature","geometry":{"type":"Point","coordinates":[-100.459697,25.705163]},"properties":{"n":"Tortilleria Gama","s":"denue","t":"tortilleria"}},{"type":"Feature","geometry":{"type":"Point","coordinates":[-100.45315,25.693134]},"properties":{"n":"El Molino De La Lopez","s":"denue","t":"tortilleria"}},{"type":"Feature","geometry":{"type":"Point","coordinates":[-100.251221,25.741631]},"properties":{"n":"Tortilleria De La Torre","s":"denue","t":"tortilleria"}},{"type":"Feature","geometry":{"type":"Point","coordinates":[-100.243704,25.740773]},"properties":{"n":"Tortilleria Hari Masa Ebenezer","s":"denue","t":"tortilleria"}},{"type":"Feature","geometry":{"type":"Point","coordinates":[-100.249543,25.742421]},"properties":{"n":"Tortilleria La Estrellita","s":"denue,places","t":"tortilleria"}},{"type":"Feature","geometry":{"type":"Point","coordinates":[-100.247046,25.752858]},"properties":{"n":"Tortilleria Reyna","s":"denue","t":"tortilleria"}},{"type":"Feature","geometry":{"type":"Point","coordinates":[-100.425268,25.686335]},"properties":{"n":"Tortilleria Real Central","s":"denue,places","t":"tortilleria"}},{"type":"Feature","geometry":{"type":"Point","coordinates":[-100.396383,25.781657]},"properties":{"n":"Tortilleria Astros","s":"denue","t":"tortilleria"}},{"type":"Feature","geometry":{"type":"Point","coordinates":[-100.406213,25.666176]},"properties":{"n":"Tortilleria Casco","s":"denue","t":"tortilleria"}},{"type":"Feature","geometry":{"type":"Point","coordinates":[-100.369804,25.735564]},"properties":{"n":"Molino Rangel","s":"denue,places","t":"tortilleria"}},{"type":"Feature","geometry":{"type":"Point","coordinates":[-100.082637,25.642259]},"properties":{"n":"Tortilleria Hacienda San Antonio","s":"denue,places","t":"tortilleria"}},{"type":"Feature","geometry":{"type":"Point","coordinates":[-100.093985,25.628331]},"properties":{"n":"Tortilleria Samantha","s":"denue","t":"tortilleria"}},{"type":"Feature","geometry":{"type":"Point","coordinates":[-100.101826,25.667632]},"properties":{"n":"Tortilleria Vistas Del Norte","s":"denue","t":"tortilleria"}},{"type":"Feature","geometry":{"type":"Point","coordinates":[-100.092848,25.616864]},"properties":{"n":"Tortilleria Lupita","s":"denue","t":"tortilleria"}},{"type":"Feature","geometry":{"type":"Point","coordinates":[-100.257562,25.718364]},"properties":{"n":"Tortilleria Y Molino Cassandra","s":"denue","t":"tortilleria"}},{"type":"Feature","geometry":{"type":"Point","coordinates":[-100.270444,25.72394]},"properties":{"n":"Molino Tere","s":"denue","t":"tortilleria"}},{"type":"Feature","geometry":{"type":"Point","coordinates":[-100.270233,25.726821]},"properties":{"n":"Tortilleria Doña Marce","s":"denue,places","t":"tortilleria"}},{"type":"Feature","geometry":{"type":"Point","coordinates":[-100.242657,25.720285]},"properties":{"n":"Molino De Nixtamal Tacuba","s":"denue","t":"tortilleria"}},{"type":"Feature","geometry":{"type":"Point","coordinates":[-100.208972,25.707587]},"properties":{"n":"Tortilleriarefugio","s":"denue,places","t":"tortilleria"}},{"type":"Feature","geometry":{"type":"Point","coordinates":[-100.2113,25.708944]},"properties":{"n":"Tortilleria San Miguel","s":"denue","t":"tortilleria"}},{"type":"Feature","geometry":{"type":"Point","coordinates":[-100.224039,25.718932]},"properties":{"n":"Tortilleria El Metate","s":"denue","t":"tortilleria"}},{"type":"Feature","geometry":{"type":"Point","coordinates":[-100.246758,25.706785]},"properties":{"n":"Tortilleria Canut","s":"denue,places","t":"tortilleria"}},{"type":"Feature","geometry":{"type":"Point","coordinates":[-100.204941,25.716557]},"properties":{"n":"Tortilleria Diamante","s":"denue,places","t":"tortilleria"}},{"type":"Feature","geometry":{"type":"Point","coordinates":[-100.144863,25.613158]},"properties":{"n":"Molino De Nixtamal","s":"denue","t":"tortilleria"}},{"type":"Feature","geometry":{"type":"Point","coordinates":[-100.115435,25.626073]},"properties":{"n":"Tortilleria Saldaña","s":"denue","t":"tortilleria"}},{"type":"Feature","geometry":{"type":"Point","coordinates":[-100.129416,25.61972]},"properties":{"n":"Molina Y Tortilleria San Francisco","s":"denue","t":"tortilleria"}},{"type":"Feature","geometry":{"type":"Point","coordinates":[-100.126062,25.659576]},"properties":{"n":"Tortilleria Kandy","s":"denue,places","t":"tortilleria"}},{"type":"Feature","geometry":{"type":"Point","coordinates":[-100.144805,25.616141]},"properties":{"n":"Tortilleria Los 2 Hermanos","s":"denue","t":"tortilleria"}},{"type":"Feature","geometry":{"type":"Point","coordinates":[-100.166025,25.653534]},"properties":{"n":"Tortilleria La Gloria","s":"denue","t":"tortilleria"}},{"type":"Feature","geometry":{"type":"Point","coordinates":[-100.201121,25.644902]},"properties":{"n":"Tortilleria Los Molinos","s":"denue,places","t":"tortilleria"}},{"type":"Feature","geometry":{"type":"Point","coordinates":[-100.142098,25.742759]},"properties":{"n":"Tortilleria Albaza","s":"denue","t":"tortilleria"}},{"type":"Feature","geometry":{"type":"Point","coordinates":[-100.168854,25.759729]},"properties":{"n":"Tortilleria La Principal","s":"denue,places","t":"tortilleria"}},{"type":"Feature","geometry":{"type":"Point","coordinates":[-100.165877,25.76197]},"properties":{"n":"Tortilleria Don Toño","s":"denue,places","t":"tortilleria"}},{"type":"Feature","geometry":{"type":"Point","coordinates":[-100.166844,25.758808]},"properties":{"n":"Tortilleria Esmeralda","s":"denue","t":"tortilleria"}},{"type":"Feature","geometry":{"type":"Point","coordinates":[-100.235089,25.686891]},"properties":{"n":"Tortilleria Providencial","s":"denue,places","t":"tortilleria"}},{"type":"Feature","geometry":{"type":"Point","coordinates":[-100.209949,25.68605]},"properties":{"n":"Tortilleria Mana","s":"denue","t":"tortilleria"}},{"type":"Feature","geometry":{"type":"Point","coordinates":[-100.236704,25.721149]},"properties":{"n":"Tortilleria Barbosa","s":"denue","t":"tortilleria"}},{"type":"Feature","geometry":{"type":"Point","coordinates":[-100.154993,25.725645]},"properties":{"n":"Tortilleria Mision Real","s":"denue,places","t":"tortilleria"}},{"type":"Feature","geometry":{"type":"Point","coordinates":[-100.194536,25.741665]},"properties":{"n":"Tortilleria La Reyna","s":"denue","t":"tortilleria"}},{"type":"Feature","geometry":{"type":"Point","coordinates":[-100.186581,25.732698]},"properties":{"n":"Tortilleria La Esperanza","s":"denue,places","t":"tortilleria"}},{"type":"Feature","geometry":{"type":"Point","coordinates":[-100.401374,25.747168]},"properties":{"n":"Tortilleria Real","s":"denue","t":"tortilleria"}},{"type":"Feature","geometry":{"type":"Point","coordinates":[-100.367604,25.760809]},"properties":{"n":"Tortilleria Talleres","s":"denue","t":"tortilleria"}},{"type":"Feature","geometry":{"type":"Point","coordinates":[-100.382785,25.734005]},"properties":{"n":"Tortilleria El Molino","s":"denue,places","t":"tortilleria"}},{"type":"Feature","geometry":{"type":"Point","coordinates":[-100.36068,25.769754]},"properties":{"n":"Tortilleria Cheque","s":"denue","t":"tortilleria"}},{"type":"Feature","geometry":{"type":"Point","coordinates":[-100.360254,25.767452]},"properties":{"n":"Tortilleria Nueva Imagen","s":"denue","t":"tortilleria"}},{"type":"Feature","geometry":{"type":"Point","coordinates":[-100.371168,25.750296]},"properties":{"n":"Tortilleria Mundo","s":"denue,places","t":"tortilleria"}},{"type":"Feature","geometry":{"type":"Point","coordinates":[-100.375814,25.742099]},"properties":{"n":"Tortilleria La Aurora","s":"denue","t":"tortilleria"}},{"type":"Feature","geometry":{"type":"Point","coordinates":[-100.372637,25.770238]},"properties":{"n":"Tortilleria Sin Nombre","s":"denue","t":"tortilleria"}},{"type":"Feature","geometry":{"type":"Point","coordinates":[-100.382428,25.779948]},"properties":{"n":"Tortilleria Rodriguez","s":"denue","t":"tortilleria"}},{"type":"Feature","geometry":{"type":"Point","coordinates":[-100.387835,25.758419]},"properties":{"n":"Tortilleria Medrano","s":"denue","t":"tortilleria"}},{"type":"Feature","geometry":{"type":"Point","coordinates":[-100.403034,25.778691]},"properties":{"n":"Tortilleria Sin Nombre","s":"denue","t":"tortilleria"}},{"type":"Feature","geometry":{"type":"Point","coordinates":[-100.373221,25.773884]},"properties":{"n":"Tortilleria Palomos","s":"denue,places","t":"tortilleria"}},{"type":"Feature","geometry":{"type":"Point","coordinates":[-100.414861,25.775491]},"properties":{"n":"Tortilleria Y Molino La Alianza","s":"denue,places","t":"tortilleria"}},{"type":"Feature","geometry":{"type":"Point","coordinates":[-100.382121,25.752361]},"properties":{"n":"Tortilerria La Paloma","s":"denue","t":"tortilleria"}},{"type":"Feature","geometry":{"type":"Point","coordinates":[-100.357678,25.708496]},"properties":{"n":"Tortilleria Burocratas","s":"denue","t":"tortilleria"}},{"type":"Feature","geometry":{"type":"Point","coordinates":[-100.28925,25.659764]},"properties":{"n":"Tortilleria Loma Alta","s":"denue,places","t":"tortilleria"}},{"type":"Feature","geometry":{"type":"Point","coordinates":[-100.32458,25.722876]},"properties":{"n":"Tortilleria Lina","s":"denue,places","t":"tortilleria"}},{"type":"Feature","geometry":{"type":"Point","coordinates":[-100.356347,25.712739]},"properties":{"n":"Tortilleria Nueva Iglaterra","s":"denue,places","t":"tortilleria"}},{"type":"Feature","geometry":{"type":"Point","coordinates":[-100.635451,25.804566]},"properties":{"n":"Tortilleria La Paz","s":"denue,places","t":"tortilleria"}},{"type":"Feature","geometry":{"type":"Point","coordinates":[-100.637125,25.805992]},"properties":{"n":"Tortilleria Lety","s":"denue","t":"tortilleria"}},{"type":"Feature","geometry":{"type":"Point","coordinates":[-100.09849,25.68954]},"properties":{"n":"Tortilleria Chayo","s":"denue","t":"tortilleria"}},{"type":"Feature","geometry":{"type":"Point","coordinates":[-100.293489,25.803426]},"properties":{"n":"Tortilleria Niños Heroes","s":"denue,places","t":"tortilleria"}},{"type":"Feature","geometry":{"type":"Point","coordinates":[-100.332757,25.734477]},"properties":{"n":"Tortilleria Emiliano Zapata","s":"denue","t":"tortilleria"}},{"type":"Feature","geometry":{"type":"Point","coordinates":[-100.244176,25.591388]},"properties":{"n":"Tortilleria San Isidro","s":"denue,places","t":"tortilleria"}},{"type":"Feature","geometry":{"type":"Point","coordinates":[-100.159316,25.670745]},"properties":{"n":"Tortilleria Diagonal","s":"denue","t":"tortilleria"}},{"type":"Feature","geometry":{"type":"Point","coordinates":[-100.147737,25.670355]},"properties":{"n":"Tortilleria Evolucion","s":"denue","t":"tortilleria"}},{"type":"Feature","geometry":{"type":"Point","coordinates":[-100.595114,25.776438]},"properties":{"n":"Tortilleria Del Prado","s":"denue,places","t":"tortilleria"}},{"type":"Feature","geometry":{"type":"Point","coordinates":[-100.378815,25.795126]},"properties":{"n":"Tortilleria Y Molino Ranchito","s":"denue","t":"tortilleria"}},{"type":"Feature","geometry":{"type":"Point","coordinates":[-100.246247,25.701847]},"properties":{"n":"Tortilleria Peña","s":"denue,places","t":"tortilleria"}},{"type":"Feature","geometry":{"type":"Point","coordinates":[-100.311911,25.657135]},"properties":{"n":"Tortilleria Dani","s":"denue,places","t":"tortilleria"}},{"type":"Feature","geometry":{"type":"Point","coordinates":[-100.302253,25.66101]},"properties":{"n":"Tortilleria La Cabaña","s":"denue","t":"tortilleria"}},{"type":"Feature","geometry":{"type":"Point","coordinates":[-100.334796,25.808558]},"properties":{"n":"Tortilleria La Providencia","s":"denue","t":"tortilleria"}},{"type":"Feature","geometry":{"type":"Point","coordinates":[-100.614302,25.819861]},"properties":{"n":"Tortilleria Lety","s":"denue","t":"tortilleria"}},{"type":"Feature","geometry":{"type":"Point","coordinates":[-100.458441,25.691863]},"properties":{"n":"Tortilleria Rico","s":"denue","t":"tortilleria"}},{"type":"Feature","geometry":{"type":"Point","coordinates":[-100.463132,25.699784]},"properties":{"n":"Tortilleria El Molino","s":"denue","t":"tortilleria"}},{"type":"Feature","geometry":{"type":"Point","coordinates":[-100.462855,25.697321]},"properties":{"n":"Tortilleria Lalo","s":"denue,places","t":"tortilleria"}},{"type":"Feature","geometry":{"type":"Point","coordinates":[-100.245937,25.745818]},"properties":{"n":"Tortillas De Harina","s":"denue","t":"tortilleria"}},{"type":"Feature","geometry":{"type":"Point","coordinates":[-100.168575,25.62391]},"properties":{"n":"Tortilleria Beltran","s":"denue","t":"tortilleria"}},{"type":"Feature","geometry":{"type":"Point","coordinates":[-100.152435,25.648396]},"properties":{"n":"Tortilleria Victoria","s":"denue","t":"tortilleria"}},{"type":"Feature","geometry":{"type":"Point","coordinates":[-100.18701,25.6372]},"properties":{"n":"Tortilleria Durango","s":"denue,places","t":"tortilleria"}},{"type":"Feature","geometry":{"type":"Point","coordinates":[-100.413057,25.763119]},"properties":{"n":"Tortilleria El Molino","s":"denue","t":"tortilleria"}},{"type":"Feature","geometry":{"type":"Point","coordinates":[-100.162326,25.610036]},"properties":{"n":"Tortilleria Esperanza","s":"denue","t":"tortilleria"}},{"type":"Feature","geometry":{"type":"Point","coordinates":[-100.380767,25.754821]},"properties":{"n":"Tortilleria Perla","s":"denue","t":"tortilleria"}},{"type":"Feature","geometry":{"type":"Point","coordinates":[-100.326674,25.705973]},"properties":{"n":"Tortilleria Angel","s":"denue,places","t":"tortilleria"}},{"type":"Feature","geometry":{"type":"Point","coordinates":[-100.323275,25.708876]},"properties":{"n":"Tortilleria Garza","s":"denue","t":"tortilleria"}},{"type":"Feature","geometry":{"type":"Point","coordinates":[-100.403337,25.755941]},"properties":{"n":"Tortilleria Reny","s":"denue,places","t":"tortilleria"}},{"type":"Feature","geometry":{"type":"Point","coordinates":[-100.230815,25.820326]},"properties":{"n":"Tortilleria Grano De Oro","s":"denue","t":"tortilleria"}},{"type":"Feature","geometry":{"type":"Point","coordinates":[-100.394924,25.796411]},"properties":{"n":"Tortilleria Sin Nombre","s":"denue","t":"tortilleria"}},{"type":"Feature","geometry":{"type":"Point","coordinates":[-100.38181,25.7934]},"properties":{"n":"Tortilleria","s":"denue","t":"tortilleria"}},{"type":"Feature","geometry":{"type":"Point","coordinates":[-100.156539,25.728974]},"properties":{"n":"Tortilleria Mision Real","s":"denue","t":"tortilleria"}},{"type":"Feature","geometry":{"type":"Point","coordinates":[-100.553244,25.789992]},"properties":{"n":"Tortilleria Los Heroes","s":"denue,places","t":"tortilleria"}},{"type":"Feature","geometry":{"type":"Point","coordinates":[-100.420265,25.792639]},"properties":{"n":"Tortilleria Efrain","s":"denue","t":"tortilleria"}},{"type":"Feature","geometry":{"type":"Point","coordinates":[-100.442053,25.687268]},"properties":{"n":"Tortilleria Villanueva","s":"denue,places","t":"tortilleria"}},{"type":"Feature","geometry":{"type":"Point","coordinates":[-100.464088,25.698116]},"properties":{"n":"Tortilleria Sin Nombre","s":"denue,places","t":"tortilleria"}},{"type":"Feature","geometry":{"type":"Point","coordinates":[-100.372773,25.782522]},"properties":{"n":"Tortilleria Juan De Dios","s":"denue","t":"tortilleria"}},{"type":"Feature","geometry":{"type":"Point","coordinates":[-100.126698,25.635218]},"properties":{"n":"Tortilleria La Milpa","s":"denue,places","t":"tortilleria"}},{"type":"Feature","geometry":{"type":"Point","coordinates":[-100.342967,25.696389]},"properties":{"n":"Tortilleria La Victoria","s":"denue,places","t":"tortilleria"}},{"type":"Feature","geometry":{"type":"Point","coordinates":[-100.270731,25.639626]},"properties":{"n":"Tortilleria Treviño","s":"denue,places","t":"tortilleria"}},{"type":"Feature","geometry":{"type":"Point","coordinates":[-100.267159,25.617938]},"properties":{"n":"Tortilleria Y Molino Los Reyes","s":"denue","t":"tortilleria"}},{"type":"Feature","geometry":{"type":"Point","coordinates":[-100.259503,25.753377]},"properties":{"n":"Venta De Ropa Sin Nombre","s":"denue","t":"tortilleria"}},{"type":"Feature","geometry":{"type":"Point","coordinates":[-100.330732,25.772236]},"properties":{"n":"Tortilleria Triple A","s":"denue","t":"tortilleria"}},{"type":"Feature","geometry":{"type":"Point","coordinates":[-100.267313,25.736989]},"properties":{"n":"Tortillerialos Andes","s":"denue,places","t":"tortilleria"}},{"type":"Feature","geometry":{"type":"Point","coordinates":[-100.590804,25.824174]},"properties":{"n":"Tortilleria Paola","s":"denue","t":"tortilleria"}},{"type":"Feature","geometry":{"type":"Point","coordinates":[-100.309727,25.787222]},"properties":{"n":"Tortilleria Los Pinos","s":"denue,places","t":"tortilleria"}},{"type":"Feature","geometry":{"type":"Point","coordinates":[-100.245405,25.818267]},"properties":{"n":"Tortilleria La Conquista","s":"denue,places","t":"tortilleria"}},{"type":"Feature","geometry":{"type":"Point","coordinates":[-100.235003,25.793836]},"properties":{"n":"Tortilleria Erika","s":"denue,places","t":"tortilleria"}},{"type":"Feature","geometry":{"type":"Point","coordinates":[-100.240815,25.750794]},"properties":{"n":"La Hacienda","s":"denue,places","t":"tortilleria"}},{"type":"Feature","geometry":{"type":"Point","coordinates":[-100.45086,25.689784]},"properties":{"n":"Tortilleria Central","s":"denue","t":"tortilleria"}},{"type":"Feature","geometry":{"type":"Point","coordinates":[-100.190233,25.695955]},"properties":{"n":"Molino El Tractor","s":"denue","t":"tortilleria"}},{"type":"Feature","geometry":{"type":"Point","coordinates":[-100.381724,25.77173]},"properties":{"n":"Tortilleria La Pasadita","s":"denue","t":"tortilleria"}},{"type":"Feature","geometry":{"type":"Point","coordinates":[-100.358259,25.749882]},"properties":{"n":"Tortilleria Los Caches","s":"denue","t":"tortilleria"}},{"type":"Feature","geometry":{"type":"Point","coordinates":[-100.364998,25.770892]},"properties":{"n":"Tortilleria Apolo","s":"denue,places","t":"tortilleria"}},{"type":"Feature","geometry":{"type":"Point","coordinates":[-100.364262,25.769266]},"properties":{"n":"Abarrotes Quiroz","s":"denue,places","t":"tortilleria"}},{"type":"Feature","geometry":{"type":"Point","coordinates":[-100.36139,25.768742]},"properties":{"n":"Tortilleria Rojo","s":"denue","t":"tortilleria"}},{"type":"Feature","geometry":{"type":"Point","coordinates":[-100.387431,25.739427]},"properties":{"n":"Tortilleria Melissa","s":"denue,places","t":"tortilleria"}},{"type":"Feature","geometry":{"type":"Point","coordinates":[-100.358384,25.757808]},"properties":{"n":"Tortilleria D Uri","s":"denue","t":"tortilleria"}},{"type":"Feature","geometry":{"type":"Point","coordinates":[-100.248594,25.676828]},"properties":{"n":"Tortilleria Milo","s":"denue,places","t":"tortilleria"}},{"type":"Feature","geometry":{"type":"Point","coordinates":[-100.238443,25.665185]},"properties":{"n":"Tortilleria La Cruz","s":"denue","t":"tortilleria"}},{"type":"Feature","geometry":{"type":"Point","coordinates":[-100.111279,25.688216]},"properties":{"n":"Tortilleria Los Pacos","s":"denue,places","t":"tortilleria"}},{"type":"Feature","geometry":{"type":"Point","coordinates":[-100.060326,25.644601]},"properties":{"n":"Tortilleria La Riquita","s":"denue","t":"tortilleria"}},{"type":"Feature","geometry":{"type":"Point","coordinates":[-100.267432,25.731323]},"properties":{"n":"Tortilleria De La Torre","s":"denue,places","t":"tortilleria"}},{"type":"Feature","geometry":{"type":"Point","coordinates":[-100.514906,25.705863]},"properties":{"n":"Tortilleria Cisneros","s":"denue","t":"tortilleria"}},{"type":"Feature","geometry":{"type":"Point","coordinates":[-100.452871,25.65991]},"properties":{"n":"Tortilleria Huasteca","s":"denue","t":"tortilleria"}},{"type":"Feature","geometry":{"type":"Point","coordinates":[-100.191184,25.736475]},"properties":{"n":"Tortilleria Emmanuel","s":"denue","t":"tortilleria"}},{"type":"Feature","geometry":{"type":"Point","coordinates":[-100.493569,25.791639]},"properties":{"n":"Tortilleria Minerales","s":"denue,places","t":"tortilleria"}},{"type":"Feature","geometry":{"type":"Point","coordinates":[-100.2418,25.782013]},"properties":{"n":"Tortilleria Isabella","s":"denue,places","t":"tortilleria"}},{"type":"Feature","geometry":{"type":"Point","coordinates":[-100.058406,25.795136]},"properties":{"n":"Tortilleria Mariali","s":"denue,places,osm","t":"tortilleria"}},{"type":"Feature","geometry":{"type":"Point","coordinates":[-100.262261,25.808241]},"properties":{"n":"Tortilleria Y Molino Zuriel","s":"denue,places","t":"tortilleria"}},{"type":"Feature","geometry":{"type":"Point","coordinates":[-100.239095,25.800976]},"properties":{"n":"Tortilleria Las Tarascas","s":"denue,places","t":"tortilleria"}},{"type":"Feature","geometry":{"type":"Point","coordinates":[-100.252636,25.793324]},"properties":{"n":"Tortilleria Edna","s":"denue,places","t":"tortilleria"}},{"type":"Feature","geometry":{"type":"Point","coordinates":[-100.255446,25.781374]},"properties":{"n":"Tortilleria Morenos","s":"denue","t":"tortilleria"}},{"type":"Feature","geometry":{"type":"Point","coordinates":[-100.253688,25.780748]},"properties":{"n":"Tortilleria Y Molino Toñita","s":"denue,places","t":"tortilleria"}},{"type":"Feature","geometry":{"type":"Point","coordinates":[-100.23366,25.774842]},"properties":{"n":"Tortilleria Dana","s":"denue","t":"tortilleria"}},{"type":"Feature","geometry":{"type":"Point","coordinates":[-100.271741,25.806795]},"properties":{"n":"Tortilleria Sin Nombre","s":"denue","t":"tortilleria"}},{"type":"Feature","geometry":{"type":"Point","coordinates":[-100.566756,25.802458]},"properties":{"n":"Tortilleria Mari","s":"denue,places","t":"tortilleria"}},{"type":"Feature","geometry":{"type":"Point","coordinates":[-100.568028,25.786971]},"properties":{"n":"Tortilleria Del Sol","s":"denue,places","t":"tortilleria"}},{"type":"Feature","geometry":{"type":"Point","coordinates":[-100.565494,25.799019]},"properties":{"n":"Tortilleria El Maiz De Oro","s":"denue,places","t":"tortilleria"}},{"type":"Feature","geometry":{"type":"Point","coordinates":[-100.620268,25.810445]},"properties":{"n":"Tortilleria Juan","s":"denue","t":"tortilleria"}},{"type":"Feature","geometry":{"type":"Point","coordinates":[-100.576598,25.798106]},"properties":{"n":"Tortilleria La Morena","s":"denue,places","t":"tortilleria"}},{"type":"Feature","geometry":{"type":"Point","coordinates":[-100.543374,25.803775]},"properties":{"n":"Tortilleria Portal","s":"denue,places","t":"tortilleria"}},{"type":"Feature","geometry":{"type":"Point","coordinates":[-100.426581,25.777111]},"properties":{"n":"Tortillas Con Amor La Providencia","s":"denue","t":"tortilleria"}},{"type":"Feature","geometry":{"type":"Point","coordinates":[-100.305856,25.801801]},"properties":{"n":"Tortilleria Garza","s":"denue","t":"tortilleria"}},{"type":"Feature","geometry":{"type":"Point","coordinates":[-100.559778,25.791574]},"properties":{"n":"De Leon Tortilleria Y Molino","s":"denue,places","t":"tortilleria"}},{"type":"Feature","geometry":{"type":"Point","coordinates":[-100.559337,25.791467]},"properties":{"n":"Tortilleria Los Angeles","s":"denue","t":"tortilleria"}},{"type":"Feature","geometry":{"type":"Point","coordinates":[-100.33193,25.780653]},"properties":{"n":"Tortilleria San Genaro","s":"denue","t":"tortilleria"}},{"type":"Feature","geometry":{"type":"Point","coordinates":[-100.312715,25.65921]},"properties":{"n":"Tortilleria La Fe","s":"denue","t":"tortilleria"}},{"type":"Feature","geometry":{"type":"Point","coordinates":[-100.157841,25.625798]},"properties":{"n":"Tortilleria Garcia","s":"denue","t":"tortilleria"}},{"type":"Feature","geometry":{"type":"Point","coordinates":[-100.078378,25.653674]},"properties":{"n":"Tortilleria La Chula","s":"denue","t":"tortilleria"}},{"type":"Feature","geometry":{"type":"Point","coordinates":[-100.092248,25.643069]},"properties":{"n":"Tortilleria La Pasadita","s":"denue","t":"tortilleria"}},{"type":"Feature","geometry":{"type":"Point","coordinates":[-100.102247,25.643195]},"properties":{"n":"Tortilleria La Escuela","s":"denue","t":"tortilleria"}},{"type":"Feature","geometry":{"type":"Point","coordinates":[-100.0919,25.679312]},"properties":{"n":"Tortilleria El Primo","s":"denue","t":"tortilleria"}},{"type":"Feature","geometry":{"type":"Point","coordinates":[-100.153339,25.610149]},"properties":{"n":"Tortilleria Angel","s":"denue","t":"tortilleria"}},{"type":"Feature","geometry":{"type":"Point","coordinates":[-100.173625,25.615552]},"properties":{"n":"Tortilleria Posada","s":"denue","t":"tortilleria"}},{"type":"Feature","geometry":{"type":"Point","coordinates":[-100.203451,25.664575]},"properties":{"n":"Tortillas De Harina","s":"denue","t":"tortilleria"}},{"type":"Feature","geometry":{"type":"Point","coordinates":[-100.231843,25.668504]},"properties":{"n":"Tortilleria Y Molino Mary Sandra","s":"denue","t":"tortilleria"}},{"type":"Feature","geometry":{"type":"Point","coordinates":[-100.240975,25.705688]},"properties":{"n":"Tortilleria Lux","s":"denue","t":"tortilleria"}},{"type":"Feature","geometry":{"type":"Point","coordinates":[-100.363048,25.808492]},"properties":{"n":"Tortilleria Y Molino Las Torres","s":"denue","t":"tortilleria"}},{"type":"Feature","geometry":{"type":"Point","coordinates":[-100.228008,25.670856]},"properties":{"n":"Elaboracion De Masa Y Tortillas","s":"denue","t":"tortilleria"}},{"type":"Feature","geometry":{"type":"Point","coordinates":[-100.394305,25.671191]},"properties":{"n":"Tortilleria Florita","s":"denue","t":"tortilleria"}},{"type":"Feature","geometry":{"type":"Point","coordinates":[-100.144894,25.706095]},"properties":{"n":"Tortilleria Linares","s":"denue","t":"tortilleria"}},{"type":"Feature","geometry":{"type":"Point","coordinates":[-100.396618,25.800846]},"properties":{"n":"Tortilleria Y Molino Jovita","s":"denue","t":"tortilleria"}},{"type":"Feature","geometry":{"type":"Point","coordinates":[-100.421803,25.792926]},"properties":{"n":"Tortilleria La Fe","s":"denue,places","t":"tortilleria"}},{"type":"Feature","geometry":{"type":"Point","coordinates":[-100.153418,25.714476]},"properties":{"n":"Tortilleria Los Olivos","s":"denue,places","t":"tortilleria"}},{"type":"Feature","geometry":{"type":"Point","coordinates":[-100.296284,25.635196]},"properties":{"n":"Tortilleria La Unica","s":"denue","t":"tortilleria"}},{"type":"Feature","geometry":{"type":"Point","coordinates":[-100.270967,25.613906]},"properties":{"n":"Tortilleria Veronica","s":"denue","t":"tortilleria"}},{"type":"Feature","geometry":{"type":"Point","coordinates":[-100.326437,25.661071]},"properties":{"n":"Tortilleria Zarco","s":"denue","t":"tortilleria"}},{"type":"Feature","geometry":{"type":"Point","coordinates":[-100.185411,25.725225]},"properties":{"n":"Tortilleria Jireh","s":"denue","t":"tortilleria"}},{"type":"Feature","geometry":{"type":"Point","coordinates":[-100.188534,25.73709]},"properties":{"n":"Tortilleria San Pedro","s":"denue","t":"tortilleria"}},{"type":"Feature","geometry":{"type":"Point","coordinates":[-100.434713,25.779629]},"properties":{"n":"La Guadalupana","s":"denue,places","t":"tortilleria"}},{"type":"Feature","geometry":{"type":"Point","coordinates":[-100.335288,25.787308]},"properties":{"n":"Tortilleria Lupita","s":"denue","t":"tortilleria"}},{"type":"Feature","geometry":{"type":"Point","coordinates":[-100.303427,25.758572]},"properties":{"n":"Tortilleria Las Torres","s":"denue,places","t":"tortilleria"}},{"type":"Feature","geometry":{"type":"Point","coordinates":[-100.467052,25.784477]},"properties":{"n":"Tortilleria Ulises","s":"denue","t":"tortilleria"}},{"type":"Feature","geometry":{"type":"Point","coordinates":[-100.557216,25.791333]},"properties":{"n":"Tortilleria San Jose","s":"denue,places","t":"tortilleria"}},{"type":"Feature","geometry":{"type":"Point","coordinates":[-100.165239,25.656709]},"properties":{"n":"Tortilleria Leo","s":"denue,places","t":"tortilleria"}},{"type":"Feature","geometry":{"type":"Point","coordinates":[-100.203243,25.667809]},"properties":{"n":"Tortilleria Justin","s":"denue","t":"tortilleria"}},{"type":"Feature","geometry":{"type":"Point","coordinates":[-100.132782,25.755717]},"properties":{"n":"Tortilleria Lapredilecta","s":"denue","t":"tortilleria"}},{"type":"Feature","geometry":{"type":"Point","coordinates":[-100.276637,25.75295]},"properties":{"n":"Tortilleria Flores","s":"denue","t":"tortilleria"}},{"type":"Feature","geometry":{"type":"Point","coordinates":[-100.392355,25.756596]},"properties":{"n":"Tortilleria Ramos","s":"denue,places","t":"tortilleria"}},{"type":"Feature","geometry":{"type":"Point","coordinates":[-100.258601,25.753439]},"properties":{"n":"Molino Y Venta De Masa","s":"denue","t":"tortilleria"}},{"type":"Feature","geometry":{"type":"Point","coordinates":[-100.328712,25.737159]},"properties":{"n":"Tortilleria Mario","s":"denue,places","t":"tortilleria"}},{"type":"Feature","geometry":{"type":"Point","coordinates":[-100.171187,25.762987]},"properties":{"n":"Tortilleria Chumato","s":"denue","t":"tortilleria"}},{"type":"Feature","geometry":{"type":"Point","coordinates":[-100.32508,25.730309]},"properties":{"n":"Tortilleria Mendez","s":"denue","t":"tortilleria"}},{"type":"Feature","geometry":{"type":"Point","coordinates":[-100.104124,25.629555]},"properties":{"n":"Tortilleria La Hacienda","s":"denue","t":"tortilleria"}},{"type":"Feature","geometry":{"type":"Point","coordinates":[-100.189878,25.69732]},"properties":{"n":"Tortilleria Alvarez","s":"denue,places","t":"tortilleria"}},{"type":"Feature","geometry":{"type":"Point","coordinates":[-100.266666,25.620908]},"properties":{"n":"Tortilleria El Cerrito","s":"denue","t":"tortilleria"}},{"type":"Feature","geometry":{"type":"Point","coordinates":[-100.281439,25.669263]},"properties":{"n":"Tortilleria Progreso","s":"denue","t":"tortilleria"}},{"type":"Feature","geometry":{"type":"Point","coordinates":[-100.286261,25.697268]},"properties":{"n":"Tortilleria San Angel","s":"denue","t":"tortilleria"}},{"type":"Feature","geometry":{"type":"Point","coordinates":[-100.170619,25.623765]},"properties":{"n":"Tortilleria La Tres Estrellas","s":"denue","t":"tortilleria"}},{"type":"Feature","geometry":{"type":"Point","coordinates":[-100.277543,25.682235]},"properties":{"n":"Torteria Ontiveros","s":"denue","t":"tortilleria"}},{"type":"Feature","geometry":{"type":"Point","coordinates":[-100.272322,25.660513]},"properties":{"n":"Tortilleria La Valeria","s":"denue,places","t":"tortilleria"}},{"type":"Feature","geometry":{"type":"Point","coordinates":[-100.341588,25.806181]},"properties":{"n":"Tortilleria El Paisa","s":"denue","t":"tortilleria"}},{"type":"Feature","geometry":{"type":"Point","coordinates":[-100.295303,25.795331]},"properties":{"n":"Molino De Nixtamal Sin Nombre","s":"denue","t":"tortilleria"}},{"type":"Feature","geometry":{"type":"Point","coordinates":[-100.310917,25.779744]},"properties":{"n":"Tortilleria Nexxus","s":"denue,places","t":"tortilleria"}},{"type":"Feature","geometry":{"type":"Point","coordinates":[-100.382645,25.739746]},"properties":{"n":"Tortilleria Lupita","s":"denue,places","t":"tortilleria"}},{"type":"Feature","geometry":{"type":"Point","coordinates":[-100.413036,25.785586]},"properties":{"n":"Tortilleria Celeste","s":"denue","t":"tortilleria"}},{"type":"Feature","geometry":{"type":"Point","coordinates":[-100.387217,25.739386]},"properties":{"n":"Bodega Auxiliar Sin Nombre","s":"denue","t":"tortilleria"}},{"type":"Feature","geometry":{"type":"Point","coordinates":[-100.381413,25.739824]},"properties":{"n":"Molino Denixtamal Doña Mireya","s":"denue","t":"tortilleria"}},{"type":"Feature","geometry":{"type":"Point","coordinates":[-100.294647,25.664128]},"properties":{"n":"Tortilleria Maury","s":"denue,places","t":"tortilleria"}},{"type":"Feature","geometry":{"type":"Point","coordinates":[-100.183972,25.665406]},"properties":{"n":"Tortilleria Casillas","s":"denue","t":"tortilleria"}},{"type":"Feature","geometry":{"type":"Point","coordinates":[-100.293398,25.757436]},"properties":{"n":"Tortilleria","s":"denue","t":"tortilleria"}},{"type":"Feature","geometry":{"type":"Point","coordinates":[-100.458828,25.69858]},"properties":{"n":"Tortilleria San Lorenzo","s":"denue,places","t":"tortilleria"}},{"type":"Feature","geometry":{"type":"Point","coordinates":[-100.139312,25.762084]},"properties":{"n":"Venta De Masa","s":"denue","t":"tortilleria"}},{"type":"Feature","geometry":{"type":"Point","coordinates":[-100.184969,25.742085]},"properties":{"n":"Tortilleria Valle Del Sol","s":"denue","t":"tortilleria"}},{"type":"Feature","geometry":{"type":"Point","coordinates":[-100.189923,25.739364]},"properties":{"n":"Tortilleria Las Chatas","s":"denue,places","t":"tortilleria"}},{"type":"Feature","geometry":{"type":"Point","coordinates":[-100.166364,25.65165]},"properties":{"n":"Tortilleria La Reyna","s":"denue","t":"tortilleria"}},{"type":"Feature","geometry":{"type":"Point","coordinates":[-100.237243,25.721607]},"properties":{"n":"Tortilleria Las Flores","s":"denue","t":"tortilleria"}},{"type":"Feature","geometry":{"type":"Point","coordinates":[-100.333178,25.802244]},"properties":{"n":"Renacimiento","s":"denue,places","t":"tortilleria"}},{"type":"Feature","geometry":{"type":"Point","coordinates":[-100.455946,25.68743]},"properties":{"n":"El Molinito","s":"denue","t":"tortilleria"}},{"type":"Feature","geometry":{"type":"Point","coordinates":[-100.250997,25.782419]},"properties":{"n":"Tortilleria Del Pueblo","s":"denue,places","t":"tortilleria"}},{"type":"Feature","geometry":{"type":"Point","coordinates":[-100.342603,25.714702]},"properties":{"n":"Tortilleria La Mami","s":"denue,places","t":"tortilleria"}},{"type":"Feature","geometry":{"type":"Point","coordinates":[-100.219132,25.671266]},"properties":{"n":"Expendio Aracely","s":"denue","t":"tortilleria"}},{"type":"Feature","geometry":{"type":"Point","coordinates":[-100.091352,25.630593]},"properties":{"n":"Tortilleria Morena","s":"denue","t":"tortilleria"}},{"type":"Feature","geometry":{"type":"Point","coordinates":[-100.604188,25.801525]},"properties":{"n":"Tortilleria Mi Pueblo","s":"denue,places","t":"tortilleria"}},{"type":"Feature","geometry":{"type":"Point","coordinates":[-100.39395,25.799175]},"properties":{"n":"Tortilleria Emanuel","s":"denue","t":"tortilleria"}},{"type":"Feature","geometry":{"type":"Point","coordinates":[-100.36041,25.749383]},"properties":{"n":"Tortilleria La Victoria","s":"denue","t":"tortilleria"}},{"type":"Feature","geometry":{"type":"Point","coordinates":[-100.273953,25.727132]},"properties":{"n":"Tortilleria La Chula","s":"denue","t":"tortilleria"}},{"type":"Feature","geometry":{"type":"Point","coordinates":[-100.369146,25.717168]},"properties":{"n":"Tortilleria San Juan","s":"denue,places","t":"tortilleria"}},{"type":"Feature","geometry":{"type":"Point","coordinates":[-100.236458,25.768036]},"properties":{"n":"Tortilleria Los 2 Amigos","s":"denue","t":"tortilleria"}},{"type":"Feature","geometry":{"type":"Point","coordinates":[-100.222372,25.684036]},"properties":{"n":"Tortilleria Ribera","s":"denue","t":"tortilleria"}},{"type":"Feature","geometry":{"type":"Point","coordinates":[-100.161029,25.759881]},"properties":{"n":"Tortilleria Alvarez","s":"denue","t":"tortilleria"}},{"type":"Feature","geometry":{"type":"Point","coordinates":[-100.399338,25.847861]},"properties":{"n":"Tortilleria","s":"denue,places","t":"tortilleria"}},{"type":"Feature","geometry":{"type":"Point","coordinates":[-100.249682,25.764748]},"properties":{"n":"Tortilleria Las Chatas","s":"denue,places","t":"tortilleria"}},{"type":"Feature","geometry":{"type":"Point","coordinates":[-100.434563,25.66544]},"properties":{"n":"Tortilleria La Rancherita","s":"denue,places","t":"tortilleria"}},{"type":"Feature","geometry":{"type":"Point","coordinates":[-100.094497,25.622295]},"properties":{"n":"Tortilleria Alvarez","s":"denue,places","t":"tortilleria"}},{"type":"Feature","geometry":{"type":"Point","coordinates":[-100.27061,25.808207]},"properties":{"n":"Tortilleria Itzel","s":"denue","t":"tortilleria"}},{"type":"Feature","geometry":{"type":"Point","coordinates":[-100.381869,25.856275]},"properties":{"n":"Tortilleria Luz","s":"denue,places","t":"tortilleria"}},{"type":"Feature","geometry":{"type":"Point","coordinates":[-100.510224,25.704796]},"properties":{"n":"Tortilleria El Molino","s":"denue,places","t":"tortilleria"}},{"type":"Feature","geometry":{"type":"Point","coordinates":[-100.566048,25.788228]},"properties":{"n":"Tortilleria Emanuel","s":"denue,places","t":"tortilleria"}},{"type":"Feature","geometry":{"type":"Point","coordinates":[-100.5623,25.790262]},"properties":{"n":"Tortilleria Audi","s":"denue","t":"tortilleria"}},{"type":"Feature","geometry":{"type":"Point","coordinates":[-100.143673,25.621008]},"properties":{"n":"Tortilleria","s":"denue,places","t":"tortilleria"}},{"type":"Feature","geometry":{"type":"Point","coordinates":[-100.169859,25.64202]},"properties":{"n":"Tortilleria El Rosario","s":"denue","t":"tortilleria"}},{"type":"Feature","geometry":{"type":"Point","coordinates":[-100.081428,25.650597]},"properties":{"n":"Tortilleria Guera","s":"denue","t":"tortilleria"}},{"type":"Feature","geometry":{"type":"Point","coordinates":[-100.287941,25.627342]},"properties":{"n":"Grupo Lirdel","s":"denue,places","t":"tortilleria"}},{"type":"Feature","geometry":{"type":"Point","coordinates":[-100.251454,25.775472]},"properties":{"n":"Tortilleria Carlos","s":"denue","t":"tortilleria"}},{"type":"Feature","geometry":{"type":"Point","coordinates":[-100.259598,25.696235]},"properties":{"n":"Montemaiz","s":"denue","t":"tortilleria"}},{"type":"Feature","geometry":{"type":"Point","coordinates":[-100.058061,25.642642]},"properties":{"n":"Tortilleria Mirador","s":"denue,places","t":"tortilleria"}},{"type":"Feature","geometry":{"type":"Point","coordinates":[-100.251474,25.775472]},"properties":{"n":"Tortilleria Los Pinos","s":"denue,places","t":"tortilleria"}},{"type":"Feature","geometry":{"type":"Point","coordinates":[-100.480869,25.798199]},"properties":{"n":"Tortilleria","s":"denue","t":"tortilleria"}},{"type":"Feature","geometry":{"type":"Point","coordinates":[-100.312338,25.859499]},"properties":{"n":"Tortilleria Ebenezer","s":"denue,places","t":"tortilleria"}},{"type":"Feature","geometry":{"type":"Point","coordinates":[-100.370994,25.842046]},"properties":{"n":"Tortilleria Y Molino La Grulla","s":"denue","t":"tortilleria"}},{"type":"Feature","geometry":{"type":"Point","coordinates":[-100.138396,25.741855]},"properties":{"n":"Molino Santos","s":"denue","t":"tortilleria"}},{"type":"Feature","geometry":{"type":"Point","coordinates":[-100.586736,25.784267]},"properties":{"n":"Tortilleria La Escondida","s":"denue","t":"tortilleria"}},{"type":"Feature","geometry":{"type":"Point","coordinates":[-100.592247,25.787816]},"properties":{"n":"Masa Yola","s":"denue","t":"tortilleria"}},{"type":"Feature","geometry":{"type":"Point","coordinates":[-100.374394,25.852544]},"properties":{"n":"Tortillas Paraiso","s":"denue","t":"tortilleria"}},{"type":"Feature","geometry":{"type":"Point","coordinates":[-100.072809,25.650376]},"properties":{"n":"Tortilleria Aday","s":"denue","t":"tortilleria"}},{"type":"Feature","geometry":{"type":"Point","coordinates":[-100.373292,25.845642]},"properties":{"n":"Tortillas De Harina Y Venta De Frijoles Cosidos","s":"denue","t":"tortilleria"}},{"type":"Feature","geometry":{"type":"Point","coordinates":[-100.105189,25.627332]},"properties":{"n":"Tortilleria Jayso","s":"denue,places","t":"tortilleria"}},{"type":"Feature","geometry":{"type":"Point","coordinates":[-100.078465,25.67225]},"properties":{"n":"Tortilleria Junior","s":"denue","t":"tortilleria"}},{"type":"Feature","geometry":{"type":"Point","coordinates":[-100.236213,25.788733]},"properties":{"n":"Tortilleria Los Ebanos","s":"denue,places","t":"tortilleria"}},{"type":"Feature","geometry":{"type":"Point","coordinates":[-100.338498,25.794529]},"properties":{"n":"Tortilleria Monte Horeb","s":"denue,places","t":"tortilleria"}},{"type":"Feature","geometry":{"type":"Point","coordinates":[-100.143427,25.855286]},"properties":{"n":"Tortilleria Y Abarrotes San Jose","s":"denue,places","t":"tortilleria"}},{"type":"Feature","geometry":{"type":"Point","coordinates":[-100.1729,25.656947]},"properties":{"n":"Tortilleria Alvarez","s":"denue,places","t":"tortilleria"}},{"type":"Feature","geometry":{"type":"Point","coordinates":[-100.167291,25.61913]},"properties":{"n":"Tortilleria Guajardo","s":"denue,places","t":"tortilleria"}},{"type":"Feature","geometry":{"type":"Point","coordinates":[-100.384052,25.779858]},"properties":{"n":"Tortilleria Moderna","s":"denue","t":"tortilleria"}},{"type":"Feature","geometry":{"type":"Point","coordinates":[-100.327999,25.785911]},"properties":{"n":"Tortilleria Y Molino La Espiga","s":"denue","t":"tortilleria"}},{"type":"Feature","geometry":{"type":"Point","coordinates":[-100.205399,25.644759]},"properties":{"n":"Tortilleria Alvarez","s":"denue,places","t":"tortilleria"}},{"type":"Feature","geometry":{"type":"Point","coordinates":[-100.136903,25.663754]},"properties":{"n":"Molino","s":"denue","t":"tortilleria"}},{"type":"Feature","geometry":{"type":"Point","coordinates":[-100.144097,25.727351]},"properties":{"n":"Tortilleria Alpes","s":"denue","t":"tortilleria"}},{"type":"Feature","geometry":{"type":"Point","coordinates":[-100.458997,25.771444]},"properties":{"n":"Tortilleria La Rioja","s":"denue","t":"tortilleria"}},{"type":"Feature","geometry":{"type":"Point","coordinates":[-100.401548,25.787729]},"properties":{"n":"Tortilleria Y Molino La Morena","s":"denue","t":"tortilleria"}},{"type":"Feature","geometry":{"type":"Point","coordinates":[-100.294569,25.753276]},"properties":{"n":"Tortillas Y Tostadas Tlaxcala","s":"denue","t":"tortilleria"}},{"type":"Feature","geometry":{"type":"Point","coordinates":[-100.539752,25.820518]},"properties":{"n":"Tortilleria Hijuesu","s":"denue","t":"tortilleria"}},{"type":"Feature","geometry":{"type":"Point","coordinates":[-100.374501,25.770081]},"properties":{"n":"Bodega De Tortilleria Marco","s":"denue","t":"tortilleria"}},{"type":"Feature","geometry":{"type":"Point","coordinates":[-100.58913,25.80104]},"properties":{"n":"Tortilleria Mazorca","s":"denue","t":"tortilleria"}},{"type":"Feature","geometry":{"type":"Point","coordinates":[-100.254581,25.693947]},"properties":{"n":"Tortilleria Mana","s":"denue,places","t":"tortilleria"}},{"type":"Feature","geometry":{"type":"Point","coordinates":[-100.305721,25.855106]},"properties":{"n":"Tortilleria Treviño","s":"denue","t":"tortilleria"}},{"type":"Feature","geometry":{"type":"Point","coordinates":[-100.138732,25.850678]},"properties":{"n":"Tortilleria Ale","s":"denue,places","t":"tortilleria"}},{"type":"Feature","geometry":{"type":"Point","coordinates":[-100.314231,25.851881]},"properties":{"n":"Tortilleria Los Reyes","s":"denue,places","t":"tortilleria"}},{"type":"Feature","geometry":{"type":"Point","coordinates":[-100.105702,25.645181]},"properties":{"n":"Tortilleria Santos","s":"denue,places","t":"tortilleria"}},{"type":"Feature","geometry":{"type":"Point","coordinates":[-100.176133,25.624527]},"properties":{"n":"Tortilleria Ramones","s":"denue","t":"tortilleria"}},{"type":"Feature","geometry":{"type":"Point","coordinates":[-100.610658,25.801029]},"properties":{"n":"Tortilleria Eduardo","s":"denue","t":"tortilleria"}},{"type":"Feature","geometry":{"type":"Point","coordinates":[-100.480499,25.792082]},"properties":{"n":"Tortilleria Mr","s":"denue","t":"tortilleria"}},{"type":"Feature","geometry":{"type":"Point","coordinates":[-100.097649,25.749172]},"properties":{"n":"Molino De Nixtamal","s":"denue","t":"tortilleria"}},{"type":"Feature","geometry":{"type":"Point","coordinates":[-100.283149,25.629995]},"properties":{"n":"Tortilleria Peniel","s":"denue","t":"tortilleria"}},{"type":"Feature","geometry":{"type":"Point","coordinates":[-100.305578,25.700864]},"properties":{"n":"Tortilleria Los Compadres","s":"denue","t":"tortilleria"}},{"type":"Feature","geometry":{"type":"Point","coordinates":[-100.167084,25.606312]},"properties":{"n":"Tortilleria La Imperial","s":"denue","t":"tortilleria"}},{"type":"Feature","geometry":{"type":"Point","coordinates":[-100.076546,25.595976]},"properties":{"n":"Tortilleria La Paloma","s":"denue","t":"tortilleria"}},{"type":"Feature","geometry":{"type":"Point","coordinates":[-100.48718,25.80673]},"properties":{"n":"Tortilleria Melany","s":"denue","t":"tortilleria"}},{"type":"Feature","geometry":{"type":"Point","coordinates":[-100.143111,25.611181]},"properties":{"n":"Tortilleria Kizu","s":"denue","t":"tortilleria"}},{"type":"Feature","geometry":{"type":"Point","coordinates":[-100.311649,25.872759]},"properties":{"n":"Tortilleria Jailey","s":"denue","t":"tortilleria"}},{"type":"Feature","geometry":{"type":"Point","coordinates":[-100.096154,25.702753]},"properties":{"n":"Tortilleria Gloria","s":"denue","t":"tortilleria"}},{"type":"Feature","geometry":{"type":"Point","coordinates":[-100.115429,25.638437]},"properties":{"n":"Tortilleria Leo","s":"denue","t":"tortilleria"}},{"type":"Feature","geometry":{"type":"Point","coordinates":[-100.594791,25.788886]},"properties":{"n":"Tortilleria Nogales 3","s":"denue","t":"tortilleria"}},{"type":"Feature","geometry":{"type":"Point","coordinates":[-100.592898,25.82407]},"properties":{"n":"Tortilleria Yasser","s":"denue","t":"tortilleria"}},{"type":"Feature","geometry":{"type":"Point","coordinates":[-100.137944,25.761562]},"properties":{"n":"Tortilleria Alvarez","s":"denue","t":"tortilleria"}},{"type":"Feature","geometry":{"type":"Point","coordinates":[-100.384262,25.84786]},"properties":{"n":"Tortilleria La Espiga","s":"denue","t":"tortilleria"}},{"type":"Feature","geometry":{"type":"Point","coordinates":[-100.303073,25.635449]},"properties":{"n":"Tortilleria La Campana","s":"denue","t":"tortilleria"}},{"type":"Feature","geometry":{"type":"Point","coordinates":[-100.41008,25.787963]},"properties":{"n":"Tortilleria La Regia","s":"denue","t":"tortilleria"}},{"type":"Feature","geometry":{"type":"Point","coordinates":[-100.169367,25.625882]},"properties":{"n":"Tortilleria Jimenez","s":"denue","t":"tortilleria"}},{"type":"Feature","geometry":{"type":"Point","coordinates":[-100.251224,25.789554]},"properties":{"n":"Tortilleria Ayana","s":"denue","t":"tortilleria"}},{"type":"Feature","geometry":{"type":"Point","coordinates":[-100.117908,25.747806]},"properties":{"n":"Tortilleria Manantial De Vida","s":"denue","t":"tortilleria"}},{"type":"Feature","geometry":{"type":"Point","coordinates":[-100.308125,25.638688]},"properties":{"n":"Tortilleria La Norteña","s":"denue,places","t":"tortilleria"}},{"type":"Feature","geometry":{"type":"Point","coordinates":[-100.12334,25.823611]},"properties":{"n":"Venta De Masa","s":"denue","t":"tortilleria"}},{"type":"Feature","geometry":{"type":"Point","coordinates":[-100.425212,25.776406]},"properties":{"n":"Tortilleria Villa","s":"denue","t":"tortilleria"}},{"type":"Feature","geometry":{"type":"Point","coordinates":[-100.542344,25.807579]},"properties":{"n":"Tortilleria Alexander","s":"denue,places","t":"tortilleria"}},{"type":"Feature","geometry":{"type":"Point","coordinates":[-100.104368,25.695148]},"properties":{"n":"Tortilleria El Trunfo","s":"denue","t":"tortilleria"}},{"type":"Feature","geometry":{"type":"Point","coordinates":[-100.318733,25.662034]},"properties":{"n":"Tortilleria La Luz","s":"denue,places","t":"tortilleria"}},{"type":"Feature","geometry":{"type":"Point","coordinates":[-100.080523,25.601962]},"properties":{"n":"Tortilleria Grano De Oro","s":"denue","t":"tortilleria"}},{"type":"Feature","geometry":{"type":"Point","coordinates":[-100.309423,25.865428]},"properties":{"n":"Tortilleria Javier","s":"denue","t":"tortilleria"}},{"type":"Feature","geometry":{"type":"Point","coordinates":[-100.274077,25.746723]},"properties":{"n":"Tortilleria Oro Y Miel","s":"denue,places","t":"tortilleria"}},{"type":"Feature","geometry":{"type":"Point","coordinates":[-100.311443,25.798009]},"properties":{"n":"Molino De Nixtamal","s":"denue","t":"tortilleria"}},{"type":"Feature","geometry":{"type":"Point","coordinates":[-100.359502,25.731623]},"properties":{"n":"Tortilleria La Aurora","s":"denue,places","t":"tortilleria"}},{"type":"Feature","geometry":{"type":"Point","coordinates":[-100.310287,25.862356]},"properties":{"n":"Tortilleria Don Chuy","s":"denue","t":"tortilleria"}},{"type":"Feature","geometry":{"type":"Point","coordinates":[-100.244914,25.822152]},"properties":{"n":"Tortilleria Nuevo Amanecer","s":"denue,places","t":"tortilleria"}},{"type":"Feature","geometry":{"type":"Point","coordinates":[-100.405105,25.776657]},"properties":{"n":"Tortilleria Reyna","s":"denue","t":"tortilleria"}},{"type":"Feature","geometry":{"type":"Point","coordinates":[-100.403236,25.792487]},"properties":{"n":"Tortilleria Mendoza","s":"denue","t":"tortilleria"}},{"type":"Feature","geometry":{"type":"Point","coordinates":[-100.390477,25.851329]},"properties":{"n":"Tortilleria Alondra","s":"denue","t":"tortilleria"}},{"type":"Feature","geometry":{"type":"Point","coordinates":[-100.316577,25.860123]},"properties":{"n":"Tortilleria Garcis","s":"denue","t":"tortilleria"}},{"type":"Feature","geometry":{"type":"Point","coordinates":[-100.594452,25.792041]},"properties":{"n":"Tortilleria Sagrado Corazon","s":"denue","t":"tortilleria"}},{"type":"Feature","geometry":{"type":"Point","coordinates":[-100.11632,25.825672]},"properties":{"n":"Tortilleria","s":"denue,places","t":"tortilleria"}},{"type":"Feature","geometry":{"type":"Point","coordinates":[-100.109777,25.752499]},"properties":{"n":"Tortilleria Garcia","s":"denue,places","t":"tortilleria"}},{"type":"Feature","geometry":{"type":"Point","coordinates":[-100.485977,25.778356]},"properties":{"n":"Tortilleria Guadalupe","s":"denue","t":"tortilleria"}},{"type":"Feature","geometry":{"type":"Point","coordinates":[-100.337258,25.702319]},"properties":{"n":"Tortilleria Y Molino Samy","s":"denue","t":"tortilleria"}},{"type":"Feature","geometry":{"type":"Point","coordinates":[-100.399005,25.843866]},"properties":{"n":"Tortilleria Sofia","s":"denue","t":"tortilleria"}},{"type":"Feature","geometry":{"type":"Point","coordinates":[-100.103316,25.752102]},"properties":{"n":"Tortilleria San Juan De Los Lagos","s":"denue","t":"tortilleria"}},{"type":"Feature","geometry":{"type":"Point","coordinates":[-100.305377,25.792119]},"properties":{"n":"Tortilleria La Chiapaneca","s":"denue","t":"tortilleria"}},{"type":"Feature","geometry":{"type":"Point","coordinates":[-100.429508,25.797836]},"properties":{"n":"Tortilleria Don Chema","s":"denue","t":"tortilleria"}},{"type":"Feature","geometry":{"type":"Point","coordinates":[-100.107798,25.823889]},"properties":{"n":"Molino","s":"denue","t":"tortilleria"}},{"type":"Feature","geometry":{"type":"Point","coordinates":[-100.430163,25.68384]},"properties":{"n":"Tortilleria Davison","s":"denue","t":"tortilleria"}},{"type":"Feature","geometry":{"type":"Point","coordinates":[-100.40158,25.819082]},"properties":{"n":"Tortilleria Brigitte","s":"denue,places","t":"tortilleria"}},{"type":"Feature","geometry":{"type":"Point","coordinates":[-100.296892,25.83266]},"properties":{"n":"Venta De Mas","s":"denue","t":"tortilleria"}},{"type":"Feature","geometry":{"type":"Point","coordinates":[-100.396217,25.777946]},"properties":{"n":"Tortilleria","s":"denue","t":"tortilleria"}},{"type":"Feature","geometry":{"type":"Point","coordinates":[-100.380663,25.794252]},"properties":{"n":"Tortilleria El Castillo","s":"denue","t":"tortilleria"}},{"type":"Feature","geometry":{"type":"Point","coordinates":[-100.569433,25.80359]},"properties":{"n":"Tortilleria Bodoque","s":"denue","t":"tortilleria"}},{"type":"Feature","geometry":{"type":"Point","coordinates":[-100.391179,25.847214]},"properties":{"n":"Tortilleria Morales","s":"denue","t":"tortilleria"}},{"type":"Feature","geometry":{"type":"Point","coordinates":[-100.620372,25.814512]},"properties":{"n":"Tortilleria Baruch","s":"denue","t":"tortilleria"}},{"type":"Feature","geometry":{"type":"Point","coordinates":[-100.13663,25.6468]},"properties":{"n":"Tortilleria Olga Lidia","s":"denue,places","t":"tortilleria"}},{"type":"Feature","geometry":{"type":"Point","coordinates":[-100.586158,25.824631]},"properties":{"n":"Tortilleria Bustos","s":"denue","t":"tortilleria"}},{"type":"Feature","geometry":{"type":"Point","coordinates":[-100.147735,25.863775]},"properties":{"n":"Molino Jr","s":"denue","t":"tortilleria"}},{"type":"Feature","geometry":{"type":"Point","coordinates":[-100.255464,25.758066]},"properties":{"n":"Tortilleria El Richard","s":"denue","t":"tortilleria"}},{"type":"Feature","geometry":{"type":"Point","coordinates":[-100.175824,25.729041]},"properties":{"n":"Tortilleria Tamez","s":"denue","t":"tortilleria"}},{"type":"Feature","geometry":{"type":"Point","coordinates":[-100.261646,25.810315]},"properties":{"n":"Nuevo Amanecer","s":"denue","t":"tortilleria"}},{"type":"Feature","geometry":{"type":"Point","coordinates":[-100.168301,25.621384]},"properties":{"n":"Tortilleria De Leon","s":"denue","t":"tortilleria"}},{"type":"Feature","geometry":{"type":"Point","coordinates":[-100.106831,25.820965]},"properties":{"n":"Tortilleria Cisco","s":"denue,places","t":"tortilleria"}},{"type":"Feature","geometry":{"type":"Point","coordinates":[-100.082684,25.603772]},"properties":{"n":"Tortilleria La Paz","s":"denue","t":"tortilleria"}},{"type":"Feature","geometry":{"type":"Point","coordinates":[-100.376601,25.83824]},"properties":{"n":"Tortilleria Sofia","s":"denue","t":"tortilleria"}},{"type":"Feature","geometry":{"type":"Point","coordinates":[-100.158072,25.75813]},"properties":{"n":"Tortillería Los Cuates","s":"places","t":"meal_delivery"}},{"type":"Feature","geometry":{"type":"Point","coordinates":[-100.188846,25.77692]},"properties":{"n":"Tortillas de Harina La Victoria","s":"places","t":"grocery_store"}},{"type":"Feature","geometry":{"type":"Point","coordinates":[-100.196657,25.709026]},"properties":{"n":"Tortilleria Revolucionaría","s":"places","t":"food_store"}},{"type":"Feature","geometry":{"type":"Point","coordinates":[-100.591848,25.775059]},"properties":{"n":"TORTILLAS de HARINA KAREN","s":"places","t":"food_store"}},{"type":"Feature","geometry":{"type":"Point","coordinates":[-100.424914,25.775716]},"properties":{"n":"Tortillería de Harina El Castillo","s":"places","t":"grocery_store"}},{"type":"Feature","geometry":{"type":"Point","coordinates":[-100.6153,25.820411]},"properties":{"n":"TORTILLERÍA LETY","s":"places","t":"convenience_store"}},{"type":"Feature","geometry":{"type":"Point","coordinates":[-100.236481,25.768337]},"properties":{"n":"Tortillería Tito","s":"places","t":"food_store"}},{"type":"Feature","geometry":{"type":"Point","coordinates":[-100.224918,25.675088]},"properties":{"n":"Tortillas de Harina caseras LAS ROSITAS","s":"places","t":"food_store"}},{"type":"Feature","geometry":{"type":"Point","coordinates":[-100.108946,25.661237]},"properties":{"n":"Tortillas El Encanto","s":"places","t":"food_store"}},{"type":"Feature","geometry":{"type":"Point","coordinates":[-100.295914,25.63883]},"properties":{"n":"Tortillería Balcones","s":"places","t":"food_store"}},{"type":"Feature","geometry":{"type":"Point","coordinates":[-100.374999,25.737173]},"properties":{"n":"Tortillería \"Pelicano\"","s":"places","t":"store"}},{"type":"Feature","geometry":{"type":"Point","coordinates":[-100.374145,25.650922]},"properties":{"n":"Tortillas de Harina LUPITA VILLEGAS VALLE","s":"places","t":"grocery_store"}},{"type":"Feature","geometry":{"type":"Point","coordinates":[-100.466024,25.683275]},"properties":{"n":"Tortillería La Chabelita","s":"places","t":"food_store"}},{"type":"Feature","geometry":{"type":"Point","coordinates":[-100.393779,25.774783]},"properties":{"n":"Tortillería y Comidas Real Central (La Central)","s":"places","t":"food_store"}},{"type":"Feature","geometry":{"type":"Point","coordinates":[-100.253443,25.781506]},"properties":{"n":"Tortillería Fresnillo","s":"places","t":"store"}},{"type":"Feature","geometry":{"type":"Point","coordinates":[-100.254826,25.741513]},"properties":{"n":"Tortillería Doña Lucy","s":"places","t":"food_store"}},{"type":"Feature","geometry":{"type":"Point","coordinates":[-100.495856,25.682759]},"properties":{"n":"TORTILLERIA","s":"places","t":"food"}},{"type":"Feature","geometry":{"type":"Point","coordinates":[-100.092112,25.796717]},"properties":{"n":"Tortillería suc. Santa engracia","s":"places","t":"store"}},{"type":"Feature","geometry":{"type":"Point","coordinates":[-100.077943,25.647702]},"properties":{"n":"Tortillería del parque","s":"places","t":"store"}},{"type":"Feature","geometry":{"type":"Point","coordinates":[-100.46271,25.702987]},"properties":{"n":"Tortilleria Hidalgo","s":"places","t":"grocery_store"}},{"type":"Feature","geometry":{"type":"Point","coordinates":[-100.20085,25.661396]},"properties":{"n":"Tortillería Belén","s":"places","t":"food_store"}},{"type":"Feature","geometry":{"type":"Point","coordinates":[-100.576334,25.786557]},"properties":{"n":"Tortilleria Jireh","s":"places","t":"grocery_store"}},{"type":"Feature","geometry":{"type":"Point","coordinates":[-100.384939,25.855197]},"properties":{"n":"Tortilleria Palomo","s":"places","t":"food_store"}},{"type":"Feature","geometry":{"type":"Point","coordinates":[-100.224537,25.718517]},"properties":{"n":"TORTILLERIA El Metate","s":"places","t":"manufacturer"}},{"type":"Feature","geometry":{"type":"Point","coordinates":[-100.458415,25.692144]},"properties":{"n":"Tortilleria Rico 1","s":"places","t":"grocery_store"}},{"type":"Feature","geometry":{"type":"Point","coordinates":[-100.54003,25.818643]},"properties":{"n":"TORTILLERIA HIJUESU","s":"places","t":"food_store"}},{"type":"Feature","geometry":{"type":"Point","coordinates":[-100.39664,25.7815]},"properties":{"n":"Tortillería Los Astros","s":"places","t":"grocery_store"}},{"type":"Feature","geometry":{"type":"Point","coordinates":[-100.185762,25.725185]},"properties":{"n":"Tortillería \"Jireh\"","s":"places","t":"grocery_store"}},{"type":"Feature","geometry":{"type":"Point","coordinates":[-100.230452,25.686064]},"properties":{"n":"Tortillas de harina \"tita linda\"","s":"places","t":"food_store"}},{"type":"Feature","geometry":{"type":"Point","coordinates":[-100.266464,25.7061]},"properties":{"n":"Tortillería Lupita","s":"places","t":"food_store"}},{"type":"Feature","geometry":{"type":"Point","coordinates":[-100.285239,25.697806]},"properties":{"n":"Tortillería del Consuelo","s":"places","t":"food_store"}},{"type":"Feature","geometry":{"type":"Point","coordinates":[-100.295364,25.624342]},"properties":{"n":"Tortillería La Paz","s":"places","t":"store"}},{"type":"Feature","geometry":{"type":"Point","coordinates":[-100.332984,25.735813]},"properties":{"n":"Tortillería Comidas la Tía Chely","s":"places","t":"mexican_restaurant"}},{"type":"Feature","geometry":{"type":"Point","coordinates":[-100.496763,25.694195]},"properties":{"n":"Tortillería La Puerta","s":"places,osm","t":"food_store"}},{"type":"Feature","geometry":{"type":"Point","coordinates":[-100.35988,25.695407]},"properties":{"n":"Las D'Harina (Tortillas Caseras)","s":"places","t":"food_store"}},{"type":"Feature","geometry":{"type":"Point","coordinates":[-100.375828,25.712472]},"properties":{"n":"Tortillas Integral de Avena","s":"places","t":"food_store"}},{"type":"Feature","geometry":{"type":"Point","coordinates":[-100.296194,25.66263]},"properties":{"n":"Tortillas EL TEJABAN","s":"places","t":"food_store"}},{"type":"Feature","geometry":{"type":"Point","coordinates":[-100.367591,25.76935]},"properties":{"n":"Tortillería y Molino San Francisco","s":"places","t":"manufacturer"}},{"type":"Feature","geometry":{"type":"Point","coordinates":[-100.132876,25.756888]},"properties":{"n":"DON MAIZ TORTILLERIA","s":"places","t":"food_store"}},{"type":"Feature","geometry":{"type":"Point","coordinates":[-100.262838,25.806384]},"properties":{"n":"Tortillas de harina “LOLIS”","s":"places","t":"grocery_store"}},{"type":"Feature","geometry":{"type":"Point","coordinates":[-100.308238,25.655]},"properties":{"n":"Tortillería La Esperanza","s":"places","t":"food_store"}},{"type":"Feature","geometry":{"type":"Point","coordinates":[-100.29539,25.795602]},"properties":{"n":"Tortillería Malvinas","s":"places","t":"grocery_store"}},{"type":"Feature","geometry":{"type":"Point","coordinates":[-100.477068,25.808156]},"properties":{"n":"Tortillería La Región","s":"places","t":"convenience_store"}},{"type":"Feature","geometry":{"type":"Point","coordinates":[-100.093962,25.622122]},"properties":{"n":"Tortillas de harina \"REYNA\"","s":"places","t":"food_store"}},{"type":"Feature","geometry":{"type":"Point","coordinates":[-100.253774,25.788979]},"properties":{"n":"Tortillería Los Gabrieles","s":"places","t":"store"}},{"type":"Feature","geometry":{"type":"Point","coordinates":[-100.453519,25.704615]},"properties":{"n":"Tortillería los parques","s":"places","t":"store"}},{"type":"Feature","geometry":{"type":"Point","coordinates":[-100.100213,25.627309]},"properties":{"n":"Tortillería Doña Mago","s":"places","t":"food_store"}},{"type":"Feature","geometry":{"type":"Point","coordinates":[-100.384269,25.761092]},"properties":{"n":"Tortillería \"Flores\"","s":"places","t":"grocery_store"}},{"type":"Feature","geometry":{"type":"Point","coordinates":[-100.298611,25.632256]},"properties":{"n":"Tortillería el ojo azchul (tortillas de harina)","s":"places","t":"food_store"}},{"type":"Feature","geometry":{"type":"Point","coordinates":[-100.464414,25.676337]},"properties":{"n":"Tortillería La Estación","s":"places","t":"food_store"}},{"type":"Feature","geometry":{"type":"Point","coordinates":[-100.144757,25.668069]},"properties":{"n":"Tortillas de harina 😋","s":"places","t":"food_store"}},{"type":"Feature","geometry":{"type":"Point","coordinates":[-100.134875,25.645022]},"properties":{"n":"Tortillería Jimcord","s":"places","t":"food_store"}},{"type":"Feature","geometry":{"type":"Point","coordinates":[-100.325794,25.683654]},"properties":{"n":"Tortillería Vallarta","s":"places","t":"grocery_store"}},{"type":"Feature","geometry":{"type":"Point","coordinates":[-100.483484,25.796073]},"properties":{"n":"Tortilleria MM","s":"places","t":"grocery_store"}},{"type":"Feature","geometry":{"type":"Point","coordinates":[-100.284134,25.631607]},"properties":{"n":"Tortillería La Palma","s":"places","t":"food"}},{"type":"Feature","geometry":{"type":"Point","coordinates":[-100.636792,25.806041]},"properties":{"n":"Tortillería Lety","s":"places","t":"grocery_store"}},{"type":"Feature","geometry":{"type":"Point","coordinates":[-100.353592,25.740071]},"properties":{"n":"Tortillería \"La Potranca\"","s":"places","t":"food_store"}},{"type":"Feature","geometry":{"type":"Point","coordinates":[-100.123395,25.61884]},"properties":{"n":"Tortillas de harina \"Sandy\"","s":"places","t":"food_store"}},{"type":"Feature","geometry":{"type":"Point","coordinates":[-100.073361,25.650161]},"properties":{"n":"Tortillas Adriana gc","s":"places","t":"food_store"}},{"type":"Feature","geometry":{"type":"Point","coordinates":[-100.498688,25.694199]},"properties":{"n":"Tortillas de Harina \"Pita\"","s":"places","t":"food_store"}},{"type":"Feature","geometry":{"type":"Point","coordinates":[-100.480725,25.678316]},"properties":{"n":"Tortilleria El Canasto","s":"places","t":"food_store"}},{"type":"Feature","geometry":{"type":"Point","coordinates":[-100.575747,25.78325]},"properties":{"n":"Tortillería de León","s":"places","t":"food_store"}},{"type":"Feature","geometry":{"type":"Point","coordinates":[-100.290133,25.761339]},"properties":{"n":"Tortillería la Molienda","s":"places","t":"store"}},{"type":"Feature","geometry":{"type":"Point","coordinates":[-100.372843,25.863935]},"properties":{"n":"Tortilleria Celeste LP","s":"places","t":"food_store"}},{"type":"Feature","geometry":{"type":"Point","coordinates":[-100.073641,25.605858]},"properties":{"n":"Tortillería Marlen","s":"places","t":"food_store"}},{"type":"Feature","geometry":{"type":"Point","coordinates":[-100.426353,25.807812]},"properties":{"n":"TORTILLERIA \"LA ÚNICA\"","s":"places","t":"food_store"}},{"type":"Feature","geometry":{"type":"Point","coordinates":[-100.105184,25.757264]},"properties":{"n":"Tortilleria \"Shaddai\"","s":"places","t":"grocery_store"}},{"type":"Feature","geometry":{"type":"Point","coordinates":[-100.090269,25.813194]},"properties":{"n":"Tortillería Haciendas","s":"places","t":"grocery_store"}},{"type":"Feature","geometry":{"type":"Point","coordinates":[-100.109189,25.753111]},"properties":{"n":"Tortillería San Martín","s":"places","t":"grocery_store"}},{"type":"Feature","geometry":{"type":"Point","coordinates":[-100.2502,25.79811]},"properties":{"n":"Tortillería \"Fina''","s":"places","t":"grocery_store"}},{"type":"Feature","geometry":{"type":"Point","coordinates":[-100.158113,25.637584]},"properties":{"n":"Tortillería Los Valles","s":"places","t":"store"}},{"type":"Feature","geometry":{"type":"Point","coordinates":[-100.337321,25.788873]},"properties":{"n":"Tortillería Karla","s":"places","t":"grocery_store"}},{"type":"Feature","geometry":{"type":"Point","coordinates":[-100.522509,25.733068]},"properties":{"n":"Tortillería","s":"places","t":"food_store"}},{"type":"Feature","geometry":{"type":"Point","coordinates":[-100.1666,25.667454]},"properties":{"n":"Tortillería La Norteña","s":"places","t":"food_store"}},{"type":"Feature","geometry":{"type":"Point","coordinates":[-100.169695,25.739572]},"properties":{"n":"Tortilleria La Monarca","s":"places","t":"grocery_store"}},{"type":"Feature","geometry":{"type":"Point","coordinates":[-100.363484,25.808537]},"properties":{"n":"Tortilleria Las Torres","s":"places","t":"grocery_store"}},{"type":"Feature","geometry":{"type":"Point","coordinates":[-100.402085,25.748281]},"properties":{"n":"Tortillería ''Real''","s":"places","t":"grocery_store"}},{"type":"Feature","geometry":{"type":"Point","coordinates":[-100.202471,25.660911]},"properties":{"n":"Tortillería DIMAS","s":"places","t":"food_store"}},{"type":"Feature","geometry":{"type":"Point","coordinates":[-100.254607,25.778873]},"properties":{"n":"Tortillas de harina perita","s":"places","t":"food_store"}},{"type":"Feature","geometry":{"type":"Point","coordinates":[-100.463106,25.792711]},"properties":{"n":"Tortilleria doña myriam","s":"places","t":"food_store"}},{"type":"Feature","geometry":{"type":"Point","coordinates":[-100.27261,25.609893]},"properties":{"n":"Tortillas Doña Flor","s":"places","t":"food_store"}},{"type":"Feature","geometry":{"type":"Point","coordinates":[-100.315477,25.800939]},"properties":{"n":"Tortillería Monterreal (Matriz)","s":"places","t":"food_store"}},{"type":"Feature","geometry":{"type":"Point","coordinates":[-100.366756,25.745688]},"properties":{"n":"Tortillería De León","s":"places","t":"food_store"}},{"type":"Feature","geometry":{"type":"Point","coordinates":[-100.302457,25.66123]},"properties":{"n":"Tortillería \"La Cabaña\"","s":"places","t":"mexican_restaurant"}},{"type":"Feature","geometry":{"type":"Point","coordinates":[-100.231789,25.720712]},"properties":{"n":"Tortilleria La Republica","s":"places","t":"food_store"}},{"type":"Feature","geometry":{"type":"Point","coordinates":[-100.136956,25.623664]},"properties":{"n":"tortillas de harina Adri","s":"places","t":"food_store"}},{"type":"Feature","geometry":{"type":"Point","coordinates":[-100.590584,25.79563]},"properties":{"n":"Tortillería Y Molino Paseo Del Nogal","s":"places","t":"food_store"}},{"type":"Feature","geometry":{"type":"Point","coordinates":[-100.246207,25.778467]},"properties":{"n":"TORTILLERÍA ROCHA","s":"places","t":"store"}},{"type":"Feature","geometry":{"type":"Point","coordinates":[-100.364907,25.85224]},"properties":{"n":"Tortilleria Vista Regia","s":"places","t":"grocery_store"}},{"type":"Feature","geometry":{"type":"Point","coordinates":[-100.079844,25.650519]},"properties":{"n":"Tortillas de harina caseras doña mary","s":"places","t":"food_store"}},{"type":"Feature","geometry":{"type":"Point","coordinates":[-100.171037,25.620604]},"properties":{"n":"Tortilleria De La Torre","s":"places","t":"grocery_store"}},{"type":"Feature","geometry":{"type":"Point","coordinates":[-100.182234,25.779494]},"properties":{"n":"Tortilleria Jr","s":"places","t":"food_store"}},{"type":"Feature","geometry":{"type":"Point","coordinates":[-100.060103,25.646678]},"properties":{"n":"Tortillería Luna","s":"places","t":"food_store"}},{"type":"Feature","geometry":{"type":"Point","coordinates":[-100.152731,25.636817]},"properties":{"n":"Tortillería Del Consuelo","s":"places","t":"food_store"}},{"type":"Feature","geometry":{"type":"Point","coordinates":[-100.58579,25.825362]},"properties":{"n":"Tortilleria Bustos","s":"places","t":"food_store"}},{"type":"Feature","geometry":{"type":"Point","coordinates":[-100.206215,25.696576]},"properties":{"n":"Tortillas de Harina \"Dos ángeles\"","s":"places","t":"food_store"}},{"type":"Feature","geometry":{"type":"Point","coordinates":[-100.258992,25.770764]},"properties":{"n":"Tortillería","s":"places","t":"grocery_store"}},{"type":"Feature","geometry":{"type":"Point","coordinates":[-100.48762,25.680294]},"properties":{"n":"Tortillas de Harina Casera \"Mis Tres Trigales\"","s":"places","t":"grocery_store"}},{"type":"Feature","geometry":{"type":"Point","coordinates":[-100.394585,25.796568]},"properties":{"n":"Tortilleria Keilyn","s":"places","t":"food_store"}},{"type":"Feature","geometry":{"type":"Point","coordinates":[-100.586488,25.786966]},"properties":{"n":"Tortilleria \"GARCIA\"","s":"places","t":"grocery_store"}},{"type":"Feature","geometry":{"type":"Point","coordinates":[-100.165839,25.652109]},"properties":{"n":"Tortilleria De Mari","s":"places","t":"food_store"}},{"type":"Feature","geometry":{"type":"Point","coordinates":[-100.193408,25.737027]},"properties":{"n":"Tortillas de Harina Johnny","s":"places","t":"grocery_store"}},{"type":"Feature","geometry":{"type":"Point","coordinates":[-100.466335,25.697505]},"properties":{"n":"TORTILLERÍA DE MAÍZ","s":"places","t":"food_store"}},{"type":"Feature","geometry":{"type":"Point","coordinates":[-100.36857,25.723939]},"properties":{"n":"Tortillas de harina Guardiana","s":"places","t":"food_store"}},{"type":"Feature","geometry":{"type":"Point","coordinates":[-100.081675,25.650759]},"properties":{"n":"Tortilleria Cafe","s":"places","t":"grocery_store"}},{"type":"Feature","geometry":{"type":"Point","coordinates":[-100.28209,25.740593]},"properties":{"n":"Tortillería Walo","s":"places","t":"food_store"}},{"type":"Feature","geometry":{"type":"Point","coordinates":[-100.107366,25.66267]},"properties":{"n":"Tortillería Don Maizito 🌽","s":"places","t":"food_store"}},{"type":"Feature","geometry":{"type":"Point","coordinates":[-100.165677,25.678383]},"properties":{"n":"Tortillas de Harina Becky 😋","s":"places","t":"food_store"}},{"type":"Feature","geometry":{"type":"Point","coordinates":[-100.376767,25.861188]},"properties":{"n":"Tortillería Nuevo Amanecer","s":"places","t":"food"}},{"type":"Feature","geometry":{"type":"Point","coordinates":[-100.146593,25.862725]},"properties":{"n":"Tortillería y molino Almaíz 2 (Suc San Carlos)","s":"places","t":"food_store"}},{"type":"Feature","geometry":{"type":"Point","coordinates":[-100.254378,25.692463]},"properties":{"n":"Tortillas de Harina La Italiana","s":"places","t":"food_store"}},{"type":"Feature","geometry":{"type":"Point","coordinates":[-100.167264,25.667683]},"properties":{"n":"Tortillería Acosta","s":"places","t":"food_store"}},{"type":"Feature","geometry":{"type":"Point","coordinates":[-100.283492,25.631045]},"properties":{"n":"Tortillería y Molino Tradicional","s":"places","t":"food_store"}},{"type":"Feature","geometry":{"type":"Point","coordinates":[-100.192948,25.686696]},"properties":{"n":"Tortillas de Harina Becky","s":"places","t":"food_store"}},{"type":"Feature","geometry":{"type":"Point","coordinates":[-100.405832,25.666063]},"properties":{"n":"Tortilleria casco","s":"places","t":"meal_delivery"}},{"type":"Feature","geometry":{"type":"Point","coordinates":[-100.310683,25.80168]},"properties":{"n":"Tortillería y Molino","s":"places","t":"grocery_store"}},{"type":"Feature","geometry":{"type":"Point","coordinates":[-100.360046,25.759651]},"properties":{"n":"Tortillería Los Tres García","s":"places","t":"manufacturer"}},{"type":"Feature","geometry":{"type":"Point","coordinates":[-100.234628,25.732138]},"properties":{"n":"Tortillería y Guisos Leonor","s":"places","t":"grocery_store"}},{"type":"Feature","geometry":{"type":"Point","coordinates":[-100.588458,25.793514]},"properties":{"n":"Tortilla Taquera \"HAYMAR\"","s":"places","t":"food_store"}},{"type":"Feature","geometry":{"type":"Point","coordinates":[-100.301453,25.661737]},"properties":{"n":"Tortilleria Regia","s":"places","t":"grocery_store"}},{"type":"Feature","geometry":{"type":"Point","coordinates":[-100.425586,25.669809]},"properties":{"n":"Tortillería Lolita","s":"places","t":"store"}},{"type":"Feature","geometry":{"type":"Point","coordinates":[-100.319636,25.784269]},"properties":{"n":"Tortillería La Gran Espiga","s":"places","t":"food_store"}},{"type":"Feature","geometry":{"type":"Point","coordinates":[-100.196688,25.733248]},"properties":{"n":"Tortillas de harina Johnny","s":"places","t":"convenience_store"}},{"type":"Feature","geometry":{"type":"Point","coordinates":[-100.567084,25.802314]},"properties":{"n":"Tortillería mari","s":"places","t":"manufacturer"}},{"type":"Feature","geometry":{"type":"Point","coordinates":[-100.256442,25.815045]},"properties":{"n":"Tortillería","s":"places","t":"store"}},{"type":"Feature","geometry":{"type":"Point","coordinates":[-100.249206,25.781086]},"properties":{"n":"Tortilleria Berenice","s":"places","t":"food_store"}},{"type":"Feature","geometry":{"type":"Point","coordinates":[-100.308812,25.862764]},"properties":{"n":"Tortilleria Lizeth","s":"places","t":"grocery_store"}},{"type":"Feature","geometry":{"type":"Point","coordinates":[-100.089613,25.8166]},"properties":{"n":"Tortilleria Montecarlo","s":"places","t":"food_store"}},{"type":"Feature","geometry":{"type":"Point","coordinates":[-100.096228,25.709259]},"properties":{"n":"Tortillas de harina MELY","s":"places","t":"food_store"}},{"type":"Feature","geometry":{"type":"Point","coordinates":[-100.167809,25.654485]},"properties":{"n":"Tortillería Gaby","s":"places","t":"grocery_store"}},{"type":"Feature","geometry":{"type":"Point","coordinates":[-100.453188,25.660315]},"properties":{"n":"Tortillas de Harina y Gordita de Azucar","s":"places","t":"food_store"}},{"type":"Feature","geometry":{"type":"Point","coordinates":[-100.107194,25.66394]},"properties":{"n":"Tortilllas de harina mary","s":"places","t":"food_store"}},{"type":"Feature","geometry":{"type":"Point","coordinates":[-100.465656,25.697502]},"properties":{"n":"TORTILLERIA ROSY","s":"places","t":"food"}},{"type":"Feature","geometry":{"type":"Point","coordinates":[-100.229305,25.819328]},"properties":{"n":"TORTILLAS DE HARINA VALDO","s":"places","t":"food_store"}},{"type":"Feature","geometry":{"type":"Point","coordinates":[-100.449921,25.69124]},"properties":{"n":"Tortillería Tía Lety","s":"places","t":"store"}},{"type":"Feature","geometry":{"type":"Point","coordinates":[-100.28566,25.632695]},"properties":{"n":"Mitierra Tortilleria Y Molino","s":"places","t":"store"}},{"type":"Feature","geometry":{"type":"Point","coordinates":[-100.272338,25.722655]},"properties":{"n":"Tortilleria De La Torre","s":"places","t":"grocery_store"}},{"type":"Feature","geometry":{"type":"Point","coordinates":[-100.139821,25.611351]},"properties":{"n":"Tortilleria Pérez","s":"places","t":"grocery_store"}},{"type":"Feature","geometry":{"type":"Point","coordinates":[-100.075273,25.651715]},"properties":{"n":"Tortillería y Molino\" la Chula \"","s":"places","t":"food_store"}},{"type":"Feature","geometry":{"type":"Point","coordinates":[-100.302705,25.858034]},"properties":{"n":"Tortillería circe","s":"places","t":"food_store"}},{"type":"Feature","geometry":{"type":"Point","coordinates":[-100.246068,25.698609]},"properties":{"n":"TORTILLAS de Harina Nuevo Leon","s":"places","t":"convenience_store"}},{"type":"Feature","geometry":{"type":"Point","coordinates":[-100.376604,25.867989]},"properties":{"n":"Tortillería El Parque","s":"places","t":"food_store"}},{"type":"Feature","geometry":{"type":"Point","coordinates":[-100.470833,25.675647]},"properties":{"n":"Tortillería El Trebol","s":"places","t":"convenience_store"}},{"type":"Feature","geometry":{"type":"Point","coordinates":[-100.108517,25.647713]},"properties":{"n":"Tortillas de Harina Lupita","s":"places","t":"food_store"}},{"type":"Feature","geometry":{"type":"Point","coordinates":[-100.458807,25.667658]},"properties":{"n":"Tortillas de Harina Esly","s":"places","t":"food_store"}},{"type":"Feature","geometry":{"type":"Point","coordinates":[-100.078691,25.684729]},"properties":{"n":"Tortillería Jerry","s":"places","t":"grocery_store"}},{"type":"Feature","geometry":{"type":"Point","coordinates":[-100.324509,25.737852]},"properties":{"n":"Tortillería Topo Chico","s":"places","t":"food_store"}},{"type":"Feature","geometry":{"type":"Point","coordinates":[-100.211018,25.712166]},"properties":{"n":"Tortillería lindero","s":"places","t":"mexican_restaurant"}},{"type":"Feature","geometry":{"type":"Point","coordinates":[-100.216856,25.798409]},"properties":{"n":"Tortillería Zapata","s":"places","t":"grocery_store"}},{"type":"Feature","geometry":{"type":"Point","coordinates":[-100.305295,25.792434]},"properties":{"n":"Tortillería La Chiapaneca","s":"places","t":"food_store"}},{"type":"Feature","geometry":{"type":"Point","coordinates":[-100.372105,25.864942]},"properties":{"n":"Tortillería Aby","s":"places","t":"food_store"}},{"type":"Feature","geometry":{"type":"Point","coordinates":[-100.245996,25.775679]},"properties":{"n":"La sufrida tortillas de harina","s":"places","t":"food_store"}},{"type":"Feature","geometry":{"type":"Point","coordinates":[-100.331277,25.770784]},"properties":{"n":"Tortillería La Chula","s":"places","t":"food_store"}},{"type":"Feature","geometry":{"type":"Point","coordinates":[-100.392357,25.783174]},"properties":{"n":"Tortillería Chef","s":"places","t":"grocery_store"}},{"type":"Feature","geometry":{"type":"Point","coordinates":[-100.460684,25.667644]},"properties":{"n":"Tortillas de harina Sarita","s":"places","t":"food_store"}},{"type":"Feature","geometry":{"type":"Point","coordinates":[-100.59384,25.800536]},"properties":{"n":"Tortilleria De Harina \"La Principal\"","s":"places","t":"store"}},{"type":"Feature","geometry":{"type":"Point","coordinates":[-100.109951,25.755456]},"properties":{"n":"Tortillas de harina y barbacoa \"Don Chuy\"","s":"places","t":"food_store"}},{"type":"Feature","geometry":{"type":"Point","coordinates":[-100.465123,25.799084]},"properties":{"n":"TORTILLERIA SAN VICENTE","s":"places","t":"food_store"}},{"type":"Feature","geometry":{"type":"Point","coordinates":[-100.215522,25.675746]},"properties":{"n":"Tortillería EL ZACATECANO","s":"places","t":"food_store"}},{"type":"Feature","geometry":{"type":"Point","coordinates":[-100.457843,25.698373]},"properties":{"n":"Farina Tortillas de Harina","s":"places","t":"food_store"}},{"type":"Feature","geometry":{"type":"Point","coordinates":[-100.257931,25.756176]},"properties":{"n":"Tortillería JADE","s":"places","t":"grocery_store"}},{"type":"Feature","geometry":{"type":"Point","coordinates":[-100.462302,25.698797]},"properties":{"n":"TORTILLERIA \" San Pedro\"","s":"places","t":"food"}},{"type":"Feature","geometry":{"type":"Point","coordinates":[-100.166246,25.652392]},"properties":{"n":"Tortilleria la esperanza","s":"places","t":"store"}},{"type":"Feature","geometry":{"type":"Point","coordinates":[-100.132216,25.707517]},"properties":{"n":"Tortillas de Harina Esme","s":"places","t":"food_store"}},{"type":"Feature","geometry":{"type":"Point","coordinates":[-100.310041,25.862561]},"properties":{"n":"Tortilleria don chuy","s":"places","t":"food_store"}},{"type":"Feature","geometry":{"type":"Point","coordinates":[-100.358611,25.74756]},"properties":{"n":"Tortillería y Molino DIANA","s":"places","t":"grocery_store"}},{"type":"Feature","geometry":{"type":"Point","coordinates":[-100.342721,25.680836]},"properties":{"n":"Tortillas de Harina La Hacienda","s":"places","t":"food_store"}},{"type":"Feature","geometry":{"type":"Point","coordinates":[-100.622423,25.819732]},"properties":{"n":"Tortillería Del Ángel","s":"places","t":"food_store"}},{"type":"Feature","geometry":{"type":"Point","coordinates":[-100.228919,25.694654]},"properties":{"n":"Tortillería Azteca","s":"places","t":"grocery_store"}},{"type":"Feature","geometry":{"type":"Point","coordinates":[-100.38241,25.727692]},"properties":{"n":"Tortillería Las Cuatro Milpas","s":"places","t":"store"}},{"type":"Feature","geometry":{"type":"Point","coordinates":[-100.285422,25.8062]},"properties":{"n":"Tortilleria Torres","s":"places","t":"food_store"}},{"type":"Feature","geometry":{"type":"Point","coordinates":[-100.237395,25.73217]},"properties":{"n":"Tortillas de harina Jhonny Rios","s":"places","t":"manufacturer"}},{"type":"Feature","geometry":{"type":"Point","coordinates":[-100.143923,25.669259]},"properties":{"n":"Tortilleria \"Gallegos''","s":"places","t":"grocery_store"}},{"type":"Feature","geometry":{"type":"Point","coordinates":[-100.375828,25.712472]},"properties":{"n":"Tortillas de Harina LUPITA VILLEGAS (Grupo Villegas)","s":"places","t":"food_store"}},{"type":"Feature","geometry":{"type":"Point","coordinates":[-100.166307,25.760947]},"properties":{"n":"Tortilleria Medina","s":"places","t":"grocery_store"}},{"type":"Feature","geometry":{"type":"Point","coordinates":[-100.432582,25.662682]},"properties":{"n":"Tortillería La Güerita","s":"places","t":"grocery_store"}},{"type":"Feature","geometry":{"type":"Point","coordinates":[-100.457428,25.666868]},"properties":{"n":"Tortillería El Maizal","s":"places","t":"manufacturer"}},{"type":"Feature","geometry":{"type":"Point","coordinates":[-100.073787,25.598332]},"properties":{"n":"Tortillería “La Cabaña”","s":"places","t":"food_store"}},{"type":"Feature","geometry":{"type":"Point","coordinates":[-100.462938,25.700256]},"properties":{"n":"Tortilleria y Molino San Gilberto","s":"places","t":"food_store"}},{"type":"Feature","geometry":{"type":"Point","coordinates":[-100.397139,25.81612]},"properties":{"n":"Tortillería Esmeralda 2","s":"places","t":"store"}},{"type":"Feature","geometry":{"type":"Point","coordinates":[-100.459311,25.770666]},"properties":{"n":"Tortillería La Rioja","s":"places","t":"food_store"}},{"type":"Feature","geometry":{"type":"Point","coordinates":[-100.394652,25.763357]},"properties":{"n":"TORTILLERÍA LA CANCHA","s":"places","t":"grocery_store"}},{"type":"Feature","geometry":{"type":"Point","coordinates":[-100.185182,25.635097]},"properties":{"n":"TORTILLERIA PRIMAVERA","s":"places","t":"grocery_store"}},{"type":"Feature","geometry":{"type":"Point","coordinates":[-100.383407,25.733291]},"properties":{"n":"Tortillas de harina caseras","s":"places","t":"food_store"}},{"type":"Feature","geometry":{"type":"Point","coordinates":[-100.424485,25.681985]},"properties":{"n":"Tortilleria Garcia","s":"places","t":"food_store"}},{"type":"Feature","geometry":{"type":"Point","coordinates":[-100.192742,25.729335]},"properties":{"n":"Tortillería Mesta","s":"places","t":"grocery_store"}},{"type":"Feature","geometry":{"type":"Point","coordinates":[-100.330623,25.699533]},"properties":{"n":"Tortillería GARH-Alimentos","s":"places","t":"food_store"}},{"type":"Feature","geometry":{"type":"Point","coordinates":[-100.092154,25.796473]},"properties":{"n":"Tortillas Calientitas","s":"places","t":"food_store"}},{"type":"Feature","geometry":{"type":"Point","coordinates":[-100.098833,25.666316]},"properties":{"n":"Tortillería Martínez","s":"places","t":"food_store"}},{"type":"Feature","geometry":{"type":"Point","coordinates":[-100.180683,25.719619]},"properties":{"n":"Tortillería y Panadería BERYC","s":"places","t":"food_store"}},{"type":"Feature","geometry":{"type":"Point","coordinates":[-100.588723,25.820212]},"properties":{"n":"Tortillería “La Wera”","s":"places","t":"food_store"}},{"type":"Feature","geometry":{"type":"Point","coordinates":[-100.304445,25.683726]},"properties":{"n":"Cuna de Maíz - Tortillería y Molino","s":"places","t":"manufacturer"}},{"type":"Feature","geometry":{"type":"Point","coordinates":[-100.596532,25.798901]},"properties":{"n":"Tortilleria Las Reynas","s":"places","t":"clothing_store"}},{"type":"Feature","geometry":{"type":"Point","coordinates":[-100.369969,25.734839]},"properties":{"n":"Riquísimas Tortillas de Harina","s":"places","t":"food_store"}},{"type":"Feature","geometry":{"type":"Point","coordinates":[-100.592531,25.779347]},"properties":{"n":"Tortillas de harina la victoria","s":"places","t":"grocery_store"}},{"type":"Feature","geometry":{"type":"Point","coordinates":[-100.609887,25.806482]},"properties":{"n":"Tortilleria Yolotl HH","s":"places","t":"food_store"}},{"type":"Feature","geometry":{"type":"Point","coordinates":[-100.090142,25.680587]},"properties":{"n":"Tortillas de Harina Doña Blanca","s":"places","t":"food_store"}},{"type":"Feature","geometry":{"type":"Point","coordinates":[-100.465957,25.687901]},"properties":{"n":"tortilleria mia","s":"places","t":"grocery_store"}},{"type":"Feature","geometry":{"type":"Point","coordinates":[-100.570805,25.785344]},"properties":{"n":"Tortillería Güero Jalisciense","s":"places","t":"food_store"}},{"type":"Feature","geometry":{"type":"Point","coordinates":[-100.183483,25.667541]},"properties":{"n":"Tortillería Del Consuelo","s":"places","t":"food_store"}},{"type":"Feature","geometry":{"type":"Point","coordinates":[-100.463401,25.700545]},"properties":{"n":"TORTILLERÍA EL CERRITO","s":"places","t":"point_of_interest"}},{"type":"Feature","geometry":{"type":"Point","coordinates":[-100.166006,25.653915]},"properties":{"n":"Tortilleria La Reyna","s":"places","t":"grocery_store"}},{"type":"Feature","geometry":{"type":"Point","coordinates":[-100.266019,25.616235]},"properties":{"n":"Tortillas de harina Sandoval","s":"places","t":"food_store"}},{"type":"Feature","geometry":{"type":"Point","coordinates":[-100.188598,25.780321]},"properties":{"n":"Tortillas de Harina Johnny","s":"places","t":"convenience_store"}},{"type":"Feature","geometry":{"type":"Point","coordinates":[-100.138511,25.647848]},"properties":{"n":"Tortillería Villarreal","s":"places","t":"manufacturer"}},{"type":"Feature","geometry":{"type":"Point","coordinates":[-100.338573,25.781154]},"properties":{"n":"Tortillería Los Nogales","s":"places","t":"grocery_store"}},{"type":"Feature","geometry":{"type":"Point","coordinates":[-100.144779,25.763621]},"properties":{"n":"Tortillería \"La Primera\"","s":"places","t":"grocery_store"}},{"type":"Feature","geometry":{"type":"Point","coordinates":[-100.332677,25.784252]},"properties":{"n":"Tortillería Gama","s":"places","t":"food_store"}},{"type":"Feature","geometry":{"type":"Point","coordinates":[-100.145781,25.618826]},"properties":{"n":"Tortillas debay","s":"places","t":"food_store"}},{"type":"Feature","geometry":{"type":"Point","coordinates":[-100.543923,25.80565]},"properties":{"n":"Tortillas de Harina Myriam (Benjamin Hernández Montemayor)","s":"places","t":"food_store"}},{"type":"Feature","geometry":{"type":"Point","coordinates":[-100.209657,25.649856]},"properties":{"n":"Tortillería De Mari","s":"places","t":"convenience_store"}},{"type":"Feature","geometry":{"type":"Point","coordinates":[-100.356691,25.674345]},"properties":{"n":"Olaque Flores Esmeralda Tortillería","s":"places","t":"store"}},{"type":"Feature","geometry":{"type":"Point","coordinates":[-100.241915,25.780862]},"properties":{"n":"Tortillería Tovar","s":"places","t":"grocery_store"}},{"type":"Feature","geometry":{"type":"Point","coordinates":[-100.305808,25.745347]},"properties":{"n":"Tortilleria AdR","s":"places","t":"grocery_store"}},{"type":"Feature","geometry":{"type":"Point","coordinates":[-100.609638,25.805186]},"properties":{"n":"Tortillería Martinez","s":"places","t":"point_of_interest"}},{"type":"Feature","geometry":{"type":"Point","coordinates":[-100.49678,25.78325]},"properties":{"n":"Tortillería Santa Clara García","s":"places","t":"food_store"}},{"type":"Feature","geometry":{"type":"Point","coordinates":[-100.321081,25.67709]},"properties":{"n":"Tortilleria El Carrizo","s":"places","t":"food_store"}},{"type":"Feature","geometry":{"type":"Point","coordinates":[-100.244188,25.815108]},"properties":{"n":"Tortilleria Fany","s":"places","t":"grocery_store"}},{"type":"Feature","geometry":{"type":"Point","coordinates":[-100.116971,25.64628]},"properties":{"n":"Tortillas Dona Ana","s":"places","t":"food_store"}},{"type":"Feature","geometry":{"type":"Point","coordinates":[-100.360247,25.730424]},"properties":{"n":"Tortillas de harina Toñita","s":"places","t":"food_store"}},{"type":"Feature","geometry":{"type":"Point","coordinates":[-100.240495,25.723035]},"properties":{"n":"Tortillería de Harina San Francisco","s":"places","t":"food_store"}},{"type":"Feature","geometry":{"type":"Point","coordinates":[-100.460769,25.752388]},"properties":{"n":"Tortillería Rocas","s":"places","t":"food_store"}},{"type":"Feature","geometry":{"type":"Point","coordinates":[-100.274815,25.778654]},"properties":{"n":"Tortillería Mazorca feliz Juárez","s":"places","t":"food_store"}},{"type":"Feature","geometry":{"type":"Point","coordinates":[-100.183744,25.689716]},"properties":{"n":"Tortillería Marfil Perla","s":"places","t":"food_store"}},{"type":"Feature","geometry":{"type":"Point","coordinates":[-100.576975,25.7917]},"properties":{"n":"Tortilleria Las Villas","s":"places","t":"grocery_store"}},{"type":"Feature","geometry":{"type":"Point","coordinates":[-100.167977,25.759345]},"properties":{"n":"Tortillería Johnny","s":"places","t":"grocery_store"}},{"type":"Feature","geometry":{"type":"Point","coordinates":[-100.107268,25.819202]},"properties":{"n":"Tortillería el Primo II","s":"places","t":"food_store"}},{"type":"Feature","geometry":{"type":"Point","coordinates":[-100.256056,25.815475]},"properties":{"n":"Tortillería El Triunfo","s":"places","t":"grocery_store"}},{"type":"Feature","geometry":{"type":"Point","coordinates":[-100.254569,25.782614]},"properties":{"n":"Tortillas de harina \"Chayito\"","s":"places","t":"food_store"}},{"type":"Feature","geometry":{"type":"Point","coordinates":[-100.416672,25.796228]},"properties":{"n":"Tortillería y Carnicería La Unidad","s":"places","t":"butcher_shop"}},{"type":"Feature","geometry":{"type":"Point","coordinates":[-100.48687,25.797836]},"properties":{"n":"Tortillas de Harina SHADDAI","s":"places","t":"grocery_store"}},{"type":"Feature","geometry":{"type":"Point","coordinates":[-100.07788,25.67586]},"properties":{"n":"Tortillas de Harina Los Abuelitos","s":"places","t":"food_store"}},{"type":"Feature","geometry":{"type":"Point","coordinates":[-100.266945,25.619989]},"properties":{"n":"Tortilleria Y Abarrotes Paisano","s":"places","t":"convenience_store"}},{"type":"Feature","geometry":{"type":"Point","coordinates":[-100.084446,25.649338]},"properties":{"n":"Tortillas de harina D’Rosy","s":"places","t":"food_store"}},{"type":"Feature","geometry":{"type":"Point","coordinates":[-100.093215,25.643553]},"properties":{"n":"MOLINO Y TORTILLERÍA","s":"places","t":"grocery_store"}},{"type":"Feature","geometry":{"type":"Point","coordinates":[-100.434025,25.699007]},"properties":{"n":"Tortilleria Maseca","s":"places","t":"grocery_store"}},{"type":"Feature","geometry":{"type":"Point","coordinates":[-100.145665,25.838089]},"properties":{"n":"Tortillería Ortiz","s":"places","t":"grocery_store"}},{"type":"Feature","geometry":{"type":"Point","coordinates":[-100.48275,25.791945]},"properties":{"n":"TORTILLERÍA BRENDITA","s":"places","t":"food_store"}},{"type":"Feature","geometry":{"type":"Point","coordinates":[-100.08443,25.679068]},"properties":{"n":"Tortillas de Harina Emily","s":"places","t":"food_store"}},{"type":"Feature","geometry":{"type":"Point","coordinates":[-100.404717,25.837152]},"properties":{"n":"Tortillería Emanuel","s":"places","t":"coffee_shop"}},{"type":"Feature","geometry":{"type":"Point","coordinates":[-100.609638,25.805186]},"properties":{"n":"TORTILLERÍA DON PANCHITO","s":"places","t":"grocery_store"}},{"type":"Feature","geometry":{"type":"Point","coordinates":[-100.172395,25.656452]},"properties":{"n":"Tortillería La Cosecha","s":"places","t":"store"}},{"type":"Feature","geometry":{"type":"Point","coordinates":[-100.166496,25.759367]},"properties":{"n":"Tortillería Martínez","s":"places","t":"store"}},{"type":"Feature","geometry":{"type":"Point","coordinates":[-100.209701,25.648241]},"properties":{"n":"Tortillería “Las Chinas”","s":"places","t":"food_store"}},{"type":"Feature","geometry":{"type":"Point","coordinates":[-100.098663,25.823978]},"properties":{"n":"Tortilleria Colinas","s":"places","t":"grocery_store"}},{"type":"Feature","geometry":{"type":"Point","coordinates":[-100.115589,25.825275]},"properties":{"n":"TORTILLERIA ALVAREZ","s":"places","t":"grocery_store"}},{"type":"Feature","geometry":{"type":"Point","coordinates":[-100.137497,25.812983]},"properties":{"n":"Tortillería Martínez","s":"places","t":"food_store"}},{"type":"Feature","geometry":{"type":"Point","coordinates":[-100.313971,25.807742]},"properties":{"n":"Tortillería y Molino Del Río","s":"places","t":"manufacturer"}},{"type":"Feature","geometry":{"type":"Point","coordinates":[-100.382069,25.777276]},"properties":{"n":"TORTILLERÍA CEMPOALA","s":"places","t":"food_store"}},{"type":"Feature","geometry":{"type":"Point","coordinates":[-100.234753,25.583766]},"properties":{"n":"Tortillería Olivo","s":"places","t":"store"}},{"type":"Feature","geometry":{"type":"Point","coordinates":[-100.594148,25.799856]},"properties":{"n":"Tortillas de HARINA CASERAS","s":"places","t":"food_store"}},{"type":"Feature","geometry":{"type":"Point","coordinates":[-100.227978,25.669363]},"properties":{"n":"Tortillas caseras Maribel","s":"places","t":"food_store"}},{"type":"Feature","geometry":{"type":"Point","coordinates":[-100.237832,25.732502]},"properties":{"n":"Tortilleria LISSETTE","s":"places","t":"food_store"}},{"type":"Feature","geometry":{"type":"Point","coordinates":[-100.543324,25.804955]},"properties":{"n":"Tortillas de harina “Angie “","s":"places","t":"food_store"}},{"type":"Feature","geometry":{"type":"Point","coordinates":[-100.486349,25.778004]},"properties":{"n":"Tortillería Guadalupe/Barbacoa y Menudo","s":"places","t":"grocery_store"}},{"type":"Feature","geometry":{"type":"Point","coordinates":[-100.100761,25.693926]},"properties":{"n":"Tortillería \"EL GLOBO\"","s":"places","t":"food_store"}},{"type":"Feature","geometry":{"type":"Point","coordinates":[-100.507086,25.705536]},"properties":{"n":"Tortillería el Rey del Maiz","s":"places","t":"food_store"}},{"type":"Feature","geometry":{"type":"Point","coordinates":[-100.316775,25.676505]},"properties":{"n":"Tortillería Escalante","s":"places","t":"manufacturer"}},{"type":"Feature","geometry":{"type":"Point","coordinates":[-100.195109,25.741606]},"properties":{"n":"Tortilleria La Reyna","s":"places","t":"grocery_store"}},{"type":"Feature","geometry":{"type":"Point","coordinates":[-100.367664,25.717541]},"properties":{"n":"Las exquisit@s tortillas de harina","s":"places","t":"food_store"}},{"type":"Feature","geometry":{"type":"Point","coordinates":[-100.116208,25.748079]},"properties":{"n":"Tortillería Molino de Oro","s":"places","t":"grocery_store"}},{"type":"Feature","geometry":{"type":"Point","coordinates":[-100.32646,25.660802]},"properties":{"n":"Tortillería Zarco","s":"places","t":"grocery_store"}},{"type":"Feature","geometry":{"type":"Point","coordinates":[-100.485559,25.791152]},"properties":{"n":"Tortilleria Lian","s":"places","t":"food_store"}},{"type":"Feature","geometry":{"type":"Point","coordinates":[-100.306995,25.648462]},"properties":{"n":"Tortillería Fela","s":"places","t":"food_store"}},{"type":"Feature","geometry":{"type":"Point","coordinates":[-100.225248,25.66522]},"properties":{"n":"Tortillería Los Arados","s":"places","t":"convenience_store"}},{"type":"Feature","geometry":{"type":"Point","coordinates":[-100.426848,25.843211]},"properties":{"n":"Tortillas de Harina Kamii","s":"places","t":"food_store"}},{"type":"Feature","geometry":{"type":"Point","coordinates":[-100.427707,25.780899]},"properties":{"n":"Tortilleria Tio Polo","s":"places","t":"grocery_store"}},{"type":"Feature","geometry":{"type":"Point","coordinates":[-100.314805,25.860255]},"properties":{"n":"Tortillería de harina \"Cris\"","s":"places","t":"food_store"}},{"type":"Feature","geometry":{"type":"Point","coordinates":[-100.243897,25.816022]},"properties":{"n":"Tortillería Caperucita","s":"places","t":"store"}},{"type":"Feature","geometry":{"type":"Point","coordinates":[-100.459359,25.705044]},"properties":{"n":"Tortilleria Cuauhtemoc","s":"places","t":"store"}},{"type":"Feature","geometry":{"type":"Point","coordinates":[-100.417171,25.793705]},"properties":{"n":"TORTILLERIA Y ABARROTES MARTINEZ","s":"places","t":"grocery_store"}},{"type":"Feature","geometry":{"type":"Point","coordinates":[-100.395611,25.798964]},"properties":{"n":"Tortilleria LA TRADICION","s":"places","t":"food_store"}},{"type":"Feature","geometry":{"type":"Point","coordinates":[-100.207299,25.673538]},"properties":{"n":"Tortillas de harina Chela","s":"places","t":"food_store"}},{"type":"Feature","geometry":{"type":"Point","coordinates":[-100.615881,25.812728]},"properties":{"n":"Tortillería oasis","s":"places","t":"food_store"}},{"type":"Feature","geometry":{"type":"Point","coordinates":[-100.605254,25.798156]},"properties":{"n":"Tortillería de harina","s":"places","t":"food_store"}},{"type":"Feature","geometry":{"type":"Point","coordinates":[-100.215966,25.798601]},"properties":{"n":"Tortillería Chapa","s":"places","t":"food_store"}},{"type":"Feature","geometry":{"type":"Point","coordinates":[-100.26487,25.617381]},"properties":{"n":"Abarrotes Y Tortillería Paisano N°2 Tortillería","s":"places","t":"store"}},{"type":"Feature","geometry":{"type":"Point","coordinates":[-100.150308,25.708267]},"properties":{"n":"Tortillería San Juan","s":"places","t":"food_store"}},{"type":"Feature","geometry":{"type":"Point","coordinates":[-100.259976,25.659797]},"properties":{"n":"Tortillería contry","s":"places","t":"food_store"}},{"type":"Feature","geometry":{"type":"Point","coordinates":[-100.360062,25.712903]},"properties":{"n":"TORTILLERÍA LAS DELICIAS","s":"places","t":"mexican_restaurant"}},{"type":"Feature","geometry":{"type":"Point","coordinates":[-100.130181,25.618584]},"properties":{"n":"Tortillas de harina \"DUVALIN\"","s":"places","t":"food_store"}},{"type":"Feature","geometry":{"type":"Point","coordinates":[-100.634928,25.813972]},"properties":{"n":"Tortilleria \"san Rafael\"","s":"places","t":"convenience_store"}},{"type":"Feature","geometry":{"type":"Point","coordinates":[-100.070871,25.650143]},"properties":{"n":"Tortillas de harina Shadday","s":"places","t":"food_store"}},{"type":"Feature","geometry":{"type":"Point","coordinates":[-100.36988,25.726463]},"properties":{"n":"Tortillería El Bache","s":"places","t":"grocery_store"}},{"type":"Feature","geometry":{"type":"Point","coordinates":[-100.468644,25.78944]},"properties":{"n":"Tortilleria Los Rukis","s":"places","t":"grocery_store"}},{"type":"Feature","geometry":{"type":"Point","coordinates":[-100.211704,25.696371]},"properties":{"n":"Tortilleria La Chula","s":"places","t":"grocery_store"}},{"type":"Feature","geometry":{"type":"Point","coordinates":[-100.163673,25.762976]},"properties":{"n":"Tortilleria Maiz Regio","s":"places","t":"food_store"}},{"type":"Feature","geometry":{"type":"Point","coordinates":[-100.311871,25.865809]},"properties":{"n":"tortillería GÉNESIS","s":"places","t":"food_store"}},{"type":"Feature","geometry":{"type":"Point","coordinates":[-100.342079,25.714892]},"properties":{"n":"Tortillería y molino (LOS PANCHITOS)","s":"places","t":"meal_takeaway"}},{"type":"Feature","geometry":{"type":"Point","coordinates":[-100.603469,25.79525]},"properties":{"n":"Tortilleria el campesino","s":"places","t":"food_store"}},{"type":"Feature","geometry":{"type":"Point","coordinates":[-100.073662,25.60585]},"properties":{"n":"Tortillería César","s":"places","t":"grocery_store"}},{"type":"Feature","geometry":{"type":"Point","coordinates":[-100.601887,25.796044]},"properties":{"n":"Tortillería 24 horas","s":"places","t":"food_store"}},{"type":"Feature","geometry":{"type":"Point","coordinates":[-100.459794,25.694909]},"properties":{"n":"Tortillería San Antonio","s":"places","t":"manufacturer"}},{"type":"Feature","geometry":{"type":"Point","coordinates":[-100.295205,25.757751]},"properties":{"n":"Tortillería Don José López","s":"places","t":"grocery_store"}},{"type":"Feature","geometry":{"type":"Point","coordinates":[-100.200077,25.664348]},"properties":{"n":"Tortillas De Harina Becky","s":"places","t":"grocery_store"}},{"type":"Feature","geometry":{"type":"Point","coordinates":[-100.292908,25.639026]},"properties":{"n":"Tortillería Don Chuy","s":"places","t":"store"}},{"type":"Feature","geometry":{"type":"Point","coordinates":[-100.224861,25.688508]},"properties":{"n":"Tortillas de Harina Mamá Cande","s":"places","t":"food_store"}},{"type":"Feature","geometry":{"type":"Point","coordinates":[-100.239852,25.772006]},"properties":{"n":"Tortillería Santa Cecilia","s":"places","t":"grocery_store"}},{"type":"Feature","geometry":{"type":"Point","coordinates":[-100.393953,25.795662]},"properties":{"n":"Tortillería Triple A","s":"places","t":"store"}},{"type":"Feature","geometry":{"type":"Point","coordinates":[-100.32919,25.784022]},"properties":{"n":"Tortillería Monterreal","s":"places","t":"grocery_store"}},{"type":"Feature","geometry":{"type":"Point","coordinates":[-100.165307,25.73945]},"properties":{"n":"Tortilleria \"Esperanza\" Rg 2","s":"places","t":"store"}},{"type":"Feature","geometry":{"type":"Point","coordinates":[-100.142559,25.617661]},"properties":{"n":"Tortillería Rodriguez","s":"places","t":"store"}},{"type":"Feature","geometry":{"type":"Point","coordinates":[-100.426947,25.777321]},"properties":{"n":"Tortillas con Amor La Providencia","s":"places","t":"manufacturer"}},{"type":"Feature","geometry":{"type":"Point","coordinates":[-100.131244,25.707355]},"properties":{"n":"Tortillas de harina gael","s":"places","t":"food_store"}},{"type":"Feature","geometry":{"type":"Point","coordinates":[-100.377754,25.744202]},"properties":{"n":"Tienda y Abarrotes Tortillería Alfaro","s":"places","t":"grocery_store"}},{"type":"Feature","geometry":{"type":"Point","coordinates":[-100.258517,25.782526]},"properties":{"n":"Tortillería Ale","s":"places","t":"store"}},{"type":"Feature","geometry":{"type":"Point","coordinates":[-100.233793,25.779777]},"properties":{"n":"Tortillas De La Abuela","s":"places","t":"food_store"}},{"type":"Feature","geometry":{"type":"Point","coordinates":[-100.248339,25.679754]},"properties":{"n":"tortilleria","s":"places","t":"food_store"}},{"type":"Feature","geometry":{"type":"Point","coordinates":[-100.376508,25.736819]},"properties":{"n":"Tortillería Segura","s":"places","t":"food_store"}},{"type":"Feature","geometry":{"type":"Point","coordinates":[-100.298444,25.632539]},"properties":{"n":"Tortillería Tierra Nueva","s":"places","t":"store"}},{"type":"Feature","geometry":{"type":"Point","coordinates":[-100.230888,25.706037]},"properties":{"n":"Tortillería","s":"places","t":"store"}},{"type":"Feature","geometry":{"type":"Point","coordinates":[-100.57883,25.791977]},"properties":{"n":"Tortillería la paz","s":"places","t":"food_store"}},{"type":"Feature","geometry":{"type":"Point","coordinates":[-100.313858,25.80286]},"properties":{"n":"","s":"osm","t":"tortilla"}},{"type":"Feature","geometry":{"type":"Point","coordinates":[-100.18603,25.65239]},"properties":{"n":"Tortillería Don José","s":"osm","t":"tortilla"}}]}
