{"type":"FeatureCollection","name":"anclas_paradas_zmm","metadata":{"layer":"paradas","built_at":"2026-09-28T21:04:23Z","clip_bbox":[-100.6592,25.558600000000002,-100.0526,25.872799999999998],"dedupe_m":20,"dedupe_rule":"cross-source only; priority = order of sources","sources_priority":["osm","places"],"raw_by_source":{"osm":567,"places":1460},"kept_by_primary_source":{"osm":567,"places":1438},"confirmed_by_2plus_sources":22,"absorbed_by_existing_layer":0,"n":2005,"by_subtype":{"bus_stop":1959,"transit_station":28,"platform":16,"stop_position":2}},"features":[{"type":"Feature","geometry":{"type":"Point","coordinates":[-100.292716,25.766686]},"properties":{"n":"","s":"osm","t":"bus_stop"}},{"type":"Feature","geometry":{"type":"Point","coordinates":[-100.315454,25.765688]},"properties":{"n":"Transmetro (Sendero Norte - Hacienda de Monte Falco)","s":"osm","t":"bus_stop"}},{"type":"Feature","geometry":{"type":"Point","coordinates":[-100.315864,25.765813]},"properties":{"n":"Licenciado Raúl Salinas Lozano (Walmart Sendero)","s":"osm","t":"bus_stop"}},{"type":"Feature","geometry":{"type":"Point","coordinates":[-100.22653,25.80832]},"properties":{"n":"Avenida del Lago (Jesús Dionisio González González - Laguna Guzmán)","s":"osm","t":"bus_stop"}},{"type":"Feature","geometry":{"type":"Point","coordinates":[-100.22792,25.808437]},"properties":{"n":"Avenida del Lago (Lago Michigan - Lago Buenos Aires)","s":"osm","t":"bus_stop"}},{"type":"Feature","geometry":{"type":"Point","coordinates":[-100.229398,25.80856]},"properties":{"n":"Avenida del Lago (Lago Buenos Aires - Antigüo Camino a Santa Rosa)","s":"osm","t":"bus_stop"}},{"type":"Feature","geometry":{"type":"Point","coordinates":[-100.230884,25.808037]},"properties":{"n":"Avenida del Lago (Antigüo Camino a Santa Rosa - Bosques de Santa Rosa)","s":"osm","t":"bus_stop"}},{"type":"Feature","geometry":{"type":"Point","coordinates":[-100.23423,25.807576]},"properties":{"n":"Avenida del Lago (Antigüo Camino a Santa Rosa - San Fernando)","s":"osm","t":"bus_stop"}},{"type":"Feature","geometry":{"type":"Point","coordinates":[-100.235832,25.807693]},"properties":{"n":"Avenida del Lago (Antigüo Camino a Santa Rosa - Avenida del Rio)","s":"osm","t":"bus_stop"}},{"type":"Feature","geometry":{"type":"Point","coordinates":[-100.236596,25.802779]},"properties":{"n":"Jardines de San Andrés (Avenida del Río - Mirto)","s":"osm","t":"bus_stop"}},{"type":"Feature","geometry":{"type":"Point","coordinates":[-100.235885,25.804991]},"properties":{"n":"Avenida del Río (Río Ganges - Jardines de San Andrés)","s":"osm","t":"bus_stop"}},{"type":"Feature","geometry":{"type":"Point","coordinates":[-100.235921,25.807421]},"properties":{"n":"Avenida del Río (Río Ganges - Avenida del Lago)","s":"osm","t":"bus_stop"}},{"type":"Feature","geometry":{"type":"Point","coordinates":[-100.234817,25.807508]},"properties":{"n":"Avenida del Lago (Avenida del Río - San Fernando)","s":"osm","t":"bus_stop"}},{"type":"Feature","geometry":{"type":"Point","coordinates":[-100.231302,25.807799]},"properties":{"n":"Avenida del Lago (San Fernando - Bosques de Santa Rosa)","s":"osm","t":"bus_stop"}},{"type":"Feature","geometry":{"type":"Point","coordinates":[-100.229734,25.808368]},"properties":{"n":"Avenida del Lago (Bosques de Santa Rosa - Antigüo Camino a Santa Rosa)","s":"osm","t":"bus_stop"}},{"type":"Feature","geometry":{"type":"Point","coordinates":[-100.2282,25.808257]},"properties":{"n":"Avenida del Lago (Antigüo Camino a Santa Rosa - Río Amazonas)","s":"osm","t":"bus_stop"}},{"type":"Feature","geometry":{"type":"Point","coordinates":[-100.226911,25.808149]},"properties":{"n":"Avenida del Lago (Lago Michigan - Río Senegal)","s":"osm","t":"bus_stop"}},{"type":"Feature","geometry":{"type":"Point","coordinates":[-100.295575,25.767551]},"properties":{"n":"Sendero Norte (Carretera a Colombia - Nueva Escocia)","s":"osm","t":"bus_stop"}},{"type":"Feature","geometry":{"type":"Point","coordinates":[-100.300232,25.767166]},"properties":{"n":"Sendero Norte (Plaza Sendero Escobedo)","s":"osm","t":"bus_stop"}},{"type":"Feature","geometry":{"type":"Point","coordinates":[-100.348102,25.811897]},"properties":{"n":"Cucharas (Parque Industrial - Avenida de las Industrias)","s":"osm","t":"bus_stop"}},{"type":"Feature","geometry":{"type":"Point","coordinates":[-100.327278,25.792592]},"properties":{"n":"","s":"osm","t":"bus_stop"}},{"type":"Feature","geometry":{"type":"Point","coordinates":[-100.288401,25.683829]},"properties":{"n":"Transmetro (Parque Fundidora)","s":"osm,places","t":"bus_stop"}},{"type":"Feature","geometry":{"type":"Point","coordinates":[-100.289393,25.684925]},"properties":{"n":"Transmetro (Cananea)","s":"osm","t":"bus_stop"}},{"type":"Feature","geometry":{"type":"Point","coordinates":[-100.291187,25.685963]},"properties":{"n":"Transmetro (Constituyentes del 57)","s":"osm","t":"bus_stop"}},{"type":"Feature","geometry":{"type":"Point","coordinates":[-100.292399,25.684601]},"properties":{"n":"Transmetro (José Ángel Conchello)","s":"osm","t":"bus_stop"}},{"type":"Feature","geometry":{"type":"Point","coordinates":[-100.291629,25.678217]},"properties":{"n":"Transmetro (Fernando Montes de Oca)","s":"osm","t":"bus_stop"}},{"type":"Feature","geometry":{"type":"Point","coordinates":[-100.309599,25.730905]},"properties":{"n":"","s":"osm,places","t":"bus_stop"}},{"type":"Feature","geometry":{"type":"Point","coordinates":[-100.316716,25.772774]},"properties":{"n":"","s":"osm","t":"bus_stop"}},{"type":"Feature","geometry":{"type":"Point","coordinates":[-100.328495,25.712327]},"properties":{"n":"","s":"osm","t":"bus_stop"}},{"type":"Feature","geometry":{"type":"Point","coordinates":[-100.328087,25.712375]},"properties":{"n":"","s":"osm","t":"bus_stop"}},{"type":"Feature","geometry":{"type":"Point","coordinates":[-100.308074,25.724185]},"properties":{"n":"","s":"osm","t":"bus_stop"}},{"type":"Feature","geometry":{"type":"Point","coordinates":[-100.309683,25.723567]},"properties":{"n":"","s":"osm","t":"bus_stop"}},{"type":"Feature","geometry":{"type":"Point","coordinates":[-100.321655,25.787367]},"properties":{"n":"","s":"osm","t":"bus_stop"}},{"type":"Feature","geometry":{"type":"Point","coordinates":[-100.321185,25.787212]},"properties":{"n":"","s":"osm","t":"bus_stop"}},{"type":"Feature","geometry":{"type":"Point","coordinates":[-100.320582,25.785727]},"properties":{"n":"","s":"osm","t":"bus_stop"}},{"type":"Feature","geometry":{"type":"Point","coordinates":[-100.320374,25.786669]},"properties":{"n":"","s":"osm","t":"bus_stop"}},{"type":"Feature","geometry":{"type":"Point","coordinates":[-100.319443,25.787992]},"properties":{"n":"","s":"osm","t":"bus_stop"}},{"type":"Feature","geometry":{"type":"Point","coordinates":[-100.320222,25.787236]},"properties":{"n":"","s":"osm","t":"bus_stop"}},{"type":"Feature","geometry":{"type":"Point","coordinates":[-100.10883,25.690006]},"properties":{"n":"","s":"osm","t":"bus_stop"}},{"type":"Feature","geometry":{"type":"Point","coordinates":[-100.110377,25.689558]},"properties":{"n":"","s":"osm","t":"bus_stop"}},{"type":"Feature","geometry":{"type":"Point","coordinates":[-100.11588,25.68886]},"properties":{"n":"","s":"osm","t":"bus_stop"}},{"type":"Feature","geometry":{"type":"Point","coordinates":[-100.118784,25.68701]},"properties":{"n":"","s":"osm","t":"bus_stop"}},{"type":"Feature","geometry":{"type":"Point","coordinates":[-100.309227,25.794451]},"properties":{"n":"","s":"osm","t":"bus_stop"}},{"type":"Feature","geometry":{"type":"Point","coordinates":[-100.29685,25.75548]},"properties":{"n":"","s":"osm","t":"bus_stop"}},{"type":"Feature","geometry":{"type":"Point","coordinates":[-100.317254,25.724057]},"properties":{"n":"","s":"osm","t":"bus_stop"}},{"type":"Feature","geometry":{"type":"Point","coordinates":[-100.305934,25.733824]},"properties":{"n":"Parada Tigrebus","s":"osm","t":"bus_stop"}},{"type":"Feature","geometry":{"type":"Point","coordinates":[-100.304843,25.734241]},"properties":{"n":"","s":"osm","t":"bus_stop"}},{"type":"Feature","geometry":{"type":"Point","coordinates":[-100.332286,25.729594]},"properties":{"n":"Bernardo Reyes - Central","s":"osm","t":"bus_stop"}},{"type":"Feature","geometry":{"type":"Point","coordinates":[-100.310638,25.717092]},"properties":{"n":"","s":"osm","t":"bus_stop"}},{"type":"Feature","geometry":{"type":"Point","coordinates":[-100.180286,25.690712]},"properties":{"n":"","s":"osm","t":"bus_stop"}},{"type":"Feature","geometry":{"type":"Point","coordinates":[-100.115471,25.776796]},"properties":{"n":"","s":"osm","t":"bus_stop"}},{"type":"Feature","geometry":{"type":"Point","coordinates":[-100.510727,25.692915]},"properties":{"n":"","s":"osm,places","t":"bus_stop"}},{"type":"Feature","geometry":{"type":"Point","coordinates":[-100.407446,25.763533]},"properties":{"n":"","s":"osm,places","t":"bus_stop"}},{"type":"Feature","geometry":{"type":"Point","coordinates":[-100.580294,25.786462]},"properties":{"n":"","s":"osm","t":"bus_stop"}},{"type":"Feature","geometry":{"type":"Point","coordinates":[-100.568253,25.800356]},"properties":{"n":"","s":"osm","t":"bus_stop"}},{"type":"Feature","geometry":{"type":"Point","coordinates":[-100.339074,25.798975]},"properties":{"n":"","s":"osm","t":"bus_stop"}},{"type":"Feature","geometry":{"type":"Point","coordinates":[-100.07321,25.629432]},"properties":{"n":"","s":"osm","t":"bus_stop"}},{"type":"Feature","geometry":{"type":"Point","coordinates":[-100.073259,25.629101]},"properties":{"n":"","s":"osm","t":"bus_stop"}},{"type":"Feature","geometry":{"type":"Point","coordinates":[-100.196688,25.733125]},"properties":{"n":"211 (Pabellón)-219 (Churubusco y Provivienda)-225 (Huinalá)","s":"osm","t":"bus_stop"}},{"type":"Feature","geometry":{"type":"Point","coordinates":[-100.194289,25.732924]},"properties":{"n":"211 (Pabellón)-219 (Churubusco y Provivienda)-225 (Huinalá)","s":"osm","t":"bus_stop"}},{"type":"Feature","geometry":{"type":"Point","coordinates":[-100.194413,25.732884]},"properties":{"n":"211 (Pabellón)-219 (Churubusco y Provivienda)-225 (Huinalá)","s":"osm","t":"bus_stop"}},{"type":"Feature","geometry":{"type":"Point","coordinates":[-100.196803,25.733097]},"properties":{"n":"211 (Pabellón)-219 (Churubusco y Provivienda)-225 (Huinalá)","s":"osm","t":"bus_stop"}},{"type":"Feature","geometry":{"type":"Point","coordinates":[-100.198621,25.733297]},"properties":{"n":"211 (Pabellón)-219 (Churubusco y Provivienda)-225 (Huinalá)","s":"osm","t":"bus_stop"}},{"type":"Feature","geometry":{"type":"Point","coordinates":[-100.191196,25.732544]},"properties":{"n":"211 (Pabellón)-219 (Churubusco y Provivienda)-225 (Huinalá)","s":"osm","t":"bus_stop"}},{"type":"Feature","geometry":{"type":"Point","coordinates":[-100.190119,25.72895]},"properties":{"n":"211 (Pabellón)-219 (Churubusco y Provivienda)-225 (Huinalá)","s":"osm","t":"bus_stop"}},{"type":"Feature","geometry":{"type":"Point","coordinates":[-100.192643,25.732702]},"properties":{"n":"211 (Pabellón)-219 (Churubusco y Provivienda)-225 (Huinalá)","s":"osm","t":"bus_stop"}},{"type":"Feature","geometry":{"type":"Point","coordinates":[-100.192537,25.732765]},"properties":{"n":"211 (Pabellón)-219 (Churubusco y Provivienda)-225 (Huinalá)","s":"osm","t":"bus_stop"}},{"type":"Feature","geometry":{"type":"Point","coordinates":[-100.189658,25.732443]},"properties":{"n":"211 (Pabellón)-219 (Churubusco y Provivienda)-225 (Huinalá)","s":"osm","t":"bus_stop"}},{"type":"Feature","geometry":{"type":"Point","coordinates":[-100.190181,25.729071]},"properties":{"n":"211 (Pabellón)-219 (Churubusco y Provivienda)-225 (Huinalá)","s":"osm","t":"bus_stop"}},{"type":"Feature","geometry":{"type":"Point","coordinates":[-100.191071,25.732614]},"properties":{"n":"211 (Pabellón)-219 (Churubusco y Provivienda)-225 (Huinalá)","s":"osm","t":"bus_stop"}},{"type":"Feature","geometry":{"type":"Point","coordinates":[-100.189965,25.730231]},"properties":{"n":"211 (Pabellón)-219 (Churubusco y Provivienda)-225 (Huinalá)","s":"osm","t":"bus_stop"}},{"type":"Feature","geometry":{"type":"Point","coordinates":[-100.189969,25.730401]},"properties":{"n":"211 (Pabellón)-219 (Churubusco y Provivienda)-225 (Huinalá)","s":"osm","t":"bus_stop"}},{"type":"Feature","geometry":{"type":"Point","coordinates":[-100.190423,25.727167]},"properties":{"n":"211 (Pabellón)-219 (Churubusco y Provivienda)-225 (Huinalá)","s":"osm","t":"bus_stop"}},{"type":"Feature","geometry":{"type":"Point","coordinates":[-100.192071,25.723886]},"properties":{"n":"219 (Churubusco)-225 (Huinalá)","s":"osm","t":"bus_stop"}},{"type":"Feature","geometry":{"type":"Point","coordinates":[-100.190518,25.725933]},"properties":{"n":"211 (Pabellón)-219 (Churubusco y Provivienda)-225 (Huinalá)","s":"osm","t":"bus_stop"}},{"type":"Feature","geometry":{"type":"Point","coordinates":[-100.190579,25.726025]},"properties":{"n":"211 (Pabellón)-219 (Churubusco y Provivienda)-225 (Huinalá)","s":"osm","t":"bus_stop"}},{"type":"Feature","geometry":{"type":"Point","coordinates":[-100.190842,25.723778]},"properties":{"n":"219 (Churubusco y Provivienda)-225 (Huinalá)","s":"osm","t":"bus_stop"}},{"type":"Feature","geometry":{"type":"Point","coordinates":[-100.193092,25.723921]},"properties":{"n":"219 (Churubusco)-225 (Huinalá)","s":"osm","t":"bus_stop"}},{"type":"Feature","geometry":{"type":"Point","coordinates":[-100.197294,25.72396]},"properties":{"n":"219 (Churubusco)-225 (Huinalá)","s":"osm","t":"bus_stop"}},{"type":"Feature","geometry":{"type":"Point","coordinates":[-100.204032,25.72245]},"properties":{"n":"219 (Churubusco)-225 (Huinalá)","s":"osm","t":"bus_stop"}},{"type":"Feature","geometry":{"type":"Point","coordinates":[-100.212424,25.723727]},"properties":{"n":"219 (Churubusco)-225 (Huinalá)","s":"osm","t":"bus_stop"}},{"type":"Feature","geometry":{"type":"Point","coordinates":[-100.200065,25.723089]},"properties":{"n":"219 (Churubusco)-225 (Huinalá)","s":"osm","t":"bus_stop"}},{"type":"Feature","geometry":{"type":"Point","coordinates":[-100.206431,25.722718]},"properties":{"n":"219 (Churubusco)-225 (Huinalá)","s":"osm","t":"bus_stop"}},{"type":"Feature","geometry":{"type":"Point","coordinates":[-100.209262,25.723263]},"properties":{"n":"219 (Churubusco)-225 (Huinalá)","s":"osm","t":"bus_stop"}},{"type":"Feature","geometry":{"type":"Point","coordinates":[-100.210939,25.723475]},"properties":{"n":"219 (Churubusco)-225 (Huinalá)","s":"osm","t":"bus_stop"}},{"type":"Feature","geometry":{"type":"Point","coordinates":[-100.202,25.722342]},"properties":{"n":"219 (Churubusco)-225 (Huinalá)","s":"osm","t":"bus_stop"}},{"type":"Feature","geometry":{"type":"Point","coordinates":[-100.323666,25.690327]},"properties":{"n":"","s":"osm","t":"bus_stop"}},{"type":"Feature","geometry":{"type":"Point","coordinates":[-100.323214,25.69004]},"properties":{"n":"","s":"osm","t":"bus_stop"}},{"type":"Feature","geometry":{"type":"Point","coordinates":[-100.453103,25.674383]},"properties":{"n":"","s":"osm","t":"bus_stop"}},{"type":"Feature","geometry":{"type":"Point","coordinates":[-100.309534,25.667692]},"properties":{"n":"21024 Padre Mier - Juan Zuazua","s":"osm,places","t":"bus_stop"}},{"type":"Feature","geometry":{"type":"Point","coordinates":[-100.31163,25.668078]},"properties":{"n":"","s":"osm","t":"bus_stop"}},{"type":"Feature","geometry":{"type":"Point","coordinates":[-100.27346,25.713706]},"properties":{"n":"Transmetro Romulo Garza - Hospital Metropolitano","s":"osm","t":"bus_stop"}},{"type":"Feature","geometry":{"type":"Point","coordinates":[-100.266579,25.718531]},"properties":{"n":"Transmetro Romulo Garza - Hospital Metropolitano","s":"osm","t":"bus_stop"}},{"type":"Feature","geometry":{"type":"Point","coordinates":[-100.264451,25.716248]},"properties":{"n":"Transmetro Romulo Garza - Hospital Metropolitano","s":"osm","t":"bus_stop"}},{"type":"Feature","geometry":{"type":"Point","coordinates":[-100.262135,25.713425]},"properties":{"n":"Transmetro Romulo Garza - Hospital Metropolitano","s":"osm","t":"bus_stop"}},{"type":"Feature","geometry":{"type":"Point","coordinates":[-100.261556,25.711972]},"properties":{"n":"Transmetro Romulo Garza - Hospital Metropolitano","s":"osm","t":"bus_stop"}},{"type":"Feature","geometry":{"type":"Point","coordinates":[-100.250716,25.715693]},"properties":{"n":"Transmetro Romulo Garza - Hospital Metropolitano","s":"osm","t":"bus_stop"}},{"type":"Feature","geometry":{"type":"Point","coordinates":[-100.257509,25.713244]},"properties":{"n":"Transmetro Romulo Garza - Hospital Metropolitano","s":"osm","t":"bus_stop"}},{"type":"Feature","geometry":{"type":"Point","coordinates":[-100.247433,25.717083]},"properties":{"n":"Transmetro Romulo Garza - Hospital Metropolitano","s":"osm","t":"bus_stop"}},{"type":"Feature","geometry":{"type":"Point","coordinates":[-100.243001,25.718682]},"properties":{"n":"Transmetro Romulo Garza - Hospital Metropolitano","s":"osm","t":"bus_stop"}},{"type":"Feature","geometry":{"type":"Point","coordinates":[-100.239337,25.719123]},"properties":{"n":"Transmetro Rómulo Garza - Hospital Transmetro","s":"osm","t":"bus_stop"}},{"type":"Feature","geometry":{"type":"Point","coordinates":[-100.233764,25.719897]},"properties":{"n":"Transmetro Rómulo Garza - Hospital Metropolitano","s":"osm","t":"bus_stop"}},{"type":"Feature","geometry":{"type":"Point","coordinates":[-100.236773,25.719174]},"properties":{"n":"Transmetro Rómulo Garza - Hospital Metropolitano","s":"osm","t":"bus_stop"}},{"type":"Feature","geometry":{"type":"Point","coordinates":[-100.232219,25.720577]},"properties":{"n":"Transmetro Rómulo Garza - Hospital Metropolitano","s":"osm","t":"bus_stop"}},{"type":"Feature","geometry":{"type":"Point","coordinates":[-100.227733,25.722683]},"properties":{"n":"Transmetro Rómulo Garza - Hospital Metropolitano","s":"osm","t":"bus_stop"}},{"type":"Feature","geometry":{"type":"Point","coordinates":[-100.221532,25.723846]},"properties":{"n":"Transmetro Rómulo Garza - Hospital Metropolitano","s":"osm","t":"bus_stop"}},{"type":"Feature","geometry":{"type":"Point","coordinates":[-100.218142,25.724358]},"properties":{"n":"Transmetro Rómulo Garza - Hospital Metropolitano","s":"osm","t":"bus_stop"}},{"type":"Feature","geometry":{"type":"Point","coordinates":[-100.213152,25.723816]},"properties":{"n":"Transmetro Rómulo Garza - Hospital Metropolitano","s":"osm","t":"bus_stop"}},{"type":"Feature","geometry":{"type":"Point","coordinates":[-100.204127,25.722873]},"properties":{"n":"Transmetro Rómulo Garza - Hospital Metropolitano","s":"osm","t":"bus_stop"}},{"type":"Feature","geometry":{"type":"Point","coordinates":[-100.201966,25.725616]},"properties":{"n":"Transmetro Rómulo Garza - Hospital Metropolitano","s":"osm,places","t":"bus_stop"}},{"type":"Feature","geometry":{"type":"Point","coordinates":[-100.200236,25.727898]},"properties":{"n":"Transmetro Rómulo Garza - Hospital Metropolitano","s":"osm","t":"bus_stop"}},{"type":"Feature","geometry":{"type":"Point","coordinates":[-100.199081,25.730757]},"properties":{"n":"Transmetro Rómulo Garza - Hospital Metropolitano","s":"osm","t":"bus_stop"}},{"type":"Feature","geometry":{"type":"Point","coordinates":[-100.198725,25.733169]},"properties":{"n":"Transmetro Rómulo Garza - Hospital Metropolitano","s":"osm","t":"bus_stop"}},{"type":"Feature","geometry":{"type":"Point","coordinates":[-100.199553,25.728995]},"properties":{"n":"Transmetro Rómulo Garza - Hospital Metropolitano","s":"osm","t":"bus_stop"}},{"type":"Feature","geometry":{"type":"Point","coordinates":[-100.159593,25.785]},"properties":{"n":"","s":"osm","t":"bus_stop"}},{"type":"Feature","geometry":{"type":"Point","coordinates":[-100.159514,25.784672]},"properties":{"n":"","s":"osm","t":"bus_stop"}},{"type":"Feature","geometry":{"type":"Point","coordinates":[-100.305976,25.733607]},"properties":{"n":"Parada Tigre Van","s":"osm","t":"bus_stop"}},{"type":"Feature","geometry":{"type":"Point","coordinates":[-100.214263,25.724513]},"properties":{"n":"","s":"osm","t":"bus_stop"}},{"type":"Feature","geometry":{"type":"Point","coordinates":[-100.21491,25.724551]},"properties":{"n":"211 (York) - 219 (Churubusco)","s":"osm","t":"bus_stop"}},{"type":"Feature","geometry":{"type":"Point","coordinates":[-100.21545,25.722299]},"properties":{"n":"","s":"osm","t":"bus_stop"}},{"type":"Feature","geometry":{"type":"Point","coordinates":[-100.218157,25.72441]},"properties":{"n":"","s":"osm","t":"bus_stop"}},{"type":"Feature","geometry":{"type":"Point","coordinates":[-100.229933,25.688862]},"properties":{"n":"Avenida Général Lázaro Cárdenas - Tenancingo","s":"osm","t":"bus_stop"}},{"type":"Feature","geometry":{"type":"Point","coordinates":[-100.230534,25.682978]},"properties":{"n":"Avenida Général Lázaro Cárdenas entre Général Plutarco Elías Calles","s":"osm","t":"platform"}},{"type":"Feature","geometry":{"type":"Point","coordinates":[-100.232842,25.678162]},"properties":{"n":"Benito Juarez entre Olmos","s":"osm","t":"bus_stop"}},{"type":"Feature","geometry":{"type":"Point","coordinates":[-100.277385,25.682377]},"properties":{"n":"Avenida Cristóbal Colón entre Antonio I. Villareal","s":"osm","t":"bus_stop"}},{"type":"Feature","geometry":{"type":"Point","coordinates":[-100.314711,25.674041]},"properties":{"n":"Avenida Benito Juarez","s":"osm","t":"platform"}},{"type":"Feature","geometry":{"type":"Point","coordinates":[-100.315065,25.671715]},"properties":{"n":"Avenida Benito Juarez entre Juan Ignacio Ramón","s":"osm","t":"platform"}},{"type":"Feature","geometry":{"type":"Point","coordinates":[-100.307144,25.639243]},"properties":{"n":"Rio Nazas entre Paseo Maria Guadalupe","s":"osm","t":"platform"}},{"type":"Feature","geometry":{"type":"Point","coordinates":[-100.298037,25.650425]},"properties":{"n":"Calle Pirineos","s":"osm","t":"platform"}},{"type":"Feature","geometry":{"type":"Point","coordinates":[-100.099338,25.689615]},"properties":{"n":"","s":"osm","t":"bus_stop"}},{"type":"Feature","geometry":{"type":"Point","coordinates":[-100.098503,25.688855]},"properties":{"n":"","s":"osm","t":"bus_stop"}},{"type":"Feature","geometry":{"type":"Point","coordinates":[-100.096559,25.688151]},"properties":{"n":"","s":"osm","t":"bus_stop"}},{"type":"Feature","geometry":{"type":"Point","coordinates":[-100.101971,25.690182]},"properties":{"n":"","s":"osm","t":"bus_stop"}},{"type":"Feature","geometry":{"type":"Point","coordinates":[-100.103795,25.691186]},"properties":{"n":"","s":"osm","t":"bus_stop"}},{"type":"Feature","geometry":{"type":"Point","coordinates":[-100.103872,25.690384]},"properties":{"n":"","s":"osm","t":"bus_stop"}},{"type":"Feature","geometry":{"type":"Point","coordinates":[-100.104228,25.694533]},"properties":{"n":"","s":"osm","t":"bus_stop"}},{"type":"Feature","geometry":{"type":"Point","coordinates":[-100.10463,25.695049]},"properties":{"n":"","s":"osm","t":"bus_stop"}},{"type":"Feature","geometry":{"type":"Point","coordinates":[-100.104633,25.694823]},"properties":{"n":"","s":"osm","t":"bus_stop"}},{"type":"Feature","geometry":{"type":"Point","coordinates":[-100.105576,25.695327]},"properties":{"n":"","s":"osm","t":"bus_stop"}},{"type":"Feature","geometry":{"type":"Point","coordinates":[-100.105935,25.695457]},"properties":{"n":"","s":"osm","t":"bus_stop"}},{"type":"Feature","geometry":{"type":"Point","coordinates":[-100.105492,25.696649]},"properties":{"n":"","s":"osm","t":"bus_stop"}},{"type":"Feature","geometry":{"type":"Point","coordinates":[-100.104961,25.697401]},"properties":{"n":"","s":"osm","t":"bus_stop"}},{"type":"Feature","geometry":{"type":"Point","coordinates":[-100.106049,25.697031]},"properties":{"n":"","s":"osm","t":"bus_stop"}},{"type":"Feature","geometry":{"type":"Point","coordinates":[-100.108747,25.694931]},"properties":{"n":"","s":"osm","t":"bus_stop"}},{"type":"Feature","geometry":{"type":"Point","coordinates":[-100.107414,25.69505]},"properties":{"n":"","s":"osm","t":"bus_stop"}},{"type":"Feature","geometry":{"type":"Point","coordinates":[-100.105888,25.695154]},"properties":{"n":"","s":"osm","t":"bus_stop"}},{"type":"Feature","geometry":{"type":"Point","coordinates":[-100.108744,25.694668]},"properties":{"n":"","s":"osm","t":"bus_stop"}},{"type":"Feature","geometry":{"type":"Point","coordinates":[-100.114325,25.69406]},"properties":{"n":"","s":"osm","t":"bus_stop"}},{"type":"Feature","geometry":{"type":"Point","coordinates":[-100.115169,25.694763]},"properties":{"n":"","s":"osm","t":"bus_stop"}},{"type":"Feature","geometry":{"type":"Point","coordinates":[-100.115621,25.694679]},"properties":{"n":"","s":"osm","t":"bus_stop"}},{"type":"Feature","geometry":{"type":"Point","coordinates":[-100.115593,25.694421]},"properties":{"n":"","s":"osm","t":"bus_stop"}},{"type":"Feature","geometry":{"type":"Point","coordinates":[-100.117085,25.69634]},"properties":{"n":"","s":"osm","t":"bus_stop"}},{"type":"Feature","geometry":{"type":"Point","coordinates":[-100.117034,25.695906]},"properties":{"n":"","s":"osm","t":"bus_stop"}},{"type":"Feature","geometry":{"type":"Point","coordinates":[-100.117159,25.697521]},"properties":{"n":"","s":"osm","t":"bus_stop"}},{"type":"Feature","geometry":{"type":"Point","coordinates":[-100.116833,25.697442]},"properties":{"n":"","s":"osm","t":"bus_stop"}},{"type":"Feature","geometry":{"type":"Point","coordinates":[-100.11626,25.698379]},"properties":{"n":"","s":"osm","t":"bus_stop"}},{"type":"Feature","geometry":{"type":"Point","coordinates":[-100.118538,25.69868]},"properties":{"n":"","s":"osm","t":"bus_stop"}},{"type":"Feature","geometry":{"type":"Point","coordinates":[-100.120469,25.699462]},"properties":{"n":"","s":"osm","t":"bus_stop"}},{"type":"Feature","geometry":{"type":"Point","coordinates":[-100.120844,25.699001]},"properties":{"n":"","s":"osm","t":"bus_stop"}},{"type":"Feature","geometry":{"type":"Point","coordinates":[-100.116092,25.689038]},"properties":{"n":"","s":"osm","t":"bus_stop"}},{"type":"Feature","geometry":{"type":"Point","coordinates":[-100.117454,25.688102]},"properties":{"n":"","s":"osm","t":"bus_stop"}},{"type":"Feature","geometry":{"type":"Point","coordinates":[-100.118854,25.686669]},"properties":{"n":"","s":"osm","t":"bus_stop"}},{"type":"Feature","geometry":{"type":"Point","coordinates":[-100.118825,25.685996]},"properties":{"n":"","s":"osm","t":"bus_stop"}},{"type":"Feature","geometry":{"type":"Point","coordinates":[-100.119167,25.685958]},"properties":{"n":"","s":"osm","t":"bus_stop"}},{"type":"Feature","geometry":{"type":"Point","coordinates":[-100.118219,25.684734]},"properties":{"n":"","s":"osm","t":"bus_stop"}},{"type":"Feature","geometry":{"type":"Point","coordinates":[-100.114082,25.688534]},"properties":{"n":"","s":"osm","t":"bus_stop"}},{"type":"Feature","geometry":{"type":"Point","coordinates":[-100.112664,25.688369]},"properties":{"n":"","s":"osm","t":"bus_stop"}},{"type":"Feature","geometry":{"type":"Point","coordinates":[-100.10818,25.689697]},"properties":{"n":"","s":"osm","t":"bus_stop"}},{"type":"Feature","geometry":{"type":"Point","coordinates":[-100.108092,25.689488]},"properties":{"n":"","s":"osm","t":"bus_stop"}},{"type":"Feature","geometry":{"type":"Point","coordinates":[-100.106726,25.68979]},"properties":{"n":"","s":"osm","t":"bus_stop"}},{"type":"Feature","geometry":{"type":"Point","coordinates":[-100.105626,25.691108]},"properties":{"n":"","s":"osm","t":"bus_stop"}},{"type":"Feature","geometry":{"type":"Point","coordinates":[-100.10387,25.690358]},"properties":{"n":"","s":"osm","t":"bus_stop"}},{"type":"Feature","geometry":{"type":"Point","coordinates":[-100.313284,25.729918]},"properties":{"n":"","s":"osm","t":"bus_stop"}},{"type":"Feature","geometry":{"type":"Point","coordinates":[-100.24738,25.672442]},"properties":{"n":"Valparaíso","s":"osm","t":"bus_stop"}},{"type":"Feature","geometry":{"type":"Point","coordinates":[-100.249341,25.672282]},"properties":{"n":"Valparaíso - La Riviera - 5 De Mayo","s":"osm","t":"bus_stop"}},{"type":"Feature","geometry":{"type":"Point","coordinates":[-100.245189,25.665833]},"properties":{"n":"Avenida Pablo Livas","s":"osm","t":"bus_stop"}},{"type":"Feature","geometry":{"type":"Point","coordinates":[-100.366106,25.7548]},"properties":{"n":"","s":"osm","t":"bus_stop"}},{"type":"Feature","geometry":{"type":"Point","coordinates":[-100.135629,25.711279]},"properties":{"n":"","s":"osm","t":"bus_stop"}},{"type":"Feature","geometry":{"type":"Point","coordinates":[-100.134916,25.708828]},"properties":{"n":"","s":"osm","t":"bus_stop"}},{"type":"Feature","geometry":{"type":"Point","coordinates":[-100.134437,25.708219]},"properties":{"n":"","s":"osm","t":"bus_stop"}},{"type":"Feature","geometry":{"type":"Point","coordinates":[-100.133939,25.706468]},"properties":{"n":"","s":"osm","t":"bus_stop"}},{"type":"Feature","geometry":{"type":"Point","coordinates":[-100.134246,25.706413]},"properties":{"n":"","s":"osm","t":"bus_stop"}},{"type":"Feature","geometry":{"type":"Point","coordinates":[-100.131825,25.702166]},"properties":{"n":"","s":"osm","t":"bus_stop"}},{"type":"Feature","geometry":{"type":"Point","coordinates":[-100.131759,25.70169]},"properties":{"n":"","s":"osm","t":"bus_stop"}},{"type":"Feature","geometry":{"type":"Point","coordinates":[-100.133129,25.700955]},"properties":{"n":"","s":"osm","t":"bus_stop"}},{"type":"Feature","geometry":{"type":"Point","coordinates":[-100.13115,25.701836]},"properties":{"n":"","s":"osm","t":"bus_stop"}},{"type":"Feature","geometry":{"type":"Point","coordinates":[-100.13067,25.700361]},"properties":{"n":"","s":"osm","t":"bus_stop"}},{"type":"Feature","geometry":{"type":"Point","coordinates":[-100.162728,25.748969]},"properties":{"n":"","s":"osm","t":"bus_stop"}},{"type":"Feature","geometry":{"type":"Point","coordinates":[-100.162965,25.748706]},"properties":{"n":"","s":"osm","t":"bus_stop"}},{"type":"Feature","geometry":{"type":"Point","coordinates":[-100.155789,25.737927]},"properties":{"n":"","s":"osm","t":"bus_stop"}},{"type":"Feature","geometry":{"type":"Point","coordinates":[-100.099395,25.689815]},"properties":{"n":"","s":"osm","t":"bus_stop"}},{"type":"Feature","geometry":{"type":"Point","coordinates":[-100.103372,25.691137]},"properties":{"n":"","s":"osm","t":"bus_stop"}},{"type":"Feature","geometry":{"type":"Point","coordinates":[-100.10403,25.693317]},"properties":{"n":"","s":"osm","t":"bus_stop"}},{"type":"Feature","geometry":{"type":"Point","coordinates":[-100.104205,25.694436]},"properties":{"n":"","s":"osm","t":"bus_stop"}},{"type":"Feature","geometry":{"type":"Point","coordinates":[-100.105224,25.696677]},"properties":{"n":"","s":"osm","t":"bus_stop"}},{"type":"Feature","geometry":{"type":"Point","coordinates":[-100.108027,25.697788]},"properties":{"n":"","s":"osm","t":"bus_stop"}},{"type":"Feature","geometry":{"type":"Point","coordinates":[-100.110245,25.697599]},"properties":{"n":"","s":"osm","t":"bus_stop"}},{"type":"Feature","geometry":{"type":"Point","coordinates":[-100.1126,25.698389]},"properties":{"n":"","s":"osm","t":"bus_stop"}},{"type":"Feature","geometry":{"type":"Point","coordinates":[-100.11782,25.699117]},"properties":{"n":"","s":"osm","t":"bus_stop"}},{"type":"Feature","geometry":{"type":"Point","coordinates":[-100.107686,25.695222]},"properties":{"n":"","s":"osm","t":"bus_stop"}},{"type":"Feature","geometry":{"type":"Point","coordinates":[-100.111128,25.694385]},"properties":{"n":"","s":"osm","t":"bus_stop"}},{"type":"Feature","geometry":{"type":"Point","coordinates":[-100.110354,25.694326]},"properties":{"n":"","s":"osm","t":"bus_stop"}},{"type":"Feature","geometry":{"type":"Point","coordinates":[-100.111051,25.694194]},"properties":{"n":"","s":"osm","t":"bus_stop"}},{"type":"Feature","geometry":{"type":"Point","coordinates":[-100.109907,25.693057]},"properties":{"n":"","s":"osm","t":"bus_stop"}},{"type":"Feature","geometry":{"type":"Point","coordinates":[-100.110072,25.690977]},"properties":{"n":"","s":"osm","t":"bus_stop"}},{"type":"Feature","geometry":{"type":"Point","coordinates":[-100.106877,25.69083]},"properties":{"n":"","s":"osm","t":"bus_stop"}},{"type":"Feature","geometry":{"type":"Point","coordinates":[-100.135776,25.713026]},"properties":{"n":"","s":"osm","t":"bus_stop"}},{"type":"Feature","geometry":{"type":"Point","coordinates":[-100.130195,25.700371]},"properties":{"n":"","s":"osm","t":"bus_stop"}},{"type":"Feature","geometry":{"type":"Point","coordinates":[-100.130242,25.700511]},"properties":{"n":"","s":"osm","t":"bus_stop"}},{"type":"Feature","geometry":{"type":"Point","coordinates":[-100.117325,25.698521]},"properties":{"n":"","s":"osm","t":"bus_stop"}},{"type":"Feature","geometry":{"type":"Point","coordinates":[-100.115844,25.689654]},"properties":{"n":"","s":"osm","t":"bus_stop"}},{"type":"Feature","geometry":{"type":"Point","coordinates":[-100.11746,25.687655]},"properties":{"n":"","s":"osm","t":"bus_stop"}},{"type":"Feature","geometry":{"type":"Point","coordinates":[-100.115582,25.688894]},"properties":{"n":"","s":"osm","t":"bus_stop"}},{"type":"Feature","geometry":{"type":"Point","coordinates":[-100.114014,25.688722]},"properties":{"n":"","s":"osm","t":"bus_stop"}},{"type":"Feature","geometry":{"type":"Point","coordinates":[-100.111481,25.688452]},"properties":{"n":"","s":"osm","t":"bus_stop"}},{"type":"Feature","geometry":{"type":"Point","coordinates":[-100.110715,25.688284]},"properties":{"n":"","s":"osm","t":"bus_stop"}},{"type":"Feature","geometry":{"type":"Point","coordinates":[-100.099526,25.68923]},"properties":{"n":"","s":"osm","t":"bus_stop"}},{"type":"Feature","geometry":{"type":"Point","coordinates":[-100.091801,25.682529]},"properties":{"n":"","s":"osm","t":"bus_stop"}},{"type":"Feature","geometry":{"type":"Point","coordinates":[-100.091722,25.680262]},"properties":{"n":"","s":"osm","t":"bus_stop"}},{"type":"Feature","geometry":{"type":"Point","coordinates":[-100.091859,25.680291]},"properties":{"n":"","s":"osm","t":"bus_stop"}},{"type":"Feature","geometry":{"type":"Point","coordinates":[-100.212928,25.689615]},"properties":{"n":"","s":"osm","t":"bus_stop"}},{"type":"Feature","geometry":{"type":"Point","coordinates":[-100.240861,25.693414]},"properties":{"n":"","s":"osm","t":"bus_stop"}},{"type":"Feature","geometry":{"type":"Point","coordinates":[-100.334279,25.651461]},"properties":{"n":"","s":"osm","t":"bus_stop"}},{"type":"Feature","geometry":{"type":"Point","coordinates":[-100.38479,25.655186]},"properties":{"n":"","s":"osm","t":"bus_stop"}},{"type":"Feature","geometry":{"type":"Point","coordinates":[-100.318012,25.64155]},"properties":{"n":"","s":"osm","t":"bus_stop"}},{"type":"Feature","geometry":{"type":"Point","coordinates":[-100.265198,25.60079]},"properties":{"n":"","s":"osm","t":"bus_stop"}},{"type":"Feature","geometry":{"type":"Point","coordinates":[-100.269584,25.608584]},"properties":{"n":"","s":"osm,places","t":"bus_stop"}},{"type":"Feature","geometry":{"type":"Point","coordinates":[-100.22156,25.723934]},"properties":{"n":"","s":"osm","t":"bus_stop"}},{"type":"Feature","geometry":{"type":"Point","coordinates":[-100.309863,25.650593]},"properties":{"n":"","s":"osm","t":"bus_stop"}},{"type":"Feature","geometry":{"type":"Point","coordinates":[-100.163571,25.705974]},"properties":{"n":"","s":"osm","t":"bus_stop"}},{"type":"Feature","geometry":{"type":"Point","coordinates":[-100.39837,25.660683]},"properties":{"n":"","s":"osm","t":"bus_stop"}},{"type":"Feature","geometry":{"type":"Point","coordinates":[-100.278031,25.682893]},"properties":{"n":"Y Griega","s":"osm","t":"bus_stop"}},{"type":"Feature","geometry":{"type":"Point","coordinates":[-100.30961,25.731012]},"properties":{"n":"","s":"osm","t":"bus_stop"}},{"type":"Feature","geometry":{"type":"Point","coordinates":[-100.309574,25.730312]},"properties":{"n":"","s":"osm","t":"bus_stop"}},{"type":"Feature","geometry":{"type":"Point","coordinates":[-100.418788,25.66569]},"properties":{"n":"","s":"osm","t":"bus_stop"}},{"type":"Feature","geometry":{"type":"Point","coordinates":[-100.416614,25.665699]},"properties":{"n":"","s":"osm","t":"bus_stop"}},{"type":"Feature","geometry":{"type":"Point","coordinates":[-100.412916,25.665934]},"properties":{"n":"","s":"osm","t":"bus_stop"}},{"type":"Feature","geometry":{"type":"Point","coordinates":[-100.2728,25.770436]},"properties":{"n":"","s":"osm","t":"bus_stop"}},{"type":"Feature","geometry":{"type":"Point","coordinates":[-100.272,25.732789]},"properties":{"n":"","s":"osm","t":"bus_stop"}},{"type":"Feature","geometry":{"type":"Point","coordinates":[-100.11829,25.777643]},"properties":{"n":"","s":"osm","t":"bus_stop"}},{"type":"Feature","geometry":{"type":"Point","coordinates":[-100.316967,25.690039]},"properties":{"n":"","s":"osm","t":"bus_stop"}},{"type":"Feature","geometry":{"type":"Point","coordinates":[-100.337949,25.639996]},"properties":{"n":"","s":"osm","t":"stop_position"}},{"type":"Feature","geometry":{"type":"Point","coordinates":[-100.309942,25.701065]},"properties":{"n":"","s":"osm","t":"stop_position"}},{"type":"Feature","geometry":{"type":"Point","coordinates":[-100.260312,25.663095]},"properties":{"n":"","s":"osm","t":"bus_stop"}},{"type":"Feature","geometry":{"type":"Point","coordinates":[-100.260896,25.662904]},"properties":{"n":"","s":"osm","t":"bus_stop"}},{"type":"Feature","geometry":{"type":"Point","coordinates":[-100.265614,25.665043]},"properties":{"n":"","s":"osm","t":"bus_stop"}},{"type":"Feature","geometry":{"type":"Point","coordinates":[-100.266097,25.664986]},"properties":{"n":"","s":"osm","t":"bus_stop"}},{"type":"Feature","geometry":{"type":"Point","coordinates":[-100.267707,25.665783]},"properties":{"n":"","s":"osm","t":"bus_stop"}},{"type":"Feature","geometry":{"type":"Point","coordinates":[-100.268471,25.666316]},"properties":{"n":"","s":"osm","t":"bus_stop"}},{"type":"Feature","geometry":{"type":"Point","coordinates":[-100.271176,25.666345]},"properties":{"n":"","s":"osm","t":"bus_stop"}},{"type":"Feature","geometry":{"type":"Point","coordinates":[-100.280673,25.666596]},"properties":{"n":"","s":"osm","t":"bus_stop"}},{"type":"Feature","geometry":{"type":"Point","coordinates":[-100.281837,25.666957]},"properties":{"n":"","s":"osm","t":"bus_stop"}},{"type":"Feature","geometry":{"type":"Point","coordinates":[-100.284175,25.667457]},"properties":{"n":"","s":"osm","t":"bus_stop"}},{"type":"Feature","geometry":{"type":"Point","coordinates":[-100.283799,25.666992]},"properties":{"n":"","s":"osm","t":"bus_stop"}},{"type":"Feature","geometry":{"type":"Point","coordinates":[-100.284544,25.667493]},"properties":{"n":"","s":"osm","t":"bus_stop"}},{"type":"Feature","geometry":{"type":"Point","coordinates":[-100.29039,25.677951]},"properties":{"n":"","s":"osm","t":"bus_stop"}},{"type":"Feature","geometry":{"type":"Point","coordinates":[-100.420073,25.673898]},"properties":{"n":"Diaz Ordaz y 20 Noviembre","s":"osm","t":"bus_stop"}},{"type":"Feature","geometry":{"type":"Point","coordinates":[-100.495138,25.695734]},"properties":{"n":"Ruta 118","s":"osm","t":"bus_stop"}},{"type":"Feature","geometry":{"type":"Point","coordinates":[-100.424258,25.674314]},"properties":{"n":"","s":"osm","t":"bus_stop"}},{"type":"Feature","geometry":{"type":"Point","coordinates":[-100.419412,25.674839]},"properties":{"n":"","s":"osm","t":"bus_stop"}},{"type":"Feature","geometry":{"type":"Point","coordinates":[-100.097127,25.701615]},"properties":{"n":"","s":"osm","t":"bus_stop"}},{"type":"Feature","geometry":{"type":"Point","coordinates":[-100.09768,25.7017]},"properties":{"n":"","s":"osm","t":"bus_stop"}},{"type":"Feature","geometry":{"type":"Point","coordinates":[-100.190324,25.785055]},"properties":{"n":"","s":"osm,places","t":"bus_stop"}},{"type":"Feature","geometry":{"type":"Point","coordinates":[-100.097937,25.700711]},"properties":{"n":"","s":"osm,places","t":"bus_stop"}},{"type":"Feature","geometry":{"type":"Point","coordinates":[-100.256056,25.728041]},"properties":{"n":"","s":"osm","t":"bus_stop"}},{"type":"Feature","geometry":{"type":"Point","coordinates":[-100.255666,25.727788]},"properties":{"n":"","s":"osm","t":"bus_stop"}},{"type":"Feature","geometry":{"type":"Point","coordinates":[-100.254397,25.728662]},"properties":{"n":"","s":"osm","t":"bus_stop"}},{"type":"Feature","geometry":{"type":"Point","coordinates":[-100.253548,25.727803]},"properties":{"n":"","s":"osm","t":"bus_stop"}},{"type":"Feature","geometry":{"type":"Point","coordinates":[-100.253454,25.728067]},"properties":{"n":"","s":"osm","t":"bus_stop"}},{"type":"Feature","geometry":{"type":"Point","coordinates":[-100.252792,25.731839]},"properties":{"n":"","s":"osm","t":"bus_stop"}},{"type":"Feature","geometry":{"type":"Point","coordinates":[-100.247935,25.733194]},"properties":{"n":"","s":"osm","t":"bus_stop"}},{"type":"Feature","geometry":{"type":"Point","coordinates":[-100.247777,25.733567]},"properties":{"n":"","s":"osm","t":"bus_stop"}},{"type":"Feature","geometry":{"type":"Point","coordinates":[-100.243883,25.736012]},"properties":{"n":"","s":"osm","t":"bus_stop"}},{"type":"Feature","geometry":{"type":"Point","coordinates":[-100.242811,25.737052]},"properties":{"n":"","s":"osm","t":"bus_stop"}},{"type":"Feature","geometry":{"type":"Point","coordinates":[-100.241061,25.73796]},"properties":{"n":"","s":"osm","t":"bus_stop"}},{"type":"Feature","geometry":{"type":"Point","coordinates":[-100.238711,25.742338]},"properties":{"n":"","s":"osm","t":"bus_stop"}},{"type":"Feature","geometry":{"type":"Point","coordinates":[-100.241332,25.738253]},"properties":{"n":"","s":"osm","t":"bus_stop"}},{"type":"Feature","geometry":{"type":"Point","coordinates":[-100.254493,25.729085]},"properties":{"n":"","s":"osm","t":"bus_stop"}},{"type":"Feature","geometry":{"type":"Point","coordinates":[-100.257841,25.726281]},"properties":{"n":"","s":"osm","t":"bus_stop"}},{"type":"Feature","geometry":{"type":"Point","coordinates":[-100.252708,25.725491]},"properties":{"n":"","s":"osm","t":"bus_stop"}},{"type":"Feature","geometry":{"type":"Point","coordinates":[-100.25109,25.71918]},"properties":{"n":"","s":"osm","t":"bus_stop"}},{"type":"Feature","geometry":{"type":"Point","coordinates":[-100.25004,25.716329]},"properties":{"n":"","s":"osm","t":"bus_stop"}},{"type":"Feature","geometry":{"type":"Point","coordinates":[-100.250394,25.71666]},"properties":{"n":"","s":"osm","t":"bus_stop"}},{"type":"Feature","geometry":{"type":"Point","coordinates":[-100.250533,25.71574]},"properties":{"n":"","s":"osm","t":"bus_stop"}},{"type":"Feature","geometry":{"type":"Point","coordinates":[-100.24747,25.717055]},"properties":{"n":"","s":"osm","t":"bus_stop"}},{"type":"Feature","geometry":{"type":"Point","coordinates":[-100.246168,25.717547]},"properties":{"n":"","s":"osm","t":"bus_stop"}},{"type":"Feature","geometry":{"type":"Point","coordinates":[-100.24348,25.71888]},"properties":{"n":"","s":"osm","t":"bus_stop"}},{"type":"Feature","geometry":{"type":"Point","coordinates":[-100.243077,25.718656]},"properties":{"n":"","s":"osm","t":"bus_stop"}},{"type":"Feature","geometry":{"type":"Point","coordinates":[-100.239409,25.719135]},"properties":{"n":"","s":"osm","t":"bus_stop"}},{"type":"Feature","geometry":{"type":"Point","coordinates":[-100.239178,25.719563]},"properties":{"n":"","s":"osm","t":"bus_stop"}},{"type":"Feature","geometry":{"type":"Point","coordinates":[-100.236731,25.719168]},"properties":{"n":"","s":"osm","t":"bus_stop"}},{"type":"Feature","geometry":{"type":"Point","coordinates":[-100.236913,25.719578]},"properties":{"n":"","s":"osm","t":"bus_stop"}},{"type":"Feature","geometry":{"type":"Point","coordinates":[-100.235659,25.719628]},"properties":{"n":"","s":"osm","t":"bus_stop"}},{"type":"Feature","geometry":{"type":"Point","coordinates":[-100.223349,25.723923]},"properties":{"n":"","s":"osm","t":"bus_stop"}},{"type":"Feature","geometry":{"type":"Point","coordinates":[-100.222283,25.724133]},"properties":{"n":"","s":"osm","t":"bus_stop"}},{"type":"Feature","geometry":{"type":"Point","coordinates":[-100.217684,25.724745]},"properties":{"n":"","s":"osm","t":"bus_stop"}},{"type":"Feature","geometry":{"type":"Point","coordinates":[-100.217074,25.724797]},"properties":{"n":"","s":"osm","t":"bus_stop"}},{"type":"Feature","geometry":{"type":"Point","coordinates":[-100.41685,25.680514]},"properties":{"n":"","s":"osm","t":"bus_stop"}},{"type":"Feature","geometry":{"type":"Point","coordinates":[-100.331142,25.681762]},"properties":{"n":"","s":"osm","t":"bus_stop"}},{"type":"Feature","geometry":{"type":"Point","coordinates":[-100.331134,25.681863]},"properties":{"n":"","s":"osm","t":"bus_stop"}},{"type":"Feature","geometry":{"type":"Point","coordinates":[-100.385794,25.853475]},"properties":{"n":"","s":"osm","t":"bus_stop"}},{"type":"Feature","geometry":{"type":"Point","coordinates":[-100.121208,25.780707]},"properties":{"n":"","s":"osm","t":"bus_stop"}},{"type":"Feature","geometry":{"type":"Point","coordinates":[-100.405885,25.678302]},"properties":{"n":"","s":"osm","t":"bus_stop"}},{"type":"Feature","geometry":{"type":"Point","coordinates":[-100.407301,25.678081]},"properties":{"n":"","s":"osm","t":"bus_stop"}},{"type":"Feature","geometry":{"type":"Point","coordinates":[-100.382718,25.661168]},"properties":{"n":"calzada-H Lobo UDEM B","s":"osm","t":"bus_stop"}},{"type":"Feature","geometry":{"type":"Point","coordinates":[-100.078184,25.792751]},"properties":{"n":"","s":"osm","t":"bus_stop"}},{"type":"Feature","geometry":{"type":"Point","coordinates":[-100.268577,25.694721]},"properties":{"n":"","s":"osm","t":"bus_stop"}},{"type":"Feature","geometry":{"type":"Point","coordinates":[-100.101625,25.689933]},"properties":{"n":"","s":"osm","t":"bus_stop"}},{"type":"Feature","geometry":{"type":"Point","coordinates":[-100.09647,25.688076]},"properties":{"n":"","s":"osm","t":"bus_stop"}},{"type":"Feature","geometry":{"type":"Point","coordinates":[-100.094626,25.687584]},"properties":{"n":"","s":"osm","t":"bus_stop"}},{"type":"Feature","geometry":{"type":"Point","coordinates":[-100.106704,25.689787]},"properties":{"n":"","s":"osm","t":"bus_stop"}},{"type":"Feature","geometry":{"type":"Point","coordinates":[-100.107972,25.689805]},"properties":{"n":"","s":"osm","t":"bus_stop"}},{"type":"Feature","geometry":{"type":"Point","coordinates":[-100.108576,25.689176]},"properties":{"n":"","s":"osm","t":"bus_stop"}},{"type":"Feature","geometry":{"type":"Point","coordinates":[-100.111229,25.688212]},"properties":{"n":"","s":"osm","t":"bus_stop"}},{"type":"Feature","geometry":{"type":"Point","coordinates":[-100.110736,25.689195]},"properties":{"n":"","s":"osm","t":"bus_stop"}},{"type":"Feature","geometry":{"type":"Point","coordinates":[-100.115642,25.689151]},"properties":{"n":"","s":"osm","t":"bus_stop"}},{"type":"Feature","geometry":{"type":"Point","coordinates":[-100.116467,25.690921]},"properties":{"n":"","s":"osm","t":"bus_stop"}},{"type":"Feature","geometry":{"type":"Point","coordinates":[-100.116646,25.692532]},"properties":{"n":"","s":"osm","t":"bus_stop"}},{"type":"Feature","geometry":{"type":"Point","coordinates":[-100.139846,25.722244]},"properties":{"n":"","s":"osm","t":"bus_stop"}},{"type":"Feature","geometry":{"type":"Point","coordinates":[-100.139538,25.722367]},"properties":{"n":"","s":"osm","t":"bus_stop"}},{"type":"Feature","geometry":{"type":"Point","coordinates":[-100.142001,25.724395]},"properties":{"n":"Campestre Huinala","s":"osm","t":"bus_stop"}},{"type":"Feature","geometry":{"type":"Point","coordinates":[-100.141894,25.724684]},"properties":{"n":"","s":"osm","t":"bus_stop"}},{"type":"Feature","geometry":{"type":"Point","coordinates":[-100.130969,25.701651]},"properties":{"n":"","s":"osm","t":"bus_stop"}},{"type":"Feature","geometry":{"type":"Point","coordinates":[-100.135095,25.710537]},"properties":{"n":"","s":"osm,places","t":"bus_stop"}},{"type":"Feature","geometry":{"type":"Point","coordinates":[-100.13592,25.713226]},"properties":{"n":"","s":"osm","t":"bus_stop"}},{"type":"Feature","geometry":{"type":"Point","coordinates":[-100.136119,25.71321]},"properties":{"n":"","s":"osm","t":"bus_stop"}},{"type":"Feature","geometry":{"type":"Point","coordinates":[-100.144237,25.726962]},"properties":{"n":"","s":"osm","t":"bus_stop"}},{"type":"Feature","geometry":{"type":"Point","coordinates":[-100.14454,25.72689]},"properties":{"n":"","s":"osm","t":"bus_stop"}},{"type":"Feature","geometry":{"type":"Point","coordinates":[-100.146934,25.729677]},"properties":{"n":"","s":"osm","t":"bus_stop"}},{"type":"Feature","geometry":{"type":"Point","coordinates":[-100.14671,25.729049]},"properties":{"n":"","s":"osm","t":"bus_stop"}},{"type":"Feature","geometry":{"type":"Point","coordinates":[-100.155282,25.737486]},"properties":{"n":"","s":"osm","t":"bus_stop"}},{"type":"Feature","geometry":{"type":"Point","coordinates":[-100.155484,25.738176]},"properties":{"n":"","s":"osm","t":"bus_stop"}},{"type":"Feature","geometry":{"type":"Point","coordinates":[-100.159343,25.741885]},"properties":{"n":"","s":"osm","t":"bus_stop"}},{"type":"Feature","geometry":{"type":"Point","coordinates":[-100.159575,25.741621]},"properties":{"n":"","s":"osm","t":"bus_stop"}},{"type":"Feature","geometry":{"type":"Point","coordinates":[-100.169778,25.754462]},"properties":{"n":"","s":"osm","t":"bus_stop"}},{"type":"Feature","geometry":{"type":"Point","coordinates":[-100.17033,25.754638]},"properties":{"n":"","s":"osm","t":"bus_stop"}},{"type":"Feature","geometry":{"type":"Point","coordinates":[-100.171723,25.758392]},"properties":{"n":"","s":"osm","t":"bus_stop"}},{"type":"Feature","geometry":{"type":"Point","coordinates":[-100.172115,25.75829]},"properties":{"n":"","s":"osm","t":"bus_stop"}},{"type":"Feature","geometry":{"type":"Point","coordinates":[-100.172324,25.759525]},"properties":{"n":"","s":"osm","t":"bus_stop"}},{"type":"Feature","geometry":{"type":"Point","coordinates":[-100.172917,25.759898]},"properties":{"n":"","s":"osm","t":"bus_stop"}},{"type":"Feature","geometry":{"type":"Point","coordinates":[-100.173424,25.762334]},"properties":{"n":"","s":"osm","t":"bus_stop"}},{"type":"Feature","geometry":{"type":"Point","coordinates":[-100.173761,25.762355]},"properties":{"n":"","s":"osm","t":"bus_stop"}},{"type":"Feature","geometry":{"type":"Point","coordinates":[-100.17407,25.763727]},"properties":{"n":"","s":"osm","t":"bus_stop"}},{"type":"Feature","geometry":{"type":"Point","coordinates":[-100.174571,25.766924]},"properties":{"n":"","s":"osm","t":"bus_stop"}},{"type":"Feature","geometry":{"type":"Point","coordinates":[-100.18338,25.776603]},"properties":{"n":"","s":"osm,places","t":"bus_stop"}},{"type":"Feature","geometry":{"type":"Point","coordinates":[-100.183522,25.776588]},"properties":{"n":"","s":"osm","t":"bus_stop"}},{"type":"Feature","geometry":{"type":"Point","coordinates":[-100.184997,25.776675]},"properties":{"n":"","s":"osm","t":"bus_stop"}},{"type":"Feature","geometry":{"type":"Point","coordinates":[-100.185263,25.776463]},"properties":{"n":"","s":"osm","t":"bus_stop"}},{"type":"Feature","geometry":{"type":"Point","coordinates":[-100.185496,25.776207]},"properties":{"n":"","s":"osm","t":"bus_stop"}},{"type":"Feature","geometry":{"type":"Point","coordinates":[-100.185386,25.775427]},"properties":{"n":"","s":"osm,places","t":"bus_stop"}},{"type":"Feature","geometry":{"type":"Point","coordinates":[-100.185874,25.775668]},"properties":{"n":"","s":"osm","t":"bus_stop"}},{"type":"Feature","geometry":{"type":"Point","coordinates":[-100.186059,25.775434]},"properties":{"n":"","s":"osm","t":"bus_stop"}},{"type":"Feature","geometry":{"type":"Point","coordinates":[-100.186322,25.775134]},"properties":{"n":"","s":"osm","t":"bus_stop"}},{"type":"Feature","geometry":{"type":"Point","coordinates":[-100.187454,25.775827]},"properties":{"n":"","s":"osm","t":"bus_stop"}},{"type":"Feature","geometry":{"type":"Point","coordinates":[-100.187218,25.77598]},"properties":{"n":"","s":"osm","t":"bus_stop"}},{"type":"Feature","geometry":{"type":"Point","coordinates":[-100.187108,25.776069]},"properties":{"n":"","s":"osm","t":"bus_stop"}},{"type":"Feature","geometry":{"type":"Point","coordinates":[-100.186867,25.776228]},"properties":{"n":"","s":"osm","t":"bus_stop"}},{"type":"Feature","geometry":{"type":"Point","coordinates":[-100.185507,25.777267]},"properties":{"n":"","s":"osm,places","t":"bus_stop"}},{"type":"Feature","geometry":{"type":"Point","coordinates":[-100.185324,25.777277]},"properties":{"n":"","s":"osm","t":"bus_stop"}},{"type":"Feature","geometry":{"type":"Point","coordinates":[-100.18695,25.778018]},"properties":{"n":"","s":"osm","t":"bus_stop"}},{"type":"Feature","geometry":{"type":"Point","coordinates":[-100.186245,25.778434]},"properties":{"n":"","s":"osm","t":"bus_stop"}},{"type":"Feature","geometry":{"type":"Point","coordinates":[-100.322239,25.676888]},"properties":{"n":"","s":"osm","t":"bus_stop"}},{"type":"Feature","geometry":{"type":"Point","coordinates":[-100.198628,25.723594]},"properties":{"n":"P","s":"osm","t":"bus_stop"}},{"type":"Feature","geometry":{"type":"Point","coordinates":[-100.31787,25.68664]},"properties":{"n":"","s":"osm","t":"bus_stop"}},{"type":"Feature","geometry":{"type":"Point","coordinates":[-100.194202,25.72379]},"properties":{"n":"","s":"osm","t":"bus_stop"}},{"type":"Feature","geometry":{"type":"Point","coordinates":[-100.318104,25.676815]},"properties":{"n":"","s":"osm","t":"bus_stop"}},{"type":"Feature","geometry":{"type":"Point","coordinates":[-100.320662,25.67674]},"properties":{"n":"","s":"osm","t":"bus_stop"}},{"type":"Feature","geometry":{"type":"Point","coordinates":[-100.58123,25.787419]},"properties":{"n":"","s":"osm","t":"bus_stop"}},{"type":"Feature","geometry":{"type":"Point","coordinates":[-100.459994,25.694603]},"properties":{"n":"","s":"osm,places","t":"bus_stop"}},{"type":"Feature","geometry":{"type":"Point","coordinates":[-100.580292,25.785448]},"properties":{"n":"","s":"osm","t":"bus_stop"}},{"type":"Feature","geometry":{"type":"Point","coordinates":[-100.58014,25.785104]},"properties":{"n":"","s":"osm","t":"bus_stop"}},{"type":"Feature","geometry":{"type":"Point","coordinates":[-100.579998,25.784819]},"properties":{"n":"","s":"osm","t":"bus_stop"}},{"type":"Feature","geometry":{"type":"Point","coordinates":[-100.579849,25.784482]},"properties":{"n":"","s":"osm","t":"bus_stop"}},{"type":"Feature","geometry":{"type":"Point","coordinates":[-100.437501,25.667475]},"properties":{"n":"","s":"osm","t":"bus_stop"}},{"type":"Feature","geometry":{"type":"Point","coordinates":[-100.566178,25.80228]},"properties":{"n":"","s":"osm","t":"bus_stop"}},{"type":"Feature","geometry":{"type":"Point","coordinates":[-100.565973,25.802457]},"properties":{"n":"","s":"osm","t":"bus_stop"}},{"type":"Feature","geometry":{"type":"Point","coordinates":[-100.566114,25.801968]},"properties":{"n":"","s":"osm","t":"bus_stop"}},{"type":"Feature","geometry":{"type":"Point","coordinates":[-100.568277,25.79995]},"properties":{"n":"","s":"osm","t":"bus_stop"}},{"type":"Feature","geometry":{"type":"Point","coordinates":[-100.454714,25.690657]},"properties":{"n":"","s":"osm","t":"bus_stop"}},{"type":"Feature","geometry":{"type":"Point","coordinates":[-100.454656,25.690618]},"properties":{"n":"","s":"osm","t":"bus_stop"}},{"type":"Feature","geometry":{"type":"Point","coordinates":[-100.454601,25.690577]},"properties":{"n":"","s":"osm","t":"bus_stop"}},{"type":"Feature","geometry":{"type":"Point","coordinates":[-100.063475,25.787435]},"properties":{"n":"","s":"osm","t":"bus_stop"}},{"type":"Feature","geometry":{"type":"Point","coordinates":[-100.18733,25.657524]},"properties":{"n":"Tarjeta Feria","s":"osm","t":"bus_stop"}},{"type":"Feature","geometry":{"type":"Point","coordinates":[-100.10715,25.820912]},"properties":{"n":"","s":"osm,places","t":"bus_stop"}},{"type":"Feature","geometry":{"type":"Point","coordinates":[-100.107035,25.821068]},"properties":{"n":"","s":"osm","t":"bus_stop"}},{"type":"Feature","geometry":{"type":"Point","coordinates":[-100.114383,25.774964]},"properties":{"n":"","s":"osm","t":"bus_stop"}},{"type":"Feature","geometry":{"type":"Point","coordinates":[-100.264797,25.870639]},"properties":{"n":"","s":"osm","t":"bus_stop"}},{"type":"Feature","geometry":{"type":"Point","coordinates":[-100.09322,25.799081]},"properties":{"n":"","s":"osm","t":"bus_stop"}},{"type":"Feature","geometry":{"type":"Point","coordinates":[-100.093306,25.798852]},"properties":{"n":"","s":"osm","t":"bus_stop"}},{"type":"Feature","geometry":{"type":"Point","coordinates":[-100.091309,25.798472]},"properties":{"n":"","s":"osm","t":"bus_stop"}},{"type":"Feature","geometry":{"type":"Point","coordinates":[-100.091519,25.798288]},"properties":{"n":"","s":"osm","t":"bus_stop"}},{"type":"Feature","geometry":{"type":"Point","coordinates":[-100.528021,25.747343]},"properties":{"n":"","s":"osm","t":"bus_stop"}},{"type":"Feature","geometry":{"type":"Point","coordinates":[-100.054167,25.797523]},"properties":{"n":"Calle Villa Ximena","s":"osm","t":"bus_stop"}},{"type":"Feature","geometry":{"type":"Point","coordinates":[-100.054492,25.797468]},"properties":{"n":"Calle Villa Ximena","s":"osm","t":"bus_stop"}},{"type":"Feature","geometry":{"type":"Point","coordinates":[-100.366394,25.678919]},"properties":{"n":"","s":"osm","t":"bus_stop"}},{"type":"Feature","geometry":{"type":"Point","coordinates":[-100.052642,25.796585]},"properties":{"n":"","s":"osm","t":"bus_stop"}},{"type":"Feature","geometry":{"type":"Point","coordinates":[-100.05593,25.798449]},"properties":{"n":"Calle Villa Antonieta","s":"osm","t":"bus_stop"}},{"type":"Feature","geometry":{"type":"Point","coordinates":[-100.055937,25.798173]},"properties":{"n":"Calle Villa Antonieta","s":"osm","t":"bus_stop"}},{"type":"Feature","geometry":{"type":"Point","coordinates":[-100.057394,25.799016]},"properties":{"n":"Calle Villa Casandra","s":"osm","t":"bus_stop"}},{"type":"Feature","geometry":{"type":"Point","coordinates":[-100.057478,25.798845]},"properties":{"n":"Calle Villa Casandra","s":"osm","t":"bus_stop"}},{"type":"Feature","geometry":{"type":"Point","coordinates":[-100.058892,25.797404]},"properties":{"n":"Calle Villa Daniela","s":"osm","t":"bus_stop"}},{"type":"Feature","geometry":{"type":"Point","coordinates":[-100.058673,25.797131]},"properties":{"n":"Calle Villa Daniela","s":"osm","t":"bus_stop"}},{"type":"Feature","geometry":{"type":"Point","coordinates":[-100.058468,25.795862]},"properties":{"n":"Calle Villa María","s":"osm","t":"bus_stop"}},{"type":"Feature","geometry":{"type":"Point","coordinates":[-100.058806,25.796246]},"properties":{"n":"Calle Villa Maribel","s":"osm","t":"bus_stop"}},{"type":"Feature","geometry":{"type":"Point","coordinates":[-100.057778,25.794025]},"properties":{"n":"Calle Villa Cleopatra","s":"osm","t":"bus_stop"}},{"type":"Feature","geometry":{"type":"Point","coordinates":[-100.057945,25.793881]},"properties":{"n":"Calle Villa Cleopatra","s":"osm","t":"bus_stop"}},{"type":"Feature","geometry":{"type":"Point","coordinates":[-100.057554,25.792917]},"properties":{"n":"Calle Villa Aurora","s":"osm","t":"bus_stop"}},{"type":"Feature","geometry":{"type":"Point","coordinates":[-100.057836,25.792948]},"properties":{"n":"Calle Villa Aurora","s":"osm","t":"bus_stop"}},{"type":"Feature","geometry":{"type":"Point","coordinates":[-100.107741,25.821187]},"properties":{"n":"","s":"osm","t":"bus_stop"}},{"type":"Feature","geometry":{"type":"Point","coordinates":[-100.100381,25.801054]},"properties":{"n":"","s":"osm","t":"bus_stop"}},{"type":"Feature","geometry":{"type":"Point","coordinates":[-100.100632,25.801447]},"properties":{"n":"","s":"osm,places","t":"bus_stop"}},{"type":"Feature","geometry":{"type":"Point","coordinates":[-100.100891,25.801546]},"properties":{"n":"","s":"osm,places","t":"bus_stop"}},{"type":"Feature","geometry":{"type":"Point","coordinates":[-100.101113,25.801299]},"properties":{"n":"","s":"osm","t":"bus_stop"}},{"type":"Feature","geometry":{"type":"Point","coordinates":[-100.298821,25.656532]},"properties":{"n":"Calle 2 De Abril X Mallorca","s":"osm","t":"bus_stop"}},{"type":"Feature","geometry":{"type":"Point","coordinates":[-100.291865,25.655144]},"properties":{"n":"Junco De La Vega 2325","s":"osm","t":"bus_stop"}},{"type":"Feature","geometry":{"type":"Point","coordinates":[-100.289685,25.65338]},"properties":{"n":"Ricardo Covarrubias X Junco De La Vega","s":"osm","t":"bus_stop"}},{"type":"Feature","geometry":{"type":"Point","coordinates":[-100.286692,25.650502]},"properties":{"n":"Avenida Luis Elizondo X Junco De La Vega","s":"osm","t":"bus_stop"}},{"type":"Feature","geometry":{"type":"Point","coordinates":[-100.289062,25.648706]},"properties":{"n":"Luis Elizondo 325e","s":"osm","t":"bus_stop"}},{"type":"Feature","geometry":{"type":"Point","coordinates":[-100.286908,25.643088]},"properties":{"n":"Eugenio Garza Sada","s":"osm","t":"bus_stop"}},{"type":"Feature","geometry":{"type":"Point","coordinates":[-100.288407,25.645511]},"properties":{"n":"Napoles X Eugenio Garza Sada","s":"osm","t":"bus_stop"}},{"type":"Feature","geometry":{"type":"Point","coordinates":[-100.289622,25.64738]},"properties":{"n":"Avenida Eugenio Garza Sada X Eugenio Garza Sada","s":"osm","t":"bus_stop"}},{"type":"Feature","geometry":{"type":"Point","coordinates":[-100.290582,25.648882]},"properties":{"n":"Avenida Eugenio Garza Sada X Eugenio Garza Sada","s":"osm","t":"bus_stop"}},{"type":"Feature","geometry":{"type":"Point","coordinates":[-100.291864,25.650942]},"properties":{"n":"Avenida Eugenio Garza Sada X Eugenio Garza Sada","s":"osm","t":"bus_stop"}},{"type":"Feature","geometry":{"type":"Point","coordinates":[-100.292974,25.652662]},"properties":{"n":"Avenida Eugenio Garza Sada X Eugenio Garza Sada","s":"osm","t":"bus_stop"}},{"type":"Feature","geometry":{"type":"Point","coordinates":[-100.295553,25.656822]},"properties":{"n":"Avenida Eugenio Garza Sada X Eugenio Garza Sada","s":"osm","t":"bus_stop"}},{"type":"Feature","geometry":{"type":"Point","coordinates":[-100.296807,25.659115]},"properties":{"n":"Avenida Eugenio Garza Sada X Atenas","s":"osm","t":"bus_stop"}},{"type":"Feature","geometry":{"type":"Point","coordinates":[-100.297016,25.660997]},"properties":{"n":"Eugenio Garza Sada","s":"osm","t":"bus_stop"}},{"type":"Feature","geometry":{"type":"Point","coordinates":[-100.295112,25.649464]},"properties":{"n":"Av. Del Estado X Agrónomos","s":"osm","t":"bus_stop"}},{"type":"Feature","geometry":{"type":"Point","coordinates":[-100.298506,25.651085]},"properties":{"n":"Calle Pirineos X Rio Pánico","s":"osm","t":"bus_stop"}},{"type":"Feature","geometry":{"type":"Point","coordinates":[-100.285213,25.64038]},"properties":{"n":"Avenida Eugenio Garza Sada X Eugenio Garza Sada","s":"osm","t":"bus_stop"}},{"type":"Feature","geometry":{"type":"Point","coordinates":[-100.297069,25.663621]},"properties":{"n":"Avenida Eugenio Garza Sada X Eugenio Garza Sada","s":"osm","t":"bus_stop"}},{"type":"Feature","geometry":{"type":"Point","coordinates":[-100.29749,25.665526]},"properties":{"n":"Prol. Morelos X Eugenio Garza Sada","s":"osm","t":"bus_stop"}},{"type":"Feature","geometry":{"type":"Point","coordinates":[-100.28437,25.653138]},"properties":{"n":"Parada","s":"osm","t":"bus_stop"}},{"type":"Feature","geometry":{"type":"Point","coordinates":[-100.288374,25.653801]},"properties":{"n":"Ricardo Covarrubias X Nogales","s":"osm","t":"bus_stop"}},{"type":"Feature","geometry":{"type":"Point","coordinates":[-100.290295,25.654161]},"properties":{"n":"Junco De La Vega 2523","s":"osm","t":"bus_stop"}},{"type":"Feature","geometry":{"type":"Point","coordinates":[-100.293187,25.656685]},"properties":{"n":"Pirineos X Junco De La Vega","s":"osm","t":"bus_stop"}},{"type":"Feature","geometry":{"type":"Point","coordinates":[-100.296321,25.659315]},"properties":{"n":"Junco De La Vega X Atenas","s":"osm","t":"bus_stop"}},{"type":"Feature","geometry":{"type":"Point","coordinates":[-100.303913,25.656567]},"properties":{"n":"Libertad X Sinaloa","s":"osm","t":"bus_stop"}},{"type":"Feature","geometry":{"type":"Point","coordinates":[-100.302048,25.656232]},"properties":{"n":"Libertad X Chiapas","s":"osm","t":"bus_stop"}},{"type":"Feature","geometry":{"type":"Point","coordinates":[-100.46113,25.693496]},"properties":{"n":"","s":"osm","t":"bus_stop"}},{"type":"Feature","geometry":{"type":"Point","coordinates":[-100.112305,25.774421]},"properties":{"n":"","s":"osm","t":"bus_stop"}},{"type":"Feature","geometry":{"type":"Point","coordinates":[-100.313457,25.723777]},"properties":{"n":"","s":"osm","t":"bus_stop"}},{"type":"Feature","geometry":{"type":"Point","coordinates":[-100.31012,25.723379]},"properties":{"n":"","s":"osm","t":"bus_stop"}},{"type":"Feature","geometry":{"type":"Point","coordinates":[-100.315938,25.723789]},"properties":{"n":"","s":"osm","t":"bus_stop"}},{"type":"Feature","geometry":{"type":"Point","coordinates":[-100.137537,25.838618]},"properties":{"n":"","s":"osm","t":"bus_stop"}},{"type":"Feature","geometry":{"type":"Point","coordinates":[-100.413055,25.665943]},"properties":{"n":"Morones-Diego Saldivar","s":"osm","t":"bus_stop"}},{"type":"Feature","geometry":{"type":"Point","coordinates":[-100.422626,25.663004]},"properties":{"n":"CRGS","s":"osm","t":"bus_stop"}},{"type":"Feature","geometry":{"type":"Point","coordinates":[-100.409086,25.664409]},"properties":{"n":"Vasconzelos-Jiménez","s":"osm","t":"bus_stop"}},{"type":"Feature","geometry":{"type":"Point","coordinates":[-100.40206,25.661937]},"properties":{"n":"Vasconcelos-Guerrero","s":"osm","t":"bus_stop"}},{"type":"Feature","geometry":{"type":"Point","coordinates":[-100.394061,25.659275]},"properties":{"n":"Vasconselos-Santa Barbara","s":"osm","t":"bus_stop"}},{"type":"Feature","geometry":{"type":"Point","coordinates":[-100.385885,25.655397]},"properties":{"n":"Vasconselos-H Lobo UDEM","s":"osm","t":"bus_stop"}},{"type":"Feature","geometry":{"type":"Point","coordinates":[-100.382885,25.660578]},"properties":{"n":"H Lobo- Calzada UDEM","s":"osm","t":"bus_stop"}},{"type":"Feature","geometry":{"type":"Point","coordinates":[-100.374749,25.658302]},"properties":{"n":"Calzada-Balsas UDEM","s":"osm","t":"bus_stop"}},{"type":"Feature","geometry":{"type":"Point","coordinates":[-100.380028,25.645737]},"properties":{"n":"Alfonso Reyes-Lomas del valle UDEM","s":"osm","t":"bus_stop"}},{"type":"Feature","geometry":{"type":"Point","coordinates":[-100.385807,25.64818]},"properties":{"n":"Alfonso Reyes-Tampiquito UDEM","s":"osm","t":"bus_stop"}},{"type":"Feature","geometry":{"type":"Point","coordinates":[-100.392088,25.651269]},"properties":{"n":"Alfonso Reyes -Neil UDEM","s":"osm","t":"bus_stop"}},{"type":"Feature","geometry":{"type":"Point","coordinates":[-100.366382,25.655855]},"properties":{"n":"Calzada-Tamazunchale UDEM","s":"osm","t":"bus_stop"}},{"type":"Feature","geometry":{"type":"Point","coordinates":[-100.35848,25.652064]},"properties":{"n":"Palacio UDEM","s":"osm","t":"bus_stop"}},{"type":"Feature","geometry":{"type":"Point","coordinates":[-100.3655,25.640748]},"properties":{"n":"Alfinso Reyes- Lopez Mateos UDEM","s":"osm","t":"bus_stop"}},{"type":"Feature","geometry":{"type":"Point","coordinates":[-100.373166,25.642544]},"properties":{"n":"Alfonso Reyes- Bosques del valle UDEM","s":"osm","t":"bus_stop"}},{"type":"Feature","geometry":{"type":"Point","coordinates":[-100.40186,25.654648]},"properties":{"n":"Alfonso Reyes-Geronimo Treviño UDEM","s":"osm","t":"bus_stop"}},{"type":"Feature","geometry":{"type":"Point","coordinates":[-100.407821,25.656659]},"properties":{"n":"Alfonso Reyes-Corregidora UDEM","s":"osm","t":"bus_stop"}},{"type":"Feature","geometry":{"type":"Point","coordinates":[-100.412916,25.658394]},"properties":{"n":"Alfonso Reyes-Padre Mier UDEM","s":"osm","t":"bus_stop"}},{"type":"Feature","geometry":{"type":"Point","coordinates":[-100.417432,25.659541]},"properties":{"n":"Alfonzo Reyes-Plaza Nativa UDEM","s":"osm","t":"bus_stop"}},{"type":"Feature","geometry":{"type":"Point","coordinates":[-100.412401,25.666256]},"properties":{"n":"Morones-Jimenez UDEM B","s":"osm","t":"bus_stop"}},{"type":"Feature","geometry":{"type":"Point","coordinates":[-100.403975,25.669877]},"properties":{"n":"Morones-Corregidora UDEM B","s":"osm","t":"bus_stop"}},{"type":"Feature","geometry":{"type":"Point","coordinates":[-100.403319,25.662575]},"properties":{"n":"Vasconcelos -Juarez UDEM B","s":"osm","t":"bus_stop"}},{"type":"Feature","geometry":{"type":"Point","coordinates":[-100.398053,25.660752]},"properties":{"n":"Vasconselos -Naranjo UDEM B","s":"osm","t":"bus_stop"}},{"type":"Feature","geometry":{"type":"Point","coordinates":[-100.39186,25.658426]},"properties":{"n":"Vasconselos -Doblado UDEM B","s":"osm","t":"bus_stop"}},{"type":"Feature","geometry":{"type":"Point","coordinates":[-100.3853,25.655507]},"properties":{"n":"Vasconselos-H Lobo UDEM B","s":"osm","t":"bus_stop"}},{"type":"Feature","geometry":{"type":"Point","coordinates":[-100.374186,25.658734]},"properties":{"n":"Calzadas - Balsas UDEM B","s":"osm","t":"bus_stop"}},{"type":"Feature","geometry":{"type":"Point","coordinates":[-100.368667,25.657117]},"properties":{"n":"Calzada - Grijalva UDEM B","s":"osm","t":"bus_stop"}},{"type":"Feature","geometry":{"type":"Point","coordinates":[-100.362024,25.65518]},"properties":{"n":"Calzada - Rio de la plata UDEM B","s":"osm","t":"bus_stop"}},{"type":"Feature","geometry":{"type":"Point","coordinates":[-100.35459,25.653445]},"properties":{"n":"Vasconcelos - Olmo UDEM B","s":"osm","t":"bus_stop"}},{"type":"Feature","geometry":{"type":"Point","coordinates":[-100.359923,25.646174]},"properties":{"n":"Gomez morin- Magnolia UDEM B","s":"osm","t":"bus_stop"}},{"type":"Feature","geometry":{"type":"Point","coordinates":[-100.365953,25.640631]},"properties":{"n":"Alfonso Reyes - Lopez Mateos UDEM B","s":"osm","t":"bus_stop"}},{"type":"Feature","geometry":{"type":"Point","coordinates":[-100.373243,25.642296]},"properties":{"n":"Alfonso reyes - bosques del valle UDEM B","s":"osm","t":"bus_stop"}},{"type":"Feature","geometry":{"type":"Point","coordinates":[-100.380532,25.645655]},"properties":{"n":"Alfonso Reyes - Lomas del valle UDEM B","s":"osm","t":"bus_stop"}},{"type":"Feature","geometry":{"type":"Point","coordinates":[-100.383923,25.647247]},"properties":{"n":"Alfonso Reyes - Tampiquito UDEM B","s":"osm","t":"bus_stop"}},{"type":"Feature","geometry":{"type":"Point","coordinates":[-100.392801,25.651275]},"properties":{"n":"Alfonso Reyes - Neil UDEM B","s":"osm","t":"bus_stop"}},{"type":"Feature","geometry":{"type":"Point","coordinates":[-100.399519,25.65358]},"properties":{"n":"Alfonso Reyes- Matamoros UDEM B","s":"osm","t":"bus_stop"}},{"type":"Feature","geometry":{"type":"Point","coordinates":[-100.406687,25.656032]},"properties":{"n":"Alfosno Reyes - Juarez UDEM B","s":"osm","t":"bus_stop"}},{"type":"Feature","geometry":{"type":"Point","coordinates":[-100.413051,25.65814]},"properties":{"n":"Valle de la Paz UDEM B","s":"osm","t":"bus_stop"}},{"type":"Feature","geometry":{"type":"Point","coordinates":[-100.404597,25.669324]},"properties":{"n":"","s":"osm","t":"bus_stop"}},{"type":"Feature","geometry":{"type":"Point","coordinates":[-100.366556,25.668294]},"properties":{"n":"","s":"osm","t":"bus_stop"}},{"type":"Feature","geometry":{"type":"Point","coordinates":[-100.368852,25.66778]},"properties":{"n":"","s":"osm","t":"bus_stop"}},{"type":"Feature","geometry":{"type":"Point","coordinates":[-100.368987,25.668177]},"properties":{"n":"","s":"osm","t":"bus_stop"}},{"type":"Feature","geometry":{"type":"Point","coordinates":[-100.381424,25.668251]},"properties":{"n":"","s":"osm","t":"bus_stop"}},{"type":"Feature","geometry":{"type":"Point","coordinates":[-100.388006,25.670179]},"properties":{"n":"","s":"osm","t":"bus_stop"}},{"type":"Feature","geometry":{"type":"Point","coordinates":[-100.416402,25.665952]},"properties":{"n":"","s":"osm","t":"bus_stop"}},{"type":"Feature","geometry":{"type":"Point","coordinates":[-100.327521,25.647588]},"properties":{"n":"","s":"osm","t":"bus_stop"}},{"type":"Feature","geometry":{"type":"Point","coordinates":[-100.321617,25.643843]},"properties":{"n":"","s":"osm","t":"bus_stop"}},{"type":"Feature","geometry":{"type":"Point","coordinates":[-100.338209,25.654714]},"properties":{"n":"","s":"osm","t":"bus_stop"}},{"type":"Feature","geometry":{"type":"Point","coordinates":[-100.17899,25.729563]},"properties":{"n":"","s":"osm","t":"bus_stop"}},{"type":"Feature","geometry":{"type":"Point","coordinates":[-100.25349,25.796748]},"properties":{"n":"","s":"osm","t":"bus_stop"}},{"type":"Feature","geometry":{"type":"Point","coordinates":[-100.255615,25.689222]},"properties":{"n":"","s":"osm","t":"bus_stop"}},{"type":"Feature","geometry":{"type":"Point","coordinates":[-100.077988,25.793051]},"properties":{"n":"","s":"osm","t":"bus_stop"}},{"type":"Feature","geometry":{"type":"Point","coordinates":[-100.059121,25.785737]},"properties":{"n":"","s":"osm","t":"bus_stop"}},{"type":"Feature","geometry":{"type":"Point","coordinates":[-100.053436,25.783145]},"properties":{"n":"","s":"osm","t":"bus_stop"}},{"type":"Feature","geometry":{"type":"Point","coordinates":[-100.053521,25.783955]},"properties":{"n":"","s":"osm","t":"bus_stop"}},{"type":"Feature","geometry":{"type":"Point","coordinates":[-100.056171,25.783341]},"properties":{"n":"","s":"osm","t":"bus_stop"}},{"type":"Feature","geometry":{"type":"Point","coordinates":[-100.058712,25.784173]},"properties":{"n":"","s":"osm","t":"bus_stop"}},{"type":"Feature","geometry":{"type":"Point","coordinates":[-100.056162,25.784059]},"properties":{"n":"","s":"osm","t":"bus_stop"}},{"type":"Feature","geometry":{"type":"Point","coordinates":[-100.058892,25.784105]},"properties":{"n":"","s":"osm","t":"bus_stop"}},{"type":"Feature","geometry":{"type":"Point","coordinates":[-100.059196,25.785502]},"properties":{"n":"","s":"osm","t":"bus_stop"}},{"type":"Feature","geometry":{"type":"Point","coordinates":[-100.322773,25.794557]},"properties":{"n":"","s":"osm","t":"bus_stop"}},{"type":"Feature","geometry":{"type":"Point","coordinates":[-100.330318,25.783108]},"properties":{"n":"Transmetro Fomerrey 9 (Acueducto)","s":"osm","t":"bus_stop"}},{"type":"Feature","geometry":{"type":"Point","coordinates":[-100.329787,25.784606]},"properties":{"n":"Transmetro Fomerrey 9 (Profesor Guillermo Chapa)","s":"osm","t":"bus_stop"}},{"type":"Feature","geometry":{"type":"Point","coordinates":[-100.323632,25.791522]},"properties":{"n":"Plaza Girasoles (Norte)","s":"osm","t":"bus_stop"}},{"type":"Feature","geometry":{"type":"Point","coordinates":[-100.32312,25.790345]},"properties":{"n":"Plaza Girasoles (Sur)","s":"osm,places","t":"bus_stop"}},{"type":"Feature","geometry":{"type":"Point","coordinates":[-100.329825,25.792625]},"properties":{"n":"","s":"osm","t":"bus_stop"}},{"type":"Feature","geometry":{"type":"Point","coordinates":[-100.335349,25.793308]},"properties":{"n":"","s":"osm","t":"bus_stop"}},{"type":"Feature","geometry":{"type":"Point","coordinates":[-100.063264,25.78734]},"properties":{"n":"","s":"osm","t":"bus_stop"}},{"type":"Feature","geometry":{"type":"Point","coordinates":[-100.342709,25.806849]},"properties":{"n":"Parque Industrial (Bodega Aurrera Puerta Del Sol)","s":"osm","t":"bus_stop"}},{"type":"Feature","geometry":{"type":"Point","coordinates":[-100.311306,25.872291]},"properties":{"n":"","s":"osm,places","t":"bus_stop"}},{"type":"Feature","geometry":{"type":"Point","coordinates":[-100.310495,25.869581]},"properties":{"n":"","s":"osm","t":"bus_stop"}},{"type":"Feature","geometry":{"type":"Point","coordinates":[-100.310338,25.869789]},"properties":{"n":"","s":"osm","t":"bus_stop"}},{"type":"Feature","geometry":{"type":"Point","coordinates":[-100.309432,25.866793]},"properties":{"n":"","s":"osm","t":"bus_stop"}},{"type":"Feature","geometry":{"type":"Point","coordinates":[-100.30958,25.866708]},"properties":{"n":"","s":"osm,places","t":"bus_stop"}},{"type":"Feature","geometry":{"type":"Point","coordinates":[-100.311852,25.865704]},"properties":{"n":"","s":"osm","t":"bus_stop"}},{"type":"Feature","geometry":{"type":"Point","coordinates":[-100.312174,25.865368]},"properties":{"n":"","s":"osm","t":"bus_stop"}},{"type":"Feature","geometry":{"type":"Point","coordinates":[-100.313512,25.865005]},"properties":{"n":"","s":"osm","t":"bus_stop"}},{"type":"Feature","geometry":{"type":"Point","coordinates":[-100.313766,25.864667]},"properties":{"n":"","s":"osm","t":"bus_stop"}},{"type":"Feature","geometry":{"type":"Point","coordinates":[-100.314115,25.864764]},"properties":{"n":"","s":"osm","t":"bus_stop"}},{"type":"Feature","geometry":{"type":"Point","coordinates":[-100.315082,25.864871]},"properties":{"n":"","s":"osm","t":"bus_stop"}},{"type":"Feature","geometry":{"type":"Point","coordinates":[-100.316949,25.862054]},"properties":{"n":"","s":"osm","t":"bus_stop"}},{"type":"Feature","geometry":{"type":"Point","coordinates":[-100.316718,25.861726]},"properties":{"n":"","s":"osm","t":"bus_stop"}},{"type":"Feature","geometry":{"type":"Point","coordinates":[-100.316731,25.859481]},"properties":{"n":"","s":"osm","t":"bus_stop"}},{"type":"Feature","geometry":{"type":"Point","coordinates":[-100.316393,25.859227]},"properties":{"n":"","s":"osm","t":"bus_stop"}},{"type":"Feature","geometry":{"type":"Point","coordinates":[-100.315988,25.855769]},"properties":{"n":"","s":"osm","t":"bus_stop"}},{"type":"Feature","geometry":{"type":"Point","coordinates":[-100.315809,25.855505]},"properties":{"n":"","s":"osm","t":"bus_stop"}},{"type":"Feature","geometry":{"type":"Point","coordinates":[-100.316633,25.853371]},"properties":{"n":"","s":"osm","t":"bus_stop"}},{"type":"Feature","geometry":{"type":"Point","coordinates":[-100.316488,25.852901]},"properties":{"n":"Avenida El Jaral (Préstamos del Norte)","s":"osm","t":"bus_stop"}},{"type":"Feature","geometry":{"type":"Point","coordinates":[-100.339915,25.801153]},"properties":{"n":"","s":"osm","t":"bus_stop"}},{"type":"Feature","geometry":{"type":"Point","coordinates":[-100.320689,25.848238]},"properties":{"n":"","s":"osm,places","t":"bus_stop"}},{"type":"Feature","geometry":{"type":"Point","coordinates":[-100.320962,25.84793]},"properties":{"n":"Carretera Monterrey - Castaños (Navistar International)","s":"osm","t":"bus_stop"}},{"type":"Feature","geometry":{"type":"Point","coordinates":[-100.322094,25.849904]},"properties":{"n":"Carretera Monterrey - Castaños (Avenida El Jaral)","s":"osm","t":"bus_stop"}},{"type":"Feature","geometry":{"type":"Point","coordinates":[-100.3258,25.855755]},"properties":{"n":"Carretera Monterrey - Castaños (Garages y Talleres)","s":"osm","t":"bus_stop"}},{"type":"Feature","geometry":{"type":"Point","coordinates":[-100.341261,25.805303]},"properties":{"n":"","s":"osm","t":"bus_stop"}},{"type":"Feature","geometry":{"type":"Point","coordinates":[-100.31657,25.723789]},"properties":{"n":"","s":"osm","t":"bus_stop"}},{"type":"Feature","geometry":{"type":"Point","coordinates":[-100.329034,25.788284]},"properties":{"n":"Transmetro Fomerrey 9 (Profesor Emilio Rodríguez)","s":"osm","t":"bus_stop"}},{"type":"Feature","geometry":{"type":"Point","coordinates":[-100.328401,25.791468]},"properties":{"n":"Transmetro Fomerrey 9 (Profesor Miguel F. Martínez)","s":"osm","t":"bus_stop"}},{"type":"Feature","geometry":{"type":"Point","coordinates":[-100.321878,25.787943]},"properties":{"n":"Transmetro Fomerrey 9 (Hemsa Escobedo)","s":"osm","t":"bus_stop"}},{"type":"Feature","geometry":{"type":"Point","coordinates":[-100.320379,25.784223]},"properties":{"n":"Transmetro Fomerrey 9 (Crescencio Monroy)","s":"osm","t":"bus_stop"}},{"type":"Feature","geometry":{"type":"Point","coordinates":[-100.321257,25.786378]},"properties":{"n":"Transmetro Fomerrey 9 (Francisco J. Mujica)","s":"osm","t":"bus_stop"}},{"type":"Feature","geometry":{"type":"Point","coordinates":[-100.320103,25.783511]},"properties":{"n":"Transmetro Fomerrey 9 (Jose Alvarado Santos)","s":"osm","t":"bus_stop"}},{"type":"Feature","geometry":{"type":"Point","coordinates":[-100.319119,25.7811]},"properties":{"n":"Transmetro Fomerrey 9 (Felipe Carrillo Puerto)","s":"osm","t":"bus_stop"}},{"type":"Feature","geometry":{"type":"Point","coordinates":[-100.317856,25.776622]},"properties":{"n":"Transmetro Fomerrey 9 (Plaza Platinum)","s":"osm","t":"bus_stop"}},{"type":"Feature","geometry":{"type":"Point","coordinates":[-100.313561,25.730256]},"properties":{"n":"","s":"osm","t":"bus_stop"}},{"type":"Feature","geometry":{"type":"Point","coordinates":[-100.2839,25.638311]},"properties":{"n":"","s":"osm","t":"bus_stop"}},{"type":"Feature","geometry":{"type":"Point","coordinates":[-100.311614,25.665383]},"properties":{"n":"","s":"osm","t":"bus_stop"}},{"type":"Feature","geometry":{"type":"Point","coordinates":[-100.313868,25.665772]},"properties":{"n":"","s":"osm","t":"bus_stop"}},{"type":"Feature","geometry":{"type":"Point","coordinates":[-100.297106,25.649394]},"properties":{"n":"Pirineos","s":"osm","t":"bus_stop"}},{"type":"Feature","geometry":{"type":"Point","coordinates":[-100.300376,25.631152]},"properties":{"n":"","s":"osm","t":"bus_stop"}},{"type":"Feature","geometry":{"type":"Point","coordinates":[-100.158494,25.703694]},"properties":{"n":"","s":"osm,places","t":"platform"}},{"type":"Feature","geometry":{"type":"Point","coordinates":[-100.245184,25.679967]},"properties":{"n":"","s":"osm","t":"platform"}},{"type":"Feature","geometry":{"type":"Point","coordinates":[-100.245189,25.680071]},"properties":{"n":"","s":"osm","t":"platform"}},{"type":"Feature","geometry":{"type":"Point","coordinates":[-100.245174,25.680183]},"properties":{"n":"","s":"osm","t":"platform"}},{"type":"Feature","geometry":{"type":"Point","coordinates":[-100.245122,25.680299]},"properties":{"n":"","s":"osm","t":"platform"}},{"type":"Feature","geometry":{"type":"Point","coordinates":[-100.4073,25.678079]},"properties":{"n":"parada de bus","s":"osm","t":"bus_stop"}},{"type":"Feature","geometry":{"type":"Point","coordinates":[-100.405908,25.678298]},"properties":{"n":"parada de bus","s":"osm","t":"bus_stop"}},{"type":"Feature","geometry":{"type":"Point","coordinates":[-100.245463,25.67984]},"properties":{"n":"","s":"osm","t":"platform"}},{"type":"Feature","geometry":{"type":"Point","coordinates":[-100.454714,25.690658]},"properties":{"n":"","s":"osm","t":"platform"}},{"type":"Feature","geometry":{"type":"Point","coordinates":[-100.454652,25.690615]},"properties":{"n":"","s":"osm","t":"platform"}},{"type":"Feature","geometry":{"type":"Point","coordinates":[-100.454596,25.690572]},"properties":{"n":"","s":"osm","t":"platform"}},{"type":"Feature","geometry":{"type":"Point","coordinates":[-100.461158,25.693511]},"properties":{"n":"","s":"osm","t":"platform"}},{"type":"Feature","geometry":{"type":"Point","coordinates":[-100.580597,25.786114]},"properties":{"n":"","s":"osm","t":"platform"}},{"type":"Feature","geometry":{"type":"Point","coordinates":[-100.63497,25.81215]},"properties":{"n":"GAR-0602 Av. San Juan SUR - NTE","s":"places","t":"bus_stop"}},{"type":"Feature","geometry":{"type":"Point","coordinates":[-100.14345,25.61116]},"properties":{"n":"JRZ-0751 Av. Monte Palatino OTE - PTE","s":"places","t":"bus_stop"}},{"type":"Feature","geometry":{"type":"Point","coordinates":[-100.38968,25.85498]},"properties":{"n":"ECA-0205 Av. Niños Héroes PTE - OTE","s":"places","t":"bus_stop"}},{"type":"Feature","geometry":{"type":"Point","coordinates":[-100.14096,25.66688]},"properties":{"n":"GPE-1096 Av. 18 de Marzo OTE - PTE","s":"places","t":"bus_stop"}},{"type":"Feature","geometry":{"type":"Point","coordinates":[-100.23854,25.7812]},"properties":{"n":"APO - 0625 Av. Camino Real al Mezquital Santa Rosa SUR - NTE","s":"places","t":"bus_stop"}},{"type":"Feature","geometry":{"type":"Point","coordinates":[-100.24655,25.58689]},"properties":{"n":"26221","s":"places","t":"bus_stop"}},{"type":"Feature","geometry":{"type":"Point","coordinates":[-100.50482,25.70004]},"properties":{"n":"STC-0073 Av. Las Torres OTE - PTE","s":"places","t":"bus_stop"}},{"type":"Feature","geometry":{"type":"Point","coordinates":[-100.2722,25.71478]},"properties":{"n":"Terminal","s":"places","t":"bus_stop"}},{"type":"Feature","geometry":{"type":"Point","coordinates":[-100.37462,25.84137]},"properties":{"n":"ESC-0947 Av. San Miguel NTE - SUR","s":"places","t":"bus_stop"}},{"type":"Feature","geometry":{"type":"Point","coordinates":[-100.23777,25.85983]},"properties":{"n":"APO - 1124 Carretera Nuevo Laredo-Monterrey NTE - SUR","s":"places","t":"bus_stop"}},{"type":"Feature","geometry":{"type":"Point","coordinates":[-100.53969,25.81712]},"properties":{"n":"GAR-0254 Av. Vista Poniente NTE - SUR","s":"places","t":"bus_stop"}},{"type":"Feature","geometry":{"type":"Point","coordinates":[-100.42171,25.79577]},"properties":{"n":"Terminal","s":"places","t":"bus_stop"}},{"type":"Feature","geometry":{"type":"Point","coordinates":[-100.29436,25.7519]},"properties":{"n":"SNN-0578 Calle Av. Gral. Francisco Naranjo NTE - SUR","s":"places","t":"bus_stop"}},{"type":"Feature","geometry":{"type":"Point","coordinates":[-100.16777,25.60625]},"properties":{"n":"34300","s":"places","t":"bus_stop"}},{"type":"Feature","geometry":{"type":"Point","coordinates":[-100.15332,25.76344]},"properties":{"n":"Terminal","s":"places","t":"bus_stop"}},{"type":"Feature","geometry":{"type":"Point","coordinates":[-100.5383,25.80604]},"properties":{"n":"GAR-0115 Av. John F. Kennedy NTE - SUR","s":"places","t":"bus_stop"}},{"type":"Feature","geometry":{"type":"Point","coordinates":[-100.08969,25.81747]},"properties":{"n":"PES-0293 Av. Paseo de las Av. Haciendas SUR - NTE","s":"places","t":"bus_stop"}},{"type":"Feature","geometry":{"type":"Point","coordinates":[-100.18961,25.69388]},"properties":{"n":"Terminal","s":"places","t":"bus_stop"}},{"type":"Feature","geometry":{"type":"Point","coordinates":[-100.3915,25.81084]},"properties":{"n":"68063","s":"places","t":"bus_stop"}},{"type":"Feature","geometry":{"type":"Point","coordinates":[-100.51944,25.71595]},"properties":{"n":"STC-0468 Carretera García SUR - NTE","s":"places","t":"bus_stop"}},{"type":"Feature","geometry":{"type":"Point","coordinates":[-100.10483,25.82347]},"properties":{"n":"Terminal","s":"places","t":"bus_stop"}},{"type":"Feature","geometry":{"type":"Point","coordinates":[-100.46451,25.79571]},"properties":{"n":"GAR-0312 Av. de la Av. Hacienda NTE - SUR","s":"places","t":"bus_stop"}},{"type":"Feature","geometry":{"type":"Point","coordinates":[-100.47466,25.78485]},"properties":{"n":"GAR-0026 Av. Abraham Lincoln OTE - PTE","s":"places","t":"bus_stop"}},{"type":"Feature","geometry":{"type":"Point","coordinates":[-100.55529,25.79479]},"properties":{"n":"Terminal","s":"places","t":"bus_stop"}},{"type":"Feature","geometry":{"type":"Point","coordinates":[-100.51437,25.74166]},"properties":{"n":"STC-0004 Antigüa Carretera Villa de García OTE - PTE","s":"places","t":"bus_stop"}},{"type":"Feature","geometry":{"type":"Point","coordinates":[-100.11674,25.82945]},"properties":{"n":"PES-0252 Av. Las Flores OTE - PTE","s":"places","t":"bus_stop"}},{"type":"Feature","geometry":{"type":"Point","coordinates":[-100.48239,25.68002]},"properties":{"n":"STC-0201 Av. Manuel Ordóñez OTE - PTE","s":"places","t":"bus_stop"}},{"type":"Feature","geometry":{"type":"Point","coordinates":[-100.16257,25.60918]},"properties":{"n":"JRZ-0593 Av. Valle Av. Real PTE - OTE","s":"places","t":"bus_stop"}},{"type":"Feature","geometry":{"type":"Point","coordinates":[-100.32542,25.68718]},"properties":{"n":"Estacion Central","s":"places","t":"transit_station"}},{"type":"Feature","geometry":{"type":"Point","coordinates":[-100.48714,25.68002]},"properties":{"n":"STC-0093 Av. Cumbres de Sta. Catarina OTE - PTE","s":"places","t":"bus_stop"}},{"type":"Feature","geometry":{"type":"Point","coordinates":[-100.48063,25.79328]},"properties":{"n":"GAR-0185 Av. Mineros NTE - SUR","s":"places","t":"bus_stop"}},{"type":"Feature","geometry":{"type":"Point","coordinates":[-100.14114,25.85643]},"properties":{"n":"ZUA-0094 Av. Sta. Elena PTE - OTE","s":"places","t":"bus_stop"}},{"type":"Feature","geometry":{"type":"Point","coordinates":[-100.24554,25.69325]},"properties":{"n":"GPE-0336 Av. Las Américas NTE - SUR","s":"places","t":"bus_stop"}},{"type":"Feature","geometry":{"type":"Point","coordinates":[-100.43819,25.67802]},"properties":{"n":"STC-0179 Av. Cuauhtémoc SUR - NTE","s":"places","t":"bus_stop"}},{"type":"Feature","geometry":{"type":"Point","coordinates":[-100.4278,25.67429]},"properties":{"n":"STC-0387 Blvd. Gustavo Díaz Ordaz PTE - OTE","s":"places","t":"bus_stop"}},{"type":"Feature","geometry":{"type":"Point","coordinates":[-100.18231,25.78134]},"properties":{"n":"Terminal","s":"places","t":"bus_stop"}},{"type":"Feature","geometry":{"type":"Point","coordinates":[-100.47475,25.78456]},"properties":{"n":"GAR-0035 Av. Abraham Lincoln PTE - OTE","s":"places","t":"bus_stop"}},{"type":"Feature","geometry":{"type":"Point","coordinates":[-100.268088,25.604603]},"properties":{"n":"A42 - Eugenio Garza Sada - Salto del Agua","s":"places","t":"bus_stop"}},{"type":"Feature","geometry":{"type":"Point","coordinates":[-100.58719,25.8198]},"properties":{"n":"GAR-0435 Av. Heberto Castillo Martínez NTE - SUR","s":"places","t":"bus_stop"}},{"type":"Feature","geometry":{"type":"Point","coordinates":[-100.08815,25.70778]},"properties":{"n":"Terminal","s":"places","t":"bus_stop"}},{"type":"Feature","geometry":{"type":"Point","coordinates":[-100.38792,25.74937]},"properties":{"n":"MTY-0216 Av. Abraham Lincoln SUR - NTE","s":"places","t":"bus_stop"}},{"type":"Feature","geometry":{"type":"Point","coordinates":[-100.27162,25.5877]},"properties":{"n":"MTY-1611 Camino al Diente PTE - OTE","s":"places","t":"bus_stop"}},{"type":"Feature","geometry":{"type":"Point","coordinates":[-100.11466,25.65032]},"properties":{"n":"JRZ-0173 Av. Las Torres PTE - OTE","s":"places","t":"bus_stop"}},{"type":"Feature","geometry":{"type":"Point","coordinates":[-100.58296,25.79174]},"properties":{"n":"GAR-0082 Av. Heberto Castillo Martínez NTE - SUR","s":"places","t":"bus_stop"}},{"type":"Feature","geometry":{"type":"Point","coordinates":[-100.36068,25.64506]},"properties":{"n":"SNP-0359 Av. Manuel Gómez Morin NTE-SUR","s":"places","t":"bus_stop"}},{"type":"Feature","geometry":{"type":"Point","coordinates":[-100.38613,25.84701]},"properties":{"n":"ESC-0474 Av. Artículo 5 SUR-NTE","s":"places","t":"bus_stop"}},{"type":"Feature","geometry":{"type":"Point","coordinates":[-100.25263,25.79031]},"properties":{"n":"APO - 0874 Av. Metroplex SUR - NTE","s":"places","t":"bus_stop"}},{"type":"Feature","geometry":{"type":"Point","coordinates":[-100.40797,25.68194]},"properties":{"n":"SNP-0288 Av. Gral. Emiliano Zapata PTE -OTE","s":"places","t":"bus_stop"}},{"type":"Feature","geometry":{"type":"Point","coordinates":[-100.41703,25.68011]},"properties":{"n":"SNP-0146 Av. Oro NTE - SUR","s":"places","t":"bus_stop"}},{"type":"Feature","geometry":{"type":"Point","coordinates":[-100.26734,25.60438]},"properties":{"n":"26626","s":"places","t":"bus_stop"}},{"type":"Feature","geometry":{"type":"Point","coordinates":[-100.12383,25.61882]},"properties":{"n":"JRZ-0671 Blvd. San Francisco NTE - SUR","s":"places","t":"bus_stop"}},{"type":"Feature","geometry":{"type":"Point","coordinates":[-100.27772,25.70812]},"properties":{"n":"SNN-0677 Av. Ciudad de los Ángeles PTE - OTE","s":"places","t":"bus_stop"}},{"type":"Feature","geometry":{"type":"Point","coordinates":[-100.31106,25.6662]},"properties":{"n":"Hotel Plaza Monterrey","s":"places","t":"bus_stop"}},{"type":"Feature","geometry":{"type":"Point","coordinates":[-100.3323,25.80862]},"properties":{"n":"ESC-0885 Av. José Mariano Av. Abasolo OTE - PTE","s":"places","t":"bus_stop"}},{"type":"Feature","geometry":{"type":"Point","coordinates":[-100.51442,25.74138]},"properties":{"n":"STC-0006 Antigua Carretera Villa de García PTE - OTE","s":"places","t":"bus_stop"}},{"type":"Feature","geometry":{"type":"Point","coordinates":[-100.14593,25.61866]},"properties":{"n":"JRZ-0653 Av. San Francisco Solano NTE - SUR","s":"places","t":"bus_stop"}},{"type":"Feature","geometry":{"type":"Point","coordinates":[-100.58002,25.80023]},"properties":{"n":"GAR-0308 Av. Titanio SUR - NTE","s":"places","t":"bus_stop"}},{"type":"Feature","geometry":{"type":"Point","coordinates":[-100.48799,25.80555]},"properties":{"n":"GAR-0406 Av. Cordillera OTE - PTE","s":"places","t":"bus_stop"}},{"type":"Feature","geometry":{"type":"Point","coordinates":[-100.18425,25.70042]},"properties":{"n":"GPE-0330 Av. Jardines del Río PTE - OTE","s":"places","t":"bus_stop"}},{"type":"Feature","geometry":{"type":"Point","coordinates":[-100.41875,25.74894]},"properties":{"n":"MTY-1281 Av. Puerta de Hierro NTE - SUR","s":"places","t":"bus_stop"}},{"type":"Feature","geometry":{"type":"Point","coordinates":[-100.10233,25.70601]},"properties":{"n":"PES-0091 Av. San Fernando NTE - SUR","s":"places","t":"bus_stop"}},{"type":"Feature","geometry":{"type":"Point","coordinates":[-100.14916,25.61504]},"properties":{"n":"Terminal","s":"places","t":"bus_stop"}},{"type":"Feature","geometry":{"type":"Point","coordinates":[-100.25244,25.58945]},"properties":{"n":"26185","s":"places","t":"bus_stop"}},{"type":"Feature","geometry":{"type":"Point","coordinates":[-100.11732,25.68785]},"properties":{"n":"Terminal","s":"places","t":"bus_stop"}},{"type":"Feature","geometry":{"type":"Point","coordinates":[-100.290239,25.770888]},"properties":{"n":"GRUPO SENDA","s":"places","t":"bus_stop"}},{"type":"Feature","geometry":{"type":"Point","coordinates":[-100.20022,25.70739]},"properties":{"n":"Aceros","s":"places","t":"bus_stop"}},{"type":"Feature","geometry":{"type":"Point","coordinates":[-100.16568,25.60722]},"properties":{"n":"JRZ-0594 Av. Valle Av. Real NTE - SUR","s":"places","t":"bus_stop"}},{"type":"Feature","geometry":{"type":"Point","coordinates":[-100.09994,25.80323]},"properties":{"n":"273264","s":"places","t":"bus_stop"}},{"type":"Feature","geometry":{"type":"Point","coordinates":[-100.11352,25.62115]},"properties":{"n":"JRZ-0138 Av. Eloy Cavazos PTE - OTE","s":"places","t":"bus_stop"}},{"type":"Feature","geometry":{"type":"Point","coordinates":[-100.37165,25.69595]},"properties":{"n":"MTY-1290 Av. Puerta del Sol SUR - NTE","s":"places","t":"bus_stop"}},{"type":"Feature","geometry":{"type":"Point","coordinates":[-100.62427,25.81225]},"properties":{"n":"GAR-0373 Camino al panteón NTE - SUR","s":"places","t":"bus_stop"}},{"type":"Feature","geometry":{"type":"Point","coordinates":[-100.111,25.8074]},"properties":{"n":"PES-0275 Av. Miguel Alemán PTE - OTE","s":"places","t":"bus_stop"}},{"type":"Feature","geometry":{"type":"Point","coordinates":[-100.22662,25.8202]},"properties":{"n":"APO - 1348 Av. Río Pesquería SUR - NTE","s":"places","t":"bus_stop"}},{"type":"Feature","geometry":{"type":"Point","coordinates":[-100.08991,25.81768]},"properties":{"n":"PES-0287 Av. Paseo de las Av. Haciendas NTE - SUR","s":"places","t":"bus_stop"}},{"type":"Feature","geometry":{"type":"Point","coordinates":[-100.43202,25.67355]},"properties":{"n":"STC-0120 Av. Movimiento Obrero OTE - PTE","s":"places","t":"bus_stop"}},{"type":"Feature","geometry":{"type":"Point","coordinates":[-100.27717,25.56505]},"properties":{"n":"14777","s":"places","t":"bus_stop"}},{"type":"Feature","geometry":{"type":"Point","coordinates":[-100.26815,25.6984]},"properties":{"n":"Terminal","s":"places","t":"bus_stop"}},{"type":"Feature","geometry":{"type":"Point","coordinates":[-100.25456,25.58649]},"properties":{"n":"Terminal","s":"places","t":"bus_stop"}},{"type":"Feature","geometry":{"type":"Point","coordinates":[-100.58765,25.81092]},"properties":{"n":"GAR-0437 Av. Prolongación Hidalgo OTE - PTE","s":"places","t":"bus_stop"}},{"type":"Feature","geometry":{"type":"Point","coordinates":[-100.10929,25.75298]},"properties":{"n":"PES-0315 Av. Roma SUR - NTE","s":"places","t":"bus_stop"}},{"type":"Feature","geometry":{"type":"Point","coordinates":[-100.31205,25.65624]},"properties":{"n":"MTY-2491 Av. Tepeyac OTE - PTE","s":"places","t":"bus_stop"}},{"type":"Feature","geometry":{"type":"Point","coordinates":[-100.51906,25.71316]},"properties":{"n":"STC-0462 Carretera García NTE- SUR","s":"places","t":"bus_stop"}},{"type":"Feature","geometry":{"type":"Point","coordinates":[-100.243,25.7853]},"properties":{"n":"96030","s":"places","t":"bus_stop"}},{"type":"Feature","geometry":{"type":"Point","coordinates":[-100.14454,25.78946]},"properties":{"n":"106060","s":"places","t":"bus_stop"}},{"type":"Feature","geometry":{"type":"Point","coordinates":[-100.47474,25.78478]},"properties":{"n":"47573","s":"places","t":"bus_stop"}},{"type":"Feature","geometry":{"type":"Point","coordinates":[-100.6189,25.82117]},"properties":{"n":"GAR-0690 Av. Villa Nova","s":"places","t":"bus_stop"}},{"type":"Feature","geometry":{"type":"Point","coordinates":[-100.383871,25.664484]},"properties":{"n":"Gleason Health Center","s":"places","t":"bus_stop"}},{"type":"Feature","geometry":{"type":"Point","coordinates":[-100.57145,25.77883]},"properties":{"n":"GAR-0389 Carretera García SUR - NTE","s":"places","t":"bus_stop"}},{"type":"Feature","geometry":{"type":"Point","coordinates":[-100.29744,25.62123]},"properties":{"n":"MTY-2921 Av. Paseo del Acueducto NTE - SUR","s":"places","t":"bus_stop"}},{"type":"Feature","geometry":{"type":"Point","coordinates":[-100.14778,25.61014]},"properties":{"n":"JRZ-0750 Av. Monte Palatino PTE - OTE","s":"places","t":"bus_stop"}},{"type":"Feature","geometry":{"type":"Point","coordinates":[-100.48945,25.69298]},"properties":{"n":"STC-0644 Av. Cerro de la Silla OTE-PTE","s":"places","t":"bus_stop"}},{"type":"Feature","geometry":{"type":"Point","coordinates":[-100.5892,25.77486]},"properties":{"n":"GAR-0619 Av. Sierra Av. Real NTE - SUR","s":"places","t":"bus_stop"}},{"type":"Feature","geometry":{"type":"Point","coordinates":[-100.58414,25.79627]},"properties":{"n":"GAR-0298 Av. Sor Juana Inés de la Cruz OTE - PTE","s":"places","t":"bus_stop"}},{"type":"Feature","geometry":{"type":"Point","coordinates":[-100.11084,25.75108]},"properties":{"n":"PES-0313 Av. Roma PTE - OTE","s":"places","t":"bus_stop"}},{"type":"Feature","geometry":{"type":"Point","coordinates":[-100.2552,25.81105]},"properties":{"n":"96613","s":"places","t":"bus_stop"}},{"type":"Feature","geometry":{"type":"Point","coordinates":[-100.14871,25.76579]},"properties":{"n":"107677","s":"places","t":"bus_stop"}},{"type":"Feature","geometry":{"type":"Point","coordinates":[-100.33043,25.72136]},"properties":{"n":"71418","s":"places","t":"bus_stop"}},{"type":"Feature","geometry":{"type":"Point","coordinates":[-100.20195,25.64894]},"properties":{"n":"Terminal","s":"places","t":"bus_stop"}},{"type":"Feature","geometry":{"type":"Point","coordinates":[-100.21319,25.689]},"properties":{"n":"32835","s":"places","t":"bus_stop"}},{"type":"Feature","geometry":{"type":"Point","coordinates":[-100.08944,25.81893]},"properties":{"n":"PES-0322 Av. San Agustín SUR - NTE","s":"places","t":"bus_stop"}},{"type":"Feature","geometry":{"type":"Point","coordinates":[-100.59364,25.79588]},"properties":{"n":"GAR-0222 Av. Sor Juana Inés de la Cruz OTE - PTE","s":"places","t":"bus_stop"}},{"type":"Feature","geometry":{"type":"Point","coordinates":[-100.62365,25.81451]},"properties":{"n":"GAR-0374 Camino al panteón NTE - SUR","s":"places","t":"bus_stop"}},{"type":"Feature","geometry":{"type":"Point","coordinates":[-100.53977,25.82398]},"properties":{"n":"GAR-0413 Av. Gabriel García Márquez PTE - OTE","s":"places","t":"bus_stop"}},{"type":"Feature","geometry":{"type":"Point","coordinates":[-100.42122,25.68184]},"properties":{"n":"STC-0233 Av. Manuel J. Clouthier OTE - PTE","s":"places","t":"bus_stop"}},{"type":"Feature","geometry":{"type":"Point","coordinates":[-100.48048,25.78616]},"properties":{"n":"GAR-0256 Av. Abraham Lincoln OTE - PTE","s":"places","t":"bus_stop"}},{"type":"Feature","geometry":{"type":"Point","coordinates":[-100.61251,25.80658]},"properties":{"n":"GAR-0292 Av. Maravilla NTE - SUR","s":"places","t":"bus_stop"}},{"type":"Feature","geometry":{"type":"Point","coordinates":[-100.35582,25.71394]},"properties":{"n":"61382","s":"places","t":"bus_stop"}},{"type":"Feature","geometry":{"type":"Point","coordinates":[-100.51699,25.7035]},"properties":{"n":"STC-0465 Carretera Monterrey-García NTE- SUR","s":"places","t":"bus_stop"}},{"type":"Feature","geometry":{"type":"Point","coordinates":[-100.37623,25.73657]},"properties":{"n":"MTY-0162 Av. Abraham Lincoln NTE - SUR","s":"places","t":"bus_stop"}},{"type":"Feature","geometry":{"type":"Point","coordinates":[-100.14418,25.66849]},"properties":{"n":"GPE-1093 Av. Puerto del Aire SUR - NTE","s":"places","t":"bus_stop"}},{"type":"Feature","geometry":{"type":"Point","coordinates":[-100.21315,25.6656]},"properties":{"n":"Serafin Pena","s":"places","t":"bus_stop"}},{"type":"Feature","geometry":{"type":"Point","coordinates":[-100.36762,25.84542]},"properties":{"n":"83236","s":"places","t":"bus_stop"}},{"type":"Feature","geometry":{"type":"Point","coordinates":[-100.14895,25.61517]},"properties":{"n":"JRZ-0760 Av. de las Torres SUR - NTE","s":"places","t":"bus_stop"}},{"type":"Feature","geometry":{"type":"Point","coordinates":[-100.42106,25.68896]},"properties":{"n":"STC-0583 Calle Av. Loma Larga","s":"places","t":"bus_stop"}},{"type":"Feature","geometry":{"type":"Point","coordinates":[-100.10447,25.82067]},"properties":{"n":"PES-0282 Av. Monterrey PTE - OTE","s":"places","t":"bus_stop"}},{"type":"Feature","geometry":{"type":"Point","coordinates":[-100.18086,25.77808]},"properties":{"n":"APO - 0911 Av. Miguel Alemán PTE - OTE","s":"places","t":"bus_stop"}},{"type":"Feature","geometry":{"type":"Point","coordinates":[-100.36999,25.72985]},"properties":{"n":"Cardiología","s":"places","t":"bus_stop"}},{"type":"Feature","geometry":{"type":"Point","coordinates":[-100.46424,25.79518]},"properties":{"n":"51131","s":"places","t":"bus_stop"}},{"type":"Feature","geometry":{"type":"Point","coordinates":[-100.5408,25.80615]},"properties":{"n":"GAR-0208 Av. Portal Lincoln SUR - NTE","s":"places","t":"bus_stop"}},{"type":"Feature","geometry":{"type":"Point","coordinates":[-100.11052,25.72271]},"properties":{"n":"131086","s":"places","t":"bus_stop"}},{"type":"Feature","geometry":{"type":"Point","coordinates":[-100.4258,25.8433]},"properties":{"n":"Terminal","s":"places","t":"bus_stop"}},{"type":"Feature","geometry":{"type":"Point","coordinates":[-100.15093,25.6135]},"properties":{"n":"JRZ-0169 Av. Las Torres OTE - PTE","s":"places","t":"bus_stop"}},{"type":"Feature","geometry":{"type":"Point","coordinates":[-100.30572,25.85474]},"properties":{"n":"ECA-0072 Av. Arco del Triunfo SUR - NTE","s":"places","t":"bus_stop"}},{"type":"Feature","geometry":{"type":"Point","coordinates":[-100.34232,25.70566]},"properties":{"n":"Estacion Mitras","s":"places","t":"transit_station"}},{"type":"Feature","geometry":{"type":"Point","coordinates":[-100.09036,25.81305]},"properties":{"n":"PES-0289 Av. Paseo de las Av. Haciendas SUR - NTE","s":"places","t":"bus_stop"}},{"type":"Feature","geometry":{"type":"Point","coordinates":[-100.15946,25.74008]},"properties":{"n":"Terminal","s":"places","t":"bus_stop"}},{"type":"Feature","geometry":{"type":"Point","coordinates":[-100.16063,25.61005]},"properties":{"n":"JRZ-0581 Av. Valle Av. Real OTE - PTE","s":"places","t":"bus_stop"}},{"type":"Feature","geometry":{"type":"Point","coordinates":[-100.61803,25.81051]},"properties":{"n":"GAR-0455 Av. Juárez OTE - PTE","s":"places","t":"bus_stop"}},{"type":"Feature","geometry":{"type":"Point","coordinates":[-100.24289,25.78533]},"properties":{"n":"APO - 1506 Av. Concordia OTE - PTE","s":"places","t":"bus_stop"}},{"type":"Feature","geometry":{"type":"Point","coordinates":[-100.16124,25.73791]},"properties":{"n":"APO - 1158 Av. Gaspar Castaño OTE - PTE","s":"places","t":"bus_stop"}},{"type":"Feature","geometry":{"type":"Point","coordinates":[-100.269144,25.606538]},"properties":{"n":"MTY-0717 Av. Eugenio Garza Sada NTE - SUR","s":"places","t":"bus_stop"}},{"type":"Feature","geometry":{"type":"Point","coordinates":[-100.24815,25.58877]},"properties":{"n":"26119","s":"places","t":"bus_stop"}},{"type":"Feature","geometry":{"type":"Point","coordinates":[-100.27156,25.62096]},"properties":{"n":"15817","s":"places","t":"bus_stop"}},{"type":"Feature","geometry":{"type":"Point","coordinates":[-100.34735,25.8174]},"properties":{"n":"70351","s":"places","t":"bus_stop"}},{"type":"Feature","geometry":{"type":"Point","coordinates":[-100.41464,25.75819]},"properties":{"n":"MTY-1278 Av. Puerta de Hierro NTE - SUR","s":"places","t":"bus_stop"}},{"type":"Feature","geometry":{"type":"Point","coordinates":[-100.58581,25.79997]},"properties":{"n":"GAR-0273 Av. Heberto Castillo Martínez SUR - NTE","s":"places","t":"bus_stop"}},{"type":"Feature","geometry":{"type":"Point","coordinates":[-100.17557,25.6168]},"properties":{"n":"JRZ-0388 Av. San Isidro SUR-NTE","s":"places","t":"bus_stop"}},{"type":"Feature","geometry":{"type":"Point","coordinates":[-100.49638,25.68765]},"properties":{"n":"STC-0492 Carretera Monterrey - Saltillo PTE - OTE","s":"places","t":"bus_stop"}},{"type":"Feature","geometry":{"type":"Point","coordinates":[-100.57926,25.78736]},"properties":{"n":"GAR-0482 Av. Las Villa s PTE - OTE","s":"places","t":"bus_stop"}},{"type":"Feature","geometry":{"type":"Point","coordinates":[-100.26306,25.81863]},"properties":{"n":"APO - 1213 Av. Jardines de la Av. Primavera SUR - NTE","s":"places","t":"bus_stop"}},{"type":"Feature","geometry":{"type":"Point","coordinates":[-100.4009,25.77543]},"properties":{"n":"MTY-0630 Av. de los Astros NTE - SUR","s":"places","t":"bus_stop"}},{"type":"Feature","geometry":{"type":"Point","coordinates":[-100.14413,25.66781]},"properties":{"n":"GPE-1099 Av. 18 de Marzo OTE - PTE","s":"places","t":"bus_stop"}},{"type":"Feature","geometry":{"type":"Point","coordinates":[-100.26138,25.5871]},"properties":{"n":"MTY-0105 Antigüo Camino a las Minas de San Pedro y Av. San Pablo PTE -","s":"places","t":"bus_stop"}},{"type":"Feature","geometry":{"type":"Point","coordinates":[-100.26095,25.8146]},"properties":{"n":"APO - 1211 Av. Jardines de la Av. Primavera SUR - NTE","s":"places","t":"bus_stop"}},{"type":"Feature","geometry":{"type":"Point","coordinates":[-100.51072,25.69235]},"properties":{"n":"STC-0491 Carretera Libre Monterrey-Saltillo PTE - OTE","s":"places","t":"bus_stop"}},{"type":"Feature","geometry":{"type":"Point","coordinates":[-100.17143,25.77655]},"properties":{"n":"106012","s":"places","t":"bus_stop"}},{"type":"Feature","geometry":{"type":"Point","coordinates":[-100.08771,25.68805]},"properties":{"n":"JRZ-0360 Av. Mina del granate PTE - OTE","s":"places","t":"bus_stop"}},{"type":"Feature","geometry":{"type":"Point","coordinates":[-100.46109,25.69968]},"properties":{"n":"STC-0245 Av. Perimetral Norte OTE - PTE","s":"places","t":"bus_stop"}},{"type":"Feature","geometry":{"type":"Point","coordinates":[-100.45425,25.69264]},"properties":{"n":"STC-0255 Av. Perimetral Sur OTE - PTE","s":"places","t":"bus_stop"}},{"type":"Feature","geometry":{"type":"Point","coordinates":[-100.40076,25.68033]},"properties":{"n":"SNP-0280 Av. Francisco I. Madero OTE - PTE","s":"places","t":"bus_stop"}},{"type":"Feature","geometry":{"type":"Point","coordinates":[-100.51857,25.71077]},"properties":{"n":"STC-0464 Carretera Monterrey-García NTE- SUR","s":"places","t":"bus_stop"}},{"type":"Feature","geometry":{"type":"Point","coordinates":[-100.25593,25.77655]},"properties":{"n":"APO - 1460 Av. Los Pinos OTE - PTE","s":"places","t":"bus_stop"}},{"type":"Feature","geometry":{"type":"Point","coordinates":[-100.27444,25.61391]},"properties":{"n":"15703","s":"places","t":"bus_stop"}},{"type":"Feature","geometry":{"type":"Point","coordinates":[-100.119,25.64401]},"properties":{"n":"JRZ-0178 Av. Las Torres SUR - NTE","s":"places","t":"bus_stop"}},{"type":"Feature","geometry":{"type":"Point","coordinates":[-100.38933,25.85144]},"properties":{"n":"ECA-0180 Av. Constitución PTE - OTE","s":"places","t":"bus_stop"}},{"type":"Feature","geometry":{"type":"Point","coordinates":[-100.24156,25.66837]},"properties":{"n":"GPE-0457 Av. Pablo Livas OTE - PTE","s":"places","t":"bus_stop"}},{"type":"Feature","geometry":{"type":"Point","coordinates":[-100.07546,25.59863]},"properties":{"n":"Terminal","s":"places","t":"bus_stop"}},{"type":"Feature","geometry":{"type":"Point","coordinates":[-100.23938,25.77921]},"properties":{"n":"APO - 1457 Av. Camino Real A Av. Sta. Rosa NTE - SUR","s":"places","t":"bus_stop"}},{"type":"Feature","geometry":{"type":"Point","coordinates":[-100.25567,25.79666]},"properties":{"n":"APO - 1508 Av. G Estelaris OTE - PTE","s":"places","t":"bus_stop"}},{"type":"Feature","geometry":{"type":"Point","coordinates":[-100.17627,25.71992]},"properties":{"n":"APO - 0383 Av. Libaneses SUR - NTE","s":"places","t":"bus_stop"}},{"type":"Feature","geometry":{"type":"Point","coordinates":[-100.53625,25.82069]},"properties":{"n":"GAR-0655 Av. Vista Cristal NTE - SUR","s":"places","t":"bus_stop"}},{"type":"Feature","geometry":{"type":"Point","coordinates":[-100.12692,25.70981]},"properties":{"n":"APO - 1066 Carretera Dulces Nombres NTE - SUR","s":"places","t":"bus_stop"}},{"type":"Feature","geometry":{"type":"Point","coordinates":[-100.48027,25.685]},"properties":{"n":"STC-0482 Carretera Monterrey-Saltillo PTE - OTE","s":"places","t":"bus_stop"}},{"type":"Feature","geometry":{"type":"Point","coordinates":[-100.27088,25.62066]},"properties":{"n":"Terminal","s":"places","t":"bus_stop"}},{"type":"Feature","geometry":{"type":"Point","coordinates":[-100.14001,25.76392]},"properties":{"n":"107541","s":"places","t":"bus_stop"}},{"type":"Feature","geometry":{"type":"Point","coordinates":[-100.592,25.83101]},"properties":{"n":"GAR-0332 Calzada Sur PTE - OTE","s":"places","t":"bus_stop"}},{"type":"Feature","geometry":{"type":"Point","coordinates":[-100.28982,25.75522]},"properties":{"n":"SNN-0406 Av. Miguel Hidalgo y Costilla SUR - NTE","s":"places","t":"bus_stop"}},{"type":"Feature","geometry":{"type":"Point","coordinates":[-100.11811,25.71702]},"properties":{"n":"APO - 1068 Carretera Dulces Nombres OTE - PTE","s":"places","t":"bus_stop"}},{"type":"Feature","geometry":{"type":"Point","coordinates":[-100.1519,25.85912]},"properties":{"n":"ZUA-0132 Av. Del Paseo OTE-PTE","s":"places","t":"bus_stop"}},{"type":"Feature","geometry":{"type":"Point","coordinates":[-100.45764,25.67427]},"properties":{"n":"6178","s":"places","t":"bus_stop"}},{"type":"Feature","geometry":{"type":"Point","coordinates":[-100.27191,25.81083]},"properties":{"n":"83028","s":"places","t":"bus_stop"}},{"type":"Feature","geometry":{"type":"Point","coordinates":[-100.12565,25.66619]},"properties":{"n":"JRZ-0609 Av. Eduardo Salazar García PTE - OTE","s":"places","t":"bus_stop"}},{"type":"Feature","geometry":{"type":"Point","coordinates":[-100.258196,25.586772]},"properties":{"n":"A45 - Carretera Nacional -HEB Valle Alto","s":"places","t":"bus_stop"}},{"type":"Feature","geometry":{"type":"Point","coordinates":[-100.16269,25.70571]},"properties":{"n":"103570","s":"places","t":"bus_stop"}},{"type":"Feature","geometry":{"type":"Point","coordinates":[-100.45961,25.79838]},"properties":{"n":"GAR-0096 Av. Imperial NTE - SUR","s":"places","t":"bus_stop"}},{"type":"Feature","geometry":{"type":"Point","coordinates":[-100.53788,25.81902]},"properties":{"n":"GAR-0656 Av. Vista Poniente NTE - SUR","s":"places","t":"bus_stop"}},{"type":"Feature","geometry":{"type":"Point","coordinates":[-100.38462,25.7685]},"properties":{"n":"MTY-2213 Av. Nepenta NTE - SUR","s":"places","t":"bus_stop"}},{"type":"Feature","geometry":{"type":"Point","coordinates":[-100.25669,25.74892]},"properties":{"n":"SNN-0402 Lateral Av. Diego Díaz de Berlanga SUR - NTE","s":"places","t":"bus_stop"}},{"type":"Feature","geometry":{"type":"Point","coordinates":[-100.46485,25.68543]},"properties":{"n":"STC-0474 Carretera Monterrey-Saltillo OTE - PTE","s":"places","t":"bus_stop"}},{"type":"Feature","geometry":{"type":"Point","coordinates":[-100.45764,25.67433]},"properties":{"n":"6176","s":"places","t":"bus_stop"}},{"type":"Feature","geometry":{"type":"Point","coordinates":[-100.33123,25.77739]},"properties":{"n":"ESC-0157 Av. Dr. Plinio D. Ordóñez D. Ordóñez SUR - NTE","s":"places","t":"bus_stop"}},{"type":"Feature","geometry":{"type":"Point","coordinates":[-100.46286,25.79257]},"properties":{"n":"Terminal","s":"places","t":"bus_stop"}},{"type":"Feature","geometry":{"type":"Point","coordinates":[-100.17452,25.62014]},"properties":{"n":"JRZ-0381 Av. San Isidro NTE-SUR","s":"places","t":"bus_stop"}},{"type":"Feature","geometry":{"type":"Point","coordinates":[-100.43583,25.66646]},"properties":{"n":"STC-0167 Av. Constitución NTE- SUR","s":"places","t":"bus_stop"}},{"type":"Feature","geometry":{"type":"Point","coordinates":[-100.51859,25.71198]},"properties":{"n":"STC-0469 Carretera Monterrey-García SUR - NTE","s":"places","t":"bus_stop"}},{"type":"Feature","geometry":{"type":"Point","coordinates":[-100.10728,25.81904]},"properties":{"n":"PES-0026 Av. Central OTE - PTE","s":"places","t":"bus_stop"}},{"type":"Feature","geometry":{"type":"Point","coordinates":[-100.08968,25.81526]},"properties":{"n":"PES-0291 Av. Paseo de las Av. Haciendas SUR - NTE","s":"places","t":"bus_stop"}},{"type":"Feature","geometry":{"type":"Point","coordinates":[-100.4976,25.68899]},"properties":{"n":"STC-0228 Av. Madrid NTE- SUR","s":"places","t":"bus_stop"}},{"type":"Feature","geometry":{"type":"Point","coordinates":[-100.15286,25.70949]},"properties":{"n":"APO - 1176 Av. Hacienda Margaritas NTE - SUR","s":"places","t":"bus_stop"}},{"type":"Feature","geometry":{"type":"Point","coordinates":[-100.26577,25.60083]},"properties":{"n":"26497","s":"places","t":"bus_stop"}},{"type":"Feature","geometry":{"type":"Point","coordinates":[-100.16524,25.60781]},"properties":{"n":"34337","s":"places","t":"bus_stop"}},{"type":"Feature","geometry":{"type":"Point","coordinates":[-100.33117,25.78388]},"properties":{"n":"ESC-0481 Av. Acueducto SUR - NTE","s":"places","t":"bus_stop"}},{"type":"Feature","geometry":{"type":"Point","coordinates":[-100.23586,25.7839]},"properties":{"n":"APO - 0658 Av. Concordia PTE - OTE","s":"places","t":"bus_stop"}},{"type":"Feature","geometry":{"type":"Point","coordinates":[-100.14581,25.76319]},"properties":{"n":"APO - 0703 Av. Del Prado OTE - PTE","s":"places","t":"bus_stop"}},{"type":"Feature","geometry":{"type":"Point","coordinates":[-100.39666,25.671]},"properties":{"n":"SNP-0347 Av. Ignacio Morones Prieto PTE-OTE","s":"places","t":"bus_stop"}},{"type":"Feature","geometry":{"type":"Point","coordinates":[-100.30818,25.86201]},"properties":{"n":"ECA-0051 Av. Arco del Triunfo NTE - SUR","s":"places","t":"bus_stop"}},{"type":"Feature","geometry":{"type":"Point","coordinates":[-100.10448,25.71491]},"properties":{"n":"132342","s":"places","t":"bus_stop"}},{"type":"Feature","geometry":{"type":"Point","coordinates":[-100.11931,25.79528]},"properties":{"n":"133125","s":"places","t":"bus_stop"}},{"type":"Feature","geometry":{"type":"Point","coordinates":[-100.44145,25.77689]},"properties":{"n":"GAR-0264 Av. Abraham Lincoln PTE - OTE","s":"places","t":"bus_stop"}},{"type":"Feature","geometry":{"type":"Point","coordinates":[-100.37012,25.70507]},"properties":{"n":"58210","s":"places","t":"bus_stop"}},{"type":"Feature","geometry":{"type":"Point","coordinates":[-100.16493,25.68701]},"properties":{"n":"GPE-0326 Av. Israel Cavazos SUR - NTE","s":"places","t":"bus_stop"}},{"type":"Feature","geometry":{"type":"Point","coordinates":[-100.16087,25.64208]},"properties":{"n":"Terminal","s":"places","t":"bus_stop"}},{"type":"Feature","geometry":{"type":"Point","coordinates":[-100.11244,25.79493]},"properties":{"n":"133152","s":"places","t":"bus_stop"}},{"type":"Feature","geometry":{"type":"Point","coordinates":[-100.22127,25.66623]},"properties":{"n":"31072","s":"places","t":"bus_stop"}},{"type":"Feature","geometry":{"type":"Point","coordinates":[-100.28846,25.68364]},"properties":{"n":"Estacion Arena Monterrey","s":"places","t":"transit_station"}},{"type":"Feature","geometry":{"type":"Point","coordinates":[-100.24751,25.84593]},"properties":{"n":"APO - 1121 Carretera Nuevo Laredo-Monterrey NTE - SUR","s":"places","t":"bus_stop"}},{"type":"Feature","geometry":{"type":"Point","coordinates":[-100.34342,25.71007]},"properties":{"n":"Rodrigo Gómez","s":"places","t":"bus_stop"}},{"type":"Feature","geometry":{"type":"Point","coordinates":[-100.46525,25.80025]},"properties":{"n":"51292","s":"places","t":"bus_stop"}},{"type":"Feature","geometry":{"type":"Point","coordinates":[-100.0993,25.75113]},"properties":{"n":"Terminal","s":"places","t":"bus_stop"}},{"type":"Feature","geometry":{"type":"Point","coordinates":[-100.15104,25.7685]},"properties":{"n":"107666","s":"places","t":"bus_stop"}},{"type":"Feature","geometry":{"type":"Point","coordinates":[-100.15673,25.60749]},"properties":{"n":"JRZ-0799 Av. de las Torres","s":"places","t":"bus_stop"}},{"type":"Feature","geometry":{"type":"Point","coordinates":[-100.48332,25.68046]},"properties":{"n":"STC-0215 Av. Manuel Ordóñez PTE - OTE","s":"places","t":"bus_stop"}},{"type":"Feature","geometry":{"type":"Point","coordinates":[-100.25513,25.81078]},"properties":{"n":"APO - 1144 Av. Dr. Martín KingSUR - NTE","s":"places","t":"bus_stop"}},{"type":"Feature","geometry":{"type":"Point","coordinates":[-100.36473,25.68632]},"properties":{"n":"MTY-1286 Av. Puerta del Sol NTE - SUR","s":"places","t":"bus_stop"}},{"type":"Feature","geometry":{"type":"Point","coordinates":[-100.10458,25.82321]},"properties":{"n":"PES-0017 Av. Abasolo PTE - OTE","s":"places","t":"bus_stop"}},{"type":"Feature","geometry":{"type":"Point","coordinates":[-100.1401,25.66658]},"properties":{"n":"GPE-1064 Av. 18 de Marzo PTE - OTE","s":"places","t":"bus_stop"}},{"type":"Feature","geometry":{"type":"Point","coordinates":[-100.11119,25.65275]},"properties":{"n":"JRZ-0302 Carretera Reynosa Villa de Av. Juárez OTE-PTE","s":"places","t":"bus_stop"}},{"type":"Feature","geometry":{"type":"Point","coordinates":[-100.60236,25.77008]},"properties":{"n":"GAR-0479 Av. Las Cumbres OTE - PTE","s":"places","t":"bus_stop"}},{"type":"Feature","geometry":{"type":"Point","coordinates":[-100.24721,25.69176]},"properties":{"n":"88487","s":"places","t":"bus_stop"}},{"type":"Feature","geometry":{"type":"Point","coordinates":[-100.56804,25.77681]},"properties":{"n":"GAR-0388 Carretera García SUR - NTE","s":"places","t":"bus_stop"}},{"type":"Feature","geometry":{"type":"Point","coordinates":[-100.48334,25.68079]},"properties":{"n":"STC-0112 Av. Manuel Ordóñez OTE - PTE","s":"places","t":"bus_stop"}},{"type":"Feature","geometry":{"type":"Point","coordinates":[-100.23141,25.81862]},"properties":{"n":"APO - 0125 Av. Real de Santa Rosa PTE - OTE","s":"places","t":"bus_stop"}},{"type":"Feature","geometry":{"type":"Point","coordinates":[-100.25328,25.73217]},"properties":{"n":"SNN-0422 Antigüo Camino a Lagrange NTE - SUR","s":"places","t":"bus_stop"}},{"type":"Feature","geometry":{"type":"Point","coordinates":[-100.1002,25.82184]},"properties":{"n":"PES-0151 Av. Canal Norte PTE - OTE","s":"places","t":"bus_stop"}},{"type":"Feature","geometry":{"type":"Point","coordinates":[-100.15399,25.75348]},"properties":{"n":"APO - 1035 Camino a Dulces Nombres PTE - OTE","s":"places","t":"bus_stop"}},{"type":"Feature","geometry":{"type":"Point","coordinates":[-100.32168,25.68666]},"properties":{"n":"18746","s":"places","t":"bus_stop"}},{"type":"Feature","geometry":{"type":"Point","coordinates":[-100.25691,25.75109]},"properties":{"n":"SNN-0769 Av. Santo Domingo PTE - OTE","s":"places","t":"bus_stop"}},{"type":"Feature","geometry":{"type":"Point","coordinates":[-100.18329,25.67088]},"properties":{"n":"Estacion Enredadera","s":"places","t":"bus_stop"}},{"type":"Feature","geometry":{"type":"Point","coordinates":[-100.18144,25.61621]},"properties":{"n":"JRZ-0378 Av. San Fernando NTE - SUR","s":"places","t":"bus_stop"}},{"type":"Feature","geometry":{"type":"Point","coordinates":[-100.34493,25.81255]},"properties":{"n":"ESC-0864 Av. Raúl Salinas Lozano SUR-NTE","s":"places","t":"bus_stop"}},{"type":"Feature","geometry":{"type":"Point","coordinates":[-100.15335,25.611]},"properties":{"n":"JRZ-0164 Av. Las Torres OTE - PTE","s":"places","t":"bus_stop"}},{"type":"Feature","geometry":{"type":"Point","coordinates":[-100.48951,25.79511]},"properties":{"n":"GAR-0507 Av. Mineros OTE - PTE","s":"places","t":"bus_stop"}},{"type":"Feature","geometry":{"type":"Point","coordinates":[-100.14609,25.70259]},"properties":{"n":"GPE-0568 Av. Ruíz Cortines OTE - PTE","s":"places","t":"bus_stop"}},{"type":"Feature","geometry":{"type":"Point","coordinates":[-100.24578,25.85904]},"properties":{"n":"APO - 1085 Carretera Salinas Victoria NTE - SUR","s":"places","t":"bus_stop"}},{"type":"Feature","geometry":{"type":"Point","coordinates":[-100.08964,25.81641]},"properties":{"n":"PES-0292 Av. Paseo de las Av. Haciendas SUR - NTE","s":"places","t":"bus_stop"}},{"type":"Feature","geometry":{"type":"Point","coordinates":[-100.15069,25.78716]},"properties":{"n":"APO - 0384 Av. Miguel Alemán PTE - OTE","s":"places","t":"bus_stop"}},{"type":"Feature","geometry":{"type":"Point","coordinates":[-100.42914,25.68862]},"properties":{"n":"STC-0278 Av. Topiltzin SUR - NTE","s":"places","t":"bus_stop"}},{"type":"Feature","geometry":{"type":"Point","coordinates":[-100.42042,25.66545]},"properties":{"n":"STC-0303 Av. Morones Prieto PTE - OTE","s":"places","t":"bus_stop"}},{"type":"Feature","geometry":{"type":"Point","coordinates":[-100.15623,25.78566]},"properties":{"n":"APO - 0908 Av. Miguel Alemán PTE - OTE","s":"places","t":"bus_stop"}},{"type":"Feature","geometry":{"type":"Point","coordinates":[-100.353772,25.716971]},"properties":{"n":"Transito","s":"places","t":"bus_stop"}},{"type":"Feature","geometry":{"type":"Point","coordinates":[-100.39971,25.83893]},"properties":{"n":"ESC-0607 Av. Paseo de las Aves NTE-SUR","s":"places","t":"bus_stop"}},{"type":"Feature","geometry":{"type":"Point","coordinates":[-100.47119,25.67034]},"properties":{"n":"STC-0375 Av. Benito Juárez SUR - NTE","s":"places","t":"bus_stop"}},{"type":"Feature","geometry":{"type":"Point","coordinates":[-100.16483,25.60811]},"properties":{"n":"34181","s":"places","t":"bus_stop"}},{"type":"Feature","geometry":{"type":"Point","coordinates":[-100.5929,25.83103]},"properties":{"n":"GAR-0333 Calzada Sur PTE - OTE","s":"places","t":"bus_stop"}},{"type":"Feature","geometry":{"type":"Point","coordinates":[-100.4062,25.84066]},"properties":{"n":"ESC-0540 Av. Constitución PTE-OTE","s":"places","t":"bus_stop"}},{"type":"Feature","geometry":{"type":"Point","coordinates":[-100.2341,25.81944]},"properties":{"n":"APO - 0256 Av. Cardenal SUR - NTE","s":"places","t":"bus_stop"}},{"type":"Feature","geometry":{"type":"Point","coordinates":[-100.57109,25.77842]},"properties":{"n":"GAR-0378 Carretera García NTE - SUR","s":"places","t":"bus_stop"}},{"type":"Feature","geometry":{"type":"Point","coordinates":[-100.23585,25.78914]},"properties":{"n":"APO - 0623 Av. Camino Real al Mezquital Santa Rosa SUR - NTE","s":"places","t":"bus_stop"}},{"type":"Feature","geometry":{"type":"Point","coordinates":[-100.39644,25.75519]},"properties":{"n":"MTY-0194 Av. Abraham Lincoln PTE - OTE","s":"places","t":"bus_stop"}},{"type":"Feature","geometry":{"type":"Point","coordinates":[-100.2227,25.81387]},"properties":{"n":"APO - 1215 Av. Jesús Dionisio González González NTE - SUR","s":"places","t":"bus_stop"}},{"type":"Feature","geometry":{"type":"Point","coordinates":[-100.24416,25.82408]},"properties":{"n":"APO - 0562 Av. Andrómeda NTE - SUR","s":"places","t":"bus_stop"}},{"type":"Feature","geometry":{"type":"Point","coordinates":[-100.43168,25.77525]},"properties":{"n":"GAR-0029 Av. Abraham Lincoln OTE - PTE","s":"places","t":"bus_stop"}},{"type":"Feature","geometry":{"type":"Point","coordinates":[-100.15162,25.75349]},"properties":{"n":"APO - 0320 Camino a Pesquería","s":"places","t":"bus_stop"}},{"type":"Feature","geometry":{"type":"Point","coordinates":[-100.62101,25.81133]},"properties":{"n":"Terminal","s":"places","t":"bus_stop"}},{"type":"Feature","geometry":{"type":"Point","coordinates":[-100.29611,25.61983]},"properties":{"n":"MTY-2308 Av. Paseo del Acueducto SUR - NTE","s":"places","t":"bus_stop"}},{"type":"Feature","geometry":{"type":"Point","coordinates":[-100.31953,25.687206]},"properties":{"n":"Omnibus De México","s":"places","t":"bus_stop"}},{"type":"Feature","geometry":{"type":"Point","coordinates":[-100.24211,25.79968]},"properties":{"n":"97716","s":"places","t":"bus_stop"}},{"type":"Feature","geometry":{"type":"Point","coordinates":[-100.13817,25.74014]},"properties":{"n":"APO - 0412 Av. Portal del Valle SUR - NTE","s":"places","t":"bus_stop"}},{"type":"Feature","geometry":{"type":"Point","coordinates":[-100.15109,25.85928]},"properties":{"n":"ZUA-0013 Av. Madrid NTE -SUR","s":"places","t":"bus_stop"}},{"type":"Feature","geometry":{"type":"Point","coordinates":[-100.57307,25.7839]},"properties":{"n":"GAR-0072 Av. Hacienda del Sol PTE - OTE","s":"places","t":"bus_stop"}},{"type":"Feature","geometry":{"type":"Point","coordinates":[-100.24578,25.68006]},"properties":{"n":"Terminal","s":"places","t":"bus_stop"}},{"type":"Feature","geometry":{"type":"Point","coordinates":[-100.18652,25.77485]},"properties":{"n":"APO - 0912 Av. Miguel Alemán SUR - NTE","s":"places","t":"bus_stop"}},{"type":"Feature","geometry":{"type":"Point","coordinates":[-100.27116,25.61625]},"properties":{"n":"15593","s":"places","t":"bus_stop"}},{"type":"Feature","geometry":{"type":"Point","coordinates":[-100.38339,25.85445]},"properties":{"n":"ECA-0155 Camino a Alianza Av. Real PTE - OTE","s":"places","t":"bus_stop"}},{"type":"Feature","geometry":{"type":"Point","coordinates":[-100.392528,25.736345]},"properties":{"n":"B67 - Hacienda el Refugio - Hacienda Santa Martha","s":"places","t":"bus_stop"}},{"type":"Feature","geometry":{"type":"Point","coordinates":[-100.37077,25.69451]},"properties":{"n":"58151","s":"places","t":"bus_stop"}},{"type":"Feature","geometry":{"type":"Point","coordinates":[-100.10036,25.70207]},"properties":{"n":"PES-0118 Av. San Fernando SUR - NTE","s":"places","t":"bus_stop"}},{"type":"Feature","geometry":{"type":"Point","coordinates":[-100.09011,25.81555]},"properties":{"n":"PES-0209 Av. Hacienda Vista Hermosa OTE - PTE","s":"places","t":"bus_stop"}},{"type":"Feature","geometry":{"type":"Point","coordinates":[-100.25064,25.8116]},"properties":{"n":"APO - 1140 Av. Diego Díaz de Berlanga PTE - OTE","s":"places","t":"bus_stop"}},{"type":"Feature","geometry":{"type":"Point","coordinates":[-100.45042,25.66931]},"properties":{"n":"STC-0181 Av. Diciembre OTE - PTE","s":"places","t":"bus_stop"}},{"type":"Feature","geometry":{"type":"Point","coordinates":[-100.30635,25.85612]},"properties":{"n":"ECA-0049 Av. Arco del Triunfo NTE - SUR","s":"places","t":"bus_stop"}},{"type":"Feature","geometry":{"type":"Point","coordinates":[-100.22957,25.81918]},"properties":{"n":"APO - 0003 Av. Águila SUR - NTE","s":"places","t":"bus_stop"}},{"type":"Feature","geometry":{"type":"Point","coordinates":[-100.11536,25.63848]},"properties":{"n":"JRZ-0700 Av. Paseo Av. Las Lomas NTE - SUR","s":"places","t":"bus_stop"}},{"type":"Feature","geometry":{"type":"Point","coordinates":[-100.29343,25.75436]},"properties":{"n":"SNN-0943 Av. Benito Juárez PTE- OTE","s":"places","t":"bus_stop"}},{"type":"Feature","geometry":{"type":"Point","coordinates":[-100.15299,25.70831]},"properties":{"n":"104365","s":"places","t":"bus_stop"}},{"type":"Feature","geometry":{"type":"Point","coordinates":[-100.442,25.80246]},"properties":{"n":"GAR-0511 Av. Mineros PTE - OTE","s":"places","t":"bus_stop"}},{"type":"Feature","geometry":{"type":"Point","coordinates":[-100.59345,25.785]},"properties":{"n":"GAR-0146 Av. Las Torres PTE - OTE","s":"places","t":"bus_stop"}},{"type":"Feature","geometry":{"type":"Point","coordinates":[-100.41669,25.79676]},"properties":{"n":"53984","s":"places","t":"bus_stop"}},{"type":"Feature","geometry":{"type":"Point","coordinates":[-100.24191,25.58141]},"properties":{"n":"26244","s":"places","t":"bus_stop"}},{"type":"Feature","geometry":{"type":"Point","coordinates":[-100.22369,25.80606]},"properties":{"n":"APO - 0547 Av. América OTE - PTE","s":"places","t":"bus_stop"}},{"type":"Feature","geometry":{"type":"Point","coordinates":[-100.50255,25.6899]},"properties":{"n":"STC-0490 Carretera Libre Monterrey-Saltillo PTE - OTE","s":"places","t":"bus_stop"}},{"type":"Feature","geometry":{"type":"Point","coordinates":[-100.62314,25.8155]},"properties":{"n":"GAR-0514 Av. Morelos OTE - PTE","s":"places","t":"bus_stop"}},{"type":"Feature","geometry":{"type":"Point","coordinates":[-100.30802,25.86216]},"properties":{"n":"ECA-0065 Av. Arco del Triunfo SUR - NTE","s":"places","t":"bus_stop"}},{"type":"Feature","geometry":{"type":"Point","coordinates":[-100.37454,25.85201]},"properties":{"n":"ECA-0116 Av. Paraíso NTE - SUR","s":"places","t":"bus_stop"}},{"type":"Feature","geometry":{"type":"Point","coordinates":[-100.17541,25.6183]},"properties":{"n":"JRZ-0387 Av. San Isidro SUR-NTE","s":"places","t":"bus_stop"}},{"type":"Feature","geometry":{"type":"Point","coordinates":[-100.16153,25.60976]},"properties":{"n":"34437","s":"places","t":"bus_stop"}},{"type":"Feature","geometry":{"type":"Point","coordinates":[-100.62073,25.81465]},"properties":{"n":"GAR-0513 Av. Morelos OTE - PTE","s":"places","t":"bus_stop"}},{"type":"Feature","geometry":{"type":"Point","coordinates":[-100.11815,25.64567]},"properties":{"n":"121738","s":"places","t":"bus_stop"}},{"type":"Feature","geometry":{"type":"Point","coordinates":[-100.53939,25.79831]},"properties":{"n":"GAR-0031 Av. Abraham Lincoln PTE - OTE","s":"places","t":"bus_stop"}},{"type":"Feature","geometry":{"type":"Point","coordinates":[-100.25094,25.87144]},"properties":{"n":"APO - 1088 Carretera Salinas Victoria NTE - SUR","s":"places","t":"bus_stop"}},{"type":"Feature","geometry":{"type":"Point","coordinates":[-100.15018,25.61429]},"properties":{"n":"JRZ-0163 Av. Las Torres OTE - PTE","s":"places","t":"bus_stop"}},{"type":"Feature","geometry":{"type":"Point","coordinates":[-100.58215,25.7899]},"properties":{"n":"GAR-0092 Av. Heberto Castillo Martínez SUR - NTE","s":"places","t":"bus_stop"}},{"type":"Feature","geometry":{"type":"Point","coordinates":[-100.14381,25.76381]},"properties":{"n":"APO - 0707 Av. Del Prado PTE - OTE","s":"places","t":"bus_stop"}},{"type":"Feature","geometry":{"type":"Point","coordinates":[-100.11734,25.74783]},"properties":{"n":"PES-0142 Av. Venecia OTE - PTE","s":"places","t":"bus_stop"}},{"type":"Feature","geometry":{"type":"Point","coordinates":[-100.25418,25.58696]},"properties":{"n":"25904","s":"places","t":"bus_stop"}},{"type":"Feature","geometry":{"type":"Point","coordinates":[-100.63427,25.81336]},"properties":{"n":"GAR-0600 Av. San Juan NTE - SUR","s":"places","t":"bus_stop"}},{"type":"Feature","geometry":{"type":"Point","coordinates":[-100.45729,25.66045]},"properties":{"n":"STC-0063 Av. Miguel Alemán SUR - NTE","s":"places","t":"bus_stop"}},{"type":"Feature","geometry":{"type":"Point","coordinates":[-100.2099,25.64744]},"properties":{"n":"GPE-1228 Calle Prof. Israel Cavazos","s":"places","t":"bus_stop"}},{"type":"Feature","geometry":{"type":"Point","coordinates":[-100.49901,25.69283]},"properties":{"n":"STC-0657 Av. Pamplona PTE-OTE","s":"places","t":"bus_stop"}},{"type":"Feature","geometry":{"type":"Point","coordinates":[-100.13361,25.62046]},"properties":{"n":"JRZ-0802 Blvd. San Francisco PTE - OTE","s":"places","t":"bus_stop"}},{"type":"Feature","geometry":{"type":"Point","coordinates":[-100.31427,25.67704]},"properties":{"n":"19172","s":"places","t":"bus_stop"}},{"type":"Feature","geometry":{"type":"Point","coordinates":[-100.24495,25.58438]},"properties":{"n":"26013","s":"places","t":"bus_stop"}},{"type":"Feature","geometry":{"type":"Point","coordinates":[-100.20214,25.79782]},"properties":{"n":"106737","s":"places","t":"bus_stop"}},{"type":"Feature","geometry":{"type":"Point","coordinates":[-100.18588,25.78666]},"properties":{"n":"106622","s":"places","t":"bus_stop"}},{"type":"Feature","geometry":{"type":"Point","coordinates":[-100.26916,25.56292]},"properties":{"n":"141183","s":"places","t":"bus_stop"}},{"type":"Feature","geometry":{"type":"Point","coordinates":[-100.24781,25.75609]},"properties":{"n":"Terminal","s":"places","t":"bus_stop"}},{"type":"Feature","geometry":{"type":"Point","coordinates":[-100.40666,25.68211]},"properties":{"n":"SNP-0062 Av. Gral. Emiliano Zapata PTE - OTE","s":"places","t":"bus_stop"}},{"type":"Feature","geometry":{"type":"Point","coordinates":[-100.5231,25.73159]},"properties":{"n":"STC-0463 Carretera García NTE- SUR","s":"places","t":"bus_stop"}},{"type":"Feature","geometry":{"type":"Point","coordinates":[-100.44326,25.6844]},"properties":{"n":"STC-0025 Av. Cuauhtémoc NTE - SUR","s":"places","t":"bus_stop"}},{"type":"Feature","geometry":{"type":"Point","coordinates":[-100.2481,25.69178]},"properties":{"n":"GPE-0420 Av. Miguel Alemán OTE - PTE","s":"places","t":"bus_stop"}},{"type":"Feature","geometry":{"type":"Point","coordinates":[-100.44047,25.68106]},"properties":{"n":"STC-0049 Av. Cuauhtémoc SUR - NTE","s":"places","t":"bus_stop"}},{"type":"Feature","geometry":{"type":"Point","coordinates":[-100.279112,25.683409]},"properties":{"n":"Colon & Y Griega","s":"places","t":"bus_stop"}},{"type":"Feature","geometry":{"type":"Point","coordinates":[-100.46601,25.67168]},"properties":{"n":"STC-0503 Av. Primera NTE- SUR","s":"places","t":"bus_stop"}},{"type":"Feature","geometry":{"type":"Point","coordinates":[-100.25036,25.78452]},"properties":{"n":"APO - 0314 Av. De la Concordia PTE - OTE","s":"places","t":"bus_stop"}},{"type":"Feature","geometry":{"type":"Point","coordinates":[-100.07348,25.59824]},"properties":{"n":"CAJ-0032 Av. del Olmo OTE -PTE","s":"places","t":"bus_stop"}},{"type":"Feature","geometry":{"type":"Point","coordinates":[-100.11071,25.75148]},"properties":{"n":"PES-0310 Av. Roma OTE - PTE","s":"places","t":"bus_stop"}},{"type":"Feature","geometry":{"type":"Point","coordinates":[-100.18519,25.61475]},"properties":{"n":"Terminal","s":"places","t":"bus_stop"}},{"type":"Feature","geometry":{"type":"Point","coordinates":[-100.27179,25.81055]},"properties":{"n":"ESC-0259 Blvd. Av. José López Portillo SUR - NTE","s":"places","t":"bus_stop"}},{"type":"Feature","geometry":{"type":"Point","coordinates":[-100.14989,25.7322]},"properties":{"n":"APO - 0212 Apodaca a Villa Juárez PTE - OTE","s":"places","t":"bus_stop"}},{"type":"Feature","geometry":{"type":"Point","coordinates":[-100.39837,25.67729]},"properties":{"n":"SNP-0283 Av. Francisco I. Madero SUR - NTE","s":"places","t":"bus_stop"}},{"type":"Feature","geometry":{"type":"Point","coordinates":[-100.28625,25.64211]},"properties":{"n":"MTY-0753 Av. Eugenio Garza Sada SUR - NTE","s":"places","t":"bus_stop"}},{"type":"Feature","geometry":{"type":"Point","coordinates":[-100.31401,25.67989]},"properties":{"n":"MTY-0446 Av. Benito Juárez NTE - SUR","s":"places","t":"bus_stop"}},{"type":"Feature","geometry":{"type":"Point","coordinates":[-100.2158,25.65622]},"properties":{"n":"Terminal","s":"places","t":"bus_stop"}},{"type":"Feature","geometry":{"type":"Point","coordinates":[-100.09545,25.66239]},"properties":{"n":"JRZ-0721 Av. Vista de las Flores SUR - NTE","s":"places","t":"bus_stop"}},{"type":"Feature","geometry":{"type":"Point","coordinates":[-100.39874,25.67894]},"properties":{"n":"SNP-0282 Av. Francisco I. Madero SUR - NTE","s":"places","t":"bus_stop"}},{"type":"Feature","geometry":{"type":"Point","coordinates":[-100.37434,25.86646]},"properties":{"n":"Terminal","s":"places","t":"bus_stop"}},{"type":"Feature","geometry":{"type":"Point","coordinates":[-100.50203,25.68284]},"properties":{"n":"STC-0159 Av. El Canelo NTE - SUR","s":"places","t":"bus_stop"}},{"type":"Feature","geometry":{"type":"Point","coordinates":[-100.44402,25.67424]},"properties":{"n":"STC-0221 Av. Manuel Ordoñez PTE - OTE","s":"places","t":"bus_stop"}},{"type":"Feature","geometry":{"type":"Point","coordinates":[-100.1367,25.64084]},"properties":{"n":"Terminal","s":"places","t":"bus_stop"}},{"type":"Feature","geometry":{"type":"Point","coordinates":[-100.15256,25.60358]},"properties":{"n":"JRZ-0011 Av. Arboledas NTE - SUR","s":"places","t":"bus_stop"}},{"type":"Feature","geometry":{"type":"Point","coordinates":[-100.37001,25.73014]},"properties":{"n":"MTY-0221 Av. Abraham Lincoln SUR - NTE","s":"places","t":"bus_stop"}},{"type":"Feature","geometry":{"type":"Point","coordinates":[-100.55879,25.79244]},"properties":{"n":"GAR-0078 Av. Hacienda del Sol PTE - OTE","s":"places","t":"bus_stop"}},{"type":"Feature","geometry":{"type":"Point","coordinates":[-100.37762,25.74719]},"properties":{"n":"Terminal","s":"places","t":"bus_stop"}},{"type":"Feature","geometry":{"type":"Point","coordinates":[-100.59209,25.82409]},"properties":{"n":"GAR-0138 Av. Las Plazas PTE - OTE","s":"places","t":"bus_stop"}},{"type":"Feature","geometry":{"type":"Point","coordinates":[-100.4315,25.79865]},"properties":{"n":"GAR-0193 Av. Parajes OTE - PTE","s":"places","t":"bus_stop"}},{"type":"Feature","geometry":{"type":"Point","coordinates":[-100.31108,25.71664]},"properties":{"n":"Estacion Ninos Heroes","s":"places","t":"transit_station"}},{"type":"Feature","geometry":{"type":"Point","coordinates":[-100.119,25.71576]},"properties":{"n":"APO - 1078 Carretera Dulces Nombres PTE - OTE","s":"places","t":"bus_stop"}},{"type":"Feature","geometry":{"type":"Point","coordinates":[-100.12092,25.82372]},"properties":{"n":"PES-0046 Av. Central PTE - OTE","s":"places","t":"bus_stop"}},{"type":"Feature","geometry":{"type":"Point","coordinates":[-100.37344,25.82404]},"properties":{"n":"ESC-0640 Av. San Miguel NTE-SUR","s":"places","t":"bus_stop"}},{"type":"Feature","geometry":{"type":"Point","coordinates":[-100.61213,25.8064]},"properties":{"n":"GAR-0293 Av. Maravilla SUR - NTE","s":"places","t":"bus_stop"}},{"type":"Feature","geometry":{"type":"Point","coordinates":[-100.53865,25.81866]},"properties":{"n":"GAR-0659 Av. Vista Poniente SUR - NTE","s":"places","t":"bus_stop"}},{"type":"Feature","geometry":{"type":"Point","coordinates":[-100.27641,25.58559]},"properties":{"n":"MTY-1614 Camino al Diente PTE - OTE","s":"places","t":"bus_stop"}},{"type":"Feature","geometry":{"type":"Point","coordinates":[-100.58245,25.79099]},"properties":{"n":"GAR-0091 Av. Heberto Castillo Martínez SUR - NTE","s":"places","t":"bus_stop"}},{"type":"Feature","geometry":{"type":"Point","coordinates":[-100.4128,25.76316]},"properties":{"n":"Terminal","s":"places","t":"bus_stop"}},{"type":"Feature","geometry":{"type":"Point","coordinates":[-100.31615,25.81523]},"properties":{"n":"ESC-0957 Av. Paseo de la Amistad NTE - SUR","s":"places","t":"bus_stop"}},{"type":"Feature","geometry":{"type":"Point","coordinates":[-100.36811,25.85938]},"properties":{"n":"ECA-0083 Av. Buena Vista NTE - SUR","s":"places","t":"bus_stop"}},{"type":"Feature","geometry":{"type":"Point","coordinates":[-100.08768,25.68833]},"properties":{"n":"JRZ-0358 Av. Santa Isabel OTE - PTE","s":"places","t":"bus_stop"}},{"type":"Feature","geometry":{"type":"Point","coordinates":[-100.59058,25.83098]},"properties":{"n":"GAR-0331 Calzada Sur PTE - OTE","s":"places","t":"bus_stop"}},{"type":"Feature","geometry":{"type":"Point","coordinates":[-100.47418,25.67639]},"properties":{"n":"STC-0200 Av. Manuel Ordóñez OTE - PTE","s":"places","t":"bus_stop"}},{"type":"Feature","geometry":{"type":"Point","coordinates":[-100.25993,25.59014]},"properties":{"n":"MTY-0718 Av. Eugenio Garza Sada NTE - SUR","s":"places","t":"bus_stop"}},{"type":"Feature","geometry":{"type":"Point","coordinates":[-100.30524,25.7941]},"properties":{"n":"ESC-0334 Av. Gral. Mariano Escobedo NTE - SUR","s":"places","t":"bus_stop"}},{"type":"Feature","geometry":{"type":"Point","coordinates":[-100.23782,25.57929]},"properties":{"n":"26254","s":"places","t":"bus_stop"}},{"type":"Feature","geometry":{"type":"Point","coordinates":[-100.42653,25.68291]},"properties":{"n":"STC-0327 Av. Manuel J. Clouthier OTE - PTE","s":"places","t":"bus_stop"}},{"type":"Feature","geometry":{"type":"Point","coordinates":[-100.15248,25.74344]},"properties":{"n":"Terminal","s":"places","t":"bus_stop"}},{"type":"Feature","geometry":{"type":"Point","coordinates":[-100.22968,25.81921]},"properties":{"n":"APO - 0159 Av. Águila NTE - SUR","s":"places","t":"bus_stop"}},{"type":"Feature","geometry":{"type":"Point","coordinates":[-100.18976,25.69813]},"properties":{"n":"GPE-0820 Av. Marcelino Juárez SUR - NTE","s":"places","t":"bus_stop"}},{"type":"Feature","geometry":{"type":"Point","coordinates":[-100.61842,25.81742]},"properties":{"n":"GAR-0450 Av. Joyas de Europeas SUR - NTE","s":"places","t":"bus_stop"}},{"type":"Feature","geometry":{"type":"Point","coordinates":[-100.54073,25.81468]},"properties":{"n":"GAR-0654 Av. Vista Bella PTE - OTE","s":"places","t":"bus_stop"}},{"type":"Feature","geometry":{"type":"Point","coordinates":[-100.49152,25.67866]},"properties":{"n":"STC-0084 Av. Capitán Lucas García OTE - PTE","s":"places","t":"bus_stop"}},{"type":"Feature","geometry":{"type":"Point","coordinates":[-100.21969,25.67534]},"properties":{"n":"GPE-0140 Av. Benito Juárez PTE - OTE","s":"places","t":"bus_stop"}},{"type":"Feature","geometry":{"type":"Point","coordinates":[-100.17682,25.65939]},"properties":{"n":"GPE-0811 Av. Juárez Blancas PTE - OTE","s":"places","t":"bus_stop"}},{"type":"Feature","geometry":{"type":"Point","coordinates":[-100.12476,25.81937]},"properties":{"n":"PES-0294 Av. Paseo Av. San Andrés PTE - OTE","s":"places","t":"bus_stop"}},{"type":"Feature","geometry":{"type":"Point","coordinates":[-100.49468,25.69399]},"properties":{"n":"STC-0646 Av. Cerro de la Silla OTE-PTE","s":"places","t":"bus_stop"}},{"type":"Feature","geometry":{"type":"Point","coordinates":[-100.36423,25.6699]},"properties":{"n":"SNP-0046 Av. Dr. Ignacio Morones Prieto SUR - NTE","s":"places","t":"bus_stop"}},{"type":"Feature","geometry":{"type":"Point","coordinates":[-100.10767,25.81814]},"properties":{"n":"PES-0055 Av. Central SUR - NTE","s":"places","t":"bus_stop"}},{"type":"Feature","geometry":{"type":"Point","coordinates":[-100.37645,25.8642]},"properties":{"n":"ECA-0152 Av. Vista Regia SUR - NTE","s":"places","t":"bus_stop"}},{"type":"Feature","geometry":{"type":"Point","coordinates":[-100.37859,25.73577]},"properties":{"n":"60012","s":"places","t":"bus_stop"}},{"type":"Feature","geometry":{"type":"Point","coordinates":[-100.1141,25.74904]},"properties":{"n":"PES-0317 Av. Roma SUR - NTE","s":"places","t":"bus_stop"}},{"type":"Feature","geometry":{"type":"Point","coordinates":[-100.1581,25.71512]},"properties":{"n":"104175","s":"places","t":"bus_stop"}},{"type":"Feature","geometry":{"type":"Point","coordinates":[-100.14301,25.66757]},"properties":{"n":"GPE-0011 Av. 18 de Marzo OTE - PTE","s":"places","t":"bus_stop"}},{"type":"Feature","geometry":{"type":"Point","coordinates":[-100.24751,25.69155]},"properties":{"n":"GPE-0429 Av. Miguel Alemán PTE - OTE","s":"places","t":"bus_stop"}},{"type":"Feature","geometry":{"type":"Point","coordinates":[-100.27345,25.71392]},"properties":{"n":"Terminal","s":"places","t":"bus_stop"}},{"type":"Feature","geometry":{"type":"Point","coordinates":[-100.23989,25.70228]},"properties":{"n":"GPE-0161 Av. Bonifacio Salinas NTE - SUR","s":"places","t":"bus_stop"}},{"type":"Feature","geometry":{"type":"Point","coordinates":[-100.15406,25.61998]},"properties":{"n":"JRZ-0530 Carretera San Roque NTE - SUR","s":"places","t":"bus_stop"}},{"type":"Feature","geometry":{"type":"Point","coordinates":[-100.443248,25.675562]},"properties":{"n":"Del Norte","s":"places","t":"bus_stop"}},{"type":"Feature","geometry":{"type":"Point","coordinates":[-100.57536,25.78891]},"properties":{"n":"GAR-0155 Av. Las Villa s PTE - OTE","s":"places","t":"bus_stop"}},{"type":"Feature","geometry":{"type":"Point","coordinates":[-100.15566,25.61509]},"properties":{"n":"JRZ-0532 Carretera San Roque NTE - SUR","s":"places","t":"bus_stop"}},{"type":"Feature","geometry":{"type":"Point","coordinates":[-100.15618,25.60769]},"properties":{"n":"JRZ-0172 Av. Las Torres PTE - OTE","s":"places","t":"bus_stop"}},{"type":"Feature","geometry":{"type":"Point","coordinates":[-100.26596,25.60085]},"properties":{"n":"MTY-0726 Av. Eugenio Garza Sada NTE - SUR","s":"places","t":"bus_stop"}},{"type":"Feature","geometry":{"type":"Point","coordinates":[-100.29677,25.68391]},"properties":{"n":"Estacion Felix U. Gomez","s":"places","t":"transit_station"}},{"type":"Feature","geometry":{"type":"Point","coordinates":[-100.298052,25.710373]},"properties":{"n":"EXAN","s":"places","t":"bus_stop"}},{"type":"Feature","geometry":{"type":"Point","coordinates":[-100.59801,25.78868]},"properties":{"n":"GAR-0534 Av. Paseo de los Álamos SUR - NTE","s":"places","t":"bus_stop"}},{"type":"Feature","geometry":{"type":"Point","coordinates":[-100.22977,25.79666]},"properties":{"n":"98883","s":"places","t":"bus_stop"}},{"type":"Feature","geometry":{"type":"Point","coordinates":[-100.2598,25.81375]},"properties":{"n":"97393","s":"places","t":"bus_stop"}},{"type":"Feature","geometry":{"type":"Point","coordinates":[-100.29875,25.67059]},"properties":{"n":"Estacion Santa Lucia","s":"places","t":"transit_station"}},{"type":"Feature","geometry":{"type":"Point","coordinates":[-100.29843,25.70664]},"properties":{"n":"MTY-1413 Av. San Nicolás SUR - NTE","s":"places","t":"bus_stop"}},{"type":"Feature","geometry":{"type":"Point","coordinates":[-100.26299,25.59783]},"properties":{"n":"26496","s":"places","t":"bus_stop"}},{"type":"Feature","geometry":{"type":"Point","coordinates":[-100.24433,25.82639]},"properties":{"n":"APO - 0581 Av. Andrómeda SUR - NTE","s":"places","t":"bus_stop"}},{"type":"Feature","geometry":{"type":"Point","coordinates":[-100.45693,25.65993]},"properties":{"n":"STC-0338 Av. Montaña SUR - NTE","s":"places","t":"bus_stop"}},{"type":"Feature","geometry":{"type":"Point","coordinates":[-100.49652,25.69472]},"properties":{"n":"STC-0115 Av. Madrid NTE - SUR","s":"places","t":"bus_stop"}},{"type":"Feature","geometry":{"type":"Point","coordinates":[-100.14113,25.66685]},"properties":{"n":"GPE-1097 Av. 18 de Marzo PTE - OTE","s":"places","t":"bus_stop"}},{"type":"Feature","geometry":{"type":"Point","coordinates":[-100.392299,25.752102]},"properties":{"n":"B57 - Abraham Lincoln - Ecovia Plutarco Elias Calles","s":"places","t":"bus_stop"}},{"type":"Feature","geometry":{"type":"Point","coordinates":[-100.11348,25.65147]},"properties":{"n":"JRZ-0166 Av. Las Torres OTE - PTE","s":"places","t":"bus_stop"}},{"type":"Feature","geometry":{"type":"Point","coordinates":[-100.09233,25.6199]},"properties":{"n":"Terminal","s":"places","t":"bus_stop"}},{"type":"Feature","geometry":{"type":"Point","coordinates":[-100.09385,25.71101]},"properties":{"n":"PES-0135 Av. San Francisco PTE - OTE","s":"places","t":"bus_stop"}},{"type":"Feature","geometry":{"type":"Point","coordinates":[-100.088,25.71079]},"properties":{"n":"Terminal","s":"places","t":"bus_stop"}},{"type":"Feature","geometry":{"type":"Point","coordinates":[-100.41266,25.76263]},"properties":{"n":"MTY-2713 Av. Puerta de Hierro SUR - NTE","s":"places","t":"bus_stop"}},{"type":"Feature","geometry":{"type":"Point","coordinates":[-100.268098,25.684263]},"properties":{"n":"Autobuses Del Noreste","s":"places","t":"bus_stop"}},{"type":"Feature","geometry":{"type":"Point","coordinates":[-100.27367,25.71363]},"properties":{"n":"Terminal","s":"places","t":"bus_stop"}},{"type":"Feature","geometry":{"type":"Point","coordinates":[-100.41951,25.68851]},"properties":{"n":"8198","s":"places","t":"bus_stop"}},{"type":"Feature","geometry":{"type":"Point","coordinates":[-100.26124,25.8147]},"properties":{"n":"97114","s":"places","t":"bus_stop"}},{"type":"Feature","geometry":{"type":"Point","coordinates":[-100.36801,25.66537]},"properties":{"n":"SNP-0244 Calzada San Pedro SUR - NTE","s":"places","t":"bus_stop"}},{"type":"Feature","geometry":{"type":"Point","coordinates":[-100.23441,25.82328]},"properties":{"n":"APO - 0253 Av. Cardenal SUR - NTE","s":"places","t":"bus_stop"}},{"type":"Feature","geometry":{"type":"Point","coordinates":[-100.14907,25.78835]},"properties":{"n":"APO - 0903 Av. Miguel Alemán OTE - PTE","s":"places","t":"bus_stop"}},{"type":"Feature","geometry":{"type":"Point","coordinates":[-100.62471,25.81128]},"properties":{"n":"GAR-0462 Av. Juárez PTE - OTE","s":"places","t":"bus_stop"}},{"type":"Feature","geometry":{"type":"Point","coordinates":[-100.22718,25.8211]},"properties":{"n":"APO - 0058 Av. Golondrina OTE - PTE","s":"places","t":"bus_stop"}},{"type":"Feature","geometry":{"type":"Point","coordinates":[-100.24115,25.81918]},"properties":{"n":"APO - 0689 Av. De Las Torres OTE - PTE","s":"places","t":"bus_stop"}},{"type":"Feature","geometry":{"type":"Point","coordinates":[-100.49194,25.69305]},"properties":{"n":"STC-0647 Av. Cerro de la Silla PTE-OTE","s":"places","t":"bus_stop"}},{"type":"Feature","geometry":{"type":"Point","coordinates":[-100.18607,25.64398]},"properties":{"n":"36872","s":"places","t":"bus_stop"}},{"type":"Feature","geometry":{"type":"Point","coordinates":[-100.15351,25.81267]},"properties":{"n":"APO - 1223 Av. Juárez NTE - SUR","s":"places","t":"bus_stop"}},{"type":"Feature","geometry":{"type":"Point","coordinates":[-100.09481,25.63949]},"properties":{"n":"JRZ-0147 Av. Francisco Naranjo NTE - SUR","s":"places","t":"bus_stop"}},{"type":"Feature","geometry":{"type":"Point","coordinates":[-100.53762,25.82386]},"properties":{"n":"GAR-0412 Av. Gabriel García Márquez PTE - OTE","s":"places","t":"bus_stop"}},{"type":"Feature","geometry":{"type":"Point","coordinates":[-100.35511,25.65307]},"properties":{"n":"SNP-0132 Av. José Vasconcelos PTE - OTE","s":"places","t":"bus_stop"}},{"type":"Feature","geometry":{"type":"Point","coordinates":[-100.382094,25.752139]},"properties":{"n":"B86 - Marmol -Anguila","s":"places","t":"bus_stop"}},{"type":"Feature","geometry":{"type":"Point","coordinates":[-100.12517,25.67087]},"properties":{"n":"Terminal","s":"places","t":"bus_stop"}},{"type":"Feature","geometry":{"type":"Point","coordinates":[-100.47585,25.67694]},"properties":{"n":"STC-0619 Av. Manuel Ordoñez","s":"places","t":"bus_stop"}},{"type":"Feature","geometry":{"type":"Point","coordinates":[-100.16875,25.77268]},"properties":{"n":"107130","s":"places","t":"bus_stop"}},{"type":"Feature","geometry":{"type":"Point","coordinates":[-100.37319,25.82269]},"properties":{"n":"ESC-0643 Av. San Miguel SUR-NTE","s":"places","t":"bus_stop"}},{"type":"Feature","geometry":{"type":"Point","coordinates":[-100.58051,25.80032]},"properties":{"n":"GAR-0637 Av. Titanio NTE - SUR","s":"places","t":"bus_stop"}},{"type":"Feature","geometry":{"type":"Point","coordinates":[-100.41951,25.6659]},"properties":{"n":"SNP-0045 Av. Doctor Ignacio Morones Prieto OTE - PTE","s":"places","t":"bus_stop"}},{"type":"Feature","geometry":{"type":"Point","coordinates":[-100.1108,25.80746]},"properties":{"n":"PES-0274 Av. Miguel Alemán OTE - PTE","s":"places","t":"bus_stop"}},{"type":"Feature","geometry":{"type":"Point","coordinates":[-100.12498,25.67684]},"properties":{"n":"GPE-1204 Av. Paseo de las Águilas","s":"places","t":"bus_stop"}},{"type":"Feature","geometry":{"type":"Point","coordinates":[-100.49407,25.6868]},"properties":{"n":"STC-0484 Carretera Monterrey - Saltillo PTE - OTE","s":"places","t":"bus_stop"}},{"type":"Feature","geometry":{"type":"Point","coordinates":[-100.41736,25.68689]},"properties":{"n":"STC-0444 Av. Lomas de la Fama PTE - OTE","s":"places","t":"bus_stop"}},{"type":"Feature","geometry":{"type":"Point","coordinates":[-100.284,25.70369]},"properties":{"n":"Ecovía Estación Clínica 15","s":"places","t":"bus_stop"}},{"type":"Feature","geometry":{"type":"Point","coordinates":[-100.24512,25.81558]},"properties":{"n":"APO - 0561 Av. Andrómeda SUR - NTE","s":"places","t":"bus_stop"}},{"type":"Feature","geometry":{"type":"Point","coordinates":[-100.320558,25.686797]},"properties":{"n":"Grupo Senda","s":"places","t":"bus_stop"}},{"type":"Feature","geometry":{"type":"Point","coordinates":[-100.33469,25.77813]},"properties":{"n":"ESC-0744 Av. G Lomas de San Genaro OTE-PTE","s":"places","t":"bus_stop"}},{"type":"Feature","geometry":{"type":"Point","coordinates":[-100.26312,25.82356]},"properties":{"n":"136623","s":"places","t":"bus_stop"}},{"type":"Feature","geometry":{"type":"Point","coordinates":[-100.1381,25.66781]},"properties":{"n":"GPE-1083 Av. Prof. Humberto Ramos PTE - OTE","s":"places","t":"bus_stop"}},{"type":"Feature","geometry":{"type":"Point","coordinates":[-100.14813,25.70398]},"properties":{"n":"APO - 1487 Av. De Las Fuentes SUR - NTE","s":"places","t":"bus_stop"}},{"type":"Feature","geometry":{"type":"Point","coordinates":[-100.54045,25.82463]},"properties":{"n":"GAR-0411 Av. Gabriel García Márquez OTE - PTE","s":"places","t":"bus_stop"}},{"type":"Feature","geometry":{"type":"Point","coordinates":[-100.12077,25.79541]},"properties":{"n":"APO - 1115 Carretera Miguel Alemán OTE - PTE","s":"places","t":"bus_stop"}},{"type":"Feature","geometry":{"type":"Point","coordinates":[-100.20617,25.77499]},"properties":{"n":"APO - 0302 Av. Concordia PTE - OTE","s":"places","t":"bus_stop"}},{"type":"Feature","geometry":{"type":"Point","coordinates":[-100.14979,25.85954]},"properties":{"n":"ZUA-0130 Av. Del Paseo OTE - PTE","s":"places","t":"bus_stop"}},{"type":"Feature","geometry":{"type":"Point","coordinates":[-100.37436,25.84161]},"properties":{"n":"ESC-0649 Av. San Miguel SUR-NTE","s":"places","t":"bus_stop"}},{"type":"Feature","geometry":{"type":"Point","coordinates":[-100.4514,25.75983]},"properties":{"n":"GAR-0668 Av. Paseo de los Leones","s":"places","t":"bus_stop"}},{"type":"Feature","geometry":{"type":"Point","coordinates":[-100.23812,25.57916]},"properties":{"n":"Terminal","s":"places","t":"bus_stop"}},{"type":"Feature","geometry":{"type":"Point","coordinates":[-100.42297,25.68557]},"properties":{"n":"STC-0584 Av. Coatlicue","s":"places","t":"bus_stop"}},{"type":"Feature","geometry":{"type":"Point","coordinates":[-100.27318,25.74646]},"properties":{"n":"76534","s":"places","t":"bus_stop"}},{"type":"Feature","geometry":{"type":"Point","coordinates":[-100.46047,25.66618]},"properties":{"n":"STC-0424 Av. Culebra PTE - OTE","s":"places","t":"bus_stop"}},{"type":"Feature","geometry":{"type":"Point","coordinates":[-100.18974,25.68739]},"properties":{"n":"38035","s":"places","t":"bus_stop"}},{"type":"Feature","geometry":{"type":"Point","coordinates":[-100.30811,25.80714]},"properties":{"n":"ESC-0761 Av. Miguel Hidalgo OTE-PTE","s":"places","t":"bus_stop"}},{"type":"Feature","geometry":{"type":"Point","coordinates":[-100.12002,25.71531]},"properties":{"n":"APO - 1067 Carretera Dulces Nombres OTE - PTE","s":"places","t":"bus_stop"}},{"type":"Feature","geometry":{"type":"Point","coordinates":[-100.30933,25.67405]},"properties":{"n":"MTY-2575 Av. Washington OTE - PTE","s":"places","t":"bus_stop"}},{"type":"Feature","geometry":{"type":"Point","coordinates":[-100.61459,25.81047]},"properties":{"n":"42514","s":"places","t":"bus_stop"}},{"type":"Feature","geometry":{"type":"Point","coordinates":[-100.46941,25.67485]},"properties":{"n":"STC-0199 Av. Manuel Ordóñez OTE - PTE","s":"places","t":"bus_stop"}},{"type":"Feature","geometry":{"type":"Point","coordinates":[-100.46294,25.76082]},"properties":{"n":"GAR-0203 Av. Paseo de los Leones PTE - OTE","s":"places","t":"bus_stop"}},{"type":"Feature","geometry":{"type":"Point","coordinates":[-100.05844,25.6188]},"properties":{"n":"CAJ-0066 Carretera Juárez - Cadereyta OTE -PTE","s":"places","t":"bus_stop"}},{"type":"Feature","geometry":{"type":"Point","coordinates":[-100.36455,25.83051]},"properties":{"n":"84429","s":"places","t":"bus_stop"}},{"type":"Feature","geometry":{"type":"Point","coordinates":[-100.58524,25.79665]},"properties":{"n":"GAR-0269 Av. Heberto Castillo Martínez NTE - SUR","s":"places","t":"bus_stop"}},{"type":"Feature","geometry":{"type":"Point","coordinates":[-100.22237,25.81393]},"properties":{"n":"APO - 1217 Av. Jesús Dionisio González González SUR - NTE","s":"places","t":"bus_stop"}},{"type":"Feature","geometry":{"type":"Point","coordinates":[-100.442,25.69095]},"properties":{"n":"STC-0355 Av. Perimetral Norte PTE - OTE","s":"places","t":"bus_stop"}},{"type":"Feature","geometry":{"type":"Point","coordinates":[-100.59111,25.78332]},"properties":{"n":"GAR-0143 Av. Las Torres OTE - PTE","s":"places","t":"bus_stop"}},{"type":"Feature","geometry":{"type":"Point","coordinates":[-100.37301,25.71276]},"properties":{"n":"58514","s":"places","t":"bus_stop"}},{"type":"Feature","geometry":{"type":"Point","coordinates":[-100.15072,25.61334]},"properties":{"n":"JRZ-0174 Av. Las Torres PTE - OTE","s":"places","t":"bus_stop"}},{"type":"Feature","geometry":{"type":"Point","coordinates":[-100.11769,25.74772]},"properties":{"n":"PES-0143 Av. Venecia PTE - OTE","s":"places","t":"bus_stop"}},{"type":"Feature","geometry":{"type":"Point","coordinates":[-100.27908,25.76815]},"properties":{"n":"SNN-0521 Av. Morenita Mía NTE - SUR","s":"places","t":"bus_stop"}},{"type":"Feature","geometry":{"type":"Point","coordinates":[-100.25528,25.81169]},"properties":{"n":"APO - 1270 Av. Dr. Martín King SUR - NTE","s":"places","t":"bus_stop"}},{"type":"Feature","geometry":{"type":"Point","coordinates":[-100.24629,25.67948]},"properties":{"n":"GPE-0125 Av. Benito Juárez PTE - OTE","s":"places","t":"bus_stop"}},{"type":"Feature","geometry":{"type":"Point","coordinates":[-100.58948,25.77404]},"properties":{"n":"GAR-0627 Av. Sierra Av. Real SUR - NTE","s":"places","t":"bus_stop"}},{"type":"Feature","geometry":{"type":"Point","coordinates":[-100.374,25.83566]},"properties":{"n":"ESC-0646 Av. San Miguel SUR-NTE","s":"places","t":"bus_stop"}},{"type":"Feature","geometry":{"type":"Point","coordinates":[-100.22108,25.81927]},"properties":{"n":"APO - 0364 Av. Jesús Dionisio González González SUR - NTE","s":"places","t":"bus_stop"}},{"type":"Feature","geometry":{"type":"Point","coordinates":[-100.18245,25.60035]},"properties":{"n":"Terminal","s":"places","t":"bus_stop"}},{"type":"Feature","geometry":{"type":"Point","coordinates":[-100.37858,25.84083]},"properties":{"n":"ESC-0730 Av. Laguna de Bustillos OTE-PTE","s":"places","t":"bus_stop"}},{"type":"Feature","geometry":{"type":"Point","coordinates":[-100.40492,25.68218]},"properties":{"n":"SNP-0223 Av. Belisario Domínguez OTE - PTE","s":"places","t":"bus_stop"}},{"type":"Feature","geometry":{"type":"Point","coordinates":[-100.61579,25.82042]},"properties":{"n":"GAR-0646 Av. Villa Azul OTE - PTE","s":"places","t":"bus_stop"}},{"type":"Feature","geometry":{"type":"Point","coordinates":[-100.30805,25.72449]},"properties":{"n":"Terminal","s":"places","t":"bus_stop"}},{"type":"Feature","geometry":{"type":"Point","coordinates":[-100.15518,25.61558]},"properties":{"n":"JRZ-0531 Carretera San Roque SUR - NTE","s":"places","t":"bus_stop"}},{"type":"Feature","geometry":{"type":"Point","coordinates":[-100.26793,25.6045]},"properties":{"n":"26678","s":"places","t":"bus_stop"}},{"type":"Feature","geometry":{"type":"Point","coordinates":[-100.10212,25.82264]},"properties":{"n":"Terminal","s":"places","t":"bus_stop"}},{"type":"Feature","geometry":{"type":"Point","coordinates":[-100.21564,25.72186]},"properties":{"n":"92676","s":"places","t":"bus_stop"}},{"type":"Feature","geometry":{"type":"Point","coordinates":[-100.37486,25.84806]},"properties":{"n":"ESC-0629 Av. San Miguel NTE-SUR","s":"places","t":"bus_stop"}},{"type":"Feature","geometry":{"type":"Point","coordinates":[-100.35784,25.74214]},"properties":{"n":"MTY-1754 Av. Coyoacán OTE - PTE","s":"places","t":"bus_stop"}},{"type":"Feature","geometry":{"type":"Point","coordinates":[-100.46004,25.80107]},"properties":{"n":"51251","s":"places","t":"bus_stop"}},{"type":"Feature","geometry":{"type":"Point","coordinates":[-100.19718,25.65209]},"properties":{"n":"GPE-0636 Av. Santa Rosa de Lima NTE - SUR","s":"places","t":"bus_stop"}},{"type":"Feature","geometry":{"type":"Point","coordinates":[-100.15628,25.60798]},"properties":{"n":"JRZ-0162 Av. Las Torres OTE - PTE","s":"places","t":"bus_stop"}},{"type":"Feature","geometry":{"type":"Point","coordinates":[-100.33232,25.64337]},"properties":{"n":"Terminal","s":"places","t":"bus_stop"}},{"type":"Feature","geometry":{"type":"Point","coordinates":[-100.26868,25.58796]},"properties":{"n":"MTY-1617 Camino al Diente PTE - OTE","s":"places","t":"bus_stop"}},{"type":"Feature","geometry":{"type":"Point","coordinates":[-100.44032,25.79841]},"properties":{"n":"Terminal","s":"places","t":"bus_stop"}},{"type":"Feature","geometry":{"type":"Point","coordinates":[-100.41904,25.67738]},"properties":{"n":"SNP-0338 Av. 20 De Noviembre SUR - NTE","s":"places","t":"bus_stop"}},{"type":"Feature","geometry":{"type":"Point","coordinates":[-100.20057,25.68558]},"properties":{"n":"37825","s":"places","t":"bus_stop"}},{"type":"Feature","geometry":{"type":"Point","coordinates":[-100.15274,25.60263]},"properties":{"n":"JRZ-0016 Av. Arboledas SUR - NTE","s":"places","t":"bus_stop"}},{"type":"Feature","geometry":{"type":"Point","coordinates":[-100.09002,25.81391]},"properties":{"n":"PES-0290 Av. Paseo de las Av. Haciendas SUR - NTE","s":"places","t":"bus_stop"}},{"type":"Feature","geometry":{"type":"Point","coordinates":[-100.25319,25.66149]},"properties":{"n":"28706","s":"places","t":"bus_stop"}},{"type":"Feature","geometry":{"type":"Point","coordinates":[-100.29574,25.75923]},"properties":{"n":"Santiago Tapia","s":"places","t":"transit_station"}},{"type":"Feature","geometry":{"type":"Point","coordinates":[-100.12523,25.56044]},"properties":{"n":"JRZ-0300 Carretera Juárez-Santiago SUR - NTE","s":"places","t":"bus_stop"}},{"type":"Feature","geometry":{"type":"Point","coordinates":[-100.24401,25.67942]},"properties":{"n":"Estacion Exposición","s":"places","t":"transit_station"}},{"type":"Feature","geometry":{"type":"Point","coordinates":[-100.07625,25.59685]},"properties":{"n":"CAJ-0030 Av. del Av. Nogal NTE - SUR","s":"places","t":"bus_stop"}},{"type":"Feature","geometry":{"type":"Point","coordinates":[-100.28188,25.70809]},"properties":{"n":"Estacion Los Angeles","s":"places","t":"transit_station"}},{"type":"Feature","geometry":{"type":"Point","coordinates":[-100.47524,25.67662]},"properties":{"n":"4652","s":"places","t":"bus_stop"}},{"type":"Feature","geometry":{"type":"Point","coordinates":[-100.13134,25.7017]},"properties":{"n":"APO - 1071 Carretera Dulces Nombres OTE - PTE","s":"places","t":"bus_stop"}},{"type":"Feature","geometry":{"type":"Point","coordinates":[-100.58343,25.82427]},"properties":{"n":"GAR-0131 Av. Las Plazas OTE - PTE","s":"places","t":"bus_stop"}},{"type":"Feature","geometry":{"type":"Point","coordinates":[-100.42743,25.67463]},"properties":{"n":"STC-0381 Blvd. Gustavo Díaz Ordaz OTE - PTE","s":"places","t":"bus_stop"}},{"type":"Feature","geometry":{"type":"Point","coordinates":[-100.41001,25.83905]},"properties":{"n":"ESC-0526 Av. Constitución OTE-PTE","s":"places","t":"bus_stop"}},{"type":"Feature","geometry":{"type":"Point","coordinates":[-100.23304,25.66039]},"properties":{"n":"31298","s":"places","t":"bus_stop"}},{"type":"Feature","geometry":{"type":"Point","coordinates":[-100.14219,25.61732]},"properties":{"n":"JRZ-0758 Av. Monte Cristal PTE - OTE","s":"places","t":"bus_stop"}},{"type":"Feature","geometry":{"type":"Point","coordinates":[-100.27574,25.57411]},"properties":{"n":"MTY-1428 Av. Sierra Alta NTE - SUR","s":"places","t":"bus_stop"}},{"type":"Feature","geometry":{"type":"Point","coordinates":[-100.31472,25.75962]},"properties":{"n":"SNN-0215 Av. Balcones de Anáhuac SUR - NTE","s":"places","t":"bus_stop"}},{"type":"Feature","geometry":{"type":"Point","coordinates":[-100.09749,25.74983]},"properties":{"n":"Terminal","s":"places","t":"bus_stop"}},{"type":"Feature","geometry":{"type":"Point","coordinates":[-100.37167,25.79953]},"properties":{"n":"Terminal","s":"places","t":"bus_stop"}},{"type":"Feature","geometry":{"type":"Point","coordinates":[-100.18547,25.78694]},"properties":{"n":"APO - 0127 Av. Reforma OTE - PTE","s":"places","t":"bus_stop"}},{"type":"Feature","geometry":{"type":"Point","coordinates":[-100.40101,25.84392]},"properties":{"n":"ESC-0528 Av. Constitución OTE-PTE","s":"places","t":"bus_stop"}},{"type":"Feature","geometry":{"type":"Point","coordinates":[-100.15111,25.76903]},"properties":{"n":"107661","s":"places","t":"bus_stop"}},{"type":"Feature","geometry":{"type":"Point","coordinates":[-100.48993,25.78826]},"properties":{"n":"GAR-0024 Av. Abraham Lincoln OTE - PTE","s":"places","t":"bus_stop"}},{"type":"Feature","geometry":{"type":"Point","coordinates":[-100.22753,25.65921]},"properties":{"n":"GPE-1230 Av. Eloy Cavazos","s":"places","t":"bus_stop"}},{"type":"Feature","geometry":{"type":"Point","coordinates":[-100.59075,25.77231]},"properties":{"n":"GAR-0617 Av. Sierra Av. Real NTE - SUR","s":"places","t":"bus_stop"}},{"type":"Feature","geometry":{"type":"Point","coordinates":[-100.30837,25.86296]},"properties":{"n":"ECA-0052 Av. Arco del Triunfo NTE - SUR","s":"places","t":"bus_stop"}},{"type":"Feature","geometry":{"type":"Point","coordinates":[-100.17707,25.74449]},"properties":{"n":"APO - 0710 Av. Concordia NTE - SUR","s":"places","t":"bus_stop"}},{"type":"Feature","geometry":{"type":"Point","coordinates":[-100.32061,25.84884]},"properties":{"n":"ECA-0107 Av. Fidel Velázquez OTE - PTE","s":"places","t":"bus_stop"}},{"type":"Feature","geometry":{"type":"Point","coordinates":[-100.15309,25.70374]},"properties":{"n":"104208","s":"places","t":"bus_stop"}},{"type":"Feature","geometry":{"type":"Point","coordinates":[-100.3086,25.86405]},"properties":{"n":"ECA-0066 Av. Arco del Triunfo SUR - NTE","s":"places","t":"bus_stop"}},{"type":"Feature","geometry":{"type":"Point","coordinates":[-100.27699,25.56944]},"properties":{"n":"MTY-1487 Av. Sierra Alta SUR - NTE","s":"places","t":"bus_stop"}},{"type":"Feature","geometry":{"type":"Point","coordinates":[-100.33257,25.7045]},"properties":{"n":"20 de Noviembre","s":"places","t":"bus_stop"}},{"type":"Feature","geometry":{"type":"Point","coordinates":[-100.27154,25.57292]},"properties":{"n":"MTY-1474 Av. Valle Alto NTE - SUR","s":"places","t":"bus_stop"}},{"type":"Feature","geometry":{"type":"Point","coordinates":[-100.08807,25.70663]},"properties":{"n":"132588","s":"places","t":"bus_stop"}},{"type":"Feature","geometry":{"type":"Point","coordinates":[-100.23891,25.78011]},"properties":{"n":"APO - 0630 Av. Camino Real al Mezquital Santa Rosa SUR - NTE","s":"places","t":"bus_stop"}},{"type":"Feature","geometry":{"type":"Point","coordinates":[-100.45503,25.69533]},"properties":{"n":"STC-0147 Av. 15 Poniente SUR - NTE","s":"places","t":"bus_stop"}},{"type":"Feature","geometry":{"type":"Point","coordinates":[-100.34268,25.74001]},"properties":{"n":"62790","s":"places","t":"bus_stop"}},{"type":"Feature","geometry":{"type":"Point","coordinates":[-100.14441,25.86498]},"properties":{"n":"Terminal","s":"places","t":"bus_stop"}},{"type":"Feature","geometry":{"type":"Point","coordinates":[-100.27131,25.616032]},"properties":{"n":"Parada de Wallmart","s":"places","t":"bus_stop"}},{"type":"Feature","geometry":{"type":"Point","coordinates":[-100.37374,25.82856]},"properties":{"n":"83834","s":"places","t":"bus_stop"}},{"type":"Feature","geometry":{"type":"Point","coordinates":[-100.2219,25.78206]},"properties":{"n":"APO - 0298 Av. Concordia NTE - SUR","s":"places","t":"bus_stop"}},{"type":"Feature","geometry":{"type":"Point","coordinates":[-100.11197,25.83006]},"properties":{"n":"PES-0253 Av. Las Flores OTE - PTE","s":"places","t":"bus_stop"}},{"type":"Feature","geometry":{"type":"Point","coordinates":[-100.59171,25.76973]},"properties":{"n":"GAR-0632 Av. Sierra Av. Real SUR - NTE","s":"places","t":"bus_stop"}},{"type":"Feature","geometry":{"type":"Point","coordinates":[-100.41776,25.68705]},"properties":{"n":"Terminal","s":"places","t":"bus_stop"}},{"type":"Feature","geometry":{"type":"Point","coordinates":[-100.60008,25.77109]},"properties":{"n":"GAR-0481 Av. Las Cumbres PTE - OTE","s":"places","t":"bus_stop"}},{"type":"Feature","geometry":{"type":"Point","coordinates":[-100.14583,25.61895]},"properties":{"n":"JRZ-0765 Antigüo Camino A Villa de Av. Juárez PTE - OTE","s":"places","t":"bus_stop"}},{"type":"Feature","geometry":{"type":"Point","coordinates":[-100.62022,25.82275]},"properties":{"n":"GAR-0691 Av. Villa Nova","s":"places","t":"bus_stop"}},{"type":"Feature","geometry":{"type":"Point","coordinates":[-100.1325,25.75062]},"properties":{"n":"APO - 1047 Camino A Pesquería PTE - OTE","s":"places","t":"bus_stop"}},{"type":"Feature","geometry":{"type":"Point","coordinates":[-100.6166,25.81922]},"properties":{"n":"GAR-0645 Av. Villa Azul NTE - SUR","s":"places","t":"bus_stop"}},{"type":"Feature","geometry":{"type":"Point","coordinates":[-100.46358,25.69648]},"properties":{"n":"STC-0260 Av. Perimetral Sur PTE - OTE","s":"places","t":"bus_stop"}},{"type":"Feature","geometry":{"type":"Point","coordinates":[-100.26071,25.59417]},"properties":{"n":"26774","s":"places","t":"bus_stop"}},{"type":"Feature","geometry":{"type":"Point","coordinates":[-100.24176,25.81906]},"properties":{"n":"APO - 0690 Av. De Las Torres PTE - OTE","s":"places","t":"bus_stop"}},{"type":"Feature","geometry":{"type":"Point","coordinates":[-100.12645,25.70821]},"properties":{"n":"APO - 1065 Carretera Dulces Nombres NTE - SUR","s":"places","t":"bus_stop"}},{"type":"Feature","geometry":{"type":"Point","coordinates":[-100.28102,25.79158]},"properties":{"n":"ESC-0255 Blvd. Av. José López Portillo SUR - NTE","s":"places","t":"bus_stop"}},{"type":"Feature","geometry":{"type":"Point","coordinates":[-100.27114,25.61109]},"properties":{"n":"MTY-0715 Av. Eugenio Garza Sada NTE - SUR","s":"places","t":"bus_stop"}},{"type":"Feature","geometry":{"type":"Point","coordinates":[-100.56755,25.78916]},"properties":{"n":"GAR-0428 Av. Hacienda Av. San Ángel NTE - SUR","s":"places","t":"bus_stop"}},{"type":"Feature","geometry":{"type":"Point","coordinates":[-100.39027,25.85563]},"properties":{"n":"Terminal","s":"places","t":"bus_stop"}},{"type":"Feature","geometry":{"type":"Point","coordinates":[-100.14323,25.61115]},"properties":{"n":"JRZ-0748 Av. Monte Palatino OTE - PTE","s":"places","t":"bus_stop"}},{"type":"Feature","geometry":{"type":"Point","coordinates":[-100.46311,25.78216]},"properties":{"n":"50708","s":"places","t":"bus_stop"}},{"type":"Feature","geometry":{"type":"Point","coordinates":[-100.46748,25.66706]},"properties":{"n":"STC-0091 Av. Culebra OTE - PTE","s":"places","t":"bus_stop"}},{"type":"Feature","geometry":{"type":"Point","coordinates":[-100.50006,25.69807]},"properties":{"n":"STC-0018 Av. Bosques de la Huasteca NTE - SUR","s":"places","t":"bus_stop"}},{"type":"Feature","geometry":{"type":"Point","coordinates":[-100.621,25.81054]},"properties":{"n":"GAR-0463 Av. Juárez PTE - OTE","s":"places","t":"bus_stop"}},{"type":"Feature","geometry":{"type":"Point","coordinates":[-100.14252,25.70412]},"properties":{"n":"Terminal","s":"places","t":"bus_stop"}},{"type":"Feature","geometry":{"type":"Point","coordinates":[-100.37789,25.73841]},"properties":{"n":"MTY-0158 Av. Abraham Lincoln NTE - SUR","s":"places","t":"bus_stop"}},{"type":"Feature","geometry":{"type":"Point","coordinates":[-100.30701,25.72481]},"properties":{"n":"Terminal","s":"places","t":"bus_stop"}},{"type":"Feature","geometry":{"type":"Point","coordinates":[-100.17571,25.6166]},"properties":{"n":"JRZ-0383 Av. San Isidro NTE-SUR","s":"places","t":"bus_stop"}},{"type":"Feature","geometry":{"type":"Point","coordinates":[-100.15278,25.81365]},"properties":{"n":"APO - 1226 Av. Juárez SUR - NTE","s":"places","t":"bus_stop"}},{"type":"Feature","geometry":{"type":"Point","coordinates":[-100.06517,25.6098]},"properties":{"n":"CAJ-0008 Av. Anacaguita OTE - PTE","s":"places","t":"bus_stop"}},{"type":"Feature","geometry":{"type":"Point","coordinates":[-100.14253,25.76422]},"properties":{"n":"APO - 1008 Av. del Prado OTE - PTE","s":"places","t":"bus_stop"}},{"type":"Feature","geometry":{"type":"Point","coordinates":[-100.41836,25.82139]},"properties":{"n":"ESC-0778 Av. San Benito de Aniñe NTE-SUR","s":"places","t":"bus_stop"}},{"type":"Feature","geometry":{"type":"Point","coordinates":[-100.36559,25.85441]},"properties":{"n":"ECA-0090 Av. Buena Vista SUR - NTE","s":"places","t":"bus_stop"}},{"type":"Feature","geometry":{"type":"Point","coordinates":[-100.4593,25.78153]},"properties":{"n":"50672","s":"places","t":"bus_stop"}},{"type":"Feature","geometry":{"type":"Point","coordinates":[-100.41053,25.83861]},"properties":{"n":"ESC-0532 Av. Constitución PTE-OTE","s":"places","t":"bus_stop"}},{"type":"Feature","geometry":{"type":"Point","coordinates":[-100.30826,25.81908]},"properties":{"n":"ESC-0550 Av. del Sauce SUR-NTE","s":"places","t":"bus_stop"}},{"type":"Feature","geometry":{"type":"Point","coordinates":[-100.58159,25.78956]},"properties":{"n":"GAR-0088 Av. Heberto Castillo Martínez SUR - NTE","s":"places","t":"bus_stop"}},{"type":"Feature","geometry":{"type":"Point","coordinates":[-100.11911,25.74909]},"properties":{"n":"PES-0141 Av. Venecia NTE - SUR","s":"places","t":"bus_stop"}},{"type":"Feature","geometry":{"type":"Point","coordinates":[-100.36145,25.64246]},"properties":{"n":"SNP-0164 Av. Manuel Gómez Morín","s":"places","t":"bus_stop"}},{"type":"Feature","geometry":{"type":"Point","coordinates":[-100.30511,25.85285]},"properties":{"n":"ECA-0071 Av. Arco del Triunfo SUR - NTE","s":"places","t":"bus_stop"}},{"type":"Feature","geometry":{"type":"Point","coordinates":[-100.11237,25.82941]},"properties":{"n":"PES-0256 Av. Las Flores PTE - OTE","s":"places","t":"bus_stop"}},{"type":"Feature","geometry":{"type":"Point","coordinates":[-100.30496,25.63016]},"properties":{"n":"Terminal","s":"places","t":"bus_stop"}},{"type":"Feature","geometry":{"type":"Point","coordinates":[-100.62927,25.81253]},"properties":{"n":"GAR-0461 Av. Juárez PTE - OTE","s":"places","t":"bus_stop"}},{"type":"Feature","geometry":{"type":"Point","coordinates":[-100.13921,25.79105]},"properties":{"n":"3337","s":"places","t":"bus_stop"}},{"type":"Feature","geometry":{"type":"Point","coordinates":[-100.45955,25.79868]},"properties":{"n":"Terminal","s":"places","t":"bus_stop"}},{"type":"Feature","geometry":{"type":"Point","coordinates":[-100.15227,25.7119]},"properties":{"n":"APO - 1182 Av. Hacienda Margaritas SUR - NTE","s":"places","t":"bus_stop"}},{"type":"Feature","geometry":{"type":"Point","coordinates":[-100.10347,25.66585]},"properties":{"n":"JRZ-0519 Av. Vista de la Primavera SUR-NTE","s":"places","t":"bus_stop"}},{"type":"Feature","geometry":{"type":"Point","coordinates":[-100.45937,25.66344]},"properties":{"n":"STC-0056 Av. Miguel Alemán NTE - SUR","s":"places","t":"bus_stop"}},{"type":"Feature","geometry":{"type":"Point","coordinates":[-100.30689,25.75877]},"properties":{"n":"SNN-0548 Av. Stiva NTE - SUR","s":"places","t":"bus_stop"}},{"type":"Feature","geometry":{"type":"Point","coordinates":[-100.28827,25.76238]},"properties":{"n":"SNN-0437 Av. Lic. Arturo B. De la Garza NTE - SUR","s":"places","t":"bus_stop"}},{"type":"Feature","geometry":{"type":"Point","coordinates":[-100.46387,25.66577]},"properties":{"n":"STC-0089 Av. Culebra OTE - PTE","s":"places","t":"bus_stop"}},{"type":"Feature","geometry":{"type":"Point","coordinates":[-100.24495,25.81256]},"properties":{"n":"APO - 0559 Av. Andrómeda NTE - SUR","s":"places","t":"bus_stop"}},{"type":"Feature","geometry":{"type":"Point","coordinates":[-100.26743,25.61794]},"properties":{"n":"27167","s":"places","t":"bus_stop"}},{"type":"Feature","geometry":{"type":"Point","coordinates":[-100.24651,25.77838]},"properties":{"n":"96013","s":"places","t":"bus_stop"}},{"type":"Feature","geometry":{"type":"Point","coordinates":[-100.4648,25.79731]},"properties":{"n":"GAR-0059 Av. De la Av. Hacienda NTE - SUR","s":"places","t":"bus_stop"}},{"type":"Feature","geometry":{"type":"Point","coordinates":[-100.25725,25.77645]},"properties":{"n":"APO - 0527 Av. Conquistadores SUR - NTE","s":"places","t":"bus_stop"}},{"type":"Feature","geometry":{"type":"Point","coordinates":[-100.34333,25.80004]},"properties":{"n":"ESC-0664 Av. Unión SUR-NTE","s":"places","t":"bus_stop"}},{"type":"Feature","geometry":{"type":"Point","coordinates":[-100.4501,25.69074]},"properties":{"n":"STC-0251 Av. Perimetral Sur OTE - PTE","s":"places","t":"bus_stop"}},{"type":"Feature","geometry":{"type":"Point","coordinates":[-100.36426,25.8526]},"properties":{"n":"83104","s":"places","t":"bus_stop"}},{"type":"Feature","geometry":{"type":"Point","coordinates":[-100.17307,25.66668]},"properties":{"n":"Estacion Israel Cavazos","s":"places","t":"bus_stop"}},{"type":"Feature","geometry":{"type":"Point","coordinates":[-100.46502,25.67381]},"properties":{"n":"STC-0304 Av. José María Morelos y Pavón OTE - PTE","s":"places","t":"bus_stop"}},{"type":"Feature","geometry":{"type":"Point","coordinates":[-100.31851,25.80509]},"properties":{"n":"ESC-0038 Av. Benito Juárez NTE - SUR","s":"places","t":"bus_stop"}},{"type":"Feature","geometry":{"type":"Point","coordinates":[-100.37426,25.83588]},"properties":{"n":"ESC-0635 Av. San Miguel NTE-SUR","s":"places","t":"bus_stop"}},{"type":"Feature","geometry":{"type":"Point","coordinates":[-100.38825,25.72719]},"properties":{"n":"59110","s":"places","t":"bus_stop"}},{"type":"Feature","geometry":{"type":"Point","coordinates":[-100.58414,25.79526]},"properties":{"n":"GAR-0086 Av. Heberto Castillo Martínez SUR - NTE","s":"places","t":"bus_stop"}},{"type":"Feature","geometry":{"type":"Point","coordinates":[-100.2571,25.58183]},"properties":{"n":"MTY-1490 Av. Valle Alto SUR - NTE","s":"places","t":"bus_stop"}},{"type":"Feature","geometry":{"type":"Point","coordinates":[-100.49229,25.67896]},"properties":{"n":"STC-0020 Av. Capitán Lucas García OTE - PTE","s":"places","t":"bus_stop"}},{"type":"Feature","geometry":{"type":"Point","coordinates":[-100.58841,25.77651]},"properties":{"n":"GAR-0620 Av. Sierra Av. Real NTE - SUR","s":"places","t":"bus_stop"}},{"type":"Feature","geometry":{"type":"Point","coordinates":[-100.18771,25.6669]},"properties":{"n":"GPE-0272 Av. Emiliano Zapata PTE - OTE","s":"places","t":"bus_stop"}},{"type":"Feature","geometry":{"type":"Point","coordinates":[-100.48027,25.79223]},"properties":{"n":"48116","s":"places","t":"bus_stop"}},{"type":"Feature","geometry":{"type":"Point","coordinates":[-100.16617,25.65953]},"properties":{"n":"40581","s":"places","t":"bus_stop"}},{"type":"Feature","geometry":{"type":"Point","coordinates":[-100.23948,25.79917]},"properties":{"n":"APO - 0076 Av. Jardín de los Tulipanes OTE - PTE","s":"places","t":"bus_stop"}},{"type":"Feature","geometry":{"type":"Point","coordinates":[-100.59365,25.83112]},"properties":{"n":"GAR-0330 Calzada Sur OTE - PTE","s":"places","t":"bus_stop"}},{"type":"Feature","geometry":{"type":"Point","coordinates":[-100.28796,25.75495]},"properties":{"n":"SNN-0375 Av. Gral. Terán SUR - NTE","s":"places","t":"bus_stop"}},{"type":"Feature","geometry":{"type":"Point","coordinates":[-100.16331,25.74923]},"properties":{"n":"136513","s":"places","t":"bus_stop"}},{"type":"Feature","geometry":{"type":"Point","coordinates":[-100.49027,25.78823]},"properties":{"n":"47190","s":"places","t":"bus_stop"}},{"type":"Feature","geometry":{"type":"Point","coordinates":[-100.05466,25.61552]},"properties":{"n":"CAJ-0214 Carretera Juárez-Cadereyta PTE-OTE","s":"places","t":"bus_stop"}},{"type":"Feature","geometry":{"type":"Point","coordinates":[-100.15016,25.62103]},"properties":{"n":"JRZ-0767 Antigüo Camino A Villa de Av. Juárez OTE - PTE","s":"places","t":"bus_stop"}},{"type":"Feature","geometry":{"type":"Point","coordinates":[-100.34538,25.66825]},"properties":{"n":"14068","s":"places","t":"bus_stop"}},{"type":"Feature","geometry":{"type":"Point","coordinates":[-100.61836,25.8205]},"properties":{"n":"GAR-0652 Av. Villa nova SUR - NTE","s":"places","t":"bus_stop"}},{"type":"Feature","geometry":{"type":"Point","coordinates":[-100.63375,25.8072]},"properties":{"n":"GAR-0451 Av. Juárez NTE - SUR","s":"places","t":"bus_stop"}},{"type":"Feature","geometry":{"type":"Point","coordinates":[-100.56855,25.79065]},"properties":{"n":"GAR-0431 Av. Hacienda Av. San Ángel SUR - NTE","s":"places","t":"bus_stop"}},{"type":"Feature","geometry":{"type":"Point","coordinates":[-100.37441,25.66756]},"properties":{"n":"SNP-0087 Av. Ignacio Morones Prieto PTE - OTE","s":"places","t":"bus_stop"}},{"type":"Feature","geometry":{"type":"Point","coordinates":[-100.11933,25.7952]},"properties":{"n":"133124","s":"places","t":"bus_stop"}},{"type":"Feature","geometry":{"type":"Point","coordinates":[-100.53781,25.81913]},"properties":{"n":"Terminal","s":"places","t":"bus_stop"}},{"type":"Feature","geometry":{"type":"Point","coordinates":[-100.3123,25.68376]},"properties":{"n":"Terminal","s":"places","t":"bus_stop"}},{"type":"Feature","geometry":{"type":"Point","coordinates":[-100.27369,25.78271]},"properties":{"n":"ESC-0210 Av. Republica Mexicana NTE-SUR","s":"places","t":"bus_stop"}},{"type":"Feature","geometry":{"type":"Point","coordinates":[-100.36623,25.85579]},"properties":{"n":"ECA-0086 Av. Buena Vista SUR - NTE","s":"places","t":"bus_stop"}},{"type":"Feature","geometry":{"type":"Point","coordinates":[-100.15006,25.62088]},"properties":{"n":"JRZ-0008 Antigüo Camino a Villa de Av. Juárez PTE - OTE","s":"places","t":"bus_stop"}},{"type":"Feature","geometry":{"type":"Point","coordinates":[-100.32164,25.691013]},"properties":{"n":"Monterrey","s":"places","t":"bus_stop"}},{"type":"Feature","geometry":{"type":"Point","coordinates":[-100.36821,25.66273]},"properties":{"n":"SNP-0245 Calzada San Pedro SUR - NTE","s":"places","t":"bus_stop"}},{"type":"Feature","geometry":{"type":"Point","coordinates":[-100.4788,25.67777]},"properties":{"n":"4678","s":"places","t":"bus_stop"}},{"type":"Feature","geometry":{"type":"Point","coordinates":[-100.53207,25.79519]},"properties":{"n":"GAR-0041 Av. Abraham Lincoln PTE - OTE","s":"places","t":"bus_stop"}},{"type":"Feature","geometry":{"type":"Point","coordinates":[-100.10677,25.71751]},"properties":{"n":"PES-0119 Av. San Fernando SUR - NTE","s":"places","t":"bus_stop"}},{"type":"Feature","geometry":{"type":"Point","coordinates":[-100.62634,25.81188]},"properties":{"n":"GAR-0334 Camino a Enrique Solís OTE - PTE","s":"places","t":"bus_stop"}},{"type":"Feature","geometry":{"type":"Point","coordinates":[-100.48829,25.79529]},"properties":{"n":"GAR-0186 Av. Mineros OTE - PTE","s":"places","t":"bus_stop"}},{"type":"Feature","geometry":{"type":"Point","coordinates":[-100.53945,25.7992]},"properties":{"n":"GAR-0025 Av. Abraham Lincoln OTE - PTE","s":"places","t":"bus_stop"}},{"type":"Feature","geometry":{"type":"Point","coordinates":[-100.11307,25.74999]},"properties":{"n":"PES-0311 Av. Roma OTE - PTE","s":"places","t":"bus_stop"}},{"type":"Feature","geometry":{"type":"Point","coordinates":[-100.37409,25.83736]},"properties":{"n":"ESC-0647 Av. San Miguel SUR-NTE","s":"places","t":"bus_stop"}},{"type":"Feature","geometry":{"type":"Point","coordinates":[-100.61467,25.81039]},"properties":{"n":"GAR-0466 Av. Juárez PTE - OTE","s":"places","t":"bus_stop"}},{"type":"Feature","geometry":{"type":"Point","coordinates":[-100.27707,25.71119]},"properties":{"n":"Terminal","s":"places","t":"bus_stop"}},{"type":"Feature","geometry":{"type":"Point","coordinates":[-100.15182,25.60611]},"properties":{"n":"JRZ-0010 Av. Arboledas NTE - SUR","s":"places","t":"bus_stop"}},{"type":"Feature","geometry":{"type":"Point","coordinates":[-100.33639,25.78683]},"properties":{"n":"ESC-0307 Av. Cerro Prieto SUR - NTE","s":"places","t":"bus_stop"}},{"type":"Feature","geometry":{"type":"Point","coordinates":[-100.16879,25.6808]},"properties":{"n":"40908","s":"places","t":"bus_stop"}},{"type":"Feature","geometry":{"type":"Point","coordinates":[-100.55571,25.79452]},"properties":{"n":"Terminal","s":"places","t":"bus_stop"}},{"type":"Feature","geometry":{"type":"Point","coordinates":[-100.26003,25.57666]},"properties":{"n":"MTY-1485 Av. Valle Alto PTE - OTE","s":"places","t":"bus_stop"}},{"type":"Feature","geometry":{"type":"Point","coordinates":[-100.24302,25.85296]},"properties":{"n":"APO - 1125 Carretera Nuevo Laredo-Monterrey SUR - NTE","s":"places","t":"bus_stop"}},{"type":"Feature","geometry":{"type":"Point","coordinates":[-100.17558,25.61807]},"properties":{"n":"JRZ-0382 Av. San Isidro NTE-SUR","s":"places","t":"bus_stop"}},{"type":"Feature","geometry":{"type":"Point","coordinates":[-100.37696,25.86311]},"properties":{"n":"ECA-0151 Av. Vista Regia SUR - NTE","s":"places","t":"bus_stop"}},{"type":"Feature","geometry":{"type":"Point","coordinates":[-100.45078,25.66474]},"properties":{"n":"STC-0438 Av. Lechugal SUR - NTE","s":"places","t":"bus_stop"}},{"type":"Feature","geometry":{"type":"Point","coordinates":[-100.12076,25.65433]},"properties":{"n":"JRZ-0467 Carretera Reynosa Villa de Juárez PTE-OTE","s":"places","t":"bus_stop"}},{"type":"Feature","geometry":{"type":"Point","coordinates":[-100.30691,25.84886]},"properties":{"n":"ECA-0112 Av. Fidel Velázquez PTE - OTE","s":"places","t":"bus_stop"}},{"type":"Feature","geometry":{"type":"Point","coordinates":[-100.16789,25.62858]},"properties":{"n":"Terminal","s":"places","t":"bus_stop"}},{"type":"Feature","geometry":{"type":"Point","coordinates":[-100.24443,25.82711]},"properties":{"n":"APO - 0584 Av. Andrómeda SUR - NTE","s":"places","t":"bus_stop"}},{"type":"Feature","geometry":{"type":"Point","coordinates":[-100.30708,25.85908]},"properties":{"n":"ECA-0062 Av. Arco del Triunfo SUR - NTE","s":"places","t":"bus_stop"}},{"type":"Feature","geometry":{"type":"Point","coordinates":[-100.10894,25.81528]},"properties":{"n":"PES-0053 Av. Central SUR - NTE","s":"places","t":"bus_stop"}},{"type":"Feature","geometry":{"type":"Point","coordinates":[-100.10378,25.82268]},"properties":{"n":"PES-0013 Av. Abasolo OTE - PTE","s":"places","t":"bus_stop"}},{"type":"Feature","geometry":{"type":"Point","coordinates":[-100.31543,25.66797]},"properties":{"n":"MTY-0469 Av. Benito Juárez SUR - NTE","s":"places","t":"bus_stop"}},{"type":"Feature","geometry":{"type":"Point","coordinates":[-100.3426,25.8056]},"properties":{"n":"ESC-0136 Av. Las Torres PTE - OTE","s":"places","t":"bus_stop"}},{"type":"Feature","geometry":{"type":"Point","coordinates":[-100.46412,25.70121]},"properties":{"n":"STC-0266 Av. Rincón de las Palmas NTE- SUR","s":"places","t":"bus_stop"}},{"type":"Feature","geometry":{"type":"Point","coordinates":[-100.43034,25.68543]},"properties":{"n":"STC-0573 Av. Topilitzín SUR - NTE","s":"places","t":"bus_stop"}},{"type":"Feature","geometry":{"type":"Point","coordinates":[-100.09258,25.62029]},"properties":{"n":"Terminal","s":"places","t":"bus_stop"}},{"type":"Feature","geometry":{"type":"Point","coordinates":[-100.14937,25.70809]},"properties":{"n":"104395","s":"places","t":"bus_stop"}},{"type":"Feature","geometry":{"type":"Point","coordinates":[-100.14851,25.7471]},"properties":{"n":"APO - 0316 Av. del Colector PTE - OTE","s":"places","t":"bus_stop"}},{"type":"Feature","geometry":{"type":"Point","coordinates":[-100.12756,25.79449]},"properties":{"n":"133123","s":"places","t":"bus_stop"}},{"type":"Feature","geometry":{"type":"Point","coordinates":[-100.14226,25.70504]},"properties":{"n":"APO - 1023 Av. Bosque de San Miguel SUR - NTE","s":"places","t":"bus_stop"}},{"type":"Feature","geometry":{"type":"Point","coordinates":[-100.30886,25.86421]},"properties":{"n":"ECA-0053 Av. Arco del Triunfo NTE - SUR","s":"places","t":"bus_stop"}},{"type":"Feature","geometry":{"type":"Point","coordinates":[-100.58785,25.77801]},"properties":{"n":"GAR-0629 Av. Sierra Av. Real SUR - NTE","s":"places","t":"bus_stop"}},{"type":"Feature","geometry":{"type":"Point","coordinates":[-100.18345,25.77777]},"properties":{"n":"106548","s":"places","t":"bus_stop"}},{"type":"Feature","geometry":{"type":"Point","coordinates":[-100.47113,25.67541]},"properties":{"n":"STC-0310 Av. Licenciado Manuel Ordóñez OTE - PTE","s":"places","t":"bus_stop"}},{"type":"Feature","geometry":{"type":"Point","coordinates":[-100.14464,25.61857]},"properties":{"n":"JRZ-0756 Av. Monte Cristal OTE - PTE","s":"places","t":"bus_stop"}},{"type":"Feature","geometry":{"type":"Point","coordinates":[-100.24376,25.74453]},"properties":{"n":"Terminal","s":"places","t":"bus_stop"}},{"type":"Feature","geometry":{"type":"Point","coordinates":[-100.50048,25.69928]},"properties":{"n":"STC-0036 Av. Las Torres OTE - PTE","s":"places","t":"bus_stop"}},{"type":"Feature","geometry":{"type":"Point","coordinates":[-100.26799,25.62249]},"properties":{"n":"27205","s":"places","t":"bus_stop"}},{"type":"Feature","geometry":{"type":"Point","coordinates":[-100.0897,25.81542]},"properties":{"n":"133466","s":"places","t":"bus_stop"}},{"type":"Feature","geometry":{"type":"Point","coordinates":[-100.24889,25.86731]},"properties":{"n":"APO - 1093 Carretera Salinas Victoria SUR - NTE","s":"places","t":"bus_stop"}},{"type":"Feature","geometry":{"type":"Point","coordinates":[-100.48577,25.68267]},"properties":{"n":"4375","s":"places","t":"bus_stop"}},{"type":"Feature","geometry":{"type":"Point","coordinates":[-100.15345,25.81256]},"properties":{"n":"APO - 1225 Av. Juárez SUR - NTE","s":"places","t":"bus_stop"}},{"type":"Feature","geometry":{"type":"Point","coordinates":[-100.1263,25.67583]},"properties":{"n":"GPE-1205 Av. Paseo de las Águilas","s":"places","t":"bus_stop"}},{"type":"Feature","geometry":{"type":"Point","coordinates":[-100.10631,25.75582]},"properties":{"n":"PES-0073 Av. Lucca PTE - OTE","s":"places","t":"bus_stop"}},{"type":"Feature","geometry":{"type":"Point","coordinates":[-100.47821,25.67744]},"properties":{"n":"STC-0440 Av. Manuel Ordóñez PTE - OTE","s":"places","t":"bus_stop"}},{"type":"Feature","geometry":{"type":"Point","coordinates":[-100.22865,25.81771]},"properties":{"n":"APO - 1317 Av. Real de Santa Rosa PTE - OTE","s":"places","t":"bus_stop"}},{"type":"Feature","geometry":{"type":"Point","coordinates":[-100.37093,25.73101]},"properties":{"n":"59856","s":"places","t":"bus_stop"}},{"type":"Feature","geometry":{"type":"Point","coordinates":[-100.09209,25.80711]},"properties":{"n":"273271","s":"places","t":"bus_stop"}},{"type":"Feature","geometry":{"type":"Point","coordinates":[-100.25816,25.83054]},"properties":{"n":"136621","s":"places","t":"bus_stop"}},{"type":"Feature","geometry":{"type":"Point","coordinates":[-100.14244,25.7055]},"properties":{"n":"APO - 1019 Av. Bosque de San Miguel NTE - SUR","s":"places","t":"bus_stop"}},{"type":"Feature","geometry":{"type":"Point","coordinates":[-100.49753,25.68097]},"properties":{"n":"STC-0158 Av. Capitán Lucas García OTE - PTE","s":"places","t":"bus_stop"}},{"type":"Feature","geometry":{"type":"Point","coordinates":[-100.05862,25.61863]},"properties":{"n":"CAJ-0067 Carretera Juárez - Cadereyta PTE - OTE","s":"places","t":"bus_stop"}},{"type":"Feature","geometry":{"type":"Point","coordinates":[-100.61221,25.79914]},"properties":{"n":"GAR-0181 Av. Maravilla SUR - NTE","s":"places","t":"bus_stop"}},{"type":"Feature","geometry":{"type":"Point","coordinates":[-100.13144,25.7015]},"properties":{"n":"131125","s":"places","t":"bus_stop"}},{"type":"Feature","geometry":{"type":"Point","coordinates":[-100.58778,25.78019]},"properties":{"n":"GAR-0614 Av. Sierra Av. Real NTE - SUR","s":"places","t":"bus_stop"}},{"type":"Feature","geometry":{"type":"Point","coordinates":[-100.09374,25.66489]},"properties":{"n":"Terminal","s":"places","t":"bus_stop"}},{"type":"Feature","geometry":{"type":"Point","coordinates":[-100.33611,25.80325]},"properties":{"n":"ESC-0342 Av. Isla del Sur SUR - NTE","s":"places","t":"bus_stop"}},{"type":"Feature","geometry":{"type":"Point","coordinates":[-100.35779,25.69821]},"properties":{"n":"61003","s":"places","t":"bus_stop"}},{"type":"Feature","geometry":{"type":"Point","coordinates":[-100.1772,25.77926]},"properties":{"n":"APO - 0385 Av. Miguel Alemán PTE - OTE","s":"places","t":"bus_stop"}},{"type":"Feature","geometry":{"type":"Point","coordinates":[-100.24487,25.81371]},"properties":{"n":"APO - 0578 Av. Andrómeda SUR - NTE","s":"places","t":"bus_stop"}},{"type":"Feature","geometry":{"type":"Point","coordinates":[-100.1132,25.64131]},"properties":{"n":"JRZ-0702 Prolongación Pablo Livas PTE - OTE","s":"places","t":"bus_stop"}},{"type":"Feature","geometry":{"type":"Point","coordinates":[-100.12761,25.79459]},"properties":{"n":"133135","s":"places","t":"bus_stop"}},{"type":"Feature","geometry":{"type":"Point","coordinates":[-100.15489,25.81466]},"properties":{"n":"APO - 0164 Antigüa Carretera Agua Fría NTE - SUR","s":"places","t":"bus_stop"}},{"type":"Feature","geometry":{"type":"Point","coordinates":[-100.301277,25.742928]},"properties":{"n":"Omnibus mexicanos","s":"places","t":"bus_stop"}},{"type":"Feature","geometry":{"type":"Point","coordinates":[-100.42107,25.68912]},"properties":{"n":"STC-0446 Av. G Lomas de Santa Catarina SUR - NTE","s":"places","t":"bus_stop"}},{"type":"Feature","geometry":{"type":"Point","coordinates":[-100.15253,25.78735]},"properties":{"n":"107778","s":"places","t":"bus_stop"}},{"type":"Feature","geometry":{"type":"Point","coordinates":[-100.3153,25.76405]},"properties":{"n":"SNN-0213 Av. Balcones de Anáhuac SUR - NTE","s":"places","t":"bus_stop"}},{"type":"Feature","geometry":{"type":"Point","coordinates":[-100.18183,25.61568]},"properties":{"n":"JRZ-0770 Av. Sta. Natalia PTE - OTE","s":"places","t":"bus_stop"}},{"type":"Feature","geometry":{"type":"Point","coordinates":[-100.50409,25.68574]},"properties":{"n":"STC-0124 Av. Bosque de Santa Catarina NTE - SUR","s":"places","t":"bus_stop"}},{"type":"Feature","geometry":{"type":"Point","coordinates":[-100.22273,25.66707]},"properties":{"n":"Fidel Velazquez","s":"places","t":"bus_stop"}},{"type":"Feature","geometry":{"type":"Point","coordinates":[-100.46562,25.78246]},"properties":{"n":"GAR-0042 Av. Abraham Lincoln PTE - OTE","s":"places","t":"bus_stop"}},{"type":"Feature","geometry":{"type":"Point","coordinates":[-100.48449,25.68051]},"properties":{"n":"STC-0534 Av. Sor Juana Inés de la Cruz NTE- SUR","s":"places","t":"bus_stop"}},{"type":"Feature","geometry":{"type":"Point","coordinates":[-100.23945,25.85685]},"properties":{"n":"APO - 0243 Carretera Nuevo Laredo - Monterrey SUR - NTE","s":"places","t":"bus_stop"}},{"type":"Feature","geometry":{"type":"Point","coordinates":[-100.3077,25.72549]},"properties":{"n":"Estacion Universidad","s":"places","t":"transit_station"}},{"type":"Feature","geometry":{"type":"Point","coordinates":[-100.25517,25.81034]},"properties":{"n":"APO - 0030 Av. Dr. Martín KingNTE - SUR","s":"places","t":"bus_stop"}},{"type":"Feature","geometry":{"type":"Point","coordinates":[-100.43339,25.80113]},"properties":{"n":"GAR-0209 Av. Praderas NTE - SUR","s":"places","t":"bus_stop"}},{"type":"Feature","geometry":{"type":"Point","coordinates":[-100.07756,25.5977]},"properties":{"n":"CAJ-0042 Av. del Valle SUR -NTE","s":"places","t":"bus_stop"}},{"type":"Feature","geometry":{"type":"Point","coordinates":[-100.15178,25.71341]},"properties":{"n":"APO - 1184 Av. Hacienda Margaritas SUR - NTE","s":"places","t":"bus_stop"}},{"type":"Feature","geometry":{"type":"Point","coordinates":[-100.46739,25.67412]},"properties":{"n":"3705","s":"places","t":"bus_stop"}},{"type":"Feature","geometry":{"type":"Point","coordinates":[-100.448,25.67451]},"properties":{"n":"STC-0315 Av. Manuel Ordoñez OTE - PTE","s":"places","t":"bus_stop"}},{"type":"Feature","geometry":{"type":"Point","coordinates":[-100.46426,25.66782]},"properties":{"n":"STC-0305 Av. José María Morelos y Pavón SUR - NTE","s":"places","t":"bus_stop"}},{"type":"Feature","geometry":{"type":"Point","coordinates":[-100.2677,25.61908]},"properties":{"n":"MTY-1392 Av. San Ángel NTE - SUR","s":"places","t":"bus_stop"}},{"type":"Feature","geometry":{"type":"Point","coordinates":[-100.09598,25.70408]},"properties":{"n":"PES-0117 Av. San Fernando SUR - NTE","s":"places","t":"bus_stop"}},{"type":"Feature","geometry":{"type":"Point","coordinates":[-100.10027,25.80279]},"properties":{"n":"273307","s":"places","t":"bus_stop"}},{"type":"Feature","geometry":{"type":"Point","coordinates":[-100.11985,25.66449]},"properties":{"n":"JRZ-0603 Av. Paseo las Margaritas OTE - PTE","s":"places","t":"bus_stop"}},{"type":"Feature","geometry":{"type":"Point","coordinates":[-100.46472,25.79739]},"properties":{"n":"51281","s":"places","t":"bus_stop"}},{"type":"Feature","geometry":{"type":"Point","coordinates":[-100.46768,25.66835]},"properties":{"n":"STC-0001 Av. 10 de Mayo SUR - NTE","s":"places","t":"bus_stop"}},{"type":"Feature","geometry":{"type":"Point","coordinates":[-100.09608,25.70604]},"properties":{"n":"132068","s":"places","t":"bus_stop"}},{"type":"Feature","geometry":{"type":"Point","coordinates":[-100.4969,25.69267]},"properties":{"n":"STC-0229 Av. Madrid NTE- SUR","s":"places","t":"bus_stop"}},{"type":"Feature","geometry":{"type":"Point","coordinates":[-100.47081,25.67522]},"properties":{"n":"4842","s":"places","t":"bus_stop"}},{"type":"Feature","geometry":{"type":"Point","coordinates":[-100.34651,25.71713]},"properties":{"n":"62553","s":"places","t":"bus_stop"}},{"type":"Feature","geometry":{"type":"Point","coordinates":[-100.29561,25.6562]},"properties":{"n":"MTY-0710 Av. Eugenio Garza Sada NTE - SUR","s":"places","t":"bus_stop"}},{"type":"Feature","geometry":{"type":"Point","coordinates":[-100.19208,25.70962]},"properties":{"n":"GPE-0295 Av. Guadalajara SUR - NTE","s":"places","t":"bus_stop"}},{"type":"Feature","geometry":{"type":"Point","coordinates":[-100.24552,25.85915]},"properties":{"n":"APO - 1092 Carretera Salinas Victoria SUR - NTE","s":"places","t":"bus_stop"}},{"type":"Feature","geometry":{"type":"Point","coordinates":[-100.3955,25.84634]},"properties":{"n":"83490","s":"places","t":"bus_stop"}},{"type":"Feature","geometry":{"type":"Point","coordinates":[-100.0864,25.64557]},"properties":{"n":"Terminal","s":"places","t":"bus_stop"}},{"type":"Feature","geometry":{"type":"Point","coordinates":[-100.38964,25.85514]},"properties":{"n":"ECA-0201 Av. Niños Héroes OTE - PTE","s":"places","t":"bus_stop"}},{"type":"Feature","geometry":{"type":"Point","coordinates":[-100.58775,25.81119]},"properties":{"n":"GAR-0438 Av. Heberto Castillo Martínez PTE - OTE","s":"places","t":"bus_stop"}},{"type":"Feature","geometry":{"type":"Point","coordinates":[-100.217679,25.702922]},"properties":{"n":"ECOVIA parada","s":"places","t":"bus_stop"}},{"type":"Feature","geometry":{"type":"Point","coordinates":[-100.39453,25.81054]},"properties":{"n":"41765","s":"places","t":"bus_stop"}},{"type":"Feature","geometry":{"type":"Point","coordinates":[-100.5514,25.78972]},"properties":{"n":"Terminal","s":"places","t":"bus_stop"}},{"type":"Feature","geometry":{"type":"Point","coordinates":[-100.45861,25.70192]},"properties":{"n":"STC-0396 Av. Cañón Santa Cruz PTE - OTE","s":"places","t":"bus_stop"}},{"type":"Feature","geometry":{"type":"Point","coordinates":[-100.24568,25.82001]},"properties":{"n":"APO - 0555 Av. Andrómeda NTE - SUR","s":"places","t":"bus_stop"}},{"type":"Feature","geometry":{"type":"Point","coordinates":[-100.31129,25.67673]},"properties":{"n":"19095","s":"places","t":"bus_stop"}},{"type":"Feature","geometry":{"type":"Point","coordinates":[-100.53732,25.81938]},"properties":{"n":"Terminal","s":"places","t":"bus_stop"}},{"type":"Feature","geometry":{"type":"Point","coordinates":[-100.5378,25.81936]},"properties":{"n":"GAR-0657 Av. Vista Poniente OTE - PTE","s":"places","t":"bus_stop"}},{"type":"Feature","geometry":{"type":"Point","coordinates":[-100.29237,25.75799]},"properties":{"n":"SNN-0181 Av. Cuauhtémoc OTE - PTE","s":"places","t":"bus_stop"}},{"type":"Feature","geometry":{"type":"Point","coordinates":[-100.33606,25.78586]},"properties":{"n":"ESC-0304 Av. Cerro del Tepeyac NTE - SUR","s":"places","t":"bus_stop"}},{"type":"Feature","geometry":{"type":"Point","coordinates":[-100.25656,25.81924]},"properties":{"n":"APO - 1273 Av. Dr. Martín King SUR - NTE","s":"places","t":"bus_stop"}},{"type":"Feature","geometry":{"type":"Point","coordinates":[-100.28757,25.68203]},"properties":{"n":"MTY-0840 Av. Francisco I. Madero PTE - OTE","s":"places","t":"bus_stop"}},{"type":"Feature","geometry":{"type":"Point","coordinates":[-100.22686,25.82025]},"properties":{"n":"APO - 1346 Av. Río Pesquería NTE - SUR","s":"places","t":"bus_stop"}},{"type":"Feature","geometry":{"type":"Point","coordinates":[-100.29785,25.75316]},"properties":{"n":"Estacion San Nicolas","s":"places","t":"transit_station"}},{"type":"Feature","geometry":{"type":"Point","coordinates":[-100.10651,25.8202]},"properties":{"n":"PES-0023 Av. Central NTE - SUR","s":"places","t":"bus_stop"}},{"type":"Feature","geometry":{"type":"Point","coordinates":[-100.39128,25.85401]},"properties":{"n":"ECA-0204 Av. Niños Héroes PTE - OTE","s":"places","t":"bus_stop"}},{"type":"Feature","geometry":{"type":"Point","coordinates":[-100.14681,25.86207]},"properties":{"n":"Terminal","s":"places","t":"bus_stop"}},{"type":"Feature","geometry":{"type":"Point","coordinates":[-100.43515,25.80462]},"properties":{"n":"GAR-0641 Av. Valle de México NTE - SUR","s":"places","t":"bus_stop"}},{"type":"Feature","geometry":{"type":"Point","coordinates":[-100.33611,25.6525]},"properties":{"n":"SNP-0158 Av. Lázaro Cárdenas PTE - OTE","s":"places","t":"bus_stop"}},{"type":"Feature","geometry":{"type":"Point","coordinates":[-100.40288,25.85881]},"properties":{"n":"Terminal","s":"places","t":"bus_stop"}},{"type":"Feature","geometry":{"type":"Point","coordinates":[-100.58768,25.81315]},"properties":{"n":"GAR-0434 Av. Heberto Castillo Martínez NTE - SUR","s":"places","t":"bus_stop"}},{"type":"Feature","geometry":{"type":"Point","coordinates":[-100.26759,25.6189]},"properties":{"n":"27166","s":"places","t":"bus_stop"}},{"type":"Feature","geometry":{"type":"Point","coordinates":[-100.30465,25.86056]},"properties":{"n":"Terminal","s":"places","t":"bus_stop"}},{"type":"Feature","geometry":{"type":"Point","coordinates":[-100.13696,25.75999]},"properties":{"n":"132926","s":"places","t":"bus_stop"}},{"type":"Feature","geometry":{"type":"Point","coordinates":[-100.45459,25.66789]},"properties":{"n":"STC-0530 Av. Sierra de Tepehuanes OTE - PTE","s":"places","t":"bus_stop"}},{"type":"Feature","geometry":{"type":"Point","coordinates":[-100.57979,25.8]},"properties":{"n":"44893","s":"places","t":"bus_stop"}},{"type":"Feature","geometry":{"type":"Point","coordinates":[-100.412,25.68499]},"properties":{"n":"SNP-0220 Av. Azufre PTE - OTE","s":"places","t":"bus_stop"}},{"type":"Feature","geometry":{"type":"Point","coordinates":[-100.45294,25.67112]},"properties":{"n":"STC-0113 Av. Los Arredondo NTE - SUR","s":"places","t":"bus_stop"}},{"type":"Feature","geometry":{"type":"Point","coordinates":[-100.18315,25.63721]},"properties":{"n":"GPE-0728 Av. Ciudad Guzmán PTE - OTE","s":"places","t":"bus_stop"}},{"type":"Feature","geometry":{"type":"Point","coordinates":[-100.25788,25.5872]},"properties":{"n":"La Estanzuela","s":"places","t":"bus_stop"}},{"type":"Feature","geometry":{"type":"Point","coordinates":[-100.33045,25.78116]},"properties":{"n":"ESC-0320 Av. Dr. Plinio D. Ordóñez SUR - NTE","s":"places","t":"bus_stop"}},{"type":"Feature","geometry":{"type":"Point","coordinates":[-100.40171,25.84337]},"properties":{"n":"ESC-0541 Av. Constitución PTE-OTE","s":"places","t":"bus_stop"}},{"type":"Feature","geometry":{"type":"Point","coordinates":[-100.22079,25.71162]},"properties":{"n":"GPE-0440 Av. Miguel Alemán SUR - NTE","s":"places","t":"bus_stop"}},{"type":"Feature","geometry":{"type":"Point","coordinates":[-100.11387,25.82444]},"properties":{"n":"PES-0049 Av. Central PTE - OTE","s":"places","t":"bus_stop"}},{"type":"Feature","geometry":{"type":"Point","coordinates":[-100.40332,25.7932]},"properties":{"n":"Terminal","s":"places","t":"bus_stop"}},{"type":"Feature","geometry":{"type":"Point","coordinates":[-100.1926,25.76446]},"properties":{"n":"106159","s":"places","t":"bus_stop"}},{"type":"Feature","geometry":{"type":"Point","coordinates":[-100.24419,25.82533]},"properties":{"n":"APO - 0585 Av. Andrómeda SUR - NTE","s":"places","t":"bus_stop"}},{"type":"Feature","geometry":{"type":"Point","coordinates":[-100.18444,25.70085]},"properties":{"n":"Terminal","s":"places","t":"bus_stop"}},{"type":"Feature","geometry":{"type":"Point","coordinates":[-100.17319,25.65435]},"properties":{"n":"GPE-0663 Av. Xochimilco NTE - SUR","s":"places","t":"bus_stop"}},{"type":"Feature","geometry":{"type":"Point","coordinates":[-100.42323,25.77199]},"properties":{"n":"51606","s":"places","t":"bus_stop"}},{"type":"Feature","geometry":{"type":"Point","coordinates":[-100.41839,25.82169]},"properties":{"n":"54670","s":"places","t":"bus_stop"}},{"type":"Feature","geometry":{"type":"Point","coordinates":[-100.23949,25.77537]},"properties":{"n":"APO - 0628 Av. Camino Real al Mezquital Santa Rosa SUR - NTE","s":"places","t":"bus_stop"}},{"type":"Feature","geometry":{"type":"Point","coordinates":[-100.3666,25.726129]},"properties":{"n":"Santa Cecilia","s":"places","t":"bus_stop"}},{"type":"Feature","geometry":{"type":"Point","coordinates":[-100.26719,25.61624]},"properties":{"n":"MTY-2412 Av. San Ángel NTE - SUR","s":"places","t":"bus_stop"}},{"type":"Feature","geometry":{"type":"Point","coordinates":[-100.08771,25.71155]},"properties":{"n":"PES-0140 Av. San Francisco SUR - NTE","s":"places","t":"bus_stop"}},{"type":"Feature","geometry":{"type":"Point","coordinates":[-100.46575,25.66984]},"properties":{"n":"STC-0502 Av. Primera NTE- SUR","s":"places","t":"bus_stop"}},{"type":"Feature","geometry":{"type":"Point","coordinates":[-100.23566,25.56779]},"properties":{"n":"27594","s":"places","t":"bus_stop"}},{"type":"Feature","geometry":{"type":"Point","coordinates":[-100.46509,25.80045]},"properties":{"n":"Terminal","s":"places","t":"bus_stop"}},{"type":"Feature","geometry":{"type":"Point","coordinates":[-100.387161,25.784796]},"properties":{"n":"B24 - Ocaso - Luis Donaldo Colosio","s":"places","t":"bus_stop"}},{"type":"Feature","geometry":{"type":"Point","coordinates":[-100.20158,25.74808]},"properties":{"n":"102295","s":"places","t":"bus_stop"}},{"type":"Feature","geometry":{"type":"Point","coordinates":[-100.16477,25.7275]},"properties":{"n":"APO - 1152 Av. Gaspar Castaño NTE - SUR","s":"places","t":"bus_stop"}},{"type":"Feature","geometry":{"type":"Point","coordinates":[-100.30629,25.85649]},"properties":{"n":"ECA-0073 Av. Arco del Triunfo SUR - NTE","s":"places","t":"bus_stop"}},{"type":"Feature","geometry":{"type":"Point","coordinates":[-100.09011,25.81423]},"properties":{"n":"PES-0285 Av. Paseo de las Av. Haciendas NTE - SUR","s":"places","t":"bus_stop"}},{"type":"Feature","geometry":{"type":"Point","coordinates":[-100.45344,25.66772]},"properties":{"n":"STC-0532 Av. Sierra del Tlahuiltepec SUR - NTE","s":"places","t":"bus_stop"}},{"type":"Feature","geometry":{"type":"Point","coordinates":[-100.32292,25.67713]},"properties":{"n":"18667","s":"places","t":"bus_stop"}},{"type":"Feature","geometry":{"type":"Point","coordinates":[-100.58398,25.79394]},"properties":{"n":"GAR-0090 Av. Heberto Castillo Martínez SUR - NTE","s":"places","t":"bus_stop"}},{"type":"Feature","geometry":{"type":"Point","coordinates":[-100.30403,25.66129]},"properties":{"n":"18961","s":"places","t":"bus_stop"}},{"type":"Feature","geometry":{"type":"Point","coordinates":[-100.30788,25.8617]},"properties":{"n":"ECA-0064 Av. Arco del Triunfo SUR - NTE","s":"places","t":"bus_stop"}},{"type":"Feature","geometry":{"type":"Point","coordinates":[-100.15491,25.62838]},"properties":{"n":"JRZ-0525 Carretera San Roque NTE - SUR","s":"places","t":"bus_stop"}},{"type":"Feature","geometry":{"type":"Point","coordinates":[-100.32245,25.74333]},"properties":{"n":"Terminal","s":"places","t":"bus_stop"}},{"type":"Feature","geometry":{"type":"Point","coordinates":[-100.15786,25.75758]},"properties":{"n":"107403","s":"places","t":"bus_stop"}},{"type":"Feature","geometry":{"type":"Point","coordinates":[-100.4646,25.67036]},"properties":{"n":"STC-0433 Av. José María Morelos y Pavón SUR - NTE","s":"places","t":"bus_stop"}},{"type":"Feature","geometry":{"type":"Point","coordinates":[-100.09704,25.61246]},"properties":{"n":"JRZ-0130 Av. Eloy Cavazos PTE - OTE","s":"places","t":"bus_stop"}},{"type":"Feature","geometry":{"type":"Point","coordinates":[-100.14039,25.72295]},"properties":{"n":"99958","s":"places","t":"bus_stop"}},{"type":"Feature","geometry":{"type":"Point","coordinates":[-100.49454,25.69388]},"properties":{"n":"STC-0648 Av. Cerro de la Silla PTE-OTE","s":"places","t":"bus_stop"}},{"type":"Feature","geometry":{"type":"Point","coordinates":[-100.30416,25.73585]},"properties":{"n":"Terminal","s":"places","t":"bus_stop"}},{"type":"Feature","geometry":{"type":"Point","coordinates":[-100.08187,25.65137]},"properties":{"n":"JRZ-0145 Av. Flor De Loto OTE - PTE","s":"places","t":"bus_stop"}},{"type":"Feature","geometry":{"type":"Point","coordinates":[-100.59009,25.82432]},"properties":{"n":"GAR-0140 Av. Las Plazas PTE - OTE","s":"places","t":"bus_stop"}},{"type":"Feature","geometry":{"type":"Point","coordinates":[-100.09106,25.81184]},"properties":{"n":"273454","s":"places","t":"bus_stop"}},{"type":"Feature","geometry":{"type":"Point","coordinates":[-100.12488,25.8216]},"properties":{"n":"PES-0298 Perimetral Poniente NTE - SUR","s":"places","t":"bus_stop"}},{"type":"Feature","geometry":{"type":"Point","coordinates":[-100.34247,25.7155]},"properties":{"n":"Estacion Alfonso Reyes","s":"places","t":"transit_station"}},{"type":"Feature","geometry":{"type":"Point","coordinates":[-100.19931,25.68579]},"properties":{"n":"Terminal","s":"places","t":"bus_stop"}},{"type":"Feature","geometry":{"type":"Point","coordinates":[-100.46633,25.68207]},"properties":{"n":"STC-0307 Av. Morelos SUR - NTE","s":"places","t":"bus_stop"}},{"type":"Feature","geometry":{"type":"Point","coordinates":[-100.17373,25.65068]},"properties":{"n":"GPE-0456 Av. Pablo Livas OTE - PTE","s":"places","t":"bus_stop"}},{"type":"Feature","geometry":{"type":"Point","coordinates":[-100.31024,25.86638]},"properties":{"n":"ECA-0173 Av. Carrizal OTE - PTE","s":"places","t":"bus_stop"}},{"type":"Feature","geometry":{"type":"Point","coordinates":[-100.0878,25.71059]},"properties":{"n":"PES-0138 Av. San Francisco SUR - NTE","s":"places","t":"bus_stop"}},{"type":"Feature","geometry":{"type":"Point","coordinates":[-100.17431,25.77972]},"properties":{"n":"106668","s":"places","t":"bus_stop"}},{"type":"Feature","geometry":{"type":"Point","coordinates":[-100.12696,25.67481]},"properties":{"n":"GPE-1209 Av. Paseo de las Águilas","s":"places","t":"bus_stop"}},{"type":"Feature","geometry":{"type":"Point","coordinates":[-100.43482,25.80468]},"properties":{"n":"Terminal","s":"places","t":"bus_stop"}},{"type":"Feature","geometry":{"type":"Point","coordinates":[-100.36845,25.75862]},"properties":{"n":"Terminal","s":"places","t":"bus_stop"}},{"type":"Feature","geometry":{"type":"Point","coordinates":[-100.296397,25.657506]},"properties":{"n":"Parus Garza Sada-Mallorca","s":"places","t":"bus_stop"}},{"type":"Feature","geometry":{"type":"Point","coordinates":[-100.62273,25.81101]},"properties":{"n":"GAR-0454 Av. Juárez OTE - PTE","s":"places","t":"bus_stop"}},{"type":"Feature","geometry":{"type":"Point","coordinates":[-100.27926,25.62721]},"properties":{"n":"Terminal","s":"places","t":"bus_stop"}},{"type":"Feature","geometry":{"type":"Point","coordinates":[-100.54169,25.8048]},"properties":{"n":"GAR-0207 Av. Portal Lincoln SUR - NTE","s":"places","t":"bus_stop"}},{"type":"Feature","geometry":{"type":"Point","coordinates":[-100.26072,25.59321]},"properties":{"n":"26755","s":"places","t":"bus_stop"}},{"type":"Feature","geometry":{"type":"Point","coordinates":[-100.15604,25.80329]},"properties":{"n":"APO - 1224 Av. Juárez SUR - NTE","s":"places","t":"bus_stop"}},{"type":"Feature","geometry":{"type":"Point","coordinates":[-100.50667,25.73617]},"properties":{"n":"STC-0003 Antigüa Carretera Villa de García NTE - SUR","s":"places","t":"bus_stop"}},{"type":"Feature","geometry":{"type":"Point","coordinates":[-100.63418,25.8133]},"properties":{"n":"GAR-0604 Av. San Juan SUR - NTE","s":"places","t":"bus_stop"}},{"type":"Feature","geometry":{"type":"Point","coordinates":[-100.48496,25.67946]},"properties":{"n":"STC-0533 Av. Sor Juana Inés de la Cruz NTE- SUR","s":"places","t":"bus_stop"}},{"type":"Feature","geometry":{"type":"Point","coordinates":[-100.24449,25.81175]},"properties":{"n":"APO - 0583 Av. Andrómeda SUR - NTE","s":"places","t":"bus_stop"}},{"type":"Feature","geometry":{"type":"Point","coordinates":[-100.41182,25.79142]},"properties":{"n":"Terminal","s":"places","t":"bus_stop"}},{"type":"Feature","geometry":{"type":"Point","coordinates":[-100.20407,25.74334]},"properties":{"n":"86887","s":"places","t":"bus_stop"}},{"type":"Feature","geometry":{"type":"Point","coordinates":[-100.31534,25.69909]},"properties":{"n":"Terminal","s":"places","t":"bus_stop"}},{"type":"Feature","geometry":{"type":"Point","coordinates":[-100.300273,25.745346]},"properties":{"n":"San Nicolás de los Garza Bus Station","s":"places","t":"bus_stop"}},{"type":"Feature","geometry":{"type":"Point","coordinates":[-100.09474,25.7483]},"properties":{"n":"PES-0076 Av. Lucca PTE - OTE","s":"places","t":"bus_stop"}},{"type":"Feature","geometry":{"type":"Point","coordinates":[-100.08362,25.66926]},"properties":{"n":"JRZ-0346 Av. Madrid NTE-SUR","s":"places","t":"bus_stop"}},{"type":"Feature","geometry":{"type":"Point","coordinates":[-100.40671,25.84047]},"properties":{"n":"ESC-0530 Av. Constitución OTE-PTE","s":"places","t":"bus_stop"}},{"type":"Feature","geometry":{"type":"Point","coordinates":[-100.08785,25.67504]},"properties":{"n":"JRZ-0344 Av. Madrid NTE-SUR","s":"places","t":"bus_stop"}},{"type":"Feature","geometry":{"type":"Point","coordinates":[-100.16359,25.60862]},"properties":{"n":"JRZ-0540 Av. Valle Av. Real PTE - OTE","s":"places","t":"bus_stop"}},{"type":"Feature","geometry":{"type":"Point","coordinates":[-100.29207,25.66691]},"properties":{"n":"MTY-0509 Av. Chapultepec PTE - OTE","s":"places","t":"bus_stop"}},{"type":"Feature","geometry":{"type":"Point","coordinates":[-100.24472,25.82979]},"properties":{"n":"APO - 0582 Av. Andrómeda SUR - NTE","s":"places","t":"bus_stop"}},{"type":"Feature","geometry":{"type":"Point","coordinates":[-100.29354,25.70032]},"properties":{"n":"Terminal","s":"places","t":"bus_stop"}},{"type":"Feature","geometry":{"type":"Point","coordinates":[-100.32165,25.68783]},"properties":{"n":"18776","s":"places","t":"bus_stop"}},{"type":"Feature","geometry":{"type":"Point","coordinates":[-100.1345,25.61957]},"properties":{"n":"Terminal","s":"places","t":"bus_stop"}},{"type":"Feature","geometry":{"type":"Point","coordinates":[-100.10886,25.75556]},"properties":{"n":"PES-0316 Av. Roma SUR - NTE","s":"places","t":"bus_stop"}},{"type":"Feature","geometry":{"type":"Point","coordinates":[-100.10838,25.81692]},"properties":{"n":"PES-0054 Av. Central SUR - NTE","s":"places","t":"bus_stop"}},{"type":"Feature","geometry":{"type":"Point","coordinates":[-100.31544,25.66864]},"properties":{"n":"Estacion Padre Mier","s":"places","t":"transit_station"}},{"type":"Feature","geometry":{"type":"Point","coordinates":[-100.17971,25.66072]},"properties":{"n":"Terminal","s":"places","t":"bus_stop"}},{"type":"Feature","geometry":{"type":"Point","coordinates":[-100.36336,25.63578]},"properties":{"n":"SNP-0166 Av. Manuel Gómez Morín NTE - SUR","s":"places","t":"bus_stop"}},{"type":"Feature","geometry":{"type":"Point","coordinates":[-100.14198,25.74332]},"properties":{"n":"APO - 0388 Av. Misión Av. San Pablo NTE - SUR","s":"places","t":"bus_stop"}},{"type":"Feature","geometry":{"type":"Point","coordinates":[-100.21178,25.80902]},"properties":{"n":"99761","s":"places","t":"bus_stop"}},{"type":"Feature","geometry":{"type":"Point","coordinates":[-100.25275,25.58988]},"properties":{"n":"Terminal","s":"places","t":"bus_stop"}},{"type":"Feature","geometry":{"type":"Point","coordinates":[-100.42479,25.77503]},"properties":{"n":"GAR-0649 Av. Villa Poniente NTE - SUR","s":"places","t":"bus_stop"}},{"type":"Feature","geometry":{"type":"Point","coordinates":[-100.07972,25.67453]},"properties":{"n":"Terminal","s":"places","t":"bus_stop"}},{"type":"Feature","geometry":{"type":"Point","coordinates":[-100.30515,25.78977]},"properties":{"n":"ESC-0040 Av. Benito Juárez NTE - SUR","s":"places","t":"bus_stop"}},{"type":"Feature","geometry":{"type":"Point","coordinates":[-100.32921,25.80024]},"properties":{"n":"ESC-0729 Av. José Silvestre Aramberri PTE-OTE","s":"places","t":"bus_stop"}},{"type":"Feature","geometry":{"type":"Point","coordinates":[-100.39029,25.74946]},"properties":{"n":"59703","s":"places","t":"bus_stop"}},{"type":"Feature","geometry":{"type":"Point","coordinates":[-100.42864,25.77415]},"properties":{"n":"52210","s":"places","t":"bus_stop"}},{"type":"Feature","geometry":{"type":"Point","coordinates":[-100.09462,25.62999]},"properties":{"n":"JRZ-0203 Av. Pablo Livas PTE - OTE","s":"places","t":"bus_stop"}},{"type":"Feature","geometry":{"type":"Point","coordinates":[-100.23405,25.81978]},"properties":{"n":"APO - 0124 Av. Real de Santa Rosa OTE - PTE","s":"places","t":"bus_stop"}},{"type":"Feature","geometry":{"type":"Point","coordinates":[-100.253755,25.780347]},"properties":{"n":"Parada de Transmetro","s":"places","t":"bus_stop"}},{"type":"Feature","geometry":{"type":"Point","coordinates":[-100.29742,25.6632]},"properties":{"n":"MTY-0714 Av. Eugenio Garza Sada NTE - SUR","s":"places","t":"bus_stop"}},{"type":"Feature","geometry":{"type":"Point","coordinates":[-100.282425,25.618869]},"properties":{"n":"A30 - Lazaro Cardenas - Montecarlo","s":"places","t":"bus_stop"}},{"type":"Feature","geometry":{"type":"Point","coordinates":[-100.19139,25.64578]},"properties":{"n":"36248","s":"places","t":"bus_stop"}},{"type":"Feature","geometry":{"type":"Point","coordinates":[-100.13672,25.66645]},"properties":{"n":"GPE-0821 Av. Mariana Garza Benavidez OTE - PTE","s":"places","t":"bus_stop"}},{"type":"Feature","geometry":{"type":"Point","coordinates":[-100.15349,25.75708]},"properties":{"n":"APO - 1352 Av. San Isidro NTE - SUR","s":"places","t":"bus_stop"}},{"type":"Feature","geometry":{"type":"Point","coordinates":[-100.16443,25.60818]},"properties":{"n":"JRZ-0589 Av. Valle Av. Real PTE - OTE","s":"places","t":"bus_stop"}},{"type":"Feature","geometry":{"type":"Point","coordinates":[-100.44214,25.68467]},"properties":{"n":"STC-0334 Av. Manuel J. Clouthier PTE - OTE","s":"places","t":"bus_stop"}},{"type":"Feature","geometry":{"type":"Point","coordinates":[-100.49379,25.78875]},"properties":{"n":"GAR-0033 Av. Abraham Lincoln PTE - OTE","s":"places","t":"bus_stop"}},{"type":"Feature","geometry":{"type":"Point","coordinates":[-100.37896,25.84137]},"properties":{"n":"Terminal","s":"places","t":"bus_stop"}},{"type":"Feature","geometry":{"type":"Point","coordinates":[-100.6035,25.8272]},"properties":{"n":"GAR-0393 Carretera Villa de García Icamole La azufrosa PTE - OTE","s":"places","t":"bus_stop"}},{"type":"Feature","geometry":{"type":"Point","coordinates":[-100.12129,25.64335]},"properties":{"n":"JRZ-0512 Av. Segunda SUR-NTE","s":"places","t":"bus_stop"}},{"type":"Feature","geometry":{"type":"Point","coordinates":[-100.44065,25.68091]},"properties":{"n":"STC-0173 Av. Cuauhtémoc NTE- SUR","s":"places","t":"bus_stop"}},{"type":"Feature","geometry":{"type":"Point","coordinates":[-100.1758,25.61536]},"properties":{"n":"JRZ-0562 Av. San Isidro NTE - SUR","s":"places","t":"bus_stop"}},{"type":"Feature","geometry":{"type":"Point","coordinates":[-100.18586,25.77799]},"properties":{"n":"106558","s":"places","t":"bus_stop"}},{"type":"Feature","geometry":{"type":"Point","coordinates":[-100.24571,25.57622]},"properties":{"n":"Esfera","s":"places","t":"bus_stop"}},{"type":"Feature","geometry":{"type":"Point","coordinates":[-100.46422,25.79553]},"properties":{"n":"GAR-0314 Av. de la Av. Hacienda SUR - NTE","s":"places","t":"bus_stop"}},{"type":"Feature","geometry":{"type":"Point","coordinates":[-100.42715,25.79994]},"properties":{"n":"53756","s":"places","t":"bus_stop"}},{"type":"Feature","geometry":{"type":"Point","coordinates":[-100.36906,25.72905]},"properties":{"n":"MTY-0222 Av. Abraham Lincoln SUR - NTE","s":"places","t":"bus_stop"}},{"type":"Feature","geometry":{"type":"Point","coordinates":[-100.17972,25.61844]},"properties":{"n":"33584","s":"places","t":"bus_stop"}},{"type":"Feature","geometry":{"type":"Point","coordinates":[-100.37584,25.71277]},"properties":{"n":"58531","s":"places","t":"bus_stop"}},{"type":"Feature","geometry":{"type":"Point","coordinates":[-100.08762,25.65468]},"properties":{"n":"Terminal","s":"places","t":"bus_stop"}},{"type":"Feature","geometry":{"type":"Point","coordinates":[-100.49292,25.67905]},"properties":{"n":"STC-0160 Av. Capitán Lucas García PTE - OTE","s":"places","t":"bus_stop"}},{"type":"Feature","geometry":{"type":"Point","coordinates":[-100.26257,25.78468]},"properties":{"n":"APO - 0307 Av. De la Concordia OTE - PTE","s":"places","t":"bus_stop"}},{"type":"Feature","geometry":{"type":"Point","coordinates":[-100.258413,25.588476]},"properties":{"n":"MTY-0759 Av. Eugenio Garza Sada SUR - NTE","s":"places","t":"bus_stop"}},{"type":"Feature","geometry":{"type":"Point","coordinates":[-100.37752,25.86384]},"properties":{"n":"Terminal","s":"places","t":"bus_stop"}},{"type":"Feature","geometry":{"type":"Point","coordinates":[-100.46161,25.67412]},"properties":{"n":"5413","s":"places","t":"bus_stop"}},{"type":"Feature","geometry":{"type":"Point","coordinates":[-100.16163,25.73589]},"properties":{"n":"APO - 1151 Av. Reforma SUR - NTE","s":"places","t":"bus_stop"}},{"type":"Feature","geometry":{"type":"Point","coordinates":[-100.58812,25.77771]},"properties":{"n":"GAR-0621 Av. Sierra Av. Real NTE - SUR","s":"places","t":"bus_stop"}},{"type":"Feature","geometry":{"type":"Point","coordinates":[-100.28613,25.70513]},"properties":{"n":"73618","s":"places","t":"bus_stop"}},{"type":"Feature","geometry":{"type":"Point","coordinates":[-100.45862,25.78137]},"properties":{"n":"GAR-0255 Av. Abraham Lincoln OTE - PTE","s":"places","t":"bus_stop"}},{"type":"Feature","geometry":{"type":"Point","coordinates":[-100.44294,25.68497]},"properties":{"n":"STC-0325 Av. Manuel J. Clouthier OTE - PTE","s":"places","t":"bus_stop"}},{"type":"Feature","geometry":{"type":"Point","coordinates":[-100.43077,25.66411]},"properties":{"n":"STC-0182 Av. Morones Prieto PTE - OTE","s":"places","t":"bus_stop"}},{"type":"Feature","geometry":{"type":"Point","coordinates":[-100.43675,25.68412]},"properties":{"n":"STC-0234 Av. Manuel J. Clouthier PTE - OTE","s":"places","t":"bus_stop"}},{"type":"Feature","geometry":{"type":"Point","coordinates":[-100.3207,25.7897]},"properties":{"n":"ESC-0926 Av. Las Torres NTE - SUR","s":"places","t":"bus_stop"}},{"type":"Feature","geometry":{"type":"Point","coordinates":[-100.58818,25.82456]},"properties":{"n":"GAR-0141 Av. Las Plazas PTE - OTE","s":"places","t":"bus_stop"}},{"type":"Feature","geometry":{"type":"Point","coordinates":[-100.12711,25.65588]},"properties":{"n":"JRZ-0305 Carretera Reynosa Villa de Av. Juárez OTE-PTE","s":"places","t":"bus_stop"}},{"type":"Feature","geometry":{"type":"Point","coordinates":[-100.41771,25.67562]},"properties":{"n":"SNP-0322 Av. Oro NTE - SUR","s":"places","t":"bus_stop"}},{"type":"Feature","geometry":{"type":"Point","coordinates":[-100.13851,25.76178]},"properties":{"n":"APO - 1296 Av. Praga PTE - OTE","s":"places","t":"bus_stop"}},{"type":"Feature","geometry":{"type":"Point","coordinates":[-100.46745,25.69819]},"properties":{"n":"STC-0258 Av. Perimetral Sur OTE - PTE","s":"places","t":"bus_stop"}},{"type":"Feature","geometry":{"type":"Point","coordinates":[-100.35254,25.65322]},"properties":{"n":"Terminal","s":"places","t":"bus_stop"}},{"type":"Feature","geometry":{"type":"Point","coordinates":[-100.25609,25.81647]},"properties":{"n":"APO - 1272 Av. Dr. Martín King SUR - NTE","s":"places","t":"bus_stop"}},{"type":"Feature","geometry":{"type":"Point","coordinates":[-100.44156,25.69086]},"properties":{"n":"STC-0065 Av. Perimetral Norte OTE - PTE","s":"places","t":"bus_stop"}},{"type":"Feature","geometry":{"type":"Point","coordinates":[-100.33417,25.65122]},"properties":{"n":"SNP-0374 Av. Diego Rivera NTE - SUR","s":"places","t":"bus_stop"}},{"type":"Feature","geometry":{"type":"Point","coordinates":[-100.58183,25.78779]},"properties":{"n":"GAR-0623 Av. Sierra Av. Real OTE - PTE","s":"places","t":"bus_stop"}},{"type":"Feature","geometry":{"type":"Point","coordinates":[-100.30871,25.86446]},"properties":{"n":"ECA-0067 Av. Arco del Triunfo SUR - NTE","s":"places","t":"bus_stop"}},{"type":"Feature","geometry":{"type":"Point","coordinates":[-100.46518,25.70065]},"properties":{"n":"STC-0509 Av. Rincón de la Fama NTE - SUR","s":"places","t":"bus_stop"}},{"type":"Feature","geometry":{"type":"Point","coordinates":[-100.10449,25.82081]},"properties":{"n":"PES-0280 Av. Monterrey OTE - PTE","s":"places","t":"bus_stop"}},{"type":"Feature","geometry":{"type":"Point","coordinates":[-100.52177,25.7255]},"properties":{"n":"STC-0409 Carretera García NTE- SUR","s":"places","t":"bus_stop"}},{"type":"Feature","geometry":{"type":"Point","coordinates":[-100.15565,25.60237]},"properties":{"n":"JRZ-0009 Antigüo Camino a Villa de Av. Juárez SUR - NTE","s":"places","t":"bus_stop"}},{"type":"Feature","geometry":{"type":"Point","coordinates":[-100.31888,25.70433]},"properties":{"n":"Bellavista","s":"places","t":"bus_stop"}},{"type":"Feature","geometry":{"type":"Point","coordinates":[-100.16408,25.70611]},"properties":{"n":"GPE-0939 Av. Valle de Av. Guadalajara SUR - NTE","s":"places","t":"bus_stop"}},{"type":"Feature","geometry":{"type":"Point","coordinates":[-100.10634,25.82018]},"properties":{"n":"PES-0056 Av. Central SUR - NTE","s":"places","t":"bus_stop"}},{"type":"Feature","geometry":{"type":"Point","coordinates":[-100.56665,25.80636]},"properties":{"n":"GAR-0555 Av. Prolongación Av. Miguel Hidalgo OTE - PTE","s":"places","t":"bus_stop"}},{"type":"Feature","geometry":{"type":"Point","coordinates":[-100.5932,25.82949]},"properties":{"n":"GAR-0477 Av. Las Brisas Oriente NTE - SUR","s":"places","t":"bus_stop"}},{"type":"Feature","geometry":{"type":"Point","coordinates":[-100.11332,25.64065]},"properties":{"n":"JRZ-0699 Av. Paseo Av. Las Lomas SUR - NTE","s":"places","t":"bus_stop"}},{"type":"Feature","geometry":{"type":"Point","coordinates":[-100.30839,25.86339]},"properties":{"n":"ECA-0074 Av. Arco del Triunfo SUR - NTE","s":"places","t":"bus_stop"}},{"type":"Feature","geometry":{"type":"Point","coordinates":[-100.09059,25.81322]},"properties":{"n":"PES-0288 Av. Paseo de las Av. Haciendas OTE - PTE","s":"places","t":"bus_stop"}},{"type":"Feature","geometry":{"type":"Point","coordinates":[-100.14534,25.67002]},"properties":{"n":"GPE-1101 Av. San Pedro Bernal PTE - OTE","s":"places","t":"bus_stop"}},{"type":"Feature","geometry":{"type":"Point","coordinates":[-100.3105,25.86609]},"properties":{"n":"ECA-0176 Av. Carrizal PTE - OTE","s":"places","t":"bus_stop"}},{"type":"Feature","geometry":{"type":"Point","coordinates":[-100.24559,25.81988]},"properties":{"n":"APO - 0577 Av. Andrómeda SUR - NTE","s":"places","t":"bus_stop"}},{"type":"Feature","geometry":{"type":"Point","coordinates":[-100.46358,25.69663]},"properties":{"n":"STC-0253 Av. Perimetral Sur OTE - PTE","s":"places","t":"bus_stop"}},{"type":"Feature","geometry":{"type":"Point","coordinates":[-100.25031,25.81177]},"properties":{"n":"APO - 1138 Av. Diego Díaz de Berlanga OTE - PTE","s":"places","t":"bus_stop"}},{"type":"Feature","geometry":{"type":"Point","coordinates":[-100.37359,25.82653]},"properties":{"n":"ESC-0639 Av. San Miguel NTE-SUR","s":"places","t":"bus_stop"}},{"type":"Feature","geometry":{"type":"Point","coordinates":[-100.2735,25.80879]},"properties":{"n":"ESC-0238 Blvd. Av. José López Portillita - SUR","s":"places","t":"bus_stop"}},{"type":"Feature","geometry":{"type":"Point","coordinates":[-100.12932,25.63391]},"properties":{"n":"Terminal","s":"places","t":"bus_stop"}},{"type":"Feature","geometry":{"type":"Point","coordinates":[-100.11885,25.74921]},"properties":{"n":"PES-0144 Av. Venecia SUR - NTE","s":"places","t":"bus_stop"}},{"type":"Feature","geometry":{"type":"Point","coordinates":[-100.45781,25.67424]},"properties":{"n":"STC-0218 Av. Manuel Ordóñez PTE - OTE","s":"places","t":"bus_stop"}},{"type":"Feature","geometry":{"type":"Point","coordinates":[-100.14957,25.61491]},"properties":{"n":"JRZ-0168 Av. Las Torres OTE - PTE","s":"places","t":"bus_stop"}},{"type":"Feature","geometry":{"type":"Point","coordinates":[-100.32199,25.68405]},"properties":{"n":"18764","s":"places","t":"bus_stop"}},{"type":"Feature","geometry":{"type":"Point","coordinates":[-100.25004,25.87029]},"properties":{"n":"APO - 1094 Carretera Salinas Victoria SUR - NTE","s":"places","t":"bus_stop"}},{"type":"Feature","geometry":{"type":"Point","coordinates":[-100.41759,25.79871]},"properties":{"n":"Terminal","s":"places","t":"bus_stop"}},{"type":"Feature","geometry":{"type":"Point","coordinates":[-100.3048,25.62996]},"properties":{"n":"Terminal","s":"places","t":"bus_stop"}},{"type":"Feature","geometry":{"type":"Point","coordinates":[-100.47548,25.78478]},"properties":{"n":"47571","s":"places","t":"bus_stop"}},{"type":"Feature","geometry":{"type":"Point","coordinates":[-100.14797,25.6102]},"properties":{"n":"JRZ-0651 Av. Monte Palatino OTE - PTE","s":"places","t":"bus_stop"}},{"type":"Feature","geometry":{"type":"Point","coordinates":[-100.37383,25.83077]},"properties":{"n":"ESC-0637 Av. San Miguel NTE-SUR","s":"places","t":"bus_stop"}},{"type":"Feature","geometry":{"type":"Point","coordinates":[-100.2018,25.69555]},"properties":{"n":"GPE-0718 Av. Circunvalación NTE - SUR","s":"places","t":"bus_stop"}},{"type":"Feature","geometry":{"type":"Point","coordinates":[-100.114752,25.776753]},"properties":{"n":"Grupo Senda","s":"places","t":"bus_stop"}},{"type":"Feature","geometry":{"type":"Point","coordinates":[-100.24382,25.66707]},"properties":{"n":"GPE-0478 Av. Pablo Livas OTE - PTE (Estadio BBVA)","s":"places","t":"bus_stop"}},{"type":"Feature","geometry":{"type":"Point","coordinates":[-100.24785,25.86414]},"properties":{"n":"APO - 1086 Carretera Salinas Victoria NTE - SUR","s":"places","t":"bus_stop"}},{"type":"Feature","geometry":{"type":"Point","coordinates":[-100.14744,25.72984]},"properties":{"n":"105458","s":"places","t":"bus_stop"}},{"type":"Feature","geometry":{"type":"Point","coordinates":[-100.25863,25.81087]},"properties":{"n":"97325","s":"places","t":"bus_stop"}},{"type":"Feature","geometry":{"type":"Point","coordinates":[-100.46362,25.66568]},"properties":{"n":"STC-0092 Av. Culebra PTE - OTE","s":"places","t":"bus_stop"}},{"type":"Feature","geometry":{"type":"Point","coordinates":[-100.41784,25.6803]},"properties":{"n":"SNP-0339 Av. Cromo SUR - NTE","s":"places","t":"bus_stop"}},{"type":"Feature","geometry":{"type":"Point","coordinates":[-100.38978,25.72566]},"properties":{"n":"59087","s":"places","t":"bus_stop"}},{"type":"Feature","geometry":{"type":"Point","coordinates":[-100.13861,25.61583]},"properties":{"n":"JRZ-0753 Av. Monte Cristal OTE - PTE","s":"places","t":"bus_stop"}},{"type":"Feature","geometry":{"type":"Point","coordinates":[-100.22692,25.82286]},"properties":{"n":"APO - 0043 Av. Faisán PTE - OTE","s":"places","t":"bus_stop"}},{"type":"Feature","geometry":{"type":"Point","coordinates":[-100.56415,25.78906]},"properties":{"n":"GAR-0423 Av. Hacienda del Sol PTE - OTE","s":"places","t":"bus_stop"}},{"type":"Feature","geometry":{"type":"Point","coordinates":[-100.4585,25.66243]},"properties":{"n":"STC-0064 Av. Miguel Alemán SUR - NTE","s":"places","t":"bus_stop"}},{"type":"Feature","geometry":{"type":"Point","coordinates":[-100.40425,25.79685]},"properties":{"n":"Terminal","s":"places","t":"bus_stop"}},{"type":"Feature","geometry":{"type":"Point","coordinates":[-100.275637,25.681579]},"properties":{"n":"Grupo Senda","s":"places","t":"bus_stop"}},{"type":"Feature","geometry":{"type":"Point","coordinates":[-100.59348,25.82926]},"properties":{"n":"GAR-0476 Av. Las Brisas Oriente NTE - SUR","s":"places","t":"bus_stop"}},{"type":"Feature","geometry":{"type":"Point","coordinates":[-100.07374,25.7445]},"properties":{"n":"PES-0167 Carretera Dulces Nombres OTE - PTE","s":"places","t":"bus_stop"}},{"type":"Feature","geometry":{"type":"Point","coordinates":[-100.46016,25.79811]},"properties":{"n":"GAR-0010 Av. Andaluz OTE - PTE","s":"places","t":"bus_stop"}},{"type":"Feature","geometry":{"type":"Point","coordinates":[-100.41703,25.68603]},"properties":{"n":"SNP-0267 Av. Cromo SUR - NTE","s":"places","t":"bus_stop"}},{"type":"Feature","geometry":{"type":"Point","coordinates":[-100.55358,25.81523]},"properties":{"n":"141297","s":"places","t":"bus_stop"}},{"type":"Feature","geometry":{"type":"Point","coordinates":[-100.24217,25.69315]},"properties":{"n":"88701","s":"places","t":"bus_stop"}},{"type":"Feature","geometry":{"type":"Point","coordinates":[-100.17433,25.76647]},"properties":{"n":"106111","s":"places","t":"bus_stop"}},{"type":"Feature","geometry":{"type":"Point","coordinates":[-100.18664,25.63966]},"properties":{"n":"GPE-0799 Av. Jardines de la Silla SUR - NTE","s":"places","t":"bus_stop"}},{"type":"Feature","geometry":{"type":"Point","coordinates":[-100.58732,25.82467]},"properties":{"n":"GAR-0135 Av. Las Plazas OTE - PTE","s":"places","t":"bus_stop"}},{"type":"Feature","geometry":{"type":"Point","coordinates":[-100.21013,25.64551]},"properties":{"n":"GPE-1021 Av. Estados Unidos OTE - PTE","s":"places","t":"bus_stop"}},{"type":"Feature","geometry":{"type":"Point","coordinates":[-100.259109,25.773088]},"properties":{"n":"Grupo Senda","s":"places","t":"bus_stop"}},{"type":"Feature","geometry":{"type":"Point","coordinates":[-100.31878,25.6723]},"properties":{"n":"Estacion Fundadores","s":"places","t":"transit_station"}},{"type":"Feature","geometry":{"type":"Point","coordinates":[-100.50225,25.69959]},"properties":{"n":"STC-0072 Av. Las Torres OTE - PTE","s":"places","t":"bus_stop"}},{"type":"Feature","geometry":{"type":"Point","coordinates":[-100.41152,25.76474]},"properties":{"n":"MTY-1282 Av. Puerta de Hierro SUR - NTE","s":"places","t":"bus_stop"}},{"type":"Feature","geometry":{"type":"Point","coordinates":[-100.2646,25.61548]},"properties":{"n":"27084","s":"places","t":"bus_stop"}},{"type":"Feature","geometry":{"type":"Point","coordinates":[-100.46479,25.80049]},"properties":{"n":"Terminal","s":"places","t":"bus_stop"}},{"type":"Feature","geometry":{"type":"Point","coordinates":[-100.32022,25.68761]},"properties":{"n":"Terminal","s":"places","t":"bus_stop"}},{"type":"Feature","geometry":{"type":"Point","coordinates":[-100.27757,25.75438]},"properties":{"n":"SNN-0763 Av. Santo Domingo PTE - OTE","s":"places","t":"bus_stop"}},{"type":"Feature","geometry":{"type":"Point","coordinates":[-100.24655,25.81226]},"properties":{"n":"APO - 1136 Av. Diego Díaz de Berlanga OTE - PTE","s":"places","t":"bus_stop"}},{"type":"Feature","geometry":{"type":"Point","coordinates":[-100.56693,25.80632]},"properties":{"n":"GAR-0556 Av. Prolongación Av. Miguel Hidalgo PTE - OTE","s":"places","t":"bus_stop"}},{"type":"Feature","geometry":{"type":"Point","coordinates":[-100.09883,25.82119]},"properties":{"n":"PES-0194 Av. Circuito Escorpión SUR - NTE","s":"places","t":"bus_stop"}},{"type":"Feature","geometry":{"type":"Point","coordinates":[-100.29288,25.72567]},"properties":{"n":"SNN-0538 Av. San Nicolás NTE - SUR","s":"places","t":"bus_stop"}},{"type":"Feature","geometry":{"type":"Point","coordinates":[-100.36685,25.85703]},"properties":{"n":"ECA-0087 Av. Buena Vista SUR - NTE","s":"places","t":"bus_stop"}},{"type":"Feature","geometry":{"type":"Point","coordinates":[-100.44647,25.69746]},"properties":{"n":"STC-0369 Av. Mitras OTE - PTE","s":"places","t":"bus_stop"}},{"type":"Feature","geometry":{"type":"Point","coordinates":[-100.32312,25.79906]},"properties":{"n":"ESC-0695 Av. Circuito De La Paz OTE-PTE","s":"places","t":"bus_stop"}},{"type":"Feature","geometry":{"type":"Point","coordinates":[-100.62278,25.81092]},"properties":{"n":"GAR-0464 Av. Juárez PTE - OTE","s":"places","t":"bus_stop"}},{"type":"Feature","geometry":{"type":"Point","coordinates":[-100.38146,25.79009]},"properties":{"n":"Terminal","s":"places","t":"bus_stop"}},{"type":"Feature","geometry":{"type":"Point","coordinates":[-100.22701,25.82297]},"properties":{"n":"APO - 0042 Av. Faisán OTE - PTE","s":"places","t":"bus_stop"}},{"type":"Feature","geometry":{"type":"Point","coordinates":[-100.33689,25.79934]},"properties":{"n":"ESC-0931 Av. Isla del Sur NTE - SUR","s":"places","t":"bus_stop"}},{"type":"Feature","geometry":{"type":"Point","coordinates":[-100.27129,25.61189]},"properties":{"n":"MTY-0731 Av. Eugenio Garza Sada NTE - SUR","s":"places","t":"bus_stop"}},{"type":"Feature","geometry":{"type":"Point","coordinates":[-100.158373,25.704504]},"properties":{"n":"Ecovia Estacion Valle Soleado","s":"places","t":"bus_stop"}},{"type":"Feature","geometry":{"type":"Point","coordinates":[-100.24011,25.69912]},"properties":{"n":"GPE-0160 Av. Bonifacio Salinas NTE - SUR","s":"places","t":"bus_stop"}},{"type":"Feature","geometry":{"type":"Point","coordinates":[-100.63352,25.81434]},"properties":{"n":"42108","s":"places","t":"bus_stop"}},{"type":"Feature","geometry":{"type":"Point","coordinates":[-100.23883,25.81791]},"properties":{"n":"APO - 0050 Av. Gasoducto PTE - OTE","s":"places","t":"bus_stop"}},{"type":"Feature","geometry":{"type":"Point","coordinates":[-100.10213,25.61512]},"properties":{"n":"JRZ-0131 Av. Eloy Cavazos PTE - OTE","s":"places","t":"bus_stop"}},{"type":"Feature","geometry":{"type":"Point","coordinates":[-100.21724,25.71919]},"properties":{"n":"SNN-0594 Carretera Miguel Alemán NTE - SUR","s":"places","t":"bus_stop"}},{"type":"Feature","geometry":{"type":"Point","coordinates":[-100.32126,25.78058]},"properties":{"n":"ESC-0091 Av. José María Morelos y Pavón SUR - NTE","s":"places","t":"bus_stop"}},{"type":"Feature","geometry":{"type":"Point","coordinates":[-100.15378,25.85993]},"properties":{"n":"ZUA-0136 Av. Granada SUR-NTE","s":"places","t":"bus_stop"}},{"type":"Feature","geometry":{"type":"Point","coordinates":[-100.61464,25.8105]},"properties":{"n":"GAR-0456 Av. Juárez OTE - PTE","s":"places","t":"bus_stop"}},{"type":"Feature","geometry":{"type":"Point","coordinates":[-100.238874,25.702897]},"properties":{"n":"Ecovía Estación Central de Carga","s":"places","t":"bus_stop"}},{"type":"Feature","geometry":{"type":"Point","coordinates":[-100.12439,25.79535]},"properties":{"n":"133126","s":"places","t":"bus_stop"}},{"type":"Feature","geometry":{"type":"Point","coordinates":[-100.4018,25.68068]},"properties":{"n":"SNP-0277 Av. Francisco I. Madero OTE - PTE","s":"places","t":"bus_stop"}},{"type":"Feature","geometry":{"type":"Point","coordinates":[-100.13522,25.75766]},"properties":{"n":"APO - 1297 Av. Praga PTE - OTE","s":"places","t":"bus_stop"}},{"type":"Feature","geometry":{"type":"Point","coordinates":[-100.18141,25.61582]},"properties":{"n":"33562","s":"places","t":"bus_stop"}},{"type":"Feature","geometry":{"type":"Point","coordinates":[-100.36722,25.84057]},"properties":{"n":"84495","s":"places","t":"bus_stop"}},{"type":"Feature","geometry":{"type":"Point","coordinates":[-100.6031,25.82729]},"properties":{"n":"GAR-0392 Carretera Villa de García Icamole La azufrosa OTE - PTE","s":"places","t":"bus_stop"}},{"type":"Feature","geometry":{"type":"Point","coordinates":[-100.3987,25.73215]},"properties":{"n":"59014","s":"places","t":"bus_stop"}},{"type":"Feature","geometry":{"type":"Point","coordinates":[-100.21988,25.67566]},"properties":{"n":"GPE-1182 Av. Benito Juárez","s":"places","t":"bus_stop"}},{"type":"Feature","geometry":{"type":"Point","coordinates":[-100.315577,25.639996]},"properties":{"n":"A19 - Lazaro Cardenas -Walmart Valle Oriente","s":"places","t":"bus_stop"}},{"type":"Feature","geometry":{"type":"Point","coordinates":[-100.38022,25.85636]},"properties":{"n":"ECA-0182 Av. Constitución PTE - OTE","s":"places","t":"bus_stop"}},{"type":"Feature","geometry":{"type":"Point","coordinates":[-100.172,25.75803]},"properties":{"n":"APO - 1061 Carretera Apodaca NTE - SUR","s":"places","t":"bus_stop"}},{"type":"Feature","geometry":{"type":"Point","coordinates":[-100.1529,25.7088]},"properties":{"n":"104352","s":"places","t":"bus_stop"}},{"type":"Feature","geometry":{"type":"Point","coordinates":[-100.17657,25.66357]},"properties":{"n":"GPE-0313 Av. Israel Cavazos Garza NTE - SUR","s":"places","t":"bus_stop"}},{"type":"Feature","geometry":{"type":"Point","coordinates":[-100.12968,25.61889]},"properties":{"n":"JRZ-0427 Av. San Antonio OTE-PTE","s":"places","t":"bus_stop"}},{"type":"Feature","geometry":{"type":"Point","coordinates":[-100.07534,25.59866]},"properties":{"n":"CAJ-0031 Av. del Olmo OTE -PTE","s":"places","t":"bus_stop"}},{"type":"Feature","geometry":{"type":"Point","coordinates":[-100.272,25.86162]},"properties":{"n":"Terminal","s":"places","t":"bus_stop"}},{"type":"Feature","geometry":{"type":"Point","coordinates":[-100.23685,25.6787]},"properties":{"n":"GPE-0103 Av. Benito Juárez OTE - PTE","s":"places","t":"bus_stop"}},{"type":"Feature","geometry":{"type":"Point","coordinates":[-100.36129,25.71568]},"properties":{"n":"61342","s":"places","t":"bus_stop"}},{"type":"Feature","geometry":{"type":"Point","coordinates":[-100.46988,25.67481]},"properties":{"n":"4868","s":"places","t":"bus_stop"}},{"type":"Feature","geometry":{"type":"Point","coordinates":[-100.25844,25.58768]},"properties":{"n":"25884","s":"places","t":"bus_stop"}},{"type":"Feature","geometry":{"type":"Point","coordinates":[-100.28964,25.72001]},"properties":{"n":"73627","s":"places","t":"bus_stop"}},{"type":"Feature","geometry":{"type":"Point","coordinates":[-100.13489,25.61733]},"properties":{"n":"JRZ-0425 Av. San Antonio OTE-PTE","s":"places","t":"bus_stop"}},{"type":"Feature","geometry":{"type":"Point","coordinates":[-100.26805,25.62101]},"properties":{"n":"MTY-1393 Av. San Ángel NTE - SUR","s":"places","t":"bus_stop"}},{"type":"Feature","geometry":{"type":"Point","coordinates":[-100.24032,25.74128]},"properties":{"n":"SNN-0625 Av. Mineralogía NTE - SUR","s":"places","t":"bus_stop"}},{"type":"Feature","geometry":{"type":"Point","coordinates":[-100.11823,25.64575]},"properties":{"n":"JRZ-0159 Av. Las Torres NTE - SUR","s":"places","t":"bus_stop"}},{"type":"Feature","geometry":{"type":"Point","coordinates":[-100.63575,25.81078]},"properties":{"n":"GAR-0598 Av. San Juan NTE - SUR","s":"places","t":"bus_stop"}},{"type":"Feature","geometry":{"type":"Point","coordinates":[-100.14238,25.61087]},"properties":{"n":"Terminal","s":"places","t":"bus_stop"}},{"type":"Feature","geometry":{"type":"Point","coordinates":[-100.49975,25.79024]},"properties":{"n":"GAR-0257 Av. Abraham Lincoln OTE - PTE","s":"places","t":"bus_stop"}},{"type":"Feature","geometry":{"type":"Point","coordinates":[-100.08797,25.71114]},"properties":{"n":"141358","s":"places","t":"bus_stop"}},{"type":"Feature","geometry":{"type":"Point","coordinates":[-100.37038,25.85244]},"properties":{"n":"84145","s":"places","t":"bus_stop"}},{"type":"Feature","geometry":{"type":"Point","coordinates":[-100.2848,25.7521]},"properties":{"n":"SNN-0212 Av. Lic. Arturo B. De la Garza SUR - NTE","s":"places","t":"bus_stop"}},{"type":"Feature","geometry":{"type":"Point","coordinates":[-100.16766,25.78232]},"properties":{"n":"107461","s":"places","t":"bus_stop"}},{"type":"Feature","geometry":{"type":"Point","coordinates":[-100.10216,25.71114]},"properties":{"n":"132363","s":"places","t":"bus_stop"}},{"type":"Feature","geometry":{"type":"Point","coordinates":[-100.55386,25.81473]},"properties":{"n":"GAR-0678 Av. Principal","s":"places","t":"bus_stop"}},{"type":"Feature","geometry":{"type":"Point","coordinates":[-100.28768,25.64431]},"properties":{"n":"MTY-0744 Av. Eugenio Garza Sada SUR - NTE","s":"places","t":"bus_stop"}},{"type":"Feature","geometry":{"type":"Point","coordinates":[-100.41171,25.76506]},"properties":{"n":"MTY-2719 Av. Puerta de Hierro NTE - SUR","s":"places","t":"bus_stop"}},{"type":"Feature","geometry":{"type":"Point","coordinates":[-100.59216,25.83113]},"properties":{"n":"GAR-0005 Av. 43 NTE - SUR","s":"places","t":"bus_stop"}},{"type":"Feature","geometry":{"type":"Point","coordinates":[-100.14396,25.7639]},"properties":{"n":"APO - 0702 Av. Del Prado OTE - PTE","s":"places","t":"bus_stop"}},{"type":"Feature","geometry":{"type":"Point","coordinates":[-100.63508,25.81214]},"properties":{"n":"GAR-0599 Av. San Juan NTE - SUR","s":"places","t":"bus_stop"}},{"type":"Feature","geometry":{"type":"Point","coordinates":[-100.24544,25.68004]},"properties":{"n":"Estacion Expo Guadalupe/Estacion Plutarco Elias Calles","s":"places","t":"bus_stop"}},{"type":"Feature","geometry":{"type":"Point","coordinates":[-100.49675,25.69232]},"properties":{"n":"STC-0230 Av. Madrid SUR - NTE","s":"places","t":"bus_stop"}},{"type":"Feature","geometry":{"type":"Point","coordinates":[-100.48308,25.79611]},"properties":{"n":"GAR-0187 Av. Mineros OTE - PTE","s":"places","t":"bus_stop"}},{"type":"Feature","geometry":{"type":"Point","coordinates":[-100.12343,25.65863]},"properties":{"n":"Terminal","s":"places","t":"bus_stop"}},{"type":"Feature","geometry":{"type":"Point","coordinates":[-100.62447,25.81135]},"properties":{"n":"42102","s":"places","t":"bus_stop"}},{"type":"Feature","geometry":{"type":"Point","coordinates":[-100.2249,25.82256]},"properties":{"n":"APO - 1347 Av. Río Pesquería NTE - SUR","s":"places","t":"bus_stop"}},{"type":"Feature","geometry":{"type":"Point","coordinates":[-100.1218,25.61661]},"properties":{"n":"Terminal","s":"places","t":"bus_stop"}},{"type":"Feature","geometry":{"type":"Point","coordinates":[-100.41036,25.66114]},"properties":{"n":"SNP-0001 Av. 5 de Mayo PTE - OTE","s":"places","t":"bus_stop"}},{"type":"Feature","geometry":{"type":"Point","coordinates":[-100.23807,25.58238]},"properties":{"n":"26302","s":"places","t":"bus_stop"}},{"type":"Feature","geometry":{"type":"Point","coordinates":[-100.45527,25.66261]},"properties":{"n":"STC-0155 Av. Alfonso Martínez Domínguez PTE - OTE","s":"places","t":"bus_stop"}},{"type":"Feature","geometry":{"type":"Point","coordinates":[-100.26077,25.57914]},"properties":{"n":"MTY-1436 Av. Sierra Alta OTE - PTE","s":"places","t":"bus_stop"}},{"type":"Feature","geometry":{"type":"Point","coordinates":[-100.46229,25.7066]},"properties":{"n":"STC-0133 Av. Rincón de las Palmas SUR - NTE","s":"places","t":"bus_stop"}},{"type":"Feature","geometry":{"type":"Point","coordinates":[-100.24437,25.58348]},"properties":{"n":"26014","s":"places","t":"bus_stop"}},{"type":"Feature","geometry":{"type":"Point","coordinates":[-100.1529,25.81375]},"properties":{"n":"APO - 1275 Av. Morelos PTE - OTE","s":"places","t":"bus_stop"}},{"type":"Feature","geometry":{"type":"Point","coordinates":[-100.17886,25.71858]},"properties":{"n":"101554","s":"places","t":"bus_stop"}},{"type":"Feature","geometry":{"type":"Point","coordinates":[-100.23888,25.78124]},"properties":{"n":"APO - 0619 Av. Camino Real al Mezquital Santa Rosa NTE - SUR","s":"places","t":"bus_stop"}},{"type":"Feature","geometry":{"type":"Point","coordinates":[-100.62335,25.81478]},"properties":{"n":"GAR-0376 Camino al panteón SUR - NTE","s":"places","t":"bus_stop"}},{"type":"Feature","geometry":{"type":"Point","coordinates":[-100.23212,25.67262]},"properties":{"n":"Terminal","s":"places","t":"bus_stop"}},{"type":"Feature","geometry":{"type":"Point","coordinates":[-100.15636,25.78577]},"properties":{"n":"107159","s":"places","t":"bus_stop"}},{"type":"Feature","geometry":{"type":"Point","coordinates":[-100.09191,25.67828]},"properties":{"n":"JRZ-0264 Av. Barcelona NTE-SUR","s":"places","t":"bus_stop"}},{"type":"Feature","geometry":{"type":"Point","coordinates":[-100.62399,25.81235]},"properties":{"n":"GAR-0375 Camino al panteón SUR - NTE","s":"places","t":"bus_stop"}},{"type":"Feature","geometry":{"type":"Point","coordinates":[-100.26437,25.5872]},"properties":{"n":"MTY-0106 Antigüo Camino a las Minas de San Pedro y Av. San Pablo PTE -","s":"places","t":"bus_stop"}},{"type":"Feature","geometry":{"type":"Point","coordinates":[-100.20477,25.65325]},"properties":{"n":"25513","s":"places","t":"bus_stop"}},{"type":"Feature","geometry":{"type":"Point","coordinates":[-100.09709,25.74953]},"properties":{"n":"Terminal","s":"places","t":"bus_stop"}},{"type":"Feature","geometry":{"type":"Point","coordinates":[-100.27491,25.65989]},"properties":{"n":"MTY-0957 Av. José Alvarado OTE - PTE","s":"places","t":"bus_stop"}},{"type":"Feature","geometry":{"type":"Point","coordinates":[-100.38257,25.79194]},"properties":{"n":"Terminal","s":"places","t":"bus_stop"}},{"type":"Feature","geometry":{"type":"Point","coordinates":[-100.14888,25.86036]},"properties":{"n":"ZUA-0131 Av. Del Paseo OTE - PTE","s":"places","t":"bus_stop"}},{"type":"Feature","geometry":{"type":"Point","coordinates":[-100.09471,25.71114]},"properties":{"n":"132517","s":"places","t":"bus_stop"}},{"type":"Feature","geometry":{"type":"Point","coordinates":[-100.44436,25.67453]},"properties":{"n":"STC-0183 Av. Manuel Ordoñez OTE - PTE","s":"places","t":"bus_stop"}},{"type":"Feature","geometry":{"type":"Point","coordinates":[-100.26808,25.60466]},"properties":{"n":"MTY-0723 Av. Eugenio Garza Sada NTE - SUR","s":"places","t":"bus_stop"}},{"type":"Feature","geometry":{"type":"Point","coordinates":[-100.44469,25.80202]},"properties":{"n":"Terminal","s":"places","t":"bus_stop"}},{"type":"Feature","geometry":{"type":"Point","coordinates":[-100.32293,25.68416]},"properties":{"n":"Terminal","s":"places","t":"bus_stop"}},{"type":"Feature","geometry":{"type":"Point","coordinates":[-100.46842,25.67423]},"properties":{"n":"STC-0213 Av. Manuel Ordóñez PTE - OTE","s":"places","t":"bus_stop"}},{"type":"Feature","geometry":{"type":"Point","coordinates":[-100.09174,25.67918]},"properties":{"n":"JRZ-0266 Av. Barcelona SUR-NTE","s":"places","t":"bus_stop"}},{"type":"Feature","geometry":{"type":"Point","coordinates":[-100.28732,25.6437]},"properties":{"n":"MTY-0743 Av. Eugenio Garza Sada SUR - NTE","s":"places","t":"bus_stop"}},{"type":"Feature","geometry":{"type":"Point","coordinates":[-100.21622,25.68395]},"properties":{"n":"33008","s":"places","t":"bus_stop"}},{"type":"Feature","geometry":{"type":"Point","coordinates":[-100.24875,25.79707]},"properties":{"n":"97605","s":"places","t":"bus_stop"}},{"type":"Feature","geometry":{"type":"Point","coordinates":[-100.42849,25.66468]},"properties":{"n":"STC-0298 Av. Morones Prieto OTE - PTE","s":"places","t":"bus_stop"}},{"type":"Feature","geometry":{"type":"Point","coordinates":[-100.44112,25.69173]},"properties":{"n":"STC-0070 Av. Perimetral Oriente SUR - NTE","s":"places","t":"bus_stop"}},{"type":"Feature","geometry":{"type":"Point","coordinates":[-100.1812,25.60205]},"properties":{"n":"JRZ-0014 Av. Arboledas OTE-PTE","s":"places","t":"bus_stop"}},{"type":"Feature","geometry":{"type":"Point","coordinates":[-100.10659,25.61862]},"properties":{"n":"119618","s":"places","t":"bus_stop"}},{"type":"Feature","geometry":{"type":"Point","coordinates":[-100.31393,25.67989]},"properties":{"n":"E07 - Benito Juárez - Santiago Tapia","s":"places","t":"bus_stop"}},{"type":"Feature","geometry":{"type":"Point","coordinates":[-100.14495,25.86554]},"properties":{"n":"ZUA-0002 Av. Barcelona OTE - PTE","s":"places","t":"bus_stop"}},{"type":"Feature","geometry":{"type":"Point","coordinates":[-100.188779,25.777989]},"properties":{"n":"Central de autobuses de Monterrey.","s":"places","t":"bus_stop"}},{"type":"Feature","geometry":{"type":"Point","coordinates":[-100.39949,25.84471]},"properties":{"n":"ESC-0542 Av. Constitución PTE-OTE","s":"places","t":"bus_stop"}},{"type":"Feature","geometry":{"type":"Point","coordinates":[-100.52019,25.71923]},"properties":{"n":"STC-0413 Carretera García SUR - NTE","s":"places","t":"bus_stop"}},{"type":"Feature","geometry":{"type":"Point","coordinates":[-100.12467,25.81966]},"properties":{"n":"PES-0147 Av. Calvario NTE - SUR","s":"places","t":"bus_stop"}},{"type":"Feature","geometry":{"type":"Point","coordinates":[-100.48805,25.80327]},"properties":{"n":"GAR-0686 Calle Madrid","s":"places","t":"bus_stop"}},{"type":"Feature","geometry":{"type":"Point","coordinates":[-100.1452,25.78936]},"properties":{"n":"APO - 1116 Carretera Miguel Alemán OTE - PTE","s":"places","t":"bus_stop"}},{"type":"Feature","geometry":{"type":"Point","coordinates":[-100.23945,25.67896]},"properties":{"n":"GPE-0961 Av. Benito Juárez OTE - PTE","s":"places","t":"bus_stop"}},{"type":"Feature","geometry":{"type":"Point","coordinates":[-100.15999,25.61015]},"properties":{"n":"JRZ-0538 Av. Valle Av. Real PTE - OTE","s":"places","t":"bus_stop"}},{"type":"Feature","geometry":{"type":"Point","coordinates":[-100.43616,25.67511]},"properties":{"n":"STC-0174 Av. Cuauhtémoc SUR - NTE","s":"places","t":"bus_stop"}},{"type":"Feature","geometry":{"type":"Point","coordinates":[-100.43818,25.69679]},"properties":{"n":"STC-0071 Av. Perimetral Oriente SUR - NTE","s":"places","t":"bus_stop"}},{"type":"Feature","geometry":{"type":"Point","coordinates":[-100.43152,25.79841]},"properties":{"n":"GAR-0196 Av. Parajes PTE - OTE","s":"places","t":"bus_stop"}},{"type":"Feature","geometry":{"type":"Point","coordinates":[-100.25897,25.81217]},"properties":{"n":"APO - 0079 Av. Jardines de la Av. Primavera NTE - SUR","s":"places","t":"bus_stop"}},{"type":"Feature","geometry":{"type":"Point","coordinates":[-100.27494,25.61202]},"properties":{"n":"MTY-3061 Av. Paseo de la Reforma NTE - SUR","s":"places","t":"bus_stop"}},{"type":"Feature","geometry":{"type":"Point","coordinates":[-100.29675,25.68405]},"properties":{"n":"Estacion Felix U. Gomez","s":"places","t":"transit_station"}},{"type":"Feature","geometry":{"type":"Point","coordinates":[-100.29781,25.76982]},"properties":{"n":"ESC-0923 Av. Nueva Escocia SUR - NTE","s":"places","t":"bus_stop"}},{"type":"Feature","geometry":{"type":"Point","coordinates":[-100.2586,25.82965]},"properties":{"n":"108203","s":"places","t":"bus_stop"}},{"type":"Feature","geometry":{"type":"Point","coordinates":[-100.35854,25.82348]},"properties":{"n":"56792","s":"places","t":"bus_stop"}},{"type":"Feature","geometry":{"type":"Point","coordinates":[-100.14351,25.64521]},"properties":{"n":"Terminal","s":"places","t":"bus_stop"}},{"type":"Feature","geometry":{"type":"Point","coordinates":[-100.58762,25.81321]},"properties":{"n":"GAR-0444 Av. Heberto Castillo Martínez SUR - NTE","s":"places","t":"bus_stop"}},{"type":"Feature","geometry":{"type":"Point","coordinates":[-100.279423,25.68325]},"properties":{"n":"\"Y\" Griega","s":"places","t":"transit_station"}},{"type":"Feature","geometry":{"type":"Point","coordinates":[-100.54112,25.80239]},"properties":{"n":"GAR-0206 Av. Portal Lincoln PTE - OTE","s":"places","t":"bus_stop"}},{"type":"Feature","geometry":{"type":"Point","coordinates":[-100.45957,25.78102]},"properties":{"n":"GAR-0036 Av. Abraham Lincoln PTE - OTE","s":"places","t":"bus_stop"}},{"type":"Feature","geometry":{"type":"Point","coordinates":[-100.46265,25.70023]},"properties":{"n":"STC-0352 Av. Perimetral Norte PTE - OTE","s":"places","t":"bus_stop"}},{"type":"Feature","geometry":{"type":"Point","coordinates":[-100.25478,25.81116]},"properties":{"n":"APO - 1137 Av. Diego Díaz de Berlanga OTE - PTE","s":"places","t":"bus_stop"}},{"type":"Feature","geometry":{"type":"Point","coordinates":[-100.57624,25.79843]},"properties":{"n":"GAR-0301 Av. Titanio OTE - PTE","s":"places","t":"bus_stop"}},{"type":"Feature","geometry":{"type":"Point","coordinates":[-100.58207,25.78742]},"properties":{"n":"GAR-0631 Av. Sierra Av. Real SUR - NTE","s":"places","t":"bus_stop"}},{"type":"Feature","geometry":{"type":"Point","coordinates":[-100.31822,25.67659]},"properties":{"n":"Estacion Alameda","s":"places","t":"transit_station"}},{"type":"Feature","geometry":{"type":"Point","coordinates":[-100.1795,25.75315]},"properties":{"n":"APO - 1546 Av. Concordia SUR - NTE","s":"places","t":"bus_stop"}},{"type":"Feature","geometry":{"type":"Point","coordinates":[-100.48167,25.67923]},"properties":{"n":"4732","s":"places","t":"bus_stop"}},{"type":"Feature","geometry":{"type":"Point","coordinates":[-100.2643,25.82193]},"properties":{"n":"ESC-0250 Blvd. Av. José López Portillita - SUR","s":"places","t":"bus_stop"}},{"type":"Feature","geometry":{"type":"Point","coordinates":[-100.10675,25.61834]},"properties":{"n":"120146","s":"places","t":"bus_stop"}},{"type":"Feature","geometry":{"type":"Point","coordinates":[-100.15438,25.61755]},"properties":{"n":"Terminal","s":"places","t":"bus_stop"}},{"type":"Feature","geometry":{"type":"Point","coordinates":[-100.52136,25.72475]},"properties":{"n":"STC-0412 Carretera García SUR - NTE","s":"places","t":"bus_stop"}},{"type":"Feature","geometry":{"type":"Point","coordinates":[-100.16431,25.7045]},"properties":{"n":"GPE-1142 Av. Valle de Av. Guadalajara NTE - SUR","s":"places","t":"bus_stop"}},{"type":"Feature","geometry":{"type":"Point","coordinates":[-100.31732,25.64179]},"properties":{"n":"SNP-0155 Av. Lázaro Cárdenas OTE - PTE","s":"places","t":"bus_stop"}},{"type":"Feature","geometry":{"type":"Point","coordinates":[-100.53863,25.81451]},"properties":{"n":"GAR-0653 Av. Vista Bella PTE - OTE","s":"places","t":"bus_stop"}},{"type":"Feature","geometry":{"type":"Point","coordinates":[-100.2726,25.73115]},"properties":{"n":"SNN-0874 Av. Roberto Espinoza","s":"places","t":"bus_stop"}},{"type":"Feature","geometry":{"type":"Point","coordinates":[-100.43442,25.7572]},"properties":{"n":"GAR-0046 Av. Bosque de Av. Las Lomas SUR - NTE","s":"places","t":"bus_stop"}},{"type":"Feature","geometry":{"type":"Point","coordinates":[-100.15206,25.64038]},"properties":{"n":"JRZ-0295 Carretera San Roque SUR - NTE","s":"places","t":"bus_stop"}},{"type":"Feature","geometry":{"type":"Point","coordinates":[-100.17,25.75455]},"properties":{"n":"105274","s":"places","t":"bus_stop"}},{"type":"Feature","geometry":{"type":"Point","coordinates":[-100.4065,25.68225]},"properties":{"n":"SNP-0057 Av. Gral. Emiliano Zapata OTE - PTE","s":"places","t":"bus_stop"}},{"type":"Feature","geometry":{"type":"Point","coordinates":[-100.50596,25.73564]},"properties":{"n":"STC-0009 Antigüa Carretera Villa de García SUR - NTE","s":"places","t":"bus_stop"}},{"type":"Feature","geometry":{"type":"Point","coordinates":[-100.49045,25.67928]},"properties":{"n":"STC-0617 Av. Juan Rulfo","s":"places","t":"bus_stop"}},{"type":"Feature","geometry":{"type":"Point","coordinates":[-100.09649,25.6127]},"properties":{"n":"JRZ-0122 Av. Eloy Cavazos OTE - PTE","s":"places","t":"bus_stop"}},{"type":"Feature","geometry":{"type":"Point","coordinates":[-100.27543,25.57387]},"properties":{"n":"MTY-1493 Av. Valle Alto SUR - NTE","s":"places","t":"bus_stop"}},{"type":"Feature","geometry":{"type":"Point","coordinates":[-100.39616,25.84744]},"properties":{"n":"ESC-0520 Av. Constitución OTE-PTE","s":"places","t":"bus_stop"}},{"type":"Feature","geometry":{"type":"Point","coordinates":[-100.10277,25.67017]},"properties":{"n":"JRZ-0515 Av. Vista de la Primavera NTE-SUR","s":"places","t":"bus_stop"}},{"type":"Feature","geometry":{"type":"Point","coordinates":[-100.24776,25.58856]},"properties":{"n":"26133","s":"places","t":"bus_stop"}},{"type":"Feature","geometry":{"type":"Point","coordinates":[-100.18109,25.78503]},"properties":{"n":"106520","s":"places","t":"bus_stop"}},{"type":"Feature","geometry":{"type":"Point","coordinates":[-100.53884,25.81447]},"properties":{"n":"GAR-0310 Av. Vista Bella PTE - OTE","s":"places","t":"bus_stop"}},{"type":"Feature","geometry":{"type":"Point","coordinates":[-100.314749,25.671384]},"properties":{"n":"Parabús","s":"places","t":"bus_stop"}},{"type":"Feature","geometry":{"type":"Point","coordinates":[-100.49135,25.68581]},"properties":{"n":"STC-0485 Carretera Monterrey-Saltillo PTE - OTE","s":"places","t":"bus_stop"}},{"type":"Feature","geometry":{"type":"Point","coordinates":[-100.48792,25.80306]},"properties":{"n":"GAR-0687 Calle Madrid","s":"places","t":"bus_stop"}},{"type":"Feature","geometry":{"type":"Point","coordinates":[-100.356416,25.746643]},"properties":{"n":"C38 - Augusto Gomez - Luis M. Farias","s":"places","t":"bus_stop"}},{"type":"Feature","geometry":{"type":"Point","coordinates":[-100.24581,25.67983]},"properties":{"n":"Terminal","s":"places","t":"bus_stop"}},{"type":"Feature","geometry":{"type":"Point","coordinates":[-100.48633,25.79562]},"properties":{"n":"GAR-0508 Av. Mineros OTE - PTE","s":"places","t":"bus_stop"}},{"type":"Feature","geometry":{"type":"Point","coordinates":[-100.53886,25.81798]},"properties":{"n":"GAR-0311 Av. Vista Poniente SUR - NTE","s":"places","t":"bus_stop"}},{"type":"Feature","geometry":{"type":"Point","coordinates":[-100.16137,25.66419]},"properties":{"n":"GPE-1112 Av. Santa Cruz SUR - NTE","s":"places","t":"bus_stop"}},{"type":"Feature","geometry":{"type":"Point","coordinates":[-100.52751,25.74602]},"properties":{"n":"GAR-0381 Carretera García OTE - PTE","s":"places","t":"bus_stop"}},{"type":"Feature","geometry":{"type":"Point","coordinates":[-100.14995,25.85933]},"properties":{"n":"ZUA-0134 Av. Del Paseo PTE - OTE","s":"places","t":"bus_stop"}},{"type":"Feature","geometry":{"type":"Point","coordinates":[-100.48029,25.79233]},"properties":{"n":"48118","s":"places","t":"bus_stop"}},{"type":"Feature","geometry":{"type":"Point","coordinates":[-100.17476,25.6116]},"properties":{"n":"JRZ-0558 Av. Valle Av. Real PTE - OTE","s":"places","t":"bus_stop"}},{"type":"Feature","geometry":{"type":"Point","coordinates":[-100.13092,25.61795]},"properties":{"n":"JRZ-0426 Av. San Antonio OTE-PTE","s":"places","t":"bus_stop"}},{"type":"Feature","geometry":{"type":"Point","coordinates":[-100.41616,25.7555]},"properties":{"n":"MTY-1280 Av. Puerta de Hierro NTE - SUR","s":"places","t":"bus_stop"}},{"type":"Feature","geometry":{"type":"Point","coordinates":[-100.24768,25.86443]},"properties":{"n":"APO - 1090 Carretera Salinas Victoria SUR - NTE","s":"places","t":"bus_stop"}},{"type":"Feature","geometry":{"type":"Point","coordinates":[-100.61269,25.81039]},"properties":{"n":"GAR-0471 Av. Kenia Moreno SUR - NTE","s":"places","t":"bus_stop"}},{"type":"Feature","geometry":{"type":"Point","coordinates":[-100.46407,25.67391]},"properties":{"n":"STC-0316 Av. Licenciado Manuel Ordóñez OTE - PTE","s":"places","t":"bus_stop"}},{"type":"Feature","geometry":{"type":"Point","coordinates":[-100.29793,25.67707]},"properties":{"n":"MTY-2141 Av. Manuel María del Llano NTE - SUR","s":"places","t":"bus_stop"}},{"type":"Feature","geometry":{"type":"Point","coordinates":[-100.40067,25.68019]},"properties":{"n":"SNP-0279 Av. Francisco I. Madero OTE - PTE","s":"places","t":"bus_stop"}},{"type":"Feature","geometry":{"type":"Point","coordinates":[-100.08985,25.81653]},"properties":{"n":"PES-0286 Av. Paseo de las Av. Haciendas NTE - SUR","s":"places","t":"bus_stop"}},{"type":"Feature","geometry":{"type":"Point","coordinates":[-100.24591,25.81224]},"properties":{"n":"APO - 0145 Av. Diego Díaz de Berlanga OTE - PTE","s":"places","t":"bus_stop"}},{"type":"Feature","geometry":{"type":"Point","coordinates":[-100.28786,25.75914]},"properties":{"n":"SNN-0158 Calle Cuauhtémoc OTE - PTE","s":"places","t":"bus_stop"}},{"type":"Feature","geometry":{"type":"Point","coordinates":[-100.18168,25.61576]},"properties":{"n":"33698","s":"places","t":"bus_stop"}},{"type":"Feature","geometry":{"type":"Point","coordinates":[-100.25251,25.68099]},"properties":{"n":"GPE-0769 Av. Gral. Nicolás Bravo OTE - PTE","s":"places","t":"bus_stop"}},{"type":"Feature","geometry":{"type":"Point","coordinates":[-100.26736,25.81758]},"properties":{"n":"ESC-0249 Blvd. Av. José López Portillita - SUR","s":"places","t":"bus_stop"}},{"type":"Feature","geometry":{"type":"Point","coordinates":[-100.10364,25.71125]},"properties":{"n":"PES-0128 Av. San Francisco OTE - PTE","s":"places","t":"bus_stop"}},{"type":"Feature","geometry":{"type":"Point","coordinates":[-100.17446,25.61996]},"properties":{"n":"JRZ-0386 Av. San Isidro SUR-NTE","s":"places","t":"bus_stop"}},{"type":"Feature","geometry":{"type":"Point","coordinates":[-100.12748,25.65562]},"properties":{"n":"JRZ-0311 Carretera Reynosa Villa de Av. Juárez PTE-OTE","s":"places","t":"bus_stop"}},{"type":"Feature","geometry":{"type":"Point","coordinates":[-100.46586,25.67898]},"properties":{"n":"STC-0308 Av. Morelos SUR - NTE","s":"places","t":"bus_stop"}},{"type":"Feature","geometry":{"type":"Point","coordinates":[-100.58909,25.78153]},"properties":{"n":"GAR-0147 Av. Las Torres PTE - OTE","s":"places","t":"bus_stop"}},{"type":"Feature","geometry":{"type":"Point","coordinates":[-100.21263,25.6951]},"properties":{"n":"GPE-1163 Av. Adolfo López Mateos","s":"places","t":"bus_stop"}},{"type":"Feature","geometry":{"type":"Point","coordinates":[-100.46123,25.6743]},"properties":{"n":"STC-0311 Av. Licenciado Manuel Ordóñez OTE - PTE","s":"places","t":"bus_stop"}},{"type":"Feature","geometry":{"type":"Point","coordinates":[-100.31495,25.6991]},"properties":{"n":"Terminal","s":"places","t":"bus_stop"}},{"type":"Feature","geometry":{"type":"Point","coordinates":[-100.08799,25.70809]},"properties":{"n":"Terminal","s":"places","t":"bus_stop"}},{"type":"Feature","geometry":{"type":"Point","coordinates":[-100.58737,25.78082]},"properties":{"n":"GAR-0630 Av. Sierra Av. Real SUR - NTE","s":"places","t":"bus_stop"}},{"type":"Feature","geometry":{"type":"Point","coordinates":[-100.13554,25.61827]},"properties":{"n":"JRZ-0441 Av. San Francisco SUR-NTE","s":"places","t":"bus_stop"}},{"type":"Feature","geometry":{"type":"Point","coordinates":[-100.11861,25.66439]},"properties":{"n":"Terminal","s":"places","t":"bus_stop"}},{"type":"Feature","geometry":{"type":"Point","coordinates":[-100.18627,25.73211]},"properties":{"n":"102830","s":"places","t":"bus_stop"}},{"type":"Feature","geometry":{"type":"Point","coordinates":[-100.47764,25.67752]},"properties":{"n":"STC-0205 Av. Manuel Ordóñez OTE - PTE","s":"places","t":"bus_stop"}},{"type":"Feature","geometry":{"type":"Point","coordinates":[-100.30929,25.86635]},"properties":{"n":"ECA-0068 Av. Arco del Triunfo SUR - NTE","s":"places","t":"bus_stop"}},{"type":"Feature","geometry":{"type":"Point","coordinates":[-100.48488,25.78683]},"properties":{"n":"GAR-0040 Av. Abraham Lincoln PTE - OTE","s":"places","t":"bus_stop"}},{"type":"Feature","geometry":{"type":"Point","coordinates":[-100.47118,25.66986]},"properties":{"n":"Terminal","s":"places","t":"bus_stop"}},{"type":"Feature","geometry":{"type":"Point","coordinates":[-100.18469,25.66716]},"properties":{"n":"GPE-0274 Av. Emiliano Zapata PTE - OTE","s":"places","t":"bus_stop"}},{"type":"Feature","geometry":{"type":"Point","coordinates":[-100.42135,25.77075]},"properties":{"n":"MTY-0192 Av. Abraham Lincoln PTE - OTE","s":"places","t":"bus_stop"}},{"type":"Feature","geometry":{"type":"Point","coordinates":[-100.27225,25.63407]},"properties":{"n":"MTY-1343 Av. Revolución SUR - NTE","s":"places","t":"bus_stop"}},{"type":"Feature","geometry":{"type":"Point","coordinates":[-100.61864,25.82109]},"properties":{"n":"GAR-0689 Av. Villa Nova","s":"places","t":"bus_stop"}},{"type":"Feature","geometry":{"type":"Point","coordinates":[-100.56136,25.79082]},"properties":{"n":"GAR-0076 Av. Hacienda del Sol PTE - OTE","s":"places","t":"bus_stop"}},{"type":"Feature","geometry":{"type":"Point","coordinates":[-100.53733,25.82424]},"properties":{"n":"GAR-0410 Av. Gabriel García Márquez OTE - PTE","s":"places","t":"bus_stop"}},{"type":"Feature","geometry":{"type":"Point","coordinates":[-100.21505,25.72236]},"properties":{"n":"92534","s":"places","t":"bus_stop"}},{"type":"Feature","geometry":{"type":"Point","coordinates":[-100.06324,25.61056]},"properties":{"n":"CAJ-0010 Av. Anacahuita PTE - OTE","s":"places","t":"bus_stop"}},{"type":"Feature","geometry":{"type":"Point","coordinates":[-100.12406,25.79528]},"properties":{"n":"137455","s":"places","t":"bus_stop"}},{"type":"Feature","geometry":{"type":"Point","coordinates":[-100.26242,25.8156]},"properties":{"n":"APO - 1212 Av. Jardines de la Av. Primavera SUR - NTE","s":"places","t":"bus_stop"}},{"type":"Feature","geometry":{"type":"Point","coordinates":[-100.152869,25.661739]},"properties":{"n":"Grupo Senda","s":"places","t":"bus_stop"}},{"type":"Feature","geometry":{"type":"Point","coordinates":[-100.43948,25.80286]},"properties":{"n":"51524","s":"places","t":"bus_stop"}},{"type":"Feature","geometry":{"type":"Point","coordinates":[-100.48411,25.78694]},"properties":{"n":"GAR-0259 Av. Abraham Lincoln OTE - PTE","s":"places","t":"bus_stop"}},{"type":"Feature","geometry":{"type":"Point","coordinates":[-100.46222,25.70699]},"properties":{"n":"STC-0129 Av. Rincón de las Palmas NTE - SUR","s":"places","t":"bus_stop"}},{"type":"Feature","geometry":{"type":"Point","coordinates":[-100.46229,25.70525]},"properties":{"n":"STC-0132 Av. Rincón de las Palmas SUR - NTE","s":"places","t":"bus_stop"}},{"type":"Feature","geometry":{"type":"Point","coordinates":[-100.30731,25.85951]},"properties":{"n":"ECA-0050 Av. Arco del Triunfo NTE - SUR","s":"places","t":"bus_stop"}},{"type":"Feature","geometry":{"type":"Point","coordinates":[-100.27705,25.56986]},"properties":{"n":"MTY-1423 Av. Sierra Alta NTE - SUR","s":"places","t":"bus_stop"}},{"type":"Feature","geometry":{"type":"Point","coordinates":[-100.36084,25.64326]},"properties":{"n":"SNP-0174 Av. Manuel Gómez Morín SUR - NTE","s":"places","t":"bus_stop"}},{"type":"Feature","geometry":{"type":"Point","coordinates":[-100.44691,25.68911]},"properties":{"n":"STC-0263 Av. Perimetral Sur PTE - OTE","s":"places","t":"bus_stop"}},{"type":"Feature","geometry":{"type":"Point","coordinates":[-100.47096,25.67141]},"properties":{"n":"STC-0077 Av. Benito Juárez SUR - NTE","s":"places","t":"bus_stop"}},{"type":"Feature","geometry":{"type":"Point","coordinates":[-100.411032,25.786559]},"properties":{"n":"B08 - San Bernabe - Abogados","s":"places","t":"bus_stop"}},{"type":"Feature","geometry":{"type":"Point","coordinates":[-100.38635,25.77789]},"properties":{"n":"66581","s":"places","t":"bus_stop"}},{"type":"Feature","geometry":{"type":"Point","coordinates":[-100.18792,25.71453]},"properties":{"n":"GPE-0084 Av. Balcones de San Miguel SUR - NTE","s":"places","t":"bus_stop"}},{"type":"Feature","geometry":{"type":"Point","coordinates":[-100.11662,25.82928]},"properties":{"n":"PES-0255 Av. Las Flores PTE - OTE","s":"places","t":"bus_stop"}},{"type":"Feature","geometry":{"type":"Point","coordinates":[-100.18621,25.65216]},"properties":{"n":"GPE-0312 Av. Israel Cavazos Garza NTE - SUR","s":"places","t":"bus_stop"}},{"type":"Feature","geometry":{"type":"Point","coordinates":[-100.13863,25.76209]},"properties":{"n":"2868","s":"places","t":"bus_stop"}},{"type":"Feature","geometry":{"type":"Point","coordinates":[-100.59631,25.82425]},"properties":{"n":"GAR-0139 Av. Las Plazas PTE - OTE","s":"places","t":"bus_stop"}},{"type":"Feature","geometry":{"type":"Point","coordinates":[-100.60007,25.77122]},"properties":{"n":"GAR-0478 Av. Las Cumbres NTE - SUR","s":"places","t":"bus_stop"}},{"type":"Feature","geometry":{"type":"Point","coordinates":[-100.35462,25.74154]},"properties":{"n":"Estacion Unidad Modelo","s":"places","t":"transit_station"}},{"type":"Feature","geometry":{"type":"Point","coordinates":[-100.21044,25.73367]},"properties":{"n":"Terminal","s":"places","t":"bus_stop"}},{"type":"Feature","geometry":{"type":"Point","coordinates":[-100.50136,25.68217]},"properties":{"n":"STC-0162 Av. Capitán Lucas García PTE - OTE","s":"places","t":"bus_stop"}},{"type":"Feature","geometry":{"type":"Point","coordinates":[-100.62914,25.81264]},"properties":{"n":"GAR-0453 Av. Juárez OTE - PTE","s":"places","t":"bus_stop"}},{"type":"Feature","geometry":{"type":"Point","coordinates":[-100.2718,25.81078]},"properties":{"n":"56569","s":"places","t":"bus_stop"}},{"type":"Feature","geometry":{"type":"Point","coordinates":[-100.56648,25.78787]},"properties":{"n":"43538","s":"places","t":"bus_stop"}},{"type":"Feature","geometry":{"type":"Point","coordinates":[-100.37117,25.70658]},"properties":{"n":"MTY-2101 Lateral Av. Paseo de los Leones SUR - NTE","s":"places","t":"bus_stop"}},{"type":"Feature","geometry":{"type":"Point","coordinates":[-100.10302,25.82187]},"properties":{"n":"PES-0281 Av. Monterrey OTE - PTE","s":"places","t":"bus_stop"}},{"type":"Feature","geometry":{"type":"Point","coordinates":[-100.4655,25.67659]},"properties":{"n":"STC-0306 Av. Morelos SUR - NTE","s":"places","t":"bus_stop"}},{"type":"Feature","geometry":{"type":"Point","coordinates":[-100.60249,25.76996]},"properties":{"n":"GAR-0480 Av. Las Cumbres PTE - OTE","s":"places","t":"bus_stop"}},{"type":"Feature","geometry":{"type":"Point","coordinates":[-100.46197,25.70348]},"properties":{"n":"STC-0406 Av. Cañón Santa Cruz PTE - OTE","s":"places","t":"bus_stop"}},{"type":"Feature","geometry":{"type":"Point","coordinates":[-100.27671,25.56346]},"properties":{"n":"141180","s":"places","t":"bus_stop"}},{"type":"Feature","geometry":{"type":"Point","coordinates":[-100.20085,25.65216]},"properties":{"n":"GPE-1226 Av. Eloy Cavazos","s":"places","t":"bus_stop"}},{"type":"Feature","geometry":{"type":"Point","coordinates":[-100.16636,25.72372]},"properties":{"n":"99990","s":"places","t":"bus_stop"}},{"type":"Feature","geometry":{"type":"Point","coordinates":[-100.22707,25.82174]},"properties":{"n":"APO - 1013 Av. Azulejo NTE - SUR","s":"places","t":"bus_stop"}},{"type":"Feature","geometry":{"type":"Point","coordinates":[-100.11461,25.82902]},"properties":{"n":"PES-0254 Av. Las Flores PTE - OTE","s":"places","t":"bus_stop"}},{"type":"Feature","geometry":{"type":"Point","coordinates":[-100.24729,25.58979]},"properties":{"n":"MTY-2812 Av. Paseo de la Av. Hacienda SUR - NTE","s":"places","t":"bus_stop"}},{"type":"Feature","geometry":{"type":"Point","coordinates":[-100.33032,25.82021]},"properties":{"n":"ESC-0691 Carretera Saltillo-Laredo PTE-OTE","s":"places","t":"bus_stop"}},{"type":"Feature","geometry":{"type":"Point","coordinates":[-100.36221,25.71216]},"properties":{"n":"61538","s":"places","t":"bus_stop"}},{"type":"Feature","geometry":{"type":"Point","coordinates":[-100.11113,25.72221]},"properties":{"n":"131720","s":"places","t":"bus_stop"}},{"type":"Feature","geometry":{"type":"Point","coordinates":[-100.45946,25.79821]},"properties":{"n":"51080","s":"places","t":"bus_stop"}},{"type":"Feature","geometry":{"type":"Point","coordinates":[-100.55731,25.81002]},"properties":{"n":"141298","s":"places","t":"bus_stop"}},{"type":"Feature","geometry":{"type":"Point","coordinates":[-100.13401,25.70609]},"properties":{"n":"131112","s":"places","t":"bus_stop"}},{"type":"Feature","geometry":{"type":"Point","coordinates":[-100.27132,25.6161]},"properties":{"n":"MTY-0713 Av. Eugenio Garza Sada NTE - SUR","s":"places","t":"bus_stop"}},{"type":"Feature","geometry":{"type":"Point","coordinates":[-100.61221,25.80512]},"properties":{"n":"GAR-0294 Av. Maravilla NTE - SUR","s":"places","t":"bus_stop"}},{"type":"Feature","geometry":{"type":"Point","coordinates":[-100.26399,25.75972]},"properties":{"n":"SNN-0292 Av. Montes Berneses SUR - NTE","s":"places","t":"bus_stop"}},{"type":"Feature","geometry":{"type":"Point","coordinates":[-100.1493,25.61478]},"properties":{"n":"JRZ-0175 Av. Las Torres PTE - OTE","s":"places","t":"bus_stop"}},{"type":"Feature","geometry":{"type":"Point","coordinates":[-100.48357,25.68091]},"properties":{"n":"3908","s":"places","t":"bus_stop"}},{"type":"Feature","geometry":{"type":"Point","coordinates":[-100.31079,25.87128]},"properties":{"n":"ECA-0076 Av. Arco del Triunfo SUR - NTE","s":"places","t":"bus_stop"}},{"type":"Feature","geometry":{"type":"Point","coordinates":[-100.15796,25.75388]},"properties":{"n":"APO - 1288 Av. Portal de Segovia NTE - SUR","s":"places","t":"bus_stop"}},{"type":"Feature","geometry":{"type":"Point","coordinates":[-100.29228,25.70075]},"properties":{"n":"Estacion Moderna","s":"places","t":"transit_station"}},{"type":"Feature","geometry":{"type":"Point","coordinates":[-100.26604,25.61687]},"properties":{"n":"27132","s":"places","t":"bus_stop"}},{"type":"Feature","geometry":{"type":"Point","coordinates":[-100.24616,25.69851]},"properties":{"n":"GPE-0347 Av. Las Américas SUR - NTE","s":"places","t":"bus_stop"}},{"type":"Feature","geometry":{"type":"Point","coordinates":[-100.43989,25.66766]},"properties":{"n":"STC-0086 Av. Constitución PTE - OTE","s":"places","t":"bus_stop"}},{"type":"Feature","geometry":{"type":"Point","coordinates":[-100.51511,25.69462]},"properties":{"n":"STC-0408 Carretera García NTE- SUR","s":"places","t":"bus_stop"}},{"type":"Feature","geometry":{"type":"Point","coordinates":[-100.28999,25.78615]},"properties":{"n":"ESC-0518 Av. Concordia PTE-OTE","s":"places","t":"bus_stop"}},{"type":"Feature","geometry":{"type":"Point","coordinates":[-100.3718,25.70656]},"properties":{"n":"MTY-1210 Av. Paseo de los Leones NTE - SUR","s":"places","t":"bus_stop"}},{"type":"Feature","geometry":{"type":"Point","coordinates":[-100.296107,25.689996]},"properties":{"n":"Metalúrgicos","s":"places","t":"transit_station"}},{"type":"Feature","geometry":{"type":"Point","coordinates":[-100.44418,25.6861]},"properties":{"n":"STC-0636 Av. Cuauhtémoc","s":"places","t":"bus_stop"}},{"type":"Feature","geometry":{"type":"Point","coordinates":[-100.4142,25.77106]},"properties":{"n":"Terminal","s":"places","t":"bus_stop"}},{"type":"Feature","geometry":{"type":"Point","coordinates":[-100.32047,25.66695]},"properties":{"n":"18423","s":"places","t":"bus_stop"}},{"type":"Feature","geometry":{"type":"Point","coordinates":[-100.42881,25.68544]},"properties":{"n":"STC-0536 Av. Tenochtitlan NTE- SUR","s":"places","t":"bus_stop"}},{"type":"Feature","geometry":{"type":"Point","coordinates":[-100.29794,25.68316]},"properties":{"n":"Terminal","s":"places","t":"bus_stop"}},{"type":"Feature","geometry":{"type":"Point","coordinates":[-100.50326,25.68719]},"properties":{"n":"STC-0080 Av. Bosque de Santa Catarina SUR - NTE","s":"places","t":"bus_stop"}},{"type":"Feature","geometry":{"type":"Point","coordinates":[-100.20956,25.66514]},"properties":{"n":"Arturo B. de la Garza","s":"places","t":"bus_stop"}},{"type":"Feature","geometry":{"type":"Point","coordinates":[-100.14551,25.61874]},"properties":{"n":"JRZ-0652 Av. San Francisco Solano SUR - NTE","s":"places","t":"bus_stop"}},{"type":"Feature","geometry":{"type":"Point","coordinates":[-100.15146,25.71404]},"properties":{"n":"104355","s":"places","t":"bus_stop"}},{"type":"Feature","geometry":{"type":"Point","coordinates":[-100.11823,25.62444]},"properties":{"n":"JRZ-0139 Av. Eloy Cavazos PTE - OTE","s":"places","t":"bus_stop"}},{"type":"Feature","geometry":{"type":"Point","coordinates":[-100.16351,25.7121]},"properties":{"n":"136795","s":"places","t":"bus_stop"}},{"type":"Feature","geometry":{"type":"Point","coordinates":[-100.24319,25.85271]},"properties":{"n":"APO - 1084 Carretera Salinas Victoria NTE - SUR","s":"places","t":"bus_stop"}},{"type":"Feature","geometry":{"type":"Point","coordinates":[-100.15266,25.74345]},"properties":{"n":"Terminal","s":"places","t":"bus_stop"}},{"type":"Feature","geometry":{"type":"Point","coordinates":[-100.16189,25.60992]},"properties":{"n":"34658","s":"places","t":"bus_stop"}},{"type":"Feature","geometry":{"type":"Point","coordinates":[-100.15308,25.60174]},"properties":{"n":"JRZ-0012 Av. Arboledas NTE - SUR","s":"places","t":"bus_stop"}},{"type":"Feature","geometry":{"type":"Point","coordinates":[-100.23531,25.69539]},"properties":{"n":"GPE-0424 Av. Miguel Alemán OTE - PTE","s":"places","t":"bus_stop"}},{"type":"Feature","geometry":{"type":"Point","coordinates":[-100.30527,25.85272]},"properties":{"n":"ECA-0013 Av. Arco del Triunfo NTE - SUR","s":"places","t":"bus_stop"}},{"type":"Feature","geometry":{"type":"Point","coordinates":[-100.23664,25.57983]},"properties":{"n":"27813","s":"places","t":"bus_stop"}},{"type":"Feature","geometry":{"type":"Point","coordinates":[-100.25012,25.81086]},"properties":{"n":"APO - 0158 Av. Metroplex SUR - NTE","s":"places","t":"bus_stop"}},{"type":"Feature","geometry":{"type":"Point","coordinates":[-100.63519,25.81179]},"properties":{"n":"42294","s":"places","t":"bus_stop"}},{"type":"Feature","geometry":{"type":"Point","coordinates":[-100.37797,25.7466]},"properties":{"n":"Terminal","s":"places","t":"bus_stop"}},{"type":"Feature","geometry":{"type":"Point","coordinates":[-100.31321,25.6845]},"properties":{"n":"E51 - Benito Juarez -Francisco I. Madero","s":"places","t":"bus_stop"}},{"type":"Feature","geometry":{"type":"Point","coordinates":[-100.35327,25.80725]},"properties":{"n":"ESC-0120 Av. Las Torres PTE - OTE","s":"places","t":"bus_stop"}},{"type":"Feature","geometry":{"type":"Point","coordinates":[-100.07699,25.67063]},"properties":{"n":"Terminal","s":"places","t":"bus_stop"}},{"type":"Feature","geometry":{"type":"Point","coordinates":[-100.10287,25.82181]},"properties":{"n":"PES-0283 Av. Monterrey PTE - OTE","s":"places","t":"bus_stop"}},{"type":"Feature","geometry":{"type":"Point","coordinates":[-100.49128,25.693]},"properties":{"n":"STC-0645 Av. Cerro de la Silla OTE-PTE","s":"places","t":"bus_stop"}},{"type":"Feature","geometry":{"type":"Point","coordinates":[-100.16616,25.7562]},"properties":{"n":"Terminal","s":"places","t":"bus_stop"}},{"type":"Feature","geometry":{"type":"Point","coordinates":[-100.1494,25.61504]},"properties":{"n":"Terminal","s":"places","t":"bus_stop"}},{"type":"Feature","geometry":{"type":"Point","coordinates":[-100.06368,25.62231]},"properties":{"n":"JRZ-0297 Carretera Juárez-Cadereyta PTE - OTE","s":"places","t":"bus_stop"}},{"type":"Feature","geometry":{"type":"Point","coordinates":[-100.14433,25.86503]},"properties":{"n":"ZUA-0001 Av. Barcelona OTE - PTE","s":"places","t":"bus_stop"}},{"type":"Feature","geometry":{"type":"Point","coordinates":[-100.2273,25.67236]},"properties":{"n":"GPE-0955 Av. 20 De Noviembre NTE - SUR","s":"places","t":"bus_stop"}},{"type":"Feature","geometry":{"type":"Point","coordinates":[-100.10638,25.61834]},"properties":{"n":"JRZ-0658 Av. Eloy Cavazos OTE - PTE","s":"places","t":"bus_stop"}},{"type":"Feature","geometry":{"type":"Point","coordinates":[-100.24459,25.82258]},"properties":{"n":"APO - 0560 Av. Andrómeda NTE - SUR","s":"places","t":"bus_stop"}},{"type":"Feature","geometry":{"type":"Point","coordinates":[-100.30079,25.74466]},"properties":{"n":"Terminal","s":"places","t":"bus_stop"}},{"type":"Feature","geometry":{"type":"Point","coordinates":[-100.62119,25.81462]},"properties":{"n":"GAR-0520 Av. Morelos PTE - OTE","s":"places","t":"bus_stop"}},{"type":"Feature","geometry":{"type":"Point","coordinates":[-100.18997,25.69855]},"properties":{"n":"GPE-0818 Av. Marcelino Juárez NTE - SUR","s":"places","t":"bus_stop"}},{"type":"Feature","geometry":{"type":"Point","coordinates":[-100.41335,25.80186]},"properties":{"n":"54158","s":"places","t":"bus_stop"}},{"type":"Feature","geometry":{"type":"Point","coordinates":[-100.17593,25.61386]},"properties":{"n":"JRZ-0561 Av. San Diego NTE - SUR","s":"places","t":"bus_stop"}},{"type":"Feature","geometry":{"type":"Point","coordinates":[-100.5769,25.78833]},"properties":{"n":"GAR-0154 Av. Las Villa s PTE - OTE","s":"places","t":"bus_stop"}},{"type":"Feature","geometry":{"type":"Point","coordinates":[-100.267279,25.60445]},"properties":{"n":"A58 - Eugenio Garza Sada - Salto del agua","s":"places","t":"bus_stop"}},{"type":"Feature","geometry":{"type":"Point","coordinates":[-100.3673,25.84071]},"properties":{"n":"ESC-0787 Av. San Francisco de Asís NTE-SUR","s":"places","t":"bus_stop"}},{"type":"Feature","geometry":{"type":"Point","coordinates":[-100.45109,25.67453]},"properties":{"n":"STC-0209 Av. Manuel Ordoñez OTE - PTE","s":"places","t":"bus_stop"}},{"type":"Feature","geometry":{"type":"Point","coordinates":[-100.2399,25.69356]},"properties":{"n":"GPE-0432 Av. Miguel Alemán PTE - OTE","s":"places","t":"bus_stop"}},{"type":"Feature","geometry":{"type":"Point","coordinates":[-100.17514,25.74029]},"properties":{"n":"APO - 1559 Av. Concordia SUR - NTE","s":"places","t":"bus_stop"}},{"type":"Feature","geometry":{"type":"Point","coordinates":[-100.11244,25.79502]},"properties":{"n":"133151","s":"places","t":"bus_stop"}},{"type":"Feature","geometry":{"type":"Point","coordinates":[-100.24582,25.67977]},"properties":{"n":"29865","s":"places","t":"bus_stop"}},{"type":"Feature","geometry":{"type":"Point","coordinates":[-100.47431,25.79303]},"properties":{"n":"48087","s":"places","t":"bus_stop"}},{"type":"Feature","geometry":{"type":"Point","coordinates":[-100.40057,25.84155]},"properties":{"n":"ESC-0608 Av. Paseo de las Aves SUR-NTE","s":"places","t":"bus_stop"}},{"type":"Feature","geometry":{"type":"Point","coordinates":[-100.46447,25.79676]},"properties":{"n":"GAR-0313 Av. De la Av. Hacienda SUR - NTE","s":"places","t":"bus_stop"}},{"type":"Feature","geometry":{"type":"Point","coordinates":[-100.43448,25.80336]},"properties":{"n":"51560","s":"places","t":"bus_stop"}},{"type":"Feature","geometry":{"type":"Point","coordinates":[-100.49652,25.69358]},"properties":{"n":"STC-0231 Av. Madrid SUR - NTE","s":"places","t":"bus_stop"}},{"type":"Feature","geometry":{"type":"Point","coordinates":[-100.22184,25.65773]},"properties":{"n":"31035","s":"places","t":"bus_stop"}},{"type":"Feature","geometry":{"type":"Point","coordinates":[-100.08989,25.71389]},"properties":{"n":"PES-0131 Av. San Francisco OTE - PTE","s":"places","t":"bus_stop"}},{"type":"Feature","geometry":{"type":"Point","coordinates":[-100.40714,25.66374]},"properties":{"n":"SNP-0145 Av. José Vasconcelos PTE - OTE","s":"places","t":"bus_stop"}},{"type":"Feature","geometry":{"type":"Point","coordinates":[-100.1329,25.75758]},"properties":{"n":"APO - 1298 Av. Praga PTE - OTE","s":"places","t":"bus_stop"}},{"type":"Feature","geometry":{"type":"Point","coordinates":[-100.45993,25.80102]},"properties":{"n":"GAR-0102 Av. Imperial SUR - NTE","s":"places","t":"bus_stop"}},{"type":"Feature","geometry":{"type":"Point","coordinates":[-100.50487,25.69982]},"properties":{"n":"STC-0145 Av. Las Torres PTE - OTE","s":"places","t":"bus_stop"}},{"type":"Feature","geometry":{"type":"Point","coordinates":[-100.26796,25.66206]},"properties":{"n":"GPE-1153 Av. Paseo del Valle","s":"places","t":"bus_stop"}},{"type":"Feature","geometry":{"type":"Point","coordinates":[-100.62621,25.81173]},"properties":{"n":"GAR-0335 Camino a Enrique Solís PTE - OTE","s":"places","t":"bus_stop"}},{"type":"Feature","geometry":{"type":"Point","coordinates":[-100.13827,25.75166]},"properties":{"n":"APO - 1046 Camino a Pesquería PTE - OTE","s":"places","t":"bus_stop"}},{"type":"Feature","geometry":{"type":"Point","coordinates":[-100.14581,25.76305]},"properties":{"n":"APO - 0706 Av. Del Prado PTE - OTE","s":"places","t":"bus_stop"}},{"type":"Feature","geometry":{"type":"Point","coordinates":[-100.11467,25.82919]},"properties":{"n":"PES-0251 Av. Las Flores OTE - PTE","s":"places","t":"bus_stop"}},{"type":"Feature","geometry":{"type":"Point","coordinates":[-100.11879,25.82394]},"properties":{"n":"PES-0047 Av. Central PTE - OTE","s":"places","t":"bus_stop"}},{"type":"Feature","geometry":{"type":"Point","coordinates":[-100.34756,25.81787]},"properties":{"n":"56782","s":"places","t":"bus_stop"}},{"type":"Feature","geometry":{"type":"Point","coordinates":[-100.17447,25.6235]},"properties":{"n":"JRZ-0801 Av. San Isidro SUR - NTE","s":"places","t":"bus_stop"}},{"type":"Feature","geometry":{"type":"Point","coordinates":[-100.14668,25.76314]},"properties":{"n":"107525","s":"places","t":"bus_stop"}},{"type":"Feature","geometry":{"type":"Point","coordinates":[-100.44341,25.80224]},"properties":{"n":"GAR-0510 Av. Mineros PTE - OTE","s":"places","t":"bus_stop"}},{"type":"Feature","geometry":{"type":"Point","coordinates":[-100.38193,25.65405]},"properties":{"n":"SNP-0138 Av. José Vasconcelos PTE - OTE","s":"places","t":"bus_stop"}},{"type":"Feature","geometry":{"type":"Point","coordinates":[-100.169,25.75924]},"properties":{"n":"107262","s":"places","t":"bus_stop"}},{"type":"Feature","geometry":{"type":"Point","coordinates":[-100.19338,25.67462]},"properties":{"n":"Estacion Avante","s":"places","t":"bus_stop"}},{"type":"Feature","geometry":{"type":"Point","coordinates":[-100.336437,25.670097]},"properties":{"n":"D52 - Miguel Hidalgo - 20 de Noviembre","s":"places","t":"bus_stop"}},{"type":"Feature","geometry":{"type":"Point","coordinates":[-100.48965,25.6809]},"properties":{"n":"STC-0180 Av. Cumbres de Santa Catarina OTE - PTE","s":"places","t":"bus_stop"}},{"type":"Feature","geometry":{"type":"Point","coordinates":[-100.383549,25.745243]},"properties":{"n":"B82 - Abraham Lincoln -Panteon Valle Verde","s":"places","t":"bus_stop"}},{"type":"Feature","geometry":{"type":"Point","coordinates":[-100.1907,25.72402]},"properties":{"n":"GPE-0300 Av. Guadalajara SUR - NTE","s":"places","t":"bus_stop"}},{"type":"Feature","geometry":{"type":"Point","coordinates":[-100.20119,25.74894]},"properties":{"n":"APO - 0887 Av. Miguel Alemán NTE - SUR","s":"places","t":"bus_stop"}},{"type":"Feature","geometry":{"type":"Point","coordinates":[-100.46624,25.67371]},"properties":{"n":"3704","s":"places","t":"bus_stop"}},{"type":"Feature","geometry":{"type":"Point","coordinates":[-100.12479,25.82165]},"properties":{"n":"PES-0300 Perimetral Poniente SUR - NTE","s":"places","t":"bus_stop"}},{"type":"Feature","geometry":{"type":"Point","coordinates":[-100.4953,25.68006]},"properties":{"n":"STC-0161 Av. Capitán Lucas García PTE - OTE","s":"places","t":"bus_stop"}},{"type":"Feature","geometry":{"type":"Point","coordinates":[-100.58765,25.80605]},"properties":{"n":"GAR-0442 Av. Heberto Castillo Martínez SUR - NTE","s":"places","t":"bus_stop"}},{"type":"Feature","geometry":{"type":"Point","coordinates":[-100.43933,25.80249]},"properties":{"n":"51506","s":"places","t":"bus_stop"}},{"type":"Feature","geometry":{"type":"Point","coordinates":[-100.1655,25.65912]},"properties":{"n":"Terminal","s":"places","t":"bus_stop"}},{"type":"Feature","geometry":{"type":"Point","coordinates":[-100.09171,25.68316]},"properties":{"n":"Terminal","s":"places","t":"bus_stop"}},{"type":"Feature","geometry":{"type":"Point","coordinates":[-100.27407,25.76183]},"properties":{"n":"SNN-0532 Av. República Mexicana NTE - SUR","s":"places","t":"bus_stop"}},{"type":"Feature","geometry":{"type":"Point","coordinates":[-100.29705,25.68472]},"properties":{"n":"Terminal","s":"places","t":"bus_stop"}},{"type":"Feature","geometry":{"type":"Point","coordinates":[-100.25032,25.81085]},"properties":{"n":"APO - 0155 Av. Metroplex NTE - SUR","s":"places","t":"bus_stop"}},{"type":"Feature","geometry":{"type":"Point","coordinates":[-100.45634,25.69748]},"properties":{"n":"STC-0247 Av. Perimetral Norte PTE - OTE","s":"places","t":"bus_stop"}},{"type":"Feature","geometry":{"type":"Point","coordinates":[-100.26775,25.60418]},"properties":{"n":"26630","s":"places","t":"bus_stop"}},{"type":"Feature","geometry":{"type":"Point","coordinates":[-100.1426,25.70355]},"properties":{"n":"104266","s":"places","t":"bus_stop"}},{"type":"Feature","geometry":{"type":"Point","coordinates":[-100.31247,25.8488]},"properties":{"n":"ECA-0111 Av. Fidel Velázquez PTE - OTE","s":"places","t":"bus_stop"}},{"type":"Feature","geometry":{"type":"Point","coordinates":[-100.48826,25.80536]},"properties":{"n":"Terminal","s":"places","t":"bus_stop"}},{"type":"Feature","geometry":{"type":"Point","coordinates":[-100.45968,25.79934]},"properties":{"n":"51115","s":"places","t":"bus_stop"}},{"type":"Feature","geometry":{"type":"Point","coordinates":[-100.25297,25.79677]},"properties":{"n":"Terminal","s":"places","t":"bus_stop"}},{"type":"Feature","geometry":{"type":"Point","coordinates":[-100.4209,25.769873]},"properties":{"n":"Ecovía Estación Lincoln","s":"places","t":"bus_stop"}},{"type":"Feature","geometry":{"type":"Point","coordinates":[-100.56821,25.77664]},"properties":{"n":"GAR-0377 Carretera García PTE - OTE","s":"places","t":"bus_stop"}},{"type":"Feature","geometry":{"type":"Point","coordinates":[-100.61803,25.81041]},"properties":{"n":"GAR-0465 Av. Juárez PTE - OTE","s":"places","t":"bus_stop"}},{"type":"Feature","geometry":{"type":"Point","coordinates":[-100.05505,25.82298]},"properties":{"n":"280572","s":"places","t":"bus_stop"}},{"type":"Feature","geometry":{"type":"Point","coordinates":[-100.37412,25.69803]},"properties":{"n":"MTY-2806 Av. Puerta del Sol Nte. NTE - SUR","s":"places","t":"bus_stop"}},{"type":"Feature","geometry":{"type":"Point","coordinates":[-100.33026,25.78219]},"properties":{"n":"ESC-0319 Av. Dr. Plinio D. Ordóñez SUR - NTE","s":"places","t":"bus_stop"}},{"type":"Feature","geometry":{"type":"Point","coordinates":[-100.24991,25.5896]},"properties":{"n":"26118","s":"places","t":"bus_stop"}},{"type":"Feature","geometry":{"type":"Point","coordinates":[-100.26859,25.65659]},"properties":{"n":"Terminal","s":"places","t":"bus_stop"}},{"type":"Feature","geometry":{"type":"Point","coordinates":[-100.19612,25.63521]},"properties":{"n":"Terminal","s":"places","t":"bus_stop"}},{"type":"Feature","geometry":{"type":"Point","coordinates":[-100.37353,25.82524]},"properties":{"n":"Terminal","s":"places","t":"bus_stop"}},{"type":"Feature","geometry":{"type":"Point","coordinates":[-100.34247,25.70565]},"properties":{"n":"Estacion Mitras","s":"places","t":"transit_station"}},{"type":"Feature","geometry":{"type":"Point","coordinates":[-100.38639,25.7795]},"properties":{"n":"MTY-1096 Av. Monterrey NTE - SUR","s":"places","t":"bus_stop"}},{"type":"Feature","geometry":{"type":"Point","coordinates":[-100.27733,25.56488]},"properties":{"n":"MTY-1425 Av. Sierra Alta NTE - SUR","s":"places","t":"bus_stop"}},{"type":"Feature","geometry":{"type":"Point","coordinates":[-100.31072,25.87037]},"properties":{"n":"ECA-0055 Av. Arco del Triunfo NTE - SUR","s":"places","t":"bus_stop"}},{"type":"Feature","geometry":{"type":"Point","coordinates":[-100.384165,25.768638]},"properties":{"n":"B36 - Tejano - Nepenta","s":"places","t":"bus_stop"}},{"type":"Feature","geometry":{"type":"Point","coordinates":[-100.22669,25.67524]},"properties":{"n":"GPE-0957 Av. 20 De Noviembre NTE - SUR","s":"places","t":"bus_stop"}},{"type":"Feature","geometry":{"type":"Point","coordinates":[-100.24456,25.82704]},"properties":{"n":"APO - 0557 Av. Andrómeda NTE - SUR","s":"places","t":"bus_stop"}},{"type":"Feature","geometry":{"type":"Point","coordinates":[-100.15238,25.61163]},"properties":{"n":"JRZ-0170 Av. Las Torres PTE - OTE","s":"places","t":"bus_stop"}},{"type":"Feature","geometry":{"type":"Point","coordinates":[-100.27611,25.71226]},"properties":{"n":"SNN-0064 Av. Félix Uresti Gómez OTE - PTE","s":"places","t":"bus_stop"}},{"type":"Feature","geometry":{"type":"Point","coordinates":[-100.53138,25.79547]},"properties":{"n":"GAR-0262 Av. Abraham Lincoln OTE - PTE","s":"places","t":"bus_stop"}},{"type":"Feature","geometry":{"type":"Point","coordinates":[-100.14605,25.61919]},"properties":{"n":"JRZ-0766 Antigüo Camino A Villa de Av. Juárez OTE - PTE","s":"places","t":"bus_stop"}},{"type":"Feature","geometry":{"type":"Point","coordinates":[-100.30354,25.78808]},"properties":{"n":"ESC-0037 Av. Benito Juárez NTE - SUR","s":"places","t":"bus_stop"}},{"type":"Feature","geometry":{"type":"Point","coordinates":[-100.18248,25.70035]},"properties":{"n":"GPE-0329 Av. Jardines del Río PTE - OTE","s":"places","t":"bus_stop"}},{"type":"Feature","geometry":{"type":"Point","coordinates":[-100.33382,25.67832]},"properties":{"n":"MTY-0135 Av. Aramberri OTE - PTE","s":"places","t":"bus_stop"}},{"type":"Feature","geometry":{"type":"Point","coordinates":[-100.13974,25.79082]},"properties":{"n":"3334","s":"places","t":"bus_stop"}},{"type":"Feature","geometry":{"type":"Point","coordinates":[-100.50478,25.68342]},"properties":{"n":"STC-0024 Av. Capitán Lucas García OTE - PTE","s":"places","t":"bus_stop"}},{"type":"Feature","geometry":{"type":"Point","coordinates":[-100.35749,25.65478]},"properties":{"n":"SNP-0170 Av. Manuel Gómez Morín NTE - SUR","s":"places","t":"bus_stop"}},{"type":"Feature","geometry":{"type":"Point","coordinates":[-100.31003,25.86874]},"properties":{"n":"ECA-0077 Av. Arco del Triunfo SUR - NTE","s":"places","t":"bus_stop"}},{"type":"Feature","geometry":{"type":"Point","coordinates":[-100.31406,25.70786]},"properties":{"n":"Estacion Regina","s":"places","t":"transit_station"}},{"type":"Feature","geometry":{"type":"Point","coordinates":[-100.24402,25.82419]},"properties":{"n":"APO - 0579 Av. Andrómeda SUR - NTE","s":"places","t":"bus_stop"}},{"type":"Feature","geometry":{"type":"Point","coordinates":[-100.29085,25.70571]},"properties":{"n":"Terminal","s":"places","t":"bus_stop"}},{"type":"Feature","geometry":{"type":"Point","coordinates":[-100.41976,25.68516]},"properties":{"n":"STC-0165 Av. Coatlicue OTE - PTE","s":"places","t":"bus_stop"}},{"type":"Feature","geometry":{"type":"Point","coordinates":[-100.15877,25.61069]},"properties":{"n":"JRZ-0536 Av. Valle Av. Real OTE - PTE","s":"places","t":"bus_stop"}},{"type":"Feature","geometry":{"type":"Point","coordinates":[-100.16275,25.68265]},"properties":{"n":"Terminal","s":"places","t":"bus_stop"}},{"type":"Feature","geometry":{"type":"Point","coordinates":[-100.26418,25.61558]},"properties":{"n":"Terminal","s":"places","t":"bus_stop"}},{"type":"Feature","geometry":{"type":"Point","coordinates":[-100.13555,25.6575]},"properties":{"n":"JRZ-0307 Carretera Reynosa Villa de Av. Juárez OTE-PTE","s":"places","t":"bus_stop"}},{"type":"Feature","geometry":{"type":"Point","coordinates":[-100.29289,25.76939]},"properties":{"n":"Estacion Sendero","s":"places","t":"transit_station"}},{"type":"Feature","geometry":{"type":"Point","coordinates":[-100.44239,25.68951]},"properties":{"n":"STC-0360 Av. Perimetral Oriente SUR - NTE","s":"places","t":"bus_stop"}},{"type":"Feature","geometry":{"type":"Point","coordinates":[-100.09472,25.63013]},"properties":{"n":"Terminal","s":"places","t":"bus_stop"}},{"type":"Feature","geometry":{"type":"Point","coordinates":[-100.15496,25.81452]},"properties":{"n":"APO - 0168 Antigüa Carretera Agua Fría SUR - NTE","s":"places","t":"bus_stop"}},{"type":"Feature","geometry":{"type":"Point","coordinates":[-100.25746,25.58586]},"properties":{"n":"Terminal","s":"places","t":"bus_stop"}},{"type":"Feature","geometry":{"type":"Point","coordinates":[-100.26809,25.68588]},"properties":{"n":"Estacion Churubusco","s":"places","t":"bus_stop"}},{"type":"Feature","geometry":{"type":"Point","coordinates":[-100.15786,25.61059]},"properties":{"n":"JRZ-0535 Av. Valle Av. Real PTE - OTE","s":"places","t":"bus_stop"}},{"type":"Feature","geometry":{"type":"Point","coordinates":[-100.14622,25.86321]},"properties":{"n":"ZUA-0077 Av. Sta. Elena NTE - SUR","s":"places","t":"bus_stop"}},{"type":"Feature","geometry":{"type":"Point","coordinates":[-100.13976,25.65257]},"properties":{"n":"2810","s":"places","t":"bus_stop"}},{"type":"Feature","geometry":{"type":"Point","coordinates":[-100.30738,25.84892]},"properties":{"n":"ECA-0108 Av. Fidel Velázquez OTE - PTE","s":"places","t":"bus_stop"}},{"type":"Feature","geometry":{"type":"Point","coordinates":[-100.14771,25.61683]},"properties":{"n":"JRZ-0761 Av. San Francisco Solano NTE - SUR","s":"places","t":"bus_stop"}},{"type":"Feature","geometry":{"type":"Point","coordinates":[-100.39505,25.75455]},"properties":{"n":"MTY-0185 Av. Abraham Lincoln OTE - PTE","s":"places","t":"bus_stop"}},{"type":"Feature","geometry":{"type":"Point","coordinates":[-100.35881,25.6496]},"properties":{"n":"SNP-0172 Av. Manuel Gómez Morín SUR - NTE","s":"places","t":"bus_stop"}},{"type":"Feature","geometry":{"type":"Point","coordinates":[-100.49698,25.69229]},"properties":{"n":"STC-0653 Av. Madrid NTE-SUR","s":"places","t":"bus_stop"}},{"type":"Feature","geometry":{"type":"Point","coordinates":[-100.37465,25.8505]},"properties":{"n":"ECA-0117 Av. Paraíso SUR - NTE","s":"places","t":"bus_stop"}},{"type":"Feature","geometry":{"type":"Point","coordinates":[-100.48158,25.67929]},"properties":{"n":"4735","s":"places","t":"bus_stop"}},{"type":"Feature","geometry":{"type":"Point","coordinates":[-100.3169,25.68603]},"properties":{"n":"Estacion Cuauhtemoc","s":"places","t":"transit_station"}},{"type":"Feature","geometry":{"type":"Point","coordinates":[-100.42846,25.66834]},"properties":{"n":"STC-0373 Av. Benito Juárez OTE - PTE","s":"places","t":"bus_stop"}},{"type":"Feature","geometry":{"type":"Point","coordinates":[-100.4386,25.69629]},"properties":{"n":"STC-0069 Av. Perimetral Oriente NTE - SUR","s":"places","t":"bus_stop"}},{"type":"Feature","geometry":{"type":"Point","coordinates":[-100.16179,25.60958]},"properties":{"n":"JRZ-0544 Av. Valle Av. Real PTE - OTE","s":"places","t":"bus_stop"}},{"type":"Feature","geometry":{"type":"Point","coordinates":[-100.15211,25.61229]},"properties":{"n":"JRZ-0160 Av. Las Torres OTE - PTE","s":"places","t":"bus_stop"}},{"type":"Feature","geometry":{"type":"Point","coordinates":[-100.38106,25.7322]},"properties":{"n":"60003","s":"places","t":"bus_stop"}},{"type":"Feature","geometry":{"type":"Point","coordinates":[-100.25993,25.82758]},"properties":{"n":"108225","s":"places","t":"bus_stop"}},{"type":"Feature","geometry":{"type":"Point","coordinates":[-100.61805,25.82386]},"properties":{"n":"GAR-0524 Calle Villa Toledo SUR - NTE","s":"places","t":"bus_stop"}},{"type":"Feature","geometry":{"type":"Point","coordinates":[-100.26278,25.68723]},"properties":{"n":"MTY-1095 Av. Miguel Alemán Valdés PTE - OTE","s":"places","t":"bus_stop"}},{"type":"Feature","geometry":{"type":"Point","coordinates":[-100.37856,25.86318]},"properties":{"n":"Terminal","s":"places","t":"bus_stop"}},{"type":"Feature","geometry":{"type":"Point","coordinates":[-100.30449,25.86006]},"properties":{"n":"Terminal","s":"places","t":"bus_stop"}},{"type":"Feature","geometry":{"type":"Point","coordinates":[-100.58475,25.79565]},"properties":{"n":"GAR-0089 Av. Heberto Castillo Martínez SUR - NTE","s":"places","t":"bus_stop"}},{"type":"Feature","geometry":{"type":"Point","coordinates":[-100.47343,25.67589]},"properties":{"n":"STC-0319 Av. Licenciado Manuel Ordóñez PTE - OTE","s":"places","t":"bus_stop"}},{"type":"Feature","geometry":{"type":"Point","coordinates":[-100.49737,25.69013]},"properties":{"n":"STC-0227 Av. Madrid NTE- SUR","s":"places","t":"bus_stop"}},{"type":"Feature","geometry":{"type":"Point","coordinates":[-100.33249,25.65049]},"properties":{"n":"SNP-0160 Av. Lázaro Cárdenas PTE - OTE","s":"places","t":"bus_stop"}},{"type":"Feature","geometry":{"type":"Point","coordinates":[-100.28154,25.65234]},"properties":{"n":"MTY-1351 Av. Ricardo Covarrubias PTE - OTE","s":"places","t":"bus_stop"}},{"type":"Feature","geometry":{"type":"Point","coordinates":[-100.5863,25.80164]},"properties":{"n":"GAR-0274 Av. Heberto Castillo Martínez SUR - NTE","s":"places","t":"bus_stop"}},{"type":"Feature","geometry":{"type":"Point","coordinates":[-100.11272,25.65232]},"properties":{"n":"JRZ-0181 Av. Las Torres SUR - NTE","s":"places","t":"bus_stop"}},{"type":"Feature","geometry":{"type":"Point","coordinates":[-100.15453,25.76877]},"properties":{"n":"107660","s":"places","t":"bus_stop"}},{"type":"Feature","geometry":{"type":"Point","coordinates":[-100.18579,25.64487]},"properties":{"n":"GPE-0061 Av. Acueducto NTE - SUR","s":"places","t":"bus_stop"}},{"type":"Feature","geometry":{"type":"Point","coordinates":[-100.53651,25.81969]},"properties":{"n":"GAR-0658 Av. Vista Poniente PTE - OTE","s":"places","t":"bus_stop"}},{"type":"Feature","geometry":{"type":"Point","coordinates":[-100.35857,25.65182]},"properties":{"n":"SNP-0343 Av. Manuel Gómez Morin NTE - SUR","s":"places","t":"bus_stop"}},{"type":"Feature","geometry":{"type":"Point","coordinates":[-100.12573,25.658]},"properties":{"n":"122251","s":"places","t":"bus_stop"}},{"type":"Feature","geometry":{"type":"Point","coordinates":[-100.25725,25.58253]},"properties":{"n":"MTY-1472 Av. Valle Alto NTE - SUR","s":"places","t":"bus_stop"}},{"type":"Feature","geometry":{"type":"Point","coordinates":[-100.33774,25.78389]},"properties":{"n":"ESC-0910 Av. Cerro del Águila SUR - NTE","s":"places","t":"bus_stop"}},{"type":"Feature","geometry":{"type":"Point","coordinates":[-100.12489,25.82271]},"properties":{"n":"PES-0301 Perimetral Poniente SUR - NTE","s":"places","t":"bus_stop"}},{"type":"Feature","geometry":{"type":"Point","coordinates":[-100.55661,25.79395]},"properties":{"n":"Terminal","s":"places","t":"bus_stop"}},{"type":"Feature","geometry":{"type":"Point","coordinates":[-100.48114,25.685]},"properties":{"n":"STC-0489 Carretera Monterrey-Saltillo PTE - OTE","s":"places","t":"bus_stop"}},{"type":"Feature","geometry":{"type":"Point","coordinates":[-100.29385,25.7654]},"properties":{"n":"SNN-0562 Av. Universidad NTE - SUR","s":"places","t":"bus_stop"}},{"type":"Feature","geometry":{"type":"Point","coordinates":[-100.14233,25.70416]},"properties":{"n":"APO - 1021 Av. Bosque de San Miguel SUR - NTE","s":"places","t":"bus_stop"}},{"type":"Feature","geometry":{"type":"Point","coordinates":[-100.46177,25.79788]},"properties":{"n":"GAR-0011 Av. Andaluz OTE - PTE","s":"places","t":"bus_stop"}},{"type":"Feature","geometry":{"type":"Point","coordinates":[-100.2546,25.70301]},"properties":{"n":"GPE-1123 Av. Nemesio García SUR - NTE","s":"places","t":"bus_stop"}},{"type":"Feature","geometry":{"type":"Point","coordinates":[-100.21443,25.68218]},"properties":{"n":"Terminal","s":"places","t":"bus_stop"}},{"type":"Feature","geometry":{"type":"Point","coordinates":[-100.5838,25.78639]},"properties":{"n":"GAR-0626 Av. Sierra Av. Real SUR - NTE","s":"places","t":"bus_stop"}},{"type":"Feature","geometry":{"type":"Point","coordinates":[-100.35139,25.65341]},"properties":{"n":"Terminal","s":"places","t":"bus_stop"}},{"type":"Feature","geometry":{"type":"Point","coordinates":[-100.27088,25.61646]},"properties":{"n":"MTY-0736 Av. Eugenio Garza Sada SUR - NTE","s":"places","t":"bus_stop"}},{"type":"Feature","geometry":{"type":"Point","coordinates":[-100.48584,25.68255]},"properties":{"n":"136677","s":"places","t":"bus_stop"}},{"type":"Feature","geometry":{"type":"Point","coordinates":[-100.37259,25.71221]},"properties":{"n":"58494","s":"places","t":"bus_stop"}},{"type":"Feature","geometry":{"type":"Point","coordinates":[-100.41787,25.79924]},"properties":{"n":"Terminal","s":"places","t":"bus_stop"}},{"type":"Feature","geometry":{"type":"Point","coordinates":[-100.15574,25.60227]},"properties":{"n":"34395","s":"places","t":"bus_stop"}},{"type":"Feature","geometry":{"type":"Point","coordinates":[-100.55696,25.81077]},"properties":{"n":"GAR-0677 Av. Principal","s":"places","t":"bus_stop"}},{"type":"Feature","geometry":{"type":"Point","coordinates":[-100.63571,25.81064]},"properties":{"n":"GAR-0601 Av. San Juan SUR - NTE","s":"places","t":"bus_stop"}},{"type":"Feature","geometry":{"type":"Point","coordinates":[-100.27658,25.8553]},"properties":{"n":"Terminal","s":"places","t":"bus_stop"}},{"type":"Feature","geometry":{"type":"Point","coordinates":[-100.29793,25.75323]},"properties":{"n":"Estacion San Nicolas","s":"places","t":"transit_station"}},{"type":"Feature","geometry":{"type":"Point","coordinates":[-100.38028,25.7376]},"properties":{"n":"59995","s":"places","t":"bus_stop"}},{"type":"Feature","geometry":{"type":"Point","coordinates":[-100.41609,25.79541]},"properties":{"n":"54060","s":"places","t":"bus_stop"}},{"type":"Feature","geometry":{"type":"Point","coordinates":[-100.3864,25.84735]},"properties":{"n":"ESC-0472 Av. Artículo 5 NTE-SUR","s":"places","t":"bus_stop"}},{"type":"Feature","geometry":{"type":"Point","coordinates":[-100.24514,25.81469]},"properties":{"n":"APO - 0558 Av. Andrómeda NTE - SUR","s":"places","t":"bus_stop"}},{"type":"Feature","geometry":{"type":"Point","coordinates":[-100.30804,25.72512]},"properties":{"n":"Estacion Universidad","s":"places","t":"transit_station"}},{"type":"Feature","geometry":{"type":"Point","coordinates":[-100.2376,25.78387]},"properties":{"n":"APO - 1055 Av. Camino Real al Mezquital Santa Rosa SUR - NTE","s":"places","t":"bus_stop"}},{"type":"Feature","geometry":{"type":"Point","coordinates":[-100.14236,25.72474]},"properties":{"n":"APO - 1491 Av. Villa de Av. Juárez PTE - OTE","s":"places","t":"bus_stop"}},{"type":"Feature","geometry":{"type":"Point","coordinates":[-100.15294,25.60189]},"properties":{"n":"JRZ-0740 Av. Arboledas SUR-NTE","s":"places","t":"bus_stop"}},{"type":"Feature","geometry":{"type":"Point","coordinates":[-100.47048,25.68528]},"properties":{"n":"STC-0483 Carretera Monterrey-Saltillo PTE - OTE","s":"places","t":"bus_stop"}},{"type":"Feature","geometry":{"type":"Point","coordinates":[-100.38021,25.77335]},"properties":{"n":"65370","s":"places","t":"bus_stop"}},{"type":"Feature","geometry":{"type":"Point","coordinates":[-100.2538,25.81121]},"properties":{"n":"APO - 1139 Av. Diego Díaz de Berlanga PTE - OTE","s":"places","t":"bus_stop"}},{"type":"Feature","geometry":{"type":"Point","coordinates":[-100.41758,25.68109]},"properties":{"n":"SNP-0180 Av. Manuel J. Clouthier OTE - PTE","s":"places","t":"bus_stop"}},{"type":"Feature","geometry":{"type":"Point","coordinates":[-100.306693,25.68505]},"properties":{"n":"Del Golfo","s":"places","t":"transit_station"}},{"type":"Feature","geometry":{"type":"Point","coordinates":[-100.11179,25.64229]},"properties":{"n":"JRZ-0810 Av. Paseo Av. Las Lomas OTE - PTE","s":"places","t":"bus_stop"}},{"type":"Feature","geometry":{"type":"Point","coordinates":[-100.10884,25.75591]},"properties":{"n":"PES-0318 Av. Roma SUR - NTE","s":"places","t":"bus_stop"}},{"type":"Feature","geometry":{"type":"Point","coordinates":[-100.18773,25.6881]},"properties":{"n":"38516","s":"places","t":"bus_stop"}},{"type":"Feature","geometry":{"type":"Point","coordinates":[-100.37711,25.86372]},"properties":{"n":"ECA-0134 Av. Vista Regia NTE - SUR","s":"places","t":"bus_stop"}},{"type":"Feature","geometry":{"type":"Point","coordinates":[-100.37004,25.70485]},"properties":{"n":"MTY-1211 Av. Paseo de los Leones NTE - SUR","s":"places","t":"bus_stop"}},{"type":"Feature","geometry":{"type":"Point","coordinates":[-100.12571,25.58526]},"properties":{"n":"JRZ-0299 Carretera Av. Juárez-Santiago NTE - SUR","s":"places","t":"bus_stop"}},{"type":"Feature","geometry":{"type":"Point","coordinates":[-100.37308,25.84827]},"properties":{"n":"Terminal","s":"places","t":"bus_stop"}},{"type":"Feature","geometry":{"type":"Point","coordinates":[-100.5189,25.79284]},"properties":{"n":"GAR-0258 Av. Abraham Lincoln OTE - PTE","s":"places","t":"bus_stop"}},{"type":"Feature","geometry":{"type":"Point","coordinates":[-100.2972,25.78706]},"properties":{"n":"ESC-0514 Av. Concordia OTE-PTE","s":"places","t":"bus_stop"}},{"type":"Feature","geometry":{"type":"Point","coordinates":[-100.23053,25.7027]},"properties":{"n":"Tauro","s":"places","t":"bus_stop"}},{"type":"Feature","geometry":{"type":"Point","coordinates":[-100.15703,25.61169]},"properties":{"n":"JRZ-0534 Carretera San Roque SUR - NTE","s":"places","t":"bus_stop"}},{"type":"Feature","geometry":{"type":"Point","coordinates":[-100.49668,25.69391]},"properties":{"n":"STC-0322 Av. Madrid NTE- SUR","s":"places","t":"bus_stop"}},{"type":"Feature","geometry":{"type":"Point","coordinates":[-100.1081,25.66065]},"properties":{"n":"JRZ-0110 Av. El Sabinal PTE - OTE","s":"places","t":"bus_stop"}},{"type":"Feature","geometry":{"type":"Point","coordinates":[-100.20785,25.66525]},"properties":{"n":"GPE-0995 Av. Pablo Livas OTE - PTE","s":"places","t":"bus_stop"}},{"type":"Feature","geometry":{"type":"Point","coordinates":[-100.32644,25.79943]},"properties":{"n":"ESC-0727 Av. José Silvestre Aramberri OTE-PTE","s":"places","t":"bus_stop"}},{"type":"Feature","geometry":{"type":"Point","coordinates":[-100.57835,25.78779]},"properties":{"n":"GAR-0153 Av. Las Villa s PTE - OTE","s":"places","t":"bus_stop"}},{"type":"Feature","geometry":{"type":"Point","coordinates":[-100.12668,25.71016]},"properties":{"n":"APO - 1080 Carretera Dulces Nombres SUR - NTE","s":"places","t":"bus_stop"}},{"type":"Feature","geometry":{"type":"Point","coordinates":[-100.57343,25.78963]},"properties":{"n":"GAR-0156 Av. Las Villa s PTE - OTE","s":"places","t":"bus_stop"}},{"type":"Feature","geometry":{"type":"Point","coordinates":[-100.43261,25.66395]},"properties":{"n":"STC-0460 Av. Morones Prieto OTE - PTE","s":"places","t":"bus_stop"}},{"type":"Feature","geometry":{"type":"Point","coordinates":[-100.16476,25.60827]},"properties":{"n":"JRZ-0541 Av. Valle Av. Real OTE - PTE","s":"places","t":"bus_stop"}},{"type":"Feature","geometry":{"type":"Point","coordinates":[-100.24907,25.86712]},"properties":{"n":"APO - 1087 Carretera Salinas Victoria NTE - SUR","s":"places","t":"bus_stop"}},{"type":"Feature","geometry":{"type":"Point","coordinates":[-100.17385,25.73661]},"properties":{"n":"APO - 1407 Av. Porfirio Diaz OTE - PTE","s":"places","t":"bus_stop"}},{"type":"Feature","geometry":{"type":"Point","coordinates":[-100.26879,25.60694]},"properties":{"n":"Terminal","s":"places","t":"bus_stop"}},{"type":"Feature","geometry":{"type":"Point","coordinates":[-100.25788,25.5786]},"properties":{"n":"MTY-1476 Av. Valle Alto NTE - SUR","s":"places","t":"bus_stop"}},{"type":"Feature","geometry":{"type":"Point","coordinates":[-100.36412,25.75069]},"properties":{"n":"MTY-1465 Av. Solidaridad NTE - SUR","s":"places","t":"bus_stop"}},{"type":"Feature","geometry":{"type":"Point","coordinates":[-100.23434,25.81996]},"properties":{"n":"APO - 0250 Av. Cardenal NTE - SUR","s":"places","t":"bus_stop"}},{"type":"Feature","geometry":{"type":"Point","coordinates":[-100.35508,25.67396]},"properties":{"n":"MTY-1403 Av. San Jerónimo OTE - PTE","s":"places","t":"bus_stop"}},{"type":"Feature","geometry":{"type":"Point","coordinates":[-100.31091,25.71659]},"properties":{"n":"Estacion Ninos Heroes","s":"places","t":"transit_station"}},{"type":"Feature","geometry":{"type":"Point","coordinates":[-100.34634,25.74734]},"properties":{"n":"MTY-2058 Av. Julio A. Roca NTE - SUR","s":"places","t":"bus_stop"}},{"type":"Feature","geometry":{"type":"Point","coordinates":[-100.50069,25.69322]},"properties":{"n":"STC-0656 Av. Pamplona OTE-PTE","s":"places","t":"bus_stop"}},{"type":"Feature","geometry":{"type":"Point","coordinates":[-100.10373,25.71008]},"properties":{"n":"PES-0116 Av. San Fernando SUR - NTE","s":"places","t":"bus_stop"}},{"type":"Feature","geometry":{"type":"Point","coordinates":[-100.62093,25.81065]},"properties":{"n":"GAR-0458 Av. Juárez OTE - PTE","s":"places","t":"bus_stop"}}]}
