{"type":"FeatureCollection","features":[{"type":"Feature","geometry":{"type":"Point","coordinates":[-100.330365,25.663308]},"properties":{"name":"Centro Pastoral Comunidad Apostólica de María Siempre Virgen","tipo":"iglesia","subtipo":null,"fuente":"OpenStreetMap Overpass","osm_tag":"amenity=place_of_worship","mun":"Monterrey"}},{"type":"Feature","geometry":{"type":"Point","coordinates":[-100.207753,25.723365]},"properties":{"name":"La Iglesia de Jesucristo de los Santos de los Últimos Días","tipo":"iglesia","subtipo":null,"fuente":"OpenStreetMap Overpass","osm_tag":"amenity=place_of_worship","mun":""}},{"type":"Feature","geometry":{"type":"Point","coordinates":[-100.578444,25.783599]},"properties":{"name":"La Iglesia de Jesucristo de los Santos de los Últimos Días","tipo":"iglesia","subtipo":null,"fuente":"OpenStreetMap Overpass","osm_tag":"amenity=place_of_worship","mun":""}},{"type":"Feature","geometry":{"type":"Point","coordinates":[-100.336797,25.796913]},"properties":{"name":"La Iglesia de Jesucristo de los Santos de los Últimos Días","tipo":"iglesia","subtipo":null,"fuente":"OpenStreetMap Overpass","osm_tag":"amenity=place_of_worship","mun":"General Escobedo"}},{"type":"Feature","geometry":{"type":"Point","coordinates":[-100.319079,25.801413]},"properties":{"name":"Iglesia De Jesucristo De Los Santos De Los Últimos Días","tipo":"iglesia","subtipo":null,"fuente":"OpenStreetMap Overpass","osm_tag":"amenity=place_of_worship","mun":""}},{"type":"Feature","geometry":{"type":"Point","coordinates":[-100.260608,25.589302]},"properties":{"name":"Iglesia de Jesucristo de los Santos de los Ultimos Dias","tipo":"iglesia","subtipo":null,"fuente":"OpenStreetMap Overpass","osm_tag":"amenity=place_of_worship","mun":""}},{"type":"Feature","geometry":{"type":"Point","coordinates":[-100.338216,25.795835]},"properties":{"name":"Misión parroquial Nuestra Señora del Refugio y San José","tipo":"iglesia","subtipo":null,"fuente":"OpenStreetMap Overpass","osm_tag":"amenity=place_of_worship","mun":"General Escobedo"}},{"type":"Feature","geometry":{"type":"Point","coordinates":[-100.336425,25.717894]},"properties":{"name":"Iglesia Pentecostés Nuevo Testamento (ICC Monterrey)","tipo":"iglesia","subtipo":null,"fuente":"OpenStreetMap Overpass","osm_tag":"amenity=place_of_worship","mun":"Monterrey"}},{"type":"Feature","geometry":{"type":"Point","coordinates":[-100.308968,25.668465]},"properties":{"name":"Capilla de los Dulces Nombres de Jesús, María y José","tipo":"iglesia","subtipo":null,"fuente":"OpenStreetMap Overpass","osm_tag":"amenity=place_of_worship","mun":"Monterrey, Nuevo León, México"}},{"type":"Feature","geometry":{"type":"Point","coordinates":[-100.260227,25.676893]},"properties":{"name":"Parroquia y Santuario de Nuestra Señora de Guadalupe","tipo":"iglesia","subtipo":null,"fuente":"OpenStreetMap Overpass","osm_tag":"amenity=place_of_worship","mun":""}},{"type":"Feature","geometry":{"type":"Point","coordinates":[-100.051264,25.795895]},"properties":{"name":"Capilla María Reina de los Ángeles (En construcción)","tipo":"iglesia","subtipo":null,"fuente":"OpenStreetMap Overpass","osm_tag":"amenity=place_of_worship","mun":""}},{"type":"Feature","geometry":{"type":"Point","coordinates":[-100.163613,25.610788]},"properties":{"name":"Centro  Misionero María Siempre Virgen, Juárez N.L.","tipo":"iglesia","subtipo":null,"fuente":"OpenStreetMap Overpass","osm_tag":"amenity=place_of_worship","mun":"Juárez N.L."}},{"type":"Feature","geometry":{"type":"Point","coordinates":[-100.251223,25.793978]},"properties":{"name":"Iglesia Jesucrito de los Santos de los Ultimos Dias","tipo":"iglesia","subtipo":null,"fuente":"OpenStreetMap Overpass","osm_tag":"amenity=place_of_worship","mun":""}},{"type":"Feature","geometry":{"type":"Point","coordinates":[-100.282333,25.600108]},"properties":{"name":"Santuario de Schoenstatt \"Maria, Camino al Cielo\"","tipo":"iglesia","subtipo":null,"fuente":"OpenStreetMap Overpass","osm_tag":"amenity=place_of_worship","mun":""}},{"type":"Feature","geometry":{"type":"Point","coordinates":[-100.309328,25.686431]},"properties":{"name":"Centro  Misionero María Siempre Virgen, Monterrey","tipo":"iglesia","subtipo":null,"fuente":"OpenStreetMap Overpass","osm_tag":"amenity=place_of_worship","mun":"Monterrey"}},{"type":"Feature","geometry":{"type":"Point","coordinates":[-100.368799,25.636442]},"properties":{"name":"Parroquia de Nuestra Señora Reina de los Ángeles","tipo":"iglesia","subtipo":null,"fuente":"OpenStreetMap Overpass","osm_tag":"amenity=place_of_worship","mun":""}},{"type":"Feature","geometry":{"type":"Point","coordinates":[-100.096199,25.798958]},"properties":{"name":"Capilla Nuestra Señora de San Juan de los Lagos","tipo":"iglesia","subtipo":null,"fuente":"OpenStreetMap Overpass","osm_tag":"amenity=place_of_worship","mun":""}},{"type":"Feature","geometry":{"type":"Point","coordinates":[-100.109541,25.647999]},"properties":{"name":"Parroquia Nuestra Señora San Juan de los Lagos","tipo":"iglesia","subtipo":null,"fuente":"OpenStreetMap Overpass","osm_tag":"amenity=place_of_worship","mun":""}},{"type":"Feature","geometry":{"type":"Point","coordinates":[-100.163166,25.610678]},"properties":{"name":"Parroquia María Siempre Virgen en Juárez N.L.","tipo":"iglesia","subtipo":null,"fuente":"OpenStreetMap Overpass","osm_tag":"amenity=place_of_worship","mun":"Juárez N.L."}},{"type":"Feature","geometry":{"type":"Point","coordinates":[-100.040905,25.795759]},"properties":{"name":"Misión Parroquial Nuestra Señora de Guadalupe","tipo":"iglesia","subtipo":null,"fuente":"OpenStreetMap Overpass","osm_tag":"amenity=place_of_worship","mun":""}},{"type":"Feature","geometry":{"type":"Point","coordinates":[-100.267744,25.608022]},"properties":{"name":"Iglesia Católica Nuestra Señora de Guadalupe","tipo":"iglesia","subtipo":null,"fuente":"OpenStreetMap Overpass","osm_tag":"amenity=place_of_worship","mun":""}},{"type":"Feature","geometry":{"type":"Point","coordinates":[-100.30466,25.647893]},"properties":{"name":"Jesucristo de los Santos de los Ultimos Dias","tipo":"iglesia","subtipo":null,"fuente":"OpenStreetMap Overpass","osm_tag":"amenity=place_of_worship","mun":""}},{"type":"Feature","geometry":{"type":"Point","coordinates":[-100.194758,25.799904]},"properties":{"name":"Parroquia San José Esposo de la Virgen María","tipo":"iglesia","subtipo":null,"fuente":"OpenStreetMap Overpass","osm_tag":"amenity=place_of_worship","mun":""}},{"type":"Feature","geometry":{"type":"Point","coordinates":[-100.193254,25.482838]},"properties":{"name":"Siervas de Nuestro Señor Jesucristo (SNSJ)","tipo":"iglesia","subtipo":null,"fuente":"OpenStreetMap Overpass","osm_tag":"amenity=place_of_worship","mun":""}},{"type":"Feature","geometry":{"type":"Point","coordinates":[-100.216406,25.712099]},"properties":{"name":"Salón del Reino de los Testigos de Jehová","tipo":"iglesia","subtipo":null,"fuente":"OpenStreetMap Overpass","osm_tag":"amenity=place_of_worship","mun":""}},{"type":"Feature","geometry":{"type":"Point","coordinates":[-100.099851,25.701876]},"properties":{"name":"Salón del Reino de los Testigos de Jehová","tipo":"iglesia","subtipo":null,"fuente":"OpenStreetMap Overpass","osm_tag":"amenity=place_of_worship","mun":""}},{"type":"Feature","geometry":{"type":"Point","coordinates":[-100.186986,25.645245]},"properties":{"name":"Salón del Reino de los Testígos de Jehová","tipo":"iglesia","subtipo":null,"fuente":"OpenStreetMap Overpass","osm_tag":"amenity=place_of_worship","mun":""}},{"type":"Feature","geometry":{"type":"Point","coordinates":[-100.188823,25.694502]},"properties":{"name":"Salón del reino de los Testigos de Jehová","tipo":"iglesia","subtipo":null,"fuente":"OpenStreetMap Overpass","osm_tag":"amenity=place_of_worship","mun":"Guadalupe"}},{"type":"Feature","geometry":{"type":"Point","coordinates":[-100.265942,25.684399]},"properties":{"name":"Capilla de Santa Teresita del Niño Jesús","tipo":"iglesia","subtipo":null,"fuente":"OpenStreetMap Overpass","osm_tag":"amenity=place_of_worship","mun":""}},{"type":"Feature","geometry":{"type":"Point","coordinates":[-100.319251,25.666795]},"properties":{"name":"Capilla del Auxilio Nocturno Sacramental","tipo":"iglesia","subtipo":null,"fuente":"OpenStreetMap Overpass","osm_tag":"amenity=place_of_worship","mun":""}},{"type":"Feature","geometry":{"type":"Point","coordinates":[-100.476317,25.788493]},"properties":{"name":"Salón del Reino de los Testigos de Jeová","tipo":"iglesia","subtipo":null,"fuente":"OpenStreetMap Overpass","osm_tag":"amenity=place_of_worship","mun":""}},{"type":"Feature","geometry":{"type":"Point","coordinates":[-100.157211,25.983687]},"properties":{"name":"Parroquia San Jose Nuestro Padre y Señor","tipo":"iglesia","subtipo":null,"fuente":"OpenStreetMap Overpass","osm_tag":"amenity=place_of_worship","mun":""}},{"type":"Feature","geometry":{"type":"Point","coordinates":[-100.445866,25.974632]},"properties":{"name":"Parroquia de Nuestra Señora del Pueblito","tipo":"iglesia","subtipo":null,"fuente":"OpenStreetMap Overpass","osm_tag":"amenity=place_of_worship","mun":"Hidalgo"}},{"type":"Feature","geometry":{"type":"Point","coordinates":[-100.258696,25.815304]},"properties":{"name":"Parroquia San Lucas Evangelista Apodaca","tipo":"iglesia","subtipo":null,"fuente":"OpenStreetMap Overpass","osm_tag":"amenity=place_of_worship","mun":""}},{"type":"Feature","geometry":{"type":"Point","coordinates":[-100.309157,25.790301]},"properties":{"name":"Parroquia Santa Teresita del Niño Jesús","tipo":"iglesia","subtipo":null,"fuente":"OpenStreetMap Overpass","osm_tag":"amenity=place_of_worship","mun":""}},{"type":"Feature","geometry":{"type":"Point","coordinates":[-100.26041,25.752059]},"properties":{"name":"Iglesia Evangelica Crsitiana Espiritual","tipo":"iglesia","subtipo":null,"fuente":"OpenStreetMap Overpass","osm_tag":"amenity=place_of_worship","mun":"San Nicolás de los Garza"}},{"type":"Feature","geometry":{"type":"Point","coordinates":[-100.009613,25.574767]},"properties":{"name":"Parroquia del Sagrado Corazón de Jesús","tipo":"iglesia","subtipo":null,"fuente":"OpenStreetMap Overpass","osm_tag":"amenity=place_of_worship","mun":""}},{"type":"Feature","geometry":{"type":"Point","coordinates":[-100.287094,25.648619]},"properties":{"name":"Parroquia Universitaria San Juan Bosco","tipo":"iglesia","subtipo":null,"fuente":"OpenStreetMap Overpass","osm_tag":"amenity=place_of_worship","mun":""}},{"type":"Feature","geometry":{"type":"Point","coordinates":[-100.113127,25.826246]},"properties":{"name":"Parroquia del Señor de la Misericordia","tipo":"iglesia","subtipo":null,"fuente":"OpenStreetMap Overpass","osm_tag":"amenity=place_of_worship","mun":""}},{"type":"Feature","geometry":{"type":"Point","coordinates":[-100.398474,25.944663]},"properties":{"name":"Iglesia de Nuestra Señora de Guadalupe","tipo":"iglesia","subtipo":null,"fuente":"OpenStreetMap Overpass","osm_tag":"amenity=place_of_worship","mun":""}},{"type":"Feature","geometry":{"type":"Point","coordinates":[-100.125576,25.888733]},"properties":{"name":"Capilla Santa Teresita del niño Jesus","tipo":"iglesia","subtipo":null,"fuente":"OpenStreetMap Overpass","osm_tag":"amenity=place_of_worship","mun":""}},{"type":"Feature","geometry":{"type":"Point","coordinates":[-100.07796,25.598576]},"properties":{"name":"Parroquia de Nuestra Señora Del Roble","tipo":"iglesia","subtipo":null,"fuente":"OpenStreetMap Overpass","osm_tag":"amenity=place_of_worship","mun":""}},{"type":"Feature","geometry":{"type":"Point","coordinates":[-100.162125,25.668117]},"properties":{"name":"Parroquia Exaltacion De La Santa Cruz","tipo":"iglesia","subtipo":null,"fuente":"OpenStreetMap Overpass","osm_tag":"amenity=place_of_worship","mun":""}},{"type":"Feature","geometry":{"type":"Point","coordinates":[-100.414317,25.796016]},"properties":{"name":"Parroquia El Señor de la Misericordia","tipo":"iglesia","subtipo":null,"fuente":"OpenStreetMap Overpass","osm_tag":"amenity=place_of_worship","mun":""}},{"type":"Feature","geometry":{"type":"Point","coordinates":[-100.334983,25.78345]},"properties":{"name":"Parroquia Nuestra Señora de Guadalupe","tipo":"iglesia","subtipo":null,"fuente":"OpenStreetMap Overpass","osm_tag":"amenity=place_of_worship","mun":""}},{"type":"Feature","geometry":{"type":"Point","coordinates":[-100.371636,25.649356]},"properties":{"name":"Parroquia de Nuestra Señora de Fatima","tipo":"iglesia","subtipo":null,"fuente":"OpenStreetMap Overpass","osm_tag":"amenity=place_of_worship","mun":""}},{"type":"Feature","geometry":{"type":"Point","coordinates":[-100.258075,25.744312]},"properties":{"name":"Capilla Purisima Concepcion de Maria","tipo":"iglesia","subtipo":null,"fuente":"OpenStreetMap Overpass","osm_tag":"amenity=place_of_worship","mun":""}},{"type":"Feature","geometry":{"type":"Point","coordinates":[-100.244859,25.731425]},"properties":{"name":"Iglesia adventista villas de oriente","tipo":"iglesia","subtipo":null,"fuente":"OpenStreetMap Overpass","osm_tag":"amenity=place_of_worship","mun":"San nicolas de los Garza"}},{"type":"Feature","geometry":{"type":"Point","coordinates":[-100.423147,25.741075]},"properties":{"name":"PARROQUIA SAN JORGE DE LAS CUMBRES.","tipo":"iglesia","subtipo":null,"fuente":"OpenStreetMap Overpass","osm_tag":"amenity=place_of_worship","mun":""}},{"type":"Feature","geometry":{"type":"Point","coordinates":[-100.472035,25.675877]},"properties":{"name":"Capilla Corazón Inmaculado de María","tipo":"iglesia","subtipo":null,"fuente":"OpenStreetMap Overpass","osm_tag":"amenity=place_of_worship","mun":""}},{"type":"Feature","geometry":{"type":"Point","coordinates":[-100.1639,25.45045]},"properties":{"name":"Capilla Nuestra Señora de Guadalupe","tipo":"iglesia","subtipo":null,"fuente":"OpenStreetMap Overpass","osm_tag":"amenity=place_of_worship","mun":""}},{"type":"Feature","geometry":{"type":"Point","coordinates":[-100.194232,25.48807]},"properties":{"name":"Capilla Nuestra Señora de Guadalupe","tipo":"iglesia","subtipo":null,"fuente":"OpenStreetMap Overpass","osm_tag":"amenity=place_of_worship","mun":""}},{"type":"Feature","geometry":{"type":"Point","coordinates":[-100.32895,25.651126]},"properties":{"name":"Oratorio Liceo de Monterrey Redwood","tipo":"iglesia","subtipo":null,"fuente":"OpenStreetMap Overpass","osm_tag":"amenity=place_of_worship","mun":""}},{"type":"Feature","geometry":{"type":"Point","coordinates":[-100.395706,25.840617]},"properties":{"name":"Parroquia Santisimo Nombre de Jesus","tipo":"iglesia","subtipo":null,"fuente":"OpenStreetMap Overpass","osm_tag":"amenity=place_of_worship","mun":""}},{"type":"Feature","geometry":{"type":"Point","coordinates":[-100.398311,25.678892]},"properties":{"name":"Nuestra Señora del Perpetuo Socorro","tipo":"iglesia","subtipo":null,"fuente":"OpenStreetMap Overpass","osm_tag":"amenity=place_of_worship","mun":""}},{"type":"Feature","geometry":{"type":"Point","coordinates":[-100.24798,25.575584]},"properties":{"name":"Parroquia Señor de la Misericordia","tipo":"iglesia","subtipo":null,"fuente":"OpenStreetMap Overpass","osm_tag":"amenity=place_of_worship","mun":""}},{"type":"Feature","geometry":{"type":"Point","coordinates":[-100.263738,25.914166]},"properties":{"name":"Parroquia Sagrado Corazón de Jesús","tipo":"iglesia","subtipo":null,"fuente":"OpenStreetMap Overpass","osm_tag":"amenity=place_of_worship","mun":""}},{"type":"Feature","geometry":{"type":"Point","coordinates":[-100.236939,25.660259]},"properties":{"name":"Parroquia de San Juan de Los Lagos","tipo":"iglesia","subtipo":null,"fuente":"OpenStreetMap Overpass","osm_tag":"amenity=place_of_worship","mun":""}},{"type":"Feature","geometry":{"type":"Point","coordinates":[-100.168263,25.471697]},"properties":{"name":"Capilla El Seño de la Misericordia","tipo":"iglesia","subtipo":null,"fuente":"OpenStreetMap Overpass","osm_tag":"amenity=place_of_worship","mun":""}},{"type":"Feature","geometry":{"type":"Point","coordinates":[-100.103677,25.709]},"properties":{"name":"Parroquia Nuestra Señora Del Roble","tipo":"iglesia","subtipo":null,"fuente":"OpenStreetMap Overpass","osm_tag":"amenity=place_of_worship","mun":"Valle de Santa María"}},{"type":"Feature","geometry":{"type":"Point","coordinates":[-100.267098,25.723092]},"properties":{"name":"Parroquia Santa María de Guadalupe","tipo":"iglesia","subtipo":null,"fuente":"OpenStreetMap Overpass","osm_tag":"amenity=place_of_worship","mun":"San Nicolás de los Garza"}},{"type":"Feature","geometry":{"type":"Point","coordinates":[-100.407206,25.680045]},"properties":{"name":"iglesia Santa Maria de la Montaña","tipo":"iglesia","subtipo":null,"fuente":"OpenStreetMap Overpass","osm_tag":"amenity=place_of_worship","mun":""}},{"type":"Feature","geometry":{"type":"Point","coordinates":[-100.192321,25.721549]},"properties":{"name":"CAPILLA Maria Madre de la Iglesia","tipo":"iglesia","subtipo":null,"fuente":"OpenStreetMap Overpass","osm_tag":"amenity=place_of_worship","mun":""}},{"type":"Feature","geometry":{"type":"Point","coordinates":[-100.297376,25.617706]},"properties":{"name":"Parroquia María Esperanza Nuestra","tipo":"iglesia","subtipo":null,"fuente":"OpenStreetMap Overpass","osm_tag":"amenity=place_of_worship","mun":""}},{"type":"Feature","geometry":{"type":"Point","coordinates":[-100.132913,25.711686]},"properties":{"name":"Parroquia San Pio de Pietrelchina","tipo":"iglesia","subtipo":null,"fuente":"OpenStreetMap Overpass","osm_tag":"amenity=place_of_worship","mun":""}},{"type":"Feature","geometry":{"type":"Point","coordinates":[-100.462622,25.797033]},"properties":{"name":"Capilla San Jose Valle de Lincoln","tipo":"iglesia","subtipo":null,"fuente":"OpenStreetMap Overpass","osm_tag":"amenity=place_of_worship","mun":""}},{"type":"Feature","geometry":{"type":"Point","coordinates":[-100.304924,25.786809]},"properties":{"name":"Capilla Nuestra Señora del Carmen","tipo":"iglesia","subtipo":null,"fuente":"OpenStreetMap Overpass","osm_tag":"amenity=place_of_worship","mun":""}},{"type":"Feature","geometry":{"type":"Point","coordinates":[-100.107004,25.895979]},"properties":{"name":"Parroquia Santa Elena de la Cruz","tipo":"iglesia","subtipo":null,"fuente":"OpenStreetMap Overpass","osm_tag":"amenity=place_of_worship","mun":""}},{"type":"Feature","geometry":{"type":"Point","coordinates":[-100.402132,25.814611]},"properties":{"name":"Iglesia Sagrado Corazon De Jesus","tipo":"iglesia","subtipo":null,"fuente":"OpenStreetMap Overpass","osm_tag":"amenity=place_of_worship","mun":""}},{"type":"Feature","geometry":{"type":"Point","coordinates":[-100.192284,25.504331]},"properties":{"name":"Capilla San Gerardo Maria Mayela","tipo":"iglesia","subtipo":null,"fuente":"OpenStreetMap Overpass","osm_tag":"amenity=place_of_worship","mun":""}},{"type":"Feature","geometry":{"type":"Point","coordinates":[-100.349782,25.701101]},"properties":{"name":"Parroquia NUESTRA SRA DEL CARMEN","tipo":"iglesia","subtipo":null,"fuente":"OpenStreetMap Overpass","osm_tag":"amenity=place_of_worship","mun":""}},{"type":"Feature","geometry":{"type":"Point","coordinates":[-100.356689,25.710835]},"properties":{"name":"Templo Madre de la Divina Gracia","tipo":"iglesia","subtipo":null,"fuente":"OpenStreetMap Overpass","osm_tag":"amenity=place_of_worship","mun":""}},{"type":"Feature","geometry":{"type":"Point","coordinates":[-100.288362,25.647896]},"properties":{"name":"Iglesia Bautista Príncipe de Paz","tipo":"iglesia","subtipo":null,"fuente":"OpenStreetMap Overpass","osm_tag":"amenity=place_of_worship","mun":"Monterrey"}},{"type":"Feature","geometry":{"type":"Point","coordinates":[-100.300685,25.661674]},"properties":{"name":"Parroquia San Ignacio De Loyola","tipo":"iglesia","subtipo":null,"fuente":"OpenStreetMap Overpass","osm_tag":"amenity=place_of_worship","mun":""}},{"type":"Feature","geometry":{"type":"Point","coordinates":[-100.406588,25.678452]},"properties":{"name":"nicho de la virgen de guadalupe","tipo":"iglesia","subtipo":null,"fuente":"OpenStreetMap Overpass","osm_tag":"amenity=place_of_worship","mun":""}},{"type":"Feature","geometry":{"type":"Point","coordinates":[-100.230368,25.962162]},"properties":{"name":"Casa de Retiro Maranatha CAMSVI","tipo":"iglesia","subtipo":null,"fuente":"OpenStreetMap Overpass","osm_tag":"amenity=place_of_worship","mun":"Ciénega de Flores"}},{"type":"Feature","geometry":{"type":"Point","coordinates":[-100.27555,25.570259]},"properties":{"name":"Valle Alto - Virgin Mary Shrine","tipo":"iglesia","subtipo":null,"fuente":"OpenStreetMap Overpass","osm_tag":"amenity=place_of_worship","mun":"Monterrey"}},{"type":"Feature","geometry":{"type":"Point","coordinates":[-100.159765,25.712139]},"properties":{"name":"Parroquia de la Sagrada Familia","tipo":"iglesia","subtipo":null,"fuente":"OpenStreetMap Overpass","osm_tag":"amenity=place_of_worship","mun":""}},{"type":"Feature","geometry":{"type":"Point","coordinates":[-100.218942,25.706074]},"properties":{"name":"Nuestra Señora de las Mercedes","tipo":"iglesia","subtipo":null,"fuente":"OpenStreetMap Overpass","osm_tag":"amenity=place_of_worship","mun":""}},{"type":"Feature","geometry":{"type":"Point","coordinates":[-100.337128,25.676537]},"properties":{"name":"Centro de las Obras de la Cruz","tipo":"iglesia","subtipo":null,"fuente":"OpenStreetMap Overpass","osm_tag":"amenity=place_of_worship","mun":"Monterrey"}},{"type":"Feature","geometry":{"type":"Point","coordinates":[-100.328921,25.73384]},"properties":{"name":"Iglesia San José de la Montaña","tipo":"iglesia","subtipo":null,"fuente":"OpenStreetMap Overpass","osm_tag":"amenity=place_of_worship","mun":""}},{"type":"Feature","geometry":{"type":"Point","coordinates":[-100.235801,25.724373]},"properties":{"name":"Parroquia de Nuestra de Señora","tipo":"iglesia","subtipo":null,"fuente":"OpenStreetMap Overpass","osm_tag":"amenity=place_of_worship","mun":""}},{"type":"Feature","geometry":{"type":"Point","coordinates":[-100.279285,25.621148]},"properties":{"name":"Iglesia Santa Beatriz de Silva","tipo":"iglesia","subtipo":null,"fuente":"OpenStreetMap Overpass","osm_tag":"amenity=place_of_worship","mun":""}},{"type":"Feature","geometry":{"type":"Point","coordinates":[-100.337217,25.698955]},"properties":{"name":"Parroquia San Antonio de Padua","tipo":"iglesia","subtipo":null,"fuente":"OpenStreetMap Overpass","osm_tag":"amenity=place_of_worship","mun":""}},{"type":"Feature","geometry":{"type":"Point","coordinates":[-100.218301,25.664893]},"properties":{"name":"Parroquia San Francisco Xavier","tipo":"iglesia","subtipo":null,"fuente":"OpenStreetMap Overpass","osm_tag":"amenity=place_of_worship","mun":""}},{"type":"Feature","geometry":{"type":"Point","coordinates":[-100.267345,25.604737]},"properties":{"name":"Iglesia Bautista de Monterrey","tipo":"iglesia","subtipo":null,"fuente":"OpenStreetMap Overpass","osm_tag":"amenity=place_of_worship","mun":""}},{"type":"Feature","geometry":{"type":"Point","coordinates":[-100.163923,25.746917]},"properties":{"name":"PARROQUIA SAN JOSÉ DE HUINALÁ","tipo":"iglesia","subtipo":null,"fuente":"OpenStreetMap Overpass","osm_tag":"amenity=place_of_worship","mun":""}},{"type":"Feature","geometry":{"type":"Point","coordinates":[-100.09942,25.632849]},"properties":{"name":"Parroquia Arcángel San Miguel","tipo":"iglesia","subtipo":null,"fuente":"OpenStreetMap Overpass","osm_tag":"amenity=place_of_worship","mun":""}},{"type":"Feature","geometry":{"type":"Point","coordinates":[-100.199093,25.667495]},"properties":{"name":"Iglesia Bautista Monte Olivos","tipo":"iglesia","subtipo":null,"fuente":"OpenStreetMap Overpass","osm_tag":"amenity=place_of_worship","mun":""}},{"type":"Feature","geometry":{"type":"Point","coordinates":[-100.343624,25.681141]},"properties":{"name":"San Juan Bautista de la Salle","tipo":"iglesia","subtipo":null,"fuente":"OpenStreetMap Overpass","osm_tag":"amenity=place_of_worship","mun":""}},{"type":"Feature","geometry":{"type":"Point","coordinates":[-100.213081,25.711007]},"properties":{"name":"Parroquia Cruz del Apostolado","tipo":"iglesia","subtipo":null,"fuente":"OpenStreetMap Overpass","osm_tag":"amenity=place_of_worship","mun":""}},{"type":"Feature","geometry":{"type":"Point","coordinates":[-100.208927,25.659788]},"properties":{"name":"Nuestra Señora de los Poblres","tipo":"iglesia","subtipo":null,"fuente":"OpenStreetMap Overpass","osm_tag":"amenity=place_of_worship","mun":""}},{"type":"Feature","geometry":{"type":"Point","coordinates":[-100.263329,25.765618]},"properties":{"name":"Parroquia San Miguel Arcángel","tipo":"iglesia","subtipo":null,"fuente":"OpenStreetMap Overpass","osm_tag":"amenity=place_of_worship","mun":""}},{"type":"Feature","geometry":{"type":"Point","coordinates":[-100.383357,25.712674]},"properties":{"name":"Parroquia Natividad del Señor","tipo":"iglesia","subtipo":null,"fuente":"OpenStreetMap Overpass","osm_tag":"amenity=place_of_worship","mun":"Monterrey"}},{"type":"Feature","geometry":{"type":"Point","coordinates":[-100.34965,25.697562]},"properties":{"name":"Metodista de México El Mesías","tipo":"iglesia","subtipo":null,"fuente":"OpenStreetMap Overpass","osm_tag":"amenity=place_of_worship","mun":""}},{"type":"Feature","geometry":{"type":"Point","coordinates":[-100.205629,25.541881]},"properties":{"name":"capilla san francisco de asis","tipo":"iglesia","subtipo":null,"fuente":"OpenStreetMap Overpass","osm_tag":"amenity=place_of_worship","mun":""}},{"type":"Feature","geometry":{"type":"Point","coordinates":[-100.032475,25.879624]},"properties":{"name":"Nuestra Señora de la Asunción","tipo":"iglesia","subtipo":null,"fuente":"OpenStreetMap Overpass","osm_tag":"amenity=place_of_worship","mun":""}},{"type":"Feature","geometry":{"type":"Point","coordinates":[-100.1887,25.699267]},"properties":{"name":"Iglesia San Gabriel Arcangel","tipo":"iglesia","subtipo":null,"fuente":"OpenStreetMap Overpass","osm_tag":"amenity=place_of_worship","mun":""}},{"type":"Feature","geometry":{"type":"Point","coordinates":[-100.281233,25.653505]},"properties":{"name":"Parroquia Santisimo Redentor","tipo":"iglesia","subtipo":null,"fuente":"OpenStreetMap Overpass","osm_tag":"amenity=place_of_worship","mun":"Monterrey"}},{"type":"Feature","geometry":{"type":"Point","coordinates":[-100.076987,25.650782]},"properties":{"name":"Parroquia Santísima Trinidad","tipo":"iglesia","subtipo":null,"fuente":"OpenStreetMap Overpass","osm_tag":"amenity=place_of_worship","mun":""}},{"type":"Feature","geometry":{"type":"Point","coordinates":[-100.20545,25.712428]},"properties":{"name":"IGLESIA CATÓLICA JESÚS AMIGO","tipo":"iglesia","subtipo":null,"fuente":"OpenStreetMap Overpass","osm_tag":"amenity=place_of_worship","mun":""}},{"type":"Feature","geometry":{"type":"Point","coordinates":[-100.161181,25.901636]},"properties":{"name":"Iglesia Jesus Misericordioso","tipo":"iglesia","subtipo":null,"fuente":"OpenStreetMap Overpass","osm_tag":"amenity=place_of_worship","mun":""}},{"type":"Feature","geometry":{"type":"Point","coordinates":[-100.220181,25.824535]},"properties":{"name":"Parroquia Santa Rosa de Lima","tipo":"iglesia","subtipo":null,"fuente":"OpenStreetMap Overpass","osm_tag":"amenity=place_of_worship","mun":"Apodaca"}},{"type":"Feature","geometry":{"type":"Point","coordinates":[-100.278035,25.692715]},"properties":{"name":"San Alfonso Maria de Ligorio","tipo":"iglesia","subtipo":null,"fuente":"OpenStreetMap Overpass","osm_tag":"amenity=place_of_worship","mun":""}},{"type":"Feature","geometry":{"type":"Point","coordinates":[-100.197748,25.742372]},"properties":{"name":"Parroquia Santísima Trinidad","tipo":"iglesia","subtipo":null,"fuente":"OpenStreetMap Overpass","osm_tag":"amenity=place_of_worship","mun":""}},{"type":"Feature","geometry":{"type":"Point","coordinates":[-100.327899,25.674726]},"properties":{"name":"Santuario de San Judas Tadeo","tipo":"iglesia","subtipo":null,"fuente":"OpenStreetMap Overpass","osm_tag":"amenity=place_of_worship","mun":""}},{"type":"Feature","geometry":{"type":"Point","coordinates":[-100.325738,25.694008]},"properties":{"name":"Iglesia de Cristo Industrial","tipo":"iglesia","subtipo":null,"fuente":"OpenStreetMap Overpass","osm_tag":"amenity=place_of_worship","mun":"Monterrey"}},{"type":"Feature","geometry":{"type":"Point","coordinates":[-100.204373,25.653824]},"properties":{"name":"Capilla Sta Beatriz de Silva","tipo":"iglesia","subtipo":null,"fuente":"OpenStreetMap Overpass","osm_tag":"amenity=place_of_worship","mun":""}},{"type":"Feature","geometry":{"type":"Point","coordinates":[-100.267092,25.655856]},"properties":{"name":"Parroquia de Jesús Nazareno","tipo":"iglesia","subtipo":null,"fuente":"OpenStreetMap Overpass","osm_tag":"amenity=place_of_worship","mun":""}},{"type":"Feature","geometry":{"type":"Point","coordinates":[-100.196452,25.654418]},"properties":{"name":"Inmaculado Corazon de Maria","tipo":"iglesia","subtipo":null,"fuente":"OpenStreetMap Overpass","osm_tag":"amenity=place_of_worship","mun":""}},{"type":"Feature","geometry":{"type":"Point","coordinates":[-100.169462,25.713757]},"properties":{"name":"Capilla San Miguel Arcángel","tipo":"iglesia","subtipo":null,"fuente":"OpenStreetMap Overpass","osm_tag":"amenity=place_of_worship","mun":""}},{"type":"Feature","geometry":{"type":"Point","coordinates":[-100.162405,25.963906]},"properties":{"name":"Iglesia del Sagrado Corazón","tipo":"iglesia","subtipo":null,"fuente":"OpenStreetMap Overpass","osm_tag":"amenity=place_of_worship","mun":""}},{"type":"Feature","geometry":{"type":"Point","coordinates":[-100.000112,25.590933]},"properties":{"name":"Parroquia San Juan Bautista","tipo":"iglesia","subtipo":null,"fuente":"OpenStreetMap Overpass","osm_tag":"amenity=place_of_worship","mun":""}},{"type":"Feature","geometry":{"type":"Point","coordinates":[-100.462573,25.787999]},"properties":{"name":"Parroquia San Juan Pablo II","tipo":"iglesia","subtipo":null,"fuente":"OpenStreetMap Overpass","osm_tag":"amenity=place_of_worship","mun":""}},{"type":"Feature","geometry":{"type":"Point","coordinates":[-100.175706,25.46679]},"properties":{"name":"Capilla Santo Niño de Praga","tipo":"iglesia","subtipo":null,"fuente":"OpenStreetMap Overpass","osm_tag":"amenity=place_of_worship","mun":""}},{"type":"Feature","geometry":{"type":"Point","coordinates":[-100.365253,25.721824]},"properties":{"name":"Nuestra Señora de Guadalupe","tipo":"iglesia","subtipo":null,"fuente":"OpenStreetMap Overpass","osm_tag":"amenity=place_of_worship","mun":""}},{"type":"Feature","geometry":{"type":"Point","coordinates":[-100.304508,25.628953]},"properties":{"name":"Iglesia San Nicolas de Bari","tipo":"iglesia","subtipo":null,"fuente":"OpenStreetMap Overpass","osm_tag":"amenity=place_of_worship","mun":""}},{"type":"Feature","geometry":{"type":"Point","coordinates":[-100.268621,25.792185]},"properties":{"name":"Iglesia Metodista de Mexico","tipo":"iglesia","subtipo":null,"fuente":"OpenStreetMap Overpass","osm_tag":"amenity=place_of_worship","mun":""}},{"type":"Feature","geometry":{"type":"Point","coordinates":[-100.460407,25.697995]},"properties":{"name":"Parroquia Cristo Resucitado","tipo":"iglesia","subtipo":null,"fuente":"OpenStreetMap Overpass","osm_tag":"amenity=place_of_worship","mun":"Santa Catarina"}},{"type":"Feature","geometry":{"type":"Point","coordinates":[-100.594552,25.81221]},"properties":{"name":"Parroquia San Juan Bautista","tipo":"iglesia","subtipo":null,"fuente":"OpenStreetMap Overpass","osm_tag":"amenity=place_of_worship","mun":""}},{"type":"Feature","geometry":{"type":"Point","coordinates":[-100.287634,25.811927]},"properties":{"name":"Centro de FE \"La Esperanza\"","tipo":"iglesia","subtipo":null,"fuente":"OpenStreetMap Overpass","osm_tag":"amenity=place_of_worship","mun":""}},{"type":"Feature","geometry":{"type":"Point","coordinates":[-100.420341,25.689982]},"properties":{"name":"Nuestra Señora de Guadalupe","tipo":"iglesia","subtipo":null,"fuente":"OpenStreetMap Overpass","osm_tag":"amenity=place_of_worship","mun":""}},{"type":"Feature","geometry":{"type":"Point","coordinates":[-100.328298,25.671738]},"properties":{"name":"Iglesia adventista Vallarta","tipo":"iglesia","subtipo":null,"fuente":"OpenStreetMap Overpass","osm_tag":"amenity=place_of_worship","mun":"Monterrey"}},{"type":"Feature","geometry":{"type":"Point","coordinates":[-100.194233,25.659322]},"properties":{"name":"Iglesia Fiesta Pentecostal","tipo":"iglesia","subtipo":null,"fuente":"OpenStreetMap Overpass","osm_tag":"amenity=place_of_worship","mun":""}},{"type":"Feature","geometry":{"type":"Point","coordinates":[-100.322607,25.673353]},"properties":{"name":"Arquidiocesis de Monterrey","tipo":"iglesia","subtipo":null,"fuente":"OpenStreetMap Overpass","osm_tag":"amenity=place_of_worship","mun":""}},{"type":"Feature","geometry":{"type":"Point","coordinates":[-100.345022,25.692156]},"properties":{"name":"Nuestra Señora del Refugio","tipo":"iglesia","subtipo":null,"fuente":"OpenStreetMap Overpass","osm_tag":"amenity=place_of_worship","mun":""}},{"type":"Feature","geometry":{"type":"Point","coordinates":[-100.337763,25.697583]},"properties":{"name":"Sexta Iglesia del Nazareno","tipo":"iglesia","subtipo":null,"fuente":"OpenStreetMap Overpass","osm_tag":"amenity=place_of_worship","mun":""}},{"type":"Feature","geometry":{"type":"Point","coordinates":[-100.366323,25.679101]},"properties":{"name":"Emanuel Dios con Nosotros","tipo":"iglesia","subtipo":null,"fuente":"OpenStreetMap Overpass","osm_tag":"amenity=place_of_worship","mun":""}},{"type":"Feature","geometry":{"type":"Point","coordinates":[-100.224265,25.719174]},"properties":{"name":"Capilla San Pablo Apóstol","tipo":"iglesia","subtipo":null,"fuente":"OpenStreetMap Overpass","osm_tag":"amenity=place_of_worship","mun":""}},{"type":"Feature","geometry":{"type":"Point","coordinates":[-100.312016,25.75128]},"properties":{"name":"Estatua Virgen de Rosario","tipo":"iglesia","subtipo":null,"fuente":"OpenStreetMap Overpass","osm_tag":"amenity=place_of_worship","mun":""}},{"type":"Feature","geometry":{"type":"Point","coordinates":[-99.954485,25.860775]},"properties":{"name":"Templo El Buen Pastor, AD","tipo":"iglesia","subtipo":null,"fuente":"OpenStreetMap Overpass","osm_tag":"amenity=place_of_worship","mun":""}},{"type":"Feature","geometry":{"type":"Point","coordinates":[-100.185732,25.473657]},"properties":{"name":"Parroquia San Jose Obrero","tipo":"iglesia","subtipo":null,"fuente":"OpenStreetMap Overpass","osm_tag":"amenity=place_of_worship","mun":"Santiago"}},{"type":"Feature","geometry":{"type":"Point","coordinates":[-100.256363,25.703544]},"properties":{"name":"Castillo del Rey Victoria","tipo":"iglesia","subtipo":null,"fuente":"OpenStreetMap Overpass","osm_tag":"amenity=place_of_worship","mun":""}},{"type":"Feature","geometry":{"type":"Point","coordinates":[-100.370551,25.731234]},"properties":{"name":"María Madre de la Iglesia","tipo":"iglesia","subtipo":null,"fuente":"OpenStreetMap Overpass","osm_tag":"amenity=place_of_worship","mun":""}},{"type":"Feature","geometry":{"type":"Point","coordinates":[-100.467416,25.687401]},"properties":{"name":"Capilla San Juan Bautista","tipo":"iglesia","subtipo":null,"fuente":"OpenStreetMap Overpass","osm_tag":"amenity=place_of_worship","mun":""}},{"type":"Feature","geometry":{"type":"Point","coordinates":[-100.318315,25.733465]},"properties":{"name":"Parroquia San Judas Tadeo","tipo":"iglesia","subtipo":null,"fuente":"OpenStreetMap Overpass","osm_tag":"amenity=place_of_worship","mun":""}},{"type":"Feature","geometry":{"type":"Point","coordinates":[-100.190827,25.716578]},"properties":{"name":"Parroquia Señor San José","tipo":"iglesia","subtipo":null,"fuente":"OpenStreetMap Overpass","osm_tag":"amenity=place_of_worship","mun":""}},{"type":"Feature","geometry":{"type":"Point","coordinates":[-100.191943,25.695436]},"properties":{"name":"Parroquia Corpus Christi","tipo":"iglesia","subtipo":null,"fuente":"OpenStreetMap Overpass","osm_tag":"amenity=place_of_worship","mun":""}},{"type":"Feature","geometry":{"type":"Point","coordinates":[-100.349314,25.655828]},"properties":{"name":"Parroquia Santa Engracia","tipo":"iglesia","subtipo":null,"fuente":"OpenStreetMap Overpass","osm_tag":"amenity=place_of_worship","mun":""}},{"type":"Feature","geometry":{"type":"Point","coordinates":[-100.310744,25.641678]},"properties":{"name":"Iglesia Cristiana Shalom","tipo":"iglesia","subtipo":null,"fuente":"OpenStreetMap Overpass","osm_tag":"amenity=place_of_worship","mun":""}},{"type":"Feature","geometry":{"type":"Point","coordinates":[-100.309997,25.67327]},"properties":{"name":"Sagrado Corazón de Jesús","tipo":"iglesia","subtipo":null,"fuente":"OpenStreetMap Overpass","osm_tag":"amenity=place_of_worship","mun":""}},{"type":"Feature","geometry":{"type":"Point","coordinates":[-100.251774,25.752185]},"properties":{"name":"Jesucristo de los Santos","tipo":"iglesia","subtipo":null,"fuente":"OpenStreetMap Overpass","osm_tag":"amenity=place_of_worship","mun":""}},{"type":"Feature","geometry":{"type":"Point","coordinates":[-100.276463,25.732505]},"properties":{"name":"Señor de la misericordia","tipo":"iglesia","subtipo":null,"fuente":"OpenStreetMap Overpass","osm_tag":"amenity=place_of_worship","mun":""}},{"type":"Feature","geometry":{"type":"Point","coordinates":[-100.295907,25.631458]},"properties":{"name":"Nuestra Sra de Guadalupe","tipo":"iglesia","subtipo":null,"fuente":"OpenStreetMap Overpass","osm_tag":"amenity=place_of_worship","mun":""}},{"type":"Feature","geometry":{"type":"Point","coordinates":[-100.325594,25.723552]},"properties":{"name":"Iglesia La Luz del Mundo","tipo":"iglesia","subtipo":null,"fuente":"OpenStreetMap Overpass","osm_tag":"amenity=place_of_worship","mun":""}},{"type":"Feature","geometry":{"type":"Point","coordinates":[-100.325723,25.641019]},"properties":{"name":"Parroquia de San Agustin","tipo":"iglesia","subtipo":null,"fuente":"OpenStreetMap Overpass","osm_tag":"amenity=place_of_worship","mun":"San Pedro Garza García"}},{"type":"Feature","geometry":{"type":"Point","coordinates":[-100.264003,25.777643]},"properties":{"name":"Nstra. Sra. de la Salud","tipo":"iglesia","subtipo":null,"fuente":"OpenStreetMap Overpass","osm_tag":"amenity=place_of_worship","mun":""}},{"type":"Feature","geometry":{"type":"Point","coordinates":[-100.258864,25.688725]},"properties":{"name":"Iglesia La Libertad Mty","tipo":"iglesia","subtipo":null,"fuente":"OpenStreetMap Overpass","osm_tag":"amenity=place_of_worship","mun":""}},{"type":"Feature","geometry":{"type":"Point","coordinates":[-100.405593,25.678831]},"properties":{"name":"mural de col. clouthier","tipo":"iglesia","subtipo":null,"fuente":"OpenStreetMap Overpass","osm_tag":"amenity=place_of_worship","mun":""}},{"type":"Feature","geometry":{"type":"Point","coordinates":[-100.182473,25.663923]},"properties":{"name":"Capilla Divino Redentor","tipo":"iglesia","subtipo":null,"fuente":"OpenStreetMap Overpass","osm_tag":"amenity=place_of_worship","mun":""}},{"type":"Feature","geometry":{"type":"Point","coordinates":[-100.116568,25.879474]},"properties":{"name":"Iglesia San Judas Tadeo","tipo":"iglesia","subtipo":null,"fuente":"OpenStreetMap Overpass","osm_tag":"amenity=place_of_worship","mun":""}},{"type":"Feature","geometry":{"type":"Point","coordinates":[-100.218174,25.759441]},"properties":{"name":"Capilla San Judas Tadeo","tipo":"iglesia","subtipo":null,"fuente":"OpenStreetMap Overpass","osm_tag":"amenity=place_of_worship","mun":""}},{"type":"Feature","geometry":{"type":"Point","coordinates":[-100.260021,25.589309]},"properties":{"name":"Monterrey Mexico Temple","tipo":"iglesia","subtipo":null,"fuente":"OpenStreetMap Overpass","osm_tag":"amenity=place_of_worship","mun":""}},{"type":"Feature","geometry":{"type":"Point","coordinates":[-100.185203,25.494002]},"properties":{"name":"Capilla San Judas Tadeo","tipo":"iglesia","subtipo":null,"fuente":"OpenStreetMap Overpass","osm_tag":"amenity=place_of_worship","mun":""}},{"type":"Feature","geometry":{"type":"Point","coordinates":[-100.326299,25.669734]},"properties":{"name":"Basílica de La Purísima","tipo":"iglesia","subtipo":null,"fuente":"OpenStreetMap Overpass","osm_tag":"amenity=place_of_worship","mun":""}},{"type":"Feature","geometry":{"type":"Point","coordinates":[-100.188658,25.667454]},"properties":{"name":"Iglesia San Judas Tadeo","tipo":"iglesia","subtipo":null,"fuente":"OpenStreetMap Overpass","osm_tag":"amenity=place_of_worship","mun":""}},{"type":"Feature","geometry":{"type":"Point","coordinates":[-100.20036,25.728573]},"properties":{"name":"CAPILLA SAGRADA FAMILIA","tipo":"iglesia","subtipo":null,"fuente":"OpenStreetMap Overpass","osm_tag":"amenity=place_of_worship","mun":""}},{"type":"Feature","geometry":{"type":"Point","coordinates":[-100.172268,25.653656]},"properties":{"name":"Parroquia La Santa Cruz","tipo":"iglesia","subtipo":null,"fuente":"OpenStreetMap Overpass","osm_tag":"amenity=place_of_worship","mun":""}},{"type":"Feature","geometry":{"type":"Point","coordinates":[-100.182207,25.72807]},"properties":{"name":"Capilla Jesús Sacerdote","tipo":"iglesia","subtipo":null,"fuente":"OpenStreetMap Overpass","osm_tag":"amenity=place_of_worship","mun":""}},{"type":"Feature","geometry":{"type":"Point","coordinates":[-100.191893,25.727192]},"properties":{"name":"Capilla Sagrado Corazón","tipo":"iglesia","subtipo":null,"fuente":"OpenStreetMap Overpass","osm_tag":"amenity=place_of_worship","mun":""}},{"type":"Feature","geometry":{"type":"Point","coordinates":[-100.345593,25.666881]},"properties":{"name":"Iglesia Palabra de Vida","tipo":"iglesia","subtipo":null,"fuente":"OpenStreetMap Overpass","osm_tag":"amenity=place_of_worship","mun":""}},{"type":"Feature","geometry":{"type":"Point","coordinates":[-100.438879,25.664815]},"properties":{"name":"Parroquia de Guadalupe","tipo":"iglesia","subtipo":null,"fuente":"OpenStreetMap Overpass","osm_tag":"amenity=place_of_worship","mun":""}},{"type":"Feature","geometry":{"type":"Point","coordinates":[-100.40459,25.672905]},"properties":{"name":"Seminario de Monterrey","tipo":"iglesia","subtipo":null,"fuente":"OpenStreetMap Overpass","osm_tag":"amenity=place_of_worship","mun":""}},{"type":"Feature","geometry":{"type":"Point","coordinates":[-100.277077,25.637084]},"properties":{"name":"Iglesia Corpus Christi","tipo":"iglesia","subtipo":null,"fuente":"OpenStreetMap Overpass","osm_tag":"amenity=place_of_worship","mun":""}},{"type":"Feature","geometry":{"type":"Point","coordinates":[-100.415673,25.68232]},"properties":{"name":"Parroquia San Jerónimo","tipo":"iglesia","subtipo":null,"fuente":"OpenStreetMap Overpass","osm_tag":"amenity=place_of_worship","mun":""}},{"type":"Feature","geometry":{"type":"Point","coordinates":[-100.309631,25.665537]},"properties":{"name":"Catedral Metropolitana","tipo":"iglesia","subtipo":null,"fuente":"OpenStreetMap Overpass","osm_tag":"amenity=place_of_worship","mun":"Monterrey, Nuevo León, México"}},{"type":"Feature","geometry":{"type":"Point","coordinates":[-100.082414,25.728183]},"properties":{"name":"Capilla Dulces Nombres","tipo":"iglesia","subtipo":null,"fuente":"OpenStreetMap Overpass","osm_tag":"amenity=place_of_worship","mun":""}},{"type":"Feature","geometry":{"type":"Point","coordinates":[-100.365006,25.709904]},"properties":{"name":"La ascención del Señor","tipo":"iglesia","subtipo":null,"fuente":"OpenStreetMap Overpass","osm_tag":"amenity=place_of_worship","mun":""}},{"type":"Feature","geometry":{"type":"Point","coordinates":[-100.201127,25.736017]},"properties":{"name":"Castillo del Rey La Fe","tipo":"iglesia","subtipo":null,"fuente":"OpenStreetMap Overpass","osm_tag":"amenity=place_of_worship","mun":""}},{"type":"Feature","geometry":{"type":"Point","coordinates":[-100.322362,25.706201]},"properties":{"name":"Parroquia Santo Cristo","tipo":"iglesia","subtipo":null,"fuente":"OpenStreetMap Overpass","osm_tag":"amenity=place_of_worship","mun":""}},{"type":"Feature","geometry":{"type":"Point","coordinates":[-100.345905,25.717879]},"properties":{"name":"Parroquia de Santa Ana","tipo":"iglesia","subtipo":null,"fuente":"OpenStreetMap Overpass","osm_tag":"amenity=place_of_worship","mun":""}},{"type":"Feature","geometry":{"type":"Point","coordinates":[-100.448621,25.694353]},"properties":{"name":"La Natividad del Señor","tipo":"iglesia","subtipo":null,"fuente":"OpenStreetMap Overpass","osm_tag":"amenity=place_of_worship","mun":""}},{"type":"Feature","geometry":{"type":"Point","coordinates":[-100.25355,25.7938]},"properties":{"name":"Iglesia Bautista Emaus","tipo":"iglesia","subtipo":null,"fuente":"OpenStreetMap Overpass","osm_tag":"amenity=place_of_worship","mun":""}},{"type":"Feature","geometry":{"type":"Point","coordinates":[-100.305911,25.636465]},"properties":{"name":"Parroquia San Bernardo","tipo":"iglesia","subtipo":null,"fuente":"OpenStreetMap Overpass","osm_tag":"amenity=place_of_worship","mun":""}},{"type":"Feature","geometry":{"type":"Point","coordinates":[-100.228572,25.548487]},"properties":{"name":"Iglesia Bautista Berea","tipo":"iglesia","subtipo":null,"fuente":"OpenStreetMap Overpass","osm_tag":"amenity=place_of_worship","mun":""}},{"type":"Feature","geometry":{"type":"Point","coordinates":[-100.297044,25.655431]},"properties":{"name":"Parroquia del Rosario","tipo":"iglesia","subtipo":null,"fuente":"OpenStreetMap Overpass","osm_tag":"amenity=place_of_worship","mun":""}},{"type":"Feature","geometry":{"type":"Point","coordinates":[-100.277878,25.66791]},"properties":{"name":"Parroquia Santa Lucía","tipo":"iglesia","subtipo":null,"fuente":"OpenStreetMap Overpass","osm_tag":"amenity=place_of_worship","mun":""}},{"type":"Feature","geometry":{"type":"Point","coordinates":[-100.28074,25.763171]},"properties":{"name":"San Juan de los Lagos","tipo":"iglesia","subtipo":null,"fuente":"OpenStreetMap Overpass","osm_tag":"amenity=place_of_worship","mun":""}},{"type":"Feature","geometry":{"type":"Point","coordinates":[-100.289786,25.756456]},"properties":{"name":"San Nicolas Tolentino","tipo":"iglesia","subtipo":null,"fuente":"OpenStreetMap Overpass","osm_tag":"amenity=place_of_worship","mun":""}},{"type":"Feature","geometry":{"type":"Point","coordinates":[-100.277305,25.75226]},"properties":{"name":"Dulce Nombre de Maria","tipo":"iglesia","subtipo":null,"fuente":"OpenStreetMap Overpass","osm_tag":"amenity=place_of_worship","mun":""}},{"type":"Feature","geometry":{"type":"Point","coordinates":[-100.460551,25.674719]},"properties":{"name":"Santa Catarina Mártir","tipo":"iglesia","subtipo":null,"fuente":"OpenStreetMap Overpass","osm_tag":"amenity=place_of_worship","mun":""}},{"type":"Feature","geometry":{"type":"Point","coordinates":[-100.394044,25.659884]},"properties":{"name":"Iglesia San Francisco","tipo":"iglesia","subtipo":null,"fuente":"OpenStreetMap Overpass","osm_tag":"amenity=place_of_worship","mun":""}},{"type":"Feature","geometry":{"type":"Point","coordinates":[-100.254156,25.721732]},"properties":{"name":"Parroquia San Agustin","tipo":"iglesia","subtipo":null,"fuente":"OpenStreetMap Overpass","osm_tag":"amenity=place_of_worship","mun":""}},{"type":"Feature","geometry":{"type":"Point","coordinates":[-100.296559,25.639571]},"properties":{"name":"Capilla del Padre Pro","tipo":"iglesia","subtipo":null,"fuente":"OpenStreetMap Overpass","osm_tag":"amenity=place_of_worship","mun":""}},{"type":"Feature","geometry":{"type":"Point","coordinates":[-100.330668,25.740529]},"properties":{"name":"San Francisco de Asis","tipo":"iglesia","subtipo":null,"fuente":"OpenStreetMap Overpass","osm_tag":"amenity=place_of_worship","mun":""}},{"type":"Feature","geometry":{"type":"Point","coordinates":[-100.195517,25.729051]},"properties":{"name":"LA NATIVIDAD DE MARIA","tipo":"iglesia","subtipo":null,"fuente":"OpenStreetMap Overpass","osm_tag":"amenity=place_of_worship","mun":""}},{"type":"Feature","geometry":{"type":"Point","coordinates":[-100.271954,25.600331]},"properties":{"name":"Jesus el Buen Pastor","tipo":"iglesia","subtipo":null,"fuente":"OpenStreetMap Overpass","osm_tag":"amenity=place_of_worship","mun":"Monterrey"}},{"type":"Feature","geometry":{"type":"Point","coordinates":[-100.190485,25.745962]},"properties":{"name":"Iglesia Odres Nuevos","tipo":"iglesia","subtipo":null,"fuente":"OpenStreetMap Overpass","osm_tag":"amenity=place_of_worship","mun":""}},{"type":"Feature","geometry":{"type":"Point","coordinates":[-100.163924,25.734907]},"properties":{"name":"Capilla San JERONIMO","tipo":"iglesia","subtipo":null,"fuente":"OpenStreetMap Overpass","osm_tag":"amenity=place_of_worship","mun":""}},{"type":"Feature","geometry":{"type":"Point","coordinates":[-100.280908,25.580993]},"properties":{"name":"Capilla del Consuelo","tipo":"iglesia","subtipo":null,"fuente":"OpenStreetMap Overpass","osm_tag":"amenity=place_of_worship","mun":""}},{"type":"Feature","geometry":{"type":"Point","coordinates":[-100.098155,25.536164]},"properties":{"name":"Carmelitas Descalzas","tipo":"iglesia","subtipo":null,"fuente":"OpenStreetMap Overpass","osm_tag":"amenity=place_of_worship","mun":""}},{"type":"Feature","geometry":{"type":"Point","coordinates":[-100.381362,25.733446]},"properties":{"name":"San Juan Evangelista","tipo":"iglesia","subtipo":null,"fuente":"OpenStreetMap Overpass","osm_tag":"amenity=place_of_worship","mun":""}},{"type":"Feature","geometry":{"type":"Point","coordinates":[-100.402196,25.664419]},"properties":{"name":"Iglesia de Guadalupe","tipo":"iglesia","subtipo":null,"fuente":"OpenStreetMap Overpass","osm_tag":"amenity=place_of_worship","mun":""}},{"type":"Feature","geometry":{"type":"Point","coordinates":[-100.174633,25.621158]},"properties":{"name":"Parroquia Santa Emma","tipo":"iglesia","subtipo":null,"fuente":"OpenStreetMap Overpass","osm_tag":"amenity=place_of_worship","mun":""}},{"type":"Feature","geometry":{"type":"Point","coordinates":[-100.357173,25.71693]},"properties":{"name":"Comunidad Cristiana","tipo":"iglesia","subtipo":null,"fuente":"OpenStreetMap Overpass","osm_tag":"amenity=place_of_worship","mun":""}},{"type":"Feature","geometry":{"type":"Point","coordinates":[-100.278151,25.616083]},"properties":{"name":"Epicentro Monterrey","tipo":"iglesia","subtipo":null,"fuente":"OpenStreetMap Overpass","osm_tag":"amenity=place_of_worship","mun":"Monterrey"}},{"type":"Feature","geometry":{"type":"Point","coordinates":[-100.144148,25.617453]},"properties":{"name":"Parroquia San Judas","tipo":"iglesia","subtipo":null,"fuente":"OpenStreetMap Overpass","osm_tag":"amenity=place_of_worship","mun":""}},{"type":"Feature","geometry":{"type":"Point","coordinates":[-100.209845,25.6951]},"properties":{"name":"Santo Niño de Praga","tipo":"iglesia","subtipo":null,"fuente":"OpenStreetMap Overpass","osm_tag":"amenity=place_of_worship","mun":""}},{"type":"Feature","geometry":{"type":"Point","coordinates":[-100.426033,25.670714]},"properties":{"name":"San Vicente de Paul","tipo":"iglesia","subtipo":null,"fuente":"OpenStreetMap Overpass","osm_tag":"amenity=place_of_worship","mun":""}},{"type":"Feature","geometry":{"type":"Point","coordinates":[-100.226579,25.705624]},"properties":{"name":"Templo La Purisima","tipo":"iglesia","subtipo":null,"fuente":"OpenStreetMap Overpass","osm_tag":"amenity=place_of_worship","mun":""}},{"type":"Feature","geometry":{"type":"Point","coordinates":[-100.318918,25.677147]},"properties":{"name":"Capilla Del Carmen","tipo":"iglesia","subtipo":null,"fuente":"OpenStreetMap Overpass","osm_tag":"amenity=place_of_worship","mun":""}},{"type":"Feature","geometry":{"type":"Point","coordinates":[-100.170304,25.733385]},"properties":{"name":"Capilla Cristo Rey","tipo":"iglesia","subtipo":null,"fuente":"OpenStreetMap Overpass","osm_tag":"amenity=place_of_worship","mun":""}},{"type":"Feature","geometry":{"type":"Point","coordinates":[-100.252144,25.770257]},"properties":{"name":"Cristo Buen Pastor","tipo":"iglesia","subtipo":null,"fuente":"OpenStreetMap Overpass","osm_tag":"amenity=place_of_worship","mun":""}},{"type":"Feature","geometry":{"type":"Point","coordinates":[-100.319413,25.677309]},"properties":{"name":"Centro de ayuda Un","tipo":"iglesia","subtipo":null,"fuente":"OpenStreetMap Overpass","osm_tag":"amenity=place_of_worship","mun":""}},{"type":"Feature","geometry":{"type":"Point","coordinates":[-100.321301,25.685416]},"properties":{"name":"Iglesia Cristo Rey","tipo":"iglesia","subtipo":null,"fuente":"OpenStreetMap Overpass","osm_tag":"amenity=place_of_worship","mun":""}},{"type":"Feature","geometry":{"type":"Point","coordinates":[-100.195317,25.733965]},"properties":{"name":"Parroquia San José","tipo":"iglesia","subtipo":null,"fuente":"OpenStreetMap Overpass","osm_tag":"amenity=place_of_worship","mun":""}},{"type":"Feature","geometry":{"type":"Point","coordinates":[-100.274129,25.742024]},"properties":{"name":"Iglesia San Jorge","tipo":"iglesia","subtipo":null,"fuente":"OpenStreetMap Overpass","osm_tag":"amenity=place_of_worship","mun":""}},{"type":"Feature","geometry":{"type":"Point","coordinates":[-100.095331,25.662339]},"properties":{"name":"Capilla San Judas","tipo":"iglesia","subtipo":null,"fuente":"OpenStreetMap Overpass","osm_tag":"amenity=place_of_worship","mun":""}},{"type":"Feature","geometry":{"type":"Point","coordinates":[-100.236705,25.719786]},"properties":{"name":"Familia Cristiana","tipo":"iglesia","subtipo":null,"fuente":"OpenStreetMap Overpass","osm_tag":"amenity=place_of_worship","mun":""}},{"type":"Feature","geometry":{"type":"Point","coordinates":[-100.599218,25.799758]},"properties":{"name":"Medalla Milagrosa","tipo":"iglesia","subtipo":null,"fuente":"OpenStreetMap Overpass","osm_tag":"amenity=place_of_worship","mun":""}},{"type":"Feature","geometry":{"type":"Point","coordinates":[-100.465293,25.66531]},"properties":{"name":"Roca Eterna Miepi","tipo":"iglesia","subtipo":null,"fuente":"OpenStreetMap Overpass","osm_tag":"amenity=place_of_worship","mun":""}},{"type":"Feature","geometry":{"type":"Point","coordinates":[-100.43112,25.697849]},"properties":{"name":"Ermita Schöenstat","tipo":"iglesia","subtipo":null,"fuente":"OpenStreetMap Overpass","osm_tag":"amenity=place_of_worship","mun":""}},{"type":"Feature","geometry":{"type":"Point","coordinates":[-100.451694,25.653626]},"properties":{"name":"Auditorio La Vid","tipo":"iglesia","subtipo":null,"fuente":"OpenStreetMap Overpass","osm_tag":"amenity=place_of_worship","mun":""}},{"type":"Feature","geometry":{"type":"Point","coordinates":[-100.258629,25.673088]},"properties":{"name":"Familia de la Fe","tipo":"iglesia","subtipo":null,"fuente":"OpenStreetMap Overpass","osm_tag":"amenity=place_of_worship","mun":"Monterrey"}},{"type":"Feature","geometry":{"type":"Point","coordinates":[-100.222533,25.54812]},"properties":{"name":"San José del Uro","tipo":"iglesia","subtipo":null,"fuente":"OpenStreetMap Overpass","osm_tag":"amenity=place_of_worship","mun":""}},{"type":"Feature","geometry":{"type":"Point","coordinates":[-100.464641,25.672742]},"properties":{"name":"Capilla San José","tipo":"iglesia","subtipo":null,"fuente":"OpenStreetMap Overpass","osm_tag":"amenity=place_of_worship","mun":""}},{"type":"Feature","geometry":{"type":"Point","coordinates":[-100.304764,25.638559]},"properties":{"name":"Templo Zabulon 2","tipo":"iglesia","subtipo":null,"fuente":"OpenStreetMap Overpass","osm_tag":"amenity=place_of_worship","mun":""}},{"type":"Feature","geometry":{"type":"Point","coordinates":[-100.270354,25.685891]},"properties":{"name":"Puerta del Cielo","tipo":"iglesia","subtipo":null,"fuente":"OpenStreetMap Overpass","osm_tag":"amenity=place_of_worship","mun":""}},{"type":"Feature","geometry":{"type":"Point","coordinates":[-100.440687,25.689659]},"properties":{"name":"Capilla San José","tipo":"iglesia","subtipo":null,"fuente":"OpenStreetMap Overpass","osm_tag":"amenity=place_of_worship","mun":""}},{"type":"Feature","geometry":{"type":"Point","coordinates":[-100.13812,25.663442]},"properties":{"name":"Templo Juan 3-16","tipo":"iglesia","subtipo":null,"fuente":"OpenStreetMap Overpass","osm_tag":"amenity=place_of_worship","mun":""}},{"type":"Feature","geometry":{"type":"Point","coordinates":[-100.313418,25.787259]},"properties":{"name":"Capilla San José","tipo":"iglesia","subtipo":null,"fuente":"OpenStreetMap Overpass","osm_tag":"amenity=place_of_worship","mun":""}},{"type":"Feature","geometry":{"type":"Point","coordinates":[-100.294843,25.75235]},"properties":{"name":"Puerta Abierta","tipo":"iglesia","subtipo":null,"fuente":"OpenStreetMap Overpass","osm_tag":"amenity=place_of_worship","mun":""}},{"type":"Feature","geometry":{"type":"Point","coordinates":[-100.297051,25.636093]},"properties":{"name":"Santa Eduviges","tipo":"iglesia","subtipo":null,"fuente":"OpenStreetMap Overpass","osm_tag":"amenity=place_of_worship","mun":""}},{"type":"Feature","geometry":{"type":"Point","coordinates":[-100.466079,25.66499]},"properties":{"name":"Corpus Christi","tipo":"iglesia","subtipo":null,"fuente":"OpenStreetMap Overpass","osm_tag":"amenity=place_of_worship","mun":""}},{"type":"Feature","geometry":{"type":"Point","coordinates":[-100.308434,25.735107]},"properties":{"name":"Espiritu Santo","tipo":"iglesia","subtipo":null,"fuente":"OpenStreetMap Overpass","osm_tag":"amenity=place_of_worship","mun":""}},{"type":"Feature","geometry":{"type":"Point","coordinates":[-100.182469,25.720734]},"properties":{"name":"Espiritu Santo","tipo":"iglesia","subtipo":null,"fuente":"OpenStreetMap Overpass","osm_tag":"amenity=place_of_worship","mun":""}},{"type":"Feature","geometry":{"type":"Point","coordinates":[-100.189859,25.743393]},"properties":{"name":"espíritu Santo","tipo":"iglesia","subtipo":null,"fuente":"OpenStreetMap Overpass","osm_tag":"amenity=place_of_worship","mun":""}},{"type":"Feature","geometry":{"type":"Point","coordinates":[-100.280882,25.707233]},"properties":{"name":"Factory Bimbo","tipo":"iglesia","subtipo":null,"fuente":"OpenStreetMap Overpass","osm_tag":"amenity=place_of_worship","mun":""}},{"type":"Feature","geometry":{"type":"Point","coordinates":[-100.117563,25.823608]},"properties":{"name":"Monte de Sion","tipo":"iglesia","subtipo":null,"fuente":"OpenStreetMap Overpass","osm_tag":"amenity=place_of_worship","mun":""}},{"type":"Feature","geometry":{"type":"Point","coordinates":[-100.440023,25.698456]},"properties":{"name":"Casa de Diego","tipo":"iglesia","subtipo":null,"fuente":"OpenStreetMap Overpass","osm_tag":"amenity=place_of_worship","mun":""}},{"type":"Feature","geometry":{"type":"Point","coordinates":[-100.256236,25.702922]},"properties":{"name":"Casa Alabanza","tipo":"iglesia","subtipo":null,"fuente":"OpenStreetMap Overpass","osm_tag":"amenity=place_of_worship","mun":""}},{"type":"Feature","geometry":{"type":"Point","coordinates":[-100.315073,25.800653]},"properties":{"name":"Lluvia Tardia","tipo":"iglesia","subtipo":null,"fuente":"OpenStreetMap Overpass","osm_tag":"amenity=place_of_worship","mun":""}},{"type":"Feature","geometry":{"type":"Point","coordinates":[-100.458556,25.660826]},"properties":{"name":"Cristo Obrero","tipo":"iglesia","subtipo":null,"fuente":"OpenStreetMap Overpass","osm_tag":"amenity=place_of_worship","mun":""}},{"type":"Feature","geometry":{"type":"Point","coordinates":[-100.28765,25.812939]},"properties":{"name":"La Esperanza","tipo":"iglesia","subtipo":null,"fuente":"OpenStreetMap Overpass","osm_tag":"amenity=place_of_worship","mun":""}},{"type":"Feature","geometry":{"type":"Point","coordinates":[-100.252411,25.775956]},"properties":{"name":"Cornerstone","tipo":"iglesia","subtipo":null,"fuente":"OpenStreetMap Overpass","osm_tag":"amenity=place_of_worship","mun":""}},{"type":"Feature","geometry":{"type":"Point","coordinates":[-100.314695,25.672227]},"properties":{"name":"Basílica de","tipo":"iglesia","subtipo":null,"fuente":"OpenStreetMap Overpass","osm_tag":"amenity=place_of_worship","mun":""}},{"type":"Feature","geometry":{"type":"Point","coordinates":[-100.43422,25.687294]},"properties":{"name":"El Calvario","tipo":"iglesia","subtipo":null,"fuente":"OpenStreetMap Overpass","osm_tag":"amenity=place_of_worship","mun":""}},{"type":"Feature","geometry":{"type":"Point","coordinates":[-100.253217,25.791183]},"properties":{"name":"San Marcos","tipo":"iglesia","subtipo":null,"fuente":"OpenStreetMap Overpass","osm_tag":"amenity=place_of_worship","mun":""}},{"type":"Feature","geometry":{"type":"Point","coordinates":[-100.187446,25.734049]},"properties":{"name":"Cristo Rey","tipo":"iglesia","subtipo":null,"fuente":"OpenStreetMap Overpass","osm_tag":"amenity=place_of_worship","mun":""}},{"type":"Feature","geometry":{"type":"Point","coordinates":[-100.25444,25.651499]},"properties":{"name":"La Virgen","tipo":"iglesia","subtipo":null,"fuente":"OpenStreetMap Overpass","osm_tag":"amenity=place_of_worship","mun":""}},{"type":"Feature","geometry":{"type":"Point","coordinates":[-100.162808,25.759676]},"properties":{"name":"Sta Clara","tipo":"iglesia","subtipo":null,"fuente":"OpenStreetMap Overpass","osm_tag":"amenity=place_of_worship","mun":""}},{"type":"Feature","geometry":{"type":"Point","coordinates":[-100.450194,25.690524]},"properties":{"name":"Bethesda","tipo":"iglesia","subtipo":null,"fuente":"OpenStreetMap Overpass","osm_tag":"amenity=place_of_worship","mun":""}},{"type":"Feature","geometry":{"type":"Point","coordinates":[-100.370345,25.757279]},"properties":{"name":"Capilla","tipo":"iglesia","subtipo":null,"fuente":"OpenStreetMap Overpass","osm_tag":"amenity=place_of_worship","mun":""}},{"type":"Feature","geometry":{"type":"Point","coordinates":[-100.352633,25.721357]},"properties":{"name":"Shalom","tipo":"iglesia","subtipo":null,"fuente":"OpenStreetMap Overpass","osm_tag":"amenity=place_of_worship","mun":"Monterrey"}},{"type":"Feature","geometry":{"type":"Point","coordinates":[-100.304381,25.649065]},"properties":{"name":"Roma","tipo":"iglesia","subtipo":null,"fuente":"OpenStreetMap Overpass","osm_tag":"amenity=place_of_worship","mun":""}},{"type":"Feature","geometry":{"type":"Point","coordinates":[-100.246259,25.817159]},"properties":{"name":"(sin nombre)","tipo":"iglesia","subtipo":null,"fuente":"OpenStreetMap Overpass","osm_tag":"amenity=place_of_worship","mun":""}},{"type":"Feature","geometry":{"type":"Point","coordinates":[-100.16708,25.952649]},"properties":{"name":"(sin nombre)","tipo":"iglesia","subtipo":null,"fuente":"OpenStreetMap Overpass","osm_tag":"amenity=place_of_worship","mun":""}},{"type":"Feature","geometry":{"type":"Point","coordinates":[-100.286179,25.667083]},"properties":{"name":"(sin nombre)","tipo":"iglesia","subtipo":null,"fuente":"OpenStreetMap Overpass","osm_tag":"amenity=place_of_worship","mun":""}},{"type":"Feature","geometry":{"type":"Point","coordinates":[-100.25333,25.783874]},"properties":{"name":"(sin nombre)","tipo":"iglesia","subtipo":null,"fuente":"OpenStreetMap Overpass","osm_tag":"amenity=place_of_worship","mun":""}},{"type":"Feature","geometry":{"type":"Point","coordinates":[-100.357621,25.689456]},"properties":{"name":"(sin nombre)","tipo":"iglesia","subtipo":null,"fuente":"OpenStreetMap Overpass","osm_tag":"amenity=place_of_worship","mun":""}},{"type":"Feature","geometry":{"type":"Point","coordinates":[-100.151241,25.813141]},"properties":{"name":"(sin nombre)","tipo":"iglesia","subtipo":null,"fuente":"OpenStreetMap Overpass","osm_tag":"amenity=place_of_worship","mun":""}},{"type":"Feature","geometry":{"type":"Point","coordinates":[-100.460843,25.690739]},"properties":{"name":"(sin nombre)","tipo":"iglesia","subtipo":null,"fuente":"OpenStreetMap Overpass","osm_tag":"amenity=place_of_worship","mun":""}},{"type":"Feature","geometry":{"type":"Point","coordinates":[-100.315216,25.866039]},"properties":{"name":"(sin nombre)","tipo":"iglesia","subtipo":null,"fuente":"OpenStreetMap Overpass","osm_tag":"amenity=place_of_worship","mun":""}},{"type":"Feature","geometry":{"type":"Point","coordinates":[-100.302019,25.737817]},"properties":{"name":"(sin nombre)","tipo":"iglesia","subtipo":null,"fuente":"OpenStreetMap Overpass","osm_tag":"amenity=place_of_worship","mun":""}},{"type":"Feature","geometry":{"type":"Point","coordinates":[-100.116442,25.689358]},"properties":{"name":"(sin nombre)","tipo":"iglesia","subtipo":null,"fuente":"OpenStreetMap Overpass","osm_tag":"amenity=place_of_worship","mun":""}},{"type":"Feature","geometry":{"type":"Point","coordinates":[-100.098874,25.692423]},"properties":{"name":"(sin nombre)","tipo":"iglesia","subtipo":null,"fuente":"OpenStreetMap Overpass","osm_tag":"amenity=place_of_worship","mun":""}},{"type":"Feature","geometry":{"type":"Point","coordinates":[-100.11069,25.695356]},"properties":{"name":"(sin nombre)","tipo":"iglesia","subtipo":null,"fuente":"OpenStreetMap Overpass","osm_tag":"amenity=place_of_worship","mun":""}},{"type":"Feature","geometry":{"type":"Point","coordinates":[-100.271957,25.659143]},"properties":{"name":"(sin nombre)","tipo":"iglesia","subtipo":null,"fuente":"OpenStreetMap Overpass","osm_tag":"amenity=place_of_worship","mun":""}},{"type":"Feature","geometry":{"type":"Point","coordinates":[-100.239746,25.66996]},"properties":{"name":"(sin nombre)","tipo":"iglesia","subtipo":null,"fuente":"OpenStreetMap Overpass","osm_tag":"amenity=place_of_worship","mun":""}},{"type":"Feature","geometry":{"type":"Point","coordinates":[-100.260527,25.589951]},"properties":{"name":"(sin nombre)","tipo":"iglesia","subtipo":null,"fuente":"OpenStreetMap Overpass","osm_tag":"amenity=place_of_worship","mun":""}},{"type":"Feature","geometry":{"type":"Point","coordinates":[-100.31459,25.657632]},"properties":{"name":"(sin nombre)","tipo":"iglesia","subtipo":null,"fuente":"OpenStreetMap Overpass","osm_tag":"amenity=place_of_worship","mun":""}},{"type":"Feature","geometry":{"type":"Point","coordinates":[-100.255205,25.70766]},"properties":{"name":"(sin nombre)","tipo":"iglesia","subtipo":null,"fuente":"OpenStreetMap Overpass","osm_tag":"amenity=place_of_worship","mun":""}},{"type":"Feature","geometry":{"type":"Point","coordinates":[-100.266655,25.705405]},"properties":{"name":"(sin nombre)","tipo":"iglesia","subtipo":null,"fuente":"OpenStreetMap Overpass","osm_tag":"amenity=place_of_worship","mun":""}},{"type":"Feature","geometry":{"type":"Point","coordinates":[-100.208889,25.684031]},"properties":{"name":"(sin nombre)","tipo":"iglesia","subtipo":null,"fuente":"OpenStreetMap Overpass","osm_tag":"amenity=place_of_worship","mun":""}},{"type":"Feature","geometry":{"type":"Point","coordinates":[-100.225492,25.663229]},"properties":{"name":"(sin nombre)","tipo":"iglesia","subtipo":null,"fuente":"OpenStreetMap Overpass","osm_tag":"amenity=place_of_worship","mun":""}},{"type":"Feature","geometry":{"type":"Point","coordinates":[-100.322232,25.808314]},"properties":{"name":"(sin nombre)","tipo":"iglesia","subtipo":null,"fuente":"OpenStreetMap Overpass","osm_tag":"amenity=place_of_worship","mun":"General Escobedo"}},{"type":"Feature","geometry":{"type":"Point","coordinates":[-100.240982,25.759662]},"properties":{"name":"(sin nombre)","tipo":"iglesia","subtipo":null,"fuente":"OpenStreetMap Overpass","osm_tag":"amenity=place_of_worship","mun":""}},{"type":"Feature","geometry":{"type":"Point","coordinates":[-100.220399,25.920707]},"properties":{"name":"(sin nombre)","tipo":"iglesia","subtipo":null,"fuente":"OpenStreetMap Overpass","osm_tag":"amenity=place_of_worship","mun":""}},{"type":"Feature","geometry":{"type":"Point","coordinates":[-100.279602,25.903132]},"properties":{"name":"(sin nombre)","tipo":"iglesia","subtipo":null,"fuente":"OpenStreetMap Overpass","osm_tag":"amenity=place_of_worship","mun":""}},{"type":"Feature","geometry":{"type":"Point","coordinates":[-100.266629,25.740876]},"properties":{"name":"(sin nombre)","tipo":"iglesia","subtipo":null,"fuente":"OpenStreetMap Overpass","osm_tag":"amenity=place_of_worship","mun":""}},{"type":"Feature","geometry":{"type":"Point","coordinates":[-100.205947,25.722942]},"properties":{"name":"(sin nombre)","tipo":"iglesia","subtipo":null,"fuente":"OpenStreetMap Overpass","osm_tag":"amenity=place_of_worship","mun":""}},{"type":"Feature","geometry":{"type":"Point","coordinates":[-100.242684,25.765917]},"properties":{"name":"(sin nombre)","tipo":"iglesia","subtipo":null,"fuente":"OpenStreetMap Overpass","osm_tag":"amenity=place_of_worship","mun":""}},{"type":"Feature","geometry":{"type":"Point","coordinates":[-100.251774,25.753368]},"properties":{"name":"(sin nombre)","tipo":"iglesia","subtipo":null,"fuente":"OpenStreetMap Overpass","osm_tag":"amenity=place_of_worship","mun":""}},{"type":"Feature","geometry":{"type":"Point","coordinates":[-100.325544,25.698631]},"properties":{"name":"(sin nombre)","tipo":"iglesia","subtipo":null,"fuente":"OpenStreetMap Overpass","osm_tag":"amenity=place_of_worship","mun":""}},{"type":"Feature","geometry":{"type":"Point","coordinates":[-100.274048,25.755262]},"properties":{"name":"(sin nombre)","tipo":"iglesia","subtipo":null,"fuente":"OpenStreetMap Overpass","osm_tag":"amenity=place_of_worship","mun":""}},{"type":"Feature","geometry":{"type":"Point","coordinates":[-100.195714,25.661319]},"properties":{"name":"(sin nombre)","tipo":"iglesia","subtipo":null,"fuente":"OpenStreetMap Overpass","osm_tag":"amenity=place_of_worship","mun":""}},{"type":"Feature","geometry":{"type":"Point","coordinates":[-100.183946,25.733149]},"properties":{"name":"(sin nombre)","tipo":"iglesia","subtipo":null,"fuente":"OpenStreetMap Overpass","osm_tag":"amenity=place_of_worship","mun":""}},{"type":"Feature","geometry":{"type":"Point","coordinates":[-100.296642,25.730229]},"properties":{"name":"(sin nombre)","tipo":"iglesia","subtipo":null,"fuente":"OpenStreetMap Overpass","osm_tag":"amenity=place_of_worship","mun":""}},{"type":"Feature","geometry":{"type":"Point","coordinates":[-100.187864,25.663442]},"properties":{"name":"(sin nombre)","tipo":"iglesia","subtipo":null,"fuente":"OpenStreetMap Overpass","osm_tag":"amenity=place_of_worship","mun":""}},{"type":"Feature","geometry":{"type":"Point","coordinates":[-100.163497,25.709307]},"properties":{"name":"(sin nombre)","tipo":"iglesia","subtipo":null,"fuente":"OpenStreetMap Overpass","osm_tag":"amenity=place_of_worship","mun":""}},{"type":"Feature","geometry":{"type":"Point","coordinates":[-100.203946,25.669125]},"properties":{"name":"(sin nombre)","tipo":"iglesia","subtipo":null,"fuente":"OpenStreetMap Overpass","osm_tag":"amenity=place_of_worship","mun":""}},{"type":"Feature","geometry":{"type":"Point","coordinates":[-100.05336,25.782777]},"properties":{"name":"(sin nombre)","tipo":"iglesia","subtipo":null,"fuente":"OpenStreetMap Overpass","osm_tag":"amenity=place_of_worship","mun":"Pesquería"}},{"type":"Feature","geometry":{"type":"Point","coordinates":[-100.342008,25.717405]},"properties":{"name":"(sin nombre)","tipo":"iglesia","subtipo":null,"fuente":"OpenStreetMap Overpass","osm_tag":"amenity=place_of_worship","mun":""}},{"type":"Feature","geometry":{"type":"Point","coordinates":[-100.049118,25.787839]},"properties":{"name":"(sin nombre)","tipo":"iglesia","subtipo":null,"fuente":"OpenStreetMap Overpass","osm_tag":"amenity=place_of_worship","mun":""}},{"type":"Feature","geometry":{"type":"Point","coordinates":[-100.383556,25.764864]},"properties":{"name":"(sin nombre)","tipo":"iglesia","subtipo":null,"fuente":"OpenStreetMap Overpass","osm_tag":"amenity=place_of_worship","mun":""}},{"type":"Feature","geometry":{"type":"Point","coordinates":[-100.375808,25.773003]},"properties":{"name":"(sin nombre)","tipo":"iglesia","subtipo":null,"fuente":"OpenStreetMap Overpass","osm_tag":"amenity=place_of_worship","mun":""}},{"type":"Feature","geometry":{"type":"Point","coordinates":[-100.276017,25.716285]},"properties":{"name":"(sin nombre)","tipo":"iglesia","subtipo":null,"fuente":"OpenStreetMap Overpass","osm_tag":"amenity=place_of_worship","mun":""}},{"type":"Feature","geometry":{"type":"Point","coordinates":[-100.27736,25.715441]},"properties":{"name":"(sin nombre)","tipo":"iglesia","subtipo":null,"fuente":"OpenStreetMap Overpass","osm_tag":"amenity=place_of_worship","mun":""}},{"type":"Feature","geometry":{"type":"Point","coordinates":[-100.276828,25.718543]},"properties":{"name":"(sin nombre)","tipo":"iglesia","subtipo":null,"fuente":"OpenStreetMap Overpass","osm_tag":"amenity=place_of_worship","mun":""}},{"type":"Feature","geometry":{"type":"Point","coordinates":[-100.530364,26.001144]},"properties":{"name":"(sin nombre)","tipo":"iglesia","subtipo":null,"fuente":"OpenStreetMap Overpass","osm_tag":"amenity=place_of_worship","mun":""}},{"type":"Feature","geometry":{"type":"Point","coordinates":[-100.37142,25.649827]},"properties":{"name":"(sin nombre)","tipo":"iglesia","subtipo":null,"fuente":"OpenStreetMap Overpass","osm_tag":"amenity=place_of_worship","mun":""}},{"type":"Feature","geometry":{"type":"Point","coordinates":[-100.304869,25.648371]},"properties":{"name":"(sin nombre)","tipo":"iglesia","subtipo":null,"fuente":"OpenStreetMap Overpass","osm_tag":"amenity=place_of_worship","mun":""}},{"type":"Feature","geometry":{"type":"Point","coordinates":[-100.25229,25.713244]},"properties":{"name":"(sin nombre)","tipo":"iglesia","subtipo":null,"fuente":"OpenStreetMap Overpass","osm_tag":"amenity=place_of_worship","mun":""}},{"type":"Feature","geometry":{"type":"Point","coordinates":[-100.287515,25.811064]},"properties":{"name":"(sin nombre)","tipo":"iglesia","subtipo":null,"fuente":"OpenStreetMap Overpass","osm_tag":"amenity=place_of_worship","mun":""}},{"type":"Feature","geometry":{"type":"Point","coordinates":[-100.387737,25.489954]},"properties":{"name":"(sin nombre)","tipo":"iglesia","subtipo":null,"fuente":"OpenStreetMap Overpass","osm_tag":"amenity=place_of_worship","mun":""}},{"type":"Feature","geometry":{"type":"Point","coordinates":[-99.992725,25.598629]},"properties":{"name":"(sin nombre)","tipo":"iglesia","subtipo":null,"fuente":"OpenStreetMap Overpass","osm_tag":"amenity=place_of_worship","mun":""}},{"type":"Feature","geometry":{"type":"Point","coordinates":[-100.037075,25.876476]},"properties":{"name":"(sin nombre)","tipo":"iglesia","subtipo":null,"fuente":"OpenStreetMap Overpass","osm_tag":"amenity=place_of_worship","mun":""}},{"type":"Feature","geometry":{"type":"Point","coordinates":[-100.315648,25.735876]},"properties":{"name":"(sin nombre)","tipo":"iglesia","subtipo":null,"fuente":"OpenStreetMap Overpass","osm_tag":"amenity=place_of_worship","mun":""}},{"type":"Feature","geometry":{"type":"Point","coordinates":[-100.294992,25.657762]},"properties":{"name":"(sin nombre)","tipo":"iglesia","subtipo":null,"fuente":"OpenStreetMap Overpass","osm_tag":"amenity=place_of_worship","mun":"monterrey"}},{"type":"Feature","geometry":{"type":"Point","coordinates":[-100.283911,25.653717]},"properties":{"name":"(sin nombre)","tipo":"iglesia","subtipo":null,"fuente":"OpenStreetMap Overpass","osm_tag":"amenity=place_of_worship","mun":"Monterrey"}},{"type":"Feature","geometry":{"type":"Point","coordinates":[-100.187918,25.781963]},"properties":{"name":"(sin nombre)","tipo":"iglesia","subtipo":null,"fuente":"OpenStreetMap Overpass","osm_tag":"amenity=place_of_worship","mun":""}},{"type":"Feature","geometry":{"type":"Point","coordinates":[-100.327564,25.711449]},"properties":{"name":"(sin nombre)","tipo":"iglesia","subtipo":null,"fuente":"OpenStreetMap Overpass","osm_tag":"amenity=place_of_worship","mun":""}},{"type":"Feature","geometry":{"type":"Point","coordinates":[-100.260166,25.766473]},"properties":{"name":"(sin nombre)","tipo":"iglesia","subtipo":null,"fuente":"OpenStreetMap Overpass","osm_tag":"amenity=place_of_worship","mun":""}},{"type":"Feature","geometry":{"type":"Point","coordinates":[-100.327397,25.723358]},"properties":{"name":"(sin nombre)","tipo":"iglesia","subtipo":null,"fuente":"OpenStreetMap Overpass","osm_tag":"amenity=place_of_worship","mun":""}},{"type":"Feature","geometry":{"type":"Point","coordinates":[-100.11027,25.609717]},"properties":{"name":"(sin nombre)","tipo":"iglesia","subtipo":null,"fuente":"OpenStreetMap Overpass","osm_tag":"amenity=place_of_worship","mun":""}},{"type":"Feature","geometry":{"type":"Point","coordinates":[-100.304591,25.739821]},"properties":{"name":"(sin nombre)","tipo":"iglesia","subtipo":null,"fuente":"OpenStreetMap Overpass","osm_tag":"amenity=place_of_worship","mun":""}},{"type":"Feature","geometry":{"type":"Point","coordinates":[-100.362741,25.681137]},"properties":{"name":"Clinica de Rehabilitacion de la Escuela y Preparatoria Tecnica Médica","tipo":"hospital","subtipo":null,"fuente":"OpenStreetMap Overpass","osm_tag":"amenity=hospital","mun":""}},{"type":"Feature","geometry":{"type":"Point","coordinates":[-100.14008,25.792404]},"properties":{"name":"Clinica de Zona 67 Bicentenario de la Independencia","tipo":"hospital","subtipo":null,"fuente":"OpenStreetMap Overpass","osm_tag":"amenity=hospital","mun":""}},{"type":"Feature","geometry":{"type":"Point","coordinates":[-100.334362,25.797716]},"properties":{"name":"Clínica de Medicina Familiar General Escobedo, N.L.","tipo":"hospital","subtipo":null,"fuente":"OpenStreetMap Overpass","osm_tag":"amenity=hospital","mun":""}},{"type":"Feature","geometry":{"type":"Point","coordinates":[-100.045985,25.790001]},"properties":{"name":"Unidad Médica de Especialidades Pesquería (UNEME)","tipo":"hospital","subtipo":null,"fuente":"OpenStreetMap Overpass","osm_tag":"amenity=hospital","mun":""}},{"type":"Feature","geometry":{"type":"Point","coordinates":[-100.2744,25.714172]},"properties":{"name":"Hospital Metropolitano Torre de Hospitalizacion","tipo":"hospital","subtipo":null,"fuente":"OpenStreetMap Overpass","osm_tag":"amenity=clinic","mun":"Monterrey"}},{"type":"Feature","geometry":{"type":"Point","coordinates":[-100.330873,25.78171]},"properties":{"name":"Unidad Básica de Rehabilitación San Genaro","tipo":"hospital","subtipo":null,"fuente":"OpenStreetMap Overpass","osm_tag":"amenity=hospital","mun":""}},{"type":"Feature","geometry":{"type":"Point","coordinates":[-100.337217,25.668978]},"properties":{"name":"Clinica Hospital \"A\" Constitución ISSSTE","tipo":"hospital","subtipo":null,"fuente":"OpenStreetMap Overpass","osm_tag":"amenity=hospital","mun":""}},{"type":"Feature","geometry":{"type":"Point","coordinates":[-100.242181,25.718716]},"properties":{"name":"CHRISTUS MUGUERZA Hospital San Nicolás","tipo":"hospital","subtipo":null,"fuente":"OpenStreetMap Overpass","osm_tag":"amenity=hospital","mun":""}},{"type":"Feature","geometry":{"type":"Point","coordinates":[-100.322641,25.732193]},"properties":{"name":"Hospital Regional de Psiquiatría # 22","tipo":"hospital","subtipo":null,"fuente":"OpenStreetMap Overpass","osm_tag":"amenity=hospital","mun":"Monterrey"}},{"type":"Feature","geometry":{"type":"Point","coordinates":[-100.33779,25.674307]},"properties":{"name":"Christus Muguerza - Hospital Conchita","tipo":"hospital","subtipo":null,"fuente":"OpenStreetMap Overpass","osm_tag":"amenity=hospital","mun":""}},{"type":"Feature","geometry":{"type":"Point","coordinates":[-100.287852,25.663625]},"properties":{"name":"Unidad de rehabilitación psiquiátrica","tipo":"hospital","subtipo":null,"fuente":"OpenStreetMap Overpass","osm_tag":"amenity=hospital","mun":""}},{"type":"Feature","geometry":{"type":"Point","coordinates":[-100.308134,25.687836]},"properties":{"name":"Christus Muguerza Hospital Vidriera","tipo":"hospital","subtipo":null,"fuente":"OpenStreetMap Overpass","osm_tag":"amenity=hospital","mun":""}},{"type":"Feature","geometry":{"type":"Point","coordinates":[-100.461251,25.697321]},"properties":{"name":"Centro de Salud Integral Tec de Mty","tipo":"hospital","subtipo":null,"fuente":"OpenStreetMap Overpass","osm_tag":"amenity=hospital","mun":""}},{"type":"Feature","geometry":{"type":"Point","coordinates":[-100.370987,25.652111]},"properties":{"name":"CHRISTUS MUGUERZA Clínica San Pedro","tipo":"hospital","subtipo":null,"fuente":"OpenStreetMap Overpass","osm_tag":"amenity=clinic","mun":""}},{"type":"Feature","geometry":{"type":"Point","coordinates":[-100.351484,25.668213]},"properties":{"name":"Hospital San Jose Tec de Monterrey","tipo":"hospital","subtipo":null,"fuente":"OpenStreetMap Overpass","osm_tag":"amenity=hospital","mun":""}},{"type":"Feature","geometry":{"type":"Point","coordinates":[-100.359417,25.708922]},"properties":{"name":"Hospital Regional Monterrey ISSSTE","tipo":"hospital","subtipo":null,"fuente":"OpenStreetMap Overpass","osm_tag":"amenity=hospital","mun":""}},{"type":"Feature","geometry":{"type":"Point","coordinates":[-100.316038,25.698243]},"properties":{"name":"Cruz Roja Mexicana Del. Monterrey","tipo":"hospital","subtipo":null,"fuente":"OpenStreetMap Overpass","osm_tag":"amenity=hospital","mun":""}},{"type":"Feature","geometry":{"type":"Point","coordinates":[-100.094338,25.644886]},"properties":{"name":"Unidad de Medicina Familiar No:20","tipo":"hospital","subtipo":null,"fuente":"OpenStreetMap Overpass","osm_tag":"amenity=hospital","mun":""}},{"type":"Feature","geometry":{"type":"Point","coordinates":[-100.220345,25.693557]},"properties":{"name":"Clinica Universitaria San Rafael","tipo":"hospital","subtipo":null,"fuente":"OpenStreetMap Overpass","osm_tag":"amenity=hospital","mun":""}},{"type":"Feature","geometry":{"type":"Point","coordinates":[-100.248999,25.579956]},"properties":{"name":"CLINICA REHABILITA SUR la rioja","tipo":"hospital","subtipo":null,"fuente":"OpenStreetMap Overpass","osm_tag":"amenity=hospital","mun":"Monterrey"}},{"type":"Feature","geometry":{"type":"Point","coordinates":[-100.347756,25.709366]},"properties":{"name":"Hospital de la SNTE Sección 50","tipo":"hospital","subtipo":null,"fuente":"OpenStreetMap Overpass","osm_tag":"amenity=hospital","mun":""}},{"type":"Feature","geometry":{"type":"Point","coordinates":[-100.257767,25.589047]},"properties":{"name":"Christus Muguerza Estanzuela","tipo":"hospital","subtipo":null,"fuente":"OpenStreetMap Overpass","osm_tag":"amenity=hospital","mun":""}},{"type":"Feature","geometry":{"type":"Point","coordinates":[-100.192299,25.695377]},"properties":{"name":"Centro de Salud Fomerrey 31","tipo":"hospital","subtipo":null,"fuente":"OpenStreetMap Overpass","osm_tag":"amenity=hospital","mun":""}},{"type":"Feature","geometry":{"type":"Point","coordinates":[-100.267818,25.753145]},"properties":{"name":"Centro Médico Santo Domingo","tipo":"hospital","subtipo":null,"fuente":"OpenStreetMap Overpass","osm_tag":"amenity=hospital","mun":""}},{"type":"Feature","geometry":{"type":"Point","coordinates":[-100.223612,25.707512]},"properties":{"name":"Hospital Clínica San Benito","tipo":"hospital","subtipo":null,"fuente":"OpenStreetMap Overpass","osm_tag":"amenity=hospital","mun":""}},{"type":"Feature","geometry":{"type":"Point","coordinates":[-100.212852,25.675999]},"properties":{"name":"Medico Familiar ISSSTE 803","tipo":"hospital","subtipo":null,"fuente":"OpenStreetMap Overpass","osm_tag":"amenity=hospital","mun":""}},{"type":"Feature","geometry":{"type":"Point","coordinates":[-100.341865,25.740643]},"properties":{"name":"Hospital Tierra y Libertad","tipo":"hospital","subtipo":null,"fuente":"OpenStreetMap Overpass","osm_tag":"amenity=hospital","mun":"Monterrey"}},{"type":"Feature","geometry":{"type":"Point","coordinates":[-100.082246,25.653768]},"properties":{"name":"Hospital General de Juárez","tipo":"hospital","subtipo":null,"fuente":"OpenStreetMap Overpass","osm_tag":"amenity=hospital","mun":""}},{"type":"Feature","geometry":{"type":"Point","coordinates":[-100.227866,25.570829]},"properties":{"name":"Estancia Felicidad De Vida","tipo":"hospital","subtipo":null,"fuente":"OpenStreetMap Overpass","osm_tag":"amenity=hospital","mun":""}},{"type":"Feature","geometry":{"type":"Point","coordinates":[-100.245778,25.691679]},"properties":{"name":"Doctor Hospital East Auna","tipo":"hospital","subtipo":null,"fuente":"OpenStreetMap Overpass","osm_tag":"amenity=hospital","mun":""}},{"type":"Feature","geometry":{"type":"Point","coordinates":[-100.340866,25.669918]},"properties":{"name":"Centro Medico de la Mujer","tipo":"hospital","subtipo":null,"fuente":"OpenStreetMap Overpass","osm_tag":"amenity=hospital","mun":"Monterrey"}},{"type":"Feature","geometry":{"type":"Point","coordinates":[-100.338082,25.699173]},"properties":{"name":"Centro Medico Los Angeles","tipo":"hospital","subtipo":null,"fuente":"OpenStreetMap Overpass","osm_tag":"amenity=hospital","mun":""}},{"type":"Feature","geometry":{"type":"Point","coordinates":[-100.360541,25.934994]},"properties":{"name":"Centro de Salud El Carmen","tipo":"hospital","subtipo":null,"fuente":"OpenStreetMap Overpass","osm_tag":"amenity=hospital","mun":""}},{"type":"Feature","geometry":{"type":"Point","coordinates":[-100.333821,25.64711]},"properties":{"name":"Hospital Zambrano Hellion","tipo":"hospital","subtipo":null,"fuente":"OpenStreetMap Overpass","osm_tag":"amenity=hospital","mun":""}},{"type":"Feature","geometry":{"type":"Point","coordinates":[-100.379937,25.713274]},"properties":{"name":"Hospital Felipe de Jesús","tipo":"hospital","subtipo":null,"fuente":"OpenStreetMap Overpass","osm_tag":"amenity=hospital","mun":""}},{"type":"Feature","geometry":{"type":"Point","coordinates":[-100.564798,25.805797]},"properties":{"name":"CENTRO MEDICO DR. KUMATE","tipo":"hospital","subtipo":null,"fuente":"OpenStreetMap Overpass","osm_tag":"amenity=hospital","mun":"VALLE DE SAN BLAS"}},{"type":"Feature","geometry":{"type":"Point","coordinates":[-100.34589,25.672604]},"properties":{"name":"Centro Quirurgico NeoMed","tipo":"hospital","subtipo":null,"fuente":"OpenStreetMap Overpass","osm_tag":"amenity=hospital","mun":"Monterrey"}},{"type":"Feature","geometry":{"type":"Point","coordinates":[-100.370439,25.728819]},"properties":{"name":"Hospital #34 Cardiología","tipo":"hospital","subtipo":null,"fuente":"OpenStreetMap Overpass","osm_tag":"amenity=hospital","mun":""}},{"type":"Feature","geometry":{"type":"Point","coordinates":[-100.319361,25.671861]},"properties":{"name":"Hospital de Zona No. 21","tipo":"hospital","subtipo":null,"fuente":"OpenStreetMap Overpass","osm_tag":"amenity=hospital","mun":""}},{"type":"Feature","geometry":{"type":"Point","coordinates":[-100.298026,25.670916]},"properties":{"name":"Hospital Gral zona #33","tipo":"hospital","subtipo":null,"fuente":"OpenStreetMap Overpass","osm_tag":"amenity=hospital","mun":""}},{"type":"Feature","geometry":{"type":"Point","coordinates":[-100.345505,25.679201]},"properties":{"name":"Centro Médico La Salle","tipo":"hospital","subtipo":null,"fuente":"OpenStreetMap Overpass","osm_tag":"amenity=hospital","mun":"Monterrey"}},{"type":"Feature","geometry":{"type":"Point","coordinates":[-100.300608,25.73234]},"properties":{"name":"Hospital Clínica Nova","tipo":"hospital","subtipo":null,"fuente":"OpenStreetMap Overpass","osm_tag":"amenity=hospital","mun":""}},{"type":"Feature","geometry":{"type":"Point","coordinates":[-100.288394,25.787005]},"properties":{"name":"Hospital Psiquiátrico","tipo":"hospital","subtipo":null,"fuente":"OpenStreetMap Overpass","osm_tag":"amenity=hospital","mun":""}},{"type":"Feature","geometry":{"type":"Point","coordinates":[-100.296153,25.670488]},"properties":{"name":"Hospital Familiar #2","tipo":"hospital","subtipo":null,"fuente":"OpenStreetMap Overpass","osm_tag":"amenity=hospital","mun":""}},{"type":"Feature","geometry":{"type":"Point","coordinates":[-100.320332,25.6451]},"properties":{"name":"Hospital Los Angeles","tipo":"hospital","subtipo":null,"fuente":"OpenStreetMap Overpass","osm_tag":"amenity=hospital","mun":""}},{"type":"Feature","geometry":{"type":"Point","coordinates":[-100.283778,25.703155]},"properties":{"name":"IMSS Clinica No. 15","tipo":"hospital","subtipo":null,"fuente":"OpenStreetMap Overpass","osm_tag":"amenity=hospital","mun":""}},{"type":"Feature","geometry":{"type":"Point","coordinates":[-100.237949,25.677736]},"properties":{"name":"Clinica UMF 27 IMSS","tipo":"hospital","subtipo":null,"fuente":"OpenStreetMap Overpass","osm_tag":"amenity=hospital","mun":""}},{"type":"Feature","geometry":{"type":"Point","coordinates":[-100.258564,25.778131]},"properties":{"name":"Hospital Sacramento","tipo":"hospital","subtipo":null,"fuente":"OpenStreetMap Overpass","osm_tag":"amenity=clinic","mun":""}},{"type":"Feature","geometry":{"type":"Point","coordinates":[-100.366738,25.937836]},"properties":{"name":"IMSS Clinica No.42","tipo":"hospital","subtipo":null,"fuente":"OpenStreetMap Overpass","osm_tag":"amenity=hospital","mun":""}},{"type":"Feature","geometry":{"type":"Point","coordinates":[-100.238136,25.563796]},"properties":{"name":"Cruz Roja Mexicana","tipo":"hospital","subtipo":null,"fuente":"OpenStreetMap Overpass","osm_tag":"amenity=hospital","mun":""}},{"type":"Feature","geometry":{"type":"Point","coordinates":[-100.467103,25.695938]},"properties":{"name":"Cruz Roja Mexicana","tipo":"hospital","subtipo":null,"fuente":"OpenStreetMap Overpass","osm_tag":"amenity=hospital","mun":""}},{"type":"Feature","geometry":{"type":"Point","coordinates":[-100.223358,25.694218]},"properties":{"name":"Hospital Regionale","tipo":"hospital","subtipo":null,"fuente":"OpenStreetMap Overpass","osm_tag":"amenity=hospital","mun":""}},{"type":"Feature","geometry":{"type":"Point","coordinates":[-100.599852,25.797851]},"properties":{"name":"Cruz Roja Mexicana","tipo":"hospital","subtipo":null,"fuente":"OpenStreetMap Overpass","osm_tag":"amenity=hospital","mun":""}},{"type":"Feature","geometry":{"type":"Point","coordinates":[-100.287708,25.689271]},"properties":{"name":"Hospital Monterrey","tipo":"hospital","subtipo":null,"fuente":"OpenStreetMap Overpass","osm_tag":"amenity=clinic","mun":""}},{"type":"Feature","geometry":{"type":"Point","coordinates":[-100.253479,25.7925]},"properties":{"name":"Cruz Roja Mexicana","tipo":"hospital","subtipo":null,"fuente":"OpenStreetMap Overpass","osm_tag":"amenity=clinic","mun":""}},{"type":"Feature","geometry":{"type":"Point","coordinates":[-100.346195,25.665379]},"properties":{"name":"Hospital Practimed","tipo":"hospital","subtipo":null,"fuente":"OpenStreetMap Overpass","osm_tag":"amenity=clinic","mun":""}},{"type":"Feature","geometry":{"type":"Point","coordinates":[-100.010946,25.574484]},"properties":{"name":"Hospital de Pemex","tipo":"hospital","subtipo":null,"fuente":"OpenStreetMap Overpass","osm_tag":"amenity=hospital","mun":""}},{"type":"Feature","geometry":{"type":"Point","coordinates":[-100.348375,25.673234]},"properties":{"name":"Christus Muguerza","tipo":"hospital","subtipo":null,"fuente":"OpenStreetMap Overpass","osm_tag":"amenity=hospital","mun":""}},{"type":"Feature","geometry":{"type":"Point","coordinates":[-100.277152,25.770132]},"properties":{"name":"Christus Muguerza","tipo":"hospital","subtipo":null,"fuente":"OpenStreetMap Overpass","osm_tag":"amenity=clinic","mun":""}},{"type":"Feature","geometry":{"type":"Point","coordinates":[-100.30288,25.734579]},"properties":{"name":"Christus Muguerza","tipo":"hospital","subtipo":null,"fuente":"OpenStreetMap Overpass","osm_tag":"amenity=clinic","mun":""}},{"type":"Feature","geometry":{"type":"Point","coordinates":[-100.611302,25.803103]},"properties":{"name":"Supera Urgencias","tipo":"hospital","subtipo":null,"fuente":"OpenStreetMap Overpass","osm_tag":"amenity=hospital","mun":""}},{"type":"Feature","geometry":{"type":"Point","coordinates":[-100.279161,25.711929]},"properties":{"name":"Hospital Nogalar","tipo":"hospital","subtipo":null,"fuente":"OpenStreetMap Overpass","osm_tag":"amenity=hospital","mun":""}},{"type":"Feature","geometry":{"type":"Point","coordinates":[-100.356223,25.684901]},"properties":{"name":"Doctors Hospital","tipo":"hospital","subtipo":null,"fuente":"OpenStreetMap Overpass","osm_tag":"amenity=hospital","mun":""}},{"type":"Feature","geometry":{"type":"Point","coordinates":[-100.320375,25.70614]},"properties":{"name":"Nuevo Nacimiento","tipo":"hospital","subtipo":null,"fuente":"OpenStreetMap Overpass","osm_tag":"amenity=hospital","mun":""}},{"type":"Feature","geometry":{"type":"Point","coordinates":[-100.349779,25.716053]},"properties":{"name":"Especialidades","tipo":"hospital","subtipo":null,"fuente":"OpenStreetMap Overpass","osm_tag":"amenity=hospital","mun":""}},{"type":"Feature","geometry":{"type":"Point","coordinates":[-100.200119,25.662918]},"properties":{"name":"IMSS U.M.F. 29","tipo":"hospital","subtipo":null,"fuente":"OpenStreetMap Overpass","osm_tag":"amenity=hospital","mun":""}},{"type":"Feature","geometry":{"type":"Point","coordinates":[-100.296901,25.758775]},"properties":{"name":"Hospital Roble","tipo":"hospital","subtipo":null,"fuente":"OpenStreetMap Overpass","osm_tag":"amenity=hospital","mun":""}},{"type":"Feature","geometry":{"type":"Point","coordinates":[-100.342201,25.807533]},"properties":{"name":"Hospital CEMPE","tipo":"hospital","subtipo":null,"fuente":"OpenStreetMap Overpass","osm_tag":"amenity=hospital","mun":""}},{"type":"Feature","geometry":{"type":"Point","coordinates":[-100.297058,25.683723]},"properties":{"name":"Clinia 3 IMSS","tipo":"hospital","subtipo":null,"fuente":"OpenStreetMap Overpass","osm_tag":"amenity=hospital","mun":""}},{"type":"Feature","geometry":{"type":"Point","coordinates":[-100.161534,25.901053]},"properties":{"name":"Supera Zuazua","tipo":"hospital","subtipo":null,"fuente":"OpenStreetMap Overpass","osm_tag":"amenity=hospital","mun":""}},{"type":"Feature","geometry":{"type":"Point","coordinates":[-100.347447,25.672942]},"properties":{"name":"Sierra Madre","tipo":"hospital","subtipo":null,"fuente":"OpenStreetMap Overpass","osm_tag":"amenity=hospital","mun":""}},{"type":"Feature","geometry":{"type":"Point","coordinates":[-100.283936,25.653609]},"properties":{"name":"Maria Luisa","tipo":"hospital","subtipo":null,"fuente":"OpenStreetMap Overpass","osm_tag":"amenity=hospital","mun":""}},{"type":"Feature","geometry":{"type":"Point","coordinates":[-100.239527,25.684238]},"properties":{"name":"UMF 27 IMSS","tipo":"hospital","subtipo":null,"fuente":"OpenStreetMap Overpass","osm_tag":"amenity=hospital","mun":""}},{"type":"Feature","geometry":{"type":"Point","coordinates":[-100.186714,25.778405]},"properties":{"name":"UMF 19 IMSS","tipo":"hospital","subtipo":null,"fuente":"OpenStreetMap Overpass","osm_tag":"amenity=hospital","mun":""}},{"type":"Feature","geometry":{"type":"Point","coordinates":[-100.21198,25.675492]},"properties":{"name":"Clinica #30","tipo":"hospital","subtipo":null,"fuente":"OpenStreetMap Overpass","osm_tag":"amenity=hospital","mun":""}},{"type":"Feature","geometry":{"type":"Point","coordinates":[-100.346623,25.732321]},"properties":{"name":"Clinica #35","tipo":"hospital","subtipo":null,"fuente":"OpenStreetMap Overpass","osm_tag":"amenity=hospital","mun":""}},{"type":"Feature","geometry":{"type":"Point","coordinates":[-100.33651,25.70129]},"properties":{"name":"IMSS UMF 17","tipo":"hospital","subtipo":null,"fuente":"OpenStreetMap Overpass","osm_tag":"amenity=hospital","mun":""}},{"type":"Feature","geometry":{"type":"Point","coordinates":[-100.587265,25.807055]},"properties":{"name":"IMSS UMF 24","tipo":"hospital","subtipo":null,"fuente":"OpenStreetMap Overpass","osm_tag":"amenity=hospital","mun":""}},{"type":"Feature","geometry":{"type":"Point","coordinates":[-100.160241,25.959851]},"properties":{"name":"IMSS UMF 44","tipo":"hospital","subtipo":null,"fuente":"OpenStreetMap Overpass","osm_tag":"amenity=clinic","mun":""}},{"type":"Feature","geometry":{"type":"Point","coordinates":[-100.266599,25.675065]},"properties":{"name":"Clinica 32","tipo":"hospital","subtipo":null,"fuente":"OpenStreetMap Overpass","osm_tag":"amenity=hospital","mun":""}},{"type":"Feature","geometry":{"type":"Point","coordinates":[-100.161198,25.664112]},"properties":{"name":"Cruz Verde","tipo":"hospital","subtipo":null,"fuente":"OpenStreetMap Overpass","osm_tag":"amenity=hospital","mun":""}},{"type":"Feature","geometry":{"type":"Point","coordinates":[-100.319447,25.671143]},"properties":{"name":"ISSSTELEON","tipo":"hospital","subtipo":null,"fuente":"OpenStreetMap Overpass","osm_tag":"amenity=hospital","mun":""}},{"type":"Feature","geometry":{"type":"Point","coordinates":[-100.196833,25.640524]},"properties":{"name":"Clinica 68","tipo":"hospital","subtipo":null,"fuente":"OpenStreetMap Overpass","osm_tag":"amenity=hospital","mun":"Guadalupe"}},{"type":"Feature","geometry":{"type":"Point","coordinates":[-100.350437,25.716051]},"properties":{"name":"Clínica 25","tipo":"hospital","subtipo":null,"fuente":"OpenStreetMap Overpass","osm_tag":"amenity=hospital","mun":""}},{"type":"Feature","geometry":{"type":"Point","coordinates":[-100.331883,25.721108]},"properties":{"name":"CLINICA 28","tipo":"hospital","subtipo":null,"fuente":"OpenStreetMap Overpass","osm_tag":"amenity=hospital","mun":"Monterrey"}},{"type":"Feature","geometry":{"type":"Point","coordinates":[-100.381126,25.740677]},"properties":{"name":"Clinica 39","tipo":"hospital","subtipo":null,"fuente":"OpenStreetMap Overpass","osm_tag":"amenity=hospital","mun":""}},{"type":"Feature","geometry":{"type":"Point","coordinates":[-100.612418,25.810293]},"properties":{"name":"Cruz Verde","tipo":"hospital","subtipo":null,"fuente":"OpenStreetMap Overpass","osm_tag":"amenity=hospital","mun":""}},{"type":"Feature","geometry":{"type":"Point","coordinates":[-100.307401,25.766602]},"properties":{"name":"Hospitaria","tipo":"hospital","subtipo":null,"fuente":"OpenStreetMap Overpass","osm_tag":"amenity=hospital","mun":""}},{"type":"Feature","geometry":{"type":"Point","coordinates":[-100.26103,25.67215]},"properties":{"name":"Clinica 4","tipo":"hospital","subtipo":null,"fuente":"OpenStreetMap Overpass","osm_tag":"amenity=hospital","mun":""}},{"type":"Feature","geometry":{"type":"Point","coordinates":[-100.337152,25.701376]},"properties":{"name":"Urgencias","tipo":"hospital","subtipo":null,"fuente":"OpenStreetMap Overpass","osm_tag":"amenity=hospital","mun":""}},{"type":"Feature","geometry":{"type":"Point","coordinates":[-100.408446,25.760804]},"properties":{"name":"Cruz roja","tipo":"hospital","subtipo":null,"fuente":"OpenStreetMap Overpass","osm_tag":"amenity=hospital","mun":""}},{"type":"Feature","geometry":{"type":"Point","coordinates":[-100.407991,25.678915]},"properties":{"name":"Cruz Roja","tipo":"hospital","subtipo":null,"fuente":"OpenStreetMap Overpass","osm_tag":"amenity=hospital","mun":""}},{"type":"Feature","geometry":{"type":"Point","coordinates":[-100.244098,25.680903]},"properties":{"name":"SIMILARES","tipo":"hospital","subtipo":null,"fuente":"OpenStreetMap Overpass","osm_tag":"amenity=hospital","mun":"Guadalupe"}},{"type":"Feature","geometry":{"type":"Point","coordinates":[-100.486311,25.682511]},"properties":{"name":"IMSS 64","tipo":"hospital","subtipo":null,"fuente":"OpenStreetMap Overpass","osm_tag":"amenity=hospital","mun":"Cumbres de Santa Catarina"}},{"type":"Feature","geometry":{"type":"Point","coordinates":[-100.263842,25.741427]},"properties":{"name":"IMSS 65","tipo":"hospital","subtipo":null,"fuente":"OpenStreetMap Overpass","osm_tag":"amenity=hospital","mun":""}},{"type":"Feature","geometry":{"type":"Point","coordinates":[-100.298859,25.752668]},"properties":{"name":"IMSS 6","tipo":"hospital","subtipo":null,"fuente":"OpenStreetMap Overpass","osm_tag":"amenity=hospital","mun":"San Nicolás de los Garza"}},{"type":"Feature","geometry":{"type":"Point","coordinates":[-100.160499,25.756608]},"properties":{"name":"UMF 66","tipo":"hospital","subtipo":null,"fuente":"OpenStreetMap Overpass","osm_tag":"amenity=hospital","mun":""}},{"type":"Feature","geometry":{"type":"Point","coordinates":[-100.286119,25.74401]},"properties":{"name":"Chopo","tipo":"hospital","subtipo":null,"fuente":"OpenStreetMap Overpass","osm_tag":"amenity=hospital","mun":""}},{"type":"Feature","geometry":{"type":"Point","coordinates":[-100.406571,25.674019]},"properties":{"name":"UMF 7","tipo":"hospital","subtipo":null,"fuente":"OpenStreetMap Overpass","osm_tag":"amenity=hospital","mun":""}},{"type":"Feature","geometry":{"type":"Point","coordinates":[-100.296916,25.670581]},"properties":{"name":"IMSS","tipo":"hospital","subtipo":null,"fuente":"OpenStreetMap Overpass","osm_tag":"amenity=hospital","mun":""}},{"type":"Feature","geometry":{"type":"Point","coordinates":[-100.447698,25.973871]},"properties":{"name":"IMSS","tipo":"hospital","subtipo":null,"fuente":"OpenStreetMap Overpass","osm_tag":"amenity=hospital","mun":""}},{"type":"Feature","geometry":{"type":"Point","coordinates":[-100.261783,25.67898]},"properties":{"name":"ALFA","tipo":"hospital","subtipo":null,"fuente":"OpenStreetMap Overpass","osm_tag":"amenity=hospital","mun":""}},{"type":"Feature","geometry":{"type":"Point","coordinates":[-100.282909,25.742553]},"properties":{"name":"EME","tipo":"hospital","subtipo":null,"fuente":"OpenStreetMap Overpass","osm_tag":"amenity=hospital","mun":""}},{"type":"Feature","geometry":{"type":"Point","coordinates":[-100.173116,25.728126]},"properties":{"name":"mmm","tipo":"hospital","subtipo":null,"fuente":"OpenStreetMap Overpass","osm_tag":"amenity=hospital","mun":""}},{"type":"Feature","geometry":{"type":"Point","coordinates":[-100.294997,25.65767]},"properties":{"name":"(sin nombre)","tipo":"hospital","subtipo":null,"fuente":"OpenStreetMap Overpass","osm_tag":"amenity=hospital","mun":""}},{"type":"Feature","geometry":{"type":"Point","coordinates":[-100.308261,25.651383]},"properties":{"name":"(sin nombre)","tipo":"hospital","subtipo":null,"fuente":"OpenStreetMap Overpass","osm_tag":"amenity=hospital","mun":""}},{"type":"Feature","geometry":{"type":"Point","coordinates":[-100.274201,25.714551]},"properties":{"name":"(sin nombre)","tipo":"hospital","subtipo":null,"fuente":"OpenStreetMap Overpass","osm_tag":"amenity=hospital","mun":""}},{"type":"Feature","geometry":{"type":"Point","coordinates":[-100.299088,25.752146]},"properties":{"name":"(sin nombre)","tipo":"hospital","subtipo":null,"fuente":"OpenStreetMap Overpass","osm_tag":"amenity=hospital","mun":""}},{"type":"Feature","geometry":{"type":"Point","coordinates":[-100.295844,25.688573]},"properties":{"name":"(sin nombre)","tipo":"hospital","subtipo":null,"fuente":"OpenStreetMap Overpass","osm_tag":"amenity=hospital","mun":""}},{"type":"Feature","geometry":{"type":"Point","coordinates":[-100.181916,25.65625]},"properties":{"name":"(sin nombre)","tipo":"hospital","subtipo":null,"fuente":"OpenStreetMap Overpass","osm_tag":"amenity=hospital","mun":""}},{"type":"Feature","geometry":{"type":"Point","coordinates":[-100.608227,25.805896]},"properties":{"name":"(sin nombre)","tipo":"hospital","subtipo":null,"fuente":"OpenStreetMap Overpass","osm_tag":"amenity=hospital","mun":""}},{"type":"Feature","geometry":{"type":"Point","coordinates":[-100.228479,25.675915]},"properties":{"name":"(sin nombre)","tipo":"hospital","subtipo":null,"fuente":"OpenStreetMap Overpass","osm_tag":"amenity=hospital","mun":""}},{"type":"Feature","geometry":{"type":"Point","coordinates":[-100.116553,25.82829]},"properties":{"name":"Colegio de Bachilleres Militarizado General Mariano Escobedo Unidad Pesquería","tipo":"escuela","subtipo":"preparatoria","fuente":"OpenStreetMap Overpass","osm_tag":"amenity=school","mun":"Colinas del Aeropuerto, N.L."}},{"type":"Feature","geometry":{"type":"Point","coordinates":[-100.059406,25.798321]},"properties":{"name":"Escuela Secundaria Profresor y Licenciado José Mario Elinzondo Moltalvo","tipo":"escuela","subtipo":"secundaria","fuente":"OpenStreetMap Overpass","osm_tag":"amenity=school","mun":""}},{"type":"Feature","geometry":{"type":"Point","coordinates":[-100.317043,25.674284]},"properties":{"name":"Escuela Industrial y Preparatoria Tecnica Pablo Livas - Unidad Centro","tipo":"escuela","subtipo":"preparatoria","fuente":"OpenStreetMap Overpass","osm_tag":"amenity=college","mun":"Monterrey"}},{"type":"Feature","geometry":{"type":"Point","coordinates":[-100.214525,25.712588]},"properties":{"name":"Escuela Secundaria Tecnica num. 63 Profr. German Almaraz Villalobos","tipo":"escuela","subtipo":"secundaria","fuente":"OpenStreetMap Overpass","osm_tag":"amenity=school","mun":""}},{"type":"Feature","geometry":{"type":"Point","coordinates":[-100.200073,25.948241]},"properties":{"name":"Escuela Secundaria Técnica N.125 Profr. Jesús Mario Herrera Pedraza","tipo":"escuela","subtipo":"secundaria","fuente":"OpenStreetMap Overpass","osm_tag":"amenity=school","mun":""}},{"type":"Feature","geometry":{"type":"Point","coordinates":[-100.315427,25.652697]},"properties":{"name":"Escuela Industrial Preparatoria Técnica Álvaro Obregón Monterrey II","tipo":"escuela","subtipo":"preparatoria","fuente":"OpenStreetMap Overpass","osm_tag":"amenity=university","mun":""}},{"type":"Feature","geometry":{"type":"Point","coordinates":[-100.209872,25.680271]},"properties":{"name":"Centro de Bachillerato Tecnológico Industrial y de Servicios No. 74","tipo":"escuela","subtipo":"preparatoria","fuente":"OpenStreetMap Overpass","osm_tag":"amenity=college","mun":""}},{"type":"Feature","geometry":{"type":"Point","coordinates":[-100.225104,25.719839]},"properties":{"name":"Escuela Secundaria Tecnica num. 33 Profr. Oziel Hinojosa Garcia","tipo":"escuela","subtipo":"secundaria","fuente":"OpenStreetMap Overpass","osm_tag":"amenity=school","mun":""}},{"type":"Feature","geometry":{"type":"Point","coordinates":[-100.260545,25.716065]},"properties":{"name":"Escuela Secundaria Federal No. 32 Profr. Lauro Aguirre Espinoza","tipo":"escuela","subtipo":"secundaria","fuente":"OpenStreetMap Overpass","osm_tag":"amenity=school","mun":""}},{"type":"Feature","geometry":{"type":"Point","coordinates":[-100.332418,25.790267]},"properties":{"name":"Escuela Secundaria Técnica No. 74 Profr. Carlos Tijerina Torres","tipo":"escuela","subtipo":"secundaria","fuente":"OpenStreetMap Overpass","osm_tag":"amenity=school","mun":""}},{"type":"Feature","geometry":{"type":"Point","coordinates":[-100.189893,25.652656]},"properties":{"name":"Secundaria  Tecnica n° 68 profra María Guadalupe Cantú de Anda","tipo":"escuela","subtipo":"secundaria","fuente":"OpenStreetMap Overpass","osm_tag":"amenity=school","mun":"Guadalupe"}},{"type":"Feature","geometry":{"type":"Point","coordinates":[-100.189417,25.781651]},"properties":{"name":"Secundaria Nocturna No. 1 Profr. y Lic. Francisco Veloquio A.","tipo":"escuela","subtipo":"secundaria","fuente":"OpenStreetMap Overpass","osm_tag":"amenity=school","mun":""}},{"type":"Feature","geometry":{"type":"Point","coordinates":[-100.229777,25.730153]},"properties":{"name":"Escuela Secundaria Tecnica num. 45 Lic. Luis Donaldo Colosio","tipo":"escuela","subtipo":"secundaria","fuente":"OpenStreetMap Overpass","osm_tag":"amenity=school","mun":""}},{"type":"Feature","geometry":{"type":"Point","coordinates":[-100.276174,25.717019]},"properties":{"name":"Colegio de Bachilleres Militarizado \"Gral. Mariano Escobedo\"","tipo":"escuela","subtipo":"preparatoria","fuente":"OpenStreetMap Overpass","osm_tag":"amenity=university","mun":""}},{"type":"Feature","geometry":{"type":"Point","coordinates":[-100.341272,25.795493]},"properties":{"name":"Escuela Secundaria Técnica No. 129 Héctor Carrizosa Andrade","tipo":"escuela","subtipo":"secundaria","fuente":"OpenStreetMap Overpass","osm_tag":"amenity=school","mun":"General Escobedo"}},{"type":"Feature","geometry":{"type":"Point","coordinates":[-100.185752,25.788023]},"properties":{"name":"Instituto Nacional para la Educación de los Adultos (INEA)","tipo":"escuela","subtipo":"otra","fuente":"OpenStreetMap Overpass","osm_tag":"amenity=school","mun":""}},{"type":"Feature","geometry":{"type":"Point","coordinates":[-100.047157,25.617378]},"properties":{"name":"jardin de niños profr. Febronio Eduardo Chavarria Gonzalez","tipo":"escuela","subtipo":"jardin","fuente":"OpenStreetMap Overpass","osm_tag":"amenity=school","mun":""}},{"type":"Feature","geometry":{"type":"Point","coordinates":[-100.236343,25.660112]},"properties":{"name":"Escuela Secundaria No. 18 Profesor Manuel García Rodríguez","tipo":"escuela","subtipo":"secundaria","fuente":"OpenStreetMap Overpass","osm_tag":"amenity=school","mun":""}},{"type":"Feature","geometry":{"type":"Point","coordinates":[-100.53293,26.002372]},"properties":{"name":"CECyTE EMSAD Mina / Secundaria 29 Carlota Ledezma Casillas","tipo":"escuela","subtipo":"secundaria","fuente":"OpenStreetMap Overpass","osm_tag":"amenity=school","mun":""}},{"type":"Feature","geometry":{"type":"Point","coordinates":[-100.30861,25.801662]},"properties":{"name":"Esc. de Educ. Especial Profra.YTS Carolina Baur Arenas TV","tipo":"escuela","subtipo":"otra","fuente":"OpenStreetMap Overpass","osm_tag":"amenity=school","mun":""}},{"type":"Feature","geometry":{"type":"Point","coordinates":[-100.219568,25.706694]},"properties":{"name":"Escuela Secundaria Tecnica num. 27 Francisco A. De Icaza","tipo":"escuela","subtipo":"secundaria","fuente":"OpenStreetMap Overpass","osm_tag":"amenity=school","mun":""}},{"type":"Feature","geometry":{"type":"Point","coordinates":[-100.249753,25.76681]},"properties":{"name":"Escuela Secundaria No. 89 Profra. Ofelia Carrillo Cepeda","tipo":"escuela","subtipo":"secundaria","fuente":"OpenStreetMap Overpass","osm_tag":"amenity=school","mun":""}},{"type":"Feature","geometry":{"type":"Point","coordinates":[-100.122461,25.640659]},"properties":{"name":"Escuela Secundaria Técnica No. 80 \"José Clemente Orozco\"","tipo":"escuela","subtipo":"secundaria","fuente":"OpenStreetMap Overpass","osm_tag":"amenity=school","mun":"Benito Juárez"}},{"type":"Feature","geometry":{"type":"Point","coordinates":[-100.270062,25.69414]},"properties":{"name":"Escuela Industrial y Preparatoria Técnica Álvaro Obregón","tipo":"escuela","subtipo":"preparatoria","fuente":"OpenStreetMap Overpass","osm_tag":"amenity=college","mun":""}},{"type":"Feature","geometry":{"type":"Point","coordinates":[-100.1843,25.670194]},"properties":{"name":"Escuela Industrial y Preparatoria Técnica Alvaro Obregón","tipo":"escuela","subtipo":"preparatoria","fuente":"OpenStreetMap Overpass","osm_tag":"amenity=college","mun":""}},{"type":"Feature","geometry":{"type":"Point","coordinates":[-100.18857,25.738788]},"properties":{"name":"Preparatoria José Vasconcelos Calderón - Unidad Apodaca","tipo":"escuela","subtipo":"preparatoria","fuente":"OpenStreetMap Overpass","osm_tag":"amenity=school","mun":"Apodaca, Nuevo León"}},{"type":"Feature","geometry":{"type":"Point","coordinates":[-100.329244,25.767855]},"properties":{"name":"Escuela Primaria Profra. Griselda Álvarez Ponce de León","tipo":"escuela","subtipo":"primaria","fuente":"OpenStreetMap Overpass","osm_tag":"amenity=school","mun":""}},{"type":"Feature","geometry":{"type":"Point","coordinates":[-100.19365,25.777536]},"properties":{"name":"Esc. Primaria Luis Elizondo T.M. y Club de Leones T.V.","tipo":"escuela","subtipo":"primaria","fuente":"OpenStreetMap Overpass","osm_tag":"amenity=school","mun":""}},{"type":"Feature","geometry":{"type":"Point","coordinates":[-100.390867,25.778836]},"properties":{"name":"Secundaria Tecnica Num. 72 Lázaro Quintanilla González","tipo":"escuela","subtipo":"secundaria","fuente":"OpenStreetMap Overpass","osm_tag":"amenity=school","mun":""}},{"type":"Feature","geometry":{"type":"Point","coordinates":[-100.457084,25.676814]},"properties":{"name":"American Institute of Monterrey Santa Catarina Campus","tipo":"escuela","subtipo":"otra","fuente":"OpenStreetMap Overpass","osm_tag":"amenity=school","mun":""}},{"type":"Feature","geometry":{"type":"Point","coordinates":[-100.328401,25.77863]},"properties":{"name":"Jardín de Niños Lic. Atala Martínez de Bolaños Cacho","tipo":"escuela","subtipo":"jardin","fuente":"OpenStreetMap Overpass","osm_tag":"amenity=kindergarten","mun":""}},{"type":"Feature","geometry":{"type":"Point","coordinates":[-100.328623,25.767927]},"properties":{"name":"Jardin de Niños Profa. Consuelo Montemayor Rodríguez","tipo":"escuela","subtipo":"jardin","fuente":"OpenStreetMap Overpass","osm_tag":"amenity=kindergarten","mun":""}},{"type":"Feature","geometry":{"type":"Point","coordinates":[-100.302501,25.67597]},"properties":{"name":"Instituto Nacional para la Educación de los Adultos","tipo":"escuela","subtipo":"otra","fuente":"OpenStreetMap Overpass","osm_tag":"amenity=school","mun":""}},{"type":"Feature","geometry":{"type":"Point","coordinates":[-100.051065,25.785394]},"properties":{"name":"Escuela Secundaria Profesor Antonio D. Coello \"T/V\"","tipo":"escuela","subtipo":"secundaria","fuente":"OpenStreetMap Overpass","osm_tag":"amenity=school","mun":""}},{"type":"Feature","geometry":{"type":"Point","coordinates":[-100.051043,25.784969]},"properties":{"name":"Escuela Secundaria Profesor Antonio D. Coello \"T/M\"","tipo":"escuela","subtipo":"secundaria","fuente":"OpenStreetMap Overpass","osm_tag":"amenity=school","mun":""}},{"type":"Feature","geometry":{"type":"Point","coordinates":[-100.236834,25.730492]},"properties":{"name":"Escuela Primaria Profesora Ana María García Ordóñez","tipo":"escuela","subtipo":"primaria","fuente":"OpenStreetMap Overpass","osm_tag":"amenity=school","mun":""}},{"type":"Feature","geometry":{"type":"Point","coordinates":[-100.129981,25.715997]},"properties":{"name":"Secundaria Tecnica #92 Miguel de Cervantes Saavedra","tipo":"escuela","subtipo":"secundaria","fuente":"OpenStreetMap Overpass","osm_tag":"amenity=school","mun":""}},{"type":"Feature","geometry":{"type":"Point","coordinates":[-100.495705,25.680882]},"properties":{"name":"Jardín de Niños Consuelo de la Garza Evia de Santos","tipo":"escuela","subtipo":"jardin","fuente":"OpenStreetMap Overpass","osm_tag":"amenity=school","mun":""}},{"type":"Feature","geometry":{"type":"Point","coordinates":[-100.094265,25.817902]},"properties":{"name":"Escuela Secundaria #124 Técnica \"Eugenio del Hoyo\"","tipo":"escuela","subtipo":"secundaria","fuente":"OpenStreetMap Overpass","osm_tag":"amenity=school","mun":""}},{"type":"Feature","geometry":{"type":"Point","coordinates":[-100.189464,25.689985]},"properties":{"name":"Escuela Primaria Francisco de Barbadillo y Vitoria","tipo":"escuela","subtipo":"primaria","fuente":"OpenStreetMap Overpass","osm_tag":"amenity=school","mun":""}},{"type":"Feature","geometry":{"type":"Point","coordinates":[-100.09442,25.81833]},"properties":{"name":"Escuela Secundaria Técnica #124 \"Eugenio del Hoyo\"","tipo":"escuela","subtipo":"secundaria","fuente":"OpenStreetMap Overpass","osm_tag":"amenity=school","mun":"Pesquería"}},{"type":"Feature","geometry":{"type":"Point","coordinates":[-100.178962,25.618168]},"properties":{"name":"Centro de Atención Múltiple José Candelario Huizar","tipo":"escuela","subtipo":"otra","fuente":"OpenStreetMap Overpass","osm_tag":"amenity=school","mun":""}},{"type":"Feature","geometry":{"type":"Point","coordinates":[-100.191342,25.739942]},"properties":{"name":"Secundaria Tecnica Num. 59 Gonzalo Aguirre Beltran","tipo":"escuela","subtipo":"secundaria","fuente":"OpenStreetMap Overpass","osm_tag":"amenity=school","mun":""}},{"type":"Feature","geometry":{"type":"Point","coordinates":[-100.596384,25.79247]},"properties":{"name":"Centro de Atención Múltiple Rosa María Garza Gómez","tipo":"escuela","subtipo":"otra","fuente":"OpenStreetMap Overpass","osm_tag":"amenity=school","mun":""}},{"type":"Feature","geometry":{"type":"Point","coordinates":[-100.256409,25.576201]},"properties":{"name":"San Roberto International School Campus Valle Alto","tipo":"escuela","subtipo":"otra","fuente":"OpenStreetMap Overpass","osm_tag":"amenity=school","mun":"Monterrey"}},{"type":"Feature","geometry":{"type":"Point","coordinates":[-100.333104,25.795681]},"properties":{"name":"Escuela Primaria Prof. Hector Ismael Aguilar Rubio","tipo":"escuela","subtipo":"primaria","fuente":"OpenStreetMap Overpass","osm_tag":"amenity=school","mun":""}},{"type":"Feature","geometry":{"type":"Point","coordinates":[-100.332211,25.674096]},"properties":{"name":"Superación Escénica para Teatro y Televisión, A.C","tipo":"escuela","subtipo":"otra","fuente":"OpenStreetMap Overpass","osm_tag":"amenity=school","mun":"Monterrey"}},{"type":"Feature","geometry":{"type":"Point","coordinates":[-100.210012,25.685278]},"properties":{"name":"Escuela Secundaria Técnica 25 Diego de Montemayor","tipo":"escuela","subtipo":"secundaria","fuente":"OpenStreetMap Overpass","osm_tag":"amenity=school","mun":""}},{"type":"Feature","geometry":{"type":"Point","coordinates":[-100.325173,25.765314]},"properties":{"name":"Escuela Primaria Dr. Juventino Gonzalez Benavides","tipo":"escuela","subtipo":"primaria","fuente":"OpenStreetMap Overpass","osm_tag":"amenity=school","mun":""}},{"type":"Feature","geometry":{"type":"Point","coordinates":[-100.1902,25.661046]},"properties":{"name":"Secundaria #83, Profesor Manuel Rodriguez Vazquez","tipo":"escuela","subtipo":"secundaria","fuente":"OpenStreetMap Overpass","osm_tag":"amenity=school","mun":""}},{"type":"Feature","geometry":{"type":"Point","coordinates":[-100.047257,25.790099]},"properties":{"name":"Centro de Atención Multiple Prof. Alberto Sanchez","tipo":"escuela","subtipo":"otra","fuente":"OpenStreetMap Overpass","osm_tag":"amenity=school","mun":""}},{"type":"Feature","geometry":{"type":"Point","coordinates":[-100.100994,25.820636]},"properties":{"name":"Jardín de Niños Profesora Ofelia Chapa Villarreal","tipo":"escuela","subtipo":"jardin","fuente":"OpenStreetMap Overpass","osm_tag":"amenity=school","mun":"Colinas del Aeropuerto, N.L."}},{"type":"Feature","geometry":{"type":"Point","coordinates":[-100.402492,25.744396]},"properties":{"name":"Instituto Educativo de las Naciones Unides (IENU)","tipo":"escuela","subtipo":"otra","fuente":"OpenStreetMap Overpass","osm_tag":"amenity=school","mun":""}},{"type":"Feature","geometry":{"type":"Point","coordinates":[-100.226327,25.707719]},"properties":{"name":"Escuela Normal Superior Profr. Moises Saenz Garza","tipo":"escuela","subtipo":"college","fuente":"OpenStreetMap Overpass","osm_tag":"amenity=college","mun":""}},{"type":"Feature","geometry":{"type":"Point","coordinates":[-100.220572,25.728559]},"properties":{"name":"Jardin de Niños Don Manuel L. Barragan Escamilla","tipo":"escuela","subtipo":"jardin","fuente":"OpenStreetMap Overpass","osm_tag":"amenity=school","mun":""}},{"type":"Feature","geometry":{"type":"Point","coordinates":[-100.267207,25.721018]},"properties":{"name":"Escuela Secundaria Num. 16 Valentin Gomez Farias","tipo":"escuela","subtipo":"secundaria","fuente":"OpenStreetMap Overpass","osm_tag":"amenity=school","mun":""}},{"type":"Feature","geometry":{"type":"Point","coordinates":[-100.208932,25.682397]},"properties":{"name":"Escuela Primaria Carmen Romano de López Portillo","tipo":"escuela","subtipo":"primaria","fuente":"OpenStreetMap Overpass","osm_tag":"amenity=school","mun":""}},{"type":"Feature","geometry":{"type":"Point","coordinates":[-100.327367,25.723684]},"properties":{"name":"Escuela Primaria General Santiago F. Xicotencatl","tipo":"escuela","subtipo":"primaria","fuente":"OpenStreetMap Overpass","osm_tag":"amenity=school","mun":""}},{"type":"Feature","geometry":{"type":"Point","coordinates":[-100.276694,25.830641]},"properties":{"name":"Universidad Tecnológica General Mariano Escobedo","tipo":"escuela","subtipo":"universidad","fuente":"OpenStreetMap Overpass","osm_tag":"amenity=university","mun":""}},{"type":"Feature","geometry":{"type":"Point","coordinates":[-100.478664,25.673262]},"properties":{"name":"Preparatoria Politecnica Santa Catarina Poniente","tipo":"escuela","subtipo":"preparatoria","fuente":"OpenStreetMap Overpass","osm_tag":"amenity=college","mun":"Santa Catarina"}},{"type":"Feature","geometry":{"type":"Point","coordinates":[-100.252397,25.77688]},"properties":{"name":"Jardín de Niños Prof. Francisco Garza Villarreal","tipo":"escuela","subtipo":"jardin","fuente":"OpenStreetMap Overpass","osm_tag":"amenity=kindergarten","mun":""}},{"type":"Feature","geometry":{"type":"Point","coordinates":[-100.302462,25.856218]},"properties":{"name":"Secundaria Técnica Nº 105 Raúl Anguiano Valadez","tipo":"escuela","subtipo":"secundaria","fuente":"OpenStreetMap Overpass","osm_tag":"amenity=school","mun":""}},{"type":"Feature","geometry":{"type":"Point","coordinates":[-100.292596,25.676751]},"properties":{"name":"Escuela Secundaria José María Morelos Número 22","tipo":"escuela","subtipo":"secundaria","fuente":"OpenStreetMap Overpass","osm_tag":"amenity=school","mun":""}},{"type":"Feature","geometry":{"type":"Point","coordinates":[-100.241515,25.724673]},"properties":{"name":"Escuela Secundaria Num 33. Griselda Ruiz Lozano","tipo":"escuela","subtipo":"secundaria","fuente":"OpenStreetMap Overpass","osm_tag":"amenity=school","mun":""}},{"type":"Feature","geometry":{"type":"Point","coordinates":[-100.290789,25.689151]},"properties":{"name":"Escuela Secundaria Fray Servando Teresa de Mier","tipo":"escuela","subtipo":"secundaria","fuente":"OpenStreetMap Overpass","osm_tag":"amenity=school","mun":""}},{"type":"Feature","geometry":{"type":"Point","coordinates":[-100.277742,25.648152]},"properties":{"name":"Escuela Secundaria n°50 - Lic. Jose Vasconcelos","tipo":"escuela","subtipo":"secundaria","fuente":"OpenStreetMap Overpass","osm_tag":"amenity=school","mun":""}},{"type":"Feature","geometry":{"type":"Point","coordinates":[-100.406815,25.723726]},"properties":{"name":"Instituto Regiomontano - Unidad Lasalle Cumbres","tipo":"escuela","subtipo":"otra","fuente":"OpenStreetMap Overpass","osm_tag":"amenity=school","mun":""}},{"type":"Feature","geometry":{"type":"Point","coordinates":[-100.33246,25.789624]},"properties":{"name":"Escuela Primaria Lic. Rosalinda Robledo Charles","tipo":"escuela","subtipo":"primaria","fuente":"OpenStreetMap Overpass","osm_tag":"amenity=school","mun":""}},{"type":"Feature","geometry":{"type":"Point","coordinates":[-100.328615,25.734845]},"properties":{"name":"Escuela Secundaria No. 24 Hermanos Flores Magón","tipo":"escuela","subtipo":"secundaria","fuente":"OpenStreetMap Overpass","osm_tag":"amenity=school","mun":""}},{"type":"Feature","geometry":{"type":"Point","coordinates":[-100.32194,25.672805]},"properties":{"name":"Facultad de ingeniería y arquitectura (Aulas 3)","tipo":"escuela","subtipo":"universidad","fuente":"OpenStreetMap Overpass","osm_tag":"amenity=university","mun":""}},{"type":"Feature","geometry":{"type":"Point","coordinates":[-100.491305,25.692519]},"properties":{"name":"Educación Preescolar Gloria Teresa García Lucio","tipo":"escuela","subtipo":"jardin","fuente":"OpenStreetMap Overpass","osm_tag":"amenity=kindergarten","mun":""}},{"type":"Feature","geometry":{"type":"Point","coordinates":[-100.335842,25.784396]},"properties":{"name":"Jardin de Niños Profra. Justina Soledad Delgado","tipo":"escuela","subtipo":"jardin","fuente":"OpenStreetMap Overpass","osm_tag":"amenity=kindergarten","mun":""}},{"type":"Feature","geometry":{"type":"Point","coordinates":[-100.331158,25.781874]},"properties":{"name":"Jardin de Niños \"Lic. Eduardo Livas Villarreal\"","tipo":"escuela","subtipo":"jardin","fuente":"OpenStreetMap Overpass","osm_tag":"amenity=kindergarten","mun":""}},{"type":"Feature","geometry":{"type":"Point","coordinates":[-100.116522,25.827824]},"properties":{"name":"Escuela Secundaria 129 Gral. Félix U. Gómez TV","tipo":"escuela","subtipo":"secundaria","fuente":"OpenStreetMap Overpass","osm_tag":"amenity=school","mun":"Colinas del Aeropuerto, N.L."}},{"type":"Feature","geometry":{"type":"Point","coordinates":[-100.116567,25.827305]},"properties":{"name":"Escuela Secundaria 114 Gral. Félix U. Gómez TM","tipo":"escuela","subtipo":"secundaria","fuente":"OpenStreetMap Overpass","osm_tag":"amenity=school","mun":"Colinas del Aeropuerto, N.L."}},{"type":"Feature","geometry":{"type":"Point","coordinates":[-100.241229,25.723717]},"properties":{"name":"Escuela Primaria Profr. Danuel Urencio Ramirez","tipo":"escuela","subtipo":"primaria","fuente":"OpenStreetMap Overpass","osm_tag":"amenity=school","mun":""}},{"type":"Feature","geometry":{"type":"Point","coordinates":[-100.267542,25.720456]},"properties":{"name":"Escuela Primaria Profr. Miguel Valdes Gallardo","tipo":"escuela","subtipo":"primaria","fuente":"OpenStreetMap Overpass","osm_tag":"amenity=school","mun":""}},{"type":"Feature","geometry":{"type":"Point","coordinates":[-100.26933,25.752714]},"properties":{"name":"Escuela Primaria Guadalupe Borja De Díaz Ordaz","tipo":"escuela","subtipo":"primaria","fuente":"OpenStreetMap Overpass","osm_tag":"amenity=school","mun":""}},{"type":"Feature","geometry":{"type":"Point","coordinates":[-100.322917,25.787087]},"properties":{"name":"Escuela Secundaria 48 y 79 Nuevo Reino de León","tipo":"escuela","subtipo":"secundaria","fuente":"OpenStreetMap Overpass","osm_tag":"amenity=school","mun":""}},{"type":"Feature","geometry":{"type":"Point","coordinates":[-100.314457,25.782325]},"properties":{"name":"Escuela Primaria Julia Teresa Zamarron Segovia","tipo":"escuela","subtipo":"primaria","fuente":"OpenStreetMap Overpass","osm_tag":"amenity=school","mun":""}},{"type":"Feature","geometry":{"type":"Point","coordinates":[-100.162269,25.956329]},"properties":{"name":"Secundaria No. 2 Dr. Enrique Gonzalez Martinez","tipo":"escuela","subtipo":"secundaria","fuente":"OpenStreetMap Overpass","osm_tag":"amenity=school","mun":""}},{"type":"Feature","geometry":{"type":"Point","coordinates":[-100.532241,26.002288]},"properties":{"name":"Jardin de Niños Guadalupe de la Garza González","tipo":"escuela","subtipo":"jardin","fuente":"OpenStreetMap Overpass","osm_tag":"amenity=school","mun":""}},{"type":"Feature","geometry":{"type":"Point","coordinates":[-100.270221,25.5889]},"properties":{"name":"Instituto Bilingüe La Silla Campus Sierra Alta","tipo":"escuela","subtipo":"otra","fuente":"OpenStreetMap Overpass","osm_tag":"amenity=school","mun":""}},{"type":"Feature","geometry":{"type":"Point","coordinates":[-100.344615,25.680475]},"properties":{"name":"Instituto Regiomontano de la Salle (Chepevera)","tipo":"escuela","subtipo":"college","fuente":"OpenStreetMap Overpass","osm_tag":"amenity=college","mun":""}},{"type":"Feature","geometry":{"type":"Point","coordinates":[-100.212133,25.708209]},"properties":{"name":"Escuela Primaria Profr. Antonio Barbosa Heldt","tipo":"escuela","subtipo":"primaria","fuente":"OpenStreetMap Overpass","osm_tag":"amenity=school","mun":""}},{"type":"Feature","geometry":{"type":"Point","coordinates":[-100.233431,25.729307]},"properties":{"name":"Escuela Primaria Cuauhtemoc Villarreal Cirilo","tipo":"escuela","subtipo":"primaria","fuente":"OpenStreetMap Overpass","osm_tag":"amenity=school","mun":""}},{"type":"Feature","geometry":{"type":"Point","coordinates":[-100.229618,25.663348]},"properties":{"name":"Escuela Primaria Federal Profr. Matías Moreno","tipo":"escuela","subtipo":"primaria","fuente":"OpenStreetMap Overpass","osm_tag":"amenity=school","mun":""}},{"type":"Feature","geometry":{"type":"Point","coordinates":[-100.278042,25.647417]},"properties":{"name":"Escuela Primaria Prof. Alberto Jauregui Lopez","tipo":"escuela","subtipo":"primaria","fuente":"OpenStreetMap Overpass","osm_tag":"amenity=school","mun":""}},{"type":"Feature","geometry":{"type":"Point","coordinates":[-100.565264,25.800667]},"properties":{"name":"Secundaria 120 José Manuel de Herrera Sánchez","tipo":"escuela","subtipo":"secundaria","fuente":"OpenStreetMap Overpass","osm_tag":"amenity=school","mun":""}},{"type":"Feature","geometry":{"type":"Point","coordinates":[-100.336156,25.801596]},"properties":{"name":"Escuela Primaria Prof. Ernesto Ibarra Luévano","tipo":"escuela","subtipo":"primaria","fuente":"OpenStreetMap Overpass","osm_tag":"amenity=school","mun":""}},{"type":"Feature","geometry":{"type":"Point","coordinates":[-100.054827,25.782777]},"properties":{"name":"Escuela Primaria Margarita Maza de Juárez TV","tipo":"escuela","subtipo":"primaria","fuente":"OpenStreetMap Overpass","osm_tag":"amenity=school","mun":"Pesquería"}},{"type":"Feature","geometry":{"type":"Point","coordinates":[-100.252815,25.716758]},"properties":{"name":"Escuela Primaria Constituyentes de Querétaro","tipo":"escuela","subtipo":"primaria","fuente":"OpenStreetMap Overpass","osm_tag":"amenity=school","mun":""}},{"type":"Feature","geometry":{"type":"Point","coordinates":[-100.233421,25.681262]},"properties":{"name":"Escuela Primaria Profr. Timoteo L. Hernandez","tipo":"escuela","subtipo":"primaria","fuente":"OpenStreetMap Overpass","osm_tag":"amenity=school","mun":""}},{"type":"Feature","geometry":{"type":"Point","coordinates":[-100.506734,25.702068]},"properties":{"name":"Escuela Primaria Centenario de la Revolucion","tipo":"escuela","subtipo":"primaria","fuente":"OpenStreetMap Overpass","osm_tag":"amenity=school","mun":""}},{"type":"Feature","geometry":{"type":"Point","coordinates":[-100.402399,25.666929]},"properties":{"name":"Secundaria Tecnica #4 Manuel Gonzales Rangel","tipo":"escuela","subtipo":"secundaria","fuente":"OpenStreetMap Overpass","osm_tag":"amenity=school","mun":""}},{"type":"Feature","geometry":{"type":"Point","coordinates":[-100.301549,25.803257]},"properties":{"name":"Escuela Secundaria No. 47 \"Mariano Escobedo\"","tipo":"escuela","subtipo":"secundaria","fuente":"OpenStreetMap Overpass","osm_tag":"amenity=school","mun":""}},{"type":"Feature","geometry":{"type":"Point","coordinates":[-100.426949,25.683487]},"properties":{"name":"Secundaria Técnica 31 Mateo A. Sáenz Treviño","tipo":"escuela","subtipo":"secundaria","fuente":"OpenStreetMap Overpass","osm_tag":"amenity=school","mun":""}},{"type":"Feature","geometry":{"type":"Point","coordinates":[-100.455185,25.662873]},"properties":{"name":"Jardin de Niños Hellen Keller / Horacio Mann","tipo":"escuela","subtipo":"jardin","fuente":"OpenStreetMap Overpass","osm_tag":"amenity=school","mun":""}},{"type":"Feature","geometry":{"type":"Point","coordinates":[-100.252946,25.697821]},"properties":{"name":"Universidad Alfonso Reyes, Unidad LindaVista","tipo":"escuela","subtipo":"universidad","fuente":"OpenStreetMap Overpass","osm_tag":"amenity=university","mun":""}},{"type":"Feature","geometry":{"type":"Point","coordinates":[-100.327015,25.650244]},"properties":{"name":"American Institute of Monterrey Campus Valle","tipo":"escuela","subtipo":"college","fuente":"OpenStreetMap Overpass","osm_tag":"amenity=college","mun":"San Pedro Garza Garcia"}},{"type":"Feature","geometry":{"type":"Point","coordinates":[-100.315172,25.65454]},"properties":{"name":"Escuela Primaría Celedonio Junco de la Vega","tipo":"escuela","subtipo":"primaria","fuente":"OpenStreetMap Overpass","osm_tag":"amenity=school","mun":""}},{"type":"Feature","geometry":{"type":"Point","coordinates":[-100.04687,25.616994]},"properties":{"name":"primaria profr. alberto de Leon Saldivar TM","tipo":"escuela","subtipo":"primaria","fuente":"OpenStreetMap Overpass","osm_tag":"amenity=school","mun":""}},{"type":"Feature","geometry":{"type":"Point","coordinates":[-100.244792,25.723398]},"properties":{"name":"Escuela Primaria Profr. Taurino F. Gonzalez","tipo":"escuela","subtipo":"primaria","fuente":"OpenStreetMap Overpass","osm_tag":"amenity=school","mun":""}},{"type":"Feature","geometry":{"type":"Point","coordinates":[-100.405419,25.657205]},"properties":{"name":"Escuela Secundaria nº 2 Jesús M. Montemayor","tipo":"escuela","subtipo":"secundaria","fuente":"OpenStreetMap Overpass","osm_tag":"amenity=school","mun":""}},{"type":"Feature","geometry":{"type":"Point","coordinates":[-100.318875,25.796936]},"properties":{"name":"Escuela Primaria Federal Jose Maria Morelos","tipo":"escuela","subtipo":"primaria","fuente":"OpenStreetMap Overpass","osm_tag":"amenity=school","mun":""}},{"type":"Feature","geometry":{"type":"Point","coordinates":[-100.609935,25.795349]},"properties":{"name":"Secundaria Bicentenario de la Independencia","tipo":"escuela","subtipo":"secundaria","fuente":"OpenStreetMap Overpass","osm_tag":"amenity=school","mun":""}},{"type":"Feature","geometry":{"type":"Point","coordinates":[-100.614664,25.799814]},"properties":{"name":"Preescolar Bicentenario de la Independencia","tipo":"escuela","subtipo":"jardin","fuente":"OpenStreetMap Overpass","osm_tag":"amenity=school","mun":""}},{"type":"Feature","geometry":{"type":"Point","coordinates":[-100.180974,25.920586]},"properties":{"name":"Jardin de Niños Teniente Juan de la Barrera","tipo":"escuela","subtipo":"jardin","fuente":"OpenStreetMap Overpass","osm_tag":"amenity=school","mun":""}},{"type":"Feature","geometry":{"type":"Point","coordinates":[-100.234021,25.565547]},"properties":{"name":"Highlands International School of Monterrey","tipo":"escuela","subtipo":"otra","fuente":"OpenStreetMap Overpass","osm_tag":"amenity=school","mun":""}},{"type":"Feature","geometry":{"type":"Point","coordinates":[-100.320643,25.78364]},"properties":{"name":"Universidad Alfonso Reyes - Unidad Escobedo","tipo":"escuela","subtipo":"universidad","fuente":"OpenStreetMap Overpass","osm_tag":"amenity=university","mun":"General Escobedo"}},{"type":"Feature","geometry":{"type":"Point","coordinates":[-100.315768,25.674142]},"properties":{"name":"Colegio Civil Centro Cultural Universitario","tipo":"escuela","subtipo":"universidad","fuente":"OpenStreetMap Overpass","osm_tag":"amenity=university","mun":"Monterrey"}},{"type":"Feature","geometry":{"type":"Point","coordinates":[-100.247573,25.766525]},"properties":{"name":"Jardín de Niños Esther Tapia de Castellanos","tipo":"escuela","subtipo":"jardin","fuente":"OpenStreetMap Overpass","osm_tag":"amenity=kindergarten","mun":""}},{"type":"Feature","geometry":{"type":"Point","coordinates":[-100.23321,25.687396]},"properties":{"name":"Jardín de Niños Dr. José Eleuterio González","tipo":"escuela","subtipo":"jardin","fuente":"OpenStreetMap Overpass","osm_tag":"amenity=kindergarten","mun":""}},{"type":"Feature","geometry":{"type":"Point","coordinates":[-100.151647,25.608529]},"properties":{"name":"Jardín de Niños Centenario de la Revolución","tipo":"escuela","subtipo":"jardin","fuente":"OpenStreetMap Overpass","osm_tag":"amenity=kindergarten","mun":""}},{"type":"Feature","geometry":{"type":"Point","coordinates":[-100.396894,25.840328]},"properties":{"name":"Escuela Primaria Profra. Olga Quiroga Peña","tipo":"escuela","subtipo":"primaria","fuente":"OpenStreetMap Overpass","osm_tag":"amenity=school","mun":""}},{"type":"Feature","geometry":{"type":"Point","coordinates":[-100.225705,25.720728]},"properties":{"name":"Escuela Primaria Lic. Miguel Alemán Valdes","tipo":"escuela","subtipo":"primaria","fuente":"OpenStreetMap Overpass","osm_tag":"amenity=school","mun":""}},{"type":"Feature","geometry":{"type":"Point","coordinates":[-100.222862,25.73034]},"properties":{"name":"Escuela Primaria Sor Juana Ines de la Cruz","tipo":"escuela","subtipo":"primaria","fuente":"OpenStreetMap Overpass","osm_tag":"amenity=school","mun":""}},{"type":"Feature","geometry":{"type":"Point","coordinates":[-100.189309,25.651683]},"properties":{"name":"Primaria Lic Luis Donaldo Colosio Murrieta","tipo":"escuela","subtipo":"primaria","fuente":"OpenStreetMap Overpass","osm_tag":"amenity=school","mun":""}},{"type":"Feature","geometry":{"type":"Point","coordinates":[-100.145122,25.706746]},"properties":{"name":"Jardin de Niños Leticia Elizondo Caballero","tipo":"escuela","subtipo":"jardin","fuente":"OpenStreetMap Overpass","osm_tag":"amenity=school","mun":""}},{"type":"Feature","geometry":{"type":"Point","coordinates":[-100.189473,25.663884]},"properties":{"name":"Escuela Primaria Josefa Ortiz de Domínguez","tipo":"escuela","subtipo":"primaria","fuente":"OpenStreetMap Overpass","osm_tag":"amenity=school","mun":""}},{"type":"Feature","geometry":{"type":"Point","coordinates":[-100.362712,25.681816]},"properties":{"name":"Escuela y Preparatoria Técnica Médica UANL","tipo":"escuela","subtipo":"preparatoria","fuente":"OpenStreetMap Overpass","osm_tag":"amenity=school","mun":""}},{"type":"Feature","geometry":{"type":"Point","coordinates":[-100.126633,25.660005]},"properties":{"name":"Secundaria 89 Juventino González Benavides","tipo":"escuela","subtipo":"secundaria","fuente":"OpenStreetMap Overpass","osm_tag":"amenity=school","mun":""}},{"type":"Feature","geometry":{"type":"Point","coordinates":[-100.324666,26.048047]},"properties":{"name":"Escuela Secundaria No 3 Moises Saenz Garza","tipo":"escuela","subtipo":"secundaria","fuente":"OpenStreetMap Overpass","osm_tag":"amenity=school","mun":"Salinas Victoria"}},{"type":"Feature","geometry":{"type":"Point","coordinates":[-100.121987,25.824759]},"properties":{"name":"Escuela Primaria Eugenio A. Solis Guadiana","tipo":"escuela","subtipo":"primaria","fuente":"OpenStreetMap Overpass","osm_tag":"amenity=school","mun":"Colinas del Aeropuerto, N.L."}},{"type":"Feature","geometry":{"type":"Point","coordinates":[-100.333157,25.794763]},"properties":{"name":"Jardín de Niños Profa. Maria Paula Herrera","tipo":"escuela","subtipo":"jardin","fuente":"OpenStreetMap Overpass","osm_tag":"amenity=school","mun":""}},{"type":"Feature","geometry":{"type":"Point","coordinates":[-100.337145,25.80282]},"properties":{"name":"Jardín de Niños Profa. Elvira Guerra Cantú","tipo":"escuela","subtipo":"jardin","fuente":"OpenStreetMap Overpass","osm_tag":"amenity=school","mun":""}},{"type":"Feature","geometry":{"type":"Point","coordinates":[-100.241648,25.724212]},"properties":{"name":"Jardin de Niños Mariana Rodriguez del Toro","tipo":"escuela","subtipo":"jardin","fuente":"OpenStreetMap Overpass","osm_tag":"amenity=kindergarten","mun":""}},{"type":"Feature","geometry":{"type":"Point","coordinates":[-100.266069,25.727186]},"properties":{"name":"Jardin de Niños Alfonso Martínez Domínguez","tipo":"escuela","subtipo":"jardin","fuente":"OpenStreetMap Overpass","osm_tag":"amenity=kindergarten","mun":""}},{"type":"Feature","geometry":{"type":"Point","coordinates":[-100.305975,25.784114]},"properties":{"name":"Jardín de Niños Profra. Benita Reyes Cantú","tipo":"escuela","subtipo":"jardin","fuente":"OpenStreetMap Overpass","osm_tag":"amenity=kindergarten","mun":""}},{"type":"Feature","geometry":{"type":"Point","coordinates":[-100.462547,25.800417]},"properties":{"name":"Escuela Secundaria Num.131 Nelson Mandela","tipo":"escuela","subtipo":"secundaria","fuente":"OpenStreetMap Overpass","osm_tag":"amenity=school","mun":""}},{"type":"Feature","geometry":{"type":"Point","coordinates":[-100.294736,25.676341]},"properties":{"name":"Escuela Primaria Prof. Conrado Montemayor","tipo":"escuela","subtipo":"primaria","fuente":"OpenStreetMap Overpass","osm_tag":"amenity=school","mun":""}},{"type":"Feature","geometry":{"type":"Point","coordinates":[-100.220559,25.727061]},"properties":{"name":"Escuela Primaria Profr. Plinio D. Ordoñez","tipo":"escuela","subtipo":"primaria","fuente":"OpenStreetMap Overpass","osm_tag":"amenity=school","mun":""}},{"type":"Feature","geometry":{"type":"Point","coordinates":[-100.272413,25.72356]},"properties":{"name":"Escuela Secundaria Num 35. Gabino Barreda","tipo":"escuela","subtipo":"secundaria","fuente":"OpenStreetMap Overpass","osm_tag":"amenity=school","mun":""}},{"type":"Feature","geometry":{"type":"Point","coordinates":[-100.313123,25.808021]},"properties":{"name":"Escuela Primaria Corregidora de Querétaro","tipo":"escuela","subtipo":"primaria","fuente":"OpenStreetMap Overpass","osm_tag":"amenity=school","mun":""}},{"type":"Feature","geometry":{"type":"Point","coordinates":[-100.334599,25.782537]},"properties":{"name":"Escuela Primaria T.M. Rogelio Cantu Gomez","tipo":"escuela","subtipo":"primaria","fuente":"OpenStreetMap Overpass","osm_tag":"amenity=school","mun":""}},{"type":"Feature","geometry":{"type":"Point","coordinates":[-100.337951,25.788981]},"properties":{"name":"Centro de Atención Múltiple Benito Juárez","tipo":"escuela","subtipo":"otra","fuente":"OpenStreetMap Overpass","osm_tag":"amenity=school","mun":""}},{"type":"Feature","geometry":{"type":"Point","coordinates":[-100.627878,25.820862]},"properties":{"name":"Preescolar Ausencio Fernández De La Garza","tipo":"escuela","subtipo":"jardin","fuente":"OpenStreetMap Overpass","osm_tag":"amenity=school","mun":""}},{"type":"Feature","geometry":{"type":"Point","coordinates":[-100.614,25.80126]},"properties":{"name":"Primaria Bicentenario de la Independencia","tipo":"escuela","subtipo":"primaria","fuente":"OpenStreetMap Overpass","osm_tag":"amenity=school","mun":""}},{"type":"Feature","geometry":{"type":"Point","coordinates":[-100.512107,25.689046]},"properties":{"name":"Universidad Tecnológica de Santa Catarina","tipo":"escuela","subtipo":"universidad","fuente":"OpenStreetMap Overpass","osm_tag":"amenity=university","mun":""}},{"type":"Feature","geometry":{"type":"Point","coordinates":[-100.141303,25.916438]},"properties":{"name":"Hacienda San Pedro “Celso Garza Guajardo”","tipo":"escuela","subtipo":"universidad","fuente":"OpenStreetMap Overpass","osm_tag":"amenity=university","mun":""}},{"type":"Feature","geometry":{"type":"Point","coordinates":[-100.199258,25.687039]},"properties":{"name":"Jardín de Niños Miguel Hidalgo y Costilla","tipo":"escuela","subtipo":"jardin","fuente":"OpenStreetMap Overpass","osm_tag":"amenity=kindergarten","mun":""}},{"type":"Feature","geometry":{"type":"Point","coordinates":[-100.315267,25.796206]},"properties":{"name":"Jardín de Niños General Pedro María Anaya","tipo":"escuela","subtipo":"jardin","fuente":"OpenStreetMap Overpass","osm_tag":"amenity=kindergarten","mun":""}},{"type":"Feature","geometry":{"type":"Point","coordinates":[-100.231939,25.664119]},"properties":{"name":"Escuela Primaria Federal Lázaro Cárdenas","tipo":"escuela","subtipo":"primaria","fuente":"OpenStreetMap Overpass","osm_tag":"amenity=school","mun":""}},{"type":"Feature","geometry":{"type":"Point","coordinates":[-100.189801,25.736932]},"properties":{"name":"Esc. Primaria Jose De Los Reyes Martinez","tipo":"escuela","subtipo":"primaria","fuente":"OpenStreetMap Overpass","osm_tag":"amenity=school","mun":""}},{"type":"Feature","geometry":{"type":"Point","coordinates":[-100.3234,25.786179]},"properties":{"name":"Escuela Primaria Fraklin O. Westrup Leal","tipo":"escuela","subtipo":"primaria","fuente":"OpenStreetMap Overpass","osm_tag":"amenity=school","mun":""}},{"type":"Feature","geometry":{"type":"Point","coordinates":[-100.2335,25.668539]},"properties":{"name":"Escuela Primaria Profr. Aracely Gonzalez","tipo":"escuela","subtipo":"primaria","fuente":"OpenStreetMap Overpass","osm_tag":"amenity=school","mun":""}},{"type":"Feature","geometry":{"type":"Point","coordinates":[-100.388235,25.857937]},"properties":{"name":"Escuela Manuel Antonio Sepúlveda Stuardo","tipo":"escuela","subtipo":"otra","fuente":"OpenStreetMap Overpass","osm_tag":"amenity=school","mun":""}},{"type":"Feature","geometry":{"type":"Point","coordinates":[-100.141894,25.612981]},"properties":{"name":"Telesecundaria 28 Salvador Garza Salinas","tipo":"escuela","subtipo":"otra","fuente":"OpenStreetMap Overpass","osm_tag":"amenity=school","mun":""}},{"type":"Feature","geometry":{"type":"Point","coordinates":[-100.597305,25.810571]},"properties":{"name":"Secundaria Josefina Valdez de Mascarenas","tipo":"escuela","subtipo":"secundaria","fuente":"OpenStreetMap Overpass","osm_tag":"amenity=school","mun":""}},{"type":"Feature","geometry":{"type":"Point","coordinates":[-100.195302,25.71665]},"properties":{"name":"Escuela Primaria Prof. Eva Sámano Bishop","tipo":"escuela","subtipo":"primaria","fuente":"OpenStreetMap Overpass","osm_tag":"amenity=school","mun":""}},{"type":"Feature","geometry":{"type":"Point","coordinates":[-100.324787,25.805975]},"properties":{"name":"Escuela Secundaria Donato Elizondo Ayala","tipo":"escuela","subtipo":"secundaria","fuente":"OpenStreetMap Overpass","osm_tag":"amenity=school","mun":""}},{"type":"Feature","geometry":{"type":"Point","coordinates":[-100.122022,25.822755]},"properties":{"name":"Jardin De Niños Gral.Carlos Salazar Ruiz","tipo":"escuela","subtipo":"jardin","fuente":"OpenStreetMap Overpass","osm_tag":"amenity=school","mun":"Colinas del Aeropuerto, N.L."}},{"type":"Feature","geometry":{"type":"Point","coordinates":[-100.190542,25.73097]},"properties":{"name":"Esc. Sec. No. 50 \"Lic. Jose Vasconcelos\"","tipo":"escuela","subtipo":"otra","fuente":"OpenStreetMap Overpass","osm_tag":"amenity=school","mun":""}},{"type":"Feature","geometry":{"type":"Point","coordinates":[-100.402732,25.741335]},"properties":{"name":"Universidad Tec Milenio - Campus Cumbres","tipo":"escuela","subtipo":"universidad","fuente":"OpenStreetMap Overpass","osm_tag":"amenity=university","mun":"Monterrey"}},{"type":"Feature","geometry":{"type":"Point","coordinates":[-100.27436,25.617763]},"properties":{"name":"ITESM Preparatoria Eugenio Garza Lagüera","tipo":"escuela","subtipo":"preparatoria","fuente":"OpenStreetMap Overpass","osm_tag":"amenity=college","mun":""}},{"type":"Feature","geometry":{"type":"Point","coordinates":[-100.347736,25.707512]},"properties":{"name":"CBTis 22 Felipe de Jesús Ángeles Ramirez","tipo":"escuela","subtipo":"preparatoria","fuente":"OpenStreetMap Overpass","osm_tag":"amenity=college","mun":"Monterrey"}},{"type":"Feature","geometry":{"type":"Point","coordinates":[-100.256435,25.811343]},"properties":{"name":"Escuela Primaria Gral. Santos Degolaldo","tipo":"escuela","subtipo":"primaria","fuente":"OpenStreetMap Overpass","osm_tag":"amenity=school","mun":""}},{"type":"Feature","geometry":{"type":"Point","coordinates":[-100.021871,25.578791]},"properties":{"name":"Secundaria Eugenio Serrano Delgado N° 8","tipo":"escuela","subtipo":"secundaria","fuente":"OpenStreetMap Overpass","osm_tag":"amenity=school","mun":""}},{"type":"Feature","geometry":{"type":"Point","coordinates":[-100.339338,25.670024]},"properties":{"name":"Culinaria Escuela Profesional de Cocina","tipo":"escuela","subtipo":"otra","fuente":"OpenStreetMap Overpass","osm_tag":"amenity=school","mun":""}},{"type":"Feature","geometry":{"type":"Point","coordinates":[-100.093728,25.710718]},"properties":{"name":"Esc. Primaria Andrés Henestrosa Morales","tipo":"escuela","subtipo":"primaria","fuente":"OpenStreetMap Overpass","osm_tag":"amenity=school","mun":""}},{"type":"Feature","geometry":{"type":"Point","coordinates":[-100.23199,25.734478]},"properties":{"name":"Escuela Primaria Alberto Garza Gonzalez","tipo":"escuela","subtipo":"primaria","fuente":"OpenStreetMap Overpass","osm_tag":"amenity=school","mun":""}},{"type":"Feature","geometry":{"type":"Point","coordinates":[-100.247803,25.706275]},"properties":{"name":"Escuela Secundaria Alfonso Reyes No. 17","tipo":"escuela","subtipo":"secundaria","fuente":"OpenStreetMap Overpass","osm_tag":"amenity=school","mun":""}},{"type":"Feature","geometry":{"type":"Point","coordinates":[-100.446623,25.660099]},"properties":{"name":"American School Foundation of Monterrey","tipo":"escuela","subtipo":"otra","fuente":"OpenStreetMap Overpass","osm_tag":"amenity=school","mun":""}},{"type":"Feature","geometry":{"type":"Point","coordinates":[-100.311268,25.803861]},"properties":{"name":"Centro Bachillerato Tecnologico No. 250","tipo":"escuela","subtipo":"preparatoria","fuente":"OpenStreetMap Overpass","osm_tag":"amenity=school","mun":""}},{"type":"Feature","geometry":{"type":"Point","coordinates":[-100.320627,25.771901]},"properties":{"name":"Escuela Secundaria 1 Juan Ignacio Ramon","tipo":"escuela","subtipo":"secundaria","fuente":"OpenStreetMap Overpass","osm_tag":"amenity=school","mun":""}},{"type":"Feature","geometry":{"type":"Point","coordinates":[-100.059918,25.797767]},"properties":{"name":"Escuela Primaria Carlos Pellicer Cámara","tipo":"escuela","subtipo":"primaria","fuente":"OpenStreetMap Overpass","osm_tag":"amenity=school","mun":""}},{"type":"Feature","geometry":{"type":"Point","coordinates":[-100.472304,25.682958]},"properties":{"name":"Villas - Preescolar Isabel Garza de Fox","tipo":"escuela","subtipo":"jardin","fuente":"OpenStreetMap Overpass","osm_tag":"amenity=school","mun":""}},{"type":"Feature","geometry":{"type":"Point","coordinates":[-100.58779,25.801095]},"properties":{"name":"Preescolar Conchita Velazco de Zorrilla","tipo":"escuela","subtipo":"jardin","fuente":"OpenStreetMap Overpass","osm_tag":"amenity=school","mun":""}},{"type":"Feature","geometry":{"type":"Point","coordinates":[-100.13906,25.615544]},"properties":{"name":"Secundaria Técnica María Lavalle Urbina","tipo":"escuela","subtipo":"secundaria","fuente":"OpenStreetMap Overpass","osm_tag":"amenity=school","mun":""}},{"type":"Feature","geometry":{"type":"Point","coordinates":[-100.503482,25.80754]},"properties":{"name":"Telesecundaria José María Ponce de León","tipo":"escuela","subtipo":"otra","fuente":"OpenStreetMap Overpass","osm_tag":"amenity=school","mun":""}},{"type":"Feature","geometry":{"type":"Point","coordinates":[-100.301914,25.624663]},"properties":{"name":"Colegio San Patricio del Paseo Unidad 2","tipo":"escuela","subtipo":"otra","fuente":"OpenStreetMap Overpass","osm_tag":"amenity=school","mun":""}},{"type":"Feature","geometry":{"type":"Point","coordinates":[-100.317442,25.741742]},"properties":{"name":"Escuela Primaria \"Antonio L. Rodriguez\"","tipo":"escuela","subtipo":"primaria","fuente":"OpenStreetMap Overpass","osm_tag":"amenity=school","mun":""}},{"type":"Feature","geometry":{"type":"Point","coordinates":[-100.302915,25.757331]},"properties":{"name":"Escuela Secundaria #24 Guillermo Prieto","tipo":"escuela","subtipo":"secundaria","fuente":"OpenStreetMap Overpass","osm_tag":"amenity=school","mun":""}},{"type":"Feature","geometry":{"type":"Point","coordinates":[-100.169877,25.61477]},"properties":{"name":"Escuela Militarizada \"Mariano Escobedo\"","tipo":"escuela","subtipo":"otra","fuente":"OpenStreetMap Overpass","osm_tag":"amenity=school","mun":""}},{"type":"Feature","geometry":{"type":"Point","coordinates":[-100.294843,25.963655]},"properties":{"name":"Preparatoria 25 Unidad Salinas Victoria","tipo":"escuela","subtipo":"preparatoria","fuente":"OpenStreetMap Overpass","osm_tag":"amenity=school","mun":""}},{"type":"Feature","geometry":{"type":"Point","coordinates":[-100.309696,25.661124]},"properties":{"name":"Primaria Presidente Adolfo López Mateos","tipo":"escuela","subtipo":"primaria","fuente":"OpenStreetMap Overpass","osm_tag":"amenity=school","mun":""}},{"type":"Feature","geometry":{"type":"Point","coordinates":[-100.315284,25.725591]},"properties":{"name":"Facultad de Ciencias Fisico-Matematicas","tipo":"escuela","subtipo":"universidad","fuente":"OpenStreetMap Overpass","osm_tag":"amenity=university","mun":""}},{"type":"Feature","geometry":{"type":"Point","coordinates":[-100.047694,25.638076]},"properties":{"name":"Universidad Tecnologica Franco-Mexicana","tipo":"escuela","subtipo":"universidad","fuente":"OpenStreetMap Overpass","osm_tag":"amenity=university","mun":""}},{"type":"Feature","geometry":{"type":"Point","coordinates":[-100.432058,25.671086]},"properties":{"name":"Preparatoria Politécnica Santa Catarina","tipo":"escuela","subtipo":"preparatoria","fuente":"OpenStreetMap Overpass","osm_tag":"amenity=college","mun":""}},{"type":"Feature","geometry":{"type":"Point","coordinates":[-100.195358,25.655073]},"properties":{"name":"Escuela Primaria Lázaro Salinas Alanís","tipo":"escuela","subtipo":"primaria","fuente":"OpenStreetMap Overpass","osm_tag":"amenity=school","mun":""}},{"type":"Feature","geometry":{"type":"Point","coordinates":[-100.235599,25.72329]},"properties":{"name":"Escuela Primaria Julian Garza Tijerina","tipo":"escuela","subtipo":"primaria","fuente":"OpenStreetMap Overpass","osm_tag":"amenity=school","mun":""}},{"type":"Feature","geometry":{"type":"Point","coordinates":[-100.211658,25.699781]},"properties":{"name":"Escuela Primaria Amanecer de la Patria","tipo":"escuela","subtipo":"primaria","fuente":"OpenStreetMap Overpass","osm_tag":"amenity=school","mun":""}},{"type":"Feature","geometry":{"type":"Point","coordinates":[-100.32114,25.762944]},"properties":{"name":"Escuela Licenciado Eduardo Livas Villa","tipo":"escuela","subtipo":"otra","fuente":"OpenStreetMap Overpass","osm_tag":"amenity=school","mun":""}},{"type":"Feature","geometry":{"type":"Point","coordinates":[-100.343198,25.677956]},"properties":{"name":"Centro de Estudios Superiores La Salle","tipo":"escuela","subtipo":"otra","fuente":"OpenStreetMap Overpass","osm_tag":"amenity=school","mun":""}},{"type":"Feature","geometry":{"type":"Point","coordinates":[-100.277435,25.67289]},"properties":{"name":"Escuela Secundaria no.8 \"Niños Heroes\"","tipo":"escuela","subtipo":"secundaria","fuente":"OpenStreetMap Overpass","osm_tag":"amenity=school","mun":""}},{"type":"Feature","geometry":{"type":"Point","coordinates":[-100.059195,25.797651]},"properties":{"name":"Jardín de niños Carlos Pellicer cámara","tipo":"escuela","subtipo":"jardin","fuente":"OpenStreetMap Overpass","osm_tag":"amenity=school","mun":""}},{"type":"Feature","geometry":{"type":"Point","coordinates":[-100.2831,25.683492]},"properties":{"name":"Escuela Primaria Antonio I. Villarreal","tipo":"escuela","subtipo":"primaria","fuente":"OpenStreetMap Overpass","osm_tag":"amenity=school","mun":""}},{"type":"Feature","geometry":{"type":"Point","coordinates":[-100.616244,25.823291]},"properties":{"name":"Presscolar Virginia Treviño de Collins","tipo":"escuela","subtipo":"otra","fuente":"OpenStreetMap Overpass","osm_tag":"amenity=school","mun":""}},{"type":"Feature","geometry":{"type":"Point","coordinates":[-100.433711,25.659421]},"properties":{"name":"Escuela María Teresa Rojas de Calderón","tipo":"escuela","subtipo":"otra","fuente":"OpenStreetMap Overpass","osm_tag":"amenity=school","mun":""}},{"type":"Feature","geometry":{"type":"Point","coordinates":[-100.335896,25.727852]},"properties":{"name":"Escuela Secundaria #18 Felipe Pescador","tipo":"escuela","subtipo":"secundaria","fuente":"OpenStreetMap Overpass","osm_tag":"amenity=school","mun":""}},{"type":"Feature","geometry":{"type":"Point","coordinates":[-100.098806,25.823524]},"properties":{"name":"Escuela Primaria Irma Sabina Sepúlveda","tipo":"escuela","subtipo":"primaria","fuente":"OpenStreetMap Overpass","osm_tag":"amenity=school","mun":""}},{"type":"Feature","geometry":{"type":"Point","coordinates":[-100.192375,25.726392]},"properties":{"name":"Escuela Primaria Idalia Cantú de Livas","tipo":"escuela","subtipo":"primaria","fuente":"OpenStreetMap Overpass","osm_tag":"amenity=school","mun":""}},{"type":"Feature","geometry":{"type":"Point","coordinates":[-100.441986,25.660857]},"properties":{"name":"Facultad Libre de Derecho de Monterrey","tipo":"escuela","subtipo":"universidad","fuente":"OpenStreetMap Overpass","osm_tag":"amenity=university","mun":"Santa Catarina"}},{"type":"Feature","geometry":{"type":"Point","coordinates":[-100.186597,25.781581]},"properties":{"name":"Universidad Metropolitana de Monterrey","tipo":"escuela","subtipo":"universidad","fuente":"OpenStreetMap Overpass","osm_tag":"amenity=university","mun":""}},{"type":"Feature","geometry":{"type":"Point","coordinates":[-100.216734,25.761895]},"properties":{"name":"Jardín de Niños Rosa María Garza Goméz","tipo":"escuela","subtipo":"jardin","fuente":"OpenStreetMap Overpass","osm_tag":"amenity=kindergarten","mun":""}},{"type":"Feature","geometry":{"type":"Point","coordinates":[-100.273305,25.726164]},"properties":{"name":"Jardín de Niños Josefa Zozaya Chavarri","tipo":"escuela","subtipo":"jardin","fuente":"OpenStreetMap Overpass","osm_tag":"amenity=kindergarten","mun":""}},{"type":"Feature","geometry":{"type":"Point","coordinates":[-100.267173,25.705529]},"properties":{"name":"Jardín de Niños Profra. Rosaura Zapata","tipo":"escuela","subtipo":"jardin","fuente":"OpenStreetMap Overpass","osm_tag":"amenity=kindergarten","mun":""}},{"type":"Feature","geometry":{"type":"Point","coordinates":[-100.208081,25.686195]},"properties":{"name":"Jardín de Niños Dr. Jaime Torres Bodet","tipo":"escuela","subtipo":"jardin","fuente":"OpenStreetMap Overpass","osm_tag":"amenity=kindergarten","mun":""}},{"type":"Feature","geometry":{"type":"Point","coordinates":[-100.324561,25.765381]},"properties":{"name":"Jardín de Niños Ernestina Lara Benitez","tipo":"escuela","subtipo":"jardin","fuente":"OpenStreetMap Overpass","osm_tag":"amenity=kindergarten","mun":""}},{"type":"Feature","geometry":{"type":"Point","coordinates":[-100.264289,25.718243]},"properties":{"name":"Escuela Primaria Profr. Ciro R. Cantú","tipo":"escuela","subtipo":"primaria","fuente":"OpenStreetMap Overpass","osm_tag":"amenity=school","mun":""}},{"type":"Feature","geometry":{"type":"Point","coordinates":[-100.257544,25.712311]},"properties":{"name":"Escuela Primaria Aurelio Alanis Silva","tipo":"escuela","subtipo":"primaria","fuente":"OpenStreetMap Overpass","osm_tag":"amenity=school","mun":""}},{"type":"Feature","geometry":{"type":"Point","coordinates":[-100.204909,25.691895]},"properties":{"name":"Escuela Primaria Juan Escutia Ford 59","tipo":"escuela","subtipo":"primaria","fuente":"OpenStreetMap Overpass","osm_tag":"amenity=school","mun":""}},{"type":"Feature","geometry":{"type":"Point","coordinates":[-100.307171,25.744344]},"properties":{"name":"Secundaria \"Margarita Maza de Juárez\"","tipo":"escuela","subtipo":"secundaria","fuente":"OpenStreetMap Overpass","osm_tag":"amenity=school","mun":"San Nicolás de los Garza"}},{"type":"Feature","geometry":{"type":"Point","coordinates":[-100.195172,25.711773]},"properties":{"name":"Escuela Primaria \"Centauro del Norte\"","tipo":"escuela","subtipo":"primaria","fuente":"OpenStreetMap Overpass","osm_tag":"amenity=school","mun":""}},{"type":"Feature","geometry":{"type":"Point","coordinates":[-100.206211,25.711781]},"properties":{"name":"Escuela primaria \"Eugenio Garza Sada\"","tipo":"escuela","subtipo":"primaria","fuente":"OpenStreetMap Overpass","osm_tag":"amenity=school","mun":""}},{"type":"Feature","geometry":{"type":"Point","coordinates":[-100.19082,25.661406]},"properties":{"name":"Escuela Primaria, Ramon Lopez Velarde","tipo":"escuela","subtipo":"primaria","fuente":"OpenStreetMap Overpass","osm_tag":"amenity=school","mun":""}},{"type":"Feature","geometry":{"type":"Point","coordinates":[-100.185515,25.926145]},"properties":{"name":"Escuela Román Carlos Villarreal Anaya","tipo":"escuela","subtipo":"otra","fuente":"OpenStreetMap Overpass","osm_tag":"amenity=school","mun":""}},{"type":"Feature","geometry":{"type":"Point","coordinates":[-100.102276,25.645918]},"properties":{"name":"Secundaria 125 Manuel Tolsa y Sarrión","tipo":"escuela","subtipo":"secundaria","fuente":"OpenStreetMap Overpass","osm_tag":"amenity=school","mun":""}},{"type":"Feature","geometry":{"type":"Point","coordinates":[-100.14043,25.619476]},"properties":{"name":"Primaria Beneméritos Educadores de NL","tipo":"escuela","subtipo":"primaria","fuente":"OpenStreetMap Overpass","osm_tag":"amenity=school","mun":""}},{"type":"Feature","geometry":{"type":"Point","coordinates":[-100.323291,26.049507]},"properties":{"name":"Escuela Primaria Jose Treviño Galindo","tipo":"escuela","subtipo":"primaria","fuente":"OpenStreetMap Overpass","osm_tag":"amenity=school","mun":""}},{"type":"Feature","geometry":{"type":"Point","coordinates":[-100.334078,25.728159]},"properties":{"name":"Escuela Profesor Facundo Villarreal M","tipo":"escuela","subtipo":"otra","fuente":"OpenStreetMap Overpass","osm_tag":"amenity=school","mun":""}},{"type":"Feature","geometry":{"type":"Point","coordinates":[-100.174244,25.960315]},"properties":{"name":"Escuela Primaria Carlos Salinas Reina","tipo":"escuela","subtipo":"primaria","fuente":"OpenStreetMap Overpass","osm_tag":"amenity=school","mun":""}},{"type":"Feature","geometry":{"type":"Point","coordinates":[-100.345372,25.798034]},"properties":{"name":"Escuela Primaria Prof. Edelmiro Garza","tipo":"escuela","subtipo":"primaria","fuente":"OpenStreetMap Overpass","osm_tag":"amenity=school","mun":""}},{"type":"Feature","geometry":{"type":"Point","coordinates":[-100.111664,25.811504]},"properties":{"name":"Escuela Primaria Prisciliano Elizondo","tipo":"escuela","subtipo":"primaria","fuente":"OpenStreetMap Overpass","osm_tag":"amenity=school","mun":"Zacatecas, N.L."}},{"type":"Feature","geometry":{"type":"Point","coordinates":[-100.051688,25.785368]},"properties":{"name":"Jardín de Niños Federal Josefa Zozoya","tipo":"escuela","subtipo":"jardin","fuente":"OpenStreetMap Overpass","osm_tag":"amenity=school","mun":""}},{"type":"Feature","geometry":{"type":"Point","coordinates":[-100.461674,25.673389]},"properties":{"name":"Facultad de Medicina Veterinaria UVNE","tipo":"escuela","subtipo":"universidad","fuente":"OpenStreetMap Overpass","osm_tag":"amenity=university","mun":""}},{"type":"Feature","geometry":{"type":"Point","coordinates":[-100.238413,25.736751]},"properties":{"name":"Jardin de Niños Carlos Salinas Lozano","tipo":"escuela","subtipo":"jardin","fuente":"OpenStreetMap Overpass","osm_tag":"amenity=kindergarten","mun":""}},{"type":"Feature","geometry":{"type":"Point","coordinates":[-100.264485,25.712586]},"properties":{"name":"Jardín de Niños Francisco Javier Mina","tipo":"escuela","subtipo":"jardin","fuente":"OpenStreetMap Overpass","osm_tag":"amenity=kindergarten","mun":""}},{"type":"Feature","geometry":{"type":"Point","coordinates":[-100.190259,25.646198]},"properties":{"name":"Jardín de Niños Plutarco Elías Calles","tipo":"escuela","subtipo":"jardin","fuente":"OpenStreetMap Overpass","osm_tag":"amenity=kindergarten","mun":""}},{"type":"Feature","geometry":{"type":"Point","coordinates":[-100.345636,25.687739]},"properties":{"name":"Preparatoria #15 Unidad Madero- UANL","tipo":"escuela","subtipo":"preparatoria","fuente":"OpenStreetMap Overpass","osm_tag":"amenity=school","mun":""}},{"type":"Feature","geometry":{"type":"Point","coordinates":[-100.350183,25.700927]},"properties":{"name":"Escuela Secundaria N°72 \"Emma Godoy\"","tipo":"escuela","subtipo":"secundaria","fuente":"OpenStreetMap Overpass","osm_tag":"amenity=school","mun":"Monterrey"}},{"type":"Feature","geometry":{"type":"Point","coordinates":[-100.23285,25.714287]},"properties":{"name":"Escuela Primaria Adolfo Lopez Mateos","tipo":"escuela","subtipo":"primaria","fuente":"OpenStreetMap Overpass","osm_tag":"amenity=school","mun":""}},{"type":"Feature","geometry":{"type":"Point","coordinates":[-100.23314,25.72548]},"properties":{"name":"Escuela Primaria Jesus Reyes Heroles","tipo":"escuela","subtipo":"primaria","fuente":"OpenStreetMap Overpass","osm_tag":"amenity=school","mun":""}},{"type":"Feature","geometry":{"type":"Point","coordinates":[-100.254492,25.722939]},"properties":{"name":"Escuela Primaria Venustiano Carranza","tipo":"escuela","subtipo":"primaria","fuente":"OpenStreetMap Overpass","osm_tag":"amenity=school","mun":""}},{"type":"Feature","geometry":{"type":"Point","coordinates":[-100.18773,25.474305]},"properties":{"name":"Esc. Prim. Lic. Benito Juarez Garcia","tipo":"escuela","subtipo":"otra","fuente":"OpenStreetMap Overpass","osm_tag":"amenity=school","mun":""}},{"type":"Feature","geometry":{"type":"Point","coordinates":[-100.48096,25.681252]},"properties":{"name":"Jardin de Niños Francisco de Quevedo","tipo":"escuela","subtipo":"jardin","fuente":"OpenStreetMap Overpass","osm_tag":"amenity=school","mun":""}},{"type":"Feature","geometry":{"type":"Point","coordinates":[-100.328214,25.789588]},"properties":{"name":"Escuela Primaria Adolfo López Mateos","tipo":"escuela","subtipo":"primaria","fuente":"OpenStreetMap Overpass","osm_tag":"amenity=school","mun":""}},{"type":"Feature","geometry":{"type":"Point","coordinates":[-100.308898,25.78602]},"properties":{"name":"Escuela Secundaria 62 Mariano Azuela","tipo":"escuela","subtipo":"secundaria","fuente":"OpenStreetMap Overpass","osm_tag":"amenity=school","mun":""}},{"type":"Feature","geometry":{"type":"Point","coordinates":[-100.182101,25.664547]},"properties":{"name":"Escuela Secundaria, Dionsio Gonzalez","tipo":"escuela","subtipo":"secundaria","fuente":"OpenStreetMap Overpass","osm_tag":"amenity=school","mun":""}},{"type":"Feature","geometry":{"type":"Point","coordinates":[-100.464055,25.68349]},"properties":{"name":"Preescolar Horacio Guillermo Bortoni","tipo":"escuela","subtipo":"jardin","fuente":"OpenStreetMap Overpass","osm_tag":"amenity=school","mun":""}},{"type":"Feature","geometry":{"type":"Point","coordinates":[-100.576332,25.784674]},"properties":{"name":"Primaria Ramiro Rodríguez Villarreal","tipo":"escuela","subtipo":"primaria","fuente":"OpenStreetMap Overpass","osm_tag":"amenity=school","mun":""}},{"type":"Feature","geometry":{"type":"Point","coordinates":[-100.605762,25.806841]},"properties":{"name":"Primaria Niños Héroes de Chapultepec","tipo":"escuela","subtipo":"primaria","fuente":"OpenStreetMap Overpass","osm_tag":"amenity=school","mun":""}},{"type":"Feature","geometry":{"type":"Point","coordinates":[-100.592944,25.831681]},"properties":{"name":"Preescolar Norberto Noé Jasso García","tipo":"escuela","subtipo":"jardin","fuente":"OpenStreetMap Overpass","osm_tag":"amenity=school","mun":""}},{"type":"Feature","geometry":{"type":"Point","coordinates":[-100.490732,25.795254]},"properties":{"name":"Primaria José Santana Ramos Balderas","tipo":"escuela","subtipo":"primaria","fuente":"OpenStreetMap Overpass","osm_tag":"amenity=school","mun":""}},{"type":"Feature","geometry":{"type":"Point","coordinates":[-100.113589,25.645301]},"properties":{"name":"Preescolar Florinda Pedraza Cárdenas","tipo":"escuela","subtipo":"jardin","fuente":"OpenStreetMap Overpass","osm_tag":"amenity=school","mun":""}},{"type":"Feature","geometry":{"type":"Point","coordinates":[-100.596558,25.809887]},"properties":{"name":"Preescolar María E. Luévano Arellano","tipo":"escuela","subtipo":"jardin","fuente":"OpenStreetMap Overpass","osm_tag":"amenity=school","mun":""}},{"type":"Feature","geometry":{"type":"Point","coordinates":[-100.350849,25.677143]},"properties":{"name":"Escuela Primaria Maria R.D. Canavati","tipo":"escuela","subtipo":"primaria","fuente":"OpenStreetMap Overpass","osm_tag":"amenity=school","mun":""}},{"type":"Feature","geometry":{"type":"Point","coordinates":[-100.151289,25.608881]},"properties":{"name":"Primaria Centenario de la Revolución","tipo":"escuela","subtipo":"primaria","fuente":"OpenStreetMap Overpass","osm_tag":"amenity=school","mun":""}},{"type":"Feature","geometry":{"type":"Point","coordinates":[-100.224034,25.548694]},"properties":{"name":"Euroamerican School of Monterrey Sur","tipo":"escuela","subtipo":"otra","fuente":"OpenStreetMap Overpass","osm_tag":"amenity=school","mun":""}},{"type":"Feature","geometry":{"type":"Point","coordinates":[-100.246844,25.574819]},"properties":{"name":"Universidad Interamericana del Norte","tipo":"escuela","subtipo":"universidad","fuente":"OpenStreetMap Overpass","osm_tag":"amenity=university","mun":""}},{"type":"Feature","geometry":{"type":"Point","coordinates":[-100.310112,25.692459]},"properties":{"name":"División de Estudios de Posgrado FCQ","tipo":"escuela","subtipo":"universidad","fuente":"OpenStreetMap Overpass","osm_tag":"amenity=university","mun":""}},{"type":"Feature","geometry":{"type":"Point","coordinates":[-100.337611,25.647347]},"properties":{"name":"Irish International School Monterrey","tipo":"escuela","subtipo":"college","fuente":"OpenStreetMap Overpass","osm_tag":"amenity=college","mun":""}},{"type":"Feature","geometry":{"type":"Point","coordinates":[-100.223093,25.722006]},"properties":{"name":"Centro Infantil de Desarrollo Básico","tipo":"escuela","subtipo":"jardin","fuente":"OpenStreetMap Overpass","osm_tag":"amenity=kindergarten","mun":""}},{"type":"Feature","geometry":{"type":"Point","coordinates":[-100.191618,25.695473]},"properties":{"name":"Jardín de Niños Manuel López Cotilla","tipo":"escuela","subtipo":"jardin","fuente":"OpenStreetMap Overpass","osm_tag":"amenity=kindergarten","mun":""}},{"type":"Feature","geometry":{"type":"Point","coordinates":[-100.088617,25.814578]},"properties":{"name":"Escuela Primaria \"Eugenio del Hoyo\"","tipo":"escuela","subtipo":"primaria","fuente":"OpenStreetMap Overpass","osm_tag":"amenity=school","mun":"Pesquería"}},{"type":"Feature","geometry":{"type":"Point","coordinates":[-100.247728,25.694079]},"properties":{"name":"Escuela Profesor Rafael Garza Livas","tipo":"escuela","subtipo":"otra","fuente":"OpenStreetMap Overpass","osm_tag":"amenity=school","mun":""}},{"type":"Feature","geometry":{"type":"Point","coordinates":[-100.235237,25.723827]},"properties":{"name":"Escuela Primaria Gustavo Diaz Ordaz","tipo":"escuela","subtipo":"primaria","fuente":"OpenStreetMap Overpass","osm_tag":"amenity=school","mun":""}},{"type":"Feature","geometry":{"type":"Point","coordinates":[-100.27498,25.72416]},"properties":{"name":"Escuela Primaria Eugenio Garza Sada","tipo":"escuela","subtipo":"primaria","fuente":"OpenStreetMap Overpass","osm_tag":"amenity=school","mun":""}},{"type":"Feature","geometry":{"type":"Point","coordinates":[-100.495395,25.681297]},"properties":{"name":"Escuela Primaria Jaime Torres Bodet","tipo":"escuela","subtipo":"primaria","fuente":"OpenStreetMap Overpass","osm_tag":"amenity=school","mun":""}},{"type":"Feature","geometry":{"type":"Point","coordinates":[-100.325339,25.6769]},"properties":{"name":"Escuela de Ciencias de la Educación","tipo":"escuela","subtipo":"otra","fuente":"OpenStreetMap Overpass","osm_tag":"amenity=school","mun":"Monterrey"}},{"type":"Feature","geometry":{"type":"Point","coordinates":[-100.193779,25.728403]},"properties":{"name":"Es. Prim. Raúl Betancourt Rodriguez","tipo":"escuela","subtipo":"otra","fuente":"OpenStreetMap Overpass","osm_tag":"amenity=school","mun":""}},{"type":"Feature","geometry":{"type":"Point","coordinates":[-100.172016,25.681843]},"properties":{"name":"Escuela Primaria Mis Primeras Luces","tipo":"escuela","subtipo":"primaria","fuente":"OpenStreetMap Overpass","osm_tag":"amenity=school","mun":""}},{"type":"Feature","geometry":{"type":"Point","coordinates":[-100.458197,25.703991]},"properties":{"name":"Primaria Jesús Julián Llaguno Cantú","tipo":"escuela","subtipo":"primaria","fuente":"OpenStreetMap Overpass","osm_tag":"amenity=school","mun":""}},{"type":"Feature","geometry":{"type":"Point","coordinates":[-100.569396,25.784336]},"properties":{"name":"Preescolar José Donaciano de la Paz","tipo":"escuela","subtipo":"jardin","fuente":"OpenStreetMap Overpass","osm_tag":"amenity=school","mun":""}},{"type":"Feature","geometry":{"type":"Point","coordinates":[-100.610833,25.803805]},"properties":{"name":"Centro Educativo Fundación San José","tipo":"escuela","subtipo":"otra","fuente":"OpenStreetMap Overpass","osm_tag":"amenity=school","mun":""}},{"type":"Feature","geometry":{"type":"Point","coordinates":[-100.375883,25.762366]},"properties":{"name":"CAI Centro de Capacitación Integral","tipo":"escuela","subtipo":"otra","fuente":"OpenStreetMap Overpass","osm_tag":"amenity=school","mun":""}},{"type":"Feature","geometry":{"type":"Point","coordinates":[-100.373271,25.829642]},"properties":{"name":"Club de Niños y Niñas de Nuevo León","tipo":"escuela","subtipo":"otra","fuente":"OpenStreetMap Overpass","osm_tag":"amenity=school","mun":""}},{"type":"Feature","geometry":{"type":"Point","coordinates":[-100.31678,25.791957]},"properties":{"name":"Escuela Primaria Jaime Torres Bodet","tipo":"escuela","subtipo":"primaria","fuente":"OpenStreetMap Overpass","osm_tag":"amenity=school","mun":""}},{"type":"Feature","geometry":{"type":"Point","coordinates":[-100.244582,25.665416]},"properties":{"name":"Instituto Tecnológico de Nuevo León","tipo":"escuela","subtipo":"universidad","fuente":"OpenStreetMap Overpass","osm_tag":"amenity=university","mun":""}},{"type":"Feature","geometry":{"type":"Point","coordinates":[-100.087832,25.645118]},"properties":{"name":"Preparatoria #22 UANL Unidad Juárez","tipo":"escuela","subtipo":"preparatoria","fuente":"OpenStreetMap Overpass","osm_tag":"amenity=university","mun":""}},{"type":"Feature","geometry":{"type":"Point","coordinates":[-100.21198,25.707681]},"properties":{"name":"Jardin de Niños Villa de San Miguel","tipo":"escuela","subtipo":"jardin","fuente":"OpenStreetMap Overpass","osm_tag":"amenity=kindergarten","mun":""}},{"type":"Feature","geometry":{"type":"Point","coordinates":[-100.25384,25.719942]},"properties":{"name":"Jardín de Niños Eugenio Canavati H.","tipo":"escuela","subtipo":"jardin","fuente":"OpenStreetMap Overpass","osm_tag":"amenity=kindergarten","mun":""}},{"type":"Feature","geometry":{"type":"Point","coordinates":[-100.251016,25.702423]},"properties":{"name":"Jardín de Niños Adolfo Prieto No. 3","tipo":"escuela","subtipo":"jardin","fuente":"OpenStreetMap Overpass","osm_tag":"amenity=kindergarten","mun":""}},{"type":"Feature","geometry":{"type":"Point","coordinates":[-100.234547,25.681093]},"properties":{"name":"Jardín de Niños Diego de Montemayor","tipo":"escuela","subtipo":"jardin","fuente":"OpenStreetMap Overpass","osm_tag":"amenity=kindergarten","mun":""}},{"type":"Feature","geometry":{"type":"Point","coordinates":[-100.315505,25.68786]},"properties":{"name":"Jardín de Niños Fernando Magallanes","tipo":"escuela","subtipo":"jardin","fuente":"OpenStreetMap Overpass","osm_tag":"amenity=kindergarten","mun":""}},{"type":"Feature","geometry":{"type":"Point","coordinates":[-100.289938,25.657197]},"properties":{"name":"Preparatoria No. 15 Unidad Florida","tipo":"escuela","subtipo":"preparatoria","fuente":"OpenStreetMap Overpass","osm_tag":"amenity=school","mun":""}},{"type":"Feature","geometry":{"type":"Point","coordinates":[-100.263947,25.712893]},"properties":{"name":"Escuela Primaria Mariano Matamoros","tipo":"escuela","subtipo":"primaria","fuente":"OpenStreetMap Overpass","osm_tag":"amenity=school","mun":""}},{"type":"Feature","geometry":{"type":"Point","coordinates":[-100.194837,25.683441]},"properties":{"name":"Escuela Primaria \"20 de Noviembre\"","tipo":"escuela","subtipo":"primaria","fuente":"OpenStreetMap Overpass","osm_tag":"amenity=school","mun":""}},{"type":"Feature","geometry":{"type":"Point","coordinates":[-100.436805,25.6877]},"properties":{"name":"Primaria Marco Aurelio Ruiz Puente","tipo":"escuela","subtipo":"primaria","fuente":"OpenStreetMap Overpass","osm_tag":"amenity=school","mun":""}},{"type":"Feature","geometry":{"type":"Point","coordinates":[-100.575313,25.791926]},"properties":{"name":"Secundaria Técnica 100 Juan Aldama","tipo":"escuela","subtipo":"secundaria","fuente":"OpenStreetMap Overpass","osm_tag":"amenity=school","mun":""}},{"type":"Feature","geometry":{"type":"Point","coordinates":[-100.592932,25.832171]},"properties":{"name":"Primaria Norberto Noé Jasso García","tipo":"escuela","subtipo":"primaria","fuente":"OpenStreetMap Overpass","osm_tag":"amenity=school","mun":""}},{"type":"Feature","geometry":{"type":"Point","coordinates":[-100.483622,25.791229]},"properties":{"name":"Secundaria 113 Carlos Salazar Ruiz","tipo":"escuela","subtipo":"secundaria","fuente":"OpenStreetMap Overpass","osm_tag":"amenity=school","mun":""}},{"type":"Feature","geometry":{"type":"Point","coordinates":[-100.432629,25.669404]},"properties":{"name":"Secundaria Efraín Díaz de la Garza","tipo":"escuela","subtipo":"secundaria","fuente":"OpenStreetMap Overpass","osm_tag":"amenity=school","mun":""}},{"type":"Feature","geometry":{"type":"Point","coordinates":[-100.144101,25.650831]},"properties":{"name":"Preescolar José Guadalupe Zuno Hdz","tipo":"escuela","subtipo":"jardin","fuente":"OpenStreetMap Overpass","osm_tag":"amenity=school","mun":""}},{"type":"Feature","geometry":{"type":"Point","coordinates":[-100.160927,25.60907]},"properties":{"name":"Jardín de Niños José Pablo Moncayo","tipo":"escuela","subtipo":"jardin","fuente":"OpenStreetMap Overpass","osm_tag":"amenity=school","mun":""}},{"type":"Feature","geometry":{"type":"Point","coordinates":[-100.135625,25.800436]},"properties":{"name":"Universidad Politécnica de Apodaca","tipo":"escuela","subtipo":"universidad","fuente":"OpenStreetMap Overpass","osm_tag":"amenity=university","mun":""}},{"type":"Feature","geometry":{"type":"Point","coordinates":[-100.288358,25.784536]},"properties":{"name":"UANL Campus Ciencias Agropecuarias","tipo":"escuela","subtipo":"universidad","fuente":"OpenStreetMap Overpass","osm_tag":"amenity=university","mun":""}},{"type":"Feature","geometry":{"type":"Point","coordinates":[-100.088553,25.815017]},"properties":{"name":"Jardín de Niños \"Eugenio del Hoyo\"","tipo":"escuela","subtipo":"jardin","fuente":"OpenStreetMap Overpass","osm_tag":"amenity=kindergarten","mun":"Pesquería"}},{"type":"Feature","geometry":{"type":"Point","coordinates":[-100.236926,25.731069]},"properties":{"name":"Jardín de Niños Rebeca Cantú Ayala","tipo":"escuela","subtipo":"jardin","fuente":"OpenStreetMap Overpass","osm_tag":"amenity=kindergarten","mun":""}},{"type":"Feature","geometry":{"type":"Point","coordinates":[-100.254842,25.713037]},"properties":{"name":"Jardín de Niños Federal Eva Samano","tipo":"escuela","subtipo":"jardin","fuente":"OpenStreetMap Overpass","osm_tag":"amenity=kindergarten","mun":""}},{"type":"Feature","geometry":{"type":"Point","coordinates":[-100.506425,25.702559]},"properties":{"name":"Jardin de Niños Hermila Arce Lejia","tipo":"escuela","subtipo":"jardin","fuente":"OpenStreetMap Overpass","osm_tag":"amenity=kindergarten","mun":""}},{"type":"Feature","geometry":{"type":"Point","coordinates":[-100.330881,25.773786]},"properties":{"name":"Jardín de Niños Lázaro Garza Ayala","tipo":"escuela","subtipo":"jardin","fuente":"OpenStreetMap Overpass","osm_tag":"amenity=kindergarten","mun":""}},{"type":"Feature","geometry":{"type":"Point","coordinates":[-100.162698,25.762279]},"properties":{"name":"Escuela Secundaria Técnica No. 73","tipo":"escuela","subtipo":"secundaria","fuente":"OpenStreetMap Overpass","osm_tag":"amenity=school","mun":""}},{"type":"Feature","geometry":{"type":"Point","coordinates":[-100.15889,25.978478]},"properties":{"name":"SEC. NUM. 124 JORGE RANGEL GUERRA","tipo":"escuela","subtipo":"otra","fuente":"OpenStreetMap Overpass","osm_tag":"amenity=school","mun":""}},{"type":"Feature","geometry":{"type":"Point","coordinates":[-100.218736,25.697403]},"properties":{"name":"Profesor Ernesto Guajardo Salinas","tipo":"escuela","subtipo":"otra","fuente":"OpenStreetMap Overpass","osm_tag":"amenity=school","mun":""}},{"type":"Feature","geometry":{"type":"Point","coordinates":[-100.247972,25.715152]},"properties":{"name":"Preparatoria No. 7 Unidad Oriente","tipo":"escuela","subtipo":"preparatoria","fuente":"OpenStreetMap Overpass","osm_tag":"amenity=school","mun":""}},{"type":"Feature","geometry":{"type":"Point","coordinates":[-100.208403,25.686781]},"properties":{"name":"Escuela Primaria Mariano Escobedo","tipo":"escuela","subtipo":"primaria","fuente":"OpenStreetMap Overpass","osm_tag":"amenity=school","mun":""}},{"type":"Feature","geometry":{"type":"Point","coordinates":[-100.186324,25.701692]},"properties":{"name":"Escuela Secundaria Técnica No. 44","tipo":"escuela","subtipo":"secundaria","fuente":"OpenStreetMap Overpass","osm_tag":"amenity=school","mun":""}},{"type":"Feature","geometry":{"type":"Point","coordinates":[-100.22209,25.680888]},"properties":{"name":"Escuela Secundaria Técnica No. 54","tipo":"escuela","subtipo":"secundaria","fuente":"OpenStreetMap Overpass","osm_tag":"amenity=school","mun":""}},{"type":"Feature","geometry":{"type":"Point","coordinates":[-100.302941,25.756393]},"properties":{"name":"Escuela Primaria Gabriela Mistral","tipo":"escuela","subtipo":"primaria","fuente":"OpenStreetMap Overpass","osm_tag":"amenity=school","mun":""}},{"type":"Feature","geometry":{"type":"Point","coordinates":[-100.183629,25.665741]},"properties":{"name":"Escuela Primaria, Luis J. Treviño","tipo":"escuela","subtipo":"primaria","fuente":"OpenStreetMap Overpass","osm_tag":"amenity=school","mun":""}},{"type":"Feature","geometry":{"type":"Point","coordinates":[-100.406566,25.684417]},"properties":{"name":"Preparatoria #23 Unidad San Pedro","tipo":"escuela","subtipo":"preparatoria","fuente":"OpenStreetMap Overpass","osm_tag":"amenity=school","mun":""}},{"type":"Feature","geometry":{"type":"Point","coordinates":[-100.593421,25.811282]},"properties":{"name":"Universidad Politécnica de García","tipo":"escuela","subtipo":"universidad","fuente":"OpenStreetMap Overpass","osm_tag":"amenity=school","mun":""}},{"type":"Feature","geometry":{"type":"Point","coordinates":[-100.455073,25.670935]},"properties":{"name":"Primaria Lucero Martínez Elizondo","tipo":"escuela","subtipo":"primaria","fuente":"OpenStreetMap Overpass","osm_tag":"amenity=school","mun":""}},{"type":"Feature","geometry":{"type":"Point","coordinates":[-100.424711,25.683905]},"properties":{"name":"Preescolar Fernando Montes de Oca","tipo":"escuela","subtipo":"jardin","fuente":"OpenStreetMap Overpass","osm_tag":"amenity=school","mun":""}},{"type":"Feature","geometry":{"type":"Point","coordinates":[-100.573433,25.799989]},"properties":{"name":"Primaria Antonio Díaz Soto y Gama","tipo":"escuela","subtipo":"primaria","fuente":"OpenStreetMap Overpass","osm_tag":"amenity=school","mun":""}},{"type":"Feature","geometry":{"type":"Point","coordinates":[-100.569986,25.803324]},"properties":{"name":"Primaria Arturo Carrillo Gastaldi","tipo":"escuela","subtipo":"primaria","fuente":"OpenStreetMap Overpass","osm_tag":"amenity=school","mun":""}},{"type":"Feature","geometry":{"type":"Point","coordinates":[-100.59977,25.784955]},"properties":{"name":"Preescolar Ignacio Ramírez Rendón","tipo":"escuela","subtipo":"jardin","fuente":"OpenStreetMap Overpass","osm_tag":"amenity=school","mun":""}},{"type":"Feature","geometry":{"type":"Point","coordinates":[-100.520724,25.789885]},"properties":{"name":"Primaria Gilberto Rincón Gallardo","tipo":"escuela","subtipo":"primaria","fuente":"OpenStreetMap Overpass","osm_tag":"amenity=school","mun":""}},{"type":"Feature","geometry":{"type":"Point","coordinates":[-100.542512,25.802714]},"properties":{"name":"Preescolar Gabriel García Márquez","tipo":"escuela","subtipo":"jardin","fuente":"OpenStreetMap Overpass","osm_tag":"amenity=school","mun":""}},{"type":"Feature","geometry":{"type":"Point","coordinates":[-100.387467,25.858051]},"properties":{"name":"Escuela Ramón González Villarreal","tipo":"escuela","subtipo":"otra","fuente":"OpenStreetMap Overpass","osm_tag":"amenity=school","mun":""}},{"type":"Feature","geometry":{"type":"Point","coordinates":[-100.141934,25.653046]},"properties":{"name":"Preescolar Roberto Garza Zambrano","tipo":"escuela","subtipo":"jardin","fuente":"OpenStreetMap Overpass","osm_tag":"amenity=school","mun":""}},{"type":"Feature","geometry":{"type":"Point","coordinates":[-100.110172,25.640794]},"properties":{"name":"Primaria Enrique Conrado Rebsamen","tipo":"escuela","subtipo":"primaria","fuente":"OpenStreetMap Overpass","osm_tag":"amenity=school","mun":""}},{"type":"Feature","geometry":{"type":"Point","coordinates":[-100.100499,25.820323]},"properties":{"name":"Escuela Primaria Carlos Caballero","tipo":"escuela","subtipo":"primaria","fuente":"OpenStreetMap Overpass","osm_tag":"amenity=school","mun":"Colinas del Aeropuerto, N.L."}},{"type":"Feature","geometry":{"type":"Point","coordinates":[-100.606384,25.787927]},"properties":{"name":"Universidad Politécnica de García","tipo":"escuela","subtipo":"universidad","fuente":"OpenStreetMap Overpass","osm_tag":"amenity=university","mun":""}},{"type":"Feature","geometry":{"type":"Point","coordinates":[-99.968088,25.553989]},"properties":{"name":"Universidad Tecnológica Cadereyta","tipo":"escuela","subtipo":"universidad","fuente":"OpenStreetMap Overpass","osm_tag":"amenity=university","mun":""}},{"type":"Feature","geometry":{"type":"Point","coordinates":[-100.266774,25.723186]},"properties":{"name":"Jardin de Niños Dr. Pedro Noriega","tipo":"escuela","subtipo":"jardin","fuente":"OpenStreetMap Overpass","osm_tag":"amenity=kindergarten","mun":""}},{"type":"Feature","geometry":{"type":"Point","coordinates":[-100.345038,25.800882]},"properties":{"name":"Jardín de Niños David G. Berlanga","tipo":"escuela","subtipo":"jardin","fuente":"OpenStreetMap Overpass","osm_tag":"amenity=kindergarten","mun":""}},{"type":"Feature","geometry":{"type":"Point","coordinates":[-100.323687,25.807682]},"properties":{"name":"Jardín de Niños Mariano Matamoros","tipo":"escuela","subtipo":"jardin","fuente":"OpenStreetMap Overpass","osm_tag":"amenity=kindergarten","mun":""}},{"type":"Feature","geometry":{"type":"Point","coordinates":[-100.358085,25.760295]},"properties":{"name":"ESCUELA PRIMARIA IGNACIO ALLENDE","tipo":"escuela","subtipo":"primaria","fuente":"OpenStreetMap Overpass","osm_tag":"amenity=school","mun":"MONTERREY"}},{"type":"Feature","geometry":{"type":"Point","coordinates":[-100.464077,25.673362]},"properties":{"name":"Primaria N°2 Dr. Edelmiro Rangel","tipo":"escuela","subtipo":"primaria","fuente":"OpenStreetMap Overpass","osm_tag":"amenity=school","mun":"Santa Catarina"}},{"type":"Feature","geometry":{"type":"Point","coordinates":[-100.300228,25.744584]},"properties":{"name":"CENTRO DE ENTRENAMIENTO ACUÁTICO","tipo":"escuela","subtipo":"otra","fuente":"OpenStreetMap Overpass","osm_tag":"amenity=school","mun":""}},{"type":"Feature","geometry":{"type":"Point","coordinates":[-100.263461,25.654664]},"properties":{"name":"Colegio Interamericano del Norte","tipo":"escuela","subtipo":"otra","fuente":"OpenStreetMap Overpass","osm_tag":"amenity=school","mun":""}},{"type":"Feature","geometry":{"type":"Point","coordinates":[-100.245337,25.728768]},"properties":{"name":"Escuela Primaria Luis Lopez Mina","tipo":"escuela","subtipo":"primaria","fuente":"OpenStreetMap Overpass","osm_tag":"amenity=school","mun":""}},{"type":"Feature","geometry":{"type":"Point","coordinates":[-100.267153,25.723513]},"properties":{"name":"Escuela Primaria Narciso Mendoza","tipo":"escuela","subtipo":"primaria","fuente":"OpenStreetMap Overpass","osm_tag":"amenity=school","mun":""}},{"type":"Feature","geometry":{"type":"Point","coordinates":[-100.203489,25.696615]},"properties":{"name":"Escuela Primaria 20 de Noviembre","tipo":"escuela","subtipo":"primaria","fuente":"OpenStreetMap Overpass","osm_tag":"amenity=school","mun":""}},{"type":"Feature","geometry":{"type":"Point","coordinates":[-100.147654,25.706457]},"properties":{"name":"Jardin de Niños Treviño Elizondo","tipo":"escuela","subtipo":"jardin","fuente":"OpenStreetMap Overpass","osm_tag":"amenity=school","mun":""}},{"type":"Feature","geometry":{"type":"Point","coordinates":[-100.429657,25.771083]},"properties":{"name":"Instituto Nouveau Campus Cumbres","tipo":"escuela","subtipo":"otra","fuente":"OpenStreetMap Overpass","osm_tag":"amenity=school","mun":""}},{"type":"Feature","geometry":{"type":"Point","coordinates":[-100.48775,25.678894]},"properties":{"name":"Preescolar Juanita Llaguno Cantú","tipo":"escuela","subtipo":"jardin","fuente":"OpenStreetMap Overpass","osm_tag":"amenity=school","mun":""}},{"type":"Feature","geometry":{"type":"Point","coordinates":[-100.180747,25.617679]},"properties":{"name":"Preescolar José Guadalupe Posada","tipo":"escuela","subtipo":"jardin","fuente":"OpenStreetMap Overpass","osm_tag":"amenity=school","mun":""}},{"type":"Feature","geometry":{"type":"Point","coordinates":[-100.459502,25.699391]},"properties":{"name":"Primaria Heliodoro Ruiz Castillo","tipo":"escuela","subtipo":"primaria","fuente":"OpenStreetMap Overpass","osm_tag":"amenity=school","mun":""}},{"type":"Feature","geometry":{"type":"Point","coordinates":[-100.447886,25.694066]},"properties":{"name":"Instituto Nouveau Santa Catarina","tipo":"escuela","subtipo":"otra","fuente":"OpenStreetMap Overpass","osm_tag":"amenity=school","mun":""}},{"type":"Feature","geometry":{"type":"Point","coordinates":[-100.580623,25.799175]},"properties":{"name":"Preescolar Jesús Guerrero Galván","tipo":"escuela","subtipo":"jardin","fuente":"OpenStreetMap Overpass","osm_tag":"amenity=school","mun":""}},{"type":"Feature","geometry":{"type":"Point","coordinates":[-100.420819,25.683372]},"properties":{"name":"Primaria José Eleuterio González","tipo":"escuela","subtipo":"primaria","fuente":"OpenStreetMap Overpass","osm_tag":"amenity=school","mun":""}},{"type":"Feature","geometry":{"type":"Point","coordinates":[-100.558177,25.792545]},"properties":{"name":"Preescolar Virgilio Garza Flores","tipo":"escuela","subtipo":"jardin","fuente":"OpenStreetMap Overpass","osm_tag":"amenity=school","mun":""}},{"type":"Feature","geometry":{"type":"Point","coordinates":[-100.596879,25.797521]},"properties":{"name":"Preescolar Joaquín García Dávila","tipo":"escuela","subtipo":"jardin","fuente":"OpenStreetMap Overpass","osm_tag":"amenity=school","mun":""}},{"type":"Feature","geometry":{"type":"Point","coordinates":[-100.600199,25.80245]},"properties":{"name":"Primaria Francisco Beltrán Otero","tipo":"escuela","subtipo":"primaria","fuente":"OpenStreetMap Overpass","osm_tag":"amenity=school","mun":""}},{"type":"Feature","geometry":{"type":"Point","coordinates":[-100.180186,25.920335]},"properties":{"name":"Bicentenario de la Independencia","tipo":"escuela","subtipo":"otra","fuente":"OpenStreetMap Overpass","osm_tag":"amenity=school","mun":""}},{"type":"Feature","geometry":{"type":"Point","coordinates":[-100.116483,25.647447]},"properties":{"name":"Primaria Libertadores de América","tipo":"escuela","subtipo":"primaria","fuente":"OpenStreetMap Overpass","osm_tag":"amenity=school","mun":""}},{"type":"Feature","geometry":{"type":"Point","coordinates":[-100.12289,25.640109]},"properties":{"name":"Preescolar Merced Garza Hinojosa","tipo":"escuela","subtipo":"jardin","fuente":"OpenStreetMap Overpass","osm_tag":"amenity=school","mun":""}},{"type":"Feature","geometry":{"type":"Point","coordinates":[-100.103412,25.643823]},"properties":{"name":"Primaria Alhóndiga de Granaditas","tipo":"escuela","subtipo":"primaria","fuente":"OpenStreetMap Overpass","osm_tag":"amenity=school","mun":""}},{"type":"Feature","geometry":{"type":"Point","coordinates":[-100.14748,25.618625]},"properties":{"name":"Preescolar Raúl Anguiano Valadez","tipo":"escuela","subtipo":"jardin","fuente":"OpenStreetMap Overpass","osm_tag":"amenity=school","mun":""}},{"type":"Feature","geometry":{"type":"Point","coordinates":[-100.099031,25.824451]},"properties":{"name":"Jsrdín de Niños Isidro Sepúlveda","tipo":"escuela","subtipo":"otra","fuente":"OpenStreetMap Overpass","osm_tag":"amenity=school","mun":""}},{"type":"Feature","geometry":{"type":"Point","coordinates":[-100.329626,25.734863]},"properties":{"name":"Escuela Primaria Mariano Jiménez","tipo":"escuela","subtipo":"primaria","fuente":"OpenStreetMap Overpass","osm_tag":"amenity=school","mun":""}},{"type":"Feature","geometry":{"type":"Point","coordinates":[-100.33143,25.773241]},"properties":{"name":"Escuela Secundaria 3 Amado Nervo","tipo":"escuela","subtipo":"secundaria","fuente":"OpenStreetMap Overpass","osm_tag":"amenity=school","mun":""}},{"type":"Feature","geometry":{"type":"Point","coordinates":[-100.212086,25.670435]},"properties":{"name":"Centro Universitario de la Salud","tipo":"escuela","subtipo":"universidad","fuente":"OpenStreetMap Overpass","osm_tag":"amenity=university","mun":""}},{"type":"Feature","geometry":{"type":"Point","coordinates":[-100.349136,25.69099]},"properties":{"name":"UANL Campus Ciencias de la Salud","tipo":"escuela","subtipo":"universidad","fuente":"OpenStreetMap Overpass","osm_tag":"amenity=university","mun":""}},{"type":"Feature","geometry":{"type":"Point","coordinates":[-100.167958,25.740165]},"properties":{"name":"Instituto bilingüe Ellen G. Wite","tipo":"escuela","subtipo":"jardin","fuente":"OpenStreetMap Overpass","osm_tag":"amenity=kindergarten","mun":""}},{"type":"Feature","geometry":{"type":"Point","coordinates":[-100.319042,25.760242]},"properties":{"name":"Jardin de Niños Domingo Martínez","tipo":"escuela","subtipo":"jardin","fuente":"OpenStreetMap Overpass","osm_tag":"amenity=kindergarten","mun":""}},{"type":"Feature","geometry":{"type":"Point","coordinates":[-100.292698,25.631152]},"properties":{"name":"Esc. Sec. Nu. 36 Dr. David Peña","tipo":"escuela","subtipo":"otra","fuente":"OpenStreetMap Overpass","osm_tag":"amenity=school","mun":""}},{"type":"Feature","geometry":{"type":"Point","coordinates":[-100.290305,25.646559]},"properties":{"name":"El Colegio de la Frontera Norte","tipo":"escuela","subtipo":"otra","fuente":"OpenStreetMap Overpass","osm_tag":"amenity=school","mun":""}},{"type":"Feature","geometry":{"type":"Point","coordinates":[-100.295979,25.681776]},"properties":{"name":"Centro Educativo Carnevali A.c.","tipo":"escuela","subtipo":"otra","fuente":"OpenStreetMap Overpass","osm_tag":"amenity=school","mun":""}},{"type":"Feature","geometry":{"type":"Point","coordinates":[-100.240741,25.729922]},"properties":{"name":"Colegio Mexicano Carrusel, A.C.","tipo":"escuela","subtipo":"otra","fuente":"OpenStreetMap Overpass","osm_tag":"amenity=school","mun":""}},{"type":"Feature","geometry":{"type":"Point","coordinates":[-100.337044,25.786538]},"properties":{"name":"Escuela Primaria Himno Nacional","tipo":"escuela","subtipo":"primaria","fuente":"OpenStreetMap Overpass","osm_tag":"amenity=school","mun":""}},{"type":"Feature","geometry":{"type":"Point","coordinates":[-100.411592,25.661176]},"properties":{"name":"Escuela Primaria Miguel Hidalgo","tipo":"escuela","subtipo":"primaria","fuente":"OpenStreetMap Overpass","osm_tag":"amenity=school","mun":""}},{"type":"Feature","geometry":{"type":"Point","coordinates":[-100.452328,25.690255]},"properties":{"name":"Secundaria Luis Donaldo Colosio","tipo":"escuela","subtipo":"secundaria","fuente":"OpenStreetMap Overpass","osm_tag":"amenity=school","mun":""}},{"type":"Feature","geometry":{"type":"Point","coordinates":[-100.594295,25.812032]},"properties":{"name":"Instituto Juventud Preparatoria","tipo":"escuela","subtipo":"preparatoria","fuente":"OpenStreetMap Overpass","osm_tag":"amenity=school","mun":""}},{"type":"Feature","geometry":{"type":"Point","coordinates":[-100.600509,25.799881]},"properties":{"name":"Secundaria Juan de Dios Treviño","tipo":"escuela","subtipo":"secundaria","fuente":"OpenStreetMap Overpass","osm_tag":"amenity=school","mun":""}},{"type":"Feature","geometry":{"type":"Point","coordinates":[-100.585431,25.785542]},"properties":{"name":"Preescolar Pedro Wong Fernández","tipo":"escuela","subtipo":"jardin","fuente":"OpenStreetMap Overpass","osm_tag":"amenity=school","mun":""}},{"type":"Feature","geometry":{"type":"Point","coordinates":[-100.470501,25.67773]},"properties":{"name":"Preescolar Capitán Lucas García","tipo":"escuela","subtipo":"jardin","fuente":"OpenStreetMap Overpass","osm_tag":"amenity=school","mun":""}},{"type":"Feature","geometry":{"type":"Point","coordinates":[-100.6336,25.805403]},"properties":{"name":"Preescolar Maria Lavalle Urbina","tipo":"escuela","subtipo":"jardin","fuente":"OpenStreetMap Overpass","osm_tag":"amenity=school","mun":""}},{"type":"Feature","geometry":{"type":"Point","coordinates":[-100.54164,25.803552]},"properties":{"name":"Primaria Gabriel García Márquez","tipo":"escuela","subtipo":"primaria","fuente":"OpenStreetMap Overpass","osm_tag":"amenity=school","mun":""}},{"type":"Feature","geometry":{"type":"Point","coordinates":[-100.176857,25.613759]},"properties":{"name":"Primaria Luis González González","tipo":"escuela","subtipo":"primaria","fuente":"OpenStreetMap Overpass","osm_tag":"amenity=school","mun":""}},{"type":"Feature","geometry":{"type":"Point","coordinates":[-100.173897,25.61305]},"properties":{"name":"Secundaria 106 Francisco Goitia","tipo":"escuela","subtipo":"secundaria","fuente":"OpenStreetMap Overpass","osm_tag":"amenity=school","mun":""}},{"type":"Feature","geometry":{"type":"Point","coordinates":[-100.201882,25.772113]},"properties":{"name":"Colegio Castillo de CHapultepec","tipo":"escuela","subtipo":"otra","fuente":"OpenStreetMap Overpass","osm_tag":"amenity=school","mun":""}},{"type":"Feature","geometry":{"type":"Point","coordinates":[-100.377154,25.635813]},"properties":{"name":"American Institute of Monterrey","tipo":"escuela","subtipo":"otra","fuente":"OpenStreetMap Overpass","osm_tag":"amenity=school","mun":""}},{"type":"Feature","geometry":{"type":"Point","coordinates":[-100.324671,25.677366]},"properties":{"name":"Insituto de tecnología avanzada","tipo":"escuela","subtipo":"universidad","fuente":"OpenStreetMap Overpass","osm_tag":"amenity=university","mun":"Monterrey"}},{"type":"Feature","geometry":{"type":"Point","coordinates":[-100.282982,25.743903]},"properties":{"name":"Tecmilenio - Campus San Nicolás","tipo":"escuela","subtipo":"universidad","fuente":"OpenStreetMap Overpass","osm_tag":"amenity=university","mun":"San Nicolás de los Garza"}},{"type":"Feature","geometry":{"type":"Point","coordinates":[-100.312284,25.727482]},"properties":{"name":"Facultad Organización Deportiva","tipo":"escuela","subtipo":"universidad","fuente":"OpenStreetMap Overpass","osm_tag":"amenity=university","mun":""}},{"type":"Feature","geometry":{"type":"Point","coordinates":[-100.353198,25.652161]},"properties":{"name":"Monte Real Centro Universitario","tipo":"escuela","subtipo":"universidad","fuente":"OpenStreetMap Overpass","osm_tag":"amenity=university","mun":""}},{"type":"Feature","geometry":{"type":"Point","coordinates":[-100.337429,25.646363]},"properties":{"name":"Instituto Irlandés de Monterrey","tipo":"escuela","subtipo":"college","fuente":"OpenStreetMap Overpass","osm_tag":"amenity=college","mun":""}},{"type":"Feature","geometry":{"type":"Point","coordinates":[-100.219476,25.730206]},"properties":{"name":"Jardin de Niños Antonio Machado","tipo":"escuela","subtipo":"jardin","fuente":"OpenStreetMap Overpass","osm_tag":"amenity=kindergarten","mun":""}},{"type":"Feature","geometry":{"type":"Point","coordinates":[-100.291997,25.685322]},"properties":{"name":"Jardín de Niños Eduardo Liceaga","tipo":"escuela","subtipo":"jardin","fuente":"OpenStreetMap Overpass","osm_tag":"amenity=kindergarten","mun":""}},{"type":"Feature","geometry":{"type":"Point","coordinates":[-100.32834,25.717986]},"properties":{"name":"Jardín de Niños Gerardo Murillo","tipo":"escuela","subtipo":"jardin","fuente":"OpenStreetMap Overpass","osm_tag":"amenity=kindergarten","mun":""}},{"type":"Feature","geometry":{"type":"Point","coordinates":[-100.243367,25.674426]},"properties":{"name":"Jardín de Niños 20 de Noviembre","tipo":"escuela","subtipo":"jardin","fuente":"OpenStreetMap Overpass","osm_tag":"amenity=kindergarten","mun":""}},{"type":"Feature","geometry":{"type":"Point","coordinates":[-100.265205,25.613729]},"properties":{"name":"Escuela Secundaria técnica #30","tipo":"escuela","subtipo":"secundaria","fuente":"OpenStreetMap Overpass","osm_tag":"amenity=school","mun":""}},{"type":"Feature","geometry":{"type":"Point","coordinates":[-100.184694,25.725527]},"properties":{"name":"Escuela Secundaria técnica #40","tipo":"escuela","subtipo":"secundaria","fuente":"OpenStreetMap Overpass","osm_tag":"amenity=school","mun":""}},{"type":"Feature","geometry":{"type":"Point","coordinates":[-100.252199,25.696426]},"properties":{"name":"Escuela Primaria Santiago Roel","tipo":"escuela","subtipo":"primaria","fuente":"OpenStreetMap Overpass","osm_tag":"amenity=school","mun":""}},{"type":"Feature","geometry":{"type":"Point","coordinates":[-100.412437,25.745733]},"properties":{"name":"Colegio Cambridge de Monterrey","tipo":"escuela","subtipo":"otra","fuente":"OpenStreetMap Overpass","osm_tag":"amenity=school","mun":""}},{"type":"Feature","geometry":{"type":"Point","coordinates":[-100.242771,25.733153]},"properties":{"name":"Escuela Primaria Alfonso Reyes","tipo":"escuela","subtipo":"primaria","fuente":"OpenStreetMap Overpass","osm_tag":"amenity=school","mun":""}},{"type":"Feature","geometry":{"type":"Point","coordinates":[-100.289259,25.694761]},"properties":{"name":"Escuela Primaria Adolfo Prieto","tipo":"escuela","subtipo":"primaria","fuente":"OpenStreetMap Overpass","osm_tag":"amenity=school","mun":""}},{"type":"Feature","geometry":{"type":"Point","coordinates":[-100.216135,25.679445]},"properties":{"name":"Escuela Primaria Carmen Serdan","tipo":"escuela","subtipo":"primaria","fuente":"OpenStreetMap Overpass","osm_tag":"amenity=school","mun":""}},{"type":"Feature","geometry":{"type":"Point","coordinates":[-100.378384,25.732441]},"properties":{"name":"Secundaria Año del Federalismo","tipo":"escuela","subtipo":"secundaria","fuente":"OpenStreetMap Overpass","osm_tag":"amenity=school","mun":""}},{"type":"Feature","geometry":{"type":"Point","coordinates":[-100.279641,25.779514]},"properties":{"name":"Colegio Cambridge de Monterrey","tipo":"escuela","subtipo":"otra","fuente":"OpenStreetMap Overpass","osm_tag":"amenity=school","mun":""}},{"type":"Feature","geometry":{"type":"Point","coordinates":[-100.190756,25.729523]},"properties":{"name":"Sec. Diego Rivera 22 / 86 T.V.","tipo":"escuela","subtipo":"otra","fuente":"OpenStreetMap Overpass","osm_tag":"amenity=school","mun":""}},{"type":"Feature","geometry":{"type":"Point","coordinates":[-100.327841,25.783352]},"properties":{"name":"Escuela Primaria Leona Vicario","tipo":"escuela","subtipo":"primaria","fuente":"OpenStreetMap Overpass","osm_tag":"amenity=school","mun":""}},{"type":"Feature","geometry":{"type":"Point","coordinates":[-100.40812,25.662776]},"properties":{"name":"Escuela Primaria Luis Elizondo","tipo":"escuela","subtipo":"primaria","fuente":"OpenStreetMap Overpass","osm_tag":"amenity=school","mun":""}},{"type":"Feature","geometry":{"type":"Point","coordinates":[-100.201831,25.669604]},"properties":{"name":"Escuela Sec. Raul Rangel Frías","tipo":"escuela","subtipo":"otra","fuente":"OpenStreetMap Overpass","osm_tag":"amenity=school","mun":""}},{"type":"Feature","geometry":{"type":"Point","coordinates":[-100.172564,25.645574]},"properties":{"name":"Colegio Bilingüe Salvador Novo","tipo":"escuela","subtipo":"otra","fuente":"OpenStreetMap Overpass","osm_tag":"amenity=school","mun":""}},{"type":"Feature","geometry":{"type":"Point","coordinates":[-100.304422,25.6491]},"properties":{"name":"Jesucristo de los Ultimos Dias","tipo":"escuela","subtipo":"otra","fuente":"OpenStreetMap Overpass","osm_tag":"amenity=school","mun":""}},{"type":"Feature","geometry":{"type":"Point","coordinates":[-100.175286,25.619377]},"properties":{"name":"Secundaria Rosaura Gómez Reyna","tipo":"escuela","subtipo":"secundaria","fuente":"OpenStreetMap Overpass","osm_tag":"amenity=school","mun":""}},{"type":"Feature","geometry":{"type":"Point","coordinates":[-100.439558,25.688994]},"properties":{"name":"Secundaria Fidel Ayala Jiménez","tipo":"escuela","subtipo":"secundaria","fuente":"OpenStreetMap Overpass","osm_tag":"amenity=school","mun":""}},{"type":"Feature","geometry":{"type":"Point","coordinates":[-100.420454,25.689498]},"properties":{"name":"Preescolar Fidel Ayala Jiménez","tipo":"escuela","subtipo":"jardin","fuente":"OpenStreetMap Overpass","osm_tag":"amenity=school","mun":""}},{"type":"Feature","geometry":{"type":"Point","coordinates":[-100.558535,25.791981]},"properties":{"name":"Primaria Virgilio Garza Flores","tipo":"escuela","subtipo":"primaria","fuente":"OpenStreetMap Overpass","osm_tag":"amenity=school","mun":""}},{"type":"Feature","geometry":{"type":"Point","coordinates":[-100.565144,25.801114]},"properties":{"name":"Preescolar Jorge Rangel Guerra","tipo":"escuela","subtipo":"jardin","fuente":"OpenStreetMap Overpass","osm_tag":"amenity=school","mun":""}},{"type":"Feature","geometry":{"type":"Point","coordinates":[-100.174235,25.623805]},"properties":{"name":"Preescolar Estefanía Castañeda","tipo":"escuela","subtipo":"jardin","fuente":"OpenStreetMap Overpass","osm_tag":"amenity=school","mun":""}},{"type":"Feature","geometry":{"type":"Point","coordinates":[-100.295704,25.618289]},"properties":{"name":"Colegio San Patricio Del Paseo","tipo":"escuela","subtipo":"otra","fuente":"OpenStreetMap Overpass","osm_tag":"amenity=school","mun":""}},{"type":"Feature","geometry":{"type":"Point","coordinates":[-100.306085,25.638014]},"properties":{"name":"Primaria Arturo B. de la Garza","tipo":"escuela","subtipo":"primaria","fuente":"OpenStreetMap Overpass","osm_tag":"amenity=school","mun":""}},{"type":"Feature","geometry":{"type":"Point","coordinates":[-100.533131,26.001512]},"properties":{"name":"Primaria Francisco Javier Mina","tipo":"escuela","subtipo":"primaria","fuente":"OpenStreetMap Overpass","osm_tag":"amenity=school","mun":""}},{"type":"Feature","geometry":{"type":"Point","coordinates":[-100.296055,25.68299]},"properties":{"name":"Preparatoria Álvaro Obregón #3","tipo":"escuela","subtipo":"preparatoria","fuente":"OpenStreetMap Overpass","osm_tag":"amenity=university","mun":"Monterrey"}},{"type":"Feature","geometry":{"type":"Point","coordinates":[-100.295215,25.773569]},"properties":{"name":"Prepa UDEM - Unidad Fundadores","tipo":"escuela","subtipo":"preparatoria","fuente":"OpenStreetMap Overpass","osm_tag":"amenity=college","mun":""}},{"type":"Feature","geometry":{"type":"Point","coordinates":[-100.329842,25.788535]},"properties":{"name":"CBTIS No. 258 Mariano Escobedo","tipo":"escuela","subtipo":"preparatoria","fuente":"OpenStreetMap Overpass","osm_tag":"amenity=college","mun":""}},{"type":"Feature","geometry":{"type":"Point","coordinates":[-100.15997,25.738029]},"properties":{"name":"Instituto Nuevo Reino de león","tipo":"escuela","subtipo":"otra","fuente":"OpenStreetMap Overpass","osm_tag":"amenity=school","mun":""}},{"type":"Feature","geometry":{"type":"Point","coordinates":[-100.238862,25.682292]},"properties":{"name":"escuela gral. Lázaro cardenas","tipo":"escuela","subtipo":"otra","fuente":"OpenStreetMap Overpass","osm_tag":"amenity=school","mun":""}},{"type":"Feature","geometry":{"type":"Point","coordinates":[-100.22093,25.706634]},"properties":{"name":"Escuela Primaria Cruz Robledo","tipo":"escuela","subtipo":"primaria","fuente":"OpenStreetMap Overpass","osm_tag":"amenity=school","mun":"Guadalupe"}},{"type":"Feature","geometry":{"type":"Point","coordinates":[-100.231781,25.714273]},"properties":{"name":"Escuela Secundaria Tecnica 48","tipo":"escuela","subtipo":"secundaria","fuente":"OpenStreetMap Overpass","osm_tag":"amenity=school","mun":""}},{"type":"Feature","geometry":{"type":"Point","coordinates":[-100.191896,25.696002]},"properties":{"name":"Escuela Primaria Niños Héroes","tipo":"escuela","subtipo":"primaria","fuente":"OpenStreetMap Overpass","osm_tag":"amenity=school","mun":""}},{"type":"Feature","geometry":{"type":"Point","coordinates":[-100.330691,25.777948]},"properties":{"name":"Escuela Primaria Niños Heroes","tipo":"escuela","subtipo":"primaria","fuente":"OpenStreetMap Overpass","osm_tag":"amenity=school","mun":""}},{"type":"Feature","geometry":{"type":"Point","coordinates":[-100.445527,25.975058]},"properties":{"name":"Colegio Jorge Maldonado, A.C.","tipo":"escuela","subtipo":"otra","fuente":"OpenStreetMap Overpass","osm_tag":"amenity=school","mun":"Hidalgo"}},{"type":"Feature","geometry":{"type":"Point","coordinates":[-100.494431,25.678611]},"properties":{"name":"Escuela Secundaria Técnica 90","tipo":"escuela","subtipo":"secundaria","fuente":"OpenStreetMap Overpass","osm_tag":"amenity=school","mun":""}},{"type":"Feature","geometry":{"type":"Point","coordinates":[-100.313264,25.774448]},"properties":{"name":"Primaria Jesus E. Torres Peña","tipo":"escuela","subtipo":"primaria","fuente":"OpenStreetMap Overpass","osm_tag":"amenity=school","mun":""}},{"type":"Feature","geometry":{"type":"Point","coordinates":[-100.501884,25.684426]},"properties":{"name":"Primaria Frida Kahlo Calderón","tipo":"escuela","subtipo":"primaria","fuente":"OpenStreetMap Overpass","osm_tag":"amenity=school","mun":""}},{"type":"Feature","geometry":{"type":"Point","coordinates":[-100.116221,25.662692]},"properties":{"name":"Secundaria 93 Mariano Abasolo","tipo":"escuela","subtipo":"secundaria","fuente":"OpenStreetMap Overpass","osm_tag":"amenity=school","mun":""}},{"type":"Feature","geometry":{"type":"Point","coordinates":[-100.078202,25.791561]},"properties":{"name":"Escuela Técnica Roberto Rocca","tipo":"escuela","subtipo":"otra","fuente":"OpenStreetMap Overpass","osm_tag":"amenity=school","mun":"Pesquería"}},{"type":"Feature","geometry":{"type":"Point","coordinates":[-100.459035,25.689448]},"properties":{"name":"Preescolar Isabel La Católica","tipo":"escuela","subtipo":"jardin","fuente":"OpenStreetMap Overpass","osm_tag":"amenity=school","mun":""}},{"type":"Feature","geometry":{"type":"Point","coordinates":[-100.594432,25.812584]},"properties":{"name":"Instituto Juventud Secundaria","tipo":"escuela","subtipo":"secundaria","fuente":"OpenStreetMap Overpass","osm_tag":"amenity=school","mun":""}},{"type":"Feature","geometry":{"type":"Point","coordinates":[-100.584832,25.786154]},"properties":{"name":"Primaria Hildebrando S. Garza","tipo":"escuela","subtipo":"primaria","fuente":"OpenStreetMap Overpass","osm_tag":"amenity=school","mun":""}},{"type":"Feature","geometry":{"type":"Point","coordinates":[-100.584512,25.787378]},"properties":{"name":"Cpc Centro Pedagógico Cumbres","tipo":"escuela","subtipo":"otra","fuente":"OpenStreetMap Overpass","osm_tag":"amenity=school","mun":""}},{"type":"Feature","geometry":{"type":"Point","coordinates":[-100.482706,25.791392]},"properties":{"name":"Primaria Álvaro García Gracia","tipo":"escuela","subtipo":"primaria","fuente":"OpenStreetMap Overpass","osm_tag":"amenity=school","mun":""}},{"type":"Feature","geometry":{"type":"Point","coordinates":[-100.135304,25.664524]},"properties":{"name":"Preescolar Miguel F. Martínez","tipo":"escuela","subtipo":"jardin","fuente":"OpenStreetMap Overpass","osm_tag":"amenity=school","mun":""}},{"type":"Feature","geometry":{"type":"Point","coordinates":[-100.43047,25.781371]},"properties":{"name":"Primaria José Clemente Orozco","tipo":"escuela","subtipo":"primaria","fuente":"OpenStreetMap Overpass","osm_tag":"amenity=school","mun":""}},{"type":"Feature","geometry":{"type":"Point","coordinates":[-100.288571,25.622058]},"properties":{"name":"Colegio Americano del Noreste","tipo":"escuela","subtipo":"otra","fuente":"OpenStreetMap Overpass","osm_tag":"amenity=school","mun":""}},{"type":"Feature","geometry":{"type":"Point","coordinates":[-100.321952,25.79995]},"properties":{"name":"Escuela Secundaria Técnica 37","tipo":"escuela","subtipo":"secundaria","fuente":"OpenStreetMap Overpass","osm_tag":"amenity=school","mun":""}},{"type":"Feature","geometry":{"type":"Point","coordinates":[-100.326678,25.80643]},"properties":{"name":"Colegio Agustín Ramírez Barba","tipo":"escuela","subtipo":"otra","fuente":"OpenStreetMap Overpass","osm_tag":"amenity=school","mun":""}},{"type":"Feature","geometry":{"type":"Point","coordinates":[-100.331526,25.773867]},"properties":{"name":"Escuela Primaria Juan Escutia","tipo":"escuela","subtipo":"primaria","fuente":"OpenStreetMap Overpass","osm_tag":"amenity=school","mun":""}},{"type":"Feature","geometry":{"type":"Point","coordinates":[-100.411537,25.65148]},"properties":{"name":"Himalaya International School","tipo":"escuela","subtipo":"otra","fuente":"OpenStreetMap Overpass","osm_tag":"amenity=school","mun":"San Pedro Garza García"}},{"type":"Feature","geometry":{"type":"Point","coordinates":[-100.303778,25.628323]},"properties":{"name":"Tec Milenio Campus Las Torres","tipo":"escuela","subtipo":"universidad","fuente":"OpenStreetMap Overpass","osm_tag":"amenity=university","mun":""}},{"type":"Feature","geometry":{"type":"Point","coordinates":[-100.196882,25.797977]},"properties":{"name":"COLEGIO LAURA VICUÑA, Apodaca","tipo":"escuela","subtipo":"college","fuente":"OpenStreetMap Overpass","osm_tag":"amenity=college","mun":""}},{"type":"Feature","geometry":{"type":"Point","coordinates":[-100.232725,25.714887]},"properties":{"name":"Jardin de Niños Sigmund Freud","tipo":"escuela","subtipo":"jardin","fuente":"OpenStreetMap Overpass","osm_tag":"amenity=kindergarten","mun":""}},{"type":"Feature","geometry":{"type":"Point","coordinates":[-100.227052,25.722387]},"properties":{"name":"Jardin de Niños Simon Bolivar","tipo":"escuela","subtipo":"jardin","fuente":"OpenStreetMap Overpass","osm_tag":"amenity=kindergarten","mun":""}},{"type":"Feature","geometry":{"type":"Point","coordinates":[-100.246043,25.729167]},"properties":{"name":"Jardin de Niños Indira Gandhi","tipo":"escuela","subtipo":"jardin","fuente":"OpenStreetMap Overpass","osm_tag":"amenity=kindergarten","mun":""}},{"type":"Feature","geometry":{"type":"Point","coordinates":[-100.309193,25.731385]},"properties":{"name":"Jardín de Niños Pedro de Alba","tipo":"escuela","subtipo":"jardin","fuente":"OpenStreetMap Overpass","osm_tag":"amenity=kindergarten","mun":""}},{"type":"Feature","geometry":{"type":"Point","coordinates":[-100.275164,25.692956]},"properties":{"name":"Licenciado Raul Rangel Frias","tipo":"escuela","subtipo":"otra","fuente":"OpenStreetMap Overpass","osm_tag":"amenity=school","mun":"Monterrey"}},{"type":"Feature","geometry":{"type":"Point","coordinates":[-100.575344,25.791178]},"properties":{"name":"Primaria Jesús Treviño Gómez","tipo":"escuela","subtipo":"primaria","fuente":"OpenStreetMap Overpass","osm_tag":"amenity=school","mun":""}},{"type":"Feature","geometry":{"type":"Point","coordinates":[-100.29764,25.739338]},"properties":{"name":"Colegio Castillo Chapultepec","tipo":"escuela","subtipo":"otra","fuente":"OpenStreetMap Overpass","osm_tag":"amenity=school","mun":""}},{"type":"Feature","geometry":{"type":"Point","coordinates":[-100.441479,25.6865]},"properties":{"name":"Primaria Mártires de Cananea","tipo":"escuela","subtipo":"primaria","fuente":"OpenStreetMap Overpass","osm_tag":"amenity=school","mun":""}},{"type":"Feature","geometry":{"type":"Point","coordinates":[-100.421176,25.689911]},"properties":{"name":"Primaria Emma Vazquez García","tipo":"escuela","subtipo":"primaria","fuente":"OpenStreetMap Overpass","osm_tag":"amenity=school","mun":""}},{"type":"Feature","geometry":{"type":"Point","coordinates":[-100.461342,25.665776]},"properties":{"name":"Primaria Cecilio J. Castillo","tipo":"escuela","subtipo":"primaria","fuente":"OpenStreetMap Overpass","osm_tag":"amenity=school","mun":""}},{"type":"Feature","geometry":{"type":"Point","coordinates":[-100.466102,25.69402]},"properties":{"name":"Primaria Manuel Frías García","tipo":"escuela","subtipo":"primaria","fuente":"OpenStreetMap Overpass","osm_tag":"amenity=school","mun":""}},{"type":"Feature","geometry":{"type":"Point","coordinates":[-100.635603,25.808942]},"properties":{"name":"Primaria Luis Álvarez Barret","tipo":"escuela","subtipo":"primaria","fuente":"OpenStreetMap Overpass","osm_tag":"amenity=school","mun":""}},{"type":"Feature","geometry":{"type":"Point","coordinates":[-100.59594,25.789504]},"properties":{"name":"Preescolar José Juan Tablada","tipo":"escuela","subtipo":"jardin","fuente":"OpenStreetMap Overpass","osm_tag":"amenity=school","mun":""}},{"type":"Feature","geometry":{"type":"Point","coordinates":[-100.597641,25.797855]},"properties":{"name":"Primaria Jesús Treviño Garza","tipo":"escuela","subtipo":"primaria","fuente":"OpenStreetMap Overpass","osm_tag":"amenity=school","mun":""}},{"type":"Feature","geometry":{"type":"Point","coordinates":[-100.61517,25.821081]},"properties":{"name":"Primaria Andrés Quintana Roo","tipo":"escuela","subtipo":"primaria","fuente":"OpenStreetMap Overpass","osm_tag":"amenity=school","mun":""}},{"type":"Feature","geometry":{"type":"Point","coordinates":[-100.482768,25.79568]},"properties":{"name":"Preescolar Raúl Garza García","tipo":"escuela","subtipo":"jardin","fuente":"OpenStreetMap Overpass","osm_tag":"amenity=school","mun":""}},{"type":"Feature","geometry":{"type":"Point","coordinates":[-100.173744,25.630239]},"properties":{"name":"Primaria Francisco I. Madero","tipo":"escuela","subtipo":"primaria","fuente":"OpenStreetMap Overpass","osm_tag":"amenity=school","mun":""}},{"type":"Feature","geometry":{"type":"Point","coordinates":[-100.165497,25.62574]},"properties":{"name":"Preescolar Julián Abel Cantú","tipo":"escuela","subtipo":"jardin","fuente":"OpenStreetMap Overpass","osm_tag":"amenity=school","mun":""}},{"type":"Feature","geometry":{"type":"Point","coordinates":[-99.993882,25.598579]},"properties":{"name":"Secundaria 3 Abelardo A Leal","tipo":"escuela","subtipo":"secundaria","fuente":"OpenStreetMap Overpass","osm_tag":"amenity=school","mun":""}},{"type":"Feature","geometry":{"type":"Point","coordinates":[-99.993538,25.599286]},"properties":{"name":"Preescolar Leonarda González","tipo":"escuela","subtipo":"jardin","fuente":"OpenStreetMap Overpass","osm_tag":"amenity=school","mun":""}},{"type":"Feature","geometry":{"type":"Point","coordinates":[-100.45184,25.66243]},"properties":{"name":"Primaria Ramón López Velarde","tipo":"escuela","subtipo":"primaria","fuente":"OpenStreetMap Overpass","osm_tag":"amenity=school","mun":""}},{"type":"Feature","geometry":{"type":"Point","coordinates":[-100.403884,25.724623]},"properties":{"name":"Colegio San Patricio Cumbres","tipo":"escuela","subtipo":"otra","fuente":"OpenStreetMap Overpass","osm_tag":"amenity=school","mun":""}},{"type":"Feature","geometry":{"type":"Point","coordinates":[-100.391029,25.943754]},"properties":{"name":"Secundaria José Ruben Romero","tipo":"escuela","subtipo":"secundaria","fuente":"OpenStreetMap Overpass","osm_tag":"amenity=school","mun":""}},{"type":"Feature","geometry":{"type":"Point","coordinates":[-100.234279,25.790701]},"properties":{"name":"Colegio Castillo Chapultepec","tipo":"escuela","subtipo":"otra","fuente":"OpenStreetMap Overpass","osm_tag":"amenity=school","mun":""}},{"type":"Feature","geometry":{"type":"Point","coordinates":[-100.327459,25.711097]},"properties":{"name":"Colegio Club de Leones No. 1","tipo":"escuela","subtipo":"otra","fuente":"OpenStreetMap Overpass","osm_tag":"amenity=school","mun":""}},{"type":"Feature","geometry":{"type":"Point","coordinates":[-100.315719,25.730774]},"properties":{"name":"Escuela Primaria Pablo Livas","tipo":"escuela","subtipo":"primaria","fuente":"OpenStreetMap Overpass","osm_tag":"amenity=school","mun":"San Nicolás de los Garza"}},{"type":"Feature","geometry":{"type":"Point","coordinates":[-100.226426,25.550897]},"properties":{"name":"Madison International School","tipo":"escuela","subtipo":"otra","fuente":"OpenStreetMap Overpass","osm_tag":"amenity=school","mun":""}},{"type":"Feature","geometry":{"type":"Point","coordinates":[-100.112061,25.653217]},"properties":{"name":"Universidad José Vasconcelos","tipo":"escuela","subtipo":"universidad","fuente":"OpenStreetMap Overpass","osm_tag":"amenity=university","mun":""}},{"type":"Feature","geometry":{"type":"Point","coordinates":[-100.445167,25.779062]},"properties":{"name":"UANL Unidad Académica García","tipo":"escuela","subtipo":"universidad","fuente":"OpenStreetMap Overpass","osm_tag":"amenity=university","mun":"Garcia"}},{"type":"Feature","geometry":{"type":"Point","coordinates":[-100.196075,25.650645]},"properties":{"name":"Universidad José Vasconcelos","tipo":"escuela","subtipo":"universidad","fuente":"OpenStreetMap Overpass","osm_tag":"amenity=university","mun":""}},{"type":"Feature","geometry":{"type":"Point","coordinates":[-100.456603,25.674653]},"properties":{"name":"Universidad José Vasconcelos","tipo":"escuela","subtipo":"universidad","fuente":"OpenStreetMap Overpass","osm_tag":"amenity=university","mun":""}},{"type":"Feature","geometry":{"type":"Point","coordinates":[-100.23281,25.727414]},"properties":{"name":"Jardin de Niños Alejo Carrel","tipo":"escuela","subtipo":"jardin","fuente":"OpenStreetMap Overpass","osm_tag":"amenity=kindergarten","mun":""}},{"type":"Feature","geometry":{"type":"Point","coordinates":[-100.244727,25.712916]},"properties":{"name":"Jardín de Niños María Valdéz","tipo":"escuela","subtipo":"jardin","fuente":"OpenStreetMap Overpass","osm_tag":"amenity=kindergarten","mun":""}},{"type":"Feature","geometry":{"type":"Point","coordinates":[-100.290182,25.694753]},"properties":{"name":"Jardín de Niños Adolfo Prito","tipo":"escuela","subtipo":"jardin","fuente":"OpenStreetMap Overpass","osm_tag":"amenity=kindergarten","mun":""}},{"type":"Feature","geometry":{"type":"Point","coordinates":[-100.184774,25.665503]},"properties":{"name":"Jardin de Niños, Roger Pompa","tipo":"escuela","subtipo":"jardin","fuente":"OpenStreetMap Overpass","osm_tag":"amenity=kindergarten","mun":""}},{"type":"Feature","geometry":{"type":"Point","coordinates":[-100.186441,25.788272]},"properties":{"name":"Jardín de Niños Nova Apodaca","tipo":"escuela","subtipo":"jardin","fuente":"OpenStreetMap Overpass","osm_tag":"amenity=kindergarten","mun":""}},{"type":"Feature","geometry":{"type":"Point","coordinates":[-100.265899,25.60854]},"properties":{"name":"Instituto Bilingüe Rébsamen","tipo":"escuela","subtipo":"otra","fuente":"OpenStreetMap Overpass","osm_tag":"amenity=school","mun":""}},{"type":"Feature","geometry":{"type":"Point","coordinates":[-100.287083,25.644649]},"properties":{"name":"Instituto Bilingüe La Silla","tipo":"escuela","subtipo":"otra","fuente":"OpenStreetMap Overpass","osm_tag":"amenity=school","mun":""}},{"type":"Feature","geometry":{"type":"Point","coordinates":[-100.283695,25.641235]},"properties":{"name":"Instituto Bilingüe La Silla","tipo":"escuela","subtipo":"otra","fuente":"OpenStreetMap Overpass","osm_tag":"amenity=school","mun":""}},{"type":"Feature","geometry":{"type":"Point","coordinates":[-100.27425,25.633059]},"properties":{"name":"Colegio Regiomontano Contry","tipo":"escuela","subtipo":"otra","fuente":"OpenStreetMap Overpass","osm_tag":"amenity=school","mun":""}},{"type":"Feature","geometry":{"type":"Point","coordinates":[-100.212546,25.682613]},"properties":{"name":"Escuela Primaria 1° de Mayo","tipo":"escuela","subtipo":"primaria","fuente":"OpenStreetMap Overpass","osm_tag":"amenity=school","mun":""}},{"type":"Feature","geometry":{"type":"Point","coordinates":[-100.271739,25.655368]},"properties":{"name":"Dr. Escuela Aguirre Pequeño","tipo":"escuela","subtipo":"otra","fuente":"OpenStreetMap Overpass","osm_tag":"amenity=school","mun":"Guadalupe"}},{"type":"Feature","geometry":{"type":"Point","coordinates":[-100.217661,25.667482]},"properties":{"name":"Secundaria 43 \"Pablo Livas\"","tipo":"escuela","subtipo":"secundaria","fuente":"OpenStreetMap Overpass","osm_tag":"amenity=school","mun":""}},{"type":"Feature","geometry":{"type":"Point","coordinates":[-100.349428,25.73264]},"properties":{"name":"Primaria Francisco I Madero","tipo":"escuela","subtipo":"primaria","fuente":"OpenStreetMap Overpass","osm_tag":"amenity=school","mun":""}},{"type":"Feature","geometry":{"type":"Point","coordinates":[-100.353936,25.674336]},"properties":{"name":"Liceo de Monterrey Rosemont","tipo":"escuela","subtipo":"otra","fuente":"OpenStreetMap Overpass","osm_tag":"amenity=school","mun":""}},{"type":"Feature","geometry":{"type":"Point","coordinates":[-100.453007,25.973718]},"properties":{"name":"Prof Cecilio Santos Morales","tipo":"escuela","subtipo":"otra","fuente":"OpenStreetMap Overpass","osm_tag":"amenity=school","mun":""}},{"type":"Feature","geometry":{"type":"Point","coordinates":[-100.595064,25.777226]},"properties":{"name":"Preescolar Rubén Alanís Gzz","tipo":"escuela","subtipo":"jardin","fuente":"OpenStreetMap Overpass","osm_tag":"amenity=school","mun":""}},{"type":"Feature","geometry":{"type":"Point","coordinates":[-100.455763,25.696345]},"properties":{"name":"Secundaria Humberto Lobo V.","tipo":"escuela","subtipo":"secundaria","fuente":"OpenStreetMap Overpass","osm_tag":"amenity=school","mun":""}},{"type":"Feature","geometry":{"type":"Point","coordinates":[-100.466876,25.694183]},"properties":{"name":"Preescolar Plinio D Ordóñez","tipo":"escuela","subtipo":"jardin","fuente":"OpenStreetMap Overpass","osm_tag":"amenity=school","mun":""}},{"type":"Feature","geometry":{"type":"Point","coordinates":[-100.587624,25.777126]},"properties":{"name":"Primaria Batalla de Icamole","tipo":"escuela","subtipo":"primaria","fuente":"OpenStreetMap Overpass","osm_tag":"amenity=school","mun":""}},{"type":"Feature","geometry":{"type":"Point","coordinates":[-100.521468,25.789719]},"properties":{"name":"Preescolar Julián Villagrán","tipo":"escuela","subtipo":"jardin","fuente":"OpenStreetMap Overpass","osm_tag":"amenity=school","mun":""}},{"type":"Feature","geometry":{"type":"Point","coordinates":[-100.43602,25.66388]},"properties":{"name":"Primaria Tomás Algaba Gómez","tipo":"escuela","subtipo":"primaria","fuente":"OpenStreetMap Overpass","osm_tag":"amenity=school","mun":""}},{"type":"Feature","geometry":{"type":"Point","coordinates":[-100.134409,25.665176]},"properties":{"name":"Escuela Miguel Ramos Arizpe","tipo":"escuela","subtipo":"otra","fuente":"OpenStreetMap Overpass","osm_tag":"amenity=school","mun":""}},{"type":"Feature","geometry":{"type":"Point","coordinates":[-100.141439,25.653362]},"properties":{"name":"Primaria Antonio de Mendoza","tipo":"escuela","subtipo":"primaria","fuente":"OpenStreetMap Overpass","osm_tag":"amenity=school","mun":""}},{"type":"Feature","geometry":{"type":"Point","coordinates":[-100.146941,25.659472]},"properties":{"name":"Primaria Matías Garza Garza","tipo":"escuela","subtipo":"primaria","fuente":"OpenStreetMap Overpass","osm_tag":"amenity=school","mun":""}},{"type":"Feature","geometry":{"type":"Point","coordinates":[-100.167224,25.951913]},"properties":{"name":"Profesor Antonio L. Treviño","tipo":"escuela","subtipo":"otra","fuente":"OpenStreetMap Overpass","osm_tag":"amenity=school","mun":""}},{"type":"Feature","geometry":{"type":"Point","coordinates":[-100.106185,25.641551]},"properties":{"name":"Preescolar Saturnino Herrán","tipo":"escuela","subtipo":"jardin","fuente":"OpenStreetMap Overpass","osm_tag":"amenity=school","mun":""}},{"type":"Feature","geometry":{"type":"Point","coordinates":[-100.10069,25.640138]},"properties":{"name":"Centro de Atención Múltiple","tipo":"escuela","subtipo":"otra","fuente":"OpenStreetMap Overpass","osm_tag":"amenity=school","mun":""}},{"type":"Feature","geometry":{"type":"Point","coordinates":[-100.397854,25.678342]},"properties":{"name":"Primaria Laura García Jaime","tipo":"escuela","subtipo":"primaria","fuente":"OpenStreetMap Overpass","osm_tag":"amenity=school","mun":""}},{"type":"Feature","geometry":{"type":"Point","coordinates":[-100.394727,25.671204]},"properties":{"name":"Primaria González Bocanegra","tipo":"escuela","subtipo":"primaria","fuente":"OpenStreetMap Overpass","osm_tag":"amenity=school","mun":""}},{"type":"Feature","geometry":{"type":"Point","coordinates":[-99.979981,25.582797]},"properties":{"name":"Iberoamericano de Cadereyta","tipo":"escuela","subtipo":"otra","fuente":"OpenStreetMap Overpass","osm_tag":"amenity=school","mun":""}},{"type":"Feature","geometry":{"type":"Point","coordinates":[-100.454712,25.662041]},"properties":{"name":"Secundaria 5 Federico Cantú","tipo":"escuela","subtipo":"secundaria","fuente":"OpenStreetMap Overpass","osm_tag":"amenity=school","mun":""}},{"type":"Feature","geometry":{"type":"Point","coordinates":[-100.152295,25.706813]},"properties":{"name":"Primaria Luis Padilla Nervo","tipo":"escuela","subtipo":"primaria","fuente":"OpenStreetMap Overpass","osm_tag":"amenity=school","mun":""}},{"type":"Feature","geometry":{"type":"Point","coordinates":[-100.161789,25.608916]},"properties":{"name":"Primaria José Pablo Moncayo","tipo":"escuela","subtipo":"primaria","fuente":"OpenStreetMap Overpass","osm_tag":"amenity=school","mun":""}},{"type":"Feature","geometry":{"type":"Point","coordinates":[-100.336853,25.72588]},"properties":{"name":"Primaria Libertad de Prensa","tipo":"escuela","subtipo":"primaria","fuente":"OpenStreetMap Overpass","osm_tag":"amenity=school","mun":""}},{"type":"Feature","geometry":{"type":"Point","coordinates":[-100.273981,25.589755]},"properties":{"name":"Instituto Bilingüe Rebsamen","tipo":"escuela","subtipo":"otra","fuente":"OpenStreetMap Overpass","osm_tag":"amenity=school","mun":""}},{"type":"Feature","geometry":{"type":"Point","coordinates":[-100.24534,25.753618]},"properties":{"name":"Preraratoria Alvaro Obregon","tipo":"escuela","subtipo":"universidad","fuente":"OpenStreetMap Overpass","osm_tag":"amenity=university","mun":""}},{"type":"Feature","geometry":{"type":"Point","coordinates":[-100.378938,25.725651]},"properties":{"name":"Universidad Valle de México","tipo":"escuela","subtipo":"universidad","fuente":"OpenStreetMap Overpass","osm_tag":"amenity=university","mun":""}},{"type":"Feature","geometry":{"type":"Point","coordinates":[-100.314353,25.678016]},"properties":{"name":"Instituto Técnico Comercial","tipo":"escuela","subtipo":"college","fuente":"OpenStreetMap Overpass","osm_tag":"amenity=college","mun":""}},{"type":"Feature","geometry":{"type":"Point","coordinates":[-100.335054,25.784758]},"properties":{"name":"CENDI No. 15 Fraser Mustard","tipo":"escuela","subtipo":"college","fuente":"OpenStreetMap Overpass","osm_tag":"amenity=college","mun":""}},{"type":"Feature","geometry":{"type":"Point","coordinates":[-100.496111,25.691267]},"properties":{"name":"Jardín de Niños Juan Guzmán","tipo":"escuela","subtipo":"jardin","fuente":"OpenStreetMap Overpass","osm_tag":"amenity=kindergarten","mun":""}},{"type":"Feature","geometry":{"type":"Point","coordinates":[-100.190019,25.66058]},"properties":{"name":"Jardin de Niños 21 de Marzo","tipo":"escuela","subtipo":"jardin","fuente":"OpenStreetMap Overpass","osm_tag":"amenity=kindergarten","mun":""}},{"type":"Feature","geometry":{"type":"Point","coordinates":[-100.289235,25.648261]},"properties":{"name":"Alianza Francesa Monterrey","tipo":"escuela","subtipo":"otra","fuente":"OpenStreetMap Overpass","osm_tag":"amenity=school","mun":""}},{"type":"Feature","geometry":{"type":"Point","coordinates":[-100.229551,25.721223]},"properties":{"name":"Universidad Pedro de Gante","tipo":"escuela","subtipo":"universidad","fuente":"OpenStreetMap Overpass","osm_tag":"amenity=school","mun":""}},{"type":"Feature","geometry":{"type":"Point","coordinates":[-100.380912,25.666923]},"properties":{"name":"Escuela de Artes Musicales","tipo":"escuela","subtipo":"otra","fuente":"OpenStreetMap Overpass","osm_tag":"amenity=school","mun":""}},{"type":"Feature","geometry":{"type":"Point","coordinates":[-100.456729,25.970897]},"properties":{"name":"Profesora Bernadina Ibarra","tipo":"escuela","subtipo":"otra","fuente":"OpenStreetMap Overpass","osm_tag":"amenity=school","mun":""}},{"type":"Feature","geometry":{"type":"Point","coordinates":[-100.461312,25.691236]},"properties":{"name":"Primaria Gregorio de Gante","tipo":"escuela","subtipo":"primaria","fuente":"OpenStreetMap Overpass","osm_tag":"amenity=school","mun":""}},{"type":"Feature","geometry":{"type":"Point","coordinates":[-100.451562,25.690362]},"properties":{"name":"Primaria Mariano Matamoros","tipo":"escuela","subtipo":"primaria","fuente":"OpenStreetMap Overpass","osm_tag":"amenity=school","mun":""}},{"type":"Feature","geometry":{"type":"Point","coordinates":[-100.46152,25.696114]},"properties":{"name":"Secundaria Ignacio Ramírez","tipo":"escuela","subtipo":"secundaria","fuente":"OpenStreetMap Overpass","osm_tag":"amenity=school","mun":""}},{"type":"Feature","geometry":{"type":"Point","coordinates":[-100.587936,25.776484]},"properties":{"name":"Preescolar Francisco Icaza","tipo":"escuela","subtipo":"jardin","fuente":"OpenStreetMap Overpass","osm_tag":"amenity=school","mun":""}},{"type":"Feature","geometry":{"type":"Point","coordinates":[-100.426029,25.66919]},"properties":{"name":"Primaria Batalla de Puebla","tipo":"escuela","subtipo":"primaria","fuente":"OpenStreetMap Overpass","osm_tag":"amenity=school","mun":""}},{"type":"Feature","geometry":{"type":"Point","coordinates":[-100.129946,25.659877]},"properties":{"name":"Primaria Milton Villarreal","tipo":"escuela","subtipo":"primaria","fuente":"OpenStreetMap Overpass","osm_tag":"amenity=school","mun":""}},{"type":"Feature","geometry":{"type":"Point","coordinates":[-100.117059,25.649841]},"properties":{"name":"Preescolar Lerdo de Tejada","tipo":"escuela","subtipo":"jardin","fuente":"OpenStreetMap Overpass","osm_tag":"amenity=school","mun":""}},{"type":"Feature","geometry":{"type":"Point","coordinates":[-100.14354,25.61153]},"properties":{"name":"Preescolar Luis López Mina","tipo":"escuela","subtipo":"jardin","fuente":"OpenStreetMap Overpass","osm_tag":"amenity=school","mun":""}},{"type":"Feature","geometry":{"type":"Point","coordinates":[-100.501393,25.808251]},"properties":{"name":"Primaria Manuel de Mederos","tipo":"escuela","subtipo":"primaria","fuente":"OpenStreetMap Overpass","osm_tag":"amenity=school","mun":""}},{"type":"Feature","geometry":{"type":"Point","coordinates":[-100.335891,25.797936]},"properties":{"name":"Secundaria Técnica No.  95","tipo":"escuela","subtipo":"secundaria","fuente":"OpenStreetMap Overpass","osm_tag":"amenity=school","mun":""}},{"type":"Feature","geometry":{"type":"Point","coordinates":[-100.045175,25.874887]},"properties":{"name":"Facultad de Agronomía UANL","tipo":"escuela","subtipo":"universidad","fuente":"OpenStreetMap Overpass","osm_tag":"amenity=university","mun":""}},{"type":"Feature","geometry":{"type":"Point","coordinates":[-100.27884,25.613779]},"properties":{"name":"Facultad de Artes Visuales","tipo":"escuela","subtipo":"universidad","fuente":"OpenStreetMap Overpass","osm_tag":"amenity=university","mun":"Monterrey"}},{"type":"Feature","geometry":{"type":"Point","coordinates":[-100.05477,25.869733]},"properties":{"name":"Facultad de Agronomía UANL","tipo":"escuela","subtipo":"universidad","fuente":"OpenStreetMap Overpass","osm_tag":"amenity=college","mun":""}},{"type":"Feature","geometry":{"type":"Point","coordinates":[-100.188109,25.968932]},"properties":{"name":"CONALEP Joel Rocha Barocio","tipo":"escuela","subtipo":"preparatoria","fuente":"OpenStreetMap Overpass","osm_tag":"amenity=college","mun":""}},{"type":"Feature","geometry":{"type":"Point","coordinates":[-100.328246,25.650763]},"properties":{"name":"Liceo de Monterrey Redwood","tipo":"escuela","subtipo":"college","fuente":"OpenStreetMap Overpass","osm_tag":"amenity=college","mun":"San Pedro Garza Garcia"}},{"type":"Feature","geometry":{"type":"Point","coordinates":[-100.340064,25.672143]},"properties":{"name":"Escuela de Música y Danza","tipo":"escuela","subtipo":"otra","fuente":"OpenStreetMap Overpass","osm_tag":"amenity=school","mun":""}},{"type":"Feature","geometry":{"type":"Point","coordinates":[-100.284492,25.647122]},"properties":{"name":"Guardería Crece y Aprende","tipo":"escuela","subtipo":"otra","fuente":"OpenStreetMap Overpass","osm_tag":"amenity=school","mun":""}},{"type":"Feature","geometry":{"type":"Point","coordinates":[-100.17223,25.709696]},"properties":{"name":"Escuela Primaria Apolonio","tipo":"escuela","subtipo":"primaria","fuente":"OpenStreetMap Overpass","osm_tag":"amenity=school","mun":""}},{"type":"Feature","geometry":{"type":"Point","coordinates":[-100.306503,25.735296]},"properties":{"name":"Sor Juana Inés de la Cruz","tipo":"escuela","subtipo":"otra","fuente":"OpenStreetMap Overpass","osm_tag":"amenity=school","mun":""}},{"type":"Feature","geometry":{"type":"Point","coordinates":[-100.438751,25.755926]},"properties":{"name":"Instituto Anglo Británico","tipo":"escuela","subtipo":"otra","fuente":"OpenStreetMap Overpass","osm_tag":"amenity=school","mun":"Monterrey"}},{"type":"Feature","geometry":{"type":"Point","coordinates":[-100.451727,25.689815]},"properties":{"name":"Preescolar Ovidio Decroly","tipo":"escuela","subtipo":"jardin","fuente":"OpenStreetMap Overpass","osm_tag":"amenity=school","mun":""}},{"type":"Feature","geometry":{"type":"Point","coordinates":[-100.426147,25.689718]},"properties":{"name":"Primaria José Paez García","tipo":"escuela","subtipo":"primaria","fuente":"OpenStreetMap Overpass","osm_tag":"amenity=school","mun":""}},{"type":"Feature","geometry":{"type":"Point","coordinates":[-100.426624,25.684258]},"properties":{"name":"Primaria Ignacio Zaragoza","tipo":"escuela","subtipo":"primaria","fuente":"OpenStreetMap Overpass","osm_tag":"amenity=school","mun":""}},{"type":"Feature","geometry":{"type":"Point","coordinates":[-100.490691,25.790924]},"properties":{"name":"Preescolar Francisco Goya","tipo":"escuela","subtipo":"jardin","fuente":"OpenStreetMap Overpass","osm_tag":"amenity=school","mun":""}},{"type":"Feature","geometry":{"type":"Point","coordinates":[-100.387786,25.858455]},"properties":{"name":"Escuela Emilio Portes Gil","tipo":"escuela","subtipo":"otra","fuente":"OpenStreetMap Overpass","osm_tag":"amenity=school","mun":""}},{"type":"Feature","geometry":{"type":"Point","coordinates":[-100.454396,25.774354]},"properties":{"name":"Centro Educativo Libertad","tipo":"escuela","subtipo":"otra","fuente":"OpenStreetMap Overpass","osm_tag":"amenity=school","mun":""}},{"type":"Feature","geometry":{"type":"Point","coordinates":[-100.31579,25.752512]},"properties":{"name":"Colegio Americano Anáhuac","tipo":"escuela","subtipo":"otra","fuente":"OpenStreetMap Overpass","osm_tag":"amenity=school","mun":""}},{"type":"Feature","geometry":{"type":"Point","coordinates":[-100.372875,25.650702]},"properties":{"name":"Instituto Franco Mexicano","tipo":"escuela","subtipo":"otra","fuente":"OpenStreetMap Overpass","osm_tag":"amenity=school","mun":""}},{"type":"Feature","geometry":{"type":"Point","coordinates":[-100.213667,25.663908]},"properties":{"name":"Conalep Raúl Rangel Frias","tipo":"escuela","subtipo":"preparatoria","fuente":"OpenStreetMap Overpass","osm_tag":"amenity=college","mun":""}},{"type":"Feature","geometry":{"type":"Point","coordinates":[-100.251597,25.696503]},"properties":{"name":"Josefa Ortiz De Dominguez","tipo":"escuela","subtipo":"jardin","fuente":"OpenStreetMap Overpass","osm_tag":"amenity=kindergarten","mun":""}},{"type":"Feature","geometry":{"type":"Point","coordinates":[-100.274989,25.76641]},"properties":{"name":"escuela secundaria No.30","tipo":"escuela","subtipo":"secundaria","fuente":"OpenStreetMap Overpass","osm_tag":"amenity=school","mun":""}},{"type":"Feature","geometry":{"type":"Point","coordinates":[-100.391604,25.744218]},"properties":{"name":"Colegio Ingles Americano","tipo":"escuela","subtipo":"otra","fuente":"OpenStreetMap Overpass","osm_tag":"amenity=school","mun":""}},{"type":"Feature","geometry":{"type":"Point","coordinates":[-100.287705,25.744653]},"properties":{"name":"Instituto Neil Armstrong","tipo":"escuela","subtipo":"otra","fuente":"OpenStreetMap Overpass","osm_tag":"amenity=school","mun":"San Nicolas de los Garza"}},{"type":"Feature","geometry":{"type":"Point","coordinates":[-100.283193,25.748148]},"properties":{"name":"Colegio José Garza Garza","tipo":"escuela","subtipo":"otra","fuente":"OpenStreetMap Overpass","osm_tag":"amenity=school","mun":""}},{"type":"Feature","geometry":{"type":"Point","coordinates":[-100.175418,25.614989]},"properties":{"name":"Preescolar Rufino Tamayo","tipo":"escuela","subtipo":"jardin","fuente":"OpenStreetMap Overpass","osm_tag":"amenity=school","mun":""}},{"type":"Feature","geometry":{"type":"Point","coordinates":[-100.452303,25.693226]},"properties":{"name":"Primaria Pedro J. Méndez","tipo":"escuela","subtipo":"primaria","fuente":"OpenStreetMap Overpass","osm_tag":"amenity=school","mun":""}},{"type":"Feature","geometry":{"type":"Point","coordinates":[-100.589679,25.799516]},"properties":{"name":"Primaria Emiliano Zapata","tipo":"escuela","subtipo":"primaria","fuente":"OpenStreetMap Overpass","osm_tag":"amenity=school","mun":""}},{"type":"Feature","geometry":{"type":"Point","coordinates":[-100.461425,25.665133]},"properties":{"name":"Preescolar Alberto Leduc","tipo":"escuela","subtipo":"jardin","fuente":"OpenStreetMap Overpass","osm_tag":"amenity=school","mun":""}},{"type":"Feature","geometry":{"type":"Point","coordinates":[-100.446262,25.690889]},"properties":{"name":"Primaria Martín Arámbula","tipo":"escuela","subtipo":"primaria","fuente":"OpenStreetMap Overpass","osm_tag":"amenity=school","mun":""}},{"type":"Feature","geometry":{"type":"Point","coordinates":[-100.126434,25.661861]},"properties":{"name":"Prescolar Matías Zarraga","tipo":"escuela","subtipo":"otra","fuente":"OpenStreetMap Overpass","osm_tag":"amenity=school","mun":""}},{"type":"Feature","geometry":{"type":"Point","coordinates":[-100.179114,25.61084]},"properties":{"name":"Primaria Raymundo Rivera","tipo":"escuela","subtipo":"primaria","fuente":"OpenStreetMap Overpass","osm_tag":"amenity=school","mun":""}},{"type":"Feature","geometry":{"type":"Point","coordinates":[-100.590402,25.822876]},"properties":{"name":"Primaria Juan Nepomuceno","tipo":"escuela","subtipo":"primaria","fuente":"OpenStreetMap Overpass","osm_tag":"amenity=school","mun":""}},{"type":"Feature","geometry":{"type":"Point","coordinates":[-99.992326,25.599008]},"properties":{"name":"Primaria José O Martínez","tipo":"escuela","subtipo":"primaria","fuente":"OpenStreetMap Overpass","osm_tag":"amenity=school","mun":""}},{"type":"Feature","geometry":{"type":"Point","coordinates":[-100.235871,25.794656]},"properties":{"name":"Instituto Eglantyne jebb","tipo":"escuela","subtipo":"otra","fuente":"OpenStreetMap Overpass","osm_tag":"amenity=school","mun":""}},{"type":"Feature","geometry":{"type":"Point","coordinates":[-100.322053,25.670285]},"properties":{"name":"Universidad Regiomontana","tipo":"escuela","subtipo":"universidad","fuente":"OpenStreetMap Overpass","osm_tag":"amenity=university","mun":"Monterrey"}},{"type":"Feature","geometry":{"type":"Point","coordinates":[-99.989764,25.572964]},"properties":{"name":"Preparatoria No. 12 UANL","tipo":"escuela","subtipo":"preparatoria","fuente":"OpenStreetMap Overpass","osm_tag":"amenity=university","mun":""}},{"type":"Feature","geometry":{"type":"Point","coordinates":[-100.321598,25.673102]},"properties":{"name":"Universidad Regiomontana","tipo":"escuela","subtipo":"universidad","fuente":"OpenStreetMap Overpass","osm_tag":"amenity=university","mun":""}},{"type":"Feature","geometry":{"type":"Point","coordinates":[-100.18272,25.744725]},"properties":{"name":"CENTRO EDUCATIVO HUINALA","tipo":"escuela","subtipo":"college","fuente":"OpenStreetMap Overpass","osm_tag":"amenity=college","mun":""}},{"type":"Feature","geometry":{"type":"Point","coordinates":[-100.356554,25.669957]},"properties":{"name":"Prepa Eugenio Garza Sada","tipo":"escuela","subtipo":"preparatoria","fuente":"OpenStreetMap Overpass","osm_tag":"amenity=college","mun":""}},{"type":"Feature","geometry":{"type":"Point","coordinates":[-100.286417,25.782515]},"properties":{"name":"Preparatoria No. 25 UANL","tipo":"escuela","subtipo":"preparatoria","fuente":"OpenStreetMap Overpass","osm_tag":"amenity=college","mun":""}},{"type":"Feature","geometry":{"type":"Point","coordinates":[-100.416103,25.733775]},"properties":{"name":"PrepaTec Campus Cumbres","tipo":"escuela","subtipo":"otra","fuente":"OpenStreetMap Overpass","osm_tag":"amenity=school","mun":""}},{"type":"Feature","geometry":{"type":"Point","coordinates":[-100.244581,25.757785]},"properties":{"name":"Esc Sec Fed Aaron Saenz","tipo":"escuela","subtipo":"otra","fuente":"OpenStreetMap Overpass","osm_tag":"amenity=school","mun":"apodaca"}},{"type":"Feature","geometry":{"type":"Point","coordinates":[-100.249903,25.682476]},"properties":{"name":"Primaria Club de Leones","tipo":"escuela","subtipo":"primaria","fuente":"OpenStreetMap Overpass","osm_tag":"amenity=school","mun":""}},{"type":"Feature","geometry":{"type":"Point","coordinates":[-100.327914,25.668942]},"properties":{"name":"Colegio Franco Mexicano","tipo":"escuela","subtipo":"otra","fuente":"OpenStreetMap Overpass","osm_tag":"amenity=school","mun":""}},{"type":"Feature","geometry":{"type":"Point","coordinates":[-100.340962,25.675153]},"properties":{"name":"Preparatoria No. 2 UANL","tipo":"escuela","subtipo":"preparatoria","fuente":"OpenStreetMap Overpass","osm_tag":"amenity=school","mun":""}},{"type":"Feature","geometry":{"type":"Point","coordinates":[-100.332215,25.6792]},"properties":{"name":"Escuela Normal Superior","tipo":"escuela","subtipo":"college","fuente":"OpenStreetMap Overpass","osm_tag":"amenity=school","mun":""}},{"type":"Feature","geometry":{"type":"Point","coordinates":[-100.445018,25.975615]},"properties":{"name":"Escuela Lázaro Cárdenas","tipo":"escuela","subtipo":"otra","fuente":"OpenStreetMap Overpass","osm_tag":"amenity=school","mun":""}},{"type":"Feature","geometry":{"type":"Point","coordinates":[-100.381794,25.695488]},"properties":{"name":"Instituto San Francisco","tipo":"escuela","subtipo":"otra","fuente":"OpenStreetMap Overpass","osm_tag":"amenity=school","mun":""}},{"type":"Feature","geometry":{"type":"Point","coordinates":[-100.410826,25.768909]},"properties":{"name":"Colegio Cristobal Colon","tipo":"escuela","subtipo":"otra","fuente":"OpenStreetMap Overpass","osm_tag":"amenity=school","mun":""}},{"type":"Feature","geometry":{"type":"Point","coordinates":[-100.629265,25.818564]},"properties":{"name":"Secundaria Juan Soriano","tipo":"escuela","subtipo":"secundaria","fuente":"OpenStreetMap Overpass","osm_tag":"amenity=school","mun":""}},{"type":"Feature","geometry":{"type":"Point","coordinates":[-100.611884,25.810159]},"properties":{"name":"Preescolar Isaac Newton","tipo":"escuela","subtipo":"jardin","fuente":"OpenStreetMap Overpass","osm_tag":"amenity=school","mun":""}},{"type":"Feature","geometry":{"type":"Point","coordinates":[-100.147004,25.618418]},"properties":{"name":"Primaria Agustín Basave","tipo":"escuela","subtipo":"primaria","fuente":"OpenStreetMap Overpass","osm_tag":"amenity=school","mun":""}},{"type":"Feature","geometry":{"type":"Point","coordinates":[-100.179658,25.610916]},"properties":{"name":"Preescolar Paul Cezanne","tipo":"escuela","subtipo":"jardin","fuente":"OpenStreetMap Overpass","osm_tag":"amenity=school","mun":""}},{"type":"Feature","geometry":{"type":"Point","coordinates":[-100.173025,25.629957]},"properties":{"name":"Preescolar Lope de Vega","tipo":"escuela","subtipo":"jardin","fuente":"OpenStreetMap Overpass","osm_tag":"amenity=school","mun":""}},{"type":"Feature","geometry":{"type":"Point","coordinates":[-100.577121,25.784403]},"properties":{"name":"Preescolar Samuel Morse","tipo":"escuela","subtipo":"jardin","fuente":"OpenStreetMap Overpass","osm_tag":"amenity=school","mun":""}},{"type":"Feature","geometry":{"type":"Point","coordinates":[-100.207152,25.65647]},"properties":{"name":"Universidad Tec Milenio","tipo":"escuela","subtipo":"universidad","fuente":"OpenStreetMap Overpass","osm_tag":"amenity=university","mun":""}},{"type":"Feature","geometry":{"type":"Point","coordinates":[-100.352741,25.711903]},"properties":{"name":"Preparatoria No. 9 UANL","tipo":"escuela","subtipo":"preparatoria","fuente":"OpenStreetMap Overpass","osm_tag":"amenity=college","mun":""}},{"type":"Feature","geometry":{"type":"Point","coordinates":[-100.502163,25.683955]},"properties":{"name":"Preescolar Club Rotario","tipo":"escuela","subtipo":"jardin","fuente":"OpenStreetMap Overpass","osm_tag":"amenity=kindergarten","mun":""}},{"type":"Feature","geometry":{"type":"Point","coordinates":[-100.339416,25.672293]},"properties":{"name":"Instituto Panamericano","tipo":"escuela","subtipo":"otra","fuente":"OpenStreetMap Overpass","osm_tag":"amenity=school","mun":""}},{"type":"Feature","geometry":{"type":"Point","coordinates":[-100.21214,25.674104]},"properties":{"name":"Esc. Ejercito Nacional","tipo":"escuela","subtipo":"otra","fuente":"OpenStreetMap Overpass","osm_tag":"amenity=school","mun":""}},{"type":"Feature","geometry":{"type":"Point","coordinates":[-100.404157,25.661248]},"properties":{"name":"Montesori Sierra Madre","tipo":"escuela","subtipo":"otra","fuente":"OpenStreetMap Overpass","osm_tag":"amenity=school","mun":"San Pedro Garza García"}},{"type":"Feature","geometry":{"type":"Point","coordinates":[-100.214942,25.694072]},"properties":{"name":"Profesor Ciro R. Cantu","tipo":"escuela","subtipo":"otra","fuente":"OpenStreetMap Overpass","osm_tag":"amenity=school","mun":""}},{"type":"Feature","geometry":{"type":"Point","coordinates":[-100.238553,25.758786]},"properties":{"name":"Prof. Moisés Gza Sáenz","tipo":"escuela","subtipo":"otra","fuente":"OpenStreetMap Overpass","osm_tag":"amenity=school","mun":""}},{"type":"Feature","geometry":{"type":"Point","coordinates":[-100.302224,25.754563]},"properties":{"name":"Preparatoria Nº16 UANL","tipo":"escuela","subtipo":"preparatoria","fuente":"OpenStreetMap Overpass","osm_tag":"amenity=school","mun":""}},{"type":"Feature","geometry":{"type":"Point","coordinates":[-100.321275,25.763514]},"properties":{"name":"Secundaria Técnica #57","tipo":"escuela","subtipo":"secundaria","fuente":"OpenStreetMap Overpass","osm_tag":"amenity=school","mun":""}},{"type":"Feature","geometry":{"type":"Point","coordinates":[-100.343142,25.678617]},"properties":{"name":"Instituto Regiomontano","tipo":"escuela","subtipo":"otra","fuente":"OpenStreetMap Overpass","osm_tag":"amenity=school","mun":""}},{"type":"Feature","geometry":{"type":"Point","coordinates":[-100.460102,25.699571]},"properties":{"name":"Preescolar Octavio Paz","tipo":"escuela","subtipo":"jardin","fuente":"OpenStreetMap Overpass","osm_tag":"amenity=school","mun":""}},{"type":"Feature","geometry":{"type":"Point","coordinates":[-100.454744,25.658825]},"properties":{"name":"Primaria Lauro Aguirre","tipo":"escuela","subtipo":"primaria","fuente":"OpenStreetMap Overpass","osm_tag":"amenity=school","mun":""}},{"type":"Feature","geometry":{"type":"Point","coordinates":[-100.450307,25.661917]},"properties":{"name":"Sierra Madre Institute","tipo":"escuela","subtipo":"otra","fuente":"OpenStreetMap Overpass","osm_tag":"amenity=school","mun":""}},{"type":"Feature","geometry":{"type":"Point","coordinates":[-100.453052,25.699618]},"properties":{"name":"Preescolar Walt Disney","tipo":"escuela","subtipo":"jardin","fuente":"OpenStreetMap Overpass","osm_tag":"amenity=school","mun":""}},{"type":"Feature","geometry":{"type":"Point","coordinates":[-100.433944,25.658413]},"properties":{"name":"Escuela Federal 312 40","tipo":"escuela","subtipo":"otra","fuente":"OpenStreetMap Overpass","osm_tag":"amenity=school","mun":""}},{"type":"Feature","geometry":{"type":"Point","coordinates":[-100.108544,25.648222]},"properties":{"name":"Primaria Benito Juárez","tipo":"escuela","subtipo":"primaria","fuente":"OpenStreetMap Overpass","osm_tag":"amenity=school","mun":""}},{"type":"Feature","geometry":{"type":"Point","coordinates":[-100.109174,25.647865]},"properties":{"name":"Preescolar Oscar Wilde","tipo":"escuela","subtipo":"jardin","fuente":"OpenStreetMap Overpass","osm_tag":"amenity=school","mun":""}},{"type":"Feature","geometry":{"type":"Point","coordinates":[-100.144188,25.61123]},"properties":{"name":"Primaria Alfonso Reyes","tipo":"escuela","subtipo":"primaria","fuente":"OpenStreetMap Overpass","osm_tag":"amenity=school","mun":""}},{"type":"Feature","geometry":{"type":"Point","coordinates":[-100.598329,25.810396]},"properties":{"name":"Primaria Benito Juárez","tipo":"escuela","subtipo":"primaria","fuente":"OpenStreetMap Overpass","osm_tag":"amenity=school","mun":""}},{"type":"Feature","geometry":{"type":"Point","coordinates":[-100.394338,25.671938]},"properties":{"name":"Preescolar Pablo Livas","tipo":"escuela","subtipo":"jardin","fuente":"OpenStreetMap Overpass","osm_tag":"amenity=school","mun":""}},{"type":"Feature","geometry":{"type":"Point","coordinates":[-100.45086,25.652467]},"properties":{"name":"Primaria Benito Juárez","tipo":"escuela","subtipo":"primaria","fuente":"OpenStreetMap Overpass","osm_tag":"amenity=school","mun":""}},{"type":"Feature","geometry":{"type":"Point","coordinates":[-100.399108,25.945407]},"properties":{"name":"Primaria Benito Juárez","tipo":"escuela","subtipo":"primaria","fuente":"OpenStreetMap Overpass","osm_tag":"amenity=school","mun":""}},{"type":"Feature","geometry":{"type":"Point","coordinates":[-100.24403,25.674405]},"properties":{"name":"Primaria Benito Juárez","tipo":"escuela","subtipo":"primaria","fuente":"OpenStreetMap Overpass","osm_tag":"amenity=school","mun":""}},{"type":"Feature","geometry":{"type":"Point","coordinates":[-100.315656,25.674659]},"properties":{"name":"Fac Filosofía y Letras","tipo":"escuela","subtipo":"universidad","fuente":"OpenStreetMap Overpass","osm_tag":"amenity=university","mun":""}},{"type":"Feature","geometry":{"type":"Point","coordinates":[-100.220189,25.707563]},"properties":{"name":"Jardin de Niños Tlaloc","tipo":"escuela","subtipo":"jardin","fuente":"OpenStreetMap Overpass","osm_tag":"amenity=kindergarten","mun":""}},{"type":"Feature","geometry":{"type":"Point","coordinates":[-100.273055,25.670405]},"properties":{"name":"Escuela Adolfo Prieto","tipo":"escuela","subtipo":"otra","fuente":"OpenStreetMap Overpass","osm_tag":"amenity=school","mun":""}},{"type":"Feature","geometry":{"type":"Point","coordinates":[-100.179818,25.723919]},"properties":{"name":"Escuela Primaria Jose","tipo":"escuela","subtipo":"primaria","fuente":"OpenStreetMap Overpass","osm_tag":"amenity=school","mun":""}},{"type":"Feature","geometry":{"type":"Point","coordinates":[-100.300817,25.646444]},"properties":{"name":"Primaria Rosa Bonhuer","tipo":"escuela","subtipo":"primaria","fuente":"OpenStreetMap Overpass","osm_tag":"amenity=school","mun":""}},{"type":"Feature","geometry":{"type":"Point","coordinates":[-100.129128,25.714728]},"properties":{"name":"Daniel Cosio Villegas","tipo":"escuela","subtipo":"otra","fuente":"OpenStreetMap Overpass","osm_tag":"amenity=school","mun":""}},{"type":"Feature","geometry":{"type":"Point","coordinates":[-100.427826,25.671805]},"properties":{"name":"Preparatoria #23 UANL","tipo":"escuela","subtipo":"preparatoria","fuente":"OpenStreetMap Overpass","osm_tag":"amenity=school","mun":"Santa Catarina"}},{"type":"Feature","geometry":{"type":"Point","coordinates":[-100.157578,25.728496]},"properties":{"name":"José Gorostiza Alcalá","tipo":"escuela","subtipo":"otra","fuente":"OpenStreetMap Overpass","osm_tag":"amenity=school","mun":""}},{"type":"Feature","geometry":{"type":"Point","coordinates":[-100.275809,25.755443]},"properties":{"name":"Federal Leona Vicario","tipo":"escuela","subtipo":"otra","fuente":"OpenStreetMap Overpass","osm_tag":"amenity=school","mun":""}},{"type":"Feature","geometry":{"type":"Point","coordinates":[-100.303324,25.759899]},"properties":{"name":"Instituto Santo Tomas","tipo":"escuela","subtipo":"otra","fuente":"OpenStreetMap Overpass","osm_tag":"amenity=school","mun":""}},{"type":"Feature","geometry":{"type":"Point","coordinates":[-100.370249,25.673837]},"properties":{"name":"Colegio Euroamericano","tipo":"escuela","subtipo":"otra","fuente":"OpenStreetMap Overpass","osm_tag":"amenity=school","mun":""}},{"type":"Feature","geometry":{"type":"Point","coordinates":[-100.418962,25.756469]},"properties":{"name":"Instituto San Agustín","tipo":"escuela","subtipo":"otra","fuente":"OpenStreetMap Overpass","osm_tag":"amenity=school","mun":"Monterrey"}},{"type":"Feature","geometry":{"type":"Point","coordinates":[-100.381249,25.71071]},"properties":{"name":"Latin American School","tipo":"escuela","subtipo":"otra","fuente":"OpenStreetMap Overpass","osm_tag":"amenity=school","mun":"Monterrey"}},{"type":"Feature","geometry":{"type":"Point","coordinates":[-100.126703,25.66571]},"properties":{"name":"Primaria Albert Sabin","tipo":"escuela","subtipo":"primaria","fuente":"OpenStreetMap Overpass","osm_tag":"amenity=school","mun":""}},{"type":"Feature","geometry":{"type":"Point","coordinates":[-100.451866,25.693885]},"properties":{"name":"Secundaria Técnica 32","tipo":"escuela","subtipo":"secundaria","fuente":"OpenStreetMap Overpass","osm_tag":"amenity=school","mun":""}},{"type":"Feature","geometry":{"type":"Point","coordinates":[-100.59312,25.797692]},"properties":{"name":"Secundaria Técnica 61","tipo":"escuela","subtipo":"secundaria","fuente":"OpenStreetMap Overpass","osm_tag":"amenity=school","mun":""}},{"type":"Feature","geometry":{"type":"Point","coordinates":[-100.453425,25.700198]},"properties":{"name":"Primaria Niños Héroes","tipo":"escuela","subtipo":"primaria","fuente":"OpenStreetMap Overpass","osm_tag":"amenity=school","mun":""}},{"type":"Feature","geometry":{"type":"Point","coordinates":[-100.42365,25.686569]},"properties":{"name":"Primaria Tenochtitlán","tipo":"escuela","subtipo":"primaria","fuente":"OpenStreetMap Overpass","osm_tag":"amenity=school","mun":""}},{"type":"Feature","geometry":{"type":"Point","coordinates":[-100.614111,25.80999]},"properties":{"name":"Primaria Serafín Peña","tipo":"escuela","subtipo":"primaria","fuente":"OpenStreetMap Overpass","osm_tag":"amenity=school","mun":""}},{"type":"Feature","geometry":{"type":"Point","coordinates":[-100.573849,25.797877]},"properties":{"name":"Secundaria Ténica 126","tipo":"escuela","subtipo":"secundaria","fuente":"OpenStreetMap Overpass","osm_tag":"amenity=school","mun":""}},{"type":"Feature","geometry":{"type":"Point","coordinates":[-100.605324,25.808152]},"properties":{"name":"Preescolar Juan Rulfo","tipo":"escuela","subtipo":"jardin","fuente":"OpenStreetMap Overpass","osm_tag":"amenity=school","mun":""}},{"type":"Feature","geometry":{"type":"Point","coordinates":[-100.07351,25.813858]},"properties":{"name":"Primaria Juan Escutia","tipo":"escuela","subtipo":"primaria","fuente":"OpenStreetMap Overpass","osm_tag":"amenity=school","mun":""}},{"type":"Feature","geometry":{"type":"Point","coordinates":[-100.308557,25.772727]},"properties":{"name":"Instituto San Gerardo","tipo":"escuela","subtipo":"otra","fuente":"OpenStreetMap Overpass","osm_tag":"amenity=school","mun":""}},{"type":"Feature","geometry":{"type":"Point","coordinates":[-100.378473,25.670554]},"properties":{"name":"IPADE Business School","tipo":"escuela","subtipo":"universidad","fuente":"OpenStreetMap Overpass","osm_tag":"amenity=university","mun":""}},{"type":"Feature","geometry":{"type":"Point","coordinates":[-100.330682,25.688729]},"properties":{"name":"Universidad del Norte","tipo":"escuela","subtipo":"universidad","fuente":"OpenStreetMap Overpass","osm_tag":"amenity=university","mun":"Monterrey"}},{"type":"Feature","geometry":{"type":"Point","coordinates":[-100.323173,25.676073]},"properties":{"name":"Propiedad de la UERRE","tipo":"escuela","subtipo":"universidad","fuente":"OpenStreetMap Overpass","osm_tag":"amenity=university","mun":""}},{"type":"Feature","geometry":{"type":"Point","coordinates":[-100.276926,25.640402]},"properties":{"name":"Colegio Anglo Español","tipo":"escuela","subtipo":"college","fuente":"OpenStreetMap Overpass","osm_tag":"amenity=college","mun":""}},{"type":"Feature","geometry":{"type":"Point","coordinates":[-100.322738,25.670247]},"properties":{"name":"Escuela de Enfermería","tipo":"escuela","subtipo":"college","fuente":"OpenStreetMap Overpass","osm_tag":"amenity=college","mun":"Monterrey"}},{"type":"Feature","geometry":{"type":"Point","coordinates":[-100.130291,25.715028]},"properties":{"name":"Maria Hernandez Zarco","tipo":"escuela","subtipo":"jardin","fuente":"OpenStreetMap Overpass","osm_tag":"amenity=kindergarten","mun":""}},{"type":"Feature","geometry":{"type":"Point","coordinates":[-100.491184,25.692056]},"properties":{"name":"Primaria Comunitaria","tipo":"escuela","subtipo":"primaria","fuente":"OpenStreetMap Overpass","osm_tag":"amenity=school","mun":""}},{"type":"Feature","geometry":{"type":"Point","coordinates":[-100.402569,25.659008]},"properties":{"name":"Centro Escolar Gante","tipo":"escuela","subtipo":"otra","fuente":"OpenStreetMap Overpass","osm_tag":"amenity=school","mun":""}},{"type":"Feature","geometry":{"type":"Point","coordinates":[-100.248923,25.570372]},"properties":{"name":"Prepa Tec Valle Alto","tipo":"escuela","subtipo":"preparatoria","fuente":"OpenStreetMap Overpass","osm_tag":"amenity=school","mun":""}},{"type":"Feature","geometry":{"type":"Point","coordinates":[-100.462129,25.69502]},"properties":{"name":"Instituto Mano Amiga","tipo":"escuela","subtipo":"otra","fuente":"OpenStreetMap Overpass","osm_tag":"amenity=school","mun":""}},{"type":"Feature","geometry":{"type":"Point","coordinates":[-100.593349,25.810431]},"properties":{"name":"Preparatoria 19 UANL","tipo":"escuela","subtipo":"preparatoria","fuente":"OpenStreetMap Overpass","osm_tag":"amenity=school","mun":""}},{"type":"Feature","geometry":{"type":"Point","coordinates":[-100.463761,25.682852]},"properties":{"name":"Primaria Juárez 1864","tipo":"escuela","subtipo":"primaria","fuente":"OpenStreetMap Overpass","osm_tag":"amenity=school","mun":""}},{"type":"Feature","geometry":{"type":"Point","coordinates":[-100.596585,25.789668]},"properties":{"name":"Primaria Rubén Darío","tipo":"escuela","subtipo":"primaria","fuente":"OpenStreetMap Overpass","osm_tag":"amenity=school","mun":""}},{"type":"Feature","geometry":{"type":"Point","coordinates":[-100.182481,25.936404]},"properties":{"name":"Preparatoria 17 UANL","tipo":"escuela","subtipo":"preparatoria","fuente":"OpenStreetMap Overpass","osm_tag":"amenity=school","mun":""}},{"type":"Feature","geometry":{"type":"Point","coordinates":[-100.268414,25.621342]},"properties":{"name":"Batallon de San Blas","tipo":"escuela","subtipo":"otra","fuente":"OpenStreetMap Overpass","osm_tag":"amenity=school","mun":""}},{"type":"Feature","geometry":{"type":"Point","coordinates":[-100.24998,25.717969]},"properties":{"name":"UVM Campus Monterrey","tipo":"escuela","subtipo":"universidad","fuente":"OpenStreetMap Overpass","osm_tag":"amenity=university","mun":""}},{"type":"Feature","geometry":{"type":"Point","coordinates":[-100.454389,25.989987]},"properties":{"name":"Preparatoria 18 UANL","tipo":"escuela","subtipo":"preparatoria","fuente":"OpenStreetMap Overpass","osm_tag":"amenity=university","mun":""}},{"type":"Feature","geometry":{"type":"Point","coordinates":[-100.390669,25.944481]},"properties":{"name":"CECyTE EMSAD Abasolo","tipo":"escuela","subtipo":"preparatoria","fuente":"OpenStreetMap Overpass","osm_tag":"amenity=college","mun":""}},{"type":"Feature","geometry":{"type":"Point","coordinates":[-100.444787,25.692592]},"properties":{"name":"Secundaria Huasteca","tipo":"escuela","subtipo":"secundaria","fuente":"OpenStreetMap Overpass","osm_tag":"amenity=school","mun":""}},{"type":"Feature","geometry":{"type":"Point","coordinates":[-100.259279,25.714122]},"properties":{"name":"Colegio Linda Vista","tipo":"escuela","subtipo":"otra","fuente":"OpenStreetMap Overpass","osm_tag":"amenity=school","mun":""}},{"type":"Feature","geometry":{"type":"Point","coordinates":[-100.160573,25.75588]},"properties":{"name":"Salvador de Apodaca","tipo":"escuela","subtipo":"otra","fuente":"OpenStreetMap Overpass","osm_tag":"amenity=school","mun":""}},{"type":"Feature","geometry":{"type":"Point","coordinates":[-100.237535,25.718902]},"properties":{"name":"Instituto Barbarita","tipo":"escuela","subtipo":"otra","fuente":"OpenStreetMap Overpass","osm_tag":"amenity=school","mun":""}},{"type":"Feature","geometry":{"type":"Point","coordinates":[-100.244763,25.699079]},"properties":{"name":"Instituto San Diego","tipo":"escuela","subtipo":"otra","fuente":"OpenStreetMap Overpass","osm_tag":"amenity=school","mun":""}},{"type":"Feature","geometry":{"type":"Point","coordinates":[-100.330611,25.651718]},"properties":{"name":"Pan American School","tipo":"escuela","subtipo":"otra","fuente":"OpenStreetMap Overpass","osm_tag":"amenity=school","mun":""}},{"type":"Feature","geometry":{"type":"Point","coordinates":[-100.359972,25.676279]},"properties":{"name":"Colegio Mexicano AC","tipo":"escuela","subtipo":"otra","fuente":"OpenStreetMap Overpass","osm_tag":"amenity=school","mun":""}},{"type":"Feature","geometry":{"type":"Point","coordinates":[-100.288573,25.764883]},"properties":{"name":"Rosario Castellanos","tipo":"escuela","subtipo":"otra","fuente":"OpenStreetMap Overpass","osm_tag":"amenity=school","mun":""}},{"type":"Feature","geometry":{"type":"Point","coordinates":[-100.320362,25.770978]},"properties":{"name":"Maria E. Villarreal","tipo":"escuela","subtipo":"otra","fuente":"OpenStreetMap Overpass","osm_tag":"amenity=school","mun":""}},{"type":"Feature","geometry":{"type":"Point","coordinates":[-100.457189,25.7704]},"properties":{"name":"Instituto Edinburgh","tipo":"escuela","subtipo":"otra","fuente":"OpenStreetMap Overpass","osm_tag":"amenity=school","mun":""}},{"type":"Feature","geometry":{"type":"Point","coordinates":[-100.458047,25.689985]},"properties":{"name":"Primaria Cuauhtémoc","tipo":"escuela","subtipo":"primaria","fuente":"OpenStreetMap Overpass","osm_tag":"amenity=school","mun":""}},{"type":"Feature","geometry":{"type":"Point","coordinates":[-100.459749,25.661656]},"properties":{"name":"Primaria 15 de Mayo","tipo":"escuela","subtipo":"primaria","fuente":"OpenStreetMap Overpass","osm_tag":"amenity=school","mun":""}},{"type":"Feature","geometry":{"type":"Point","coordinates":[-100.255041,25.694534]},"properties":{"name":"INSTITUTO SAN DIEGO","tipo":"escuela","subtipo":"otra","fuente":"OpenStreetMap Overpass","osm_tag":"amenity=school","mun":""}},{"type":"Feature","geometry":{"type":"Point","coordinates":[-100.181735,25.784104]},"properties":{"name":"Preparatoría 1 UANL","tipo":"escuela","subtipo":"preparatoria","fuente":"OpenStreetMap Overpass","osm_tag":"amenity=university","mun":""}},{"type":"Feature","geometry":{"type":"Point","coordinates":[-100.287583,25.610389]},"properties":{"name":"UANL Campus Mederos","tipo":"escuela","subtipo":"universidad","fuente":"OpenStreetMap Overpass","osm_tag":"amenity=university","mun":""}},{"type":"Feature","geometry":{"type":"Point","coordinates":[-100.344604,25.6797]},"properties":{"name":"Instituto DeLaSalle","tipo":"escuela","subtipo":"college","fuente":"OpenStreetMap Overpass","osm_tag":"amenity=college","mun":""}},{"type":"Feature","geometry":{"type":"Point","coordinates":[-100.231156,25.734375]},"properties":{"name":"Adolfo de la Huerta","tipo":"escuela","subtipo":"jardin","fuente":"OpenStreetMap Overpass","osm_tag":"amenity=kindergarten","mun":""}},{"type":"Feature","geometry":{"type":"Point","coordinates":[-100.246753,25.585104]},"properties":{"name":"Secundaria Publica","tipo":"escuela","subtipo":"secundaria","fuente":"OpenStreetMap Overpass","osm_tag":"amenity=school","mun":""}},{"type":"Feature","geometry":{"type":"Point","coordinates":[-100.349793,25.730768]},"properties":{"name":"Kinder Frida Kahlo","tipo":"escuela","subtipo":"jardin","fuente":"OpenStreetMap Overpass","osm_tag":"amenity=school","mun":""}},{"type":"Feature","geometry":{"type":"Point","coordinates":[-100.366956,25.676492]},"properties":{"name":"Liceo de Monterrey","tipo":"escuela","subtipo":"otra","fuente":"OpenStreetMap Overpass","osm_tag":"amenity=school","mun":""}},{"type":"Feature","geometry":{"type":"Point","coordinates":[-100.265396,25.705618]},"properties":{"name":"Escuela Secundaria","tipo":"escuela","subtipo":"secundaria","fuente":"OpenStreetMap Overpass","osm_tag":"amenity=school","mun":""}},{"type":"Feature","geometry":{"type":"Point","coordinates":[-100.248509,25.760408]},"properties":{"name":"Colegio Valladolid","tipo":"escuela","subtipo":"otra","fuente":"OpenStreetMap Overpass","osm_tag":"amenity=school","mun":""}},{"type":"Feature","geometry":{"type":"Point","coordinates":[-100.28098,25.711834]},"properties":{"name":"Sec 9 Lázaro Garza","tipo":"escuela","subtipo":"otra","fuente":"OpenStreetMap Overpass","osm_tag":"amenity=school","mun":""}},{"type":"Feature","geometry":{"type":"Point","coordinates":[-100.367987,25.767062]},"properties":{"name":"Secundaria #75;#90","tipo":"escuela","subtipo":"secundaria","fuente":"OpenStreetMap Overpass","osm_tag":"amenity=school","mun":""}},{"type":"Feature","geometry":{"type":"Point","coordinates":[-100.310367,25.638444]},"properties":{"name":"Rebeca Cantù Ayala","tipo":"escuela","subtipo":"otra","fuente":"OpenStreetMap Overpass","osm_tag":"amenity=school","mun":""}},{"type":"Feature","geometry":{"type":"Point","coordinates":[-100.433893,25.778311]},"properties":{"name":"Instituto McKinley","tipo":"escuela","subtipo":"otra","fuente":"OpenStreetMap Overpass","osm_tag":"amenity=school","mun":""}},{"type":"Feature","geometry":{"type":"Point","coordinates":[-100.188847,25.719959]},"properties":{"name":"Secundaria Tec. 64","tipo":"escuela","subtipo":"secundaria","fuente":"OpenStreetMap Overpass","osm_tag":"amenity=school","mun":""}},{"type":"Feature","geometry":{"type":"Point","coordinates":[-100.212053,25.673302]},"properties":{"name":"Mariano Jimenez #4","tipo":"escuela","subtipo":"universidad","fuente":"OpenStreetMap Overpass","osm_tag":"amenity=university","mun":""}},{"type":"Feature","geometry":{"type":"Point","coordinates":[-100.192001,25.478379]},"properties":{"name":"Rafael Garza Cantu","tipo":"escuela","subtipo":"jardin","fuente":"OpenStreetMap Overpass","osm_tag":"amenity=kindergarten","mun":""}},{"type":"Feature","geometry":{"type":"Point","coordinates":[-100.301368,25.742123]},"properties":{"name":"Instituto Fleming","tipo":"escuela","subtipo":"otra","fuente":"OpenStreetMap Overpass","osm_tag":"amenity=school","mun":""}},{"type":"Feature","geometry":{"type":"Point","coordinates":[-100.332158,25.675175]},"properties":{"name":"Centro de Idiomas","tipo":"escuela","subtipo":"otra","fuente":"OpenStreetMap Overpass","osm_tag":"amenity=school","mun":"Monterrey"}},{"type":"Feature","geometry":{"type":"Point","coordinates":[-100.415926,25.734267]},"properties":{"name":"Prepa Tec Cumbres","tipo":"escuela","subtipo":"preparatoria","fuente":"OpenStreetMap Overpass","osm_tag":"amenity=school","mun":""}},{"type":"Feature","geometry":{"type":"Point","coordinates":[-100.315033,25.674794]},"properties":{"name":"Colegio Excelsior","tipo":"escuela","subtipo":"otra","fuente":"OpenStreetMap Overpass","osm_tag":"amenity=school","mun":""}},{"type":"Feature","geometry":{"type":"Point","coordinates":[-100.273772,25.788374]},"properties":{"name":"Instituto Nouveau","tipo":"escuela","subtipo":"otra","fuente":"OpenStreetMap Overpass","osm_tag":"amenity=school","mun":""}},{"type":"Feature","geometry":{"type":"Point","coordinates":[-100.322563,25.669472]},"properties":{"name":"Instituto Fleming","tipo":"escuela","subtipo":"otra","fuente":"OpenStreetMap Overpass","osm_tag":"amenity=school","mun":"Monterrey"}},{"type":"Feature","geometry":{"type":"Point","coordinates":[-100.457448,25.763811]},"properties":{"name":"Colegio Cambridge","tipo":"escuela","subtipo":"otra","fuente":"OpenStreetMap Overpass","osm_tag":"amenity=school","mun":""}},{"type":"Feature","geometry":{"type":"Point","coordinates":[-100.442113,25.967384]},"properties":{"name":"ESC Benito Juárez","tipo":"escuela","subtipo":"otra","fuente":"OpenStreetMap Overpass","osm_tag":"amenity=school","mun":""}},{"type":"Feature","geometry":{"type":"Point","coordinates":[-100.334656,25.728451]},"properties":{"name":"Preparatoria ALFA","tipo":"escuela","subtipo":"preparatoria","fuente":"OpenStreetMap Overpass","osm_tag":"amenity=school","mun":""}},{"type":"Feature","geometry":{"type":"Point","coordinates":[-100.173838,25.646807]},"properties":{"name":"Colegio Andalucía","tipo":"escuela","subtipo":"otra","fuente":"OpenStreetMap Overpass","osm_tag":"amenity=school","mun":""}},{"type":"Feature","geometry":{"type":"Point","coordinates":[-100.369669,25.650647]},"properties":{"name":"Colegio Labastida","tipo":"escuela","subtipo":"otra","fuente":"OpenStreetMap Overpass","osm_tag":"amenity=school","mun":""}},{"type":"Feature","geometry":{"type":"Point","coordinates":[-100.402649,25.66087]},"properties":{"name":"Colegio Alfonsino","tipo":"escuela","subtipo":"otra","fuente":"OpenStreetMap Overpass","osm_tag":"amenity=school","mun":"San Pedro Garza García"}},{"type":"Feature","geometry":{"type":"Point","coordinates":[-100.44826,25.689788]},"properties":{"name":"CEIM Preparatoria","tipo":"escuela","subtipo":"preparatoria","fuente":"OpenStreetMap Overpass","osm_tag":"amenity=college","mun":""}},{"type":"Feature","geometry":{"type":"Point","coordinates":[-100.157011,25.712317]},"properties":{"name":"Escuela Primaria","tipo":"escuela","subtipo":"primaria","fuente":"OpenStreetMap Overpass","osm_tag":"amenity=school","mun":""}},{"type":"Feature","geometry":{"type":"Point","coordinates":[-100.234448,25.687219]},"properties":{"name":"Primaria 20 Nov.","tipo":"escuela","subtipo":"primaria","fuente":"OpenStreetMap Overpass","osm_tag":"amenity=school","mun":""}},{"type":"Feature","geometry":{"type":"Point","coordinates":[-100.110692,25.665598]},"properties":{"name":"Escuela Primaria","tipo":"escuela","subtipo":"primaria","fuente":"OpenStreetMap Overpass","osm_tag":"amenity=school","mun":""}},{"type":"Feature","geometry":{"type":"Point","coordinates":[-100.073645,25.649172]},"properties":{"name":"Escuela Primaria","tipo":"escuela","subtipo":"primaria","fuente":"OpenStreetMap Overpass","osm_tag":"amenity=school","mun":""}},{"type":"Feature","geometry":{"type":"Point","coordinates":[-100.061411,25.627207]},"properties":{"name":"Escuela Primaria","tipo":"escuela","subtipo":"primaria","fuente":"OpenStreetMap Overpass","osm_tag":"amenity=school","mun":""}},{"type":"Feature","geometry":{"type":"Point","coordinates":[-100.011034,25.571366]},"properties":{"name":"Cecyte Cadereyta","tipo":"escuela","subtipo":"preparatoria","fuente":"OpenStreetMap Overpass","osm_tag":"amenity=school","mun":""}},{"type":"Feature","geometry":{"type":"Point","coordinates":[-99.99444,25.588297]},"properties":{"name":"Instituto Vinton","tipo":"escuela","subtipo":"otra","fuente":"OpenStreetMap Overpass","osm_tag":"amenity=school","mun":"Cadereyta Jiménez"}},{"type":"Feature","geometry":{"type":"Point","coordinates":[-100.258124,25.580692]},"properties":{"name":"Docet Valle Alto","tipo":"escuela","subtipo":"otra","fuente":"OpenStreetMap Overpass","osm_tag":"amenity=school","mun":""}},{"type":"Feature","geometry":{"type":"Point","coordinates":[-100.303099,25.762411]},"properties":{"name":"colegio Irlandes","tipo":"escuela","subtipo":"otra","fuente":"OpenStreetMap Overpass","osm_tag":"amenity=school","mun":""}},{"type":"Feature","geometry":{"type":"Point","coordinates":[-100.245968,25.716452]},"properties":{"name":"Instituto Boston","tipo":"escuela","subtipo":"otra","fuente":"OpenStreetMap Overpass","osm_tag":"amenity=school","mun":""}},{"type":"Feature","geometry":{"type":"Point","coordinates":[-100.253688,25.752551]},"properties":{"name":"Colegio Calpulli","tipo":"escuela","subtipo":"otra","fuente":"OpenStreetMap Overpass","osm_tag":"amenity=school","mun":""}},{"type":"Feature","geometry":{"type":"Point","coordinates":[-100.196393,25.663372]},"properties":{"name":"ICECCT Guadalupe","tipo":"escuela","subtipo":"otra","fuente":"OpenStreetMap Overpass","osm_tag":"amenity=school","mun":""}},{"type":"Feature","geometry":{"type":"Point","coordinates":[-100.449171,25.698227]},"properties":{"name":"Colegio Huasteca","tipo":"escuela","subtipo":"otra","fuente":"OpenStreetMap Overpass","osm_tag":"amenity=school","mun":""}},{"type":"Feature","geometry":{"type":"Point","coordinates":[-100.456769,25.675093]},"properties":{"name":"Colegio Pellicer","tipo":"escuela","subtipo":"otra","fuente":"OpenStreetMap Overpass","osm_tag":"amenity=school","mun":""}},{"type":"Feature","geometry":{"type":"Point","coordinates":[-100.178004,25.746465]},"properties":{"name":"insituto Nouveau","tipo":"escuela","subtipo":"otra","fuente":"OpenStreetMap Overpass","osm_tag":"amenity=school","mun":""}},{"type":"Feature","geometry":{"type":"Point","coordinates":[-100.313508,25.670872]},"properties":{"name":"UMM Comunicacion","tipo":"escuela","subtipo":"universidad","fuente":"OpenStreetMap Overpass","osm_tag":"amenity=university","mun":"Monterrey"}},{"type":"Feature","geometry":{"type":"Point","coordinates":[-100.310518,25.675219]},"properties":{"name":"Criminología UMM","tipo":"escuela","subtipo":"universidad","fuente":"OpenStreetMap Overpass","osm_tag":"amenity=university","mun":""}},{"type":"Feature","geometry":{"type":"Point","coordinates":[-100.304193,25.764663]},"properties":{"name":"Artes y Ciencias","tipo":"escuela","subtipo":"universidad","fuente":"OpenStreetMap Overpass","osm_tag":"amenity=university","mun":""}},{"type":"Feature","geometry":{"type":"Point","coordinates":[-100.206571,25.723161]},"properties":{"name":"Jose Vasconcelos","tipo":"escuela","subtipo":"universidad","fuente":"OpenStreetMap Overpass","osm_tag":"amenity=university","mun":""}},{"type":"Feature","geometry":{"type":"Point","coordinates":[-100.375948,25.733229]},"properties":{"name":"Jose Vasconcelos","tipo":"escuela","subtipo":"universidad","fuente":"OpenStreetMap Overpass","osm_tag":"amenity=university","mun":""}},{"type":"Feature","geometry":{"type":"Point","coordinates":[-100.378919,25.737637]},"properties":{"name":"Universidad CNCI","tipo":"escuela","subtipo":"universidad","fuente":"OpenStreetMap Overpass","osm_tag":"amenity=university","mun":""}},{"type":"Feature","geometry":{"type":"Point","coordinates":[-100.194101,25.808046]},"properties":{"name":"LICEO de Apodaca","tipo":"escuela","subtipo":"universidad","fuente":"OpenStreetMap Overpass","osm_tag":"amenity=university","mun":""}},{"type":"Feature","geometry":{"type":"Point","coordinates":[-100.225973,25.721395]},"properties":{"name":"Instituto Suizo","tipo":"escuela","subtipo":"otra","fuente":"OpenStreetMap Overpass","osm_tag":"amenity=school","mun":""}},{"type":"Feature","geometry":{"type":"Point","coordinates":[-100.210928,25.675311]},"properties":{"name":"Natural English","tipo":"escuela","subtipo":"otra","fuente":"OpenStreetMap Overpass","osm_tag":"amenity=school","mun":""}},{"type":"Feature","geometry":{"type":"Point","coordinates":[-100.351785,25.750052]},"properties":{"name":"Jardin de niños","tipo":"escuela","subtipo":"jardin","fuente":"OpenStreetMap Overpass","osm_tag":"amenity=school","mun":""}},{"type":"Feature","geometry":{"type":"Point","coordinates":[-100.268624,25.76381]},"properties":{"name":"Jesús M. Campos","tipo":"escuela","subtipo":"otra","fuente":"OpenStreetMap Overpass","osm_tag":"amenity=school","mun":""}},{"type":"Feature","geometry":{"type":"Point","coordinates":[-100.161195,25.732196]},"properties":{"name":"CONALEP Apodaca","tipo":"escuela","subtipo":"preparatoria","fuente":"OpenStreetMap Overpass","osm_tag":"amenity=school","mun":""}},{"type":"Feature","geometry":{"type":"Point","coordinates":[-100.215291,25.735614]},"properties":{"name":"Esc Sec Tec #56","tipo":"escuela","subtipo":"otra","fuente":"OpenStreetMap Overpass","osm_tag":"amenity=school","mun":""}},{"type":"Feature","geometry":{"type":"Point","coordinates":[-100.288134,25.780537]},"properties":{"name":"20 de Noviembre","tipo":"escuela","subtipo":"otra","fuente":"OpenStreetMap Overpass","osm_tag":"amenity=school","mun":""}},{"type":"Feature","geometry":{"type":"Point","coordinates":[-100.291608,25.790359]},"properties":{"name":"CECyTE Escobedo","tipo":"escuela","subtipo":"preparatoria","fuente":"OpenStreetMap Overpass","osm_tag":"amenity=school","mun":""}},{"type":"Feature","geometry":{"type":"Point","coordinates":[-100.436718,25.657737]},"properties":{"name":"Colegio Nezaldi","tipo":"escuela","subtipo":"otra","fuente":"OpenStreetMap Overpass","osm_tag":"amenity=school","mun":"Santa Catarina"}},{"type":"Feature","geometry":{"type":"Point","coordinates":[-100.572876,25.797851]},"properties":{"name":"Cecyte García 2","tipo":"escuela","subtipo":"preparatoria","fuente":"OpenStreetMap Overpass","osm_tag":"amenity=school","mun":""}},{"type":"Feature","geometry":{"type":"Point","coordinates":[-100.242942,25.564835]},"properties":{"name":"Colegio Tonallí","tipo":"escuela","subtipo":"otra","fuente":"OpenStreetMap Overpass","osm_tag":"amenity=school","mun":""}},{"type":"Feature","geometry":{"type":"Point","coordinates":[-100.343635,25.742717]},"properties":{"name":"Emiliano Zapata","tipo":"escuela","subtipo":"universidad","fuente":"OpenStreetMap Overpass","osm_tag":"amenity=university","mun":""}},{"type":"Feature","geometry":{"type":"Point","coordinates":[-100.25601,25.69398]},"properties":{"name":"Preparatoria 22","tipo":"escuela","subtipo":"preparatoria","fuente":"OpenStreetMap Overpass","osm_tag":"amenity=college","mun":""}},{"type":"Feature","geometry":{"type":"Point","coordinates":[-100.321214,25.670503]},"properties":{"name":"instituto IETAN","tipo":"escuela","subtipo":"college","fuente":"OpenStreetMap Overpass","osm_tag":"amenity=college","mun":""}},{"type":"Feature","geometry":{"type":"Point","coordinates":[-100.313667,25.782342]},"properties":{"name":"Jeronimo Siller","tipo":"escuela","subtipo":"jardin","fuente":"OpenStreetMap Overpass","osm_tag":"amenity=kindergarten","mun":""}},{"type":"Feature","geometry":{"type":"Point","coordinates":[-100.160519,25.708785]},"properties":{"name":"Jardín de niños","tipo":"escuela","subtipo":"jardin","fuente":"OpenStreetMap Overpass","osm_tag":"amenity=kindergarten","mun":""}},{"type":"Feature","geometry":{"type":"Point","coordinates":[-100.171622,25.681473]},"properties":{"name":"Jardin de niños","tipo":"escuela","subtipo":"jardin","fuente":"OpenStreetMap Overpass","osm_tag":"amenity=kindergarten","mun":""}},{"type":"Feature","geometry":{"type":"Point","coordinates":[-100.253551,25.673062]},"properties":{"name":"Preparatoria 8","tipo":"escuela","subtipo":"preparatoria","fuente":"OpenStreetMap Overpass","osm_tag":"amenity=school","mun":""}},{"type":"Feature","geometry":{"type":"Point","coordinates":[-100.281833,25.748118]},"properties":{"name":"inci lenguages","tipo":"escuela","subtipo":"otra","fuente":"OpenStreetMap Overpass","osm_tag":"amenity=school","mun":""}},{"type":"Feature","geometry":{"type":"Point","coordinates":[-100.258783,25.688853]},"properties":{"name":"Quick Learning","tipo":"escuela","subtipo":"otra","fuente":"OpenStreetMap Overpass","osm_tag":"amenity=school","mun":""}},{"type":"Feature","geometry":{"type":"Point","coordinates":[-100.220737,25.693841]},"properties":{"name":"Miguel Hidalgo","tipo":"escuela","subtipo":"otra","fuente":"OpenStreetMap Overpass","osm_tag":"amenity=school","mun":""}},{"type":"Feature","geometry":{"type":"Point","coordinates":[-100.251017,25.717314]},"properties":{"name":"Colegio Oxford","tipo":"escuela","subtipo":"otra","fuente":"OpenStreetMap Overpass","osm_tag":"amenity=school","mun":""}},{"type":"Feature","geometry":{"type":"Point","coordinates":[-100.34212,25.638452]},"properties":{"name":"Colegio CECVAC","tipo":"escuela","subtipo":"otra","fuente":"OpenStreetMap Overpass","osm_tag":"amenity=school","mun":""}},{"type":"Feature","geometry":{"type":"Point","coordinates":[-100.291246,25.746358]},"properties":{"name":"Preparatoria 7","tipo":"escuela","subtipo":"preparatoria","fuente":"OpenStreetMap Overpass","osm_tag":"amenity=school","mun":"San Nicolas de los Garza"}},{"type":"Feature","geometry":{"type":"Point","coordinates":[-100.596363,25.781576]},"properties":{"name":"Secundaria 108","tipo":"escuela","subtipo":"secundaria","fuente":"OpenStreetMap Overpass","osm_tag":"amenity=school","mun":""}},{"type":"Feature","geometry":{"type":"Point","coordinates":[-100.239001,25.579883]},"properties":{"name":"Instituto SIMA","tipo":"escuela","subtipo":"otra","fuente":"OpenStreetMap Overpass","osm_tag":"amenity=school","mun":"Monterrey"}},{"type":"Feature","geometry":{"type":"Point","coordinates":[-100.328937,25.799194]},"properties":{"name":"Nueva Creación","tipo":"escuela","subtipo":"otra","fuente":"OpenStreetMap Overpass","osm_tag":"amenity=school","mun":""}},{"type":"Feature","geometry":{"type":"Point","coordinates":[-100.318536,25.806915]},"properties":{"name":"Ox High School","tipo":"escuela","subtipo":"otra","fuente":"OpenStreetMap Overpass","osm_tag":"amenity=school","mun":""}},{"type":"Feature","geometry":{"type":"Point","coordinates":[-100.198197,25.662364]},"properties":{"name":"Instituto CEFI","tipo":"escuela","subtipo":"college","fuente":"OpenStreetMap Overpass","osm_tag":"amenity=college","mun":""}},{"type":"Feature","geometry":{"type":"Point","coordinates":[-100.295303,25.762092]},"properties":{"name":"Simon Balderas","tipo":"escuela","subtipo":"college","fuente":"OpenStreetMap Overpass","osm_tag":"amenity=college","mun":""}},{"type":"Feature","geometry":{"type":"Point","coordinates":[-100.238675,25.784064]},"properties":{"name":"Alfonso Reyes","tipo":"escuela","subtipo":"otra","fuente":"OpenStreetMap Overpass","osm_tag":"amenity=school","mun":""}},{"type":"Feature","geometry":{"type":"Point","coordinates":[-100.294471,25.671321]},"properties":{"name":"Miguel F. Mtz","tipo":"escuela","subtipo":"otra","fuente":"OpenStreetMap Overpass","osm_tag":"amenity=school","mun":""}},{"type":"Feature","geometry":{"type":"Point","coordinates":[-100.463765,25.667643]},"properties":{"name":"Secundaria 53","tipo":"escuela","subtipo":"secundaria","fuente":"OpenStreetMap Overpass","osm_tag":"amenity=school","mun":""}},{"type":"Feature","geometry":{"type":"Point","coordinates":[-100.332311,25.678525]},"properties":{"name":"Secundaria 10","tipo":"escuela","subtipo":"secundaria","fuente":"OpenStreetMap Overpass","osm_tag":"amenity=school","mun":""}},{"type":"Feature","geometry":{"type":"Point","coordinates":[-100.5689,25.785025]},"properties":{"name":"Secundaria 10","tipo":"escuela","subtipo":"secundaria","fuente":"OpenStreetMap Overpass","osm_tag":"amenity=school","mun":""}},{"type":"Feature","geometry":{"type":"Point","coordinates":[-100.323101,25.793824]},"properties":{"name":"ICAM Escobedo","tipo":"escuela","subtipo":"otra","fuente":"OpenStreetMap Overpass","osm_tag":"amenity=school","mun":""}},{"type":"Feature","geometry":{"type":"Point","coordinates":[-100.258797,25.752115]},"properties":{"name":"Alfonso Reyes","tipo":"escuela","subtipo":"universidad","fuente":"OpenStreetMap Overpass","osm_tag":"amenity=university","mun":""}},{"type":"Feature","geometry":{"type":"Point","coordinates":[-100.59735,25.797084]},"properties":{"name":"CeCyTE García","tipo":"escuela","subtipo":"preparatoria","fuente":"OpenStreetMap Overpass","osm_tag":"amenity=college","mun":""}},{"type":"Feature","geometry":{"type":"Point","coordinates":[-100.28017,25.715134]},"properties":{"name":"Esteban Rock","tipo":"escuela","subtipo":"otra","fuente":"OpenStreetMap Overpass","osm_tag":"amenity=school","mun":""}},{"type":"Feature","geometry":{"type":"Point","coordinates":[-100.162335,25.7427]},"properties":{"name":"Jonás García","tipo":"escuela","subtipo":"otra","fuente":"OpenStreetMap Overpass","osm_tag":"amenity=school","mun":""}},{"type":"Feature","geometry":{"type":"Point","coordinates":[-100.265344,25.747238]},"properties":{"name":"Isabel Cantu","tipo":"escuela","subtipo":"otra","fuente":"OpenStreetMap Overpass","osm_tag":"amenity=school","mun":""}},{"type":"Feature","geometry":{"type":"Point","coordinates":[-100.001694,25.584135]},"properties":{"name":"Justo Sierra","tipo":"escuela","subtipo":"otra","fuente":"OpenStreetMap Overpass","osm_tag":"amenity=school","mun":""}},{"type":"Feature","geometry":{"type":"Point","coordinates":[-100.407774,25.786567]},"properties":{"name":"Julio Ruelas","tipo":"escuela","subtipo":"otra","fuente":"OpenStreetMap Overpass","osm_tag":"amenity=school","mun":""}},{"type":"Feature","geometry":{"type":"Point","coordinates":[-100.318721,25.791808]},"properties":{"name":"CENDI No. 13","tipo":"escuela","subtipo":"otra","fuente":"OpenStreetMap Overpass","osm_tag":"amenity=school","mun":""}},{"type":"Feature","geometry":{"type":"Point","coordinates":[-100.24509,25.566695]},"properties":{"name":"Prepa U-ERRE","tipo":"escuela","subtipo":"preparatoria","fuente":"OpenStreetMap Overpass","osm_tag":"amenity=school","mun":""}},{"type":"Feature","geometry":{"type":"Point","coordinates":[-100.282133,25.830439]},"properties":{"name":"UTE Escobedo","tipo":"escuela","subtipo":"universidad","fuente":"OpenStreetMap Overpass","osm_tag":"amenity=university","mun":""}},{"type":"Feature","geometry":{"type":"Point","coordinates":[-100.217423,25.689004]},"properties":{"name":"Diego Rivera","tipo":"escuela","subtipo":"jardin","fuente":"OpenStreetMap Overpass","osm_tag":"amenity=kindergarten","mun":""}},{"type":"Feature","geometry":{"type":"Point","coordinates":[-100.253206,25.788703]},"properties":{"name":"Esc Sec #58","tipo":"escuela","subtipo":"otra","fuente":"OpenStreetMap Overpass","osm_tag":"amenity=school","mun":""}},{"type":"Feature","geometry":{"type":"Point","coordinates":[-100.172348,25.676404]},"properties":{"name":"CONALEP 295","tipo":"escuela","subtipo":"preparatoria","fuente":"OpenStreetMap Overpass","osm_tag":"amenity=school","mun":""}},{"type":"Feature","geometry":{"type":"Point","coordinates":[-100.328698,25.799811]},"properties":{"name":"Solidaridad","tipo":"escuela","subtipo":"otra","fuente":"OpenStreetMap Overpass","osm_tag":"amenity=school","mun":""}},{"type":"Feature","geometry":{"type":"Point","coordinates":[-100.104797,25.603825]},"properties":{"name":"UANL Juarez","tipo":"escuela","subtipo":"universidad","fuente":"OpenStreetMap Overpass","osm_tag":"amenity=university","mun":""}},{"type":"Feature","geometry":{"type":"Point","coordinates":[-100.269118,25.694274]},"properties":{"name":"Kiosko EIAO","tipo":"escuela","subtipo":"college","fuente":"OpenStreetMap Overpass","osm_tag":"amenity=college","mun":""}},{"type":"Feature","geometry":{"type":"Point","coordinates":[-100.167275,25.757542]},"properties":{"name":"CECATI 192","tipo":"escuela","subtipo":"otra","fuente":"OpenStreetMap Overpass","osm_tag":"amenity=school","mun":""}},{"type":"Feature","geometry":{"type":"Point","coordinates":[-100.409753,25.664204]},"properties":{"name":"Brillamont","tipo":"escuela","subtipo":"otra","fuente":"OpenStreetMap Overpass","osm_tag":"amenity=school","mun":""}},{"type":"Feature","geometry":{"type":"Point","coordinates":[-100.256726,25.574269]},"properties":{"name":"Prepa UDEM","tipo":"escuela","subtipo":"preparatoria","fuente":"OpenStreetMap Overpass","osm_tag":"amenity=school","mun":""}},{"type":"Feature","geometry":{"type":"Point","coordinates":[-100.592347,25.800757]},"properties":{"name":"Preescolar","tipo":"escuela","subtipo":"jardin","fuente":"OpenStreetMap Overpass","osm_tag":"amenity=school","mun":""}},{"type":"Feature","geometry":{"type":"Point","coordinates":[-100.440898,25.686212]},"properties":{"name":"Preescolar","tipo":"escuela","subtipo":"jardin","fuente":"OpenStreetMap Overpass","osm_tag":"amenity=school","mun":""}},{"type":"Feature","geometry":{"type":"Point","coordinates":[-100.42047,25.684307]},"properties":{"name":"Preescolar","tipo":"escuela","subtipo":"jardin","fuente":"OpenStreetMap Overpass","osm_tag":"amenity=school","mun":""}},{"type":"Feature","geometry":{"type":"Point","coordinates":[-100.346348,25.805217]},"properties":{"name":"ICET No. 1","tipo":"escuela","subtipo":"college","fuente":"OpenStreetMap Overpass","osm_tag":"amenity=college","mun":""}},{"type":"Feature","geometry":{"type":"Point","coordinates":[-100.282968,25.645371]},"properties":{"name":"Guardería","tipo":"escuela","subtipo":"otra","fuente":"OpenStreetMap Overpass","osm_tag":"amenity=school","mun":""}},{"type":"Feature","geometry":{"type":"Point","coordinates":[-100.263991,25.761644]},"properties":{"name":"Número 28","tipo":"escuela","subtipo":"otra","fuente":"OpenStreetMap Overpass","osm_tag":"amenity=school","mun":""}},{"type":"Feature","geometry":{"type":"Point","coordinates":[-100.209543,25.656419]},"properties":{"name":"CETIS 101","tipo":"escuela","subtipo":"preparatoria","fuente":"OpenStreetMap Overpass","osm_tag":"amenity=school","mun":""}},{"type":"Feature","geometry":{"type":"Point","coordinates":[-100.412838,25.660786]},"properties":{"name":"Cetis #66","tipo":"escuela","subtipo":"preparatoria","fuente":"OpenStreetMap Overpass","osm_tag":"amenity=school","mun":""}},{"type":"Feature","geometry":{"type":"Point","coordinates":[-100.431141,25.661784]},"properties":{"name":"Prepa Tec","tipo":"escuela","subtipo":"preparatoria","fuente":"OpenStreetMap Overpass","osm_tag":"amenity=school","mun":""}},{"type":"Feature","geometry":{"type":"Point","coordinates":[-100.215075,25.694596]},"properties":{"name":"Malintzin","tipo":"escuela","subtipo":"jardin","fuente":"OpenStreetMap Overpass","osm_tag":"amenity=kindergarten","mun":""}},{"type":"Feature","geometry":{"type":"Point","coordinates":[-100.189744,25.661075]},"properties":{"name":"Guarderia","tipo":"escuela","subtipo":"jardin","fuente":"OpenStreetMap Overpass","osm_tag":"amenity=kindergarten","mun":""}},{"type":"Feature","geometry":{"type":"Point","coordinates":[-100.205076,25.79957]},"properties":{"name":"CBTIS 53","tipo":"escuela","subtipo":"preparatoria","fuente":"OpenStreetMap Overpass","osm_tag":"amenity=school","mun":""}},{"type":"Feature","geometry":{"type":"Point","coordinates":[-100.460695,25.697163]},"properties":{"name":"Primaria","tipo":"escuela","subtipo":"primaria","fuente":"OpenStreetMap Overpass","osm_tag":"amenity=school","mun":""}},{"type":"Feature","geometry":{"type":"Point","coordinates":[-100.597664,25.778905]},"properties":{"name":"Primaria","tipo":"escuela","subtipo":"primaria","fuente":"OpenStreetMap Overpass","osm_tag":"amenity=school","mun":""}},{"type":"Feature","geometry":{"type":"Point","coordinates":[-100.305288,25.638001]},"properties":{"name":"CBTIS 99","tipo":"escuela","subtipo":"preparatoria","fuente":"OpenStreetMap Overpass","osm_tag":"amenity=college","mun":""}},{"type":"Feature","geometry":{"type":"Point","coordinates":[-100.280994,25.641203]},"properties":{"name":"New Kid","tipo":"escuela","subtipo":"otra","fuente":"OpenStreetMap Overpass","osm_tag":"amenity=school","mun":""}},{"type":"Feature","geometry":{"type":"Point","coordinates":[-100.465863,25.667205]},"properties":{"name":"Conalep","tipo":"escuela","subtipo":"preparatoria","fuente":"OpenStreetMap Overpass","osm_tag":"amenity=school","mun":""}},{"type":"Feature","geometry":{"type":"Point","coordinates":[-100.255657,25.708875]},"properties":{"name":"Conalep","tipo":"escuela","subtipo":"preparatoria","fuente":"OpenStreetMap Overpass","osm_tag":"amenity=school","mun":""}},{"type":"Feature","geometry":{"type":"Point","coordinates":[-100.257692,25.728687]},"properties":{"name":"CONALEP","tipo":"escuela","subtipo":"preparatoria","fuente":"OpenStreetMap Overpass","osm_tag":"amenity=school","mun":""}},{"type":"Feature","geometry":{"type":"Point","coordinates":[-100.37849,25.734883]},"properties":{"name":"CONALEP","tipo":"escuela","subtipo":"preparatoria","fuente":"OpenStreetMap Overpass","osm_tag":"amenity=school","mun":""}},{"type":"Feature","geometry":{"type":"Point","coordinates":[-100.618598,25.827402]},"properties":{"name":"Escuela","tipo":"escuela","subtipo":"otra","fuente":"OpenStreetMap Overpass","osm_tag":"amenity=school","mun":""}},{"type":"Feature","geometry":{"type":"Point","coordinates":[-100.585435,25.823949]},"properties":{"name":"Escuela","tipo":"escuela","subtipo":"otra","fuente":"OpenStreetMap Overpass","osm_tag":"amenity=school","mun":""}},{"type":"Feature","geometry":{"type":"Point","coordinates":[-100.321206,25.672351]},"properties":{"name":"IESALUD","tipo":"escuela","subtipo":"universidad","fuente":"OpenStreetMap Overpass","osm_tag":"amenity=university","mun":""}},{"type":"Feature","geometry":{"type":"Point","coordinates":[-100.30991,25.67611]},"properties":{"name":"UMM LAE","tipo":"escuela","subtipo":"universidad","fuente":"OpenStreetMap Overpass","osm_tag":"amenity=university","mun":"monterrey"}},{"type":"Feature","geometry":{"type":"Point","coordinates":[-100.256028,25.743733]},"properties":{"name":"Conalep","tipo":"escuela","subtipo":"preparatoria","fuente":"OpenStreetMap Overpass","osm_tag":"amenity=university","mun":""}},{"type":"Feature","geometry":{"type":"Point","coordinates":[-100.332946,25.679853]},"properties":{"name":"IIIEPE","tipo":"escuela","subtipo":"otra","fuente":"OpenStreetMap Overpass","osm_tag":"amenity=school","mun":""}},{"type":"Feature","geometry":{"type":"Point","coordinates":[-100.252665,25.593884]},"properties":{"name":"FORMUS","tipo":"escuela","subtipo":"otra","fuente":"OpenStreetMap Overpass","osm_tag":"amenity=school","mun":""}},{"type":"Feature","geometry":{"type":"Point","coordinates":[-100.254442,25.698388]},"properties":{"name":"cecati","tipo":"escuela","subtipo":"otra","fuente":"OpenStreetMap Overpass","osm_tag":"amenity=school","mun":""}},{"type":"Feature","geometry":{"type":"Point","coordinates":[-100.212258,25.72436]},"properties":{"name":"INSUCO","tipo":"escuela","subtipo":"otra","fuente":"OpenStreetMap Overpass","osm_tag":"amenity=school","mun":""}},{"type":"Feature","geometry":{"type":"Point","coordinates":[-100.274492,25.784509]},"properties":{"name":"Oxford","tipo":"escuela","subtipo":"otra","fuente":"OpenStreetMap Overpass","osm_tag":"amenity=school","mun":""}},{"type":"Feature","geometry":{"type":"Point","coordinates":[-100.284964,25.769548]},"properties":{"name":"OXFORD","tipo":"escuela","subtipo":"otra","fuente":"OpenStreetMap Overpass","osm_tag":"amenity=school","mun":""}},{"type":"Feature","geometry":{"type":"Point","coordinates":[-100.055359,25.797468]},"properties":{"name":"CECyTe","tipo":"escuela","subtipo":"preparatoria","fuente":"OpenStreetMap Overpass","osm_tag":"amenity=school","mun":""}},{"type":"Feature","geometry":{"type":"Point","coordinates":[-100.442253,25.688944]},"properties":{"name":"Oxford","tipo":"escuela","subtipo":"otra","fuente":"OpenStreetMap Overpass","osm_tag":"amenity=school","mun":""}},{"type":"Feature","geometry":{"type":"Point","coordinates":[-100.316902,25.673706]},"properties":{"name":"INSUCO","tipo":"escuela","subtipo":"universidad","fuente":"OpenStreetMap Overpass","osm_tag":"amenity=university","mun":""}},{"type":"Feature","geometry":{"type":"Point","coordinates":[-100.189024,25.780859]},"properties":{"name":"INSUCO","tipo":"escuela","subtipo":"universidad","fuente":"OpenStreetMap Overpass","osm_tag":"amenity=university","mun":""}},{"type":"Feature","geometry":{"type":"Point","coordinates":[-100.323773,25.669402]},"properties":{"name":"C.E.U.","tipo":"escuela","subtipo":"universidad","fuente":"OpenStreetMap Overpass","osm_tag":"amenity=university","mun":""}},{"type":"Feature","geometry":{"type":"Point","coordinates":[-100.023862,25.874832]},"properties":{"name":"CeCyte","tipo":"escuela","subtipo":"preparatoria","fuente":"OpenStreetMap Overpass","osm_tag":"amenity=university","mun":""}},{"type":"Feature","geometry":{"type":"Point","coordinates":[-100.194091,25.657676]},"properties":{"name":"Cecam","tipo":"escuela","subtipo":"otra","fuente":"OpenStreetMap Overpass","osm_tag":"amenity=school","mun":""}},{"type":"Feature","geometry":{"type":"Point","coordinates":[-100.047972,25.79006]},"properties":{"name":"CBTA","tipo":"escuela","subtipo":"otra","fuente":"OpenStreetMap Overpass","osm_tag":"amenity=school","mun":""}},{"type":"Feature","geometry":{"type":"Point","coordinates":[-100.187156,25.780597]},"properties":{"name":"CNCI","tipo":"escuela","subtipo":"universidad","fuente":"OpenStreetMap Overpass","osm_tag":"amenity=university","mun":""}},{"type":"Feature","geometry":{"type":"Point","coordinates":[-100.353705,25.677961]},"properties":{"name":"UDEM","tipo":"escuela","subtipo":"universidad","fuente":"OpenStreetMap Overpass","osm_tag":"amenity=university","mun":""}},{"type":"Feature","geometry":{"type":"Point","coordinates":[-100.419537,25.660457]},"properties":{"name":"UDEM","tipo":"escuela","subtipo":"universidad","fuente":"OpenStreetMap Overpass","osm_tag":"amenity=university","mun":"Monterrey"}},{"type":"Feature","geometry":{"type":"Point","coordinates":[-100.250417,25.772184]},"properties":{"name":"DIF","tipo":"escuela","subtipo":"otra","fuente":"OpenStreetMap Overpass","osm_tag":"amenity=school","mun":""}},{"type":"Feature","geometry":{"type":"Point","coordinates":[-100.240761,25.679836]},"properties":{"name":"CEU","tipo":"escuela","subtipo":"otra","fuente":"OpenStreetMap Overpass","osm_tag":"amenity=school","mun":""}},{"type":"Feature","geometry":{"type":"Point","coordinates":[-100.540121,25.701665]},"properties":{"name":"Ucs","tipo":"escuela","subtipo":"otra","fuente":"OpenStreetMap Overpass","osm_tag":"amenity=school","mun":""}},{"type":"Feature","geometry":{"type":"Point","coordinates":[-100.340883,25.66593]},"properties":{"name":"CEU","tipo":"escuela","subtipo":"universidad","fuente":"OpenStreetMap Overpass","osm_tag":"amenity=university","mun":""}},{"type":"Feature","geometry":{"type":"Point","coordinates":[-100.31137,25.672989]},"properties":{"name":"UMM","tipo":"escuela","subtipo":"universidad","fuente":"OpenStreetMap Overpass","osm_tag":"amenity=university","mun":"Monterrey"}},{"type":"Feature","geometry":{"type":"Point","coordinates":[-100.32422,25.668505]},"properties":{"name":"CEU","tipo":"escuela","subtipo":"universidad","fuente":"OpenStreetMap Overpass","osm_tag":"amenity=university","mun":""}},{"type":"Feature","geometry":{"type":"Point","coordinates":[-100.252024,25.79397]},"properties":{"name":"(sin nombre)","tipo":"escuela","subtipo":"otra","fuente":"OpenStreetMap Overpass","osm_tag":"amenity=school","mun":""}},{"type":"Feature","geometry":{"type":"Point","coordinates":[-100.250179,25.785151]},"properties":{"name":"(sin nombre)","tipo":"escuela","subtipo":"otra","fuente":"OpenStreetMap Overpass","osm_tag":"amenity=school","mun":""}},{"type":"Feature","geometry":{"type":"Point","coordinates":[-100.242289,25.721547]},"properties":{"name":"(sin nombre)","tipo":"escuela","subtipo":"otra","fuente":"OpenStreetMap Overpass","osm_tag":"amenity=school","mun":""}},{"type":"Feature","geometry":{"type":"Point","coordinates":[-100.304654,25.651731]},"properties":{"name":"(sin nombre)","tipo":"escuela","subtipo":"otra","fuente":"OpenStreetMap Overpass","osm_tag":"amenity=school","mun":""}},{"type":"Feature","geometry":{"type":"Point","coordinates":[-100.272795,25.632954]},"properties":{"name":"(sin nombre)","tipo":"escuela","subtipo":"otra","fuente":"OpenStreetMap Overpass","osm_tag":"amenity=school","mun":""}},{"type":"Feature","geometry":{"type":"Point","coordinates":[-100.294376,25.679111]},"properties":{"name":"(sin nombre)","tipo":"escuela","subtipo":"otra","fuente":"OpenStreetMap Overpass","osm_tag":"amenity=school","mun":""}},{"type":"Feature","geometry":{"type":"Point","coordinates":[-100.270119,25.725474]},"properties":{"name":"(sin nombre)","tipo":"escuela","subtipo":"otra","fuente":"OpenStreetMap Overpass","osm_tag":"amenity=school","mun":""}},{"type":"Feature","geometry":{"type":"Point","coordinates":[-100.2608,25.715366]},"properties":{"name":"(sin nombre)","tipo":"escuela","subtipo":"otra","fuente":"OpenStreetMap Overpass","osm_tag":"amenity=school","mun":""}},{"type":"Feature","geometry":{"type":"Point","coordinates":[-100.25661,25.717433]},"properties":{"name":"(sin nombre)","tipo":"escuela","subtipo":"otra","fuente":"OpenStreetMap Overpass","osm_tag":"amenity=school","mun":""}},{"type":"Feature","geometry":{"type":"Point","coordinates":[-100.256833,25.718257]},"properties":{"name":"(sin nombre)","tipo":"escuela","subtipo":"otra","fuente":"OpenStreetMap Overpass","osm_tag":"amenity=school","mun":""}},{"type":"Feature","geometry":{"type":"Point","coordinates":[-100.254111,25.720968]},"properties":{"name":"(sin nombre)","tipo":"escuela","subtipo":"otra","fuente":"OpenStreetMap Overpass","osm_tag":"amenity=school","mun":""}},{"type":"Feature","geometry":{"type":"Point","coordinates":[-100.248703,25.711566]},"properties":{"name":"(sin nombre)","tipo":"escuela","subtipo":"otra","fuente":"OpenStreetMap Overpass","osm_tag":"amenity=school","mun":""}},{"type":"Feature","geometry":{"type":"Point","coordinates":[-100.249661,25.714558]},"properties":{"name":"(sin nombre)","tipo":"escuela","subtipo":"otra","fuente":"OpenStreetMap Overpass","osm_tag":"amenity=school","mun":""}},{"type":"Feature","geometry":{"type":"Point","coordinates":[-100.249081,25.706206]},"properties":{"name":"(sin nombre)","tipo":"escuela","subtipo":"otra","fuente":"OpenStreetMap Overpass","osm_tag":"amenity=school","mun":""}},{"type":"Feature","geometry":{"type":"Point","coordinates":[-100.28446,25.645804]},"properties":{"name":"(sin nombre)","tipo":"escuela","subtipo":"otra","fuente":"OpenStreetMap Overpass","osm_tag":"amenity=school","mun":""}},{"type":"Feature","geometry":{"type":"Point","coordinates":[-100.288608,25.643593]},"properties":{"name":"(sin nombre)","tipo":"escuela","subtipo":"otra","fuente":"OpenStreetMap Overpass","osm_tag":"amenity=school","mun":""}},{"type":"Feature","geometry":{"type":"Point","coordinates":[-100.253763,25.708529]},"properties":{"name":"(sin nombre)","tipo":"escuela","subtipo":"otra","fuente":"OpenStreetMap Overpass","osm_tag":"amenity=school","mun":""}},{"type":"Feature","geometry":{"type":"Point","coordinates":[-100.256516,25.708021]},"properties":{"name":"(sin nombre)","tipo":"escuela","subtipo":"otra","fuente":"OpenStreetMap Overpass","osm_tag":"amenity=school","mun":""}},{"type":"Feature","geometry":{"type":"Point","coordinates":[-100.257301,25.706041]},"properties":{"name":"(sin nombre)","tipo":"escuela","subtipo":"otra","fuente":"OpenStreetMap Overpass","osm_tag":"amenity=school","mun":""}},{"type":"Feature","geometry":{"type":"Point","coordinates":[-100.251239,25.701033]},"properties":{"name":"(sin nombre)","tipo":"escuela","subtipo":"otra","fuente":"OpenStreetMap Overpass","osm_tag":"amenity=school","mun":""}},{"type":"Feature","geometry":{"type":"Point","coordinates":[-100.249891,25.699798]},"properties":{"name":"(sin nombre)","tipo":"escuela","subtipo":"otra","fuente":"OpenStreetMap Overpass","osm_tag":"amenity=school","mun":""}},{"type":"Feature","geometry":{"type":"Point","coordinates":[-100.245567,25.706047]},"properties":{"name":"(sin nombre)","tipo":"escuela","subtipo":"otra","fuente":"OpenStreetMap Overpass","osm_tag":"amenity=school","mun":""}},{"type":"Feature","geometry":{"type":"Point","coordinates":[-100.261553,25.705332]},"properties":{"name":"(sin nombre)","tipo":"escuela","subtipo":"otra","fuente":"OpenStreetMap Overpass","osm_tag":"amenity=school","mun":""}},{"type":"Feature","geometry":{"type":"Point","coordinates":[-100.259675,25.701283]},"properties":{"name":"(sin nombre)","tipo":"escuela","subtipo":"otra","fuente":"OpenStreetMap Overpass","osm_tag":"amenity=school","mun":""}},{"type":"Feature","geometry":{"type":"Point","coordinates":[-100.279694,25.691101]},"properties":{"name":"(sin nombre)","tipo":"escuela","subtipo":"otra","fuente":"OpenStreetMap Overpass","osm_tag":"amenity=school","mun":""}},{"type":"Feature","geometry":{"type":"Point","coordinates":[-100.284761,25.693945]},"properties":{"name":"(sin nombre)","tipo":"escuela","subtipo":"otra","fuente":"OpenStreetMap Overpass","osm_tag":"amenity=school","mun":""}},{"type":"Feature","geometry":{"type":"Point","coordinates":[-100.279651,25.694415]},"properties":{"name":"(sin nombre)","tipo":"escuela","subtipo":"otra","fuente":"OpenStreetMap Overpass","osm_tag":"amenity=school","mun":""}},{"type":"Feature","geometry":{"type":"Point","coordinates":[-100.28676,25.699978]},"properties":{"name":"(sin nombre)","tipo":"escuela","subtipo":"otra","fuente":"OpenStreetMap Overpass","osm_tag":"amenity=school","mun":""}},{"type":"Feature","geometry":{"type":"Point","coordinates":[-100.290704,25.700061]},"properties":{"name":"(sin nombre)","tipo":"escuela","subtipo":"otra","fuente":"OpenStreetMap Overpass","osm_tag":"amenity=school","mun":""}},{"type":"Feature","geometry":{"type":"Point","coordinates":[-100.206774,25.697867]},"properties":{"name":"(sin nombre)","tipo":"escuela","subtipo":"otra","fuente":"OpenStreetMap Overpass","osm_tag":"amenity=school","mun":""}},{"type":"Feature","geometry":{"type":"Point","coordinates":[-100.202547,25.686681]},"properties":{"name":"(sin nombre)","tipo":"escuela","subtipo":"otra","fuente":"OpenStreetMap Overpass","osm_tag":"amenity=school","mun":""}},{"type":"Feature","geometry":{"type":"Point","coordinates":[-100.199195,25.688836]},"properties":{"name":"(sin nombre)","tipo":"escuela","subtipo":"otra","fuente":"OpenStreetMap Overpass","osm_tag":"amenity=school","mun":""}},{"type":"Feature","geometry":{"type":"Point","coordinates":[-100.204863,25.682374]},"properties":{"name":"(sin nombre)","tipo":"escuela","subtipo":"otra","fuente":"OpenStreetMap Overpass","osm_tag":"amenity=school","mun":""}},{"type":"Feature","geometry":{"type":"Point","coordinates":[-100.203047,25.683933]},"properties":{"name":"(sin nombre)","tipo":"escuela","subtipo":"otra","fuente":"OpenStreetMap Overpass","osm_tag":"amenity=school","mun":""}},{"type":"Feature","geometry":{"type":"Point","coordinates":[-100.187522,25.694607]},"properties":{"name":"(sin nombre)","tipo":"escuela","subtipo":"otra","fuente":"OpenStreetMap Overpass","osm_tag":"amenity=school","mun":""}},{"type":"Feature","geometry":{"type":"Point","coordinates":[-100.189332,25.699426]},"properties":{"name":"(sin nombre)","tipo":"escuela","subtipo":"otra","fuente":"OpenStreetMap Overpass","osm_tag":"amenity=school","mun":""}},{"type":"Feature","geometry":{"type":"Point","coordinates":[-100.224102,25.680934]},"properties":{"name":"(sin nombre)","tipo":"escuela","subtipo":"otra","fuente":"OpenStreetMap Overpass","osm_tag":"amenity=school","mun":""}},{"type":"Feature","geometry":{"type":"Point","coordinates":[-100.231402,25.689718]},"properties":{"name":"(sin nombre)","tipo":"escuela","subtipo":"otra","fuente":"OpenStreetMap Overpass","osm_tag":"amenity=school","mun":""}},{"type":"Feature","geometry":{"type":"Point","coordinates":[-100.242488,25.684872]},"properties":{"name":"(sin nombre)","tipo":"escuela","subtipo":"otra","fuente":"OpenStreetMap Overpass","osm_tag":"amenity=school","mun":""}},{"type":"Feature","geometry":{"type":"Point","coordinates":[-100.217858,25.686366]},"properties":{"name":"(sin nombre)","tipo":"escuela","subtipo":"otra","fuente":"OpenStreetMap Overpass","osm_tag":"amenity=school","mun":""}},{"type":"Feature","geometry":{"type":"Point","coordinates":[-100.223803,25.691676]},"properties":{"name":"(sin nombre)","tipo":"escuela","subtipo":"otra","fuente":"OpenStreetMap Overpass","osm_tag":"amenity=school","mun":""}},{"type":"Feature","geometry":{"type":"Point","coordinates":[-100.227311,25.687474]},"properties":{"name":"(sin nombre)","tipo":"escuela","subtipo":"otra","fuente":"OpenStreetMap Overpass","osm_tag":"amenity=school","mun":""}},{"type":"Feature","geometry":{"type":"Point","coordinates":[-100.221786,25.685367]},"properties":{"name":"(sin nombre)","tipo":"escuela","subtipo":"otra","fuente":"OpenStreetMap Overpass","osm_tag":"amenity=school","mun":""}},{"type":"Feature","geometry":{"type":"Point","coordinates":[-100.226146,25.690228]},"properties":{"name":"(sin nombre)","tipo":"escuela","subtipo":"otra","fuente":"OpenStreetMap Overpass","osm_tag":"amenity=school","mun":""}},{"type":"Feature","geometry":{"type":"Point","coordinates":[-100.228126,25.687646]},"properties":{"name":"(sin nombre)","tipo":"escuela","subtipo":"otra","fuente":"OpenStreetMap Overpass","osm_tag":"amenity=school","mun":""}},{"type":"Feature","geometry":{"type":"Point","coordinates":[-100.231606,25.670068]},"properties":{"name":"(sin nombre)","tipo":"escuela","subtipo":"otra","fuente":"OpenStreetMap Overpass","osm_tag":"amenity=school","mun":""}},{"type":"Feature","geometry":{"type":"Point","coordinates":[-100.225109,25.673131]},"properties":{"name":"(sin nombre)","tipo":"escuela","subtipo":"otra","fuente":"OpenStreetMap Overpass","osm_tag":"amenity=school","mun":""}},{"type":"Feature","geometry":{"type":"Point","coordinates":[-100.225512,25.671087]},"properties":{"name":"(sin nombre)","tipo":"escuela","subtipo":"otra","fuente":"OpenStreetMap Overpass","osm_tag":"amenity=school","mun":""}},{"type":"Feature","geometry":{"type":"Point","coordinates":[-100.222277,25.670016]},"properties":{"name":"(sin nombre)","tipo":"escuela","subtipo":"otra","fuente":"OpenStreetMap Overpass","osm_tag":"amenity=school","mun":""}},{"type":"Feature","geometry":{"type":"Point","coordinates":[-100.218917,25.667938]},"properties":{"name":"(sin nombre)","tipo":"escuela","subtipo":"otra","fuente":"OpenStreetMap Overpass","osm_tag":"amenity=school","mun":""}},{"type":"Feature","geometry":{"type":"Point","coordinates":[-100.239381,25.667427]},"properties":{"name":"(sin nombre)","tipo":"escuela","subtipo":"otra","fuente":"OpenStreetMap Overpass","osm_tag":"amenity=school","mun":""}},{"type":"Feature","geometry":{"type":"Point","coordinates":[-100.235309,25.664246]},"properties":{"name":"(sin nombre)","tipo":"escuela","subtipo":"otra","fuente":"OpenStreetMap Overpass","osm_tag":"amenity=school","mun":""}},{"type":"Feature","geometry":{"type":"Point","coordinates":[-100.237019,25.665625]},"properties":{"name":"(sin nombre)","tipo":"escuela","subtipo":"otra","fuente":"OpenStreetMap Overpass","osm_tag":"amenity=school","mun":""}},{"type":"Feature","geometry":{"type":"Point","coordinates":[-100.226317,25.66374]},"properties":{"name":"(sin nombre)","tipo":"escuela","subtipo":"otra","fuente":"OpenStreetMap Overpass","osm_tag":"amenity=school","mun":""}},{"type":"Feature","geometry":{"type":"Point","coordinates":[-100.221705,25.661184]},"properties":{"name":"(sin nombre)","tipo":"escuela","subtipo":"otra","fuente":"OpenStreetMap Overpass","osm_tag":"amenity=school","mun":""}},{"type":"Feature","geometry":{"type":"Point","coordinates":[-100.218942,25.664903]},"properties":{"name":"(sin nombre)","tipo":"escuela","subtipo":"otra","fuente":"OpenStreetMap Overpass","osm_tag":"amenity=school","mun":""}},{"type":"Feature","geometry":{"type":"Point","coordinates":[-100.219636,25.661236]},"properties":{"name":"(sin nombre)","tipo":"escuela","subtipo":"otra","fuente":"OpenStreetMap Overpass","osm_tag":"amenity=school","mun":""}},{"type":"Feature","geometry":{"type":"Point","coordinates":[-100.240821,25.657498]},"properties":{"name":"(sin nombre)","tipo":"escuela","subtipo":"otra","fuente":"OpenStreetMap Overpass","osm_tag":"amenity=school","mun":""}},{"type":"Feature","geometry":{"type":"Point","coordinates":[-100.226435,25.658278]},"properties":{"name":"(sin nombre)","tipo":"escuela","subtipo":"otra","fuente":"OpenStreetMap Overpass","osm_tag":"amenity=school","mun":""}},{"type":"Feature","geometry":{"type":"Point","coordinates":[-100.221973,25.6538]},"properties":{"name":"(sin nombre)","tipo":"escuela","subtipo":"otra","fuente":"OpenStreetMap Overpass","osm_tag":"amenity=school","mun":""}},{"type":"Feature","geometry":{"type":"Point","coordinates":[-100.246243,25.825053]},"properties":{"name":"(sin nombre)","tipo":"escuela","subtipo":"otra","fuente":"OpenStreetMap Overpass","osm_tag":"amenity=school","mun":""}},{"type":"Feature","geometry":{"type":"Point","coordinates":[-100.243875,25.81863]},"properties":{"name":"(sin nombre)","tipo":"escuela","subtipo":"otra","fuente":"OpenStreetMap Overpass","osm_tag":"amenity=school","mun":""}},{"type":"Feature","geometry":{"type":"Point","coordinates":[-100.243016,25.813981]},"properties":{"name":"(sin nombre)","tipo":"escuela","subtipo":"otra","fuente":"OpenStreetMap Overpass","osm_tag":"amenity=school","mun":""}},{"type":"Feature","geometry":{"type":"Point","coordinates":[-100.265178,25.761719]},"properties":{"name":"(sin nombre)","tipo":"escuela","subtipo":"otra","fuente":"OpenStreetMap Overpass","osm_tag":"amenity=school","mun":""}},{"type":"Feature","geometry":{"type":"Point","coordinates":[-100.30706,25.649563]},"properties":{"name":"(sin nombre)","tipo":"escuela","subtipo":"otra","fuente":"OpenStreetMap Overpass","osm_tag":"amenity=school","mun":""}},{"type":"Feature","geometry":{"type":"Point","coordinates":[-100.25956,25.812963]},"properties":{"name":"(sin nombre)","tipo":"escuela","subtipo":"otra","fuente":"OpenStreetMap Overpass","osm_tag":"amenity=school","mun":""}},{"type":"Feature","geometry":{"type":"Point","coordinates":[-100.255352,25.767584]},"properties":{"name":"(sin nombre)","tipo":"escuela","subtipo":"otra","fuente":"OpenStreetMap Overpass","osm_tag":"amenity=school","mun":""}},{"type":"Feature","geometry":{"type":"Point","coordinates":[-100.252077,25.767286]},"properties":{"name":"(sin nombre)","tipo":"escuela","subtipo":"otra","fuente":"OpenStreetMap Overpass","osm_tag":"amenity=school","mun":""}},{"type":"Feature","geometry":{"type":"Point","coordinates":[-100.240854,25.781832]},"properties":{"name":"(sin nombre)","tipo":"escuela","subtipo":"otra","fuente":"OpenStreetMap Overpass","osm_tag":"amenity=school","mun":""}},{"type":"Feature","geometry":{"type":"Point","coordinates":[-100.387627,25.843687]},"properties":{"name":"(sin nombre)","tipo":"escuela","subtipo":"otra","fuente":"OpenStreetMap Overpass","osm_tag":"amenity=school","mun":""}},{"type":"Feature","geometry":{"type":"Point","coordinates":[-100.10311,25.709645]},"properties":{"name":"(sin nombre)","tipo":"escuela","subtipo":"otra","fuente":"OpenStreetMap Overpass","osm_tag":"amenity=school","mun":""}},{"type":"Feature","geometry":{"type":"Point","coordinates":[-100.244486,25.765916]},"properties":{"name":"(sin nombre)","tipo":"escuela","subtipo":"otra","fuente":"OpenStreetMap Overpass","osm_tag":"amenity=school","mun":""}},{"type":"Feature","geometry":{"type":"Point","coordinates":[-100.253613,25.769637]},"properties":{"name":"(sin nombre)","tipo":"escuela","subtipo":"otra","fuente":"OpenStreetMap Overpass","osm_tag":"amenity=school","mun":""}},{"type":"Feature","geometry":{"type":"Point","coordinates":[-100.243728,25.771073]},"properties":{"name":"(sin nombre)","tipo":"escuela","subtipo":"otra","fuente":"OpenStreetMap Overpass","osm_tag":"amenity=school","mun":""}},{"type":"Feature","geometry":{"type":"Point","coordinates":[-100.244305,25.741006]},"properties":{"name":"(sin nombre)","tipo":"escuela","subtipo":"otra","fuente":"OpenStreetMap Overpass","osm_tag":"amenity=school","mun":""}},{"type":"Feature","geometry":{"type":"Point","coordinates":[-100.314569,25.678464]},"properties":{"name":"(sin nombre)","tipo":"escuela","subtipo":"otra","fuente":"OpenStreetMap Overpass","osm_tag":"amenity=school","mun":""}},{"type":"Feature","geometry":{"type":"Point","coordinates":[-100.314459,25.679205]},"properties":{"name":"(sin nombre)","tipo":"escuela","subtipo":"otra","fuente":"OpenStreetMap Overpass","osm_tag":"amenity=school","mun":""}},{"type":"Feature","geometry":{"type":"Point","coordinates":[-100.312764,25.651531]},"properties":{"name":"(sin nombre)","tipo":"escuela","subtipo":"otra","fuente":"OpenStreetMap Overpass","osm_tag":"amenity=school","mun":""}},{"type":"Feature","geometry":{"type":"Point","coordinates":[-100.313875,25.654028]},"properties":{"name":"(sin nombre)","tipo":"escuela","subtipo":"otra","fuente":"OpenStreetMap Overpass","osm_tag":"amenity=school","mun":""}},{"type":"Feature","geometry":{"type":"Point","coordinates":[-100.256625,25.768978]},"properties":{"name":"(sin nombre)","tipo":"escuela","subtipo":"otra","fuente":"OpenStreetMap Overpass","osm_tag":"amenity=school","mun":""}},{"type":"Feature","geometry":{"type":"Point","coordinates":[-100.26154,25.770944]},"properties":{"name":"(sin nombre)","tipo":"escuela","subtipo":"otra","fuente":"OpenStreetMap Overpass","osm_tag":"amenity=school","mun":""}},{"type":"Feature","geometry":{"type":"Point","coordinates":[-100.248922,25.752635]},"properties":{"name":"(sin nombre)","tipo":"escuela","subtipo":"otra","fuente":"OpenStreetMap Overpass","osm_tag":"amenity=school","mun":""}},{"type":"Feature","geometry":{"type":"Point","coordinates":[-100.249534,25.779731]},"properties":{"name":"(sin nombre)","tipo":"escuela","subtipo":"otra","fuente":"OpenStreetMap Overpass","osm_tag":"amenity=school","mun":""}},{"type":"Feature","geometry":{"type":"Point","coordinates":[-100.245989,25.798828]},"properties":{"name":"(sin nombre)","tipo":"escuela","subtipo":"otra","fuente":"OpenStreetMap Overpass","osm_tag":"amenity=school","mun":""}},{"type":"Feature","geometry":{"type":"Point","coordinates":[-100.230915,25.777131]},"properties":{"name":"(sin nombre)","tipo":"escuela","subtipo":"otra","fuente":"OpenStreetMap Overpass","osm_tag":"amenity=school","mun":""}},{"type":"Feature","geometry":{"type":"Point","coordinates":[-100.262436,25.765866]},"properties":{"name":"(sin nombre)","tipo":"escuela","subtipo":"otra","fuente":"OpenStreetMap Overpass","osm_tag":"amenity=school","mun":""}},{"type":"Feature","geometry":{"type":"Point","coordinates":[-100.237794,25.793533]},"properties":{"name":"(sin nombre)","tipo":"escuela","subtipo":"otra","fuente":"OpenStreetMap Overpass","osm_tag":"amenity=school","mun":""}},{"type":"Feature","geometry":{"type":"Point","coordinates":[-100.237597,25.788827]},"properties":{"name":"(sin nombre)","tipo":"escuela","subtipo":"otra","fuente":"OpenStreetMap Overpass","osm_tag":"amenity=school","mun":""}},{"type":"Feature","geometry":{"type":"Point","coordinates":[-100.201175,25.640018]},"properties":{"name":"(sin nombre)","tipo":"escuela","subtipo":"otra","fuente":"OpenStreetMap Overpass","osm_tag":"amenity=school","mun":""}},{"type":"Feature","geometry":{"type":"Point","coordinates":[-100.221169,25.724553]},"properties":{"name":"(sin nombre)","tipo":"escuela","subtipo":"otra","fuente":"OpenStreetMap Overpass","osm_tag":"amenity=school","mun":""}},{"type":"Feature","geometry":{"type":"Point","coordinates":[-100.251225,25.742486]},"properties":{"name":"(sin nombre)","tipo":"escuela","subtipo":"otra","fuente":"OpenStreetMap Overpass","osm_tag":"amenity=school","mun":""}},{"type":"Feature","geometry":{"type":"Point","coordinates":[-100.245718,25.744539]},"properties":{"name":"(sin nombre)","tipo":"escuela","subtipo":"otra","fuente":"OpenStreetMap Overpass","osm_tag":"amenity=school","mun":""}},{"type":"Feature","geometry":{"type":"Point","coordinates":[-100.252757,25.779635]},"properties":{"name":"(sin nombre)","tipo":"escuela","subtipo":"otra","fuente":"OpenStreetMap Overpass","osm_tag":"amenity=school","mun":""}},{"type":"Feature","geometry":{"type":"Point","coordinates":[-100.184299,25.780853]},"properties":{"name":"(sin nombre)","tipo":"escuela","subtipo":"otra","fuente":"OpenStreetMap Overpass","osm_tag":"amenity=school","mun":""}},{"type":"Feature","geometry":{"type":"Point","coordinates":[-100.247599,25.740755]},"properties":{"name":"(sin nombre)","tipo":"escuela","subtipo":"otra","fuente":"OpenStreetMap Overpass","osm_tag":"amenity=school","mun":""}},{"type":"Feature","geometry":{"type":"Point","coordinates":[-100.250191,25.748373]},"properties":{"name":"(sin nombre)","tipo":"escuela","subtipo":"otra","fuente":"OpenStreetMap Overpass","osm_tag":"amenity=school","mun":""}},{"type":"Feature","geometry":{"type":"Point","coordinates":[-100.10416,25.710392]},"properties":{"name":"(sin nombre)","tipo":"escuela","subtipo":"otra","fuente":"OpenStreetMap Overpass","osm_tag":"amenity=school","mun":""}},{"type":"Feature","geometry":{"type":"Point","coordinates":[-100.204969,25.712192]},"properties":{"name":"(sin nombre)","tipo":"escuela","subtipo":"otra","fuente":"OpenStreetMap Overpass","osm_tag":"amenity=school","mun":""}},{"type":"Feature","geometry":{"type":"Point","coordinates":[-100.237407,25.726599]},"properties":{"name":"(sin nombre)","tipo":"escuela","subtipo":"otra","fuente":"OpenStreetMap Overpass","osm_tag":"amenity=school","mun":""}},{"type":"Feature","geometry":{"type":"Point","coordinates":[-100.105543,25.631018]},"properties":{"name":"(sin nombre)","tipo":"escuela","subtipo":"otra","fuente":"OpenStreetMap Overpass","osm_tag":"amenity=school","mun":""}},{"type":"Feature","geometry":{"type":"Point","coordinates":[-100.10307,25.631995]},"properties":{"name":"(sin nombre)","tipo":"escuela","subtipo":"otra","fuente":"OpenStreetMap Overpass","osm_tag":"amenity=school","mun":""}},{"type":"Feature","geometry":{"type":"Point","coordinates":[-100.100512,25.634478]},"properties":{"name":"(sin nombre)","tipo":"escuela","subtipo":"otra","fuente":"OpenStreetMap Overpass","osm_tag":"amenity=school","mun":""}},{"type":"Feature","geometry":{"type":"Point","coordinates":[-100.24357,25.796796]},"properties":{"name":"(sin nombre)","tipo":"escuela","subtipo":"otra","fuente":"OpenStreetMap Overpass","osm_tag":"amenity=school","mun":""}},{"type":"Feature","geometry":{"type":"Point","coordinates":[-100.241026,25.801671]},"properties":{"name":"(sin nombre)","tipo":"escuela","subtipo":"otra","fuente":"OpenStreetMap Overpass","osm_tag":"amenity=school","mun":""}},{"type":"Feature","geometry":{"type":"Point","coordinates":[-100.274242,25.752689]},"properties":{"name":"(sin nombre)","tipo":"escuela","subtipo":"otra","fuente":"OpenStreetMap Overpass","osm_tag":"amenity=school","mun":""}},{"type":"Feature","geometry":{"type":"Point","coordinates":[-100.277634,25.722249]},"properties":{"name":"(sin nombre)","tipo":"escuela","subtipo":"otra","fuente":"OpenStreetMap Overpass","osm_tag":"amenity=school","mun":""}},{"type":"Feature","geometry":{"type":"Point","coordinates":[-100.274547,25.72702]},"properties":{"name":"(sin nombre)","tipo":"escuela","subtipo":"otra","fuente":"OpenStreetMap Overpass","osm_tag":"amenity=school","mun":""}},{"type":"Feature","geometry":{"type":"Point","coordinates":[-100.269433,25.733077]},"properties":{"name":"(sin nombre)","tipo":"escuela","subtipo":"otra","fuente":"OpenStreetMap Overpass","osm_tag":"amenity=school","mun":""}},{"type":"Feature","geometry":{"type":"Point","coordinates":[-100.261555,25.739347]},"properties":{"name":"(sin nombre)","tipo":"escuela","subtipo":"otra","fuente":"OpenStreetMap Overpass","osm_tag":"amenity=school","mun":""}},{"type":"Feature","geometry":{"type":"Point","coordinates":[-100.360282,25.706338]},"properties":{"name":"(sin nombre)","tipo":"escuela","subtipo":"otra","fuente":"OpenStreetMap Overpass","osm_tag":"amenity=school","mun":""}},{"type":"Feature","geometry":{"type":"Point","coordinates":[-100.279411,25.704501]},"properties":{"name":"(sin nombre)","tipo":"escuela","subtipo":"otra","fuente":"OpenStreetMap Overpass","osm_tag":"amenity=school","mun":""}},{"type":"Feature","geometry":{"type":"Point","coordinates":[-100.283232,25.704342]},"properties":{"name":"(sin nombre)","tipo":"escuela","subtipo":"otra","fuente":"OpenStreetMap Overpass","osm_tag":"amenity=school","mun":""}},{"type":"Feature","geometry":{"type":"Point","coordinates":[-100.274619,25.685328]},"properties":{"name":"(sin nombre)","tipo":"escuela","subtipo":"otra","fuente":"OpenStreetMap Overpass","osm_tag":"amenity=school","mun":""}},{"type":"Feature","geometry":{"type":"Point","coordinates":[-100.253302,25.746776]},"properties":{"name":"(sin nombre)","tipo":"escuela","subtipo":"otra","fuente":"OpenStreetMap Overpass","osm_tag":"amenity=school","mun":""}},{"type":"Feature","geometry":{"type":"Point","coordinates":[-100.241883,25.754234]},"properties":{"name":"(sin nombre)","tipo":"escuela","subtipo":"otra","fuente":"OpenStreetMap Overpass","osm_tag":"amenity=school","mun":""}},{"type":"Feature","geometry":{"type":"Point","coordinates":[-100.215884,25.732422]},"properties":{"name":"(sin nombre)","tipo":"escuela","subtipo":"otra","fuente":"OpenStreetMap Overpass","osm_tag":"amenity=school","mun":""}},{"type":"Feature","geometry":{"type":"Point","coordinates":[-100.211693,25.740794]},"properties":{"name":"(sin nombre)","tipo":"escuela","subtipo":"otra","fuente":"OpenStreetMap Overpass","osm_tag":"amenity=school","mun":""}},{"type":"Feature","geometry":{"type":"Point","coordinates":[-100.197018,25.742846]},"properties":{"name":"(sin nombre)","tipo":"escuela","subtipo":"otra","fuente":"OpenStreetMap Overpass","osm_tag":"amenity=school","mun":""}},{"type":"Feature","geometry":{"type":"Point","coordinates":[-100.18902,25.740819]},"properties":{"name":"(sin nombre)","tipo":"escuela","subtipo":"otra","fuente":"OpenStreetMap Overpass","osm_tag":"amenity=school","mun":""}},{"type":"Feature","geometry":{"type":"Point","coordinates":[-100.168673,25.72721]},"properties":{"name":"(sin nombre)","tipo":"escuela","subtipo":"otra","fuente":"OpenStreetMap Overpass","osm_tag":"amenity=school","mun":""}},{"type":"Feature","geometry":{"type":"Point","coordinates":[-100.158928,25.733476]},"properties":{"name":"(sin nombre)","tipo":"escuela","subtipo":"otra","fuente":"OpenStreetMap Overpass","osm_tag":"amenity=school","mun":""}},{"type":"Feature","geometry":{"type":"Point","coordinates":[-100.173834,25.741818]},"properties":{"name":"(sin nombre)","tipo":"escuela","subtipo":"otra","fuente":"OpenStreetMap Overpass","osm_tag":"amenity=school","mun":""}},{"type":"Feature","geometry":{"type":"Point","coordinates":[-100.163824,25.736063]},"properties":{"name":"(sin nombre)","tipo":"escuela","subtipo":"otra","fuente":"OpenStreetMap Overpass","osm_tag":"amenity=school","mun":""}},{"type":"Feature","geometry":{"type":"Point","coordinates":[-100.163631,25.738424]},"properties":{"name":"(sin nombre)","tipo":"escuela","subtipo":"otra","fuente":"OpenStreetMap Overpass","osm_tag":"amenity=school","mun":""}},{"type":"Feature","geometry":{"type":"Point","coordinates":[-100.170048,25.734341]},"properties":{"name":"(sin nombre)","tipo":"escuela","subtipo":"otra","fuente":"OpenStreetMap Overpass","osm_tag":"amenity=school","mun":""}},{"type":"Feature","geometry":{"type":"Point","coordinates":[-100.168369,25.761358]},"properties":{"name":"(sin nombre)","tipo":"escuela","subtipo":"otra","fuente":"OpenStreetMap Overpass","osm_tag":"amenity=school","mun":""}},{"type":"Feature","geometry":{"type":"Point","coordinates":[-100.171291,25.761516]},"properties":{"name":"(sin nombre)","tipo":"escuela","subtipo":"otra","fuente":"OpenStreetMap Overpass","osm_tag":"amenity=school","mun":""}},{"type":"Feature","geometry":{"type":"Point","coordinates":[-100.165602,25.75789]},"properties":{"name":"(sin nombre)","tipo":"escuela","subtipo":"otra","fuente":"OpenStreetMap Overpass","osm_tag":"amenity=school","mun":""}},{"type":"Feature","geometry":{"type":"Point","coordinates":[-100.161402,25.75844]},"properties":{"name":"(sin nombre)","tipo":"escuela","subtipo":"otra","fuente":"OpenStreetMap Overpass","osm_tag":"amenity=school","mun":""}},{"type":"Feature","geometry":{"type":"Point","coordinates":[-100.160115,25.758806]},"properties":{"name":"(sin nombre)","tipo":"escuela","subtipo":"otra","fuente":"OpenStreetMap Overpass","osm_tag":"amenity=school","mun":""}},{"type":"Feature","geometry":{"type":"Point","coordinates":[-100.151437,25.759214]},"properties":{"name":"(sin nombre)","tipo":"escuela","subtipo":"otra","fuente":"OpenStreetMap Overpass","osm_tag":"amenity=school","mun":""}},{"type":"Feature","geometry":{"type":"Point","coordinates":[-100.150554,25.760291]},"properties":{"name":"(sin nombre)","tipo":"escuela","subtipo":"otra","fuente":"OpenStreetMap Overpass","osm_tag":"amenity=school","mun":""}},{"type":"Feature","geometry":{"type":"Point","coordinates":[-100.156883,25.754345]},"properties":{"name":"(sin nombre)","tipo":"escuela","subtipo":"otra","fuente":"OpenStreetMap Overpass","osm_tag":"amenity=school","mun":""}},{"type":"Feature","geometry":{"type":"Point","coordinates":[-100.160487,25.75166]},"properties":{"name":"(sin nombre)","tipo":"escuela","subtipo":"otra","fuente":"OpenStreetMap Overpass","osm_tag":"amenity=school","mun":""}},{"type":"Feature","geometry":{"type":"Point","coordinates":[-100.150804,25.746713]},"properties":{"name":"(sin nombre)","tipo":"escuela","subtipo":"otra","fuente":"OpenStreetMap Overpass","osm_tag":"amenity=school","mun":""}},{"type":"Feature","geometry":{"type":"Point","coordinates":[-100.150236,25.747351]},"properties":{"name":"(sin nombre)","tipo":"escuela","subtipo":"otra","fuente":"OpenStreetMap Overpass","osm_tag":"amenity=school","mun":""}},{"type":"Feature","geometry":{"type":"Point","coordinates":[-100.141443,25.743017]},"properties":{"name":"(sin nombre)","tipo":"escuela","subtipo":"otra","fuente":"OpenStreetMap Overpass","osm_tag":"amenity=school","mun":""}},{"type":"Feature","geometry":{"type":"Point","coordinates":[-100.142471,25.744141]},"properties":{"name":"(sin nombre)","tipo":"escuela","subtipo":"otra","fuente":"OpenStreetMap Overpass","osm_tag":"amenity=school","mun":""}},{"type":"Feature","geometry":{"type":"Point","coordinates":[-100.140866,25.743936]},"properties":{"name":"(sin nombre)","tipo":"escuela","subtipo":"otra","fuente":"OpenStreetMap Overpass","osm_tag":"amenity=school","mun":""}},{"type":"Feature","geometry":{"type":"Point","coordinates":[-100.134792,25.741501]},"properties":{"name":"(sin nombre)","tipo":"escuela","subtipo":"otra","fuente":"OpenStreetMap Overpass","osm_tag":"amenity=school","mun":""}},{"type":"Feature","geometry":{"type":"Point","coordinates":[-100.142113,25.728302]},"properties":{"name":"(sin nombre)","tipo":"escuela","subtipo":"otra","fuente":"OpenStreetMap Overpass","osm_tag":"amenity=school","mun":""}},{"type":"Feature","geometry":{"type":"Point","coordinates":[-100.153204,25.71324]},"properties":{"name":"(sin nombre)","tipo":"escuela","subtipo":"otra","fuente":"OpenStreetMap Overpass","osm_tag":"amenity=school","mun":""}},{"type":"Feature","geometry":{"type":"Point","coordinates":[-100.153743,25.716233]},"properties":{"name":"(sin nombre)","tipo":"escuela","subtipo":"otra","fuente":"OpenStreetMap Overpass","osm_tag":"amenity=school","mun":""}},{"type":"Feature","geometry":{"type":"Point","coordinates":[-100.155307,25.708607]},"properties":{"name":"(sin nombre)","tipo":"escuela","subtipo":"otra","fuente":"OpenStreetMap Overpass","osm_tag":"amenity=school","mun":""}},{"type":"Feature","geometry":{"type":"Point","coordinates":[-100.160069,25.712296]},"properties":{"name":"(sin nombre)","tipo":"escuela","subtipo":"otra","fuente":"OpenStreetMap Overpass","osm_tag":"amenity=school","mun":""}},{"type":"Feature","geometry":{"type":"Point","coordinates":[-100.143104,25.705247]},"properties":{"name":"(sin nombre)","tipo":"escuela","subtipo":"otra","fuente":"OpenStreetMap Overpass","osm_tag":"amenity=school","mun":""}},{"type":"Feature","geometry":{"type":"Point","coordinates":[-100.142093,25.707487]},"properties":{"name":"(sin nombre)","tipo":"escuela","subtipo":"otra","fuente":"OpenStreetMap Overpass","osm_tag":"amenity=school","mun":""}},{"type":"Feature","geometry":{"type":"Point","coordinates":[-100.172366,25.71892]},"properties":{"name":"(sin nombre)","tipo":"escuela","subtipo":"otra","fuente":"OpenStreetMap Overpass","osm_tag":"amenity=school","mun":""}},{"type":"Feature","geometry":{"type":"Point","coordinates":[-100.228675,25.748105]},"properties":{"name":"(sin nombre)","tipo":"escuela","subtipo":"otra","fuente":"OpenStreetMap Overpass","osm_tag":"amenity=school","mun":""}},{"type":"Feature","geometry":{"type":"Point","coordinates":[-100.232567,25.749169]},"properties":{"name":"(sin nombre)","tipo":"escuela","subtipo":"otra","fuente":"OpenStreetMap Overpass","osm_tag":"amenity=school","mun":""}},{"type":"Feature","geometry":{"type":"Point","coordinates":[-100.216518,25.761445]},"properties":{"name":"(sin nombre)","tipo":"escuela","subtipo":"otra","fuente":"OpenStreetMap Overpass","osm_tag":"amenity=school","mun":""}},{"type":"Feature","geometry":{"type":"Point","coordinates":[-100.204055,25.693907]},"properties":{"name":"(sin nombre)","tipo":"escuela","subtipo":"otra","fuente":"OpenStreetMap Overpass","osm_tag":"amenity=school","mun":""}},{"type":"Feature","geometry":{"type":"Point","coordinates":[-100.291166,25.74107]},"properties":{"name":"(sin nombre)","tipo":"escuela","subtipo":"otra","fuente":"OpenStreetMap Overpass","osm_tag":"amenity=school","mun":""}},{"type":"Feature","geometry":{"type":"Point","coordinates":[-100.284277,25.738458]},"properties":{"name":"(sin nombre)","tipo":"escuela","subtipo":"otra","fuente":"OpenStreetMap Overpass","osm_tag":"amenity=school","mun":""}},{"type":"Feature","geometry":{"type":"Point","coordinates":[-100.278426,25.737071]},"properties":{"name":"(sin nombre)","tipo":"escuela","subtipo":"otra","fuente":"OpenStreetMap Overpass","osm_tag":"amenity=school","mun":""}},{"type":"Feature","geometry":{"type":"Point","coordinates":[-100.273515,25.743806]},"properties":{"name":"(sin nombre)","tipo":"escuela","subtipo":"otra","fuente":"OpenStreetMap Overpass","osm_tag":"amenity=school","mun":""}},{"type":"Feature","geometry":{"type":"Point","coordinates":[-100.269749,25.741862]},"properties":{"name":"(sin nombre)","tipo":"escuela","subtipo":"otra","fuente":"OpenStreetMap Overpass","osm_tag":"amenity=school","mun":""}},{"type":"Feature","geometry":{"type":"Point","coordinates":[-100.26528,25.749032]},"properties":{"name":"(sin nombre)","tipo":"escuela","subtipo":"otra","fuente":"OpenStreetMap Overpass","osm_tag":"amenity=school","mun":""}},{"type":"Feature","geometry":{"type":"Point","coordinates":[-100.266413,25.743748]},"properties":{"name":"(sin nombre)","tipo":"escuela","subtipo":"otra","fuente":"OpenStreetMap Overpass","osm_tag":"amenity=school","mun":""}},{"type":"Feature","geometry":{"type":"Point","coordinates":[-100.278734,25.74543]},"properties":{"name":"(sin nombre)","tipo":"escuela","subtipo":"otra","fuente":"OpenStreetMap Overpass","osm_tag":"amenity=school","mun":""}},{"type":"Feature","geometry":{"type":"Point","coordinates":[-100.263787,25.750978]},"properties":{"name":"(sin nombre)","tipo":"escuela","subtipo":"otra","fuente":"OpenStreetMap Overpass","osm_tag":"amenity=school","mun":""}},{"type":"Feature","geometry":{"type":"Point","coordinates":[-100.257568,25.75258]},"properties":{"name":"(sin nombre)","tipo":"escuela","subtipo":"otra","fuente":"OpenStreetMap Overpass","osm_tag":"amenity=school","mun":""}},{"type":"Feature","geometry":{"type":"Point","coordinates":[-100.257474,25.75333]},"properties":{"name":"(sin nombre)","tipo":"escuela","subtipo":"otra","fuente":"OpenStreetMap Overpass","osm_tag":"amenity=school","mun":""}},{"type":"Feature","geometry":{"type":"Point","coordinates":[-100.253412,25.755422]},"properties":{"name":"(sin nombre)","tipo":"escuela","subtipo":"otra","fuente":"OpenStreetMap Overpass","osm_tag":"amenity=school","mun":""}},{"type":"Feature","geometry":{"type":"Point","coordinates":[-100.262523,25.759333]},"properties":{"name":"(sin nombre)","tipo":"escuela","subtipo":"otra","fuente":"OpenStreetMap Overpass","osm_tag":"amenity=school","mun":""}},{"type":"Feature","geometry":{"type":"Point","coordinates":[-100.25848,25.760589]},"properties":{"name":"(sin nombre)","tipo":"escuela","subtipo":"otra","fuente":"OpenStreetMap Overpass","osm_tag":"amenity=school","mun":""}},{"type":"Feature","geometry":{"type":"Point","coordinates":[-100.25813,25.757773]},"properties":{"name":"(sin nombre)","tipo":"escuela","subtipo":"otra","fuente":"OpenStreetMap Overpass","osm_tag":"amenity=school","mun":""}},{"type":"Feature","geometry":{"type":"Point","coordinates":[-100.228913,25.802292]},"properties":{"name":"(sin nombre)","tipo":"escuela","subtipo":"otra","fuente":"OpenStreetMap Overpass","osm_tag":"amenity=school","mun":""}},{"type":"Feature","geometry":{"type":"Point","coordinates":[-100.227357,25.802886]},"properties":{"name":"(sin nombre)","tipo":"escuela","subtipo":"otra","fuente":"OpenStreetMap Overpass","osm_tag":"amenity=school","mun":""}},{"type":"Feature","geometry":{"type":"Point","coordinates":[-100.229581,25.801303]},"properties":{"name":"(sin nombre)","tipo":"escuela","subtipo":"otra","fuente":"OpenStreetMap Overpass","osm_tag":"amenity=school","mun":""}},{"type":"Feature","geometry":{"type":"Point","coordinates":[-100.227224,25.80059]},"properties":{"name":"(sin nombre)","tipo":"escuela","subtipo":"otra","fuente":"OpenStreetMap Overpass","osm_tag":"amenity=school","mun":""}},{"type":"Feature","geometry":{"type":"Point","coordinates":[-100.227189,25.797868]},"properties":{"name":"(sin nombre)","tipo":"escuela","subtipo":"otra","fuente":"OpenStreetMap Overpass","osm_tag":"amenity=school","mun":""}},{"type":"Feature","geometry":{"type":"Point","coordinates":[-100.231265,25.820499]},"properties":{"name":"(sin nombre)","tipo":"escuela","subtipo":"otra","fuente":"OpenStreetMap Overpass","osm_tag":"amenity=school","mun":""}},{"type":"Feature","geometry":{"type":"Point","coordinates":[-100.229426,25.81716]},"properties":{"name":"(sin nombre)","tipo":"escuela","subtipo":"otra","fuente":"OpenStreetMap Overpass","osm_tag":"amenity=school","mun":""}},{"type":"Feature","geometry":{"type":"Point","coordinates":[-100.236235,25.82323]},"properties":{"name":"(sin nombre)","tipo":"escuela","subtipo":"otra","fuente":"OpenStreetMap Overpass","osm_tag":"amenity=school","mun":""}},{"type":"Feature","geometry":{"type":"Point","coordinates":[-100.194651,25.656529]},"properties":{"name":"(sin nombre)","tipo":"escuela","subtipo":"otra","fuente":"OpenStreetMap Overpass","osm_tag":"amenity=school","mun":""}},{"type":"Feature","geometry":{"type":"Point","coordinates":[-100.179677,25.663086]},"properties":{"name":"(sin nombre)","tipo":"escuela","subtipo":"otra","fuente":"OpenStreetMap Overpass","osm_tag":"amenity=school","mun":""}},{"type":"Feature","geometry":{"type":"Point","coordinates":[-100.193768,25.646328]},"properties":{"name":"(sin nombre)","tipo":"escuela","subtipo":"otra","fuente":"OpenStreetMap Overpass","osm_tag":"amenity=school","mun":""}},{"type":"Feature","geometry":{"type":"Point","coordinates":[-100.306799,25.746258]},"properties":{"name":"(sin nombre)","tipo":"escuela","subtipo":"otra","fuente":"OpenStreetMap Overpass","osm_tag":"amenity=school","mun":""}},{"type":"Feature","geometry":{"type":"Point","coordinates":[-100.265835,25.73661]},"properties":{"name":"(sin nombre)","tipo":"escuela","subtipo":"otra","fuente":"OpenStreetMap Overpass","osm_tag":"amenity=school","mun":""}},{"type":"Feature","geometry":{"type":"Point","coordinates":[-100.272539,25.755127]},"properties":{"name":"(sin nombre)","tipo":"escuela","subtipo":"otra","fuente":"OpenStreetMap Overpass","osm_tag":"amenity=school","mun":""}},{"type":"Feature","geometry":{"type":"Point","coordinates":[-100.282378,25.761542]},"properties":{"name":"(sin nombre)","tipo":"escuela","subtipo":"otra","fuente":"OpenStreetMap Overpass","osm_tag":"amenity=school","mun":""}},{"type":"Feature","geometry":{"type":"Point","coordinates":[-100.280685,25.759263]},"properties":{"name":"(sin nombre)","tipo":"escuela","subtipo":"otra","fuente":"OpenStreetMap Overpass","osm_tag":"amenity=school","mun":""}},{"type":"Feature","geometry":{"type":"Point","coordinates":[-100.276776,25.758832]},"properties":{"name":"(sin nombre)","tipo":"escuela","subtipo":"otra","fuente":"OpenStreetMap Overpass","osm_tag":"amenity=school","mun":""}},{"type":"Feature","geometry":{"type":"Point","coordinates":[-100.274332,25.765956]},"properties":{"name":"(sin nombre)","tipo":"escuela","subtipo":"otra","fuente":"OpenStreetMap Overpass","osm_tag":"amenity=school","mun":""}},{"type":"Feature","geometry":{"type":"Point","coordinates":[-100.262874,25.771477]},"properties":{"name":"(sin nombre)","tipo":"escuela","subtipo":"otra","fuente":"OpenStreetMap Overpass","osm_tag":"amenity=school","mun":""}},{"type":"Feature","geometry":{"type":"Point","coordinates":[-100.257156,25.778347]},"properties":{"name":"(sin nombre)","tipo":"escuela","subtipo":"otra","fuente":"OpenStreetMap Overpass","osm_tag":"amenity=school","mun":""}},{"type":"Feature","geometry":{"type":"Point","coordinates":[-100.188278,25.643523]},"properties":{"name":"(sin nombre)","tipo":"escuela","subtipo":"otra","fuente":"OpenStreetMap Overpass","osm_tag":"amenity=school","mun":""}},{"type":"Feature","geometry":{"type":"Point","coordinates":[-100.204241,25.654215]},"properties":{"name":"(sin nombre)","tipo":"escuela","subtipo":"otra","fuente":"OpenStreetMap Overpass","osm_tag":"amenity=school","mun":""}},{"type":"Feature","geometry":{"type":"Point","coordinates":[-100.260543,25.779459]},"properties":{"name":"(sin nombre)","tipo":"escuela","subtipo":"otra","fuente":"OpenStreetMap Overpass","osm_tag":"amenity=school","mun":""}},{"type":"Feature","geometry":{"type":"Point","coordinates":[-100.260272,25.777211]},"properties":{"name":"(sin nombre)","tipo":"escuela","subtipo":"otra","fuente":"OpenStreetMap Overpass","osm_tag":"amenity=school","mun":""}},{"type":"Feature","geometry":{"type":"Point","coordinates":[-100.26089,25.783677]},"properties":{"name":"(sin nombre)","tipo":"escuela","subtipo":"otra","fuente":"OpenStreetMap Overpass","osm_tag":"amenity=school","mun":""}},{"type":"Feature","geometry":{"type":"Point","coordinates":[-100.263693,25.781273]},"properties":{"name":"(sin nombre)","tipo":"escuela","subtipo":"otra","fuente":"OpenStreetMap Overpass","osm_tag":"amenity=school","mun":""}},{"type":"Feature","geometry":{"type":"Point","coordinates":[-100.265285,25.783268]},"properties":{"name":"(sin nombre)","tipo":"escuela","subtipo":"otra","fuente":"OpenStreetMap Overpass","osm_tag":"amenity=school","mun":""}},{"type":"Feature","geometry":{"type":"Point","coordinates":[-100.266329,25.774039]},"properties":{"name":"(sin nombre)","tipo":"escuela","subtipo":"otra","fuente":"OpenStreetMap Overpass","osm_tag":"amenity=school","mun":""}},{"type":"Feature","geometry":{"type":"Point","coordinates":[-100.215285,25.714457]},"properties":{"name":"(sin nombre)","tipo":"escuela","subtipo":"otra","fuente":"OpenStreetMap Overpass","osm_tag":"amenity=school","mun":""}},{"type":"Feature","geometry":{"type":"Point","coordinates":[-100.248061,25.702659]},"properties":{"name":"(sin nombre)","tipo":"escuela","subtipo":"otra","fuente":"OpenStreetMap Overpass","osm_tag":"amenity=school","mun":""}},{"type":"Feature","geometry":{"type":"Point","coordinates":[-100.226767,25.707846]},"properties":{"name":"(sin nombre)","tipo":"escuela","subtipo":"otra","fuente":"OpenStreetMap Overpass","osm_tag":"amenity=school","mun":""}},{"type":"Feature","geometry":{"type":"Point","coordinates":[-100.254415,25.760315]},"properties":{"name":"(sin nombre)","tipo":"escuela","subtipo":"otra","fuente":"OpenStreetMap Overpass","osm_tag":"amenity=school","mun":""}},{"type":"Feature","geometry":{"type":"Point","coordinates":[-100.258722,25.763964]},"properties":{"name":"(sin nombre)","tipo":"escuela","subtipo":"otra","fuente":"OpenStreetMap Overpass","osm_tag":"amenity=school","mun":""}},{"type":"Feature","geometry":{"type":"Point","coordinates":[-100.2472,25.769357]},"properties":{"name":"(sin nombre)","tipo":"escuela","subtipo":"otra","fuente":"OpenStreetMap Overpass","osm_tag":"amenity=school","mun":""}},{"type":"Feature","geometry":{"type":"Point","coordinates":[-100.250079,25.774843]},"properties":{"name":"(sin nombre)","tipo":"escuela","subtipo":"otra","fuente":"OpenStreetMap Overpass","osm_tag":"amenity=school","mun":""}},{"type":"Feature","geometry":{"type":"Point","coordinates":[-100.253206,25.790101]},"properties":{"name":"(sin nombre)","tipo":"escuela","subtipo":"otra","fuente":"OpenStreetMap Overpass","osm_tag":"amenity=school","mun":""}},{"type":"Feature","geometry":{"type":"Point","coordinates":[-100.213242,25.666008]},"properties":{"name":"(sin nombre)","tipo":"escuela","subtipo":"otra","fuente":"OpenStreetMap Overpass","osm_tag":"amenity=school","mun":""}},{"type":"Feature","geometry":{"type":"Point","coordinates":[-100.21063,25.672271]},"properties":{"name":"(sin nombre)","tipo":"escuela","subtipo":"otra","fuente":"OpenStreetMap Overpass","osm_tag":"amenity=school","mun":""}},{"type":"Feature","geometry":{"type":"Point","coordinates":[-100.357084,25.712363]},"properties":{"name":"(sin nombre)","tipo":"escuela","subtipo":"otra","fuente":"OpenStreetMap Overpass","osm_tag":"amenity=school","mun":""}},{"type":"Feature","geometry":{"type":"Point","coordinates":[-100.356772,25.710166]},"properties":{"name":"(sin nombre)","tipo":"escuela","subtipo":"otra","fuente":"OpenStreetMap Overpass","osm_tag":"amenity=school","mun":""}},{"type":"Feature","geometry":{"type":"Point","coordinates":[-100.262509,25.690883]},"properties":{"name":"(sin nombre)","tipo":"escuela","subtipo":"otra","fuente":"OpenStreetMap Overpass","osm_tag":"amenity=school","mun":""}},{"type":"Feature","geometry":{"type":"Point","coordinates":[-100.265391,25.69788]},"properties":{"name":"(sin nombre)","tipo":"escuela","subtipo":"otra","fuente":"OpenStreetMap Overpass","osm_tag":"amenity=school","mun":""}},{"type":"Feature","geometry":{"type":"Point","coordinates":[-100.376285,25.735295]},"properties":{"name":"(sin nombre)","tipo":"escuela","subtipo":"otra","fuente":"OpenStreetMap Overpass","osm_tag":"amenity=school","mun":""}},{"type":"Feature","geometry":{"type":"Point","coordinates":[-100.38104,25.728612]},"properties":{"name":"(sin nombre)","tipo":"escuela","subtipo":"otra","fuente":"OpenStreetMap Overpass","osm_tag":"amenity=school","mun":""}},{"type":"Feature","geometry":{"type":"Point","coordinates":[-100.372819,25.735507]},"properties":{"name":"(sin nombre)","tipo":"escuela","subtipo":"otra","fuente":"OpenStreetMap Overpass","osm_tag":"amenity=school","mun":""}},{"type":"Feature","geometry":{"type":"Point","coordinates":[-100.370372,25.737704]},"properties":{"name":"(sin nombre)","tipo":"escuela","subtipo":"otra","fuente":"OpenStreetMap Overpass","osm_tag":"amenity=school","mun":""}},{"type":"Feature","geometry":{"type":"Point","coordinates":[-100.378625,25.738647]},"properties":{"name":"(sin nombre)","tipo":"escuela","subtipo":"otra","fuente":"OpenStreetMap Overpass","osm_tag":"amenity=school","mun":""}},{"type":"Feature","geometry":{"type":"Point","coordinates":[-100.313785,25.656049]},"properties":{"name":"(sin nombre)","tipo":"escuela","subtipo":"otra","fuente":"OpenStreetMap Overpass","osm_tag":"amenity=school","mun":""}},{"type":"Feature","geometry":{"type":"Point","coordinates":[-100.300071,25.752336]},"properties":{"name":"(sin nombre)","tipo":"escuela","subtipo":"otra","fuente":"OpenStreetMap Overpass","osm_tag":"amenity=school","mun":""}},{"type":"Feature","geometry":{"type":"Point","coordinates":[-100.364356,25.722012]},"properties":{"name":"(sin nombre)","tipo":"escuela","subtipo":"otra","fuente":"OpenStreetMap Overpass","osm_tag":"amenity=school","mun":""}},{"type":"Feature","geometry":{"type":"Point","coordinates":[-100.366939,25.7185]},"properties":{"name":"(sin nombre)","tipo":"escuela","subtipo":"otra","fuente":"OpenStreetMap Overpass","osm_tag":"amenity=school","mun":""}},{"type":"Feature","geometry":{"type":"Point","coordinates":[-100.372862,25.726886]},"properties":{"name":"(sin nombre)","tipo":"escuela","subtipo":"otra","fuente":"OpenStreetMap Overpass","osm_tag":"amenity=school","mun":""}},{"type":"Feature","geometry":{"type":"Point","coordinates":[-100.258229,25.677271]},"properties":{"name":"(sin nombre)","tipo":"escuela","subtipo":"otra","fuente":"OpenStreetMap Overpass","osm_tag":"amenity=school","mun":""}},{"type":"Feature","geometry":{"type":"Point","coordinates":[-100.260893,25.67707]},"properties":{"name":"(sin nombre)","tipo":"escuela","subtipo":"otra","fuente":"OpenStreetMap Overpass","osm_tag":"amenity=school","mun":""}},{"type":"Feature","geometry":{"type":"Point","coordinates":[-100.204448,25.650702]},"properties":{"name":"(sin nombre)","tipo":"escuela","subtipo":"otra","fuente":"OpenStreetMap Overpass","osm_tag":"amenity=school","mun":""}},{"type":"Feature","geometry":{"type":"Point","coordinates":[-100.207309,25.655255]},"properties":{"name":"(sin nombre)","tipo":"escuela","subtipo":"otra","fuente":"OpenStreetMap Overpass","osm_tag":"amenity=school","mun":""}},{"type":"Feature","geometry":{"type":"Point","coordinates":[-100.200178,25.656577]},"properties":{"name":"(sin nombre)","tipo":"escuela","subtipo":"otra","fuente":"OpenStreetMap Overpass","osm_tag":"amenity=school","mun":""}},{"type":"Feature","geometry":{"type":"Point","coordinates":[-100.208642,25.657003]},"properties":{"name":"(sin nombre)","tipo":"escuela","subtipo":"otra","fuente":"OpenStreetMap Overpass","osm_tag":"amenity=school","mun":""}},{"type":"Feature","geometry":{"type":"Point","coordinates":[-100.212796,25.657466]},"properties":{"name":"(sin nombre)","tipo":"escuela","subtipo":"otra","fuente":"OpenStreetMap Overpass","osm_tag":"amenity=school","mun":""}},{"type":"Feature","geometry":{"type":"Point","coordinates":[-100.21804,25.653165]},"properties":{"name":"(sin nombre)","tipo":"escuela","subtipo":"otra","fuente":"OpenStreetMap Overpass","osm_tag":"amenity=school","mun":""}},{"type":"Feature","geometry":{"type":"Point","coordinates":[-100.211106,25.658922]},"properties":{"name":"(sin nombre)","tipo":"escuela","subtipo":"otra","fuente":"OpenStreetMap Overpass","osm_tag":"amenity=school","mun":""}},{"type":"Feature","geometry":{"type":"Point","coordinates":[-100.326836,25.669822]},"properties":{"name":"(sin nombre)","tipo":"escuela","subtipo":"otra","fuente":"OpenStreetMap Overpass","osm_tag":"amenity=school","mun":""}},{"type":"Feature","geometry":{"type":"Point","coordinates":[-100.161575,25.902148]},"properties":{"name":"(sin nombre)","tipo":"escuela","subtipo":"otra","fuente":"OpenStreetMap Overpass","osm_tag":"amenity=school","mun":""}},{"type":"Feature","geometry":{"type":"Point","coordinates":[-100.162292,25.901797]},"properties":{"name":"(sin nombre)","tipo":"escuela","subtipo":"otra","fuente":"OpenStreetMap Overpass","osm_tag":"amenity=school","mun":""}},{"type":"Feature","geometry":{"type":"Point","coordinates":[-100.170375,25.892009]},"properties":{"name":"(sin nombre)","tipo":"escuela","subtipo":"otra","fuente":"OpenStreetMap Overpass","osm_tag":"amenity=school","mun":""}},{"type":"Feature","geometry":{"type":"Point","coordinates":[-100.16865,25.898581]},"properties":{"name":"(sin nombre)","tipo":"escuela","subtipo":"otra","fuente":"OpenStreetMap Overpass","osm_tag":"amenity=school","mun":""}},{"type":"Feature","geometry":{"type":"Point","coordinates":[-100.177205,25.888485]},"properties":{"name":"(sin nombre)","tipo":"escuela","subtipo":"otra","fuente":"OpenStreetMap Overpass","osm_tag":"amenity=school","mun":""}},{"type":"Feature","geometry":{"type":"Point","coordinates":[-100.180446,25.889896]},"properties":{"name":"(sin nombre)","tipo":"escuela","subtipo":"otra","fuente":"OpenStreetMap Overpass","osm_tag":"amenity=school","mun":""}},{"type":"Feature","geometry":{"type":"Point","coordinates":[-100.164266,25.917242]},"properties":{"name":"(sin nombre)","tipo":"escuela","subtipo":"otra","fuente":"OpenStreetMap Overpass","osm_tag":"amenity=school","mun":""}},{"type":"Feature","geometry":{"type":"Point","coordinates":[-100.178641,25.916559]},"properties":{"name":"(sin nombre)","tipo":"escuela","subtipo":"otra","fuente":"OpenStreetMap Overpass","osm_tag":"amenity=school","mun":""}},{"type":"Feature","geometry":{"type":"Point","coordinates":[-100.384601,25.757496]},"properties":{"name":"(sin nombre)","tipo":"escuela","subtipo":"otra","fuente":"OpenStreetMap Overpass","osm_tag":"amenity=school","mun":""}},{"type":"Feature","geometry":{"type":"Point","coordinates":[-100.379918,25.758289]},"properties":{"name":"(sin nombre)","tipo":"escuela","subtipo":"otra","fuente":"OpenStreetMap Overpass","osm_tag":"amenity=school","mun":""}},{"type":"Feature","geometry":{"type":"Point","coordinates":[-100.380679,25.752995]},"properties":{"name":"(sin nombre)","tipo":"escuela","subtipo":"otra","fuente":"OpenStreetMap Overpass","osm_tag":"amenity=school","mun":""}},{"type":"Feature","geometry":{"type":"Point","coordinates":[-100.387159,25.751061]},"properties":{"name":"(sin nombre)","tipo":"escuela","subtipo":"otra","fuente":"OpenStreetMap Overpass","osm_tag":"amenity=school","mun":""}},{"type":"Feature","geometry":{"type":"Point","coordinates":[-100.388145,25.751846]},"properties":{"name":"(sin nombre)","tipo":"escuela","subtipo":"otra","fuente":"OpenStreetMap Overpass","osm_tag":"amenity=school","mun":""}},{"type":"Feature","geometry":{"type":"Point","coordinates":[-100.388498,25.760707]},"properties":{"name":"(sin nombre)","tipo":"escuela","subtipo":"otra","fuente":"OpenStreetMap Overpass","osm_tag":"amenity=school","mun":""}},{"type":"Feature","geometry":{"type":"Point","coordinates":[-100.381411,25.777109]},"properties":{"name":"(sin nombre)","tipo":"escuela","subtipo":"otra","fuente":"OpenStreetMap Overpass","osm_tag":"amenity=school","mun":""}},{"type":"Feature","geometry":{"type":"Point","coordinates":[-100.399519,25.771935]},"properties":{"name":"(sin nombre)","tipo":"escuela","subtipo":"otra","fuente":"OpenStreetMap Overpass","osm_tag":"amenity=school","mun":""}},{"type":"Feature","geometry":{"type":"Point","coordinates":[-100.395786,25.777446]},"properties":{"name":"(sin nombre)","tipo":"escuela","subtipo":"otra","fuente":"OpenStreetMap Overpass","osm_tag":"amenity=school","mun":""}},{"type":"Feature","geometry":{"type":"Point","coordinates":[-100.396232,25.754248]},"properties":{"name":"(sin nombre)","tipo":"escuela","subtipo":"otra","fuente":"OpenStreetMap Overpass","osm_tag":"amenity=school","mun":""}},{"type":"Feature","geometry":{"type":"Point","coordinates":[-100.386246,25.746146]},"properties":{"name":"(sin nombre)","tipo":"escuela","subtipo":"otra","fuente":"OpenStreetMap Overpass","osm_tag":"amenity=school","mun":""}},{"type":"Feature","geometry":{"type":"Point","coordinates":[-100.389473,25.742983]},"properties":{"name":"(sin nombre)","tipo":"escuela","subtipo":"otra","fuente":"OpenStreetMap Overpass","osm_tag":"amenity=school","mun":""}},{"type":"Feature","geometry":{"type":"Point","coordinates":[-100.372879,25.760303]},"properties":{"name":"(sin nombre)","tipo":"escuela","subtipo":"otra","fuente":"OpenStreetMap Overpass","osm_tag":"amenity=school","mun":""}},{"type":"Feature","geometry":{"type":"Point","coordinates":[-100.37173,25.755825]},"properties":{"name":"(sin nombre)","tipo":"escuela","subtipo":"otra","fuente":"OpenStreetMap Overpass","osm_tag":"amenity=school","mun":""}},{"type":"Feature","geometry":{"type":"Point","coordinates":[-100.370618,25.756898]},"properties":{"name":"(sin nombre)","tipo":"escuela","subtipo":"otra","fuente":"OpenStreetMap Overpass","osm_tag":"amenity=school","mun":""}},{"type":"Feature","geometry":{"type":"Point","coordinates":[-100.368503,25.753222]},"properties":{"name":"(sin nombre)","tipo":"escuela","subtipo":"otra","fuente":"OpenStreetMap Overpass","osm_tag":"amenity=school","mun":""}},{"type":"Feature","geometry":{"type":"Point","coordinates":[-100.372817,25.751088]},"properties":{"name":"(sin nombre)","tipo":"escuela","subtipo":"otra","fuente":"OpenStreetMap Overpass","osm_tag":"amenity=school","mun":""}},{"type":"Feature","geometry":{"type":"Point","coordinates":[-100.376355,25.753273]},"properties":{"name":"(sin nombre)","tipo":"escuela","subtipo":"otra","fuente":"OpenStreetMap Overpass","osm_tag":"amenity=school","mun":""}},{"type":"Feature","geometry":{"type":"Point","coordinates":[-100.364622,25.749203]},"properties":{"name":"(sin nombre)","tipo":"escuela","subtipo":"otra","fuente":"OpenStreetMap Overpass","osm_tag":"amenity=school","mun":""}},{"type":"Feature","geometry":{"type":"Point","coordinates":[-100.363371,25.746556]},"properties":{"name":"(sin nombre)","tipo":"escuela","subtipo":"otra","fuente":"OpenStreetMap Overpass","osm_tag":"amenity=school","mun":""}},{"type":"Feature","geometry":{"type":"Point","coordinates":[-100.369349,25.746638]},"properties":{"name":"(sin nombre)","tipo":"escuela","subtipo":"otra","fuente":"OpenStreetMap Overpass","osm_tag":"amenity=school","mun":""}},{"type":"Feature","geometry":{"type":"Point","coordinates":[-100.381439,25.754774]},"properties":{"name":"(sin nombre)","tipo":"escuela","subtipo":"otra","fuente":"OpenStreetMap Overpass","osm_tag":"amenity=school","mun":""}},{"type":"Feature","geometry":{"type":"Point","coordinates":[-100.349559,25.728534]},"properties":{"name":"(sin nombre)","tipo":"escuela","subtipo":"otra","fuente":"OpenStreetMap Overpass","osm_tag":"amenity=school","mun":""}},{"type":"Feature","geometry":{"type":"Point","coordinates":[-100.371712,25.717842]},"properties":{"name":"(sin nombre)","tipo":"escuela","subtipo":"otra","fuente":"OpenStreetMap Overpass","osm_tag":"amenity=school","mun":""}},{"type":"Feature","geometry":{"type":"Point","coordinates":[-100.369534,25.714074]},"properties":{"name":"(sin nombre)","tipo":"escuela","subtipo":"otra","fuente":"OpenStreetMap Overpass","osm_tag":"amenity=school","mun":""}},{"type":"Feature","geometry":{"type":"Point","coordinates":[-100.356684,25.725217]},"properties":{"name":"(sin nombre)","tipo":"escuela","subtipo":"otra","fuente":"OpenStreetMap Overpass","osm_tag":"amenity=school","mun":""}},{"type":"Feature","geometry":{"type":"Point","coordinates":[-100.361796,25.727747]},"properties":{"name":"(sin nombre)","tipo":"escuela","subtipo":"otra","fuente":"OpenStreetMap Overpass","osm_tag":"amenity=school","mun":""}},{"type":"Feature","geometry":{"type":"Point","coordinates":[-100.3611,25.728845]},"properties":{"name":"(sin nombre)","tipo":"escuela","subtipo":"otra","fuente":"OpenStreetMap Overpass","osm_tag":"amenity=school","mun":""}},{"type":"Feature","geometry":{"type":"Point","coordinates":[-100.346764,25.736385]},"properties":{"name":"(sin nombre)","tipo":"escuela","subtipo":"otra","fuente":"OpenStreetMap Overpass","osm_tag":"amenity=school","mun":""}},{"type":"Feature","geometry":{"type":"Point","coordinates":[-100.346043,25.736995]},"properties":{"name":"(sin nombre)","tipo":"escuela","subtipo":"otra","fuente":"OpenStreetMap Overpass","osm_tag":"amenity=school","mun":""}},{"type":"Feature","geometry":{"type":"Point","coordinates":[-100.350943,25.740664]},"properties":{"name":"(sin nombre)","tipo":"escuela","subtipo":"otra","fuente":"OpenStreetMap Overpass","osm_tag":"amenity=school","mun":""}},{"type":"Feature","geometry":{"type":"Point","coordinates":[-100.355373,25.749251]},"properties":{"name":"(sin nombre)","tipo":"escuela","subtipo":"otra","fuente":"OpenStreetMap Overpass","osm_tag":"amenity=school","mun":""}},{"type":"Feature","geometry":{"type":"Point","coordinates":[-100.358184,25.747727]},"properties":{"name":"(sin nombre)","tipo":"escuela","subtipo":"otra","fuente":"OpenStreetMap Overpass","osm_tag":"amenity=school","mun":""}},{"type":"Feature","geometry":{"type":"Point","coordinates":[-100.360428,25.743417]},"properties":{"name":"(sin nombre)","tipo":"escuela","subtipo":"otra","fuente":"OpenStreetMap Overpass","osm_tag":"amenity=school","mun":""}},{"type":"Feature","geometry":{"type":"Point","coordinates":[-100.353388,25.7369]},"properties":{"name":"(sin nombre)","tipo":"escuela","subtipo":"otra","fuente":"OpenStreetMap Overpass","osm_tag":"amenity=school","mun":""}},{"type":"Feature","geometry":{"type":"Point","coordinates":[-100.350827,25.744497]},"properties":{"name":"(sin nombre)","tipo":"escuela","subtipo":"otra","fuente":"OpenStreetMap Overpass","osm_tag":"amenity=school","mun":""}},{"type":"Feature","geometry":{"type":"Point","coordinates":[-100.348032,25.745724]},"properties":{"name":"(sin nombre)","tipo":"escuela","subtipo":"otra","fuente":"OpenStreetMap Overpass","osm_tag":"amenity=school","mun":""}},{"type":"Feature","geometry":{"type":"Point","coordinates":[-100.351136,25.74949]},"properties":{"name":"(sin nombre)","tipo":"escuela","subtipo":"otra","fuente":"OpenStreetMap Overpass","osm_tag":"amenity=school","mun":""}},{"type":"Feature","geometry":{"type":"Point","coordinates":[-100.346024,25.735664]},"properties":{"name":"(sin nombre)","tipo":"escuela","subtipo":"otra","fuente":"OpenStreetMap Overpass","osm_tag":"amenity=school","mun":""}},{"type":"Feature","geometry":{"type":"Point","coordinates":[-100.361666,25.734182]},"properties":{"name":"(sin nombre)","tipo":"escuela","subtipo":"otra","fuente":"OpenStreetMap Overpass","osm_tag":"amenity=school","mun":""}},{"type":"Feature","geometry":{"type":"Point","coordinates":[-100.365192,25.732845]},"properties":{"name":"(sin nombre)","tipo":"escuela","subtipo":"otra","fuente":"OpenStreetMap Overpass","osm_tag":"amenity=school","mun":""}},{"type":"Feature","geometry":{"type":"Point","coordinates":[-100.352642,25.7375]},"properties":{"name":"(sin nombre)","tipo":"escuela","subtipo":"otra","fuente":"OpenStreetMap Overpass","osm_tag":"amenity=school","mun":""}},{"type":"Feature","geometry":{"type":"Point","coordinates":[-100.354031,25.743697]},"properties":{"name":"(sin nombre)","tipo":"escuela","subtipo":"otra","fuente":"OpenStreetMap Overpass","osm_tag":"amenity=school","mun":""}},{"type":"Feature","geometry":{"type":"Point","coordinates":[-100.240724,25.687925]},"properties":{"name":"(sin nombre)","tipo":"escuela","subtipo":"otra","fuente":"OpenStreetMap Overpass","osm_tag":"amenity=school","mun":""}},{"type":"Feature","geometry":{"type":"Point","coordinates":[-100.297911,25.680106]},"properties":{"name":"(sin nombre)","tipo":"escuela","subtipo":"otra","fuente":"OpenStreetMap Overpass","osm_tag":"amenity=school","mun":""}},{"type":"Feature","geometry":{"type":"Point","coordinates":[-100.292678,25.700095]},"properties":{"name":"(sin nombre)","tipo":"escuela","subtipo":"otra","fuente":"OpenStreetMap Overpass","osm_tag":"amenity=school","mun":""}},{"type":"Feature","geometry":{"type":"Point","coordinates":[-100.177693,25.730976]},"properties":{"name":"(sin nombre)","tipo":"escuela","subtipo":"otra","fuente":"OpenStreetMap Overpass","osm_tag":"amenity=school","mun":""}},{"type":"Feature","geometry":{"type":"Point","coordinates":[-100.270401,25.762955]},"properties":{"name":"(sin nombre)","tipo":"escuela","subtipo":"otra","fuente":"OpenStreetMap Overpass","osm_tag":"amenity=school","mun":""}},{"type":"Feature","geometry":{"type":"Point","coordinates":[-100.284097,25.761787]},"properties":{"name":"(sin nombre)","tipo":"escuela","subtipo":"otra","fuente":"OpenStreetMap Overpass","osm_tag":"amenity=school","mun":""}},{"type":"Feature","geometry":{"type":"Point","coordinates":[-100.287928,25.759564]},"properties":{"name":"(sin nombre)","tipo":"escuela","subtipo":"otra","fuente":"OpenStreetMap Overpass","osm_tag":"amenity=school","mun":""}},{"type":"Feature","geometry":{"type":"Point","coordinates":[-100.284366,25.755355]},"properties":{"name":"(sin nombre)","tipo":"escuela","subtipo":"otra","fuente":"OpenStreetMap Overpass","osm_tag":"amenity=school","mun":""}},{"type":"Feature","geometry":{"type":"Point","coordinates":[-100.276607,25.800202]},"properties":{"name":"(sin nombre)","tipo":"escuela","subtipo":"otra","fuente":"OpenStreetMap Overpass","osm_tag":"amenity=school","mun":""}},{"type":"Feature","geometry":{"type":"Point","coordinates":[-100.235133,25.675633]},"properties":{"name":"(sin nombre)","tipo":"escuela","subtipo":"otra","fuente":"OpenStreetMap Overpass","osm_tag":"amenity=school","mun":""}},{"type":"Feature","geometry":{"type":"Point","coordinates":[-100.200806,25.663333]},"properties":{"name":"(sin nombre)","tipo":"escuela","subtipo":"otra","fuente":"OpenStreetMap Overpass","osm_tag":"amenity=school","mun":""}},{"type":"Feature","geometry":{"type":"Point","coordinates":[-100.208181,25.659821]},"properties":{"name":"(sin nombre)","tipo":"escuela","subtipo":"otra","fuente":"OpenStreetMap Overpass","osm_tag":"amenity=school","mun":""}},{"type":"Feature","geometry":{"type":"Point","coordinates":[-100.232858,25.65987]},"properties":{"name":"(sin nombre)","tipo":"escuela","subtipo":"otra","fuente":"OpenStreetMap Overpass","osm_tag":"amenity=school","mun":""}},{"type":"Feature","geometry":{"type":"Point","coordinates":[-100.280493,25.663359]},"properties":{"name":"(sin nombre)","tipo":"escuela","subtipo":"otra","fuente":"OpenStreetMap Overpass","osm_tag":"amenity=school","mun":""}},{"type":"Feature","geometry":{"type":"Point","coordinates":[-100.370441,25.85279]},"properties":{"name":"(sin nombre)","tipo":"escuela","subtipo":"otra","fuente":"OpenStreetMap Overpass","osm_tag":"amenity=school","mun":""}},{"type":"Feature","geometry":{"type":"Point","coordinates":[-100.320584,25.781464]},"properties":{"name":"(sin nombre)","tipo":"escuela","subtipo":"otra","fuente":"OpenStreetMap Overpass","osm_tag":"amenity=school","mun":""}},{"type":"Feature","geometry":{"type":"Point","coordinates":[-100.319278,25.778896]},"properties":{"name":"(sin nombre)","tipo":"escuela","subtipo":"otra","fuente":"OpenStreetMap Overpass","osm_tag":"amenity=school","mun":""}},{"type":"Feature","geometry":{"type":"Point","coordinates":[-100.384953,25.733283]},"properties":{"name":"(sin nombre)","tipo":"escuela","subtipo":"otra","fuente":"OpenStreetMap Overpass","osm_tag":"amenity=school","mun":""}},{"type":"Feature","geometry":{"type":"Point","coordinates":[-100.386453,25.729608]},"properties":{"name":"(sin nombre)","tipo":"escuela","subtipo":"otra","fuente":"OpenStreetMap Overpass","osm_tag":"amenity=school","mun":""}},{"type":"Feature","geometry":{"type":"Point","coordinates":[-100.385325,25.726128]},"properties":{"name":"(sin nombre)","tipo":"escuela","subtipo":"otra","fuente":"OpenStreetMap Overpass","osm_tag":"amenity=school","mun":""}},{"type":"Feature","geometry":{"type":"Point","coordinates":[-100.384331,25.726412]},"properties":{"name":"(sin nombre)","tipo":"escuela","subtipo":"otra","fuente":"OpenStreetMap Overpass","osm_tag":"amenity=school","mun":""}},{"type":"Feature","geometry":{"type":"Point","coordinates":[-100.253633,25.750839]},"properties":{"name":"(sin nombre)","tipo":"escuela","subtipo":"otra","fuente":"OpenStreetMap Overpass","osm_tag":"amenity=school","mun":""}},{"type":"Feature","geometry":{"type":"Point","coordinates":[-100.246051,25.739277]},"properties":{"name":"(sin nombre)","tipo":"escuela","subtipo":"otra","fuente":"OpenStreetMap Overpass","osm_tag":"amenity=school","mun":""}},{"type":"Feature","geometry":{"type":"Point","coordinates":[-100.36025,25.753492]},"properties":{"name":"(sin nombre)","tipo":"escuela","subtipo":"otra","fuente":"OpenStreetMap Overpass","osm_tag":"amenity=school","mun":""}},{"type":"Feature","geometry":{"type":"Point","coordinates":[-100.264639,25.763598]},"properties":{"name":"(sin nombre)","tipo":"escuela","subtipo":"otra","fuente":"OpenStreetMap Overpass","osm_tag":"amenity=school","mun":""}},{"type":"Feature","geometry":{"type":"Point","coordinates":[-100.363307,25.760147]},"properties":{"name":"(sin nombre)","tipo":"escuela","subtipo":"otra","fuente":"OpenStreetMap Overpass","osm_tag":"amenity=school","mun":""}},{"type":"Feature","geometry":{"type":"Point","coordinates":[-100.363241,25.757715]},"properties":{"name":"(sin nombre)","tipo":"escuela","subtipo":"otra","fuente":"OpenStreetMap Overpass","osm_tag":"amenity=school","mun":""}},{"type":"Feature","geometry":{"type":"Point","coordinates":[-100.354152,25.75658]},"properties":{"name":"(sin nombre)","tipo":"escuela","subtipo":"otra","fuente":"OpenStreetMap Overpass","osm_tag":"amenity=school","mun":""}},{"type":"Feature","geometry":{"type":"Point","coordinates":[-100.335111,25.70002]},"properties":{"name":"(sin nombre)","tipo":"escuela","subtipo":"otra","fuente":"OpenStreetMap Overpass","osm_tag":"amenity=school","mun":""}},{"type":"Feature","geometry":{"type":"Point","coordinates":[-100.334644,25.703288]},"properties":{"name":"(sin nombre)","tipo":"escuela","subtipo":"otra","fuente":"OpenStreetMap Overpass","osm_tag":"amenity=school","mun":""}},{"type":"Feature","geometry":{"type":"Point","coordinates":[-100.334699,25.694709]},"properties":{"name":"(sin nombre)","tipo":"escuela","subtipo":"otra","fuente":"OpenStreetMap Overpass","osm_tag":"amenity=school","mun":""}},{"type":"Feature","geometry":{"type":"Point","coordinates":[-100.333362,25.69444]},"properties":{"name":"(sin nombre)","tipo":"escuela","subtipo":"otra","fuente":"OpenStreetMap Overpass","osm_tag":"amenity=school","mun":""}},{"type":"Feature","geometry":{"type":"Point","coordinates":[-100.166147,25.704625]},"properties":{"name":"(sin nombre)","tipo":"escuela","subtipo":"otra","fuente":"OpenStreetMap Overpass","osm_tag":"amenity=school","mun":""}},{"type":"Feature","geometry":{"type":"Point","coordinates":[-100.166157,25.703869]},"properties":{"name":"(sin nombre)","tipo":"escuela","subtipo":"otra","fuente":"OpenStreetMap Overpass","osm_tag":"amenity=school","mun":""}},{"type":"Feature","geometry":{"type":"Point","coordinates":[-100.166159,25.702964]},"properties":{"name":"(sin nombre)","tipo":"escuela","subtipo":"otra","fuente":"OpenStreetMap Overpass","osm_tag":"amenity=school","mun":""}},{"type":"Feature","geometry":{"type":"Point","coordinates":[-100.321649,25.672053]},"properties":{"name":"(sin nombre)","tipo":"escuela","subtipo":"otra","fuente":"OpenStreetMap Overpass","osm_tag":"amenity=school","mun":""}},{"type":"Feature","geometry":{"type":"Point","coordinates":[-100.311414,25.803074]},"properties":{"name":"(sin nombre)","tipo":"escuela","subtipo":"otra","fuente":"OpenStreetMap Overpass","osm_tag":"amenity=school","mun":""}},{"type":"Feature","geometry":{"type":"Point","coordinates":[-100.311317,25.802098]},"properties":{"name":"(sin nombre)","tipo":"escuela","subtipo":"otra","fuente":"OpenStreetMap Overpass","osm_tag":"amenity=school","mun":""}},{"type":"Feature","geometry":{"type":"Point","coordinates":[-100.250968,25.672923]},"properties":{"name":"(sin nombre)","tipo":"escuela","subtipo":"otra","fuente":"OpenStreetMap Overpass","osm_tag":"amenity=school","mun":""}},{"type":"Feature","geometry":{"type":"Point","coordinates":[-100.251556,25.673715]},"properties":{"name":"(sin nombre)","tipo":"escuela","subtipo":"otra","fuente":"OpenStreetMap Overpass","osm_tag":"amenity=school","mun":""}},{"type":"Feature","geometry":{"type":"Point","coordinates":[-100.26615,25.784118]},"properties":{"name":"(sin nombre)","tipo":"escuela","subtipo":"otra","fuente":"OpenStreetMap Overpass","osm_tag":"amenity=school","mun":""}},{"type":"Feature","geometry":{"type":"Point","coordinates":[-100.27525,25.73288]},"properties":{"name":"(sin nombre)","tipo":"escuela","subtipo":"otra","fuente":"OpenStreetMap Overpass","osm_tag":"amenity=school","mun":""}},{"type":"Feature","geometry":{"type":"Point","coordinates":[-100.274449,25.733497]},"properties":{"name":"(sin nombre)","tipo":"escuela","subtipo":"otra","fuente":"OpenStreetMap Overpass","osm_tag":"amenity=school","mun":""}},{"type":"Feature","geometry":{"type":"Point","coordinates":[-100.357207,25.751098]},"properties":{"name":"(sin nombre)","tipo":"escuela","subtipo":"otra","fuente":"OpenStreetMap Overpass","osm_tag":"amenity=school","mun":""}},{"type":"Feature","geometry":{"type":"Point","coordinates":[-100.283521,25.764685]},"properties":{"name":"(sin nombre)","tipo":"escuela","subtipo":"otra","fuente":"OpenStreetMap Overpass","osm_tag":"amenity=school","mun":""}},{"type":"Feature","geometry":{"type":"Point","coordinates":[-100.28762,25.752358]},"properties":{"name":"(sin nombre)","tipo":"escuela","subtipo":"otra","fuente":"OpenStreetMap Overpass","osm_tag":"amenity=school","mun":""}},{"type":"Feature","geometry":{"type":"Point","coordinates":[-100.314252,25.743824]},"properties":{"name":"(sin nombre)","tipo":"escuela","subtipo":"otra","fuente":"OpenStreetMap Overpass","osm_tag":"amenity=school","mun":""}},{"type":"Feature","geometry":{"type":"Point","coordinates":[-100.159175,25.712023]},"properties":{"name":"(sin nombre)","tipo":"escuela","subtipo":"otra","fuente":"OpenStreetMap Overpass","osm_tag":"amenity=school","mun":""}},{"type":"Feature","geometry":{"type":"Point","coordinates":[-100.356568,25.704559]},"properties":{"name":"(sin nombre)","tipo":"escuela","subtipo":"otra","fuente":"OpenStreetMap Overpass","osm_tag":"amenity=school","mun":""}},{"type":"Feature","geometry":{"type":"Point","coordinates":[-100.197249,25.728119]},"properties":{"name":"(sin nombre)","tipo":"escuela","subtipo":"otra","fuente":"OpenStreetMap Overpass","osm_tag":"amenity=school","mun":""}},{"type":"Feature","geometry":{"type":"Point","coordinates":[-100.46623,25.69965]},"properties":{"name":"(sin nombre)","tipo":"escuela","subtipo":"otra","fuente":"OpenStreetMap Overpass","osm_tag":"amenity=school","mun":""}},{"type":"Feature","geometry":{"type":"Point","coordinates":[-100.269721,25.807078]},"properties":{"name":"(sin nombre)","tipo":"escuela","subtipo":"otra","fuente":"OpenStreetMap Overpass","osm_tag":"amenity=school","mun":""}},{"type":"Feature","geometry":{"type":"Point","coordinates":[-100.268253,25.806209]},"properties":{"name":"(sin nombre)","tipo":"escuela","subtipo":"otra","fuente":"OpenStreetMap Overpass","osm_tag":"amenity=school","mun":""}},{"type":"Feature","geometry":{"type":"Point","coordinates":[-100.219515,25.812067]},"properties":{"name":"(sin nombre)","tipo":"escuela","subtipo":"otra","fuente":"OpenStreetMap Overpass","osm_tag":"amenity=school","mun":""}},{"type":"Feature","geometry":{"type":"Point","coordinates":[-100.219751,25.808376]},"properties":{"name":"(sin nombre)","tipo":"escuela","subtipo":"otra","fuente":"OpenStreetMap Overpass","osm_tag":"amenity=school","mun":""}},{"type":"Feature","geometry":{"type":"Point","coordinates":[-100.383682,25.735817]},"properties":{"name":"(sin nombre)","tipo":"escuela","subtipo":"otra","fuente":"OpenStreetMap Overpass","osm_tag":"amenity=school","mun":""}},{"type":"Feature","geometry":{"type":"Point","coordinates":[-100.387054,25.735757]},"properties":{"name":"(sin nombre)","tipo":"escuela","subtipo":"otra","fuente":"OpenStreetMap Overpass","osm_tag":"amenity=school","mun":""}},{"type":"Feature","geometry":{"type":"Point","coordinates":[-100.389729,25.735297]},"properties":{"name":"(sin nombre)","tipo":"escuela","subtipo":"otra","fuente":"OpenStreetMap Overpass","osm_tag":"amenity=school","mun":""}},{"type":"Feature","geometry":{"type":"Point","coordinates":[-100.299766,25.763196]},"properties":{"name":"(sin nombre)","tipo":"escuela","subtipo":"otra","fuente":"OpenStreetMap Overpass","osm_tag":"amenity=school","mun":""}},{"type":"Feature","geometry":{"type":"Point","coordinates":[-100.267168,25.786022]},"properties":{"name":"(sin nombre)","tipo":"escuela","subtipo":"otra","fuente":"OpenStreetMap Overpass","osm_tag":"amenity=school","mun":""}},{"type":"Feature","geometry":{"type":"Point","coordinates":[-100.265164,25.790774]},"properties":{"name":"(sin nombre)","tipo":"escuela","subtipo":"otra","fuente":"OpenStreetMap Overpass","osm_tag":"amenity=school","mun":""}},{"type":"Feature","geometry":{"type":"Point","coordinates":[-100.262389,25.787848]},"properties":{"name":"(sin nombre)","tipo":"escuela","subtipo":"otra","fuente":"OpenStreetMap Overpass","osm_tag":"amenity=school","mun":""}},{"type":"Feature","geometry":{"type":"Point","coordinates":[-100.264446,25.795673]},"properties":{"name":"(sin nombre)","tipo":"escuela","subtipo":"otra","fuente":"OpenStreetMap Overpass","osm_tag":"amenity=school","mun":""}},{"type":"Feature","geometry":{"type":"Point","coordinates":[-100.268583,25.729912]},"properties":{"name":"(sin nombre)","tipo":"escuela","subtipo":"otra","fuente":"OpenStreetMap Overpass","osm_tag":"amenity=school","mun":""}},{"type":"Feature","geometry":{"type":"Point","coordinates":[-100.362438,25.718381]},"properties":{"name":"(sin nombre)","tipo":"escuela","subtipo":"otra","fuente":"OpenStreetMap Overpass","osm_tag":"amenity=school","mun":""}},{"type":"Feature","geometry":{"type":"Point","coordinates":[-100.366332,25.710249]},"properties":{"name":"(sin nombre)","tipo":"escuela","subtipo":"otra","fuente":"OpenStreetMap Overpass","osm_tag":"amenity=school","mun":""}},{"type":"Feature","geometry":{"type":"Point","coordinates":[-100.331718,25.681285]},"properties":{"name":"(sin nombre)","tipo":"escuela","subtipo":"otra","fuente":"OpenStreetMap Overpass","osm_tag":"amenity=school","mun":""}},{"type":"Feature","geometry":{"type":"Point","coordinates":[-100.331851,25.68045]},"properties":{"name":"(sin nombre)","tipo":"escuela","subtipo":"otra","fuente":"OpenStreetMap Overpass","osm_tag":"amenity=school","mun":""}},{"type":"Feature","geometry":{"type":"Point","coordinates":[-100.341146,25.740237]},"properties":{"name":"(sin nombre)","tipo":"escuela","subtipo":"otra","fuente":"OpenStreetMap Overpass","osm_tag":"amenity=school","mun":""}},{"type":"Feature","geometry":{"type":"Point","coordinates":[-100.340516,25.737509]},"properties":{"name":"(sin nombre)","tipo":"escuela","subtipo":"otra","fuente":"OpenStreetMap Overpass","osm_tag":"amenity=school","mun":""}},{"type":"Feature","geometry":{"type":"Point","coordinates":[-100.338648,25.73877]},"properties":{"name":"(sin nombre)","tipo":"escuela","subtipo":"otra","fuente":"OpenStreetMap Overpass","osm_tag":"amenity=school","mun":""}},{"type":"Feature","geometry":{"type":"Point","coordinates":[-100.361875,25.740322]},"properties":{"name":"(sin nombre)","tipo":"escuela","subtipo":"otra","fuente":"OpenStreetMap Overpass","osm_tag":"amenity=school","mun":""}},{"type":"Feature","geometry":{"type":"Point","coordinates":[-100.321615,25.705921]},"properties":{"name":"(sin nombre)","tipo":"escuela","subtipo":"otra","fuente":"OpenStreetMap Overpass","osm_tag":"amenity=school","mun":""}},{"type":"Feature","geometry":{"type":"Point","coordinates":[-100.288809,25.76967]},"properties":{"name":"(sin nombre)","tipo":"escuela","subtipo":"otra","fuente":"OpenStreetMap Overpass","osm_tag":"amenity=school","mun":""}},{"type":"Feature","geometry":{"type":"Point","coordinates":[-100.258912,25.741415]},"properties":{"name":"(sin nombre)","tipo":"escuela","subtipo":"otra","fuente":"OpenStreetMap Overpass","osm_tag":"amenity=school","mun":""}},{"type":"Feature","geometry":{"type":"Point","coordinates":[-100.261048,25.742716]},"properties":{"name":"(sin nombre)","tipo":"escuela","subtipo":"otra","fuente":"OpenStreetMap Overpass","osm_tag":"amenity=school","mun":""}},{"type":"Feature","geometry":{"type":"Point","coordinates":[-100.261878,25.742925]},"properties":{"name":"(sin nombre)","tipo":"escuela","subtipo":"otra","fuente":"OpenStreetMap Overpass","osm_tag":"amenity=school","mun":""}},{"type":"Feature","geometry":{"type":"Point","coordinates":[-100.466531,25.679609]},"properties":{"name":"(sin nombre)","tipo":"escuela","subtipo":"otra","fuente":"OpenStreetMap Overpass","osm_tag":"amenity=school","mun":""}},{"type":"Feature","geometry":{"type":"Point","coordinates":[-100.457341,25.970209]},"properties":{"name":"(sin nombre)","tipo":"escuela","subtipo":"otra","fuente":"OpenStreetMap Overpass","osm_tag":"amenity=school","mun":""}},{"type":"Feature","geometry":{"type":"Point","coordinates":[-100.203894,25.66831]},"properties":{"name":"(sin nombre)","tipo":"escuela","subtipo":"otra","fuente":"OpenStreetMap Overpass","osm_tag":"amenity=school","mun":""}},{"type":"Feature","geometry":{"type":"Point","coordinates":[-100.487966,25.67928]},"properties":{"name":"(sin nombre)","tipo":"escuela","subtipo":"otra","fuente":"OpenStreetMap Overpass","osm_tag":"amenity=school","mun":""}},{"type":"Feature","geometry":{"type":"Point","coordinates":[-100.271086,25.670432]},"properties":{"name":"(sin nombre)","tipo":"escuela","subtipo":"otra","fuente":"OpenStreetMap Overpass","osm_tag":"amenity=school","mun":""}},{"type":"Feature","geometry":{"type":"Point","coordinates":[-100.510698,25.704059]},"properties":{"name":"(sin nombre)","tipo":"escuela","subtipo":"otra","fuente":"OpenStreetMap Overpass","osm_tag":"amenity=school","mun":""}},{"type":"Feature","geometry":{"type":"Point","coordinates":[-100.15326,25.647024]},"properties":{"name":"(sin nombre)","tipo":"escuela","subtipo":"otra","fuente":"OpenStreetMap Overpass","osm_tag":"amenity=school","mun":""}},{"type":"Feature","geometry":{"type":"Point","coordinates":[-100.148267,25.643277]},"properties":{"name":"(sin nombre)","tipo":"escuela","subtipo":"otra","fuente":"OpenStreetMap Overpass","osm_tag":"amenity=school","mun":""}},{"type":"Feature","geometry":{"type":"Point","coordinates":[-100.147323,25.642951]},"properties":{"name":"(sin nombre)","tipo":"escuela","subtipo":"otra","fuente":"OpenStreetMap Overpass","osm_tag":"amenity=school","mun":""}},{"type":"Feature","geometry":{"type":"Point","coordinates":[-100.209883,25.669133]},"properties":{"name":"(sin nombre)","tipo":"escuela","subtipo":"otra","fuente":"OpenStreetMap Overpass","osm_tag":"amenity=school","mun":""}},{"type":"Feature","geometry":{"type":"Point","coordinates":[-100.093996,25.682067]},"properties":{"name":"(sin nombre)","tipo":"escuela","subtipo":"otra","fuente":"OpenStreetMap Overpass","osm_tag":"amenity=school","mun":""}},{"type":"Feature","geometry":{"type":"Point","coordinates":[-100.093043,25.682325]},"properties":{"name":"(sin nombre)","tipo":"escuela","subtipo":"otra","fuente":"OpenStreetMap Overpass","osm_tag":"amenity=school","mun":""}},{"type":"Feature","geometry":{"type":"Point","coordinates":[-100.091405,25.680036]},"properties":{"name":"(sin nombre)","tipo":"escuela","subtipo":"otra","fuente":"OpenStreetMap Overpass","osm_tag":"amenity=school","mun":""}},{"type":"Feature","geometry":{"type":"Point","coordinates":[-100.094152,25.678441]},"properties":{"name":"(sin nombre)","tipo":"escuela","subtipo":"otra","fuente":"OpenStreetMap Overpass","osm_tag":"amenity=school","mun":""}},{"type":"Feature","geometry":{"type":"Point","coordinates":[-100.092528,25.677112]},"properties":{"name":"(sin nombre)","tipo":"escuela","subtipo":"otra","fuente":"OpenStreetMap Overpass","osm_tag":"amenity=school","mun":""}},{"type":"Feature","geometry":{"type":"Point","coordinates":[-100.177224,25.724443]},"properties":{"name":"(sin nombre)","tipo":"escuela","subtipo":"otra","fuente":"OpenStreetMap Overpass","osm_tag":"amenity=school","mun":""}},{"type":"Feature","geometry":{"type":"Point","coordinates":[-100.162309,25.677626]},"properties":{"name":"(sin nombre)","tipo":"escuela","subtipo":"otra","fuente":"OpenStreetMap Overpass","osm_tag":"amenity=school","mun":""}},{"type":"Feature","geometry":{"type":"Point","coordinates":[-100.161295,25.677496]},"properties":{"name":"(sin nombre)","tipo":"escuela","subtipo":"otra","fuente":"OpenStreetMap Overpass","osm_tag":"amenity=school","mun":""}},{"type":"Feature","geometry":{"type":"Point","coordinates":[-100.312975,25.701218]},"properties":{"name":"(sin nombre)","tipo":"escuela","subtipo":"otra","fuente":"OpenStreetMap Overpass","osm_tag":"amenity=school","mun":""}},{"type":"Feature","geometry":{"type":"Point","coordinates":[-100.046009,25.789315]},"properties":{"name":"(sin nombre)","tipo":"escuela","subtipo":"otra","fuente":"OpenStreetMap Overpass","osm_tag":"amenity=school","mun":""}},{"type":"Feature","geometry":{"type":"Point","coordinates":[-100.092083,25.793305]},"properties":{"name":"(sin nombre)","tipo":"escuela","subtipo":"otra","fuente":"OpenStreetMap Overpass","osm_tag":"amenity=school","mun":""}},{"type":"Feature","geometry":{"type":"Point","coordinates":[-100.485532,25.778174]},"properties":{"name":"(sin nombre)","tipo":"escuela","subtipo":"otra","fuente":"OpenStreetMap Overpass","osm_tag":"amenity=school","mun":""}},{"type":"Feature","geometry":{"type":"Point","coordinates":[-100.254798,25.70059]},"properties":{"name":"(sin nombre)","tipo":"escuela","subtipo":"otra","fuente":"OpenStreetMap Overpass","osm_tag":"amenity=school","mun":""}},{"type":"Feature","geometry":{"type":"Point","coordinates":[-100.389863,25.767998]},"properties":{"name":"(sin nombre)","tipo":"escuela","subtipo":"otra","fuente":"OpenStreetMap Overpass","osm_tag":"amenity=school","mun":""}},{"type":"Feature","geometry":{"type":"Point","coordinates":[-100.393293,25.765074]},"properties":{"name":"(sin nombre)","tipo":"escuela","subtipo":"otra","fuente":"OpenStreetMap Overpass","osm_tag":"amenity=school","mun":""}},{"type":"Feature","geometry":{"type":"Point","coordinates":[-100.393825,25.76568]},"properties":{"name":"(sin nombre)","tipo":"escuela","subtipo":"otra","fuente":"OpenStreetMap Overpass","osm_tag":"amenity=school","mun":""}},{"type":"Feature","geometry":{"type":"Point","coordinates":[-100.384734,25.765263]},"properties":{"name":"(sin nombre)","tipo":"escuela","subtipo":"otra","fuente":"OpenStreetMap Overpass","osm_tag":"amenity=school","mun":""}},{"type":"Feature","geometry":{"type":"Point","coordinates":[-100.385829,25.764628]},"properties":{"name":"(sin nombre)","tipo":"escuela","subtipo":"otra","fuente":"OpenStreetMap Overpass","osm_tag":"amenity=school","mun":""}},{"type":"Feature","geometry":{"type":"Point","coordinates":[-100.379782,25.76622]},"properties":{"name":"(sin nombre)","tipo":"escuela","subtipo":"otra","fuente":"OpenStreetMap Overpass","osm_tag":"amenity=school","mun":""}},{"type":"Feature","geometry":{"type":"Point","coordinates":[-100.378859,25.76698]},"properties":{"name":"(sin nombre)","tipo":"escuela","subtipo":"otra","fuente":"OpenStreetMap Overpass","osm_tag":"amenity=school","mun":""}},{"type":"Feature","geometry":{"type":"Point","coordinates":[-100.381799,25.769489]},"properties":{"name":"(sin nombre)","tipo":"escuela","subtipo":"otra","fuente":"OpenStreetMap Overpass","osm_tag":"amenity=school","mun":""}},{"type":"Feature","geometry":{"type":"Point","coordinates":[-100.380631,25.769681]},"properties":{"name":"(sin nombre)","tipo":"escuela","subtipo":"otra","fuente":"OpenStreetMap Overpass","osm_tag":"amenity=school","mun":""}},{"type":"Feature","geometry":{"type":"Point","coordinates":[-100.376903,25.773678]},"properties":{"name":"(sin nombre)","tipo":"escuela","subtipo":"otra","fuente":"OpenStreetMap Overpass","osm_tag":"amenity=school","mun":""}},{"type":"Feature","geometry":{"type":"Point","coordinates":[-100.376147,25.774142]},"properties":{"name":"(sin nombre)","tipo":"escuela","subtipo":"otra","fuente":"OpenStreetMap Overpass","osm_tag":"amenity=school","mun":""}},{"type":"Feature","geometry":{"type":"Point","coordinates":[-100.376324,25.772241]},"properties":{"name":"(sin nombre)","tipo":"escuela","subtipo":"otra","fuente":"OpenStreetMap Overpass","osm_tag":"amenity=school","mun":""}},{"type":"Feature","geometry":{"type":"Point","coordinates":[-100.374608,25.767629]},"properties":{"name":"(sin nombre)","tipo":"escuela","subtipo":"otra","fuente":"OpenStreetMap Overpass","osm_tag":"amenity=school","mun":""}},{"type":"Feature","geometry":{"type":"Point","coordinates":[-100.372514,25.767248]},"properties":{"name":"(sin nombre)","tipo":"escuela","subtipo":"otra","fuente":"OpenStreetMap Overpass","osm_tag":"amenity=school","mun":""}},{"type":"Feature","geometry":{"type":"Point","coordinates":[-100.372754,25.76653]},"properties":{"name":"(sin nombre)","tipo":"escuela","subtipo":"otra","fuente":"OpenStreetMap Overpass","osm_tag":"amenity=school","mun":""}},{"type":"Feature","geometry":{"type":"Point","coordinates":[-100.369431,25.76365]},"properties":{"name":"(sin nombre)","tipo":"escuela","subtipo":"otra","fuente":"OpenStreetMap Overpass","osm_tag":"amenity=school","mun":""}},{"type":"Feature","geometry":{"type":"Point","coordinates":[-100.367752,25.76315]},"properties":{"name":"(sin nombre)","tipo":"escuela","subtipo":"otra","fuente":"OpenStreetMap Overpass","osm_tag":"amenity=school","mun":""}},{"type":"Feature","geometry":{"type":"Point","coordinates":[-100.366447,25.768443]},"properties":{"name":"(sin nombre)","tipo":"escuela","subtipo":"otra","fuente":"OpenStreetMap Overpass","osm_tag":"amenity=school","mun":""}},{"type":"Feature","geometry":{"type":"Point","coordinates":[-100.371122,25.76986]},"properties":{"name":"(sin nombre)","tipo":"escuela","subtipo":"otra","fuente":"OpenStreetMap Overpass","osm_tag":"amenity=school","mun":""}},{"type":"Feature","geometry":{"type":"Point","coordinates":[-100.368419,25.770876]},"properties":{"name":"(sin nombre)","tipo":"escuela","subtipo":"otra","fuente":"OpenStreetMap Overpass","osm_tag":"amenity=school","mun":""}},{"type":"Feature","geometry":{"type":"Point","coordinates":[-100.378263,25.745022]},"properties":{"name":"(sin nombre)","tipo":"escuela","subtipo":"otra","fuente":"OpenStreetMap Overpass","osm_tag":"amenity=school","mun":""}},{"type":"Feature","geometry":{"type":"Point","coordinates":[-100.379044,25.743045]},"properties":{"name":"(sin nombre)","tipo":"escuela","subtipo":"otra","fuente":"OpenStreetMap Overpass","osm_tag":"amenity=school","mun":""}},{"type":"Feature","geometry":{"type":"Point","coordinates":[-100.407277,25.768068]},"properties":{"name":"(sin nombre)","tipo":"escuela","subtipo":"otra","fuente":"OpenStreetMap Overpass","osm_tag":"amenity=school","mun":""}},{"type":"Feature","geometry":{"type":"Point","coordinates":[-100.406863,25.768737]},"properties":{"name":"(sin nombre)","tipo":"escuela","subtipo":"otra","fuente":"OpenStreetMap Overpass","osm_tag":"amenity=school","mun":""}},{"type":"Feature","geometry":{"type":"Point","coordinates":[-100.411034,25.770757]},"properties":{"name":"(sin nombre)","tipo":"escuela","subtipo":"otra","fuente":"OpenStreetMap Overpass","osm_tag":"amenity=school","mun":""}},{"type":"Feature","geometry":{"type":"Point","coordinates":[-100.413032,25.776837]},"properties":{"name":"(sin nombre)","tipo":"escuela","subtipo":"otra","fuente":"OpenStreetMap Overpass","osm_tag":"amenity=school","mun":""}},{"type":"Feature","geometry":{"type":"Point","coordinates":[-100.400453,25.778713]},"properties":{"name":"(sin nombre)","tipo":"escuela","subtipo":"otra","fuente":"OpenStreetMap Overpass","osm_tag":"amenity=school","mun":""}},{"type":"Feature","geometry":{"type":"Point","coordinates":[-100.403974,25.77319]},"properties":{"name":"(sin nombre)","tipo":"escuela","subtipo":"otra","fuente":"OpenStreetMap Overpass","osm_tag":"amenity=school","mun":""}},{"type":"Feature","geometry":{"type":"Point","coordinates":[-100.397269,25.783298]},"properties":{"name":"(sin nombre)","tipo":"escuela","subtipo":"otra","fuente":"OpenStreetMap Overpass","osm_tag":"amenity=school","mun":""}},{"type":"Feature","geometry":{"type":"Point","coordinates":[-100.393418,25.781627]},"properties":{"name":"(sin nombre)","tipo":"escuela","subtipo":"otra","fuente":"OpenStreetMap Overpass","osm_tag":"amenity=school","mun":""}},{"type":"Feature","geometry":{"type":"Point","coordinates":[-100.388991,25.78117]},"properties":{"name":"(sin nombre)","tipo":"escuela","subtipo":"otra","fuente":"OpenStreetMap Overpass","osm_tag":"amenity=school","mun":""}},{"type":"Feature","geometry":{"type":"Point","coordinates":[-100.388831,25.785455]},"properties":{"name":"(sin nombre)","tipo":"escuela","subtipo":"otra","fuente":"OpenStreetMap Overpass","osm_tag":"amenity=school","mun":""}},{"type":"Feature","geometry":{"type":"Point","coordinates":[-100.383342,25.780108]},"properties":{"name":"(sin nombre)","tipo":"escuela","subtipo":"otra","fuente":"OpenStreetMap Overpass","osm_tag":"amenity=school","mun":""}},{"type":"Feature","geometry":{"type":"Point","coordinates":[-100.378315,25.785691]},"properties":{"name":"(sin nombre)","tipo":"escuela","subtipo":"otra","fuente":"OpenStreetMap Overpass","osm_tag":"amenity=school","mun":""}},{"type":"Feature","geometry":{"type":"Point","coordinates":[-100.37457,25.783086]},"properties":{"name":"(sin nombre)","tipo":"escuela","subtipo":"otra","fuente":"OpenStreetMap Overpass","osm_tag":"amenity=school","mun":""}},{"type":"Feature","geometry":{"type":"Point","coordinates":[-100.373984,25.782264]},"properties":{"name":"(sin nombre)","tipo":"escuela","subtipo":"otra","fuente":"OpenStreetMap Overpass","osm_tag":"amenity=school","mun":""}},{"type":"Feature","geometry":{"type":"Point","coordinates":[-100.373127,25.779604]},"properties":{"name":"(sin nombre)","tipo":"escuela","subtipo":"otra","fuente":"OpenStreetMap Overpass","osm_tag":"amenity=school","mun":""}},{"type":"Feature","geometry":{"type":"Point","coordinates":[-100.372452,25.778452]},"properties":{"name":"(sin nombre)","tipo":"escuela","subtipo":"otra","fuente":"OpenStreetMap Overpass","osm_tag":"amenity=school","mun":""}},{"type":"Feature","geometry":{"type":"Point","coordinates":[-100.380449,25.791325]},"properties":{"name":"(sin nombre)","tipo":"escuela","subtipo":"otra","fuente":"OpenStreetMap Overpass","osm_tag":"amenity=school","mun":""}},{"type":"Feature","geometry":{"type":"Point","coordinates":[-100.381326,25.790861]},"properties":{"name":"(sin nombre)","tipo":"escuela","subtipo":"otra","fuente":"OpenStreetMap Overpass","osm_tag":"amenity=school","mun":""}},{"type":"Feature","geometry":{"type":"Point","coordinates":[-100.383185,25.794635]},"properties":{"name":"(sin nombre)","tipo":"escuela","subtipo":"otra","fuente":"OpenStreetMap Overpass","osm_tag":"amenity=school","mun":""}},{"type":"Feature","geometry":{"type":"Point","coordinates":[-100.377836,25.789999]},"properties":{"name":"(sin nombre)","tipo":"escuela","subtipo":"otra","fuente":"OpenStreetMap Overpass","osm_tag":"amenity=school","mun":""}},{"type":"Feature","geometry":{"type":"Point","coordinates":[-100.104923,25.694281]},"properties":{"name":"(sin nombre)","tipo":"escuela","subtipo":"otra","fuente":"OpenStreetMap Overpass","osm_tag":"amenity=school","mun":""}},{"type":"Feature","geometry":{"type":"Point","coordinates":[-100.110496,25.6878]},"properties":{"name":"(sin nombre)","tipo":"escuela","subtipo":"otra","fuente":"OpenStreetMap Overpass","osm_tag":"amenity=school","mun":""}},{"type":"Feature","geometry":{"type":"Point","coordinates":[-100.118532,25.690452]},"properties":{"name":"(sin nombre)","tipo":"escuela","subtipo":"otra","fuente":"OpenStreetMap Overpass","osm_tag":"amenity=school","mun":""}},{"type":"Feature","geometry":{"type":"Point","coordinates":[-100.261216,25.669992]},"properties":{"name":"(sin nombre)","tipo":"escuela","subtipo":"otra","fuente":"OpenStreetMap Overpass","osm_tag":"amenity=school","mun":""}},{"type":"Feature","geometry":{"type":"Point","coordinates":[-100.217171,25.800116]},"properties":{"name":"(sin nombre)","tipo":"escuela","subtipo":"otra","fuente":"OpenStreetMap Overpass","osm_tag":"amenity=school","mun":""}},{"type":"Feature","geometry":{"type":"Point","coordinates":[-100.214848,25.796321]},"properties":{"name":"(sin nombre)","tipo":"escuela","subtipo":"otra","fuente":"OpenStreetMap Overpass","osm_tag":"amenity=school","mun":""}},{"type":"Feature","geometry":{"type":"Point","coordinates":[-100.213013,25.796172]},"properties":{"name":"(sin nombre)","tipo":"escuela","subtipo":"otra","fuente":"OpenStreetMap Overpass","osm_tag":"amenity=school","mun":""}},{"type":"Feature","geometry":{"type":"Point","coordinates":[-100.346291,25.718916]},"properties":{"name":"(sin nombre)","tipo":"escuela","subtipo":"otra","fuente":"OpenStreetMap Overpass","osm_tag":"amenity=school","mun":""}},{"type":"Feature","geometry":{"type":"Point","coordinates":[-100.345459,25.719112]},"properties":{"name":"(sin nombre)","tipo":"escuela","subtipo":"otra","fuente":"OpenStreetMap Overpass","osm_tag":"amenity=school","mun":""}},{"type":"Feature","geometry":{"type":"Point","coordinates":[-100.35268,25.720405]},"properties":{"name":"(sin nombre)","tipo":"escuela","subtipo":"otra","fuente":"OpenStreetMap Overpass","osm_tag":"amenity=school","mun":""}},{"type":"Feature","geometry":{"type":"Point","coordinates":[-100.339829,25.731489]},"properties":{"name":"(sin nombre)","tipo":"escuela","subtipo":"otra","fuente":"OpenStreetMap Overpass","osm_tag":"amenity=school","mun":""}},{"type":"Feature","geometry":{"type":"Point","coordinates":[-100.297487,25.634772]},"properties":{"name":"(sin nombre)","tipo":"escuela","subtipo":"otra","fuente":"OpenStreetMap Overpass","osm_tag":"amenity=school","mun":""}},{"type":"Feature","geometry":{"type":"Point","coordinates":[-100.291673,25.628222]},"properties":{"name":"(sin nombre)","tipo":"escuela","subtipo":"otra","fuente":"OpenStreetMap Overpass","osm_tag":"amenity=school","mun":""}},{"type":"Feature","geometry":{"type":"Point","coordinates":[-100.288617,25.633523]},"properties":{"name":"(sin nombre)","tipo":"escuela","subtipo":"otra","fuente":"OpenStreetMap Overpass","osm_tag":"amenity=school","mun":""}},{"type":"Feature","geometry":{"type":"Point","coordinates":[-100.291365,25.640289]},"properties":{"name":"(sin nombre)","tipo":"escuela","subtipo":"otra","fuente":"OpenStreetMap Overpass","osm_tag":"amenity=school","mun":""}},{"type":"Feature","geometry":{"type":"Point","coordinates":[-100.290854,25.639675]},"properties":{"name":"(sin nombre)","tipo":"escuela","subtipo":"otra","fuente":"OpenStreetMap Overpass","osm_tag":"amenity=school","mun":""}},{"type":"Feature","geometry":{"type":"Point","coordinates":[-100.285147,25.63099]},"properties":{"name":"(sin nombre)","tipo":"escuela","subtipo":"otra","fuente":"OpenStreetMap Overpass","osm_tag":"amenity=school","mun":""}},{"type":"Feature","geometry":{"type":"Point","coordinates":[-100.28989,25.629108]},"properties":{"name":"(sin nombre)","tipo":"escuela","subtipo":"otra","fuente":"OpenStreetMap Overpass","osm_tag":"amenity=school","mun":""}},{"type":"Feature","geometry":{"type":"Point","coordinates":[-100.279828,25.629239]},"properties":{"name":"(sin nombre)","tipo":"escuela","subtipo":"otra","fuente":"OpenStreetMap Overpass","osm_tag":"amenity=school","mun":""}},{"type":"Feature","geometry":{"type":"Point","coordinates":[-100.308807,25.649127]},"properties":{"name":"(sin nombre)","tipo":"escuela","subtipo":"otra","fuente":"OpenStreetMap Overpass","osm_tag":"amenity=school","mun":""}},{"type":"Feature","geometry":{"type":"Point","coordinates":[-100.314398,25.641285]},"properties":{"name":"(sin nombre)","tipo":"escuela","subtipo":"otra","fuente":"OpenStreetMap Overpass","osm_tag":"amenity=school","mun":""}},{"type":"Feature","geometry":{"type":"Point","coordinates":[-100.181998,25.625318]},"properties":{"name":"(sin nombre)","tipo":"escuela","subtipo":"otra","fuente":"OpenStreetMap Overpass","osm_tag":"amenity=school","mun":""}},{"type":"Feature","geometry":{"type":"Point","coordinates":[-100.181758,25.634477]},"properties":{"name":"(sin nombre)","tipo":"escuela","subtipo":"otra","fuente":"OpenStreetMap Overpass","osm_tag":"amenity=school","mun":""}},{"type":"Feature","geometry":{"type":"Point","coordinates":[-100.184443,25.640077]},"properties":{"name":"(sin nombre)","tipo":"escuela","subtipo":"otra","fuente":"OpenStreetMap Overpass","osm_tag":"amenity=school","mun":""}},{"type":"Feature","geometry":{"type":"Point","coordinates":[-100.18546,25.637632]},"properties":{"name":"(sin nombre)","tipo":"escuela","subtipo":"otra","fuente":"OpenStreetMap Overpass","osm_tag":"amenity=school","mun":""}},{"type":"Feature","geometry":{"type":"Point","coordinates":[-100.19256,25.642863]},"properties":{"name":"(sin nombre)","tipo":"escuela","subtipo":"otra","fuente":"OpenStreetMap Overpass","osm_tag":"amenity=school","mun":""}},{"type":"Feature","geometry":{"type":"Point","coordinates":[-100.193309,25.738599]},"properties":{"name":"(sin nombre)","tipo":"escuela","subtipo":"otra","fuente":"OpenStreetMap Overpass","osm_tag":"amenity=school","mun":""}},{"type":"Feature","geometry":{"type":"Point","coordinates":[-100.286958,25.689101]},"properties":{"name":"(sin nombre)","tipo":"escuela","subtipo":"otra","fuente":"OpenStreetMap Overpass","osm_tag":"amenity=school","mun":""}},{"type":"Feature","geometry":{"type":"Point","coordinates":[-100.258647,25.744573]},"properties":{"name":"(sin nombre)","tipo":"escuela","subtipo":"otra","fuente":"OpenStreetMap Overpass","osm_tag":"amenity=school","mun":""}},{"type":"Feature","geometry":{"type":"Point","coordinates":[-100.322097,25.728421]},"properties":{"name":"(sin nombre)","tipo":"escuela","subtipo":"otra","fuente":"OpenStreetMap Overpass","osm_tag":"amenity=school","mun":""}},{"type":"Feature","geometry":{"type":"Point","coordinates":[-100.325023,25.72896]},"properties":{"name":"(sin nombre)","tipo":"escuela","subtipo":"otra","fuente":"OpenStreetMap Overpass","osm_tag":"amenity=school","mun":""}},{"type":"Feature","geometry":{"type":"Point","coordinates":[-100.32229,25.733439]},"properties":{"name":"(sin nombre)","tipo":"escuela","subtipo":"otra","fuente":"OpenStreetMap Overpass","osm_tag":"amenity=school","mun":""}},{"type":"Feature","geometry":{"type":"Point","coordinates":[-100.318701,25.733753]},"properties":{"name":"(sin nombre)","tipo":"escuela","subtipo":"otra","fuente":"OpenStreetMap Overpass","osm_tag":"amenity=school","mun":""}},{"type":"Feature","geometry":{"type":"Point","coordinates":[-100.319473,25.73582]},"properties":{"name":"(sin nombre)","tipo":"escuela","subtipo":"otra","fuente":"OpenStreetMap Overpass","osm_tag":"amenity=school","mun":""}},{"type":"Feature","geometry":{"type":"Point","coordinates":[-100.390204,25.48986]},"properties":{"name":"(sin nombre)","tipo":"escuela","subtipo":"otra","fuente":"OpenStreetMap Overpass","osm_tag":"amenity=school","mun":""}},{"type":"Feature","geometry":{"type":"Point","coordinates":[-100.171318,25.966026]},"properties":{"name":"(sin nombre)","tipo":"escuela","subtipo":"otra","fuente":"OpenStreetMap Overpass","osm_tag":"amenity=school","mun":""}},{"type":"Feature","geometry":{"type":"Point","coordinates":[-100.261526,25.714411]},"properties":{"name":"(sin nombre)","tipo":"escuela","subtipo":"otra","fuente":"OpenStreetMap Overpass","osm_tag":"amenity=school","mun":""}},{"type":"Feature","geometry":{"type":"Point","coordinates":[-100.337273,25.731337]},"properties":{"name":"(sin nombre)","tipo":"escuela","subtipo":"otra","fuente":"OpenStreetMap Overpass","osm_tag":"amenity=school","mun":""}},{"type":"Feature","geometry":{"type":"Point","coordinates":[-100.155929,25.754616]},"properties":{"name":"(sin nombre)","tipo":"escuela","subtipo":"otra","fuente":"OpenStreetMap Overpass","osm_tag":"amenity=school","mun":""}},{"type":"Feature","geometry":{"type":"Point","coordinates":[-100.087908,25.706408]},"properties":{"name":"(sin nombre)","tipo":"escuela","subtipo":"otra","fuente":"OpenStreetMap Overpass","osm_tag":"amenity=school","mun":""}},{"type":"Feature","geometry":{"type":"Point","coordinates":[-100.253006,25.791965]},"properties":{"name":"(sin nombre)","tipo":"escuela","subtipo":"otra","fuente":"OpenStreetMap Overpass","osm_tag":"amenity=school","mun":""}},{"type":"Feature","geometry":{"type":"Point","coordinates":[-100.28599,25.618094]},"properties":{"name":"(sin nombre)","tipo":"escuela","subtipo":"otra","fuente":"OpenStreetMap Overpass","osm_tag":"amenity=school","mun":""}},{"type":"Feature","geometry":{"type":"Point","coordinates":[-100.298083,25.623393]},"properties":{"name":"(sin nombre)","tipo":"escuela","subtipo":"otra","fuente":"OpenStreetMap Overpass","osm_tag":"amenity=school","mun":""}},{"type":"Feature","geometry":{"type":"Point","coordinates":[-100.29959,25.627972]},"properties":{"name":"(sin nombre)","tipo":"escuela","subtipo":"otra","fuente":"OpenStreetMap Overpass","osm_tag":"amenity=school","mun":""}},{"type":"Feature","geometry":{"type":"Point","coordinates":[-100.102901,25.801772]},"properties":{"name":"(sin nombre)","tipo":"escuela","subtipo":"otra","fuente":"OpenStreetMap Overpass","osm_tag":"amenity=school","mun":""}},{"type":"Feature","geometry":{"type":"Point","coordinates":[-100.315722,25.735478]},"properties":{"name":"(sin nombre)","tipo":"escuela","subtipo":"otra","fuente":"OpenStreetMap Overpass","osm_tag":"amenity=school","mun":""}},{"type":"Feature","geometry":{"type":"Point","coordinates":[-100.338825,25.710528]},"properties":{"name":"(sin nombre)","tipo":"escuela","subtipo":"otra","fuente":"OpenStreetMap Overpass","osm_tag":"amenity=school","mun":""}},{"type":"Feature","geometry":{"type":"Point","coordinates":[-100.130207,25.621529]},"properties":{"name":"(sin nombre)","tipo":"escuela","subtipo":"otra","fuente":"OpenStreetMap Overpass","osm_tag":"amenity=school","mun":""}},{"type":"Feature","geometry":{"type":"Point","coordinates":[-100.131675,25.622003]},"properties":{"name":"(sin nombre)","tipo":"escuela","subtipo":"otra","fuente":"OpenStreetMap Overpass","osm_tag":"amenity=school","mun":""}},{"type":"Feature","geometry":{"type":"Point","coordinates":[-100.086991,25.617265]},"properties":{"name":"(sin nombre)","tipo":"escuela","subtipo":"otra","fuente":"OpenStreetMap Overpass","osm_tag":"amenity=school","mun":""}},{"type":"Feature","geometry":{"type":"Point","coordinates":[-100.094848,25.614037]},"properties":{"name":"(sin nombre)","tipo":"escuela","subtipo":"otra","fuente":"OpenStreetMap Overpass","osm_tag":"amenity=school","mun":""}},{"type":"Feature","geometry":{"type":"Point","coordinates":[-100.111688,25.623063]},"properties":{"name":"(sin nombre)","tipo":"escuela","subtipo":"otra","fuente":"OpenStreetMap Overpass","osm_tag":"amenity=school","mun":""}},{"type":"Feature","geometry":{"type":"Point","coordinates":[-100.112711,25.625309]},"properties":{"name":"(sin nombre)","tipo":"escuela","subtipo":"otra","fuente":"OpenStreetMap Overpass","osm_tag":"amenity=school","mun":""}},{"type":"Feature","geometry":{"type":"Point","coordinates":[-100.155204,25.6325]},"properties":{"name":"(sin nombre)","tipo":"escuela","subtipo":"otra","fuente":"OpenStreetMap Overpass","osm_tag":"amenity=school","mun":""}},{"type":"Feature","geometry":{"type":"Point","coordinates":[-100.325389,25.710619]},"properties":{"name":"(sin nombre)","tipo":"escuela","subtipo":"otra","fuente":"OpenStreetMap Overpass","osm_tag":"amenity=school","mun":""}},{"type":"Feature","geometry":{"type":"Point","coordinates":[-100.246707,25.758813]},"properties":{"name":"(sin nombre)","tipo":"escuela","subtipo":"otra","fuente":"OpenStreetMap Overpass","osm_tag":"amenity=school","mun":""}},{"type":"Feature","geometry":{"type":"Point","coordinates":[-100.319176,25.795789]},"properties":{"name":"(sin nombre)","tipo":"escuela","subtipo":"otra","fuente":"OpenStreetMap Overpass","osm_tag":"amenity=school","mun":""}},{"type":"Feature","geometry":{"type":"Point","coordinates":[-100.316743,25.761032]},"properties":{"name":"(sin nombre)","tipo":"escuela","subtipo":"otra","fuente":"OpenStreetMap Overpass","osm_tag":"amenity=school","mun":""}},{"type":"Feature","geometry":{"type":"Point","coordinates":[-100.233358,25.68167]},"properties":{"name":"(sin nombre)","tipo":"escuela","subtipo":"otra","fuente":"OpenStreetMap Overpass","osm_tag":"amenity=school","mun":"GUADALUPE"}},{"type":"Feature","geometry":{"type":"Point","coordinates":[-100.193044,25.735281]},"properties":{"name":"(sin nombre)","tipo":"escuela","subtipo":"otra","fuente":"OpenStreetMap Overpass","osm_tag":"amenity=school","mun":""}},{"type":"Feature","geometry":{"type":"Point","coordinates":[-100.193732,25.732131]},"properties":{"name":"(sin nombre)","tipo":"escuela","subtipo":"otra","fuente":"OpenStreetMap Overpass","osm_tag":"amenity=school","mun":""}},{"type":"Feature","geometry":{"type":"Point","coordinates":[-100.239165,25.674979]},"properties":{"name":"(sin nombre)","tipo":"escuela","subtipo":"otra","fuente":"OpenStreetMap Overpass","osm_tag":"amenity=school","mun":""}},{"type":"Feature","geometry":{"type":"Point","coordinates":[-100.16685,25.655213]},"properties":{"name":"(sin nombre)","tipo":"escuela","subtipo":"otra","fuente":"OpenStreetMap Overpass","osm_tag":"amenity=school","mun":""}},{"type":"Feature","geometry":{"type":"Point","coordinates":[-100.078786,25.674043]},"properties":{"name":"(sin nombre)","tipo":"escuela","subtipo":"otra","fuente":"OpenStreetMap Overpass","osm_tag":"amenity=school","mun":""}},{"type":"Feature","geometry":{"type":"Point","coordinates":[-100.124493,25.698547]},"properties":{"name":"(sin nombre)","tipo":"escuela","subtipo":"otra","fuente":"OpenStreetMap Overpass","osm_tag":"amenity=school","mun":""}},{"type":"Feature","geometry":{"type":"Point","coordinates":[-100.100782,25.927326]},"properties":{"name":"(sin nombre)","tipo":"escuela","subtipo":"otra","fuente":"OpenStreetMap Overpass","osm_tag":"amenity=school","mun":""}},{"type":"Feature","geometry":{"type":"Point","coordinates":[-100.100664,25.926403]},"properties":{"name":"(sin nombre)","tipo":"escuela","subtipo":"otra","fuente":"OpenStreetMap Overpass","osm_tag":"amenity=school","mun":""}},{"type":"Feature","geometry":{"type":"Point","coordinates":[-100.108272,25.699482]},"properties":{"name":"(sin nombre)","tipo":"escuela","subtipo":"otra","fuente":"OpenStreetMap Overpass","osm_tag":"amenity=school","mun":""}},{"type":"Feature","geometry":{"type":"Point","coordinates":[-100.184761,25.788234]},"properties":{"name":"(sin nombre)","tipo":"escuela","subtipo":"otra","fuente":"OpenStreetMap Overpass","osm_tag":"amenity=school","mun":""}},{"type":"Feature","geometry":{"type":"Point","coordinates":[-100.182554,25.778938]},"properties":{"name":"(sin nombre)","tipo":"escuela","subtipo":"otra","fuente":"OpenStreetMap Overpass","osm_tag":"amenity=school","mun":""}},{"type":"Feature","geometry":{"type":"Point","coordinates":[-100.293424,25.750499]},"properties":{"name":"(sin nombre)","tipo":"escuela","subtipo":"otra","fuente":"OpenStreetMap Overpass","osm_tag":"amenity=school","mun":""}},{"type":"Feature","geometry":{"type":"Point","coordinates":[-100.411356,25.664818]},"properties":{"name":"(sin nombre)","tipo":"escuela","subtipo":"otra","fuente":"OpenStreetMap Overpass","osm_tag":"amenity=school","mun":""}},{"type":"Feature","geometry":{"type":"Point","coordinates":[-100.442069,25.661612]},"properties":{"name":"(sin nombre)","tipo":"escuela","subtipo":"universidad","fuente":"OpenStreetMap Overpass","osm_tag":"amenity=university","mun":""}},{"type":"Feature","geometry":{"type":"Point","coordinates":[-100.306182,25.665149]},"properties":{"name":"(sin nombre)","tipo":"escuela","subtipo":"college","fuente":"OpenStreetMap Overpass","osm_tag":"amenity=college","mun":""}},{"type":"Feature","geometry":{"type":"Point","coordinates":[-100.327032,25.668888]},"properties":{"name":"(sin nombre)","tipo":"escuela","subtipo":"college","fuente":"OpenStreetMap Overpass","osm_tag":"amenity=college","mun":""}},{"type":"Feature","geometry":{"type":"Point","coordinates":[-100.4038,25.725063]},"properties":{"name":"(sin nombre)","tipo":"escuela","subtipo":"college","fuente":"OpenStreetMap Overpass","osm_tag":"amenity=college","mun":""}},{"type":"Feature","geometry":{"type":"Point","coordinates":[-100.054174,25.796309]},"properties":{"name":"(sin nombre)","tipo":"escuela","subtipo":"college","fuente":"OpenStreetMap Overpass","osm_tag":"amenity=college","mun":""}},{"type":"Feature","geometry":{"type":"Point","coordinates":[-100.304906,25.650607]},"properties":{"name":"(sin nombre)","tipo":"escuela","subtipo":"jardin","fuente":"OpenStreetMap Overpass","osm_tag":"amenity=kindergarten","mun":""}},{"type":"Feature","geometry":{"type":"Point","coordinates":[-100.265393,25.652764]},"properties":{"name":"(sin nombre)","tipo":"escuela","subtipo":"jardin","fuente":"OpenStreetMap Overpass","osm_tag":"amenity=kindergarten","mun":""}},{"type":"Feature","geometry":{"type":"Point","coordinates":[-100.295763,25.640286]},"properties":{"name":"(sin nombre)","tipo":"escuela","subtipo":"jardin","fuente":"OpenStreetMap Overpass","osm_tag":"amenity=kindergarten","mun":""}},{"type":"Feature","geometry":{"type":"Point","coordinates":[-100.248796,25.712474]},"properties":{"name":"(sin nombre)","tipo":"escuela","subtipo":"jardin","fuente":"OpenStreetMap Overpass","osm_tag":"amenity=kindergarten","mun":""}},{"type":"Feature","geometry":{"type":"Point","coordinates":[-100.212518,25.699812]},"properties":{"name":"(sin nombre)","tipo":"escuela","subtipo":"jardin","fuente":"OpenStreetMap Overpass","osm_tag":"amenity=kindergarten","mun":""}},{"type":"Feature","geometry":{"type":"Point","coordinates":[-100.208921,25.689364]},"properties":{"name":"(sin nombre)","tipo":"escuela","subtipo":"jardin","fuente":"OpenStreetMap Overpass","osm_tag":"amenity=kindergarten","mun":""}},{"type":"Feature","geometry":{"type":"Point","coordinates":[-100.208378,25.682208]},"properties":{"name":"(sin nombre)","tipo":"escuela","subtipo":"jardin","fuente":"OpenStreetMap Overpass","osm_tag":"amenity=kindergarten","mun":""}},{"type":"Feature","geometry":{"type":"Point","coordinates":[-100.188782,25.689896]},"properties":{"name":"(sin nombre)","tipo":"escuela","subtipo":"jardin","fuente":"OpenStreetMap Overpass","osm_tag":"amenity=kindergarten","mun":""}},{"type":"Feature","geometry":{"type":"Point","coordinates":[-100.188051,25.699191]},"properties":{"name":"(sin nombre)","tipo":"escuela","subtipo":"jardin","fuente":"OpenStreetMap Overpass","osm_tag":"amenity=kindergarten","mun":""}},{"type":"Feature","geometry":{"type":"Point","coordinates":[-100.21513,25.679736]},"properties":{"name":"(sin nombre)","tipo":"escuela","subtipo":"jardin","fuente":"OpenStreetMap Overpass","osm_tag":"amenity=kindergarten","mun":""}},{"type":"Feature","geometry":{"type":"Point","coordinates":[-100.225268,25.672293]},"properties":{"name":"(sin nombre)","tipo":"escuela","subtipo":"jardin","fuente":"OpenStreetMap Overpass","osm_tag":"amenity=kindergarten","mun":""}},{"type":"Feature","geometry":{"type":"Point","coordinates":[-100.233751,25.772001]},"properties":{"name":"(sin nombre)","tipo":"escuela","subtipo":"jardin","fuente":"OpenStreetMap Overpass","osm_tag":"amenity=kindergarten","mun":""}},{"type":"Feature","geometry":{"type":"Point","coordinates":[-100.232467,25.664455]},"properties":{"name":"(sin nombre)","tipo":"escuela","subtipo":"jardin","fuente":"OpenStreetMap Overpass","osm_tag":"amenity=kindergarten","mun":""}},{"type":"Feature","geometry":{"type":"Point","coordinates":[-100.238364,25.660305]},"properties":{"name":"(sin nombre)","tipo":"escuela","subtipo":"jardin","fuente":"OpenStreetMap Overpass","osm_tag":"amenity=kindergarten","mun":""}},{"type":"Feature","geometry":{"type":"Point","coordinates":[-100.246136,25.824214]},"properties":{"name":"(sin nombre)","tipo":"escuela","subtipo":"jardin","fuente":"OpenStreetMap Overpass","osm_tag":"amenity=kindergarten","mun":""}},{"type":"Feature","geometry":{"type":"Point","coordinates":[-100.306047,25.650452]},"properties":{"name":"(sin nombre)","tipo":"escuela","subtipo":"jardin","fuente":"OpenStreetMap Overpass","osm_tag":"amenity=kindergarten","mun":""}},{"type":"Feature","geometry":{"type":"Point","coordinates":[-100.243646,25.742793]},"properties":{"name":"(sin nombre)","tipo":"escuela","subtipo":"jardin","fuente":"OpenStreetMap Overpass","osm_tag":"amenity=kindergarten","mun":""}},{"type":"Feature","geometry":{"type":"Point","coordinates":[-100.236236,25.72832]},"properties":{"name":"(sin nombre)","tipo":"escuela","subtipo":"jardin","fuente":"OpenStreetMap Overpass","osm_tag":"amenity=kindergarten","mun":""}},{"type":"Feature","geometry":{"type":"Point","coordinates":[-100.249212,25.774709]},"properties":{"name":"(sin nombre)","tipo":"escuela","subtipo":"jardin","fuente":"OpenStreetMap Overpass","osm_tag":"amenity=kindergarten","mun":""}},{"type":"Feature","geometry":{"type":"Point","coordinates":[-100.199927,25.66349]},"properties":{"name":"(sin nombre)","tipo":"escuela","subtipo":"jardin","fuente":"OpenStreetMap Overpass","osm_tag":"amenity=kindergarten","mun":""}},{"type":"Feature","geometry":{"type":"Point","coordinates":[-100.362131,25.75906]},"properties":{"name":"(sin nombre)","tipo":"escuela","subtipo":"jardin","fuente":"OpenStreetMap Overpass","osm_tag":"amenity=kindergarten","mun":""}},{"type":"Feature","geometry":{"type":"Point","coordinates":[-100.328254,25.790078]},"properties":{"name":"(sin nombre)","tipo":"escuela","subtipo":"jardin","fuente":"OpenStreetMap Overpass","osm_tag":"amenity=kindergarten","mun":""}},{"type":"Feature","geometry":{"type":"Point","coordinates":[-100.314769,25.742233]},"properties":{"name":"(sin nombre)","tipo":"escuela","subtipo":"jardin","fuente":"OpenStreetMap Overpass","osm_tag":"amenity=kindergarten","mun":""}},{"type":"Feature","geometry":{"type":"Point","coordinates":[-100.319957,25.708675]},"properties":{"name":"(sin nombre)","tipo":"escuela","subtipo":"jardin","fuente":"OpenStreetMap Overpass","osm_tag":"amenity=kindergarten","mun":""}},{"type":"Feature","geometry":{"type":"Point","coordinates":[-100.182425,25.782837]},"properties":{"name":"(sin nombre)","tipo":"escuela","subtipo":"jardin","fuente":"OpenStreetMap Overpass","osm_tag":"amenity=kindergarten","mun":""}},{"type":"Feature","geometry":{"type":"Point","coordinates":[-100.103977,25.695204]},"properties":{"name":"(sin nombre)","tipo":"escuela","subtipo":"jardin","fuente":"OpenStreetMap Overpass","osm_tag":"amenity=kindergarten","mun":""}},{"type":"Feature","geometry":{"type":"Point","coordinates":[-100.115715,25.686993]},"properties":{"name":"(sin nombre)","tipo":"escuela","subtipo":"jardin","fuente":"OpenStreetMap Overpass","osm_tag":"amenity=kindergarten","mun":""}},{"type":"Feature","geometry":{"type":"Point","coordinates":[-100.217591,25.800959]},"properties":{"name":"(sin nombre)","tipo":"escuela","subtipo":"jardin","fuente":"OpenStreetMap Overpass","osm_tag":"amenity=kindergarten","mun":""}},{"type":"Feature","geometry":{"type":"Point","coordinates":[-100.096226,25.799461]},"properties":{"name":"(sin nombre)","tipo":"escuela","subtipo":"jardin","fuente":"OpenStreetMap Overpass","osm_tag":"amenity=kindergarten","mun":""}},{"type":"Feature","geometry":{"type":"Point","coordinates":[-100.131351,25.616031]},"properties":{"name":"(sin nombre)","tipo":"escuela","subtipo":"jardin","fuente":"OpenStreetMap Overpass","osm_tag":"amenity=kindergarten","mun":""}},{"type":"Feature","geometry":{"type":"Point","coordinates":[-100.205862,25.646897]},"properties":{"name":"(sin nombre)","tipo":"escuela","subtipo":"jardin","fuente":"OpenStreetMap Overpass","osm_tag":"amenity=kindergarten","mun":""}},{"type":"Feature","geometry":{"type":"Point","coordinates":[-100.320127,25.795862]},"properties":{"name":"(sin nombre)","tipo":"escuela","subtipo":"jardin","fuente":"OpenStreetMap Overpass","osm_tag":"amenity=kindergarten","mun":""}},{"type":"Feature","geometry":{"type":"Point","coordinates":[-100.192135,25.73502]},"properties":{"name":"(sin nombre)","tipo":"escuela","subtipo":"jardin","fuente":"OpenStreetMap Overpass","osm_tag":"amenity=kindergarten","mun":""}},{"type":"Feature","geometry":{"type":"Point","coordinates":[-100.195513,25.732274]},"properties":{"name":"(sin nombre)","tipo":"escuela","subtipo":"jardin","fuente":"OpenStreetMap Overpass","osm_tag":"amenity=kindergarten","mun":""}},{"type":"Feature","geometry":{"type":"Point","coordinates":[-100.382611,25.760199]},"properties":{"name":"(sin nombre)","tipo":"escuela","subtipo":"jardin","fuente":"OpenStreetMap Overpass","osm_tag":"amenity=kindergarten","mun":""}},{"type":"Feature","geometry":{"type":"Point","coordinates":[-100.236537,25.563916]},"properties":{"name":"(sin nombre)","tipo":"escuela","subtipo":"jardin","fuente":"OpenStreetMap Overpass","osm_tag":"amenity=kindergarten","mun":""}}]}