{"type":"FeatureCollection","name":"osm_anclas_barrio_zmm","metadata":{"fuente":"OSM Overpass","fetched_at":"2026-09-28T20:53:50Z","clip_bbox":[-100.6592,25.558600000000002,-100.0526,25.872799999999998],"counts_by_kind":{"farmacia":410,"parada":567,"abarrotes":189,"deposito":23,"banco_prestamo":24,"tortilleria":11}},"features":[{"type":"Feature","geometry":{"type":"Point","coordinates":[-100.35544,25.65026]},"properties":{"kind":"abarrotes","name":"","fuente":"osm","osm_id":"node/10585409307","shop":"convenience"}},{"type":"Feature","geometry":{"type":"Point","coordinates":[-100.284438,25.635699]},"properties":{"kind":"abarrotes","name":"S-Mart","fuente":"osm","osm_id":"node/1142924786","shop":"supermarket"}},{"type":"Feature","geometry":{"type":"Point","coordinates":[-100.397696,25.659691]},"properties":{"kind":"abarrotes","name":"Super Enrique","fuente":"osm","osm_id":"node/12145511144","shop":"convenience"}},{"type":"Feature","geometry":{"type":"Point","coordinates":[-100.276001,25.718273]},"properties":{"kind":"abarrotes","name":"tiendita","fuente":"osm","osm_id":"node/12815219830","shop":"supermarket"}},{"type":"Feature","geometry":{"type":"Point","coordinates":[-100.275531,25.733445]},"properties":{"kind":"abarrotes","name":"Shop Shop USA","fuente":"osm","osm_id":"node/13017981228","shop":"general"}},{"type":"Feature","geometry":{"type":"Point","coordinates":[-100.13303,25.851622]},"properties":{"kind":"abarrotes","name":"Waldo's","fuente":"osm","osm_id":"node/13071681935","shop":"supermarket"}},{"type":"Feature","geometry":{"type":"Point","coordinates":[-100.441431,25.659064]},"properties":{"kind":"abarrotes","name":"Mode","fuente":"osm","osm_id":"node/13397267489","shop":"supermarket"}},{"type":"Feature","geometry":{"type":"Point","coordinates":[-100.442623,25.691519]},"properties":{"kind":"abarrotes","name":"","fuente":"osm","osm_id":"node/13535908229","shop":"convenience"}},{"type":"Feature","geometry":{"type":"Point","coordinates":[-100.145743,25.857797]},"properties":{"kind":"abarrotes","name":"MercaDía Sector Almería","fuente":"osm","osm_id":"node/13626120902","shop":"supermarket"}},{"type":"Feature","geometry":{"type":"Point","coordinates":[-100.148101,25.859592]},"properties":{"kind":"abarrotes","name":"Abarrotes \"El Rey\"","fuente":"osm","osm_id":"node/13626121003","shop":"convenience"}},{"type":"Feature","geometry":{"type":"Point","coordinates":[-100.146379,25.859237]},"properties":{"kind":"abarrotes","name":"Tienda Bara Sucursal Santa Elena","fuente":"osm","osm_id":"node/13626121101","shop":"supermarket"}},{"type":"Feature","geometry":{"type":"Point","coordinates":[-100.315855,25.643208]},"properties":{"kind":"abarrotes","name":"nueve once","fuente":"osm","osm_id":"node/13630920473","shop":"convenience"}},{"type":"Feature","geometry":{"type":"Point","coordinates":[-100.234261,25.690039]},"properties":{"kind":"abarrotes","name":"Tienda de abarrotes","fuente":"osm","osm_id":"node/13721498790","shop":"convenience"}},{"type":"Feature","geometry":{"type":"Point","coordinates":[-100.234352,25.688745]},"properties":{"kind":"abarrotes","name":"El Águila","fuente":"osm","osm_id":"node/13721512049","shop":"convenience"}},{"type":"Feature","geometry":{"type":"Point","coordinates":[-100.234543,25.689211]},"properties":{"kind":"abarrotes","name":"Abarrotes y Depósito Javier","fuente":"osm","osm_id":"node/13721691565","shop":"convenience"}},{"type":"Feature","geometry":{"type":"Point","coordinates":[-100.471435,25.670416]},"properties":{"kind":"abarrotes","name":"TIendita del Sombrero","fuente":"osm","osm_id":"node/13973074861","shop":"convenience"}},{"type":"Feature","geometry":{"type":"Point","coordinates":[-100.470841,25.672057]},"properties":{"kind":"abarrotes","name":"Supermercado Real del Valle","fuente":"osm","osm_id":"node/13973074864","shop":"supermarket"}},{"type":"Feature","geometry":{"type":"Point","coordinates":[-100.266167,25.784351]},"properties":{"kind":"abarrotes","name":"","fuente":"osm","osm_id":"node/1668144970","shop":"convenience"}},{"type":"Feature","geometry":{"type":"Point","coordinates":[-100.264365,25.601818]},"properties":{"kind":"abarrotes","name":"Fruteria y Abarrotes Gallegos","fuente":"osm","osm_id":"node/1729694105","shop":"convenience"}},{"type":"Feature","geometry":{"type":"Point","coordinates":[-100.252327,25.71586]},"properties":{"kind":"abarrotes","name":"Waldo's","fuente":"osm","osm_id":"node/1755351120","shop":"supermarket"}},{"type":"Feature","geometry":{"type":"Point","coordinates":[-100.307948,25.650706]},"properties":{"kind":"abarrotes","name":"Abarrotes el Güero","fuente":"osm","osm_id":"node/1771630226","shop":"convenience"}},{"type":"Feature","geometry":{"type":"Point","coordinates":[-100.489546,25.792693]},"properties":{"kind":"abarrotes","name":"","fuente":"osm","osm_id":"node/1806324653","shop":"convenience"}},{"type":"Feature","geometry":{"type":"Point","coordinates":[-100.149405,25.662604]},"properties":{"kind":"abarrotes","name":"Molinete","fuente":"osm","osm_id":"node/1821772677","shop":"convenience"}},{"type":"Feature","geometry":{"type":"Point","coordinates":[-100.260538,25.688526]},"properties":{"kind":"abarrotes","name":"Waldo's Mart","fuente":"osm","osm_id":"node/1859392044","shop":"supermarket"}},{"type":"Feature","geometry":{"type":"Point","coordinates":[-100.233845,25.819223]},"properties":{"kind":"abarrotes","name":"Farmacia Guadalajara - Paseo Santa Rosa","fuente":"osm","osm_id":"node/1889829204","shop":"convenience"}},{"type":"Feature","geometry":{"type":"Point","coordinates":[-100.235524,25.706866]},"properties":{"kind":"abarrotes","name":"Abarrotes Hernandez","fuente":"osm","osm_id":"node/1892415069","shop":"convenience"}},{"type":"Feature","geometry":{"type":"Point","coordinates":[-100.484123,25.682251]},"properties":{"kind":"abarrotes","name":"HEMSA","fuente":"osm","osm_id":"node/1911650422","shop":"supermarket"}},{"type":"Feature","geometry":{"type":"Point","coordinates":[-100.421069,25.671702]},"properties":{"kind":"abarrotes","name":"","fuente":"osm","osm_id":"node/1911652915","shop":"supermarket"}},{"type":"Feature","geometry":{"type":"Point","coordinates":[-100.253632,25.689787]},"properties":{"kind":"abarrotes","name":"Carnicería San Juan","fuente":"osm","osm_id":"node/2017158146","shop":"convenience"}},{"type":"Feature","geometry":{"type":"Point","coordinates":[-100.252599,25.690397]},"properties":{"kind":"abarrotes","name":"Multipack Lindavista","fuente":"osm","osm_id":"node/2027015427","shop":"general"}},{"type":"Feature","geometry":{"type":"Point","coordinates":[-100.233732,25.782202]},"properties":{"kind":"abarrotes","name":"HEMSA","fuente":"osm","osm_id":"node/2040352634","shop":"convenience"}},{"type":"Feature","geometry":{"type":"Point","coordinates":[-100.256175,25.750479]},"properties":{"kind":"abarrotes","name":"Punto 36","fuente":"osm","osm_id":"node/2385790626","shop":"supermarket"}},{"type":"Feature","geometry":{"type":"Point","coordinates":[-100.189501,25.687587]},"properties":{"kind":"abarrotes","name":"Carnes Balderas","fuente":"osm","osm_id":"node/2563943307","shop":"convenience"}},{"type":"Feature","geometry":{"type":"Point","coordinates":[-100.217348,25.717149]},"properties":{"kind":"abarrotes","name":"carniceria ramos","fuente":"osm","osm_id":"node/3277678696","shop":"convenience"}},{"type":"Feature","geometry":{"type":"Point","coordinates":[-100.448609,25.676755]},"properties":{"kind":"abarrotes","name":"Julio Cepeda","fuente":"osm","osm_id":"node/3470469967","shop":"supermarket"}},{"type":"Feature","geometry":{"type":"Point","coordinates":[-100.490401,25.680061]},"properties":{"kind":"abarrotes","name":"Farmacias Guadalajara","fuente":"osm","osm_id":"node/3477844329","shop":"supermarket"}},{"type":"Feature","geometry":{"type":"Point","coordinates":[-100.490133,25.69276]},"properties":{"kind":"abarrotes","name":"La Cuchilla","fuente":"osm","osm_id":"node/3486434881","shop":"convenience"}},{"type":"Feature","geometry":{"type":"Point","coordinates":[-100.496599,25.694035]},"properties":{"kind":"abarrotes","name":"Qué Pollo","fuente":"osm","osm_id":"node/3600381735","shop":"convenience"}},{"type":"Feature","geometry":{"type":"Point","coordinates":[-100.247763,25.785883]},"properties":{"kind":"abarrotes","name":"Mi Tienda","fuente":"osm","osm_id":"node/3785240192","shop":"supermarket"}},{"type":"Feature","geometry":{"type":"Point","coordinates":[-100.312326,25.667136]},"properties":{"kind":"abarrotes","name":"Sanborns","fuente":"osm","osm_id":"node/3786396208","shop":"convenience"}},{"type":"Feature","geometry":{"type":"Point","coordinates":[-100.200982,25.711806]},"properties":{"kind":"abarrotes","name":"","fuente":"osm","osm_id":"node/3899280872","shop":"convenience"}},{"type":"Feature","geometry":{"type":"Point","coordinates":[-100.301468,25.742174]},"properties":{"kind":"abarrotes","name":"Waldo's","fuente":"osm","osm_id":"node/4053722618","shop":"supermarket"}},{"type":"Feature","geometry":{"type":"Point","coordinates":[-100.237742,25.679105]},"properties":{"kind":"abarrotes","name":"Waldo´s","fuente":"osm","osm_id":"node/4100548463","shop":"supermarket"}},{"type":"Feature","geometry":{"type":"Point","coordinates":[-100.412841,25.742053]},"properties":{"kind":"abarrotes","name":"Súper Roma","fuente":"osm","osm_id":"node/4184745590","shop":"supermarket"}},{"type":"Feature","geometry":{"type":"Point","coordinates":[-100.149525,25.66114]},"properties":{"kind":"abarrotes","name":"S Mart","fuente":"osm","osm_id":"node/4217016587","shop":"supermarket"}},{"type":"Feature","geometry":{"type":"Point","coordinates":[-100.187107,25.65674]},"properties":{"kind":"abarrotes","name":"Waldo´s","fuente":"osm","osm_id":"node/4282186485","shop":"supermarket"}},{"type":"Feature","geometry":{"type":"Point","coordinates":[-100.235521,25.785462]},"properties":{"kind":"abarrotes","name":"S-mart","fuente":"osm","osm_id":"node/4351441827","shop":"supermarket"}},{"type":"Feature","geometry":{"type":"Point","coordinates":[-100.363559,25.724393]},"properties":{"kind":"abarrotes","name":"Waldo´s","fuente":"osm","osm_id":"node/4551433068","shop":"supermarket"}},{"type":"Feature","geometry":{"type":"Point","coordinates":[-100.386373,25.775535]},"properties":{"kind":"abarrotes","name":"Waldo´s","fuente":"osm","osm_id":"node/4552796570","shop":"supermarket"}},{"type":"Feature","geometry":{"type":"Point","coordinates":[-100.400056,25.750889]},"properties":{"kind":"abarrotes","name":"","fuente":"osm","osm_id":"node/4567663334","shop":"kiosk"}},{"type":"Feature","geometry":{"type":"Point","coordinates":[-100.211116,25.712807]},"properties":{"kind":"abarrotes","name":"Bebidas tropicales","fuente":"osm","osm_id":"node/4611160597","shop":"supermarket"}},{"type":"Feature","geometry":{"type":"Point","coordinates":[-100.386397,25.847227]},"properties":{"kind":"abarrotes","name":"Banda","fuente":"osm","osm_id":"node/4721090190","shop":"supermarket"}},{"type":"Feature","geometry":{"type":"Point","coordinates":[-100.264815,25.666933]},"properties":{"kind":"abarrotes","name":"Central de Abastos Monterrey","fuente":"osm","osm_id":"node/4788707808","shop":"supermarket"}},{"type":"Feature","geometry":{"type":"Point","coordinates":[-100.327469,25.676603]},"properties":{"kind":"abarrotes","name":"la villa (floreria)","fuente":"osm","osm_id":"node/4964342340","shop":"supermarket"}},{"type":"Feature","geometry":{"type":"Point","coordinates":[-100.331573,25.677886]},"properties":{"kind":"abarrotes","name":"biographics","fuente":"osm","osm_id":"node/4964342343","shop":"supermarket"}},{"type":"Feature","geometry":{"type":"Point","coordinates":[-100.331605,25.677636]},"properties":{"kind":"abarrotes","name":"floreria","fuente":"osm","osm_id":"node/4964342345","shop":"supermarket"}},{"type":"Feature","geometry":{"type":"Point","coordinates":[-100.330345,25.673686]},"properties":{"kind":"abarrotes","name":"Bolsas para Basura AMERICA","fuente":"osm","osm_id":"node/4980079546","shop":"convenience"}},{"type":"Feature","geometry":{"type":"Point","coordinates":[-100.380633,25.694499]},"properties":{"kind":"abarrotes","name":"City Club","fuente":"osm","osm_id":"node/5969770736","shop":"supermarket"}},{"type":"Feature","geometry":{"type":"Point","coordinates":[-100.246479,25.578718]},"properties":{"kind":"abarrotes","name":"Esfera City Center","fuente":"osm","osm_id":"node/6032510379","shop":"supermarket"}},{"type":"Feature","geometry":{"type":"Point","coordinates":[-100.256542,25.795576]},"properties":{"kind":"abarrotes","name":"Carnexpress","fuente":"osm","osm_id":"node/6239086404","shop":"supermarket"}},{"type":"Feature","geometry":{"type":"Point","coordinates":[-100.213851,25.701171]},"properties":{"kind":"abarrotes","name":"JM Mayoreo de Abarrotes","fuente":"osm","osm_id":"node/6906057547","shop":"supermarket"}},{"type":"Feature","geometry":{"type":"Point","coordinates":[-100.083823,25.650837]},"properties":{"kind":"abarrotes","name":"JM Mayoreo de Abarrotes","fuente":"osm","osm_id":"node/6906057548","shop":"supermarket"}},{"type":"Feature","geometry":{"type":"Point","coordinates":[-100.250505,25.810037]},"properties":{"kind":"abarrotes","name":"JM Mayoreo de Abarrotes","fuente":"osm","osm_id":"node/6906057549","shop":"supermarket"}},{"type":"Feature","geometry":{"type":"Point","coordinates":[-100.380809,25.774866]},"properties":{"kind":"abarrotes","name":"JM Mayoreo de Abarrotes","fuente":"osm","osm_id":"node/6906057550","shop":"supermarket"}},{"type":"Feature","geometry":{"type":"Point","coordinates":[-100.589597,25.7803]},"properties":{"kind":"abarrotes","name":"JM Mayoreo de Abarrotes","fuente":"osm","osm_id":"node/6906057551","shop":"supermarket"}},{"type":"Feature","geometry":{"type":"Point","coordinates":[-100.16459,25.756309]},"properties":{"kind":"abarrotes","name":"Molino y Masa EL MILAGRO","fuente":"osm","osm_id":"node/6943871322","shop":"supermarket"}},{"type":"Feature","geometry":{"type":"Point","coordinates":[-100.278043,25.695335]},"properties":{"kind":"abarrotes","name":"","fuente":"osm","osm_id":"node/7056833392","shop":"convenience"}},{"type":"Feature","geometry":{"type":"Point","coordinates":[-100.254255,25.598371]},"properties":{"kind":"abarrotes","name":"MODE","fuente":"osm","osm_id":"node/7417200787","shop":"supermarket"}},{"type":"Feature","geometry":{"type":"Point","coordinates":[-100.188832,25.65151]},"properties":{"kind":"abarrotes","name":"Abarrotes Rincón de Guadalupe","fuente":"osm","osm_id":"node/7487605569","shop":"convenience"}},{"type":"Feature","geometry":{"type":"Point","coordinates":[-100.26255,25.869795]},"properties":{"kind":"abarrotes","name":"abarrotes","fuente":"osm","osm_id":"node/7607465689","shop":"supermarket"}},{"type":"Feature","geometry":{"type":"Point","coordinates":[-100.262759,25.868844]},"properties":{"kind":"abarrotes","name":"abarrotes","fuente":"osm","osm_id":"node/7607465690","shop":"supermarket"}},{"type":"Feature","geometry":{"type":"Point","coordinates":[-100.26334,25.870758]},"properties":{"kind":"abarrotes","name":"","fuente":"osm","osm_id":"node/7607830848","shop":"kiosk"}},{"type":"Feature","geometry":{"type":"Point","coordinates":[-100.263748,25.869696]},"properties":{"kind":"abarrotes","name":"","fuente":"osm","osm_id":"node/7838262513","shop":"kiosk"}},{"type":"Feature","geometry":{"type":"Point","coordinates":[-100.262136,25.871486]},"properties":{"kind":"abarrotes","name":"","fuente":"osm","osm_id":"node/7838409281","shop":"kiosk"}},{"type":"Feature","geometry":{"type":"Point","coordinates":[-100.303748,25.803248]},"properties":{"kind":"abarrotes","name":"Minisuper \"Pesado\"","fuente":"osm","osm_id":"node/7838445268","shop":"supermarket"}},{"type":"Feature","geometry":{"type":"Point","coordinates":[-100.272116,25.732102]},"properties":{"kind":"abarrotes","name":"Gm super carnes","fuente":"osm","osm_id":"node/7855690707","shop":"supermarket"}},{"type":"Feature","geometry":{"type":"Point","coordinates":[-100.459394,25.690316]},"properties":{"kind":"abarrotes","name":"abarrotes","fuente":"osm","osm_id":"node/8118738621","shop":"convenience"}},{"type":"Feature","geometry":{"type":"Point","coordinates":[-100.460075,25.691673]},"properties":{"kind":"abarrotes","name":"Abarrotes","fuente":"osm","osm_id":"node/8118738719","shop":"convenience"}},{"type":"Feature","geometry":{"type":"Point","coordinates":[-100.112905,25.6893]},"properties":{"kind":"abarrotes","name":"Carnes y abarrotes Jesús","fuente":"osm","osm_id":"node/8151905319","shop":"convenience"}},{"type":"Feature","geometry":{"type":"Point","coordinates":[-100.13314,25.75553]},"properties":{"kind":"abarrotes","name":"Bodeguita","fuente":"osm","osm_id":"node/8403458619","shop":"supermarket"}},{"type":"Feature","geometry":{"type":"Point","coordinates":[-100.092772,25.713396]},"properties":{"kind":"abarrotes","name":"La Bodeguita","fuente":"osm","osm_id":"node/8403501818","shop":"supermarket"}},{"type":"Feature","geometry":{"type":"Point","coordinates":[-100.092438,25.640547]},"properties":{"kind":"abarrotes","name":"S-Mart","fuente":"osm","osm_id":"node/8454668721","shop":"supermarket","brand":"S-Mart"}},{"type":"Feature","geometry":{"type":"Point","coordinates":[-100.186641,25.721665]},"properties":{"kind":"abarrotes","name":"PLAZA ACAPULCO","fuente":"osm","osm_id":"node/8454752328","shop":"supermarket"}},{"type":"Feature","geometry":{"type":"Point","coordinates":[-100.203936,25.721824]},"properties":{"kind":"abarrotes","name":"Plaza comercial Bonita","fuente":"osm","osm_id":"node/8456066517","shop":"supermarket"}},{"type":"Feature","geometry":{"type":"Point","coordinates":[-100.237626,25.662297]},"properties":{"kind":"abarrotes","name":"Plaza Eloy","fuente":"osm","osm_id":"node/8504586451","shop":"supermarket"}},{"type":"Feature","geometry":{"type":"Point","coordinates":[-100.259663,25.711762]},"properties":{"kind":"abarrotes","name":"Plaza Las Galias","fuente":"osm","osm_id":"node/8504656938","shop":"supermarket"}},{"type":"Feature","geometry":{"type":"Point","coordinates":[-100.198436,25.651156]},"properties":{"kind":"abarrotes","name":"Plaza Mexico 86","fuente":"osm","osm_id":"node/8504657226","shop":"supermarket"}},{"type":"Feature","geometry":{"type":"Point","coordinates":[-100.215402,25.726156]},"properties":{"kind":"abarrotes","name":"Plaza Citadel","fuente":"osm","osm_id":"node/8504657347","shop":"supermarket"}},{"type":"Feature","geometry":{"type":"Point","coordinates":[-100.284215,25.62111]},"properties":{"kind":"abarrotes","name":"Plaza Las Torres","fuente":"osm","osm_id":"node/8523157721","shop":"supermarket"}},{"type":"Feature","geometry":{"type":"Point","coordinates":[-100.364144,25.678948]},"properties":{"kind":"abarrotes","name":"Superama","fuente":"osm","osm_id":"node/8523157723","shop":"supermarket","brand":"Superama"}},{"type":"Feature","geometry":{"type":"Point","coordinates":[-100.345438,25.681293]},"properties":{"kind":"abarrotes","name":"Waldo's","fuente":"osm","osm_id":"node/8523158720","shop":"supermarket"}},{"type":"Feature","geometry":{"type":"Point","coordinates":[-100.408578,25.762426]},"properties":{"kind":"abarrotes","name":"Del Sol","fuente":"osm","osm_id":"node/8590101321","shop":"supermarket"}},{"type":"Feature","geometry":{"type":"Point","coordinates":[-100.285508,25.642011]},"properties":{"kind":"abarrotes","name":"Del Sol","fuente":"osm","osm_id":"node/8590135217","shop":"supermarket"}},{"type":"Feature","geometry":{"type":"Point","coordinates":[-100.453205,25.692211]},"properties":{"kind":"abarrotes","name":"","fuente":"osm","osm_id":"node/8758525917","shop":"convenience"}},{"type":"Feature","geometry":{"type":"Point","coordinates":[-100.175408,25.616694]},"properties":{"kind":"abarrotes","name":"","fuente":"osm","osm_id":"node/9240803327","shop":"supermarket"}},{"type":"Feature","geometry":{"type":"Point","coordinates":[-100.374415,25.849069]},"properties":{"kind":"abarrotes","name":"Del Sol","fuente":"osm","osm_id":"node/9252546138","shop":"supermarket"}},{"type":"Feature","geometry":{"type":"Point","coordinates":[-100.161495,25.611365]},"properties":{"kind":"abarrotes","name":"","fuente":"osm","osm_id":"node/9733883117","shop":"convenience"}},{"type":"Feature","geometry":{"type":"Point","coordinates":[-100.169627,25.611141]},"properties":{"kind":"abarrotes","name":"","fuente":"osm","osm_id":"node/9773426177","shop":"convenience"}},{"type":"Feature","geometry":{"type":"Point","coordinates":[-100.302265,25.647127]},"properties":{"kind":"abarrotes","name":"","fuente":"osm","osm_id":"node/988314223","shop":"convenience"}},{"type":"Feature","geometry":{"type":"Point","coordinates":[-100.300451,25.647688]},"properties":{"kind":"abarrotes","name":"Tienda Leo","fuente":"osm","osm_id":"node/988314227","shop":"convenience"}},{"type":"Feature","geometry":{"type":"Point","coordinates":[-100.264052,25.618467]},"properties":{"kind":"abarrotes","name":"ABAREOTES \"SARAHÍ\"","fuente":"osm","osm_id":"node/9922824118","shop":"convenience"}},{"type":"Feature","geometry":{"type":"Point","coordinates":[-100.05393,25.782807]},"properties":{"kind":"abarrotes","name":"","fuente":"osm","osm_id":"way/1002130023","shop":"kiosk"}},{"type":"Feature","geometry":{"type":"Point","coordinates":[-100.339054,25.712384]},"properties":{"kind":"abarrotes","name":"","fuente":"osm","osm_id":"way/1043591289","shop":"kiosk"}},{"type":"Feature","geometry":{"type":"Point","coordinates":[-100.195511,25.736655]},"properties":{"kind":"abarrotes","name":"Farmacia Guadalajara","fuente":"osm","osm_id":"way/1052509031","shop":"convenience"}},{"type":"Feature","geometry":{"type":"Point","coordinates":[-100.32712,25.71219]},"properties":{"kind":"abarrotes","name":"","fuente":"osm","osm_id":"way/1110461901","shop":"convenience"}},{"type":"Feature","geometry":{"type":"Point","coordinates":[-100.585522,25.824653]},"properties":{"kind":"abarrotes","name":"MercaDía","fuente":"osm","osm_id":"way/1242017460","shop":"convenience","brand":"Farmacia Guadalajara"}},{"type":"Feature","geometry":{"type":"Point","coordinates":[-100.485821,25.785758]},"properties":{"kind":"abarrotes","name":"Mi Tiendita","fuente":"osm","osm_id":"way/1275819790","shop":"supermarket"}},{"type":"Feature","geometry":{"type":"Point","coordinates":[-100.154915,25.736583]},"properties":{"kind":"abarrotes","name":"SUMERCA","fuente":"osm","osm_id":"way/1316807000","shop":"supermarket"}},{"type":"Feature","geometry":{"type":"Point","coordinates":[-100.506464,25.705317]},"properties":{"kind":"abarrotes","name":"Abarrotes Coka","fuente":"osm","osm_id":"way/1384139464","shop":"general"}},{"type":"Feature","geometry":{"type":"Point","coordinates":[-100.105567,25.715445]},"properties":{"kind":"abarrotes","name":"Waldo's Plaza Santa Maria","fuente":"osm","osm_id":"way/1417964181","shop":"supermarket"}},{"type":"Feature","geometry":{"type":"Point","coordinates":[-100.344015,25.695435]},"properties":{"kind":"abarrotes","name":"","fuente":"osm","osm_id":"way/1425473956","shop":"convenience"}},{"type":"Feature","geometry":{"type":"Point","coordinates":[-100.32392,25.78707]},"properties":{"kind":"abarrotes","name":"Super U","fuente":"osm","osm_id":"way/1443597083","shop":"general"}},{"type":"Feature","geometry":{"type":"Point","coordinates":[-100.106012,25.696393]},"properties":{"kind":"abarrotes","name":"","fuente":"osm","osm_id":"way/1509369915","shop":"supermarket"}},{"type":"Feature","geometry":{"type":"Point","coordinates":[-100.104751,25.694719]},"properties":{"kind":"abarrotes","name":"","fuente":"osm","osm_id":"way/1510464160","shop":"supermarket"}},{"type":"Feature","geometry":{"type":"Point","coordinates":[-100.107776,25.692932]},"properties":{"kind":"abarrotes","name":"","fuente":"osm","osm_id":"way/1510804833","shop":"kiosk"}},{"type":"Feature","geometry":{"type":"Point","coordinates":[-100.214407,25.707673]},"properties":{"kind":"abarrotes","name":"Central Convenience Store","fuente":"osm","osm_id":"way/162268968","shop":"convenience"}},{"type":"Feature","geometry":{"type":"Point","coordinates":[-100.343187,25.727138]},"properties":{"kind":"abarrotes","name":"Mi Tienda","fuente":"osm","osm_id":"way/186780526","shop":"supermarket"}},{"type":"Feature","geometry":{"type":"Point","coordinates":[-100.130429,25.712755]},"properties":{"kind":"abarrotes","name":"Mini-super Ochoa","fuente":"osm","osm_id":"way/225430248","shop":"convenience"}},{"type":"Feature","geometry":{"type":"Point","coordinates":[-100.316673,25.667246]},"properties":{"kind":"abarrotes","name":"Waldo's san carlos","fuente":"osm","osm_id":"way/379421508","shop":"supermarket"}},{"type":"Feature","geometry":{"type":"Point","coordinates":[-100.317449,25.688878]},"properties":{"kind":"abarrotes","name":"Almacen","fuente":"osm","osm_id":"way/387441712","shop":"convenience"}},{"type":"Feature","geometry":{"type":"Point","coordinates":[-100.285611,25.780206]},"properties":{"kind":"abarrotes","name":"","fuente":"osm","osm_id":"way/391464820","shop":"supermarket"}},{"type":"Feature","geometry":{"type":"Point","coordinates":[-100.162601,25.728462]},"properties":{"kind":"abarrotes","name":"Tienda del Ahorro","fuente":"osm","osm_id":"way/398793057","shop":"supermarket"}},{"type":"Feature","geometry":{"type":"Point","coordinates":[-100.295078,25.755111]},"properties":{"kind":"abarrotes","name":"Waldo´s","fuente":"osm","osm_id":"way/402986099","shop":"supermarket"}},{"type":"Feature","geometry":{"type":"Point","coordinates":[-100.217799,25.741156]},"properties":{"kind":"abarrotes","name":"Mil Neumaticos","fuente":"osm","osm_id":"way/409588592","shop":"convenience"}},{"type":"Feature","geometry":{"type":"Point","coordinates":[-100.183188,25.654414]},"properties":{"kind":"abarrotes","name":"S-Mart","fuente":"osm","osm_id":"way/429094741","shop":"supermarket","brand":"S-Mart"}},{"type":"Feature","geometry":{"type":"Point","coordinates":[-100.379952,25.736696]},"properties":{"kind":"abarrotes","name":"Comercial Treviño","fuente":"osm","osm_id":"way/450434257","shop":"supermarket"}},{"type":"Feature","geometry":{"type":"Point","coordinates":[-100.347475,25.733738]},"properties":{"kind":"abarrotes","name":"Waldo´s","fuente":"osm","osm_id":"way/460976207","shop":"supermarket"}},{"type":"Feature","geometry":{"type":"Point","coordinates":[-100.281589,25.64581]},"properties":{"kind":"abarrotes","name":"","fuente":"osm","osm_id":"way/468568177","shop":"kiosk"}},{"type":"Feature","geometry":{"type":"Point","coordinates":[-100.323024,25.788558]},"properties":{"kind":"abarrotes","name":"S-Mart","fuente":"osm","osm_id":"way/490997979","shop":"supermarket","brand":"S-Mart"}},{"type":"Feature","geometry":{"type":"Point","coordinates":[-100.39932,25.730556]},"properties":{"kind":"abarrotes","name":"S-Mart","fuente":"osm","osm_id":"way/491374477","shop":"supermarket"}},{"type":"Feature","geometry":{"type":"Point","coordinates":[-100.292882,25.755205]},"properties":{"kind":"abarrotes","name":"Super 7","fuente":"osm","osm_id":"way/495248185","shop":"convenience"}},{"type":"Feature","geometry":{"type":"Point","coordinates":[-100.235382,25.785589]},"properties":{"kind":"abarrotes","name":"S-MART","fuente":"osm","osm_id":"way/499106233","shop":"supermarket"}},{"type":"Feature","geometry":{"type":"Point","coordinates":[-100.247309,25.786115]},"properties":{"kind":"abarrotes","name":"Mi Tienda","fuente":"osm","osm_id":"way/499111440","shop":"supermarket"}},{"type":"Feature","geometry":{"type":"Point","coordinates":[-100.328981,25.674819]},"properties":{"kind":"abarrotes","name":"","fuente":"osm","osm_id":"way/508567702","shop":"convenience"}},{"type":"Feature","geometry":{"type":"Point","coordinates":[-100.405907,25.763766]},"properties":{"kind":"abarrotes","name":"S-Mart","fuente":"osm","osm_id":"way/508779313","shop":"supermarket"}},{"type":"Feature","geometry":{"type":"Point","coordinates":[-100.324758,25.676533]},"properties":{"kind":"abarrotes","name":"las 3 marias","fuente":"osm","osm_id":"way/515382317","shop":"convenience"}},{"type":"Feature","geometry":{"type":"Point","coordinates":[-100.329741,25.677668]},"properties":{"kind":"abarrotes","name":"invernadero y soflor (floreria)","fuente":"osm","osm_id":"way/515393852","shop":"supermarket"}},{"type":"Feature","geometry":{"type":"Point","coordinates":[-100.149281,25.661242]},"properties":{"kind":"abarrotes","name":"S-Mart (El Molinete)","fuente":"osm","osm_id":"way/521379178","shop":"supermarket"}},{"type":"Feature","geometry":{"type":"Point","coordinates":[-100.188295,25.662066]},"properties":{"kind":"abarrotes","name":"El Lic.","fuente":"osm","osm_id":"way/549806426","shop":"convenience"}},{"type":"Feature","geometry":{"type":"Point","coordinates":[-100.409544,25.659343]},"properties":{"kind":"abarrotes","name":"","fuente":"osm","osm_id":"way/550942206","shop":"kiosk"}},{"type":"Feature","geometry":{"type":"Point","coordinates":[-100.359942,25.722406]},"properties":{"kind":"abarrotes","name":"S-MART","fuente":"osm","osm_id":"way/576806952","shop":"supermarket"}},{"type":"Feature","geometry":{"type":"Point","coordinates":[-100.49376,25.679736]},"properties":{"kind":"abarrotes","name":"","fuente":"osm","osm_id":"way/615417166","shop":"supermarket"}},{"type":"Feature","geometry":{"type":"Point","coordinates":[-100.134353,25.655072]},"properties":{"kind":"abarrotes","name":"","fuente":"osm","osm_id":"way/633036427","shop":"supermarket"}},{"type":"Feature","geometry":{"type":"Point","coordinates":[-100.489198,25.788367]},"properties":{"kind":"abarrotes","name":"Bronco Independiente Boots","fuente":"osm","osm_id":"way/662181243","shop":"supermarket"}},{"type":"Feature","geometry":{"type":"Point","coordinates":[-100.408762,25.779405]},"properties":{"kind":"abarrotes","name":"","fuente":"osm","osm_id":"way/665392282","shop":"supermarket"}},{"type":"Feature","geometry":{"type":"Point","coordinates":[-100.098626,25.688779]},"properties":{"kind":"abarrotes","name":"","fuente":"osm","osm_id":"way/668594461","shop":"convenience"}},{"type":"Feature","geometry":{"type":"Point","coordinates":[-100.249169,25.679426]},"properties":{"kind":"abarrotes","name":"Merkdon","fuente":"osm","osm_id":"way/670295844","shop":"supermarket"}},{"type":"Feature","geometry":{"type":"Point","coordinates":[-100.266481,25.649108]},"properties":{"kind":"abarrotes","name":"","fuente":"osm","osm_id":"way/682808502","shop":"convenience"}},{"type":"Feature","geometry":{"type":"Point","coordinates":[-100.366909,25.659117]},"properties":{"kind":"abarrotes","name":"","fuente":"osm","osm_id":"way/683591869","shop":"supermarket"}},{"type":"Feature","geometry":{"type":"Point","coordinates":[-100.435555,25.684886]},"properties":{"kind":"abarrotes","name":"S-Mart","fuente":"osm","osm_id":"way/701124282","shop":"supermarket","brand":"S-Mart"}},{"type":"Feature","geometry":{"type":"Point","coordinates":[-100.594926,25.813996]},"properties":{"kind":"abarrotes","name":"Miscelánea y Abarrotes Yadi","fuente":"osm","osm_id":"way/702523320","shop":"general"}},{"type":"Feature","geometry":{"type":"Point","coordinates":[-100.456563,25.69155]},"properties":{"kind":"abarrotes","name":"Hemsa","fuente":"osm","osm_id":"way/707539993","shop":"supermarket"}},{"type":"Feature","geometry":{"type":"Point","coordinates":[-100.174698,25.610751]},"properties":{"kind":"abarrotes","name":"Mercadía","fuente":"osm","osm_id":"way/745179145","shop":"supermarket"}},{"type":"Feature","geometry":{"type":"Point","coordinates":[-100.08755,25.641526]},"properties":{"kind":"abarrotes","name":"Mi Tienda","fuente":"osm","osm_id":"way/759084850","shop":"supermarket"}},{"type":"Feature","geometry":{"type":"Point","coordinates":[-100.564696,25.803091]},"properties":{"kind":"abarrotes","name":"Comercial Treviño","fuente":"osm","osm_id":"way/777295563","shop":"supermarket"}},{"type":"Feature","geometry":{"type":"Point","coordinates":[-100.186998,25.653982]},"properties":{"kind":"abarrotes","name":"Abarrotes la Montaña","fuente":"osm","osm_id":"way/791177950","shop":"convenience"}},{"type":"Feature","geometry":{"type":"Point","coordinates":[-100.1074,25.821424]},"properties":{"kind":"abarrotes","name":"bodeguita Amarilla","fuente":"osm","osm_id":"way/795456533","shop":"supermarket"}},{"type":"Feature","geometry":{"type":"Point","coordinates":[-100.201423,25.648028]},"properties":{"kind":"abarrotes","name":"Quiosco Nosara residencial","fuente":"osm","osm_id":"way/807869441","shop":"kiosk"}},{"type":"Feature","geometry":{"type":"Point","coordinates":[-100.262578,25.865476]},"properties":{"kind":"abarrotes","name":"","fuente":"osm","osm_id":"way/814706553","shop":"kiosk"}},{"type":"Feature","geometry":{"type":"Point","coordinates":[-100.272523,25.861739]},"properties":{"kind":"abarrotes","name":"","fuente":"osm","osm_id":"way/814767297","shop":"kiosk"}},{"type":"Feature","geometry":{"type":"Point","coordinates":[-100.108398,25.820466]},"properties":{"kind":"abarrotes","name":"","fuente":"osm","osm_id":"way/823928382","shop":"supermarket"}},{"type":"Feature","geometry":{"type":"Point","coordinates":[-100.091445,25.798649]},"properties":{"kind":"abarrotes","name":"Mini super La Gas","fuente":"osm","osm_id":"way/827669117","shop":"convenience"}},{"type":"Feature","geometry":{"type":"Point","coordinates":[-100.113783,25.68841]},"properties":{"kind":"abarrotes","name":"La Bodeguita Amarilla","fuente":"osm","osm_id":"way/839535303","shop":"supermarket"}},{"type":"Feature","geometry":{"type":"Point","coordinates":[-100.305293,25.803681]},"properties":{"kind":"abarrotes","name":"Sumerca","fuente":"osm","osm_id":"way/840000281","shop":"supermarket"}},{"type":"Feature","geometry":{"type":"Point","coordinates":[-100.284776,25.616474]},"properties":{"kind":"abarrotes","name":"","fuente":"osm","osm_id":"way/856449151","shop":"kiosk"}},{"type":"Feature","geometry":{"type":"Point","coordinates":[-100.101701,25.801438]},"properties":{"kind":"abarrotes","name":"Abarrotes y Deposito Río 90","fuente":"osm","osm_id":"way/863875273","shop":"convenience"}},{"type":"Feature","geometry":{"type":"Point","coordinates":[-100.100282,25.800954]},"properties":{"kind":"abarrotes","name":"","fuente":"osm","osm_id":"way/864299403","shop":"convenience"}},{"type":"Feature","geometry":{"type":"Point","coordinates":[-100.083824,25.650846]},"properties":{"kind":"abarrotes","name":"JM Mayoreo de Abarrotes","fuente":"osm","osm_id":"way/866365703","shop":"supermarket"}},{"type":"Feature","geometry":{"type":"Point","coordinates":[-100.057793,25.794383]},"properties":{"kind":"abarrotes","name":"Mendoza Super Carnes","fuente":"osm","osm_id":"way/869913409","shop":"convenience"}},{"type":"Feature","geometry":{"type":"Point","coordinates":[-100.054423,25.795262]},"properties":{"kind":"abarrotes","name":"Abarrotes Mery","fuente":"osm","osm_id":"way/869913425","shop":"convenience"}},{"type":"Feature","geometry":{"type":"Point","coordinates":[-100.104395,25.820586]},"properties":{"kind":"abarrotes","name":"bodeguita Amarilla 2","fuente":"osm","osm_id":"way/876356052","shop":"supermarket"}},{"type":"Feature","geometry":{"type":"Point","coordinates":[-100.577121,25.788658]},"properties":{"kind":"abarrotes","name":"Sumerca","fuente":"osm","osm_id":"way/883874082","shop":"general"}},{"type":"Feature","geometry":{"type":"Point","coordinates":[-100.198473,25.74204]},"properties":{"kind":"abarrotes","name":"","fuente":"osm","osm_id":"way/926112000","shop":"convenience"}},{"type":"Feature","geometry":{"type":"Point","coordinates":[-100.219457,25.805352]},"properties":{"kind":"abarrotes","name":"","fuente":"osm","osm_id":"way/926134560","shop":"convenience"}},{"type":"Feature","geometry":{"type":"Point","coordinates":[-100.203725,25.717053]},"properties":{"kind":"abarrotes","name":"","fuente":"osm","osm_id":"way/926267722","shop":"convenience"}},{"type":"Feature","geometry":{"type":"Point","coordinates":[-100.184625,25.724933]},"properties":{"kind":"abarrotes","name":"","fuente":"osm","osm_id":"way/926274031","shop":"convenience"}},{"type":"Feature","geometry":{"type":"Point","coordinates":[-100.152944,25.757173]},"properties":{"kind":"abarrotes","name":"","fuente":"osm","osm_id":"way/926318191","shop":"convenience"}},{"type":"Feature","geometry":{"type":"Point","coordinates":[-100.148723,25.765396]},"properties":{"kind":"abarrotes","name":"","fuente":"osm","osm_id":"way/926319061","shop":"convenience"}},{"type":"Feature","geometry":{"type":"Point","coordinates":[-100.134879,25.758035]},"properties":{"kind":"abarrotes","name":"","fuente":"osm","osm_id":"way/926801839","shop":"supermarket"}},{"type":"Feature","geometry":{"type":"Point","coordinates":[-100.17213,25.730638]},"properties":{"kind":"abarrotes","name":"","fuente":"osm","osm_id":"way/927838366","shop":"supermarket"}},{"type":"Feature","geometry":{"type":"Point","coordinates":[-100.170047,25.75882]},"properties":{"kind":"abarrotes","name":"","fuente":"osm","osm_id":"way/928448146","shop":"convenience"}},{"type":"Feature","geometry":{"type":"Point","coordinates":[-100.15764,25.757799]},"properties":{"kind":"abarrotes","name":"","fuente":"osm","osm_id":"way/928449035","shop":"convenience"}},{"type":"Feature","geometry":{"type":"Point","coordinates":[-100.11832,25.745705]},"properties":{"kind":"abarrotes","name":"","fuente":"osm","osm_id":"way/928665875","shop":"supermarket"}},{"type":"Feature","geometry":{"type":"Point","coordinates":[-100.163011,25.707098]},"properties":{"kind":"abarrotes","name":"HEMSA","fuente":"osm","osm_id":"way/932649272","shop":"supermarket"}},{"type":"Feature","geometry":{"type":"Point","coordinates":[-100.16258,25.707551]},"properties":{"kind":"abarrotes","name":"S-Mart","fuente":"osm","osm_id":"way/932649273","shop":"supermarket"}},{"type":"Feature","geometry":{"type":"Point","coordinates":[-100.190193,25.733121]},"properties":{"kind":"abarrotes","name":"Comercial Triviño","fuente":"osm","osm_id":"way/934901968","shop":"supermarket"}},{"type":"Feature","geometry":{"type":"Point","coordinates":[-100.194543,25.734384]},"properties":{"kind":"abarrotes","name":"La Bodeguita","fuente":"osm","osm_id":"way/950219943","shop":"supermarket"}},{"type":"Feature","geometry":{"type":"Point","coordinates":[-100.263724,25.869666]},"properties":{"kind":"abarrotes","name":"","fuente":"osm","osm_id":"way/966307741","shop":"kiosk"}},{"type":"Feature","geometry":{"type":"Point","coordinates":[-100.200386,25.722466]},"properties":{"kind":"abarrotes","name":"El Pollo Loco","fuente":"osm","osm_id":"way/971819037","shop":"general"}},{"type":"Feature","geometry":{"type":"Point","coordinates":[-100.255837,25.777693]},"properties":{"kind":"banco_prestamo","name":"Elektra","fuente":"osm","osm_id":"node/1722246462","shop":"department_store","brand":"Elektra"}},{"type":"Feature","geometry":{"type":"Point","coordinates":[-100.469179,25.674192]},"properties":{"kind":"banco_prestamo","name":"Elektra","fuente":"osm","osm_id":"node/1725933154","shop":"department_store","brand":"Elektra"}},{"type":"Feature","geometry":{"type":"Point","coordinates":[-100.25843,25.772403]},"properties":{"kind":"banco_prestamo","name":"Banco Azteca","fuente":"osm","osm_id":"node/3789285007","amenity":"bank","brand":"Banco Azteca"}},{"type":"Feature","geometry":{"type":"Point","coordinates":[-100.269337,25.736397]},"properties":{"kind":"banco_prestamo","name":"Elektra","fuente":"osm","osm_id":"node/3988940360","shop":"department_store","brand":"Elektra"}},{"type":"Feature","geometry":{"type":"Point","coordinates":[-100.316371,25.683532]},"properties":{"kind":"banco_prestamo","name":"Elektra","fuente":"osm","osm_id":"node/4327288291","shop":"department_store","brand":"Elektra"}},{"type":"Feature","geometry":{"type":"Point","coordinates":[-100.385257,25.778525]},"properties":{"kind":"banco_prestamo","name":"Elektra","fuente":"osm","osm_id":"node/4552796591","shop":"department_store","brand":"Elektra"}},{"type":"Feature","geometry":{"type":"Point","coordinates":[-100.322559,25.791096]},"properties":{"kind":"banco_prestamo","name":"Elektra","fuente":"osm","osm_id":"way/1074380449","shop":"department_store","brand":"Elektra"}},{"type":"Feature","geometry":{"type":"Point","coordinates":[-100.413521,25.660007]},"properties":{"kind":"banco_prestamo","name":"Banco del Bienestar","fuente":"osm","osm_id":"way/1076222090","amenity":"bank","brand":"Banco del Bienestar"}},{"type":"Feature","geometry":{"type":"Point","coordinates":[-100.33077,25.792079]},"properties":{"kind":"banco_prestamo","name":"Banco Azteca","fuente":"osm","osm_id":"way/1104131638","amenity":"bank","brand":"Banco Azteca"}},{"type":"Feature","geometry":{"type":"Point","coordinates":[-100.584782,25.794079]},"properties":{"kind":"banco_prestamo","name":"Elektra","fuente":"osm","osm_id":"way/1192787338","shop":"department_store","brand":"Elektra"}},{"type":"Feature","geometry":{"type":"Point","coordinates":[-100.584851,25.794203]},"properties":{"kind":"banco_prestamo","name":"Banco Azteca","fuente":"osm","osm_id":"way/1192787339","amenity":"bank","brand":"Banco Azteca"}},{"type":"Feature","geometry":{"type":"Point","coordinates":[-100.488802,25.78836]},"properties":{"kind":"banco_prestamo","name":"Elektra","fuente":"osm","osm_id":"way/1266008937","shop":"general"}},{"type":"Feature","geometry":{"type":"Point","coordinates":[-100.256263,25.728311]},"properties":{"kind":"banco_prestamo","name":"Banco del Bienestar","fuente":"osm","osm_id":"way/1483474343","amenity":"bank","brand":"Banco del Bienestar"}},{"type":"Feature","geometry":{"type":"Point","coordinates":[-100.273626,25.681731]},"properties":{"kind":"banco_prestamo","name":"Banco del Bienestar","fuente":"osm","osm_id":"way/1483483436","amenity":"bank","brand":"Banco del Bienestar"}},{"type":"Feature","geometry":{"type":"Point","coordinates":[-100.257959,25.714254]},"properties":{"kind":"banco_prestamo","name":"Elektra","fuente":"osm","osm_id":"way/375133991","shop":"department_store","brand":"Elektra"}},{"type":"Feature","geometry":{"type":"Point","coordinates":[-100.188545,25.780913]},"properties":{"kind":"banco_prestamo","name":"Elektra","fuente":"osm","osm_id":"way/378702791","shop":"department_store","brand":"Elektra"}},{"type":"Feature","geometry":{"type":"Point","coordinates":[-100.319898,25.677201]},"properties":{"kind":"banco_prestamo","name":"Elektra","fuente":"osm","osm_id":"way/387441698","shop":"department_store","brand":"Elektra"}},{"type":"Feature","geometry":{"type":"Point","coordinates":[-100.435579,25.674944]},"properties":{"kind":"banco_prestamo","name":"Elektra","fuente":"osm","osm_id":"way/449554251","shop":"department_store","brand":"Elektra"}},{"type":"Feature","geometry":{"type":"Point","coordinates":[-100.36676,25.727016]},"properties":{"kind":"banco_prestamo","name":"Elektra","fuente":"osm","osm_id":"way/449736141","shop":"department_store","brand":"Elektra"}},{"type":"Feature","geometry":{"type":"Point","coordinates":[-100.215215,25.655487]},"properties":{"kind":"banco_prestamo","name":"Elektra","fuente":"osm","osm_id":"way/452144030","shop":"department_store","brand":"Elektra"}},{"type":"Feature","geometry":{"type":"Point","coordinates":[-100.253188,25.680232]},"properties":{"kind":"banco_prestamo","name":"Elektra","fuente":"osm","osm_id":"way/670295837","shop":"department_store","brand":"Elektra"}},{"type":"Feature","geometry":{"type":"Point","coordinates":[-100.455296,25.690572]},"properties":{"kind":"banco_prestamo","name":"Elektra","fuente":"osm","osm_id":"way/700897730","shop":"department_store","brand":"Elektra"}},{"type":"Feature","geometry":{"type":"Point","coordinates":[-100.190396,25.72313]},"properties":{"kind":"banco_prestamo","name":"Elektra","fuente":"osm","osm_id":"way/816921889","shop":"department_store","brand":"Elektra"}},{"type":"Feature","geometry":{"type":"Point","coordinates":[-100.172551,25.758491]},"properties":{"kind":"banco_prestamo","name":"Elektra","fuente":"osm","osm_id":"way/819596967","shop":"department_store","brand":"Elektra"}},{"type":"Feature","geometry":{"type":"Point","coordinates":[-100.227681,25.828294]},"properties":{"kind":"deposito","name":"Servicar \"Pasa Pasa\"","fuente":"osm","osm_id":"node/1240052320","shop":"alcohol"}},{"type":"Feature","geometry":{"type":"Point","coordinates":[-100.146873,25.859676]},"properties":{"kind":"deposito","name":"Tienda Six","fuente":"osm","osm_id":"node/13626120905","shop":"alcohol"}},{"type":"Feature","geometry":{"type":"Point","coordinates":[-100.146734,25.859248]},"properties":{"kind":"deposito","name":"Modelorama","fuente":"osm","osm_id":"node/13626121002","shop":"alcohol"}},{"type":"Feature","geometry":{"type":"Point","coordinates":[-100.310742,25.641791]},"properties":{"kind":"deposito","name":"Venta de Cerveza Jasso","fuente":"osm","osm_id":"node/13915186893","shop":"alcohol"}},{"type":"Feature","geometry":{"type":"Point","coordinates":[-100.296978,25.649091]},"properties":{"kind":"deposito","name":"","fuente":"osm","osm_id":"node/1771695535","shop":"alcohol"}},{"type":"Feature","geometry":{"type":"Point","coordinates":[-100.162654,25.709644]},"properties":{"kind":"deposito","name":"Tecate six","fuente":"osm","osm_id":"node/1798887274","shop":"alcohol"}},{"type":"Feature","geometry":{"type":"Point","coordinates":[-100.160704,25.707566]},"properties":{"kind":"deposito","name":"Tecate Six","fuente":"osm","osm_id":"node/1798887306","shop":"alcohol"}},{"type":"Feature","geometry":{"type":"Point","coordinates":[-100.119333,25.813905]},"properties":{"kind":"deposito","name":"","fuente":"osm","osm_id":"node/1968932368","shop":"alcohol"}},{"type":"Feature","geometry":{"type":"Point","coordinates":[-100.119574,25.813688]},"properties":{"kind":"deposito","name":"","fuente":"osm","osm_id":"node/1968932718","shop":"alcohol"}},{"type":"Feature","geometry":{"type":"Point","coordinates":[-100.362454,25.654607]},"properties":{"kind":"deposito","name":"La Castellana","fuente":"osm","osm_id":"node/2643014554","shop":"alcohol"}},{"type":"Feature","geometry":{"type":"Point","coordinates":[-100.369442,25.657556]},"properties":{"kind":"deposito","name":"Vinoteca","fuente":"osm","osm_id":"node/2643014570","shop":"alcohol"}},{"type":"Feature","geometry":{"type":"Point","coordinates":[-100.192916,25.687091]},"properties":{"kind":"deposito","name":"Modelorama","fuente":"osm","osm_id":"node/3241259961","shop":"alcohol"}},{"type":"Feature","geometry":{"type":"Point","coordinates":[-100.4928,25.692684]},"properties":{"kind":"deposito","name":"The Beer Store Modelo","fuente":"osm","osm_id":"node/3600371248","shop":"alcohol"}},{"type":"Feature","geometry":{"type":"Point","coordinates":[-100.492698,25.693396]},"properties":{"kind":"deposito","name":"The Beer Store, Carta Blanca","fuente":"osm","osm_id":"node/3600375710","shop":"alcohol"}},{"type":"Feature","geometry":{"type":"Point","coordinates":[-100.495096,25.695166]},"properties":{"kind":"deposito","name":"The Beer Store Carta Blanca","fuente":"osm","osm_id":"node/3600381734","shop":"alcohol"}},{"type":"Feature","geometry":{"type":"Point","coordinates":[-100.466802,25.684996]},"properties":{"kind":"deposito","name":"Tecate six del norte","fuente":"osm","osm_id":"node/4591596196","shop":"beverages"}},{"type":"Feature","geometry":{"type":"Point","coordinates":[-100.277624,25.664567]},"properties":{"kind":"deposito","name":"Depósito \"El Porrazo\"","fuente":"osm","osm_id":"node/6345876585","shop":"alcohol"}},{"type":"Feature","geometry":{"type":"Point","coordinates":[-100.214909,25.724625]},"properties":{"kind":"deposito","name":"Super 6","fuente":"osm","osm_id":"way/121456133","shop":"alcohol"}},{"type":"Feature","geometry":{"type":"Point","coordinates":[-100.322482,25.671623]},"properties":{"kind":"deposito","name":"Licuados","fuente":"osm","osm_id":"way/495286055","shop":"beverages"}},{"type":"Feature","geometry":{"type":"Point","coordinates":[-100.330028,25.675144]},"properties":{"kind":"deposito","name":"Deposito Cervezas del Norte","fuente":"osm","osm_id":"way/508515440","shop":"alcohol"}},{"type":"Feature","geometry":{"type":"Point","coordinates":[-100.09872,25.690148]},"properties":{"kind":"deposito","name":"subagencia Los Puertos","fuente":"osm","osm_id":"way/691348434","shop":"alcohol"}},{"type":"Feature","geometry":{"type":"Point","coordinates":[-100.188522,25.651566]},"properties":{"kind":"deposito","name":"Tecate Six","fuente":"osm","osm_id":"way/800560971","shop":"alcohol"}},{"type":"Feature","geometry":{"type":"Point","coordinates":[-100.185455,25.653051]},"properties":{"kind":"deposito","name":"Tecate Six","fuente":"osm","osm_id":"way/802746702","shop":"alcohol"}},{"type":"Feature","geometry":{"type":"Point","coordinates":[-100.322635,25.794263]},"properties":{"kind":"farmacia","name":"Farmacias Similares","fuente":"osm","osm_id":"node/10103671985","amenity":"pharmacy","brand":"Farmacias Similares"}},{"type":"Feature","geometry":{"type":"Point","coordinates":[-100.2427,25.774735]},"properties":{"kind":"farmacia","name":"Benavides","fuente":"osm","osm_id":"node/10195139791","amenity":"pharmacy","brand":"Benavides"}},{"type":"Feature","geometry":{"type":"Point","coordinates":[-100.352536,25.655477]},"properties":{"kind":"farmacia","name":"","fuente":"osm","osm_id":"node/10691466910","amenity":"pharmacy"}},{"type":"Feature","geometry":{"type":"Point","coordinates":[-100.346163,25.666034]},"properties":{"kind":"farmacia","name":"Farmacia Guadalajara","fuente":"osm","osm_id":"node/10691467009","amenity":"pharmacy"}},{"type":"Feature","geometry":{"type":"Point","coordinates":[-100.310564,25.780798]},"properties":{"kind":"farmacia","name":"Benavides","fuente":"osm","osm_id":"node/10797319434","amenity":"pharmacy","brand":"Benavides"}},{"type":"Feature","geometry":{"type":"Point","coordinates":[-100.309446,25.781789]},"properties":{"kind":"farmacia","name":"Farmacias Similares","fuente":"osm","osm_id":"node/10797778137","amenity":"pharmacy","brand":"Farmacias Similares"}},{"type":"Feature","geometry":{"type":"Point","coordinates":[-100.466101,25.798061]},"properties":{"kind":"farmacia","name":"Similares","fuente":"osm","osm_id":"node/11132865485","amenity":"pharmacy"}},{"type":"Feature","geometry":{"type":"Point","coordinates":[-100.422057,25.745002]},"properties":{"kind":"farmacia","name":"Benavides","fuente":"osm","osm_id":"node/11218923438","amenity":"pharmacy","brand":"Benavides"}},{"type":"Feature","geometry":{"type":"Point","coordinates":[-100.224633,25.80592]},"properties":{"kind":"farmacia","name":"Benavides","fuente":"osm","osm_id":"node/11388291191","amenity":"pharmacy","brand":"Benavides"}},{"type":"Feature","geometry":{"type":"Point","coordinates":[-100.277754,25.642402]},"properties":{"kind":"farmacia","name":"Farmacias del Ahorro","fuente":"osm","osm_id":"node/1142909844","amenity":"pharmacy","brand":"Farmacias del Ahorro"}},{"type":"Feature","geometry":{"type":"Point","coordinates":[-100.214159,25.76985]},"properties":{"kind":"farmacia","name":"Farmacia Guadalajara","fuente":"osm","osm_id":"node/11861317260","amenity":"pharmacy","brand":"Farmacia Guadalajara"}},{"type":"Feature","geometry":{"type":"Point","coordinates":[-100.405271,25.762271]},"properties":{"kind":"farmacia","name":"Farmacia Guadalajara","fuente":"osm","osm_id":"node/1194239574","amenity":"pharmacy","brand":"Farmacia Guadalajara"}},{"type":"Feature","geometry":{"type":"Point","coordinates":[-100.402762,25.770403]},"properties":{"kind":"farmacia","name":"Benavides","fuente":"osm","osm_id":"node/1204511510","amenity":"pharmacy","brand":"Benavides"}},{"type":"Feature","geometry":{"type":"Point","coordinates":[-100.383813,25.658193]},"properties":{"kind":"farmacia","name":"Farmacias Similares","fuente":"osm","osm_id":"node/12737957857","amenity":"pharmacy","brand":"Farmacias Similares"}},{"type":"Feature","geometry":{"type":"Point","coordinates":[-100.459115,25.770815]},"properties":{"kind":"farmacia","name":"Farmacias Similares","fuente":"osm","osm_id":"node/12876281779","amenity":"pharmacy","brand":"Farmacias Similares"}},{"type":"Feature","geometry":{"type":"Point","coordinates":[-100.375696,25.651675]},"properties":{"kind":"farmacia","name":"Farmacias del Ahorro","fuente":"osm","osm_id":"node/12889687869","amenity":"pharmacy","brand":"Farmacias del Ahorro"}},{"type":"Feature","geometry":{"type":"Point","coordinates":[-100.369854,25.705491]},"properties":{"kind":"farmacia","name":"Farmacias del Ahorro","fuente":"osm","osm_id":"node/13080156120","amenity":"pharmacy","brand":"Farmacias del Ahorro"}},{"type":"Feature","geometry":{"type":"Point","coordinates":[-100.233767,25.732647]},"properties":{"kind":"farmacia","name":"Farmacia Guadalajara","fuente":"osm","osm_id":"node/1316627773","amenity":"pharmacy","brand":"Farmacia Guadalajara"}},{"type":"Feature","geometry":{"type":"Point","coordinates":[-100.343793,25.696991]},"properties":{"kind":"farmacia","name":"Benavides","fuente":"osm","osm_id":"node/13176121969","amenity":"pharmacy","brand":"brand=Benavides"}},{"type":"Feature","geometry":{"type":"Point","coordinates":[-100.443028,25.691708]},"properties":{"kind":"farmacia","name":"Benavides","fuente":"osm","osm_id":"node/13535908241","amenity":"pharmacy","brand":"Benavides"}},{"type":"Feature","geometry":{"type":"Point","coordinates":[-100.146994,25.862038]},"properties":{"kind":"farmacia","name":"Farmacias Guadalajara Sector San Patricio","fuente":"osm","osm_id":"node/13626094366","amenity":"pharmacy"}},{"type":"Feature","geometry":{"type":"Point","coordinates":[-100.14699,25.862043]},"properties":{"kind":"farmacia","name":"Farmacias Guadalajara Sector San Patricio","fuente":"osm","osm_id":"node/13626121001","amenity":"pharmacy"}},{"type":"Feature","geometry":{"type":"Point","coordinates":[-100.146382,25.862466]},"properties":{"kind":"farmacia","name":"Farmacias Similares","fuente":"osm","osm_id":"node/13657937801","amenity":"pharmacy"}},{"type":"Feature","geometry":{"type":"Point","coordinates":[-100.229538,25.689097]},"properties":{"kind":"farmacia","name":"Farmacias Benavides","fuente":"osm","osm_id":"node/13723582775","amenity":"pharmacy","brand":"Farmacias Benavides"}},{"type":"Feature","geometry":{"type":"Point","coordinates":[-100.22995,25.688538]},"properties":{"kind":"farmacia","name":"Farmacias Similares","fuente":"osm","osm_id":"node/13723717984","amenity":"pharmacy","brand":"Farmacias Similares"}},{"type":"Feature","geometry":{"type":"Point","coordinates":[-100.272945,25.626514]},"properties":{"kind":"farmacia","name":"Benavides","fuente":"osm","osm_id":"node/1428115282","amenity":"pharmacy","brand":"Benavides"}},{"type":"Feature","geometry":{"type":"Point","coordinates":[-100.273534,25.626653]},"properties":{"kind":"farmacia","name":"Farmacias del Ahorro","fuente":"osm","osm_id":"node/1428125194","amenity":"pharmacy","brand":"Farmacias del Ahorro"}},{"type":"Feature","geometry":{"type":"Point","coordinates":[-100.276789,25.627384]},"properties":{"kind":"farmacia","name":"Benavides","fuente":"osm","osm_id":"node/1428136703","amenity":"pharmacy","brand":"Benavides"}},{"type":"Feature","geometry":{"type":"Point","coordinates":[-100.270904,25.734245]},"properties":{"kind":"farmacia","name":"Benavides","fuente":"osm","osm_id":"node/1460466398","amenity":"pharmacy","brand":"Benavides"}},{"type":"Feature","geometry":{"type":"Point","coordinates":[-100.369316,25.661837]},"properties":{"kind":"farmacia","name":"Benavides","fuente":"osm","osm_id":"node/1489918811","amenity":"pharmacy","brand":"Benavides"}},{"type":"Feature","geometry":{"type":"Point","coordinates":[-100.232842,25.660705]},"properties":{"kind":"farmacia","name":"Benavides","fuente":"osm","osm_id":"node/1535793496","amenity":"pharmacy","brand":"Benavides"}},{"type":"Feature","geometry":{"type":"Point","coordinates":[-100.265808,25.71872]},"properties":{"kind":"farmacia","name":"Farmacias del Ahorro","fuente":"osm","osm_id":"node/1568182640","amenity":"pharmacy","brand":"Farmacias del Ahorro"}},{"type":"Feature","geometry":{"type":"Point","coordinates":[-100.382626,25.654761]},"properties":{"kind":"farmacia","name":"","fuente":"osm","osm_id":"node/1720006044","amenity":"pharmacy"}},{"type":"Feature","geometry":{"type":"Point","coordinates":[-100.414495,25.766995]},"properties":{"kind":"farmacia","name":"Farmacia Guadalajara","fuente":"osm","osm_id":"node/1746013409","amenity":"pharmacy","brand":"Farmacia Guadalajara"}},{"type":"Feature","geometry":{"type":"Point","coordinates":[-100.235818,25.7189]},"properties":{"kind":"farmacia","name":"Benavides","fuente":"osm","osm_id":"node/1763503705","amenity":"pharmacy","brand":"Benavides"}},{"type":"Feature","geometry":{"type":"Point","coordinates":[-100.247919,25.713763]},"properties":{"kind":"farmacia","name":"Benavides","fuente":"osm","osm_id":"node/1771916096","amenity":"pharmacy","brand":"Benavides"}},{"type":"Feature","geometry":{"type":"Point","coordinates":[-100.157839,25.709905]},"properties":{"kind":"farmacia","name":"Farmacias Similares","fuente":"osm","osm_id":"node/1798885137","amenity":"pharmacy","brand":"Farmacias Similares"}},{"type":"Feature","geometry":{"type":"Point","coordinates":[-100.156643,25.711798]},"properties":{"kind":"farmacia","name":"Farmacia Hda Las Margaritas","fuente":"osm","osm_id":"node/1798885142","amenity":"pharmacy"}},{"type":"Feature","geometry":{"type":"Point","coordinates":[-100.148618,25.703192]},"properties":{"kind":"farmacia","name":"Farmacia Guadalajara","fuente":"osm","osm_id":"node/1798886698","amenity":"pharmacy","brand":"Farmacia Guadalajara"}},{"type":"Feature","geometry":{"type":"Point","coordinates":[-100.167418,25.741059]},"properties":{"kind":"farmacia","name":"Farmacia Guadalajara","fuente":"osm","osm_id":"node/1798905520","amenity":"pharmacy","brand":"Farmacia Guadalajara"}},{"type":"Feature","geometry":{"type":"Point","coordinates":[-100.161097,25.737483]},"properties":{"kind":"farmacia","name":"Farmacia Guadalajara","fuente":"osm","osm_id":"node/1798905799","amenity":"pharmacy","brand":"Farmacia Guadalajara"}},{"type":"Feature","geometry":{"type":"Point","coordinates":[-100.273226,25.769486]},"properties":{"kind":"farmacia","name":"Santos Farmacias","fuente":"osm","osm_id":"node/1815310779","amenity":"pharmacy"}},{"type":"Feature","geometry":{"type":"Point","coordinates":[-100.372948,25.713915]},"properties":{"kind":"farmacia","name":"Farmacia Guadalajara","fuente":"osm","osm_id":"node/1821578529","amenity":"pharmacy","brand":"Farmacia Guadalajara"}},{"type":"Feature","geometry":{"type":"Point","coordinates":[-100.37696,25.651444]},"properties":{"kind":"farmacia","name":"Benavides","fuente":"osm","osm_id":"node/1841088709","amenity":"pharmacy","brand":"Benavides"}},{"type":"Feature","geometry":{"type":"Point","coordinates":[-100.437036,25.667404]},"properties":{"kind":"farmacia","name":"Benavides","fuente":"osm","osm_id":"node/1842853815","amenity":"pharmacy"}},{"type":"Feature","geometry":{"type":"Point","coordinates":[-100.264546,25.686479]},"properties":{"kind":"farmacia","name":"Benavides","fuente":"osm","osm_id":"node/1859094155","amenity":"pharmacy","brand":"Benavides"}},{"type":"Feature","geometry":{"type":"Point","coordinates":[-100.254804,25.689945]},"properties":{"kind":"farmacia","name":"Benavides","fuente":"osm","osm_id":"node/1859153894","amenity":"pharmacy","brand":"Benavides"}},{"type":"Feature","geometry":{"type":"Point","coordinates":[-100.254546,25.689457]},"properties":{"kind":"farmacia","name":"Farmacias del Ahorro","fuente":"osm","osm_id":"node/1859153896","amenity":"pharmacy","brand":"Farmacias del Ahorro"}},{"type":"Feature","geometry":{"type":"Point","coordinates":[-100.26741,25.676126]},"properties":{"kind":"farmacia","name":"Benavides","fuente":"osm","osm_id":"node/1940128884","amenity":"pharmacy","brand":"Benavides"}},{"type":"Feature","geometry":{"type":"Point","coordinates":[-100.26692,25.675636]},"properties":{"kind":"farmacia","name":"Guadalajara","fuente":"osm","osm_id":"node/1940128885","amenity":"pharmacy"}},{"type":"Feature","geometry":{"type":"Point","coordinates":[-100.189869,25.687598]},"properties":{"kind":"farmacia","name":"Farmacia Guadalajara","fuente":"osm","osm_id":"node/1984571709","amenity":"pharmacy","brand":"Farmacia Guadalajara"}},{"type":"Feature","geometry":{"type":"Point","coordinates":[-100.303287,25.73746]},"properties":{"kind":"farmacia","name":"Farmacias del Ahorro","fuente":"osm","osm_id":"node/2032587398","amenity":"pharmacy","brand":"Farmacias del Ahorro"}},{"type":"Feature","geometry":{"type":"Point","coordinates":[-100.343117,25.680781]},"properties":{"kind":"farmacia","name":"Farmacia Guadalajara","fuente":"osm","osm_id":"node/2104783045","amenity":"pharmacy","brand":"Farmacia Guadalajara"}},{"type":"Feature","geometry":{"type":"Point","coordinates":[-100.266583,25.783902]},"properties":{"kind":"farmacia","name":"","fuente":"osm","osm_id":"node/2149925501","amenity":"pharmacy"}},{"type":"Feature","geometry":{"type":"Point","coordinates":[-100.315249,25.668731]},"properties":{"kind":"farmacia","name":"Benavides","fuente":"osm","osm_id":"node/2276211384","amenity":"pharmacy","brand":"Benavides"}},{"type":"Feature","geometry":{"type":"Point","coordinates":[-100.287516,25.747765]},"properties":{"kind":"farmacia","name":"Benavides","fuente":"osm","osm_id":"node/2277724503","amenity":"pharmacy","brand":"Benavides"}},{"type":"Feature","geometry":{"type":"Point","coordinates":[-100.286669,25.756636]},"properties":{"kind":"farmacia","name":"Benavides","fuente":"osm","osm_id":"node/2277724504","amenity":"pharmacy","brand":"Benavides"}},{"type":"Feature","geometry":{"type":"Point","coordinates":[-100.348439,25.716492]},"properties":{"kind":"farmacia","name":"Benavides","fuente":"osm","osm_id":"node/2291127422","amenity":"pharmacy","brand":"Benavides"}},{"type":"Feature","geometry":{"type":"Point","coordinates":[-100.338405,25.638049]},"properties":{"kind":"farmacia","name":"Benavides","fuente":"osm","osm_id":"node/2291957776","amenity":"pharmacy"}},{"type":"Feature","geometry":{"type":"Point","coordinates":[-100.266503,25.770666]},"properties":{"kind":"farmacia","name":"Farmacias del Ahorro","fuente":"osm","osm_id":"node/2618216413","amenity":"pharmacy"}},{"type":"Feature","geometry":{"type":"Point","coordinates":[-100.343972,25.653192]},"properties":{"kind":"farmacia","name":"Benavides","fuente":"osm","osm_id":"node/2642950330","amenity":"pharmacy","brand":"Benavides"}},{"type":"Feature","geometry":{"type":"Point","coordinates":[-100.368546,25.657319]},"properties":{"kind":"farmacia","name":"Del Ahorro","fuente":"osm","osm_id":"node/2643014537","amenity":"pharmacy"}},{"type":"Feature","geometry":{"type":"Point","coordinates":[-100.309599,25.637258]},"properties":{"kind":"farmacia","name":"Farmacia Guadalajara","fuente":"osm","osm_id":"node/2643086266","amenity":"pharmacy","brand":"Farmacia Guadalajara"}},{"type":"Feature","geometry":{"type":"Point","coordinates":[-100.270353,25.743162]},"properties":{"kind":"farmacia","name":"Farmacia Guadalajara","fuente":"osm","osm_id":"node/2649567958","amenity":"pharmacy","brand":"Farmacia Guadalajara"}},{"type":"Feature","geometry":{"type":"Point","coordinates":[-100.266388,25.755969]},"properties":{"kind":"farmacia","name":"Farmacias Similares","fuente":"osm","osm_id":"node/2649567962","amenity":"pharmacy","brand":"Farmacias Similares"}},{"type":"Feature","geometry":{"type":"Point","coordinates":[-100.288171,25.73816]},"properties":{"kind":"farmacia","name":"Farmacia Guadalajara","fuente":"osm","osm_id":"node/2711463664","amenity":"pharmacy","brand":"Farmacia Guadalajara"}},{"type":"Feature","geometry":{"type":"Point","coordinates":[-100.312021,25.667318]},"properties":{"kind":"farmacia","name":"Benavides","fuente":"osm","osm_id":"node/293542771","amenity":"pharmacy","brand":"Benavides"}},{"type":"Feature","geometry":{"type":"Point","coordinates":[-100.244981,25.815661]},"properties":{"kind":"farmacia","name":"Farmacias Similares","fuente":"osm","osm_id":"node/3021419541","amenity":"pharmacy"}},{"type":"Feature","geometry":{"type":"Point","coordinates":[-100.222027,25.667202]},"properties":{"kind":"farmacia","name":"Benavides","fuente":"osm","osm_id":"node/3388911561","amenity":"pharmacy","brand":"Benavides"}},{"type":"Feature","geometry":{"type":"Point","coordinates":[-100.257462,25.582346]},"properties":{"kind":"farmacia","name":"Benavides","fuente":"osm","osm_id":"node/3498089099","amenity":"pharmacy","brand":"Benavides"}},{"type":"Feature","geometry":{"type":"Point","coordinates":[-100.49712,25.689891]},"properties":{"kind":"farmacia","name":"Farmacity","fuente":"osm","osm_id":"node/3686180084","amenity":"pharmacy"}},{"type":"Feature","geometry":{"type":"Point","coordinates":[-100.491494,25.694246]},"properties":{"kind":"farmacia","name":"Farmacity","fuente":"osm","osm_id":"node/3686180085","amenity":"pharmacy"}},{"type":"Feature","geometry":{"type":"Point","coordinates":[-100.246363,25.750597]},"properties":{"kind":"farmacia","name":"Farmacia Guadalajara","fuente":"osm","osm_id":"node/3785240057","amenity":"pharmacy","brand":"Farmacia Guadalajara"}},{"type":"Feature","geometry":{"type":"Point","coordinates":[-100.254935,25.779639]},"properties":{"kind":"farmacia","name":"Farmacia Guadalajara","fuente":"osm","osm_id":"node/3785240180","amenity":"pharmacy"}},{"type":"Feature","geometry":{"type":"Point","coordinates":[-100.266522,25.770302]},"properties":{"kind":"farmacia","name":"Benavides","fuente":"osm","osm_id":"node/3785240365","amenity":"pharmacy"}},{"type":"Feature","geometry":{"type":"Point","coordinates":[-100.226821,25.733745]},"properties":{"kind":"farmacia","name":"Benavides","fuente":"osm","osm_id":"node/3785240536","amenity":"pharmacy","brand":"Benavides"}},{"type":"Feature","geometry":{"type":"Point","coordinates":[-100.246474,25.703515]},"properties":{"kind":"farmacia","name":"Farmacia Guadalajara","fuente":"osm","osm_id":"node/3788008068","amenity":"pharmacy","brand":"Farmacia Guadalajara"}},{"type":"Feature","geometry":{"type":"Point","coordinates":[-100.256524,25.742593]},"properties":{"kind":"farmacia","name":"Benavides","fuente":"osm","osm_id":"node/3788200877","amenity":"pharmacy","brand":"Benavides"}},{"type":"Feature","geometry":{"type":"Point","coordinates":[-100.263213,25.760448]},"properties":{"kind":"farmacia","name":"Benavides","fuente":"osm","osm_id":"node/3792931390","amenity":"pharmacy","brand":"Benavides"}},{"type":"Feature","geometry":{"type":"Point","coordinates":[-100.247877,25.773176]},"properties":{"kind":"farmacia","name":"Farmacias Similares","fuente":"osm","osm_id":"node/3819690518","amenity":"pharmacy","brand":"Farmacias Similares"}},{"type":"Feature","geometry":{"type":"Point","coordinates":[-100.272929,25.71483]},"properties":{"kind":"farmacia","name":"Benavides","fuente":"osm","osm_id":"node/3821164377","amenity":"pharmacy","brand":"Benavides"}},{"type":"Feature","geometry":{"type":"Point","coordinates":[-100.161916,25.736736]},"properties":{"kind":"farmacia","name":"Farmacias Similares","fuente":"osm","osm_id":"node/3829979958","amenity":"pharmacy","brand":"Farmacias Similares"}},{"type":"Feature","geometry":{"type":"Point","coordinates":[-100.21732,25.723938]},"properties":{"kind":"farmacia","name":"Benavides","fuente":"osm","osm_id":"node/3841908433","amenity":"pharmacy","brand":"Benavides"}},{"type":"Feature","geometry":{"type":"Point","coordinates":[-100.25188,25.768844]},"properties":{"kind":"farmacia","name":"Farmacias Similares","fuente":"osm","osm_id":"node/3907280022","amenity":"pharmacy","brand":"Farmacias Similares"}},{"type":"Feature","geometry":{"type":"Point","coordinates":[-100.24847,25.793162]},"properties":{"kind":"farmacia","name":"Benavides","fuente":"osm","osm_id":"node/3974932177","amenity":"pharmacy"}},{"type":"Feature","geometry":{"type":"Point","coordinates":[-100.269507,25.736241]},"properties":{"kind":"farmacia","name":"Guadalajara","fuente":"osm","osm_id":"node/3988940359","amenity":"pharmacy"}},{"type":"Feature","geometry":{"type":"Point","coordinates":[-100.234258,25.668711]},"properties":{"kind":"farmacia","name":"Farmacias del Ahorro","fuente":"osm","osm_id":"node/4020660292","amenity":"pharmacy","brand":"Farmacias del Ahorro"}},{"type":"Feature","geometry":{"type":"Point","coordinates":[-100.398548,25.734956]},"properties":{"kind":"farmacia","name":"Farmacias del Ahorro","fuente":"osm","osm_id":"node/4053064425","amenity":"pharmacy","brand":"Farmacias del Ahorro"}},{"type":"Feature","geometry":{"type":"Point","coordinates":[-100.398428,25.734928]},"properties":{"kind":"farmacia","name":"Laboratorio Dr, Moreira","fuente":"osm","osm_id":"node/4053064426","amenity":"pharmacy"}},{"type":"Feature","geometry":{"type":"Point","coordinates":[-100.391773,25.729635]},"properties":{"kind":"farmacia","name":"Farmacia Similares","fuente":"osm","osm_id":"node/4053211401","amenity":"pharmacy","brand":"Farmacia Similares"}},{"type":"Feature","geometry":{"type":"Point","coordinates":[-100.37848,25.728075]},"properties":{"kind":"farmacia","name":"Farmacia Guadalajara","fuente":"osm","osm_id":"node/4053638597","amenity":"pharmacy","brand":"Farmacia Guadalajara"}},{"type":"Feature","geometry":{"type":"Point","coordinates":[-100.300833,25.744168]},"properties":{"kind":"farmacia","name":"Farmacias Similares","fuente":"osm","osm_id":"node/4053718871","amenity":"pharmacy","brand":"Farmacias Similares"}},{"type":"Feature","geometry":{"type":"Point","coordinates":[-100.290176,25.755742]},"properties":{"kind":"farmacia","name":"Guadalajara","fuente":"osm","osm_id":"node/4053802827","amenity":"pharmacy"}},{"type":"Feature","geometry":{"type":"Point","coordinates":[-100.290207,25.755873]},"properties":{"kind":"farmacia","name":"Drogueria La Tradicional","fuente":"osm","osm_id":"node/4053802828","amenity":"pharmacy"}},{"type":"Feature","geometry":{"type":"Point","coordinates":[-100.286787,25.757605]},"properties":{"kind":"farmacia","name":"Farmacias del Ahorro","fuente":"osm","osm_id":"node/4053803600","amenity":"pharmacy","brand":"Farmacias del Ahorro"}},{"type":"Feature","geometry":{"type":"Point","coordinates":[-100.290242,25.756037]},"properties":{"kind":"farmacia","name":"Benavides","fuente":"osm","osm_id":"node/4053803604","amenity":"pharmacy","brand":"Benavides"}},{"type":"Feature","geometry":{"type":"Point","coordinates":[-100.367397,25.703187]},"properties":{"kind":"farmacia","name":"Benavides","fuente":"osm","osm_id":"node/4055480233","amenity":"pharmacy","brand":"Benavides"}},{"type":"Feature","geometry":{"type":"Point","coordinates":[-100.24689,25.710157]},"properties":{"kind":"farmacia","name":"Similares","fuente":"osm","osm_id":"node/4075519367","amenity":"pharmacy"}},{"type":"Feature","geometry":{"type":"Point","coordinates":[-100.259803,25.712463]},"properties":{"kind":"farmacia","name":"Farmacias del Ahorro","fuente":"osm","osm_id":"node/4075558655","amenity":"pharmacy","brand":"Farmacias del Ahorro"}},{"type":"Feature","geometry":{"type":"Point","coordinates":[-100.234135,25.71965]},"properties":{"kind":"farmacia","name":"Guadalajara","fuente":"osm","osm_id":"node/4075787842","amenity":"pharmacy"}},{"type":"Feature","geometry":{"type":"Point","coordinates":[-100.231339,25.70375]},"properties":{"kind":"farmacia","name":"Farmacias Similares","fuente":"osm","osm_id":"node/4077289495","amenity":"pharmacy","brand":"Farmacias Similares"}},{"type":"Feature","geometry":{"type":"Point","coordinates":[-100.230507,25.706143]},"properties":{"kind":"farmacia","name":"Del Ahorro","fuente":"osm","osm_id":"node/4077315008","amenity":"pharmacy"}},{"type":"Feature","geometry":{"type":"Point","coordinates":[-100.23792,25.784492]},"properties":{"kind":"farmacia","name":"Similares","fuente":"osm","osm_id":"node/4084035983","amenity":"pharmacy"}},{"type":"Feature","geometry":{"type":"Point","coordinates":[-100.24984,25.773432]},"properties":{"kind":"farmacia","name":"David","fuente":"osm","osm_id":"node/4084036012","amenity":"pharmacy"}},{"type":"Feature","geometry":{"type":"Point","coordinates":[-100.27418,25.76182]},"properties":{"kind":"farmacia","name":"Benavides","fuente":"osm","osm_id":"node/4086665933","amenity":"pharmacy","brand":"Benavides"}},{"type":"Feature","geometry":{"type":"Point","coordinates":[-100.282833,25.768306]},"properties":{"kind":"farmacia","name":"Del Ahorro","fuente":"osm","osm_id":"node/4086917406","amenity":"pharmacy"}},{"type":"Feature","geometry":{"type":"Point","coordinates":[-100.23132,25.677316]},"properties":{"kind":"farmacia","name":"Benavides","fuente":"osm","osm_id":"node/4100533076","amenity":"pharmacy","brand":"Benavides"}},{"type":"Feature","geometry":{"type":"Point","coordinates":[-100.313294,25.682908]},"properties":{"kind":"farmacia","name":"Farmacia Guadalajara","fuente":"osm","osm_id":"node/4115682499","amenity":"pharmacy","brand":"Farmacia Guadalajara"}},{"type":"Feature","geometry":{"type":"Point","coordinates":[-100.273306,25.762068]},"properties":{"kind":"farmacia","name":"Farmacia Guadalajara","fuente":"osm","osm_id":"node/4117342492","amenity":"pharmacy","brand":"Farmacia Guadalajara"}},{"type":"Feature","geometry":{"type":"Point","coordinates":[-100.26146,25.703435]},"properties":{"kind":"farmacia","name":"Farmacias del Ahorro","fuente":"osm","osm_id":"node/4137092298","amenity":"pharmacy","brand":"Farmacias del Ahorro"}},{"type":"Feature","geometry":{"type":"Point","coordinates":[-100.261986,25.703394]},"properties":{"kind":"farmacia","name":"Benavides","fuente":"osm","osm_id":"node/4137105512","amenity":"pharmacy","brand":"Benavides"}},{"type":"Feature","geometry":{"type":"Point","coordinates":[-100.297208,25.645989]},"properties":{"kind":"farmacia","name":"Farmacia Guadalajara","fuente":"osm","osm_id":"node/4236323889","amenity":"pharmacy","brand":"Farmacia Guadalajara"}},{"type":"Feature","geometry":{"type":"Point","coordinates":[-100.297267,25.646525]},"properties":{"kind":"farmacia","name":"Farmacia Guadalajara","fuente":"osm","osm_id":"node/4306690620","amenity":"pharmacy","brand":"Farmacia Guadalajara"}},{"type":"Feature","geometry":{"type":"Point","coordinates":[-100.212386,25.69675]},"properties":{"kind":"farmacia","name":"Farmacias del Ahorro","fuente":"osm","osm_id":"node/4320217701","amenity":"pharmacy","brand":"Farmacias del Ahorro"}},{"type":"Feature","geometry":{"type":"Point","coordinates":[-100.211971,25.69558]},"properties":{"kind":"farmacia","name":"Farmacias Similares","fuente":"osm","osm_id":"node/4320217703","amenity":"pharmacy","brand":"Farmacias Similares"}},{"type":"Feature","geometry":{"type":"Point","coordinates":[-100.330545,25.649314]},"properties":{"kind":"farmacia","name":"Benavides","fuente":"osm","osm_id":"node/4321613857","amenity":"pharmacy","brand":"Benavides"}},{"type":"Feature","geometry":{"type":"Point","coordinates":[-100.317863,25.676702]},"properties":{"kind":"farmacia","name":"Benavides","fuente":"osm","osm_id":"node/4327463630","amenity":"pharmacy","brand":"Benavides"}},{"type":"Feature","geometry":{"type":"Point","coordinates":[-100.303713,25.758905]},"properties":{"kind":"farmacia","name":"Farmacia Guadalajara","fuente":"osm","osm_id":"node/4412247990","amenity":"pharmacy","brand":"Farmacia Guadalajara"}},{"type":"Feature","geometry":{"type":"Point","coordinates":[-100.297355,25.753707]},"properties":{"kind":"farmacia","name":"Benavides","fuente":"osm","osm_id":"node/4475406602","amenity":"pharmacy","brand":"Benavides"}},{"type":"Feature","geometry":{"type":"Point","coordinates":[-100.385442,25.778752]},"properties":{"kind":"farmacia","name":"Benavides","fuente":"osm","osm_id":"node/4552796602","amenity":"pharmacy"}},{"type":"Feature","geometry":{"type":"Point","coordinates":[-100.386954,25.774931]},"properties":{"kind":"farmacia","name":"Farmacias del Ahorro","fuente":"osm","osm_id":"node/4556189550","amenity":"pharmacy"}},{"type":"Feature","geometry":{"type":"Point","coordinates":[-100.353439,25.740774]},"properties":{"kind":"farmacia","name":"Farmacias del Ahorro","fuente":"osm","osm_id":"node/4565468943","amenity":"pharmacy","brand":"Farmacias del Ahorro"}},{"type":"Feature","geometry":{"type":"Point","coordinates":[-100.203754,25.717736]},"properties":{"kind":"farmacia","name":"Guadalajara","fuente":"osm","osm_id":"node/4611161299","amenity":"pharmacy"}},{"type":"Feature","geometry":{"type":"Point","coordinates":[-100.301264,25.630844]},"properties":{"kind":"farmacia","name":"Farmacias del Ahorro","fuente":"osm","osm_id":"node/4622800284","amenity":"pharmacy","brand":"Farmacias del Ahorro"}},{"type":"Feature","geometry":{"type":"Point","coordinates":[-100.248249,25.783891]},"properties":{"kind":"farmacia","name":"Similares","fuente":"osm","osm_id":"node/4704331879","amenity":"pharmacy"}},{"type":"Feature","geometry":{"type":"Point","coordinates":[-100.33335,25.704984]},"properties":{"kind":"farmacia","name":"Farmacias Similares","fuente":"osm","osm_id":"node/4711986412","amenity":"pharmacy","brand":"Farmacias Similares"}},{"type":"Feature","geometry":{"type":"Point","coordinates":[-100.205007,25.663267]},"properties":{"kind":"farmacia","name":"Benavides","fuente":"osm","osm_id":"node/4791858515","amenity":"pharmacy","brand":"Benavides"}},{"type":"Feature","geometry":{"type":"Point","coordinates":[-100.281918,25.666723]},"properties":{"kind":"farmacia","name":"Farmacias Similares","fuente":"osm","osm_id":"node/4801958466","amenity":"pharmacy","brand":"Farmacias Similares"}},{"type":"Feature","geometry":{"type":"Point","coordinates":[-100.236237,25.717632]},"properties":{"kind":"farmacia","name":"Farmacias del Ahorro","fuente":"osm","osm_id":"node/4846041832","amenity":"pharmacy","brand":"Farmacias del Ahorro"}},{"type":"Feature","geometry":{"type":"Point","coordinates":[-100.331418,25.675283]},"properties":{"kind":"farmacia","name":"","fuente":"osm","osm_id":"node/4981024859","amenity":"pharmacy"}},{"type":"Feature","geometry":{"type":"Point","coordinates":[-100.331628,25.677759]},"properties":{"kind":"farmacia","name":"Farmacia Guadalajara","fuente":"osm","osm_id":"node/4983400264","amenity":"pharmacy","brand":"Farmacia Guadalajara"}},{"type":"Feature","geometry":{"type":"Point","coordinates":[-100.387922,25.721331]},"properties":{"kind":"farmacia","name":"Benavides","fuente":"osm","osm_id":"node/4997521222","amenity":"pharmacy","brand":"Benavides"}},{"type":"Feature","geometry":{"type":"Point","coordinates":[-100.250875,25.662302]},"properties":{"kind":"farmacia","name":"Farmacias del Ahorro","fuente":"osm","osm_id":"node/5070046863","amenity":"pharmacy","brand":"Farmacias del Ahorro"}},{"type":"Feature","geometry":{"type":"Point","coordinates":[-100.28689,25.747107]},"properties":{"kind":"farmacia","name":"Benavides","fuente":"osm","osm_id":"node/5163860837","amenity":"pharmacy","brand":"Benavides"}},{"type":"Feature","geometry":{"type":"Point","coordinates":[-100.355584,25.683757]},"properties":{"kind":"farmacia","name":"Farmacias del Ahorro","fuente":"osm","osm_id":"node/5245983830","amenity":"pharmacy","brand":"Farmacias del Ahorro"}},{"type":"Feature","geometry":{"type":"Point","coordinates":[-100.293694,25.653017]},"properties":{"kind":"farmacia","name":"Benavides","fuente":"osm","osm_id":"node/5282550949","amenity":"pharmacy","brand":"Benavides"}},{"type":"Feature","geometry":{"type":"Point","coordinates":[-100.40995,25.662203]},"properties":{"kind":"farmacia","name":"Farmacia Guadalajara","fuente":"osm","osm_id":"node/5320985362","amenity":"pharmacy","brand":"Farmacia Guadalajara"}},{"type":"Feature","geometry":{"type":"Point","coordinates":[-100.272699,25.640028]},"properties":{"kind":"farmacia","name":"Benavides","fuente":"osm","osm_id":"node/5333642204","amenity":"pharmacy","brand":"Benavides"}},{"type":"Feature","geometry":{"type":"Point","coordinates":[-100.178132,25.661709]},"properties":{"kind":"farmacia","name":"Farmacias Similares","fuente":"osm","osm_id":"node/5523101737","amenity":"pharmacy","brand":"Farmacias Similares"}},{"type":"Feature","geometry":{"type":"Point","coordinates":[-100.223356,25.801319]},"properties":{"kind":"farmacia","name":"Farmacias Similares","fuente":"osm","osm_id":"node/5620212281","amenity":"pharmacy"}},{"type":"Feature","geometry":{"type":"Point","coordinates":[-100.260459,25.659108]},"properties":{"kind":"farmacia","name":"","fuente":"osm","osm_id":"node/5714503401","amenity":"pharmacy"}},{"type":"Feature","geometry":{"type":"Point","coordinates":[-100.265573,25.652525]},"properties":{"kind":"farmacia","name":"","fuente":"osm","osm_id":"node/5714503756","amenity":"pharmacy"}},{"type":"Feature","geometry":{"type":"Point","coordinates":[-100.322758,25.678898]},"properties":{"kind":"farmacia","name":"Benavides","fuente":"osm","osm_id":"node/5730982707","amenity":"pharmacy","brand":"Benavides"}},{"type":"Feature","geometry":{"type":"Point","coordinates":[-100.31012,25.698922]},"properties":{"kind":"farmacia","name":"Benavides","fuente":"osm","osm_id":"node/5949121243","amenity":"pharmacy","brand":"Benavides"}},{"type":"Feature","geometry":{"type":"Point","coordinates":[-100.198766,25.74718]},"properties":{"kind":"farmacia","name":"Farmacias del Ahorro","fuente":"osm","osm_id":"node/6005960187","amenity":"pharmacy","brand":"Farmacias del Ahorro"}},{"type":"Feature","geometry":{"type":"Point","coordinates":[-100.285007,25.703461]},"properties":{"kind":"farmacia","name":"Farmacias del Ahorro","fuente":"osm","osm_id":"node/6117053302","amenity":"pharmacy","brand":"Farmacias del Ahorro"}},{"type":"Feature","geometry":{"type":"Point","coordinates":[-100.280226,25.70338]},"properties":{"kind":"farmacia","name":"Farmacias Similares","fuente":"osm","osm_id":"node/6117053437","amenity":"pharmacy","brand":"Farmacias Similares"}},{"type":"Feature","geometry":{"type":"Point","coordinates":[-100.268211,25.60669]},"properties":{"kind":"farmacia","name":"Benavides","fuente":"osm","osm_id":"node/612771828","amenity":"pharmacy","brand":"Benavides"}},{"type":"Feature","geometry":{"type":"Point","coordinates":[-100.272209,25.753533]},"properties":{"kind":"farmacia","name":"Farmacias Similares","fuente":"osm","osm_id":"node/6135543077","amenity":"pharmacy","brand":"Farmacias Similares"}},{"type":"Feature","geometry":{"type":"Point","coordinates":[-100.398098,25.780826]},"properties":{"kind":"farmacia","name":"Farmacia Guadalajara","fuente":"osm","osm_id":"node/6228276391","amenity":"pharmacy","brand":"Farmacia Guadalajara"}},{"type":"Feature","geometry":{"type":"Point","coordinates":[-100.253063,25.679375]},"properties":{"kind":"farmacia","name":"Benavides","fuente":"osm","osm_id":"node/6277160124","amenity":"pharmacy","brand":"Benavides"}},{"type":"Feature","geometry":{"type":"Point","coordinates":[-100.356327,25.659082]},"properties":{"kind":"farmacia","name":"Farmacias del Ahorro","fuente":"osm","osm_id":"node/6395068712","shop":"chemist","amenity":"pharmacy","brand":"Farmacias del Ahorro"}},{"type":"Feature","geometry":{"type":"Point","coordinates":[-100.474027,25.676519]},"properties":{"kind":"farmacia","name":"Farmacia Guadalajara","fuente":"osm","osm_id":"node/6766889100","amenity":"pharmacy","brand":"Farmacia Guadalajara"}},{"type":"Feature","geometry":{"type":"Point","coordinates":[-100.317715,25.678141]},"properties":{"kind":"farmacia","name":"Farmacia Similares","fuente":"osm","osm_id":"node/6893727185","amenity":"pharmacy","brand":"Farmacia Similares"}},{"type":"Feature","geometry":{"type":"Point","coordinates":[-100.1518,25.768715]},"properties":{"kind":"farmacia","name":"Farmacia Guadalajara","fuente":"osm","osm_id":"node/6893764286","amenity":"pharmacy"}},{"type":"Feature","geometry":{"type":"Point","coordinates":[-100.261199,25.772512]},"properties":{"kind":"farmacia","name":"Farmacias del Dr. Simi","fuente":"osm","osm_id":"node/7221121278","amenity":"pharmacy","brand":"Farmacias del Dr. Simi"}},{"type":"Feature","geometry":{"type":"Point","coordinates":[-100.221852,25.657306]},"properties":{"kind":"farmacia","name":"Farmacias Similares","fuente":"osm","osm_id":"node/7280347501","amenity":"pharmacy","brand":"Farmacias Similares"}},{"type":"Feature","geometry":{"type":"Point","coordinates":[-100.220256,25.666318]},"properties":{"kind":"farmacia","name":"Farmacias Similares","fuente":"osm","osm_id":"node/7280347502","amenity":"pharmacy","brand":"Farmacias Similares"}},{"type":"Feature","geometry":{"type":"Point","coordinates":[-100.201315,25.652155]},"properties":{"kind":"farmacia","name":"Farmacias Similares","fuente":"osm","osm_id":"node/7280347560","amenity":"pharmacy","brand":"Farmacias Similares"}},{"type":"Feature","geometry":{"type":"Point","coordinates":[-100.200553,25.651942]},"properties":{"kind":"farmacia","name":"Farmacias del Ahorro","fuente":"osm","osm_id":"node/7280347561","amenity":"pharmacy","brand":"Farmacias del Ahorro"}},{"type":"Feature","geometry":{"type":"Point","coordinates":[-100.365492,25.688063]},"properties":{"kind":"farmacia","name":"Farmacias Similares","fuente":"osm","osm_id":"node/7392793212","amenity":"pharmacy","brand":"Farmacias Similares"}},{"type":"Feature","geometry":{"type":"Point","coordinates":[-100.364595,25.687154]},"properties":{"kind":"farmacia","name":"Benavides","fuente":"osm","osm_id":"node/7392793213","amenity":"pharmacy","brand":"Benavides"}},{"type":"Feature","geometry":{"type":"Point","coordinates":[-100.242735,25.580822]},"properties":{"kind":"farmacia","name":"Farmacia Guadalajara","fuente":"osm","osm_id":"node/7392803612","amenity":"pharmacy","brand":"Farmacia Guadalajara"}},{"type":"Feature","geometry":{"type":"Point","coordinates":[-100.252486,25.596768]},"properties":{"kind":"farmacia","name":"Benavides","fuente":"osm","osm_id":"node/7392890816","amenity":"pharmacy","brand":"Benavides"}},{"type":"Feature","geometry":{"type":"Point","coordinates":[-100.181431,25.719274]},"properties":{"kind":"farmacia","name":"Farmacias Similares","fuente":"osm","osm_id":"node/7629806188","amenity":"pharmacy","brand":"Farmacias Similares"}},{"type":"Feature","geometry":{"type":"Point","coordinates":[-100.197232,25.792874]},"properties":{"kind":"farmacia","name":"Farmacia Guadalajara","fuente":"osm","osm_id":"node/8043230688","amenity":"pharmacy"}},{"type":"Feature","geometry":{"type":"Point","coordinates":[-100.456183,25.693488]},"properties":{"kind":"farmacia","name":"Farmacias Similares","fuente":"osm","osm_id":"node/8118702817","amenity":"pharmacy","brand":"Farmacias Similares"}},{"type":"Feature","geometry":{"type":"Point","coordinates":[-100.209042,25.723519]},"properties":{"kind":"farmacia","name":"Farmacia Guadalajara","fuente":"osm","osm_id":"node/8166422317","amenity":"pharmacy","brand":"Farmacia Guadalajara"}},{"type":"Feature","geometry":{"type":"Point","coordinates":[-100.350547,25.680582]},"properties":{"kind":"farmacia","name":"ISSSTE","fuente":"osm","osm_id":"node/8248044990","amenity":"pharmacy"}},{"type":"Feature","geometry":{"type":"Point","coordinates":[-100.292415,25.650987]},"properties":{"kind":"farmacia","name":"","fuente":"osm","osm_id":"node/826516799","amenity":"pharmacy"}},{"type":"Feature","geometry":{"type":"Point","coordinates":[-100.191898,25.7137]},"properties":{"kind":"farmacia","name":"Farmacia Guadalajara","fuente":"osm","osm_id":"node/8292013213","amenity":"pharmacy","brand":"Farmacia Guadalajara"}},{"type":"Feature","geometry":{"type":"Point","coordinates":[-100.192005,25.718766]},"properties":{"kind":"farmacia","name":"Benavides","fuente":"osm","osm_id":"node/8292060017","amenity":"pharmacy","brand":"Benavides"}},{"type":"Feature","geometry":{"type":"Point","coordinates":[-100.173581,25.729743]},"properties":{"kind":"farmacia","name":"Farmacias Similares","fuente":"osm","osm_id":"node/8401359617","amenity":"pharmacy","brand":"Farmacias Similares"}},{"type":"Feature","geometry":{"type":"Point","coordinates":[-100.166779,25.72121]},"properties":{"kind":"farmacia","name":"Farmacia Guadalajara","fuente":"osm","osm_id":"node/8401363918","amenity":"pharmacy","brand":"Farmacia Guadalajara"}},{"type":"Feature","geometry":{"type":"Point","coordinates":[-100.167291,25.721784]},"properties":{"kind":"farmacia","name":"Farmacia Similares","fuente":"osm","osm_id":"node/8401364817","amenity":"pharmacy","brand":"Farmacia Similares"}},{"type":"Feature","geometry":{"type":"Point","coordinates":[-100.353256,25.740512]},"properties":{"kind":"farmacia","name":"Farmacia Guadalajara","fuente":"osm","osm_id":"node/8402354618","amenity":"pharmacy","brand":"Farmacia Guadalajara"}},{"type":"Feature","geometry":{"type":"Point","coordinates":[-100.338571,25.650616]},"properties":{"kind":"farmacia","name":"Farmacia Guadalajara","fuente":"osm","osm_id":"node/8406801843","amenity":"pharmacy"}},{"type":"Feature","geometry":{"type":"Point","coordinates":[-100.410047,25.662222]},"properties":{"kind":"farmacia","name":"Farmacia Guadalajara","fuente":"osm","osm_id":"node/8454600322","amenity":"pharmacy","brand":"Farmacia Guadalajara"}},{"type":"Feature","geometry":{"type":"Point","coordinates":[-100.161539,25.664938]},"properties":{"kind":"farmacia","name":"Farmacia Guadalajara","fuente":"osm","osm_id":"node/8454701123","amenity":"pharmacy","brand":"Farmacia Guadalajara"}},{"type":"Feature","geometry":{"type":"Point","coordinates":[-100.159341,25.670046]},"properties":{"kind":"farmacia","name":"Farmacia Guadalajara","fuente":"osm","osm_id":"node/8454701124","amenity":"pharmacy","brand":"Farmacia Guadalajara"}},{"type":"Feature","geometry":{"type":"Point","coordinates":[-100.164662,25.678246]},"properties":{"kind":"farmacia","name":"Benavides","fuente":"osm","osm_id":"node/8454701125","amenity":"pharmacy","brand":"Benavides"}},{"type":"Feature","geometry":{"type":"Point","coordinates":[-100.174445,25.61236]},"properties":{"kind":"farmacia","name":"Farmacia símilar","fuente":"osm","osm_id":"node/8454701127","amenity":"pharmacy"}},{"type":"Feature","geometry":{"type":"Point","coordinates":[-100.172786,25.650654]},"properties":{"kind":"farmacia","name":"Farmacia Guadalajara","fuente":"osm","osm_id":"node/8454701218","amenity":"pharmacy","brand":"Farmacia Guadalajara"}},{"type":"Feature","geometry":{"type":"Point","coordinates":[-100.268394,25.642845]},"properties":{"kind":"farmacia","name":"Farmacia Guadalajara","fuente":"osm","osm_id":"node/8454711518","amenity":"pharmacy","brand":"Farmacia Guadalajara"}},{"type":"Feature","geometry":{"type":"Point","coordinates":[-100.272114,25.634873]},"properties":{"kind":"farmacia","name":"Farmacia Guadalajara","fuente":"osm","osm_id":"node/8454752318","amenity":"pharmacy","brand":"Farmacia Guadalajara"}},{"type":"Feature","geometry":{"type":"Point","coordinates":[-100.26967,25.607203]},"properties":{"kind":"farmacia","name":"Farmacias del Ahorro","fuente":"osm","osm_id":"node/8454752319","amenity":"pharmacy","brand":"Farmacias del Ahorro"}},{"type":"Feature","geometry":{"type":"Point","coordinates":[-100.150657,25.660629]},"properties":{"kind":"farmacia","name":"Farmacias del ahorro","fuente":"osm","osm_id":"node/8454752321","amenity":"pharmacy"}},{"type":"Feature","geometry":{"type":"Point","coordinates":[-100.139192,25.762499]},"properties":{"kind":"farmacia","name":"Farmacias Zajam","fuente":"osm","osm_id":"node/8454762718","amenity":"pharmacy"}},{"type":"Feature","geometry":{"type":"Point","coordinates":[-100.078027,25.653562]},"properties":{"kind":"farmacia","name":"Farmacia Similares","fuente":"osm","osm_id":"node/8454763625","amenity":"pharmacy","brand":"Farmacia Similares"}},{"type":"Feature","geometry":{"type":"Point","coordinates":[-100.164429,25.70032]},"properties":{"kind":"farmacia","name":"Farmacias Similares","fuente":"osm","osm_id":"node/8454763720","amenity":"pharmacy","brand":"Farmacias Similares"}},{"type":"Feature","geometry":{"type":"Point","coordinates":[-100.10415,25.664049]},"properties":{"kind":"farmacia","name":"Farmacia San Antonio","fuente":"osm","osm_id":"node/8454763721","amenity":"pharmacy"}},{"type":"Feature","geometry":{"type":"Point","coordinates":[-100.152029,25.753372]},"properties":{"kind":"farmacia","name":"Farmacia Guadalajara","fuente":"osm","osm_id":"node/8454763820","amenity":"pharmacy"}},{"type":"Feature","geometry":{"type":"Point","coordinates":[-100.080225,25.654943]},"properties":{"kind":"farmacia","name":"Farmacia Guadalajara","fuente":"osm","osm_id":"node/8454763833","amenity":"pharmacy"}},{"type":"Feature","geometry":{"type":"Point","coordinates":[-100.29153,25.733731]},"properties":{"kind":"farmacia","name":"Farmacias Similares","fuente":"osm","osm_id":"node/8454779381","amenity":"pharmacy","brand":"Farmacias Similares"}},{"type":"Feature","geometry":{"type":"Point","coordinates":[-100.073655,25.60531]},"properties":{"kind":"farmacia","name":"Farmacias Similares","fuente":"osm","osm_id":"node/8454821319","amenity":"pharmacy","brand":"Farmacias Similares"}},{"type":"Feature","geometry":{"type":"Point","coordinates":[-100.406044,25.655668]},"properties":{"kind":"farmacia","name":"Farmacia Guadalajara","fuente":"osm","osm_id":"node/8455000017","amenity":"pharmacy"}},{"type":"Feature","geometry":{"type":"Point","coordinates":[-100.204167,25.721765]},"properties":{"kind":"farmacia","name":"Farmacias Similares","fuente":"osm","osm_id":"node/8456065317","amenity":"pharmacy","brand":"Farmacias Similares"}},{"type":"Feature","geometry":{"type":"Point","coordinates":[-100.235884,25.793825]},"properties":{"kind":"farmacia","name":"Farmacias Similares","fuente":"osm","osm_id":"node/8458300167","amenity":"pharmacy","brand":"Farmacias Similares"}},{"type":"Feature","geometry":{"type":"Point","coordinates":[-100.257298,25.814342]},"properties":{"kind":"farmacia","name":"Farmacias Benavides","fuente":"osm","osm_id":"node/8459271717","amenity":"pharmacy"}},{"type":"Feature","geometry":{"type":"Point","coordinates":[-100.117122,25.826392]},"properties":{"kind":"farmacia","name":"Farmacia Guadalajara","fuente":"osm","osm_id":"node/8459310517","amenity":"pharmacy","brand":"Farmacia Guadalajara"}},{"type":"Feature","geometry":{"type":"Point","coordinates":[-100.190031,25.697726]},"properties":{"kind":"farmacia","name":"Farmacias Similares","fuente":"osm","osm_id":"node/8465159617","amenity":"pharmacy","brand":"Farmacias Similares"}},{"type":"Feature","geometry":{"type":"Point","coordinates":[-100.308075,25.862654]},"properties":{"kind":"farmacia","name":"Farmacias similares","fuente":"osm","osm_id":"node/8504586432","amenity":"pharmacy"}},{"type":"Feature","geometry":{"type":"Point","coordinates":[-100.099435,25.647739]},"properties":{"kind":"farmacia","name":"Farmacia del ahorro","fuente":"osm","osm_id":"node/8504586439","amenity":"pharmacy"}},{"type":"Feature","geometry":{"type":"Point","coordinates":[-100.263787,25.59694]},"properties":{"kind":"farmacia","name":"Benavides","fuente":"osm","osm_id":"node/8504586466","amenity":"pharmacy","brand":"Benavides"}},{"type":"Feature","geometry":{"type":"Point","coordinates":[-100.268164,25.609558]},"properties":{"kind":"farmacia","name":"Farmacia Guadalajara","fuente":"osm","osm_id":"node/8504586468","amenity":"pharmacy","brand":"Farmacia Guadalajara"}},{"type":"Feature","geometry":{"type":"Point","coordinates":[-100.118864,25.645095]},"properties":{"kind":"farmacia","name":"Farmacias","fuente":"osm","osm_id":"node/8504656928","amenity":"pharmacy"}},{"type":"Feature","geometry":{"type":"Point","coordinates":[-100.268187,25.737193]},"properties":{"kind":"farmacia","name":"Farmacias Similares","fuente":"osm","osm_id":"node/8504657318","amenity":"pharmacy","brand":"Farmacias Similares"}},{"type":"Feature","geometry":{"type":"Point","coordinates":[-100.433081,25.772717]},"properties":{"kind":"farmacia","name":"Benavides","fuente":"osm","osm_id":"node/8504657331","amenity":"pharmacy","brand":"Benavides"}},{"type":"Feature","geometry":{"type":"Point","coordinates":[-100.369513,25.832697]},"properties":{"kind":"farmacia","name":"Farmacias Guadalajara","fuente":"osm","osm_id":"node/8504660219","amenity":"pharmacy"}},{"type":"Feature","geometry":{"type":"Point","coordinates":[-100.18933,25.739032]},"properties":{"kind":"farmacia","name":"Farmacias Similares","fuente":"osm","osm_id":"node/8504686819","amenity":"pharmacy","brand":"Farmacias Similares"}},{"type":"Feature","geometry":{"type":"Point","coordinates":[-100.463138,25.78245]},"properties":{"kind":"farmacia","name":"Farmacia símilares","fuente":"osm","osm_id":"node/8523157734","amenity":"pharmacy"}},{"type":"Feature","geometry":{"type":"Point","coordinates":[-100.416258,25.683387]},"properties":{"kind":"farmacia","name":"Farmacias Similares","fuente":"osm","osm_id":"node/8530580828","amenity":"pharmacy","brand":"Farmacias Similares"}},{"type":"Feature","geometry":{"type":"Point","coordinates":[-100.506816,25.705069]},"properties":{"kind":"farmacia","name":"Farmacia símilares","fuente":"osm","osm_id":"node/8530582017","amenity":"pharmacy"}},{"type":"Feature","geometry":{"type":"Point","coordinates":[-100.298889,25.629198]},"properties":{"kind":"farmacia","name":"Guadalajara","fuente":"osm","osm_id":"node/8542866017","amenity":"pharmacy"}},{"type":"Feature","geometry":{"type":"Point","coordinates":[-100.306952,25.649199]},"properties":{"kind":"farmacia","name":"Farmacia Guadalajara","fuente":"osm","osm_id":"node/8570472219","amenity":"pharmacy","brand":"Farmacia Guadalajara"}},{"type":"Feature","geometry":{"type":"Point","coordinates":[-100.178233,25.660718]},"properties":{"kind":"farmacia","name":"Benavides","fuente":"osm","osm_id":"node/8581086151","amenity":"pharmacy","brand":"Benavides"}},{"type":"Feature","geometry":{"type":"Point","coordinates":[-100.238394,25.783873]},"properties":{"kind":"farmacia","name":"Farmacia Guadalajara","fuente":"osm","osm_id":"node/883463579","amenity":"pharmacy"}},{"type":"Feature","geometry":{"type":"Point","coordinates":[-100.256268,25.784966]},"properties":{"kind":"farmacia","name":"Farmacia Guadalajara","fuente":"osm","osm_id":"node/883467219","amenity":"pharmacy","brand":"Farmacia Guadalajara"}},{"type":"Feature","geometry":{"type":"Point","coordinates":[-100.253395,25.78502]},"properties":{"kind":"farmacia","name":"Benavides","fuente":"osm","osm_id":"node/883467243","amenity":"pharmacy","brand":"Benavides"}},{"type":"Feature","geometry":{"type":"Point","coordinates":[-100.293269,25.650528]},"properties":{"kind":"farmacia","name":"Farmacia Gudalajara","fuente":"osm","osm_id":"node/890625900","amenity":"pharmacy"}},{"type":"Feature","geometry":{"type":"Point","coordinates":[-100.196917,25.674142]},"properties":{"kind":"farmacia","name":"Benavides","fuente":"osm","osm_id":"node/9001653881","amenity":"pharmacy","brand":"Benavides"}},{"type":"Feature","geometry":{"type":"Point","coordinates":[-100.197538,25.674369]},"properties":{"kind":"farmacia","name":"Farmacias Similares","fuente":"osm","osm_id":"node/9001675125","amenity":"pharmacy","brand":"Farmacias Similares"}},{"type":"Feature","geometry":{"type":"Point","coordinates":[-100.059404,25.643587]},"properties":{"kind":"farmacia","name":"Farmacia Guadalajara","fuente":"osm","osm_id":"node/9002824017","amenity":"pharmacy","brand":"Farmacia Guadalajara"}},{"type":"Feature","geometry":{"type":"Point","coordinates":[-100.280282,25.779053]},"properties":{"kind":"farmacia","name":"Farmacias del Ahorro","fuente":"osm","osm_id":"node/9021072404","amenity":"pharmacy","brand":"Farmacias del Ahorro"}},{"type":"Feature","geometry":{"type":"Point","coordinates":[-100.174099,25.645923]},"properties":{"kind":"farmacia","name":"Farmacias Similares","fuente":"osm","osm_id":"node/9319305678","amenity":"pharmacy","brand":"Farmacias Similares"}},{"type":"Feature","geometry":{"type":"Point","coordinates":[-100.365099,25.718888]},"properties":{"kind":"farmacia","name":"Farmacias del Ahorro","fuente":"osm","osm_id":"node/9823280001","amenity":"pharmacy","brand":"Farmacias del Ahorro"}},{"type":"Feature","geometry":{"type":"Point","coordinates":[-100.322527,25.790811]},"properties":{"kind":"farmacia","name":"Benavides","fuente":"osm","osm_id":"node/9854759886","amenity":"pharmacy","brand":"Benavides"}},{"type":"Feature","geometry":{"type":"Point","coordinates":[-100.153045,25.610611]},"properties":{"kind":"farmacia","name":"Farmacia Guadalajara","fuente":"osm","osm_id":"way/1011342720","amenity":"pharmacy","brand":"Farmacia Guadalajara"}},{"type":"Feature","geometry":{"type":"Point","coordinates":[-100.330919,25.792856]},"properties":{"kind":"farmacia","name":"Benavides","fuente":"osm","osm_id":"way/1055478349","amenity":"pharmacy","brand":"Benavides"}},{"type":"Feature","geometry":{"type":"Point","coordinates":[-100.343651,25.79639]},"properties":{"kind":"farmacia","name":"Farmacia Guadalajara","fuente":"osm","osm_id":"way/1056793838","amenity":"pharmacy","brand":"Farmacia Guadalajara"}},{"type":"Feature","geometry":{"type":"Point","coordinates":[-100.344259,25.795922]},"properties":{"kind":"farmacia","name":"Farmacias Similares","fuente":"osm","osm_id":"way/1056798369","amenity":"pharmacy","brand":"Farmacias Similares"}},{"type":"Feature","geometry":{"type":"Point","coordinates":[-100.315235,25.732961]},"properties":{"kind":"farmacia","name":"Benavides","fuente":"osm","osm_id":"way/1102365792","amenity":"pharmacy","brand":"Benavides"}},{"type":"Feature","geometry":{"type":"Point","coordinates":[-100.377916,25.637339]},"properties":{"kind":"farmacia","name":"Farmacias del Ahorro","fuente":"osm","osm_id":"way/1102438530","amenity":"pharmacy","brand":"Farmacias del Ahorro"}},{"type":"Feature","geometry":{"type":"Point","coordinates":[-100.334227,25.804642]},"properties":{"kind":"farmacia","name":"Farmacia Guadalajara","fuente":"osm","osm_id":"way/1104131646","amenity":"pharmacy","brand":"Farmacia Guadalajara"}},{"type":"Feature","geometry":{"type":"Point","coordinates":[-100.315163,25.724259]},"properties":{"kind":"farmacia","name":"Farmacia Universitaria","fuente":"osm","osm_id":"way/1105647510","amenity":"pharmacy"}},{"type":"Feature","geometry":{"type":"Point","coordinates":[-100.328044,25.713079]},"properties":{"kind":"farmacia","name":"Farmacia Guadalajara","fuente":"osm","osm_id":"way/1110461894","amenity":"pharmacy","brand":"Farmacia Guadalajara"}},{"type":"Feature","geometry":{"type":"Point","coordinates":[-100.239151,25.77699]},"properties":{"kind":"farmacia","name":"Farmacia Guadalajara","fuente":"osm","osm_id":"way/1114713534","amenity":"pharmacy","brand":"Farmacia Guadalajara"}},{"type":"Feature","geometry":{"type":"Point","coordinates":[-100.239235,25.776758]},"properties":{"kind":"farmacia","name":"Farmacias Similares","fuente":"osm","osm_id":"way/1114713536","amenity":"pharmacy","brand":"Farmacias Similares"}},{"type":"Feature","geometry":{"type":"Point","coordinates":[-100.240779,25.770661]},"properties":{"kind":"farmacia","name":"Farmacias Similares","fuente":"osm","osm_id":"way/1115328036","amenity":"pharmacy","brand":"Farmacias Similares"}},{"type":"Feature","geometry":{"type":"Point","coordinates":[-100.320987,25.789776]},"properties":{"kind":"farmacia","name":"Benavides","fuente":"osm","osm_id":"way/1115888540","amenity":"pharmacy","brand":"Benavides"}},{"type":"Feature","geometry":{"type":"Point","coordinates":[-100.331578,25.7922]},"properties":{"kind":"farmacia","name":"Farmacias Similares","fuente":"osm","osm_id":"way/1117521118","amenity":"pharmacy","brand":"Farmacias Similares"}},{"type":"Feature","geometry":{"type":"Point","coordinates":[-100.331154,25.792086]},"properties":{"kind":"farmacia","name":"Farmacia Guadalajara","fuente":"osm","osm_id":"way/1117521119","amenity":"pharmacy","brand":"Farmacia Guadalajara"}},{"type":"Feature","geometry":{"type":"Point","coordinates":[-100.319446,25.783866]},"properties":{"kind":"farmacia","name":"Farmacia Guadalajara","fuente":"osm","osm_id":"way/1121095990","amenity":"pharmacy","brand":"Farmacia Guadalajara"}},{"type":"Feature","geometry":{"type":"Point","coordinates":[-100.322749,25.795709]},"properties":{"kind":"farmacia","name":"Farmacia Guadalajara","fuente":"osm","osm_id":"way/1124691893","amenity":"pharmacy","brand":"Farmacia Guadalajara"}},{"type":"Feature","geometry":{"type":"Point","coordinates":[-100.308758,25.78164]},"properties":{"kind":"farmacia","name":"Farmacia Guadalajara","fuente":"osm","osm_id":"way/1160931169","amenity":"pharmacy","brand":"Farmacia Guadalajara"}},{"type":"Feature","geometry":{"type":"Point","coordinates":[-100.313058,25.768749]},"properties":{"kind":"farmacia","name":"Farmacia Guadalajara","fuente":"osm","osm_id":"way/1162231802","amenity":"pharmacy","brand":"Farmacia Guadalajara"}},{"type":"Feature","geometry":{"type":"Point","coordinates":[-100.334437,25.789412]},"properties":{"kind":"farmacia","name":"Farmacia Guadalajara","fuente":"osm","osm_id":"way/1189960982","amenity":"pharmacy","brand":"Farmacia Guadalajara"}},{"type":"Feature","geometry":{"type":"Point","coordinates":[-100.5645,25.803597]},"properties":{"kind":"farmacia","name":"Benavides","fuente":"osm","osm_id":"way/1192782877","amenity":"pharmacy","brand":"Benavides"}},{"type":"Feature","geometry":{"type":"Point","coordinates":[-100.564877,25.805094]},"properties":{"kind":"farmacia","name":"Farmacia Guadalajara","fuente":"osm","osm_id":"way/1192782885","amenity":"pharmacy","brand":"Farmacia Guadalajara"}},{"type":"Feature","geometry":{"type":"Point","coordinates":[-100.317135,25.803213]},"properties":{"kind":"farmacia","name":"Benavides","fuente":"osm","osm_id":"way/1192800097","amenity":"pharmacy","brand":"Benavides"}},{"type":"Feature","geometry":{"type":"Point","coordinates":[-100.320388,25.784045]},"properties":{"kind":"farmacia","name":"Farmacias Similares","fuente":"osm","osm_id":"way/1196906196","amenity":"pharmacy","brand":"Farmacias Similares"}},{"type":"Feature","geometry":{"type":"Point","coordinates":[-100.346161,25.666025]},"properties":{"kind":"farmacia","name":"","fuente":"osm","osm_id":"way/1201199289","amenity":"pharmacy"}},{"type":"Feature","geometry":{"type":"Point","coordinates":[-100.217654,25.724896]},"properties":{"kind":"farmacia","name":"Farmacias del Ahorro","fuente":"osm","osm_id":"way/121465445","amenity":"pharmacy","brand":"Farmacias del Ahorro"}},{"type":"Feature","geometry":{"type":"Point","coordinates":[-100.584701,25.824489]},"properties":{"kind":"farmacia","name":"Farmacia Guadalajara","fuente":"osm","osm_id":"way/1242017461","amenity":"pharmacy","brand":"Farmacia Guadalajara"}},{"type":"Feature","geometry":{"type":"Point","coordinates":[-100.376493,25.659621]},"properties":{"kind":"farmacia","name":"Benavides","fuente":"osm","osm_id":"way/1304063460","amenity":"pharmacy","brand":"Benavides"}},{"type":"Feature","geometry":{"type":"Point","coordinates":[-100.376831,25.658694]},"properties":{"kind":"farmacia","name":"Farmacias del Ahorro","fuente":"osm","osm_id":"way/1304063467","amenity":"pharmacy","brand":"Farmacias del Ahorro"}},{"type":"Feature","geometry":{"type":"Point","coordinates":[-100.232968,25.682506]},"properties":{"kind":"farmacia","name":"Farmacia Guadalajara","fuente":"osm","osm_id":"way/1316239410","amenity":"pharmacy"}},{"type":"Feature","geometry":{"type":"Point","coordinates":[-100.366842,25.709146]},"properties":{"kind":"farmacia","name":"Farmacia Guadalajara","fuente":"osm","osm_id":"way/1423189938","amenity":"pharmacy","brand":"Farmacia Guadalajara"}},{"type":"Feature","geometry":{"type":"Point","coordinates":[-100.32341,25.806959]},"properties":{"kind":"farmacia","name":"Farmacias Similares","fuente":"osm","osm_id":"way/1434391399","amenity":"pharmacy","brand":"Farmacias Similares"}},{"type":"Feature","geometry":{"type":"Point","coordinates":[-100.409679,25.74907]},"properties":{"kind":"farmacia","name":"Farmacia Guadalajara","fuente":"osm","osm_id":"way/1435208830","amenity":"pharmacy","brand":"Farmacia Guadalajara"}},{"type":"Feature","geometry":{"type":"Point","coordinates":[-100.110046,25.690874]},"properties":{"kind":"farmacia","name":"Benavides","fuente":"osm","osm_id":"way/1509370515","amenity":"pharmacy","brand":"Benavides"}},{"type":"Feature","geometry":{"type":"Point","coordinates":[-100.117229,25.698282]},"properties":{"kind":"farmacia","name":"Farmacia Guadalajara","fuente":"osm","osm_id":"way/1510444566","amenity":"pharmacy","brand":"Farmacia Guadalajara"}},{"type":"Feature","geometry":{"type":"Point","coordinates":[-100.194862,25.686216]},"properties":{"kind":"farmacia","name":"Benavides","fuente":"osm","osm_id":"way/177530547","amenity":"pharmacy","brand":"Benavides"}},{"type":"Feature","geometry":{"type":"Point","coordinates":[-100.241868,25.569413]},"properties":{"kind":"farmacia","name":"Farmacias del Ahorro","fuente":"osm","osm_id":"way/240983059","amenity":"pharmacy","brand":"Farmacias del Ahorro"}},{"type":"Feature","geometry":{"type":"Point","coordinates":[-100.117608,25.747622]},"properties":{"kind":"farmacia","name":"Farmacias Similares","fuente":"osm","osm_id":"way/294413540","amenity":"pharmacy","brand":"Farmacias Similares"}},{"type":"Feature","geometry":{"type":"Point","coordinates":[-100.272838,25.779672]},"properties":{"kind":"farmacia","name":"Benavides","fuente":"osm","osm_id":"way/307806615","amenity":"pharmacy","brand":"Benavides"}},{"type":"Feature","geometry":{"type":"Point","coordinates":[-100.187619,25.739229]},"properties":{"kind":"farmacia","name":"Benavides","fuente":"osm","osm_id":"way/339251944","amenity":"pharmacy","brand":"Benavides"}},{"type":"Feature","geometry":{"type":"Point","coordinates":[-100.183595,25.742016]},"properties":{"kind":"farmacia","name":"Farmacia Guadalajara","fuente":"osm","osm_id":"way/339252153","amenity":"pharmacy","brand":"Farmacia Guadalajara"}},{"type":"Feature","geometry":{"type":"Point","coordinates":[-100.186173,25.778249]},"properties":{"kind":"farmacia","name":"Similares","fuente":"osm","osm_id":"way/378712625","amenity":"pharmacy"}},{"type":"Feature","geometry":{"type":"Point","coordinates":[-100.242197,25.764328]},"properties":{"kind":"farmacia","name":"Guadalajara","fuente":"osm","osm_id":"way/378811820","amenity":"pharmacy"}},{"type":"Feature","geometry":{"type":"Point","coordinates":[-100.315315,25.667176]},"properties":{"kind":"farmacia","name":"Guadalajara","fuente":"osm","osm_id":"way/379421525","amenity":"pharmacy"}},{"type":"Feature","geometry":{"type":"Point","coordinates":[-100.316661,25.669069]},"properties":{"kind":"farmacia","name":"Guadalajara","fuente":"osm","osm_id":"way/379421532","amenity":"pharmacy"}},{"type":"Feature","geometry":{"type":"Point","coordinates":[-100.204172,25.710286]},"properties":{"kind":"farmacia","name":"Farmacia Guadalajara","fuente":"osm","osm_id":"way/380717816","amenity":"pharmacy"}},{"type":"Feature","geometry":{"type":"Point","coordinates":[-100.204743,25.712819]},"properties":{"kind":"farmacia","name":"Farmacias Benavides","fuente":"osm","osm_id":"way/380722979","amenity":"pharmacy"}},{"type":"Feature","geometry":{"type":"Point","coordinates":[-100.240339,25.733375]},"properties":{"kind":"farmacia","name":"Benavides","fuente":"osm","osm_id":"way/380889189","amenity":"pharmacy","brand":"Benavides"}},{"type":"Feature","geometry":{"type":"Point","coordinates":[-100.286587,25.778471]},"properties":{"kind":"farmacia","name":"Benavides","fuente":"osm","osm_id":"way/391464833","amenity":"pharmacy","brand":"Benavides"}},{"type":"Feature","geometry":{"type":"Point","coordinates":[-100.274301,25.73014]},"properties":{"kind":"farmacia","name":"Guadalajara","fuente":"osm","osm_id":"way/396091721","amenity":"pharmacy"}},{"type":"Feature","geometry":{"type":"Point","coordinates":[-100.16111,25.737519]},"properties":{"kind":"farmacia","name":"","fuente":"osm","osm_id":"way/399497113","amenity":"pharmacy"}},{"type":"Feature","geometry":{"type":"Point","coordinates":[-100.167368,25.741008]},"properties":{"kind":"farmacia","name":"","fuente":"osm","osm_id":"way/399506899","amenity":"pharmacy"}},{"type":"Feature","geometry":{"type":"Point","coordinates":[-100.396392,25.729631]},"properties":{"kind":"farmacia","name":"Farmacias del Ahorro","fuente":"osm","osm_id":"way/402271698","amenity":"pharmacy","brand":"Farmacias del Ahorro"}},{"type":"Feature","geometry":{"type":"Point","coordinates":[-100.188295,25.649892]},"properties":{"kind":"farmacia","name":"Farmacia Guadalajara","fuente":"osm","osm_id":"way/402445664","amenity":"pharmacy","brand":"Farmacia Guadalajara"}},{"type":"Feature","geometry":{"type":"Point","coordinates":[-100.189966,25.649086]},"properties":{"kind":"farmacia","name":"Benavides","fuente":"osm","osm_id":"way/402445669","amenity":"pharmacy","brand":"Benavides"}},{"type":"Feature","geometry":{"type":"Point","coordinates":[-100.188738,25.782352]},"properties":{"kind":"farmacia","name":"Benavides","fuente":"osm","osm_id":"way/402746493","amenity":"pharmacy","brand":"Benavides"}},{"type":"Feature","geometry":{"type":"Point","coordinates":[-100.398655,25.732617]},"properties":{"kind":"farmacia","name":"Benavides","fuente":"osm","osm_id":"way/402897614","amenity":"pharmacy","brand":"Benavides"}},{"type":"Feature","geometry":{"type":"Point","coordinates":[-100.302327,25.739557]},"properties":{"kind":"farmacia","name":"Benavides","fuente":"osm","osm_id":"way/402972023","amenity":"pharmacy","brand":"Benavides"}},{"type":"Feature","geometry":{"type":"Point","coordinates":[-100.29565,25.754926]},"properties":{"kind":"farmacia","name":"Guadalajara","fuente":"osm","osm_id":"way/402986098","amenity":"pharmacy"}},{"type":"Feature","geometry":{"type":"Point","coordinates":[-100.286715,25.756629]},"properties":{"kind":"farmacia","name":"Benavides","fuente":"osm","osm_id":"way/402986102","amenity":"pharmacy","brand":"Benavides"}},{"type":"Feature","geometry":{"type":"Point","coordinates":[-100.26153,25.745203]},"properties":{"kind":"farmacia","name":"Benavides","fuente":"osm","osm_id":"way/403174465","amenity":"pharmacy","brand":"Benavides"}},{"type":"Feature","geometry":{"type":"Point","coordinates":[-100.264971,25.758709]},"properties":{"kind":"farmacia","name":"Benavides","fuente":"osm","osm_id":"way/403185683","amenity":"pharmacy","brand":"Benavides"}},{"type":"Feature","geometry":{"type":"Point","coordinates":[-100.23287,25.660834]},"properties":{"kind":"farmacia","name":"Benavides","fuente":"osm","osm_id":"way/403712239","amenity":"pharmacy","brand":"Benavides"}},{"type":"Feature","geometry":{"type":"Point","coordinates":[-100.21189,25.694641]},"properties":{"kind":"farmacia","name":"Benavides","fuente":"osm","osm_id":"way/403721723","amenity":"pharmacy","brand":"Benavides"}},{"type":"Feature","geometry":{"type":"Point","coordinates":[-100.266908,25.785476]},"properties":{"kind":"farmacia","name":"Farmacia Guadalajara","fuente":"osm","osm_id":"way/403901419","amenity":"pharmacy","brand":"Farmacia Guadalajara"}},{"type":"Feature","geometry":{"type":"Point","coordinates":[-100.265859,25.780466]},"properties":{"kind":"farmacia","name":"Benavides","fuente":"osm","osm_id":"way/403907201","amenity":"pharmacy","brand":"Benavides"}},{"type":"Feature","geometry":{"type":"Point","coordinates":[-100.209044,25.72359]},"properties":{"kind":"farmacia","name":"Farmacia Guadalajara","fuente":"osm","osm_id":"way/404139115","amenity":"pharmacy"}},{"type":"Feature","geometry":{"type":"Point","coordinates":[-100.246402,25.703492]},"properties":{"kind":"farmacia","name":"","fuente":"osm","osm_id":"way/404317313","amenity":"pharmacy"}},{"type":"Feature","geometry":{"type":"Point","coordinates":[-100.273282,25.761897]},"properties":{"kind":"farmacia","name":"Farmacia Guadalajara","fuente":"osm","osm_id":"way/406613290","amenity":"pharmacy","brand":"Farmacia Guadalajara"}},{"type":"Feature","geometry":{"type":"Point","coordinates":[-100.259482,25.790235]},"properties":{"kind":"farmacia","name":"Farmacia Guadalajara","fuente":"osm","osm_id":"way/406811855","amenity":"pharmacy","brand":"Farmacia Guadalajara"}},{"type":"Feature","geometry":{"type":"Point","coordinates":[-100.219772,25.743641]},"properties":{"kind":"farmacia","name":"Guadalajara","fuente":"osm","osm_id":"way/409588607","amenity":"pharmacy"}},{"type":"Feature","geometry":{"type":"Point","coordinates":[-100.363451,25.635749]},"properties":{"kind":"farmacia","name":"Benavides","fuente":"osm","osm_id":"way/412789776","amenity":"pharmacy","brand":"Benavides"}},{"type":"Feature","geometry":{"type":"Point","coordinates":[-100.318817,25.764575]},"properties":{"kind":"farmacia","name":"Farmacia Guadalajara","fuente":"osm","osm_id":"way/428266287","amenity":"pharmacy","brand":"Farmacia Guadalajara"}},{"type":"Feature","geometry":{"type":"Point","coordinates":[-100.374465,25.732077]},"properties":{"kind":"farmacia","name":"Benavides","fuente":"osm","osm_id":"way/450429283","amenity":"pharmacy"}},{"type":"Feature","geometry":{"type":"Point","coordinates":[-100.296772,25.757215]},"properties":{"kind":"farmacia","name":"Farmacias del Ahorro","fuente":"osm","osm_id":"way/450621886","amenity":"pharmacy","brand":"Farmacias del Ahorro"}},{"type":"Feature","geometry":{"type":"Point","coordinates":[-100.294048,25.754361]},"properties":{"kind":"farmacia","name":"","fuente":"osm","osm_id":"way/450679032","amenity":"pharmacy"}},{"type":"Feature","geometry":{"type":"Point","coordinates":[-100.368681,25.727872]},"properties":{"kind":"farmacia","name":"Farmacias del Ahorro","fuente":"osm","osm_id":"way/450841172","amenity":"pharmacy"}},{"type":"Feature","geometry":{"type":"Point","coordinates":[-100.196677,25.651731]},"properties":{"kind":"farmacia","name":"Farmacia Guadalajara","fuente":"osm","osm_id":"way/451972406","amenity":"pharmacy","brand":"Farmacia Guadalajara"}},{"type":"Feature","geometry":{"type":"Point","coordinates":[-100.33977,25.670107]},"properties":{"kind":"farmacia","name":"Farmacias del Ahorro","fuente":"osm","osm_id":"way/452729662","amenity":"pharmacy","brand":"Farmacias del Ahorro"}},{"type":"Feature","geometry":{"type":"Point","coordinates":[-100.320001,25.671671]},"properties":{"kind":"farmacia","name":"Comercializadora Medix","fuente":"osm","osm_id":"way/453382204","amenity":"pharmacy"}},{"type":"Feature","geometry":{"type":"Point","coordinates":[-100.250929,25.753851]},"properties":{"kind":"farmacia","name":"Benavides","fuente":"osm","osm_id":"way/453604463","amenity":"pharmacy","brand":"Benavides"}},{"type":"Feature","geometry":{"type":"Point","coordinates":[-100.3472,25.673357]},"properties":{"kind":"farmacia","name":"","fuente":"osm","osm_id":"way/454054622","amenity":"pharmacy"}},{"type":"Feature","geometry":{"type":"Point","coordinates":[-100.376145,25.73736]},"properties":{"kind":"farmacia","name":"Farmacia Guadalajara","fuente":"osm","osm_id":"way/459241909","amenity":"pharmacy"}},{"type":"Feature","geometry":{"type":"Point","coordinates":[-100.387681,25.775062]},"properties":{"kind":"farmacia","name":"Farmacia Guadalajara","fuente":"osm","osm_id":"way/459894997","amenity":"pharmacy"}},{"type":"Feature","geometry":{"type":"Point","coordinates":[-100.345738,25.730357]},"properties":{"kind":"farmacia","name":"Benavides","fuente":"osm","osm_id":"way/460976237","amenity":"pharmacy","brand":"Benavides"}},{"type":"Feature","geometry":{"type":"Point","coordinates":[-100.342946,25.73268]},"properties":{"kind":"farmacia","name":"Farmacia Guadalajara","fuente":"osm","osm_id":"way/461173259","amenity":"pharmacy","brand":"Farmacia Guadalajara"}},{"type":"Feature","geometry":{"type":"Point","coordinates":[-100.291927,25.700464]},"properties":{"kind":"farmacia","name":"Benavides","fuente":"osm","osm_id":"way/464166359","amenity":"pharmacy","brand":"Benavides"}},{"type":"Feature","geometry":{"type":"Point","coordinates":[-100.196385,25.746838]},"properties":{"kind":"farmacia","name":"Farmacia Guadalajara","fuente":"osm","osm_id":"way/465221447","amenity":"pharmacy","brand":"Farmacia Guadalajara"}},{"type":"Feature","geometry":{"type":"Point","coordinates":[-100.199436,25.747205]},"properties":{"kind":"farmacia","name":"Farmacias del Ahorro","fuente":"osm","osm_id":"way/465221454","amenity":"pharmacy","brand":"Farmacias del Ahorro"}},{"type":"Feature","geometry":{"type":"Point","coordinates":[-100.277568,25.779005]},"properties":{"kind":"farmacia","name":"Farmacia Guadalajara","fuente":"osm","osm_id":"way/468789990","amenity":"pharmacy","brand":"Farmacia Guadalajara"}},{"type":"Feature","geometry":{"type":"Point","coordinates":[-100.348496,25.716508]},"properties":{"kind":"farmacia","name":"","fuente":"osm","osm_id":"way/474658133","amenity":"pharmacy"}},{"type":"Feature","geometry":{"type":"Point","coordinates":[-100.256252,25.784936]},"properties":{"kind":"farmacia","name":"","fuente":"osm","osm_id":"way/477021476","amenity":"pharmacy"}},{"type":"Feature","geometry":{"type":"Point","coordinates":[-100.253829,25.762178]},"properties":{"kind":"farmacia","name":"Farmacia Guadalajara","fuente":"osm","osm_id":"way/477571683","amenity":"pharmacy","brand":"Farmacia Guadalajara"}},{"type":"Feature","geometry":{"type":"Point","coordinates":[-100.288115,25.763231]},"properties":{"kind":"farmacia","name":"Farmacia Guadalajara","fuente":"osm","osm_id":"way/478309550","amenity":"pharmacy","brand":"Farmacia Guadalajara"}},{"type":"Feature","geometry":{"type":"Point","coordinates":[-100.234842,25.678693]},"properties":{"kind":"farmacia","name":"Farmacia Guadalajara","fuente":"osm","osm_id":"way/484956604","amenity":"pharmacy","brand":"Farmacia Guadalajara"}},{"type":"Feature","geometry":{"type":"Point","coordinates":[-100.342177,25.718169]},"properties":{"kind":"farmacia","name":"Farmacias del Ahorro","fuente":"osm","osm_id":"way/485406497","amenity":"pharmacy","brand":"Farmacias del Ahorro"}},{"type":"Feature","geometry":{"type":"Point","coordinates":[-100.27966,25.666376]},"properties":{"kind":"farmacia","name":"Benavides","fuente":"osm","osm_id":"way/487783296","amenity":"pharmacy","brand":"Benavides"}},{"type":"Feature","geometry":{"type":"Point","coordinates":[-100.331328,25.698387]},"properties":{"kind":"farmacia","name":"Farmacia Guadalajara","fuente":"osm","osm_id":"way/496733066","amenity":"pharmacy","brand":"Farmacia Guadalajara"}},{"type":"Feature","geometry":{"type":"Point","coordinates":[-100.248478,25.786724]},"properties":{"kind":"farmacia","name":"Farmacia Guadalajara","fuente":"osm","osm_id":"way/499111463","amenity":"pharmacy"}},{"type":"Feature","geometry":{"type":"Point","coordinates":[-100.331521,25.677745]},"properties":{"kind":"farmacia","name":"Farmacity","fuente":"osm","osm_id":"way/514305809","amenity":"pharmacy"}},{"type":"Feature","geometry":{"type":"Point","coordinates":[-100.315126,25.800461]},"properties":{"kind":"farmacia","name":"Farmacia Guadalajara","fuente":"osm","osm_id":"way/524543388","amenity":"pharmacy","brand":"Farmacia Guadalajara"}},{"type":"Feature","geometry":{"type":"Point","coordinates":[-100.31707,25.796814]},"properties":{"kind":"farmacia","name":"Benavides","fuente":"osm","osm_id":"way/524654864","amenity":"pharmacy","brand":"Benavides"}},{"type":"Feature","geometry":{"type":"Point","coordinates":[-100.311417,25.797913]},"properties":{"kind":"farmacia","name":"Benavides","fuente":"osm","osm_id":"way/524654867","amenity":"pharmacy","brand":"Benavides"}},{"type":"Feature","geometry":{"type":"Point","coordinates":[-100.311432,25.797708]},"properties":{"kind":"farmacia","name":"Farmacias Similares","fuente":"osm","osm_id":"way/524654868","amenity":"pharmacy","brand":"Farmacias Similares"}},{"type":"Feature","geometry":{"type":"Point","coordinates":[-100.32273,25.806996]},"properties":{"kind":"farmacia","name":"Farmacia Guadalajara","fuente":"osm","osm_id":"way/524659187","amenity":"pharmacy","brand":"Farmacia Guadalajara"}},{"type":"Feature","geometry":{"type":"Point","coordinates":[-100.319939,25.669378]},"properties":{"kind":"farmacia","name":"Benavides","fuente":"osm","osm_id":"way/525031254","amenity":"pharmacy","brand":"Benavides"}},{"type":"Feature","geometry":{"type":"Point","coordinates":[-100.319766,25.670367]},"properties":{"kind":"farmacia","name":"Farmacias del Ahorro","fuente":"osm","osm_id":"way/525031262","amenity":"pharmacy","brand":"Farmacias del Ahorro"}},{"type":"Feature","geometry":{"type":"Point","coordinates":[-100.264558,25.68648]},"properties":{"kind":"farmacia","name":"","fuente":"osm","osm_id":"way/525990682","amenity":"pharmacy"}},{"type":"Feature","geometry":{"type":"Point","coordinates":[-100.277493,25.768911]},"properties":{"kind":"farmacia","name":"Benavides","fuente":"osm","osm_id":"way/532026436","amenity":"pharmacy","brand":"Benavides"}},{"type":"Feature","geometry":{"type":"Point","coordinates":[-100.330506,25.783171]},"properties":{"kind":"farmacia","name":"Benavides","fuente":"osm","osm_id":"way/536190439","amenity":"pharmacy","brand":"Benavides"}},{"type":"Feature","geometry":{"type":"Point","coordinates":[-100.389684,25.656655]},"properties":{"kind":"farmacia","name":"Benavides","fuente":"osm","osm_id":"way/537500623","amenity":"pharmacy","brand":"Benavides"}},{"type":"Feature","geometry":{"type":"Point","coordinates":[-100.289766,25.646677]},"properties":{"kind":"farmacia","name":"Benavides","fuente":"osm","osm_id":"way/546924027","amenity":"pharmacy","brand":"Benavides"}},{"type":"Feature","geometry":{"type":"Point","coordinates":[-100.343076,25.680834]},"properties":{"kind":"farmacia","name":"Farmacia Guadalajara","fuente":"osm","osm_id":"way/554531756","amenity":"pharmacy","brand":"Farmacia Guadalajara"}},{"type":"Feature","geometry":{"type":"Point","coordinates":[-100.215813,25.813181]},"properties":{"kind":"farmacia","name":"Farmacia Guadalajara","fuente":"osm","osm_id":"way/562590716","amenity":"pharmacy"}},{"type":"Feature","geometry":{"type":"Point","coordinates":[-100.179101,25.659671]},"properties":{"kind":"farmacia","name":"Farmacia Guadalajara","fuente":"osm","osm_id":"way/575630140","amenity":"pharmacy","brand":"Farmacia Guadalajara"}},{"type":"Feature","geometry":{"type":"Point","coordinates":[-100.179499,25.660319]},"properties":{"kind":"farmacia","name":"Farmacias del Ahorro","fuente":"osm","osm_id":"way/575630151","amenity":"pharmacy","brand":"Farmacias del Ahorro"}},{"type":"Feature","geometry":{"type":"Point","coordinates":[-100.178245,25.660707]},"properties":{"kind":"farmacia","name":"Benavides","fuente":"osm","osm_id":"way/575630155","amenity":"pharmacy","brand":"Benavides"}},{"type":"Feature","geometry":{"type":"Point","coordinates":[-100.195772,25.640058]},"properties":{"kind":"farmacia","name":"Farmacia Guadalajara","fuente":"osm","osm_id":"way/576016809","amenity":"pharmacy","brand":"Farmacia Guadalajara"}},{"type":"Feature","geometry":{"type":"Point","coordinates":[-100.36145,25.722712]},"properties":{"kind":"farmacia","name":"Farmacias del Ahorro","fuente":"osm","osm_id":"way/576806972","amenity":"pharmacy","brand":"Farmacias del Ahorro"}},{"type":"Feature","geometry":{"type":"Point","coordinates":[-100.316373,25.76745]},"properties":{"kind":"farmacia","name":"Farmacias del Ahorro","fuente":"osm","osm_id":"way/579039891","amenity":"pharmacy","brand":"Farmacias del Ahorro"}},{"type":"Feature","geometry":{"type":"Point","coordinates":[-100.35018,25.669361]},"properties":{"kind":"farmacia","name":"Benavides","fuente":"osm","osm_id":"way/582053482","amenity":"pharmacy","brand":"Benavides"}},{"type":"Feature","geometry":{"type":"Point","coordinates":[-100.36455,25.710895]},"properties":{"kind":"farmacia","name":"Benavides","fuente":"osm","osm_id":"way/585468842","amenity":"pharmacy"}},{"type":"Feature","geometry":{"type":"Point","coordinates":[-100.203428,25.717766]},"properties":{"kind":"farmacia","name":"Farmacia Guadalajara","fuente":"osm","osm_id":"way/585726926","amenity":"pharmacy","brand":"Farmacia Guadalajara"}},{"type":"Feature","geometry":{"type":"Point","coordinates":[-100.224487,25.802272]},"properties":{"kind":"farmacia","name":"Farmacia Guadalajara","fuente":"osm","osm_id":"way/588448405","amenity":"pharmacy"}},{"type":"Feature","geometry":{"type":"Point","coordinates":[-100.498201,25.680771]},"properties":{"kind":"farmacia","name":"","fuente":"osm","osm_id":"way/615424991","amenity":"pharmacy"}},{"type":"Feature","geometry":{"type":"Point","coordinates":[-100.437023,25.667409]},"properties":{"kind":"farmacia","name":"","fuente":"osm","osm_id":"way/617342294","amenity":"pharmacy"}},{"type":"Feature","geometry":{"type":"Point","coordinates":[-100.234246,25.668664]},"properties":{"kind":"farmacia","name":"","fuente":"osm","osm_id":"way/619205577","amenity":"pharmacy"}},{"type":"Feature","geometry":{"type":"Point","coordinates":[-100.295236,25.73585]},"properties":{"kind":"farmacia","name":"Benavides","fuente":"osm","osm_id":"way/622466833","amenity":"pharmacy","brand":"Benavides"}},{"type":"Feature","geometry":{"type":"Point","coordinates":[-100.171917,25.645501]},"properties":{"kind":"farmacia","name":"Farmacia Guadalajara","fuente":"osm","osm_id":"way/625602408","amenity":"pharmacy","brand":"Farmacia Guadalajara"}},{"type":"Feature","geometry":{"type":"Point","coordinates":[-100.284993,25.703443]},"properties":{"kind":"farmacia","name":"","fuente":"osm","osm_id":"way/652507818","amenity":"pharmacy"}},{"type":"Feature","geometry":{"type":"Point","coordinates":[-100.39955,25.775952]},"properties":{"kind":"farmacia","name":"Farmacia Guadalajara","fuente":"osm","osm_id":"way/665195888","amenity":"pharmacy","brand":"Farmacia Guadalajara"}},{"type":"Feature","geometry":{"type":"Point","coordinates":[-100.40861,25.768383]},"properties":{"kind":"farmacia","name":"Farmacia Guadalajara","fuente":"osm","osm_id":"way/665371197","amenity":"pharmacy","brand":"Farmacia Guadalajara"}},{"type":"Feature","geometry":{"type":"Point","coordinates":[-100.394671,25.785105]},"properties":{"kind":"farmacia","name":"Farmacia Guadalajara","fuente":"osm","osm_id":"way/665437421","amenity":"pharmacy","brand":"Farmacia Guadalajara"}},{"type":"Feature","geometry":{"type":"Point","coordinates":[-100.381685,25.782781]},"properties":{"kind":"farmacia","name":"Farmacia Guadalajara","fuente":"osm","osm_id":"way/665683499","amenity":"pharmacy","brand":"Farmacia Guadalajara"}},{"type":"Feature","geometry":{"type":"Point","coordinates":[-100.306693,25.74506]},"properties":{"kind":"farmacia","name":"","fuente":"osm","osm_id":"way/669601070","amenity":"pharmacy"}},{"type":"Feature","geometry":{"type":"Point","coordinates":[-100.357529,25.655499]},"properties":{"kind":"farmacia","name":"Farmacia Guadalajara","fuente":"osm","osm_id":"way/682532282","shop":"chemist","amenity":"pharmacy","brand":"Farmacia Guadalajara"}},{"type":"Feature","geometry":{"type":"Point","coordinates":[-100.356791,25.657795]},"properties":{"kind":"farmacia","name":"Benavides","fuente":"osm","osm_id":"way/682800337","amenity":"pharmacy","brand":"Benavides"}},{"type":"Feature","geometry":{"type":"Point","coordinates":[-100.267685,25.64629]},"properties":{"kind":"farmacia","name":"Benavides","fuente":"osm","osm_id":"way/682808505","amenity":"pharmacy","brand":"Benavides"}},{"type":"Feature","geometry":{"type":"Point","coordinates":[-100.265648,25.652588]},"properties":{"kind":"farmacia","name":"Farmacias del Ahorro","fuente":"osm","osm_id":"way/683265817","amenity":"pharmacy","brand":"Farmacias del Ahorro"}},{"type":"Feature","geometry":{"type":"Point","coordinates":[-100.301292,25.630789]},"properties":{"kind":"farmacia","name":"Farmacias del Ahorro","fuente":"osm","osm_id":"way/683574116","amenity":"pharmacy","brand":"Farmacias del Ahorro"}},{"type":"Feature","geometry":{"type":"Point","coordinates":[-100.173,25.617078]},"properties":{"kind":"farmacia","name":"Farmacia Guadalajara","fuente":"osm","osm_id":"way/690015636","amenity":"pharmacy","brand":"Farmacia Guadalajara"}},{"type":"Feature","geometry":{"type":"Point","coordinates":[-100.374746,25.686293]},"properties":{"kind":"farmacia","name":"Farmacia Guadalajara","fuente":"osm","osm_id":"way/695994194","amenity":"pharmacy","brand":"Farmacia Guadalajara"}},{"type":"Feature","geometry":{"type":"Point","coordinates":[-100.458222,25.693064]},"properties":{"kind":"farmacia","name":"Benavides","fuente":"osm","osm_id":"way/700761482","amenity":"pharmacy","brand":"Benavides"}},{"type":"Feature","geometry":{"type":"Point","coordinates":[-100.467067,25.697644]},"properties":{"kind":"farmacia","name":"Farmacia Guadalajara","fuente":"osm","osm_id":"way/700761483","amenity":"pharmacy","brand":"Farmacia Guadalajara"}},{"type":"Feature","geometry":{"type":"Point","coordinates":[-100.443037,25.691715]},"properties":{"kind":"farmacia","name":"Benavides","fuente":"osm","osm_id":"way/700770093","amenity":"pharmacy","brand":"Benavides"}},{"type":"Feature","geometry":{"type":"Point","coordinates":[-100.590715,25.79596]},"properties":{"kind":"farmacia","name":"Benavides","fuente":"osm","osm_id":"way/703955815","amenity":"pharmacy","brand":"Benavides"}},{"type":"Feature","geometry":{"type":"Point","coordinates":[-100.580892,25.788385]},"properties":{"kind":"farmacia","name":"Farmacia Guadalajara","fuente":"osm","osm_id":"way/704053344","amenity":"pharmacy","brand":"Farmacia Guadalajara"}},{"type":"Feature","geometry":{"type":"Point","coordinates":[-100.581984,25.788153]},"properties":{"kind":"farmacia","name":"Farmacias Similares","fuente":"osm","osm_id":"way/704055874","amenity":"pharmacy","brand":"Farmacias Similares"}},{"type":"Feature","geometry":{"type":"Point","coordinates":[-100.437075,25.684498]},"properties":{"kind":"farmacia","name":"Benavides","fuente":"osm","osm_id":"way/704247125","amenity":"pharmacy","brand":"Benavides"}},{"type":"Feature","geometry":{"type":"Point","coordinates":[-100.46011,25.667643]},"properties":{"kind":"farmacia","name":"Farmacia Guadalajara","fuente":"osm","osm_id":"way/704414896","amenity":"pharmacy","brand":"Farmacia Guadalajara"}},{"type":"Feature","geometry":{"type":"Point","coordinates":[-100.456007,25.674589]},"properties":{"kind":"farmacia","name":"Farmacias del Ahorro","fuente":"osm","osm_id":"way/704445758","amenity":"pharmacy","brand":"Farmacias del Ahorro"}},{"type":"Feature","geometry":{"type":"Point","coordinates":[-100.456809,25.673932]},"properties":{"kind":"farmacia","name":"Farmacia Guadalajara","fuente":"osm","osm_id":"way/704445762","amenity":"pharmacy","brand":"Farmacia Guadalajara"}},{"type":"Feature","geometry":{"type":"Point","coordinates":[-100.457336,25.674679]},"properties":{"kind":"farmacia","name":"Benavides","fuente":"osm","osm_id":"way/704449491","amenity":"pharmacy","brand":"Benavides"}},{"type":"Feature","geometry":{"type":"Point","coordinates":[-100.441352,25.682474]},"properties":{"kind":"farmacia","name":"Farmacias del Ahorro","fuente":"osm","osm_id":"way/706243881","amenity":"pharmacy","brand":"Farmacias del Ahorro"}},{"type":"Feature","geometry":{"type":"Point","coordinates":[-100.451959,25.695897]},"properties":{"kind":"farmacia","name":"Farmacia Guadalajara","fuente":"osm","osm_id":"way/708985661","amenity":"pharmacy","brand":"Farmacia Guadalajara"}},{"type":"Feature","geometry":{"type":"Point","coordinates":[-100.358182,25.674793]},"properties":{"kind":"farmacia","name":"Benavides","fuente":"osm","osm_id":"way/712526987","amenity":"pharmacy","brand":"Benavides"}},{"type":"Feature","geometry":{"type":"Point","coordinates":[-100.433199,25.684029]},"properties":{"kind":"farmacia","name":"Farmacia Guadalajara","fuente":"osm","osm_id":"way/713717918","amenity":"pharmacy","brand":"Farmacia Guadalajara"}},{"type":"Feature","geometry":{"type":"Point","coordinates":[-100.422064,25.682243]},"properties":{"kind":"farmacia","name":"Benavides","fuente":"osm","osm_id":"way/713791574","amenity":"pharmacy","brand":"Benavides"}},{"type":"Feature","geometry":{"type":"Point","coordinates":[-100.579948,25.799603]},"properties":{"kind":"farmacia","name":"Farmacia Guadalajara","fuente":"osm","osm_id":"way/714032496","amenity":"pharmacy","brand":"Farmacia Guadalajara"}},{"type":"Feature","geometry":{"type":"Point","coordinates":[-100.460603,25.674087]},"properties":{"kind":"farmacia","name":"Farmacia Benavides","fuente":"osm","osm_id":"way/720259096","amenity":"pharmacy","brand":"Farmacia Benavides"}},{"type":"Feature","geometry":{"type":"Point","coordinates":[-100.460468,25.665282]},"properties":{"kind":"farmacia","name":"Farmacia Benavides","fuente":"osm","osm_id":"way/720337671","amenity":"pharmacy","brand":"Farmacia Benavides"}},{"type":"Feature","geometry":{"type":"Point","coordinates":[-100.257724,25.714109]},"properties":{"kind":"farmacia","name":"Benavides","fuente":"osm","osm_id":"way/739412782","amenity":"pharmacy","brand":"Benavides"}},{"type":"Feature","geometry":{"type":"Point","coordinates":[-100.128354,25.666495]},"properties":{"kind":"farmacia","name":"Benavides","fuente":"osm","osm_id":"way/741774429","amenity":"pharmacy","brand":"Benavides"}},{"type":"Feature","geometry":{"type":"Point","coordinates":[-100.187561,25.63607]},"properties":{"kind":"farmacia","name":"Farmacia Guadalajara","fuente":"osm","osm_id":"way/749310936","amenity":"pharmacy","brand":"Farmacia Guadalajara"}},{"type":"Feature","geometry":{"type":"Point","coordinates":[-100.258782,25.679317]},"properties":{"kind":"farmacia","name":"Benavides","fuente":"osm","osm_id":"way/749507374","amenity":"pharmacy","brand":"Benavides"}},{"type":"Feature","geometry":{"type":"Point","coordinates":[-100.576014,25.782052]},"properties":{"kind":"farmacia","name":"Benavides","fuente":"osm","osm_id":"way/757743502","amenity":"pharmacy","brand":"Benavides"}},{"type":"Feature","geometry":{"type":"Point","coordinates":[-100.489362,25.791962]},"properties":{"kind":"farmacia","name":"Farmacia Guadalajara","fuente":"osm","osm_id":"way/758593410","amenity":"pharmacy","brand":"Farmacia Guadalajara"}},{"type":"Feature","geometry":{"type":"Point","coordinates":[-100.22511,25.731315]},"properties":{"kind":"farmacia","name":"Farmacia Guadalajara","fuente":"osm","osm_id":"way/790813479","amenity":"pharmacy","brand":"Farmacia Guadalajara"}},{"type":"Feature","geometry":{"type":"Point","coordinates":[-100.241479,25.693779]},"properties":{"kind":"farmacia","name":"Benavides","fuente":"osm","osm_id":"way/790813484","amenity":"pharmacy","brand":"Benavides"}},{"type":"Feature","geometry":{"type":"Point","coordinates":[-100.187326,25.722064]},"properties":{"kind":"farmacia","name":"Farmacia Guadalajara","fuente":"osm","osm_id":"way/816921876","amenity":"pharmacy","brand":"Farmacia Guadalajara"}},{"type":"Feature","geometry":{"type":"Point","coordinates":[-100.192788,25.723486]},"properties":{"kind":"farmacia","name":"Benavides","fuente":"osm","osm_id":"way/816921895","amenity":"pharmacy","brand":"Benavides"}},{"type":"Feature","geometry":{"type":"Point","coordinates":[-100.114695,25.688532]},"properties":{"kind":"farmacia","name":"Uni Farmacias","fuente":"osm","osm_id":"way/839535306","amenity":"pharmacy"}},{"type":"Feature","geometry":{"type":"Point","coordinates":[-100.114959,25.688557]},"properties":{"kind":"farmacia","name":"Farmacias Similares","fuente":"osm","osm_id":"way/839535308","amenity":"pharmacy","brand":"Farmacias Similares"}},{"type":"Feature","geometry":{"type":"Point","coordinates":[-100.083347,25.651782]},"properties":{"kind":"farmacia","name":"Farmacia Benavides","fuente":"osm","osm_id":"way/866365701","amenity":"pharmacy","brand":"Farmacia Benavides"}},{"type":"Feature","geometry":{"type":"Point","coordinates":[-100.057602,25.794422]},"properties":{"kind":"farmacia","name":"","fuente":"osm","osm_id":"way/869913410","amenity":"pharmacy"}},{"type":"Feature","geometry":{"type":"Point","coordinates":[-100.456239,25.693633]},"properties":{"kind":"farmacia","name":"Farmacias Similares","fuente":"osm","osm_id":"way/871762846","amenity":"pharmacy","brand":"Farmacias Similares"}},{"type":"Feature","geometry":{"type":"Point","coordinates":[-100.267436,25.792152]},"properties":{"kind":"farmacia","name":"Farmacia Guadalajara","fuente":"osm","osm_id":"way/909682508","amenity":"pharmacy","brand":"Farmacia Guadalajara"}},{"type":"Feature","geometry":{"type":"Point","coordinates":[-100.234855,25.790794]},"properties":{"kind":"farmacia","name":"Farmacia Benavides","fuente":"osm","osm_id":"way/910894985","amenity":"pharmacy","brand":"Farmacia Benavides"}},{"type":"Feature","geometry":{"type":"Point","coordinates":[-100.186176,25.730555]},"properties":{"kind":"farmacia","name":"Farmacia Guadalajara","fuente":"osm","osm_id":"way/927838183","amenity":"pharmacy","brand":"Farmacia Guadalajara"}},{"type":"Feature","geometry":{"type":"Point","coordinates":[-100.40999,25.662126]},"properties":{"kind":"farmacia","name":"Farmacia Guadalajara","fuente":"osm","osm_id":"way/960848003","amenity":"pharmacy","brand":"Farmacia Guadalajara"}},{"type":"Feature","geometry":{"type":"Point","coordinates":[-100.220821,25.695492]},"properties":{"kind":"farmacia","name":"Farmacia Guadalajara","fuente":"osm","osm_id":"way/971810850","amenity":"pharmacy","brand":"Farmacia Guadalajara"}},{"type":"Feature","geometry":{"type":"Point","coordinates":[-100.17619,25.719235]},"properties":{"kind":"farmacia","name":"Farmacia Guadalajara","fuente":"osm","osm_id":"way/998470845","amenity":"pharmacy","brand":"Farmacia Guadalajara"}},{"type":"Feature","geometry":{"type":"Point","coordinates":[-100.156465,25.730783]},"properties":{"kind":"farmacia","name":"Farmacia Guadalajara","fuente":"osm","osm_id":"way/998473007","amenity":"pharmacy","brand":"Farmacia Guadalajara"}},{"type":"Feature","geometry":{"type":"Point","coordinates":[-100.292716,25.766686]},"properties":{"kind":"parada","name":"","fuente":"osm","osm_id":"node/10002335178","highway":"bus_stop","public_transport":"platform"}},{"type":"Feature","geometry":{"type":"Point","coordinates":[-100.315454,25.765688]},"properties":{"kind":"parada","name":"Transmetro (Sendero Norte - Hacienda de Monte Falco)","fuente":"osm","osm_id":"node/10022575901","highway":"bus_stop","public_transport":"platform"}},{"type":"Feature","geometry":{"type":"Point","coordinates":[-100.315864,25.765813]},"properties":{"kind":"parada","name":"Licenciado Raúl Salinas Lozano (Walmart Sendero)","fuente":"osm","osm_id":"node/10023342781","highway":"bus_stop","public_transport":"platform"}},{"type":"Feature","geometry":{"type":"Point","coordinates":[-100.22653,25.80832]},"properties":{"kind":"parada","name":"Avenida del Lago (Jesús Dionisio González González - Laguna Guzmán)","fuente":"osm","osm_id":"node/10030510377","highway":"bus_stop","public_transport":"platform"}},{"type":"Feature","geometry":{"type":"Point","coordinates":[-100.22792,25.808437]},"properties":{"kind":"parada","name":"Avenida del Lago (Lago Michigan - Lago Buenos Aires)","fuente":"osm","osm_id":"node/10030510378","highway":"bus_stop","public_transport":"platform"}},{"type":"Feature","geometry":{"type":"Point","coordinates":[-100.229398,25.80856]},"properties":{"kind":"parada","name":"Avenida del Lago (Lago Buenos Aires - Antigüo Camino a Santa Rosa)","fuente":"osm","osm_id":"node/10030510379","highway":"bus_stop","public_transport":"platform"}},{"type":"Feature","geometry":{"type":"Point","coordinates":[-100.230884,25.808037]},"properties":{"kind":"parada","name":"Avenida del Lago (Antigüo Camino a Santa Rosa - Bosques de Santa Rosa)","fuente":"osm","osm_id":"node/10030510380","highway":"bus_stop","public_transport":"platform"}},{"type":"Feature","geometry":{"type":"Point","coordinates":[-100.23423,25.807576]},"properties":{"kind":"parada","name":"Avenida del Lago (Antigüo Camino a Santa Rosa - San Fernando)","fuente":"osm","osm_id":"node/10030510381","highway":"bus_stop","public_transport":"platform"}},{"type":"Feature","geometry":{"type":"Point","coordinates":[-100.235832,25.807693]},"properties":{"kind":"parada","name":"Avenida del Lago (Antigüo Camino a Santa Rosa - Avenida del Rio)","fuente":"osm","osm_id":"node/10030510382","highway":"bus_stop","public_transport":"platform"}},{"type":"Feature","geometry":{"type":"Point","coordinates":[-100.236596,25.802779]},"properties":{"kind":"parada","name":"Jardines de San Andrés (Avenida del Río - Mirto)","fuente":"osm","osm_id":"node/10030545749","highway":"bus_stop","public_transport":"platform"}},{"type":"Feature","geometry":{"type":"Point","coordinates":[-100.235885,25.804991]},"properties":{"kind":"parada","name":"Avenida del Río (Río Ganges - Jardines de San Andrés)","fuente":"osm","osm_id":"node/10030545750","highway":"bus_stop","public_transport":"platform"}},{"type":"Feature","geometry":{"type":"Point","coordinates":[-100.235921,25.807421]},"properties":{"kind":"parada","name":"Avenida del Río (Río Ganges - Avenida del Lago)","fuente":"osm","osm_id":"node/10030545756","highway":"bus_stop","public_transport":"platform"}},{"type":"Feature","geometry":{"type":"Point","coordinates":[-100.234817,25.807508]},"properties":{"kind":"parada","name":"Avenida del Lago (Avenida del Río - San Fernando)","fuente":"osm","osm_id":"node/10030545764","highway":"bus_stop","public_transport":"platform"}},{"type":"Feature","geometry":{"type":"Point","coordinates":[-100.231302,25.807799]},"properties":{"kind":"parada","name":"Avenida del Lago (San Fernando - Bosques de Santa Rosa)","fuente":"osm","osm_id":"node/10030545774","highway":"bus_stop","public_transport":"platform"}},{"type":"Feature","geometry":{"type":"Point","coordinates":[-100.229734,25.808368]},"properties":{"kind":"parada","name":"Avenida del Lago (Bosques de Santa Rosa - Antigüo Camino a Santa Rosa)","fuente":"osm","osm_id":"node/10030545781","highway":"bus_stop","public_transport":"platform"}},{"type":"Feature","geometry":{"type":"Point","coordinates":[-100.2282,25.808257]},"properties":{"kind":"parada","name":"Avenida del Lago (Antigüo Camino a Santa Rosa - Río Amazonas)","fuente":"osm","osm_id":"node/10030545810","highway":"bus_stop","public_transport":"platform"}},{"type":"Feature","geometry":{"type":"Point","coordinates":[-100.226911,25.808149]},"properties":{"kind":"parada","name":"Avenida del Lago (Lago Michigan - Río Senegal)","fuente":"osm","osm_id":"node/10030545822","highway":"bus_stop","public_transport":"platform"}},{"type":"Feature","geometry":{"type":"Point","coordinates":[-100.295575,25.767551]},"properties":{"kind":"parada","name":"Sendero Norte (Carretera a Colombia - Nueva Escocia)","fuente":"osm","osm_id":"node/10064106044","highway":"bus_stop","public_transport":"platform"}},{"type":"Feature","geometry":{"type":"Point","coordinates":[-100.300232,25.767166]},"properties":{"kind":"parada","name":"Sendero Norte (Plaza Sendero Escobedo)","fuente":"osm","osm_id":"node/10064106045","highway":"bus_stop","public_transport":"platform"}},{"type":"Feature","geometry":{"type":"Point","coordinates":[-100.348102,25.811897]},"properties":{"kind":"parada","name":"Cucharas (Parque Industrial - Avenida de las Industrias)","fuente":"osm","osm_id":"node/10077711233","highway":"bus_stop","public_transport":"platform"}},{"type":"Feature","geometry":{"type":"Point","coordinates":[-100.327278,25.792592]},"properties":{"kind":"parada","name":"","fuente":"osm","osm_id":"node/10104474282","highway":"bus_stop","public_transport":"platform"}},{"type":"Feature","geometry":{"type":"Point","coordinates":[-100.288401,25.683829]},"properties":{"kind":"parada","name":"Transmetro (Parque Fundidora)","fuente":"osm","osm_id":"node/10105425166","highway":"bus_stop","public_transport":"platform"}},{"type":"Feature","geometry":{"type":"Point","coordinates":[-100.289393,25.684925]},"properties":{"kind":"parada","name":"Transmetro (Cananea)","fuente":"osm","osm_id":"node/10107385676","highway":"bus_stop","public_transport":"platform"}},{"type":"Feature","geometry":{"type":"Point","coordinates":[-100.291187,25.685963]},"properties":{"kind":"parada","name":"Transmetro (Constituyentes del 57)","fuente":"osm","osm_id":"node/10112843842","highway":"bus_stop","public_transport":"platform"}},{"type":"Feature","geometry":{"type":"Point","coordinates":[-100.292399,25.684601]},"properties":{"kind":"parada","name":"Transmetro (José Ángel Conchello)","fuente":"osm","osm_id":"node/10115719331","highway":"bus_stop","public_transport":"platform"}},{"type":"Feature","geometry":{"type":"Point","coordinates":[-100.291629,25.678217]},"properties":{"kind":"parada","name":"Transmetro (Fernando Montes de Oca)","fuente":"osm","osm_id":"node/10115719332","highway":"bus_stop","public_transport":"platform"}},{"type":"Feature","geometry":{"type":"Point","coordinates":[-100.309599,25.730905]},"properties":{"kind":"parada","name":"","fuente":"osm","osm_id":"node/10139018066","highway":"bus_stop","public_transport":"platform"}},{"type":"Feature","geometry":{"type":"Point","coordinates":[-100.316716,25.772774]},"properties":{"kind":"parada","name":"","fuente":"osm","osm_id":"node/10141285130","highway":"bus_stop","public_transport":"platform"}},{"type":"Feature","geometry":{"type":"Point","coordinates":[-100.328495,25.712327]},"properties":{"kind":"parada","name":"","fuente":"osm","osm_id":"node/10158834886","highway":"bus_stop","public_transport":"platform"}},{"type":"Feature","geometry":{"type":"Point","coordinates":[-100.328087,25.712375]},"properties":{"kind":"parada","name":"","fuente":"osm","osm_id":"node/10158834887","highway":"bus_stop","public_transport":"platform"}},{"type":"Feature","geometry":{"type":"Point","coordinates":[-100.308074,25.724185]},"properties":{"kind":"parada","name":"","fuente":"osm","osm_id":"node/10159719004","highway":"bus_stop","public_transport":"platform"}},{"type":"Feature","geometry":{"type":"Point","coordinates":[-100.309683,25.723567]},"properties":{"kind":"parada","name":"","fuente":"osm","osm_id":"node/10160052248","highway":"bus_stop","public_transport":"platform"}},{"type":"Feature","geometry":{"type":"Point","coordinates":[-100.321655,25.787367]},"properties":{"kind":"parada","name":"","fuente":"osm","osm_id":"node/10206272480","highway":"bus_stop","public_transport":"platform"}},{"type":"Feature","geometry":{"type":"Point","coordinates":[-100.321185,25.787212]},"properties":{"kind":"parada","name":"","fuente":"osm","osm_id":"node/10206272481","highway":"bus_stop","public_transport":"platform"}},{"type":"Feature","geometry":{"type":"Point","coordinates":[-100.320582,25.785727]},"properties":{"kind":"parada","name":"","fuente":"osm","osm_id":"node/10254125599","highway":"bus_stop","public_transport":"platform"}},{"type":"Feature","geometry":{"type":"Point","coordinates":[-100.320374,25.786669]},"properties":{"kind":"parada","name":"","fuente":"osm","osm_id":"node/10254138420","highway":"bus_stop","public_transport":"platform"}},{"type":"Feature","geometry":{"type":"Point","coordinates":[-100.319443,25.787992]},"properties":{"kind":"parada","name":"","fuente":"osm","osm_id":"node/10254138424","highway":"bus_stop","public_transport":"platform"}},{"type":"Feature","geometry":{"type":"Point","coordinates":[-100.320222,25.787236]},"properties":{"kind":"parada","name":"","fuente":"osm","osm_id":"node/10254138425","highway":"bus_stop","public_transport":"platform"}},{"type":"Feature","geometry":{"type":"Point","coordinates":[-100.10883,25.690006]},"properties":{"kind":"parada","name":"","fuente":"osm","osm_id":"node/10278376380","highway":"bus_stop","public_transport":"platform"}},{"type":"Feature","geometry":{"type":"Point","coordinates":[-100.110377,25.689558]},"properties":{"kind":"parada","name":"","fuente":"osm","osm_id":"node/10278376381","highway":"bus_stop","public_transport":"platform"}},{"type":"Feature","geometry":{"type":"Point","coordinates":[-100.11588,25.68886]},"properties":{"kind":"parada","name":"","fuente":"osm","osm_id":"node/10278376382","highway":"bus_stop","public_transport":"platform"}},{"type":"Feature","geometry":{"type":"Point","coordinates":[-100.118784,25.68701]},"properties":{"kind":"parada","name":"","fuente":"osm","osm_id":"node/10278376383","highway":"bus_stop","public_transport":"platform"}},{"type":"Feature","geometry":{"type":"Point","coordinates":[-100.309227,25.794451]},"properties":{"kind":"parada","name":"","fuente":"osm","osm_id":"node/10286860578","highway":"bus_stop","public_transport":"platform"}},{"type":"Feature","geometry":{"type":"Point","coordinates":[-100.29685,25.75548]},"properties":{"kind":"parada","name":"","fuente":"osm","osm_id":"node/10731244086","highway":"bus_stop","public_transport":"platform"}},{"type":"Feature","geometry":{"type":"Point","coordinates":[-100.317254,25.724057]},"properties":{"kind":"parada","name":"","fuente":"osm","osm_id":"node/10731362886","highway":"bus_stop","public_transport":"platform"}},{"type":"Feature","geometry":{"type":"Point","coordinates":[-100.305934,25.733824]},"properties":{"kind":"parada","name":"Parada Tigrebus","fuente":"osm","osm_id":"node/10767387874","highway":"bus_stop","public_transport":"platform"}},{"type":"Feature","geometry":{"type":"Point","coordinates":[-100.304843,25.734241]},"properties":{"kind":"parada","name":"","fuente":"osm","osm_id":"node/10767387960","highway":"bus_stop","public_transport":"platform"}},{"type":"Feature","geometry":{"type":"Point","coordinates":[-100.332286,25.729594]},"properties":{"kind":"parada","name":"Bernardo Reyes - Central","fuente":"osm","osm_id":"node/10801029998","highway":"bus_stop","public_transport":"platform"}},{"type":"Feature","geometry":{"type":"Point","coordinates":[-100.310638,25.717092]},"properties":{"kind":"parada","name":"","fuente":"osm","osm_id":"node/10811835680","highway":"bus_stop","public_transport":"platform"}},{"type":"Feature","geometry":{"type":"Point","coordinates":[-100.180286,25.690712]},"properties":{"kind":"parada","name":"","fuente":"osm","osm_id":"node/10931967910","highway":"bus_stop","public_transport":"platform"}},{"type":"Feature","geometry":{"type":"Point","coordinates":[-100.115471,25.776796]},"properties":{"kind":"parada","name":"","fuente":"osm","osm_id":"node/1102329561","highway":"bus_stop","public_transport":"platform"}},{"type":"Feature","geometry":{"type":"Point","coordinates":[-100.510727,25.692915]},"properties":{"kind":"parada","name":"","fuente":"osm","osm_id":"node/11072269368","highway":"bus_stop","public_transport":"platform"}},{"type":"Feature","geometry":{"type":"Point","coordinates":[-100.407446,25.763533]},"properties":{"kind":"parada","name":"","fuente":"osm","osm_id":"node/11072269369","highway":"bus_stop","public_transport":"platform"}},{"type":"Feature","geometry":{"type":"Point","coordinates":[-100.580294,25.786462]},"properties":{"kind":"parada","name":"","fuente":"osm","osm_id":"node/11072301739","highway":"bus_stop","public_transport":"platform"}},{"type":"Feature","geometry":{"type":"Point","coordinates":[-100.568253,25.800356]},"properties":{"kind":"parada","name":"","fuente":"osm","osm_id":"node/11077060833","highway":"bus_stop","public_transport":"platform"}},{"type":"Feature","geometry":{"type":"Point","coordinates":[-100.339074,25.798975]},"properties":{"kind":"parada","name":"","fuente":"osm","osm_id":"node/11229070577","highway":"bus_stop","public_transport":"platform"}},{"type":"Feature","geometry":{"type":"Point","coordinates":[-100.07321,25.629432]},"properties":{"kind":"parada","name":"","fuente":"osm","osm_id":"node/11256157913","highway":"bus_stop","public_transport":"platform"}},{"type":"Feature","geometry":{"type":"Point","coordinates":[-100.073259,25.629101]},"properties":{"kind":"parada","name":"","fuente":"osm","osm_id":"node/11256157914","highway":"bus_stop","public_transport":"platform"}},{"type":"Feature","geometry":{"type":"Point","coordinates":[-100.196688,25.733125]},"properties":{"kind":"parada","name":"211 (Pabellón)-219 (Churubusco y Provivienda)-225 (Huinalá)","fuente":"osm","osm_id":"node/11395315570","highway":"bus_stop"}},{"type":"Feature","geometry":{"type":"Point","coordinates":[-100.194289,25.732924]},"properties":{"kind":"parada","name":"211 (Pabellón)-219 (Churubusco y Provivienda)-225 (Huinalá)","fuente":"osm","osm_id":"node/11395315571","highway":"bus_stop"}},{"type":"Feature","geometry":{"type":"Point","coordinates":[-100.194413,25.732884]},"properties":{"kind":"parada","name":"211 (Pabellón)-219 (Churubusco y Provivienda)-225 (Huinalá)","fuente":"osm","osm_id":"node/11395315572","highway":"bus_stop"}},{"type":"Feature","geometry":{"type":"Point","coordinates":[-100.196803,25.733097]},"properties":{"kind":"parada","name":"211 (Pabellón)-219 (Churubusco y Provivienda)-225 (Huinalá)","fuente":"osm","osm_id":"node/11395317769","highway":"bus_stop"}},{"type":"Feature","geometry":{"type":"Point","coordinates":[-100.198621,25.733297]},"properties":{"kind":"parada","name":"211 (Pabellón)-219 (Churubusco y Provivienda)-225 (Huinalá)","fuente":"osm","osm_id":"node/11395317869","highway":"bus_stop"}},{"type":"Feature","geometry":{"type":"Point","coordinates":[-100.191196,25.732544]},"properties":{"kind":"parada","name":"211 (Pabellón)-219 (Churubusco y Provivienda)-225 (Huinalá)","fuente":"osm","osm_id":"node/11460221071","highway":"bus_stop"}},{"type":"Feature","geometry":{"type":"Point","coordinates":[-100.190119,25.72895]},"properties":{"kind":"parada","name":"211 (Pabellón)-219 (Churubusco y Provivienda)-225 (Huinalá)","fuente":"osm","osm_id":"node/11460221072","highway":"bus_stop"}},{"type":"Feature","geometry":{"type":"Point","coordinates":[-100.192643,25.732702]},"properties":{"kind":"parada","name":"211 (Pabellón)-219 (Churubusco y Provivienda)-225 (Huinalá)","fuente":"osm","osm_id":"node/11460248169","highway":"bus_stop"}},{"type":"Feature","geometry":{"type":"Point","coordinates":[-100.192537,25.732765]},"properties":{"kind":"parada","name":"211 (Pabellón)-219 (Churubusco y Provivienda)-225 (Huinalá)","fuente":"osm","osm_id":"node/11460248269","highway":"bus_stop"}},{"type":"Feature","geometry":{"type":"Point","coordinates":[-100.189658,25.732443]},"properties":{"kind":"parada","name":"211 (Pabellón)-219 (Churubusco y Provivienda)-225 (Huinalá)","fuente":"osm","osm_id":"node/11460248270","highway":"bus_stop"}},{"type":"Feature","geometry":{"type":"Point","coordinates":[-100.190181,25.729071]},"properties":{"kind":"parada","name":"211 (Pabellón)-219 (Churubusco y Provivienda)-225 (Huinalá)","fuente":"osm","osm_id":"node/11460248271","highway":"bus_stop"}},{"type":"Feature","geometry":{"type":"Point","coordinates":[-100.191071,25.732614]},"properties":{"kind":"parada","name":"211 (Pabellón)-219 (Churubusco y Provivienda)-225 (Huinalá)","fuente":"osm","osm_id":"node/11460248369","highway":"bus_stop"}},{"type":"Feature","geometry":{"type":"Point","coordinates":[-100.189965,25.730231]},"properties":{"kind":"parada","name":"211 (Pabellón)-219 (Churubusco y Provivienda)-225 (Huinalá)","fuente":"osm","osm_id":"node/11460248370","highway":"bus_stop"}},{"type":"Feature","geometry":{"type":"Point","coordinates":[-100.189969,25.730401]},"properties":{"kind":"parada","name":"211 (Pabellón)-219 (Churubusco y Provivienda)-225 (Huinalá)","fuente":"osm","osm_id":"node/11460248569","highway":"bus_stop"}},{"type":"Feature","geometry":{"type":"Point","coordinates":[-100.190423,25.727167]},"properties":{"kind":"parada","name":"211 (Pabellón)-219 (Churubusco y Provivienda)-225 (Huinalá)","fuente":"osm","osm_id":"node/11461381270","highway":"bus_stop"}},{"type":"Feature","geometry":{"type":"Point","coordinates":[-100.192071,25.723886]},"properties":{"kind":"parada","name":"219 (Churubusco)-225 (Huinalá)","fuente":"osm","osm_id":"node/11461381271","highway":"bus_stop"}},{"type":"Feature","geometry":{"type":"Point","coordinates":[-100.190518,25.725933]},"properties":{"kind":"parada","name":"211 (Pabellón)-219 (Churubusco y Provivienda)-225 (Huinalá)","fuente":"osm","osm_id":"node/11461381569","highway":"bus_stop"}},{"type":"Feature","geometry":{"type":"Point","coordinates":[-100.190579,25.726025]},"properties":{"kind":"parada","name":"211 (Pabellón)-219 (Churubusco y Provivienda)-225 (Huinalá)","fuente":"osm","osm_id":"node/11461381669","highway":"bus_stop"}},{"type":"Feature","geometry":{"type":"Point","coordinates":[-100.190842,25.723778]},"properties":{"kind":"parada","name":"219 (Churubusco y Provivienda)-225 (Huinalá)","fuente":"osm","osm_id":"node/11461381670","highway":"bus_stop"}},{"type":"Feature","geometry":{"type":"Point","coordinates":[-100.193092,25.723921]},"properties":{"kind":"parada","name":"219 (Churubusco)-225 (Huinalá)","fuente":"osm","osm_id":"node/11463603769","highway":"bus_stop"}},{"type":"Feature","geometry":{"type":"Point","coordinates":[-100.197294,25.72396]},"properties":{"kind":"parada","name":"219 (Churubusco)-225 (Huinalá)","fuente":"osm","osm_id":"node/11463603770","highway":"bus_stop"}},{"type":"Feature","geometry":{"type":"Point","coordinates":[-100.204032,25.72245]},"properties":{"kind":"parada","name":"219 (Churubusco)-225 (Huinalá)","fuente":"osm","osm_id":"node/11463603771","highway":"bus_stop","public_transport":"platform"}},{"type":"Feature","geometry":{"type":"Point","coordinates":[-100.212424,25.723727]},"properties":{"kind":"parada","name":"219 (Churubusco)-225 (Huinalá)","fuente":"osm","osm_id":"node/11463603772","highway":"bus_stop"}},{"type":"Feature","geometry":{"type":"Point","coordinates":[-100.200065,25.723089]},"properties":{"kind":"parada","name":"219 (Churubusco)-225 (Huinalá)","fuente":"osm","osm_id":"node/11463603869","highway":"bus_stop"}},{"type":"Feature","geometry":{"type":"Point","coordinates":[-100.206431,25.722718]},"properties":{"kind":"parada","name":"219 (Churubusco)-225 (Huinalá)","fuente":"osm","osm_id":"node/11463603870","highway":"bus_stop"}},{"type":"Feature","geometry":{"type":"Point","coordinates":[-100.209262,25.723263]},"properties":{"kind":"parada","name":"219 (Churubusco)-225 (Huinalá)","fuente":"osm","osm_id":"node/11463603871","highway":"bus_stop","public_transport":"platform"}},{"type":"Feature","geometry":{"type":"Point","coordinates":[-100.210939,25.723475]},"properties":{"kind":"parada","name":"219 (Churubusco)-225 (Huinalá)","fuente":"osm","osm_id":"node/11463603872","highway":"bus_stop"}},{"type":"Feature","geometry":{"type":"Point","coordinates":[-100.202,25.722342]},"properties":{"kind":"parada","name":"219 (Churubusco)-225 (Huinalá)","fuente":"osm","osm_id":"node/11463603969","highway":"bus_stop"}},{"type":"Feature","geometry":{"type":"Point","coordinates":[-100.323666,25.690327]},"properties":{"kind":"parada","name":"","fuente":"osm","osm_id":"node/11753444787","highway":"bus_stop","public_transport":"platform"}},{"type":"Feature","geometry":{"type":"Point","coordinates":[-100.323214,25.69004]},"properties":{"kind":"parada","name":"","fuente":"osm","osm_id":"node/11753444788","highway":"bus_stop","public_transport":"platform"}},{"type":"Feature","geometry":{"type":"Point","coordinates":[-100.453103,25.674383]},"properties":{"kind":"parada","name":"","fuente":"osm","osm_id":"node/11884994719","highway":"bus_stop","public_transport":"platform"}},{"type":"Feature","geometry":{"type":"Point","coordinates":[-100.309534,25.667692]},"properties":{"kind":"parada","name":"21024 Padre Mier - Juan Zuazua","fuente":"osm","osm_id":"node/11907403978","highway":"bus_stop","public_transport":"platform"}},{"type":"Feature","geometry":{"type":"Point","coordinates":[-100.31163,25.668078]},"properties":{"kind":"parada","name":"","fuente":"osm","osm_id":"node/11907403979","highway":"bus_stop","public_transport":"platform"}},{"type":"Feature","geometry":{"type":"Point","coordinates":[-100.27346,25.713706]},"properties":{"kind":"parada","name":"Transmetro Romulo Garza - Hospital Metropolitano","fuente":"osm","osm_id":"node/12352317101","highway":"bus_stop"}},{"type":"Feature","geometry":{"type":"Point","coordinates":[-100.266579,25.718531]},"properties":{"kind":"parada","name":"Transmetro Romulo Garza - Hospital Metropolitano","fuente":"osm","osm_id":"node/12352350201","highway":"bus_stop"}},{"type":"Feature","geometry":{"type":"Point","coordinates":[-100.264451,25.716248]},"properties":{"kind":"parada","name":"Transmetro Romulo Garza - Hospital Metropolitano","fuente":"osm","osm_id":"node/12352354001","highway":"bus_stop"}},{"type":"Feature","geometry":{"type":"Point","coordinates":[-100.262135,25.713425]},"properties":{"kind":"parada","name":"Transmetro Romulo Garza - Hospital Metropolitano","fuente":"osm","osm_id":"node/12352354002","highway":"bus_stop"}},{"type":"Feature","geometry":{"type":"Point","coordinates":[-100.261556,25.711972]},"properties":{"kind":"parada","name":"Transmetro Romulo Garza - Hospital Metropolitano","fuente":"osm","osm_id":"node/12352359901","highway":"bus_stop"}},{"type":"Feature","geometry":{"type":"Point","coordinates":[-100.250716,25.715693]},"properties":{"kind":"parada","name":"Transmetro Romulo Garza - Hospital Metropolitano","fuente":"osm","osm_id":"node/12352359902","highway":"bus_stop"}},{"type":"Feature","geometry":{"type":"Point","coordinates":[-100.257509,25.713244]},"properties":{"kind":"parada","name":"Transmetro Romulo Garza - Hospital Metropolitano","fuente":"osm","osm_id":"node/12352377701","highway":"bus_stop"}},{"type":"Feature","geometry":{"type":"Point","coordinates":[-100.247433,25.717083]},"properties":{"kind":"parada","name":"Transmetro Romulo Garza - Hospital Metropolitano","fuente":"osm","osm_id":"node/12352377702","highway":"bus_stop"}},{"type":"Feature","geometry":{"type":"Point","coordinates":[-100.243001,25.718682]},"properties":{"kind":"parada","name":"Transmetro Romulo Garza - Hospital Metropolitano","fuente":"osm","osm_id":"node/12352456201","highway":"bus_stop"}},{"type":"Feature","geometry":{"type":"Point","coordinates":[-100.239337,25.719123]},"properties":{"kind":"parada","name":"Transmetro Rómulo Garza - Hospital Transmetro","fuente":"osm","osm_id":"node/12352475801","highway":"bus_stop"}},{"type":"Feature","geometry":{"type":"Point","coordinates":[-100.233764,25.719897]},"properties":{"kind":"parada","name":"Transmetro Rómulo Garza - Hospital Metropolitano","fuente":"osm","osm_id":"node/12352475802","highway":"bus_stop"}},{"type":"Feature","geometry":{"type":"Point","coordinates":[-100.236773,25.719174]},"properties":{"kind":"parada","name":"Transmetro Rómulo Garza - Hospital Metropolitano","fuente":"osm","osm_id":"node/12352475901","highway":"bus_stop"}},{"type":"Feature","geometry":{"type":"Point","coordinates":[-100.232219,25.720577]},"properties":{"kind":"parada","name":"Transmetro Rómulo Garza - Hospital Metropolitano","fuente":"osm","osm_id":"node/12352477001","highway":"bus_stop"}},{"type":"Feature","geometry":{"type":"Point","coordinates":[-100.227733,25.722683]},"properties":{"kind":"parada","name":"Transmetro Rómulo Garza - Hospital Metropolitano","fuente":"osm","osm_id":"node/12352480101","highway":"bus_stop"}},{"type":"Feature","geometry":{"type":"Point","coordinates":[-100.221532,25.723846]},"properties":{"kind":"parada","name":"Transmetro Rómulo Garza - Hospital Metropolitano","fuente":"osm","osm_id":"node/12352482601","highway":"bus_stop"}},{"type":"Feature","geometry":{"type":"Point","coordinates":[-100.218142,25.724358]},"properties":{"kind":"parada","name":"Transmetro Rómulo Garza - Hospital Metropolitano","fuente":"osm","osm_id":"node/12352482701","highway":"bus_stop"}},{"type":"Feature","geometry":{"type":"Point","coordinates":[-100.213152,25.723816]},"properties":{"kind":"parada","name":"Transmetro Rómulo Garza - Hospital Metropolitano","fuente":"osm","osm_id":"node/12352482702","highway":"bus_stop"}},{"type":"Feature","geometry":{"type":"Point","coordinates":[-100.204127,25.722873]},"properties":{"kind":"parada","name":"Transmetro Rómulo Garza - Hospital Metropolitano","fuente":"osm","osm_id":"node/12352482703","highway":"bus_stop"}},{"type":"Feature","geometry":{"type":"Point","coordinates":[-100.201966,25.725616]},"properties":{"kind":"parada","name":"Transmetro Rómulo Garza - Hospital Metropolitano","fuente":"osm","osm_id":"node/12352487601","highway":"bus_stop"}},{"type":"Feature","geometry":{"type":"Point","coordinates":[-100.200236,25.727898]},"properties":{"kind":"parada","name":"Transmetro Rómulo Garza - Hospital Metropolitano","fuente":"osm","osm_id":"node/12352487701","highway":"bus_stop"}},{"type":"Feature","geometry":{"type":"Point","coordinates":[-100.199081,25.730757]},"properties":{"kind":"parada","name":"Transmetro Rómulo Garza - Hospital Metropolitano","fuente":"osm","osm_id":"node/12352487702","highway":"bus_stop"}},{"type":"Feature","geometry":{"type":"Point","coordinates":[-100.198725,25.733169]},"properties":{"kind":"parada","name":"Transmetro Rómulo Garza - Hospital Metropolitano","fuente":"osm","osm_id":"node/12352487703","highway":"bus_stop"}},{"type":"Feature","geometry":{"type":"Point","coordinates":[-100.199553,25.728995]},"properties":{"kind":"parada","name":"Transmetro Rómulo Garza - Hospital Metropolitano","fuente":"osm","osm_id":"node/12352487801","highway":"bus_stop"}},{"type":"Feature","geometry":{"type":"Point","coordinates":[-100.159593,25.785]},"properties":{"kind":"parada","name":"","fuente":"osm","osm_id":"node/13071514914","highway":"bus_stop","public_transport":"platform"}},{"type":"Feature","geometry":{"type":"Point","coordinates":[-100.159514,25.784672]},"properties":{"kind":"parada","name":"","fuente":"osm","osm_id":"node/13071514915","highway":"bus_stop","public_transport":"platform"}},{"type":"Feature","geometry":{"type":"Point","coordinates":[-100.305976,25.733607]},"properties":{"kind":"parada","name":"Parada Tigre Van","fuente":"osm","osm_id":"node/13191680246","highway":"bus_stop","public_transport":"platform"}},{"type":"Feature","geometry":{"type":"Point","coordinates":[-100.214263,25.724513]},"properties":{"kind":"parada","name":"","fuente":"osm","osm_id":"node/1359685503","highway":"bus_stop","public_transport":"platform"}},{"type":"Feature","geometry":{"type":"Point","coordinates":[-100.21491,25.724551]},"properties":{"kind":"parada","name":"211 (York) - 219 (Churubusco)","fuente":"osm","osm_id":"node/1359685544","highway":"bus_stop","public_transport":"platform"}},{"type":"Feature","geometry":{"type":"Point","coordinates":[-100.21545,25.722299]},"properties":{"kind":"parada","name":"","fuente":"osm","osm_id":"node/1359685581","highway":"bus_stop","public_transport":"platform"}},{"type":"Feature","geometry":{"type":"Point","coordinates":[-100.218157,25.72441]},"properties":{"kind":"parada","name":"","fuente":"osm","osm_id":"node/1359693025","highway":"bus_stop","public_transport":"platform"}},{"type":"Feature","geometry":{"type":"Point","coordinates":[-100.229933,25.688862]},"properties":{"kind":"parada","name":"Avenida Général Lázaro Cárdenas - Tenancingo","fuente":"osm","osm_id":"node/13723811980","highway":"bus_stop","public_transport":"platform"}},{"type":"Feature","geometry":{"type":"Point","coordinates":[-100.230534,25.682978]},"properties":{"kind":"parada","name":"Avenida Général Lázaro Cárdenas entre Général Plutarco Elías Calles","fuente":"osm","osm_id":"node/13732324928","public_transport":"platform"}},{"type":"Feature","geometry":{"type":"Point","coordinates":[-100.232842,25.678162]},"properties":{"kind":"parada","name":"Benito Juarez entre Olmos","fuente":"osm","osm_id":"node/13732334621","highway":"bus_stop"}},{"type":"Feature","geometry":{"type":"Point","coordinates":[-100.277385,25.682377]},"properties":{"kind":"parada","name":"Avenida Cristóbal Colón entre Antonio I. Villareal","fuente":"osm","osm_id":"node/13732667511","highway":"bus_stop","public_transport":"platform"}},{"type":"Feature","geometry":{"type":"Point","coordinates":[-100.314711,25.674041]},"properties":{"kind":"parada","name":"Avenida Benito Juarez","fuente":"osm","osm_id":"node/13733419740","public_transport":"platform","route_ref":"108"}},{"type":"Feature","geometry":{"type":"Point","coordinates":[-100.315065,25.671715]},"properties":{"kind":"parada","name":"Avenida Benito Juarez entre Juan Ignacio Ramón","fuente":"osm","osm_id":"node/13734676927","public_transport":"platform","route_ref":"115 113"}},{"type":"Feature","geometry":{"type":"Point","coordinates":[-100.307144,25.639243]},"properties":{"kind":"parada","name":"Rio Nazas entre Paseo Maria Guadalupe","fuente":"osm","osm_id":"node/13734682910","public_transport":"platform"}},{"type":"Feature","geometry":{"type":"Point","coordinates":[-100.298037,25.650425]},"properties":{"kind":"parada","name":"Calle Pirineos","fuente":"osm","osm_id":"node/13734858768","public_transport":"platform"}},{"type":"Feature","geometry":{"type":"Point","coordinates":[-100.099338,25.689615]},"properties":{"kind":"parada","name":"","fuente":"osm","osm_id":"node/13798034988","highway":"bus_stop","public_transport":"platform"}},{"type":"Feature","geometry":{"type":"Point","coordinates":[-100.098503,25.688855]},"properties":{"kind":"parada","name":"","fuente":"osm","osm_id":"node/13798034991","highway":"bus_stop","public_transport":"platform"}},{"type":"Feature","geometry":{"type":"Point","coordinates":[-100.096559,25.688151]},"properties":{"kind":"parada","name":"","fuente":"osm","osm_id":"node/13798034992","highway":"bus_stop","public_transport":"platform"}},{"type":"Feature","geometry":{"type":"Point","coordinates":[-100.101971,25.690182]},"properties":{"kind":"parada","name":"","fuente":"osm","osm_id":"node/13798034993","highway":"bus_stop","public_transport":"platform"}},{"type":"Feature","geometry":{"type":"Point","coordinates":[-100.103795,25.691186]},"properties":{"kind":"parada","name":"","fuente":"osm","osm_id":"node/13798034995","highway":"bus_stop","public_transport":"platform"}},{"type":"Feature","geometry":{"type":"Point","coordinates":[-100.103872,25.690384]},"properties":{"kind":"parada","name":"","fuente":"osm","osm_id":"node/13798034996","highway":"bus_stop","public_transport":"platform"}},{"type":"Feature","geometry":{"type":"Point","coordinates":[-100.104228,25.694533]},"properties":{"kind":"parada","name":"","fuente":"osm","osm_id":"node/13798034997","highway":"bus_stop","public_transport":"platform"}},{"type":"Feature","geometry":{"type":"Point","coordinates":[-100.10463,25.695049]},"properties":{"kind":"parada","name":"","fuente":"osm","osm_id":"node/13798034998","highway":"bus_stop","public_transport":"platform"}},{"type":"Feature","geometry":{"type":"Point","coordinates":[-100.104633,25.694823]},"properties":{"kind":"parada","name":"","fuente":"osm","osm_id":"node/13798034999","highway":"bus_stop","public_transport":"platform"}},{"type":"Feature","geometry":{"type":"Point","coordinates":[-100.105576,25.695327]},"properties":{"kind":"parada","name":"","fuente":"osm","osm_id":"node/13798035000","highway":"bus_stop","public_transport":"platform"}},{"type":"Feature","geometry":{"type":"Point","coordinates":[-100.105935,25.695457]},"properties":{"kind":"parada","name":"","fuente":"osm","osm_id":"node/13798081401","highway":"bus_stop","public_transport":"platform"}},{"type":"Feature","geometry":{"type":"Point","coordinates":[-100.105492,25.696649]},"properties":{"kind":"parada","name":"","fuente":"osm","osm_id":"node/13798081402","highway":"bus_stop","public_transport":"platform"}},{"type":"Feature","geometry":{"type":"Point","coordinates":[-100.104961,25.697401]},"properties":{"kind":"parada","name":"","fuente":"osm","osm_id":"node/13798081403","highway":"bus_stop","public_transport":"platform"}},{"type":"Feature","geometry":{"type":"Point","coordinates":[-100.106049,25.697031]},"properties":{"kind":"parada","name":"","fuente":"osm","osm_id":"node/13798081404","highway":"bus_stop","public_transport":"platform"}},{"type":"Feature","geometry":{"type":"Point","coordinates":[-100.108747,25.694931]},"properties":{"kind":"parada","name":"","fuente":"osm","osm_id":"node/13798081405","highway":"bus_stop","public_transport":"platform"}},{"type":"Feature","geometry":{"type":"Point","coordinates":[-100.107414,25.69505]},"properties":{"kind":"parada","name":"","fuente":"osm","osm_id":"node/13798081406","highway":"bus_stop","public_transport":"platform"}},{"type":"Feature","geometry":{"type":"Point","coordinates":[-100.105888,25.695154]},"properties":{"kind":"parada","name":"","fuente":"osm","osm_id":"node/13798081407","highway":"bus_stop","public_transport":"platform"}},{"type":"Feature","geometry":{"type":"Point","coordinates":[-100.108744,25.694668]},"properties":{"kind":"parada","name":"","fuente":"osm","osm_id":"node/13798081408","highway":"bus_stop","public_transport":"platform"}},{"type":"Feature","geometry":{"type":"Point","coordinates":[-100.114325,25.69406]},"properties":{"kind":"parada","name":"","fuente":"osm","osm_id":"node/13798081411","highway":"bus_stop","public_transport":"platform"}},{"type":"Feature","geometry":{"type":"Point","coordinates":[-100.115169,25.694763]},"properties":{"kind":"parada","name":"","fuente":"osm","osm_id":"node/13798081412","highway":"bus_stop","public_transport":"platform"}},{"type":"Feature","geometry":{"type":"Point","coordinates":[-100.115621,25.694679]},"properties":{"kind":"parada","name":"","fuente":"osm","osm_id":"node/13798081413","highway":"bus_stop","public_transport":"platform"}},{"type":"Feature","geometry":{"type":"Point","coordinates":[-100.115593,25.694421]},"properties":{"kind":"parada","name":"","fuente":"osm","osm_id":"node/13798081414","highway":"bus_stop","public_transport":"platform"}},{"type":"Feature","geometry":{"type":"Point","coordinates":[-100.117085,25.69634]},"properties":{"kind":"parada","name":"","fuente":"osm","osm_id":"node/13798081415","highway":"bus_stop","public_transport":"platform"}},{"type":"Feature","geometry":{"type":"Point","coordinates":[-100.117034,25.695906]},"properties":{"kind":"parada","name":"","fuente":"osm","osm_id":"node/13798081416","highway":"bus_stop","public_transport":"platform"}},{"type":"Feature","geometry":{"type":"Point","coordinates":[-100.117159,25.697521]},"properties":{"kind":"parada","name":"","fuente":"osm","osm_id":"node/13798081417","highway":"bus_stop","public_transport":"platform"}},{"type":"Feature","geometry":{"type":"Point","coordinates":[-100.116833,25.697442]},"properties":{"kind":"parada","name":"","fuente":"osm","osm_id":"node/13798081418","highway":"bus_stop","public_transport":"platform"}},{"type":"Feature","geometry":{"type":"Point","coordinates":[-100.11626,25.698379]},"properties":{"kind":"parada","name":"","fuente":"osm","osm_id":"node/13798081419","highway":"bus_stop","public_transport":"platform"}},{"type":"Feature","geometry":{"type":"Point","coordinates":[-100.118538,25.69868]},"properties":{"kind":"parada","name":"","fuente":"osm","osm_id":"node/13798081422","highway":"bus_stop","public_transport":"platform"}},{"type":"Feature","geometry":{"type":"Point","coordinates":[-100.120469,25.699462]},"properties":{"kind":"parada","name":"","fuente":"osm","osm_id":"node/13798081423","highway":"bus_stop","public_transport":"platform"}},{"type":"Feature","geometry":{"type":"Point","coordinates":[-100.120844,25.699001]},"properties":{"kind":"parada","name":"","fuente":"osm","osm_id":"node/13798081424","highway":"bus_stop","public_transport":"platform"}},{"type":"Feature","geometry":{"type":"Point","coordinates":[-100.116092,25.689038]},"properties":{"kind":"parada","name":"","fuente":"osm","osm_id":"node/13798081425","highway":"bus_stop","public_transport":"platform"}},{"type":"Feature","geometry":{"type":"Point","coordinates":[-100.117454,25.688102]},"properties":{"kind":"parada","name":"","fuente":"osm","osm_id":"node/13798081427","highway":"bus_stop","public_transport":"platform"}},{"type":"Feature","geometry":{"type":"Point","coordinates":[-100.118854,25.686669]},"properties":{"kind":"parada","name":"","fuente":"osm","osm_id":"node/13798081428","highway":"bus_stop","public_transport":"platform"}},{"type":"Feature","geometry":{"type":"Point","coordinates":[-100.118825,25.685996]},"properties":{"kind":"parada","name":"","fuente":"osm","osm_id":"node/13798081429","highway":"bus_stop","public_transport":"platform"}},{"type":"Feature","geometry":{"type":"Point","coordinates":[-100.119167,25.685958]},"properties":{"kind":"parada","name":"","fuente":"osm","osm_id":"node/13798081430","highway":"bus_stop","public_transport":"platform"}},{"type":"Feature","geometry":{"type":"Point","coordinates":[-100.118219,25.684734]},"properties":{"kind":"parada","name":"","fuente":"osm","osm_id":"node/13798081431","highway":"bus_stop","public_transport":"platform"}},{"type":"Feature","geometry":{"type":"Point","coordinates":[-100.114082,25.688534]},"properties":{"kind":"parada","name":"","fuente":"osm","osm_id":"node/13798081432","highway":"bus_stop","public_transport":"platform"}},{"type":"Feature","geometry":{"type":"Point","coordinates":[-100.112664,25.688369]},"properties":{"kind":"parada","name":"","fuente":"osm","osm_id":"node/13798081433","highway":"bus_stop","public_transport":"platform"}},{"type":"Feature","geometry":{"type":"Point","coordinates":[-100.10818,25.689697]},"properties":{"kind":"parada","name":"","fuente":"osm","osm_id":"node/13798081437","highway":"bus_stop","public_transport":"platform"}},{"type":"Feature","geometry":{"type":"Point","coordinates":[-100.108092,25.689488]},"properties":{"kind":"parada","name":"","fuente":"osm","osm_id":"node/13798081438","highway":"bus_stop","public_transport":"platform"}},{"type":"Feature","geometry":{"type":"Point","coordinates":[-100.106726,25.68979]},"properties":{"kind":"parada","name":"","fuente":"osm","osm_id":"node/13798081439","highway":"bus_stop","public_transport":"platform"}},{"type":"Feature","geometry":{"type":"Point","coordinates":[-100.105626,25.691108]},"properties":{"kind":"parada","name":"","fuente":"osm","osm_id":"node/13798081440","highway":"bus_stop","public_transport":"platform"}},{"type":"Feature","geometry":{"type":"Point","coordinates":[-100.10387,25.690358]},"properties":{"kind":"parada","name":"","fuente":"osm","osm_id":"node/13808023037","highway":"bus_stop","public_transport":"platform"}},{"type":"Feature","geometry":{"type":"Point","coordinates":[-100.313284,25.729918]},"properties":{"kind":"parada","name":"","fuente":"osm","osm_id":"node/1386760076","highway":"bus_stop","public_transport":"platform"}},{"type":"Feature","geometry":{"type":"Point","coordinates":[-100.24738,25.672442]},"properties":{"kind":"parada","name":"Valparaíso","fuente":"osm","osm_id":"node/13906964520","highway":"bus_stop","public_transport":"stop"}},{"type":"Feature","geometry":{"type":"Point","coordinates":[-100.249341,25.672282]},"properties":{"kind":"parada","name":"Valparaíso - La Riviera - 5 De Mayo","fuente":"osm","osm_id":"node/13910048516","highway":"bus_stop","public_transport":"platform"}},{"type":"Feature","geometry":{"type":"Point","coordinates":[-100.245189,25.665833]},"properties":{"kind":"parada","name":"Avenida Pablo Livas","fuente":"osm","osm_id":"node/13919987381","highway":"bus_stop","public_transport":"stop"}},{"type":"Feature","geometry":{"type":"Point","coordinates":[-100.366106,25.7548]},"properties":{"kind":"parada","name":"","fuente":"osm","osm_id":"node/13923302367","highway":"bus_stop","public_transport":"platform"}},{"type":"Feature","geometry":{"type":"Point","coordinates":[-100.135629,25.711279]},"properties":{"kind":"parada","name":"","fuente":"osm","osm_id":"node/13938074311","highway":"bus_stop","public_transport":"platform"}},{"type":"Feature","geometry":{"type":"Point","coordinates":[-100.134916,25.708828]},"properties":{"kind":"parada","name":"","fuente":"osm","osm_id":"node/13938074323","highway":"bus_stop","public_transport":"platform"}},{"type":"Feature","geometry":{"type":"Point","coordinates":[-100.134437,25.708219]},"properties":{"kind":"parada","name":"","fuente":"osm","osm_id":"node/13938074324","highway":"bus_stop","public_transport":"platform"}},{"type":"Feature","geometry":{"type":"Point","coordinates":[-100.133939,25.706468]},"properties":{"kind":"parada","name":"","fuente":"osm","osm_id":"node/13938074325","highway":"bus_stop","public_transport":"platform"}},{"type":"Feature","geometry":{"type":"Point","coordinates":[-100.134246,25.706413]},"properties":{"kind":"parada","name":"","fuente":"osm","osm_id":"node/13938074326","highway":"bus_stop","public_transport":"platform"}},{"type":"Feature","geometry":{"type":"Point","coordinates":[-100.131825,25.702166]},"properties":{"kind":"parada","name":"","fuente":"osm","osm_id":"node/13938074398","highway":"bus_stop","public_transport":"platform"}},{"type":"Feature","geometry":{"type":"Point","coordinates":[-100.131759,25.70169]},"properties":{"kind":"parada","name":"","fuente":"osm","osm_id":"node/13938074399","highway":"bus_stop","public_transport":"platform"}},{"type":"Feature","geometry":{"type":"Point","coordinates":[-100.133129,25.700955]},"properties":{"kind":"parada","name":"","fuente":"osm","osm_id":"node/13938074400","highway":"bus_stop","public_transport":"platform"}},{"type":"Feature","geometry":{"type":"Point","coordinates":[-100.13115,25.701836]},"properties":{"kind":"parada","name":"","fuente":"osm","osm_id":"node/13938074401","highway":"bus_stop","public_transport":"platform"}},{"type":"Feature","geometry":{"type":"Point","coordinates":[-100.13067,25.700361]},"properties":{"kind":"parada","name":"","fuente":"osm","osm_id":"node/13938074402","highway":"bus_stop","public_transport":"platform"}},{"type":"Feature","geometry":{"type":"Point","coordinates":[-100.162728,25.748969]},"properties":{"kind":"parada","name":"","fuente":"osm","osm_id":"node/13938110044","highway":"bus_stop","public_transport":"platform"}},{"type":"Feature","geometry":{"type":"Point","coordinates":[-100.162965,25.748706]},"properties":{"kind":"parada","name":"","fuente":"osm","osm_id":"node/13938110045","highway":"bus_stop","public_transport":"platform"}},{"type":"Feature","geometry":{"type":"Point","coordinates":[-100.155789,25.737927]},"properties":{"kind":"parada","name":"","fuente":"osm","osm_id":"node/13938110046","highway":"bus_stop","public_transport":"platform"}},{"type":"Feature","geometry":{"type":"Point","coordinates":[-100.099395,25.689815]},"properties":{"kind":"parada","name":"","fuente":"osm","osm_id":"node/13939561071","highway":"bus_stop","public_transport":"platform"}},{"type":"Feature","geometry":{"type":"Point","coordinates":[-100.103372,25.691137]},"properties":{"kind":"parada","name":"","fuente":"osm","osm_id":"node/13939561072","highway":"bus_stop","public_transport":"platform"}},{"type":"Feature","geometry":{"type":"Point","coordinates":[-100.10403,25.693317]},"properties":{"kind":"parada","name":"","fuente":"osm","osm_id":"node/13939561073","highway":"bus_stop","public_transport":"platform"}},{"type":"Feature","geometry":{"type":"Point","coordinates":[-100.104205,25.694436]},"properties":{"kind":"parada","name":"","fuente":"osm","osm_id":"node/13939561074","highway":"bus_stop","public_transport":"platform"}},{"type":"Feature","geometry":{"type":"Point","coordinates":[-100.105224,25.696677]},"properties":{"kind":"parada","name":"","fuente":"osm","osm_id":"node/13939561075","highway":"bus_stop","public_transport":"platform"}},{"type":"Feature","geometry":{"type":"Point","coordinates":[-100.108027,25.697788]},"properties":{"kind":"parada","name":"","fuente":"osm","osm_id":"node/13939561076","highway":"bus_stop","public_transport":"platform"}},{"type":"Feature","geometry":{"type":"Point","coordinates":[-100.110245,25.697599]},"properties":{"kind":"parada","name":"","fuente":"osm","osm_id":"node/13939561077","highway":"bus_stop","public_transport":"platform"}},{"type":"Feature","geometry":{"type":"Point","coordinates":[-100.1126,25.698389]},"properties":{"kind":"parada","name":"","fuente":"osm","osm_id":"node/13939561078","highway":"bus_stop","public_transport":"platform"}},{"type":"Feature","geometry":{"type":"Point","coordinates":[-100.11782,25.699117]},"properties":{"kind":"parada","name":"","fuente":"osm","osm_id":"node/13939561079","highway":"bus_stop","public_transport":"platform"}},{"type":"Feature","geometry":{"type":"Point","coordinates":[-100.107686,25.695222]},"properties":{"kind":"parada","name":"","fuente":"osm","osm_id":"node/13939561080","highway":"bus_stop","public_transport":"platform"}},{"type":"Feature","geometry":{"type":"Point","coordinates":[-100.111128,25.694385]},"properties":{"kind":"parada","name":"","fuente":"osm","osm_id":"node/13939561081","highway":"bus_stop","public_transport":"platform"}},{"type":"Feature","geometry":{"type":"Point","coordinates":[-100.110354,25.694326]},"properties":{"kind":"parada","name":"","fuente":"osm","osm_id":"node/13939561082","highway":"bus_stop","public_transport":"platform"}},{"type":"Feature","geometry":{"type":"Point","coordinates":[-100.111051,25.694194]},"properties":{"kind":"parada","name":"","fuente":"osm","osm_id":"node/13939561083","highway":"bus_stop","public_transport":"platform"}},{"type":"Feature","geometry":{"type":"Point","coordinates":[-100.109907,25.693057]},"properties":{"kind":"parada","name":"","fuente":"osm","osm_id":"node/13939561084","highway":"bus_stop","public_transport":"platform"}},{"type":"Feature","geometry":{"type":"Point","coordinates":[-100.110072,25.690977]},"properties":{"kind":"parada","name":"","fuente":"osm","osm_id":"node/13939561085","highway":"bus_stop","public_transport":"platform"}},{"type":"Feature","geometry":{"type":"Point","coordinates":[-100.106877,25.69083]},"properties":{"kind":"parada","name":"","fuente":"osm","osm_id":"node/13939561086","highway":"bus_stop","public_transport":"platform"}},{"type":"Feature","geometry":{"type":"Point","coordinates":[-100.135776,25.713026]},"properties":{"kind":"parada","name":"","fuente":"osm","osm_id":"node/13939618047","highway":"bus_stop","public_transport":"platform"}},{"type":"Feature","geometry":{"type":"Point","coordinates":[-100.130195,25.700371]},"properties":{"kind":"parada","name":"","fuente":"osm","osm_id":"node/13939647855","highway":"bus_stop","public_transport":"platform"}},{"type":"Feature","geometry":{"type":"Point","coordinates":[-100.130242,25.700511]},"properties":{"kind":"parada","name":"","fuente":"osm","osm_id":"node/13939647856","highway":"bus_stop","public_transport":"platform"}},{"type":"Feature","geometry":{"type":"Point","coordinates":[-100.117325,25.698521]},"properties":{"kind":"parada","name":"","fuente":"osm","osm_id":"node/13939647857","highway":"bus_stop","public_transport":"platform"}},{"type":"Feature","geometry":{"type":"Point","coordinates":[-100.115844,25.689654]},"properties":{"kind":"parada","name":"","fuente":"osm","osm_id":"node/13939647858","highway":"bus_stop","public_transport":"platform"}},{"type":"Feature","geometry":{"type":"Point","coordinates":[-100.11746,25.687655]},"properties":{"kind":"parada","name":"","fuente":"osm","osm_id":"node/13939647859","highway":"bus_stop","public_transport":"platform"}},{"type":"Feature","geometry":{"type":"Point","coordinates":[-100.115582,25.688894]},"properties":{"kind":"parada","name":"","fuente":"osm","osm_id":"node/13939647860","highway":"bus_stop","public_transport":"platform"}},{"type":"Feature","geometry":{"type":"Point","coordinates":[-100.114014,25.688722]},"properties":{"kind":"parada","name":"","fuente":"osm","osm_id":"node/13939647861","highway":"bus_stop","public_transport":"platform"}},{"type":"Feature","geometry":{"type":"Point","coordinates":[-100.111481,25.688452]},"properties":{"kind":"parada","name":"","fuente":"osm","osm_id":"node/13939647862","highway":"bus_stop","public_transport":"platform"}},{"type":"Feature","geometry":{"type":"Point","coordinates":[-100.110715,25.688284]},"properties":{"kind":"parada","name":"","fuente":"osm","osm_id":"node/13939647863","highway":"bus_stop","public_transport":"platform"}},{"type":"Feature","geometry":{"type":"Point","coordinates":[-100.099526,25.68923]},"properties":{"kind":"parada","name":"","fuente":"osm","osm_id":"node/13939647864","highway":"bus_stop","public_transport":"platform"}},{"type":"Feature","geometry":{"type":"Point","coordinates":[-100.091801,25.682529]},"properties":{"kind":"parada","name":"","fuente":"osm","osm_id":"node/13939647865","highway":"bus_stop","public_transport":"platform"}},{"type":"Feature","geometry":{"type":"Point","coordinates":[-100.091722,25.680262]},"properties":{"kind":"parada","name":"","fuente":"osm","osm_id":"node/13939647866","highway":"bus_stop","public_transport":"platform"}},{"type":"Feature","geometry":{"type":"Point","coordinates":[-100.091859,25.680291]},"properties":{"kind":"parada","name":"","fuente":"osm","osm_id":"node/13939647867","highway":"bus_stop","public_transport":"platform"}},{"type":"Feature","geometry":{"type":"Point","coordinates":[-100.212928,25.689615]},"properties":{"kind":"parada","name":"","fuente":"osm","osm_id":"node/1402788330","highway":"bus_stop","public_transport":"platform"}},{"type":"Feature","geometry":{"type":"Point","coordinates":[-100.240861,25.693414]},"properties":{"kind":"parada","name":"","fuente":"osm","osm_id":"node/1402821228","highway":"bus_stop","public_transport":"platform"}},{"type":"Feature","geometry":{"type":"Point","coordinates":[-100.334279,25.651461]},"properties":{"kind":"parada","name":"","fuente":"osm","osm_id":"node/1516721546","highway":"bus_stop","public_transport":"platform"}},{"type":"Feature","geometry":{"type":"Point","coordinates":[-100.38479,25.655186]},"properties":{"kind":"parada","name":"","fuente":"osm","osm_id":"node/1527799355","highway":"bus_stop"}},{"type":"Feature","geometry":{"type":"Point","coordinates":[-100.318012,25.64155]},"properties":{"kind":"parada","name":"","fuente":"osm","osm_id":"node/1546318249","highway":"bus_stop","public_transport":"platform"}},{"type":"Feature","geometry":{"type":"Point","coordinates":[-100.265198,25.60079]},"properties":{"kind":"parada","name":"","fuente":"osm","osm_id":"node/1729694397","highway":"bus_stop","public_transport":"platform"}},{"type":"Feature","geometry":{"type":"Point","coordinates":[-100.269584,25.608584]},"properties":{"kind":"parada","name":"","fuente":"osm","osm_id":"node/1729704027","highway":"bus_stop","public_transport":"platform"}},{"type":"Feature","geometry":{"type":"Point","coordinates":[-100.22156,25.723934]},"properties":{"kind":"parada","name":"","fuente":"osm","osm_id":"node/1741835778","highway":"bus_stop","public_transport":"platform"}},{"type":"Feature","geometry":{"type":"Point","coordinates":[-100.309863,25.650593]},"properties":{"kind":"parada","name":"","fuente":"osm","osm_id":"node/1772057382","highway":"bus_stop","public_transport":"platform"}},{"type":"Feature","geometry":{"type":"Point","coordinates":[-100.163571,25.705974]},"properties":{"kind":"parada","name":"","fuente":"osm","osm_id":"node/1798882005","highway":"bus_stop","public_transport":"platform"}},{"type":"Feature","geometry":{"type":"Point","coordinates":[-100.39837,25.660683]},"properties":{"kind":"parada","name":"","fuente":"osm","osm_id":"node/1826060590","highway":"bus_stop","public_transport":"platform"}},{"type":"Feature","geometry":{"type":"Point","coordinates":[-100.278031,25.682893]},"properties":{"kind":"parada","name":"Y Griega","fuente":"osm","osm_id":"node/1829074623","highway":"bus_stop","public_transport":"platform"}},{"type":"Feature","geometry":{"type":"Point","coordinates":[-100.30961,25.731012]},"properties":{"kind":"parada","name":"","fuente":"osm","osm_id":"node/1830207619","highway":"bus_stop","public_transport":"platform"}},{"type":"Feature","geometry":{"type":"Point","coordinates":[-100.309574,25.730312]},"properties":{"kind":"parada","name":"","fuente":"osm","osm_id":"node/1830207751","highway":"bus_stop","public_transport":"platform"}},{"type":"Feature","geometry":{"type":"Point","coordinates":[-100.418788,25.66569]},"properties":{"kind":"parada","name":"","fuente":"osm","osm_id":"node/1849023735","highway":"bus_stop","public_transport":"platform"}},{"type":"Feature","geometry":{"type":"Point","coordinates":[-100.416614,25.665699]},"properties":{"kind":"parada","name":"","fuente":"osm","osm_id":"node/1849023736","highway":"bus_stop","public_transport":"platform"}},{"type":"Feature","geometry":{"type":"Point","coordinates":[-100.412916,25.665934]},"properties":{"kind":"parada","name":"","fuente":"osm","osm_id":"node/1849023738","highway":"bus_stop","public_transport":"platform"}},{"type":"Feature","geometry":{"type":"Point","coordinates":[-100.2728,25.770436]},"properties":{"kind":"parada","name":"","fuente":"osm","osm_id":"node/1931258945","highway":"bus_stop"}},{"type":"Feature","geometry":{"type":"Point","coordinates":[-100.272,25.732789]},"properties":{"kind":"parada","name":"","fuente":"osm","osm_id":"node/1934350452","highway":"bus_stop","public_transport":"platform"}},{"type":"Feature","geometry":{"type":"Point","coordinates":[-100.11829,25.777643]},"properties":{"kind":"parada","name":"","fuente":"osm","osm_id":"node/1955906447","highway":"bus_stop","public_transport":"platform"}},{"type":"Feature","geometry":{"type":"Point","coordinates":[-100.316967,25.690039]},"properties":{"kind":"parada","name":"","fuente":"osm","osm_id":"node/2276211410","highway":"bus_stop","public_transport":"platform"}},{"type":"Feature","geometry":{"type":"Point","coordinates":[-100.337949,25.639996]},"properties":{"kind":"parada","name":"","fuente":"osm","osm_id":"node/2313663669","public_transport":"stop_position"}},{"type":"Feature","geometry":{"type":"Point","coordinates":[-100.309942,25.701065]},"properties":{"kind":"parada","name":"","fuente":"osm","osm_id":"node/2313663770","public_transport":"stop_position"}},{"type":"Feature","geometry":{"type":"Point","coordinates":[-100.260312,25.663095]},"properties":{"kind":"parada","name":"","fuente":"osm","osm_id":"node/2699547307","highway":"bus_stop","public_transport":"platform"}},{"type":"Feature","geometry":{"type":"Point","coordinates":[-100.260896,25.662904]},"properties":{"kind":"parada","name":"","fuente":"osm","osm_id":"node/2699547309","highway":"bus_stop","public_transport":"platform"}},{"type":"Feature","geometry":{"type":"Point","coordinates":[-100.265614,25.665043]},"properties":{"kind":"parada","name":"","fuente":"osm","osm_id":"node/2699547311","highway":"bus_stop","public_transport":"platform"}},{"type":"Feature","geometry":{"type":"Point","coordinates":[-100.266097,25.664986]},"properties":{"kind":"parada","name":"","fuente":"osm","osm_id":"node/2699547313","highway":"bus_stop","public_transport":"platform"}},{"type":"Feature","geometry":{"type":"Point","coordinates":[-100.267707,25.665783]},"properties":{"kind":"parada","name":"","fuente":"osm","osm_id":"node/2699547315","highway":"bus_stop","public_transport":"platform"}},{"type":"Feature","geometry":{"type":"Point","coordinates":[-100.268471,25.666316]},"properties":{"kind":"parada","name":"","fuente":"osm","osm_id":"node/2699547316","highway":"bus_stop","public_transport":"platform"}},{"type":"Feature","geometry":{"type":"Point","coordinates":[-100.271176,25.666345]},"properties":{"kind":"parada","name":"","fuente":"osm","osm_id":"node/2699547318","highway":"bus_stop","public_transport":"platform"}},{"type":"Feature","geometry":{"type":"Point","coordinates":[-100.280673,25.666596]},"properties":{"kind":"parada","name":"","fuente":"osm","osm_id":"node/2699547320","highway":"bus_stop","public_transport":"platform"}},{"type":"Feature","geometry":{"type":"Point","coordinates":[-100.281837,25.666957]},"properties":{"kind":"parada","name":"","fuente":"osm","osm_id":"node/2699547322","highway":"bus_stop","public_transport":"platform"}},{"type":"Feature","geometry":{"type":"Point","coordinates":[-100.284175,25.667457]},"properties":{"kind":"parada","name":"","fuente":"osm","osm_id":"node/2699547324","highway":"bus_stop","public_transport":"platform"}},{"type":"Feature","geometry":{"type":"Point","coordinates":[-100.283799,25.666992]},"properties":{"kind":"parada","name":"","fuente":"osm","osm_id":"node/2699547326","highway":"bus_stop","public_transport":"platform"}},{"type":"Feature","geometry":{"type":"Point","coordinates":[-100.284544,25.667493]},"properties":{"kind":"parada","name":"","fuente":"osm","osm_id":"node/2699547328","highway":"bus_stop","public_transport":"platform"}},{"type":"Feature","geometry":{"type":"Point","coordinates":[-100.29039,25.677951]},"properties":{"kind":"parada","name":"","fuente":"osm","osm_id":"node/2699547329","highway":"bus_stop"}},{"type":"Feature","geometry":{"type":"Point","coordinates":[-100.420073,25.673898]},"properties":{"kind":"parada","name":"Diaz Ordaz y 20 Noviembre","fuente":"osm","osm_id":"node/3473129897","highway":"bus_stop","public_transport":"platform"}},{"type":"Feature","geometry":{"type":"Point","coordinates":[-100.495138,25.695734]},"properties":{"kind":"parada","name":"Ruta 118","fuente":"osm","osm_id":"node/3486456752","highway":"bus_stop","public_transport":"platform"}},{"type":"Feature","geometry":{"type":"Point","coordinates":[-100.424258,25.674314]},"properties":{"kind":"parada","name":"","fuente":"osm","osm_id":"node/3587756707","highway":"bus_stop","public_transport":"platform"}},{"type":"Feature","geometry":{"type":"Point","coordinates":[-100.419412,25.674839]},"properties":{"kind":"parada","name":"","fuente":"osm","osm_id":"node/3587757968","highway":"bus_stop","public_transport":"platform"}},{"type":"Feature","geometry":{"type":"Point","coordinates":[-100.097127,25.701615]},"properties":{"kind":"parada","name":"","fuente":"osm","osm_id":"node/3755281419","highway":"bus_stop"}},{"type":"Feature","geometry":{"type":"Point","coordinates":[-100.09768,25.7017]},"properties":{"kind":"parada","name":"","fuente":"osm","osm_id":"node/3832121621","highway":"bus_stop"}},{"type":"Feature","geometry":{"type":"Point","coordinates":[-100.190324,25.785055]},"properties":{"kind":"parada","name":"","fuente":"osm","osm_id":"node/3864116881","highway":"bus_stop"}},{"type":"Feature","geometry":{"type":"Point","coordinates":[-100.097937,25.700711]},"properties":{"kind":"parada","name":"","fuente":"osm","osm_id":"node/3864244567","highway":"bus_stop"}},{"type":"Feature","geometry":{"type":"Point","coordinates":[-100.256056,25.728041]},"properties":{"kind":"parada","name":"","fuente":"osm","osm_id":"node/4162081167","highway":"bus_stop","public_transport":"platform"}},{"type":"Feature","geometry":{"type":"Point","coordinates":[-100.255666,25.727788]},"properties":{"kind":"parada","name":"","fuente":"osm","osm_id":"node/4162081168","highway":"bus_stop","public_transport":"platform"}},{"type":"Feature","geometry":{"type":"Point","coordinates":[-100.254397,25.728662]},"properties":{"kind":"parada","name":"","fuente":"osm","osm_id":"node/4162081169","highway":"bus_stop","public_transport":"platform"}},{"type":"Feature","geometry":{"type":"Point","coordinates":[-100.253548,25.727803]},"properties":{"kind":"parada","name":"","fuente":"osm","osm_id":"node/4162081170","highway":"bus_stop","public_transport":"platform"}},{"type":"Feature","geometry":{"type":"Point","coordinates":[-100.253454,25.728067]},"properties":{"kind":"parada","name":"","fuente":"osm","osm_id":"node/4162081171","highway":"bus_stop","public_transport":"platform"}},{"type":"Feature","geometry":{"type":"Point","coordinates":[-100.252792,25.731839]},"properties":{"kind":"parada","name":"","fuente":"osm","osm_id":"node/4162081172","highway":"bus_stop","public_transport":"platform"}},{"type":"Feature","geometry":{"type":"Point","coordinates":[-100.247935,25.733194]},"properties":{"kind":"parada","name":"","fuente":"osm","osm_id":"node/4162081173","highway":"bus_stop","public_transport":"platform"}},{"type":"Feature","geometry":{"type":"Point","coordinates":[-100.247777,25.733567]},"properties":{"kind":"parada","name":"","fuente":"osm","osm_id":"node/4162081174","highway":"bus_stop","public_transport":"platform"}},{"type":"Feature","geometry":{"type":"Point","coordinates":[-100.243883,25.736012]},"properties":{"kind":"parada","name":"","fuente":"osm","osm_id":"node/4162081184","highway":"bus_stop"}},{"type":"Feature","geometry":{"type":"Point","coordinates":[-100.242811,25.737052]},"properties":{"kind":"parada","name":"","fuente":"osm","osm_id":"node/4162081800","highway":"bus_stop"}},{"type":"Feature","geometry":{"type":"Point","coordinates":[-100.241061,25.73796]},"properties":{"kind":"parada","name":"","fuente":"osm","osm_id":"node/4162081801","highway":"bus_stop"}},{"type":"Feature","geometry":{"type":"Point","coordinates":[-100.238711,25.742338]},"properties":{"kind":"parada","name":"","fuente":"osm","osm_id":"node/4162081802","highway":"bus_stop"}},{"type":"Feature","geometry":{"type":"Point","coordinates":[-100.241332,25.738253]},"properties":{"kind":"parada","name":"","fuente":"osm","osm_id":"node/4162081806","highway":"bus_stop"}},{"type":"Feature","geometry":{"type":"Point","coordinates":[-100.254493,25.729085]},"properties":{"kind":"parada","name":"","fuente":"osm","osm_id":"node/4162081807","highway":"bus_stop","public_transport":"platform"}},{"type":"Feature","geometry":{"type":"Point","coordinates":[-100.257841,25.726281]},"properties":{"kind":"parada","name":"","fuente":"osm","osm_id":"node/4162081808","highway":"bus_stop","public_transport":"platform"}},{"type":"Feature","geometry":{"type":"Point","coordinates":[-100.252708,25.725491]},"properties":{"kind":"parada","name":"","fuente":"osm","osm_id":"node/4162252516","highway":"bus_stop","public_transport":"platform"}},{"type":"Feature","geometry":{"type":"Point","coordinates":[-100.25109,25.71918]},"properties":{"kind":"parada","name":"","fuente":"osm","osm_id":"node/4162252517","highway":"bus_stop","public_transport":"platform"}},{"type":"Feature","geometry":{"type":"Point","coordinates":[-100.25004,25.716329]},"properties":{"kind":"parada","name":"","fuente":"osm","osm_id":"node/4162252518","highway":"bus_stop","public_transport":"platform"}},{"type":"Feature","geometry":{"type":"Point","coordinates":[-100.250394,25.71666]},"properties":{"kind":"parada","name":"","fuente":"osm","osm_id":"node/4162252519","highway":"bus_stop","public_transport":"platform"}},{"type":"Feature","geometry":{"type":"Point","coordinates":[-100.250533,25.71574]},"properties":{"kind":"parada","name":"","fuente":"osm","osm_id":"node/4162252520","highway":"bus_stop","public_transport":"platform"}},{"type":"Feature","geometry":{"type":"Point","coordinates":[-100.24747,25.717055]},"properties":{"kind":"parada","name":"","fuente":"osm","osm_id":"node/4162252521","highway":"bus_stop","public_transport":"platform"}},{"type":"Feature","geometry":{"type":"Point","coordinates":[-100.246168,25.717547]},"properties":{"kind":"parada","name":"","fuente":"osm","osm_id":"node/4162252522","highway":"bus_stop","public_transport":"platform"}},{"type":"Feature","geometry":{"type":"Point","coordinates":[-100.24348,25.71888]},"properties":{"kind":"parada","name":"","fuente":"osm","osm_id":"node/4162252523","highway":"bus_stop","public_transport":"platform"}},{"type":"Feature","geometry":{"type":"Point","coordinates":[-100.243077,25.718656]},"properties":{"kind":"parada","name":"","fuente":"osm","osm_id":"node/4162252526","highway":"bus_stop","public_transport":"platform"}},{"type":"Feature","geometry":{"type":"Point","coordinates":[-100.239409,25.719135]},"properties":{"kind":"parada","name":"","fuente":"osm","osm_id":"node/4162252527","highway":"bus_stop","public_transport":"platform"}},{"type":"Feature","geometry":{"type":"Point","coordinates":[-100.239178,25.719563]},"properties":{"kind":"parada","name":"","fuente":"osm","osm_id":"node/4162252528","highway":"bus_stop","public_transport":"platform"}},{"type":"Feature","geometry":{"type":"Point","coordinates":[-100.236731,25.719168]},"properties":{"kind":"parada","name":"","fuente":"osm","osm_id":"node/4162252529","highway":"bus_stop","public_transport":"platform"}},{"type":"Feature","geometry":{"type":"Point","coordinates":[-100.236913,25.719578]},"properties":{"kind":"parada","name":"","fuente":"osm","osm_id":"node/4162252530","highway":"bus_stop","public_transport":"platform"}},{"type":"Feature","geometry":{"type":"Point","coordinates":[-100.235659,25.719628]},"properties":{"kind":"parada","name":"","fuente":"osm","osm_id":"node/4162252534","highway":"bus_stop","public_transport":"platform"}},{"type":"Feature","geometry":{"type":"Point","coordinates":[-100.223349,25.723923]},"properties":{"kind":"parada","name":"","fuente":"osm","osm_id":"node/4162252535","highway":"bus_stop","public_transport":"platform"}},{"type":"Feature","geometry":{"type":"Point","coordinates":[-100.222283,25.724133]},"properties":{"kind":"parada","name":"","fuente":"osm","osm_id":"node/4162252536","highway":"bus_stop","public_transport":"platform"}},{"type":"Feature","geometry":{"type":"Point","coordinates":[-100.217684,25.724745]},"properties":{"kind":"parada","name":"","fuente":"osm","osm_id":"node/4162252537","highway":"bus_stop","public_transport":"platform"}},{"type":"Feature","geometry":{"type":"Point","coordinates":[-100.217074,25.724797]},"properties":{"kind":"parada","name":"","fuente":"osm","osm_id":"node/4162252538","highway":"bus_stop","public_transport":"platform"}},{"type":"Feature","geometry":{"type":"Point","coordinates":[-100.41685,25.680514]},"properties":{"kind":"parada","name":"","fuente":"osm","osm_id":"node/4640576478","highway":"bus_stop","public_transport":"platform"}},{"type":"Feature","geometry":{"type":"Point","coordinates":[-100.331142,25.681762]},"properties":{"kind":"parada","name":"","fuente":"osm","osm_id":"node/4640587299","highway":"bus_stop","public_transport":"platform"}},{"type":"Feature","geometry":{"type":"Point","coordinates":[-100.331134,25.681863]},"properties":{"kind":"parada","name":"","fuente":"osm","osm_id":"node/4640587300","highway":"bus_stop","public_transport":"platform"}},{"type":"Feature","geometry":{"type":"Point","coordinates":[-100.385794,25.853475]},"properties":{"kind":"parada","name":"","fuente":"osm","osm_id":"node/4721137089","highway":"bus_stop","public_transport":"platform"}},{"type":"Feature","geometry":{"type":"Point","coordinates":[-100.121208,25.780707]},"properties":{"kind":"parada","name":"","fuente":"osm","osm_id":"node/5253003568","highway":"bus_stop","public_transport":"platform"}},{"type":"Feature","geometry":{"type":"Point","coordinates":[-100.405885,25.678302]},"properties":{"kind":"parada","name":"","fuente":"osm","osm_id":"node/5873637312","highway":"bus_stop","public_transport":"platform"}},{"type":"Feature","geometry":{"type":"Point","coordinates":[-100.407301,25.678081]},"properties":{"kind":"parada","name":"","fuente":"osm","osm_id":"node/5873923341","highway":"bus_stop","public_transport":"platform"}},{"type":"Feature","geometry":{"type":"Point","coordinates":[-100.382718,25.661168]},"properties":{"kind":"parada","name":"calzada-H Lobo UDEM B","fuente":"osm","osm_id":"node/5973597125","highway":"bus_stop","public_transport":"platform"}},{"type":"Feature","geometry":{"type":"Point","coordinates":[-100.078184,25.792751]},"properties":{"kind":"parada","name":"","fuente":"osm","osm_id":"node/6109204377","highway":"bus_stop","public_transport":"platform"}},{"type":"Feature","geometry":{"type":"Point","coordinates":[-100.268577,25.694721]},"properties":{"kind":"parada","name":"","fuente":"osm","osm_id":"node/6110510022","highway":"bus_stop","public_transport":"platform"}},{"type":"Feature","geometry":{"type":"Point","coordinates":[-100.101625,25.689933]},"properties":{"kind":"parada","name":"","fuente":"osm","osm_id":"node/6263065975","highway":"bus_stop","public_transport":"platform"}},{"type":"Feature","geometry":{"type":"Point","coordinates":[-100.09647,25.688076]},"properties":{"kind":"parada","name":"","fuente":"osm","osm_id":"node/6263065977","highway":"bus_stop","public_transport":"platform"}},{"type":"Feature","geometry":{"type":"Point","coordinates":[-100.094626,25.687584]},"properties":{"kind":"parada","name":"","fuente":"osm","osm_id":"node/6263065978","highway":"bus_stop","public_transport":"platform"}},{"type":"Feature","geometry":{"type":"Point","coordinates":[-100.106704,25.689787]},"properties":{"kind":"parada","name":"","fuente":"osm","osm_id":"node/6263544322","highway":"bus_stop","public_transport":"platform"}},{"type":"Feature","geometry":{"type":"Point","coordinates":[-100.107972,25.689805]},"properties":{"kind":"parada","name":"","fuente":"osm","osm_id":"node/6263544323","highway":"bus_stop","public_transport":"platform"}},{"type":"Feature","geometry":{"type":"Point","coordinates":[-100.108576,25.689176]},"properties":{"kind":"parada","name":"","fuente":"osm","osm_id":"node/6263544324","highway":"bus_stop","public_transport":"platform"}},{"type":"Feature","geometry":{"type":"Point","coordinates":[-100.111229,25.688212]},"properties":{"kind":"parada","name":"","fuente":"osm","osm_id":"node/6263544325","highway":"bus_stop","public_transport":"platform"}},{"type":"Feature","geometry":{"type":"Point","coordinates":[-100.110736,25.689195]},"properties":{"kind":"parada","name":"","fuente":"osm","osm_id":"node/6263544326","highway":"bus_stop","public_transport":"platform"}},{"type":"Feature","geometry":{"type":"Point","coordinates":[-100.115642,25.689151]},"properties":{"kind":"parada","name":"","fuente":"osm","osm_id":"node/6263544336","highway":"bus_stop","public_transport":"platform"}},{"type":"Feature","geometry":{"type":"Point","coordinates":[-100.116467,25.690921]},"properties":{"kind":"parada","name":"","fuente":"osm","osm_id":"node/6263544337","highway":"bus_stop","public_transport":"platform"}},{"type":"Feature","geometry":{"type":"Point","coordinates":[-100.116646,25.692532]},"properties":{"kind":"parada","name":"","fuente":"osm","osm_id":"node/6263544338","highway":"bus_stop","public_transport":"platform"}},{"type":"Feature","geometry":{"type":"Point","coordinates":[-100.139846,25.722244]},"properties":{"kind":"parada","name":"","fuente":"osm","osm_id":"node/6267167969","highway":"bus_stop","public_transport":"platform"}},{"type":"Feature","geometry":{"type":"Point","coordinates":[-100.139538,25.722367]},"properties":{"kind":"parada","name":"","fuente":"osm","osm_id":"node/6267167970","highway":"bus_stop","public_transport":"platform"}},{"type":"Feature","geometry":{"type":"Point","coordinates":[-100.142001,25.724395]},"properties":{"kind":"parada","name":"Campestre Huinala","fuente":"osm","osm_id":"node/6267167971","highway":"bus_stop","public_transport":"platform"}},{"type":"Feature","geometry":{"type":"Point","coordinates":[-100.141894,25.724684]},"properties":{"kind":"parada","name":"","fuente":"osm","osm_id":"node/6267167972","highway":"bus_stop","public_transport":"platform"}},{"type":"Feature","geometry":{"type":"Point","coordinates":[-100.130969,25.701651]},"properties":{"kind":"parada","name":"","fuente":"osm","osm_id":"node/6267211029","highway":"bus_stop","public_transport":"platform"}},{"type":"Feature","geometry":{"type":"Point","coordinates":[-100.135095,25.710537]},"properties":{"kind":"parada","name":"","fuente":"osm","osm_id":"node/6267211037","highway":"bus_stop","public_transport":"platform"}},{"type":"Feature","geometry":{"type":"Point","coordinates":[-100.13592,25.713226]},"properties":{"kind":"parada","name":"","fuente":"osm","osm_id":"node/6267211041","highway":"bus_stop","public_transport":"platform"}},{"type":"Feature","geometry":{"type":"Point","coordinates":[-100.136119,25.71321]},"properties":{"kind":"parada","name":"","fuente":"osm","osm_id":"node/6267211042","highway":"bus_stop","public_transport":"platform"}},{"type":"Feature","geometry":{"type":"Point","coordinates":[-100.144237,25.726962]},"properties":{"kind":"parada","name":"","fuente":"osm","osm_id":"node/6267211043","highway":"bus_stop","public_transport":"platform"}},{"type":"Feature","geometry":{"type":"Point","coordinates":[-100.14454,25.72689]},"properties":{"kind":"parada","name":"","fuente":"osm","osm_id":"node/6267211044","highway":"bus_stop","public_transport":"platform"}},{"type":"Feature","geometry":{"type":"Point","coordinates":[-100.146934,25.729677]},"properties":{"kind":"parada","name":"","fuente":"osm","osm_id":"node/6267211045","highway":"bus_stop","public_transport":"platform"}},{"type":"Feature","geometry":{"type":"Point","coordinates":[-100.14671,25.729049]},"properties":{"kind":"parada","name":"","fuente":"osm","osm_id":"node/6267211046","highway":"bus_stop","public_transport":"platform"}},{"type":"Feature","geometry":{"type":"Point","coordinates":[-100.155282,25.737486]},"properties":{"kind":"parada","name":"","fuente":"osm","osm_id":"node/6267211047","highway":"bus_stop","public_transport":"platform"}},{"type":"Feature","geometry":{"type":"Point","coordinates":[-100.155484,25.738176]},"properties":{"kind":"parada","name":"","fuente":"osm","osm_id":"node/6267211048","highway":"bus_stop","public_transport":"platform"}},{"type":"Feature","geometry":{"type":"Point","coordinates":[-100.159343,25.741885]},"properties":{"kind":"parada","name":"","fuente":"osm","osm_id":"node/6267211049","highway":"bus_stop","public_transport":"platform"}},{"type":"Feature","geometry":{"type":"Point","coordinates":[-100.159575,25.741621]},"properties":{"kind":"parada","name":"","fuente":"osm","osm_id":"node/6267211050","highway":"bus_stop","public_transport":"platform"}},{"type":"Feature","geometry":{"type":"Point","coordinates":[-100.169778,25.754462]},"properties":{"kind":"parada","name":"","fuente":"osm","osm_id":"node/6267211053","highway":"bus_stop","public_transport":"platform"}},{"type":"Feature","geometry":{"type":"Point","coordinates":[-100.17033,25.754638]},"properties":{"kind":"parada","name":"","fuente":"osm","osm_id":"node/6267211054","highway":"bus_stop","public_transport":"platform"}},{"type":"Feature","geometry":{"type":"Point","coordinates":[-100.171723,25.758392]},"properties":{"kind":"parada","name":"","fuente":"osm","osm_id":"node/6267211055","highway":"bus_stop","public_transport":"platform"}},{"type":"Feature","geometry":{"type":"Point","coordinates":[-100.172115,25.75829]},"properties":{"kind":"parada","name":"","fuente":"osm","osm_id":"node/6267211056","highway":"bus_stop","public_transport":"platform"}},{"type":"Feature","geometry":{"type":"Point","coordinates":[-100.172324,25.759525]},"properties":{"kind":"parada","name":"","fuente":"osm","osm_id":"node/6267211057","highway":"bus_stop","public_transport":"platform"}},{"type":"Feature","geometry":{"type":"Point","coordinates":[-100.172917,25.759898]},"properties":{"kind":"parada","name":"","fuente":"osm","osm_id":"node/6267211058","highway":"bus_stop","public_transport":"platform"}},{"type":"Feature","geometry":{"type":"Point","coordinates":[-100.173424,25.762334]},"properties":{"kind":"parada","name":"","fuente":"osm","osm_id":"node/6267211059","highway":"bus_stop","public_transport":"platform"}},{"type":"Feature","geometry":{"type":"Point","coordinates":[-100.173761,25.762355]},"properties":{"kind":"parada","name":"","fuente":"osm","osm_id":"node/6267211060","highway":"bus_stop","public_transport":"platform"}},{"type":"Feature","geometry":{"type":"Point","coordinates":[-100.17407,25.763727]},"properties":{"kind":"parada","name":"","fuente":"osm","osm_id":"node/6267211061","highway":"bus_stop","public_transport":"platform"}},{"type":"Feature","geometry":{"type":"Point","coordinates":[-100.174571,25.766924]},"properties":{"kind":"parada","name":"","fuente":"osm","osm_id":"node/6267211062","highway":"bus_stop","public_transport":"platform"}},{"type":"Feature","geometry":{"type":"Point","coordinates":[-100.18338,25.776603]},"properties":{"kind":"parada","name":"","fuente":"osm","osm_id":"node/6267211063","highway":"bus_stop","public_transport":"platform"}},{"type":"Feature","geometry":{"type":"Point","coordinates":[-100.183522,25.776588]},"properties":{"kind":"parada","name":"","fuente":"osm","osm_id":"node/6267211064","highway":"bus_stop","public_transport":"platform"}},{"type":"Feature","geometry":{"type":"Point","coordinates":[-100.184997,25.776675]},"properties":{"kind":"parada","name":"","fuente":"osm","osm_id":"node/6267211065","highway":"bus_stop","public_transport":"platform"}},{"type":"Feature","geometry":{"type":"Point","coordinates":[-100.185263,25.776463]},"properties":{"kind":"parada","name":"","fuente":"osm","osm_id":"node/6267211066","highway":"bus_stop","public_transport":"platform"}},{"type":"Feature","geometry":{"type":"Point","coordinates":[-100.185496,25.776207]},"properties":{"kind":"parada","name":"","fuente":"osm","osm_id":"node/6267211067","highway":"bus_stop","public_transport":"platform"}},{"type":"Feature","geometry":{"type":"Point","coordinates":[-100.185386,25.775427]},"properties":{"kind":"parada","name":"","fuente":"osm","osm_id":"node/6267211068","highway":"bus_stop","public_transport":"platform"}},{"type":"Feature","geometry":{"type":"Point","coordinates":[-100.185874,25.775668]},"properties":{"kind":"parada","name":"","fuente":"osm","osm_id":"node/6267211069","highway":"bus_stop","public_transport":"platform"}},{"type":"Feature","geometry":{"type":"Point","coordinates":[-100.186059,25.775434]},"properties":{"kind":"parada","name":"","fuente":"osm","osm_id":"node/6267211070","highway":"bus_stop","public_transport":"platform"}},{"type":"Feature","geometry":{"type":"Point","coordinates":[-100.186322,25.775134]},"properties":{"kind":"parada","name":"","fuente":"osm","osm_id":"node/6267211071","highway":"bus_stop","public_transport":"platform"}},{"type":"Feature","geometry":{"type":"Point","coordinates":[-100.187454,25.775827]},"properties":{"kind":"parada","name":"","fuente":"osm","osm_id":"node/6267211072","highway":"bus_stop","public_transport":"platform"}},{"type":"Feature","geometry":{"type":"Point","coordinates":[-100.187218,25.77598]},"properties":{"kind":"parada","name":"","fuente":"osm","osm_id":"node/6267211073","highway":"bus_stop","public_transport":"platform"}},{"type":"Feature","geometry":{"type":"Point","coordinates":[-100.187108,25.776069]},"properties":{"kind":"parada","name":"","fuente":"osm","osm_id":"node/6267211074","highway":"bus_stop","public_transport":"platform"}},{"type":"Feature","geometry":{"type":"Point","coordinates":[-100.186867,25.776228]},"properties":{"kind":"parada","name":"","fuente":"osm","osm_id":"node/6267211075","highway":"bus_stop","public_transport":"platform"}},{"type":"Feature","geometry":{"type":"Point","coordinates":[-100.185507,25.777267]},"properties":{"kind":"parada","name":"","fuente":"osm","osm_id":"node/6267211076","highway":"bus_stop","public_transport":"platform"}},{"type":"Feature","geometry":{"type":"Point","coordinates":[-100.185324,25.777277]},"properties":{"kind":"parada","name":"","fuente":"osm","osm_id":"node/6267211077","highway":"bus_stop","public_transport":"platform"}},{"type":"Feature","geometry":{"type":"Point","coordinates":[-100.18695,25.778018]},"properties":{"kind":"parada","name":"","fuente":"osm","osm_id":"node/6267211078","highway":"bus_stop","public_transport":"platform"}},{"type":"Feature","geometry":{"type":"Point","coordinates":[-100.186245,25.778434]},"properties":{"kind":"parada","name":"","fuente":"osm","osm_id":"node/6267211079","highway":"bus_stop","public_transport":"platform"}},{"type":"Feature","geometry":{"type":"Point","coordinates":[-100.322239,25.676888]},"properties":{"kind":"parada","name":"","fuente":"osm","osm_id":"node/6285382486","highway":"bus_stop","public_transport":"platform"}},{"type":"Feature","geometry":{"type":"Point","coordinates":[-100.198628,25.723594]},"properties":{"kind":"parada","name":"P","fuente":"osm","osm_id":"node/6285410486","highway":"bus_stop","public_transport":"platform"}},{"type":"Feature","geometry":{"type":"Point","coordinates":[-100.31787,25.68664]},"properties":{"kind":"parada","name":"","fuente":"osm","osm_id":"node/6285410487","highway":"bus_stop","public_transport":"platform"}},{"type":"Feature","geometry":{"type":"Point","coordinates":[-100.194202,25.72379]},"properties":{"kind":"parada","name":"","fuente":"osm","osm_id":"node/6285411485","highway":"bus_stop","public_transport":"platform"}},{"type":"Feature","geometry":{"type":"Point","coordinates":[-100.318104,25.676815]},"properties":{"kind":"parada","name":"","fuente":"osm","osm_id":"node/6285411585","highway":"bus_stop","public_transport":"platform"}},{"type":"Feature","geometry":{"type":"Point","coordinates":[-100.320662,25.67674]},"properties":{"kind":"parada","name":"","fuente":"osm","osm_id":"node/6285411685","highway":"bus_stop","public_transport":"platform"}},{"type":"Feature","geometry":{"type":"Point","coordinates":[-100.58123,25.787419]},"properties":{"kind":"parada","name":"","fuente":"osm","osm_id":"node/6770530572","highway":"bus_stop","public_transport":"platform"}},{"type":"Feature","geometry":{"type":"Point","coordinates":[-100.459994,25.694603]},"properties":{"kind":"parada","name":"","fuente":"osm","osm_id":"node/6770530577","highway":"bus_stop","public_transport":"platform"}},{"type":"Feature","geometry":{"type":"Point","coordinates":[-100.580292,25.785448]},"properties":{"kind":"parada","name":"","fuente":"osm","osm_id":"node/6773596546","highway":"bus_stop","public_transport":"platform"}},{"type":"Feature","geometry":{"type":"Point","coordinates":[-100.58014,25.785104]},"properties":{"kind":"parada","name":"","fuente":"osm","osm_id":"node/6773596547","highway":"bus_stop","public_transport":"platform"}},{"type":"Feature","geometry":{"type":"Point","coordinates":[-100.579998,25.784819]},"properties":{"kind":"parada","name":"","fuente":"osm","osm_id":"node/6773596548","highway":"bus_stop","public_transport":"platform"}},{"type":"Feature","geometry":{"type":"Point","coordinates":[-100.579849,25.784482]},"properties":{"kind":"parada","name":"","fuente":"osm","osm_id":"node/6773596549","highway":"bus_stop","public_transport":"platform"}},{"type":"Feature","geometry":{"type":"Point","coordinates":[-100.437501,25.667475]},"properties":{"kind":"parada","name":"","fuente":"osm","osm_id":"node/6893434335","highway":"bus_stop","public_transport":"platform"}},{"type":"Feature","geometry":{"type":"Point","coordinates":[-100.566178,25.80228]},"properties":{"kind":"parada","name":"","fuente":"osm","osm_id":"node/6988844395","highway":"bus_stop","public_transport":"platform"}},{"type":"Feature","geometry":{"type":"Point","coordinates":[-100.565973,25.802457]},"properties":{"kind":"parada","name":"","fuente":"osm","osm_id":"node/6988844396","highway":"bus_stop","public_transport":"platform"}},{"type":"Feature","geometry":{"type":"Point","coordinates":[-100.566114,25.801968]},"properties":{"kind":"parada","name":"","fuente":"osm","osm_id":"node/6988844397","highway":"bus_stop","public_transport":"platform"}},{"type":"Feature","geometry":{"type":"Point","coordinates":[-100.568277,25.79995]},"properties":{"kind":"parada","name":"","fuente":"osm","osm_id":"node/6988844398","highway":"bus_stop","public_transport":"platform"}},{"type":"Feature","geometry":{"type":"Point","coordinates":[-100.454714,25.690657]},"properties":{"kind":"parada","name":"","fuente":"osm","osm_id":"node/7070965397","highway":"bus_stop","public_transport":"platform"}},{"type":"Feature","geometry":{"type":"Point","coordinates":[-100.454656,25.690618]},"properties":{"kind":"parada","name":"","fuente":"osm","osm_id":"node/7070965398","highway":"bus_stop","public_transport":"platform"}},{"type":"Feature","geometry":{"type":"Point","coordinates":[-100.454601,25.690577]},"properties":{"kind":"parada","name":"","fuente":"osm","osm_id":"node/7070965399","highway":"bus_stop","public_transport":"platform"}},{"type":"Feature","geometry":{"type":"Point","coordinates":[-100.063475,25.787435]},"properties":{"kind":"parada","name":"","fuente":"osm","osm_id":"node/7295730569","highway":"bus_stop","public_transport":"platform"}},{"type":"Feature","geometry":{"type":"Point","coordinates":[-100.18733,25.657524]},"properties":{"kind":"parada","name":"Tarjeta Feria","fuente":"osm","osm_id":"node/7411733487","highway":"bus_stop","public_transport":"platform"}},{"type":"Feature","geometry":{"type":"Point","coordinates":[-100.10715,25.820912]},"properties":{"kind":"parada","name":"","fuente":"osm","osm_id":"node/7439921822","highway":"bus_stop","public_transport":"platform"}},{"type":"Feature","geometry":{"type":"Point","coordinates":[-100.107035,25.821068]},"properties":{"kind":"parada","name":"","fuente":"osm","osm_id":"node/7439921823","highway":"bus_stop","public_transport":"platform"}},{"type":"Feature","geometry":{"type":"Point","coordinates":[-100.114383,25.774964]},"properties":{"kind":"parada","name":"","fuente":"osm","osm_id":"node/7454991611","highway":"bus_stop","public_transport":"platform"}},{"type":"Feature","geometry":{"type":"Point","coordinates":[-100.264797,25.870639]},"properties":{"kind":"parada","name":"","fuente":"osm","osm_id":"node/7607830852","highway":"bus_stop","public_transport":"platform"}},{"type":"Feature","geometry":{"type":"Point","coordinates":[-100.09322,25.799081]},"properties":{"kind":"parada","name":"","fuente":"osm","osm_id":"node/7726859326","highway":"bus_stop","public_transport":"platform"}},{"type":"Feature","geometry":{"type":"Point","coordinates":[-100.093306,25.798852]},"properties":{"kind":"parada","name":"","fuente":"osm","osm_id":"node/7726859327","highway":"bus_stop","public_transport":"platform"}},{"type":"Feature","geometry":{"type":"Point","coordinates":[-100.091309,25.798472]},"properties":{"kind":"parada","name":"","fuente":"osm","osm_id":"node/7726888360","highway":"bus_stop","public_transport":"platform"}},{"type":"Feature","geometry":{"type":"Point","coordinates":[-100.091519,25.798288]},"properties":{"kind":"parada","name":"","fuente":"osm","osm_id":"node/7726891393","highway":"bus_stop","public_transport":"platform"}},{"type":"Feature","geometry":{"type":"Point","coordinates":[-100.528021,25.747343]},"properties":{"kind":"parada","name":"","fuente":"osm","osm_id":"node/7893949153","highway":"bus_stop","public_transport":"platform"}},{"type":"Feature","geometry":{"type":"Point","coordinates":[-100.054167,25.797523]},"properties":{"kind":"parada","name":"Calle Villa Ximena","fuente":"osm","osm_id":"node/7918183799","highway":"bus_stop","public_transport":"platform"}},{"type":"Feature","geometry":{"type":"Point","coordinates":[-100.054492,25.797468]},"properties":{"kind":"parada","name":"Calle Villa Ximena","fuente":"osm","osm_id":"node/7918183800","highway":"bus_stop","public_transport":"platform"}},{"type":"Feature","geometry":{"type":"Point","coordinates":[-100.366394,25.678919]},"properties":{"kind":"parada","name":"","fuente":"osm","osm_id":"node/796688297","highway":"bus_stop","public_transport":"platform"}},{"type":"Feature","geometry":{"type":"Point","coordinates":[-100.052642,25.796585]},"properties":{"kind":"parada","name":"","fuente":"osm","osm_id":"node/8026223913","highway":"bus_stop","public_transport":"platform"}},{"type":"Feature","geometry":{"type":"Point","coordinates":[-100.05593,25.798449]},"properties":{"kind":"parada","name":"Calle Villa Antonieta","fuente":"osm","osm_id":"node/8026223914","highway":"bus_stop","public_transport":"platform"}},{"type":"Feature","geometry":{"type":"Point","coordinates":[-100.055937,25.798173]},"properties":{"kind":"parada","name":"Calle Villa Antonieta","fuente":"osm","osm_id":"node/8026223915","highway":"bus_stop","public_transport":"platform"}},{"type":"Feature","geometry":{"type":"Point","coordinates":[-100.057394,25.799016]},"properties":{"kind":"parada","name":"Calle Villa Casandra","fuente":"osm","osm_id":"node/8026223916","highway":"bus_stop","public_transport":"platform"}},{"type":"Feature","geometry":{"type":"Point","coordinates":[-100.057478,25.798845]},"properties":{"kind":"parada","name":"Calle Villa Casandra","fuente":"osm","osm_id":"node/8026223917","highway":"bus_stop","public_transport":"platform"}},{"type":"Feature","geometry":{"type":"Point","coordinates":[-100.058892,25.797404]},"properties":{"kind":"parada","name":"Calle Villa Daniela","fuente":"osm","osm_id":"node/8026223918","highway":"bus_stop","public_transport":"platform"}},{"type":"Feature","geometry":{"type":"Point","coordinates":[-100.058673,25.797131]},"properties":{"kind":"parada","name":"Calle Villa Daniela","fuente":"osm","osm_id":"node/8026223919","highway":"bus_stop","public_transport":"platform"}},{"type":"Feature","geometry":{"type":"Point","coordinates":[-100.058468,25.795862]},"properties":{"kind":"parada","name":"Calle Villa María","fuente":"osm","osm_id":"node/8026223920","highway":"bus_stop","public_transport":"platform"}},{"type":"Feature","geometry":{"type":"Point","coordinates":[-100.058806,25.796246]},"properties":{"kind":"parada","name":"Calle Villa Maribel","fuente":"osm","osm_id":"node/8026223921","highway":"bus_stop","public_transport":"platform"}},{"type":"Feature","geometry":{"type":"Point","coordinates":[-100.057778,25.794025]},"properties":{"kind":"parada","name":"Calle Villa Cleopatra","fuente":"osm","osm_id":"node/8026223922","highway":"bus_stop","public_transport":"platform"}},{"type":"Feature","geometry":{"type":"Point","coordinates":[-100.057945,25.793881]},"properties":{"kind":"parada","name":"Calle Villa Cleopatra","fuente":"osm","osm_id":"node/8026223923","highway":"bus_stop","public_transport":"platform"}},{"type":"Feature","geometry":{"type":"Point","coordinates":[-100.057554,25.792917]},"properties":{"kind":"parada","name":"Calle Villa Aurora","fuente":"osm","osm_id":"node/8026223924","highway":"bus_stop","public_transport":"platform"}},{"type":"Feature","geometry":{"type":"Point","coordinates":[-100.057836,25.792948]},"properties":{"kind":"parada","name":"Calle Villa Aurora","fuente":"osm","osm_id":"node/8026223925","highway":"bus_stop","public_transport":"platform"}},{"type":"Feature","geometry":{"type":"Point","coordinates":[-100.107741,25.821187]},"properties":{"kind":"parada","name":"","fuente":"osm","osm_id":"node/8048948225","highway":"bus_stop","public_transport":"platform"}},{"type":"Feature","geometry":{"type":"Point","coordinates":[-100.100381,25.801054]},"properties":{"kind":"parada","name":"","fuente":"osm","osm_id":"node/8057495581","highway":"bus_stop","public_transport":"platform"}},{"type":"Feature","geometry":{"type":"Point","coordinates":[-100.100632,25.801447]},"properties":{"kind":"parada","name":"","fuente":"osm","osm_id":"node/8057495582","highway":"bus_stop","public_transport":"platform"}},{"type":"Feature","geometry":{"type":"Point","coordinates":[-100.100891,25.801546]},"properties":{"kind":"parada","name":"","fuente":"osm","osm_id":"node/8057495583","highway":"bus_stop","public_transport":"platform"}},{"type":"Feature","geometry":{"type":"Point","coordinates":[-100.101113,25.801299]},"properties":{"kind":"parada","name":"","fuente":"osm","osm_id":"node/8057495584","highway":"bus_stop","public_transport":"platform"}},{"type":"Feature","geometry":{"type":"Point","coordinates":[-100.298821,25.656532]},"properties":{"kind":"parada","name":"Calle 2 De Abril X Mallorca","fuente":"osm","osm_id":"node/8097461357","highway":"bus_stop","public_transport":"platform"}},{"type":"Feature","geometry":{"type":"Point","coordinates":[-100.291865,25.655144]},"properties":{"kind":"parada","name":"Junco De La Vega 2325","fuente":"osm","osm_id":"node/8097461358","highway":"bus_stop","public_transport":"platform"}},{"type":"Feature","geometry":{"type":"Point","coordinates":[-100.289685,25.65338]},"properties":{"kind":"parada","name":"Ricardo Covarrubias X Junco De La Vega","fuente":"osm","osm_id":"node/8097461359","highway":"bus_stop","public_transport":"platform"}},{"type":"Feature","geometry":{"type":"Point","coordinates":[-100.286692,25.650502]},"properties":{"kind":"parada","name":"Avenida Luis Elizondo X Junco De La Vega","fuente":"osm","osm_id":"node/8097461360","highway":"bus_stop","public_transport":"platform"}},{"type":"Feature","geometry":{"type":"Point","coordinates":[-100.289062,25.648706]},"properties":{"kind":"parada","name":"Luis Elizondo 325e","fuente":"osm","osm_id":"node/8097461361","highway":"bus_stop","public_transport":"platform"}},{"type":"Feature","geometry":{"type":"Point","coordinates":[-100.286908,25.643088]},"properties":{"kind":"parada","name":"Eugenio Garza Sada","fuente":"osm","osm_id":"node/8105139864","highway":"bus_stop","public_transport":"platform"}},{"type":"Feature","geometry":{"type":"Point","coordinates":[-100.288407,25.645511]},"properties":{"kind":"parada","name":"Napoles X Eugenio Garza Sada","fuente":"osm","osm_id":"node/8105139866","highway":"bus_stop","public_transport":"platform"}},{"type":"Feature","geometry":{"type":"Point","coordinates":[-100.289622,25.64738]},"properties":{"kind":"parada","name":"Avenida Eugenio Garza Sada X Eugenio Garza Sada","fuente":"osm","osm_id":"node/8105139867","highway":"bus_stop","public_transport":"platform"}},{"type":"Feature","geometry":{"type":"Point","coordinates":[-100.290582,25.648882]},"properties":{"kind":"parada","name":"Avenida Eugenio Garza Sada X Eugenio Garza Sada","fuente":"osm","osm_id":"node/8105139868","highway":"bus_stop","public_transport":"platform"}},{"type":"Feature","geometry":{"type":"Point","coordinates":[-100.291864,25.650942]},"properties":{"kind":"parada","name":"Avenida Eugenio Garza Sada X Eugenio Garza Sada","fuente":"osm","osm_id":"node/8105139869","highway":"bus_stop","public_transport":"platform"}},{"type":"Feature","geometry":{"type":"Point","coordinates":[-100.292974,25.652662]},"properties":{"kind":"parada","name":"Avenida Eugenio Garza Sada X Eugenio Garza Sada","fuente":"osm","osm_id":"node/8105139871","highway":"bus_stop","public_transport":"platform"}},{"type":"Feature","geometry":{"type":"Point","coordinates":[-100.295553,25.656822]},"properties":{"kind":"parada","name":"Avenida Eugenio Garza Sada X Eugenio Garza Sada","fuente":"osm","osm_id":"node/8105139872","highway":"bus_stop","public_transport":"platform"}},{"type":"Feature","geometry":{"type":"Point","coordinates":[-100.296807,25.659115]},"properties":{"kind":"parada","name":"Avenida Eugenio Garza Sada X Atenas","fuente":"osm","osm_id":"node/8105139873","highway":"bus_stop","public_transport":"platform"}},{"type":"Feature","geometry":{"type":"Point","coordinates":[-100.297016,25.660997]},"properties":{"kind":"parada","name":"Eugenio Garza Sada","fuente":"osm","osm_id":"node/8105139874","highway":"bus_stop","public_transport":"platform"}},{"type":"Feature","geometry":{"type":"Point","coordinates":[-100.295112,25.649464]},"properties":{"kind":"parada","name":"Av. Del Estado X Agrónomos","fuente":"osm","osm_id":"node/8105565998","highway":"bus_stop","public_transport":"platform"}},{"type":"Feature","geometry":{"type":"Point","coordinates":[-100.298506,25.651085]},"properties":{"kind":"parada","name":"Calle Pirineos X Rio Pánico","fuente":"osm","osm_id":"node/8105565999","highway":"bus_stop","public_transport":"platform"}},{"type":"Feature","geometry":{"type":"Point","coordinates":[-100.285213,25.64038]},"properties":{"kind":"parada","name":"Avenida Eugenio Garza Sada X Eugenio Garza Sada","fuente":"osm","osm_id":"node/8109067171","highway":"bus_stop","public_transport":"platform"}},{"type":"Feature","geometry":{"type":"Point","coordinates":[-100.297069,25.663621]},"properties":{"kind":"parada","name":"Avenida Eugenio Garza Sada X Eugenio Garza Sada","fuente":"osm","osm_id":"node/8109067172","highway":"bus_stop","public_transport":"platform"}},{"type":"Feature","geometry":{"type":"Point","coordinates":[-100.29749,25.665526]},"properties":{"kind":"parada","name":"Prol. Morelos X Eugenio Garza Sada","fuente":"osm","osm_id":"node/8109067175","highway":"bus_stop","public_transport":"platform"}},{"type":"Feature","geometry":{"type":"Point","coordinates":[-100.28437,25.653138]},"properties":{"kind":"parada","name":"Parada","fuente":"osm","osm_id":"node/8109822912","highway":"bus_stop","public_transport":"platform"}},{"type":"Feature","geometry":{"type":"Point","coordinates":[-100.288374,25.653801]},"properties":{"kind":"parada","name":"Ricardo Covarrubias X Nogales","fuente":"osm","osm_id":"node/8109822913","highway":"bus_stop","public_transport":"platform"}},{"type":"Feature","geometry":{"type":"Point","coordinates":[-100.290295,25.654161]},"properties":{"kind":"parada","name":"Junco De La Vega 2523","fuente":"osm","osm_id":"node/8109822914","highway":"bus_stop","public_transport":"platform"}},{"type":"Feature","geometry":{"type":"Point","coordinates":[-100.293187,25.656685]},"properties":{"kind":"parada","name":"Pirineos X Junco De La Vega","fuente":"osm","osm_id":"node/8109822915","highway":"bus_stop","public_transport":"platform"}},{"type":"Feature","geometry":{"type":"Point","coordinates":[-100.296321,25.659315]},"properties":{"kind":"parada","name":"Junco De La Vega X Atenas","fuente":"osm","osm_id":"node/8109822916","highway":"bus_stop","public_transport":"platform"}},{"type":"Feature","geometry":{"type":"Point","coordinates":[-100.303913,25.656567]},"properties":{"kind":"parada","name":"Libertad X Sinaloa","fuente":"osm","osm_id":"node/8112079466","highway":"bus_stop","public_transport":"platform"}},{"type":"Feature","geometry":{"type":"Point","coordinates":[-100.302048,25.656232]},"properties":{"kind":"parada","name":"Libertad X Chiapas","fuente":"osm","osm_id":"node/8112079467","highway":"bus_stop","public_transport":"platform"}},{"type":"Feature","geometry":{"type":"Point","coordinates":[-100.46113,25.693496]},"properties":{"kind":"parada","name":"","fuente":"osm","osm_id":"node/8118738617","highway":"bus_stop"}},{"type":"Feature","geometry":{"type":"Point","coordinates":[-100.112305,25.774421]},"properties":{"kind":"parada","name":"","fuente":"osm","osm_id":"node/8137124917","highway":"bus_stop","public_transport":"platform"}},{"type":"Feature","geometry":{"type":"Point","coordinates":[-100.313457,25.723777]},"properties":{"kind":"parada","name":"","fuente":"osm","osm_id":"node/8322572494","highway":"bus_stop","public_transport":"platform"}},{"type":"Feature","geometry":{"type":"Point","coordinates":[-100.31012,25.723379]},"properties":{"kind":"parada","name":"","fuente":"osm","osm_id":"node/8322604189","highway":"bus_stop","public_transport":"platform"}},{"type":"Feature","geometry":{"type":"Point","coordinates":[-100.315938,25.723789]},"properties":{"kind":"parada","name":"","fuente":"osm","osm_id":"node/8322618926","highway":"bus_stop","public_transport":"platform"}},{"type":"Feature","geometry":{"type":"Point","coordinates":[-100.137537,25.838618]},"properties":{"kind":"parada","name":"","fuente":"osm","osm_id":"node/8459304717","highway":"bus_stop","public_transport":"platform"}},{"type":"Feature","geometry":{"type":"Point","coordinates":[-100.413055,25.665943]},"properties":{"kind":"parada","name":"Morones-Diego Saldivar","fuente":"osm","osm_id":"node/8507832404","highway":"bus_stop","public_transport":"platform"}},{"type":"Feature","geometry":{"type":"Point","coordinates":[-100.422626,25.663004]},"properties":{"kind":"parada","name":"CRGS","fuente":"osm","osm_id":"node/8507844769","highway":"bus_stop","public_transport":"platform"}},{"type":"Feature","geometry":{"type":"Point","coordinates":[-100.409086,25.664409]},"properties":{"kind":"parada","name":"Vasconzelos-Jiménez","fuente":"osm","osm_id":"node/8507880285","highway":"bus_stop","public_transport":"platform"}},{"type":"Feature","geometry":{"type":"Point","coordinates":[-100.40206,25.661937]},"properties":{"kind":"parada","name":"Vasconcelos-Guerrero","fuente":"osm","osm_id":"node/8507880286","highway":"bus_stop","public_transport":"platform"}},{"type":"Feature","geometry":{"type":"Point","coordinates":[-100.394061,25.659275]},"properties":{"kind":"parada","name":"Vasconselos-Santa Barbara","fuente":"osm","osm_id":"node/8507880287","highway":"bus_stop","public_transport":"platform"}},{"type":"Feature","geometry":{"type":"Point","coordinates":[-100.385885,25.655397]},"properties":{"kind":"parada","name":"Vasconselos-H Lobo UDEM","fuente":"osm","osm_id":"node/8507884874","highway":"bus_stop","public_transport":"platform"}},{"type":"Feature","geometry":{"type":"Point","coordinates":[-100.382885,25.660578]},"properties":{"kind":"parada","name":"H Lobo- Calzada UDEM","fuente":"osm","osm_id":"node/8507884875","highway":"bus_stop","public_transport":"platform"}},{"type":"Feature","geometry":{"type":"Point","coordinates":[-100.374749,25.658302]},"properties":{"kind":"parada","name":"Calzada-Balsas UDEM","fuente":"osm","osm_id":"node/8507884876","highway":"bus_stop","public_transport":"platform"}},{"type":"Feature","geometry":{"type":"Point","coordinates":[-100.380028,25.645737]},"properties":{"kind":"parada","name":"Alfonso Reyes-Lomas del valle UDEM","fuente":"osm","osm_id":"node/8507909361","highway":"bus_stop","public_transport":"platform"}},{"type":"Feature","geometry":{"type":"Point","coordinates":[-100.385807,25.64818]},"properties":{"kind":"parada","name":"Alfonso Reyes-Tampiquito UDEM","fuente":"osm","osm_id":"node/8507909362","highway":"bus_stop","public_transport":"platform"}},{"type":"Feature","geometry":{"type":"Point","coordinates":[-100.392088,25.651269]},"properties":{"kind":"parada","name":"Alfonso Reyes -Neil UDEM","fuente":"osm","osm_id":"node/8507909363","highway":"bus_stop","public_transport":"platform"}},{"type":"Feature","geometry":{"type":"Point","coordinates":[-100.366382,25.655855]},"properties":{"kind":"parada","name":"Calzada-Tamazunchale UDEM","fuente":"osm","osm_id":"node/8507910969","highway":"bus_stop","public_transport":"platform"}},{"type":"Feature","geometry":{"type":"Point","coordinates":[-100.35848,25.652064]},"properties":{"kind":"parada","name":"Palacio UDEM","fuente":"osm","osm_id":"node/8507910970","highway":"bus_stop","public_transport":"platform"}},{"type":"Feature","geometry":{"type":"Point","coordinates":[-100.3655,25.640748]},"properties":{"kind":"parada","name":"Alfinso Reyes- Lopez Mateos UDEM","fuente":"osm","osm_id":"node/8507910971","highway":"bus_stop","public_transport":"platform"}},{"type":"Feature","geometry":{"type":"Point","coordinates":[-100.373166,25.642544]},"properties":{"kind":"parada","name":"Alfonso Reyes- Bosques del valle UDEM","fuente":"osm","osm_id":"node/8507910972","highway":"bus_stop","public_transport":"platform"}},{"type":"Feature","geometry":{"type":"Point","coordinates":[-100.40186,25.654648]},"properties":{"kind":"parada","name":"Alfonso Reyes-Geronimo Treviño UDEM","fuente":"osm","osm_id":"node/8507931858","highway":"bus_stop","public_transport":"platform"}},{"type":"Feature","geometry":{"type":"Point","coordinates":[-100.407821,25.656659]},"properties":{"kind":"parada","name":"Alfonso Reyes-Corregidora UDEM","fuente":"osm","osm_id":"node/8507931859","highway":"bus_stop","public_transport":"platform"}},{"type":"Feature","geometry":{"type":"Point","coordinates":[-100.412916,25.658394]},"properties":{"kind":"parada","name":"Alfonso Reyes-Padre Mier UDEM","fuente":"osm","osm_id":"node/8507931860","highway":"bus_stop","public_transport":"platform"}},{"type":"Feature","geometry":{"type":"Point","coordinates":[-100.417432,25.659541]},"properties":{"kind":"parada","name":"Alfonzo Reyes-Plaza Nativa UDEM","fuente":"osm","osm_id":"node/8507931861","highway":"bus_stop","public_transport":"platform"}},{"type":"Feature","geometry":{"type":"Point","coordinates":[-100.412401,25.666256]},"properties":{"kind":"parada","name":"Morones-Jimenez UDEM B","fuente":"osm","osm_id":"node/8509084510","highway":"bus_stop","public_transport":"platform"}},{"type":"Feature","geometry":{"type":"Point","coordinates":[-100.403975,25.669877]},"properties":{"kind":"parada","name":"Morones-Corregidora UDEM B","fuente":"osm","osm_id":"node/8509084511","highway":"bus_stop","public_transport":"platform"}},{"type":"Feature","geometry":{"type":"Point","coordinates":[-100.403319,25.662575]},"properties":{"kind":"parada","name":"Vasconcelos -Juarez UDEM B","fuente":"osm","osm_id":"node/8509084512","highway":"bus_stop","public_transport":"platform"}},{"type":"Feature","geometry":{"type":"Point","coordinates":[-100.398053,25.660752]},"properties":{"kind":"parada","name":"Vasconselos -Naranjo UDEM B","fuente":"osm","osm_id":"node/8509084513","highway":"bus_stop","public_transport":"platform"}},{"type":"Feature","geometry":{"type":"Point","coordinates":[-100.39186,25.658426]},"properties":{"kind":"parada","name":"Vasconselos -Doblado UDEM B","fuente":"osm","osm_id":"node/8509116373","highway":"bus_stop","public_transport":"platform"}},{"type":"Feature","geometry":{"type":"Point","coordinates":[-100.3853,25.655507]},"properties":{"kind":"parada","name":"Vasconselos-H Lobo UDEM B","fuente":"osm","osm_id":"node/8509116374","highway":"bus_stop","public_transport":"platform"}},{"type":"Feature","geometry":{"type":"Point","coordinates":[-100.374186,25.658734]},"properties":{"kind":"parada","name":"Calzadas - Balsas UDEM B","fuente":"osm","osm_id":"node/8509116375","highway":"bus_stop","public_transport":"platform"}},{"type":"Feature","geometry":{"type":"Point","coordinates":[-100.368667,25.657117]},"properties":{"kind":"parada","name":"Calzada - Grijalva UDEM B","fuente":"osm","osm_id":"node/8509132390","highway":"bus_stop","public_transport":"platform"}},{"type":"Feature","geometry":{"type":"Point","coordinates":[-100.362024,25.65518]},"properties":{"kind":"parada","name":"Calzada - Rio de la plata UDEM B","fuente":"osm","osm_id":"node/8509132391","highway":"bus_stop","public_transport":"platform"}},{"type":"Feature","geometry":{"type":"Point","coordinates":[-100.35459,25.653445]},"properties":{"kind":"parada","name":"Vasconcelos - Olmo UDEM B","fuente":"osm","osm_id":"node/8509132392","highway":"bus_stop","public_transport":"platform"}},{"type":"Feature","geometry":{"type":"Point","coordinates":[-100.359923,25.646174]},"properties":{"kind":"parada","name":"Gomez morin- Magnolia UDEM B","fuente":"osm","osm_id":"node/8509132393","highway":"bus_stop","public_transport":"platform"}},{"type":"Feature","geometry":{"type":"Point","coordinates":[-100.365953,25.640631]},"properties":{"kind":"parada","name":"Alfonso Reyes - Lopez Mateos UDEM B","fuente":"osm","osm_id":"node/8509132394","highway":"bus_stop","public_transport":"platform"}},{"type":"Feature","geometry":{"type":"Point","coordinates":[-100.373243,25.642296]},"properties":{"kind":"parada","name":"Alfonso reyes - bosques del valle UDEM B","fuente":"osm","osm_id":"node/8509132395","highway":"bus_stop","public_transport":"platform"}},{"type":"Feature","geometry":{"type":"Point","coordinates":[-100.380532,25.645655]},"properties":{"kind":"parada","name":"Alfonso Reyes - Lomas del valle UDEM B","fuente":"osm","osm_id":"node/8509132396","highway":"bus_stop","public_transport":"platform"}},{"type":"Feature","geometry":{"type":"Point","coordinates":[-100.383923,25.647247]},"properties":{"kind":"parada","name":"Alfonso Reyes - Tampiquito UDEM B","fuente":"osm","osm_id":"node/8509132397","highway":"bus_stop","public_transport":"platform"}},{"type":"Feature","geometry":{"type":"Point","coordinates":[-100.392801,25.651275]},"properties":{"kind":"parada","name":"Alfonso Reyes - Neil UDEM B","fuente":"osm","osm_id":"node/8509142095","highway":"bus_stop","public_transport":"platform"}},{"type":"Feature","geometry":{"type":"Point","coordinates":[-100.399519,25.65358]},"properties":{"kind":"parada","name":"Alfonso Reyes- Matamoros UDEM B","fuente":"osm","osm_id":"node/8509142096","highway":"bus_stop","public_transport":"platform"}},{"type":"Feature","geometry":{"type":"Point","coordinates":[-100.406687,25.656032]},"properties":{"kind":"parada","name":"Alfosno Reyes - Juarez UDEM B","fuente":"osm","osm_id":"node/8509144699","highway":"bus_stop","public_transport":"platform"}},{"type":"Feature","geometry":{"type":"Point","coordinates":[-100.413051,25.65814]},"properties":{"kind":"parada","name":"Valle de la Paz UDEM B","fuente":"osm","osm_id":"node/8509144700","highway":"bus_stop","public_transport":"platform"}},{"type":"Feature","geometry":{"type":"Point","coordinates":[-100.404597,25.669324]},"properties":{"kind":"parada","name":"","fuente":"osm","osm_id":"node/8626968709","highway":"bus_stop","public_transport":"platform"}},{"type":"Feature","geometry":{"type":"Point","coordinates":[-100.366556,25.668294]},"properties":{"kind":"parada","name":"","fuente":"osm","osm_id":"node/8627110681","highway":"bus_stop","public_transport":"platform"}},{"type":"Feature","geometry":{"type":"Point","coordinates":[-100.368852,25.66778]},"properties":{"kind":"parada","name":"","fuente":"osm","osm_id":"node/8627110682","highway":"bus_stop","public_transport":"platform"}},{"type":"Feature","geometry":{"type":"Point","coordinates":[-100.368987,25.668177]},"properties":{"kind":"parada","name":"","fuente":"osm","osm_id":"node/8627110683","highway":"bus_stop","public_transport":"platform"}},{"type":"Feature","geometry":{"type":"Point","coordinates":[-100.381424,25.668251]},"properties":{"kind":"parada","name":"","fuente":"osm","osm_id":"node/8627110704","highway":"bus_stop","public_transport":"platform"}},{"type":"Feature","geometry":{"type":"Point","coordinates":[-100.388006,25.670179]},"properties":{"kind":"parada","name":"","fuente":"osm","osm_id":"node/8627128642","highway":"bus_stop","public_transport":"platform"}},{"type":"Feature","geometry":{"type":"Point","coordinates":[-100.416402,25.665952]},"properties":{"kind":"parada","name":"","fuente":"osm","osm_id":"node/8627155763","highway":"bus_stop","public_transport":"platform"}},{"type":"Feature","geometry":{"type":"Point","coordinates":[-100.327521,25.647588]},"properties":{"kind":"parada","name":"","fuente":"osm","osm_id":"node/8627241041","highway":"bus_stop","public_transport":"platform"}},{"type":"Feature","geometry":{"type":"Point","coordinates":[-100.321617,25.643843]},"properties":{"kind":"parada","name":"","fuente":"osm","osm_id":"node/8627241067","highway":"bus_stop","public_transport":"platform"}},{"type":"Feature","geometry":{"type":"Point","coordinates":[-100.338209,25.654714]},"properties":{"kind":"parada","name":"","fuente":"osm","osm_id":"node/8627266544","highway":"bus_stop","public_transport":"platform"}},{"type":"Feature","geometry":{"type":"Point","coordinates":[-100.17899,25.729563]},"properties":{"kind":"parada","name":"","fuente":"osm","osm_id":"node/8674343017","highway":"bus_stop","public_transport":"platform"}},{"type":"Feature","geometry":{"type":"Point","coordinates":[-100.25349,25.796748]},"properties":{"kind":"parada","name":"","fuente":"osm","osm_id":"node/883467206","highway":"bus_stop"}},{"type":"Feature","geometry":{"type":"Point","coordinates":[-100.255615,25.689222]},"properties":{"kind":"parada","name":"","fuente":"osm","osm_id":"node/8929302066","highway":"bus_stop","public_transport":"platform"}},{"type":"Feature","geometry":{"type":"Point","coordinates":[-100.077988,25.793051]},"properties":{"kind":"parada","name":"","fuente":"osm","osm_id":"node/9052340831","highway":"bus_stop","public_transport":"platform"}},{"type":"Feature","geometry":{"type":"Point","coordinates":[-100.059121,25.785737]},"properties":{"kind":"parada","name":"","fuente":"osm","osm_id":"node/9239432628","highway":"bus_stop","public_transport":"platform"}},{"type":"Feature","geometry":{"type":"Point","coordinates":[-100.053436,25.783145]},"properties":{"kind":"parada","name":"","fuente":"osm","osm_id":"node/9249076006","highway":"bus_stop","public_transport":"platform"}},{"type":"Feature","geometry":{"type":"Point","coordinates":[-100.053521,25.783955]},"properties":{"kind":"parada","name":"","fuente":"osm","osm_id":"node/9249076009","highway":"bus_stop","public_transport":"platform"}},{"type":"Feature","geometry":{"type":"Point","coordinates":[-100.056171,25.783341]},"properties":{"kind":"parada","name":"","fuente":"osm","osm_id":"node/9249076010","highway":"bus_stop","public_transport":"platform"}},{"type":"Feature","geometry":{"type":"Point","coordinates":[-100.058712,25.784173]},"properties":{"kind":"parada","name":"","fuente":"osm","osm_id":"node/9249076012","highway":"bus_stop","public_transport":"platform"}},{"type":"Feature","geometry":{"type":"Point","coordinates":[-100.056162,25.784059]},"properties":{"kind":"parada","name":"","fuente":"osm","osm_id":"node/9249076013","highway":"bus_stop","public_transport":"platform"}},{"type":"Feature","geometry":{"type":"Point","coordinates":[-100.058892,25.784105]},"properties":{"kind":"parada","name":"","fuente":"osm","osm_id":"node/9249076021","highway":"bus_stop","public_transport":"platform"}},{"type":"Feature","geometry":{"type":"Point","coordinates":[-100.059196,25.785502]},"properties":{"kind":"parada","name":"","fuente":"osm","osm_id":"node/9249548251","highway":"bus_stop","public_transport":"platform"}},{"type":"Feature","geometry":{"type":"Point","coordinates":[-100.322773,25.794557]},"properties":{"kind":"parada","name":"","fuente":"osm","osm_id":"node/9401862927","highway":"bus_stop","public_transport":"platform"}},{"type":"Feature","geometry":{"type":"Point","coordinates":[-100.330318,25.783108]},"properties":{"kind":"parada","name":"Transmetro Fomerrey 9 (Acueducto)","fuente":"osm","osm_id":"node/9409150794","highway":"bus_stop","public_transport":"platform"}},{"type":"Feature","geometry":{"type":"Point","coordinates":[-100.329787,25.784606]},"properties":{"kind":"parada","name":"Transmetro Fomerrey 9 (Profesor Guillermo Chapa)","fuente":"osm","osm_id":"node/9409245076","highway":"bus_stop","public_transport":"platform"}},{"type":"Feature","geometry":{"type":"Point","coordinates":[-100.323632,25.791522]},"properties":{"kind":"parada","name":"Plaza Girasoles (Norte)","fuente":"osm","osm_id":"node/9409245080","highway":"bus_stop","public_transport":"platform"}},{"type":"Feature","geometry":{"type":"Point","coordinates":[-100.32312,25.790345]},"properties":{"kind":"parada","name":"Plaza Girasoles (Sur)","fuente":"osm","osm_id":"node/9409245081","highway":"bus_stop","public_transport":"platform"}},{"type":"Feature","geometry":{"type":"Point","coordinates":[-100.329825,25.792625]},"properties":{"kind":"parada","name":"","fuente":"osm","osm_id":"node/9698515936","highway":"bus_stop","public_transport":"platform"}},{"type":"Feature","geometry":{"type":"Point","coordinates":[-100.335349,25.793308]},"properties":{"kind":"parada","name":"","fuente":"osm","osm_id":"node/9720872008","highway":"bus_stop","public_transport":"platform"}},{"type":"Feature","geometry":{"type":"Point","coordinates":[-100.063264,25.78734]},"properties":{"kind":"parada","name":"","fuente":"osm","osm_id":"node/9733658617","highway":"bus_stop","public_transport":"platform"}},{"type":"Feature","geometry":{"type":"Point","coordinates":[-100.342709,25.806849]},"properties":{"kind":"parada","name":"Parque Industrial (Bodega Aurrera Puerta Del Sol)","fuente":"osm","osm_id":"node/9738693114","highway":"bus_stop","public_transport":"platform"}},{"type":"Feature","geometry":{"type":"Point","coordinates":[-100.311306,25.872291]},"properties":{"kind":"parada","name":"","fuente":"osm","osm_id":"node/9770914949","highway":"bus_stop","public_transport":"platform"}},{"type":"Feature","geometry":{"type":"Point","coordinates":[-100.310495,25.869581]},"properties":{"kind":"parada","name":"","fuente":"osm","osm_id":"node/9770914951","highway":"bus_stop","public_transport":"platform"}},{"type":"Feature","geometry":{"type":"Point","coordinates":[-100.310338,25.869789]},"properties":{"kind":"parada","name":"","fuente":"osm","osm_id":"node/9770914952","highway":"bus_stop","public_transport":"platform"}},{"type":"Feature","geometry":{"type":"Point","coordinates":[-100.309432,25.866793]},"properties":{"kind":"parada","name":"","fuente":"osm","osm_id":"node/9770914953","highway":"bus_stop","public_transport":"platform"}},{"type":"Feature","geometry":{"type":"Point","coordinates":[-100.30958,25.866708]},"properties":{"kind":"parada","name":"","fuente":"osm","osm_id":"node/9770914954","highway":"bus_stop","public_transport":"platform"}},{"type":"Feature","geometry":{"type":"Point","coordinates":[-100.311852,25.865704]},"properties":{"kind":"parada","name":"","fuente":"osm","osm_id":"node/9770914955","highway":"bus_stop","public_transport":"platform"}},{"type":"Feature","geometry":{"type":"Point","coordinates":[-100.312174,25.865368]},"properties":{"kind":"parada","name":"","fuente":"osm","osm_id":"node/9770914956","highway":"bus_stop","public_transport":"platform"}},{"type":"Feature","geometry":{"type":"Point","coordinates":[-100.313512,25.865005]},"properties":{"kind":"parada","name":"","fuente":"osm","osm_id":"node/9770914957","highway":"bus_stop","public_transport":"platform"}},{"type":"Feature","geometry":{"type":"Point","coordinates":[-100.313766,25.864667]},"properties":{"kind":"parada","name":"","fuente":"osm","osm_id":"node/9770914958","highway":"bus_stop","public_transport":"platform"}},{"type":"Feature","geometry":{"type":"Point","coordinates":[-100.314115,25.864764]},"properties":{"kind":"parada","name":"","fuente":"osm","osm_id":"node/9770914959","highway":"bus_stop","public_transport":"platform"}},{"type":"Feature","geometry":{"type":"Point","coordinates":[-100.315082,25.864871]},"properties":{"kind":"parada","name":"","fuente":"osm","osm_id":"node/9770914960","highway":"bus_stop","public_transport":"platform"}},{"type":"Feature","geometry":{"type":"Point","coordinates":[-100.316949,25.862054]},"properties":{"kind":"parada","name":"","fuente":"osm","osm_id":"node/9770914961","highway":"bus_stop","public_transport":"platform"}},{"type":"Feature","geometry":{"type":"Point","coordinates":[-100.316718,25.861726]},"properties":{"kind":"parada","name":"","fuente":"osm","osm_id":"node/9770914962","highway":"bus_stop","public_transport":"platform"}},{"type":"Feature","geometry":{"type":"Point","coordinates":[-100.316731,25.859481]},"properties":{"kind":"parada","name":"","fuente":"osm","osm_id":"node/9770914963","highway":"bus_stop","public_transport":"platform"}},{"type":"Feature","geometry":{"type":"Point","coordinates":[-100.316393,25.859227]},"properties":{"kind":"parada","name":"","fuente":"osm","osm_id":"node/9770914964","highway":"bus_stop","public_transport":"platform"}},{"type":"Feature","geometry":{"type":"Point","coordinates":[-100.315988,25.855769]},"properties":{"kind":"parada","name":"","fuente":"osm","osm_id":"node/9770914965","highway":"bus_stop","public_transport":"platform"}},{"type":"Feature","geometry":{"type":"Point","coordinates":[-100.315809,25.855505]},"properties":{"kind":"parada","name":"","fuente":"osm","osm_id":"node/9770914966","highway":"bus_stop","public_transport":"platform"}},{"type":"Feature","geometry":{"type":"Point","coordinates":[-100.316633,25.853371]},"properties":{"kind":"parada","name":"","fuente":"osm","osm_id":"node/9770914967","highway":"bus_stop","public_transport":"platform"}},{"type":"Feature","geometry":{"type":"Point","coordinates":[-100.316488,25.852901]},"properties":{"kind":"parada","name":"Avenida El Jaral (Préstamos del Norte)","fuente":"osm","osm_id":"node/9770914968","highway":"bus_stop","public_transport":"platform"}},{"type":"Feature","geometry":{"type":"Point","coordinates":[-100.339915,25.801153]},"properties":{"kind":"parada","name":"","fuente":"osm","osm_id":"node/9779346875","highway":"bus_stop","public_transport":"platform"}},{"type":"Feature","geometry":{"type":"Point","coordinates":[-100.320689,25.848238]},"properties":{"kind":"parada","name":"","fuente":"osm","osm_id":"node/9788991600","highway":"bus_stop","public_transport":"platform"}},{"type":"Feature","geometry":{"type":"Point","coordinates":[-100.320962,25.84793]},"properties":{"kind":"parada","name":"Carretera Monterrey - Castaños (Navistar International)","fuente":"osm","osm_id":"node/9788991601","highway":"bus_stop","public_transport":"platform"}},{"type":"Feature","geometry":{"type":"Point","coordinates":[-100.322094,25.849904]},"properties":{"kind":"parada","name":"Carretera Monterrey - Castaños (Avenida El Jaral)","fuente":"osm","osm_id":"node/9788991602","highway":"bus_stop","public_transport":"platform"}},{"type":"Feature","geometry":{"type":"Point","coordinates":[-100.3258,25.855755]},"properties":{"kind":"parada","name":"Carretera Monterrey - Castaños (Garages y Talleres)","fuente":"osm","osm_id":"node/9807205833","highway":"bus_stop","public_transport":"platform"}},{"type":"Feature","geometry":{"type":"Point","coordinates":[-100.341261,25.805303]},"properties":{"kind":"parada","name":"","fuente":"osm","osm_id":"node/9807579918","highway":"bus_stop","public_transport":"platform"}},{"type":"Feature","geometry":{"type":"Point","coordinates":[-100.31657,25.723789]},"properties":{"kind":"parada","name":"","fuente":"osm","osm_id":"node/9817302352","highway":"bus_stop","public_transport":"platform"}},{"type":"Feature","geometry":{"type":"Point","coordinates":[-100.329034,25.788284]},"properties":{"kind":"parada","name":"Transmetro Fomerrey 9 (Profesor Emilio Rodríguez)","fuente":"osm","osm_id":"node/9863967515","highway":"bus_stop","public_transport":"platform"}},{"type":"Feature","geometry":{"type":"Point","coordinates":[-100.328401,25.791468]},"properties":{"kind":"parada","name":"Transmetro Fomerrey 9 (Profesor Miguel F. Martínez)","fuente":"osm","osm_id":"node/9863967516","highway":"bus_stop","public_transport":"platform"}},{"type":"Feature","geometry":{"type":"Point","coordinates":[-100.321878,25.787943]},"properties":{"kind":"parada","name":"Transmetro Fomerrey 9 (Hemsa Escobedo)","fuente":"osm","osm_id":"node/9865611846","highway":"bus_stop","public_transport":"platform"}},{"type":"Feature","geometry":{"type":"Point","coordinates":[-100.320379,25.784223]},"properties":{"kind":"parada","name":"Transmetro Fomerrey 9 (Crescencio Monroy)","fuente":"osm","osm_id":"node/9865611847","highway":"bus_stop","public_transport":"platform"}},{"type":"Feature","geometry":{"type":"Point","coordinates":[-100.321257,25.786378]},"properties":{"kind":"parada","name":"Transmetro Fomerrey 9 (Francisco J. Mujica)","fuente":"osm","osm_id":"node/9865611848","highway":"bus_stop","public_transport":"platform"}},{"type":"Feature","geometry":{"type":"Point","coordinates":[-100.320103,25.783511]},"properties":{"kind":"parada","name":"Transmetro Fomerrey 9 (Jose Alvarado Santos)","fuente":"osm","osm_id":"node/9865611849","highway":"bus_stop","public_transport":"platform"}},{"type":"Feature","geometry":{"type":"Point","coordinates":[-100.319119,25.7811]},"properties":{"kind":"parada","name":"Transmetro Fomerrey 9 (Felipe Carrillo Puerto)","fuente":"osm","osm_id":"node/9865611850","highway":"bus_stop","public_transport":"platform"}},{"type":"Feature","geometry":{"type":"Point","coordinates":[-100.317856,25.776622]},"properties":{"kind":"parada","name":"Transmetro Fomerrey 9 (Plaza Platinum)","fuente":"osm","osm_id":"node/9865611851","highway":"bus_stop","public_transport":"platform"}},{"type":"Feature","geometry":{"type":"Point","coordinates":[-100.313561,25.730256]},"properties":{"kind":"parada","name":"","fuente":"osm","osm_id":"node/9900314986","highway":"bus_stop","public_transport":"platform"}},{"type":"Feature","geometry":{"type":"Point","coordinates":[-100.2839,25.638311]},"properties":{"kind":"parada","name":"","fuente":"osm","osm_id":"node/9925887667","highway":"bus_stop","public_transport":"platform"}},{"type":"Feature","geometry":{"type":"Point","coordinates":[-100.311614,25.665383]},"properties":{"kind":"parada","name":"","fuente":"osm","osm_id":"node/9925887668","highway":"bus_stop","public_transport":"platform"}},{"type":"Feature","geometry":{"type":"Point","coordinates":[-100.313868,25.665772]},"properties":{"kind":"parada","name":"","fuente":"osm","osm_id":"node/9925887669","highway":"bus_stop","public_transport":"platform"}},{"type":"Feature","geometry":{"type":"Point","coordinates":[-100.297106,25.649394]},"properties":{"kind":"parada","name":"Pirineos","fuente":"osm","osm_id":"node/9925887670","highway":"bus_stop","public_transport":"platform"}},{"type":"Feature","geometry":{"type":"Point","coordinates":[-100.300376,25.631152]},"properties":{"kind":"parada","name":"","fuente":"osm","osm_id":"node/9925902818","highway":"bus_stop","public_transport":"platform"}},{"type":"Feature","geometry":{"type":"Point","coordinates":[-100.158494,25.703694]},"properties":{"kind":"parada","name":"","fuente":"osm","osm_id":"way/1104131663","public_transport":"platform"}},{"type":"Feature","geometry":{"type":"Point","coordinates":[-100.245184,25.679967]},"properties":{"kind":"parada","name":"","fuente":"osm","osm_id":"way/1526146242","public_transport":"platform"}},{"type":"Feature","geometry":{"type":"Point","coordinates":[-100.245189,25.680071]},"properties":{"kind":"parada","name":"","fuente":"osm","osm_id":"way/1526146243","public_transport":"platform"}},{"type":"Feature","geometry":{"type":"Point","coordinates":[-100.245174,25.680183]},"properties":{"kind":"parada","name":"","fuente":"osm","osm_id":"way/1526146244","public_transport":"platform"}},{"type":"Feature","geometry":{"type":"Point","coordinates":[-100.245122,25.680299]},"properties":{"kind":"parada","name":"","fuente":"osm","osm_id":"way/1526146245","public_transport":"platform"}},{"type":"Feature","geometry":{"type":"Point","coordinates":[-100.4073,25.678079]},"properties":{"kind":"parada","name":"parada de bus","fuente":"osm","osm_id":"way/621789423","highway":"bus_stop","public_transport":"platform"}},{"type":"Feature","geometry":{"type":"Point","coordinates":[-100.405908,25.678298]},"properties":{"kind":"parada","name":"parada de bus","fuente":"osm","osm_id":"way/621789424","highway":"bus_stop","public_transport":"platform"}},{"type":"Feature","geometry":{"type":"Point","coordinates":[-100.245463,25.67984]},"properties":{"kind":"parada","name":"","fuente":"osm","osm_id":"way/651667678","public_transport":"platform"}},{"type":"Feature","geometry":{"type":"Point","coordinates":[-100.454714,25.690658]},"properties":{"kind":"parada","name":"","fuente":"osm","osm_id":"way/720089723","public_transport":"platform"}},{"type":"Feature","geometry":{"type":"Point","coordinates":[-100.454652,25.690615]},"properties":{"kind":"parada","name":"","fuente":"osm","osm_id":"way/720089724","public_transport":"platform"}},{"type":"Feature","geometry":{"type":"Point","coordinates":[-100.454596,25.690572]},"properties":{"kind":"parada","name":"","fuente":"osm","osm_id":"way/720089725","public_transport":"platform"}},{"type":"Feature","geometry":{"type":"Point","coordinates":[-100.461158,25.693511]},"properties":{"kind":"parada","name":"","fuente":"osm","osm_id":"way/720089993","public_transport":"platform"}},{"type":"Feature","geometry":{"type":"Point","coordinates":[-100.580597,25.786114]},"properties":{"kind":"parada","name":"","fuente":"osm","osm_id":"way/721744699","public_transport":"platform"}},{"type":"Feature","geometry":{"type":"Point","coordinates":[-100.322648,25.79407]},"properties":{"kind":"tortilleria","name":"Tortillería La Milpa","fuente":"osm","osm_id":"node/10103671987","shop":"tortilla"}},{"type":"Feature","geometry":{"type":"Point","coordinates":[-100.199769,25.685838]},"properties":{"kind":"tortilleria","name":"","fuente":"osm","osm_id":"node/13702664841","shop":"tortilla"}},{"type":"Feature","geometry":{"type":"Point","coordinates":[-100.500262,25.69561]},"properties":{"kind":"tortilleria","name":"","fuente":"osm","osm_id":"node/3600420952","shop":"tortilla"}},{"type":"Feature","geometry":{"type":"Point","coordinates":[-100.496657,25.694178]},"properties":{"kind":"tortilleria","name":"","fuente":"osm","osm_id":"node/3686174789","shop":"tortilla"}},{"type":"Feature","geometry":{"type":"Point","coordinates":[-100.130459,25.712843]},"properties":{"kind":"tortilleria","name":"Tortillería la Paz","fuente":"osm","osm_id":"way/225430249","shop":"tortilla"}},{"type":"Feature","geometry":{"type":"Point","coordinates":[-100.313532,25.806226]},"properties":{"kind":"tortilleria","name":"Tortillería Miravista","fuente":"osm","osm_id":"way/524659172","shop":"tortilla"}},{"type":"Feature","geometry":{"type":"Point","coordinates":[-100.313858,25.80286]},"properties":{"kind":"tortilleria","name":"","fuente":"osm","osm_id":"way/524659174","shop":"tortilla"}},{"type":"Feature","geometry":{"type":"Point","coordinates":[-100.457733,25.703163]},"properties":{"kind":"tortilleria","name":"Tortillería Ávila","fuente":"osm","osm_id":"way/708346650","shop":"tortilla"}},{"type":"Feature","geometry":{"type":"Point","coordinates":[-100.18603,25.65239]},"properties":{"kind":"tortilleria","name":"Tortillería Don José","fuente":"osm","osm_id":"way/799525307","shop":"tortilla"}},{"type":"Feature","geometry":{"type":"Point","coordinates":[-100.057578,25.794139]},"properties":{"kind":"tortilleria","name":"Tortillería Jireh","fuente":"osm","osm_id":"way/869913408","shop":"tortilla"}},{"type":"Feature","geometry":{"type":"Point","coordinates":[-100.058395,25.794946]},"properties":{"kind":"tortilleria","name":"Tortillería \"Mariali\"","fuente":"osm","osm_id":"way/869913415","shop":"tortilla"}}]}
