{"type":"FeatureCollection","name":"places_anclas_zmm","metadata":{"fuente":"places_api","endpoint":"https://places.googleapis.com/v1/places:searchText","fetched_at":"2026-09-24T22:41:22Z","request_count":151,"unique_places":2031,"counts_by_kind":{"banco":38,"express":254,"extra":1,"farmacia":435,"modelorama":348,"oxxo":478,"six":474,"soriana_express":3},"filtered_out":327,"dupes_skipped":0,"outside_clip":1,"errors":[],"clip_bbox":[-100.6592,25.558600000000002,-100.0526,25.872799999999998],"grid":[3,3],"queries":["Modelorama","Bodega Aurrera Express","Soriana Express","Oxxo","Six","Tienda Extra","Banco Azteca","Farmacia Guadalajara","Farmacia Benavides"],"post_filtered":12},"features":[{"type":"Feature","geometry":{"type":"Point","coordinates":[-100.21515699999999,25.655548]},"properties":{"name":"Banco Azteca","kind":"banco","place_id":"ChIJ-0UV2-7BYoYRVzNlnzwlk9A","address":"Av Eloy Cavazos 4508, Valles de La Silla, 67180 Guadalupe, N.L.","types":["bank","atm","insurance_agency","finance","consultant","point_of_interest","service","establishment"],"fuente":"places_api","fetched_at":"2026-09-24T22:41:22Z"}},{"type":"Feature","geometry":{"type":"Point","coordinates":[-100.320448,25.668522]},"properties":{"name":"Banco Azteca","kind":"banco","place_id":"ChIJ-UC8HSe-YoYRnV3vbp6zKrU","address":"Av. Pino Suárez 860-Sur, Centro, 64000 Monterrey, N.L.","types":["bank","atm","insurance_agency","consultant","finance","service","point_of_interest","establishment"],"fuente":"places_api","fetched_at":"2026-09-24T22:41:22Z"}},{"type":"Feature","geometry":{"type":"Point","coordinates":[-100.3722244,25.7327782]},"properties":{"name":"Banco Azteca","kind":"banco","place_id":"ChIJ3emu1OyWYoYR5_Jo_pGI3vQ","address":"Agami 5407, Valle Verde 1, 64360 Monterrey, N.L.","types":["bank","atm","insurance_agency","consultant","finance","service","point_of_interest","establishment"],"fuente":"places_api","fetched_at":"2026-09-24T22:41:22Z"}},{"type":"Feature","geometry":{"type":"Point","coordinates":[-100.4888577,25.7882768]},"properties":{"name":"Banco Azteca","kind":"banco","place_id":"ChIJ67EJMI-bYoYRERjmkCswdyc","address":"Avenida Lincoln Sin Numero Valle De Lincoln, Valle de Lincoln, 66023 García, N.L.","types":["bank","atm","insurance_agency","consultant","finance","service","point_of_interest","establishment"],"fuente":"places_api","fetched_at":"2026-09-24T22:41:22Z"}},{"type":"Feature","geometry":{"type":"Point","coordinates":[-100.46912329999999,25.674217799999997]},"properties":{"name":"Banco Azteca","kind":"banco","place_id":"ChIJ8zS763GYYoYRLdmHGEQ5Tsc","address":"Avenida Manuel Ordonez, Sta. Catarina Centro 710, Ixtlera, 66350 Cdad. Santa Catarina, N.L.","types":["bank","atm","insurance_agency","finance","consultant","point_of_interest","service","establishment"],"fuente":"places_api","fetched_at":"2026-09-24T22:41:22Z"}},{"type":"Feature","geometry":{"type":"Point","coordinates":[-100.247737,25.691087]},"properties":{"name":"Banco Azteca","kind":"banco","place_id":"ChIJ93X-S6XqYoYRCmXG36Jdvh4","address":"Av. Miguel Alemán 5024, Valles de Linda Vista, 67130 Guadalupe, N.L.","types":["bank","atm","insurance_agency","consultant","finance","service","point_of_interest","establishment"],"fuente":"places_api","fetched_at":"2026-09-24T22:41:22Z"}},{"type":"Feature","geometry":{"type":"Point","coordinates":[-100.45526149999999,25.690690399999998]},"properties":{"name":"Banco Azteca","kind":"banco","place_id":"ChIJ9bZQJ9mZYoYRx3FrqpO7Z08","address":"Luis Donaldo Colosio Murrieta 610-1Er Sector, Provivienda Del Poniente, 66129 Cdad. Santa Catarina, N.L.","types":["bank","atm","insurance_agency","consultant","finance","service","point_of_interest","establishment"],"fuente":"places_api","fetched_at":"2026-09-24T22:41:22Z"}},{"type":"Feature","geometry":{"type":"Point","coordinates":[-100.316411,25.683564]},"properties":{"name":"Banco Azteca","kind":"banco","place_id":"ChIJCd6NZW6VYoYRh6G5s2zyZwc","address":"Jose Maria Arteaga 920, Centro, 64000 Monterrey, N.L.","types":["bank","atm","insurance_agency","consultant","finance","service","point_of_interest","establishment"],"fuente":"places_api","fetched_at":"2026-09-24T22:41:22Z"}},{"type":"Feature","geometry":{"type":"Point","coordinates":[-100.435622,25.67478]},"properties":{"name":"Banco Azteca","kind":"banco","place_id":"ChIJG3UN2CWVYoYRXZJWagzFvUA","address":"Av. 2 de Octubre 127, Los Treviño, 66150 Cdad. Santa Catarina, N.L.","types":["bank","atm","insurance_agency","consultant","finance","service","point_of_interest","establishment"],"fuente":"places_api","fetched_at":"2026-09-24T22:41:22Z"}},{"type":"Feature","geometry":{"type":"Point","coordinates":[-100.3440239,25.726510299999997]},"properties":{"name":"Banco Azteca","kind":"banco","place_id":"ChIJGfK0PqeVYoYRPGOvUGWHlBo","address":"Avenida Solidaridad Antes Avenida Aztlan, Av. Aztlán Pte. 5100, Valle del Topo Chico, 64102 Monterrey, N.L.","types":["bank","atm","insurance_agency","consultant","finance","service","point_of_interest","establishment"],"fuente":"places_api","fetched_at":"2026-09-24T22:41:22Z"}},{"type":"Feature","geometry":{"type":"Point","coordinates":[-100.36716369999999,25.755815199999997]},"properties":{"name":"Banco Azteca","kind":"banco","place_id":"ChIJH4a9IiWXYoYRUd9IF5V7AUY","address":"Avenida Aztlan 8056 San Bernabe, Ii, Fomerrey 120, 64104 Monterrey, N.L.","types":["bank","atm","insurance_agency","consultant","finance","service","point_of_interest","establishment"],"fuente":"places_api","fetched_at":"2026-09-24T22:41:22Z"}},{"type":"Feature","geometry":{"type":"Point","coordinates":[-100.2559488,25.777735699999997]},"properties":{"name":"Banco Azteca","kind":"banco","place_id":"ChIJKyIkcCTtYoYRfTveV0xjdm4","address":"Av Afganistán 102, Los Fresnos I, 66636 Cdad. Apodaca, N.L.","types":["bank","atm","insurance_agency","consultant","finance","service","point_of_interest","establishment"],"fuente":"places_api","fetched_at":"2026-09-24T22:41:22Z"}},{"type":"Feature","geometry":{"type":"Point","coordinates":[-100.3110631,25.7959905]},"properties":{"name":"Banco Azteca","kind":"banco","place_id":"ChIJLcLpvPGTYoYRRMkVljvZV-Y","address":"Av. Benito Juárez 1410, Las Encinas, 66050 Cdad. Gral. Escobedo, N.L.","types":["bank","atm","insurance_agency","consultant","finance","service","point_of_interest","establishment"],"fuente":"places_api","fetched_at":"2026-09-24T22:41:22Z"}},{"type":"Feature","geometry":{"type":"Point","coordinates":[-100.322625,25.791092]},"properties":{"name":"Banco Azteca","kind":"banco","place_id":"ChIJQcon1VaTYoYRcAaiweUUt68","address":"Av. Raúl Salinas Lozano 607, Villas de Escobedo, 66056 Cdad. Gral. Escobedo, N.L.","types":["bank","atm","insurance_agency","consultant","finance","service","point_of_interest","establishment"],"fuente":"places_api","fetched_at":"2026-09-24T22:41:22Z"}},{"type":"Feature","geometry":{"type":"Point","coordinates":[-100.584702,25.794114]},"properties":{"name":"Banco Azteca","kind":"banco","place_id":"ChIJSdWTVOudYoYRINceHVdqjMU","address":"Heberto Castillo Martínez 1000, Mirador de García, 66003 García, N.L.","types":["bank","atm","insurance_agency","consultant","finance","service","point_of_interest","establishment"],"fuente":"places_api","fetched_at":"2026-09-24T22:41:22Z"}},{"type":"Feature","geometry":{"type":"Point","coordinates":[-100.38532300000001,25.778488]},"properties":{"name":"Banco Azteca","kind":"banco","place_id":"ChIJW0Iz6dCRYoYRXPls-KMO6oQ","address":"González Camarena 1001, Solidaridad, 64100 Monterrey, N.L.","types":["bank","atm","insurance_agency","consultant","finance","service","point_of_interest","establishment"],"fuente":"places_api","fetched_at":"2026-09-24T22:41:22Z"}},{"type":"Feature","geometry":{"type":"Point","coordinates":[-100.2584431,25.772327399999998]},"properties":{"name":"Banco Azteca","kind":"banco","place_id":"ChIJW4cXN_LtYoYRUIW8WNtpwqQ","address":"Avenida Manuel Herrera 101, Magnolias, 66635 Cdad. Apodaca, N.L.","types":["bank","atm","insurance_agency","consultant","finance","service","point_of_interest","establishment"],"fuente":"places_api","fetched_at":"2026-09-24T22:41:22Z"}},{"type":"Feature","geometry":{"type":"Point","coordinates":[-100.2578656,25.7141043]},"properties":{"name":"Banco Azteca","kind":"banco","place_id":"ChIJYy_sfM3qYoYRYyNcRH3Blyo","address":"Av. Félix Galván 112B-Sect 1, Constituyentes de Queretaro 1er Sector, 66490 San Nicolás de los Garza, N.L.","types":["bank","atm","insurance_agency","consultant","finance","service","point_of_interest","establishment"],"fuente":"places_api","fetched_at":"2026-09-24T22:41:22Z"}},{"type":"Feature","geometry":{"type":"Point","coordinates":[-100.3794041,25.7908103]},"properties":{"name":"Banco Azteca","kind":"banco","place_id":"ChIJ_-kaySORYoYRmr4A4QkbGmA","address":"Calle Enrique Rangel, Frias 2112, Fomerrey 35, 64209 Monterrey, N.L.","types":["bank","atm","insurance_agency","consultant","finance","service","point_of_interest","establishment"],"fuente":"places_api","fetched_at":"2026-09-24T22:41:22Z"}},{"type":"Feature","geometry":{"type":"Point","coordinates":[-100.3138859,25.8005107]},"properties":{"name":"Banco Azteca","kind":"banco","place_id":"ChIJaZo9-6STYoYRY5emNm-_t_I","address":"Avenida Benito Juarez Sin Numero, Las Encinas, 66050 Cdad. Gral. Escobedo, N.L.","types":["bank","atm","insurance_agency","consultant","finance","service","point_of_interest","establishment"],"fuente":"places_api","fetched_at":"2026-09-24T22:41:22Z"}},{"type":"Feature","geometry":{"type":"Point","coordinates":[-100.188591,25.780813]},"properties":{"name":"Banco Azteca","kind":"banco","place_id":"ChIJadu5HVftYoYRmfdacxCmMk4","address":"Gral. Ignacio Zaragoza Sur 105A, Cabecera Municipal (Apodaca), Apodaca Centro, 66600 Cdad. Apodaca, N.L.","types":["bank","atm","insurance_agency","finance","consultant","point_of_interest","service","establishment"],"fuente":"places_api","fetched_at":"2026-09-24T22:41:22Z"}},{"type":"Feature","geometry":{"type":"Point","coordinates":[-100.212133,25.689173]},"properties":{"name":"Banco Azteca","kind":"banco","place_id":"ChIJjRsyYCtayoUR2TmdT8aHNhM","address":"Av. Adolfo López Mateos 1300, La Quinta, 67170 Guadalupe, N.L.","types":["bank","atm","insurance_agency","consultant","finance","service","point_of_interest","establishment"],"fuente":"places_api","fetched_at":"2026-09-24T22:41:22Z"}},{"type":"Feature","geometry":{"type":"Point","coordinates":[-100.25318999999999,25.680104999999998]},"properties":{"name":"Banco Azteca","kind":"banco","place_id":"ChIJk6pXnwDrYoYRNCeHZuv0L8w","address":"Benito Juárez 523, Centro de Guadalupe, 67100 Guadalupe, N.L.","types":["bank","atm","insurance_agency","consultant","finance","service","point_of_interest","establishment"],"fuente":"places_api","fetched_at":"2026-09-24T22:41:22Z"}},{"type":"Feature","geometry":{"type":"Point","coordinates":[-100.366922,25.726875999999997]},"properties":{"name":"Banco Azteca","kind":"banco","place_id":"ChIJk90e_GuXYoYRcPCUKQoiXY8","address":"Av Abraham Lincoln 5245, Villa Santa Cecilia, 64150 Monterrey, N.L.","types":["bank","atm","insurance_agency","consultant","finance","service","point_of_interest","establishment"],"fuente":"places_api","fetched_at":"2026-09-24T22:41:22Z"}},{"type":"Feature","geometry":{"type":"Point","coordinates":[-100.17242499999999,25.758573]},"properties":{"name":"Banco Azteca","kind":"banco","place_id":"ChIJld1WuMzrYoYRnx2Uff0JalE","address":"Río Pilón 506, Apodaca Centro, 66600 Cdad. Apodaca, N.L.","types":["bank","atm","insurance_agency","consultant","finance","service","point_of_interest","establishment"],"fuente":"places_api","fetched_at":"2026-09-24T22:41:22Z"}},{"type":"Feature","geometry":{"type":"Point","coordinates":[-100.190369,25.7232187]},"properties":{"name":"Banco Azteca","kind":"banco","place_id":"ChIJmfGGXjbqYoYRak-GBAARz2k","address":"Blvd. Acapulco 506 B, Lomas de San Miguel, 67113 Guadalupe, N.L.","types":["bank","atm","insurance_agency","consultant","finance","service","point_of_interest","establishment"],"fuente":"places_api","fetched_at":"2026-09-24T22:41:22Z"}},{"type":"Feature","geometry":{"type":"Point","coordinates":[-100.420304,25.6723873]},"properties":{"name":"Banco Azteca","kind":"banco","place_id":"ChIJq3j7JeGXYoYRE0t-IgjWOyM","address":"Avenida Hidalgo Sin Numero, La Fama, 66100 Cdad. Santa Catarina, N.L.","types":["bank","atm","insurance_agency","consultant","finance","service","point_of_interest","establishment"],"fuente":"places_api","fetched_at":"2026-09-24T22:41:22Z"}},{"type":"Feature","geometry":{"type":"Point","coordinates":[-100.18795519999999,25.657296799999997]},"properties":{"name":"Banco Azteca","kind":"banco","place_id":"ChIJt04WX8nBYoYRKOwQs83amcM","address":"Av. Pablo Livas 700B-Oriente, Col. Tres Caminos, Sin Nombre de Col 5, 67190 Guadalupe, N.L.","types":["bank","atm","insurance_agency","finance","consultant","point_of_interest","service","establishment"],"fuente":"places_api","fetched_at":"2026-09-24T22:41:22Z"}},{"type":"Feature","geometry":{"type":"Point","coordinates":[-100.3306638,25.792171]},"properties":{"name":"Banco Azteca","kind":"banco","place_id":"ChIJwZ3kyMGTYoYRmIeNSovlzO0","address":"Av. Raúl Salinas Lozano 400, Bosques de Escobedo, 66072 Cdad. Gral. Escobedo, N.L.","types":["bank","atm","insurance_agency","consultant","finance","service","point_of_interest","establishment"],"fuente":"places_api","fetched_at":"2026-09-24T22:41:22Z"}},{"type":"Feature","geometry":{"type":"Point","coordinates":[-100.31993399999999,25.676962999999997]},"properties":{"name":"Banco Azteca","kind":"banco","place_id":"ChIJyWu4pImVYoYRgJYbooy1Ti0","address":"C. Aramberri 615, Centro, 64000 Monterrey, N.L.","types":["bank","atm","insurance_agency","consultant","finance","service","point_of_interest","establishment"],"fuente":"places_api","fetched_at":"2026-09-24T22:41:22Z"}},{"type":"Feature","geometry":{"type":"Point","coordinates":[-100.37355199999999,25.8492314]},"properties":{"name":"Banco Azteca","kind":"banco","place_id":"ChIJz-ZNPxaRYoYRRIpTAZ-MDsA","address":"Av. Paraiso 101, 66583 Buena Vista, N.L.","types":["bank","atm","insurance_agency","consultant","finance","service","point_of_interest","establishment"],"fuente":"places_api","fetched_at":"2026-09-24T22:41:22Z"}},{"type":"Feature","geometry":{"type":"Point","coordinates":[-100.3009859,25.6434419]},"properties":{"name":"Banco Azteca","kind":"banco","place_id":"ChIJz0mjTrK_YoYRaUXiaphJCUU","address":"Río Nazas 505, Jardines Roma, 64740 Monterrey, N.L.","types":["bank","atm","insurance_agency","finance","consultant","point_of_interest","service","establishment"],"fuente":"places_api","fetched_at":"2026-09-24T22:41:22Z"}},{"type":"Feature","geometry":{"type":"Point","coordinates":[-100.3186554,25.682136399999997]},"properties":{"name":"Banco Azteca (Motos a Crédito)","kind":"banco","place_id":"ChIJheohfjWVYoYRtmn4HKZYAqg","address":"Av. Pino Suárez 700, Centro, 64000 Monterrey, N.L.","types":["insurance_agency","bank","finance","store","service","point_of_interest","establishment"],"fuente":"places_api","fetched_at":"2026-09-24T22:41:22Z"}},{"type":"Feature","geometry":{"type":"Point","coordinates":[-100.30094559999999,25.643376800000002]},"properties":{"name":"Cajero Banco Azteca P19887","kind":"banco","place_id":"ChIJzcCragC_YoYRsD9XUlfyuLI","address":"Río Nazas 505, Jardines Roma, 64740 Monterrey, N.L.","types":["atm","finance","point_of_interest","establishment"],"fuente":"places_api","fetched_at":"2026-09-24T22:41:22Z"}},{"type":"Feature","geometry":{"type":"Point","coordinates":[-100.3885674,25.7731767]},"properties":{"name":"Cobranza y crédito Banco Azteca","kind":"banco","place_id":"ChIJFT96KHCRYoYRCBisp3jAGYI","address":"Barrio San Luis, 64102 Monterrey, N.L.","types":["local_government_office","government_office","association_or_organization","point_of_interest","establishment"],"fuente":"places_api","fetched_at":"2026-09-24T22:41:22Z"}},{"type":"Feature","geometry":{"type":"Point","coordinates":[-100.18983689999999,25.7796648]},"properties":{"name":"Cuartel General Banco Azteca (Apodaca)","kind":"banco","place_id":"ChIJq5NZ_ZftYoYRxBRGaRz2Ego","address":"Mariano Matamoros 103, Cabecera Municipal (Apodaca), Apodaca Centro, 66600 Cdad. Apodaca, N.L.","types":["bank","finance","point_of_interest","establishment"],"fuente":"places_api","fetched_at":"2026-09-24T22:41:22Z"}},{"type":"Feature","geometry":{"type":"Point","coordinates":[-100.34369699999999,25.726283799999997]},"properties":{"name":"Elektra Banco Azteca","kind":"banco","place_id":"ChIJQ7w6ri6UYoYRYZ-3Yg4zzBM","address":"Av. Solidaridad 5130, Valle del Topo Chico, 64259 Monterrey, N.L.","types":["bank","finance","point_of_interest","establishment"],"fuente":"places_api","fetched_at":"2026-09-24T22:41:22Z"}},{"type":"Feature","geometry":{"type":"Point","coordinates":[-100.331397,25.791859199999998]},"properties":{"name":"Oficinas De Credito Y Cobranza Banco Azteca","kind":"banco","place_id":"ChIJsW4cwMGTYoYR8YEppzKzgvk","address":"Cristóbal Colón #413, Quinto Centenario, 66072 Cdad. Gral. Escobedo, N.L.","types":["furniture_store","home_improvement_store","home_goods_store","store","service","point_of_interest","establishment"],"fuente":"places_api","fetched_at":"2026-09-24T22:41:22Z"}},{"type":"Feature","geometry":{"type":"Point","coordinates":[-100.0558769,25.7984347]},"properties":{"name":"BODEGA AURRERA EXPRESS ANTONIETA VILLA REGINA","kind":"express","place_id":"ChIJodr6cQDlYoYRrxGA4cEixA4","address":"Villas Regina 663, 66653 Pesquería, N.L.","types":["grocery_store","food_store","store","food","point_of_interest","establishment"],"fuente":"places_api","fetched_at":"2026-09-24T22:41:22Z"}},{"type":"Feature","geometry":{"type":"Point","coordinates":[-100.40456789999999,25.769982799999998]},"properties":{"name":"BODEGA AURRERA EXPRESS BARRIO ESTRELLA","kind":"express","place_id":"ChIJbQ9BzwSRYoYRzPFZHe4Gk_8","address":"Av. No Reeleccion Mz 424 L 22, Norte, Fracc. Comercial, Barrio Estrella, 64102 Monterrey, N.L.","types":["grocery_store","food_store","store","food","point_of_interest","establishment"],"fuente":"places_api","fetched_at":"2026-09-24T22:41:22Z"}},{"type":"Feature","geometry":{"type":"Point","coordinates":[-100.0998305,25.6696435]},"properties":{"name":"Bodega Aurrera Express","kind":"express","place_id":"ChIJ-3wtKD_DYoYRdEdecBq6pb8","address":"C. Vista de Pesquería 601, Vistas del Rio, 67267 Cdad. Benito Juárez, N.L.","types":["grocery_store","food_store","food","point_of_interest","store","establishment"],"fuente":"places_api","fetched_at":"2026-09-24T22:41:22Z"}},{"type":"Feature","geometry":{"type":"Point","coordinates":[-100.21923059999999,25.8074285]},"properties":{"name":"Bodega Aurrera Express","kind":"express","place_id":"ChIJ-Xuq4wbrYoYRjC73MaqtOzM","address":"Av. America Lote 38 Mz 179 Santa Rosa, Sector Norte, 66601 Ex-Hacienda Santa Rosa, N.L.","types":["grocery_store","food_store","store","food","point_of_interest","establishment"],"fuente":"places_api","fetched_at":"2026-09-24T22:41:22Z"}},{"type":"Feature","geometry":{"type":"Point","coordinates":[-100.08828729999999,25.7098391]},"properties":{"name":"Bodega Aurrera Express","kind":"express","place_id":"ChIJ-wCwfRPpYoYRFJlC-_F-C_I","address":"Av. San Francisco 900, 66670 Valle de Santa María, N.L.","types":["supermarket","grocery_store","food_store","store","food","point_of_interest","establishment"],"fuente":"places_api","fetched_at":"2026-09-24T22:41:22Z"}},{"type":"Feature","geometry":{"type":"Point","coordinates":[-100.1600503,25.6678723]},"properties":{"name":"Bodega Aurrera Express","kind":"express","place_id":"ChIJ-zjb1-vDYoYRswqttlpTjck","address":"Av. Sta. Cruz Mz 70-Lt 1, Fracc. Santa Cruz, 67205 Guadalupe, N.L.","types":["supermarket","grocery_store","food_store","store","food","point_of_interest","establishment"],"fuente":"places_api","fetched_at":"2026-09-24T22:41:22Z"}},{"type":"Feature","geometry":{"type":"Point","coordinates":[-100.20539800000002,25.6428057]},"properties":{"name":"Bodega Aurrera Express","kind":"express","place_id":"ChIJ07DwbIbBYoYRblFDIRTQUF4","address":"Manantial 3456, Campestre La Silla, 67183 Monterrey, N.L.","types":["grocery_store","food_store","store","food","point_of_interest","establishment"],"fuente":"places_api","fetched_at":"2026-09-24T22:41:22Z"}},{"type":"Feature","geometry":{"type":"Point","coordinates":[-100.19157109999999,25.6666755]},"properties":{"name":"Bodega Aurrera Express","kind":"express","place_id":"ChIJ10wYIObBYoYR2u86KcxUqS4","address":"Av. Sierra Madre Oriental Lt 1 al 5 Mz 21 Cerro de la Silla, Cerro de La Silla (U.c.), 67170 Guadalupe, N.L.","types":["grocery_store","food_store","food","point_of_interest","store","establishment"],"fuente":"places_api","fetched_at":"2026-09-24T22:41:22Z"}},{"type":"Feature","geometry":{"type":"Point","coordinates":[-100.2673123,25.791615]},"properties":{"name":"Bodega Aurrera Express","kind":"express","place_id":"ChIJ1R4dv2qTYoYRGFQglsoRA1c","address":"Avenida las Palmas & Avenida del Paraíso, 66612 Cdad. Apodaca, N.L.","types":["grocery_store","food_store","store","food","point_of_interest","establishment"],"fuente":"places_api","fetched_at":"2026-09-24T22:41:22Z"}},{"type":"Feature","geometry":{"type":"Point","coordinates":[-100.3152236,25.8592262]},"properties":{"name":"Bodega Aurrera Express","kind":"express","place_id":"ChIJ1cNR4-STYoYRutLn4YckNB0","address":"Av. Hacienda de la, Hacienda la Magdalena 201, Fraccionamiento El Jaral, 66580 Carmen, N.L.","types":["grocery_store","food_store","store","food","point_of_interest","establishment"],"fuente":"places_api","fetched_at":"2026-09-24T22:41:22Z"}},{"type":"Feature","geometry":{"type":"Point","coordinates":[-100.1747845,25.724231999999997]},"properties":{"name":"Bodega Aurrera Express","kind":"express","place_id":"ChIJ26WqnGjrYoYR2EM1pk9zqvQ","address":"Avenida Libaneses, Misión de las Flores 301-2° Sector, 66648 Cdad. Apodaca, N.L.","types":["grocery_store","food_store","food","point_of_interest","store","establishment"],"fuente":"places_api","fetched_at":"2026-09-24T22:41:22Z"}},{"type":"Feature","geometry":{"type":"Point","coordinates":[-100.32642159999999,25.663307099999997]},"properties":{"name":"Bodega Aurrera Express","kind":"express","place_id":"ChIJ2TUzmT6_YoYRYHA75Dt1uoM","address":"Calle 16 de Septiembre 1108, Independencia, 64720 Monterrey, N.L.","types":["supermarket","grocery_store","food_store","store","food","point_of_interest","establishment"],"fuente":"places_api","fetched_at":"2026-09-24T22:41:22Z"}},{"type":"Feature","geometry":{"type":"Point","coordinates":[-100.10175919999999,25.704666099999997]},"properties":{"name":"Bodega Aurrera Express","kind":"express","place_id":"ChIJ2XgDtPjpYoYRJ_DTNAohofc","address":"C. Sicilia 825, 66670 Valle de Santa María, N.L.","types":["grocery_store","food_store","food","point_of_interest","store","establishment"],"fuente":"places_api","fetched_at":"2026-09-24T22:41:22Z"}},{"type":"Feature","geometry":{"type":"Point","coordinates":[-100.2047561,25.7132129]},"properties":{"name":"Bodega Aurrera Express","kind":"express","place_id":"ChIJ4RmRs-HrYoYR44WCSRynAf8","address":"Camino de San Pedro, De La Anacua Mz 039-Lt 063, 67112 Guadalupe, N.L.","types":["grocery_store","food_store","store","food","point_of_interest","establishment"],"fuente":"places_api","fetched_at":"2026-09-24T22:41:22Z"}},{"type":"Feature","geometry":{"type":"Point","coordinates":[-100.2662465,25.780157499999998]},"properties":{"name":"Bodega Aurrera Express","kind":"express","place_id":"ChIJ5z7AC7jrYoYRzl513mreOXI","address":"Av las Palmas Mz-394, Lt -13 al 20, Valle de las Palmas, 66612 Cdad. Apodaca, N.L.","types":["grocery_store","food_store","store","food","point_of_interest","establishment"],"fuente":"places_api","fetched_at":"2026-09-24T22:41:22Z"}},{"type":"Feature","geometry":{"type":"Point","coordinates":[-100.1722241,25.730570099999998]},"properties":{"name":"Bodega Aurrera Express","kind":"express","place_id":"ChIJ60Uw4l7rYoYRRZJV83cBL8I","address":"Camino del Telefono S/N, Camino Del Telefono Sn, Alberta Escamilla, 66640 Cdad. Apodaca, N.L.","types":["grocery_store","food_store","food","point_of_interest","store","establishment"],"fuente":"places_api","fetched_at":"2026-09-24T22:41:22Z"}},{"type":"Feature","geometry":{"type":"Point","coordinates":[-100.33348989999999,25.7955921]},"properties":{"name":"Bodega Aurrera Express","kind":"express","place_id":"ChIJ7aC72v2TYoYR2xGRl10nAUs","address":"Av. Las Tres, Av. Las Torres 503, Hacienda de los Ayala, 66072 Cdad. Gral. Escobedo, N.L.","types":["grocery_store","food_store","store","food","point_of_interest","establishment"],"fuente":"places_api","fetched_at":"2026-09-24T22:41:22Z"}},{"type":"Feature","geometry":{"type":"Point","coordinates":[-100.1380575,25.666819399999998]},"properties":{"name":"Bodega Aurrera Express","kind":"express","place_id":"ChIJ8-S0lG_BYoYRj7LZi3-WM5M","address":"Profesora Marina Garza Mz 28 Lt 36 al 39 31 de Diciembre, Profra. Marina Garza B. Manzana 28 Lote 36, Treinta y Uno de Diciembre, 67190 Guadalupe, N.L.","types":["grocery_store","food_store","food","point_of_interest","store","establishment"],"fuente":"places_api","fetched_at":"2026-09-24T22:41:22Z"}},{"type":"Feature","geometry":{"type":"Point","coordinates":[-100.0593287,25.6431927]},"properties":{"name":"Bodega Aurrera Express","kind":"express","place_id":"ChIJ8R7d22jdYoYRaE3lBlDKZa0","address":"Elizama 300 Mirador San Antonio, 67255 Cdad. Benito Juárez, N.L.","types":["supermarket","grocery_store","food_store","store","food","point_of_interest","establishment"],"fuente":"places_api","fetched_at":"2026-09-24T22:41:22Z"}},{"type":"Feature","geometry":{"type":"Point","coordinates":[-100.1447407,25.7393827]},"properties":{"name":"Bodega Aurrera Express","kind":"express","place_id":"ChIJ8_Off9PpYoYR9RajkmUAOp4","address":"Camino A Rancho San Arturo Lt 01 Mz 001 Mision San Pablo, 66649 Cdad. Apodaca, N.L.","types":["grocery_store","food_store","store","food","point_of_interest","establishment"],"fuente":"places_api","fetched_at":"2026-09-24T22:41:22Z"}},{"type":"Feature","geometry":{"type":"Point","coordinates":[-100.1956721,25.651333599999997]},"properties":{"name":"Bodega Aurrera Express","kind":"express","place_id":"ChIJ934aZOjBYoYR_GzTKDFdC-4","address":"Av. Eloy Cavazo Lt 26, 27 y 28 Mz 243, Santa María Sector B, 67190 Guadalupe, N.L.","types":["supermarket","grocery_store","food_store","store","food","point_of_interest","establishment"],"fuente":"places_api","fetched_at":"2026-09-24T22:41:22Z"}},{"type":"Feature","geometry":{"type":"Point","coordinates":[-100.41785759999999,25.819733499999998]},"properties":{"name":"Bodega Aurrera Express","kind":"express","place_id":"ChIJ99O3_m6RYoYRE4AlkAAjL64","address":"San Benito de Aniane Praderas de San Francisco, 66085 Cdad. Gral. Escobedo, N.L.","types":["grocery_store","food_store","food","point_of_interest","store","establishment"],"fuente":"places_api","fetched_at":"2026-09-24T22:41:22Z"}},{"type":"Feature","geometry":{"type":"Point","coordinates":[-100.0882302,25.6217965]},"properties":{"name":"Bodega Aurrera Express","kind":"express","place_id":"ChIJ99h7ozjDYoYRjearIud0N8E","address":"Calzada Ote. 200, Praderas Oriente, 67265 Cdad. Benito Juárez, N.L.","types":["grocery_store","food_store","store","food","point_of_interest","establishment"],"fuente":"places_api","fetched_at":"2026-09-24T22:41:22Z"}},{"type":"Feature","geometry":{"type":"Point","coordinates":[-100.0795506,25.676821399999998]},"properties":{"name":"Bodega Aurrera Express","kind":"express","place_id":"ChIJ9cvJuTDdYoYRxC0p_6hT9S0","address":"Av. Sta. Clara 1000, Fraccionamiento Valle de Santa Isabel, 67288 Cdad. Benito Juárez, N.L.","types":["grocery_store","food_store","food","point_of_interest","store","establishment"],"fuente":"places_api","fetched_at":"2026-09-24T22:41:22Z"}},{"type":"Feature","geometry":{"type":"Point","coordinates":[-100.0912268,25.7978228]},"properties":{"name":"Bodega Aurrera Express","kind":"express","place_id":"ChIJA4RnWrDvYoYRCyQNCd0qb2s","address":"Blvd Rogelio Perez Arrambide (Antes, Carr. A Pesquería No 616, Fracc Colinas de Santa Engracia, 66616 Ladrillera, N.L.","types":["grocery_store","food_store","store","food","point_of_interest","establishment"],"fuente":"places_api","fetched_at":"2026-09-24T22:41:22Z"}},{"type":"Feature","geometry":{"type":"Point","coordinates":[-100.3008494,25.643392]},"properties":{"name":"Bodega Aurrera Express","kind":"express","place_id":"ChIJA7tPSbK_YoYRre3JAGwUE2E","address":"Río Nazas Lote 011, Jardines Roma, 64740 Monterrey, N.L.","types":["grocery_store","food_store","store","food","point_of_interest","establishment"],"fuente":"places_api","fetched_at":"2026-09-24T22:41:22Z"}},{"type":"Feature","geometry":{"type":"Point","coordinates":[-100.1861076,25.6098563]},"properties":{"name":"Bodega Aurrera Express","kind":"express","place_id":"ChIJAziGUgDBYoYRiKK0hsuEVig","address":"Javier Lobo Morales 603 INT, Jardines de la Silla, 67286 Jardines de la Silla, N.L.","types":["grocery_store","food_store","store","food","point_of_interest","establishment"],"fuente":"places_api","fetched_at":"2026-09-24T22:41:22Z"}},{"type":"Feature","geometry":{"type":"Point","coordinates":[-100.21363149999999,25.647315499999998]},"properties":{"name":"Bodega Aurrera Express","kind":"express","place_id":"ChIJB1NSw0XBYoYRKD7_I3hwxJE","address":"C. Pajaros Azules 5012, Nuevo Almaguer, 67183 Guadalupe, N.L.","types":["grocery_store","food_store","store","food","point_of_interest","establishment"],"fuente":"places_api","fetched_at":"2026-09-24T22:41:22Z"}},{"type":"Feature","geometry":{"type":"Point","coordinates":[-100.14764679999999,25.703119899999997]},"properties":{"name":"Bodega Aurrera Express","kind":"express","place_id":"ChIJB9IA0F7rYoYROSyHmoGdQLw","address":"Camino a San Miguel 4 Fuentes de San Miguel, Paseo de Las Fuentes, 67266 Guadalupe, N.L.","types":["grocery_store","food_store","store","food","point_of_interest","establishment"],"fuente":"places_api","fetched_at":"2026-09-24T22:41:22Z"}},{"type":"Feature","geometry":{"type":"Point","coordinates":[-100.60157339999999,25.796336699999998]},"properties":{"name":"Bodega Aurrera Express","kind":"express","place_id":"ChIJC2bRdQidYoYRAfvH6MBHzwA","address":"Av. Balcones de García 243, Balcones de García, 66006 García, N.L.","types":["grocery_store","food_store","food","point_of_interest","store","establishment"],"fuente":"places_api","fetched_at":"2026-09-24T22:41:22Z"}},{"type":"Feature","geometry":{"type":"Point","coordinates":[-100.0764591,25.6491759]},"properties":{"name":"Bodega Aurrera Express","kind":"express","place_id":"ChIJCw6mUyTdYoYREkr_G6XN2uQ","address":"Rosa Blanca 101, Mirador del Parque, 67254 Cdad. Benito Juárez, N.L.","types":["grocery_store","food_store","store","food","point_of_interest","establishment"],"fuente":"places_api","fetched_at":"2026-09-24T22:41:22Z"}},{"type":"Feature","geometry":{"type":"Point","coordinates":[-100.58752009999999,25.7859964]},"properties":{"name":"Bodega Aurrera Express","kind":"express","place_id":"ChIJCwH6E6WdYoYR0Pn-v0O5OmI","address":"Calle esquina Ficus y, Abeto S/N, Las Arboledas, 66004 García, N.L.","types":["grocery_store","food_store","food","point_of_interest","store","establishment"],"fuente":"places_api","fetched_at":"2026-09-24T22:41:22Z"}},{"type":"Feature","geometry":{"type":"Point","coordinates":[-100.13521469999999,25.6170571]},"properties":{"name":"Bodega Aurrera Express","kind":"express","place_id":"ChIJDQdxYADDYoYR1_g53oTAC8E","address":"Calle San Antonio 402 Fraccionamiento San Francisco, 67280 Cdad. Benito Juárez, N.L.","types":["grocery_store","food_store","store","food","point_of_interest","establishment"],"fuente":"places_api","fetched_at":"2026-09-24T22:41:22Z"}},{"type":"Feature","geometry":{"type":"Point","coordinates":[-100.08831710000001,25.6339541]},"properties":{"name":"Bodega Aurrera Express","kind":"express","place_id":"ChIJDTB4SC7DYoYReKZhrUvSWNs","address":"Av. Colinas de la Morena 123, Colinas de San Juan(Colinas de La Morena), 67262 Cdad. Benito Juárez, N.L.","types":["grocery_store","food_store","store","food","point_of_interest","establishment"],"fuente":"places_api","fetched_at":"2026-09-24T22:41:22Z"}},{"type":"Feature","geometry":{"type":"Point","coordinates":[-100.1324606,25.8513342]},"properties":{"name":"Bodega Aurrera Express","kind":"express","place_id":"ChIJDYQWrXLvYoYR5ISWs9bldGU","address":"Av. Sta. Elena 300, Valle de Santa Elena, 65776 Valle de Santa Elena, N.L.","types":["grocery_store","food_store","store","food","point_of_interest","establishment"],"fuente":"places_api","fetched_at":"2026-09-24T22:41:22Z"}},{"type":"Feature","geometry":{"type":"Point","coordinates":[-100.28700529999999,25.7021049]},"properties":{"name":"Bodega Aurrera Express","kind":"express","place_id":"ChIJE2VBrfaVYoYRDBKpxDeNRm4","address":"C. Pablo A. de La Garza 2332, Moderna, 64530 Monterrey, N.L.","types":["grocery_store","food_store","store","food","point_of_interest","establishment"],"fuente":"places_api","fetched_at":"2026-09-24T22:41:22Z"}},{"type":"Feature","geometry":{"type":"Point","coordinates":[-100.30621649999999,25.856422799999997]},"properties":{"name":"Bodega Aurrera Express","kind":"express","place_id":"ChIJE9eAy9OTYoYRcBL3TI2fs9k","address":"Av. Arco del Triunfo 1019, Privada los Prados, 66580 Carmen, N.L.","types":["grocery_store","food_store","store","food","point_of_interest","establishment"],"fuente":"places_api","fetched_at":"2026-09-24T22:41:22Z"}},{"type":"Feature","geometry":{"type":"Point","coordinates":[-100.2264167,25.7321432]},"properties":{"name":"Bodega Aurrera Express","kind":"express","place_id":"ChIJE9yex5nrYoYRLDIMeOfBJrU","address":"Av. Las Torres Lt 8-Mz 368, Rincon de Los Angeles, 66478 San Nicolás de los Garza, N.L.","types":["grocery_store","food_store","food","point_of_interest","store","establishment"],"fuente":"places_api","fetched_at":"2026-09-24T22:41:22Z"}},{"type":"Feature","geometry":{"type":"Point","coordinates":[-100.6342122,25.806759]},"properties":{"name":"Bodega Aurrera Express","kind":"express","place_id":"ChIJETwsgboniIYR5yphjj3AE3g","address":"Juárez 1017, Hacienda del Renacimiento, 66008 García, N.L.","types":["supermarket","grocery_store","food_store","food","point_of_interest","store","establishment"],"fuente":"places_api","fetched_at":"2026-09-24T22:41:22Z"}},{"type":"Feature","geometry":{"type":"Point","coordinates":[-100.314633,25.7846223]},"properties":{"name":"Bodega Aurrera Express","kind":"express","place_id":"ChIJF7D2C0eTYoYRFnhBfMUbM0s","address":"Av. Las Torres 207, Roble Nuevo, 66055 Cdad. Gral. Escobedo, N.L.","types":["grocery_store","food_store","food","point_of_interest","store","establishment"],"fuente":"places_api","fetched_at":"2026-09-24T22:41:22Z"}},{"type":"Feature","geometry":{"type":"Point","coordinates":[-100.20230079999999,25.6631891]},"properties":{"name":"Bodega Aurrera Express","kind":"express","place_id":"ChIJG7wOOMbBYoYRjPtfvq0XZfk","address":"Av. Pablo Livas 1201, Fomerrey, 67190 Guadalupe, N.L.","types":["grocery_store","food_store","store","food","point_of_interest","establishment"],"fuente":"places_api","fetched_at":"2026-09-24T22:41:22Z"}},{"type":"Feature","geometry":{"type":"Point","coordinates":[-100.11713019999999,25.6314876]},"properties":{"name":"Bodega Aurrera Express","kind":"express","place_id":"ChIJGZ2tnNDDYoYRj4lEDguB_80","address":"Av. los Cantaros 506, Los Cantaros, 67266 Cdad. Benito Juárez, N.L.","types":["grocery_store","food_store","store","food","point_of_interest","establishment"],"fuente":"places_api","fetched_at":"2026-09-24T22:41:22Z"}},{"type":"Feature","geometry":{"type":"Point","coordinates":[-100.489917,25.7819587]},"properties":{"name":"Bodega Aurrera Express","kind":"express","place_id":"ChIJHWG2xSubYoYRnvOGWwZwjSI","address":"Av. Sta. Maria 136-3er Sector, Santa María, 66037 García, N.L.","types":["grocery_store","food_store","food","point_of_interest","store","establishment"],"fuente":"places_api","fetched_at":"2026-09-24T22:41:22Z"}},{"type":"Feature","geometry":{"type":"Point","coordinates":[-100.1860406,25.642531]},"properties":{"name":"Bodega Aurrera Express","kind":"express","place_id":"ChIJHctjtQvBYoYRt3Rgl2gnF9k","address":"Av. Jardines de la Silla Manzana 31 Lote 30-AL 31, Tierra Propia, 67190 Guadalupe, N.L.","types":["grocery_store","food_store","store","food","point_of_interest","establishment"],"fuente":"places_api","fetched_at":"2026-09-24T22:41:22Z"}},{"type":"Feature","geometry":{"type":"Point","coordinates":[-100.4104892,25.8192575]},"properties":{"name":"Bodega Aurrera Express","kind":"express","place_id":"ChIJHzGDRluQYoYRhE4Ggod__DY","address":"Juan Pablo II Lt 7 Mz 97 Praderas de San Francisco, 66085 Cdad. Gral. Escobedo, N.L.","types":["grocery_store","food_store","food","point_of_interest","store","establishment"],"fuente":"places_api","fetched_at":"2026-09-24T22:41:22Z"}},{"type":"Feature","geometry":{"type":"Point","coordinates":[-100.3766723,25.7942826]},"properties":{"name":"Bodega Aurrera Express","kind":"express","place_id":"ChIJI0eHr_2RYoYRmvfwqOoWicA","address":"Epicalia 2100, Fomerrey 35, 64102 Monterrey, N.L.","types":["supermarket","grocery_store","food_store","food","point_of_interest","store","establishment"],"fuente":"places_api","fetched_at":"2026-09-24T22:41:22Z"}},{"type":"Feature","geometry":{"type":"Point","coordinates":[-100.2417696,25.781298099999997]},"properties":{"name":"Bodega Aurrera Express","kind":"express","place_id":"ChIJI3KByePtYoYRvxhRXdNeR1M","address":"Yuca 601-Segundo Sector, Los Ebanos, 66612 Cdad. Apodaca, N.L.","types":["grocery_store","food_store","store","food","point_of_interest","establishment"],"fuente":"places_api","fetched_at":"2026-09-24T22:41:22Z"}},{"type":"Feature","geometry":{"type":"Point","coordinates":[-100.28439709999999,25.6885963]},"properties":{"name":"Bodega Aurrera Express","kind":"express","place_id":"ChIJI3wS2WeVYoYRvAZIowIR4EY","address":"Idelfonso Vázquez 1722, Fabriles, 64550 Monterrey, N.L.","types":["grocery_store","food_store","store","food","point_of_interest","establishment"],"fuente":"places_api","fetched_at":"2026-09-24T22:41:22Z"}},{"type":"Feature","geometry":{"type":"Point","coordinates":[-100.4645721,25.795260499999998]},"properties":{"name":"Bodega Aurrera Express","kind":"express","place_id":"ChIJIQ8mA12aYoYRU1A2oCsth1Q","address":"Antiguo Camino A San José 1501, Valle de Lincoln Sector San José, 66026 García, N.L.","types":["grocery_store","food_store","food","point_of_interest","store","establishment"],"fuente":"places_api","fetched_at":"2026-09-24T22:41:22Z"}},{"type":"Feature","geometry":{"type":"Point","coordinates":[-100.3309171,25.7838168]},"properties":{"name":"Bodega Aurrera Express","kind":"express","place_id":"ChIJIcYsztOTYoYRPiSilUVfHYM","address":"Av. Acueducto 216 Lt 1 Hacienda del Topo Segundo Sector, Hacienda del Topo, 66072 Cdad. Gral. Escobedo, N.L.","types":["grocery_store","food_store","store","food","point_of_interest","establishment"],"fuente":"places_api","fetched_at":"2026-09-24T22:41:22Z"}},{"type":"Feature","geometry":{"type":"Point","coordinates":[-100.15475289999999,25.6154467]},"properties":{"name":"Bodega Aurrera Express","kind":"express","place_id":"ChIJJ1o4QL7DYoYRZgQbt8L3ACM","address":"Carr. a San Roque 1300, Viviendas Magdalena, 67280 Cdad. Benito Juárez, N.L.","types":["grocery_store","food_store","store","food","point_of_interest","establishment"],"fuente":"places_api","fetched_at":"2026-09-24T22:41:22Z"}},{"type":"Feature","geometry":{"type":"Point","coordinates":[-100.1908552,25.784656100000003]},"properties":{"name":"Bodega Aurrera Express","kind":"express","place_id":"ChIJMaht_PrtYoYRXQzhbjGoTMs","address":"Carretera Apodaca - Santa Rosa Lt 9 y 11 Mz 8, Cabecera Municipal (Apodaca), Centro, 66600 Cdad. Apodaca, N.L.","types":["grocery_store","food_store","store","food","point_of_interest","establishment"],"fuente":"places_api","fetched_at":"2026-09-24T22:41:22Z"}},{"type":"Feature","geometry":{"type":"Point","coordinates":[-100.2454217,25.7498816]},"properties":{"name":"Bodega Aurrera Express","kind":"express","place_id":"ChIJN7vSUanrYoYR8wvljAbulQI","address":"Av. Las Torres Lt 1-Mz 25, Jardines del Mezquital, 66400 San Nicolás de los Garza, N.L.","types":["grocery_store","food_store","store","food","point_of_interest","establishment"],"fuente":"places_api","fetched_at":"2026-09-24T22:41:22Z"}},{"type":"Feature","geometry":{"type":"Point","coordinates":[-100.1203918,25.698686499999997]},"properties":{"name":"Bodega Aurrera Express","kind":"express","place_id":"ChIJNVqS57HpYoYRW3-bRbrAVhw","address":"66647 Cdad. Apodaca, N.L.","types":["convenience_store","food_store","food","point_of_interest","store","establishment"],"fuente":"places_api","fetched_at":"2026-09-24T22:41:22Z"}},{"type":"Feature","geometry":{"type":"Point","coordinates":[-100.19227740000001,25.716987099999997]},"properties":{"name":"Bodega Aurrera Express","kind":"express","place_id":"ChIJNXnpaYbBYoYR8EEiJF4uJEo","address":"Av. Mexico 800-int 10, Parque Industrial, Avante, 67190 Guadalupe, N.L.","types":["grocery_store","food_store","store","food","point_of_interest","establishment"],"fuente":"places_api","fetched_at":"2026-09-24T22:41:22Z"}},{"type":"Feature","geometry":{"type":"Point","coordinates":[-100.13006329999999,25.6210745]},"properties":{"name":"Bodega Aurrera Express","kind":"express","place_id":"ChIJNyB2qgzDYoYRZE34FP8YIBk","address":"Blvd. San Francisco 398, Fraccionamiento San Francisco, 67280 Cdad. Benito Juárez, N.L.","types":["grocery_store","food_store","store","food","point_of_interest","establishment"],"fuente":"places_api","fetched_at":"2026-09-24T22:41:22Z"}},{"type":"Feature","geometry":{"type":"Point","coordinates":[-100.18786279999999,25.693912200000003]},"properties":{"name":"Bodega Aurrera Express","kind":"express","place_id":"ChIJO2IvI2DrYoYRjWYgPH9YuYI","address":"Av. Principal Mz 20 Lt 13 al 17, Principal MZ 20 LT 13, Nuevo San Miguel, 67116 Guadalupe, N.L.","types":["grocery_store","food_store","store","food","point_of_interest","establishment"],"fuente":"places_api","fetched_at":"2026-09-24T22:41:22Z"}},{"type":"Feature","geometry":{"type":"Point","coordinates":[-100.34376379999999,25.7956918]},"properties":{"name":"Bodega Aurrera Express","kind":"express","place_id":"ChIJO6WIANyTYoYRXVy9weSnet8","address":"Av. Union 300, Mirasur, 66070 Cdad. Gral. Escobedo, N.L.","types":["grocery_store","food_store","food","point_of_interest","store","establishment"],"fuente":"places_api","fetched_at":"2026-09-24T22:41:22Z"}},{"type":"Feature","geometry":{"type":"Point","coordinates":[-100.31231679999999,25.8079391]},"properties":{"name":"Bodega Aurrera Express","kind":"express","place_id":"ChIJObkVGjWTYoYRjMyUTRnM7OY","address":"Av. Hidalgo, Miravista Int. Lote 603, Miravista Residencial, 66050 Cdad. Gral. Escobedo, N.L.","types":["grocery_store","food_store","food","point_of_interest","store","establishment"],"fuente":"places_api","fetched_at":"2026-09-24T22:41:22Z"}},{"type":"Feature","geometry":{"type":"Point","coordinates":[-100.10584200000001,25.8205623]},"properties":{"name":"Bodega Aurrera Express","kind":"express","place_id":"ChIJOe7p28LvYoYRVfuhTXhpdtU","address":"Av. Monterrey Lt 22 y 23 MZ 130, 66672 Colinas del Aeropuerto, N.L.","types":["grocery_store","food_store","store","food","point_of_interest","establishment"],"fuente":"places_api","fetched_at":"2026-09-24T22:41:22Z"}},{"type":"Feature","geometry":{"type":"Point","coordinates":[-100.0787434,25.6535294]},"properties":{"name":"Bodega Aurrera Express","kind":"express","place_id":"ChIJP7fOJx_dYoYRnY-QopwsQLY","address":"Paseo de San Juan 112 Mirador de San Antonio, Villas de San Jose, 67255 Cdad. Benito Juárez, N.L.","types":["grocery_store","food_store","store","food","point_of_interest","establishment"],"fuente":"places_api","fetched_at":"2026-09-24T22:41:22Z"}},{"type":"Feature","geometry":{"type":"Point","coordinates":[-100.1003662,25.690275200000002]},"properties":{"name":"Bodega Aurrera Express","kind":"express","place_id":"ChIJPUds9BHpYoYR6dUIQ5c6tac","address":"Gales 1313 4ta Sección Los Puertos, 67258 Cdad. Benito Juárez, N.L.","types":["grocery_store","food_store","store","food","point_of_interest","establishment"],"fuente":"places_api","fetched_at":"2026-09-24T22:41:22Z"}},{"type":"Feature","geometry":{"type":"Point","coordinates":[-100.14227380000001,25.6500213]},"properties":{"name":"Bodega Aurrera Express","kind":"express","place_id":"ChIJPe4_E_LDYoYRHcEwNkAJz9o","address":"Portal de San Roque, Carr. a San Roque 98, América Unida, 67277 Cdad. Benito Juárez, N.L.","types":["grocery_store","food_store","store","food","point_of_interest","establishment"],"fuente":"places_api","fetched_at":"2026-09-24T22:41:22Z"}},{"type":"Feature","geometry":{"type":"Point","coordinates":[-100.40648589999999,25.840236899999997]},"properties":{"name":"Bodega Aurrera Express","kind":"express","place_id":"ChIJQ1ur-GeRYoYR1m80vcqdAa0","address":"Av. Constitución 1204, Laderas de San Miguel, 3a etapa, 66086 Cdad. Gral. Escobedo, N.L.","types":["grocery_store","food_store","store","food","point_of_interest","establishment"],"fuente":"places_api","fetched_at":"2026-09-24T22:41:22Z"}},{"type":"Feature","geometry":{"type":"Point","coordinates":[-100.1091811,25.660894]},"properties":{"name":"Bodega Aurrera Express","kind":"express","place_id":"ChIJQWpDbeTDYoYRuOjTWBcyveE","address":"Rio Orton 101, Terranova Residencial, 67267 Cdad. Benito Juárez, N.L.","types":["grocery_store","food_store","store","food","point_of_interest","establishment"],"fuente":"places_api","fetched_at":"2026-09-24T22:41:22Z"}},{"type":"Feature","geometry":{"type":"Point","coordinates":[-100.5860659,25.8242664]},"properties":{"name":"Bodega Aurrera Express","kind":"express","place_id":"ChIJR89Pj6edYoYRHIzb6ZlBFpk","address":"Blvd. las Plazas 350, Fraccionamiento Alameda, 66009 García, N.L.","types":["grocery_store","food_store","food","point_of_interest","store","establishment"],"fuente":"places_api","fetched_at":"2026-09-24T22:41:22Z"}},{"type":"Feature","geometry":{"type":"Point","coordinates":[-100.20704769999999,25.699475399999997]},"properties":{"name":"Bodega Aurrera Express","kind":"express","place_id":"ChIJRRYuw5XrYoYRrj3CKACedBk","address":"Anenecuilco, Hda. S. Rafael 4720, Valle de San Rafael, 67118 Guadalupe, N.L.","types":["grocery_store","food_store","store","food","point_of_interest","establishment"],"fuente":"places_api","fetched_at":"2026-09-24T22:41:22Z"}},{"type":"Feature","geometry":{"type":"Point","coordinates":[-100.2550232,25.717363799999998]},"properties":{"name":"Bodega Aurrera Express","kind":"express","place_id":"ChIJSWiPM1frYoYRNedgPEPXkpM","address":"Gral. Salvador Alvarado 301, Constituyentes de Queretaro 3er Sector, 66490 San Nicolás de los Garza, N.L.","types":["grocery_store","food_store","store","food","point_of_interest","establishment"],"fuente":"places_api","fetched_at":"2026-09-24T22:41:22Z"}},{"type":"Feature","geometry":{"type":"Point","coordinates":[-100.1429524,25.7274054]},"properties":{"name":"Bodega Aurrera Express","kind":"express","place_id":"ChIJSYUgaHnpYoYR9qRgEZs0f00","address":"PVG4+XJ, 66643 Campestre Huinalá, N.L.","types":["grocery_store","food_store","store","food","point_of_interest","establishment"],"fuente":"places_api","fetched_at":"2026-09-24T22:41:22Z"}},{"type":"Feature","geometry":{"type":"Point","coordinates":[-100.15439909999999,25.628210700000004]},"properties":{"name":"Bodega Aurrera Express","kind":"express","place_id":"ChIJSyLCcIHDYoYRJnOsh3KG15E","address":"Hacienda Madrid 100-Manzana 009 Lote 001, Hacienda San Marcos, 67276 Cdad. Benito Juárez, N.L.","types":["grocery_store","food_store","store","food","point_of_interest","establishment"],"fuente":"places_api","fetched_at":"2026-09-24T22:41:22Z"}},{"type":"Feature","geometry":{"type":"Point","coordinates":[-100.23917999999999,25.7762586]},"properties":{"name":"Bodega Aurrera Express","kind":"express","place_id":"ChIJTYYWBQDtYoYRtp8vdwCdr8w","address":"Calle Camino Real a Sta. Rosa 100, Santa Cecilia, 66636 Cdad. Apodaca, N.L.","types":["grocery_store","food_store","store","food","point_of_interest","establishment"],"fuente":"places_api","fetched_at":"2026-09-24T22:41:22Z"}},{"type":"Feature","geometry":{"type":"Point","coordinates":[-100.35733069999999,25.730158]},"properties":{"name":"Bodega Aurrera Express","kind":"express","place_id":"ChIJUyUfHx-XYoYRjA6wb6fcz5g","address":"C. No Reelección Manzana 696 Lote 38, Mitra Dorada, 64159 Monterrey, N.L.","types":["grocery_store","food_store","store","food","point_of_interest","establishment"],"fuente":"places_api","fetched_at":"2026-09-24T22:41:22Z"}},{"type":"Feature","geometry":{"type":"Point","coordinates":[-100.232033,25.8187018]},"properties":{"name":"Bodega Aurrera Express","kind":"express","place_id":"ChIJV27ZZKTtYoYRr3uY1QaTGkY","address":"Avenida Real de Santa Rosa Lt 1 a 10 Mz 184, Ventura de Santa Rosa, 66610 Cdad. Apodaca, N.L.","types":["grocery_store","food_store","store","food","point_of_interest","establishment"],"fuente":"places_api","fetched_at":"2026-09-24T22:41:22Z"}},{"type":"Feature","geometry":{"type":"Point","coordinates":[-100.5951135,25.776697]},"properties":{"name":"Bodega Aurrera Express","kind":"express","place_id":"ChIJV8AadPadYoYRv9dSKzZ6QvA","address":"Av. P.º del Prado Mz 141-Lt 78, Urbivilla del Prado, 66004 García, N.L.","types":["grocery_store","food_store","store","food","point_of_interest","establishment"],"fuente":"places_api","fetched_at":"2026-09-24T22:41:22Z"}},{"type":"Feature","geometry":{"type":"Point","coordinates":[-100.4659997,25.790245600000002]},"properties":{"name":"Bodega Aurrera Express","kind":"express","place_id":"ChIJXZOoP66bYoYRAnsuYoTHbMA","address":"Av. los Parques 700, 66023 Los Parques, N.L.","types":["grocery_store","food_store","food","point_of_interest","store","establishment"],"fuente":"places_api","fetched_at":"2026-09-24T22:41:22Z"}},{"type":"Feature","geometry":{"type":"Point","coordinates":[-100.080567,25.6034401]},"properties":{"name":"Bodega Aurrera Express","kind":"express","place_id":"ChIJY19dX4TDYoYRik0lxtKHvNc","address":"Av. del Roble 808, Valle del Roble, 67458 Cadereyta Jiménez, N.L.","types":["grocery_store","food_store","store","food","point_of_interest","establishment"],"fuente":"places_api","fetched_at":"2026-09-24T22:41:22Z"}},{"type":"Feature","geometry":{"type":"Point","coordinates":[-100.3364091,25.7864841]},"properties":{"name":"Bodega Aurrera Express","kind":"express","place_id":"ChIJYYw0mnqTYoYRRl0qZ5SCkBI","address":"Cerro del Tepeyac 128, Provileón, 66070 Cdad. Gral. Escobedo, N.L.","types":["supermarket","grocery_store","food_store","food","point_of_interest","store","establishment"],"fuente":"places_api","fetched_at":"2026-09-24T22:41:22Z"}},{"type":"Feature","geometry":{"type":"Point","coordinates":[-100.4215718,25.7960209]},"properties":{"name":"Bodega Aurrera Express","kind":"express","place_id":"ChIJZU41oSuRYoYRqNd-BvZMZ7k","address":"San Martin Lt 1-Mz 12, Villas de San Martín, 66005 García, N.L.","types":["grocery_store","food_store","food","point_of_interest","store","establishment"],"fuente":"places_api","fetched_at":"2026-09-24T22:41:22Z"}},{"type":"Feature","geometry":{"type":"Point","coordinates":[-100.2928606,25.781504299999998]},"properties":{"name":"Bodega Aurrera Express","kind":"express","place_id":"ChIJZbP5yh2TYoYRK2cLaRxDl5o","address":"Av. Benito Juárez Mz 018-Lt 003, Ex Hacienda el Cañada, 66054 Cdad. Gral. Escobedo, N.L.","types":["supermarket","grocery_store","food_store","food","point_of_interest","store","establishment"],"fuente":"places_api","fetched_at":"2026-09-24T22:41:22Z"}},{"type":"Feature","geometry":{"type":"Point","coordinates":[-100.1655986,25.609699499999998]},"properties":{"name":"Bodega Aurrera Express","kind":"express","place_id":"ChIJZdIkTcDDYoYR07apyqiv5Bg","address":"Acueducto, Av. Valle Real 121 y 122, 67280 Cdad. Benito Juárez, N.L.","types":["supermarket","grocery_store","food_store","store","food","point_of_interest","establishment"],"fuente":"places_api","fetched_at":"2026-09-24T22:41:22Z"}},{"type":"Feature","geometry":{"type":"Point","coordinates":[-100.4243575,25.682602199999998]},"properties":{"name":"Bodega Aurrera Express","kind":"express","place_id":"ChIJ__9j6O6XYoYRGlhCnofc2Lk","address":"Av. Manuel Jesus Clouthier N° 125, La Fama, 66356 Cdad. Santa Catarina, N.L.","types":["department_store","store","point_of_interest","establishment"],"fuente":"places_api","fetched_at":"2026-09-24T22:41:22Z"}},{"type":"Feature","geometry":{"type":"Point","coordinates":[-100.56085730000001,25.792297299999998]},"properties":{"name":"Bodega Aurrera Express","kind":"express","place_id":"ChIJa0j1xmmdYoYR-tEPVKtMCQ4","address":"Av. Paseo de los Leones 102 Valle del Fraile Hacienda del Sol Sector 3B, Hacienda del Sol, 66005 García, N.L.","types":["supermarket","grocery_store","food_store","food","point_of_interest","store","establishment"],"fuente":"places_api","fetched_at":"2026-09-24T22:41:22Z"}},{"type":"Feature","geometry":{"type":"Point","coordinates":[-100.22402849999999,25.6845052]},"properties":{"name":"Bodega Aurrera Express","kind":"express","place_id":"ChIJa1cEAHvrYoYRtuqNG_Oq8mI","address":"Av. Plutarco Elias Calles 3025 y 3027, Riberas del Río, 67160 Guadalupe, N.L.","types":["grocery_store","food_store","store","food","point_of_interest","establishment"],"fuente":"places_api","fetched_at":"2026-09-24T22:41:22Z"}},{"type":"Feature","geometry":{"type":"Point","coordinates":[-100.24661139999999,25.741310199999997]},"properties":{"name":"Bodega Aurrera Express","kind":"express","place_id":"ChIJa7qI8fbrYoYRmMueyg4DCSc","address":"Av. Las Torres 800, Unidad Laboral 1er Sector, 66445 San Nicolás de los Garza, N.L.","types":["grocery_store","food_store","food","point_of_interest","store","establishment"],"fuente":"places_api","fetched_at":"2026-09-24T22:41:22Z"}},{"type":"Feature","geometry":{"type":"Point","coordinates":[-100.4592794,25.771090899999997]},"properties":{"name":"Bodega Aurrera Express","kind":"express","place_id":"ChIJaTeJGwCbYoYRnsOYjDtFDec","address":"Prolongacion Ruiz Cortinez 2606, Cumbres La Rioja, 66036 Mitras Poniente, N.L.","types":["grocery_store","food_store","food","point_of_interest","store","establishment"],"fuente":"places_api","fetched_at":"2026-09-24T22:41:22Z"}},{"type":"Feature","geometry":{"type":"Point","coordinates":[-100.3055935,25.8014679]},"properties":{"name":"Bodega Aurrera Express","kind":"express","place_id":"ChIJbRm39yeTYoYRHypTQr-VzUE","address":"Río de La Plata Manzana 60 Lote 1, Jardines del Canadá, 66050 Cdad. Gral. Escobedo, N.L.","types":["grocery_store","food_store","food","point_of_interest","store","establishment"],"fuente":"places_api","fetched_at":"2026-09-24T22:41:22Z"}},{"type":"Feature","geometry":{"type":"Point","coordinates":[-100.0576746,25.794042899999997]},"properties":{"name":"Bodega Aurrera Express","kind":"express","place_id":"ChIJbzKor4LlYoYRy21eNERbRSk","address":"Villas Regina 126, VILLAS REGINA, 66653 Pesquería, N.L.","types":["supermarket","grocery_store","food_store","store","food","point_of_interest","establishment"],"fuente":"places_api","fetched_at":"2026-09-24T22:41:22Z"}},{"type":"Feature","geometry":{"type":"Point","coordinates":[-100.2405271,25.7723103]},"properties":{"name":"Bodega Aurrera Express","kind":"express","place_id":"ChIJc9oQ6_TrYoYR8uwH0-aEpTc","address":"Av. Honduras, Fraccionamiento Cda. Providencia 259, Sin Nombre de Col 10, 66630 Cdad. Apodaca, N.L.","types":["grocery_store","food_store","store","food","point_of_interest","establishment"],"fuente":"places_api","fetched_at":"2026-09-24T22:41:22Z"}},{"type":"Feature","geometry":{"type":"Point","coordinates":[-100.0807229,25.654065]},"properties":{"name":"Bodega Aurrera Express","kind":"express","place_id":"ChIJcSuZEFLDYoYRBgIkDOcONsI","address":"Teófilo Salinas Garza 633-N° 633, Villas de San Juan, 67254 Cdad. Benito Juárez, N.L.","types":["grocery_store","food_store","store","food","point_of_interest","establishment"],"fuente":"places_api","fetched_at":"2026-09-24T22:41:22Z"}},{"type":"Feature","geometry":{"type":"Point","coordinates":[-100.24751789999999,25.7633195]},"properties":{"name":"Bodega Aurrera Express","kind":"express","place_id":"ChIJdVaD7FrrYoYR7DdOWKMDmdE","address":"Constitución 900, Residencial La Hacienda, Villas de Escobedo II, 66636 Cdad. Apodaca, N.L.","types":["grocery_store","food_store","store","food","point_of_interest","establishment"],"fuente":"places_api","fetched_at":"2026-09-24T22:41:22Z"}},{"type":"Feature","geometry":{"type":"Point","coordinates":[-100.36739709999999,25.806225899999998]},"properties":{"name":"Bodega Aurrera Express","kind":"express","place_id":"ChIJe6yfM_qRYoYRvEpD41lsbbI","address":"Titanio Manzana 340 Lote 3, Jardines de San Martín, 66061 Cdad. Gral. Escobedo, N.L.","types":["grocery_store","food_store","food","point_of_interest","store","establishment"],"fuente":"places_api","fetched_at":"2026-09-24T22:41:22Z"}},{"type":"Feature","geometry":{"type":"Point","coordinates":[-100.1648712,25.6576538]},"properties":{"name":"Bodega Aurrera Express","kind":"express","place_id":"ChIJe7u09gHDYoYRKuEpAjynmWs","address":"Av. Del Bosque 105, Col Paseo de Guadalupe, 67199 Guadalupe, N.L.","types":["supermarket","grocery_store","food_store","store","food","point_of_interest","establishment"],"fuente":"places_api","fetched_at":"2026-09-24T22:41:22Z"}},{"type":"Feature","geometry":{"type":"Point","coordinates":[-100.15757389999999,25.7308172]},"properties":{"name":"Bodega Aurrera Express","kind":"express","place_id":"ChIJe_PTjjbpYoYRDWv8XOJYcaI","address":"Av. Rhodesia del Nte. 441, Misión Real, 66648 Cdad. Apodaca, N.L.","types":["grocery_store","food_store","store","food","point_of_interest","establishment"],"fuente":"places_api","fetched_at":"2026-09-24T22:41:22Z"}},{"type":"Feature","geometry":{"type":"Point","coordinates":[-100.37449199999999,25.781101399999997]},"properties":{"name":"Bodega Aurrera Express","kind":"express","place_id":"ChIJf-FnsXGRYoYROyRmH61Z9MU","address":"Av. Camino Real 1601, Croc, 64200 Monterrey, N.L.","types":["grocery_store","food_store","store","food","point_of_interest","establishment"],"fuente":"places_api","fetched_at":"2026-09-24T22:41:22Z"}},{"type":"Feature","geometry":{"type":"Point","coordinates":[-100.2225723,25.6756879]},"properties":{"name":"Bodega Aurrera Express","kind":"express","place_id":"ChIJfZV-zIzBYoYR1uYcCRCEYXU","address":"Av. Camino Real Mz 2-Lt 44, Guadalupe Chávez, 67170 Guadalupe, N.L.","types":["grocery_store","food_store","store","food","point_of_interest","establishment"],"fuente":"places_api","fetched_at":"2026-09-24T22:41:22Z"}},{"type":"Feature","geometry":{"type":"Point","coordinates":[-100.367701,25.8476414]},"properties":{"name":"Bodega Aurrera Express","kind":"express","place_id":"ChIJfePw5eWRYoYRoZyj7W4cDBo","address":"Tordo Mz 01-Lote 12, Villas de San Francisco, 66062 Cdad. Gral. Escobedo, N.L.","types":["grocery_store","food_store","food","point_of_interest","store","establishment"],"fuente":"places_api","fetched_at":"2026-09-24T22:41:22Z"}},{"type":"Feature","geometry":{"type":"Point","coordinates":[-100.4813484,25.806378199999997]},"properties":{"name":"Bodega Aurrera Express","kind":"express","place_id":"ChIJg0Mia7abYoYRJw2JkX7tHzk","address":"Av. Cordillera 511, 66001 Valle de Lincoln, N.L.","types":["grocery_store","food_store","food","point_of_interest","store","establishment"],"fuente":"places_api","fetched_at":"2026-09-24T22:41:22Z"}},{"type":"Feature","geometry":{"type":"Point","coordinates":[-100.11984009999999,25.6228703]},"properties":{"name":"Bodega Aurrera Express","kind":"express","place_id":"ChIJg5jiot3DYoYRUrLLzQzbybg","address":"Cam. a San Roque 170, Fuentes del Seminario, 67250 Cdad. Benito Juárez, N.L.","types":["grocery_store","food_store","store","food","point_of_interest","establishment"],"fuente":"places_api","fetched_at":"2026-09-24T22:41:22Z"}},{"type":"Feature","geometry":{"type":"Point","coordinates":[-100.24574659999999,25.8204072]},"properties":{"name":"Bodega Aurrera Express","kind":"express","place_id":"ChIJh0eLRbrtYoYRd7g1X7itSJA","address":"Av. Andrómeda 201, Cosmópolis, 66612 Cdad. Apodaca, N.L.","types":["grocery_store","food_store","store","food","point_of_interest","establishment"],"fuente":"places_api","fetched_at":"2026-09-24T22:41:22Z"}},{"type":"Feature","geometry":{"type":"Point","coordinates":[-100.36398570000001,25.8528502]},"properties":{"name":"Bodega Aurrera Express","kind":"express","place_id":"ChIJifr0VOmRYoYRuUXrFFXp1Jo","address":"Av. Buena Vista 300, Fraccionamiento Buenavista, 66583 Buena Vista, N.L.","types":["grocery_store","food_store","food","point_of_interest","store","establishment"],"fuente":"places_api","fetched_at":"2026-09-24T22:41:22Z"}},{"type":"Feature","geometry":{"type":"Point","coordinates":[-100.59437299999999,25.8021635]},"properties":{"name":"Bodega Aurrera Express","kind":"express","place_id":"ChIJkV_TGACdYoYRuk1HfDG3Kn0","address":"Joel A. Garza 455, Cabecera Municipal, 66005 García, N.L.","types":["grocery_store","food_store","food","point_of_interest","store","establishment"],"fuente":"places_api","fetched_at":"2026-09-24T22:41:22Z"}},{"type":"Feature","geometry":{"type":"Point","coordinates":[-100.0965813,25.703053699999998]},"properties":{"name":"Bodega Aurrera Express","kind":"express","place_id":"ChIJl-NKrHDpYoYRHXG4e0igMh0","address":"Av. San Fernando 818, 66693 Valle de Santa María, N.L.","types":["grocery_store","food_store","food","point_of_interest","store","establishment"],"fuente":"places_api","fetched_at":"2026-09-24T22:41:22Z"}},{"type":"Feature","geometry":{"type":"Point","coordinates":[-100.3096279,25.7909309]},"properties":{"name":"Bodega Aurrera Express","kind":"express","place_id":"ChIJlwar5cOTYoYRcm9dypOrhKY","address":"Av. Los Pinos, Rincon del Bosque, Los Rincones, 66057 Cdad. Gral. Escobedo, N.L.","types":["grocery_store","food_store","food","point_of_interest","store","establishment"],"fuente":"places_api","fetched_at":"2026-09-24T22:41:22Z"}},{"type":"Feature","geometry":{"type":"Point","coordinates":[-100.20944949999999,25.684064799999998]},"properties":{"name":"Bodega Aurrera Express","kind":"express","place_id":"ChIJm24UtXjqYoYR6qXGZe2Y9MA","address":"Gral. Plutarco Elías Calles, Río, 67160 Guadalupe, N.L.","types":["grocery_store","food_store","store","food","point_of_interest","establishment"],"fuente":"places_api","fetched_at":"2026-09-24T22:41:22Z"}},{"type":"Feature","geometry":{"type":"Point","coordinates":[-100.0871513,25.6836621]},"properties":{"name":"Bodega Aurrera Express","kind":"express","place_id":"ChIJn0lSAPTDYoYRjLkNrHNTNts","address":"Av. del Metal 67256, Urbivilla de Real, Segundo, 67256 Cdad. Benito Juárez, N.L.","types":["grocery_store","food_store","store","food","point_of_interest","establishment"],"fuente":"places_api","fetched_at":"2026-09-24T22:41:22Z"}},{"type":"Feature","geometry":{"type":"Point","coordinates":[-100.3953355,25.8058354]},"properties":{"name":"Bodega Aurrera Express","kind":"express","place_id":"ChIJn2oPdymRYoYRuF1-jOkJSNk","address":"Av Monterrey Mz 224-Lt 74, Valle de San Francisco, 66064 Cdad. Gral. Escobedo, N.L.","types":["grocery_store","food_store","store","food","point_of_interest","establishment"],"fuente":"places_api","fetched_at":"2026-09-24T22:41:22Z"}},{"type":"Feature","geometry":{"type":"Point","coordinates":[-100.26338109999999,25.8095304]},"properties":{"name":"Bodega Aurrera Express","kind":"express","place_id":"ChIJn8RRTYXtYoYRrcJuWW4rzkI","address":"Av. Adolfo Lopez Mateos, Av. Balcones del Nte. Mz 29-Lt 3, Sin Nombre de Col 1, Balcones del Nte 1er Sector, 66052 Cdad. Gral. Escobedo, N.L.","types":["grocery_store","food_store","store","food","point_of_interest","establishment"],"fuente":"places_api","fetched_at":"2026-09-24T22:41:22Z"}},{"type":"Feature","geometry":{"type":"Point","coordinates":[-100.1958478,25.6349973]},"properties":{"name":"Bodega Aurrera Express","kind":"express","place_id":"ChIJnW3SneDdYoYRbmSrjiynOMw","address":"Av. de Los Claveles Mz 327 Lt 1 al 4 y 7 al 10 Mision de la Silla 2, C. de los Claveles 327, Misión de La Silla 2o Sector, 67190 Guadalupe, N.L.","types":["grocery_store","food_store","store","food","point_of_interest","establishment"],"fuente":"places_api","fetched_at":"2026-09-24T22:41:22Z"}},{"type":"Feature","geometry":{"type":"Point","coordinates":[-100.1787075,25.6107069]},"properties":{"name":"Bodega Aurrera Express","kind":"express","place_id":"ChIJp_zPeLrBYoYRQ0-coz5-X3E","address":"Av. Arcadia S/N Fraccionamiento Arcadia, Primer Séctor, 2da etapa, 67286 Jardines de la Silla, N.L.","types":["grocery_store","food_store","store","food","point_of_interest","establishment"],"fuente":"places_api","fetched_at":"2026-09-24T22:41:22Z"}},{"type":"Feature","geometry":{"type":"Point","coordinates":[-100.2138286,25.7693576]},"properties":{"name":"Bodega Aurrera Express","kind":"express","place_id":"ChIJq8fTYHLrYoYR83yyNwrJtEg","address":"Ojo de Agua 400, Moderno Apodaca II, 66600 Hidalgo, N.L.","types":["grocery_store","food_store","store","food","point_of_interest","establishment"],"fuente":"places_api","fetched_at":"2026-09-24T22:41:22Z"}},{"type":"Feature","geometry":{"type":"Point","coordinates":[-100.3654861,25.7196155]},"properties":{"name":"Bodega Aurrera Express","kind":"express","place_id":"ChIJqWR9pC6XYoYRcBDxa-Ybdzc","address":"Av. Ruiz Cortines S/N, San Jorge, 64330 Monterrey, N.L.","types":["supermarket","grocery_store","food_store","store","food","point_of_interest","establishment"],"fuente":"places_api","fetched_at":"2026-09-24T22:41:22Z"}},{"type":"Feature","geometry":{"type":"Point","coordinates":[-100.12007829999999,25.6429986]},"properties":{"name":"Bodega Aurrera Express","kind":"express","place_id":"ChIJs53jMqbDYoYR0lByNOPAsiY","address":"Calle Prol. Pablo Livas 95, Fracc. Villaluz, 67275 Cdad. Benito Juárez, N.L.","types":["grocery_store","food_store","store","food","point_of_interest","establishment"],"fuente":"places_api","fetched_at":"2026-09-24T22:41:22Z"}},{"type":"Feature","geometry":{"type":"Point","coordinates":[-100.3145456,25.6606819]},"properties":{"name":"Bodega Aurrera Express","kind":"express","place_id":"ChIJtfnjnWC_YoYRLJJMgUMXW6U","address":"Guanajuato 221, Independencia, 64720 Monterrey, N.L.","types":["grocery_store","food_store","store","food","point_of_interest","establishment"],"fuente":"places_api","fetched_at":"2026-09-24T22:41:22Z"}},{"type":"Feature","geometry":{"type":"Point","coordinates":[-100.2528413,25.785323299999998]},"properties":{"name":"Bodega Aurrera Express","kind":"express","place_id":"ChIJty8OxjztYoYR3C0XwOpDODI","address":"Av Metroplex Mz 220-Lt 01, Metroplex I, 66612 Cdad. Apodaca, N.L.","types":["grocery_store","food_store","store","food","point_of_interest","establishment"],"fuente":"places_api","fetched_at":"2026-09-24T22:41:22Z"}},{"type":"Feature","geometry":{"type":"Point","coordinates":[-100.25606259999999,25.8144383]},"properties":{"name":"Bodega Aurrera Express","kind":"express","place_id":"ChIJvVRkDCrtYoYRdT7fx96KGDU","address":"C. Martín Luther King S/N, Sin Nombre de Col 1, Los Amarantos, 66613 Cdad. Apodaca, N.L.","types":["grocery_store","food_store","food","point_of_interest","store","establishment"],"fuente":"places_api","fetched_at":"2026-09-24T22:41:22Z"}},{"type":"Feature","geometry":{"type":"Point","coordinates":[-100.24708969999999,25.5872506]},"properties":{"name":"Bodega Aurrera Express","kind":"express","place_id":"ChIJvWuYdhzHYoYRapycq2SG0q4","address":"Antiguo Camino a Villa de Santiago Mz 6-Lt 128, La Estanzuela, 64988 Monterrey, N.L.","types":["grocery_store","food_store","store","food","point_of_interest","establishment"],"fuente":"places_api","fetched_at":"2026-09-24T22:41:22Z"}},{"type":"Feature","geometry":{"type":"Point","coordinates":[-100.4244014,25.6826388]},"properties":{"name":"Bodega Aurrera Express","kind":"express","place_id":"ChIJw_z-5dKXYoYRqgBxC3H_OJM","address":"Av. Manuel Jesus Clouthier 125, La Fama, 66130 Cdad. Santa Catarina, N.L.","types":["grocery_store","food_store","store","food","point_of_interest","establishment"],"fuente":"places_api","fetched_at":"2026-09-24T22:41:22Z"}},{"type":"Feature","geometry":{"type":"Point","coordinates":[-100.37267820000001,25.854032]},"properties":{"name":"Bodega Aurrera Express","kind":"express","place_id":"ChIJwetMs9uRYoYRqcsAkw3iGNM","address":"Av. Vista Regia, Buenavista 501, 66583 Carmen, N.L.","types":["grocery_store","food_store","food","point_of_interest","store","establishment"],"fuente":"places_api","fetched_at":"2026-09-24T22:41:22Z"}},{"type":"Feature","geometry":{"type":"Point","coordinates":[-100.29192599999999,25.756300000000003]},"properties":{"name":"Bodega Aurrera Express","kind":"express","place_id":"ChIJxUK7SJCUYoYRZTK1k_O39XU","address":"Gral. José María Morelos y Pavón 210, Centro, 66400 San Nicolás de los Garza, N.L.","types":["grocery_store","food_store","store","food","point_of_interest","establishment"],"fuente":"places_api","fetched_at":"2026-09-24T22:41:22Z"}},{"type":"Feature","geometry":{"type":"Point","coordinates":[-100.3724659,25.7425177]},"properties":{"name":"Bodega Aurrera Express","kind":"express","place_id":"ChIJx_uvDMCWYoYR6Z5Aln6yxEo","address":"No Reelección Mz 50 Lt 19, 3 Sector, Misión Lincoln, 64110 Monterrey, N.L.","types":["supermarket","grocery_store","food_store","store","food","point_of_interest","establishment"],"fuente":"places_api","fetched_at":"2026-09-24T22:41:22Z"}},{"type":"Feature","geometry":{"type":"Point","coordinates":[-100.38746730000001,25.8505111]},"properties":{"name":"Bodega Aurrera Express","kind":"express","place_id":"ChIJy64JrE6RYoYRpjSbyg1id0U","address":"Puebla, 66086 Cdad. Gral. Escobedo, N.L., México","types":["supermarket","grocery_store","food_store","food","point_of_interest","store","establishment"],"fuente":"places_api","fetched_at":"2026-09-24T22:41:22Z"}},{"type":"Feature","geometry":{"type":"Point","coordinates":[-100.37393259999999,25.802462300000002]},"properties":{"name":"Bodega Aurrera Express","kind":"express","place_id":"ChIJyQrXff6RYoYRsCeuOeLbkqU","address":"Loma de la Paz 302 Ex Comunidad de Cabeza y Mesa del Cerro Topo ChicoGeneral, Diecinueve de Julio, 66050 Cdad. Gral. Escobedo, N.L.","types":["grocery_store","food_store","food","point_of_interest","store","establishment"],"fuente":"places_api","fetched_at":"2026-09-24T22:41:22Z"}},{"type":"Feature","geometry":{"type":"Point","coordinates":[-100.09321949999999,25.621376299999998]},"properties":{"name":"Bodega Aurrera Express","kind":"express","place_id":"ChIJyw4Y7KDDYoYRegl5fCn70oM","address":"Av Hortelanos 27 Los Huertos, Residencial Los Huertos, 67265 Cdad. Benito Juárez, N.L.","types":["grocery_store","food_store","store","food","point_of_interest","establishment"],"fuente":"places_api","fetched_at":"2026-09-24T22:41:22Z"}},{"type":"Feature","geometry":{"type":"Point","coordinates":[-100.166646,25.7410902]},"properties":{"name":"Bodega Aurrera Express","kind":"express","place_id":"ChIJyyWjhXvpYoYRF_CTK-UmjL8","address":"C. Porfirio Díaz Mz 39-Lt 2, Huinala, 66640 Cdad. Apodaca, N.L.","types":["supermarket","grocery_store","food_store","store","food","point_of_interest","establishment"],"fuente":"places_api","fetched_at":"2026-09-24T22:41:22Z"}},{"type":"Feature","geometry":{"type":"Point","coordinates":[-100.4106461,25.7926729]},"properties":{"name":"Bodega Aurrera Express","kind":"express","place_id":"ChIJzYA7LPCRYoYRbvcTAQD8b_8","address":"Antiguo Camino San Agustín, Cd San Marcos Sector Pioneros, Sin Nombre de Col 4, 66064 Cdad. Gral. Escobedo, N.L.","types":["grocery_store","food_store","food","point_of_interest","store","establishment"],"fuente":"places_api","fetched_at":"2026-09-24T22:41:22Z"}},{"type":"Feature","geometry":{"type":"Point","coordinates":[-100.2649418,25.757598599999998]},"properties":{"name":"Bodega Aurrera Express","kind":"express","place_id":"ChIJzb3_LLKUYoYR8HwzngYvHcQ","address":"Montes Berneses 1226, Valle de las Flores, 66438 San Nicolás de los Garza, N.L.","types":["grocery_store","food_store","store","food","point_of_interest","establishment"],"fuente":"places_api","fetched_at":"2026-09-24T22:41:22Z"}},{"type":"Feature","geometry":{"type":"Point","coordinates":[-100.2355267,25.7106298]},"properties":{"name":"Bodega Aurrera Express","kind":"express","place_id":"ChIJzxwa7mHrYoYRyGUYj8T38Ik","address":"Av. Uno 199, Parque la Talaverna, 66473 San Nicolás de los Garza, N.L.","types":["grocery_store","food_store","store","food","point_of_interest","establishment"],"fuente":"places_api","fetched_at":"2026-09-24T22:41:22Z"}},{"type":"Feature","geometry":{"type":"Point","coordinates":[-100.3988464,25.797832099999997]},"properties":{"name":"Bodega Aurrera Express 18 De Octubre","kind":"express","place_id":"ChIJ8TPUyvyQYoYRVoluV-KbpEc","address":"13 de Septiembre Mz 156-Lt 29, 18 de Octubre, 66064 Cdad. Gral. Escobedo, N.L.","types":["supermarket","grocery_store","food_store","food","point_of_interest","store","establishment"],"fuente":"places_api","fetched_at":"2026-09-24T22:41:22Z"}},{"type":"Feature","geometry":{"type":"Point","coordinates":[-100.1109944,25.6945545]},"properties":{"name":"Bodega Aurrera Express 2da Seccion los Puertos","kind":"express","place_id":"ChIJZ1iYzZHpYoYRzZEIjawBk9M","address":"Av. San Remo 1025 Los Puertos, II Sector, 67258 Cdad. Benito Juárez, N.L.","types":["grocery_store","food_store","store","food","point_of_interest","establishment"],"fuente":"places_api","fetched_at":"2026-09-24T22:41:22Z"}},{"type":"Feature","geometry":{"type":"Point","coordinates":[-100.37287099999999,25.8666648]},"properties":{"name":"Bodega Aurrera Express 6632 Portal de Buena Vista","kind":"express","place_id":"ChIJEWNpIQCPYoYRsSJ1xjv1-l8","address":"Av. Vista Regia 1219, 66583 Buena Vista, N.L.","types":["shopping_mall","point_of_interest","establishment"],"fuente":"places_api","fetched_at":"2026-09-24T22:41:22Z"}},{"type":"Feature","geometry":{"type":"Point","coordinates":[-100.2616989,25.790341599999998]},"properties":{"name":"Bodega Aurrera Express ANDRÓMEDA","kind":"express","place_id":"ChIJS5kmZEuTYoYR_dyTIm4p4ng","address":"Av. Andromeda Mz 633 Lt 19 al 23, Av Nuevo Las Puentes, Andalucía Segundo Sector, 66612 Cdad. Apodaca, N.L.","types":["grocery_store","food_store","food","point_of_interest","store","establishment"],"fuente":"places_api","fetched_at":"2026-09-24T22:41:22Z"}},{"type":"Feature","geometry":{"type":"Point","coordinates":[-100.60990179999999,25.8012475]},"properties":{"name":"Bodega Aurrera Express Arroyo Maravillas","kind":"express","place_id":"ChIJpeCohBudYoYRfTgbumIN8NQ","address":"Av. Maravillas, Bugambilias Fraccionamiento, Primera Etapa, 66006 García, N.L.","types":["grocery_store","food_store","store","food","point_of_interest","establishment"],"fuente":"places_api","fetched_at":"2026-09-24T22:41:22Z"}},{"type":"Feature","geometry":{"type":"Point","coordinates":[-100.07535109999999,25.598271]},"properties":{"name":"Bodega Aurrera Express Av. Olmo","kind":"express","place_id":"ChIJJY4GAarcYoYRd_FEGc_4EYg","address":"Av. Del Olmo S/N, Valle del Roble, 67456 Valle del Roble, N.L.","types":["grocery_store","food_store","store","food","point_of_interest","establishment"],"fuente":"places_api","fetched_at":"2026-09-24T22:41:22Z"}},{"type":"Feature","geometry":{"type":"Point","coordinates":[-100.39426189999999,25.757810199999998]},"properties":{"name":"Bodega Aurrera Express Banco De Fomento","kind":"express","place_id":"ChIJKxyQzJ-XYoYRfiBFfblZch0","address":"Fomento Agrario S/N, Plutarco Elías Calles, 64108 Monterrey, N.L.","types":["grocery_store","food_store","store","food","point_of_interest","establishment"],"fuente":"places_api","fetched_at":"2026-09-24T22:41:22Z"}},{"type":"Feature","geometry":{"type":"Point","coordinates":[-100.1847047,25.7209793]},"properties":{"name":"Bodega Aurrera Express Blvd. Acapulco","kind":"express","place_id":"ChIJPennMsrrYoYRU_HJoEhwJgA","address":"Av. Acapulco Mz 263 Lt 7, 8 y 9, Blvd. Acapulco 1500, Balcones de San Miguel, 67114 Guadalupe, N.L.","types":["grocery_store","food_store","store","food","point_of_interest","establishment"],"fuente":"places_api","fetched_at":"2026-09-24T22:41:22Z"}},{"type":"Feature","geometry":{"type":"Point","coordinates":[-100.212278,25.715596200000004]},"properties":{"name":"Bodega Aurrera Express Bosques de Linda Vista","kind":"express","place_id":"ChIJOZqWPwDrYoYRy-2CYJSRWyw","address":"Calle Blvd. Talaverna 435, Bosques De Linda Vista 2O Sector, 66473 San Nicolás de los Garza, N.L.","types":["market","point_of_interest","establishment"],"fuente":"places_api","fetched_at":"2026-09-24T22:41:22Z"}},{"type":"Feature","geometry":{"type":"Point","coordinates":[-100.1998765,25.7867297]},"properties":{"name":"Bodega Aurrera Express CAPELLANIA APODACA II","kind":"express","place_id":"ChIJV8QUEwDtYoYRXNo0nw-HYw8","address":"Ave Del Fraile S/N, Col. Capellanía, 66604 Cdad. Apodaca, N.L.","types":["grocery_store","food_store","store","food","point_of_interest","establishment"],"fuente":"places_api","fetched_at":"2026-09-24T22:41:22Z"}},{"type":"Feature","geometry":{"type":"Point","coordinates":[-100.4004217,25.7816431]},"properties":{"name":"Bodega Aurrera Express Cabezada Norte","kind":"express","place_id":"ChIJFfRPg9CRYoYRrk-ETJ8mrQk","address":"Av. Camino del Pastizal Lt 1, Barrio El Parque, 64102 Monterrey, N.L.","types":["grocery_store","food_store","store","food","point_of_interest","establishment"],"fuente":"places_api","fetched_at":"2026-09-24T22:41:22Z"}},{"type":"Feature","geometry":{"type":"Point","coordinates":[-100.2277905,25.7503602]},"properties":{"name":"Bodega Aurrera Express Camino al Mezquital","kind":"express","place_id":"ChIJFwfHznzrYoYRCPEH8AlzNtI","address":"Av. Camino Al Mezquital Manzana 001, Hacienda del Mezquital, 66632 Cdad. Apodaca, N.L.","types":["grocery_store","food_store","store","food","point_of_interest","establishment"],"fuente":"places_api","fetched_at":"2026-09-24T22:41:22Z"}},{"type":"Feature","geometry":{"type":"Point","coordinates":[-100.2411891,25.7341488]},"properties":{"name":"Bodega Aurrera Express Casa Blanca","kind":"express","place_id":"ChIJo78hxiPrYoYRE7Z9rE8HsGY","address":"Av. Casa Blanca Lt 45-50, Mz 272, Jardines de Casa Blanca 2do Sector, 66475 San Nicolás de los Garza, N.L.","types":["grocery_store","food_store","store","food","point_of_interest","establishment"],"fuente":"places_api","fetched_at":"2026-09-24T22:41:22Z"}},{"type":"Feature","geometry":{"type":"Point","coordinates":[-100.1229177,25.8233627]},"properties":{"name":"Bodega Aurrera Express Central Pesqueria","kind":"express","place_id":"ChIJbdjWju_vYoYRL6JDDj3mJIo","address":"Av. Central 217, 66655 Colinas del Aeropuerto, N.L.","types":["grocery_store","food_store","store","food","point_of_interest","establishment"],"fuente":"places_api","fetched_at":"2026-09-24T22:41:22Z"}},{"type":"Feature","geometry":{"type":"Point","coordinates":[-100.05274469999999,25.7831811]},"properties":{"name":"Bodega Aurrera Express Centro Pesqueria","kind":"express","place_id":"ChIJAdr5lSvnYoYRlQacsHYFGqM","address":"C. José María Morelos 328, Centro de Pesquería, 66650 Pesquería, N.L.","types":["supermarket","grocery_store","food_store","store","food","point_of_interest","establishment"],"fuente":"places_api","fetched_at":"2026-09-24T22:41:22Z"}},{"type":"Feature","geometry":{"type":"Point","coordinates":[-100.18983809999999,25.730097299999997]},"properties":{"name":"Bodega Aurrera Express Centroamérica","kind":"express","place_id":"ChIJE6ZsrEDrYoYRtycOmJrliuM","address":"Av México Mz 256-Lt 1, Centroamerica, 67110 Guadalupe, N.L.","types":["grocery_store","food_store","store","food","point_of_interest","establishment"],"fuente":"places_api","fetched_at":"2026-09-24T22:41:22Z"}},{"type":"Feature","geometry":{"type":"Point","coordinates":[-100.14172649999999,25.8401918]},"properties":{"name":"Bodega Aurrera Express Ciudad Natura","kind":"express","place_id":"ChIJkdT8GwzvYoYRGREbf1WAN34","address":"Blvd. Natura 200, Ciudad Natura, 66623 Cdad. Apodaca, N.L.","types":["grocery_store","food_store","store","food","point_of_interest","establishment"],"fuente":"places_api","fetched_at":"2026-09-24T22:41:22Z"}},{"type":"Feature","geometry":{"type":"Point","coordinates":[-100.4382117,25.6967031]},"properties":{"name":"Bodega Aurrera Express Colinas Santa Catarina","kind":"express","place_id":"ChIJM3ZsbLyXYoYRKmJI_qqhNoE","address":"C. Perimetral Ote., sector Apice, 66365 Cdad. Santa Catarina, N.L.","types":["convenience_store","food_store","store","food","point_of_interest","establishment"],"fuente":"places_api","fetched_at":"2026-09-24T22:41:22Z"}},{"type":"Feature","geometry":{"type":"Point","coordinates":[-100.12803439999999,25.6667939]},"properties":{"name":"Bodega Aurrera Express Colinas del Sol","kind":"express","place_id":"ChIJH9kjM9PDYoYRf7T_6TdWVYs","address":"Colinas del Sol Mz 000-Lt 211, Colinas del Sol, 67269 Cdad. Benito Juárez, N.L.","types":["supermarket","grocery_store","food_store","food","point_of_interest","store","establishment"],"fuente":"places_api","fetched_at":"2026-09-24T22:41:22Z"}},{"type":"Feature","geometry":{"type":"Point","coordinates":[-100.38456599999999,25.7694159]},"properties":{"name":"Bodega Aurrera Express Colonia Mirasol","kind":"express","place_id":"ChIJwSn8GNyXYoYRl6xjISkO30Y","address":"Albahaca 101, Barrio Mirasol III, 64102 Monterrey, N.L.","types":["grocery_store","food_store","food","point_of_interest","store","establishment"],"fuente":"places_api","fetched_at":"2026-09-24T22:41:22Z"}},{"type":"Feature","geometry":{"type":"Point","coordinates":[-100.2580002,25.766201]},"properties":{"name":"Bodega Aurrera Express Concepción Barragán","kind":"express","place_id":"ChIJ0RSSZlPrYoYRZVnWFXj7Wxs","address":"Av. Concepcion Barragan Mz 00-Lt 986, Sector, Enramada V, 66635 Cdad. Apodaca, N.L.","types":["grocery_store","food_store","store","food","point_of_interest","establishment"],"fuente":"places_api","fetched_at":"2026-09-24T22:41:22Z"}},{"type":"Feature","geometry":{"type":"Point","coordinates":[-100.323291,25.803806]},"properties":{"name":"Bodega Aurrera Express Diamante Escobedo","kind":"express","place_id":"ChIJJxqqQwCTYoYREMabjzTSq-0","address":"Av. Lic. Raúl Caballero Escamilla 121-I AUTOTRANSPORTE FRANZONI, Sin Nombre de Col 11, 66050 Cdad. Gral. Escobedo, N.L.","types":["shopping_mall","point_of_interest","establishment"],"fuente":"places_api","fetched_at":"2026-09-24T22:41:22Z"}},{"type":"Feature","geometry":{"type":"Point","coordinates":[-100.3157798,25.853660299999998]},"properties":{"name":"Bodega Aurrera Express El Jaral","kind":"express","place_id":"ChIJx4s2R-STYoYROxNLmEXj830","address":"Av. El Jaral 306, Villas del Jaral, Fraccionamiento El Jaral, 66580 El Jaral, N.L.","types":["grocery_store","food_store","store","food","point_of_interest","establishment"],"fuente":"places_api","fetched_at":"2026-09-24T22:41:22Z"}},{"type":"Feature","geometry":{"type":"Point","coordinates":[-100.2377061,25.6620024]},"properties":{"name":"Bodega Aurrera Express Eloy Cavazos","kind":"express","place_id":"ChIJqV12dMnBYoYRDfCIzWu8N1c","address":"Av Eloy Cavazos 2401-int 43, Las Villas, 67175 Guadalupe, N.L.","types":["supermarket","grocery_store","food_store","store","food","point_of_interest","establishment"],"fuente":"places_api","fetched_at":"2026-09-24T22:41:22Z"}},{"type":"Feature","geometry":{"type":"Point","coordinates":[-100.2549978,25.7969185]},"properties":{"name":"Bodega Aurrera Express Estelaris","kind":"express","place_id":"ChIJuRg0w7HsYoYRKTG2mIWmako","address":"Estelaris, Av Metroplex 180, Tercer Séctor, 66612 Cdad. Apodaca, N.L.","types":["supermarket","grocery_store","food_store","food","point_of_interest","store","establishment"],"fuente":"places_api","fetched_at":"2026-09-24T22:41:22Z"}},{"type":"Feature","geometry":{"type":"Point","coordinates":[-100.1094007,25.8138409]},"properties":{"name":"Bodega Aurrera Express Estrellas Pesquería","kind":"express","place_id":"ChIJD4D6WgDvYoYR3KK8A8Z7Nw4","address":"Av. Central 2716, 66655 Colinas del Aeropuerto, N.L.","types":["supermarket","grocery_store","food_store","store","food","point_of_interest","establishment"],"fuente":"places_api","fetched_at":"2026-09-24T22:41:22Z"}},{"type":"Feature","geometry":{"type":"Point","coordinates":[-100.14329409999999,25.6208365]},"properties":{"name":"Bodega Aurrera Express Fracc. Bugambilias","kind":"express","place_id":"ChIJH4fds9bDYoYR0RzTGbZ7bdg","address":"Bugambilias 236, 67276 Arboledas de San Roque, N.L.","types":["grocery_store","food_store","store","food","point_of_interest","establishment"],"fuente":"places_api","fetched_at":"2026-09-24T22:41:22Z"}},{"type":"Feature","geometry":{"type":"Point","coordinates":[-100.4810426,25.795124599999998]},"properties":{"name":"Bodega Aurrera Express Fraile Lincoln","kind":"express","place_id":"ChIJJ7PdBsubYoYRpSCYHFgqOwM","address":"Real de Minas 600, Valle de Lincoln, 66026 Valle de Lincoln, N.L.","types":["grocery_store","food_store","store","food","point_of_interest","establishment"],"fuente":"places_api","fetched_at":"2026-09-24T22:41:22Z"}},{"type":"Feature","geometry":{"type":"Point","coordinates":[-100.22994709999999,25.686115400000002]},"properties":{"name":"Bodega Aurrera Express Fuerte Loreto","kind":"express","place_id":"ChIJCVfHb5zqYoYRAdckYpG2iCw","address":"Av. Gral. Lázaro Cárdenas 101, Ignacio Zaragoza, 67160 Guadalupe, N.L.","types":["grocery_store","food_store","store","food","point_of_interest","establishment"],"fuente":"places_api","fetched_at":"2026-09-24T22:41:22Z"}},{"type":"Feature","geometry":{"type":"Point","coordinates":[-100.2487123,25.7974648]},"properties":{"name":"Bodega Aurrera Express Fundadores","kind":"express","place_id":"ChIJ62OaEQDtYoYRfEcn3iltr90","address":"C. E Sexta SN-C OXXO, Santa Alicia, 66612 Cdad. Apodaca, N.L.","types":["grocery_store","food_store","store","food","point_of_interest","establishment"],"fuente":"places_api","fetched_at":"2026-09-24T22:41:22Z"}},{"type":"Feature","geometry":{"type":"Point","coordinates":[-100.554108,25.81588]},"properties":{"name":"Bodega Aurrera Express HEROES LINCOLN (6821)","kind":"express","place_id":"ChIJX85tOACdYoYRv8xmrwwerCE","address":"Héroes de Lincoln, Calle principal 100, 66013 García, N.L.","types":["shopping_mall","point_of_interest","establishment"],"fuente":"places_api","fetched_at":"2026-09-24T22:41:22Z"}},{"type":"Feature","geometry":{"type":"Point","coordinates":[-100.1920141,25.6868369]},"properties":{"name":"Bodega Aurrera Express Hacienda Los Lermas 3267","kind":"express","place_id":"ChIJM-shJgvqYoYRB1N_O307JXU","address":"Gral. Plutarco Elías Calles 2046L, Sin Nombre de Col 2, 67169 Guadalupe, N.L.","types":["supermarket","grocery_store","food_store","store","food","point_of_interest","establishment"],"fuente":"places_api","fetched_at":"2026-09-24T22:41:22Z"}},{"type":"Feature","geometry":{"type":"Point","coordinates":[-100.3886773,25.7345492]},"properties":{"name":"Bodega Aurrera Express Hacienda Mitras","kind":"express","place_id":"ChIJh_3MreaWYoYRR0OU-L5iJA4","address":"Hacienda el Refugio Mz 88-Lt 2, Hacienda Mitras, 64340 Monterrey, N.L.","types":["grocery_store","food_store","store","food","point_of_interest","establishment"],"fuente":"places_api","fetched_at":"2026-09-24T22:41:22Z"}},{"type":"Feature","geometry":{"type":"Point","coordinates":[-100.0896633,25.8194169]},"properties":{"name":"Bodega Aurrera Express Hacienda Real Pesqueria","kind":"express","place_id":"ChIJCxlJHgDvYoYRbaOlXO0hcos","address":"San Jorge 207, Montecarlo, 66655 Las Haciendas, N.L.","types":["grocery_store","food_store","store","food","point_of_interest","establishment"],"fuente":"places_api","fetched_at":"2026-09-24T22:41:22Z"}},{"type":"Feature","geometry":{"type":"Point","coordinates":[-100.46492970000001,25.7832093]},"properties":{"name":"Bodega Aurrera Express Hacienda San Juan","kind":"express","place_id":"ChIJ95kq9kCaYoYRbLKljPf7o1c","address":"Misión Agua Azul 218, Misión San Juan, 66023 Parque Industrial Cdad. Mitras, N.L.","types":["grocery_store","food_store","food","point_of_interest","store","establishment"],"fuente":"places_api","fetched_at":"2026-09-24T22:41:22Z"}},{"type":"Feature","geometry":{"type":"Point","coordinates":[-100.3052311,25.6559097]},"properties":{"name":"Bodega Aurrera Express Hilario Martinez","kind":"express","place_id":"ChIJu37uzTS-YoYRd5Ura5SwHkU","address":"Hilario Martinez 1301, Nuevo Repueblo, 64700 Monterrey, N.L.","types":["grocery_store","food_store","store","food","point_of_interest","establishment"],"fuente":"places_api","fetched_at":"2026-09-24T22:41:22Z"}},{"type":"Feature","geometry":{"type":"Point","coordinates":[-100.12588819999999,25.6366956]},"properties":{"name":"Bodega Aurrera Express Héctor Caballero","kind":"express","place_id":"ChIJZVwiq1TDYoYRQq413W4S9Ik","address":"Av Hector Caballero 385, Hector Caballero, 67275 Cdad. Benito Juárez, N.L.","types":["supermarket","grocery_store","food_store","store","food","point_of_interest","establishment"],"fuente":"places_api","fetched_at":"2026-09-24T22:41:22Z"}},{"type":"Feature","geometry":{"type":"Point","coordinates":[-100.62025070000001,25.8142493]},"properties":{"name":"Bodega Aurrera Express Icamole","kind":"express","place_id":"ChIJTftV3U0niIYR3GJqkQZLVcA","address":"Morelos 348, Joyas del Carrizal II, 66012 García, N.L.","types":["grocery_store","food_store","store","food","point_of_interest","establishment"],"fuente":"places_api","fetched_at":"2026-09-24T22:41:22Z"}},{"type":"Feature","geometry":{"type":"Point","coordinates":[-100.2872661,25.737972400000004]},"properties":{"name":"Bodega Aurrera Express Juan Pablo II","kind":"express","place_id":"ChIJ3RR2Ju-UYoYR9HgTzfPvVUU","address":"Av Juan Pablo II 245-Local 3, Sin Nombre de Col 2, Hacienda las Puentes, 66465 San Nicolás de los Garza, N.L.","types":["supermarket","grocery_store","food_store","store","food","point_of_interest","establishment"],"fuente":"places_api","fetched_at":"2026-09-24T22:41:22Z"}},{"type":"Feature","geometry":{"type":"Point","coordinates":[-100.2250883,25.666722]},"properties":{"name":"Bodega Aurrera Express Julio Cesar","kind":"express","place_id":"ChIJ4ZpyYDDAYoYRdmvO-a7cnCw","address":"Av. Camino Real 1612, Camino Real, 67170 Guadalupe, N.L.","types":["grocery_store","food_store","store","food","point_of_interest","establishment"],"fuente":"places_api","fetched_at":"2026-09-24T22:41:22Z"}},{"type":"Feature","geometry":{"type":"Point","coordinates":[-100.37411499999999,25.752419]},"properties":{"name":"Bodega Aurrera Express Las Rocas","kind":"express","place_id":"ChIJGRqPxl-XYoYRh4-1vVsT7v8","address":"Av. las Rocas 8745, San Bernabé, 64100 Monterrey, N.L.","types":["grocery_store","food_store","store","food","point_of_interest","establishment"],"fuente":"places_api","fetched_at":"2026-09-24T22:41:22Z"}},{"type":"Feature","geometry":{"type":"Point","coordinates":[-100.4535214,25.703126899999997]},"properties":{"name":"Bodega Aurrera Express Las Sombrillas","kind":"express","place_id":"ChIJ3YKTGQCZYoYRDMH5xd5Zr9Q","address":"C. Cañon Salazar 1217, Sin Nombre de Col 11, 66369 Cdad. Santa Catarina, N.L.","types":["grocery_store","food_store","store","food","point_of_interest","establishment"],"fuente":"places_api","fetched_at":"2026-09-24T22:41:22Z"}},{"type":"Feature","geometry":{"type":"Point","coordinates":[-100.3644808,25.7659569]},"properties":{"name":"Bodega Aurrera Express Lechuguilla","kind":"express","place_id":"ChIJPTgPVsyRYoYRG86bECAPSzc","address":"Av. Camino Real 9606, Fraccionamiento Fomerrey, 64210 Monterrey, N.L.","types":["grocery_store","food_store","store","food","point_of_interest","establishment"],"fuente":"places_api","fetched_at":"2026-09-24T22:41:22Z"}},{"type":"Feature","geometry":{"type":"Point","coordinates":[-100.49374569999999,25.6796168]},"properties":{"name":"Bodega Aurrera Express Lomas Altas","kind":"express","place_id":"ChIJz0W7tHSZYoYRw7nVjEPAVDs","address":"Capital, Av. Capitán Lucas García S/N-Mz 273 Lt 20, Prados de Santa Catarina, 66359 Cdad. Santa Catarina, N.L.","types":["grocery_store","food_store","food","point_of_interest","store","establishment"],"fuente":"places_api","fetched_at":"2026-09-24T22:41:22Z"}},{"type":"Feature","geometry":{"type":"Point","coordinates":[-100.3810561,25.749848399999998]},"properties":{"name":"Bodega Aurrera Express Lomas de Cumbres","kind":"express","place_id":"ChIJn99IBcWWYoYR0swiRiEUqkU","address":"Av No Reelección Mz 256-Lt 1, Lomas de Las Cumbres, 64116 Monterrey, N.L.","types":["grocery_store","food_store","store","food","point_of_interest","establishment"],"fuente":"places_api","fetched_at":"2026-09-24T22:41:22Z"}},{"type":"Feature","geometry":{"type":"Point","coordinates":[-100.1236464,25.646602800000004]},"properties":{"name":"Bodega Aurrera Express Lomas de Córdoba","kind":"express","place_id":"ChIJWdENZdHDYoYR7yFn270lpfM","address":"Juárez, 67275 Cdad. Benito Juárez, N.L.","types":["grocery_store","food_store","store","food","point_of_interest","establishment"],"fuente":"places_api","fetched_at":"2026-09-24T22:41:22Z"}},{"type":"Feature","geometry":{"type":"Point","coordinates":[-100.11832000000001,25.745696499999998]},"properties":{"name":"Bodega Aurrera Express Lomas de San Martin","kind":"express","place_id":"ChIJA47a-TnpYoYRL9lNWvujOYM","address":"Roma 1001, Lomas de San Martín, 66673 Pesquería, N.L.","types":["grocery_store","food_store","food","point_of_interest","store","establishment"],"fuente":"places_api","fetched_at":"2026-09-24T22:41:22Z"}},{"type":"Feature","geometry":{"type":"Point","coordinates":[-100.1534791,25.610153999999998]},"properties":{"name":"Bodega Aurrera Express Los Cometas","kind":"express","place_id":"ChIJlSEujcfDYoYRIgTP-wOlixo","address":"Av. de las Torres 405, Los Cometas, 67280 Cdad. Benito Juárez, N.L.","types":["grocery_store","food_store","store","food","point_of_interest","establishment"],"fuente":"places_api","fetched_at":"2026-09-24T22:41:22Z"}},{"type":"Feature","geometry":{"type":"Point","coordinates":[-100.1142493,25.6884549]},"properties":{"name":"Bodega Aurrera Express Los Puertos","kind":"express","place_id":"ChIJ8SPetjfDYoYR4iCm8Y7ukhE","address":"Av. del Rio Mz 176-Lote 009, 1er Sector, 67266 Los Puertos, N.L.","types":["grocery_store","food_store","store","food","point_of_interest","establishment"],"fuente":"places_api","fetched_at":"2026-09-24T22:41:22Z"}},{"type":"Feature","geometry":{"type":"Point","coordinates":[-100.5165356,25.7040961]},"properties":{"name":"Bodega Aurrera Express Los Viñedos","kind":"express","place_id":"ChIJjQL54v-ZYoYRkcVu9fPxaAQ","address":"Carretera Garcia - Santa Catarina Lt 29 Mz 22. Fracc. Los Viñedos Primer Sector, Los Viñedos Sector 1, Los Viñedos, 66367 Cdad. Santa Catarina, N.L.","types":["grocery_store","food_store","food","point_of_interest","store","establishment"],"fuente":"places_api","fetched_at":"2026-09-24T22:41:22Z"}},{"type":"Feature","geometry":{"type":"Point","coordinates":[-100.4736824,25.6763501]},"properties":{"name":"Bodega Aurrera Express Manuel Ordoñez","kind":"express","place_id":"ChIJE7_3Z-mZYoYRImGjxOLzSoA","address":"Av Manuel Ordoñez 933, Zimix Sur, 66358 Cdad. Santa Catarina, N.L.","types":["supermarket","grocery_store","food_store","food","point_of_interest","store","establishment"],"fuente":"places_api","fetched_at":"2026-09-24T22:41:22Z"}},{"type":"Feature","geometry":{"type":"Point","coordinates":[-100.3707956,25.7715014]},"properties":{"name":"Bodega Aurrera Express Martires De Río Blanco","kind":"express","place_id":"ChIJg3eN7UmRYoYRE0FTxphKhys","address":"Av. Marco Mz 32 Lt 20 al 23, Croc, 64200 Monterrey, N.L.","types":["grocery_store","food_store","store","food","point_of_interest","establishment"],"fuente":"places_api","fetched_at":"2026-09-24T22:41:22Z"}},{"type":"Feature","geometry":{"type":"Point","coordinates":[-100.16278349999999,25.7547572]},"properties":{"name":"Bodega Aurrera Express Mision de Huinala","kind":"express","place_id":"ChIJTd5J8avpYoYR_UUzBAJdR1E","address":"Río Orinoco N-2 Sector, Misión de Huinala, 66646 Cdad. Apodaca, N.L.","types":["grocery_store","food_store","food","point_of_interest","store","establishment"],"fuente":"places_api","fetched_at":"2026-09-24T22:41:22Z"}},{"type":"Feature","geometry":{"type":"Point","coordinates":[-100.3228074,25.7959838]},"properties":{"name":"Bodega Aurrera Express Montes Pirineos","kind":"express","place_id":"ChIJbw6rVdmTYoYRZJYXoUVD9aA","address":"Av. Lic. Raúl Caballero Escamilla Lt 1-Mz 101, Monte Real, 66050 Cdad. Gral. Escobedo, N.L.","types":["grocery_store","food_store","food","point_of_interest","store","establishment"],"fuente":"places_api","fetched_at":"2026-09-24T22:41:22Z"}},{"type":"Feature","geometry":{"type":"Point","coordinates":[-100.32588940000001,25.7213174]},"properties":{"name":"Bodega Aurrera Express Niño Artillero - BAE NINO ARTILLERO 1857","kind":"express","place_id":"ChIJwxWGykqUYoYR9LEQi-ssFn0","address":"Mariano de La Garza 4904, Niño Artillero, 64280 Monterrey, N.L.","types":["grocery_store","food_store","store","food","point_of_interest","establishment"],"fuente":"places_api","fetched_at":"2026-09-24T22:41:22Z"}},{"type":"Feature","geometry":{"type":"Point","coordinates":[-100.5790978,25.7990492]},"properties":{"name":"Bodega Aurrera Express Paseo de Minas","kind":"express","place_id":"ChIJGX_2UNKdYoYRtUw_W6nuKxo","address":"Titanio Lotes 8 y 9 Manzana 11, Paseo de las Minas, 66003 García, N.L.","types":["grocery_store","food_store","food","point_of_interest","store","establishment"],"fuente":"places_api","fetched_at":"2026-09-24T22:41:22Z"}},{"type":"Feature","geometry":{"type":"Point","coordinates":[-100.4516726,25.6955495]},"properties":{"name":"Bodega Aurrera Express Perimetral Norte","kind":"express","place_id":"ChIJNXrcRTuYYoYRHDhl8QrITag","address":"Av. Perimetral Nte. 951, Privada de la Mision, 66360 Cdad. Santa Catarina, N.L.","types":["grocery_store","food_store","store","food","point_of_interest","establishment"],"fuente":"places_api","fetched_at":"2026-09-24T22:41:22Z"}},{"type":"Feature","geometry":{"type":"Point","coordinates":[-100.2346494,25.7326208]},"properties":{"name":"Bodega Aurrera Express Plaza Casa Blanca","kind":"express","place_id":"ChIJVXeOg4HrYoYRGHLsBDZoKrA","address":"Av. Casa Blanca 459, Mision Casa Blanca 2do Sector, 66478 San Nicolás de los Garza, N.L.","types":["supermarket","grocery_store","food_store","food","point_of_interest","store","establishment"],"fuente":"places_api","fetched_at":"2026-09-24T22:41:22Z"}},{"type":"Feature","geometry":{"type":"Point","coordinates":[-100.33165989999999,25.7768107]},"properties":{"name":"Bodega Aurrera Express Plinio Ordóñez","kind":"express","place_id":"ChIJm-sgOPKTYoYRT0xz4NL4gQA","address":"Av. Plinio Ordoñez, Pl. San Genaro 1201, San Genaro 3er Sector, 66070 Cdad. Gral. Escobedo, N.L.","types":["grocery_store","food_store","store","food","point_of_interest","establishment"],"fuente":"places_api","fetched_at":"2026-09-24T22:41:22Z"}},{"type":"Feature","geometry":{"type":"Point","coordinates":[-100.25857789999999,25.6719561]},"properties":{"name":"Bodega Aurrera Express Polanco Oriente","kind":"express","place_id":"ChIJgUJoX2PrYoYRxjdaHnlzJBw","address":"Gral Ignacio Zaragoza 500, Centro, 67100 Guadalupe, N.L.","types":["grocery_store","food_store","store","food","point_of_interest","establishment"],"fuente":"places_api","fetched_at":"2026-09-24T22:41:22Z"}},{"type":"Feature","geometry":{"type":"Point","coordinates":[-100.40823429999999,25.8010871]},"properties":{"name":"Bodega Aurrera Express Portal Del Fraile","kind":"express","place_id":"ChIJmz3bYgCRYoYReUWg1Abk7gc","address":"Cam. de Las Águilas, Valle de San Francisco, 66064 Cdad. Gral. Escobedo, N.L.","types":["store","point_of_interest","establishment"],"fuente":"places_api","fetched_at":"2026-09-24T22:41:22Z"}},{"type":"Feature","geometry":{"type":"Point","coordinates":[-100.5429375,25.8036323]},"properties":{"name":"Bodega Aurrera Express Portal Lincoln","kind":"express","place_id":"ChIJ5whuLO2dYoYRy8asXayuoaI","address":"Portal de Bustamante 450, Portal de Lincoln, 66013 García, N.L.","types":["grocery_store","shopping_mall","food_store","food","point_of_interest","store","establishment"],"fuente":"places_api","fetched_at":"2026-09-24T22:41:22Z"}},{"type":"Feature","geometry":{"type":"Point","coordinates":[-100.1008305,25.6295665]},"properties":{"name":"Bodega Aurrera Express Portal de Juárez","kind":"express","place_id":"ChIJSaEbYzfDYoYRaiod4ixzKhw","address":"Carretera San Mateo, Mz 40, Lt 1y2, Portal de Juarez, 67266 Cdad. Benito Juárez, N.L.","types":["supermarket","grocery_store","food_store","store","food","point_of_interest","establishment"],"fuente":"places_api","fetched_at":"2026-09-24T22:41:22Z"}},{"type":"Feature","geometry":{"type":"Point","coordinates":[-100.4048505,25.788139899999997]},"properties":{"name":"Bodega Aurrera Express Portal de los Valles","kind":"express","place_id":"ChIJCzxpUo6RYoYRndlcf_yWtBk","address":"Av. Portal de Los Valles, Av San Bernabé 3912, Topo Chico, 64103 Monterrey, N.L.","types":["grocery_store","food_store","store","food","point_of_interest","establishment"],"fuente":"places_api","fetched_at":"2026-09-24T22:41:22Z"}},{"type":"Feature","geometry":{"type":"Point","coordinates":[-100.08584839999999,25.6713539]},"properties":{"name":"Bodega Aurrera Express Praderas de San Juan","kind":"express","place_id":"ChIJ7SFLAbHCYoYR7yjMJs9YtT0","address":"Madrid Mz A-Lt 2, Praderas de San Juan 1er. Sector, 67267 Cdad. Benito Juárez, N.L.","types":["grocery_store","food_store","food","point_of_interest","store","establishment"],"fuente":"places_api","fetched_at":"2026-09-24T22:41:22Z"}},{"type":"Feature","geometry":{"type":"Point","coordinates":[-100.430128,25.6875178]},"properties":{"name":"Bodega Aurrera Express Prados de San Jorge","kind":"express","place_id":"ChIJUyAsi_KXYoYRZZl32gaSVeg","address":"C. Tonatiuh 400, Provivienda del Poniente Segundo Sector, 66129 Cdad. Santa Catarina, N.L.","types":["grocery_store","food_store","store","food","point_of_interest","establishment"],"fuente":"places_api","fetched_at":"2026-09-24T22:41:22Z"}},{"type":"Feature","geometry":{"type":"Point","coordinates":[-100.09711109999999,25.626111100000003]},"properties":{"name":"Bodega Aurrera Express Privadas de San Mateo","kind":"express","place_id":"ChIJaV8vOQDDYoYRVCrDE6hhLlM","address":"Loma Virtud 162, 67265 Cdad. Benito Juárez, N.L.","types":["market","point_of_interest","establishment"],"fuente":"places_api","fetched_at":"2026-09-24T22:41:22Z"}},{"type":"Feature","geometry":{"type":"Point","coordinates":[-100.1754481,25.6065343]},"properties":{"name":"Bodega Aurrera Express Privadas del Bosque","kind":"express","place_id":"ChIJG4w8RwDBYoYR5vwBWd55KKc","address":"Calle Camino alas espinas, Av. Privada del Bosque, Jardines de la Silla, 67286 Jardines de la Silla, N.L.","types":["grocery_store","food_store","store","food","point_of_interest","establishment"],"fuente":"places_api","fetched_at":"2026-09-24T22:41:22Z"}},{"type":"Feature","geometry":{"type":"Point","coordinates":[-100.6003344,25.788596500000004]},"properties":{"name":"Bodega Aurrera Express Privalia García","kind":"express","place_id":"ChIJbf6Fs6WdYoYRzEq7RSE63Hw","address":"16 de Septiembre 205, Villas de Privalia, 66004 García, N.L.","types":["grocery_store","food_store","food","point_of_interest","store","establishment"],"fuente":"places_api","fetched_at":"2026-09-24T22:41:22Z"}},{"type":"Feature","geometry":{"type":"Point","coordinates":[-100.33138199999999,25.697678099999997]},"properties":{"name":"Bodega Aurrera Express Progreso","kind":"express","place_id":"ChIJ3zc8Qv-VYoYRy3ipL3OC4gU","address":"Thomas Alva Edison 2327, Progreso, 64420 Monterrey, N.L.","types":["grocery_store","food_store","store","food","point_of_interest","establishment"],"fuente":"places_api","fetched_at":"2026-09-24T22:41:22Z"}},{"type":"Feature","geometry":{"type":"Point","coordinates":[-100.4359459,25.6663541]},"properties":{"name":"Bodega Aurrera Express Protexa","kind":"express","place_id":"ChIJhad8J_6XYoYRRjHeewTtFVk","address":"Alamo 227, Campania, 66166 Cdad. Santa Catarina, N.L.","types":["supermarket","grocery_store","food_store","store","food","point_of_interest","establishment"],"fuente":"places_api","fetched_at":"2026-09-24T22:41:22Z"}},{"type":"Feature","geometry":{"type":"Point","coordinates":[-100.485777,25.8010163]},"properties":{"name":"Bodega Aurrera Express Real de Palmas","kind":"express","place_id":"ChIJn4JpAIibYoYRtowAerifQC4","address":"Sector minas, 66026 García, N.L.","types":["grocery_store","food_store","store","food","point_of_interest","establishment"],"fuente":"places_api","fetched_at":"2026-09-24T22:41:22Z"}},{"type":"Feature","geometry":{"type":"Point","coordinates":[-100.62860219999999,25.8223749]},"properties":{"name":"Bodega Aurrera Express Residencial Santa Lucia","kind":"express","place_id":"ChIJWe6fSQAniIYR-Vu4asWkKXA","address":"66012 García, N.L.","types":["grocery_store","food_store","store","food","point_of_interest","establishment"],"fuente":"places_api","fetched_at":"2026-09-24T22:41:22Z"}},{"type":"Feature","geometry":{"type":"Point","coordinates":[-100.17462909999999,25.6259639]},"properties":{"name":"Bodega Aurrera Express Residencial Sta Monica","kind":"express","place_id":"ChIJh9DrSWPBYoYRfanOP545Phw","address":"San Marcos 1, Residencial Santa Monica, Jardines de la Silla, 67286 Jardines de la Silla, N.L.","types":["grocery_store","food_store","store","food","point_of_interest","establishment"],"fuente":"places_api","fetched_at":"2026-09-24T22:41:22Z"}},{"type":"Feature","geometry":{"type":"Point","coordinates":[-100.3327101,25.7338308]},"properties":{"name":"Bodega Aurrera Express Reyes Santiago","kind":"express","place_id":"ChIJa84e9DmUYoYRmcSWUd8xaj0","address":"Av Bernardo Reyes 5918, Topo Chico, 64260 Monterrey, N.L.","types":["grocery_store","food_store","store","food","point_of_interest","establishment"],"fuente":"places_api","fetched_at":"2026-09-24T22:41:22Z"}},{"type":"Feature","geometry":{"type":"Point","coordinates":[-100.2646979,25.7347368]},"properties":{"name":"Bodega Aurrera Express Roberto Espinoza","kind":"express","place_id":"ChIJez5kMdKUYoYRVoHIJW7Q6sc","address":"Roberto Espinoza 1000, Pedregal de Santo Domingo, 66491 San Nicolás de los Garza, N.L.","types":["grocery_store","food_store","store","food","point_of_interest","establishment"],"fuente":"places_api","fetched_at":"2026-09-24T22:41:22Z"}},{"type":"Feature","geometry":{"type":"Point","coordinates":[-100.25384269999999,25.703355199999997]},"properties":{"name":"Bodega Aurrera Express Rodrigo De Llano","kind":"express","place_id":"ChIJw_-k-cnqYoYRqJkPKAT9cP8","address":"Av. A. Ruiz Cortines Pte. 435-A, Industrias del Vidrio 2do Sector, 66490 Guadalupe, N.L.","types":["grocery_store","food_store","store","food","point_of_interest","establishment"],"fuente":"places_api","fetched_at":"2026-09-24T22:41:22Z"}},{"type":"Feature","geometry":{"type":"Point","coordinates":[-100.3767633,25.733935799999998]},"properties":{"name":"Bodega Aurrera Express Ruiz Cortines","kind":"express","place_id":"ChIJ6S8uEuyWYoYRnyy4gwcd_Ro","address":"Av. Ruiz Cortines 5698, Valle de Infonavit, 64350 Monterrey, N.L.","types":["supermarket","grocery_store","food_store","store","food","point_of_interest","establishment"],"fuente":"places_api","fetched_at":"2026-09-24T22:41:22Z"}},{"type":"Feature","geometry":{"type":"Point","coordinates":[-100.1528415,25.756626400000002]},"properties":{"name":"Bodega Aurrera Express Río Orinoco","kind":"express","place_id":"ChIJUdZT_UHpYoYRatNbAoBXUYY","address":"Cam. Al Aeropuerto, San Isidro, 66646 Cdad. Apodaca, N.L.","types":["grocery_store","food_store","food","point_of_interest","store","establishment"],"fuente":"places_api","fetched_at":"2026-09-24T22:41:22Z"}},{"type":"Feature","geometry":{"type":"Point","coordinates":[-100.26755709999999,25.6178018]},"properties":{"name":"Bodega Aurrera Express San Angel","kind":"express","place_id":"ChIJuzWt72S_YoYRctKezBuMWPY","address":"S. Angel 202, San Angel, 64878 Monterrey, N.L.","types":["grocery_store","food_store","store","food","point_of_interest","establishment"],"fuente":"places_api","fetched_at":"2026-09-24T22:41:22Z"}},{"type":"Feature","geometry":{"type":"Point","coordinates":[-100.3604188,25.747484]},"properties":{"name":"Bodega Aurrera Express San Bernabé","kind":"express","place_id":"ChIJ7cQ8VqOWYoYRVlkPCZhyg6E","address":"Av. Solidaridad 9215, Valle de Santa Lucía, 64240 Monterrey, N.L.","types":["supermarket","grocery_store","food_store","store","food","point_of_interest","establishment"],"fuente":"places_api","fetched_at":"2026-09-24T22:41:22Z"}},{"type":"Feature","geometry":{"type":"Point","coordinates":[-100.46502170000001,25.694858999999997]},"properties":{"name":"Bodega Aurrera Express San Francisco","kind":"express","place_id":"ChIJ-WLqFLKZYoYRI5CUEG1uAOA","address":"Luis Donaldo Colosio, S. Isidro 101, San Francisco, 66368 Cdad. Santa Catarina, N.L.","types":["grocery_store","food_store","food","point_of_interest","store","establishment"],"fuente":"places_api","fetched_at":"2026-09-24T22:41:22Z"}},{"type":"Feature","geometry":{"type":"Point","coordinates":[-100.1674702,25.720033899999997]},"properties":{"name":"Bodega Aurrera Express San Miguel","kind":"express","place_id":"ChIJV9E5DnfpYoYRMCzKWD_8Xr0","address":"Avenida Gaspar Castaño, Valle San Miguel Mz 307-Lt 32, Segundo Sector, 66648 Cdad. Apodaca, N.L.","types":["supermarket","grocery_store","food_store","store","food","point_of_interest","establishment"],"fuente":"places_api","fetched_at":"2026-09-24T22:41:22Z"}},{"type":"Feature","geometry":{"type":"Point","coordinates":[-100.49685439999999,25.7809174]},"properties":{"name":"Bodega Aurrera Express Santa María ll","kind":"express","place_id":"ChIJMxLnBgCbYoYRuQsZvu0-g24","address":"San Emeterio 863, 66037 Santa María, N.L.","types":["grocery_store","food_store","store","food","point_of_interest","establishment"],"fuente":"places_api","fetched_at":"2026-09-24T22:41:22Z"}},{"type":"Feature","geometry":{"type":"Point","coordinates":[-100.2634523,25.769724099999998]},"properties":{"name":"Bodega Aurrera Express Sendero Norte","kind":"express","place_id":"ChIJHe0IGwCVYoYRcQ2QcFEJY5A","address":"Av. Manuela Herrera 1011, 66635 Cdad. Apodaca, N.L.","types":["store","point_of_interest","establishment"],"fuente":"places_api","fetched_at":"2026-09-24T22:41:22Z"}},{"type":"Feature","geometry":{"type":"Point","coordinates":[-100.3246896,25.7375223]},"properties":{"name":"Bodega Aurrera Express Subestacion Topochico","kind":"express","place_id":"ChIJVW9ND7-VYoYRL-VrCbes2C8","address":"Av. Almazan, 30 de Abril Mz 41-Lt 2, Topo Chico, 64107 Monterrey, N.L.","types":["grocery_store","food_store","store","food","point_of_interest","establishment"],"fuente":"places_api","fetched_at":"2026-09-24T22:41:22Z"}},{"type":"Feature","geometry":{"type":"Point","coordinates":[-100.3660287,25.7542097]},"properties":{"name":"Bodega Aurrera Express Talleres San Bernabé","kind":"express","place_id":"ChIJq1GBiWuXYoYRNFGqCIUK1mg","address":"Av. Solidaridad Manzana 390 Lote 14, San Bernabé II Sector, 64104 Monterrey, N.L.","types":["grocery_store","food_store","store","food","point_of_interest","establishment"],"fuente":"places_api","fetched_at":"2026-09-24T22:41:22Z"}},{"type":"Feature","geometry":{"type":"Point","coordinates":[-100.34419299999999,25.7480756]},"properties":{"name":"Bodega Aurrera Express Tierra Y Libertad","kind":"express","place_id":"ChIJmajqIMeVYoYRKUHtw9WPGjQ","address":"Av. Camino Real 7725, San Bernabé, 64106 Monterrey, N.L.","types":["grocery_store","food_store","store","food","point_of_interest","establishment"],"fuente":"places_api","fetched_at":"2026-09-24T22:41:22Z"}},{"type":"Feature","geometry":{"type":"Point","coordinates":[-100.17163219999999,25.8001707]},"properties":{"name":"Bodega Aurrera Express Triana","kind":"express","place_id":"ChIJUcfH9ZjtYoYRx7LLhBR-kCo","address":"Antigua Carretera a Aguafria 215, Triana, 66620 Cdad. Apodaca, N.L.","types":["grocery_store","food_store","store","food","point_of_interest","establishment"],"fuente":"places_api","fetched_at":"2026-09-24T22:41:22Z"}},{"type":"Feature","geometry":{"type":"Point","coordinates":[-100.35411979999999,25.7412961]},"properties":{"name":"Bodega Aurrera Express Unidad modelo II","kind":"express","place_id":"ChIJwSnzQZ-WYoYR3JPDBVTqtp4","address":"Granja Sanitaria, Av. Solidaridad 7409, Valle de Santa Lucía, 64230 Monterrey, N.L.","types":["grocery_store","food_store","store","food","point_of_interest","establishment"],"fuente":"places_api","fetched_at":"2026-09-24T22:41:22Z"}},{"type":"Feature","geometry":{"type":"Point","coordinates":[-100.49016449999999,25.7922534]},"properties":{"name":"Bodega Aurrera Express Valle De Lincoln","kind":"express","place_id":"ChIJ_QekeK6bYoYR_MqE7QK1EDM","address":"Real de Palmas Mz 26-Lt 8, 4A Etapa, Valle de Lincoln, 66008 Valle de Lincoln, N.L.","types":["grocery_store","food_store","food","point_of_interest","store","establishment"],"fuente":"places_api","fetched_at":"2026-09-24T22:41:22Z"}},{"type":"Feature","geometry":{"type":"Point","coordinates":[-100.0740069,25.6057825]},"properties":{"name":"Bodega Aurrera Express Valle Del Roble","kind":"express","place_id":"ChIJefhklq7cYoYR_dX5Af6NakY","address":"Av del Álamo S/N, Valle del Roble, 67456 Cadereyta Jiménez, N.L.","types":["grocery_store","food_store","store","food","point_of_interest","establishment"],"fuente":"places_api","fetched_at":"2026-09-24T22:41:22Z"}},{"type":"Feature","geometry":{"type":"Point","coordinates":[-100.34554980000001,25.721342099999998]},"properties":{"name":"Bodega Aurrera Express Valle Morelos","kind":"express","place_id":"ChIJRXV7pUiXYoYRf9maDILzzTw","address":"S. Bernabé Mz 70-Lt 10, Valle Morelos, 64180 Monterrey, N.L.","types":["grocery_store","food_store","store","food","point_of_interest","establishment"],"fuente":"places_api","fetched_at":"2026-09-24T22:41:22Z"}},{"type":"Feature","geometry":{"type":"Point","coordinates":[-100.1002774,25.7107168]},"properties":{"name":"Bodega Aurrera Express Valle Santa Maria","kind":"express","place_id":"ChIJ45NK_hToYoYRzQeJ4EQLyYY","address":"Av. San Francisco 100, 66670 Valle de Santa María, N.L.","types":["supermarket","liquor_store","grocery_store","food_store","store","food","point_of_interest","establishment"],"fuente":"places_api","fetched_at":"2026-09-24T22:41:22Z"}},{"type":"Feature","geometry":{"type":"Point","coordinates":[-100.26783569999999,25.796363]},"properties":{"name":"Bodega Aurrera Express Valle de Palmas Apoda, 5366ca","kind":"express","place_id":"ChIJ4W2lMjSTYoYRgvKhZaX18Vc","address":"De Las Bugambilias 429, Valle de Las Palmas V, 66612 Cdad. Apodaca, N.L.","types":["grocery_store","food_store","food","point_of_interest","store","establishment"],"fuente":"places_api","fetched_at":"2026-09-24T22:41:22Z"}},{"type":"Feature","geometry":{"type":"Point","coordinates":[-100.56657159999999,25.802081299999998]},"properties":{"name":"Bodega Aurrera Express Valle de San Blas","kind":"express","place_id":"ChIJpc8VcfmcYoYR1sJ84PW42Ho","address":"Av. del Hospital 101, Valle de San Blas, 66003 García, N.L.","types":["grocery_store","food_store","food","point_of_interest","store","establishment"],"fuente":"places_api","fetched_at":"2026-09-24T22:41:22Z"}},{"type":"Feature","geometry":{"type":"Point","coordinates":[-100.1720002,25.65995]},"properties":{"name":"Bodega Aurrera Express Villa Alegre","kind":"express","place_id":"ChIJk2Fjk4rBYoYRe6ynhwwSBe0","address":"Av. Xochimilco Mz 2-Lt 11, Villa Alegre, 67193 Guadalupe, N.L.","types":["grocery_store","food_store","store","food","point_of_interest","establishment"],"fuente":"places_api","fetched_at":"2026-09-24T22:41:22Z"}},{"type":"Feature","geometry":{"type":"Point","coordinates":[-100.56636929999999,25.7850385]},"properties":{"name":"Bodega Aurrera Express Villas Alcalli II","kind":"express","place_id":"ChIJT_XoBSGdYoYRSrhyNiQV2xk","address":"Villas de Álcali, 66003 García, N.L.","types":["grocery_store","food_store","store","food","point_of_interest","establishment"],"fuente":"places_api","fetched_at":"2026-09-24T22:41:22Z"}},{"type":"Feature","geometry":{"type":"Point","coordinates":[-100.3128081,25.849199499999997]},"properties":{"name":"Bodega Aurrera Express Villas del Jaral","kind":"express","place_id":"ChIJMdo9EteTYoYRT09FINwjuSo","address":"P.º del Jaral 700, Villas del Jaral, Fraccionamiento, 66580 El Jaral, N.L.","types":["supermarket","grocery_store","food_store","food","point_of_interest","store","establishment"],"fuente":"places_api","fetched_at":"2026-09-24T22:41:22Z"}},{"type":"Feature","geometry":{"type":"Point","coordinates":[-100.5406792,25.8146055]},"properties":{"name":"Bodega Aurrera Express Vista Bella","kind":"express","place_id":"ChIJGz-CFtmdYoYRQyZEB0afDA8","address":"Av. Vista Bella 252, 66013 García, N.L.","types":["grocery_store","food_store","store","food","point_of_interest","establishment"],"fuente":"places_api","fetched_at":"2026-09-24T22:41:22Z"}},{"type":"Feature","geometry":{"type":"Point","coordinates":[-100.1039571,25.6624178]},"properties":{"name":"Bodega Aurrera Express Vistas de Anacua II","kind":"express","place_id":"ChIJy3kLimfDYoYRvjllibgK3ow","address":"Vista de Cumbres 631, Vistas del Rio, 67267 Cdad. Benito Juárez, N.L.","types":["grocery_store","food_store","store","food","point_of_interest","establishment"],"fuente":"places_api","fetched_at":"2026-09-24T22:41:22Z"}},{"type":"Feature","geometry":{"type":"Point","coordinates":[-100.1011999,25.6675591]},"properties":{"name":"Bodega Aurrera Express Vistas del Rio","kind":"express","place_id":"ChIJaUuZuBTDYoYRXR8nMHU8BHg","address":"Av. Vista del Cielo Mz 364-Lt 01, Vistas del Rio, 67267 Cdad. Benito Juárez, N.L.","types":["grocery_store","food_store","food","point_of_interest","store","establishment"],"fuente":"places_api","fetched_at":"2026-09-24T22:41:22Z"}},{"type":"Feature","geometry":{"type":"Point","coordinates":[-100.13512779999999,25.6438559]},"properties":{"name":"Bodega Aurrera Express Zirandaro","kind":"express","place_id":"ChIJ02KgnBPDYoYREM-UCHUfOYM","address":"Zirándaro 201, Residencial Zirandaro, 67277 Cdad. Benito Juárez, N.L.","types":["grocery_store","food_store","store","food","point_of_interest","establishment"],"fuente":"places_api","fetched_at":"2026-09-24T22:41:22Z"}},{"type":"Feature","geometry":{"type":"Point","coordinates":[-100.14539359999999,25.864176600000004]},"properties":{"name":"Bodega Aurrera Express Zuazua San Fernando","kind":"express","place_id":"ChIJCX0uYgDvYoYR0EmiDrP6Iyc","address":"Av. Sants Elena #617, col. Valle de Santa Elena, 65776 Gral. Zuazua, N.L.","types":["grocery_store","food_store","store","food","point_of_interest","establishment"],"fuente":"places_api","fetched_at":"2026-09-24T22:41:22Z"}},{"type":"Feature","geometry":{"type":"Point","coordinates":[-100.1450766,25.8580558]},"properties":{"name":"Bodega Aurrera Express Zuazua Santa Elena","kind":"express","place_id":"ChIJ6ZyrbCzvYoYRJsKZA8ivoQI","address":"Av. Sta. Elena 101, 65776 Valle de Santa Elena, N.L.","types":["grocery_store","food_store","store","food","point_of_interest","establishment"],"fuente":"places_api","fetched_at":"2026-09-24T22:41:22Z"}},{"type":"Feature","geometry":{"type":"Point","coordinates":[-100.3990766,25.8446626]},"properties":{"name":"Bodega Aurrera Express colonia fomerrey","kind":"express","place_id":"ChIJNTXMH9aRYoYRKLwIX4spMQ8","address":"Independencia 204 Nuevo León Estado de Progreso, Independencia 204, Coahuila, 66086 Cdad. Gral. Escobedo, N.L.","types":["supermarket","grocery_store","food_store","store","food","point_of_interest","establishment"],"fuente":"places_api","fetched_at":"2026-09-24T22:41:22Z"}},{"type":"Feature","geometry":{"type":"Point","coordinates":[-100.57540999999999,25.782545]},"properties":{"name":"Bodega Aurrera Express Álcali","kind":"express","place_id":"ChIJ1akB2iadYoYR8oAukzQ11mI","address":"Av. Hacienda del Sol 200, Villas de Álcali, 66003 García, N.L.","types":["grocery_store","food_store","store","food","point_of_interest","establishment"],"fuente":"places_api","fetched_at":"2026-09-24T22:41:22Z"}},{"type":"Feature","geometry":{"type":"Point","coordinates":[-100.11584099999999,25.825677199999998]},"properties":{"name":"Bodega Aurrera Express, Colinas del aeropuerto","kind":"express","place_id":"ChIJY9FFRgbvYoYR3kN4u7u1Dq0","address":"Av. Central Manzana 50 Lote 1, 66655 Colinas del Aeropuerto, N.L.","types":["grocery_store","food_store","store","food","point_of_interest","establishment"],"fuente":"places_api","fetched_at":"2026-09-24T22:41:22Z"}},{"type":"Feature","geometry":{"type":"Point","coordinates":[-100.36955619999999,25.8334631]},"properties":{"name":"Bodega Aurrera Express, Fraccionamiento San Miguel","kind":"express","place_id":"ChIJDZ3V5JORYoYRC9JVA72HYvc","address":"Av. Carpinteros 301, San Miguel Residencial, 66085 Cdad. Gral. Escobedo, N.L.","types":["grocery_store","food_store","store","food","point_of_interest","establishment"],"fuente":"places_api","fetched_at":"2026-09-24T22:41:22Z"}},{"type":"Feature","geometry":{"type":"Point","coordinates":[-100.5667622,25.7879377]},"properties":{"name":"Bodega Aurrera Express, Hacienda San Angel","kind":"express","place_id":"ChIJixsDoJidYoYRUSrn9p1JfFE","address":"Hacienda San Ángel 205, Haciendo del Sol, 66003 García, N.L.","types":["grocery_store","food_store","store","food","point_of_interest","establishment"],"fuente":"places_api","fetched_at":"2026-09-24T22:41:22Z"}},{"type":"Feature","geometry":{"type":"Point","coordinates":[-100.1870348,25.739452999999997]},"properties":{"name":"Bodega Aurrera Express, Huinala","kind":"express","place_id":"ChIJ0cYouUTrYoYRFCGzY5gvjJE","address":"Encarnacion 2 Hacienda Huinala, San Ignacio, 66644 Cdad. Apodaca, N.L.","types":["grocery_store","food_store","store","food","point_of_interest","establishment"],"fuente":"places_api","fetched_at":"2026-09-24T22:41:22Z"}},{"type":"Feature","geometry":{"type":"Point","coordinates":[-100.3065674,25.648833699999997]},"properties":{"name":"Bodega Aurrera Express, María Curie","kind":"express","place_id":"ChIJQ-pqHEu-YoYRt9zVdMfQ3d0","address":"María Curie 100, Roma, 64700 Monterrey, N.L.","types":["grocery_store","food_store","store","food","point_of_interest","establishment"],"fuente":"places_api","fetched_at":"2026-09-24T22:41:22Z"}},{"type":"Feature","geometry":{"type":"Point","coordinates":[-100.1593673,25.65239]},"properties":{"name":"Bodega Aurrera Express, Paseo de Guadalupe","kind":"express","place_id":"ChIJEZC72CTDYoYR6fyw6ZOgVZE","address":"Av Coahuila 109, Col Paseo de Guadalupe, 67199 Guadalupe, N.L.","types":["supermarket","grocery_store","food_store","store","food","point_of_interest","establishment"],"fuente":"places_api","fetched_at":"2026-09-24T22:41:22Z"}},{"type":"Feature","geometry":{"type":"Point","coordinates":[-100.314786,25.799899]},"properties":{"name":"Bodega Aurrera Express, Paseo la Amistad","kind":"express","place_id":"ChIJIS76gx-TYoYRcrUckRWe8ns","address":"P.º de la Amistad 322-1Er Sector, Infonavit, Monte Real, 66056 Cdad. Gral. Escobedo, N.L.","types":["grocery_store","food_store","food","point_of_interest","store","establishment"],"fuente":"places_api","fetched_at":"2026-09-24T22:41:22Z"}},{"type":"Feature","geometry":{"type":"Point","coordinates":[-100.1548665,25.743804599999997]},"properties":{"name":"Bodega Aurrera Express, Privada Dominio","kind":"express","place_id":"ChIJy6EiweXpYoYRFhpXsF0q53k","address":"Río Bravo 100, 66640 Fraccionamiento Misión de San Javier, N.L.","types":["supermarket","grocery_store","food_store","food","point_of_interest","store","establishment"],"fuente":"places_api","fetched_at":"2026-09-24T22:41:22Z"}},{"type":"Feature","geometry":{"type":"Point","coordinates":[-100.3085339,25.815032799999997]},"properties":{"name":"Bodega Aurrera Express, Privadas del Sauce","kind":"express","place_id":"ChIJc8LFTgCTYoYRdCRD2w1c7xg","address":"Privadas Del Sauce Sector Avellano, Privadas del Sauce 5do Sector, 66053 Cdad. Gral. Escobedo, N.L.","types":["grocery_store","food_store","food","point_of_interest","store","establishment"],"fuente":"places_api","fetched_at":"2026-09-24T22:41:22Z"}},{"type":"Feature","geometry":{"type":"Point","coordinates":[-100.5918153,25.791031399999998]},"properties":{"name":"Bodega Aurrera Express, Punta Diamante","kind":"express","place_id":"ChIJAVFK-QmdYoYR8nEDN5iJDfQ","address":"Punta Diamante 109, 66004 García, N.L.","types":["grocery_store","food_store","food","point_of_interest","store","establishment"],"fuente":"places_api","fetched_at":"2026-09-24T22:41:22Z"}},{"type":"Feature","geometry":{"type":"Point","coordinates":[-100.1350028,25.8590306]},"properties":{"name":"Bodega Aurrera Express, Sec. San Pedro","kind":"express","place_id":"ChIJn5k4ec3vYoYRCVbHoXmZa3M","address":"65776 Gral. Zuazua, N.L.","types":["grocery_store","food_store","store","food","point_of_interest","establishment"],"fuente":"places_api","fetched_at":"2026-09-24T22:41:22Z"}},{"type":"Feature","geometry":{"type":"Point","coordinates":[-100.14024859999999,25.855753099999998]},"properties":{"name":"Bodega Aurrera Express, Valle de Santa Elena","kind":"express","place_id":"ChIJYUhxNl7vYoYRpmzs7ZI2S9A","address":"Av. Sta. Elena 201, Sector San Jorge, Valle de Santa Elena, 65776 Valle de Santa Elena, N.L.","types":["grocery_store","food_store","store","food","point_of_interest","establishment"],"fuente":"places_api","fetched_at":"2026-09-24T22:41:22Z"}},{"type":"Feature","geometry":{"type":"Point","coordinates":[-100.3288555,25.807356700000003]},"properties":{"name":"Bodega Aurrera Express, Villareal Escobedo","kind":"express","place_id":"ChIJezslKyyTYoYR5LjOunB8rYk","address":"N° 207, Serafín Pena 207, Guadalupe Victoria, 66056 Cdad. Gral. Escobedo, N.L.","types":["grocery_store","food_store","food","point_of_interest","store","establishment"],"fuente":"places_api","fetched_at":"2026-09-24T22:41:22Z"}},{"type":"Feature","geometry":{"type":"Point","coordinates":[-100.5998087,25.772900699999997]},"properties":{"name":"Bodega Aurrera Express, Vista Montaña Garcia","kind":"express","place_id":"ChIJPRnleQCdYoYRLXAbllKqagE","address":"La Ladera 100, 66018 García, N.L.","types":["grocery_store","food_store","store","food","point_of_interest","establishment"],"fuente":"places_api","fetched_at":"2026-09-24T22:41:22Z"}},{"type":"Feature","geometry":{"type":"Point","coordinates":[-100.3838634,25.854066699999997]},"properties":{"name":"Bodega Aurrera Express, Vistas del Carmen","kind":"express","place_id":"ChIJRWriiI2RYoYRNzqrNmeyXkY","address":"Av. Constitución & San Juan del Río, 66553 Alianza Real, N.L.","types":["supermarket","grocery_store","food_store","food","point_of_interest","store","establishment"],"fuente":"places_api","fetched_at":"2026-09-24T22:41:22Z"}},{"type":"Feature","geometry":{"type":"Point","coordinates":[-100.59432939999999,25.7955328]},"properties":{"name":"Bodega Aurrera Express, sor Juana (1994)","kind":"express","place_id":"ChIJr_2gmgqdYoYRwKurOxB2vSY","address":"Sor Juana Inés de La Cruz 237, Villa de los Nogales, 66004 García, N.L.","types":["supermarket","grocery_store","food_store","food","point_of_interest","store","establishment"],"fuente":"places_api","fetched_at":"2026-09-24T22:41:22Z"}},{"type":"Feature","geometry":{"type":"Point","coordinates":[-100.26729429999999,25.676655]},"properties":{"name":"Bodega Aurrera express Arteaga","kind":"express","place_id":"ChIJTXAuv_2_YoYRz2ZdT2O2xR0","address":"Arteaga 803, Centro, 67100 Guadalupe, N.L.","types":["grocery_store","food_store","store","food","point_of_interest","establishment"],"fuente":"places_api","fetched_at":"2026-09-24T22:41:22Z"}},{"type":"Feature","geometry":{"type":"Point","coordinates":[-100.24660399999999,25.812308299999998]},"properties":{"name":"Bodega aurrera Express Cospomolis","kind":"express","place_id":"ChIJrc4bQwDtYoYRAi4e60z4PxQ","address":"Paseos de Apodaca, 66613 Cdad. Apodaca, N.L.","types":["store","point_of_interest","establishment"],"fuente":"places_api","fetched_at":"2026-09-24T22:41:22Z"}},{"type":"Feature","geometry":{"type":"Point","coordinates":[-100.1754491,25.616598699999997]},"properties":{"name":"Bodega aurrera express Fatima","kind":"express","place_id":"ChIJQeep63jBYoYRvHMpT-TJaB4","address":"Fátima 657, Santa Monica Sector 8, Jardines de la Silla, 67250 Jardines de la Silla, N.L.","types":["grocery_store","food_store","store","food","point_of_interest","establishment"],"fuente":"places_api","fetched_at":"2026-09-24T22:41:22Z"}},{"type":"Feature","geometry":{"type":"Point","coordinates":[-100.6186575,25.815011799999997]},"properties":{"name":"Bodega aurrera express icamole","kind":"express","place_id":"ChIJzd4DVQCdYoYR1O8PN1E3AEo","address":"Oasis de Ubari 907e, Ampliación Cerritos, 66012 García, N.L.","types":["grocery_store","food_store","store","food","point_of_interest","establishment"],"fuente":"places_api","fetched_at":"2026-09-24T22:41:22Z"}},{"type":"Feature","geometry":{"type":"Point","coordinates":[-100.2248364,25.7061051]},"properties":{"name":"Extra los Ángeles","kind":"extra","place_id":"ChIJE0kXN6zqYoYR-PF2FZ-Agts","address":"Nueva Linda Vista, 67129 Guadalupe, N.L., México","types":["convenience_store","food_store","store","food","point_of_interest","establishment"],"fuente":"places_api","fetched_at":"2026-09-24T22:41:22Z"}},{"type":"Feature","geometry":{"type":"Point","coordinates":[-100.36101599999999,25.645004699999998]},"properties":{"name":"Benavides","kind":"farmacia","place_id":"ChIJ09ZU09y9YoYRjjeJ6F57SZQ","address":"Av. Manuel Gómez Morín 938, Comercial Gómez Morin, Del Valle, 66250 San Pedro Garza García, N.L.","types":["pharmacy","store","health","point_of_interest","establishment"],"fuente":"places_api","fetched_at":"2026-09-24T22:41:22Z"}},{"type":"Feature","geometry":{"type":"Point","coordinates":[-100.3833212,25.8589386]},"properties":{"name":"Benavides","kind":"farmacia","place_id":"ChIJAzCyBgCPYoYRV_JX8zYfcF0","address":"Rio Las Animas 110-100, 66553 Alianza Real, N.L.","types":["pharmacy","store","health","point_of_interest","establishment"],"fuente":"places_api","fetched_at":"2026-09-24T22:41:22Z"}},{"type":"Feature","geometry":{"type":"Point","coordinates":[-100.11444999999999,25.776766]},"properties":{"name":"Benavides","kind":"farmacia","place_id":"ChIJPTSl_9HoYoYRmaLo1gveRmA","address":"Carr. Miguel Alemán Km 24 S/N-No Colonia, 66600 Cdad. Apodaca, N.L.","types":["pharmacy","store","health","point_of_interest","establishment"],"fuente":"places_api","fetched_at":"2026-09-24T22:41:22Z"}},{"type":"Feature","geometry":{"type":"Point","coordinates":[-100.2075557,25.6750109]},"properties":{"name":"Benavides","kind":"farmacia","place_id":"ChIJXTcUF9HBYoYRU3NDi4wzckE","address":"Benito Juárez 313, Rosalinda, 67180 Guadalupe, N.L.","types":["pharmacy","store","health","point_of_interest","establishment"],"fuente":"places_api","fetched_at":"2026-09-24T22:41:22Z"}},{"type":"Feature","geometry":{"type":"Point","coordinates":[-100.28716039999999,25.778507299999998]},"properties":{"name":"Benavides","kind":"farmacia","place_id":"ChIJf_-zkWaTYoYRz5QWUt0cikA","address":"Carretera Laredo 454-A Y 454-B S/N, Valle del Cañada, 66059 Cdad. Gral. Escobedo, N.L.","types":["pharmacy","store","health","point_of_interest","establishment"],"fuente":"places_api","fetched_at":"2026-09-24T22:41:22Z"}},{"type":"Feature","geometry":{"type":"Point","coordinates":[-100.2711549,25.6164216]},"properties":{"name":"Benavides","kind":"farmacia","place_id":"ChIJhYaNgGW_YoYRHZ4CIZ_7Nu4","address":"Av. Eugenio Garza Sada 5980, Torres de Satélite, 64950 Monterrey, N.L.","types":["pharmacy","store","health","point_of_interest","establishment"],"fuente":"places_api","fetched_at":"2026-09-24T22:41:22Z"}},{"type":"Feature","geometry":{"type":"Point","coordinates":[-100.376904,25.6515088]},"properties":{"name":"Benavides","kind":"farmacia","place_id":"ChIJkQz9eQC9YoYRRT-9BpXnVx4","address":"Bosques del Valle 1er Sector, 66250 San Pedro Garza García, N.L.","types":["pharmacy","store","health","point_of_interest","establishment"],"fuente":"places_api","fetched_at":"2026-09-24T22:41:22Z"}},{"type":"Feature","geometry":{"type":"Point","coordinates":[-100.1473084,25.6873632]},"properties":{"name":"Cedis Far Benavides Mty","kind":"farmacia","place_id":"ChIJV0X1-t_pYoYRJMRMzfSzOag","address":"67133 Guadalupe, N.L.","types":["pharmacy","store","health","point_of_interest","establishment"],"fuente":"places_api","fetched_at":"2026-09-24T22:41:22Z"}},{"type":"Feature","geometry":{"type":"Point","coordinates":[-100.3982377,25.661027699999998]},"properties":{"name":"Centro de Reclutamiento Benavides Mty 1","kind":"farmacia","place_id":"ChIJiWaYIny9YoYRc2NA9JyPgt0","address":"Casco Urbano, 66200 San Pedro Garza García, N.L.","types":["corporate_office","point_of_interest","establishment"],"fuente":"places_api","fetched_at":"2026-09-24T22:41:22Z"}},{"type":"Feature","geometry":{"type":"Point","coordinates":[-100.2829375,25.6525434]},"properties":{"name":"Consultorio Medico Benavides","kind":"farmacia","place_id":"ChIJt39opHK_YoYRwRjCRU74Uok","address":"Av. Ricardo Covarrubias 2803, Narvarte, Distrito Tec, 64830 Monterrey, N.L.","types":["pharmacy","doctor","store","health","point_of_interest","establishment"],"fuente":"places_api","fetched_at":"2026-09-24T22:41:22Z"}},{"type":"Feature","geometry":{"type":"Point","coordinates":[-100.2330233,25.682575099999998]},"properties":{"name":"El Campestre FARMACIAS GUADALAJARA","kind":"farmacia","place_id":"ChIJLUypbp7qYoYRNOZ79glphco","address":"Gral. Plutarco Elías Calles 660, Azteca, 67150 Guadalupe, N.L.","types":["pharmacy","store","health","point_of_interest","establishment"],"fuente":"places_api","fetched_at":"2026-09-24T22:41:22Z"}},{"type":"Feature","geometry":{"type":"Point","coordinates":[-100.2392349,25.7769957]},"properties":{"name":"FARMACIA GUADALAJARA","kind":"farmacia","place_id":"ChIJ4w-VtKHsYoYREdH4g7tFhhY","address":"CAMINO REAL, Sta. Rosa - Mezquital 104 nte, Arbado Monarca, SECTOR 1, 66610 Cdad. Apodaca, N.L.","types":["pharmacy","store","health","point_of_interest","establishment"],"fuente":"places_api","fetched_at":"2026-09-24T22:41:22Z"}},{"type":"Feature","geometry":{"type":"Point","coordinates":[-100.2668867,25.6755852]},"properties":{"name":"FARMACIA GUADALAJARA","kind":"farmacia","place_id":"ChIJK1ahyv2_YoYRi3dQ8hJUaWo","address":"José María Arteaga 131, Paraíso, 67140 Monterrey, N.L.","types":["pharmacy","health","store","point_of_interest","establishment"],"fuente":"places_api","fetched_at":"2026-09-24T22:41:22Z"}},{"type":"Feature","geometry":{"type":"Point","coordinates":[-100.2340921,25.7196207]},"properties":{"name":"FARMACIA GUADALAJARA","kind":"farmacia","place_id":"ChIJb0Oa5ebqYoYRAI06Ba3w4YQ","address":"Av. Rómulo Garza 101-Loc 20, Los Laureles, 66470 San Nicolás de los Garza, N.L.","types":["pharmacy","store","health","point_of_interest","establishment"],"fuente":"places_api","fetched_at":"2026-09-24T22:41:22Z"}},{"type":"Feature","geometry":{"type":"Point","coordinates":[-100.27982809999999,25.7661886]},"properties":{"name":"FARMACIA GUADALAJARA","kind":"farmacia","place_id":"ChIJgScBdqGUYoYRuUVBpelOsJE","address":"Av Morenita Mia 2211, Viejo Roble, 66460 Monterrey, N.L.","types":["pharmacy","drugstore","health","store","point_of_interest","establishment"],"fuente":"places_api","fetched_at":"2026-09-24T22:41:22Z"}},{"type":"Feature","geometry":{"type":"Point","coordinates":[-100.295627,25.7548885]},"properties":{"name":"FARMACIA GUADALAJARA","kind":"farmacia","place_id":"ChIJtw7jSI6UYoYRR-p5QLdWsGE","address":"Porfirio Díaz 507, Centro, 66400 San Nicolás de los Garza, N.L.","types":["pharmacy","health","point_of_interest","store","establishment"],"fuente":"places_api","fetched_at":"2026-09-24T22:41:22Z"}},{"type":"Feature","geometry":{"type":"Point","coordinates":[-100.1872746,25.722171099999997]},"properties":{"name":"FARMACIA GUADALAJARA Acapulco","kind":"farmacia","place_id":"ChIJ57o71TbqYoYRXz7TabMLICI","address":"Loma Baja 312, Lomas de San Miguel, 67113 Monterrey, N.L.","types":["pharmacy","store","health","point_of_interest","establishment"],"fuente":"places_api","fetched_at":"2026-09-24T22:41:22Z"}},{"type":"Feature","geometry":{"type":"Point","coordinates":[-100.35316619999999,25.7406087]},"properties":{"name":"FARMACIA GUADALAJARA SANTA LUCIA","kind":"farmacia","place_id":"ChIJ29hj7PWXYoYRC0qrIWM774s","address":"Av. Solidaridad 7328, Valle de Santa Lucía, 64140 Monterrey, N.L.","types":["pharmacy","health","point_of_interest","store","establishment"],"fuente":"places_api","fetched_at":"2026-09-24T22:41:22Z"}},{"type":"Feature","geometry":{"type":"Point","coordinates":[-100.31865789999999,25.7903304]},"properties":{"name":"FARMACIA GUADALAJARA SUC COMPOSTELA","kind":"farmacia","place_id":"ChIJFWQSyZeTYoYRzKm5BBF4K0A","address":"C. Compostela 201, Lomas de Escobedo, 66056 Cdad. Gral. Escobedo, N.L.","types":["pharmacy","store","health","point_of_interest","establishment"],"fuente":"places_api","fetched_at":"2026-09-24T22:41:22Z"}},{"type":"Feature","geometry":{"type":"Point","coordinates":[-100.32274129999999,25.8070313]},"properties":{"name":"FARMACIA GUADALAJARA suc Raúl caballero","kind":"farmacia","place_id":"ChIJt90Bw7aTYoYRu-4UG7KqnsQ","address":"Av. Lic. Raúl Caballero Escamilla 201, Cabecera Municipal, 66050 Cdad. Gral. Escobedo, N.L.","types":["pharmacy","store","health","point_of_interest","establishment"],"fuente":"places_api","fetched_at":"2026-09-24T22:41:22Z"}},{"type":"Feature","geometry":{"type":"Point","coordinates":[-100.18362649999999,25.7420618]},"properties":{"name":"FARMACIA Guadalajara Ventura","kind":"farmacia","place_id":"ChIJ346jhc_rYoYRAoOEOa3eRmk","address":"Av. Hector Caballero 300, Col. Ventura de Asis II, 66633 Cdad. Apodaca, N.L.","types":["pharmacy","store","health","point_of_interest","establishment"],"fuente":"places_api","fetched_at":"2026-09-24T22:41:22Z"}},{"type":"Feature","geometry":{"type":"Point","coordinates":[-100.2616235,25.692591800000002]},"properties":{"name":"FARMACIAS GUADALAJARA","kind":"farmacia","place_id":"ChIJ4YYKF02VYoYRB2vbBw0SwlI","address":"Linda Vista, 67123 Guadalupe, N.L.","types":["pharmacy","store","health","point_of_interest","establishment"],"fuente":"places_api","fetched_at":"2026-09-24T22:41:22Z"}},{"type":"Feature","geometry":{"type":"Point","coordinates":[-100.16732429999999,25.7409799]},"properties":{"name":"FARMACIAS GUADALAJARA","kind":"farmacia","place_id":"ChIJEcImVXzpYoYRoW6W1NheC64","address":"C. Porfirio Díaz 1015, Balcones de Huinala, 66640 Cdad. Apodaca, N.L.","types":["pharmacy","store","health","point_of_interest","establishment"],"fuente":"places_api","fetched_at":"2026-09-24T22:41:22Z"}},{"type":"Feature","geometry":{"type":"Point","coordinates":[-100.2115137,25.665078299999998]},"properties":{"name":"FARMACIAS GUADALAJARA","kind":"farmacia","place_id":"ChIJRWGqdszBYoYRK70ui0pKDwA","address":"Av. Pablo Livas 4607, Valles de La Silla, 67180 Guadalupe, N.L.","types":["pharmacy","store","health","point_of_interest","establishment"],"fuente":"places_api","fetched_at":"2026-09-24T22:41:22Z"}},{"type":"Feature","geometry":{"type":"Point","coordinates":[-100.2548468,25.7796338]},"properties":{"name":"FARMACIAS GUADALAJARA","kind":"farmacia","place_id":"ChIJc9z6GqzsYoYRxVDiTDoA3Q4","address":"Av Afganistán E128, Prados de La Cieneguita, 66636 Cdad. Apodaca, N.L.","types":["pharmacy","store","health","point_of_interest","establishment"],"fuente":"places_api","fetched_at":"2026-09-24T22:41:22Z"}},{"type":"Feature","geometry":{"type":"Point","coordinates":[-100.41000050000001,25.6621792]},"properties":{"name":"FARMACIAS GUADALAJARA","kind":"farmacia","place_id":"ChIJcZT4iWO9YoYR8URMNu5PlUQ","address":"Calle Jiménez esquina, C. Paras 400, Rincón de San Francisco, 66238 San Pedro Garza García, N.L.","types":["pharmacy","store","health","point_of_interest","establishment"],"fuente":"places_api","fetched_at":"2026-09-24T22:41:22Z"}},{"type":"Feature","geometry":{"type":"Point","coordinates":[-100.3747849,25.6863298]},"properties":{"name":"FARMACIAS GUADALAJARA","kind":"farmacia","place_id":"ChIJu0kCsz2WYoYRc5V6t2NGTOo","address":"Av. Anillo Periferico 1011, Colinas de San Jerónimo, 64630 Monterrey, N.L.","types":["pharmacy","health","point_of_interest","store","establishment"],"fuente":"places_api","fetched_at":"2026-09-24T22:41:22Z"}},{"type":"Feature","geometry":{"type":"Point","coordinates":[-100.4601076,25.6676486]},"properties":{"name":"FARMACIAS GUADALAJARA","kind":"farmacia","place_id":"ChIJzXYxHQuYYoYRVF5QzKeOteY","address":"66350, Calle Miguel Hidalgo 652, Centro, 66350 Cdad. Santa Catarina, N.L.","types":["pharmacy","drugstore","store","health","point_of_interest","establishment"],"fuente":"places_api","fetched_at":"2026-09-24T22:41:22Z"}},{"type":"Feature","geometry":{"type":"Point","coordinates":[-100.24485659999999,25.818488]},"properties":{"name":"Famqcia Guadalajara","kind":"farmacia","place_id":"ChIJ0wQeXADtYoYR1IOHnqYMQVo","address":"Fenix 120, 66614 Cdad. Apodaca, N.L.","types":["pharmacy","store","health","point_of_interest","establishment"],"fuente":"places_api","fetched_at":"2026-09-24T22:41:22Z"}},{"type":"Feature","geometry":{"type":"Point","coordinates":[-100.2416061,25.693752099999998]},"properties":{"name":"Farmacia Benavides","kind":"farmacia","place_id":"ChIJPe4S77zqYoYRrIq-j9N4WQ4","address":"67126 Col. América, 67126 Guadalupe, N.L.","types":["pharmacy","store","health","point_of_interest","establishment"],"fuente":"places_api","fetched_at":"2026-09-24T22:41:22Z"}},{"type":"Feature","geometry":{"type":"Point","coordinates":[-100.48972099999999,25.7935615]},"properties":{"name":"Farmacia Benavides","kind":"farmacia","place_id":"ChIJSa-kW1mbYoYRxlx2z7njTrM","address":"Jaspe 342, Valle de Lincoln, 66026 Valle de Lincoln, N.L.","types":["pharmacy","store","health","point_of_interest","establishment"],"fuente":"places_api","fetched_at":"2026-09-24T22:41:22Z"}},{"type":"Feature","geometry":{"type":"Point","coordinates":[-100.464035,25.763324899999997]},"properties":{"name":"Farmacia Benavides","kind":"farmacia","place_id":"ChIJX0qdTtSbYoYR_H4KUYEJKeo","address":"Calzada Las Cumbres Y Calzada Las Mitras 7000, Dominio Cumbres, 66036 García, N.L.","types":["pharmacy","supermarket","cosmetics_store","grocery_store","food_store","medical_clinic","consultant","doctor","health","food","government_office","point_of_interest","service","store","establishment"],"fuente":"places_api","fetched_at":"2026-09-24T22:41:22Z"}},{"type":"Feature","geometry":{"type":"Point","coordinates":[-100.35575,25.6919076]},"properties":{"name":"Farmacia Benavides Vista Hermosa","kind":"farmacia","place_id":"ChIJq7xkHACXYoYR6WYscfZJQs8","address":"C. Dr. Enrique C. Livas 312, Vista Hermosa, 64620 Monterrey, N.L.","types":["pharmacy","store","health","point_of_interest","establishment"],"fuente":"places_api","fetched_at":"2026-09-24T22:41:22Z"}},{"type":"Feature","geometry":{"type":"Point","coordinates":[-100.3437,25.7963716]},"properties":{"name":"Farmacia GUADALAJARA","kind":"farmacia","place_id":"ChIJ6xcJ-9uTYoYRuwrO5S_l9gs","address":"OF, Av. del Latón 290, Mirasur, Villas del Sol, 66070 Cdad. Gral. Escobedo, N.L.","types":["pharmacy","store","health","point_of_interest","establishment"],"fuente":"places_api","fetched_at":"2026-09-24T22:41:22Z"}},{"type":"Feature","geometry":{"type":"Point","coordinates":[-100.17193359999999,25.645443399999998]},"properties":{"name":"Farmacia Guadalajara","kind":"farmacia","place_id":"ChIJ-TJOPofBYoYRR1D7HY89Ijg","address":"Av Eloy Cavazos 7741, S.c.t., 67199 Guadalupe, N.L.","types":["pharmacy","health","store","point_of_interest","establishment"],"fuente":"places_api","fetched_at":"2026-09-24T22:41:22Z"}},{"type":"Feature","geometry":{"type":"Point","coordinates":[-100.1308694,25.618105699999997]},"properties":{"name":"Farmacia Guadalajara","kind":"farmacia","place_id":"ChIJ0b2GTADDYoYR65FhX1Md7dY","address":"San Antonio 529, Fraccionamiento San Francisco, 67280 Cdad. Benito Juárez, N.L.","types":["pharmacy","health","store","point_of_interest","establishment"],"fuente":"places_api","fetched_at":"2026-09-24T22:41:22Z"}},{"type":"Feature","geometry":{"type":"Point","coordinates":[-100.2463966,25.703495699999998]},"properties":{"name":"Farmacia Guadalajara","kind":"farmacia","place_id":"ChIJ19R7HL_qYoYR4vHZVoSPPbM","address":"Las Américas 115, Av. las Américas Nte. 115, América Obrera, 67120 Guadalupe, N.L.","types":["pharmacy","store","health","point_of_interest","establishment"],"fuente":"places_api","fetched_at":"2026-09-24T22:41:22Z"}},{"type":"Feature","geometry":{"type":"Point","coordinates":[-100.29336149999999,25.6504221]},"properties":{"name":"Farmacia Guadalajara","kind":"farmacia","place_id":"ChIJ1Q9dKbi_YoYRt6ANyfFufI0","address":"BY PART ESTADO 201, Filósofos 129- A, Tecnologico, Distrito Tec, 64700 Monterrey, N.L.","types":["pharmacy","store","health","point_of_interest","establishment"],"fuente":"places_api","fetched_at":"2026-09-24T22:41:22Z"}},{"type":"Feature","geometry":{"type":"Point","coordinates":[-100.16116660000002,25.737471199999998]},"properties":{"name":"Farmacia Guadalajara","kind":"farmacia","place_id":"ChIJ31i6kHnpYoYRVwaHxMLSSTY","address":"Av. Gaspar Castaño 120, Real Hacienda de Huinala, 66644 Cdad. Apodaca, N.L.","types":["pharmacy","store","health","point_of_interest","establishment"],"fuente":"places_api","fetched_at":"2026-09-24T22:41:22Z"}},{"type":"Feature","geometry":{"type":"Point","coordinates":[-100.2733021,25.761903]},"properties":{"name":"Farmacia Guadalajara","kind":"farmacia","place_id":"ChIJ3ba44bHsYoYRoQxfWpeKREE","address":"Calle Rep. Mexicana 508, Residencial Roble 6to Sector, 66417 San Nicolás de los Garza, N.L.","types":["pharmacy","store","health","point_of_interest","establishment"],"fuente":"places_api","fetched_at":"2026-09-24T22:41:22Z"}},{"type":"Feature","geometry":{"type":"Point","coordinates":[-100.1469865,25.8621467]},"properties":{"name":"Farmacia Guadalajara","kind":"farmacia","place_id":"ChIJ52tYegDvYoYRrQkOzRqexKE","address":"Torrente 311, 65776 Valle de Santa Elena, N.L.","types":["pharmacy","store","health","point_of_interest","establishment"],"fuente":"places_api","fetched_at":"2026-09-24T22:41:22Z"}},{"type":"Feature","geometry":{"type":"Point","coordinates":[-100.28800989999999,25.7381624]},"properties":{"name":"Farmacia Guadalajara","kind":"farmacia","place_id":"ChIJ58YaM--UYoYRUA7ZzNXm4ug","address":"N.L MX, Anillo Vial Metropolitano, Sin Nombre de Col 2, San Jorge 245, 66465 San Nicolás de los Garza, N.L.","types":["pharmacy","health","point_of_interest","store","establishment"],"fuente":"places_api","fetched_at":"2026-09-24T22:41:22Z"}},{"type":"Feature","geometry":{"type":"Point","coordinates":[-100.24848999999999,25.786712200000004]},"properties":{"name":"Farmacia Guadalajara","kind":"farmacia","place_id":"ChIJ5T-4nrrsYoYRfrIzqdblKjM","address":"C. E Sexta, Santa Isabel, 66612 Cdad. Apodaca, N.L.","types":["pharmacy","drugstore","store","health","point_of_interest","establishment"],"fuente":"places_api","fetched_at":"2026-09-24T22:41:22Z"}},{"type":"Feature","geometry":{"type":"Point","coordinates":[-100.23656439999999,25.669908099999997]},"properties":{"name":"Farmacia Guadalajara","kind":"farmacia","place_id":"ChIJ61Nht5PBYoYRgi2puq2I9_k","address":"Av. Pablo Livas 2401, Las Villas, 66420 Guadalupe, N.L.","types":["pharmacy","store","health","point_of_interest","establishment"],"fuente":"places_api","fetched_at":"2026-09-24T22:41:22Z"}},{"type":"Feature","geometry":{"type":"Point","coordinates":[-100.2142006,25.7698535]},"properties":{"name":"Farmacia Guadalajara","kind":"farmacia","place_id":"ChIJ6e4J9oHrYoYRI8inwozDwUo","address":"Ojo de Agua, Moderno Apodaca II, 66600 Cdad. Apodaca, N.L.","types":["pharmacy","store","health","point_of_interest","establishment"],"fuente":"places_api","fetched_at":"2026-09-24T22:41:22Z"}},{"type":"Feature","geometry":{"type":"Point","coordinates":[-100.25615230000001,25.784854799999998]},"properties":{"name":"Farmacia Guadalajara","kind":"farmacia","place_id":"ChIJ73U1obLsYoYR2AGF6mAnj9s","address":"Av. Concordia 101, Nuevo Las Puentes II, 66612 Cdad. Apodaca, N.L.","types":["pharmacy","store","health","point_of_interest","establishment"],"fuente":"places_api","fetched_at":"2026-09-24T22:41:22Z"}},{"type":"Feature","geometry":{"type":"Point","coordinates":[-100.2990752,25.629362099999998]},"properties":{"name":"Farmacia Guadalajara","kind":"farmacia","place_id":"ChIJ76Ax_qm_YoYR9Zmb9seQ4qI","address":"Av Lázaro Cárdenas 2810, Sin Nombre de Col 39, 64900 Monterrey, N.L.","types":["pharmacy","store","health","point_of_interest","establishment"],"fuente":"places_api","fetched_at":"2026-09-24T22:41:22Z"}},{"type":"Feature","geometry":{"type":"Point","coordinates":[-100.4046267,25.757841799999998]},"properties":{"name":"Farmacia Guadalajara","kind":"farmacia","place_id":"ChIJ76vT0i2XYoYR473bOL662p8","address":"Prolongacion Ruiz Cortinez 303, Real Cumbres, 64346 Monterrey, N.L.","types":["pharmacy","store","health","point_of_interest","establishment"],"fuente":"places_api","fetched_at":"2026-09-24T22:41:22Z"}},{"type":"Feature","geometry":{"type":"Point","coordinates":[-100.29718170000001,25.646066299999998]},"properties":{"name":"Farmacia Guadalajara","kind":"farmacia","place_id":"ChIJ8VzQOrG_YoYRz85Jfuk2w9k","address":"Rio Aguanaval 300, México, Roma Sur, 64700 Monterrey, N.L.","types":["pharmacy","store","health","point_of_interest","establishment"],"fuente":"places_api","fetched_at":"2026-09-24T22:41:22Z"}},{"type":"Feature","geometry":{"type":"Point","coordinates":[-100.24956790000002,25.6721163]},"properties":{"name":"Farmacia Guadalajara","kind":"farmacia","place_id":"ChIJ8wAQyATAYoYRL-LpvEC8GMQ","address":"Av. Las Torres 627a-L, Sin Nombre de Col 33, 67140 Guadalupe, N.L.","types":["pharmacy","store","health","point_of_interest","establishment"],"fuente":"places_api","fetched_at":"2026-09-24T22:41:22Z"}},{"type":"Feature","geometry":{"type":"Point","coordinates":[-100.1874983,25.636107499999998]},"properties":{"name":"Farmacia Guadalajara","kind":"farmacia","place_id":"ChIJ90TH4nXBYoYRrXPrS1-kBj4","address":"Pihuamo 700, Tierra Propia 2o Sector, 67190 Guadalupe, N.L.","types":["pharmacy","health","store","point_of_interest","establishment"],"fuente":"places_api","fetched_at":"2026-09-24T22:41:22Z"}},{"type":"Feature","geometry":{"type":"Point","coordinates":[-100.3703453,25.7722129]},"properties":{"name":"Farmacia Guadalajara","kind":"farmacia","place_id":"ChIJ92J5FgCRYoYRSP1RGi1Age4","address":"Ing. Rafael Arroyo 5108, Croc, 64200 Monterrey, N.L.","types":["pharmacy","store","health","point_of_interest","establishment"],"fuente":"places_api","fetched_at":"2026-09-24T22:41:22Z"}},{"type":"Feature","geometry":{"type":"Point","coordinates":[-100.3980677,25.780831199999998]},"properties":{"name":"Farmacia Guadalajara","kind":"farmacia","place_id":"ChIJ9yTf0d6QYoYRrUX-beZddBQ","address":"Av. Cabezada 13000, Barrio Del Parque, 64208 Monterrey, N.L.","types":["pharmacy","store","health","point_of_interest","establishment"],"fuente":"places_api","fetched_at":"2026-09-24T22:41:22Z"}},{"type":"Feature","geometry":{"type":"Point","coordinates":[-100.1762269,25.719206399999997]},"properties":{"name":"Farmacia Guadalajara","kind":"farmacia","place_id":"ChIJAQBn5CXqYoYR-YP2rQ0Pe-8","address":"Libaneses 320-198, Misión de San Miguel, 66648 Cdad. Apodaca, N.L.","types":["pharmacy","health","point_of_interest","store","establishment"],"fuente":"places_api","fetched_at":"2026-09-24T22:41:22Z"}},{"type":"Feature","geometry":{"type":"Point","coordinates":[-100.2426856,25.5807218]},"properties":{"name":"Farmacia Guadalajara","kind":"farmacia","place_id":"ChIJAQCk_UvHYoYR_ibYj8Q42So","address":"Congreso Nte. 5412, GRANJAS, 64229 Monterrey, N.L.","types":["pharmacy","store","health","point_of_interest","establishment"],"fuente":"places_api","fetched_at":"2026-09-24T22:41:22Z"}},{"type":"Feature","geometry":{"type":"Point","coordinates":[-100.07582169999999,25.653428599999998]},"properties":{"name":"Farmacia Guadalajara","kind":"farmacia","place_id":"ChIJAQD3LSzdYoYRtlIYT3YR7sM","address":"P.º de San Juan 101, 67255 Cdad. Benito Juárez, N.L.","types":["pharmacy","store","health","point_of_interest","establishment"],"fuente":"places_api","fetched_at":"2026-09-24T22:41:22Z"}},{"type":"Feature","geometry":{"type":"Point","coordinates":[-100.2926581,25.6857561]},"properties":{"name":"Farmacia Guadalajara","kind":"farmacia","place_id":"ChIJAa2mJWWVYoYRfwV33w_xvpA","address":"Constituyentes del 57 2214, Pablo A. de La Garza, 64580 Monterrey, N.L.","types":["pharmacy","health","store","point_of_interest","establishment"],"fuente":"places_api","fetched_at":"2026-09-24T22:41:22Z"}},{"type":"Feature","geometry":{"type":"Point","coordinates":[-100.18999370000002,25.6876163]},"properties":{"name":"Farmacia Guadalajara","kind":"farmacia","place_id":"ChIJCYAu3AvqYoYRxiS1dKNXDKQ","address":"Gral. Plutarco Elías Calles 100, Hacienda Los Lermas 2o Sector, 67169 Guadalupe, N.L.","types":["pharmacy","store","health","point_of_interest","establishment"],"fuente":"places_api","fetched_at":"2026-09-24T22:41:22Z"}},{"type":"Feature","geometry":{"type":"Point","coordinates":[-100.1634388,25.6494358]},"properties":{"name":"Farmacia Guadalajara","kind":"farmacia","place_id":"ChIJCeqOQS_CYoYReMemGngmOqk","address":"Av Coahuila S/N, Los Independientes, Col Paseo de Guadalupe, 67199 Guadalupe, N.L.","types":["pharmacy","store","health","point_of_interest","establishment"],"fuente":"places_api","fetched_at":"2026-09-24T22:41:22Z"}},{"type":"Feature","geometry":{"type":"Point","coordinates":[-100.16109469999999,25.7375457]},"properties":{"name":"Farmacia Guadalajara","kind":"farmacia","place_id":"ChIJDW7vkHnpYoYRTvEcXnacSGE","address":"Av. Gaspar Castaño 1001, FRACC. VALLE, San Miguel, 66648 Cdad. Apodaca, N.L.","types":["pharmacy","health","point_of_interest","store","establishment"],"fuente":"places_api","fetched_at":"2026-09-24T22:41:22Z"}},{"type":"Feature","geometry":{"type":"Point","coordinates":[-100.1188232,25.6450832]},"properties":{"name":"Farmacia Guadalajara","kind":"farmacia","place_id":"ChIJDY5GQvzCYoYR1zeMlqhTuSk","address":"Av. las Torres 40, Los Encinos, 67275 Cdad. Benito Juárez, N.L.","types":["pharmacy","store","health","point_of_interest","establishment"],"fuente":"places_api","fetched_at":"2026-09-24T22:41:22Z"}},{"type":"Feature","geometry":{"type":"Point","coordinates":[-100.090536,25.642476499999997]},"properties":{"name":"Farmacia Guadalajara","kind":"farmacia","place_id":"ChIJI-BUFSjDYoYRm_e_t9HYibo","address":"C. Juárez, Carr. a San Mateo 300, Centro de Benito Juárez, 67250 Cdad. Benito Juárez, N.L.","types":["pharmacy","store","health","point_of_interest","establishment"],"fuente":"places_api","fetched_at":"2026-09-24T22:41:22Z"}},{"type":"Feature","geometry":{"type":"Point","coordinates":[-100.3761359,25.7373375]},"properties":{"name":"Farmacia Guadalajara","kind":"farmacia","place_id":"ChIJIU3jMuqWYoYRVRhPZaUc25Y","address":"Av Abraham Lincoln 5803, Valle Verde, 64110 Monterrey, N.L.","types":["pharmacy","health","point_of_interest","store","establishment"],"fuente":"places_api","fetched_at":"2026-09-24T22:41:22Z"}},{"type":"Feature","geometry":{"type":"Point","coordinates":[-100.2251896,25.7313145]},"properties":{"name":"Farmacia Guadalajara","kind":"farmacia","place_id":"ChIJKyLOIAPrYoYRxhPLo9DRWAg","address":"Quinta Montecarlo, Av. Las Torres 38, Residencial 1er Sector, 66478 San Nicolás de los Garza, N.L.","types":["pharmacy","drugstore","store","health","point_of_interest","establishment"],"fuente":"places_api","fetched_at":"2026-09-24T22:41:22Z"}},{"type":"Feature","geometry":{"type":"Point","coordinates":[-100.56448909999999,25.7887888]},"properties":{"name":"Farmacia Guadalajara","kind":"farmacia","place_id":"ChIJN_7NkeWdYoYRI4S7eJBRtO8","address":"Villas de Álcali, 66003 García, N.L.","types":["pharmacy","health","point_of_interest","store","establishment"],"fuente":"places_api","fetched_at":"2026-09-24T22:41:22Z"}},{"type":"Feature","geometry":{"type":"Point","coordinates":[-100.58095650000001,25.7883575]},"properties":{"name":"Farmacia Guadalajara","kind":"farmacia","place_id":"ChIJNxvihq6dYoYRdLG_-x6HaBI","address":"Heberto Castillo Martínez #1100, Sierra Real, 66003 García, N.L.","types":["pharmacy","drugstore","health","point_of_interest","store","establishment"],"fuente":"places_api","fetched_at":"2026-09-24T22:41:22Z"}},{"type":"Feature","geometry":{"type":"Point","coordinates":[-100.3575018,25.6555234]},"properties":{"name":"Farmacia Guadalajara","kind":"farmacia","place_id":"ChIJP-nrqOe9YoYRC4i-2KALSxM","address":"Manuel, Av. Manuel Gómez Morín 300, Del Valle, 66220 San Pedro Garza García, N.L.","types":["pharmacy","store","health","point_of_interest","establishment"],"fuente":"places_api","fetched_at":"2026-09-24T22:41:22Z"}},{"type":"Feature","geometry":{"type":"Point","coordinates":[-100.10853499999999,25.756151499999998]},"properties":{"name":"Farmacia Guadalajara","kind":"farmacia","place_id":"ChIJP5KMvlnpYoYR8flFd5UIjjE","address":"Roma, Lomas de San Martín, 66673 Pesquería, N.L.","types":["drugstore","health","point_of_interest","store","establishment"],"fuente":"places_api","fetched_at":"2026-09-24T22:41:22Z"}},{"type":"Feature","geometry":{"type":"Point","coordinates":[-100.5623135,25.7901517]},"properties":{"name":"Farmacia Guadalajara","kind":"farmacia","place_id":"ChIJP6GgbFqcYoYRHf7-tFM3Y08","address":"Av. Hacienda del Sol 507, Hacienda del Sol, 66003 García, N.L.","types":["pharmacy","health","point_of_interest","store","establishment"],"fuente":"places_api","fetched_at":"2026-09-24T22:41:22Z"}},{"type":"Feature","geometry":{"type":"Point","coordinates":[-100.33110839999999,25.7921855]},"properties":{"name":"Farmacia Guadalajara","kind":"farmacia","place_id":"ChIJPUaDwMGTYoYRZB6IMSg51n4","address":"Cristóbal Colón 402, Quinto Centenario, 66072 Cdad. Gral. Escobedo, N.L.","types":["pharmacy","store","health","point_of_interest","establishment"],"fuente":"places_api","fetched_at":"2026-09-24T22:41:22Z"}},{"type":"Feature","geometry":{"type":"Point","coordinates":[-100.1485988,25.7031478]},"properties":{"name":"Farmacia Guadalajara","kind":"farmacia","place_id":"ChIJQ30lRhDCYoYRKRcvlYm5foA","address":"Carr. A Dulces Nombres 995, Misión de San Miguel, 66647 Guadalupe, N.L.","types":["pharmacy","store","health","point_of_interest","establishment"],"fuente":"places_api","fetched_at":"2026-09-24T22:41:22Z"}},{"type":"Feature","geometry":{"type":"Point","coordinates":[-100.1592342,25.6699938]},"properties":{"name":"Farmacia Guadalajara","kind":"farmacia","place_id":"ChIJQ30lRhDCYoYRYkACylP6UEc","address":"Av. Sta. Cruz 521, Arboledas, 67100 Guadalupe, N.L.","types":["pharmacy","store","health","point_of_interest","establishment"],"fuente":"places_api","fetched_at":"2026-09-24T22:41:22Z"}},{"type":"Feature","geometry":{"type":"Point","coordinates":[-100.24195379999999,25.6622934]},"properties":{"name":"Farmacia Guadalajara","kind":"farmacia","place_id":"ChIJR6S4BM3BYoYRUuQ5a_Ltpxk","address":"Quetzales 2902, Privadas del Contry, 67175 Guadalupe, N.L.","types":["pharmacy","health","store","point_of_interest","establishment"],"fuente":"places_api","fetched_at":"2026-09-24T22:41:22Z"}},{"type":"Feature","geometry":{"type":"Point","coordinates":[-100.4086157,25.768390099999998]},"properties":{"name":"Farmacia Guadalajara","kind":"farmacia","place_id":"ChIJR7xxhs6QYoYRmlqnU1Y_5qI","address":"C. Altamisa 338, Barrio Estrella, 64102 Monterrey, N.L.","types":["pharmacy","store","health","point_of_interest","establishment"],"fuente":"places_api","fetched_at":"2026-09-24T22:41:22Z"}},{"type":"Feature","geometry":{"type":"Point","coordinates":[-100.30965770000002,25.6372608]},"properties":{"name":"Farmacia Guadalajara","kind":"farmacia","place_id":"ChIJSQbgVKq_YoYRx9yXtoiuEHg","address":"Av Lázaro Cárdenas 1329, Jardín de Las Torres, 64750 Monterrey, N.L.","types":["pharmacy","store","health","point_of_interest","establishment"],"fuente":"places_api","fetched_at":"2026-09-24T22:41:22Z"}},{"type":"Feature","geometry":{"type":"Point","coordinates":[-100.0802588,25.6548864]},"properties":{"name":"Farmacia Guadalajara","kind":"farmacia","place_id":"ChIJURHmSS3dYoYRfwxxrxnWfRM","address":"67254 Cdad. Benito Juárez, N.L.","types":["pharmacy","drugstore","health","store","point_of_interest","establishment"],"fuente":"places_api","fetched_at":"2026-09-24T22:41:22Z"}},{"type":"Feature","geometry":{"type":"Point","coordinates":[-100.30876939999999,25.781676599999997]},"properties":{"name":"Farmacia Guadalajara","kind":"farmacia","place_id":"ChIJUWti45aTYoYRfIArXO2ADZQ","address":"Av. Las Torres 113, Ntra. Sra. de Fátima, 66057 Cdad. Gral. Escobedo, N.L.","types":["pharmacy","drugstore","store","health","point_of_interest","establishment"],"fuente":"places_api","fetched_at":"2026-09-24T22:41:22Z"}},{"type":"Feature","geometry":{"type":"Point","coordinates":[-100.2208273,25.695473500000002]},"properties":{"name":"Farmacia Guadalajara","kind":"farmacia","place_id":"ChIJVVUxNI_qYoYRntIbAunxC6U","address":"Av. San Rafael 414-204, Jardines de San Rafael, 67119 Guadalupe, N.L.","types":["pharmacy","store","health","point_of_interest","establishment"],"fuente":"places_api","fetched_at":"2026-09-24T22:41:22Z"}},{"type":"Feature","geometry":{"type":"Point","coordinates":[-100.3187823,25.764541599999998]},"properties":{"name":"Farmacia Guadalajara","kind":"farmacia","place_id":"ChIJVVVVpXCUYoYRAB0ZSf2ETrw","address":"Balcones de Anáhuac, 66422 San Nicolás de los Garza, N.L.","types":["pharmacy","store","health","point_of_interest","establishment"],"fuente":"places_api","fetched_at":"2026-09-24T22:41:22Z"}},{"type":"Feature","geometry":{"type":"Point","coordinates":[-100.48605909999999,25.7843318]},"properties":{"name":"Farmacia Guadalajara","kind":"farmacia","place_id":"ChIJVYKOlbSbYoYR2fAFCj5StZM","address":"Av. Sta. Maria 101-3ER SECT, Santa María, 66037 Santa María, N.L.","types":["pharmacy","health","point_of_interest","store","establishment"],"fuente":"places_api","fetched_at":"2026-09-24T22:41:22Z"}},{"type":"Feature","geometry":{"type":"Point","coordinates":[-100.1919252,25.713724199999998]},"properties":{"name":"Farmacia Guadalajara","kind":"farmacia","place_id":"ChIJWyOgnj7AYoYRst66QYarvak","address":"Av. Mexico 1000, Fuentes de San Miguel, 67113 Guadalupe, N.L.","types":["pharmacy","store","health","point_of_interest","establishment"],"fuente":"places_api","fetched_at":"2026-09-24T22:41:22Z"}},{"type":"Feature","geometry":{"type":"Point","coordinates":[-100.1966961,25.6516108]},"properties":{"name":"Farmacia Guadalajara","kind":"farmacia","place_id":"ChIJYdzxXbzBYoYRC3CkN8SZRgA","address":"Av Eloy Cavazos 7109, Santa María Sector A, 67198 Guadalupe, N.L.","types":["pharmacy","health","store","point_of_interest","establishment"],"fuente":"places_api","fetched_at":"2026-09-24T22:41:22Z"}},{"type":"Feature","geometry":{"type":"Point","coordinates":[-100.34297579999999,25.7327901]},"properties":{"name":"Farmacia Guadalajara","kind":"farmacia","place_id":"ChIJYy6Uai-UYoYRf3s8lV8N9T8","address":"Av Rodrigo Gómez 5700, Valle del Topo Chico, 64244 Monterrey, N.L.","types":["pharmacy","health","point_of_interest","store","establishment"],"fuente":"places_api","fetched_at":"2026-09-24T22:41:22Z"}},{"type":"Feature","geometry":{"type":"Point","coordinates":[-100.2244546,25.8023995]},"properties":{"name":"Farmacia Guadalajara","kind":"farmacia","place_id":"ChIJZWeORgDtYoYRLd6jUVxCLgA","address":"Vesubio 200, Balcones de Santa Rosa, 66610 Prados de Santa Rosa, N.L.","types":["pharmacy","drugstore","store","health","point_of_interest","establishment"],"fuente":"places_api","fetched_at":"2026-09-24T22:41:22Z"}},{"type":"Feature","geometry":{"type":"Point","coordinates":[-100.3316286,25.677562899999998]},"properties":{"name":"Farmacia Guadalajara","kind":"farmacia","place_id":"ChIJZXNAOPSVYoYRXq5edP6LtYM","address":"Av. Venustiano Carranza 109, Centro, 64000 Monterrey, N.L.","types":["pharmacy","health","point_of_interest","store","establishment"],"fuente":"places_api","fetched_at":"2026-09-24T22:41:22Z"}},{"type":"Feature","geometry":{"type":"Point","coordinates":[-100.274785,25.7294515]},"properties":{"name":"Farmacia Guadalajara","kind":"farmacia","place_id":"ChIJa1MtVyCVYoYRnAwBIOJxDUY","address":"Av. Diego Díaz de Berlanga 200, Sin Nombre de Col 2, Azteca, 66480 San Nicolás de los Garza, N.L.","types":["pharmacy","store","health","point_of_interest","establishment"],"fuente":"places_api","fetched_at":"2026-09-24T22:41:22Z"}},{"type":"Feature","geometry":{"type":"Point","coordinates":[-100.3453765,25.653676299999997]},"properties":{"name":"Farmacia Guadalajara","kind":"farmacia","place_id":"ChIJa5RYXgC_YoYRrq0Ikq3L8Sk","address":"Av. José Vasconcelos 105, Residencial San Agustín 1er Sector, 66260 San Pedro Garza García, N.L.","types":["pharmacy","store","health","point_of_interest","establishment"],"fuente":"places_api","fetched_at":"2026-09-24T22:41:22Z"}},{"type":"Feature","geometry":{"type":"Point","coordinates":[-100.1895186,25.650830799999998]},"properties":{"name":"Farmacia Guadalajara","kind":"farmacia","place_id":"ChIJaTA_D5fBYoYRET_1eipqEzw","address":"AV. MAESTROS ISRAEL, Av Maestro Israel Cavazos Garza 1720, Rincón de Guadalupe, 67193 Guadalupe, N.L.","types":["pharmacy","store","health","point_of_interest","establishment"],"fuente":"places_api","fetched_at":"2026-09-24T22:41:22Z"}},{"type":"Feature","geometry":{"type":"Point","coordinates":[-100.3860521,25.7433069]},"properties":{"name":"Farmacia Guadalajara","kind":"farmacia","place_id":"ChIJb02c_NyWYoYRpAPjcltRdlI","address":"Av. Ruiz Cortines 6244, Cumbres Quinta Real, 64347 Monterrey, N.L.","types":["pharmacy","health","point_of_interest","store","establishment"],"fuente":"places_api","fetched_at":"2026-09-24T22:41:22Z"}},{"type":"Feature","geometry":{"type":"Point","coordinates":[-100.26838169999999,25.6428683]},"properties":{"name":"Farmacia Guadalajara","kind":"farmacia","place_id":"ChIJb1oSZHi_YoYRIHL38Qt82gU","address":"P.º de las Américas 2463, Contry La Silla 7o Sector, 67163 Guadalupe, N.L.","types":["pharmacy","store","health","point_of_interest","establishment"],"fuente":"places_api","fetched_at":"2026-09-24T22:41:22Z"}},{"type":"Feature","geometry":{"type":"Point","coordinates":[-100.24230229999999,25.764293300000002]},"properties":{"name":"Farmacia Guadalajara","kind":"farmacia","place_id":"ChIJc-SIkFzrYoYR_3Y9Zqg60nI","address":"Constitución #501, Arboledas del Mezquital, 66630 Cdad. Apodaca, N.L.","types":["pharmacy","store","health","point_of_interest","establishment"],"fuente":"places_api","fetched_at":"2026-09-24T22:41:22Z"}},{"type":"Feature","geometry":{"type":"Point","coordinates":[-100.1967385,25.7916173]},"properties":{"name":"Farmacia Guadalajara","kind":"farmacia","place_id":"ChIJc4MltW3sYoYROrswvGCCxsM","address":"Carr. Apodaca - Sta. Rosa 308, VALLE DEL SALDUERO, 66607 Cdad. Apodaca, N.L.","types":["pharmacy","store","health","point_of_interest","establishment"],"fuente":"places_api","fetched_at":"2026-09-24T22:41:22Z"}},{"type":"Feature","geometry":{"type":"Point","coordinates":[-100.38165459999999,25.7826941]},"properties":{"name":"Farmacia Guadalajara","kind":"farmacia","place_id":"ChIJc68AsCSRYoYRKFDHKN2QUFU","address":"Orto 211, Barrio La Moderna, 64102 Monterrey, N.L.","types":["pharmacy","store","health","point_of_interest","establishment"],"fuente":"places_api","fetched_at":"2026-09-24T22:41:22Z"}},{"type":"Feature","geometry":{"type":"Point","coordinates":[-100.3314105,25.6984231]},"properties":{"name":"Farmacia Guadalajara","kind":"farmacia","place_id":"ChIJcUvaJuqVYoYRGQhsfaD0i8A","address":"Thomas Alva Edison 2415, Progreso, 64420 Monterrey, N.L.","types":["pharmacy","manufacturer","health","store","point_of_interest","establishment"],"fuente":"places_api","fetched_at":"2026-09-24T22:41:22Z"}},{"type":"Feature","geometry":{"type":"Point","coordinates":[-100.1803577,25.6385954]},"properties":{"name":"Farmacia Guadalajara","kind":"farmacia","place_id":"ChIJd01YvILBYoYRoYikCWzJ4RQ","address":"San Diego 191, SANTA MONICA, 14 SECTOR, 67286 Cdad. Benito Juárez, N.L.","types":["pharmacy","store","health","point_of_interest","establishment"],"fuente":"places_api","fetched_at":"2026-09-24T22:41:22Z"}},{"type":"Feature","geometry":{"type":"Point","coordinates":[-100.45682169999999,25.673934499999998]},"properties":{"name":"Farmacia Guadalajara","kind":"farmacia","place_id":"ChIJd0nF1g2YYoYRHbMRKLlriog","address":"Lic Manuel Ordoñez 324, Centro, 66375 Cdad. Santa Catarina, N.L.","types":["pharmacy","store","health","point_of_interest","establishment"],"fuente":"places_api","fetched_at":"2026-09-24T22:41:22Z"}},{"type":"Feature","geometry":{"type":"Point","coordinates":[-100.2037309,25.717867299999998]},"properties":{"name":"Farmacia Guadalajara","kind":"farmacia","place_id":"ChIJd2iAVEXqYoYRrXyUWcpRzIs","address":"Camino de San Pedro 515, Las Dalias, Col 42, 67112 Guadalupe, N.L.","types":["pharmacy","store","health","point_of_interest","establishment"],"fuente":"places_api","fetched_at":"2026-09-24T22:41:22Z"}},{"type":"Feature","geometry":{"type":"Point","coordinates":[-100.3343441,25.789433799999998]},"properties":{"name":"Farmacia Guadalajara","kind":"farmacia","place_id":"ChIJeaU7u4qTYoYRjVdOGlODZ2g","address":"Fraccionamiento Muriel Residencial, Provileón, 66070 Cdad. Gral. Escobedo, N.L.","types":["pharmacy","store","health","point_of_interest","establishment"],"fuente":"places_api","fetched_at":"2026-09-24T22:41:22Z"}},{"type":"Feature","geometry":{"type":"Point","coordinates":[-100.31521149999999,25.8003975]},"properties":{"name":"Farmacia Guadalajara","kind":"farmacia","place_id":"ChIJgxwA3aSTYoYRicFvNohfiE4","address":"P.º de la Amistad Nº 194, Monte Real INFONAVIT, 66056 Cdad. Gral. Escobedo, N.L.","types":["pharmacy","store","health","point_of_interest","establishment"],"fuente":"places_api","fetched_at":"2026-09-24T22:41:22Z"}},{"type":"Feature","geometry":{"type":"Point","coordinates":[-100.3461121,25.6660017]},"properties":{"name":"Farmacia Guadalajara","kind":"farmacia","place_id":"ChIJh7gzxAa-YoYR5UUXV6BsCao","address":"Av. San Francisco 213, Lomas de San Francisco, 64710 Monterrey, N.L.","types":["pharmacy","drugstore","health","point_of_interest","store","establishment"],"fuente":"places_api","fetched_at":"2026-09-24T22:41:22Z"}},{"type":"Feature","geometry":{"type":"Point","coordinates":[-100.31947060000002,25.7839645]},"properties":{"name":"Farmacia Guadalajara","kind":"farmacia","place_id":"ChIJi4kuGpGTYoYRobOtwAssjnI","address":"Av. Raúl Salinas Lozano, 267Roble Nuevo, 66055 Cdad. Gral. Escobedo, N.L.","types":["pharmacy","store","health","point_of_interest","establishment"],"fuente":"places_api","fetched_at":"2026-09-24T22:41:22Z"}},{"type":"Feature","geometry":{"type":"Point","coordinates":[-100.1668591,25.721244]},"properties":{"name":"Farmacia Guadalajara","kind":"farmacia","place_id":"ChIJjcBpMIbpYoYR3URgh3DB530","address":"Valle San Miguel, Calle Carr A Huinala #100, 66048 Cdad. Apodaca, N.L.","types":["pharmacy","store","health","point_of_interest","establishment"],"fuente":"places_api","fetched_at":"2026-09-24T22:41:22Z"}},{"type":"Feature","geometry":{"type":"Point","coordinates":[-100.19554699999999,25.7365602]},"properties":{"name":"Farmacia Guadalajara","kind":"farmacia","place_id":"ChIJk067gLbrYoYReUdwbbbHtP4","address":"Av. Hector Caballero, La Noria, 66634 Cdad. Apodaca, N.L.","types":["pharmacy","health","point_of_interest","store","establishment"],"fuente":"places_api","fetched_at":"2026-09-24T22:41:22Z"}},{"type":"Feature","geometry":{"type":"Point","coordinates":[-100.4095733,25.7491406]},"properties":{"name":"Farmacia Guadalajara","kind":"farmacia","place_id":"ChIJke4WbzqXYoYRseTRy-FTt0o","address":"Av. Paseo de Cumbres, Cumbres Madeira, 64346 Monterrey, N.L.","types":["pharmacy","health","store","point_of_interest","establishment"],"fuente":"places_api","fetched_at":"2026-09-24T22:41:22Z"}},{"type":"Feature","geometry":{"type":"Point","coordinates":[-100.53994,25.806196999999997]},"properties":{"name":"Farmacia Guadalajara","kind":"farmacia","place_id":"ChIJl6IqegCdYoYR7oZpQjf4c5E","address":"Calle Av. Real Lincoln 939, Portal de Lincoln, 66013 García, N.L.","types":["pharmacy","health","point_of_interest","store","establishment"],"fuente":"places_api","fetched_at":"2026-09-24T22:41:22Z"}},{"type":"Feature","geometry":{"type":"Point","coordinates":[-100.2674385,25.7921235]},"properties":{"name":"Farmacia Guadalajara","kind":"farmacia","place_id":"ChIJlRZYUrKTYoYR2XTtAhkamZI","address":"Alamo 429, 66612 Cdad. Apodaca, N.L.","types":["pharmacy","store","health","point_of_interest","establishment"],"fuente":"places_api","fetched_at":"2026-09-24T22:41:22Z"}},{"type":"Feature","geometry":{"type":"Point","coordinates":[-100.13856159999999,25.653039699999997]},"properties":{"name":"Farmacia Guadalajara","kind":"farmacia","place_id":"ChIJlRyWbkXCYoYRy5ADXFeXIqc","address":"Carr. a San Roque 1003-S, Benito Juárez, 67250 Cdad. Benito Juárez, N.L.","types":["pharmacy","health","store","point_of_interest","establishment"],"fuente":"places_api","fetched_at":"2026-09-24T22:41:22Z"}},{"type":"Feature","geometry":{"type":"Point","coordinates":[-100.34306439999999,25.680847399999998]},"properties":{"name":"Farmacia Guadalajara","kind":"farmacia","place_id":"ChIJlWmOkfuVYoYRFx6AC8mTa-E","address":"Eje Metropolitano 26, Nuevo Obispado, 64030 Monterrey, N.L.","types":["drugstore","pharmacy","health","store","point_of_interest","establishment"],"fuente":"places_api","fetched_at":"2026-09-24T22:41:22Z"}},{"type":"Feature","geometry":{"type":"Point","coordinates":[-100.171668,25.8004593]},"properties":{"name":"Farmacia Guadalajara","kind":"farmacia","place_id":"ChIJl_cPYIbtYoYRMlB1dpyXXlE","address":"Antigua Carretera a Aguafria 155, Triana, 66620 Agua Fría, N.L.","types":["pharmacy","store","health","point_of_interest","establishment"],"fuente":"places_api","fetched_at":"2026-09-24T22:41:22Z"}},{"type":"Feature","geometry":{"type":"Point","coordinates":[-100.30693989999999,25.6491622]},"properties":{"name":"Farmacia Guadalajara","kind":"farmacia","place_id":"ChIJmXKEHUu-YoYRGW9LYWaI-Eo","address":"Hilario Martinez 2200, Arturo B. de La Garza, 64720 Monterrey, N.L.","types":["pharmacy","store","health","point_of_interest","establishment"],"fuente":"places_api","fetched_at":"2026-09-24T22:41:22Z"}},{"type":"Feature","geometry":{"type":"Point","coordinates":[-100.3558462,25.6926894]},"properties":{"name":"Farmacia Guadalajara","kind":"farmacia","place_id":"ChIJo-2NhwyWYoYRkXi268aUyOo","address":"C. Dr. Enrique C. Livas 911, Vista Hermosa, 64620 Monterrey, N.L.","types":["pharmacy","drugstore","health","store","point_of_interest","establishment"],"fuente":"places_api","fetched_at":"2026-09-24T22:41:22Z"}},{"type":"Feature","geometry":{"type":"Point","coordinates":[-100.3413724,25.699465]},"properties":{"name":"Farmacia Guadalajara","kind":"farmacia","place_id":"ChIJq6qqqt2VYoYR-azht1eYyXs","address":"MITRAS 304, Mitras Centro, 64460 Monterrey, N.L.","types":["pharmacy","store","health","point_of_interest","establishment"],"fuente":"places_api","fetched_at":"2026-09-24T22:41:22Z"}},{"type":"Feature","geometry":{"type":"Point","coordinates":[-100.1957738,25.640090299999997]},"properties":{"name":"Farmacia Guadalajara","kind":"farmacia","place_id":"ChIJrXiUCKHBYoYRRIdAIF1J6S4","address":"Av. Maestro Israel C.G. #403, Rincón de La Sierra, 67194 Guadalupe, N.L.","types":["pharmacy","health","store","point_of_interest","establishment"],"fuente":"places_api","fetched_at":"2026-09-24T22:41:22Z"}},{"type":"Feature","geometry":{"type":"Point","coordinates":[-100.3102696,25.6856744]},"properties":{"name":"Farmacia Guadalajara","kind":"farmacia","place_id":"ChIJs6E63t6VYoYRUbLOrbpnNTg","address":"Emilio Carranza 1204, Treviño, 64570 Monterrey, N.L.","types":["pharmacy","health","store","point_of_interest","establishment"],"fuente":"places_api","fetched_at":"2026-09-24T22:41:22Z"}},{"type":"Feature","geometry":{"type":"Point","coordinates":[-100.4190387,25.7468431]},"properties":{"name":"Farmacia Guadalajara","kind":"farmacia","place_id":"ChIJu-Luqw-XYoYRJkpYcOIqH0g","address":"Av. Puerta de Hierro, 64349 Monterrey, N.L.","types":["pharmacy","health","store","point_of_interest","establishment"],"fuente":"places_api","fetched_at":"2026-09-24T22:41:22Z"}},{"type":"Feature","geometry":{"type":"Point","coordinates":[-100.23375759999999,25.7326391]},"properties":{"name":"Farmacia Guadalajara","kind":"farmacia","place_id":"ChIJu2BKKiLrYoYRv6mloVZ4bKo","address":"Av. Casa Blanca 401, Jardines de Casa Blanca 1er Sector, 66478 San Nicolás de los Garza, N.L.","types":["pharmacy","store","health","point_of_interest","establishment"],"fuente":"places_api","fetched_at":"2026-09-24T22:41:22Z"}},{"type":"Feature","geometry":{"type":"Point","coordinates":[-100.3690596,25.805995799999998]},"properties":{"name":"Farmacia Guadalajara","kind":"farmacia","place_id":"ChIJvzDTfwCRYoYRqMeSYeo1-hw","address":"Loma la Paz 1769, Sin Nombre de Col 8, 66061 Cdad. Gral. Escobedo, N.L.","types":["pharmacy","store","health","point_of_interest","establishment"],"fuente":"places_api","fetched_at":"2026-09-24T22:41:22Z"}},{"type":"Feature","geometry":{"type":"Point","coordinates":[-100.3397263,25.695695999999998]},"properties":{"name":"Farmacia Guadalajara","kind":"farmacia","place_id":"ChIJwSGWcDaVYoYRJJNBc5U8Wv0","address":"Av Paseo de los Leones 178, Mitras Centro, 64460 Monterrey, N.L.","types":["pharmacy","health","store","point_of_interest","establishment"],"fuente":"places_api","fetched_at":"2026-09-24T22:41:22Z"}},{"type":"Feature","geometry":{"type":"Point","coordinates":[-100.2880698,25.763248299999997]},"properties":{"name":"Farmacia Guadalajara","kind":"farmacia","place_id":"ChIJwcjb35uUYoYRnpaFMDXgXqM","address":"Av Arturo B. de la Garza, Sin Nombre de Col 10, 66413 San Nicolás de los Garza, N.L.","types":["pharmacy","drugstore","store","health","point_of_interest","establishment"],"fuente":"places_api","fetched_at":"2026-09-24T22:41:22Z"}},{"type":"Feature","geometry":{"type":"Point","coordinates":[-100.310099,25.8681397]},"properties":{"name":"Farmacia Guadalajara","kind":"farmacia","place_id":"ChIJwcsIwPGNYoYRQkIoy3rnTGU","address":"Av. Antares, 66580 Villas del Arco, N.L.","types":["pharmacy","store","health","point_of_interest","establishment"],"fuente":"places_api","fetched_at":"2026-09-24T22:41:22Z"}},{"type":"Feature","geometry":{"type":"Point","coordinates":[-100.1007688,25.6298681]},"properties":{"name":"Farmacia Guadalajara","kind":"farmacia","place_id":"ChIJx3vRHj3DYoYRy8SKvtTC1x0","address":"Carr. a San Mateo No.300, Portal de Juarez, 67266 Cdad. Benito Juárez, N.L.","types":["pharmacy","health","store","point_of_interest","establishment"],"fuente":"places_api","fetched_at":"2026-09-24T22:41:22Z"}},{"type":"Feature","geometry":{"type":"Point","coordinates":[-100.3953434,25.7639328]},"properties":{"name":"Farmacia Guadalajara","kind":"farmacia","place_id":"ChIJyR1IW9WQYoYRr2Z4huQkwiA","address":"Av No Reelección 10175, Mirasol 1o., 64102 Monterrey, N.L.","types":["pharmacy","store","health","point_of_interest","establishment"],"fuente":"places_api","fetched_at":"2026-09-24T22:41:22Z"}},{"type":"Feature","geometry":{"type":"Point","coordinates":[-100.4047806,25.762066899999997]},"properties":{"name":"Farmacia Guadalajara","kind":"farmacia","place_id":"ChIJz4uuMwCXYoYREhZ0J5bNZdA","address":"Plaza Altea, Av Abraham Lincoln 11000, Solidaridad, 64102 Monterrey, N.L.","types":["pharmacy","health","store","point_of_interest","establishment"],"fuente":"places_api","fetched_at":"2026-09-24T22:41:22Z"}},{"type":"Feature","geometry":{"type":"Point","coordinates":[-100.3260393,25.7922898]},"properties":{"name":"Farmacia Guadalajara","kind":"farmacia","place_id":"ChIJz86L6b-TYoYRsTFAkO_o72o","address":"Av. Raúl Salinas Lozano 402, Hacienda del Topo, 66072 Cdad. Gral. Escobedo, N.L.","types":["pharmacy","store","health","point_of_interest","establishment"],"fuente":"places_api","fetched_at":"2026-09-24T22:41:22Z"}},{"type":"Feature","geometry":{"type":"Point","coordinates":[-100.2018891,25.663109199999997]},"properties":{"name":"Farmacia Guadalajara (Valles De San Roque)","kind":"farmacia","place_id":"ChIJ3fbOT8bBYoYRgMN5KCf1oQw","address":"Fomerrey 3 (Valle de San Roque), 67184 Guadalupe, N.L.","types":["pharmacy","health","store","point_of_interest","establishment"],"fuente":"places_api","fetched_at":"2026-09-24T22:41:22Z"}},{"type":"Feature","geometry":{"type":"Point","coordinates":[-100.17362419999999,25.625242900000003]},"properties":{"name":"Farmacia Guadalajara Acueducto","kind":"farmacia","place_id":"ChIJW4RgJGPBYoYRr2S6Bw05--s","address":"Av. Acueducto 797, Santa Monica Sector 8, Jardines de la Silla, 67286 Jardines de la Silla, N.L.","types":["pharmacy","health","store","point_of_interest","establishment"],"fuente":"places_api","fetched_at":"2026-09-24T22:41:22Z"}},{"type":"Feature","geometry":{"type":"Point","coordinates":[-100.3246127,25.7380218]},"properties":{"name":"Farmacia Guadalajara Almazán","kind":"farmacia","place_id":"ChIJC7jnJ0eUYoYRlvraK-BNaA4","address":"Montemorelos 6955, Topo Chico, 64260 Monterrey, N.L.","types":["pharmacy","health","point_of_interest","store","establishment"],"fuente":"places_api","fetched_at":"2026-09-24T22:41:22Z"}},{"type":"Feature","geometry":{"type":"Point","coordinates":[-100.2772201,25.7789198]},"properties":{"name":"Farmacia Guadalajara Benito Juárez","kind":"farmacia","place_id":"ChIJB3PBbVyTYoYRkVceaprxvII","address":"Av. Benito Juárez 209, Privadas de Lindora, 66059 Cdad. Gral. Escobedo, N.L.","types":["pharmacy","store","health","point_of_interest","establishment"],"fuente":"places_api","fetched_at":"2026-09-24T22:41:22Z"}},{"type":"Feature","geometry":{"type":"Point","coordinates":[-100.3739159,25.8542378]},"properties":{"name":"Farmacia Guadalajara Buena Vista el carmen","kind":"farmacia","place_id":"ChIJieveUnmRYoYRD07GH_7Jz5Q","address":"Av. Vista Regia, 66583 Buena Vista, N.L.","types":["pharmacy","store","health","point_of_interest","establishment"],"fuente":"places_api","fetched_at":"2026-09-24T22:41:22Z"}},{"type":"Feature","geometry":{"type":"Point","coordinates":[-100.4332027,25.6840457]},"properties":{"name":"Farmacia Guadalajara Clouthier","kind":"farmacia","place_id":"ChIJ36PXWPGXYoYR_sDmUGUe2cc","address":"Av. Manuel Jesus Clouthier 897, Fomerrey 2, 66139 Cdad. Santa Catarina, N.L.","types":["pharmacy","health","point_of_interest","store","establishment"],"fuente":"places_api","fetched_at":"2026-09-24T22:41:22Z"}},{"type":"Feature","geometry":{"type":"Point","coordinates":[-100.26153289999999,25.809250799999997]},"properties":{"name":"Farmacia Guadalajara Col. Jardines de Monterrey","kind":"farmacia","place_id":"ChIJFQR_Cy2TYoYRv2o3sFuUXNQ","address":"Av. Adolfo López Mateos 401, Sin Nombre de Col 1, 66613 Cdad. Gral. Escobedo, N.L.","types":["pharmacy","store","health","point_of_interest","establishment"],"fuente":"places_api","fetched_at":"2026-09-24T22:41:22Z"}},{"type":"Feature","geometry":{"type":"Point","coordinates":[-100.4670209,25.6976548]},"properties":{"name":"Farmacia Guadalajara Colosio","kind":"farmacia","place_id":"ChIJJevubEaYYoYROjiC5oXl-q0","address":"Av Perimetral Sur, Av. Perimetral Nte. # 949-S/N, Rincón del Poniente, 66368 Cdad. Santa Catarina, N.L.","types":["pharmacy","store","health","point_of_interest","establishment"],"fuente":"places_api","fetched_at":"2026-09-24T22:41:22Z"}},{"type":"Feature","geometry":{"type":"Point","coordinates":[-100.25378769999999,25.762170200000003]},"properties":{"name":"Farmacia Guadalajara Concepción Barragán","kind":"farmacia","place_id":"ChIJwanV81HrYoYRH5DeYXX5NB4","address":"OF, Av. Concepcion Barragan S / N, Residencial La Hacienda, Praderas de La Enramada, 66635 Cdad. Apodaca, N.L.","types":["pharmacy","store","health","point_of_interest","establishment"],"fuente":"places_api","fetched_at":"2026-09-24T22:41:22Z"}},{"type":"Feature","geometry":{"type":"Point","coordinates":[-100.073566,25.6061053]},"properties":{"name":"Farmacia Guadalajara Fracc. Valle Del Roble","kind":"farmacia","place_id":"ChIJsU6BwuTdYoYR-xoCzPFnJfY","address":"Av del Álamo 301, Valle del Roble, 45267 Valle del Roble, N.L.","types":["pharmacy","health","store","point_of_interest","establishment"],"fuente":"places_api","fetched_at":"2026-09-24T22:41:22Z"}},{"type":"Feature","geometry":{"type":"Point","coordinates":[-100.1725352,25.7452527]},"properties":{"name":"Farmacia Guadalajara Jardines del Virrey","kind":"farmacia","place_id":"ChIJw7_qSdjrYoYRcKxSkAW25ms","address":"Blvrd Julian Treviño Elizondo 501, Jardines del Virrey, 66645 Cdad. Apodaca, N.L.","types":["pharmacy","health","point_of_interest","store","establishment"],"fuente":"places_api","fetched_at":"2026-09-24T22:41:22Z"}},{"type":"Feature","geometry":{"type":"Point","coordinates":[-100.23616000000001,25.567823999999998]},"properties":{"name":"Farmacia Guadalajara La Estanzuela","kind":"farmacia","place_id":"ChIJ29Ov0U3GYoYRiDTkaOr0dZU","address":"Cam. Real 500, Sin Nombre de Col 51, 64988 Monterrey, N.L.","types":["pharmacy","supermarket","grocery_store","food_store","health","store","food","point_of_interest","establishment"],"fuente":"places_api","fetched_at":"2026-09-24T22:41:22Z"}},{"type":"Feature","geometry":{"type":"Point","coordinates":[-100.42526319999999,25.6710166]},"properties":{"name":"Farmacia Guadalajara La Fama","kind":"farmacia","place_id":"ChIJCcDSpeOXYoYRCEWOt6z_K0w","address":"S. Francisco 238, La Fama, 66100 Cdad. Santa Catarina, N.L.","types":["pharmacy","health","point_of_interest","store","establishment"],"fuente":"places_api","fetched_at":"2026-09-24T22:41:22Z"}},{"type":"Feature","geometry":{"type":"Point","coordinates":[-100.3130025,25.7687413]},"properties":{"name":"Farmacia Guadalajara Los Pinos","kind":"farmacia","place_id":"ChIJ_0Dd6pSTYoYRNlt1U2vh7XM","address":"Nexxus Sector Cristal 713, Joyas de Anahuac, 66055 Cdad. Gral. Escobedo, N.L.","types":["pharmacy","store","health","point_of_interest","establishment"],"fuente":"places_api","fetched_at":"2026-09-24T22:41:22Z"}},{"type":"Feature","geometry":{"type":"Point","coordinates":[-100.4740235,25.6764813]},"properties":{"name":"Farmacia Guadalajara Manuel Ordoñez","kind":"farmacia","place_id":"ChIJVe_pW2WYYoYR_aHsxoF5tU8","address":"Av Manuel Ordoñez 933, Zimix Sur, 66358 Cdad. Santa Catarina, N.L.","types":["pharmacy","store","health","point_of_interest","establishment"],"fuente":"places_api","fetched_at":"2026-09-24T22:41:22Z"}},{"type":"Feature","geometry":{"type":"Point","coordinates":[-100.15651299999999,25.7307953]},"properties":{"name":"Farmacia Guadalajara Misión Real","kind":"farmacia","place_id":"ChIJLwkRD53pYoYRAbpAW4FoWZw","address":"Av Villa de San Carlos #301, Villa de San Carlos 2o Sector, 66640 Cdad. Apodaca, N.L.","types":["pharmacy","store","health","point_of_interest","establishment"],"fuente":"places_api","fetched_at":"2026-09-24T22:41:22Z"}},{"type":"Feature","geometry":{"type":"Point","coordinates":[-100.15858349999999,25.652251999999997]},"properties":{"name":"Farmacia Guadalajara Monte Verde","kind":"farmacia","place_id":"ChIJpTTGyzrCYoYRr7CFskpL6uw","address":"Av Coahuila 112, Residencial Monteverde, 67257 Cdad. Benito Juárez, N.L.","types":["pharmacy","store","health","point_of_interest","establishment"],"fuente":"places_api","fetched_at":"2026-09-24T22:41:22Z"}},{"type":"Feature","geometry":{"type":"Point","coordinates":[-100.17279529999999,25.650630099999997]},"properties":{"name":"Farmacia Guadalajara Pablo Livas 2","kind":"farmacia","place_id":"ChIJrbymfIjBYoYRqSD12iu0b_4","address":"Av. Pablo Livas 501, Xochimilco, 67196 Guadalupe, N.L.","types":["pharmacy","health","store","point_of_interest","establishment"],"fuente":"places_api","fetched_at":"2026-09-24T22:41:22Z"}},{"type":"Feature","geometry":{"type":"Point","coordinates":[-100.26690669999999,25.785470099999998]},"properties":{"name":"Farmacia Guadalajara Palmas","kind":"farmacia","place_id":"ChIJQ53ta06TYoYRuOb8uzDIKAY","address":"Av las Palmas, 66612 Cdad. Apodaca, N.L.","types":["pharmacy","store","health","point_of_interest","establishment"],"fuente":"places_api","fetched_at":"2026-09-24T22:41:22Z"}},{"type":"Feature","geometry":{"type":"Point","coordinates":[-100.2744027,25.603444]},"properties":{"name":"Farmacia Guadalajara Plaza Fiora","kind":"farmacia","place_id":"ChIJpysNwsC_YoYRhse8lBV8Hbk","address":"Colinas del Acueducto 110, Acueducto Satélite, 64968 Monterrey, N.L.","types":["pharmacy","store","health","point_of_interest","establishment"],"fuente":"places_api","fetched_at":"2026-09-24T22:41:22Z"}},{"type":"Feature","geometry":{"type":"Point","coordinates":[-100.4972219,25.6887856]},"properties":{"name":"Farmacia Guadalajara Puerta De Las Mitras","kind":"farmacia","place_id":"ChIJFTl5ou2YYoYRHwDCLsnP8ss","address":"INDUSTRIAL OF THE, Poniente 2999, Puerta de las Mitras, 66367 Cdad. Santa Catarina, N.L.","types":["pharmacy","store","health","point_of_interest","establishment"],"fuente":"places_api","fetched_at":"2026-09-24T22:41:22Z"}},{"type":"Feature","geometry":{"type":"Point","coordinates":[-100.322774,25.7957419]},"properties":{"name":"Farmacia Guadalajara Raúl Caballero II","kind":"farmacia","place_id":"ChIJdemGEr-TYoYRcXOSrCztZQQ","address":"Raúl Caballero, 66056 Cdad. Gral. Escobedo, N.L.","types":["pharmacy","store","health","point_of_interest","establishment"],"fuente":"places_api","fetched_at":"2026-09-24T22:41:22Z"}},{"type":"Feature","geometry":{"type":"Point","coordinates":[-100.30735349999999,25.792147099999998]},"properties":{"name":"Farmacia Guadalajara Residencial Escobedo","kind":"farmacia","place_id":"ChIJ-dr4g5-TYoYR5AMiPJrzXVU","address":"Av. Benito Juárez 184, Escobedo Residencial, 66057 Cdad. Gral. Escobedo, N.L.","types":["pharmacy","store","health","point_of_interest","establishment"],"fuente":"places_api","fetched_at":"2026-09-24T22:41:22Z"}},{"type":"Feature","geometry":{"type":"Point","coordinates":[-100.19724169999999,25.7928885]},"properties":{"name":"Farmacia Guadalajara Rinconada Colonial","kind":"farmacia","place_id":"ChIJHabHPWzsYoYRizu9pa3Rg1g","address":"Arturo Martinez C. 122 C, Rinconada Colonial de Apodaca, 66607 Cdad. Apodaca, N.L.","types":["pharmacy","store","health","point_of_interest","establishment"],"fuente":"places_api","fetched_at":"2026-09-24T22:41:22Z"}},{"type":"Feature","geometry":{"type":"Point","coordinates":[-100.25948029999999,25.7903138]},"properties":{"name":"Farmacia Guadalajara Sa De Cv","kind":"farmacia","place_id":"ChIJH3fKzLDsYoYRGXrdRFj6Eys","address":"Av. Andrómeda 216, Metroplex II, 66612 Cdad. Apodaca, N.L.","types":["pharmacy","drugstore","store","health","point_of_interest","establishment"],"fuente":"places_api","fetched_at":"2026-09-24T22:41:22Z"}},{"type":"Feature","geometry":{"type":"Point","coordinates":[-100.2089187,25.723281099999998]},"properties":{"name":"Farmacia Guadalajara Sa De Cv","kind":"farmacia","place_id":"ChIJhRniVlHqYoYR0mOqPw9pdss","address":"Blvd. Acapulco 300, La Fe, 66477 San Nicolás de los Garza, N.L.","types":["pharmacy","store","health","point_of_interest","establishment"],"fuente":"places_api","fetched_at":"2026-09-24T22:41:22Z"}},{"type":"Feature","geometry":{"type":"Point","coordinates":[-100.4143781,25.767027]},"properties":{"name":"Farmacia Guadalajara San Agustin","kind":"farmacia","place_id":"ChIJRQUdK8qQYoYRvm5O1LiMxU4","address":"Av Abraham Lincoln 5690, Residencial Puerta de Hierro, 64346 Monterrey, N.L.","types":["pharmacy","health","point_of_interest","store","establishment"],"fuente":"places_api","fetched_at":"2026-09-24T22:41:22Z"}},{"type":"Feature","geometry":{"type":"Point","coordinates":[-100.452004,25.6958641]},"properties":{"name":"Farmacia Guadalajara Santa Clara","kind":"farmacia","place_id":"ChIJbcFBTjuYYoYRJFIxLX1yFQ0","address":"Av Enrique Díaz de León Nte 261 Nte, Villaseñor, 44600 Guadalajara, Jal.","types":["pharmacy","store","health","point_of_interest","establishment"],"fuente":"places_api","fetched_at":"2026-09-24T22:41:22Z"}},{"type":"Feature","geometry":{"type":"Point","coordinates":[-100.2721797,25.6348523]},"properties":{"name":"Farmacia Guadalajara Suc 1159 Av Revolución","kind":"farmacia","place_id":"ChIJdWSm3Jy_YoYRJwfQHWmzwl4","address":"Av. Revolución 3983, Sin Nombre de Col 44, 64860 Monterrey, N.L.","types":["pharmacy","store","health","point_of_interest","establishment"],"fuente":"places_api","fetched_at":"2026-09-24T22:41:22Z"}},{"type":"Feature","geometry":{"type":"Point","coordinates":[-100.27084959999999,25.609936599999997]},"properties":{"name":"Farmacia Guadalajara Suc 1301 Garza Sada","kind":"farmacia","place_id":"ChIJE9Kf22e_YoYRMMYle0Urveg","address":"Bonifacio Salinas Leal 4124, Mederos, 64950 Monterrey, N.L.","types":["pharmacy","store","health","point_of_interest","establishment"],"fuente":"places_api","fetched_at":"2026-09-24T22:41:22Z"}},{"type":"Feature","geometry":{"type":"Point","coordinates":[-100.29153529999999,25.7764065]},"properties":{"name":"Farmacia Guadalajara Suc 1935","kind":"farmacia","place_id":"ChIJg6RO5s2TYoYR5Ct81Eqhx6I","address":"Av. Puerta del Nte. 102, Puerta del Nte Residencial, 66050 Cdad. Gral. Escobedo, N.L.","types":["pharmacy","store","health","point_of_interest","establishment"],"fuente":"places_api","fetched_at":"2026-09-24T22:41:22Z"}},{"type":"Feature","geometry":{"type":"Point","coordinates":[-100.18939490000001,25.785709299999997]},"properties":{"name":"Farmacia Guadalajara Suc 5 de Mayo Apodaca","kind":"farmacia","place_id":"ChIJ0fQGCb3tYoYRkNuZzbbBD5Y","address":"5 de Mayo 351, Cabecera Municipal (Apodaca), Apodaca Centro, 66600 Cdad. Apodaca, N.L.","types":["pharmacy","store","health","point_of_interest","establishment"],"fuente":"places_api","fetched_at":"2026-09-24T22:41:22Z"}},{"type":"Feature","geometry":{"type":"Point","coordinates":[-100.2681468,25.6095291]},"properties":{"name":"Farmacia Guadalajara Suc 951 Paseo las Fuentes","kind":"farmacia","place_id":"ChIJ3wfYCme_YoYRP572Y4MALjI","address":"C. Paseo de las Fuentes 4396, Villa Las Fuentes, 64890 Monterrey, N.L.","types":["pharmacy","store","health","point_of_interest","establishment"],"fuente":"places_api","fetched_at":"2026-09-24T22:41:22Z"}},{"type":"Feature","geometry":{"type":"Point","coordinates":[-100.3652123,25.686512699999998]},"properties":{"name":"Farmacia Guadalajara Suc Puerta del Sol","kind":"farmacia","place_id":"ChIJHzyNIrmXYoYRTD3gOx0-OC4","address":"Blvd. Puerta del Sol, Colinas de San Jerónimo 1o. Sector, 64630 Monterrey, N.L.","types":["pharmacy","health","store","point_of_interest","establishment"],"fuente":"places_api","fetched_at":"2026-09-24T22:41:22Z"}},{"type":"Feature","geometry":{"type":"Point","coordinates":[-100.33861069999999,25.650591799999997]},"properties":{"name":"Farmacia Guadalajara Suc San Agustín","kind":"farmacia","place_id":"ChIJf0n7oxK-YoYRrit-PJsEA9s","address":"Av. Real San Agustin 222, Zona San Agustín, 66260 San Pedro Garza García, N.L.","types":["pharmacy","store","health","point_of_interest","establishment"],"fuente":"places_api","fetched_at":"2026-09-24T22:41:22Z"}},{"type":"Feature","geometry":{"type":"Point","coordinates":[-100.38333259999999,25.658958799999997]},"properties":{"name":"Farmacia Guadalajara Suc. Humberto Lobo","kind":"farmacia","place_id":"ChIJPYdQ-I-9YoYRDnMJImSXmWg","address":"Av. Humberto Lobo 1795, Del Valle, 66220 Monterrey, N.L.","types":["pharmacy","store","health","point_of_interest","establishment"],"fuente":"places_api","fetched_at":"2026-09-24T22:41:22Z"}},{"type":"Feature","geometry":{"type":"Point","coordinates":[-100.4999727,25.7020889]},"properties":{"name":"Farmacia Guadalajara Sucursal Bosques de la Huasteca","kind":"farmacia","place_id":"ChIJtf_bWq-ZYoYRjhvTB-n8Gac","address":"Av Bosques de la Huasteca 302, Lázaro Cárdenas II, 66354 Cdad. Santa Catarina, N.L.","types":["pharmacy","store","health","point_of_interest","establishment"],"fuente":"places_api","fetched_at":"2026-09-24T22:41:22Z"}},{"type":"Feature","geometry":{"type":"Point","coordinates":[-100.2276284,25.777459099999998]},"properties":{"name":"Farmacia Guadalajara Sucursal Chopo","kind":"farmacia","place_id":"ChIJMf8-RgDtYoYRPVeNaHJCqVo","address":"Av. Chopo, 66610 Monterrey, N.L.","types":["pharmacy","store","health","point_of_interest","establishment"],"fuente":"places_api","fetched_at":"2026-09-24T22:41:22Z"}},{"type":"Feature","geometry":{"type":"Point","coordinates":[-100.1516592,25.7687661]},"properties":{"name":"Farmacia Guadalajara Tréboles","kind":"farmacia","place_id":"ChIJNbOVnEjpYoYR4tUJorDWHpQ","address":"C. Séptima 113, Tréboles, 66612 Cdad. Apodaca, N.L.","types":["pharmacy","store","health","point_of_interest","establishment"],"fuente":"places_api","fetched_at":"2026-09-24T22:41:22Z"}},{"type":"Feature","geometry":{"type":"Point","coordinates":[-100.1350188,25.8529277]},"properties":{"name":"Farmacia Guadalajara Valle de Santa Elena","kind":"farmacia","place_id":"ChIJP38xtpPvYoYR1abi371GdaI","address":"Av. Sta. Elena 137, Sector San Juan, Valle de Santa Elena, 65776 Valle de Santa Elena, N.L.","types":["pharmacy","store","health","point_of_interest","establishment"],"fuente":"places_api","fetched_at":"2026-09-24T22:41:22Z"}},{"type":"Feature","geometry":{"type":"Point","coordinates":[-100.24633779999999,25.7506727]},"properties":{"name":"Farmacia Guadalajara ave: las torres","kind":"farmacia","place_id":"ChIJlV7QHTnrYoYRGO42Oaj5j0k","address":"C. Arboledas del Mezquital 600, Jardines del Mezquital, 66445 San Nicolás de los Garza, N.L.","types":["pharmacy","store","health","point_of_interest","establishment"],"fuente":"places_api","fetched_at":"2026-09-24T22:41:22Z"}},{"type":"Feature","geometry":{"type":"Point","coordinates":[-100.4031471,25.7441736]},"properties":{"name":"Farmacia Guadalajara cumbres elite 2","kind":"farmacia","place_id":"ChIJj0ImgiOXYoYRUlqcheRaKJs","address":"Av. Cumbres Elite 199, Cumbres Elite, 3er Sector, 64349 Monterrey, N.L.","types":["pharmacy","health","point_of_interest","store","establishment"],"fuente":"places_api","fetched_at":"2026-09-24T22:41:22Z"}},{"type":"Feature","geometry":{"type":"Point","coordinates":[-100.3876686,25.7750302]},"properties":{"name":"Farmacia Guadalajara suc Colosio","kind":"farmacia","place_id":"ChIJBasOYC-RYoYRIJEan2X96Ms","address":"Av. Luis Donaldo Colosio Murrieta 800, Colonia C.D. Solidaridad, 64108 Monterrey, N.L.","types":["pharmacy","store","health","point_of_interest","establishment"],"fuente":"places_api","fetched_at":"2026-09-24T22:41:22Z"}},{"type":"Feature","geometry":{"type":"Point","coordinates":[-100.3946716,25.7851209]},"properties":{"name":"Farmacia Guadalajara suc ocaso","kind":"farmacia","place_id":"ChIJ2z3udiCRYoYRKxIqtD3Jv14","address":"Av. de los Astros 1900, Barrio Del Parque, 64102 Monterrey, N.L.","types":["pharmacy","store","health","point_of_interest","establishment"],"fuente":"places_api","fetched_at":"2026-09-24T22:41:22Z"}},{"type":"Feature","geometry":{"type":"Point","coordinates":[-100.1803699,25.6689682]},"properties":{"name":"Farmacia Guadalajara suc. Carretera a Reynosa","kind":"farmacia","place_id":"ChIJjU5ZxvHBYoYRybOi-W0yKW8","address":"Avenida Presidente Benito Juárez Oriente, Reynosa, 67190 Guadalupe, N.L.","types":["pharmacy","store","health","point_of_interest","establishment"],"fuente":"places_api","fetched_at":"2026-09-24T22:41:22Z"}},{"type":"Feature","geometry":{"type":"Point","coordinates":[-100.3070285,25.679025799999998]},"properties":{"name":"Farmacia Guadalajara suc. Tapia","kind":"farmacia","place_id":"ChIJEz0CEACVYoYRS7xJgHQPWYY","address":"Santiago Tapia Ote. 807, Centro, 64000 Monterrey, N.L.","types":["pharmacy","store","health","point_of_interest","establishment"],"fuente":"places_api","fetched_at":"2026-09-24T22:41:22Z"}},{"type":"Feature","geometry":{"type":"Point","coordinates":[-100.2284633,25.7504448]},"properties":{"name":"Farmacia Guadalajara sucursal 3005","kind":"farmacia","place_id":"ChIJxRmqRADrYoYR-jmfeSe5nZM","address":"Av. Camino Al Mezquital 302, Rincon de la Moraleja, 66632 Cdad. Apodaca, N.L.","types":["pharmacy","health","point_of_interest","store","establishment"],"fuente":"places_api","fetched_at":"2026-09-24T22:41:22Z"}},{"type":"Feature","geometry":{"type":"Point","coordinates":[-100.369528,25.8326718]},"properties":{"name":"Farmacia Guadalajara villas de san francisco","kind":"farmacia","place_id":"ChIJ3SpUHZWRYoYRMrpk_6VzuD0","address":"Carpintero 300, Villas de San Francisco, 66062 Cdad. Gral. Escobedo, N.L.","types":["pharmacy","store","health","point_of_interest","establishment"],"fuente":"places_api","fetched_at":"2026-09-24T22:41:22Z"}},{"type":"Feature","geometry":{"type":"Point","coordinates":[-100.3733038,25.6516834]},"properties":{"name":"Farmacia Guadalajara, S.A. De C.V.","kind":"farmacia","place_id":"ChIJIVApwZS9YoYRV2hUp0ydME8","address":"Av. José Vasconcelos 65, Del Valle, 66220 San Pedro Garza García, N.L.","types":["pharmacy","drugstore","store","health","point_of_interest","establishment"],"fuente":"places_api","fetched_at":"2026-09-24T22:41:22Z"}},{"type":"Feature","geometry":{"type":"Point","coordinates":[-100.3995922,25.7760139]},"properties":{"name":"Farmacia Guadalajara, S.A. De C.V. suc astros","kind":"farmacia","place_id":"ChIJM3tACtmQYoYRY0bi1uojCTI","address":"OF. THE LOS ASTROS 1100, Plutarco Elías Calles, 64108 Monterrey, N.L.","types":["pharmacy","store","health","point_of_interest","establishment"],"fuente":"places_api","fetched_at":"2026-09-24T22:41:22Z"}},{"type":"Feature","geometry":{"type":"Point","coordinates":[-100.1519174,25.753267100000002]},"properties":{"name":"Farmacia Guadalajara, Suc. San Benito","kind":"farmacia","place_id":"ChIJAwv8tmvpYoYRtSgGrXAduMI","address":"66646 Cdad. Apodaca, N.L.","types":["pharmacy","store","health","point_of_interest","establishment"],"fuente":"places_api","fetched_at":"2026-09-24T22:41:22Z"}},{"type":"Feature","geometry":{"type":"Point","coordinates":[-100.1010616,25.6487013]},"properties":{"name":"Farmacia guadalajara","kind":"farmacia","place_id":"ChIJIcGked7CYoYRUrGbJw4HjOc","address":"Av. Lic. Arturo B. de La Garza 900-C, Joaquín Garza y Garza, 67267 Cdad. Benito Juárez, N.L.","types":["pharmacy","health","store","point_of_interest","establishment"],"fuente":"places_api","fetched_at":"2026-09-24T22:41:22Z"}},{"type":"Feature","geometry":{"type":"Point","coordinates":[-100.1043239,25.712965699999998]},"properties":{"name":"Farmacia guadalajara","kind":"farmacia","place_id":"ChIJLxqVzAPpYoYRVTSzWKanoWo","address":"Av. San Fernando 303, 66670 Valle de Santa María, N.L.","types":["pharmacy","health","point_of_interest","store","establishment"],"fuente":"places_api","fetched_at":"2026-09-24T22:41:22Z"}},{"type":"Feature","geometry":{"type":"Point","coordinates":[-100.3180627,25.741858099999998]},"properties":{"name":"Farmacia guadalajara","kind":"farmacia","place_id":"ChIJMzKEKQCVYoYRRSWCQazyrfo","address":"Lerdo de Tejada, Lomas del Roble 1er Sector, 66450 San Nicolás de los Garza, N.L.","types":["pharmacy","store","health","point_of_interest","establishment"],"fuente":"places_api","fetched_at":"2026-09-24T22:41:22Z"}},{"type":"Feature","geometry":{"type":"Point","coordinates":[-100.62316,25.8150397]},"properties":{"name":"Farmacia guadalajara","kind":"farmacia","place_id":"ChIJmdC9aJQniIYR4bbgwglDkpY","address":"Cam. a Icamole 221 B, José Páez García, 66012 García, N.L.","types":["pharmacy","health","point_of_interest","store","establishment"],"fuente":"places_api","fetched_at":"2026-09-24T22:41:22Z"}},{"type":"Feature","geometry":{"type":"Point","coordinates":[-100.0584964,25.7977495]},"properties":{"name":"Farmacia guadalajara","kind":"farmacia","place_id":"ChIJn0JjWwDlYoYRJrpE35J62NE","address":"Villas Regina 66653, VILLAS REGINA, 66653 Pesquería, N.L.","types":["pharmacy","store","health","point_of_interest","establishment"],"fuente":"places_api","fetched_at":"2026-09-24T22:41:22Z"}},{"type":"Feature","geometry":{"type":"Point","coordinates":[-100.1862158,25.7304937]},"properties":{"name":"Farmacia guadalajara hermosillo","kind":"farmacia","place_id":"ChIJxQHmYy3qYoYRQrNdcFW1jhE","address":"C. Hermosillo 503, Deportivo Huinalá, 66633 Cdad. Apodaca, N.L.","types":["pharmacy","drugstore","store","health","point_of_interest","establishment"],"fuente":"places_api","fetched_at":"2026-09-24T22:41:22Z"}},{"type":"Feature","geometry":{"type":"Point","coordinates":[-100.19196939999999,25.7187944]},"properties":{"name":"Farmacias Benavides","kind":"farmacia","place_id":"ChIJ--K_47_rYoYRIHsYQnmwmUs","address":"Av. Mexico 100, Sin Nombre de Col 39, 67113 Guadalupe, N.L.","types":["pharmacy","cosmetics_store","supermarket","grocery_store","government_office","doctor","consultant","food_store","store","medical_clinic","health","food","point_of_interest","service","establishment"],"fuente":"places_api","fetched_at":"2026-09-24T22:41:22Z"}},{"type":"Feature","geometry":{"type":"Point","coordinates":[-100.1027506,25.7540908]},"properties":{"name":"Farmacias Benavides","kind":"farmacia","place_id":"ChIJ-4vqPZrpYoYRuxl_4ynJimg","address":"Av. Lucca 602, 66673 Pesquería, N.L.","types":["pharmacy","cosmetics_store","supermarket","grocery_store","government_office","doctor","consultant","food_store","store","medical_clinic","health","food","point_of_interest","service","establishment"],"fuente":"places_api","fetched_at":"2026-09-24T22:41:22Z"}},{"type":"Feature","geometry":{"type":"Point","coordinates":[-100.3610945,25.645253999999998]},"properties":{"name":"Farmacias Benavides","kind":"farmacia","place_id":"ChIJ-ca86tS9YoYRZuqnlH1g4T4","address":"Comercial Gómez Morin, Jerónimo Siller, 66259 San Pedro Garza García, N.L.","types":["pharmacy","cosmetics_store","supermarket","grocery_store","government_office","doctor","consultant","food_store","store","medical_clinic","health","food","point_of_interest","service","establishment"],"fuente":"places_api","fetched_at":"2026-09-24T22:41:22Z"}},{"type":"Feature","geometry":{"type":"Point","coordinates":[-100.21757500000001,25.723775]},"properties":{"name":"Farmacias Benavides","kind":"farmacia","place_id":"ChIJ-dm3sPzqYoYRFQmYCUsTdf0","address":"Av. Félix Galván 100, Sin Nombre de Col 34, 66477 San Nicolás de los Garza, N.L.","types":["pharmacy","cosmetics_store","supermarket","grocery_store","government_office","doctor","consultant","food_store","store","medical_clinic","health","food","point_of_interest","service","establishment"],"fuente":"places_api","fetched_at":"2026-09-24T22:41:22Z"}},{"type":"Feature","geometry":{"type":"Point","coordinates":[-100.1283083,25.666366699999998]},"properties":{"name":"Farmacias Benavides","kind":"farmacia","place_id":"ChIJ-esnXGDCYoYRZCnFnV65Lbw","address":"CRUZ CON, Cam. Real, Reforma Juárez, 67190 Cdad. Benito Juárez, N.L.","types":["pharmacy","supermarket","cosmetics_store","grocery_store","food_store","medical_clinic","consultant","doctor","health","food","government_office","point_of_interest","service","store","establishment"],"fuente":"places_api","fetched_at":"2026-09-24T22:41:22Z"}},{"type":"Feature","geometry":{"type":"Point","coordinates":[-100.38727120000001,25.7210105]},"properties":{"name":"Farmacias Benavides","kind":"farmacia","place_id":"ChIJ05O2bPmWYoYRqJlFX_-HGxI","address":"Av Paseo de los Leones 101, Cumbres 4º. Sector Secc a, 64610 Monterrey, N.L.","types":["pharmacy","cosmetics_store","supermarket","medical_clinic","consultant","government_office","grocery_store","food_store","doctor","health","store","service","food","point_of_interest","establishment"],"fuente":"places_api","fetched_at":"2026-09-24T22:41:22Z"}},{"type":"Feature","geometry":{"type":"Point","coordinates":[-100.42195559999999,25.6821667]},"properties":{"name":"Farmacias Benavides","kind":"farmacia","place_id":"ChIJ05U9DrqvKIQRlKbYbjrfQRE","address":"Av. Manuel Jesus Clouthier 201, Fama Dos, 66179 Cdad. Santa Catarina, N.L.","types":["pharmacy","cosmetics_store","supermarket","government_office","medical_clinic","grocery_store","food_store","consultant","store","doctor","health","service","food","point_of_interest","establishment"],"fuente":"places_api","fetched_at":"2026-09-24T22:41:22Z"}},{"type":"Feature","geometry":{"type":"Point","coordinates":[-100.34231109999999,25.7238583]},"properties":{"name":"Farmacias Benavides","kind":"farmacia","place_id":"ChIJ0UiruSWUYoYRu9GanpcnaBk","address":"Av Rodrigo Gómez, Simon Bolívar, 64270 Monterrey, N.L.","types":["pharmacy","cosmetics_store","supermarket","grocery_store","government_office","doctor","consultant","food_store","store","medical_clinic","health","food","point_of_interest","service","establishment"],"fuente":"places_api","fetched_at":"2026-09-24T22:41:22Z"}},{"type":"Feature","geometry":{"type":"Point","coordinates":[-100.2427654,25.7748127]},"properties":{"name":"Farmacias Benavides","kind":"farmacia","place_id":"ChIJ0a5JZ8DtYoYRwV65pSkPVR0","address":"P. Del Mezquite Y Camino Real A Santa Rosa 201, Sin Nombre de Col 10, 66636 Cdad. Apodaca, N.L.","types":["pharmacy","cosmetics_store","supermarket","grocery_store","government_office","doctor","consultant","food_store","store","medical_clinic","health","food","point_of_interest","service","establishment"],"fuente":"places_api","fetched_at":"2026-09-24T22:41:22Z"}},{"type":"Feature","geometry":{"type":"Point","coordinates":[-100.26729879999999,25.676216]},"properties":{"name":"Farmacias Benavides","kind":"farmacia","place_id":"ChIJ0cn4uP2_YoYRY3pLsL0CKNs","address":"Esquina con, José María Arteaga, Centro de Guadalupe, 67100 Monterrey, N.L.","types":["pharmacy","cosmetics_store","supermarket","grocery_store","government_office","doctor","consultant","food_store","store","medical_clinic","health","food","point_of_interest","service","establishment"],"fuente":"places_api","fetched_at":"2026-09-24T22:41:22Z"}},{"type":"Feature","geometry":{"type":"Point","coordinates":[-100.2869566,25.778428899999998]},"properties":{"name":"Farmacias Benavides","kind":"farmacia","place_id":"ChIJ0cvs72UtYoYRTSd1KPqYp9c","address":"Lic. José López Portillo 4816, Joyas de Anahuac, 66059 Cdad. Gral. Escobedo, N.L.","types":["pharmacy","cosmetics_store","supermarket","grocery_store","government_office","doctor","consultant","food_store","store","medical_clinic","health","food","point_of_interest","service","establishment"],"fuente":"places_api","fetched_at":"2026-09-24T22:41:22Z"}},{"type":"Feature","geometry":{"type":"Point","coordinates":[-100.1949861,25.6862861]},"properties":{"name":"Farmacias Benavides","kind":"farmacia","place_id":"ChIJ12Ig4knqYoYRxU78Pz0uKI0","address":"Gral. Plutarco Elías Calles 1600, Sin Nombre de Col 2, 67160 Guadalupe, N.L.","types":["pharmacy","supermarket","cosmetics_store","grocery_store","food_store","medical_clinic","consultant","doctor","health","food","government_office","point_of_interest","service","store","establishment"],"fuente":"places_api","fetched_at":"2026-09-24T22:41:22Z"}},{"type":"Feature","geometry":{"type":"Point","coordinates":[-100.3179083,25.638361099999997]},"properties":{"name":"Farmacias Benavides","kind":"farmacia","place_id":"ChIJ15ub6Vq-YoYRlTbq49891Eo","address":"Av. Fundadores 935, Paseo de Las Privanzas, 64750 Monterrey, N.L.","types":["pharmacy","cosmetics_store","supermarket","grocery_store","government_office","doctor","consultant","food_store","store","medical_clinic","health","food","point_of_interest","service","establishment"],"fuente":"places_api","fetched_at":"2026-09-24T22:41:22Z"}},{"type":"Feature","geometry":{"type":"Point","coordinates":[-100.2850096,25.6215631]},"properties":{"name":"Farmacias Benavides","kind":"farmacia","place_id":"ChIJ1ZTt19m_YoYRACeXiif1MvM","address":"Av Lázaro Cárdenas 4000, Torrebrisas, 64780 Monterrey, N.L.","types":["pharmacy","cosmetics_store","supermarket","grocery_store","government_office","doctor","consultant","food_store","store","medical_clinic","health","food","point_of_interest","service","establishment"],"fuente":"places_api","fetched_at":"2026-09-24T22:41:22Z"}},{"type":"Feature","geometry":{"type":"Point","coordinates":[-100.20463799999999,25.712643]},"properties":{"name":"Farmacias Benavides","kind":"farmacia","place_id":"ChIJ240IxVzqYoYR3L3REmnGWyc","address":"Camino de San Pedro 1200, 67112 Guadalupe, N.L.","types":["pharmacy","supermarket","cosmetics_store","grocery_store","food_store","medical_clinic","consultant","doctor","health","food","government_office","point_of_interest","service","store","establishment"],"fuente":"places_api","fetched_at":"2026-09-24T22:41:22Z"}},{"type":"Feature","geometry":{"type":"Point","coordinates":[-100.08311669999999,25.6517444]},"properties":{"name":"Farmacias Benavides","kind":"farmacia","place_id":"ChIJ26pLC9PCYoYR0Cjc3RLk57U","address":"Teófilo Salinas Garza 1083, Real de San José 2 Sector, 67250 Cdad. Benito Juárez, N.L.","types":["pharmacy","cosmetics_store","supermarket","grocery_store","government_office","doctor","consultant","food_store","store","medical_clinic","health","food","point_of_interest","service","establishment"],"fuente":"places_api","fetched_at":"2026-09-24T22:41:22Z"}},{"type":"Feature","geometry":{"type":"Point","coordinates":[-100.59061799999999,25.79601]},"properties":{"name":"Farmacias Benavides","kind":"farmacia","place_id":"ChIJ2bHN5AmdYoYRIbFWsN96I-k","address":"C. Jazmin 518, Nuevo Amanecer, 66000 García, N.L.","types":["pharmacy","cosmetics_store","supermarket","grocery_store","government_office","doctor","consultant","food_store","store","medical_clinic","health","food","point_of_interest","service","establishment"],"fuente":"places_api","fetched_at":"2026-09-24T22:41:22Z"}},{"type":"Feature","geometry":{"type":"Point","coordinates":[-100.2348222,25.790872200000003]},"properties":{"name":"Farmacias Benavides","kind":"farmacia","place_id":"ChIJ2djqZZbsYoYRKeGLpSqmy0w","address":"C. Sicomoro 820, Valle de Los Nogales, 66610 Cdad. Apodaca, N.L.","types":["pharmacy","cosmetics_store","supermarket","grocery_store","government_office","doctor","consultant","food_store","store","medical_clinic","health","food","point_of_interest","service","establishment"],"fuente":"places_api","fetched_at":"2026-09-24T22:41:22Z"}},{"type":"Feature","geometry":{"type":"Point","coordinates":[-100.315928,25.853455]},"properties":{"name":"Farmacias Benavides","kind":"farmacia","place_id":"ChIJ30ruvk6PYoYRVc5jC306UQU","address":"Av. El Jaral 306, Villas del Jaral, 66580 El Jaral, N.L.","types":["pharmacy","cosmetics_store","supermarket","government_office","medical_clinic","grocery_store","food_store","consultant","store","doctor","health","service","food","point_of_interest","establishment"],"fuente":"places_api","fetched_at":"2026-09-24T22:41:22Z"}},{"type":"Feature","geometry":{"type":"Point","coordinates":[-100.2832062,25.6525741]},"properties":{"name":"Farmacias Benavides","kind":"farmacia","place_id":"ChIJ33_m6L-_YoYRF9RGrVuMoVY","address":"Av. Ricardo Covarrubias 2801, Narvarte, Distrito Tec, 64830 Monterrey, N.L.","types":["pharmacy","cosmetics_store","supermarket","grocery_store","government_office","doctor","consultant","food_store","store","medical_clinic","health","food","point_of_interest","service","establishment"],"fuente":"places_api","fetched_at":"2026-09-24T22:41:22Z"}},{"type":"Feature","geometry":{"type":"Point","coordinates":[-100.37857220000001,25.6929472]},"properties":{"name":"Farmacias Benavides","kind":"farmacia","place_id":"ChIJ3Qb8sDiWYoYRXXbRnWTGEjo","address":"San José 1816-C PLAZA SAN JOSE, Hacienda San Jerónimo, 64630 Monterrey, N.L.","types":["pharmacy","cosmetics_store","supermarket","medical_clinic","consultant","government_office","grocery_store","food_store","doctor","health","store","service","food","point_of_interest","establishment"],"fuente":"places_api","fetched_at":"2026-09-24T22:41:22Z"}},{"type":"Feature","geometry":{"type":"Point","coordinates":[-100.2524612,25.596867200000002]},"properties":{"name":"Farmacias Benavides","kind":"farmacia","place_id":"ChIJ3bn4ZqzAYoYR1zorIWO4c-c","address":"Av. la Luz 102, 64988 Monterrey, N.L.","types":["pharmacy","cosmetics_store","supermarket","grocery_store","government_office","doctor","consultant","food_store","store","medical_clinic","health","food","point_of_interest","service","establishment"],"fuente":"places_api","fetched_at":"2026-09-24T22:41:22Z"}},{"type":"Feature","geometry":{"type":"Point","coordinates":[-100.253,25.679299999999998]},"properties":{"name":"Farmacias Benavides","kind":"farmacia","place_id":"ChIJ3fNYTCnAYoYRAYTunJ3vmVk","address":"Benito Juárez 518, Centro de Guadalupe, 67120 Guadalupe, N.L.","types":["pharmacy","cosmetics_store","supermarket","grocery_store","government_office","doctor","consultant","food_store","store","medical_clinic","health","food","point_of_interest","service","establishment"],"fuente":"places_api","fetched_at":"2026-09-24T22:41:22Z"}},{"type":"Feature","geometry":{"type":"Point","coordinates":[-100.4155655,25.755353]},"properties":{"name":"Farmacias Benavides","kind":"farmacia","place_id":"ChIJ4Vd-dTaXYoYRFFOMpOdLWeI","address":"Av. Puerta de Hierro 8999, 64349 Monterrey, N.L.","types":["pharmacy","cosmetics_store","supermarket","grocery_store","government_office","doctor","consultant","food_store","store","medical_clinic","health","food","point_of_interest","service","establishment"],"fuente":"places_api","fetched_at":"2026-09-24T22:41:22Z"}},{"type":"Feature","geometry":{"type":"Point","coordinates":[-100.15559730000001,25.6393411]},"properties":{"name":"Farmacias Benavides","kind":"farmacia","place_id":"ChIJ4WV7zMzDYoYRq9S_e1cHLpA","address":"Av Eloy Cavazos 101-Pte, 67289 Cdad. Benito Juárez, N.L.","types":["pharmacy","cosmetics_store","supermarket","grocery_store","government_office","doctor","consultant","food_store","store","medical_clinic","health","food","point_of_interest","service","establishment"],"fuente":"places_api","fetched_at":"2026-09-24T22:41:22Z"}},{"type":"Feature","geometry":{"type":"Point","coordinates":[-100.222025,25.667322199999997]},"properties":{"name":"Farmacias Benavides","kind":"farmacia","place_id":"ChIJ4WagnzHAYoYRRlsxuBgs3U0","address":"Av. Pablo Livas, Rafael Ramírez (U.c.), 67180 Guadalupe, N.L.","types":["pharmacy","cosmetics_store","supermarket","grocery_store","government_office","doctor","consultant","food_store","store","medical_clinic","health","food","point_of_interest","service","establishment"],"fuente":"places_api","fetched_at":"2026-09-24T22:41:22Z"}},{"type":"Feature","geometry":{"type":"Point","coordinates":[-100.58770829999999,25.8058944]},"properties":{"name":"Farmacias Benavides","kind":"farmacia","place_id":"ChIJ4zVJxg-dYoYRr2AphdANFAI","address":"Lerdo de Tejada, Cabecera Municipal, 66000 García, N.L.","types":["pharmacy","cosmetics_store","supermarket","grocery_store","government_office","doctor","consultant","food_store","store","medical_clinic","health","food","point_of_interest","service","establishment"],"fuente":"places_api","fetched_at":"2026-09-24T22:41:22Z"}},{"type":"Feature","geometry":{"type":"Point","coordinates":[-100.363467,25.635742]},"properties":{"name":"Farmacias Benavides","kind":"farmacia","place_id":"ChIJ52Drydy9YoYR075yUUjvsNg","address":"Av. Manuel Gómez Morín 1290, Carrizalejo, 66254 San Pedro Garza García, N.L.","types":["pharmacy","cosmetics_store","supermarket","grocery_store","government_office","doctor","consultant","food_store","store","medical_clinic","health","food","point_of_interest","service","establishment"],"fuente":"places_api","fetched_at":"2026-09-24T22:41:22Z"}},{"type":"Feature","geometry":{"type":"Point","coordinates":[-100.27312719999999,25.638449899999998]},"properties":{"name":"Farmacias Benavides","kind":"farmacia","place_id":"ChIJ577IEpu_YoYRELhmgV70yhA","address":"Av. Revolución 3780, Torremolinos, 64850 Monterrey, N.L.","types":["pharmacy","cosmetics_store","supermarket","government_office","medical_clinic","grocery_store","food_store","consultant","store","doctor","health","service","food","point_of_interest","establishment"],"fuente":"places_api","fetched_at":"2026-09-24T22:41:22Z"}},{"type":"Feature","geometry":{"type":"Point","coordinates":[-100.21673059999999,25.656583299999998]},"properties":{"name":"Farmacias Benavides","kind":"farmacia","place_id":"ChIJ5QR_6UrAYoYRVahypBeizJ8","address":"Av Eloy Cavazos 4303, Residencial Las Avenidas, 67180 Guadalupe, N.L.","types":["pharmacy","cosmetics_store","supermarket","grocery_store","government_office","doctor","consultant","food_store","store","medical_clinic","health","food","point_of_interest","service","establishment"],"fuente":"places_api","fetched_at":"2026-09-24T22:41:22Z"}},{"type":"Feature","geometry":{"type":"Point","coordinates":[-100.23438999999999,25.703084]},"properties":{"name":"Farmacias Benavides","kind":"farmacia","place_id":"ChIJ5RWQ25TqYoYRSFyN2Npg2y8","address":"Av. A. Ruiz Cortines Pte. 1224, La Purísima, 67129 Guadalupe, N.L.","types":["pharmacy","supermarket","cosmetics_store","grocery_store","food_store","medical_clinic","consultant","doctor","health","food","government_office","point_of_interest","service","store","establishment"],"fuente":"places_api","fetched_at":"2026-09-24T22:41:22Z"}},{"type":"Feature","geometry":{"type":"Point","coordinates":[-100.4024757,25.6541602]},"properties":{"name":"Farmacias Benavides","kind":"farmacia","place_id":"ChIJ5yTL5XC9YoYRLYoaA1M5xc8","address":"LOTE 30 MANZANA 59 S/N, Prados de La Sierra, 66230 San Pedro Garza García, N.L.","types":["pharmacy","cosmetics_store","supermarket","grocery_store","government_office","doctor","consultant","food_store","store","medical_clinic","health","food","point_of_interest","service","establishment"],"fuente":"places_api","fetched_at":"2026-09-24T22:41:22Z"}},{"type":"Feature","geometry":{"type":"Point","coordinates":[-100.17224,25.623631999999997]},"properties":{"name":"Farmacias Benavides","kind":"farmacia","place_id":"ChIJ6YpHpBLDYoYRwo_ElkMExak","address":"Av. Acueducto 36, Jardines de la Silla, 67280 Villa Juarez, N.L.","types":["pharmacy","cosmetics_store","supermarket","grocery_store","government_office","doctor","consultant","food_store","store","medical_clinic","health","food","point_of_interest","service","establishment"],"fuente":"places_api","fetched_at":"2026-09-24T22:41:22Z"}},{"type":"Feature","geometry":{"type":"Point","coordinates":[-100.29583699999999,25.7125557]},"properties":{"name":"Farmacias Benavides","kind":"farmacia","place_id":"ChIJ6dFmQBaVYoYRsG7MuOX1Ccs","address":"Las Puentes, Av San Nicolás 1007, Sin Nombre de Col 21, 64103 Monterrey, N.L.","types":["pharmacy","cosmetics_store","supermarket","government_office","medical_clinic","grocery_store","food_store","consultant","store","doctor","health","service","food","point_of_interest","establishment"],"fuente":"places_api","fetched_at":"2026-09-24T22:41:22Z"}},{"type":"Feature","geometry":{"type":"Point","coordinates":[-100.2269254,25.7336141]},"properties":{"name":"Farmacias Benavides","kind":"farmacia","place_id":"ChIJ7SyTqRzrYoYRCN7drJu2d5I","address":"Av. Las Torres S/N, RINCON DE LOS ANGELES, 66478 San Nicolás de los Garza, N.L.","types":["pharmacy","supermarket","cosmetics_store","grocery_store","food_store","medical_clinic","consultant","doctor","health","food","government_office","point_of_interest","service","store","establishment"],"fuente":"places_api","fetched_at":"2026-09-24T22:41:22Z"}},{"type":"Feature","geometry":{"type":"Point","coordinates":[-100.2677745,25.6462446]},"properties":{"name":"Farmacias Benavides","kind":"farmacia","place_id":"ChIJ8-vR4o6_YoYR0ifWW-79aMM","address":"P.º de las Américas 2413, Contry La Silla 7o Sector, 67173 Monterrey, N.L.","types":["pharmacy","cosmetics_store","supermarket","government_office","medical_clinic","grocery_store","food_store","consultant","store","doctor","health","service","food","point_of_interest","establishment"],"fuente":"places_api","fetched_at":"2026-09-24T22:41:22Z"}},{"type":"Feature","geometry":{"type":"Point","coordinates":[-100.32135489999999,25.7900805]},"properties":{"name":"Farmacias Benavides","kind":"farmacia","place_id":"ChIJ85EPIJqTYoYRdLjYUkHZZJc","address":"Av. Las Torres 710, Praderas de Girasoles, 66056 Cdad. Gral. Escobedo, N.L.","types":["pharmacy","cosmetics_store","supermarket","government_office","medical_clinic","grocery_store","food_store","consultant","store","doctor","health","service","food","point_of_interest","establishment"],"fuente":"places_api","fetched_at":"2026-09-24T22:41:22Z"}},{"type":"Feature","geometry":{"type":"Point","coordinates":[-100.315457,25.73306]},"properties":{"name":"Farmacias Benavides","kind":"farmacia","place_id":"ChIJ85teD1CUYoYR0VazYw16nrE","address":"Av. Manuel L. Barragán 6550-B, Anáhuac, 66450 San Nicolás de los Garza, N.L.","types":["pharmacy","cosmetics_store","supermarket","medical_clinic","consultant","government_office","grocery_store","food_store","doctor","health","store","service","food","point_of_interest","establishment"],"fuente":"places_api","fetched_at":"2026-09-24T22:41:22Z"}},{"type":"Feature","geometry":{"type":"Point","coordinates":[-100.2951209,25.6623678]},"properties":{"name":"Farmacias Benavides","kind":"farmacia","place_id":"ChIJ8_KdpM-_YoYR7bwzIkLazTM","address":"Pedro Martínez 2001, Caracol, 64810 Monterrey, N.L.","types":["pharmacy","cosmetics_store","supermarket","grocery_store","government_office","doctor","consultant","food_store","store","medical_clinic","health","food","point_of_interest","service","establishment"],"fuente":"places_api","fetched_at":"2026-09-24T22:41:22Z"}},{"type":"Feature","geometry":{"type":"Point","coordinates":[-100.31653060000001,25.6862528]},"properties":{"name":"Farmacias Benavides","kind":"farmacia","place_id":"ChIJ8xJ5XSiVYoYRX7iINREA3ng","address":"Av. Cristóbal Colón 411, Col Obrera, Sarabia, 64000 Monterrey, N.L.","types":["pharmacy","cosmetics_store","supermarket","government_office","medical_clinic","grocery_store","food_store","consultant","store","doctor","health","service","food","point_of_interest","establishment"],"fuente":"places_api","fetched_at":"2026-09-24T22:41:22Z"}},{"type":"Feature","geometry":{"type":"Point","coordinates":[-100.2645694,25.6865222]},"properties":{"name":"Farmacias Benavides","kind":"farmacia","place_id":"ChIJA7oNxlOVYoYR4SC1RrAIbUk","address":"Av. Miguel Alemán 4510, Churubusco, 4510 Monterrey, N.L.","types":["pharmacy","cosmetics_store","supermarket","grocery_store","government_office","doctor","consultant","food_store","store","medical_clinic","health","food","point_of_interest","service","establishment"],"fuente":"places_api","fetched_at":"2026-09-24T22:41:22Z"}},{"type":"Feature","geometry":{"type":"Point","coordinates":[-100.2817534,25.6600631]},"properties":{"name":"Farmacias Benavides","kind":"farmacia","place_id":"ChIJAQBE9-m_YoYRuh3mk4sFHDc","address":"Av. Revolución, Sin Nombre 35, Distrito Tec, 64800 Monterrey, N.L.","types":["pharmacy","cosmetics_store","supermarket","grocery_store","government_office","doctor","consultant","food_store","store","medical_clinic","health","food","point_of_interest","service","establishment"],"fuente":"places_api","fetched_at":"2026-09-24T22:41:22Z"}},{"type":"Feature","geometry":{"type":"Point","coordinates":[-100.31892669999999,25.6817963]},"properties":{"name":"Farmacias Benavides","kind":"farmacia","place_id":"ChIJAQBQ346VYoYRQhSZTzKDsOI","address":"Av. Pino Suárez 640, Centro, 64000 Monterrey, N.L.","types":["pharmacy","cosmetics_store","supermarket","medical_clinic","consultant","government_office","grocery_store","food_store","doctor","health","store","service","food","point_of_interest","establishment"],"fuente":"places_api","fetched_at":"2026-09-24T22:41:22Z"}},{"type":"Feature","geometry":{"type":"Point","coordinates":[-100.330896,25.7928942]},"properties":{"name":"Farmacias Benavides","kind":"farmacia","place_id":"ChIJBa3_SsCTYoYRiQj654VgVUY","address":"Av. Raúl Salinas Lozano 591, Fraccionamiento Cortijo los Ayala, Sin Nombre de Col 10, 66072 Cdad. Gral. Escobedo, N.L.","types":["pharmacy","cosmetics_store","supermarket","government_office","medical_clinic","grocery_store","food_store","consultant","store","doctor","health","service","food","point_of_interest","establishment"],"fuente":"places_api","fetched_at":"2026-09-24T22:41:22Z"}},{"type":"Feature","geometry":{"type":"Point","coordinates":[-100.3765667,25.659425]},"properties":{"name":"Farmacias Benavides","kind":"farmacia","place_id":"ChIJBy-78o29YoYRgClTGCua2UY","address":"Calz. del Valle 279, Del Valle, 66220 Monterrey, N.L.","types":["pharmacy","cosmetics_store","supermarket","grocery_store","government_office","doctor","consultant","food_store","store","medical_clinic","health","food","point_of_interest","service","establishment"],"fuente":"places_api","fetched_at":"2026-09-24T22:41:22Z"}},{"type":"Feature","geometry":{"type":"Point","coordinates":[-100.4519813,25.6607962]},"properties":{"name":"Farmacias Benavides","kind":"farmacia","place_id":"ChIJC440ufujYoYRwm088RyW1iw","address":"Acueducto 901-Locales 1 2 y 3, Bosques de la Huasteca, 66354 Catarina, N.L.","types":["pharmacy","cosmetics_store","supermarket","grocery_store","government_office","doctor","consultant","food_store","store","medical_clinic","health","food","point_of_interest","service","establishment"],"fuente":"places_api","fetched_at":"2026-09-24T22:41:22Z"}},{"type":"Feature","geometry":{"type":"Point","coordinates":[-100.293703,25.652957999999998]},"properties":{"name":"Farmacias Benavides","kind":"farmacia","place_id":"ChIJC7X1DMi_YoYRUAVQ0sdUZfA","address":"Av. Eugenio Garza Sada 2410, Roma, Distrito Tec, 64700 Monterrey, N.L.","types":["pharmacy","cosmetics_store","supermarket","grocery_store","government_office","doctor","consultant","food_store","store","medical_clinic","health","food","point_of_interest","service","establishment"],"fuente":"places_api","fetched_at":"2026-09-24T22:41:22Z"}},{"type":"Feature","geometry":{"type":"Point","coordinates":[-100.21190829999999,25.69475]},"properties":{"name":"Farmacias Benavides","kind":"farmacia","place_id":"ChIJC9NkL2PqYoYREEZtPThaRHA","address":"Av. Adolfo López Mateos entre Tabachin y Miguel, de la Madrid, 67118 Guadalupe, N.L.","types":["pharmacy","supermarket","cosmetics_store","grocery_store","food_store","medical_clinic","consultant","doctor","health","food","government_office","point_of_interest","service","store","establishment"],"fuente":"places_api","fetched_at":"2026-09-24T22:41:22Z"}},{"type":"Feature","geometry":{"type":"Point","coordinates":[-100.1890334,25.656955399999998]},"properties":{"name":"Farmacias Benavides","kind":"farmacia","place_id":"ChIJCY-HUJTBYoYRnAz5V3lPQZs","address":"Av. Pablo Livas 7500, Sin Nombre de Col 5, 67190 Guadalupe, N.L.","types":["pharmacy","cosmetics_store","supermarket","grocery_store","government_office","doctor","consultant","food_store","store","medical_clinic","health","food","point_of_interest","service","establishment"],"fuente":"places_api","fetched_at":"2026-09-24T22:41:22Z"}},{"type":"Feature","geometry":{"type":"Point","coordinates":[-100.3853111,25.7428056]},"properties":{"name":"Farmacias Benavides","kind":"farmacia","place_id":"ChIJCYJEGd2WYoYRbtMN6jm1Z1Q","address":"Av. Ruiz Cortines 6202, Cumbres Quinta Real, 64347 Monterrey, N.L.","types":["pharmacy","cosmetics_store","supermarket","medical_clinic","consultant","government_office","grocery_store","food_store","doctor","health","store","service","food","point_of_interest","establishment"],"fuente":"places_api","fetched_at":"2026-09-24T22:41:22Z"}},{"type":"Feature","geometry":{"type":"Point","coordinates":[-100.29918479999999,25.651498999999998]},"properties":{"name":"Farmacias Benavides","kind":"farmacia","place_id":"ChIJCZlgCra_YoYRrhkZwSjg8dQ","address":"Lago de Chapala Ote. 111, Roma, 64700 Monterrey, N.L.","types":["pharmacy","cosmetics_store","supermarket","government_office","medical_clinic","grocery_store","food_store","consultant","store","doctor","health","service","food","point_of_interest","establishment"],"fuente":"places_api","fetched_at":"2026-09-24T22:41:22Z"}},{"type":"Feature","geometry":{"type":"Point","coordinates":[-100.34481199999999,25.705026000000004]},"properties":{"name":"Farmacias Benavides","kind":"farmacia","place_id":"ChIJCyLt9u2VYoYRouQ1svp4TTA","address":"Av. Ruiz Cortines 9353, Mitras Nte., 64320 Monterrey, N.L.","types":["pharmacy","cosmetics_store","supermarket","grocery_store","food_store","consultant","store","doctor","health","service","food","point_of_interest","establishment"],"fuente":"places_api","fetched_at":"2026-09-24T22:41:22Z"}},{"type":"Feature","geometry":{"type":"Point","coordinates":[-100.3402663,25.7159814]},"properties":{"name":"Farmacias Benavides","kind":"farmacia","place_id":"ChIJD9sHQdKVYoYRGtsV4QXv2X0","address":"Av. Alfonso Reyes 2149, Bernardo Reyes, 64280 Monterrey, N.L.","types":["pharmacy","cosmetics_store","supermarket","grocery_store","government_office","doctor","consultant","food_store","store","medical_clinic","health","food","point_of_interest","service","establishment"],"fuente":"places_api","fetched_at":"2026-09-24T22:41:22Z"}},{"type":"Feature","geometry":{"type":"Point","coordinates":[-100.39816069999999,25.6609448]},"properties":{"name":"Farmacias Benavides","kind":"farmacia","place_id":"ChIJDYHLdzG-YoYRbiJtb_IcF5E","address":"Av. José Vasconcelos, Cruz con, Gral. Francisco Naranjo 609, Centro, 66230 San Pedro Garza García, N.L.","types":["pharmacy","cosmetics_store","supermarket","grocery_store","government_office","doctor","consultant","food_store","store","medical_clinic","health","food","point_of_interest","service","establishment"],"fuente":"places_api","fetched_at":"2026-09-24T22:41:22Z"}},{"type":"Feature","geometry":{"type":"Point","coordinates":[-100.46044169999999,25.6652833]},"properties":{"name":"Farmacias Benavides","kind":"farmacia","place_id":"ChIJDysdmgqYYoYRY8J2rHzMnsU","address":"Av. los Garza 117A, Infonavit la Huasteca, 66354 Cdad. Santa Catarina, N.L.","types":["pharmacy","supermarket","cosmetics_store","grocery_store","food_store","medical_clinic","consultant","doctor","health","food","government_office","point_of_interest","service","store","establishment"],"fuente":"places_api","fetched_at":"2026-09-24T22:41:22Z"}},{"type":"Feature","geometry":{"type":"Point","coordinates":[-100.31788,25.676722899999998]},"properties":{"name":"Farmacias Benavides","kind":"farmacia","place_id":"ChIJE5w9RIiVYoYRuxe8EZpvfKw","address":"Silvestre, C. Aramberri 415, Centro, 64000 Monterrey, N.L.","types":["pharmacy","cosmetics_store","supermarket","grocery_store","government_office","doctor","consultant","food_store","store","medical_clinic","health","food","point_of_interest","service","establishment"],"fuente":"places_api","fetched_at":"2026-09-24T22:41:22Z"}},{"type":"Feature","geometry":{"type":"Point","coordinates":[-100.09484409999999,25.6449404]},"properties":{"name":"Farmacias Benavides","kind":"farmacia","place_id":"ChIJE9EkgNjCYoYRl9xYmyYlGn8","address":"FARMACIA BENAVIDES, Av. Lic. Arturo B. de La Garza 201-C, Centro de Benito Juárez, 67250 Cdad. Benito Juárez, N.L.","types":["pharmacy","cosmetics_store","supermarket","grocery_store","government_office","doctor","consultant","food_store","store","medical_clinic","health","food","point_of_interest","service","establishment"],"fuente":"places_api","fetched_at":"2026-09-24T22:41:22Z"}},{"type":"Feature","geometry":{"type":"Point","coordinates":[-100.3164944,25.771913899999998]},"properties":{"name":"Farmacias Benavides","kind":"farmacia","place_id":"ChIJEbEPk8GTYoYRuvcU5hV-_mk","address":"Av. Raúl Salinas Lozano 621, California Residencial, 66050 Cdad. Gral. Escobedo, N.L.","types":["pharmacy","cosmetics_store","supermarket","government_office","medical_clinic","grocery_store","food_store","consultant","store","doctor","health","service","food","point_of_interest","establishment"],"fuente":"places_api","fetched_at":"2026-09-24T22:41:22Z"}},{"type":"Feature","geometry":{"type":"Point","coordinates":[-100.3691454,25.6616866]},"properties":{"name":"Farmacias Benavides","kind":"farmacia","place_id":"ChIJGU8hV_K9YoYRRb0HCXGRppE","address":"Calz. Mauricio Fernández Garza 203, Del Valle, 66259 San Pedro Garza García, N.L.","types":["pharmacy","cosmetics_store","supermarket","grocery_store","government_office","doctor","consultant","food_store","store","medical_clinic","health","food","point_of_interest","service","establishment"],"fuente":"places_api","fetched_at":"2026-09-24T22:41:22Z"}},{"type":"Feature","geometry":{"type":"Point","coordinates":[-100.354931,25.681690999999997]},"properties":{"name":"Farmacias Benavides","kind":"farmacia","place_id":"ChIJGcz-1wWWYoYRF3hwUIsZl74","address":"Av Insurgentes 2500, Sin Nombre de Col 31, 64810 Monterrey, N.L.","types":["pharmacy","cosmetics_store","supermarket","grocery_store","government_office","doctor","consultant","food_store","store","medical_clinic","health","food","point_of_interest","service","establishment"],"fuente":"places_api","fetched_at":"2026-09-24T22:41:22Z"}},{"type":"Feature","geometry":{"type":"Point","coordinates":[-100.1900647,25.649237199999998]},"properties":{"name":"Farmacias Benavides","kind":"farmacia","place_id":"ChIJH23JdirBYoYRIgw5nR5BUBQ","address":"Av Eloy Cavazos 7800, Rancho Viejo, 67190 Guadalupe, N.L.","types":["pharmacy","cosmetics_store","supermarket","grocery_store","government_office","doctor","consultant","food_store","store","medical_clinic","health","food","point_of_interest","service","establishment"],"fuente":"places_api","fetched_at":"2026-09-24T22:41:22Z"}},{"type":"Feature","geometry":{"type":"Point","coordinates":[-100.439568,25.658451]},"properties":{"name":"Farmacias Benavides","kind":"farmacia","place_id":"ChIJJ29qqEu9YoYRGmELaGdPCmo","address":"Eje Exterior 57, Sin Nombre de Col 28, Sin Nombre de Col 25, 66196 Cdad. Santa Catarina, N.L.","types":["pharmacy","cosmetics_store","supermarket","government_office","medical_clinic","grocery_store","food_store","consultant","store","doctor","health","service","food","point_of_interest","establishment"],"fuente":"places_api","fetched_at":"2026-09-24T22:41:22Z"}},{"type":"Feature","geometry":{"type":"Point","coordinates":[-100.31464439999999,25.67345]},"properties":{"name":"Farmacias Benavides","kind":"farmacia","place_id":"ChIJJ4IxQCi-YoYR1g4cb6rmZsw","address":"5 de Mayo SN, C BENAVIDES, 64000 Monterrey, N.L.","types":["pharmacy","cosmetics_store","supermarket","medical_clinic","consultant","government_office","grocery_store","food_store","doctor","health","store","service","food","point_of_interest","establishment"],"fuente":"places_api","fetched_at":"2026-09-24T22:41:22Z"}},{"type":"Feature","geometry":{"type":"Point","coordinates":[-100.35817499999999,25.6747278]},"properties":{"name":"Farmacias Benavides","kind":"farmacia","place_id":"ChIJJ6oVVQKWYoYRNjwuprBIzT8","address":"C. Jardin de San Jeronimo 100, San Jerónimo, 64640 Monterrey, N.L.","types":["pharmacy","cosmetics_store","supermarket","medical_clinic","consultant","government_office","grocery_store","food_store","doctor","health","store","service","food","point_of_interest","establishment"],"fuente":"places_api","fetched_at":"2026-09-24T22:41:22Z"}},{"type":"Feature","geometry":{"type":"Point","coordinates":[-100.3119184,25.6836082]},"properties":{"name":"Farmacias Benavides","kind":"farmacia","place_id":"ChIJK5cGXoSVYoYRut2XxmEady4","address":"Av. Francisco I. Madero 226-Ote, Centro, 64000 Monterrey, N.L.","types":["pharmacy","cosmetics_store","supermarket","medical_clinic","consultant","government_office","grocery_store","food_store","doctor","health","store","service","food","point_of_interest","establishment"],"fuente":"places_api","fetched_at":"2026-09-24T22:41:22Z"}},{"type":"Feature","geometry":{"type":"Point","coordinates":[-100.3542341,25.7392494]},"properties":{"name":"Farmacias Benavides","kind":"farmacia","place_id":"ChIJK5dF256WYoYRISeVv4EHXQQ","address":"Palenque 410, Unidad Modelo, 64140 Monterrey, N.L.","types":["pharmacy","cosmetics_store","supermarket","medical_clinic","consultant","government_office","grocery_store","food_store","doctor","health","store","service","food","point_of_interest","establishment"],"fuente":"places_api","fetched_at":"2026-09-24T22:41:22Z"}},{"type":"Feature","geometry":{"type":"Point","coordinates":[-100.34404169999999,25.6531944]},"properties":{"name":"Farmacias Benavides","kind":"farmacia","place_id":"ChIJKSu6dwy-YoYR94f0oMMFw5E","address":"Montes Apalaches 203, Residencial San Agustín 2o Sector, 66260 San Pedro Garza García, N.L.","types":["pharmacy","cosmetics_store","supermarket","grocery_store","government_office","doctor","consultant","food_store","store","medical_clinic","health","food","point_of_interest","service","establishment"],"fuente":"places_api","fetched_at":"2026-09-24T22:41:22Z"}},{"type":"Feature","geometry":{"type":"Point","coordinates":[-100.2997443,25.630005399999998]},"properties":{"name":"Farmacias Benavides","kind":"farmacia","place_id":"ChIJKTB11Ae_YoYRRnaCtvJM1VI","address":"Av Lázaro Cárdenas 2794, Empleados Sfeo, Sin Nombre de Col 39, 64920 Monterrey, N.L.","types":["pharmacy","cosmetics_store","supermarket","grocery_store","government_office","doctor","consultant","food_store","store","medical_clinic","health","food","point_of_interest","service","establishment"],"fuente":"places_api","fetched_at":"2026-09-24T22:41:22Z"}},{"type":"Feature","geometry":{"type":"Point","coordinates":[-100.5385123,25.805060500000003]},"properties":{"name":"Farmacias Benavides","kind":"farmacia","place_id":"ChIJKyikNAqdYoYRbsJU1nYQVV0","address":"Portal de Lincoln, 66013 García, N.L.","types":["pharmacy","cosmetics_store","supermarket","grocery_store","government_office","doctor","consultant","food_store","store","medical_clinic","health","food","point_of_interest","service","establishment"],"fuente":"places_api","fetched_at":"2026-09-24T22:41:22Z"}},{"type":"Feature","geometry":{"type":"Point","coordinates":[-100.367311,25.703066]},"properties":{"name":"Farmacias Benavides","kind":"farmacia","place_id":"ChIJKzY9X2WWYoYRaOkRqzCOq9A","address":"Av Paseo de los Leones, Cumbres 1º. Sector Secc a, 64618 Monterrey, N.L.","types":["pharmacy","cosmetics_store","supermarket","medical_clinic","consultant","government_office","grocery_store","food_store","doctor","health","store","service","food","point_of_interest","establishment"],"fuente":"places_api","fetched_at":"2026-09-24T22:41:22Z"}},{"type":"Feature","geometry":{"type":"Point","coordinates":[-100.1786204,25.791603]},"properties":{"name":"Farmacias Benavides","kind":"farmacia","place_id":"ChIJL5f5cgDtYoYRfQbt6svjWTk","address":"C. Antiguo Camino a Agua Fria, 66605 Cdad. Apodaca, N.L.","types":["pharmacy","store","health","point_of_interest","establishment"],"fuente":"places_api","fetched_at":"2026-09-24T22:41:22Z"}},{"type":"Feature","geometry":{"type":"Point","coordinates":[-100.31163099999999,25.782422999999998]},"properties":{"name":"Farmacias Benavides","kind":"farmacia","place_id":"ChIJLSSJ9pyTYoYRFzMfEUjuzIw","address":"Musa de León, José Chávez García 1705, INFONAVIT Topo Grande, 66057 Cdad. Gral. Escobedo, N.L.","types":["pharmacy","cosmetics_store","supermarket","grocery_store","government_office","doctor","consultant","food_store","store","medical_clinic","health","food","point_of_interest","service","establishment"],"fuente":"places_api","fetched_at":"2026-09-24T22:41:22Z"}},{"type":"Feature","geometry":{"type":"Point","coordinates":[-100.27547369999999,25.587110499999998]},"properties":{"name":"Farmacias Benavides","kind":"farmacia","place_id":"ChIJMxyg0yO_YoYRn1Q9680mfQQ","address":"Cam. al Diente 100, Lagos del Vergel, Sin Nombre de Col 64, 64989 Monterrey, N.L.","types":["pharmacy","store","health","service","point_of_interest","establishment"],"fuente":"places_api","fetched_at":"2026-09-24T22:41:22Z"}},{"type":"Feature","geometry":{"type":"Point","coordinates":[-100.1876386,25.739239899999998]},"properties":{"name":"Farmacias Benavides","kind":"farmacia","place_id":"ChIJNRgK2MjrYoYRoalTmI_BrNw","address":"I. M. Altamirano 101, Alamos ÌII, 66633 Cdad. Apodaca, N.L.","types":["pharmacy","supermarket","cosmetics_store","grocery_store","food_store","medical_clinic","consultant","doctor","health","food","government_office","point_of_interest","service","store","establishment"],"fuente":"places_api","fetched_at":"2026-09-24T22:41:22Z"}},{"type":"Feature","geometry":{"type":"Point","coordinates":[-100.285567,25.740714999999998]},"properties":{"name":"Farmacias Benavides","kind":"farmacia","place_id":"ChIJNerGcOmUYoYRXw3NlTJSdtE","address":"República Mexicana 112, Paseo de las Puentes, 66465 San Nicolás de los Garza, N.L.","types":["pharmacy","cosmetics_store","supermarket","government_office","medical_clinic","grocery_store","food_store","consultant","store","doctor","health","service","food","point_of_interest","establishment"],"fuente":"places_api","fetched_at":"2026-09-24T22:41:22Z"}},{"type":"Feature","geometry":{"type":"Point","coordinates":[-100.3383099,25.638235299999998]},"properties":{"name":"Farmacias Benavides","kind":"farmacia","place_id":"ChIJO0wEVWW-YoYROqC34J1Vh6Y","address":"Los Encinos 890, Zona San Agustín Campestre, 66270 San Pedro Garza García, N.L.","types":["pharmacy","cosmetics_store","supermarket","government_office","medical_clinic","grocery_store","food_store","consultant","store","doctor","health","service","food","point_of_interest","establishment"],"fuente":"places_api","fetched_at":"2026-09-24T22:41:22Z"}},{"type":"Feature","geometry":{"type":"Point","coordinates":[-100.1738396,25.733516899999998]},"properties":{"name":"Farmacias Benavides","kind":"farmacia","place_id":"ChIJOxR-0yrqYoYRn3jvBEoLnf8","address":"Av. del Teléfono 1020, Lomas de Huinala, 66640 Cdad. Apodaca, N.L.","types":["pharmacy","supermarket","cosmetics_store","grocery_store","food_store","medical_clinic","consultant","doctor","health","food","government_office","point_of_interest","service","store","establishment"],"fuente":"places_api","fetched_at":"2026-09-24T22:41:22Z"}},{"type":"Feature","geometry":{"type":"Point","coordinates":[-100.3114861,25.7979167]},"properties":{"name":"Farmacias Benavides","kind":"farmacia","place_id":"ChIJP2x09qOTYoYRvMKI3Dg2w2c","address":"Las Encinas, 66050 Cdad. Gral. Escobedo, N.L.","types":["pharmacy","cosmetics_store","supermarket","grocery_store","government_office","doctor","consultant","food_store","store","medical_clinic","health","food","point_of_interest","service","establishment"],"fuente":"places_api","fetched_at":"2026-09-24T22:41:22Z"}},{"type":"Feature","geometry":{"type":"Point","coordinates":[-100.31649639999999,25.802955599999997]},"properties":{"name":"Farmacias Benavides","kind":"farmacia","place_id":"ChIJP_3nOxyTYoYRTOH6i1O_qR8","address":"Fidel Velázquez, Sin Nombre de Col 12, 66050 Cdad. Gral. Escobedo, N.L.","types":["pharmacy","cosmetics_store","supermarket","government_office","medical_clinic","grocery_store","food_store","consultant","store","doctor","health","service","food","point_of_interest","establishment"],"fuente":"places_api","fetched_at":"2026-09-24T22:41:22Z"}},{"type":"Feature","geometry":{"type":"Point","coordinates":[-100.2953667,25.690705599999998]},"properties":{"name":"Farmacias Benavides","kind":"farmacia","place_id":"ChIJPetpSXCVYoYREOwheHQnE-g","address":"Eje Metropolitano 27, Privada Pinos, 64550 Monterrey, N.L.","types":["pharmacy","cosmetics_store","supermarket","government_office","medical_clinic","grocery_store","food_store","consultant","store","doctor","health","service","food","point_of_interest","establishment"],"fuente":"places_api","fetched_at":"2026-09-24T22:41:22Z"}},{"type":"Feature","geometry":{"type":"Point","coordinates":[-100.26826109999999,25.6066917]},"properties":{"name":"Farmacias Benavides","kind":"farmacia","place_id":"ChIJPwl6b12_YoYRwJSadbl1L8I","address":"Av Eugenio Garza Sada 6201, Cortijo del Río, 64890 Monterrey, N.L.","types":["pharmacy","cosmetics_store","supermarket","government_office","medical_clinic","grocery_store","food_store","consultant","store","doctor","health","service","food","point_of_interest","establishment"],"fuente":"places_api","fetched_at":"2026-09-24T22:41:22Z"}},{"type":"Feature","geometry":{"type":"Point","coordinates":[-100.37735409999999,25.7552985]},"properties":{"name":"Farmacias Benavides","kind":"farmacia","place_id":"ChIJQVr02ciWYoYRhsQIV68SaY8","address":"Av. las Rocas 8854, San Bernabé, 64100 Monterrey, N.L.","types":["pharmacy","cosmetics_store","supermarket","grocery_store","government_office","doctor","consultant","food_store","store","medical_clinic","health","food","point_of_interest","service","establishment"],"fuente":"places_api","fetched_at":"2026-09-24T22:41:22Z"}},{"type":"Feature","geometry":{"type":"Point","coordinates":[-100.257178,25.814424]},"properties":{"name":"Farmacias Benavides","kind":"farmacia","place_id":"ChIJRRSHiNTsYoYR29DRaVTZb1w","address":"Eugenio A. Benavides 504, Sin Nombre de Col 1, 66613 Cdad. Apodaca, N.L.","types":["pharmacy","cosmetics_store","supermarket","government_office","medical_clinic","grocery_store","food_store","consultant","store","doctor","health","service","food","point_of_interest","establishment"],"fuente":"places_api","fetched_at":"2026-09-24T22:41:22Z"}},{"type":"Feature","geometry":{"type":"Point","coordinates":[-100.2511765,25.7538703]},"properties":{"name":"Farmacias Benavides","kind":"farmacia","place_id":"ChIJRdhJBEnrYoYR3z7XZvt1A2Y","address":"Av. Diego Díaz de Berlanga 1620, Santo Domingo, 66440 San Nicolás de los Garza, N.L.","types":["pharmacy","cosmetics_store","supermarket","grocery_store","government_office","doctor","consultant","food_store","store","medical_clinic","health","food","point_of_interest","service","establishment"],"fuente":"places_api","fetched_at":"2026-09-24T22:41:22Z"}},{"type":"Feature","geometry":{"type":"Point","coordinates":[-100.11006379999999,25.6910402]},"properties":{"name":"Farmacias Benavides","kind":"farmacia","place_id":"ChIJS3hvHhjpYoYRODxvHm9gNU8","address":"Bahía Central Manzana 600 Lote 01, 67258 Cuidad Juarez, N.L.","types":["pharmacy","cosmetics_store","supermarket","grocery_store","government_office","doctor","consultant","food_store","store","medical_clinic","health","food","point_of_interest","service","establishment"],"fuente":"places_api","fetched_at":"2026-09-24T22:41:22Z"}},{"type":"Feature","geometry":{"type":"Point","coordinates":[-100.4330306,25.772644399999997]},"properties":{"name":"Farmacias Benavides","kind":"farmacia","place_id":"ChIJS9Ed76WQYoYRcDD3OyskSe0","address":"Prolongacion Ruiz Cortinez 1730, Villas del Poniente, Las Lomas Sector Jardines, 66024 Monterrey, N.L.","types":["pharmacy","cosmetics_store","supermarket","government_office","medical_clinic","grocery_store","food_store","consultant","store","doctor","health","service","food","point_of_interest","establishment"],"fuente":"places_api","fetched_at":"2026-09-24T22:41:22Z"}},{"type":"Feature","geometry":{"type":"Point","coordinates":[-100.3714778,25.7746611]},"properties":{"name":"Farmacias Benavides","kind":"farmacia","place_id":"ChIJS9PqPEiRYoYR9UNvtWjKueE","address":"Enrique Rangel Meléndez 1201, Croc, 64200 Monterrey, N.L.","types":["pharmacy","cosmetics_store","supermarket","government_office","medical_clinic","grocery_store","food_store","consultant","store","doctor","health","service","food","point_of_interest","establishment"],"fuente":"places_api","fetched_at":"2026-09-24T22:41:22Z"}},{"type":"Feature","geometry":{"type":"Point","coordinates":[-100.323083,25.766173]},"properties":{"name":"Farmacias Benavides","kind":"farmacia","place_id":"ChIJSz1Px3WUYoYR9xGT0Zj2wf0","address":"San Adrian 231, Balcones de Anáhuac, 66056 Cdad. Gral. Escobedo, N.L.","types":["pharmacy","cosmetics_store","supermarket","government_office","medical_clinic","grocery_store","food_store","consultant","store","doctor","health","service","food","point_of_interest","establishment"],"fuente":"places_api","fetched_at":"2026-09-24T22:41:22Z"}},{"type":"Feature","geometry":{"type":"Point","coordinates":[-100.1741885,25.667221599999998]},"properties":{"name":"Farmacias Benavides","kind":"farmacia","place_id":"ChIJT-mNcgDBYoYRCwp21hV2ySA","address":"Benito Juárez 8791, Sin Nombre de Col 9, 67204 Guadalupe, N.L.","types":["pharmacy","store","health","point_of_interest","establishment"],"fuente":"places_api","fetched_at":"2026-09-24T22:41:22Z"}},{"type":"Feature","geometry":{"type":"Point","coordinates":[-100.3458611,25.730366699999998]},"properties":{"name":"Farmacias Benavides","kind":"farmacia","place_id":"ChIJT6goRCyUYoYRXvJh9ZTmLmU","address":"Av. Solidaridad 6200, Valle del Topo Chico, 64250 Monterrey, N.L.","types":["pharmacy","cosmetics_store","supermarket","government_office","medical_clinic","grocery_store","food_store","consultant","store","doctor","health","service","food","point_of_interest","establishment"],"fuente":"places_api","fetched_at":"2026-09-24T22:41:22Z"}},{"type":"Feature","geometry":{"type":"Point","coordinates":[-100.1329656,25.8511466]},"properties":{"name":"Farmacias Benavides","kind":"farmacia","place_id":"ChIJT_hSEdHvYoYRQs24x-5qsjU","address":"Nápoles 201i, 65776 Valle de Santa Elena, N.L.","types":["pharmacy","cosmetics_store","supermarket","grocery_store","government_office","doctor","consultant","food_store","store","medical_clinic","health","food","point_of_interest","service","establishment"],"fuente":"places_api","fetched_at":"2026-09-24T22:41:22Z"}},{"type":"Feature","geometry":{"type":"Point","coordinates":[-100.36473889999999,25.6870583]},"properties":{"name":"Farmacias Benavides","kind":"farmacia","place_id":"ChIJU2xPERGWYoYRaI-23wHZJOk","address":"Manuel M. Ponce, Colinas de San Jerónimo 1o. Sector, 64630 Monterrey, N.L.","types":["pharmacy","cosmetics_store","supermarket","medical_clinic","consultant","government_office","grocery_store","food_store","doctor","health","store","service","food","point_of_interest","establishment"],"fuente":"places_api","fetched_at":"2026-09-24T22:41:22Z"}},{"type":"Feature","geometry":{"type":"Point","coordinates":[-100.20511390000001,25.675205599999998]},"properties":{"name":"Farmacias Benavides","kind":"farmacia","place_id":"ChIJUYPok9DBYoYRooA8aHAi8AE","address":"Av. San Sebastián, Nuevo San Sebastián, 67180 Guadalupe, N.L.","types":["pharmacy","supermarket","cosmetics_store","grocery_store","food_store","medical_clinic","consultant","doctor","health","food","government_office","point_of_interest","service","store","establishment"],"fuente":"places_api","fetched_at":"2026-09-24T22:41:22Z"}},{"type":"Feature","geometry":{"type":"Point","coordinates":[-100.3306647,25.6494257]},"properties":{"name":"Farmacias Benavides","kind":"farmacia","place_id":"ChIJUbtsPGu-YoYRiT0WjOMiYZc","address":"Av Lázaro Cárdenas 2510-Local 1, 66260 San Pedro Garza García, N.L.","types":["pharmacy","cosmetics_store","supermarket","grocery_store","government_office","doctor","consultant","food_store","store","medical_clinic","health","food","point_of_interest","service","establishment"],"fuente":"places_api","fetched_at":"2026-09-24T22:41:22Z"}},{"type":"Feature","geometry":{"type":"Point","coordinates":[-100.2403556,25.7333648]},"properties":{"name":"Farmacias Benavides","kind":"farmacia","place_id":"ChIJVVXy0iPrYoYRSh0KRFt99K8","address":"Av. Casa Blanca 272, Casa Blanca, 66475 San Nicolás de los Garza, N.L.","types":["pharmacy","supermarket","cosmetics_store","grocery_store","food_store","medical_clinic","consultant","doctor","health","food","government_office","point_of_interest","service","store","establishment"],"fuente":"places_api","fetched_at":"2026-09-24T22:41:22Z"}},{"type":"Feature","geometry":{"type":"Point","coordinates":[-100.24173379999999,25.774481299999998]},"properties":{"name":"Farmacias Benavides","kind":"farmacia","place_id":"ChIJVaB8UADtYoYR6JJkifBQtNU","address":"Los Pinos 221-A, la morada, Sin Nombre de Col 10, 66636 Cdad. Apodaca, N.L.","types":["pharmacy","store","health","point_of_interest","establishment"],"fuente":"places_api","fetched_at":"2026-09-24T22:41:22Z"}},{"type":"Feature","geometry":{"type":"Point","coordinates":[-100.25738679999999,25.582613799999997]},"properties":{"name":"Farmacias Benavides","kind":"farmacia","place_id":"ChIJVcNcq1XHYoYRcAMzPSIHy4c","address":"Av Valle Alto 1081A, Lomas de Valle Alto, 64989 Monterrey, N.L.","types":["pharmacy","cosmetics_store","supermarket","government_office","medical_clinic","grocery_store","food_store","consultant","store","doctor","health","service","food","point_of_interest","establishment"],"fuente":"places_api","fetched_at":"2026-09-24T22:41:22Z"}},{"type":"Feature","geometry":{"type":"Point","coordinates":[-100.2188601,25.7202678]},"properties":{"name":"Farmacias Benavides","kind":"farmacia","place_id":"ChIJW2q9c_nqYoYRO6TjfvWh48E","address":"Av. Miguel Alemán 200, Sin Nombre de Col 34, 66473 San Nicolás de los Garza, N.L.","types":["pharmacy","cosmetics_store","supermarket","grocery_store","government_office","doctor","consultant","food_store","store","medical_clinic","health","food","point_of_interest","service","establishment"],"fuente":"places_api","fetched_at":"2026-09-24T22:41:22Z"}},{"type":"Feature","geometry":{"type":"Point","coordinates":[-100.2709167,25.7342306]},"properties":{"name":"Farmacias Benavides","kind":"farmacia","place_id":"ChIJW78Oh8uUYoYRZstBeMHP8BA","address":"Av. Diego Díaz de Berlanga 949, Jardines de Anáhuac, 66463 San Nicolás de los Garza, N.L.","types":["pharmacy","cosmetics_store","supermarket","government_office","medical_clinic","grocery_store","food_store","consultant","store","doctor","health","service","food","point_of_interest","establishment"],"fuente":"places_api","fetched_at":"2026-09-24T22:41:22Z"}},{"type":"Feature","geometry":{"type":"Point","coordinates":[-100.3152865,25.6686838]},"properties":{"name":"Farmacias Benavides","kind":"farmacia","place_id":"ChIJW_1uTi--YoYR4qAUB8V4raE","address":"Av. Benito Juárez 761, Centro, 64000 Monterrey, N.L.","types":["pharmacy","cosmetics_store","supermarket","medical_clinic","consultant","government_office","grocery_store","food_store","doctor","health","store","service","food","point_of_interest","establishment"],"fuente":"places_api","fetched_at":"2026-09-24T22:41:22Z"}},{"type":"Feature","geometry":{"type":"Point","coordinates":[-100.56453150000002,25.8035118]},"properties":{"name":"Farmacias Benavides","kind":"farmacia","place_id":"ChIJWbZyKp6dYoYRjLHMVgPSbjc","address":"San Blas 220-A, Valle de San Blas, 66025 Monterrey, N.L.","types":["pharmacy","cosmetics_store","supermarket","grocery_store","government_office","doctor","consultant","food_store","store","medical_clinic","health","food","point_of_interest","service","establishment"],"fuente":"places_api","fetched_at":"2026-09-24T22:41:22Z"}},{"type":"Feature","geometry":{"type":"Point","coordinates":[-100.23272779999999,25.66065]},"properties":{"name":"Farmacias Benavides","kind":"farmacia","place_id":"ChIJWdPO2z7AYoYR-R24C7HR3jk","address":"Av Eloy Cavazos 2837, Quince de Mayo, 67170 Guadalupe, N.L.","types":["pharmacy","cosmetics_store","supermarket","grocery_store","government_office","doctor","consultant","food_store","store","medical_clinic","health","food","point_of_interest","service","establishment"],"fuente":"places_api","fetched_at":"2026-09-24T22:41:22Z"}},{"type":"Feature","geometry":{"type":"Point","coordinates":[-100.3989583,25.7324536]},"properties":{"name":"Farmacias Benavides","kind":"farmacia","place_id":"ChIJX4xJIxyXYoYRWj2thdoc4yU","address":"Av Paseo de los Leones 3417-local 103, Cumbres Las Palmas Residencial, 64340 Monterrey, N.L.","types":["pharmacy","cosmetics_store","supermarket","medical_clinic","consultant","government_office","grocery_store","food_store","doctor","health","store","service","food","point_of_interest","establishment"],"fuente":"places_api","fetched_at":"2026-09-24T22:41:22Z"}},{"type":"Feature","geometry":{"type":"Point","coordinates":[-100.3446257,25.6911976]},"properties":{"name":"Farmacias Benavides","kind":"farmacia","place_id":"ChIJXTB2T-GVYoYRH82eMAaR5qo","address":"Av. Prof. Moisés Sáenz 423, Mitras Centro, 64460 Monterrey, N.L.","types":["pharmacy","cosmetics_store","supermarket","grocery_store","government_office","doctor","consultant","food_store","store","medical_clinic","health","food","point_of_interest","service","establishment"],"fuente":"places_api","fetched_at":"2026-09-24T22:41:22Z"}},{"type":"Feature","geometry":{"type":"Point","coordinates":[-100.35484849999999,25.7071664]},"properties":{"name":"Farmacias Benavides","kind":"farmacia","place_id":"ChIJXUVzVneWYoYRmlaQKnvDBK0","address":"Av. Ruiz Cortines 701, Sin Nombre de Col 18, 64460 Monterrey, N.L.","types":["pharmacy","cosmetics_store","supermarket","medical_clinic","consultant","government_office","grocery_store","food_store","doctor","health","store","service","food","point_of_interest","establishment"],"fuente":"places_api","fetched_at":"2026-09-24T22:41:22Z"}},{"type":"Feature","geometry":{"type":"Point","coordinates":[-100.27749899999999,25.768957999999998]},"properties":{"name":"Farmacias Benavides","kind":"farmacia","place_id":"ChIJXzgrhJ-UYoYRcs4b3kX2qRs","address":"QP9F+G2, Av. Sendero Divisorio 200, El Centenario, 66418 San Nicolás de los Garza, N.L.","types":["pharmacy","cosmetics_store","supermarket","government_office","medical_clinic","grocery_store","food_store","consultant","store","doctor","health","service","food","point_of_interest","establishment"],"fuente":"places_api","fetched_at":"2026-09-24T22:41:22Z"}},{"type":"Feature","geometry":{"type":"Point","coordinates":[-100.4121959,25.742292199999998]},"properties":{"name":"Farmacias Benavides","kind":"farmacia","place_id":"ChIJYznjmT6XYoYR6XXyN8vcUw8","address":"Cda. Herreros 143, Cumbres Madeira, 64100 Monterrey, N.L.","types":["pharmacy","cosmetics_store","supermarket","government_office","medical_clinic","grocery_store","food_store","consultant","store","doctor","health","service","food","point_of_interest","establishment"],"fuente":"places_api","fetched_at":"2026-09-24T22:41:22Z"}},{"type":"Feature","geometry":{"type":"Point","coordinates":[-100.29004499999999,25.653978]},"properties":{"name":"Farmacias Benavides","kind":"farmacia","place_id":"ChIJZ3wEnFm_YoYR2MA4ZDdRxsQ","address":"Av. Junco de la Vega 2525, Cerro de la Silla, Distrito Tec, 64810 Monterrey, N.L.","types":["pharmacy","cosmetics_store","supermarket","government_office","medical_clinic","grocery_store","food_store","consultant","store","doctor","health","service","food","point_of_interest","establishment"],"fuente":"places_api","fetched_at":"2026-09-24T22:41:22Z"}},{"type":"Feature","geometry":{"type":"Point","coordinates":[-100.375383,25.724753]},"properties":{"name":"Farmacias Benavides","kind":"farmacia","place_id":"ChIJZUdxn_OWYoYRMipemlwUSf4","address":"Calle Av Las Palmas Supermanzana Y, Villa Dorada, 64366 Monterrey, N.L.","types":["pharmacy","cosmetics_store","supermarket","government_office","medical_clinic","grocery_store","food_store","consultant","store","doctor","health","service","food","point_of_interest","establishment"],"fuente":"places_api","fetched_at":"2026-09-24T22:41:22Z"}},{"type":"Feature","geometry":{"type":"Point","coordinates":[-100.22940000000001,25.689027799999998]},"properties":{"name":"Farmacias Benavides","kind":"farmacia","place_id":"ChIJZdxwd5zqYoYRFPCxY7-YZgY","address":"Av. Gral. Lázaro Cárdenas 300, Vicente Guerrero, 67160 Guadalupe, N.L.","types":["pharmacy","supermarket","cosmetics_store","grocery_store","food_store","medical_clinic","consultant","doctor","health","food","government_office","point_of_interest","service","store","establishment"],"fuente":"places_api","fetched_at":"2026-09-24T22:41:22Z"}},{"type":"Feature","geometry":{"type":"Point","coordinates":[-100.260286,25.659177999999997]},"properties":{"name":"Farmacias Benavides","kind":"farmacia","place_id":"ChIJ__-7iPW_YoYRbqU89DXIztQ","address":"P.º de las Américas 1702, Col Contry Sol 6to Sector, 67174 Guadalupe, N.L.","types":["pharmacy","cosmetics_store","supermarket","government_office","medical_clinic","grocery_store","food_store","consultant","store","doctor","health","service","food","point_of_interest","establishment"],"fuente":"places_api","fetched_at":"2026-09-24T22:41:22Z"}},{"type":"Feature","geometry":{"type":"Point","coordinates":[-100.1974569,25.6520139]},"properties":{"name":"Farmacias Benavides","kind":"farmacia","place_id":"ChIJ__-PbrzBYoYRBiOIHg_GUAs","address":"Av Eloy Cavazos 7027, Santa María Sector A, 67190 Guadalupe, N.L.","types":["pharmacy","cosmetics_store","supermarket","grocery_store","government_office","doctor","consultant","food_store","store","medical_clinic","health","food","point_of_interest","service","establishment"],"fuente":"places_api","fetched_at":"2026-09-24T22:41:22Z"}},{"type":"Feature","geometry":{"type":"Point","coordinates":[-100.2950882,25.657802600000004]},"properties":{"name":"Farmacias Benavides","kind":"farmacia","place_id":"ChIJ__-vuMi_YoYRu1IdUaLTATA","address":"Diagonal 224, Roma, Distrito Tec, 64400 Monterrey, N.L.","types":["pharmacy","cosmetics_store","supermarket","government_office","medical_clinic","grocery_store","food_store","consultant","store","doctor","health","service","food","point_of_interest","establishment"],"fuente":"places_api","fetched_at":"2026-09-24T22:41:22Z"}},{"type":"Feature","geometry":{"type":"Point","coordinates":[-100.3566029,25.657733699999998]},"properties":{"name":"Farmacias Benavides","kind":"farmacia","place_id":"ChIJ__9P8-S9YoYR-lB5ZAqddsc","address":"Río Amazonas 444-C, BENAVIDES, 66220 Monterrey, N.L.","types":["pharmacy","cosmetics_store","supermarket","government_office","medical_clinic","grocery_store","food_store","consultant","store","doctor","health","service","food","point_of_interest","establishment"],"fuente":"places_api","fetched_at":"2026-09-24T22:41:22Z"}},{"type":"Feature","geometry":{"type":"Point","coordinates":[-100.31003319999999,25.6990224]},"properties":{"name":"Farmacias Benavides","kind":"farmacia","place_id":"ChIJ_cyu-aGVYoYRlCYtA0t3fi0","address":"La Chimenea, Centrika, 64520 Monterrey, N.L.","types":["pharmacy","cosmetics_store","supermarket","medical_clinic","consultant","government_office","grocery_store","food_store","doctor","health","store","service","food","point_of_interest","establishment"],"fuente":"places_api","fetched_at":"2026-09-24T22:41:22Z"}},{"type":"Feature","geometry":{"type":"Point","coordinates":[-100.2950809,25.7359829]},"properties":{"name":"Farmacias Benavides","kind":"farmacia","place_id":"ChIJa6lpZPaUYoYRnsolUYi4XL0","address":"Parque de Los Olivos, Residencial Potrero de Anahuac, 66635 San Nicolás de los Garza, N.L.","types":["pharmacy","cosmetics_store","supermarket","medical_clinic","consultant","government_office","grocery_store","food_store","doctor","health","store","service","food","point_of_interest","establishment"],"fuente":"places_api","fetched_at":"2026-09-24T22:41:22Z"}},{"type":"Feature","geometry":{"type":"Point","coordinates":[-100.33074719999999,25.7830944]},"properties":{"name":"Farmacias Benavides","kind":"farmacia","place_id":"ChIJa8mufe2TYoYRDDLRVOd5i70","address":"Av. Carr. A Gral. Escobedo 1348, Hacienda del Topo, 66050 Cdad. Gral. Escobedo, N.L.","types":["pharmacy","cosmetics_store","supermarket","government_office","medical_clinic","grocery_store","food_store","consultant","store","doctor","health","service","food","point_of_interest","establishment"],"fuente":"places_api","fetched_at":"2026-09-24T22:41:22Z"}},{"type":"Feature","geometry":{"type":"Point","coordinates":[-100.14640519999999,25.687380299999997]},"properties":{"name":"Farmacias Benavides","kind":"farmacia","place_id":"ChIJa98UiN_pYoYRNK5qG8lIoMw","address":"Autopista Monterrey - Cadereyta, 67190 Guadalupe, N.L.","types":["pharmacy","supermarket","cosmetics_store","grocery_store","food_store","medical_clinic","consultant","doctor","health","food","government_office","point_of_interest","service","store","establishment"],"fuente":"places_api","fetched_at":"2026-09-24T22:41:22Z"}},{"type":"Feature","geometry":{"type":"Point","coordinates":[-100.2484494,25.7932101]},"properties":{"name":"Farmacias Benavides","kind":"farmacia","place_id":"ChIJaxgXNWntYoYR6RWet8JctKg","address":"C. E Sexta 341, entre AV. FUNDADORES Y ALONSO DE PALOS, Misión de Fundadores, 66612 Cdad. Apodaca, N.L.","types":["pharmacy","cosmetics_store","supermarket","grocery_store","government_office","doctor","consultant","food_store","store","medical_clinic","health","food","point_of_interest","service","establishment"],"fuente":"places_api","fetched_at":"2026-09-24T22:41:22Z"}},{"type":"Feature","geometry":{"type":"Point","coordinates":[-100.3950273,25.7391284]},"properties":{"name":"Farmacias Benavides","kind":"farmacia","place_id":"ChIJbRVh-R-XYoYRfWm-t7TDN-o","address":"Av Pedro Infante 5854, Sin Nombre de Col 7, 64348 Monterrey, N.L.","types":["pharmacy","cosmetics_store","supermarket","medical_clinic","consultant","government_office","grocery_store","food_store","doctor","health","store","service","food","point_of_interest","establishment"],"fuente":"places_api","fetched_at":"2026-09-24T22:41:22Z"}},{"type":"Feature","geometry":{"type":"Point","coordinates":[-100.2397452,25.566338]},"properties":{"name":"Farmacias Benavides","kind":"farmacia","place_id":"ChIJbYQe-EDHYoYRBphnLJx7JuM","address":"Sin Nombre de Col 50, 64986 Monterrey, N.L.","types":["pharmacy","cosmetics_store","supermarket","grocery_store","government_office","doctor","consultant","food_store","store","medical_clinic","health","food","point_of_interest","service","establishment"],"fuente":"places_api","fetched_at":"2026-09-24T22:41:22Z"}},{"type":"Feature","geometry":{"type":"Point","coordinates":[-100.2659151,25.780398899999998]},"properties":{"name":"Farmacias Benavides","kind":"farmacia","place_id":"ChIJbY_uI7STYoYRYvnmuiEfUX4","address":"Av las Palmas 200, Paseo de Las Palmas IV, 66635 Cdad. Apodaca, N.L.","types":["pharmacy","cosmetics_store","supermarket","government_office","medical_clinic","grocery_store","food_store","consultant","store","doctor","health","service","food","point_of_interest","establishment"],"fuente":"places_api","fetched_at":"2026-09-24T22:41:22Z"}},{"type":"Feature","geometry":{"type":"Point","coordinates":[-100.1969611,25.6744056]},"properties":{"name":"Farmacias Benavides","kind":"farmacia","place_id":"ChIJbyRr7hf914URyO_-CFusbo4","address":"Benito Juárez 102, Zertuche, 67190 Guadalupe, N.L.","types":["pharmacy","supermarket","cosmetics_store","grocery_store","food_store","medical_clinic","consultant","doctor","health","food","government_office","point_of_interest","service","store","establishment"],"fuente":"places_api","fetched_at":"2026-09-24T22:41:22Z"}},{"type":"Feature","geometry":{"type":"Point","coordinates":[-100.312018,25.66724]},"properties":{"name":"Farmacias Benavides","kind":"farmacia","place_id":"ChIJc6M3Q1m_YoYRowIKXBN4xmw","address":"Morelos Ote 499, Centro, 64000 Monterrey, N.L.","types":["pharmacy","cosmetics_store","supermarket","grocery_store","government_office","doctor","consultant","food_store","store","medical_clinic","health","food","point_of_interest","service","establishment"],"fuente":"places_api","fetched_at":"2026-09-24T22:41:22Z"}},{"type":"Feature","geometry":{"type":"Point","coordinates":[-100.186498,25.777537]},"properties":{"name":"Farmacias Benavides","kind":"farmacia","place_id":"ChIJdWMjA_brYoYRR4V6zmEnvLM","address":"Gral. Ignacio Zaragoza 510, Cabecera Municipal (Apodaca), Centro, 66600 Cdad. Apodaca, N.L.","types":["pharmacy","cosmetics_store","supermarket","grocery_store","government_office","doctor","consultant","food_store","store","medical_clinic","health","food","point_of_interest","service","establishment"],"fuente":"places_api","fetched_at":"2026-09-24T22:41:22Z"}},{"type":"Feature","geometry":{"type":"Point","coordinates":[-100.48579699999999,25.806043]},"properties":{"name":"Farmacias Benavides","kind":"farmacia","place_id":"ChIJe-1yDCKbYoYRTc0pseOAjfI","address":"Av. Cordillera L014-430, 66026 Valle de Lincoln, N.L.","types":["pharmacy","cosmetics_store","supermarket","grocery_store","government_office","doctor","consultant","food_store","store","medical_clinic","health","food","point_of_interest","service","establishment"],"fuente":"places_api","fetched_at":"2026-09-24T22:41:22Z"}},{"type":"Feature","geometry":{"type":"Point","coordinates":[-100.3788158,25.652720799999997]},"properties":{"name":"Farmacias Benavides","kind":"farmacia","place_id":"ChIJeSikWrO9YoYRrZwduiVMkRM","address":"Av. José Vasconcelos 250-local b, Del Valle, 66240 Monterrey, N.L.","types":["pharmacy","cosmetics_store","supermarket","government_office","medical_clinic","grocery_store","food_store","consultant","store","doctor","health","service","food","point_of_interest","establishment"],"fuente":"places_api","fetched_at":"2026-09-24T22:41:22Z"}},{"type":"Feature","geometry":{"type":"Point","coordinates":[-100.4769724,25.757580599999997]},"properties":{"name":"Farmacias Benavides","kind":"farmacia","place_id":"ChIJeUlB0PybYoYRB2kZtstvM2E","address":"Alejandro de Rodas 349, Dominio Cumbres, 66023 García, N.L.","types":["pharmacy","supermarket","cosmetics_store","grocery_store","food_store","medical_clinic","consultant","doctor","health","food","government_office","point_of_interest","service","store","establishment"],"fuente":"places_api","fetched_at":"2026-09-24T22:41:22Z"}},{"type":"Feature","geometry":{"type":"Point","coordinates":[-100.321345,25.645367999999998]},"properties":{"name":"Farmacias Benavides","kind":"farmacia","place_id":"ChIJedNMOc6_YoYRBNZf0N8XSE0","address":"Av Lázaro Cárdenas 303, Haciendas de La Sierra, 66260 San Pedro Garza García, N.L.","types":["pharmacy","cosmetics_store","supermarket","government_office","medical_clinic","grocery_store","food_store","consultant","store","doctor","health","service","food","point_of_interest","establishment"],"fuente":"places_api","fetched_at":"2026-09-24T22:41:22Z"}},{"type":"Feature","geometry":{"type":"Point","coordinates":[-100.2997331,25.6729515]},"properties":{"name":"Farmacias Benavides","kind":"farmacia","place_id":"ChIJfZCGMTC_YoYRag2GCBuUQuo","address":"C. Washington 1400-AC OTE, Centro, 64000 Monterrey, N.L.","types":["pharmacy","cosmetics_store","supermarket","grocery_store","government_office","doctor","consultant","food_store","store","medical_clinic","health","food","point_of_interest","service","establishment"],"fuente":"places_api","fetched_at":"2026-09-24T22:41:22Z"}},{"type":"Feature","geometry":{"type":"Point","coordinates":[-100.247925,25.7137833]},"properties":{"name":"Farmacias Benavides","kind":"farmacia","place_id":"ChIJg8GBQ8XqYoYRf6-kN_g1H_w","address":"Fresnos 803, Hacienda los Morales 2do Sector, 66490 San Nicolás de los Garza, N.L.","types":["pharmacy","supermarket","cosmetics_store","grocery_store","food_store","medical_clinic","consultant","doctor","health","food","government_office","point_of_interest","service","store","establishment"],"fuente":"places_api","fetched_at":"2026-09-24T22:41:22Z"}},{"type":"Feature","geometry":{"type":"Point","coordinates":[-100.254858,25.689861000000004]},"properties":{"name":"Farmacias Benavides","kind":"farmacia","place_id":"ChIJgTOb4dSXYoYRSY5r0Isn_Lw","address":"Av. Miguel Alemán 230-C BENAVIDES, Linda Vista, 67130 Guadalupe, N.L.","types":["pharmacy","cosmetics_store","supermarket","government_office","medical_clinic","grocery_store","food_store","consultant","store","doctor","health","service","food","point_of_interest","establishment"],"fuente":"places_api","fetched_at":"2026-09-24T22:41:22Z"}},{"type":"Feature","geometry":{"type":"Point","coordinates":[-100.314848,25.786219]},"properties":{"name":"Farmacias Benavides","kind":"farmacia","place_id":"ChIJga6dB36RYoYRv0lJDbE2yUI","address":"Av. Las Torres 325, Sin Nombre de Col 15, 66057 Cdad. Gral. Escobedo, N.L.","types":["pharmacy","cosmetics_store","supermarket","government_office","medical_clinic","grocery_store","food_store","consultant","store","doctor","health","service","food","point_of_interest","establishment"],"fuente":"places_api","fetched_at":"2026-09-24T22:41:22Z"}},{"type":"Feature","geometry":{"type":"Point","coordinates":[-100.3421642,25.679970899999997]},"properties":{"name":"Farmacias Benavides","kind":"farmacia","place_id":"ChIJgbz-eWCVYoYRDVnqUO1FRVQ","address":"Francisco Garza Sada 2940-Loc 4 y 5, Nuevo Obispado, 64040 Monterrey, N.L.","types":["pharmacy","cosmetics_store","supermarket","grocery_store","government_office","doctor","consultant","food_store","store","medical_clinic","health","food","point_of_interest","service","establishment"],"fuente":"places_api","fetched_at":"2026-09-24T22:41:22Z"}},{"type":"Feature","geometry":{"type":"Point","coordinates":[-100.3124105,25.7412051]},"properties":{"name":"Farmacias Benavides","kind":"farmacia","place_id":"ChIJgd9VQlyUYoYRwY03TqbbDkU","address":"Av. Manuel L. Barragán 1331-A, Anáhuac, 66450 San Nicolás de los Garza, N.L.","types":["pharmacy","cosmetics_store","supermarket","medical_clinic","consultant","government_office","grocery_store","food_store","doctor","health","store","service","food","point_of_interest","establishment"],"fuente":"places_api","fetched_at":"2026-09-24T22:41:22Z"}},{"type":"Feature","geometry":{"type":"Point","coordinates":[-100.1886444,25.7822972]},"properties":{"name":"Farmacias Benavides","kind":"farmacia","place_id":"ChIJhWdV6wvsYoYRMHefwfE5yOo","address":"Benito Juárez 2027, Cabecera Municipal (Apodaca), Apodaca Centro, 66600 Cdad. Apodaca, N.L.","types":["pharmacy","cosmetics_store","supermarket","grocery_store","government_office","doctor","consultant","food_store","store","medical_clinic","health","food","point_of_interest","service","establishment"],"fuente":"places_api","fetched_at":"2026-09-24T22:41:22Z"}},{"type":"Feature","geometry":{"type":"Point","coordinates":[-100.3734444,25.7077194]},"properties":{"name":"Farmacias Benavides","kind":"farmacia","place_id":"ChIJixDhaF2WYoYRwIpMDtUguJs","address":"Del Bosque, Cumbres 2o. Sector Secc C, 64610 Monterrey, N.L.","types":["pharmacy","cosmetics_store","supermarket","government_office","medical_clinic","grocery_store","food_store","consultant","store","doctor","health","service","food","point_of_interest","establishment"],"fuente":"places_api","fetched_at":"2026-09-24T22:41:22Z"}},{"type":"Feature","geometry":{"type":"Point","coordinates":[-100.38529899999999,25.853009]},"properties":{"name":"Farmacias Benavides","kind":"farmacia","place_id":"ChIJjTxZC4yVYoYR6tpVRDNfXXo","address":"Av. Constitución 300, 66553 Carmen, N.L.","types":["pharmacy","cosmetics_store","supermarket","government_office","medical_clinic","grocery_store","food_store","consultant","store","doctor","health","service","food","point_of_interest","establishment"],"fuente":"places_api","fetched_at":"2026-09-24T22:41:22Z"}},{"type":"Feature","geometry":{"type":"Point","coordinates":[-100.31675299999999,25.65975]},"properties":{"name":"Farmacias Benavides","kind":"farmacia","place_id":"ChIJjUiKeDq-YoYRE9i2V6gyS74","address":"2 De Abril y Qro 104 Esquina, Independencia, 64720 Monterrey, N.L.","types":["pharmacy","cosmetics_store","supermarket","grocery_store","government_office","doctor","consultant","food_store","store","medical_clinic","health","food","point_of_interest","service","establishment"],"fuente":"places_api","fetched_at":"2026-09-24T22:41:22Z"}},{"type":"Feature","geometry":{"type":"Point","coordinates":[-100.3484079,25.687445399999998]},"properties":{"name":"Farmacias Benavides","kind":"farmacia","place_id":"ChIJjdm6YOKVYoYR6F7af967Ov8","address":"Av. Francisco I. Madero 103, Mitras Sur, 64718 Monterrey, N.L.","types":["pharmacy","cosmetics_store","supermarket","grocery_store","government_office","doctor","consultant","food_store","store","medical_clinic","health","food","point_of_interest","service","establishment"],"fuente":"places_api","fetched_at":"2026-09-24T22:41:22Z"}},{"type":"Feature","geometry":{"type":"Point","coordinates":[-100.1645444,25.67825]},"properties":{"name":"Farmacias Benavides","kind":"farmacia","place_id":"ChIJk5sqCwTCYoYRLPsm1Nrmifk","address":"Río Papaloapan 325, Dos Ríos Sector VIII, 67196 Guadalupe, N.L.","types":["pharmacy","supermarket","cosmetics_store","grocery_store","food_store","medical_clinic","consultant","doctor","health","food","government_office","point_of_interest","service","store","establishment"],"fuente":"places_api","fetched_at":"2026-09-24T22:41:22Z"}},{"type":"Feature","geometry":{"type":"Point","coordinates":[-100.331317,25.678258]},"properties":{"name":"Farmacias Benavides","kind":"farmacia","place_id":"ChIJk9RIOfSVYoYRM70TBXm8k-w","address":"Av. Venustiano Carranza 105, Centro, 64000 Monterrey, N.L.","types":["pharmacy","cosmetics_store","supermarket","medical_clinic","consultant","government_office","grocery_store","food_store","doctor","health","store","service","food","point_of_interest","establishment"],"fuente":"places_api","fetched_at":"2026-09-24T22:41:22Z"}},{"type":"Feature","geometry":{"type":"Point","coordinates":[-100.3199989,25.6693662]},"properties":{"name":"Farmacias Benavides","kind":"farmacia","place_id":"ChIJkQ11mSa-YoYROaws9g8tY74","address":"Av. Pino Suárez Sur 767, Centro, 64000 Monterrey, N.L.","types":["pharmacy","cosmetics_store","supermarket","grocery_store","government_office","doctor","consultant","food_store","store","medical_clinic","health","food","point_of_interest","service","establishment"],"fuente":"places_api","fetched_at":"2026-09-24T22:41:22Z"}},{"type":"Feature","geometry":{"type":"Point","coordinates":[-100.3103739,25.7807472]},"properties":{"name":"Farmacias Benavides","kind":"farmacia","place_id":"ChIJkURx9NCTYoYReGTJSHBrSlU","address":"Acueducto S/N, Nuestra Señora del Fátima, Joyas de Anahuac, 66057 Cdad. Gral. Escobedo, N.L.","types":["pharmacy","store","health","point_of_interest","establishment"],"fuente":"places_api","fetched_at":"2026-09-24T22:41:22Z"}},{"type":"Feature","geometry":{"type":"Point","coordinates":[-100.11452229999999,25.777247400000004]},"properties":{"name":"Farmacias Benavides","kind":"farmacia","place_id":"ChIJkWuwe9PoYoYRXcx0osWk-m8","address":"Aeropuerto Internacional de Monterrey, Terminal A, Supermanzana Aeropuerto, 66600 Cdad. Apodaca, N.L.","types":["pharmacy","cosmetics_store","supermarket","grocery_store","government_office","doctor","consultant","food_store","store","medical_clinic","health","food","point_of_interest","service","establishment"],"fuente":"places_api","fetched_at":"2026-09-24T22:41:22Z"}},{"type":"Feature","geometry":{"type":"Point","coordinates":[-100.5582335,25.8083396]},"properties":{"name":"Farmacias Benavides","kind":"farmacia","place_id":"ChIJke0lqb-dYoYRwdZC1si4CZE","address":"León N.L MX, Av. Principal, Nuevo, 66013 García, N.L.","types":["pharmacy","store","health","point_of_interest","establishment"],"fuente":"places_api","fetched_at":"2026-09-24T22:41:22Z"}},{"type":"Feature","geometry":{"type":"Point","coordinates":[-100.20000259999999,25.800656399999998]},"properties":{"name":"Farmacias Benavides","kind":"farmacia","place_id":"ChIJl7nVjIvtYoYR9vUH_cRv50U","address":"Calle Antiguo Camino a Sta Rosa, 66606 Cdad. Apodaca, N.L.","types":["pharmacy","cosmetics_store","supermarket","grocery_store","government_office","doctor","consultant","food_store","store","medical_clinic","health","food","point_of_interest","service","establishment"],"fuente":"places_api","fetched_at":"2026-09-24T22:41:22Z"}},{"type":"Feature","geometry":{"type":"Point","coordinates":[-100.270483,25.609153]},"properties":{"name":"Farmacias Benavides","kind":"farmacia","place_id":"ChIJlWXcLma_YoYRxudUNTygDJo","address":"México 85 6008, Mederos, 64950 Monterrey, N.L.","types":["pharmacy","cosmetics_store","supermarket","government_office","medical_clinic","grocery_store","food_store","consultant","store","doctor","health","service","food","point_of_interest","establishment"],"fuente":"places_api","fetched_at":"2026-09-24T22:41:22Z"}},{"type":"Feature","geometry":{"type":"Point","coordinates":[-100.2150334,25.728334099999998]},"properties":{"name":"Farmacias Benavides","kind":"farmacia","place_id":"ChIJldGk5UXrYoYR8llDpFM5HQM","address":"Av. Rómulo Garza Esq, Sin Nombre de Col 34, 66477 San Nicolás de los Garza, N.L.","types":["pharmacy","cosmetics_store","supermarket","grocery_store","government_office","doctor","consultant","food_store","store","medical_clinic","health","food","point_of_interest","service","establishment"],"fuente":"places_api","fetched_at":"2026-09-24T22:41:22Z"}},{"type":"Feature","geometry":{"type":"Point","coordinates":[-100.2742214,25.761714599999998]},"properties":{"name":"Farmacias Benavides","kind":"farmacia","place_id":"ChIJm2w64qSUYoYRqrvm2Dx7aeg","address":"Jorge González Camarena 551, Residencial Roble 5o Sector, 66414 San Nicolás de los Garza, N.L.","types":["pharmacy","cosmetics_store","supermarket","government_office","medical_clinic","grocery_store","food_store","consultant","store","doctor","health","service","food","point_of_interest","establishment"],"fuente":"places_api","fetched_at":"2026-09-24T22:41:22Z"}},{"type":"Feature","geometry":{"type":"Point","coordinates":[-100.2435167,25.683883299999998]},"properties":{"name":"Farmacias Benavides","kind":"farmacia","place_id":"ChIJmTf4zqbqYoYRUKvM5dO-SDY","address":"Av Azteca, Azteca, 67150 Guadalupe, N.L.","types":["pharmacy","supermarket","cosmetics_store","grocery_store","food_store","medical_clinic","consultant","doctor","health","food","government_office","point_of_interest","service","store","establishment"],"fuente":"places_api","fetched_at":"2026-09-24T22:41:22Z"}},{"type":"Feature","geometry":{"type":"Point","coordinates":[-100.192765,25.723611100000003]},"properties":{"name":"Farmacias Benavides","kind":"farmacia","place_id":"ChIJmYHlHjbqYoYRgU2Lgv08Z70","address":"Los Amoles 149, Hacienda de San Miguel, 67113 Guadalupe, N.L.","types":["pharmacy","supermarket","cosmetics_store","grocery_store","food_store","medical_clinic","consultant","doctor","health","food","government_office","point_of_interest","service","store","establishment"],"fuente":"places_api","fetched_at":"2026-09-24T22:41:22Z"}},{"type":"Feature","geometry":{"type":"Point","coordinates":[-100.3501361,25.669372199999998]},"properties":{"name":"Farmacias Benavides","kind":"farmacia","place_id":"ChIJmzDyLf69YoYRxxILh4L3auM","address":"Sertoma 103, Sertoma, 64718 Monterrey, N.L.","types":["pharmacy","cosmetics_store","supermarket","government_office","medical_clinic","grocery_store","food_store","consultant","store","doctor","health","service","food","point_of_interest","establishment"],"fuente":"places_api","fetched_at":"2026-09-24T22:41:22Z"}},{"type":"Feature","geometry":{"type":"Point","coordinates":[-100.24108609999999,25.6621861]},"properties":{"name":"Farmacias Benavides","kind":"farmacia","place_id":"ChIJnR7zJRTAYoYRD4w_sZUOysU","address":"Av Eloy Cavazos entre AV. QUETZALES Y ANACLETO ZAPATA, Privadas del Contry, 67170 Guadalupe, N.L.","types":["pharmacy","cosmetics_store","supermarket","grocery_store","government_office","doctor","consultant","food_store","store","medical_clinic","health","food","point_of_interest","service","establishment"],"fuente":"places_api","fetched_at":"2026-09-24T22:41:22Z"}},{"type":"Feature","geometry":{"type":"Point","coordinates":[-100.14961199999999,25.6636976]},"properties":{"name":"Farmacias Benavides","kind":"farmacia","place_id":"ChIJoYTyEWy_YoYRWz8Abj22-tU","address":"Carr. A Reynosa 2301, Kalos, 67190 Guadalupe, N.L.","types":["pharmacy","store","health","point_of_interest","service","establishment"],"fuente":"places_api","fetched_at":"2026-09-24T22:41:22Z"}},{"type":"Feature","geometry":{"type":"Point","coordinates":[-100.2358167,25.719022199999998]},"properties":{"name":"Farmacias Benavides","kind":"farmacia","place_id":"ChIJo_IkCufqYoYR8PHMzavYAro","address":"Av. las Flores 1001, Hacienda los Morales 3er Sector, 66495 San Nicolás de los Garza, N.L.","types":["pharmacy","supermarket","cosmetics_store","grocery_store","food_store","medical_clinic","consultant","doctor","health","food","government_office","point_of_interest","service","store","establishment"],"fuente":"places_api","fetched_at":"2026-09-24T22:41:22Z"}},{"type":"Feature","geometry":{"type":"Point","coordinates":[-100.34140599999999,25.803514]},"properties":{"name":"Farmacias Benavides","kind":"farmacia","place_id":"ChIJofLSfd6TYoYRyfjcHyKyEsI","address":"Av. Union 100, Mirasur, Parque Industrial Escobedo, 66070 Cdad. Gral. Escobedo, N.L.","types":["pharmacy","cosmetics_store","supermarket","government_office","medical_clinic","grocery_store","food_store","consultant","store","doctor","health","service","food","point_of_interest","establishment"],"fuente":"places_api","fetched_at":"2026-09-24T22:41:22Z"}},{"type":"Feature","geometry":{"type":"Point","coordinates":[-100.2354445,25.566367800000002]},"properties":{"name":"Farmacias Benavides","kind":"farmacia","place_id":"ChIJpSMlRibHYoYR_n3KtFCRWyQ","address":"Jesús González, Las Diligencias, 64987 Monterrey, N.L.","types":["pharmacy","cosmetics_store","supermarket","grocery_store","government_office","doctor","consultant","food_store","store","medical_clinic","health","food","point_of_interest","service","establishment"],"fuente":"places_api","fetched_at":"2026-09-24T22:41:22Z"}},{"type":"Feature","geometry":{"type":"Point","coordinates":[-100.402856,25.770332999999997]},"properties":{"name":"Farmacias Benavides","kind":"farmacia","place_id":"ChIJpVMc6JqRYoYRwKLCQ3QiHHI","address":"Barrio San Pedro, 64103 Monterrey, N.L.","types":["pharmacy","cosmetics_store","supermarket","government_office","medical_clinic","grocery_store","food_store","consultant","store","doctor","health","service","food","point_of_interest","establishment"],"fuente":"places_api","fetched_at":"2026-09-24T22:41:22Z"}},{"type":"Feature","geometry":{"type":"Point","coordinates":[-100.2896383,25.6467417]},"properties":{"name":"Farmacias Benavides","kind":"farmacia","place_id":"ChIJpXPUFmu_YoYR5udbmT-KKBk","address":"Av. Eugenio Garza Sada 400, Altavista, Distrito Tec, 64840 Monterrey, N.L.","types":["pharmacy","cosmetics_store","supermarket","grocery_store","government_office","doctor","consultant","food_store","store","medical_clinic","health","food","point_of_interest","service","establishment"],"fuente":"places_api","fetched_at":"2026-09-24T22:41:22Z"}},{"type":"Feature","geometry":{"type":"Point","coordinates":[-100.36267000000001,25.6554325]},"properties":{"name":"Farmacias Benavides","kind":"farmacia","place_id":"ChIJq2Ugcay9YoYR1svgFMzktrE","address":"Calz. del Valle 331, Del Valle, 66220 San Pedro Garza García, N.L.","types":["pharmacy","cosmetics_store","supermarket","grocery_store","government_office","doctor","consultant","food_store","store","medical_clinic","health","food","point_of_interest","service","establishment"],"fuente":"places_api","fetched_at":"2026-09-24T22:41:22Z"}},{"type":"Feature","geometry":{"type":"Point","coordinates":[-100.27681109999999,25.6273278]},"properties":{"name":"Farmacias Benavides","kind":"farmacia","place_id":"ChIJq6qq6p6_YoYRp8-YpEYdkhw","address":"Sendero Sur 115, Contry, 64860 Monterrey, N.L.","types":["pharmacy","cosmetics_store","supermarket","government_office","medical_clinic","grocery_store","food_store","consultant","store","doctor","health","service","food","point_of_interest","establishment"],"fuente":"places_api","fetched_at":"2026-09-24T22:41:22Z"}},{"type":"Feature","geometry":{"type":"Point","coordinates":[-100.31091239999999,25.7469482]},"properties":{"name":"Farmacias Benavides","kind":"farmacia","place_id":"ChIJq6r6N2eUYoYRvCyxw6bp_7g","address":"Décima Octava 113, Residencial Anahuac 1er Sector, 66457 San Nicolás de los Garza, N.L.","types":["pharmacy","cosmetics_store","supermarket","medical_clinic","consultant","government_office","grocery_store","food_store","doctor","health","store","service","food","point_of_interest","establishment"],"fuente":"places_api","fetched_at":"2026-09-24T22:41:22Z"}},{"type":"Feature","geometry":{"type":"Point","coordinates":[-100.389564,25.656865]},"properties":{"name":"Farmacias Benavides","kind":"farmacia","place_id":"ChIJq7zoSHu9YoYRybIQPkF0Zp8","address":"Av. José Vasconcelos 1552-1, Zona Valle del Mezquite, 66260 San Pedro Garza García, N.L.","types":["pharmacy","cosmetics_store","government_office","medical_clinic","consultant","store","doctor","health","service","point_of_interest","establishment"],"fuente":"places_api","fetched_at":"2026-09-24T22:41:22Z"}},{"type":"Feature","geometry":{"type":"Point","coordinates":[-100.33948699999999,25.651356]},"properties":{"name":"Farmacias Benavides","kind":"farmacia","place_id":"ChIJqQe8aQ2-YoYRODh6YeZ74Ms","address":"Av. Real San Agustin 311, Residencial San Agustín 2o Sector, 66260 San Pedro Garza García, N.L.","types":["pharmacy","cosmetics_store","supermarket","grocery_store","government_office","doctor","consultant","food_store","store","medical_clinic","health","food","point_of_interest","service","establishment"],"fuente":"places_api","fetched_at":"2026-09-24T22:41:22Z"}},{"type":"Feature","geometry":{"type":"Point","coordinates":[-100.3256823,25.6474762]},"properties":{"name":"Farmacias Benavides","kind":"farmacia","place_id":"ChIJrYiR0me_YoYR42s34TzOWNs","address":"Av Lázaro Cárdenas, Haciendas de La Sierra, 66260 San Pedro Garza García, N.L.","types":["pharmacy","cosmetics_store","supermarket","grocery_store","government_office","doctor","consultant","food_store","store","medical_clinic","health","food","point_of_interest","service","establishment"],"fuente":"places_api","fetched_at":"2026-09-24T22:41:22Z"}},{"type":"Feature","geometry":{"type":"Point","coordinates":[-100.1702818,25.7589284]},"properties":{"name":"Farmacias Benavides","kind":"farmacia","place_id":"ChIJrzur1-HrYoYRLMBjMMnDsQ4","address":"Río Pilón 2762, Pueblo Nuevo V, 66646 Cdad. Apodaca, N.L.","types":["pharmacy","supermarket","cosmetics_store","grocery_store","food_store","medical_clinic","consultant","doctor","health","food","government_office","point_of_interest","service","store","establishment"],"fuente":"places_api","fetched_at":"2026-09-24T22:41:22Z"}},{"type":"Feature","geometry":{"type":"Point","coordinates":[-100.16506989999999,25.7131263]},"properties":{"name":"Farmacias Benavides","kind":"farmacia","place_id":"ChIJs0eQEULpYoYR54xPybwW4Qo","address":"Av. Gaspar Castaño 211, Sin Nombre, 66647 Cdad. Apodaca, N.L.","types":["pharmacy","supermarket","cosmetics_store","grocery_store","food_store","medical_clinic","consultant","doctor","health","food","government_office","point_of_interest","service","store","establishment"],"fuente":"places_api","fetched_at":"2026-09-24T22:41:22Z"}},{"type":"Feature","geometry":{"type":"Point","coordinates":[-100.224606,25.805958]},"properties":{"name":"Farmacias Benavides","kind":"farmacia","place_id":"ChIJs4f1TiPtYoYRQnJPnSO7bc4","address":"Mezquital - Sta. Rosa de, 66610 Cdad. Apodaca, N.L.","types":["pharmacy","cosmetics_store","supermarket","grocery_store","government_office","doctor","consultant","food_store","store","medical_clinic","health","food","point_of_interest","service","establishment"],"fuente":"places_api","fetched_at":"2026-09-24T22:41:22Z"}},{"type":"Feature","geometry":{"type":"Point","coordinates":[-100.5759856,25.7820218]},"properties":{"name":"Farmacias Benavides","kind":"farmacia","place_id":"ChIJs7fZ37KdYoYRZLxrLVN_Drc","address":"Heberto Castillo Martínez 200, 66000 García, N.L.","types":["pharmacy","cosmetics_store","supermarket","grocery_store","government_office","doctor","consultant","food_store","store","medical_clinic","health","food","point_of_interest","service","establishment"],"fuente":"places_api","fetched_at":"2026-09-24T22:41:22Z"}},{"type":"Feature","geometry":{"type":"Point","coordinates":[-100.2726667,25.640024999999998]},"properties":{"name":"Farmacias Benavides","kind":"farmacia","place_id":"ChIJsR-74Zq_YoYRAkqdo9fvlA0","address":"Av. Alfonso Reyes, Villa del Río, 64850 Monterrey, N.L.","types":["pharmacy","cosmetics_store","supermarket","grocery_store","government_office","doctor","consultant","food_store","store","medical_clinic","health","food","point_of_interest","service","establishment"],"fuente":"places_api","fetched_at":"2026-09-24T22:41:22Z"}},{"type":"Feature","geometry":{"type":"Point","coordinates":[-100.27291939999999,25.7795278]},"properties":{"name":"Farmacias Benavides","kind":"farmacia","place_id":"ChIJsfVCQ1qTYoYRKhwixvOJPm8","address":"Misión Anáhuac 927, Misión de Anáhuac, 66059 Cdad. Gral. Escobedo, N.L.","types":["pharmacy","cosmetics_store","supermarket","government_office","medical_clinic","grocery_store","food_store","consultant","store","doctor","health","service","food","point_of_interest","establishment"],"fuente":"places_api","fetched_at":"2026-09-24T22:41:22Z"}},{"type":"Feature","geometry":{"type":"Point","coordinates":[-100.263758,25.596985]},"properties":{"name":"Farmacias Benavides","kind":"farmacia","place_id":"ChIJt20w2lm_YoYR22IApLmjglY","address":"Emilio Garza Meléndez 7014, Campestre Mederos, 64970 Monterrey, N.L.","types":["pharmacy","cosmetics_store","supermarket","government_office","medical_clinic","grocery_store","food_store","store","health","food","point_of_interest","establishment"],"fuente":"places_api","fetched_at":"2026-09-24T22:41:22Z"}},{"type":"Feature","geometry":{"type":"Point","coordinates":[-100.4698229,25.6744967]},"properties":{"name":"Farmacias Benavides","kind":"farmacia","place_id":"ChIJtY51xnGYYoYRjW1rJoOMaP4","address":"Av. Real del Valle 100, Real del Valle Primer Sector, 66350 Cdad. Santa Catarina, N.L.","types":["pharmacy","supermarket","cosmetics_store","grocery_store","food_store","medical_clinic","consultant","doctor","health","food","government_office","point_of_interest","service","store","establishment"],"fuente":"places_api","fetched_at":"2026-09-24T22:41:22Z"}},{"type":"Feature","geometry":{"type":"Point","coordinates":[-100.3484988,25.7164474]},"properties":{"name":"Farmacias Benavides","kind":"farmacia","place_id":"ChIJu-CULU6UYoYRxio8tbmv0eE","address":"Av Fidel Velázquez 4480, Mitras Nte., 64060 Monterrey, N.L.","types":["pharmacy","cosmetics_store","supermarket","government_office","medical_clinic","grocery_store","food_store","consultant","store","doctor","health","service","food","point_of_interest","establishment"],"fuente":"places_api","fetched_at":"2026-09-24T22:41:22Z"}},{"type":"Feature","geometry":{"type":"Point","coordinates":[-100.3240438,25.724876199999997]},"properties":{"name":"Farmacias Benavides","kind":"farmacia","place_id":"ChIJu1xjp0mUYoYRCV3GO4Jvtqs","address":"Luis Echeverría (Fomerrey 75), 64060 Monterrey, N.L.","types":["pharmacy","cosmetics_store","supermarket","government_office","medical_clinic","grocery_store","food_store","consultant","store","doctor","health","service","food","point_of_interest","establishment"],"fuente":"places_api","fetched_at":"2026-09-24T22:41:22Z"}},{"type":"Feature","geometry":{"type":"Point","coordinates":[-100.3687863,25.7477101]},"properties":{"name":"Farmacias Benavides","kind":"farmacia","place_id":"ChIJu2D0LbmWYoYRlM4lCSXNnJc","address":"Océano Antártico 8492, Villa Alegre, 64130 Monterrey, N.L.","types":["pharmacy","cosmetics_store","supermarket","grocery_store","government_office","doctor","consultant","food_store","store","medical_clinic","health","food","point_of_interest","service","establishment"],"fuente":"places_api","fetched_at":"2026-09-24T22:41:22Z"}},{"type":"Feature","geometry":{"type":"Point","coordinates":[-100.363092,25.6802943]},"properties":{"name":"Farmacias Benavides","kind":"farmacia","place_id":"ChIJv8LM4hqWYoYRiqEpjE6QlZE","address":"C. Pirandello 301, Sendero San Jerónimo, 64659 Monterrey, N.L.","types":["pharmacy","cosmetics_store","supermarket","grocery_store","government_office","doctor","consultant","food_store","store","medical_clinic","health","food","point_of_interest","service","establishment"],"fuente":"places_api","fetched_at":"2026-09-24T22:41:22Z"}},{"type":"Feature","geometry":{"type":"Point","coordinates":[-100.4037245,25.7578326]},"properties":{"name":"Farmacias Benavides","kind":"farmacia","place_id":"ChIJvRL_rxKXYoYROTGSm9CxK0w","address":"Prolongacion Ruiz Cortinez 209, Real Cumbres, 64347 Monterrey, N.L.","types":["pharmacy","cosmetics_store","supermarket","government_office","medical_clinic","grocery_store","food_store","consultant","store","doctor","health","service","food","point_of_interest","establishment"],"fuente":"places_api","fetched_at":"2026-09-24T22:41:22Z"}},{"type":"Feature","geometry":{"type":"Point","coordinates":[-100.28091500000001,25.667085999999998]},"properties":{"name":"Farmacias Benavides","kind":"farmacia","place_id":"ChIJvWjzwee_YoYRMSxg4klTK8Q","address":"Av. Chapultepec 1833, Buenos Aires, 64800 Monterrey, N.L.","types":["pharmacy","cosmetics_store","supermarket","grocery_store","government_office","doctor","consultant","food_store","store","medical_clinic","health","food","point_of_interest","service","establishment"],"fuente":"places_api","fetched_at":"2026-09-24T22:41:22Z"}},{"type":"Feature","geometry":{"type":"Point","coordinates":[-100.34853939999999,25.6722605]},"properties":{"name":"Farmacias Benavides","kind":"farmacia","place_id":"ChIJwUFe_v-VYoYRfoZcZ1cKtTA","address":"Miguel Hidalgo y Costilla 2530, Obispado, 64060 Monterrey, N.L.","types":["pharmacy","cosmetics_store","supermarket","grocery_store","government_office","doctor","consultant","food_store","store","medical_clinic","health","food","point_of_interest","service","establishment"],"fuente":"places_api","fetched_at":"2026-09-24T22:41:22Z"}},{"type":"Feature","geometry":{"type":"Point","coordinates":[-100.1576656,25.752018]},"properties":{"name":"Farmacias Benavides","kind":"farmacia","place_id":"ChIJwxYZEp_pYoYRWPlXp8NG_OI","address":"Carretera a Dulces Nombres 216, 66646 Cdad. Apodaca, N.L.","types":["pharmacy","cosmetics_store","store","health","point_of_interest","service","establishment"],"fuente":"places_api","fetched_at":"2026-09-24T22:41:22Z"}},{"type":"Feature","geometry":{"type":"Point","coordinates":[-100.45737779999999,25.67455]},"properties":{"name":"Farmacias Benavides","kind":"farmacia","place_id":"ChIJx-fExA2YYoYRZNZOMmK-liU","address":"Av Manuel Ordoñez 401, Bosques del Poniente Cuarto Sector, 66350 Cdad. Santa Catarina, N.L.","types":["pharmacy","supermarket","cosmetics_store","grocery_store","food_store","medical_clinic","consultant","doctor","health","food","government_office","point_of_interest","service","store","establishment"],"fuente":"places_api","fetched_at":"2026-09-24T22:41:22Z"}},{"type":"Feature","geometry":{"type":"Point","coordinates":[-100.3472924,25.6649349]},"properties":{"name":"Farmacias Benavides","kind":"farmacia","place_id":"ChIJx7mnk9q_YoYRtszppTfzkWk","address":"Loma Grande S/N, Lomas de San Francisco, 64620 Monterrey, N.L.","types":["pharmacy","cosmetics_store","supermarket","government_office","medical_clinic","grocery_store","food_store","consultant","store","doctor","health","service","food","point_of_interest","establishment"],"fuente":"places_api","fetched_at":"2026-09-24T22:41:22Z"}},{"type":"Feature","geometry":{"type":"Point","coordinates":[-100.2974067,25.6443516]},"properties":{"name":"Farmacias Benavides","kind":"farmacia","place_id":"ChIJxX9ep7G_YoYRwdCW0m5EJzA","address":"Priv. Luis Elizondo 601, Privada Roma, 64740 Monterrey, N.L.","types":["pharmacy","cosmetics_store","supermarket","government_office","medical_clinic","grocery_store","food_store","consultant","store","doctor","health","service","food","point_of_interest","establishment"],"fuente":"places_api","fetched_at":"2026-09-24T22:41:22Z"}},{"type":"Feature","geometry":{"type":"Point","coordinates":[-100.3854167,25.778963899999997]},"properties":{"name":"Farmacias Benavides","kind":"farmacia","place_id":"ChIJxfE2jNWQYoYRJ8bUCnKLkC4","address":"González Camarena 705, Barrio La Moderna, 64108 Monterrey, N.L.","types":["pharmacy","cosmetics_store","supermarket","government_office","medical_clinic","grocery_store","food_store","consultant","store","doctor","health","service","food","point_of_interest","establishment"],"fuente":"places_api","fetched_at":"2026-09-24T22:41:22Z"}},{"type":"Feature","geometry":{"type":"Point","coordinates":[-100.3611111,25.7481778]},"properties":{"name":"Farmacias Benavides","kind":"farmacia","place_id":"ChIJy-BwU7uWYoYRCGAkgaFHGyQ","address":"Av. Solidaridad, Valle de Santa Lucía, 64140 Monterrey, N.L.","types":["pharmacy","cosmetics_store","supermarket","government_office","medical_clinic","grocery_store","food_store","consultant","store","doctor","health","service","food","point_of_interest","establishment"],"fuente":"places_api","fetched_at":"2026-09-24T22:41:22Z"}},{"type":"Feature","geometry":{"type":"Point","coordinates":[-100.458325,25.6930583]},"properties":{"name":"Farmacias Benavides","kind":"farmacia","place_id":"ChIJy-VixD6YYoYRJeVRXc27Adc","address":"Av. Lic. Luis Donaldo Colosio Murrieta 100, Lomas del Poniente, 66369 Cdad. Santa Catarina, N.L.","types":["pharmacy","supermarket","cosmetics_store","grocery_store","food_store","medical_clinic","consultant","doctor","health","food","government_office","point_of_interest","service","store","establishment"],"fuente":"places_api","fetched_at":"2026-09-24T22:41:22Z"}},{"type":"Feature","geometry":{"type":"Point","coordinates":[-100.1391845,25.856488000000002]},"properties":{"name":"Farmacias Benavides","kind":"farmacia","place_id":"ChIJy8EAQVDvYoYRVkYsTp_2qFc","address":"Olivos 119, Valle de Santa Elena, 65776 Valle de Santa Elena, N.L.","types":["pharmacy","cosmetics_store","supermarket","grocery_store","government_office","doctor","consultant","food_store","store","medical_clinic","health","food","point_of_interest","service","establishment"],"fuente":"places_api","fetched_at":"2026-09-24T22:41:22Z"}},{"type":"Feature","geometry":{"type":"Point","coordinates":[-100.30203329999999,25.6692333]},"properties":{"name":"Farmacias Benavides","kind":"farmacia","place_id":"ChIJy9UbndO_YoYRuj2UTWoZFKc","address":"Florencio Antillón Ote 1303, Centro, 64000 Monterrey, N.L.","types":["pharmacy","cosmetics_store","supermarket","grocery_store","government_office","doctor","consultant","food_store","store","medical_clinic","health","food","point_of_interest","service","establishment"],"fuente":"places_api","fetched_at":"2026-09-24T22:41:22Z"}},{"type":"Feature","geometry":{"type":"Point","coordinates":[-100.47772409999999,25.6772276]},"properties":{"name":"Farmacias Benavides","kind":"farmacia","place_id":"ChIJySQ_MWKYYoYRZEX0N90YByM","address":"Av Manuel Ordoñez 2410, Santa Catarina, Residencial de la Sierra, 66358 Cdad. Santa Catarina, N.L.","types":["pharmacy","supermarket","cosmetics_store","grocery_store","food_store","medical_clinic","consultant","doctor","health","food","government_office","point_of_interest","service","store","establishment"],"fuente":"places_api","fetched_at":"2026-09-24T22:41:22Z"}},{"type":"Feature","geometry":{"type":"Point","coordinates":[-100.30976319999999,25.7901469]},"properties":{"name":"Farmacias Benavides","kind":"farmacia","place_id":"ChIJy_SnGKGTYoYRyZpcvJsczlw","address":"Av. Los Pinos, Sin Nombre de Col 15, 66057 Cdad. Gral. Escobedo, N.L.","types":["pharmacy","cosmetics_store","supermarket","government_office","medical_clinic","grocery_store","food_store","consultant","store","doctor","health","service","food","point_of_interest","establishment"],"fuente":"places_api","fetched_at":"2026-09-24T22:41:22Z"}},{"type":"Feature","geometry":{"type":"Point","coordinates":[-100.39754169999999,25.8466785]},"properties":{"name":"Farmacias Benavides","kind":"farmacia","place_id":"ChIJzQckco2RYoYRWcGUdTsZccA","address":"Av. Constitución 701, 66086 Cdad. Gral. Escobedo, N.L.","types":["pharmacy","cosmetics_store","supermarket","government_office","medical_clinic","grocery_store","food_store","consultant","store","doctor","health","service","food","point_of_interest","establishment"],"fuente":"places_api","fetched_at":"2026-09-24T22:41:22Z"}},{"type":"Feature","geometry":{"type":"Point","coordinates":[-100.3049611,25.658369399999998]},"properties":{"name":"Farmacias Benavides","kind":"farmacia","place_id":"ChIJzeZ-BBi-YoYRWSRdeyrYtcs","address":"Hilario Martinez 1012, Independencia, 64720 Monterrey, N.L.","types":["pharmacy","cosmetics_store","supermarket","government_office","medical_clinic","grocery_store","food_store","consultant","store","doctor","health","service","food","point_of_interest","establishment"],"fuente":"places_api","fetched_at":"2026-09-24T22:41:22Z"}},{"type":"Feature","geometry":{"type":"Point","coordinates":[-100.23496689999999,25.668783599999998]},"properties":{"name":"Farmacias Benavides N170 - Sucursal Villa Franca","kind":"farmacia","place_id":"ChIJTcRqXADBYoYRwGaNRp-wo18","address":"Av. Pablo Livas 2500-Loc 28, La Silla, 64700 Guadalupe, N.L.","types":["pharmacy","store","health","point_of_interest","establishment"],"fuente":"places_api","fetched_at":"2026-09-24T22:41:22Z"}},{"type":"Feature","geometry":{"type":"Point","coordinates":[-100.31335969999999,25.6829666]},"properties":{"name":"Farmacias Guadalajara","kind":"farmacia","place_id":"ChIJ7TORBXyVYoYRWxOUXSDP0_w","address":"Av. Benito Juárez 893, Centro, 64000 Monterrey, N.L.","types":["pharmacy","drugstore","health","store","point_of_interest","establishment"],"fuente":"places_api","fetched_at":"2026-09-24T22:41:22Z"}},{"type":"Feature","geometry":{"type":"Point","coordinates":[-100.2383827,25.783889799999997]},"properties":{"name":"Farmacias Guadalajara","kind":"farmacia","place_id":"ChIJ829WvaLsYoYRP2OHCsPvNxM","address":"Av. Concordia 732, Ebanos V, 66612 Cdad. Apodaca, N.L.","types":["pharmacy","store","health","point_of_interest","establishment"],"fuente":"places_api","fetched_at":"2026-09-24T22:41:22Z"}},{"type":"Feature","geometry":{"type":"Point","coordinates":[-100.179243,25.659681]},"properties":{"name":"Farmacias Guadalajara","kind":"farmacia","place_id":"ChIJATOwOgDBYoYRBXFC499eeyg","address":"Agustín Melgar 1001, Niños Heroes, 67190 Guadalupe, N.L.","types":["pharmacy","health","store","point_of_interest","establishment"],"fuente":"places_api","fetched_at":"2026-09-24T22:41:22Z"}},{"type":"Feature","geometry":{"type":"Point","coordinates":[-100.2348227,25.6787007]},"properties":{"name":"Farmacias Guadalajara","kind":"farmacia","place_id":"ChIJAaJmBs7BYoYRTWbO91DIJTA","address":"Benito Juárez 1751, San Diego, 67154 Guadalupe, N.L.","types":["pharmacy","store","health","point_of_interest","establishment"],"fuente":"places_api","fetched_at":"2026-09-24T22:41:22Z"}},{"type":"Feature","geometry":{"type":"Point","coordinates":[-100.5647747,25.805139999999998]},"properties":{"name":"Farmacias Guadalajara","kind":"farmacia","place_id":"ChIJBZ-b0lKdYoYRlbFXgpGIFD0","address":"Av. del Hospital, Valle de San Blas, 66003 García, N.L.","types":["pharmacy","health","point_of_interest","store","establishment"],"fuente":"places_api","fetched_at":"2026-09-24T22:41:22Z"}},{"type":"Feature","geometry":{"type":"Point","coordinates":[-100.36688509999999,25.709118999999998]},"properties":{"name":"Farmacias Guadalajara","kind":"farmacia","place_id":"ChIJCXRWrtKXYoYR86d45vUMTBc","address":"C. Gobernadores 300, Burócratas del Estado, 64380 Monterrey, N.L.","types":["pharmacy","health","store","point_of_interest","establishment"],"fuente":"places_api","fetched_at":"2026-09-24T22:41:22Z"}},{"type":"Feature","geometry":{"type":"Point","coordinates":[-100.05934119999999,25.643638]},"properties":{"name":"Farmacias Guadalajara","kind":"farmacia","place_id":"ChIJGTtoEYPdYoYRoXBuk6bQmes","address":"Juárez, 67255 Cdad. Benito Juárez, N.L.","types":["pharmacy","health","store","point_of_interest","establishment"],"fuente":"places_api","fetched_at":"2026-09-24T22:41:22Z"}},{"type":"Feature","geometry":{"type":"Point","coordinates":[-100.4755601,25.786535399999998]},"properties":{"name":"Farmacias Guadalajara","kind":"farmacia","place_id":"ChIJGWuUzvybYoYROPznWUaOSxo","address":"Avenida Del Roble & Cromo, Los Parques Residencial, 66023 Los Parques, N.L.","types":["pharmacy","health","point_of_interest","store","establishment"],"fuente":"places_api","fetched_at":"2026-09-24T22:41:22Z"}},{"type":"Feature","geometry":{"type":"Point","coordinates":[-100.24978619999999,25.679587299999998]},"properties":{"name":"Farmacias Guadalajara","kind":"farmacia","place_id":"ChIJJ-woMwDBYoYRK35555dq_ZA","address":"Benito Juárez 706, Centro de Guadalupe, 67140 Guadalupe, N.L.","types":["pharmacy","store","health","point_of_interest","establishment"],"fuente":"places_api","fetched_at":"2026-09-24T22:41:22Z"}},{"type":"Feature","geometry":{"type":"Point","coordinates":[-100.2635882,25.7520339]},"properties":{"name":"Farmacias Guadalajara","kind":"farmacia","place_id":"ChIJKUKUTbSUYoYROzdxps7fZHM","address":"Av. Santo Domingo 1398, Sin Nombre de Col 15, 66437 San Nicolás de los Garza, N.L.","types":["drugstore","pharmacy","store","health","point_of_interest","establishment"],"fuente":"places_api","fetched_at":"2026-09-24T22:41:22Z"}},{"type":"Feature","geometry":{"type":"Point","coordinates":[-100.1530556,25.6106081]},"properties":{"name":"Farmacias Guadalajara","kind":"farmacia","place_id":"ChIJOb09-evDYoYRh_NF30s_JLQ","address":"Av. de las Torres 100, Monte Kristal, 67280 Arboledas de San Roque, N.L.","types":["pharmacy","health","store","point_of_interest","establishment"],"fuente":"places_api","fetched_at":"2026-09-24T22:41:22Z"}},{"type":"Feature","geometry":{"type":"Point","coordinates":[-100.11720319999999,25.6983388]},"properties":{"name":"Farmacias Guadalajara","kind":"farmacia","place_id":"ChIJQ9KW-vnpYoYRaZ8477CTjxk","address":"Av. Ruiz Cortines 1014, FRACCIONAMIENTO RIVIERAS (DE APODACA, 66647 Cdad. Apodaca, N.L.","types":["pharmacy","store","health","point_of_interest","establishment"],"fuente":"places_api","fetched_at":"2026-09-24T22:41:22Z"}},{"type":"Feature","geometry":{"type":"Point","coordinates":[-100.2221077,25.715313199999997]},"properties":{"name":"Farmacias Guadalajara","kind":"farmacia","place_id":"ChIJT61sXc3rYoYRPojlD2QV0bE","address":"CALZADA UNION #S/N, Av Calz Unión S/N, Talaverna Croc, 66473 San Nicolás de los Garza, N.L.","types":["pharmacy","store","health","point_of_interest","establishment"],"fuente":"places_api","fetched_at":"2026-09-24T22:41:22Z"}},{"type":"Feature","geometry":{"type":"Point","coordinates":[-100.2695426,25.7361558]},"properties":{"name":"Farmacias Guadalajara","kind":"farmacia","place_id":"ChIJVVVxI9CUYoYRydyu2XJckL4","address":"Av. Diego Díaz de Berlanga 1111, Jardines de Anáhuac, 66463 San Nicolás de los Garza, N.L.","types":["pharmacy","store","health","point_of_interest","establishment"],"fuente":"places_api","fetched_at":"2026-09-24T22:41:22Z"}},{"type":"Feature","geometry":{"type":"Point","coordinates":[-100.2041545,25.7103714]},"properties":{"name":"Farmacias Guadalajara","kind":"farmacia","place_id":"ChIJY1KGyVzqYoYRxgjiIls9dAc","address":"Pío XII 1216, Residencial Plaza San Antonio, 67112 Monterrey, N.L.","types":["pharmacy","store","health","point_of_interest","establishment"],"fuente":"places_api","fetched_at":"2026-09-24T22:41:22Z"}},{"type":"Feature","geometry":{"type":"Point","coordinates":[-100.0794531,25.6774544]},"properties":{"name":"Farmacias Guadalajara","kind":"farmacia","place_id":"ChIJY6JjbgDdYoYRB6yZpKnqSBM","address":"Av. Sta. Maria 700, VALLE DE SANTA ISABEL, 67256 Cdad. Benito Juárez, N.L.","types":["pharmacy","health","point_of_interest","store","establishment"],"fuente":"places_api","fetched_at":"2026-09-24T22:41:22Z"}},{"type":"Feature","geometry":{"type":"Point","coordinates":[-100.22837179999999,25.749983399999998]},"properties":{"name":"Farmacias Guadalajara","kind":"farmacia","place_id":"ChIJYw0WRADrYoYRXhxBe2ZFAfg","address":"Av. Camino Al Mezquital 302, Sin Nombre de Col 7, 66632 Cdad. Apodaca, N.L.","types":["pharmacy","health","point_of_interest","store","establishment"],"fuente":"places_api","fetched_at":"2026-09-24T22:41:22Z"}},{"type":"Feature","geometry":{"type":"Point","coordinates":[-100.304091,25.759055099999998]},"properties":{"name":"Farmacias Guadalajara","kind":"farmacia","place_id":"ChIJ_1Kn7YeUYoYR7yD6p4MgFtw","address":"Av Lerdo de Tejada 416A, Sin Nombre de Col 5, 66428 San Nicolás de los Garza, N.L.","types":["pharmacy","health","point_of_interest","store","establishment"],"fuente":"places_api","fetched_at":"2026-09-24T22:41:22Z"}},{"type":"Feature","geometry":{"type":"Point","coordinates":[-100.16155760000001,25.6649708]},"properties":{"name":"Farmacias Guadalajara","kind":"farmacia","place_id":"ChIJa1FPURjCYoYR3C-QUBHnucc","address":"Calle Aluminio Calle Santa Cruz 110› Sector, Santa Cruz 8vo Sector, 67196 Guadalupe, N.L.","types":["pharmacy","store","health","point_of_interest","establishment"],"fuente":"places_api","fetched_at":"2026-09-24T22:41:22Z"}},{"type":"Feature","geometry":{"type":"Point","coordinates":[-100.1171445,25.826318099999998]},"properties":{"name":"Farmacias Guadalajara","kind":"farmacia","place_id":"ChIJbZSYVQbvYoYRtOaLW0AXzbE","address":"Cerro de la bufa 701, 66655 Colinas del Aeropuerto, N.L.","types":["pharmacy","store","health","point_of_interest","establishment"],"fuente":"places_api","fetched_at":"2026-09-24T22:41:22Z"}},{"type":"Feature","geometry":{"type":"Point","coordinates":[-100.411692,25.7410914]},"properties":{"name":"Farmacias Guadalajara","kind":"farmacia","place_id":"ChIJh-6QdgCXYoYRtSlSfpb1dOU","address":"C. Matisse 101, Cumbres Madeira Francés, 64349 Monterrey, N.L.","types":["pharmacy","store","health","point_of_interest","establishment"],"fuente":"places_api","fetched_at":"2026-09-24T22:41:22Z"}},{"type":"Feature","geometry":{"type":"Point","coordinates":[-100.6005689,25.7975572]},"properties":{"name":"Farmacias Guadalajara","kind":"farmacia","place_id":"ChIJhU0FrXWdYoYReeKeX2q7V4s","address":"Manzana 201, Los Nogales, 66006 García, N.L.","types":["pharmacy","health","point_of_interest","store","establishment"],"fuente":"places_api","fetched_at":"2026-09-24T22:41:22Z"}},{"type":"Feature","geometry":{"type":"Point","coordinates":[-100.31669939999999,25.668869599999997]},"properties":{"name":"Farmacias Guadalajara","kind":"farmacia","place_id":"ChIJjbXl_CW-YoYRkG6aSFZ0iqY","address":"Padre Mier 177, Centro, 64000 Monterrey, N.L.","types":["pharmacy","health","store","point_of_interest","establishment"],"fuente":"places_api","fetched_at":"2026-09-24T22:41:22Z"}},{"type":"Feature","geometry":{"type":"Point","coordinates":[-100.17321,25.617057000000003]},"properties":{"name":"Farmacias Guadalajara","kind":"farmacia","place_id":"ChIJl51Q-GDBYoYRkgw9IdCBjzw","address":"C. Cam. a las Espinas 100, Jardines de la Silla, 67250 Monterrey, N.L.","types":["pharmacy","health","store","point_of_interest","establishment"],"fuente":"places_api","fetched_at":"2026-09-24T22:41:22Z"}},{"type":"Feature","geometry":{"type":"Point","coordinates":[-100.27631369999999,25.666005499999997]},"properties":{"name":"Farmacias Guadalajara","kind":"farmacia","place_id":"ChIJlaeN9-W_YoYR-_BM5ymJ80M","address":"Av. Chapultepec Oriente #221, El Realito, 64800 Monterrey, N.L.","types":["pharmacy","health","store","point_of_interest","establishment"],"fuente":"places_api","fetched_at":"2026-09-24T22:41:22Z"}},{"type":"Feature","geometry":{"type":"Point","coordinates":[-100.36817549999999,25.7378879]},"properties":{"name":"Farmacias Guadalajara","kind":"farmacia","place_id":"ChIJpYR1SJSWYoYRVFa578Fyc1U","address":"C. No Reelección #5808, Colinas de Valle Verde, 64117 Monterrey, N.L.","types":["pharmacy","health","point_of_interest","store","establishment"],"fuente":"places_api","fetched_at":"2026-09-24T22:41:22Z"}},{"type":"Feature","geometry":{"type":"Point","coordinates":[-100.18693929999999,25.779394]},"properties":{"name":"Farmacias Guadalajara","kind":"farmacia","place_id":"ChIJx5IQizjtYoYR4rQj0yfh4Rk","address":"José María Morelos y Pavón 314, Cabecera Municipal (Apodaca), Apodaca Centro, 66600 Cdad. Apodaca, N.L.","types":["pharmacy","store","health","point_of_interest","establishment"],"fuente":"places_api","fetched_at":"2026-09-24T22:41:22Z"}},{"type":"Feature","geometry":{"type":"Point","coordinates":[-100.15885039999999,25.704939900000003]},"properties":{"name":"Farmacias Guadalajara","kind":"farmacia","place_id":"ChIJyWc4YwDpYoYRtxTBiIxd4Jo","address":"Av. Ruiz Cortines 504, 67130 Guadalupe, N.L.","types":["pharmacy","store","health","point_of_interest","establishment"],"fuente":"places_api","fetched_at":"2026-09-24T22:41:22Z"}},{"type":"Feature","geometry":{"type":"Point","coordinates":[-100.27041899999999,25.7431785]},"properties":{"name":"Farmacias Guadalajara","kind":"farmacia","place_id":"ChIJz38csciUYoYRDP8VHlOxmPY","address":"Av. Pico Bolívar 957, Las Puetes 10o Sector, 66460 Monterrey, N.L.","types":["pharmacy","health","store","point_of_interest","establishment"],"fuente":"places_api","fetched_at":"2026-09-24T22:41:22Z"}},{"type":"Feature","geometry":{"type":"Point","coordinates":[-100.199788,25.674979300000004]},"properties":{"name":"Farmacias Guadalajara Benito Juarez","kind":"farmacia","place_id":"ChIJIQGwo9vBYoYRDsiTav-YoG8","address":"A Reynosa, Esquina con Atiguo Camino a Cadereyta S/N, Los Lermas, 67188 Guadalupe, N.L.","types":["pharmacy","store","health","point_of_interest","establishment"],"fuente":"places_api","fetched_at":"2026-09-24T22:41:22Z"}},{"type":"Feature","geometry":{"type":"Point","coordinates":[-100.56738849999999,25.7774793]},"properties":{"name":"Farmacias Guadalajara CEDIS Noreste","kind":"farmacia","place_id":"ChIJw65kEkmcYoYRI1Lyp6bkaTQ","address":"Carretera a García km. 11.5, 66000 García, N.L.","types":["pharmacy","supplier","health","point_of_interest","service","store","establishment"],"fuente":"places_api","fetched_at":"2026-09-24T22:41:22Z"}},{"type":"Feature","geometry":{"type":"Point","coordinates":[-100.1963531,25.7469015]},"properties":{"name":"Farmacias Guadalajara Huinala","kind":"farmacia","place_id":"ChIJz11hOrnrYoYRtlzpNX0ch-o","address":"Blvrd Julian Treviño Elizondo 200, El Milagro, 66600 Cdad. Apodaca, N.L.","types":["pharmacy","store","health","point_of_interest","establishment"],"fuente":"places_api","fetched_at":"2026-09-24T22:41:22Z"}},{"type":"Feature","geometry":{"type":"Point","coordinates":[-100.2197424,25.743609]},"properties":{"name":"Farmacias Guadalajara Isidoro Sepulveda","kind":"farmacia","place_id":"ChIJ-SCSIgnrYoYRhHwuvunNccI","address":"Del Parque 101, Titan S.a., 66633 Cdad. Apodaca, N.L.","types":["pharmacy","wholesaler","store","health","point_of_interest","service","establishment"],"fuente":"places_api","fetched_at":"2026-09-24T22:41:22Z"}},{"type":"Feature","geometry":{"type":"Point","coordinates":[-100.4906049,25.679896100000004]},"properties":{"name":"Farmacias Guadalajara Juan Rulfo","kind":"farmacia","place_id":"ChIJI8YoAIyYYoYRvhOSoQCv2Ww","address":"Av. Juan Rulfo, Santa Cecilia, Cumbres de Santa Catarina Cuarto Sector, 66358 Cdad. Santa Catarina, N.L.","types":["pharmacy","store","health","point_of_interest","establishment"],"fuente":"places_api","fetched_at":"2026-09-24T22:41:22Z"}},{"type":"Feature","geometry":{"type":"Point","coordinates":[-100.1708223,25.7587549]},"properties":{"name":"Farmacias Guadalajara Pueblo Nuevo","kind":"farmacia","place_id":"ChIJmRc-zuHrYoYRe9KWwQcTFeM","address":"Río Pilón 912, Pueblo Nuevo IV, 66646 Cdad. Apodaca, N.L.","types":["pharmacy","store","health","point_of_interest","establishment"],"fuente":"places_api","fetched_at":"2026-09-24T22:41:22Z"}},{"type":"Feature","geometry":{"type":"Point","coordinates":[-100.2901346,25.75577]},"properties":{"name":"Farmacias Guadalajara San Nicolas","kind":"farmacia","place_id":"ChIJRUOg4pCUYoYRQLy07wm38mA","address":"Miguel Hidalgo Y Costilla Nte. 111, Centro, 66400 San Nicolás de los Garza, N.L.","types":["pharmacy","health","point_of_interest","store","establishment"],"fuente":"places_api","fetched_at":"2026-09-24T22:41:22Z"}},{"type":"Feature","geometry":{"type":"Point","coordinates":[-100.2795826,25.7549523]},"properties":{"name":"Farmacias Guadalajara Santo Domingo","kind":"farmacia","place_id":"ChIJTb91eYKVYoYRvpMpgCX2O0o","address":"Sofia Bassi 102A, Jardines de San Nicolás, 66414 San Nicolás de los Garza, N.L.","types":["pharmacy","store","health","point_of_interest","establishment"],"fuente":"places_api","fetched_at":"2026-09-24T22:41:22Z"}},{"type":"Feature","geometry":{"type":"Point","coordinates":[-100.2989288,25.6288637]},"properties":{"name":"Farmacias Guadalajara Suc 1315","kind":"farmacia","place_id":"ChIJUSPzUY6_YoYRxNS84Lrh3z4","address":"Monterrey, La República, 64900 Monterrey, N.L.","types":["pharmacy","store","health","point_of_interest","establishment"],"fuente":"places_api","fetched_at":"2026-09-24T22:41:22Z"}},{"type":"Feature","geometry":{"type":"Point","coordinates":[-100.23394669999999,25.819275299999997]},"properties":{"name":"Farmacias Guadalajara Suc, Ventura De Santa Rosa","kind":"farmacia","place_id":"ChIJQxQsuuHsYoYRWsD0Pje1Uzg","address":"Cardenal 600, Ventura de Santa Rosa, 66610 Cdad. Apodaca, N.L.","types":["pharmacy","store","health","point_of_interest","establishment"],"fuente":"places_api","fetched_at":"2026-09-24T22:41:22Z"}},{"type":"Feature","geometry":{"type":"Point","coordinates":[-100.25886829999999,25.739690099999997]},"properties":{"name":"Farmacias Guadalajara Suc. Cordilleras","kind":"farmacia","place_id":"ChIJZfry5zLrYoYRJ0676_r-hEk","address":"Av. Cordillera de los Andes 601, Paseo de San Nicolas 1er Sector, 66446 San Nicolás de los Garza, N.L.","types":["pharmacy","supermarket","grocery_store","food_store","store","health","food","point_of_interest","establishment"],"fuente":"places_api","fetched_at":"2026-09-24T22:41:22Z"}},{"type":"Feature","geometry":{"type":"Point","coordinates":[-100.21583609999999,25.8131742]},"properties":{"name":"Farmacias Guadalajara Suc. Salduero","kind":"farmacia","place_id":"ChIJx1Uxe_jsYoYR5wLlJPs1hHI","address":"Blvd. Prof. Humberto Ramos Lozano 308, Valle del Salduero, 66615 Ex-Hacienda Santa Rosa, N.L.","types":["pharmacy","store","health","point_of_interest","establishment"],"fuente":"places_api","fetched_at":"2026-09-24T22:41:22Z"}},{"type":"Feature","geometry":{"type":"Point","coordinates":[-100.3454029,25.653561699999997]},"properties":{"name":"Farmacias Guadalajara Vasconcelos II","kind":"farmacia","place_id":"ChIJ0_NiVwC_YoYR46NE7rIZbK0","address":"Residencial San Agustín 2o Sector, 66260 San Pedro Garza García, N.L.","types":["pharmacy","store","health","point_of_interest","establishment"],"fuente":"places_api","fetched_at":"2026-09-24T22:41:22Z"}},{"type":"Feature","geometry":{"type":"Point","coordinates":[-100.1036024,25.6621803]},"properties":{"name":"Farmacias Guadalajara Vistas del Rio","kind":"farmacia","place_id":"ChIJ5x2nBwDDYoYRsZt7SF7rmd4","address":"Vista de Cumbres 603-7, Vistas del Rio, 67267 Cdad. Benito Juárez, N.L.","types":["pharmacy","health","store","point_of_interest","establishment"],"fuente":"places_api","fetched_at":"2026-09-24T22:41:22Z"}},{"type":"Feature","geometry":{"type":"Point","coordinates":[-100.37852269999999,25.7280621]},"properties":{"name":"Farmacias Guadalajara Zapopan","kind":"farmacia","place_id":"ChIJDTP67_GWYoYRz5ZQTLFOhek","address":"Nogal 5702, Col, Cumbres Elite 4to. Sector, 64366 Monterrey, N.L.","types":["pharmacy","health","point_of_interest","store","establishment"],"fuente":"places_api","fetched_at":"2026-09-24T22:41:22Z"}},{"type":"Feature","geometry":{"type":"Point","coordinates":[-100.40433709999999,25.740866099999998]},"properties":{"name":"Farmacias Guadalajara cumbres elite","kind":"farmacia","place_id":"ChIJ17He6CKXYoYRXn2C4A3_YgM","address":"Calle Alejandro de Rodas 109, Cumbres Elite 2do. Sector, 64349 Monterrey, N.L.","types":["pharmacy","health","point_of_interest","store","establishment"],"fuente":"places_api","fetched_at":"2026-09-24T22:41:22Z"}},{"type":"Feature","geometry":{"type":"Point","coordinates":[-100.3342108,25.804717399999998]},"properties":{"name":"Farmacias Guadalajara suc Abasolo","kind":"farmacia","place_id":"ChIJq0S-I8-TYoYRjp3TkJ3xJ2A","address":"Sin Nombre de Col 10, 66072 Cdad. Gral. Escobedo, N.L.","types":["pharmacy","store","health","point_of_interest","establishment"],"fuente":"places_api","fetched_at":"2026-09-24T22:41:22Z"}},{"type":"Feature","geometry":{"type":"Point","coordinates":[-100.3280814,25.713094899999998]},"properties":{"name":"Farmacias Guadalajara súper ahorro","kind":"farmacia","place_id":"ChIJO83qxcmVYoYRCV7gFxArBaQ","address":"Av Bernardo Reyes, Pedro Lascurain &, Niño Artillero, 64280 Monterrey, N.L.","types":["pharmacy","health","store","point_of_interest","establishment"],"fuente":"places_api","fetched_at":"2026-09-24T22:41:22Z"}},{"type":"Feature","geometry":{"type":"Point","coordinates":[-100.3646471,25.6977193]},"properties":{"name":"Farmacias Guadalajara terranova","kind":"farmacia","place_id":"ChIJ3082rqmXYoYRerjEDSD5tZ0","address":"Terranova 960, Vista Hermosa, 64620 Monterrey, N.L.","types":["pharmacy","health","store","point_of_interest","establishment"],"fuente":"places_api","fetched_at":"2026-09-24T22:41:22Z"}},{"type":"Feature","geometry":{"type":"Point","coordinates":[-100.4894139,25.791988999999997]},"properties":{"name":"Farmacias Guadalajara valle de Lincoln","kind":"farmacia","place_id":"ChIJcUx88K2bYoYRsT0LfIiKA7w","address":"Real de Palmas 110, Valle de Lincoln, 66026 Monterrey, N.L.","types":["pharmacy","health","point_of_interest","store","establishment"],"fuente":"places_api","fetched_at":"2026-09-24T22:41:22Z"}},{"type":"Feature","geometry":{"type":"Point","coordinates":[-100.160089,25.7075911]},"properties":{"name":"Farmacias guadalajara","kind":"farmacia","place_id":"ChIJR1rZAQHpYoYRxpr0TOAdLUA","address":"Av. Orquídea 762, 66647 Cdad. Apodaca, N.L.","types":["pharmacy","store","health","point_of_interest","establishment"],"fuente":"places_api","fetched_at":"2026-09-24T22:41:22Z"}},{"type":"Feature","geometry":{"type":"Point","coordinates":[-100.172709,25.650492]},"properties":{"name":"Guadalajara","kind":"farmacia","place_id":"ChIJ11CbMuzBYoYR9Rk7NDpy6Wc","address":"L, Sin Nombre de Col 10, 67196 Guadalupe, N.L.","types":["pharmacy","store","health","point_of_interest","establishment"],"fuente":"places_api","fetched_at":"2026-09-24T22:41:22Z"}},{"type":"Feature","geometry":{"type":"Point","coordinates":[-100.3700183,25.724274899999998]},"properties":{"name":"Guadalajara castaño","kind":"farmacia","place_id":"ChIJH4WiPUSXYoYRaBFU3rJ5dW4","address":"VALLE VERDE 1 SECTOR 5121, Valle Verde 1, 64360 Monterrey, N.L.","types":["pharmacy","store","health","point_of_interest","establishment"],"fuente":"places_api","fetched_at":"2026-09-24T22:41:22Z"}},{"type":"Feature","geometry":{"type":"Point","coordinates":[-100.25282779999999,25.6904501]},"properties":{"name":"Super Farmacia Guadalajara","kind":"farmacia","place_id":"ChIJJYffIq7qYoYRgHnjPBlF1oI","address":"Av. Miguel Alemán 215, Linda Vista, 67123 Guadalupe, N.L.","types":["pharmacy","store","health","point_of_interest","establishment"],"fuente":"places_api","fetched_at":"2026-09-24T22:41:22Z"}},{"type":"Feature","geometry":{"type":"Point","coordinates":[-100.33112520000002,25.792157699999997]},"properties":{"name":"Super farmacia Guadalajara","kind":"farmacia","place_id":"ChIJ9fUQuMGTYoYRTMBkAdsbT00","address":"Raúl Salinas Lozano Manzana 231, COL:, VALLE NORD, 66072 Cdad. Gral. Escobedo, N.L.","types":["pharmacy","store","health","point_of_interest","establishment"],"fuente":"places_api","fetched_at":"2026-09-24T22:41:22Z"}},{"type":"Feature","geometry":{"type":"Point","coordinates":[-100.34421200000001,25.7045167]},"properties":{"name":"Súper Farmacia Guadalajara","kind":"farmacia","place_id":"ChIJOzkq1tuVYoYRpJnMH9K0XAE","address":"Av. Ruiz Cortines 226, Mitras Centro, 64460 Monterrey, N.L.","types":["pharmacy","health","point_of_interest","store","establishment"],"fuente":"places_api","fetched_at":"2026-09-24T22:41:22Z"}},{"type":"Feature","geometry":{"type":"Point","coordinates":[-100.1796129,25.679774899999998]},"properties":{"name":"Súper Farmacia Guadalajara","kind":"farmacia","place_id":"ChIJV3RVLADBYoYRGGtRQbcZEHA","address":"Av. Dia del Empresario 217, 67134 Guadalupe, N.L.","types":["pharmacy","health","point_of_interest","store","establishment"],"fuente":"places_api","fetched_at":"2026-09-24T22:41:22Z"}},{"type":"Feature","geometry":{"type":"Point","coordinates":[-100.3383256,25.6380926]},"properties":{"name":"benavides real san agustin","kind":"farmacia","place_id":"ChIJ8-MKOry_YoYRJ_XpnWGuolo","address":"Zona San Agustín Campestre, 66270 San Pedro Garza García, N.L.","types":["pharmacy","store","health","point_of_interest","establishment"],"fuente":"places_api","fetched_at":"2026-09-24T22:41:22Z"}},{"type":"Feature","geometry":{"type":"Point","coordinates":[-100.57995059999999,25.7996111]},"properties":{"name":"farmacia Guadalajara","kind":"farmacia","place_id":"ChIJW4K_LgGdYoYRW-PqRM2Gdds","address":"Titanio 202, Paseo de las Minas, 66001 García, N.L.","types":["pharmacy","health","point_of_interest","store","establishment"],"fuente":"places_api","fetched_at":"2026-09-24T22:41:22Z"}},{"type":"Feature","geometry":{"type":"Point","coordinates":[-100.3704193,25.761198999999998]},"properties":{"name":"farmacia Guadalajara AZTLAN","kind":"farmacia","place_id":"ChIJbc5XpLWWYoYRTp8pudNn-80","address":"Av. Solidaridad 9200, San Bernabé IV Sector, 64104 Monterrey, N.L.","types":["pharmacy","health","store","point_of_interest","establishment"],"fuente":"places_api","fetched_at":"2026-09-24T22:41:22Z"}},{"type":"Feature","geometry":{"type":"Point","coordinates":[-100.1891776,25.661128299999998]},"properties":{"name":"Depósito Modelorama la fuente","kind":"modelorama","place_id":"ChIJE740XgDBYoYRE5IGUimjYR4","address":"Av. De la Primavera 1117, Tres Caminos 1er Sector, 67190 Guadalupe, N.L.","types":["convenience_store","food_store","wholesaler","store","food","point_of_interest","service","establishment"],"fuente":"places_api","fetched_at":"2026-09-24T22:41:22Z"}},{"type":"Feature","geometry":{"type":"Point","coordinates":[-100.3084459,25.660336899999997]},"properties":{"name":"MODELORAMA","kind":"modelorama","place_id":"ChIJ4wrTsTO-YoYR7_gRQF5xgBY","address":"Baja California 370, Independencia, 64700 Monterrey, N.L.","types":["liquor_store","point_of_interest","store","establishment"],"fuente":"places_api","fetched_at":"2026-09-24T22:41:22Z"}},{"type":"Feature","geometry":{"type":"Point","coordinates":[-100.214233,25.655870999999998]},"properties":{"name":"MODELORAMA","kind":"modelorama","place_id":"ChIJ6Uhni8nBYoYRko3RQ1oGmYI","address":"Av Eloy Cavazos 137, Dos de Mayo (Fomerrey 20), 67180 Guadalupe, N.L.","types":["liquor_store","store","point_of_interest","establishment"],"fuente":"places_api","fetched_at":"2026-09-24T22:41:22Z"}},{"type":"Feature","geometry":{"type":"Point","coordinates":[-100.3268044,25.772876399999998]},"properties":{"name":"MODELORAMA","kind":"modelorama","place_id":"ChIJLSBVJSrqYoYRhFft0hbpYwY","address":"Eucalipto 900, Los Girasoles 1er Sector, 64266 Cdad. Gral. Escobedo, N.L.","types":["brewery","liquor_store","manufacturer","store","service","food","point_of_interest","establishment"],"fuente":"places_api","fetched_at":"2026-09-24T22:41:22Z"}},{"type":"Feature","geometry":{"type":"Point","coordinates":[-100.3607328,25.7297102]},"properties":{"name":"MODELORAMA","kind":"modelorama","place_id":"ChIJS9TyVoWWYoYRYhrg0_-bF54","address":"C. Cesena 5727, Villa Santa Cecilia, 64150 Monterrey, N.L.","types":["liquor_store","point_of_interest","store","establishment"],"fuente":"places_api","fetched_at":"2026-09-24T22:41:22Z"}},{"type":"Feature","geometry":{"type":"Point","coordinates":[-100.18315469999999,25.631295299999998]},"properties":{"name":"MODELORAMA","kind":"modelorama","place_id":"ChIJVcaCyXDBYoYRabi-2LX8X7s","address":"Diego de Montemayor 246, Heroes de Nacozari, Jardines de la Silla, 67287 Jardines de la Silla, N.L.","types":["liquor_store","grocery_store","food_store","store","food","point_of_interest","establishment"],"fuente":"places_api","fetched_at":"2026-09-24T22:41:22Z"}},{"type":"Feature","geometry":{"type":"Point","coordinates":[-100.188794,25.785124]},"properties":{"name":"MODELORAMA","kind":"modelorama","place_id":"ChIJVxpOOAzsYoYRqwIc7eiuq8o","address":"C. Reforma 419, Cabecera Municipal (Apodaca), Apodaca Centro, 66605 Cdad. Apodaca, N.L.","types":["convenience_store","liquor_store","food_store","store","wholesaler","service","food","point_of_interest","establishment"],"fuente":"places_api","fetched_at":"2026-09-24T22:41:22Z"}},{"type":"Feature","geometry":{"type":"Point","coordinates":[-100.316305,25.771094599999998]},"properties":{"name":"MODELORAMA","kind":"modelorama","place_id":"ChIJb_usfoiTYoYRtzk9hJavp-Q","address":"Av. Raúl Salinas Lozano 609A, California Residencial, 66055 Cdad. Gral. Escobedo, N.L.","types":["brewery","liquor_store","manufacturer","store","service","food","point_of_interest","establishment"],"fuente":"places_api","fetched_at":"2026-09-24T22:41:22Z"}},{"type":"Feature","geometry":{"type":"Point","coordinates":[-100.248735,25.790575]},"properties":{"name":"MODELORAMA","kind":"modelorama","place_id":"ChIJefjtqrDsYoYRJDjGMH58C7s","address":"Av. Andrómeda 491, 66612 Cdad. Apodaca, N.L.","types":["liquor_store","store","point_of_interest","establishment"],"fuente":"places_api","fetched_at":"2026-09-24T22:41:22Z"}},{"type":"Feature","geometry":{"type":"Point","coordinates":[-100.3724,25.7485598]},"properties":{"name":"MODELORAMA","kind":"modelorama","place_id":"ChIJhd9JYMeWYoYRiySDTEIZfj4","address":"C. Alabastro 8568, Villa Alegre, 64130 Monterrey, N.L.","types":["liquor_store","point_of_interest","store","establishment"],"fuente":"places_api","fetched_at":"2026-09-24T22:41:22Z"}},{"type":"Feature","geometry":{"type":"Point","coordinates":[-100.217023,25.655033]},"properties":{"name":"MODELORAMA","kind":"modelorama","place_id":"ChIJs9pZGkvAYoYRLOBTAms_rOE","address":"C. Cerro de La Silla 4403, Lomas de San Roque, 67186 Guadalupe, N.L.","types":["liquor_store","grocery_store","food_store","store","food","point_of_interest","establishment"],"fuente":"places_api","fetched_at":"2026-09-24T22:41:22Z"}},{"type":"Feature","geometry":{"type":"Point","coordinates":[-100.2400572,25.7326199]},"properties":{"name":"MODELORAMA CASA BLANCA","kind":"modelorama","place_id":"ChIJMdbGhiHrYoYRIZ7nyLnDAoM","address":"Av. Casa Blanca 524, Villas de Casa Blanca, 66475 San Nicolás de los Garza, N.L.","types":["liquor_store","brewery","manufacturer","store","food","point_of_interest","service","establishment"],"fuente":"places_api","fetched_at":"2026-09-24T22:41:22Z"}},{"type":"Feature","geometry":{"type":"Point","coordinates":[-100.26753409999999,25.707689]},"properties":{"name":"MODELORAMA CHURUBUSCO","kind":"modelorama","place_id":"ChIJK0xW59WVYoYR3hTlVurrQcY","address":"Monte Aconcagua 101, Francisco Garza Sada, 66490 San Nicolás de los Garza, N.L.","types":["liquor_store","store","point_of_interest","establishment"],"fuente":"places_api","fetched_at":"2026-09-24T22:41:22Z"}},{"type":"Feature","geometry":{"type":"Point","coordinates":[-100.25842519999999,25.7106585]},"properties":{"name":"MODELORAMA DON GATO","kind":"modelorama","place_id":"ChIJkdQEDQDrYoYRR35Semx_Xds","address":"Av Calz Unión 118, Industrias del Vidrio 3er Sector, 66490 San Nicolás de los Garza, N.L.","types":["wholesaler","service","point_of_interest","establishment"],"fuente":"places_api","fetched_at":"2026-09-24T22:41:22Z"}},{"type":"Feature","geometry":{"type":"Point","coordinates":[-100.22940000000001,25.819518]},"properties":{"name":"MODELORAMA HERLINDA","kind":"modelorama","place_id":"ChIJVw2xx1HtYoYRCnZkS1q_4-Q","address":"Cenzontle, Paseo de Santa Rosa, 66614 Cdad. Apodaca, N.L.","types":["liquor_store","store","point_of_interest","establishment"],"fuente":"places_api","fetched_at":"2026-09-24T22:41:22Z"}},{"type":"Feature","geometry":{"type":"Point","coordinates":[-100.267151,25.789875]},"properties":{"name":"MODELORAMA IMELDA","kind":"modelorama","place_id":"ChIJ8VbAv-aTYoYRSbjY5BQHqFY","address":"ASTROMELIAS APODACA, 66612 Nuevo León, N.L.","types":["liquor_store","store","point_of_interest","establishment"],"fuente":"places_api","fetched_at":"2026-09-24T22:41:22Z"}},{"type":"Feature","geometry":{"type":"Point","coordinates":[-100.1909144,25.768561199999997]},"properties":{"name":"MODELORAMA MATRIZ","kind":"modelorama","place_id":"ChIJaWFPLwDrYoYRqPEEnDlSHhI","address":"Sin Nombre de Col 26, 66600 Cdad. Apodaca, N.L.","types":["convenience_store","food_store","store","food","point_of_interest","establishment"],"fuente":"places_api","fetched_at":"2026-09-24T22:41:22Z"}},{"type":"Feature","geometry":{"type":"Point","coordinates":[-100.6264346,25.814037199999998]},"properties":{"name":"Modelorama","kind":"modelorama","place_id":"ChIJ-7oJkowniIYRogQawYKlTZY","address":"Cam. al Panteón, 66000 García, N.L.","types":["liquor_store","point_of_interest","store","establishment"],"fuente":"places_api","fetched_at":"2026-09-24T22:41:22Z"}},{"type":"Feature","geometry":{"type":"Point","coordinates":[-100.59231869999999,25.8120029]},"properties":{"name":"Modelorama","kind":"modelorama","place_id":"ChIJ-S0J7xOdYoYRj8QP1DMt7H4","address":"Prol. Hidalgo 506, Cabecera Municipal, 66000 García, N.L.","types":["brewery","manufacturer","service","food","point_of_interest","establishment"],"fuente":"places_api","fetched_at":"2026-09-24T22:41:22Z"}},{"type":"Feature","geometry":{"type":"Point","coordinates":[-100.2300853,25.6886525]},"properties":{"name":"Modelorama","kind":"modelorama","place_id":"ChIJ-xaQsZvqYoYRkNaDdYBgen0","address":"Av. Poza Rica 202, Vicente Guerrero, 67150 Guadalupe, N.L.","types":["convenience_store","liquor_store","food_store","store","wholesaler","service","food","point_of_interest","establishment"],"fuente":"places_api","fetched_at":"2026-09-24T22:41:22Z"}},{"type":"Feature","geometry":{"type":"Point","coordinates":[-100.48098399999999,25.678486]},"properties":{"name":"Modelorama","kind":"modelorama","place_id":"ChIJ007OumOYYoYRWPscOnd1t-A","address":"Av Manuel Ordoñez 1402, Balcones de Santa Catarina, 66357 Cdad. Santa Catarina, N.L.","types":["liquor_store","store","point_of_interest","establishment"],"fuente":"places_api","fetched_at":"2026-09-24T22:41:22Z"}},{"type":"Feature","geometry":{"type":"Point","coordinates":[-100.2361629,25.705914200000002]},"properties":{"name":"Modelorama","kind":"modelorama","place_id":"ChIJ0dKYlOrqYoYRZgTCkBceSPg","address":"C. A 600, Central de Carga, 67129 Guadalupe, N.L.","types":["liquor_store","store","point_of_interest","establishment"],"fuente":"places_api","fetched_at":"2026-09-24T22:41:22Z"}},{"type":"Feature","geometry":{"type":"Point","coordinates":[-100.577334,25.786023999999998]},"properties":{"name":"Modelorama","kind":"modelorama","place_id":"ChIJ24psP3jBYoYRLlp6V0ArTyQ","address":"Hacienda San Sebastián, Col. Hacienda Del Sol, Privadas de las Villas, 66000 García, N.L.","types":["liquor_store","point_of_interest","store","establishment"],"fuente":"places_api","fetched_at":"2026-09-24T22:41:22Z"}},{"type":"Feature","geometry":{"type":"Point","coordinates":[-100.1570898,25.6519503]},"properties":{"name":"Modelorama","kind":"modelorama","place_id":"ChIJ29LPkTrCYoYRbHOvY49HYP4","address":"Monte Alto 201, Residencial Monteverde, 67257 Cdad. Benito Juárez, N.L.","types":["liquor_store","convenience_store","food_store","wholesaler","store","food","point_of_interest","service","establishment"],"fuente":"places_api","fetched_at":"2026-09-24T22:41:22Z"}},{"type":"Feature","geometry":{"type":"Point","coordinates":[-100.2077784,25.6471211]},"properties":{"name":"Modelorama","kind":"modelorama","place_id":"ChIJ2Y4YIa7BYoYRMrLxU-8SK4E","address":"Av. La Villa 3003, Villa Olímpica, 67183 Guadalupe, N.L.","types":["liquor_store","store","point_of_interest","establishment"],"fuente":"places_api","fetched_at":"2026-09-24T22:41:22Z"}},{"type":"Feature","geometry":{"type":"Point","coordinates":[-100.60438309999999,25.801554499999998]},"properties":{"name":"Modelorama","kind":"modelorama","place_id":"ChIJ3YCoPnGdYoYRRHJJt5537Ss","address":"Av. Nogal 1, Ampliación Los Nogales, 66006 García, N.L.","types":["liquor_store","point_of_interest","store","establishment"],"fuente":"places_api","fetched_at":"2026-09-24T22:41:22Z"}},{"type":"Feature","geometry":{"type":"Point","coordinates":[-100.24764479999999,25.7847936]},"properties":{"name":"Modelorama","kind":"modelorama","place_id":"ChIJ3c9L47HsYoYR_x1wAK7scmo","address":"Av. Concordia 138, Bosques Real I, 66612 Cdad. Apodaca, N.L.","types":["convenience_store","liquor_store","food_store","store","food","point_of_interest","establishment"],"fuente":"places_api","fetched_at":"2026-09-24T22:41:22Z"}},{"type":"Feature","geometry":{"type":"Point","coordinates":[-100.36414309999999,25.7631996]},"properties":{"name":"Modelorama","kind":"modelorama","place_id":"ChIJ4QNyB8aQYoYRNn7rdQq3Dzw","address":"C. Ejidatarios 450, Antig, 64102 Monterrey, N.L.","types":["liquor_store","convenience_store","wholesaler","food_store","store","service","food","point_of_interest","establishment"],"fuente":"places_api","fetched_at":"2026-09-24T22:41:22Z"}},{"type":"Feature","geometry":{"type":"Point","coordinates":[-100.1605608,25.6238107]},"properties":{"name":"Modelorama","kind":"modelorama","place_id":"ChIJ4VWh-BzDYoYRhbSlmXM6hLk","address":"Río Vallecillo 350, Monte Kristal 4° Sector, 67280 Monterrey, N.L.","types":["liquor_store","convenience_store","food_store","wholesaler","store","food","point_of_interest","service","establishment"],"fuente":"places_api","fetched_at":"2026-09-24T22:41:22Z"}},{"type":"Feature","geometry":{"type":"Point","coordinates":[-100.18694099999999,25.730448]},"properties":{"name":"Modelorama","kind":"modelorama","place_id":"ChIJ54SdPcPrYoYRps-rqW3i89o","address":"C. Hermosillo 345, 66633 Cdad. Apodaca, N.L.","types":["general_store","convenience_store","liquor_store","food_store","store","wholesaler","service","food","point_of_interest","establishment"],"fuente":"places_api","fetched_at":"2026-09-24T22:41:22Z"}},{"type":"Feature","geometry":{"type":"Point","coordinates":[-100.27026699999999,25.808346999999998]},"properties":{"name":"Modelorama","kind":"modelorama","place_id":"ChIJ54V7_LyTYoYRWD2mYtRh05E","address":"Melocotón 500, Fernando Amilpa, 66052 Cdad. Gral. Escobedo, N.L.","types":["liquor_store","convenience_store","food_store","store","wholesaler","service","food","point_of_interest","establishment"],"fuente":"places_api","fetched_at":"2026-09-24T22:41:22Z"}},{"type":"Feature","geometry":{"type":"Point","coordinates":[-100.297934,25.640068]},"properties":{"name":"Modelorama","kind":"modelorama","place_id":"ChIJ5Wwldvi_YoYRbOF7tU-tz5M","address":"7a. Avenida 1610, Cerro de La Campaña, 64760 Monterrey, N.L.","types":["general_store","convenience_store","liquor_store","food_store","wholesaler","food","point_of_interest","service","store","establishment"],"fuente":"places_api","fetched_at":"2026-09-24T22:41:22Z"}},{"type":"Feature","geometry":{"type":"Point","coordinates":[-100.3103357,25.6534722]},"properties":{"name":"Modelorama","kind":"modelorama","place_id":"ChIJ5YRy3zW-YoYRS29w6QIVhqU","address":"C. Coahuila 802, Independencia, 64720 Monterrey, N.L.","types":["liquor_store","point_of_interest","store","establishment"],"fuente":"places_api","fetched_at":"2026-09-24T22:41:22Z"}},{"type":"Feature","geometry":{"type":"Point","coordinates":[-100.1420004,25.8565026]},"properties":{"name":"Modelorama","kind":"modelorama","place_id":"ChIJ61_ro5XvYoYRfKKbArfNZrI","address":"Av. Sta. Elena 429, Sector San Jorge, Valle de Santa Elena, 65750 Gral. Zuazua, N.L.","types":["general_store","convenience_store","liquor_store","food_store","store","wholesaler","service","food","point_of_interest","establishment"],"fuente":"places_api","fetched_at":"2026-09-24T22:41:22Z"}},{"type":"Feature","geometry":{"type":"Point","coordinates":[-100.216397,25.686902]},"properties":{"name":"Modelorama","kind":"modelorama","place_id":"ChIJ6wKwuIDqYoYRDDmiaZ_sc9g","address":"C. 12 de Octubre 130, Veintiuno de Enero, 67160 Guadalupe, N.L.","types":["general_store","convenience_store","liquor_store","food_store","store","wholesaler","service","food","point_of_interest","establishment"],"fuente":"places_api","fetched_at":"2026-09-24T22:41:22Z"}},{"type":"Feature","geometry":{"type":"Point","coordinates":[-100.3376535,25.6981635]},"properties":{"name":"Modelorama","kind":"modelorama","place_id":"ChIJ6x_ZuMKVYoYRPL1um9FrVX8","address":"Pedro Ma. Anaya 2717, Lincoln Unidad Residencial, 64420 Monterrey, N.L.","types":["liquor_store","point_of_interest","store","establishment"],"fuente":"places_api","fetched_at":"2026-09-24T22:41:22Z"}},{"type":"Feature","geometry":{"type":"Point","coordinates":[-100.2146105,25.6790722]},"properties":{"name":"Modelorama","kind":"modelorama","place_id":"ChIJ6xmjUivAYoYR0dwGsxIBQaE","address":"Eje Metropolitano 35, Residencial Colibrí, 67189 Guadalupe, N.L.","types":["liquor_store","store","point_of_interest","establishment"],"fuente":"places_api","fetched_at":"2026-09-24T22:41:22Z"}},{"type":"Feature","geometry":{"type":"Point","coordinates":[-100.466416,25.6950246]},"properties":{"name":"Modelorama","kind":"modelorama","place_id":"ChIJ7Z8r60aYYoYREJ5xY4ymQQI","address":"San José 144-202, San Francisco, 66368 Cdad. Santa Catarina, N.L.","types":["liquor_store","store","point_of_interest","establishment"],"fuente":"places_api","fetched_at":"2026-09-24T22:41:22Z"}},{"type":"Feature","geometry":{"type":"Point","coordinates":[-100.13780679999999,25.6153004]},"properties":{"name":"Modelorama","kind":"modelorama","place_id":"ChIJ7cG6jZfDYoYRzUB3epe2Qq4","address":"Monte Cristal 226, Monte Kristal, 67280 Cdad. Benito Juárez, N.L.","types":["liquor_store","store","point_of_interest","establishment"],"fuente":"places_api","fetched_at":"2026-09-24T22:41:22Z"}},{"type":"Feature","geometry":{"type":"Point","coordinates":[-100.1036038,25.6465168]},"properties":{"name":"Modelorama","kind":"modelorama","place_id":"ChIJ8738hODCYoYRAbI0_-dgpHM","address":"Cam. al Rancho el Curro 844, Joaquín Garza y Garza, 67267 Cdad. Benito Juárez, N.L.","types":["liquor_store","store","point_of_interest","establishment"],"fuente":"places_api","fetched_at":"2026-09-24T22:41:22Z"}},{"type":"Feature","geometry":{"type":"Point","coordinates":[-100.40162049999999,25.796841399999998]},"properties":{"name":"Modelorama","kind":"modelorama","place_id":"ChIJ8_aUt-SQYoYRsphGIblbHdI","address":"Av. 4 de Octubre 605, Sin Nombre de Col 4, 66064 Cdad. Gral. Escobedo, N.L.","types":["liquor_store","store","point_of_interest","establishment"],"fuente":"places_api","fetched_at":"2026-09-24T22:41:22Z"}},{"type":"Feature","geometry":{"type":"Point","coordinates":[-100.14238329999999,25.6636454]},"properties":{"name":"Modelorama","kind":"modelorama","place_id":"ChIJ95bESPjqYoYRLeBifKm8QKo","address":"Miguel Alemán 200, Nuevo León, 67190 Guadalupe, N.L.","types":["liquor_store","store","point_of_interest","establishment"],"fuente":"places_api","fetched_at":"2026-09-24T22:41:22Z"}},{"type":"Feature","geometry":{"type":"Point","coordinates":[-100.1942246,25.6362976]},"properties":{"name":"Modelorama","kind":"modelorama","place_id":"ChIJ9WfonwrBYoYRUkrmrFjJB0c","address":"Barrancas 451, Tierra Propia 2o Sector, 67197 Guadalupe, N.L.","types":["liquor_store","store","point_of_interest","establishment"],"fuente":"places_api","fetched_at":"2026-09-24T22:41:22Z"}},{"type":"Feature","geometry":{"type":"Point","coordinates":[-100.2897819,25.7821715]},"properties":{"name":"Modelorama","kind":"modelorama","place_id":"ChIJ9f6UB3CTYoYRFfprs9jAuYM","address":"Li, Benito Juárez 128, Hacienda del Cañada, 66054 Cdad. Gral. Escobedo, N.L.","types":["liquor_store","convenience_store","food_store","store","wholesaler","service","food","point_of_interest","establishment"],"fuente":"places_api","fetched_at":"2026-09-24T22:41:22Z"}},{"type":"Feature","geometry":{"type":"Point","coordinates":[-100.5609694,25.7909625]},"properties":{"name":"Modelorama","kind":"modelorama","place_id":"ChIJ9yq2MVqcYoYR6HZDBB5ZRO0","address":"Av. Hacienda del Sol 607, Hacienda del Sol, 66003 García, N.L.","types":["convenience_store","liquor_store","food_store","wholesaler","food","point_of_interest","service","store","establishment"],"fuente":"places_api","fetched_at":"2026-09-24T22:41:22Z"}},{"type":"Feature","geometry":{"type":"Point","coordinates":[-100.252725,25.714351999999998]},"properties":{"name":"Modelorama","kind":"modelorama","place_id":"ChIJAzjBmlfrYoYRKVuCLNOyUho","address":"Peat Revolucion 532 Col Fidel Velazquez Guadalupe, Valle los Morales, 66496 San Nicolás de los Garza, N.L.","types":["general_store","liquor_store","convenience_store","food_store","wholesaler","store","food","point_of_interest","service","establishment"],"fuente":"places_api","fetched_at":"2026-09-24T22:41:22Z"}},{"type":"Feature","geometry":{"type":"Point","coordinates":[-100.2464605,25.5908254]},"properties":{"name":"Modelorama","kind":"modelorama","place_id":"ChIJB8oQN7LAYoYRcB-xvV9T9WM","address":"P.º Enramada 6253, Villas La Rioja, 64988 Monterrey, N.L.","types":["liquor_store","store","point_of_interest","establishment"],"fuente":"places_api","fetched_at":"2026-09-24T22:41:22Z"}},{"type":"Feature","geometry":{"type":"Point","coordinates":[-100.1073243,25.8127636]},"properties":{"name":"Modelorama","kind":"modelorama","place_id":"ChIJBWJo_9jlYoYR_T0va2dNWNA","address":"Av. Central 2573, 66650 Pesquería, N.L.","types":["liquor_store","convenience_store","food_store","store","wholesaler","service","food","point_of_interest","establishment"],"fuente":"places_api","fetched_at":"2026-09-24T22:41:22Z"}},{"type":"Feature","geometry":{"type":"Point","coordinates":[-100.199075,25.652155999999998]},"properties":{"name":"Modelorama","kind":"modelorama","place_id":"ChIJBYQOkrvBYoYRtjBlsdB8Tzk","address":"Av Eloy Cavazos 1001, Puesta del Sol, 67190 Guadalupe, N.L.","types":["liquor_store","store","point_of_interest","establishment"],"fuente":"places_api","fetched_at":"2026-09-24T22:41:22Z"}},{"type":"Feature","geometry":{"type":"Point","coordinates":[-100.24546409999999,25.818786199999998]},"properties":{"name":"Modelorama","kind":"modelorama","place_id":"ChIJCdGW89jsYoYRRAh5u2Q7pvk","address":"Av. Andrómeda 134, 66614 Cdad. Apodaca, N.L.","types":["liquor_store","store","point_of_interest","establishment"],"fuente":"places_api","fetched_at":"2026-09-24T22:41:22Z"}},{"type":"Feature","geometry":{"type":"Point","coordinates":[-100.61165609999999,25.797842499999998]},"properties":{"name":"Modelorama","kind":"modelorama","place_id":"ChIJCelaCXmdYoYR0IZwnPHLbRM","address":"P.º de los Fierros 1056, Paseo de Capellania, 66007 García, N.L.","types":["liquor_store","store","point_of_interest","establishment"],"fuente":"places_api","fetched_at":"2026-09-24T22:41:22Z"}},{"type":"Feature","geometry":{"type":"Point","coordinates":[-100.17181599999999,25.62762]},"properties":{"name":"Modelorama","kind":"modelorama","place_id":"ChIJCyXIOH3BYoYRKOLOfAOuwLg","address":"Cam. a Rancho Viejo 8, Jardines de la Silla, 67256 Jardines de la Silla, N.L.","types":["liquor_store","store","point_of_interest","establishment"],"fuente":"places_api","fetched_at":"2026-09-24T22:41:22Z"}},{"type":"Feature","geometry":{"type":"Point","coordinates":[-100.13430559999999,25.6570504]},"properties":{"name":"Modelorama","kind":"modelorama","place_id":"ChIJDRDyMfTBYoYRtfliIXVicMk","address":"Carr. A Reynosa 650, Las Lomas, 67199 Guadalupe, N.L.","types":["liquor_store","convenience_store","food_store","store","wholesaler","service","food","point_of_interest","establishment"],"fuente":"places_api","fetched_at":"2026-09-24T22:41:22Z"}},{"type":"Feature","geometry":{"type":"Point","coordinates":[-100.27404399999999,25.728175]},"properties":{"name":"Modelorama","kind":"modelorama","place_id":"ChIJE2AtB9mUYoYRNsJPP7aGMLA","address":"Chipriotas 203, Carmen Romano López Portillo, 66444 San Nicolás de los Garza, N.L.","types":["liquor_store","convenience_store","food_store","wholesaler","food","point_of_interest","service","store","establishment"],"fuente":"places_api","fetched_at":"2026-09-24T22:41:22Z"}},{"type":"Feature","geometry":{"type":"Point","coordinates":[-100.59697919999999,25.7985771]},"properties":{"name":"Modelorama","kind":"modelorama","place_id":"ChIJER1vMgudYoYRBRXeWm70_8c","address":"Fr. Servando Teresa de Mier 139, Fray Juan Antonio de Sobrevilla, 66000 García, N.L.","types":["liquor_store","point_of_interest","store","establishment"],"fuente":"places_api","fetched_at":"2026-09-24T22:41:22Z"}},{"type":"Feature","geometry":{"type":"Point","coordinates":[-100.20114559999999,25.7226964]},"properties":{"name":"Modelorama","kind":"modelorama","place_id":"ChIJF-IpYE7qYoYR59DAUs15Dro","address":"Blvd. Acapulco 215, Los Cristales 1er Sector, 67117 Guadalupe, N.L.","types":["liquor_store","store","point_of_interest","establishment"],"fuente":"places_api","fetched_at":"2026-09-24T22:41:22Z"}},{"type":"Feature","geometry":{"type":"Point","coordinates":[-100.327556,25.811792]},"properties":{"name":"Modelorama","kind":"modelorama","place_id":"ChIJF0lreGWTYoYR5mOvNtgwYyg","address":"Zaragoza 607, Colonia Centro, 66050 Cdad. Gral. Escobedo, N.L.","types":["general_store","convenience_store","liquor_store","food_store","store","wholesaler","service","food","point_of_interest","establishment"],"fuente":"places_api","fetched_at":"2026-09-24T22:41:22Z"}},{"type":"Feature","geometry":{"type":"Point","coordinates":[-100.3183883,25.789411599999998]},"properties":{"name":"Modelorama","kind":"modelorama","place_id":"ChIJF4vyrpeTYoYR_3XQPN4ed2s","address":"Rioja 227, Topo Grande IV, Topo Grande, 66056 Cdad. Gral. Escobedo, N.L.","types":["liquor_store","store","point_of_interest","establishment"],"fuente":"places_api","fetched_at":"2026-09-24T22:41:22Z"}},{"type":"Feature","geometry":{"type":"Point","coordinates":[-100.3774729,25.794971699999998]},"properties":{"name":"Modelorama","kind":"modelorama","place_id":"ChIJF9GENhqRYoYRBPci2eYoBrs","address":"Coalición de Colonias 618, Nuevo Escobedo, 66064 Cdad. Gral. Escobedo, N.L.","types":["liquor_store","store","point_of_interest","establishment"],"fuente":"places_api","fetched_at":"2026-09-24T22:41:22Z"}},{"type":"Feature","geometry":{"type":"Point","coordinates":[-100.61891229999999,25.810369700000003]},"properties":{"name":"Modelorama","kind":"modelorama","place_id":"ChIJFa2LBGKdYoYREphTiwSM3CM","address":"Juárez 203, José Páez García, 66008 García, N.L.","types":["liquor_store","point_of_interest","store","establishment"],"fuente":"places_api","fetched_at":"2026-09-24T22:41:22Z"}},{"type":"Feature","geometry":{"type":"Point","coordinates":[-100.22983119999999,25.798514599999997]},"properties":{"name":"Modelorama","kind":"modelorama","place_id":"ChIJFcnc0ezsYoYRJjE4hjMU4sM","address":"Antiguo Camino a Sta. Rosa 134, Prados de Santa Rosa, 66610 Prados de Santa Rosa, N.L.","types":["liquor_store","store","point_of_interest","establishment"],"fuente":"places_api","fetched_at":"2026-09-24T22:41:22Z"}},{"type":"Feature","geometry":{"type":"Point","coordinates":[-100.55815299999999,25.813677]},"properties":{"name":"Modelorama","kind":"modelorama","place_id":"ChIJG2E4wUmdYoYRDMocFp5iDoQ","address":"Rio Leita 143, 66030 García, N.L.","types":["liquor_store","convenience_store","food_store","wholesaler","food","point_of_interest","service","store","establishment"],"fuente":"places_api","fetched_at":"2026-09-24T22:41:22Z"}},{"type":"Feature","geometry":{"type":"Point","coordinates":[-100.5934676,25.774348399999997]},"properties":{"name":"Modelorama","kind":"modelorama","place_id":"ChIJGxVRG7-dYoYRziv6vnJXJVY","address":"Praderas de García García, Urbivilla del Prado, 67110 Lincoln, N.L.","types":["liquor_store","point_of_interest","store","establishment"],"fuente":"places_api","fetched_at":"2026-09-24T22:41:22Z"}},{"type":"Feature","geometry":{"type":"Point","coordinates":[-100.185441,25.639065000000002]},"properties":{"name":"Modelorama","kind":"modelorama","place_id":"ChIJH1uOIZPBYoYRf3vwGt_shb0","address":"Av Jardines, Cd. Guzmán 131 A, Tierra Propia 1er Sector, 67197 Guadalupe, N.L.","types":["general_store","liquor_store","convenience_store","food_store","wholesaler","store","food","point_of_interest","service","establishment"],"fuente":"places_api","fetched_at":"2026-09-24T22:41:22Z"}},{"type":"Feature","geometry":{"type":"Point","coordinates":[-100.14235,25.613329999999998]},"properties":{"name":"Modelorama","kind":"modelorama","place_id":"ChIJH5VBzJXDYoYRSzs2EE2M79g","address":"Monte Rocoso 634, Monte Kristal, 67280 Cdad. Benito Juárez, N.L.","types":["liquor_store","store","point_of_interest","establishment"],"fuente":"places_api","fetched_at":"2026-09-24T22:41:22Z"}},{"type":"Feature","geometry":{"type":"Point","coordinates":[-100.16026149999999,25.755300199999997]},"properties":{"name":"Modelorama","kind":"modelorama","place_id":"ChIJH5zIcWfpYoYRCx9Lnh9wLjg","address":"Río Orinoco 202, Misión de Huinala, 66646 Cdad. Apodaca, N.L.","types":["general_store","liquor_store","convenience_store","food_store","wholesaler","store","food","point_of_interest","service","establishment"],"fuente":"places_api","fetched_at":"2026-09-24T22:41:22Z"}},{"type":"Feature","geometry":{"type":"Point","coordinates":[-100.6022575,25.8026919]},"properties":{"name":"Modelorama","kind":"modelorama","place_id":"ChIJH6HX1nOdYoYRwoxs9XzXpzY","address":"Pino 435, Ampliación Los Nogales, 66006 García, N.L.","types":["liquor_store","point_of_interest","store","establishment"],"fuente":"places_api","fetched_at":"2026-09-24T22:41:22Z"}},{"type":"Feature","geometry":{"type":"Point","coordinates":[-100.36958299999999,25.760721999999998]},"properties":{"name":"Modelorama","kind":"modelorama","place_id":"ChIJH9Y3sbWWYoYRdCegKEAqqb8","address":"Av. Aztlán 9164, San Bernabé IV Sector, 64104 Monterrey, N.L.","types":["liquor_store","point_of_interest","store","establishment"],"fuente":"places_api","fetched_at":"2026-09-24T22:41:22Z"}},{"type":"Feature","geometry":{"type":"Point","coordinates":[-100.4625725,25.7061569]},"properties":{"name":"Modelorama","kind":"modelorama","place_id":"ChIJHT1WCEqYYoYRDOBDHN4LhD8","address":"Av. Rincón de Las Palmas 324-326, Rincón de las Palmas, 66368 Cdad. Santa Catarina, N.L.","types":["liquor_store","store","point_of_interest","establishment"],"fuente":"places_api","fetched_at":"2026-09-24T22:41:22Z"}},{"type":"Feature","geometry":{"type":"Point","coordinates":[-100.367415,25.845658]},"properties":{"name":"Modelorama","kind":"modelorama","place_id":"ChIJHUDWuOiRYoYRyd7Y-ADohIw","address":"Pelicano 200, Villas de San Francisco, 66062 Cdad. Gral. Escobedo, N.L.","types":["liquor_store","convenience_store","food_store","wholesaler","store","food","point_of_interest","service","establishment"],"fuente":"places_api","fetched_at":"2026-09-24T22:41:22Z"}},{"type":"Feature","geometry":{"type":"Point","coordinates":[-100.383091,25.734772]},"properties":{"name":"Modelorama","kind":"modelorama","place_id":"ChIJIREeq-iWYoYREQ-fWQW2dVI","address":"Comisión Tripartita 113, Valle de Infonavit, 64350 Monterrey, N.L.","types":["liquor_store","convenience_store","wholesaler","food_store","store","service","food","point_of_interest","establishment"],"fuente":"places_api","fetched_at":"2026-09-24T22:41:22Z"}},{"type":"Feature","geometry":{"type":"Point","coordinates":[-100.3747824,25.850461499999998]},"properties":{"name":"Modelorama","kind":"modelorama","place_id":"ChIJIe3Gtd2RYoYRhvHqmOjIh-A","address":"Av. Paraiso, El Carmen, 66583 Lincoln, N.L.","types":["liquor_store","store","point_of_interest","establishment"],"fuente":"places_api","fetched_at":"2026-09-24T22:41:22Z"}},{"type":"Feature","geometry":{"type":"Point","coordinates":[-100.1243186,25.638841]},"properties":{"name":"Modelorama","kind":"modelorama","place_id":"ChIJJ5QLQADDYoYR38hD9hDfgoE","address":"C. Novena, La Esperanza, Hector Caballero, 67250 Héctor Caballero, N.L.","types":["liquor_store","store","point_of_interest","establishment"],"fuente":"places_api","fetched_at":"2026-09-24T22:41:22Z"}},{"type":"Feature","geometry":{"type":"Point","coordinates":[-100.22463880000001,25.667682499999998]},"properties":{"name":"Modelorama","kind":"modelorama","place_id":"ChIJJZRgQzDAYoYR7k4YksbzhKQ","address":"Av. Pablo Livas 3313, Camino Real, 67170 Guadalupe, N.L.","types":["liquor_store","store","point_of_interest","establishment"],"fuente":"places_api","fetched_at":"2026-09-24T22:41:22Z"}},{"type":"Feature","geometry":{"type":"Point","coordinates":[-100.29493,25.833389999999998]},"properties":{"name":"Modelorama","kind":"modelorama","place_id":"ChIJJwfbk_GSYoYRlQNwdVpcFfo","address":"Isabel Escamilla 1323, Andrés Caballero Moreno Agropecuaria, 66080 Cdad. Gral. Escobedo, N.L.","types":["liquor_store","store","point_of_interest","establishment"],"fuente":"places_api","fetched_at":"2026-09-24T22:41:22Z"}},{"type":"Feature","geometry":{"type":"Point","coordinates":[-100.0793286,25.6542206]},"properties":{"name":"Modelorama","kind":"modelorama","place_id":"ChIJK-mYYy7dYoYRATuI9r37fU8","address":"Alcatraz 427, Villas de San Jose, 67265 Cdad. Benito Juárez, N.L.","types":["liquor_store","convenience_store","food_store","wholesaler","store","food","point_of_interest","service","establishment"],"fuente":"places_api","fetched_at":"2026-09-24T22:41:22Z"}},{"type":"Feature","geometry":{"type":"Point","coordinates":[-100.3116831,25.779593799999997]},"properties":{"name":"Modelorama","kind":"modelorama","place_id":"ChIJKQiNx4STYoYRmQxG4AsuiTc","address":"Via Caserta 441, Joya de Anáhuac Residencial Sector Nápoles, 66055 Cdad. Gral. Escobedo, N.L.","types":["liquor_store","store","point_of_interest","establishment"],"fuente":"places_api","fetched_at":"2026-09-24T22:41:22Z"}},{"type":"Feature","geometry":{"type":"Point","coordinates":[-100.370955,25.749938999999998]},"properties":{"name":"Modelorama","kind":"modelorama","place_id":"ChIJKSSairiWYoYRa0jzwMdBLik","address":"Av. las Rocas 8609 Monterrey, Villa Alegre, 64100 Lincoln, N.L.","types":["liquor_store","point_of_interest","store","establishment"],"fuente":"places_api","fetched_at":"2026-09-24T22:41:22Z"}},{"type":"Feature","geometry":{"type":"Point","coordinates":[-100.0877156,25.652975299999998]},"properties":{"name":"Modelorama","kind":"modelorama","place_id":"ChIJKX6vn9HCYoYRbZmoElQj7Dw","address":"Real de Sta. Catalina 131, Real de San José 2 Sector, 67254 Cdad. Benito Juárez, N.L.","types":["liquor_store","store","point_of_interest","establishment"],"fuente":"places_api","fetched_at":"2026-09-24T22:41:22Z"}},{"type":"Feature","geometry":{"type":"Point","coordinates":[-100.2258181,25.789183700000002]},"properties":{"name":"Modelorama","kind":"modelorama","place_id":"ChIJKb9GlpHsYoYRPVuDO_ZR8EU","address":"Calle Sta. Elena 201, 66610 Cdad. Apodaca, N.L.","types":["liquor_store","convenience_store","food_store","store","wholesaler","service","food","point_of_interest","establishment"],"fuente":"places_api","fetched_at":"2026-09-24T22:41:22Z"}},{"type":"Feature","geometry":{"type":"Point","coordinates":[-100.082421,25.655628699999998]},"properties":{"name":"Modelorama","kind":"modelorama","place_id":"ChIJKclTo9LCYoYR3ef6taLxNqo","address":"Real de San Pablo 800A, Real de San José(La Ciudadela), 67254 Cdad. Benito Juárez, N.L.","types":["liquor_store","store","point_of_interest","establishment"],"fuente":"places_api","fetched_at":"2026-09-24T22:41:22Z"}},{"type":"Feature","geometry":{"type":"Point","coordinates":[-100.326121,25.695801]},"properties":{"name":"Modelorama","kind":"modelorama","place_id":"ChIJLYSKPpWVYoYRGMjkpD5Kh6g","address":"Miguel Nieto 2121, Industrial, 64440 Monterrey, N.L.","types":["convenience_store","liquor_store","wholesaler","food_store","store","service","food","point_of_interest","establishment"],"fuente":"places_api","fetched_at":"2026-09-24T22:41:22Z"}},{"type":"Feature","geometry":{"type":"Point","coordinates":[-100.42901429999999,25.777788500000003]},"properties":{"name":"Modelorama","kind":"modelorama","place_id":"ChIJL_WVqKSQYoYRMNPIQB7BAW8","address":"Av Villa Corona 913, Villas del Poniente, Mitras Poniente, 66023 Mitras Poniente, N.L.","types":["general_store","convenience_store","liquor_store","food_store","store","wholesaler","service","food","point_of_interest","establishment"],"fuente":"places_api","fetched_at":"2026-09-24T22:41:22Z"}},{"type":"Feature","geometry":{"type":"Point","coordinates":[-100.6088857,25.813133399999998]},"properties":{"name":"Modelorama","kind":"modelorama","place_id":"ChIJLaiDtmadYoYRkStwmmNvSDk","address":"Morelos 425, Cabecera Municipal, 66000 García, N.L.","types":["liquor_store","point_of_interest","store","establishment"],"fuente":"places_api","fetched_at":"2026-09-24T22:41:22Z"}},{"type":"Feature","geometry":{"type":"Point","coordinates":[-100.227147,25.799395]},"properties":{"name":"Modelorama","kind":"modelorama","place_id":"ChIJLzVxRO3sYoYRfwmlNa3i9E0","address":"Everest 100, Balcones de Santa Rosa, 66610 Cdad. Apodaca, N.L.","types":["liquor_store","convenience_store","food_store","store","wholesaler","service","food","point_of_interest","establishment"],"fuente":"places_api","fetched_at":"2026-09-24T22:41:22Z"}},{"type":"Feature","geometry":{"type":"Point","coordinates":[-100.59426619999999,25.797647599999998]},"properties":{"name":"Modelorama","kind":"modelorama","place_id":"ChIJM53K-AqdYoYRLr-h8It1LMw","address":"Fr. Andrés de Olmo 308, El Fraile II, 66005 García, N.L.","types":["liquor_store","point_of_interest","store","establishment"],"fuente":"places_api","fetched_at":"2026-09-24T22:41:22Z"}},{"type":"Feature","geometry":{"type":"Point","coordinates":[-100.32721,25.812089999999998]},"properties":{"name":"Modelorama","kind":"modelorama","place_id":"ChIJM766fbWTYoYR3chmlDFcL7E","address":"Serafín Pena 423, Ricardo Flores Magón, 66050 Cdad. Gral. Escobedo, N.L.","types":["liquor_store","store","point_of_interest","establishment"],"fuente":"places_api","fetched_at":"2026-09-24T22:41:22Z"}},{"type":"Feature","geometry":{"type":"Point","coordinates":[-100.4640635,25.665425499999998]},"properties":{"name":"Modelorama","kind":"modelorama","place_id":"ChIJM7i8bHWYYoYRYnm28jrqE3E","address":"Culebra 312B, Santa Catarina, Lázaro Cárdenas Dos, 66350 Cdad. Santa Catarina, N.L.","types":["liquor_store","store","point_of_interest","establishment"],"fuente":"places_api","fetched_at":"2026-09-24T22:41:22Z"}},{"type":"Feature","geometry":{"type":"Point","coordinates":[-100.22096049999999,25.8211764]},"properties":{"name":"Modelorama","kind":"modelorama","place_id":"ChIJMxgH_AHtYoYRPJBHGRv7nqQ","address":"Jonas García 570, 66610 Cdad. Apodaca, N.L.","types":["general_store","convenience_store","liquor_store","food_store","store","wholesaler","service","food","point_of_interest","establishment"],"fuente":"places_api","fetched_at":"2026-09-24T22:41:22Z"}},{"type":"Feature","geometry":{"type":"Point","coordinates":[-100.103606,25.645442]},"properties":{"name":"Modelorama","kind":"modelorama","place_id":"ChIJN8ave-DCYoYRvuzai6BhCXI","address":"Fuente de La Alegría 866, Fuentes de Juárez, 67267 Cdad. Benito Juárez, N.L.","types":["liquor_store","store","point_of_interest","establishment"],"fuente":"places_api","fetched_at":"2026-09-24T22:41:22Z"}},{"type":"Feature","geometry":{"type":"Point","coordinates":[-100.26753699999999,25.619152399999997]},"properties":{"name":"Modelorama","kind":"modelorama","place_id":"ChIJOWWanZe_YoYRBSJBGcsN2cM","address":"S. Angel 4441A, San Angel, 64878 Monterrey, N.L.","types":["convenience_store","liquor_store","food_store","food","point_of_interest","store","establishment"],"fuente":"places_api","fetched_at":"2026-09-24T22:41:22Z"}},{"type":"Feature","geometry":{"type":"Point","coordinates":[-100.3623722,25.852231]},"properties":{"name":"Modelorama","kind":"modelorama","place_id":"ChIJP8lSpuaRYoYRwbayDrlTd6E","address":"Av. Vista Regia 700, 66583 Buena Vista, N.L.","types":["liquor_store","convenience_store","food_store","wholesaler","store","food","point_of_interest","service","establishment"],"fuente":"places_api","fetched_at":"2026-09-24T22:41:22Z"}},{"type":"Feature","geometry":{"type":"Point","coordinates":[-100.2520747,25.7431239]},"properties":{"name":"Modelorama","kind":"modelorama","place_id":"ChIJPW1lLzHrYoYRWXHOQLMo-TQ","address":"Héctor Victoria, Unidad Laboral 1er Sector, 66440 San Nicolás de los Garza, N.L.","types":["liquor_store","wholesaler","store","point_of_interest","service","establishment"],"fuente":"places_api","fetched_at":"2026-09-24T22:41:22Z"}},{"type":"Feature","geometry":{"type":"Point","coordinates":[-100.1535499,25.6554763]},"properties":{"name":"Modelorama","kind":"modelorama","place_id":"ChIJPXSUi5fDYoYRS8AX4Xb4okQ","address":"Av Coahuila 516, La Reforma, 67257 Cdad. Benito Juárez, N.L.","types":["general_store","liquor_store","convenience_store","food_store","wholesaler","store","food","point_of_interest","service","establishment"],"fuente":"places_api","fetched_at":"2026-09-24T22:41:22Z"}},{"type":"Feature","geometry":{"type":"Point","coordinates":[-100.3991875,25.7586445]},"properties":{"name":"Modelorama","kind":"modelorama","place_id":"ChIJPzxA7CuXYoYRY9J3kubvg90","address":"Av Abraham Lincoln 8001, Chapultepec Sur, 64100 Monterrey, N.L.","types":["convenience_store","liquor_store","wholesaler","food_store","store","service","food","point_of_interest","establishment"],"fuente":"places_api","fetched_at":"2026-09-24T22:41:22Z"}},{"type":"Feature","geometry":{"type":"Point","coordinates":[-100.3315465,25.7835534]},"properties":{"name":"Modelorama","kind":"modelorama","place_id":"ChIJQ2E3EeyTYoYReKqh1x-f-8A","address":"Av. Acueducto, INFONAVIT San Genaro, 66073 Cdad. Gral. Escobedo, N.L.","types":["liquor_store","convenience_store","food_store","wholesaler","store","food","point_of_interest","service","establishment"],"fuente":"places_api","fetched_at":"2026-09-24T22:41:22Z"}},{"type":"Feature","geometry":{"type":"Point","coordinates":[-100.21723999999999,25.675499]},"properties":{"name":"Modelorama","kind":"modelorama","place_id":"ChIJQ7fzzp7BYoYRuY02k8QouIc","address":"Benito Juárez 3901-L1, Santa Elena, 67189 Guadalupe, N.L.","types":["liquor_store","convenience_store","food_store","store","wholesaler","service","food","point_of_interest","establishment"],"fuente":"places_api","fetched_at":"2026-09-24T22:41:22Z"}},{"type":"Feature","geometry":{"type":"Point","coordinates":[-100.3287478,25.8037907]},"properties":{"name":"Modelorama","kind":"modelorama","place_id":"ChIJQZ21a8iTYoYRkPAK4_Oez1k","address":"Av. Fidel Velázquez 538, Bosques de Escobedo, 66050 Cdad. Gral. Escobedo, N.L.","types":["liquor_store","store","point_of_interest","establishment"],"fuente":"places_api","fetched_at":"2026-09-24T22:41:22Z"}},{"type":"Feature","geometry":{"type":"Point","coordinates":[-100.3309805,25.7720894]},"properties":{"name":"Modelorama","kind":"modelorama","place_id":"ChIJR5PlaPSTYoYR3LHe7_GkgS0","address":"Prof. Miguel F. Martínez 1636, Raúl Caballero, 66073 Cdad. Gral. Escobedo, N.L.","types":["liquor_store","store","point_of_interest","establishment"],"fuente":"places_api","fetched_at":"2026-09-24T22:41:22Z"}},{"type":"Feature","geometry":{"type":"Point","coordinates":[-100.2941108,25.6295972]},"properties":{"name":"Modelorama","kind":"modelorama","place_id":"ChIJRQbT-Ae_YoYRN_cnNCcZUo4","address":"Los Lirios 401, Los Rosales, 64764 Monterrey, N.L.","types":["liquor_store","convenience_store","food_store","wholesaler","food","point_of_interest","service","store","establishment"],"fuente":"places_api","fetched_at":"2026-09-24T22:41:22Z"}},{"type":"Feature","geometry":{"type":"Point","coordinates":[-100.3674365,25.7513079]},"properties":{"name":"Modelorama","kind":"modelorama","place_id":"ChIJRQfOkbmWYoYRo36KMPd7v98","address":"Océano Ártico 325, Loma Linda, 64120 Monterrey, N.L.","types":["liquor_store","point_of_interest","store","establishment"],"fuente":"places_api","fetched_at":"2026-09-24T22:41:22Z"}},{"type":"Feature","geometry":{"type":"Point","coordinates":[-100.62463749999999,25.817906200000003]},"properties":{"name":"Modelorama","kind":"modelorama","place_id":"ChIJRwl0eWwniIYR_g282ADZows","address":"San Isidro 109B, 66012 García, N.L.","types":["convenience_store","food_store","store","food","point_of_interest","establishment"],"fuente":"places_api","fetched_at":"2026-09-24T22:41:22Z"}},{"type":"Feature","geometry":{"type":"Point","coordinates":[-100.11382359999999,25.6527888]},"properties":{"name":"Modelorama","kind":"modelorama","place_id":"ChIJRysNZBfDYoYRVsxdkmBLZN0","address":"COMISION FEDERAL DE ELECTRICIDAD, Av. Lic. Arturo B. de La Garza, Paseo del Prado, 67260 Cdad. Benito Juárez, N.L.","types":["liquor_store","store","point_of_interest","establishment"],"fuente":"places_api","fetched_at":"2026-09-24T22:41:22Z"}},{"type":"Feature","geometry":{"type":"Point","coordinates":[-100.408746,25.800195]},"properties":{"name":"Modelorama","kind":"modelorama","place_id":"ChIJS-BH-e-RYoYR7vssBrUYAHU","address":"Fraccionamiento Mario Agredano B. 00253, 66064 Cdad. Gral. Escobedo, N.L.","types":["liquor_store","convenience_store","food_store","store","wholesaler","service","food","point_of_interest","establishment"],"fuente":"places_api","fetched_at":"2026-09-24T22:41:22Z"}},{"type":"Feature","geometry":{"type":"Point","coordinates":[-100.391183,25.801057]},"properties":{"name":"Modelorama","kind":"modelorama","place_id":"ChIJS6xsBgORYoYRm9IsL3M4ysU","address":"Los Ramones 401, La Concordia, 66050 Cdad. Gral. Escobedo, N.L.","types":["liquor_store","convenience_store","food_store","store","wholesaler","service","food","point_of_interest","establishment"],"fuente":"places_api","fetched_at":"2026-09-24T22:41:22Z"}},{"type":"Feature","geometry":{"type":"Point","coordinates":[-100.1835765,25.700973800000003]},"properties":{"name":"Modelorama","kind":"modelorama","place_id":"ChIJS9DpxBDqYoYR0rmNfcrYixM","address":"Los Cipreses 140, Jardines de Guadalupe, 67116 Guadalupe, N.L.","types":["liquor_store","store","point_of_interest","establishment"],"fuente":"places_api","fetched_at":"2026-09-24T22:41:22Z"}},{"type":"Feature","geometry":{"type":"Point","coordinates":[-100.15198679999999,25.605546999999998]},"properties":{"name":"Modelorama","kind":"modelorama","place_id":"ChIJScGhk-3DYoYRzKNNYm1VaHs","address":"Arboledas 334-338, Arboledas de San Roque, 67280 Cdad. Benito Juárez, N.L.","types":["liquor_store","store","point_of_interest","establishment"],"fuente":"places_api","fetched_at":"2026-09-24T22:41:22Z"}},{"type":"Feature","geometry":{"type":"Point","coordinates":[-100.3742023,25.7969643]},"properties":{"name":"Modelorama","kind":"modelorama","place_id":"ChIJTYOhYQ2RYoYRvZH2pec4QKk","address":"Loma Flores 402, Colinas de Topo Chico, 66065 Cdad. Gral. Escobedo, N.L.","types":["liquor_store","store","point_of_interest","establishment"],"fuente":"places_api","fetched_at":"2026-09-24T22:41:22Z"}},{"type":"Feature","geometry":{"type":"Point","coordinates":[-100.239359,25.705126999999997]},"properties":{"name":"Modelorama","kind":"modelorama","place_id":"ChIJTZJU4GTrYoYRkngGj0ozT2E","address":"Av Bonifacio Salinas Nte 149, Central de Carga, 67129 Guadalupe, N.L.","types":["liquor_store","convenience_store","food_store","store","wholesaler","service","food","point_of_interest","establishment"],"fuente":"places_api","fetched_at":"2026-09-24T22:41:22Z"}},{"type":"Feature","geometry":{"type":"Point","coordinates":[-100.224578,25.675217]},"properties":{"name":"Modelorama","kind":"modelorama","place_id":"ChIJTa9VMS_AYoYRwBM0hG3fKm8","address":"Av. Los Reyes 305, Camino Real, 67170 Guadalupe, N.L.","types":["liquor_store","store","point_of_interest","establishment"],"fuente":"places_api","fetched_at":"2026-09-24T22:41:22Z"}},{"type":"Feature","geometry":{"type":"Point","coordinates":[-100.58809869999999,25.824455399999998]},"properties":{"name":"Modelorama","kind":"modelorama","place_id":"ChIJU85MhQqdYoYRICWTylXqSfY","address":"Madrid, 66004 García, N.L.","types":["liquor_store","store","point_of_interest","establishment"],"fuente":"places_api","fetched_at":"2026-09-24T22:41:22Z"}},{"type":"Feature","geometry":{"type":"Point","coordinates":[-100.19369840000002,25.732989399999997]},"properties":{"name":"Modelorama","kind":"modelorama","place_id":"ChIJV09EcbXrYoYRD5wDn_dWOc0","address":"Av México 124-C, La Noria, 66633 Cdad. Apodaca, N.L.","types":["liquor_store","store","point_of_interest","establishment"],"fuente":"places_api","fetched_at":"2026-09-24T22:41:22Z"}},{"type":"Feature","geometry":{"type":"Point","coordinates":[-100.27053529999999,25.760892600000002]},"properties":{"name":"Modelorama","kind":"modelorama","place_id":"ChIJV2UI8K-UYoYRHmwLPCzj2Xg","address":"Jorge González Camarena 744, Residencial Roble 6to Sector, 66417 San Nicolás de los Garza, N.L.","types":["liquor_store","point_of_interest","service","store","establishment"],"fuente":"places_api","fetched_at":"2026-09-24T22:41:22Z"}},{"type":"Feature","geometry":{"type":"Point","coordinates":[-100.09225529999999,25.627465599999997]},"properties":{"name":"Modelorama","kind":"modelorama","place_id":"ChIJW4ySBzzDYoYRv6b1EzPKmUo","address":"Pj. Juárez, Las Lomas, 67265 Cdad. Benito Juárez, N.L.","types":["liquor_store","store","point_of_interest","establishment"],"fuente":"places_api","fetched_at":"2026-09-24T22:41:22Z"}},{"type":"Feature","geometry":{"type":"Point","coordinates":[-100.62130359999999,25.8086808]},"properties":{"name":"Modelorama","kind":"modelorama","place_id":"ChIJX6mHuIkniIYRiJoQZKKLNsQ","address":"Porfirio Díaz 1807-1812, José Páez García, 66008 García, N.L.","types":["liquor_store","store","point_of_interest","establishment"],"fuente":"places_api","fetched_at":"2026-09-24T22:41:22Z"}},{"type":"Feature","geometry":{"type":"Point","coordinates":[-100.2485581,25.7729747]},"properties":{"name":"Modelorama","kind":"modelorama","place_id":"ChIJXd5DAVjrYoYRn99YUggufKc","address":"Cruz Griega 310, Hacienda Los Pinos I, 66636 Cdad. Apodaca, N.L.","types":["liquor_store","store","point_of_interest","establishment"],"fuente":"places_api","fetched_at":"2026-09-24T22:41:22Z"}},{"type":"Feature","geometry":{"type":"Point","coordinates":[-100.18160069999999,25.779629699999997]},"properties":{"name":"Modelorama","kind":"modelorama","place_id":"ChIJYSdC3wfsYoYRh0u0yh4CdcE","address":"Ignacio Aldama 710, Moderno Apodaca, 66600 Cdad. Apodaca, N.L.","types":["liquor_store","store","point_of_interest","establishment"],"fuente":"places_api","fetched_at":"2026-09-24T22:41:22Z"}},{"type":"Feature","geometry":{"type":"Point","coordinates":[-100.162881,25.752088]},"properties":{"name":"Modelorama","kind":"modelorama","place_id":"ChIJYXGTjtrpYoYRkRu-RSrF9D4","address":"Misión San Marcos 100, Misión de Huinala, 66646 Cdad. Apodaca, N.L.","types":["general_store","liquor_store","convenience_store","food_store","wholesaler","store","food","point_of_interest","service","establishment"],"fuente":"places_api","fetched_at":"2026-09-24T22:41:22Z"}},{"type":"Feature","geometry":{"type":"Point","coordinates":[-100.5739867,25.789698299999998]},"properties":{"name":"Modelorama","kind":"modelorama","place_id":"ChIJYXwLRlOcYoYRXNjMs0B0Gvo","address":"Las Villas 249, 66003 García, N.L.","types":["liquor_store","convenience_store","food_store","wholesaler","store","food","point_of_interest","service","establishment"],"fuente":"places_api","fetched_at":"2026-09-24T22:41:22Z"}},{"type":"Feature","geometry":{"type":"Point","coordinates":[-100.24844,25.795633]},"properties":{"name":"Modelorama","kind":"modelorama","place_id":"ChIJYbYhmAbtYoYRm8cbnwOex74","address":"C. E Sexta 517, Misión de Fundadores, 66612 Cdad. Apodaca, N.L.","types":["liquor_store","convenience_store","wholesaler","food_store","store","service","food","point_of_interest","establishment"],"fuente":"places_api","fetched_at":"2026-09-24T22:41:22Z"}},{"type":"Feature","geometry":{"type":"Point","coordinates":[-100.33933189999999,25.7825682]},"properties":{"name":"Modelorama","kind":"modelorama","place_id":"ChIJYy_3keWTYoYRbJG_lYpkbk8","address":"C. Lima 167, San Genaro 3er Sector, 66070 Cdad. Gral. Escobedo, N.L.","types":["liquor_store","store","point_of_interest","establishment"],"fuente":"places_api","fetched_at":"2026-09-24T22:41:22Z"}},{"type":"Feature","geometry":{"type":"Point","coordinates":[-100.4649214,25.7842244]},"properties":{"name":"Modelorama","kind":"modelorama","place_id":"ChIJZZO-Ii2bYoYRWXbz1j5JVjE","address":"Cto. Misión San Diego 439, Misión San Juan, 66023 Parque Industrial Cdad. Mitras, N.L.","types":["liquor_store","convenience_store","food_store","wholesaler","store","food","point_of_interest","service","establishment"],"fuente":"places_api","fetched_at":"2026-09-24T22:41:22Z"}},{"type":"Feature","geometry":{"type":"Point","coordinates":[-100.313868,25.687148999999998]},"properties":{"name":"Modelorama","kind":"modelorama","place_id":"ChIJ_1kA0pqVYoYRHLTMnSB0Zf8","address":"Democracia 205, Sarabia, 64490 Monterrey, N.L.","types":["liquor_store","store","point_of_interest","establishment"],"fuente":"places_api","fetched_at":"2026-09-24T22:41:22Z"}},{"type":"Feature","geometry":{"type":"Point","coordinates":[-100.1624739,25.667823199999997]},"properties":{"name":"Modelorama","kind":"modelorama","place_id":"ChIJ_1uUfBnCYoYR4QUKm61ljyA","address":"C. Zafiro 230, Santa Cruz Arboledas - 2do Sector, 67196 Guadalupe, N.L.","types":["liquor_store","store","point_of_interest","establishment"],"fuente":"places_api","fetched_at":"2026-09-24T22:41:22Z"}},{"type":"Feature","geometry":{"type":"Point","coordinates":[-100.0933,25.6204]},"properties":{"name":"Modelorama","kind":"modelorama","place_id":"ChIJ_2ldA0jDYoYRsL6kAXfrPr4","address":"Antiguo Camino a San Simón, Residencial Los Huertos, 67256 Cdad. Benito Juárez, N.L.","types":["liquor_store","wholesaler","store","point_of_interest","service","establishment"],"fuente":"places_api","fetched_at":"2026-09-24T22:41:22Z"}},{"type":"Feature","geometry":{"type":"Point","coordinates":[-100.2334877,25.7168584]},"properties":{"name":"Modelorama","kind":"modelorama","place_id":"ChIJ_R01EebqYoYRg8d8FKxH8a4","address":"Av Calz Unión 1116, Parque la Talaverna, 66473 San Nicolás de los Garza, N.L.","types":["general_store","liquor_store","convenience_store","food_store","wholesaler","store","food","point_of_interest","service","establishment"],"fuente":"places_api","fetched_at":"2026-09-24T22:41:22Z"}},{"type":"Feature","geometry":{"type":"Point","coordinates":[-100.49658020000001,25.6945419]},"properties":{"name":"Modelorama","kind":"modelorama","place_id":"ChIJ_S_Z0--YYoYRbql7pR5-XMY","address":"Madrid 1206, Puerta de las Mitras, 66359 Cdad. Santa Catarina, N.L.","types":["liquor_store","brewery","manufacturer","store","food","point_of_interest","service","establishment"],"fuente":"places_api","fetched_at":"2026-09-24T22:41:22Z"}},{"type":"Feature","geometry":{"type":"Point","coordinates":[-100.5898581,25.7959338]},"properties":{"name":"Modelorama","kind":"modelorama","place_id":"ChIJ__mC2QmdYoYRsh5TDpelb00","address":"Sor Juana Inés de La Cruz, Nuevo Amanecer, 66004 García, N.L.","types":["liquor_store","store","point_of_interest","establishment"],"fuente":"places_api","fetched_at":"2026-09-24T22:41:22Z"}},{"type":"Feature","geometry":{"type":"Point","coordinates":[-100.24884399999999,25.682302000000004]},"properties":{"name":"Modelorama","kind":"modelorama","place_id":"ChIJaWgneajqYoYRtM5GZ3NIGJ4","address":"Peral 723, La Huerta, 67140 Guadalupe, N.L.","types":["liquor_store","convenience_store","food_store","wholesaler","store","food","point_of_interest","service","establishment"],"fuente":"places_api","fetched_at":"2026-09-24T22:41:22Z"}},{"type":"Feature","geometry":{"type":"Point","coordinates":[-100.2461958,25.699342899999998]},"properties":{"name":"Modelorama","kind":"modelorama","place_id":"ChIJaa3ipbnqYoYRf0gbKD0AJxk","address":"Av. las Américas Nte. 703, León XIII, 67120 Guadalupe, N.L.","types":["liquor_store","store","point_of_interest","establishment"],"fuente":"places_api","fetched_at":"2026-09-24T22:41:22Z"}},{"type":"Feature","geometry":{"type":"Point","coordinates":[-100.0555187,25.782267899999997]},"properties":{"name":"Modelorama","kind":"modelorama","place_id":"ChIJaeO4i3TmYoYRN--zuXKgNrY","address":"Bernardo Reyes 303, Centro de Pesquería, 66650 Pesquería, N.L.","types":["liquor_store","store","point_of_interest","establishment"],"fuente":"places_api","fetched_at":"2026-09-24T22:41:22Z"}},{"type":"Feature","geometry":{"type":"Point","coordinates":[-100.58886059999999,25.794244799999998]},"properties":{"name":"Modelorama","kind":"modelorama","place_id":"ChIJaxsXC6edYoYRz1W0Hmi7v4k","address":"Pirules 113, Las Arboledas, 66004 García, N.L.","types":["liquor_store","point_of_interest","store","establishment"],"fuente":"places_api","fetched_at":"2026-09-24T22:41:22Z"}},{"type":"Feature","geometry":{"type":"Point","coordinates":[-100.19272099999999,25.6617715]},"properties":{"name":"Modelorama","kind":"modelorama","place_id":"ChIJb4ZsqjvBYoYRLFy6XZ_Gmcw","address":"C. Narcis 1302, Cerro de La Silla (U.c.), 67190 Guadalupe, N.L.","types":["convenience_store","liquor_store","food_store","store","food","point_of_interest","establishment"],"fuente":"places_api","fetched_at":"2026-09-24T22:41:22Z"}},{"type":"Feature","geometry":{"type":"Point","coordinates":[-100.4182177,25.6845845]},"properties":{"name":"Modelorama","kind":"modelorama","place_id":"ChIJbxR98emXYoYR7cutuLe4BwM","address":"Náhuatl 501, La, Fama Dos, 66116 Cdad. Santa Catarina, N.L.","types":["liquor_store","convenience_store","food_store","wholesaler","food","point_of_interest","service","store","establishment"],"fuente":"places_api","fetched_at":"2026-09-24T22:41:22Z"}},{"type":"Feature","geometry":{"type":"Point","coordinates":[-100.25328979999999,25.778768]},"properties":{"name":"Modelorama","kind":"modelorama","place_id":"ChIJbxvTvq7sYoYRUW1Ay8S5pDc","address":"Checoslovaquia 421, Nuevo Amanecer, 66636 Cdad. Apodaca, N.L.","types":["liquor_store","store","point_of_interest","establishment"],"fuente":"places_api","fetched_at":"2026-09-24T22:41:22Z"}},{"type":"Feature","geometry":{"type":"Point","coordinates":[-100.495657,25.68551]},"properties":{"name":"Modelorama","kind":"modelorama","place_id":"ChIJc0ewpQeZYoYRRq5_WoNGzc8","address":"Calle, Sierra San Cristobal 228, Infonavit Lomas de Santa Catarina, 66359 Cdad. Santa Catarina, N.L.","types":["liquor_store","store","point_of_interest","establishment"],"fuente":"places_api","fetched_at":"2026-09-24T22:41:22Z"}},{"type":"Feature","geometry":{"type":"Point","coordinates":[-100.31870959999999,25.7693451]},"properties":{"name":"Modelorama","kind":"modelorama","place_id":"ChIJc86HxImTYoYR0GK-6kKHbis","address":"Oaxaca 109, Celestino Gasca, 66055 Cdad. Gral. Escobedo, N.L.","types":["liquor_store","convenience_store","food_store","store","wholesaler","service","food","point_of_interest","establishment"],"fuente":"places_api","fetched_at":"2026-09-24T22:41:22Z"}},{"type":"Feature","geometry":{"type":"Point","coordinates":[-100.2495522,25.7875163]},"properties":{"name":"Modelorama","kind":"modelorama","place_id":"ChIJcRGv8lXtYoYR8KHjFLBzVtQ","address":"Av Galaxia 511, Metroplex I, 66612 Cdad. Apodaca, N.L.","types":["general_store","convenience_store","liquor_store","wholesaler","food_store","store","service","food","point_of_interest","establishment"],"fuente":"places_api","fetched_at":"2026-09-24T22:41:22Z"}},{"type":"Feature","geometry":{"type":"Point","coordinates":[-100.2401869,25.797940699999998]},"properties":{"name":"Modelorama","kind":"modelorama","place_id":"ChIJceclfcDsYoYRrPUB-Mz1tXA","address":"Esq. calle Jardín de los Framboyanes, C. Jardines de San Andrés, Jardínes de San Andrés, 66635 Cdad. Apodaca, N.L.","types":["liquor_store","brewery","manufacturer","store","service","food","point_of_interest","establishment"],"fuente":"places_api","fetched_at":"2026-09-24T22:41:22Z"}},{"type":"Feature","geometry":{"type":"Point","coordinates":[-100.3614443,25.655293699999998]},"properties":{"name":"Modelorama","kind":"modelorama","place_id":"ChIJcwQTXO-9YoYRtxizGHT8-gw","address":"Del Valle, 66220 San Pedro Garza García, N.L., México","types":["liquor_store","point_of_interest","store","establishment"],"fuente":"places_api","fetched_at":"2026-09-24T22:41:22Z"}},{"type":"Feature","geometry":{"type":"Point","coordinates":[-100.5669437,25.801673899999997]},"properties":{"name":"Modelorama","kind":"modelorama","place_id":"ChIJd4kd3PmcYoYRaJkSNRh6NI4","address":"Av. del Hospital, Valle de San Blas, 66000 García, N.L.","types":["liquor_store","store","point_of_interest","establishment"],"fuente":"places_api","fetched_at":"2026-09-24T22:41:22Z"}},{"type":"Feature","geometry":{"type":"Point","coordinates":[-100.39946839999999,25.776947699999997]},"properties":{"name":"Modelorama","kind":"modelorama","place_id":"ChIJdVovnNmQYoYRqcfPKgTyznw","address":"Av. de los Astros 1028, Barrio Santa Isabel, 66070 Monterrey, N.L.","types":["liquor_store","store","point_of_interest","establishment"],"fuente":"places_api","fetched_at":"2026-09-24T22:41:22Z"}},{"type":"Feature","geometry":{"type":"Point","coordinates":[-100.62287099999999,25.810942999999998]},"properties":{"name":"Modelorama","kind":"modelorama","place_id":"ChIJdYjN0CYniIYRSg5uAO-0xx0","address":"Cristóbal Colón 1982-A, José Páez García, 66362 Ciudad Santa Catarina, N.L.","types":["liquor_store","convenience_store","food_store","wholesaler","food","point_of_interest","service","store","establishment"],"fuente":"places_api","fetched_at":"2026-09-24T22:41:22Z"}},{"type":"Feature","geometry":{"type":"Point","coordinates":[-100.46286549999999,25.693884399999998]},"properties":{"name":"Modelorama","kind":"modelorama","place_id":"ChIJe8n6TUeYYoYRt69hdlBQ7bo","address":"Luis Donaldo Colosio Murrieta 580, Labores Nuevas, 66363 Cdad. Santa Catarina, N.L.","types":["liquor_store","wholesaler","store","point_of_interest","service","establishment"],"fuente":"places_api","fetched_at":"2026-09-24T22:41:22Z"}},{"type":"Feature","geometry":{"type":"Point","coordinates":[-100.34129999999999,25.724597]},"properties":{"name":"Modelorama","kind":"modelorama","place_id":"ChIJe9hAyy2UYoYRt93GCtytG64","address":"Av Penitenciaria 2332, Simon Bolívar, 64270 Monterrey, N.L.","types":["liquor_store","point_of_interest","store","establishment"],"fuente":"places_api","fetched_at":"2026-09-24T22:41:22Z"}},{"type":"Feature","geometry":{"type":"Point","coordinates":[-100.5986696,25.802374000000004]},"properties":{"name":"Modelorama","kind":"modelorama","place_id":"ChIJe9k6iZKdYoYRT6fnWEPjhNQ","address":"Fresco 500, Ampliación Los Nogales, 66000 García, N.L.","types":["liquor_store","convenience_store","food_store","wholesaler","food","point_of_interest","service","store","establishment"],"fuente":"places_api","fetched_at":"2026-09-24T22:41:22Z"}},{"type":"Feature","geometry":{"type":"Point","coordinates":[-100.25559469999999,25.779191299999997]},"properties":{"name":"Modelorama","kind":"modelorama","place_id":"ChIJeVmpcazsYoYRl4n5TJgiMXg","address":"Av Costa Rica 601-S, Prados de La Cieneguita, 66636 Cdad. Apodaca, N.L.","types":["liquor_store","store","point_of_interest","establishment"],"fuente":"places_api","fetched_at":"2026-09-24T22:41:22Z"}},{"type":"Feature","geometry":{"type":"Point","coordinates":[-100.4564559,25.662951399999997]},"properties":{"name":"Modelorama","kind":"modelorama","place_id":"ChIJf2kDM6eiYoYRnSx1m-s-ZB8","address":"Alfonso Martínez Domínguez 423, Enrique Rangel, 66354 Cdad. Santa Catarina, N.L.","types":["liquor_store","point_of_interest","store","establishment"],"fuente":"places_api","fetched_at":"2026-09-24T22:41:22Z"}},{"type":"Feature","geometry":{"type":"Point","coordinates":[-100.3423088,25.711241599999997]},"properties":{"name":"Modelorama","kind":"modelorama","place_id":"ChIJf5yDFNGVYoYRexdFF-kqkPE","address":"Av Rodrigo Gómez 100, Central, 64190 Monterrey, N.L.","types":["liquor_store","convenience_store","food_store","wholesaler","food","point_of_interest","service","store","establishment"],"fuente":"places_api","fetched_at":"2026-09-24T22:41:22Z"}},{"type":"Feature","geometry":{"type":"Point","coordinates":[-100.3880191,25.783219499999998]},"properties":{"name":"Modelorama","kind":"modelorama","place_id":"ChIJh6BGxyORYoYR3eFLHn3bXlY","address":"Nitrógeno 407, Barrio Acero, 64102 Monterrey, N.L.","types":["liquor_store","store","point_of_interest","establishment"],"fuente":"places_api","fetched_at":"2026-09-24T22:41:22Z"}},{"type":"Feature","geometry":{"type":"Point","coordinates":[-100.25583929999999,25.8166747]},"properties":{"name":"Modelorama","kind":"modelorama","place_id":"ChIJhTlLNdTsYoYRNKeKVLYu2n4","address":"Av. Los Amarantos 392, Los Amarantos, 66613 Cdad. Apodaca, N.L.","types":["liquor_store","store","point_of_interest","establishment"],"fuente":"places_api","fetched_at":"2026-09-24T22:41:22Z"}},{"type":"Feature","geometry":{"type":"Point","coordinates":[-100.2459907,25.7686854]},"properties":{"name":"Modelorama","kind":"modelorama","place_id":"ChIJhbONFlnrYoYRyE7TKucaHpo","address":"Del Chopo 101, Fresnos X, 66636 Cdad. Apodaca, N.L.","types":["liquor_store","store","point_of_interest","establishment"],"fuente":"places_api","fetched_at":"2026-09-24T22:41:22Z"}},{"type":"Feature","geometry":{"type":"Point","coordinates":[-100.142485,25.610832]},"properties":{"name":"Modelorama","kind":"modelorama","place_id":"ChIJi0NW_pPDYoYRUpYbx6MNxfI","address":"Monte Ideal 115-117, Monte Kristal, 67280 Cdad. Benito Juárez, N.L.","types":["liquor_store","store","point_of_interest","establishment"],"fuente":"places_api","fetched_at":"2026-09-24T22:41:22Z"}},{"type":"Feature","geometry":{"type":"Point","coordinates":[-100.61171399999999,25.8002391]},"properties":{"name":"Modelorama","kind":"modelorama","place_id":"ChIJiy5nAHqdYoYRCN6FICli13o","address":"Av. Maravillas 641, 66006 García, N.L.","types":["liquor_store","convenience_store","food_store","wholesaler","food","point_of_interest","service","store","establishment"],"fuente":"places_api","fetched_at":"2026-09-24T22:41:22Z"}},{"type":"Feature","geometry":{"type":"Point","coordinates":[-100.492995,25.679422000000002]},"properties":{"name":"Modelorama","kind":"modelorama","place_id":"ChIJj-_FfY6YYoYRFwl2ZfGHpJM","address":"Pradera 918, Prados de Santa Catarina, 64100 Cdad. Santa Catarina, N.L.","types":["general_store","liquor_store","convenience_store","food_store","wholesaler","store","food","point_of_interest","service","establishment"],"fuente":"places_api","fetched_at":"2026-09-24T22:41:22Z"}},{"type":"Feature","geometry":{"type":"Point","coordinates":[-100.24744899999999,25.778226]},"properties":{"name":"Modelorama","kind":"modelorama","place_id":"ChIJj7S6bqbsYoYRdWRMk-0SInY","address":"Chipre 217, Nuevo Amanecer, 66636 Cdad. Apodaca, N.L.","types":["liquor_store","store","point_of_interest","establishment"],"fuente":"places_api","fetched_at":"2026-09-24T22:41:22Z"}},{"type":"Feature","geometry":{"type":"Point","coordinates":[-100.37672839999999,25.7765147]},"properties":{"name":"Modelorama","kind":"modelorama","place_id":"ChIJjUo55jmRYoYRB2Uz-hxTpVI","address":"Segadora 9992, San Bernabé X Sector, 64105 Monterrey, N.L.","types":["liquor_store","store","point_of_interest","establishment"],"fuente":"places_api","fetched_at":"2026-09-24T22:41:22Z"}},{"type":"Feature","geometry":{"type":"Point","coordinates":[-100.165601,25.655844]},"properties":{"name":"Modelorama","kind":"modelorama","place_id":"ChIJk6vFsCbCYoYR8X7hBJOWPeE","address":"Del Valle 101, Valle del Sol (FOMERREY-130), 67195 Guadalupe, N.L.","types":["liquor_store","convenience_store","food_store","wholesaler","store","food","point_of_interest","service","establishment"],"fuente":"places_api","fetched_at":"2026-09-24T22:41:22Z"}},{"type":"Feature","geometry":{"type":"Point","coordinates":[-100.2628824,25.7873511]},"properties":{"name":"Modelorama","kind":"modelorama","place_id":"ChIJkRFcVkyTYoYRorq53jabft0","address":"Litio 446, Nuevo Las Puentes I, 66612 Cdad. Apodaca, N.L.","types":["general_store","convenience_store","liquor_store","food_store","store","wholesaler","service","food","point_of_interest","establishment"],"fuente":"places_api","fetched_at":"2026-09-24T22:41:22Z"}},{"type":"Feature","geometry":{"type":"Point","coordinates":[-100.2285168,25.8224508]},"properties":{"name":"Modelorama","kind":"modelorama","place_id":"ChIJlZeHDh3tYoYRKkU3B44hR7w","address":"Faisán 233, Paseo de Santa Rosa, 66600 Cdad. Apodaca, N.L.","types":["liquor_store","convenience_store","food_store","store","wholesaler","service","food","point_of_interest","establishment"],"fuente":"places_api","fetched_at":"2026-09-24T22:41:22Z"}},{"type":"Feature","geometry":{"type":"Point","coordinates":[-100.3574979,25.706256099999997]},"properties":{"name":"Modelorama","kind":"modelorama","place_id":"ChIJla_AmnCWYoYRHUNxXHLeFzM","address":"Abarrotes, Ejército Constitucionalista 4600-C, Adolfo López Mateos, 64380 Monterrey, N.L.","types":["liquor_store","convenience_store","food_store","wholesaler","food","point_of_interest","service","store","establishment"],"fuente":"places_api","fetched_at":"2026-09-24T22:41:22Z"}},{"type":"Feature","geometry":{"type":"Point","coordinates":[-100.1001737,25.633976399999998]},"properties":{"name":"Modelorama","kind":"modelorama","place_id":"ChIJmx_LiBjDYoYRhRgOwaYz2rg","address":"Calle Prol. Pablo Livas 200, San Miguelito 1er Sector, 67250 Cdad. Benito Juárez, N.L.","types":["liquor_store","convenience_store","food_store","wholesaler","store","food","point_of_interest","service","establishment"],"fuente":"places_api","fetched_at":"2026-09-24T22:41:22Z"}},{"type":"Feature","geometry":{"type":"Point","coordinates":[-100.304245,25.675126]},"properties":{"name":"Modelorama","kind":"modelorama","place_id":"ChIJmxbbh8O_YoYRfg17R2ZJZ_c","address":"C. Aramberri 1126 Ote, Centro, 64000 Monterrey, N.L.","types":["general_store","convenience_store","liquor_store","food_store","wholesaler","food","point_of_interest","service","store","establishment"],"fuente":"places_api","fetched_at":"2026-09-24T22:41:22Z"}},{"type":"Feature","geometry":{"type":"Point","coordinates":[-100.22411489999999,25.6577682]},"properties":{"name":"Modelorama","kind":"modelorama","place_id":"ChIJmxzyJ0jAYoYRde0G4EtbRCg","address":"Lic. Virgilio Larralde 2701A, Arboledas de La Silla, 67182 Guadalupe, N.L.","types":["liquor_store","store","point_of_interest","establishment"],"fuente":"places_api","fetched_at":"2026-09-24T22:41:22Z"}},{"type":"Feature","geometry":{"type":"Point","coordinates":[-100.378962,25.795415]},"properties":{"name":"Modelorama","kind":"modelorama","place_id":"ChIJnS8AbRGRYoYRjMrttNl70F8","address":"4 de Octubre 210, Nuevo Escobedo, 66064 Cdad. Gral. Escobedo, N.L.","types":["liquor_store","convenience_store","food_store","wholesaler","store","food","point_of_interest","service","establishment"],"fuente":"places_api","fetched_at":"2026-09-24T22:41:22Z"}},{"type":"Feature","geometry":{"type":"Point","coordinates":[-100.2156189,25.6673245]},"properties":{"name":"Modelorama","kind":"modelorama","place_id":"ChIJo-orKDPAYoYR1jXbPS9geTI","address":"Benito Juárez 4306, Sin Nombre de Col 23, 67185 Guadalupe, N.L.","types":["liquor_store","store","point_of_interest","establishment"],"fuente":"places_api","fetched_at":"2026-09-24T22:41:22Z"}},{"type":"Feature","geometry":{"type":"Point","coordinates":[-100.2408763,25.7703046]},"properties":{"name":"Modelorama","kind":"modelorama","place_id":"ChIJo8ydpl_rYoYRPVA5ly4zadw","address":"Honduras 113, Nuevo Amanecer 2o Sector, 66636 Cdad. Apodaca, N.L.","types":["liquor_store","convenience_store","food_store","store","wholesaler","service","food","point_of_interest","establishment"],"fuente":"places_api","fetched_at":"2026-09-24T22:41:22Z"}},{"type":"Feature","geometry":{"type":"Point","coordinates":[-100.2341049,25.6633173]},"properties":{"name":"Modelorama","kind":"modelorama","place_id":"ChIJoxYxJjzAYoYRJFu19tw1ds8","address":"Tlaxcala 2720, Vivienda Popular, 67170 Guadalupe, N.L.","types":["liquor_store","convenience_store","food_store","wholesaler","store","food","point_of_interest","service","establishment"],"fuente":"places_api","fetched_at":"2026-09-24T22:41:22Z"}},{"type":"Feature","geometry":{"type":"Point","coordinates":[-100.30112609999999,25.795198199999998]},"properties":{"name":"Modelorama","kind":"modelorama","place_id":"ChIJp4debwuTYoYRvihIcc2utKg","address":"Cerro del Topo Chico 964, Lázaro Cárdenas, 66055 Cdad. Gral. Escobedo, N.L.","types":["liquor_store","convenience_store","food_store","wholesaler","store","food","point_of_interest","service","establishment"],"fuente":"places_api","fetched_at":"2026-09-24T22:41:22Z"}},{"type":"Feature","geometry":{"type":"Point","coordinates":[-100.176262,25.626309199999998]},"properties":{"name":"Modelorama","kind":"modelorama","place_id":"ChIJp_ijUnvBYoYRXuVaPtXBpsw","address":"San Jorge 722, Santa Monica Sector 8, Jardines de la Silla, 67250 Jardines de la Silla, N.L.","types":["liquor_store","bar","store","point_of_interest","establishment"],"fuente":"places_api","fetched_at":"2026-09-24T22:41:22Z"}},{"type":"Feature","geometry":{"type":"Point","coordinates":[-100.3580342,25.7453722]},"properties":{"name":"Modelorama","kind":"modelorama","place_id":"ChIJqeykq6OWYoYRI1Z391rQj_k","address":"Calle Lic. Augusto Gómez Villanueva 103-167, Valle de Santa Lucía, 64140 Monterrey, N.L.","types":["liquor_store","point_of_interest","store","establishment"],"fuente":"places_api","fetched_at":"2026-09-24T22:41:22Z"}},{"type":"Feature","geometry":{"type":"Point","coordinates":[-100.6005256,25.796565899999997]},"properties":{"name":"Modelorama","kind":"modelorama","place_id":"ChIJqxiYpnWdYoYRa5NhaP1IzN0","address":"Av. Balcones de García 70, Los Nogales, 66006 García, N.L.","types":["liquor_store","convenience_store","food_store","wholesaler","food","point_of_interest","service","store","establishment"],"fuente":"places_api","fetched_at":"2026-09-24T22:41:22Z"}},{"type":"Feature","geometry":{"type":"Point","coordinates":[-100.3035862,25.8032272]},"properties":{"name":"Modelorama","kind":"modelorama","place_id":"ChIJrQXZFgiTYoYR0tPsk8WmtOQ","address":"C. Constitución 160, Belisario Domínguez, 66053 Cdad. Gral. Escobedo, N.L.","types":["liquor_store","store","point_of_interest","establishment"],"fuente":"places_api","fetched_at":"2026-09-24T22:41:22Z"}},{"type":"Feature","geometry":{"type":"Point","coordinates":[-100.32983499999999,25.691177]},"properties":{"name":"Modelorama","kind":"modelorama","place_id":"ChIJrSokgeyVYoYR0c8u1Nt4ZQI","address":"Calle Guadalupe Victoria 1909, Diez de Marzo, 64488 Monterrey, N.L.","types":["general_store","convenience_store","liquor_store","wholesaler","food_store","store","service","food","point_of_interest","establishment"],"fuente":"places_api","fetched_at":"2026-09-24T22:41:22Z"}},{"type":"Feature","geometry":{"type":"Point","coordinates":[-100.192426,25.710218599999997]},"properties":{"name":"Modelorama","kind":"modelorama","place_id":"ChIJrwfOfj_qYoYR9WtVyXQXpsE","address":"Río Nazas, Villas del Río, 67112 Guadalupe, N.L.","types":["liquor_store","store","point_of_interest","establishment"],"fuente":"places_api","fetched_at":"2026-09-24T22:41:22Z"}},{"type":"Feature","geometry":{"type":"Point","coordinates":[-100.193838,25.782819]},"properties":{"name":"Modelorama","kind":"modelorama","place_id":"ChIJs7XUTw7sYoYRGhlUmRvV3IQ","address":"C. Reforma 801, Cabecera Municipal (Apodaca), Apodaca Centro, 66605 Cdad. Apodaca, N.L.","types":["liquor_store","convenience_store","food_store","store","wholesaler","service","food","point_of_interest","establishment"],"fuente":"places_api","fetched_at":"2026-09-24T22:41:22Z"}},{"type":"Feature","geometry":{"type":"Point","coordinates":[-100.5872064,25.7874907]},"properties":{"name":"Modelorama","kind":"modelorama","place_id":"ChIJsX6UmKWdYoYRK1aTPsKEYHc","address":"Cipreses 461, Las Arboledas, 66004 García, N.L.","types":["liquor_store","point_of_interest","store","establishment"],"fuente":"places_api","fetched_at":"2026-09-24T22:41:22Z"}},{"type":"Feature","geometry":{"type":"Point","coordinates":[-100.2029585,25.66877]},"properties":{"name":"Modelorama","kind":"modelorama","place_id":"ChIJswBAccXBYoYRUZbSDD6iLtQ","address":"Av. Evolución 205-b, Tacubaya, 67190 Guadalupe, N.L.","types":["liquor_store","store","point_of_interest","establishment"],"fuente":"places_api","fetched_at":"2026-09-24T22:41:22Z"}},{"type":"Feature","geometry":{"type":"Point","coordinates":[-100.576476,25.79834]},"properties":{"name":"Modelorama","kind":"modelorama","place_id":"ChIJsyYnXQCdYoYRAqTOs16SaL8","address":"Titanio 220, Paseo de las Minas, 66000 García, N.L.","types":["general_store","liquor_store","convenience_store","food_store","wholesaler","store","food","point_of_interest","service","establishment"],"fuente":"places_api","fetched_at":"2026-09-24T22:41:22Z"}},{"type":"Feature","geometry":{"type":"Point","coordinates":[-100.1726005,25.6299264]},"properties":{"name":"Modelorama","kind":"modelorama","place_id":"ChIJt8Gttn3BYoYRHSNtvr2v5os","address":"Cam. a Rancho Viejo 310, Rancho Viejo, Jardines de la Silla, 67288 Cd Apodaca, N.L.","types":["liquor_store","store","point_of_interest","establishment"],"fuente":"places_api","fetched_at":"2026-09-24T22:41:22Z"}},{"type":"Feature","geometry":{"type":"Point","coordinates":[-100.33278,25.70269]},"properties":{"name":"Modelorama","kind":"modelorama","place_id":"ChIJuRXLVcGVYoYRWBGIX51gf9c","address":"Thomas Alba Edison 2003, Pedro Lozano, 64400 Monterrey, N.L.","types":["liquor_store","store","point_of_interest","establishment"],"fuente":"places_api","fetched_at":"2026-09-24T22:41:22Z"}},{"type":"Feature","geometry":{"type":"Point","coordinates":[-100.0850226,25.643086999999998]},"properties":{"name":"Modelorama","kind":"modelorama","place_id":"ChIJuSMtayrDYoYRm8am5zknupI","address":"Blvd. Hacienda San José, Centro de Benito Juárez, 67250 Cdad. Benito Juárez, N.L.","types":["liquor_store","store","point_of_interest","establishment"],"fuente":"places_api","fetched_at":"2026-09-24T22:41:22Z"}},{"type":"Feature","geometry":{"type":"Point","coordinates":[-100.178763,25.636761999999997]},"properties":{"name":"Modelorama","kind":"modelorama","place_id":"ChIJuTOVY3jBYoYRDmyw_L2Xqug","address":"Jesús García 500, Heroes de Nacozari, Jardines de la Silla, 67288 Jardines de la Silla, N.L.","types":["liquor_store","store","point_of_interest","establishment"],"fuente":"places_api","fetched_at":"2026-09-24T22:41:22Z"}},{"type":"Feature","geometry":{"type":"Point","coordinates":[-100.497214,25.6845759]},"properties":{"name":"Modelorama","kind":"modelorama","place_id":"ChIJuVsvuJKYYoYRmsx9lAvzIhc","address":"Sierra de Caliza 123, Infonavit Lomas de Santa Catarina, 66359 Cdad. Santa Catarina, N.L.","types":["liquor_store","store","point_of_interest","establishment"],"fuente":"places_api","fetched_at":"2026-09-24T22:41:22Z"}},{"type":"Feature","geometry":{"type":"Point","coordinates":[-100.3668852,25.765137700000004]},"properties":{"name":"Modelorama","kind":"modelorama","place_id":"ChIJu_e0VEuRYoYRZ_mzr55CsRg","address":"C. Julio A. Roca 9620, San Bernabé VIII Sector (Fomerrey 125), 64206 Monterrey, N.L.","types":["liquor_store","point_of_interest","store","establishment"],"fuente":"places_api","fetched_at":"2026-09-24T22:41:22Z"}},{"type":"Feature","geometry":{"type":"Point","coordinates":[-100.32893,25.70816]},"properties":{"name":"Modelorama","kind":"modelorama","place_id":"ChIJv0Wsw8eVYoYRJ_W0JYRxz4s","address":"Termópilas 3407, Estrella, 64400 Monterrey, N.L.","types":["liquor_store","point_of_interest","store","establishment"],"fuente":"places_api","fetched_at":"2026-09-24T22:41:22Z"}},{"type":"Feature","geometry":{"type":"Point","coordinates":[-100.2787444,25.6603487]},"properties":{"name":"Modelorama","kind":"modelorama","place_id":"ChIJv7YzS_u_YoYRbB0whsZEQRo","address":"Av. José Alvarado s/n, Jardín Español, 64820 Monterrey, N.L.","types":["liquor_store","point_of_interest","store","establishment"],"fuente":"places_api","fetched_at":"2026-09-24T22:41:22Z"}},{"type":"Feature","geometry":{"type":"Point","coordinates":[-100.26244,25.809562999999997]},"properties":{"name":"Modelorama","kind":"modelorama","place_id":"ChIJwSZSQS2TYoYRlbv80KzHfdA","address":"Av. Adolfo López Mateos 32, Sin Nombre de Col 1, 66613 Cdad. Apodaca, N.L.","types":["general_store","liquor_store","convenience_store","food_store","wholesaler","store","food","point_of_interest","service","establishment"],"fuente":"places_api","fetched_at":"2026-09-24T22:41:22Z"}},{"type":"Feature","geometry":{"type":"Point","coordinates":[-100.2314652,25.668379299999998]},"properties":{"name":"Modelorama","kind":"modelorama","place_id":"ChIJwzm3sTzAYoYRlbUgJhQ4ees","address":"Av. Gral. Lázaro Cárdenas 1300, Vivienda Popular, 67176 Guadalupe, N.L.","types":["liquor_store","store","point_of_interest","establishment"],"fuente":"places_api","fetched_at":"2026-09-24T22:41:22Z"}},{"type":"Feature","geometry":{"type":"Point","coordinates":[-100.6271446,25.8147777]},"properties":{"name":"Modelorama","kind":"modelorama","place_id":"ChIJx-uSp8QniIYRZnVXw68VexU","address":"Sta. Patricia 201-A, 66000 García, N.L.","types":["liquor_store","convenience_store","food_store","wholesaler","food","point_of_interest","service","store","establishment"],"fuente":"places_api","fetched_at":"2026-09-24T22:41:22Z"}},{"type":"Feature","geometry":{"type":"Point","coordinates":[-100.1500465,25.619853]},"properties":{"name":"Modelorama","kind":"modelorama","place_id":"ChIJxQ6Z_MDDYoYRKr7gQbzCYJM","address":"San Francisco de Asís 316, Juárez, 67280 Arboledas de San Roque, N.L.","types":["liquor_store","store","point_of_interest","establishment"],"fuente":"places_api","fetched_at":"2026-09-24T22:41:22Z"}},{"type":"Feature","geometry":{"type":"Point","coordinates":[-100.37790249999999,25.8004985]},"properties":{"name":"Modelorama","kind":"modelorama","place_id":"ChIJxX4YCg6RYoYRpt93easdUXI","address":"Alfonso Martínez Domínguez 201, Nuevo Escobedo, 66063 Cdad. Gral. Escobedo, N.L.","types":["liquor_store","convenience_store","food_store","store","wholesaler","service","food","point_of_interest","establishment"],"fuente":"places_api","fetched_at":"2026-09-24T22:41:22Z"}},{"type":"Feature","geometry":{"type":"Point","coordinates":[-100.2572739,25.807551699999998]},"properties":{"name":"Modelorama","kind":"modelorama","place_id":"ChIJxeT4LfTsYoYR6dRjEgOaHMY","address":"Alfonso Reyes 242, Moises Sáenz, 66600 Cdad. Apodaca, N.L.","types":["general_store","convenience_store","liquor_store","food_store","store","wholesaler","service","food","point_of_interest","establishment"],"fuente":"places_api","fetched_at":"2026-09-24T22:41:22Z"}},{"type":"Feature","geometry":{"type":"Point","coordinates":[-100.1926013,25.6446243]},"properties":{"name":"Modelorama","kind":"modelorama","place_id":"ChIJy-qle6LBYoYRcMNdG8wQ_T0","address":"Rancho El Manzano 246, Rancho Viejo, 67192 Guadalupe, N.L.","types":["liquor_store","convenience_store","food_store","wholesaler","store","food","point_of_interest","service","establishment"],"fuente":"places_api","fetched_at":"2026-09-24T22:41:22Z"}},{"type":"Feature","geometry":{"type":"Point","coordinates":[-100.5664115,25.785460699999998]},"properties":{"name":"Modelorama","kind":"modelorama","place_id":"ChIJyeWR8lGcYoYRvanRdzWCmjs","address":"Av. Villas del Alcali, Villas de Álcali, 66000 García, N.L.","types":["liquor_store","wholesaler","store","point_of_interest","service","establishment"],"fuente":"places_api","fetched_at":"2026-09-24T22:41:22Z"}},{"type":"Feature","geometry":{"type":"Point","coordinates":[-100.3535723,25.7345293]},"properties":{"name":"Modelorama","kind":"modelorama","place_id":"ChIJz9oSQ5yWYoYRMAdF2pKl3qo","address":"Av. Azteca 3944, Santa Cruz (Fomerrey 10), 64160 Monterrey, N.L.","types":["liquor_store","convenience_store","wholesaler","food_store","store","service","food","point_of_interest","establishment"],"fuente":"places_api","fetched_at":"2026-09-24T22:41:22Z"}},{"type":"Feature","geometry":{"type":"Point","coordinates":[-100.2443278,25.8242138]},"properties":{"name":"Modelorama","kind":"modelorama","place_id":"ChIJzUlvwybtYoYRl295oZgZu-c","address":"Av. Andrómeda 151, 66614 Fraccionamiento Cosmópolis Octavo Sector, N.L.","types":["liquor_store","store","point_of_interest","establishment"],"fuente":"places_api","fetched_at":"2026-09-24T22:41:22Z"}},{"type":"Feature","geometry":{"type":"Point","coordinates":[-100.19151,25.766935000000004]},"properties":{"name":"Modelorama","kind":"modelorama","place_id":"ChIJzyjs4vLrYoYRSoc04B7wRos","address":"Av. Concordia, Sin Nombre de Col 26, 66600 M Apodaca, Nuevo León","types":["liquor_store","store","point_of_interest","establishment"],"fuente":"places_api","fetched_at":"2026-09-24T22:41:22Z"}},{"type":"Feature","geometry":{"type":"Point","coordinates":[-100.07930089999999,25.654145999999997]},"properties":{"name":"Modelorama \"El Chato\"","kind":"modelorama","place_id":"ChIJk2uKJi7dYoYROmT-pwf17tU","address":"Alcatraz 127, Villas de San Jose, Colinas de San Juan(Colinas de La Morena), 67254 Cdad. Benito Juárez, N.L.","types":["grocery_store","food_store","store","food","point_of_interest","establishment"],"fuente":"places_api","fetched_at":"2026-09-24T22:41:22Z"}},{"type":"Feature","geometry":{"type":"Point","coordinates":[-100.2408457,25.7843969]},"properties":{"name":"Modelorama Alcanfor","kind":"modelorama","place_id":"ChIJh9QAJKPsYoYRTiRc8U7lfiI","address":"Ébano Sur Ote. 552, Bosques Real I, 66636 Cdad. Apodaca, N.L.","types":["general_store","convenience_store","liquor_store","food_store","store","wholesaler","service","food","point_of_interest","establishment"],"fuente":"places_api","fetched_at":"2026-09-24T22:41:22Z"}},{"type":"Feature","geometry":{"type":"Point","coordinates":[-100.2882995,25.6369625]},"properties":{"name":"Modelorama Alfonso Reyes MTY","kind":"modelorama","place_id":"ChIJEfJIEi-_YoYRMeFg0fjLytg","address":"Av. Alfonso Reyes 2904, Villa Los Pinos, 64770 Monterrey, N.L.","types":["liquor_store","point_of_interest","store","establishment"],"fuente":"places_api","fetched_at":"2026-09-24T22:41:22Z"}},{"type":"Feature","geometry":{"type":"Point","coordinates":[-100.1610891,25.7402835]},"properties":{"name":"Modelorama Antonio","kind":"modelorama","place_id":"ChIJuU2XHkrpYoYR7yv2MwBrGSs","address":"Reforma 319, Huinala, 66640 Cdad. Apodaca, N.L.","types":["liquor_store","store","point_of_interest","establishment"],"fuente":"places_api","fetched_at":"2026-09-24T22:41:22Z"}},{"type":"Feature","geometry":{"type":"Point","coordinates":[-100.1098744,25.8223184]},"properties":{"name":"Modelorama Av. Central 1300","kind":"modelorama","place_id":"ChIJm--pvBvvYoYRkRNbJHr3pvY","address":"Av. Central 1300, 66655 Colinas del Aeropuerto, N.L.","types":["convenience_store","liquor_store","food_store","store","wholesaler","service","food","point_of_interest","establishment"],"fuente":"places_api","fetched_at":"2026-09-24T22:41:22Z"}},{"type":"Feature","geometry":{"type":"Point","coordinates":[-100.19394969999999,25.694058899999998]},"properties":{"name":"Modelorama Av. Principal 222","kind":"modelorama","place_id":"ChIJOU91vnLqYoYRGYNcj18SCyA","address":"Cuernavaca 6900, Riberas de La Silla, 67116 Guadalupe, N.L.","types":["liquor_store","store","point_of_interest","establishment"],"fuente":"places_api","fetched_at":"2026-09-24T22:41:22Z"}},{"type":"Feature","geometry":{"type":"Point","coordinates":[-100.2418533,25.752331299999998]},"properties":{"name":"Modelorama Avenida Aceros #503 Nuevo Mezquital","kind":"modelorama","place_id":"ChIJi-DmGxfrYoYRx-syNuT1LVY","address":"Av. Aceros 503, Balcones del Mezquital, 66437 San Nicolás de los Garza, N.L.","types":["liquor_store","store","point_of_interest","establishment"],"fuente":"places_api","fetched_at":"2026-09-24T22:41:22Z"}},{"type":"Feature","geometry":{"type":"Point","coordinates":[-100.1134475,25.6409104]},"properties":{"name":"Modelorama Delivery🍺🛵","kind":"modelorama","place_id":"ChIJSS3ZWADDYoYR3YxzEeVTWU4","address":"P.º Las Lomas 316, 67260 Cdad. Benito Juárez, N.L.","types":["bar","convenience_store","food_store","wholesaler","store","food","point_of_interest","service","establishment"],"fuente":"places_api","fetched_at":"2026-09-24T22:41:22Z"}},{"type":"Feature","geometry":{"type":"Point","coordinates":[-100.1925222,25.649036499999998]},"properties":{"name":"Modelorama Dulce","kind":"modelorama","place_id":"ChIJ7ym_hJbBYoYR9YLVgh18sEY","address":"Rancho Seco 125, Rincón de La Sierra, 67192 Guadalupe, N.L.","types":["liquor_store","store","point_of_interest","establishment"],"fuente":"places_api","fetched_at":"2026-09-24T22:41:22Z"}},{"type":"Feature","geometry":{"type":"Point","coordinates":[-100.27359369999999,25.7455286]},"properties":{"name":"Modelorama El parral","kind":"modelorama","place_id":"ChIJ1aIkGzuVYoYR-U1pD_3hnhA","address":"Sierra del Parral 801-A, Las Puetes 10o Sector, 66460 San Nicolás de los Garza, N.L.","types":["general_store","convenience_store","liquor_store","wholesaler","food_store","store","service","food","point_of_interest","establishment"],"fuente":"places_api","fetched_at":"2026-09-24T22:41:22Z"}},{"type":"Feature","geometry":{"type":"Point","coordinates":[-100.2466431,25.590606500000003]},"properties":{"name":"Modelorama Estanzuela-Fomerrey-45","kind":"modelorama","place_id":"ChIJ8X9mdDfBYoYR1i0Js2JZmR8","address":"P.º Enramada 6268, Villas La Rioja, 64988 Monterrey, N.L.","types":["liquor_store","store","point_of_interest","establishment"],"fuente":"places_api","fetched_at":"2026-09-24T22:41:22Z"}},{"type":"Feature","geometry":{"type":"Point","coordinates":[-100.1477874,25.671201999999997]},"properties":{"name":"Modelorama Evolucion","kind":"modelorama","place_id":"ChIJkSzMIADDYoYRy6F78k0vHwQ","address":"La Ascensión 211, Evolución, 67200 Guadalupe, N.L.","types":["liquor_store","store","point_of_interest","establishment"],"fuente":"places_api","fetched_at":"2026-09-24T22:41:22Z"}},{"type":"Feature","geometry":{"type":"Point","coordinates":[-100.382941,25.762596]},"properties":{"name":"Modelorama Farolillo","kind":"modelorama","place_id":"ChIJYVJLXM2WYoYRqa6RxNxO2Oo","address":"C. Farolillo 9417, San Bernabé XIII Sector, 64106 Monterrey, N.L.","types":["convenience_store","liquor_store","wholesaler","food_store","store","service","food","point_of_interest","establishment"],"fuente":"places_api","fetched_at":"2026-09-24T22:41:22Z"}},{"type":"Feature","geometry":{"type":"Point","coordinates":[-100.31723459999999,25.8010722]},"properties":{"name":"Modelorama Hernández","kind":"modelorama","place_id":"ChIJT68O_riTYoYRzi5i1nbCPpo","address":"P.º del Reposo 100, Jardines de Escobedo, 66051 Cdad. Gral. Escobedo, N.L.","types":["liquor_store","store","point_of_interest","establishment"],"fuente":"places_api","fetched_at":"2026-09-24T22:41:22Z"}},{"type":"Feature","geometry":{"type":"Point","coordinates":[-100.0835305,25.6554208]},"properties":{"name":"Modelorama Hilario","kind":"modelorama","place_id":"ChIJw8DpcQDDYoYRtDcq8MRgsiY","address":"Real de San Hilario 147, Real de San José 2 Sector, 67254 Cdad. Benito Juárez, N.L.","types":["point_of_interest","service","establishment"],"fuente":"places_api","fetched_at":"2026-09-24T22:41:22Z"}},{"type":"Feature","geometry":{"type":"Point","coordinates":[-100.2348391,25.715049399999998]},"properties":{"name":"Modelorama Las Flores","kind":"modelorama","place_id":"ChIJk7tgPufqYoYRNSOEW42DCZU","address":"Av. las Flores 359, Parque la Talaverna, 66496 San Nicolás de los Garza, N.L.","types":["liquor_store","store","point_of_interest","establishment"],"fuente":"places_api","fetched_at":"2026-09-24T22:41:22Z"}},{"type":"Feature","geometry":{"type":"Point","coordinates":[-100.1909092,25.721533700000002]},"properties":{"name":"Modelorama Loma Bonita","kind":"modelorama","place_id":"ChIJvYOHtDfqYoYRrayc6aJUkbc","address":"Loma Bonita # 152, Lomas de San Miguel, 67113 Guadalupe, N.L.","types":["liquor_store","store","point_of_interest","establishment"],"fuente":"places_api","fetched_at":"2026-09-24T22:41:22Z"}},{"type":"Feature","geometry":{"type":"Point","coordinates":[-100.2421648,25.7377734]},"properties":{"name":"Modelorama López Mateos","kind":"modelorama","place_id":"ChIJuxkTQSPrYoYR1exHiUDkHoQ","address":"Av. Lic. Adolfo López Mateos 1119, Margarita Salazar, 66479 San Nicolás de los Garza, N.L.","types":["liquor_store","store","point_of_interest","establishment"],"fuente":"places_api","fetched_at":"2026-09-24T22:41:22Z"}},{"type":"Feature","geometry":{"type":"Point","coordinates":[-100.35065639999999,25.7371095]},"properties":{"name":"Modelorama Maya","kind":"modelorama","place_id":"ChIJbQ-MCJ6WYoYR_8RKfN78FsA","address":"Maya 104, Unidad Modelo, 64140 Monterrey, N.L.","types":["liquor_store","convenience_store","wholesaler","food_store","store","service","food","point_of_interest","establishment"],"fuente":"places_api","fetched_at":"2026-09-24T22:41:22Z"}},{"type":"Feature","geometry":{"type":"Point","coordinates":[-100.36214269999999,25.808335]},"properties":{"name":"Modelorama Mod. Pedregal","kind":"modelorama","place_id":"ChIJH77zbXeRYoYRXlpaad0KoIQ","address":"Av. las Torres 1224, Pedregal del Topo Chico, 66061 Cdad. Gral. Escobedo, N.L.","types":["convenience_store","food_store","store","food","point_of_interest","establishment"],"fuente":"places_api","fetched_at":"2026-09-24T22:41:22Z"}},{"type":"Feature","geometry":{"type":"Point","coordinates":[-100.3202,25.79777]},"properties":{"name":"Modelorama Monterreal","kind":"modelorama","place_id":"ChIJd89hi7uTYoYRs44J2TnuuUc","address":"Calle Cto. de la Paz 390, Monte Real, 66056 Cdad. Gral. Escobedo, N.L.","types":["liquor_store","store","point_of_interest","establishment"],"fuente":"places_api","fetched_at":"2026-09-24T22:41:22Z"}},{"type":"Feature","geometry":{"type":"Point","coordinates":[-100.19823650000001,25.688462899999998]},"properties":{"name":"Modelorama NP Saldaña","kind":"modelorama","place_id":"ChIJ6douOiTrYoYRZ_CCzIWEsn4","address":"Av. Encinos 500, Hab Los Encinos, 67169 Guadalupe, N.L.","types":["liquor_store","convenience_store","food_store","wholesaler","store","food","point_of_interest","service","establishment"],"fuente":"places_api","fetched_at":"2026-09-24T22:41:22Z"}},{"type":"Feature","geometry":{"type":"Point","coordinates":[-100.32596799999999,25.705620999999997]},"properties":{"name":"Modelorama NP-Mod Bernardo Reyes","kind":"modelorama","place_id":"ChIJkRE4kriVYoYRqfD3ow7sJOI","address":"Felipe Guerra Castro 3201, Niño Artillero, 64280 Monterrey, N.L.","types":["convenience_store","liquor_store","wholesaler","food_store","store","service","food","point_of_interest","establishment"],"fuente":"places_api","fetched_at":"2026-09-24T22:41:22Z"}},{"type":"Feature","geometry":{"type":"Point","coordinates":[-100.34957999999999,25.741822]},"properties":{"name":"Modelorama NP-Mod Eloy 3","kind":"modelorama","place_id":"ChIJT68OCiCUYoYRVkTo8mHEqNI","address":"Calle Heriberto Jara 7225, Valle de Santa Lucía, 64140 Monterrey, N.L.","types":["convenience_store","liquor_store","wholesaler","food_store","store","service","food","point_of_interest","establishment"],"fuente":"places_api","fetched_at":"2026-09-24T22:41:22Z"}},{"type":"Feature","geometry":{"type":"Point","coordinates":[-100.0558764,25.7850324]},"properties":{"name":"Modelorama Navarro","kind":"modelorama","place_id":"ChIJF_nM6UznYoYRJSqsDGtmoLk","address":"66650, Centro de Pesquería, 66650 Pesquería, N.L.","types":["liquor_store","store","point_of_interest","establishment"],"fuente":"places_api","fetched_at":"2026-09-24T22:41:22Z"}},{"type":"Feature","geometry":{"type":"Point","coordinates":[-100.3119112,25.772153]},"properties":{"name":"Modelorama Nexxus","kind":"modelorama","place_id":"ChIJwRc854aTYoYRimHPf2fQNnk","address":"Av. Los Pinos 514, Nexxus Secc Rubí, Joyas de Anahuac, 66055 Cdad. Gral. Escobedo, N.L.","types":["brewpub","pub","bar","wholesaler","service","restaurant","food","point_of_interest","establishment"],"fuente":"places_api","fetched_at":"2026-09-24T22:41:22Z"}},{"type":"Feature","geometry":{"type":"Point","coordinates":[-100.58772139999999,25.8144856]},"properties":{"name":"Modelorama Np Alamos","kind":"modelorama","place_id":"ChIJxx4U5xadYoYRwyDNKAGNRQE","address":"Bernardo Reyes 418, Cabecera Municipal, 66000 García, N.L.","types":["liquor_store","store","point_of_interest","establishment"],"fuente":"places_api","fetched_at":"2026-09-24T22:41:22Z"}},{"type":"Feature","geometry":{"type":"Point","coordinates":[-100.091793,25.679301]},"properties":{"name":"Modelorama Np Alfaro","kind":"modelorama","place_id":"ChIJ9VD2lIfDYoYRVeaLmKg8dck","address":"Palencia 206, Praderas de San Juan 1er. Sector, 67267 Cdad. Benito Juárez, N.L.","types":["convenience_store","liquor_store","food_store","store","wholesaler","service","food","point_of_interest","establishment"],"fuente":"places_api","fetched_at":"2026-09-24T22:41:22Z"}},{"type":"Feature","geometry":{"type":"Point","coordinates":[-100.410242,25.839630999999997]},"properties":{"name":"Modelorama Np Amsterdam","kind":"modelorama","place_id":"ChIJxdjFs12RYoYR3qoHl1SjmGE","address":"Mate9203Fomerrey 124 S Berna, 464250Monterrey, 64250 Monterrey, N.L.","types":["liquor_store","convenience_store","food_store","wholesaler","store","food","point_of_interest","service","establishment"],"fuente":"places_api","fetched_at":"2026-09-24T22:41:22Z"}},{"type":"Feature","geometry":{"type":"Point","coordinates":[-100.31569999999999,25.808325999999997]},"properties":{"name":"Modelorama Np Arreola","kind":"modelorama","place_id":"ChIJLdIrgUKTYoYRGHA9qPAiMa4","address":"Miravista 201 Residencial Miravista General Esco, Miravista Residencial, 66050 Cdad. Gral. Escobedo, N.L.","types":["liquor_store","convenience_store","food_store","wholesaler","store","food","point_of_interest","service","establishment"],"fuente":"places_api","fetched_at":"2026-09-24T22:41:22Z"}},{"type":"Feature","geometry":{"type":"Point","coordinates":[-100.332233,25.797576]},"properties":{"name":"Modelorama Np Ayala","kind":"modelorama","place_id":"ChIJDchGpcaTYoYR2gP0uSwTAwo","address":"Jerónimo Treviño 635, Hacienda de los Ayala, 66072 Cdad. Gral. Escobedo, N.L.","types":["liquor_store","convenience_store","food_store","wholesaler","store","food","point_of_interest","service","establishment"],"fuente":"places_api","fetched_at":"2026-09-24T22:41:22Z"}},{"type":"Feature","geometry":{"type":"Point","coordinates":[-100.604938,25.796445]},"properties":{"name":"Modelorama Np Balderas","kind":"modelorama","place_id":"ChIJ1dekliydYoYRVp-7cSGEuBU","address":"Valle de San Marcos, Valle Mirador de García, 64750 Nuevo León, N.L.","types":["liquor_store","store","point_of_interest","establishment"],"fuente":"places_api","fetched_at":"2026-09-24T22:41:22Z"}},{"type":"Feature","geometry":{"type":"Point","coordinates":[-100.3362669,25.786804699999998]},"properties":{"name":"Modelorama Np Briones","kind":"modelorama","place_id":"ChIJhdKD5eiTYoYR7U-4eMqWQpA","address":"Cerro de La Esperanza 108, Provileón, 66070 Cdad. Gral. Escobedo, N.L.","types":["liquor_store","store","point_of_interest","establishment"],"fuente":"places_api","fetched_at":"2026-09-24T22:41:22Z"}},{"type":"Feature","geometry":{"type":"Point","coordinates":[-100.152109,25.615419]},"properties":{"name":"Modelorama Np Cairo","kind":"modelorama","place_id":"ChIJYVWrH2nDYoYR9gGn1QmJw4s","address":"Sendero Del Tulipán 369, 67280 Cdad. Benito Juárez, N.L.","types":["convenience_store","liquor_store","food_store","store","wholesaler","service","food","point_of_interest","establishment"],"fuente":"places_api","fetched_at":"2026-09-24T22:41:22Z"}},{"type":"Feature","geometry":{"type":"Point","coordinates":[-100.143541,25.727781]},"properties":{"name":"Modelorama Np Campanario","kind":"modelorama","place_id":"ChIJwy7LJfzpYoYR61qG2BCDi38","address":"Hacienda Monte Real 101, Hacienda el Campanario, 66643 Cdad. Apodaca, N.L.","types":["convenience_store","liquor_store","food_store","store","wholesaler","service","food","point_of_interest","establishment"],"fuente":"places_api","fetched_at":"2026-09-24T22:41:22Z"}},{"type":"Feature","geometry":{"type":"Point","coordinates":[-100.3599253,25.768173899999997]},"properties":{"name":"Modelorama Np Castabula","kind":"modelorama","place_id":"ChIJife2ZVSRYoYRTIDPzyZaPgg","address":"Cruz Robledo 9656, Gloria Mendiola, 64219 Monterrey, N.L.","types":["liquor_store","store","point_of_interest","establishment"],"fuente":"places_api","fetched_at":"2026-09-24T22:41:22Z"}},{"type":"Feature","geometry":{"type":"Point","coordinates":[-100.5901353,25.787353799999998]},"properties":{"name":"Modelorama Np Compostela","kind":"modelorama","place_id":"ChIJT6dKcamdYoYRjc4UzRE5Mmg","address":"Sevilla 327, 64346 García, N.L.","types":["liquor_store","convenience_store","food_store","wholesaler","store","food","point_of_interest","service","establishment"],"fuente":"places_api","fetched_at":"2026-09-24T22:41:22Z"}},{"type":"Feature","geometry":{"type":"Point","coordinates":[-100.19385539999999,25.6546275]},"properties":{"name":"Modelorama Np De Lima","kind":"modelorama","place_id":"ChIJPYGXB77BYoYRimviwweV2Uw","address":"Av Sta Rosa de Lima 1626, Santa María Sector A, 67190 Guadalupe, N.L.","types":["liquor_store","convenience_store","food_store","wholesaler","store","food","point_of_interest","service","establishment"],"fuente":"places_api","fetched_at":"2026-09-24T22:41:22Z"}},{"type":"Feature","geometry":{"type":"Point","coordinates":[-100.23459729999999,25.7343208]},"properties":{"name":"Modelorama Np El Chief","kind":"modelorama","place_id":"ChIJl-MBhbnrYoYR8y5uElek5iQ","address":"Av. Comisión Federal de Electricidad, Villas de Casa Blanca, 66478 San Nicolás de los Garza, N.L.","types":["liquor_store","convenience_store","food_store","store","food","point_of_interest","establishment"],"fuente":"places_api","fetched_at":"2026-09-24T22:41:22Z"}},{"type":"Feature","geometry":{"type":"Point","coordinates":[-100.61596279999999,25.819960299999998]},"properties":{"name":"Modelorama Np El Muñeco","kind":"modelorama","place_id":"ChIJF3UNriedYoYR1aWZjBRRtxM","address":"Villa Zamora 301, Villa Azul, 64130 Monterrey, N.L.","types":["liquor_store","convenience_store","food_store","wholesaler","store","food","point_of_interest","service","establishment"],"fuente":"places_api","fetched_at":"2026-09-24T22:41:22Z"}},{"type":"Feature","geometry":{"type":"Point","coordinates":[-100.568094,25.787048]},"properties":{"name":"Modelorama Np El Sol","kind":"modelorama","place_id":"ChIJXc7e8lGcYoYRZ3aaG8gQtS4","address":"Hacienda Sta. Patricia 241, 66000 García, N.L.","types":["liquor_store","convenience_store","food_store","wholesaler","store","food","point_of_interest","service","establishment"],"fuente":"places_api","fetched_at":"2026-09-24T22:41:22Z"}},{"type":"Feature","geometry":{"type":"Point","coordinates":[-100.31142009999999,25.778004199999998]},"properties":{"name":"Modelorama Np Farolito","kind":"modelorama","place_id":"ChIJg7KpfZuTYoYRl_qBtjXpJ2o","address":"Vía Trevizo 456, Joyas de Anahuac, 66055 Cdad. Gral. Escobedo, N.L.","types":["liquor_store","convenience_store","food_store","wholesaler","store","food","point_of_interest","service","establishment"],"fuente":"places_api","fetched_at":"2026-09-24T22:41:22Z"}},{"type":"Feature","geometry":{"type":"Point","coordinates":[-100.362935,25.752879999999998]},"properties":{"name":"Modelorama Np Furch","kind":"modelorama","place_id":"ChIJcakXVIWXYoYRLQiKGYlF6pc","address":"Bartolomé Mitre 5015A, San Martin, 64210 Monterrey, N.L.","types":["convenience_store","liquor_store","wholesaler","food_store","store","service","food","point_of_interest","establishment"],"fuente":"places_api","fetched_at":"2026-09-24T22:41:22Z"}},{"type":"Feature","geometry":{"type":"Point","coordinates":[-100.19061459999999,25.7261378]},"properties":{"name":"Modelorama Np Galindo","kind":"modelorama","place_id":"ChIJw09bFlTrYoYR83-hiW3prFU","address":"Av. Guadalajara 200, Josefa Zozaya, 67110 Guadalupe, N.L.","types":["liquor_store","convenience_store","food_store","wholesaler","store","food","point_of_interest","service","establishment"],"fuente":"places_api","fetched_at":"2026-09-24T22:41:22Z"}},{"type":"Feature","geometry":{"type":"Point","coordinates":[-100.19998500000001,25.664851799999997]},"properties":{"name":"Modelorama Np Jerez","kind":"modelorama","place_id":"ChIJIerAl8bBYoYR2IWxzGEAS-o","address":"Av. Prof. M. Zertuche 626, Zertuche, 67190 Guadalupe, N.L.","types":["convenience_store","liquor_store","food_store","store","wholesaler","service","food","point_of_interest","establishment"],"fuente":"places_api","fetched_at":"2026-09-24T22:41:22Z"}},{"type":"Feature","geometry":{"type":"Point","coordinates":[-100.32436,25.735273]},"properties":{"name":"Modelorama Np Linares","kind":"modelorama","place_id":"ChIJu9RcujiVYoYRA1j6gOm07Uk","address":"Linares 6518, Topo Chico, 64260 Monterrey, N.L.","types":["convenience_store","liquor_store","wholesaler","food_store","store","service","food","point_of_interest","establishment"],"fuente":"places_api","fetched_at":"2026-09-24T22:41:22Z"}},{"type":"Feature","geometry":{"type":"Point","coordinates":[-100.596271,25.814059]},"properties":{"name":"Modelorama Np Llanes","kind":"modelorama","place_id":"ChIJiTEc7W2dYoYRpDTCg3eTrug","address":"Morelos Oriente 104A, Cabecera Municipal, 66000 García, N.L.","types":["liquor_store","store","point_of_interest","establishment"],"fuente":"places_api","fetched_at":"2026-09-24T22:41:22Z"}},{"type":"Feature","geometry":{"type":"Point","coordinates":[-100.258229,25.710759]},"properties":{"name":"Modelorama Np Los 2 Amigos","kind":"modelorama","place_id":"ChIJPxOf0GPrYoYRi0SvYASYo4U","address":"Amplindustrias Del Vidrio San Nico, Av Calz Unión 118, Industrias del Vidrio 3er Sector, 66470 San Nicolás de los Garza, N.L.","types":["general_store","convenience_store","liquor_store","wholesaler","food_store","store","service","food","point_of_interest","establishment"],"fuente":"places_api","fetched_at":"2026-09-24T22:41:22Z"}},{"type":"Feature","geometry":{"type":"Point","coordinates":[-100.601939,25.798726]},"properties":{"name":"Modelorama Np Los Elotes","kind":"modelorama","place_id":"ChIJUfGI8mWdYoYRdmfbp2e-_84","address":"C. Elote 156, Ampliación Los Nogales, 66000 García, N.L.","types":["liquor_store","convenience_store","food_store","wholesaler","store","food","point_of_interest","service","establishment"],"fuente":"places_api","fetched_at":"2026-09-24T22:41:22Z"}},{"type":"Feature","geometry":{"type":"Point","coordinates":[-100.3254325,25.7987471]},"properties":{"name":"Modelorama Np Los Olivos","kind":"modelorama","place_id":"ChIJEaT-URiTYoYR8K6r0g9R3sQ","address":"José Silvestre Aramberri 222, Sin Nombre de Col 11, 66052 Cdad. Gral. Escobedo, N.L.","types":["liquor_store","convenience_store","food_store","wholesaler","store","food","point_of_interest","service","establishment"],"fuente":"places_api","fetched_at":"2026-09-24T22:41:22Z"}},{"type":"Feature","geometry":{"type":"Point","coordinates":[-100.10584809999999,25.6467138]},"properties":{"name":"Modelorama Np Los Rieles","kind":"modelorama","place_id":"ChIJbR2IGBLDYoYRZPQvXz0wsHo","address":"24 de Febrero 628, Fomerrey 131 Villa de Juárez, 67260 Cdad. Benito Juárez, N.L.","types":["liquor_store","convenience_store","food_store","store","food","point_of_interest","establishment"],"fuente":"places_api","fetched_at":"2026-09-24T22:41:22Z"}},{"type":"Feature","geometry":{"type":"Point","coordinates":[-100.61316699999999,25.815983]},"properties":{"name":"Modelorama Np Madroño","kind":"modelorama","place_id":"ChIJQagpmImdYoYRZCAEc9iJgyM","address":"PRADERAS DEL MADROÑO GARCÍA, Ampliación Cerritos, 66003 Nuevo León, N.L.","types":["liquor_store","store","point_of_interest","establishment"],"fuente":"places_api","fetched_at":"2026-09-24T22:41:22Z"}},{"type":"Feature","geometry":{"type":"Point","coordinates":[-100.2620302,25.7509023]},"properties":{"name":"Modelorama Np Magueyes","kind":"modelorama","place_id":"ChIJX2jou9SVYoYRBYrHMkcgy1M","address":"Avenida Magueyes 200 Col. Prairies Of, Praderas de Santo Domingo, 66435 San Nicolás de los Garza, N.L.","types":["liquor_store","store","point_of_interest","establishment"],"fuente":"places_api","fetched_at":"2026-09-24T22:41:22Z"}},{"type":"Feature","geometry":{"type":"Point","coordinates":[-100.05891,25.784311]},"properties":{"name":"Modelorama Np Mariano Matamoros","kind":"modelorama","place_id":"ChIJEaxt2grmYoYRIIUOiT-8cP8","address":"Calle Mariano Matamoros 803, Centro de Pesquería, 66650 Pesquería, N.L.","types":["convenience_store","liquor_store","food_store","store","wholesaler","service","food","point_of_interest","establishment"],"fuente":"places_api","fetched_at":"2026-09-24T22:41:22Z"}},{"type":"Feature","geometry":{"type":"Point","coordinates":[-100.478826,25.674623999999998]},"properties":{"name":"Modelorama Np Martinez","kind":"modelorama","place_id":"ChIJGa-C3cyZYoYRwsnqNRMQoSY","address":"Manuel Muis 336, Hacienda de Santa Catarina, 66357 Cdad. Santa Catarina, N.L.","types":["liquor_store","convenience_store","food_store","wholesaler","store","food","point_of_interest","service","establishment"],"fuente":"places_api","fetched_at":"2026-09-24T22:41:22Z"}},{"type":"Feature","geometry":{"type":"Point","coordinates":[-100.246639,25.7090911]},"properties":{"name":"Modelorama Np Mod Americas","kind":"modelorama","place_id":"ChIJx5kuDwDrYoYRLQSQPytk3CE","address":"Av. las Américas Nte. 409, Col Nuevo, 66490 San Nicolás de los Garza, N.L.","types":["liquor_store","convenience_store","food_store","wholesaler","store","food","point_of_interest","service","establishment"],"fuente":"places_api","fetched_at":"2026-09-24T22:41:22Z"}},{"type":"Feature","geometry":{"type":"Point","coordinates":[-100.336632,25.68825]},"properties":{"name":"Modelorama Np Mod Cadiz","kind":"modelorama","place_id":"ChIJdW7TbByVYoYR-YpOqddKA9U","address":"Heroe de Nacozari 1205, Talleres, 64480 Monterrey, N.L.","types":["liquor_store","store","point_of_interest","establishment"],"fuente":"places_api","fetched_at":"2026-09-24T22:41:22Z"}},{"type":"Feature","geometry":{"type":"Point","coordinates":[-100.252245,25.798344999999998]},"properties":{"name":"Modelorama Np Mod Chavez","kind":"modelorama","place_id":"ChIJFeLCV_ftYoYRLkGJ-SPnHVU","address":"C. Hacienda las Yucas, Las Yucas, 66612 Cdad. Apodaca, N.L.","types":["convenience_store","liquor_store","food_store","store","wholesaler","service","food","point_of_interest","establishment"],"fuente":"places_api","fetched_at":"2026-09-24T22:41:22Z"}},{"type":"Feature","geometry":{"type":"Point","coordinates":[-100.248442,25.7437777]},"properties":{"name":"Modelorama Np Mod Elena","kind":"modelorama","place_id":"ChIJYW0Cs7DrYoYRXNRxrBxdlMg","address":"Enrique Recio 154, Unidad, 66440 San Nicolás de los Garza, N.L.","types":["convenience_store","liquor_store","food_store","store","wholesaler","service","food","point_of_interest","establishment"],"fuente":"places_api","fetched_at":"2026-09-24T22:41:22Z"}},{"type":"Feature","geometry":{"type":"Point","coordinates":[-100.19645,25.791435999999997]},"properties":{"name":"Modelorama Np Mod La Quinta","kind":"modelorama","place_id":"ChIJaRyNMW7tYoYRht3ucRv9nBI","address":"Prof. Humberto Ramos Lozano 501, Sin Nombre de Col 28, 66600 Cdad. Apodaca, N.L.","types":["liquor_store","store","point_of_interest","establishment"],"fuente":"places_api","fetched_at":"2026-09-24T22:41:22Z"}},{"type":"Feature","geometry":{"type":"Point","coordinates":[-100.14769899999999,25.864072]},"properties":{"name":"Modelorama Np Mod Ramos","kind":"modelorama","place_id":"ChIJvzsL2ZHvYoYRLa99nlVn6vg","address":"Mérida 141, Valle de Santa Elena, 65776 Gral. Zuazua, N.L.","types":["liquor_store","store","point_of_interest","establishment"],"fuente":"places_api","fetched_at":"2026-09-24T22:41:22Z"}},{"type":"Feature","geometry":{"type":"Point","coordinates":[-100.1246647,25.6401493]},"properties":{"name":"Modelorama Np Modeloram A Esperanza","kind":"modelorama","place_id":"ChIJO8t6qDnDYoYRZ3aX9xFtySc","address":"Séptima 411, La Esperanza, 67250 Cdad. Benito Juárez, N.L.","types":["liquor_store","convenience_store","food_store","wholesaler","store","food","point_of_interest","service","establishment"],"fuente":"places_api","fetched_at":"2026-09-24T22:41:22Z"}},{"type":"Feature","geometry":{"type":"Point","coordinates":[-100.33518099999999,25.738471999999998]},"properties":{"name":"Modelorama Np Nacho","kind":"modelorama","place_id":"ChIJz0ETjAiVYoYRx5Fzzzz6pIA","address":"Mier y Noriega 6700, 4 de Diciembre, 64268 Monterrey, N.L.","types":["convenience_store","liquor_store","food_store","wholesaler","food","point_of_interest","service","store","establishment"],"fuente":"places_api","fetched_at":"2026-09-24T22:41:22Z"}},{"type":"Feature","geometry":{"type":"Point","coordinates":[-100.23173919999999,25.7323532]},"properties":{"name":"Modelorama Np Palermo","kind":"modelorama","place_id":"ChIJdZLsHhzrYoYRSWI5mmZRQbY","address":"Av. Casa Blanca 500, Rincon de Casa Blanca 1er Sector, 66478 San Nicolás de los Garza, N.L.","types":["convenience_store","liquor_store","food_store","store","wholesaler","service","food","point_of_interest","establishment"],"fuente":"places_api","fetched_at":"2026-09-24T22:41:22Z"}},{"type":"Feature","geometry":{"type":"Point","coordinates":[-100.4645321,25.7907352]},"properties":{"name":"Modelorama Np Parques","kind":"modelorama","place_id":"ChIJdaXH5EKaYoYRikXwIgOk7g0","address":"Circonio, 66005 García, N.L.","types":["liquor_store","wholesaler","store","point_of_interest","service","establishment"],"fuente":"places_api","fetched_at":"2026-09-24T22:41:22Z"}},{"type":"Feature","geometry":{"type":"Point","coordinates":[-100.1329911,25.6683013]},"properties":{"name":"Modelorama Np Reyna","kind":"modelorama","place_id":"ChIJfz_57mbCYoYRt3EPEKaqvbk","address":"Av Coahuila 202, Reforma Juárez, 67257 Cdad. Benito Juárez, N.L.","types":["convenience_store","liquor_store","food_store","store","wholesaler","service","food","point_of_interest","establishment"],"fuente":"places_api","fetched_at":"2026-09-24T22:41:22Z"}},{"type":"Feature","geometry":{"type":"Point","coordinates":[-100.56832349999999,25.8008401]},"properties":{"name":"Modelorama Np San Blas","kind":"modelorama","place_id":"ChIJFzMSKPmcYoYRAcLa32CWuVM","address":"Dr Fray Bernardino De Sagun, Dr. Mathías García, Valle de San Blas, 66001 Lincoln, N.L.","types":["liquor_store","store","point_of_interest","establishment"],"fuente":"places_api","fetched_at":"2026-09-24T22:41:22Z"}},{"type":"Feature","geometry":{"type":"Point","coordinates":[-100.36904,25.801614999999998]},"properties":{"name":"Modelorama Np Servin","kind":"modelorama","place_id":"ChIJW61d-dORYoYRB-v75kKHwjk","address":"Julio Nava 239, Sta Lucia, 66065 Cdad. Gral. Escobedo, N.L.","types":["liquor_store","convenience_store","food_store","store","wholesaler","service","food","point_of_interest","establishment"],"fuente":"places_api","fetched_at":"2026-09-24T22:41:22Z"}},{"type":"Feature","geometry":{"type":"Point","coordinates":[-100.304103,25.799913]},"properties":{"name":"Modelorama Np Tercera Avenida","kind":"modelorama","place_id":"ChIJoxsN9xmTYoYRRKB4mS4F8gw","address":"3a. Avenida 118, Valle de Escobedo, 66053 Cdad. Gral. Escobedo, N.L.","types":["liquor_store","convenience_store","food_store","wholesaler","store","food","point_of_interest","service","establishment"],"fuente":"places_api","fetched_at":"2026-09-24T22:41:22Z"}},{"type":"Feature","geometry":{"type":"Point","coordinates":[-100.236672,25.673117500000004]},"properties":{"name":"Modelorama Np Villa","kind":"modelorama","place_id":"ChIJvzBcbCLAYoYR2t0SNElSs6g","address":"Av. Las Torres 2319, Tolteca, 67170 Guadalupe, N.L.","types":["liquor_store","store","point_of_interest","establishment"],"fuente":"places_api","fetched_at":"2026-09-24T22:41:22Z"}},{"type":"Feature","geometry":{"type":"Point","coordinates":[-100.3558314,25.726576899999998]},"properties":{"name":"Modelorama Np Villa Mitras","kind":"modelorama","place_id":"ChIJE08CP96XYoYROsfkl4mcFlM","address":"Av. San José 5741, Villa Mitras, 64170 Monterrey, N.L.","types":["convenience_store","liquor_store","wholesaler","food_store","store","service","food","point_of_interest","establishment"],"fuente":"places_api","fetched_at":"2026-09-24T22:41:22Z"}},{"type":"Feature","geometry":{"type":"Point","coordinates":[-100.37228669999999,25.7391035]},"properties":{"name":"Modelorama Np- Montero","kind":"modelorama","place_id":"ChIJb2UgzeqWYoYRqqtojSa7lHg","address":"Pelícano 5719, 64117 Monterrey, N.L.","types":["liquor_store","store","point_of_interest","establishment"],"fuente":"places_api","fetched_at":"2026-09-24T22:41:22Z"}},{"type":"Feature","geometry":{"type":"Point","coordinates":[-100.2598368,25.698733599999997]},"properties":{"name":"Modelorama Np-Mod Abrazo De Acatempan","kind":"modelorama","place_id":"ChIJw7Op07TqYoYRd8qm7oABsqo","address":"Abrazo de Acatempan 306, Escamilla, 67120 Guadalupe, N.L.","types":["liquor_store","store","point_of_interest","establishment"],"fuente":"places_api","fetched_at":"2026-09-24T22:41:22Z"}},{"type":"Feature","geometry":{"type":"Point","coordinates":[-100.31044879999999,25.8072294]},"properties":{"name":"Modelorama Np-Mod Acuña","kind":"modelorama","place_id":"ChIJdbcJ266TYoYRo_G62ZVWUW4","address":"Calle Miguel Hidalgo 106, Las Encinas, 66050 Cdad. Gral. Escobedo, N.L.","types":["liquor_store","store","point_of_interest","establishment"],"fuente":"places_api","fetched_at":"2026-09-24T22:41:22Z"}},{"type":"Feature","geometry":{"type":"Point","coordinates":[-100.1466572,25.659771499999998]},"properties":{"name":"Modelorama Np-Mod Agencia Guadalupe","kind":"modelorama","place_id":"ChIJKfEj1u_BYoYRFSM9LDGqUQ0","address":"Carr. A Reynosa 60, Las Sabinitas, 67190 Guadalupe, N.L.","types":["general_store","liquor_store","convenience_store","food_store","wholesaler","store","food","point_of_interest","service","establishment"],"fuente":"places_api","fetched_at":"2026-09-24T22:41:22Z"}},{"type":"Feature","geometry":{"type":"Point","coordinates":[-100.126955,25.661392]},"properties":{"name":"Modelorama Np-Mod Alamillo","kind":"modelorama","place_id":"ChIJJ1jKDV_CYoYRb08iodc1ipE","address":"Alamillo 200, Quinta Las Sabinas, 67257 Cdad. Benito Juárez, N.L.","types":["general_store","liquor_store","convenience_store","food_store","wholesaler","store","food","point_of_interest","service","establishment"],"fuente":"places_api","fetched_at":"2026-09-24T22:41:22Z"}},{"type":"Feature","geometry":{"type":"Point","coordinates":[-100.5729868,25.784336999999997]},"properties":{"name":"Modelorama Np-Mod Arriaga","kind":"modelorama","place_id":"ChIJKdqwZ02cYoYRTa21UBrOj4A","address":"Hacienda Sta Rosa 255, 66003 García, N.L.","types":["liquor_store","convenience_store","food_store","wholesaler","food","point_of_interest","service","store","establishment"],"fuente":"places_api","fetched_at":"2026-09-24T22:41:22Z"}},{"type":"Feature","geometry":{"type":"Point","coordinates":[-100.39598,25.7815926]},"properties":{"name":"Modelorama Np-Mod Astros 2","kind":"modelorama","place_id":"ChIJ_0NhP9-QYoYRG2RBDR5_M2Y","address":"Av. de los Astros 1623, Barrio del Prado, 64102 Monterrey, N.L.","types":["liquor_store","store","point_of_interest","establishment"],"fuente":"places_api","fetched_at":"2026-09-24T22:41:22Z"}},{"type":"Feature","geometry":{"type":"Point","coordinates":[-100.2452187,25.7693914]},"properties":{"name":"Modelorama Np-Mod Bosque Real","kind":"modelorama","place_id":"ChIJLxZl4KPsYoYRrH_ONkHJ4lc","address":"Del Chopo 572, Los Fresnos Nte., 66636 Cdad. Apodaca, N.L.","types":["convenience_store","liquor_store","food_store","store","wholesaler","service","food","point_of_interest","establishment"],"fuente":"places_api","fetched_at":"2026-09-24T22:41:22Z"}},{"type":"Feature","geometry":{"type":"Point","coordinates":[-100.1185442,25.6448018]},"properties":{"name":"Modelorama Np-Mod Castañeda","kind":"modelorama","place_id":"ChIJ3W5_vBLDYoYR8F7J5HAzKAQ","address":"Av. las Torres 1756, Los Encinos, 67275 Cdad. Benito Juárez, N.L.","types":["general_store","liquor_store","convenience_store","food_store","wholesaler","store","food","point_of_interest","service","establishment"],"fuente":"places_api","fetched_at":"2026-09-24T22:41:22Z"}},{"type":"Feature","geometry":{"type":"Point","coordinates":[-100.544133,25.811365000000002]},"properties":{"name":"Modelorama Np-Mod Claudio","kind":"modelorama","place_id":"ChIJwSyUE-idYoYRo095x--mCVA","address":"C. Claudio 733, 66007 García, N.L.","types":["convenience_store","liquor_store","food_store","wholesaler","food","point_of_interest","service","store","establishment"],"fuente":"places_api","fetched_at":"2026-09-24T22:41:22Z"}},{"type":"Feature","geometry":{"type":"Point","coordinates":[-100.27214130000002,25.7376677]},"properties":{"name":"Modelorama Np-Mod Cordillera De Los Andes","kind":"modelorama","place_id":"ChIJW24rScWUYoYR5LDNV-xM1PQ","address":"C. 4 105, Jardines de Anáhuac, 66463 San Nicolás de los Garza, N.L.","types":["liquor_store","store","point_of_interest","establishment"],"fuente":"places_api","fetched_at":"2026-09-24T22:41:22Z"}},{"type":"Feature","geometry":{"type":"Point","coordinates":[-100.13900729999999,25.6693494]},"properties":{"name":"Modelorama Np-Mod Cortez","kind":"modelorama","place_id":"ChIJQ34ZLW_CYoYRmvF7jaSYLuE","address":"Ricardo Covarrubias 269, Treinta y Uno de Diciembre, 67200 Guadalupe, N.L.","types":["liquor_store","store","point_of_interest","establishment"],"fuente":"places_api","fetched_at":"2026-09-24T22:41:22Z"}},{"type":"Feature","geometry":{"type":"Point","coordinates":[-100.4124532,25.799667400000004]},"properties":{"name":"Modelorama Np-Mod Del Fraile","kind":"modelorama","place_id":"ChIJU1G7r_OQYoYR-tTwsUOccm0","address":"C. Fray José 641, Portal del Fraile, 66064 Cdad. Gral. Escobedo, N.L.","types":["liquor_store","convenience_store","food_store","wholesaler","store","food","point_of_interest","service","establishment"],"fuente":"places_api","fetched_at":"2026-09-24T22:41:22Z"}},{"type":"Feature","geometry":{"type":"Point","coordinates":[-100.3517983,25.723840799999998]},"properties":{"name":"Modelorama Np-Mod Del Maestro","kind":"modelorama","place_id":"ChIJLW86l4GWYoYRKrssLXvGu6I","address":"Calle Lic. Arturo B. de la Garza, Del Maestro, 64180 Monterrey, N.L.","types":["liquor_store","brewery","manufacturer","food","point_of_interest","service","store","establishment"],"fuente":"places_api","fetched_at":"2026-09-24T22:41:22Z"}},{"type":"Feature","geometry":{"type":"Point","coordinates":[-100.3233382,25.7083303]},"properties":{"name":"Modelorama Np-Mod Diaz De La Vega","kind":"modelorama","place_id":"ChIJqQQuwLmVYoYRrJtmwoBHOUA","address":"Oswaldo Sánchez 3419, Hidalgo, 64290 Monterrey, N.L.","types":["liquor_store","store","point_of_interest","establishment"],"fuente":"places_api","fetched_at":"2026-09-24T22:41:22Z"}},{"type":"Feature","geometry":{"type":"Point","coordinates":[-100.1100778,25.6679599]},"properties":{"name":"Modelorama Np-Mod El Rosario","kind":"modelorama","place_id":"ChIJAdAQJCrCYoYRKwQQPGYBOF8","address":"Cozumel 1203, Terranova Residencial, 67288 Cdad. Benito Juárez, N.L.","types":["liquor_store","convenience_store","food_store","store","wholesaler","service","food","point_of_interest","establishment"],"fuente":"places_api","fetched_at":"2026-09-24T22:41:22Z"}},{"type":"Feature","geometry":{"type":"Point","coordinates":[-100.2089207,25.660323299999998]},"properties":{"name":"Modelorama Np-Mod Encinos","kind":"modelorama","place_id":"ChIJ4xNbi8nBYoYR0qGvVTZFaC8","address":"Encino 1166, Miguel Hidalgo (Fomerrey 19), 67180 Guadalupe, N.L.","types":["general_store","liquor_store","convenience_store","food_store","wholesaler","store","food","point_of_interest","service","establishment"],"fuente":"places_api","fetched_at":"2026-09-24T22:41:22Z"}},{"type":"Feature","geometry":{"type":"Point","coordinates":[-100.23917019999999,25.6693177]},"properties":{"name":"Modelorama Np-Mod Estadio","kind":"modelorama","place_id":"ChIJ86ALJRjAYoYRNrzHrlu427A","address":"Av. Pablo Livas 2164-2170, La Quinta, 67175 Guadalupe, N.L.","types":["liquor_store","store","point_of_interest","establishment"],"fuente":"places_api","fetched_at":"2026-09-24T22:41:22Z"}},{"type":"Feature","geometry":{"type":"Point","coordinates":[-100.3277603,25.7849863]},"properties":{"name":"Modelorama Np-Mod Fomerrey 9","kind":"modelorama","place_id":"ChIJ2XNkpuyTYoYRTkmt9-UTcgw","address":"Prof. German de Treviño 105, Solidaridad Soc, 66073 Cdad. Gral. Escobedo, N.L.","types":["liquor_store","store","point_of_interest","establishment"],"fuente":"places_api","fetched_at":"2026-09-24T22:41:22Z"}},{"type":"Feature","geometry":{"type":"Point","coordinates":[-100.58972620000002,25.7990198]},"properties":{"name":"Modelorama Np-Mod García 1","kind":"modelorama","place_id":"ChIJm1mfaAidYoYRTTIN2RS0LNw","address":"Cor. Jesús Fernández 304, Nuevo Amanecer, 66005 García, N.L.","types":["liquor_store","convenience_store","food_store","wholesaler","store","food","point_of_interest","service","establishment"],"fuente":"places_api","fetched_at":"2026-09-24T22:41:22Z"}},{"type":"Feature","geometry":{"type":"Point","coordinates":[-100.33237179999999,25.6950288]},"properties":{"name":"Modelorama Np-Mod Joaquin Herrera","kind":"modelorama","place_id":"ChIJ9VHz-umVYoYR0ltRnXKLL5o","address":"Thomas Alva Edison 2224, Rubén Jaramillo, 64420 Monterrey, N.L.","types":["convenience_store","liquor_store","wholesaler","food_store","store","service","food","point_of_interest","establishment"],"fuente":"places_api","fetched_at":"2026-09-24T22:41:22Z"}},{"type":"Feature","geometry":{"type":"Point","coordinates":[-100.3674946,25.773880499999997]},"properties":{"name":"Modelorama Np-Mod Juan Sarabia","kind":"modelorama","place_id":"ChIJV8uO2UiRYoYR2PqRJb6n8OU","address":"Juan Sarabia 5326, Croc, 64490 Monterrey, N.L.","types":["liquor_store","convenience_store","food_store","wholesaler","store","food","point_of_interest","service","establishment"],"fuente":"places_api","fetched_at":"2026-09-24T22:41:22Z"}},{"type":"Feature","geometry":{"type":"Point","coordinates":[-100.37800000000001,25.7597]},"properties":{"name":"Modelorama Np-Mod La Huerta","kind":"modelorama","place_id":"ChIJCydXV0eXYoYRl5wTx7wpx8A","address":"La Huerta, 64250 Monterrey, N.L.","types":["liquor_store","store","point_of_interest","establishment"],"fuente":"places_api","fetched_at":"2026-09-24T22:41:22Z"}},{"type":"Feature","geometry":{"type":"Point","coordinates":[-100.22438000000001,25.803494999999998]},"properties":{"name":"Modelorama Np-Mod La Mojarra","kind":"modelorama","place_id":"ChIJfRhc_QTtYoYR82V3pJAqTDU","address":"CARR, Carr. Apodaca - Sta. Rosa, Balcones de Santa Rosa, 66610 Cdad. Apodaca, N.L.","types":["liquor_store","store","point_of_interest","establishment"],"fuente":"places_api","fetched_at":"2026-09-24T22:41:22Z"}},{"type":"Feature","geometry":{"type":"Point","coordinates":[-100.4164325,25.7965321]},"properties":{"name":"Modelorama Np-Mod La Unidad","kind":"modelorama","place_id":"ChIJ62-2rvKQYoYRhFRPSvc9lFQ","address":"Unidad Democrática 301, Fomerrey La Unidad, La Unidad, 66064 Cdad. Gral. Escobedo, N.L.","types":["liquor_store","store","point_of_interest","establishment"],"fuente":"places_api","fetched_at":"2026-09-24T22:41:22Z"}},{"type":"Feature","geometry":{"type":"Point","coordinates":[-100.15031409999999,25.7083102]},"properties":{"name":"Modelorama Np-Mod Las Margaritas","kind":"modelorama","place_id":"ChIJa1S6OJLpYoYRAEhqK2mmig4","address":"Av. Orquídea 905, 66647 Cdad. Apodaca, N.L.","types":["convenience_store","liquor_store","food_store","store","wholesaler","service","food","point_of_interest","establishment"],"fuente":"places_api","fetched_at":"2026-09-24T22:41:22Z"}},{"type":"Feature","geometry":{"type":"Point","coordinates":[-100.3226883,25.7463679]},"properties":{"name":"Modelorama Np-Mod Lazaro Cardenas","kind":"modelorama","place_id":"ChIJp_BrPGqUYoYRctXT3l-bpaY","address":"13A. Avenida 1008, Lázaro Cárdenas, 64269 Monterrey, N.L.","types":["liquor_store","store","point_of_interest","establishment"],"fuente":"places_api","fetched_at":"2026-09-24T22:41:22Z"}},{"type":"Feature","geometry":{"type":"Point","coordinates":[-100.30775009999999,25.7933218]},"properties":{"name":"Modelorama Np-Mod Los Elizondos","kind":"modelorama","place_id":"ChIJidrnf3WTYoYRBA0YihtxGSA","address":"Av. Benito Juárez 115, Jardines del Canadá, 66050 Cdad. Gral. Escobedo, N.L.","types":["liquor_store","convenience_store","food_store","wholesaler","store","food","point_of_interest","service","establishment"],"fuente":"places_api","fetched_at":"2026-09-24T22:41:22Z"}},{"type":"Feature","geometry":{"type":"Point","coordinates":[-100.36776599999999,25.748334999999997]},"properties":{"name":"Modelorama Np-Mod Mar Rojo","kind":"modelorama","place_id":"ChIJL78JR7mWYoYRbvZsiBF6Us8","address":"Mar Rojo 8490, Loma Linda, 64120 Monterrey, N.L.","types":["liquor_store","convenience_store","wholesaler","food_store","store","service","food","point_of_interest","establishment"],"fuente":"places_api","fetched_at":"2026-09-24T22:41:22Z"}},{"type":"Feature","geometry":{"type":"Point","coordinates":[-100.09813899999999,25.703374999999998]},"properties":{"name":"Modelorama Np-Mod Marini","kind":"modelorama","place_id":"ChIJ4-AL3_zpYoYRG2RJeUnKE5w","address":"157, Marini, 66670 Valle de Santa María, N.L.","types":["liquor_store","convenience_store","food_store","wholesaler","store","food","point_of_interest","service","establishment"],"fuente":"places_api","fetched_at":"2026-09-24T22:41:22Z"}},{"type":"Feature","geometry":{"type":"Point","coordinates":[-100.4644187,25.6692973]},"properties":{"name":"Modelorama Np-Mod Nueva Santa Catarina","kind":"modelorama","place_id":"ChIJS-mXj3SYYoYRwg5S5G_kegU","address":"Ignacio Allende 326, Nueva Santa Catarina, 66350 Cdad. Santa Catarina, N.L.","types":["general_store","liquor_store","convenience_store","food_store","wholesaler","store","food","point_of_interest","service","establishment"],"fuente":"places_api","fetched_at":"2026-09-24T22:41:22Z"}},{"type":"Feature","geometry":{"type":"Point","coordinates":[-100.5835436,25.7864787]},"properties":{"name":"Modelorama Np-Mod Papagayos","kind":"modelorama","place_id":"ChIJbWsfsK-dYoYR4MbdM-j9zpg","address":"Sierra Real 1966, Sierra Real, 66004 García, N.L.","types":["liquor_store","store","point_of_interest","establishment"],"fuente":"places_api","fetched_at":"2026-09-24T22:41:22Z"}},{"type":"Feature","geometry":{"type":"Point","coordinates":[-100.233937,25.68273]},"properties":{"name":"Modelorama Np-Mod Plutarco 1","kind":"modelorama","place_id":"ChIJB8GSRZ7qYoYR48iBLw1daz0","address":"Gral. Plutarco Elías Calles 267, Azteca, 67150 Guadalupe, N.L.","types":["convenience_store","liquor_store","food_store","store","wholesaler","service","food","point_of_interest","establishment"],"fuente":"places_api","fetched_at":"2026-09-24T22:41:22Z"}},{"type":"Feature","geometry":{"type":"Point","coordinates":[-100.09070299999999,25.622697]},"properties":{"name":"Modelorama Np-Mod Praderas De Oriente","kind":"modelorama","place_id":"ChIJbVDnA0vDYoYRAm2NM1nVBvg","address":"B, 67265 Nuevo León, N.L.","types":["liquor_store","store","point_of_interest","establishment"],"fuente":"places_api","fetched_at":"2026-09-24T22:41:22Z"}},{"type":"Feature","geometry":{"type":"Point","coordinates":[-100.462301,25.797313]},"properties":{"name":"Modelorama Np-Mod Real","kind":"modelorama","place_id":"ChIJmXnrc3mbYoYRg0_GswhQzqw","address":"Av. La Encomienda, Valle de Lincoln Sector San José, 66005 Nuevo León, N.L.","types":["liquor_store","store","point_of_interest","establishment"],"fuente":"places_api","fetched_at":"2026-09-24T22:41:22Z"}},{"type":"Feature","geometry":{"type":"Point","coordinates":[-100.2761867,25.754455999999998]},"properties":{"name":"Modelorama Np-Mod Republica Mexicana","kind":"modelorama","place_id":"ChIJRfvq-ruUYoYRA-f4O6xuvqs","address":"Av. Santo Domingo 117, Nicolás Bravo, 66414 San Nicolás de los Garza, N.L.","types":["liquor_store","brewery","manufacturer","food","point_of_interest","service","store","establishment"],"fuente":"places_api","fetched_at":"2026-09-24T22:41:22Z"}},{"type":"Feature","geometry":{"type":"Point","coordinates":[-100.24560009999999,25.8099471]},"properties":{"name":"Modelorama Np-Mod San Andrés","kind":"modelorama","place_id":"ChIJqym9IsTsYoYRHmFWKxgpYp0","address":"Gral. Benjamín Argumedo 117, Moises Sáenz, 66613 Cdad. Apodaca, N.L.","types":["liquor_store","store","point_of_interest","establishment"],"fuente":"places_api","fetched_at":"2026-09-24T22:41:22Z"}},{"type":"Feature","geometry":{"type":"Point","coordinates":[-100.28257029999999,25.6301608]},"properties":{"name":"Modelorama Np-Mod Sierra Ventana","kind":"modelorama","place_id":"ChIJqW7Rqwq_YoYRzWn3cXA2Mg0","address":"Antiguo Camino a Villa de Santiago 3913, 25 de Marzo (Sierra Ventana), 64780 Monterrey, N.L.","types":["liquor_store","point_of_interest","store","establishment"],"fuente":"places_api","fetched_at":"2026-09-24T22:41:22Z"}},{"type":"Feature","geometry":{"type":"Point","coordinates":[-100.2144668,25.6544074]},"properties":{"name":"Modelorama Np-Mod Valle De La Silla","kind":"modelorama","place_id":"ChIJockZyLTBYoYRYGoZowX7k_U","address":"C. Cerro de La Silla 2919, Valle La Silla, 67186 Guadalupe, N.L.","types":["liquor_store","store","point_of_interest","establishment"],"fuente":"places_api","fetched_at":"2026-09-24T22:41:22Z"}},{"type":"Feature","geometry":{"type":"Point","coordinates":[-100.1032121,25.707611399999998]},"properties":{"name":"Modelorama Np-Mod Valle De Santa Maria","kind":"modelorama","place_id":"ChIJA1VZyT_oYoYRJg60WbgWJ_A","address":"Av. San Francisco, 66693 M Apodaca, Nuevo León","types":["liquor_store","store","point_of_interest","establishment"],"fuente":"places_api","fetched_at":"2026-09-24T22:41:22Z"}},{"type":"Feature","geometry":{"type":"Point","coordinates":[-100.22782559999999,25.7494943]},"properties":{"name":"Modelorama Np-Mod Valle Del Mezquital","kind":"modelorama","place_id":"ChIJka0sdBPrYoYRJvEJc6XnII0","address":"Valle Bajo 222, Valle del Mezquital, 66632 Cdad. Apodaca, N.L.","types":["liquor_store","store","point_of_interest","establishment"],"fuente":"places_api","fetched_at":"2026-09-24T22:41:22Z"}},{"type":"Feature","geometry":{"type":"Point","coordinates":[-100.37343109999999,25.7246049]},"properties":{"name":"Modelorama Np-Mod Valle Verde","kind":"modelorama","place_id":"ChIJizVCRfOWYoYRzgNHtm801P0","address":"Calle Av Las Palmas 5238-5240, Valle Verde 1, 64360 Monterrey, N.L.","types":["liquor_store","store","point_of_interest","establishment"],"fuente":"places_api","fetched_at":"2026-09-24T22:41:22Z"}},{"type":"Feature","geometry":{"type":"Point","coordinates":[-100.61436529999999,25.8068898]},"properties":{"name":"Modelorama Np-Mod Zapata","kind":"modelorama","place_id":"ChIJg99GXmOdYoYR1b6-KdiEr_c","address":"Emiliano Zapata 400, Avance Popular, 66007 García, N.L.","types":["liquor_store","store","point_of_interest","establishment"],"fuente":"places_api","fetched_at":"2026-09-24T22:41:22Z"}},{"type":"Feature","geometry":{"type":"Point","coordinates":[-100.37369699999999,25.720493]},"properties":{"name":"Modelorama Np-Mod Zapopan","kind":"modelorama","place_id":"ChIJcUnlH_WWYoYRjNm5b4vegyU","address":"Av Zapopan 4300, Los Cedros, 64370 Monterrey, N.L.","types":["convenience_store","food_store","store","food","point_of_interest","establishment"],"fuente":"places_api","fetched_at":"2026-09-24T22:41:22Z"}},{"type":"Feature","geometry":{"type":"Point","coordinates":[-100.28827439999999,25.758336099999998]},"properties":{"name":"Modelorama Np-Mod Zona Norte","kind":"modelorama","place_id":"ChIJe33ArJCUYoYRPSy4hXHcIr8","address":"Simón Bolívar 403, Centro, 66400 San Nicolás de los Garza, N.L.","types":["liquor_store","store","point_of_interest","establishment"],"fuente":"places_api","fetched_at":"2026-09-24T22:41:22Z"}},{"type":"Feature","geometry":{"type":"Point","coordinates":[-100.4008417,25.7995572]},"properties":{"name":"Modelorama Np-Mod. 18 De Abril","kind":"modelorama","place_id":"ChIJVddcyOSQYoYRTRXWETLkSPE","address":"2 de Abril 607, Dieciocho de Octubre, 64260 Cdad. Gral. Escobedo, N.L.","types":["convenience_store","food_store","store","food","point_of_interest","establishment"],"fuente":"places_api","fetched_at":"2026-09-24T22:41:22Z"}},{"type":"Feature","geometry":{"type":"Point","coordinates":[-100.381187,25.727095]},"properties":{"name":"Modelorama Np-Mod. Antigona","kind":"modelorama","place_id":"ChIJUXH3RvCWYoYRvVXQRmLa6rQ","address":"C. Antígona 549, Valle de Infonavit, 64350 Monterrey, N.L.","types":["convenience_store","liquor_store","wholesaler","food_store","store","service","food","point_of_interest","establishment"],"fuente":"places_api","fetched_at":"2026-09-24T22:41:22Z"}},{"type":"Feature","geometry":{"type":"Point","coordinates":[-100.14493999999999,25.6608923]},"properties":{"name":"Modelorama Np-Mod. Coahuila","kind":"modelorama","place_id":"ChIJdVBsq0HCYoYRVBpL_4_QG30","address":"Av Coahuila 360, Col Paseo de Guadalupe, 67190 Guadalupe, N.L.","types":["convenience_store","food_store","store","food","point_of_interest","establishment"],"fuente":"places_api","fetched_at":"2026-09-24T22:41:22Z"}},{"type":"Feature","geometry":{"type":"Point","coordinates":[-100.2981583,25.6894492]},"properties":{"name":"Modelorama Np-Mod. Heroes Del 47","kind":"modelorama","place_id":"ChIJFfoBv3CVYoYRnIg7xJ8IVZc","address":"Héroes de 47 1802, Terminal, 64580 Monterrey, N.L.","types":["general_store","convenience_store","liquor_store","wholesaler","food_store","store","service","food","point_of_interest","establishment"],"fuente":"places_api","fetched_at":"2026-09-24T22:41:22Z"}},{"type":"Feature","geometry":{"type":"Point","coordinates":[-100.247683,25.6803533]},"properties":{"name":"Modelorama Np-Mod. Rio","kind":"modelorama","place_id":"ChIJzwzsFH_qYoYRAgbGxb0pY3I","address":"Gral. Plutarco Elías Calles 53, Las Canteras, 67160 Guadalupe, N.L.","types":["liquor_store","convenience_store","food_store","wholesaler","store","food","point_of_interest","service","establishment"],"fuente":"places_api","fetched_at":"2026-09-24T22:41:22Z"}},{"type":"Feature","geometry":{"type":"Point","coordinates":[-100.2641137,25.674467099999998]},"properties":{"name":"Modelorama Np-Mod. Verduzco","kind":"modelorama","place_id":"ChIJtSsslf6_YoYRPJ_wPqCr_J0","address":"C. José Sixto Verduzco 304, Centro de Guadalupe, 67140 Guadalupe, N.L.","types":["liquor_store","point_of_interest","store","establishment"],"fuente":"places_api","fetched_at":"2026-09-24T22:41:22Z"}},{"type":"Feature","geometry":{"type":"Point","coordinates":[-100.16755339999999,25.6501357]},"properties":{"name":"Modelorama Pablo Livas","kind":"modelorama","place_id":"ChIJkzDUfyjCYoYRAkUyWOaE64o","address":"Av. Pablo Livas 101, Valle del Sol (FOMERREY-130), 67196 Guadalupe, N.L.","types":["liquor_store","wholesaler","store","point_of_interest","service","establishment"],"fuente":"places_api","fetched_at":"2026-09-24T22:41:22Z"}},{"type":"Feature","geometry":{"type":"Point","coordinates":[-100.31761999999999,25.796946]},"properties":{"name":"Modelorama Paseo De La Amistad","kind":"modelorama","place_id":"ChIJwV0hmLyTYoYRhYmR0ADHEHA","address":"P.º de la Amistad 315, Monte Real, 66056 Cdad. Gral. Escobedo, N.L.","types":["liquor_store","store","point_of_interest","establishment"],"fuente":"places_api","fetched_at":"2026-09-24T22:41:22Z"}},{"type":"Feature","geometry":{"type":"Point","coordinates":[-100.3610983,25.733517499999998]},"properties":{"name":"Modelorama Pisa","kind":"modelorama","place_id":"ChIJfy6rLZGWYoYR4YAWVuKZe0U","address":"C. No Reelección 5232, Villa Santa Cecilia, 64150 Monterrey, N.L.","types":["convenience_store","liquor_store","wholesaler","food_store","store","service","food","point_of_interest","establishment"],"fuente":"places_api","fetched_at":"2026-09-24T22:41:22Z"}},{"type":"Feature","geometry":{"type":"Point","coordinates":[-100.27164069999999,25.676354999999997]},"properties":{"name":"Modelorama Priv San Miguel 105","kind":"modelorama","place_id":"ChIJHY9cyeK_YoYRJRLr1cKLKBM","address":"Privada San Miguel 105, Esmeralda, Paraíso, 67140 Guadalupe, N.L.","types":["convenience_store","liquor_store","wholesaler","food_store","store","service","food","point_of_interest","establishment"],"fuente":"places_api","fetched_at":"2026-09-24T22:41:22Z"}},{"type":"Feature","geometry":{"type":"Point","coordinates":[-100.5783494,25.7880575]},"properties":{"name":"Modelorama Privadas","kind":"modelorama","place_id":"ChIJL0RcDQCdYoYRFI7-gQOdPrs","address":"Las Villas 111, Privadas de las Villas, 66003 García, N.L.","types":["bar","point_of_interest","establishment"],"fuente":"places_api","fetched_at":"2026-09-24T22:41:22Z"}},{"type":"Feature","geometry":{"type":"Point","coordinates":[-100.1534867,25.6458269]},"properties":{"name":"Modelorama Reyna","kind":"modelorama","place_id":"ChIJR7XybZLDYoYRsdV9rgzRK2A","address":"Monte Everest 280, Residencial Monteverde, 67257 Cdad. Benito Juárez, N.L.","types":["liquor_store","store","point_of_interest","establishment"],"fuente":"places_api","fetched_at":"2026-09-24T22:41:22Z"}},{"type":"Feature","geometry":{"type":"Point","coordinates":[-100.1722245,25.7418117]},"properties":{"name":"Modelorama Rio Rhin","kind":"modelorama","place_id":"ChIJ44lt6nbrYoYRhOTLeiY6tTM","address":"Río Rhin 300, Jardines de Huinala, 66600 Cdad. Apodaca, N.L.","types":["liquor_store","convenience_store","food_store","wholesaler","store","food","point_of_interest","service","establishment"],"fuente":"places_api","fetched_at":"2026-09-24T22:41:22Z"}},{"type":"Feature","geometry":{"type":"Point","coordinates":[-100.3044996,25.6416361]},"properties":{"name":"Modelorama Río Nazas","kind":"modelorama","place_id":"ChIJIYucsbK_YoYRiOotIl0AaMo","address":"Río Nazas 211, Altamira, 64750 Monterrey, N.L.","types":["convenience_store","liquor_store","food_store","wholesaler","food","point_of_interest","service","store","establishment"],"fuente":"places_api","fetched_at":"2026-09-24T22:41:22Z"}},{"type":"Feature","geometry":{"type":"Point","coordinates":[-100.19399999999999,25.6665]},"properties":{"name":"Modelorama SCOP","kind":"modelorama","place_id":"ChIJeyD3GMLBYoYREuCX-SP0K4I","address":"Comunicaciones, Cerro de La Silla (U.c.), 67190 Guadalupe, N.L.","types":["convenience_store","liquor_store","bar","food_store","store","restaurant","food","point_of_interest","establishment"],"fuente":"places_api","fetched_at":"2026-09-24T22:41:22Z"}},{"type":"Feature","geometry":{"type":"Point","coordinates":[-100.46131,25.701971000000004]},"properties":{"name":"Modelorama San Gilberto","kind":"modelorama","place_id":"ChIJAxoB0DeYYoYR8LpQ_FBYOKU","address":"San Miguel de Allende 614, San Gilberto, 66369 Cdad. Santa Catarina, N.L.","types":["liquor_store","convenience_store","food_store","wholesaler","store","food","point_of_interest","service","establishment"],"fuente":"places_api","fetched_at":"2026-09-24T22:41:22Z"}},{"type":"Feature","geometry":{"type":"Point","coordinates":[-100.25969719999999,25.7515115]},"properties":{"name":"Modelorama Santa Martha","kind":"modelorama","place_id":"ChIJ13vVA63rYoYRQdi31cFtV_8","address":"C. Ant. Camino a Santo Domingo 1548, Villas de Santo Domingo, 66437 Monterrey, N.L.","types":["liquor_store","store","point_of_interest","establishment"],"fuente":"places_api","fetched_at":"2026-09-24T22:41:22Z"}},{"type":"Feature","geometry":{"type":"Point","coordinates":[-100.1834042,25.7098645]},"properties":{"name":"Modelorama Stella","kind":"modelorama","place_id":"ChIJhWSSiMfrYoYRJa1YE8qjYuo","address":"Ajonjolí 101, Mixcoac, 67114 Guadalupe, N.L.","types":["liquor_store","store","point_of_interest","establishment"],"fuente":"places_api","fetched_at":"2026-09-24T22:41:22Z"}},{"type":"Feature","geometry":{"type":"Point","coordinates":[-100.25859299999999,25.779678999999998]},"properties":{"name":"Modelorama Strauss","kind":"modelorama","place_id":"ChIJ6d6IlazsYoYRGiwhVv2qkJA","address":"Av. Strauss 400, Residencial Los Robles, 66636 Cdad. Apodaca, N.L.","types":["liquor_store","store","point_of_interest","establishment"],"fuente":"places_api","fetched_at":"2026-09-24T22:41:22Z"}},{"type":"Feature","geometry":{"type":"Point","coordinates":[-100.33528,25.690184]},"properties":{"name":"Modelorama Talleres","kind":"modelorama","place_id":"ChIJa40g3O6VYoYRGnEaccXs784","address":"C. Miguel Dominguez 2406, Talleres, 64480 Monterrey, N.L.","types":["convenience_store","liquor_store","wholesaler","food_store","store","service","food","point_of_interest","establishment"],"fuente":"places_api","fetched_at":"2026-09-24T22:41:22Z"}},{"type":"Feature","geometry":{"type":"Point","coordinates":[-100.27291819999999,25.6678034]},"properties":{"name":"Modelorama Texcoco","kind":"modelorama","place_id":"ChIJGZ80a-W_YoYRepQYSqGAw5U","address":"Texcoco 180, Paraíso, 64800 Monterrey, N.L.","types":["general_store","convenience_store","liquor_store","wholesaler","food_store","store","service","food","point_of_interest","establishment"],"fuente":"places_api","fetched_at":"2026-09-24T22:41:22Z"}},{"type":"Feature","geometry":{"type":"Point","coordinates":[-100.10115569999999,25.652866]},"properties":{"name":"Modelorama Two Brothers","kind":"modelorama","place_id":"ChIJe1mwCP7DYoYRdPIfYUMYps4","address":"Gral. Treviño 1102A, Infonavit Benito Juárez, 67250 Cdad. Benito Juárez, N.L.","types":["general_store","food_store","store","food","point_of_interest","establishment"],"fuente":"places_api","fetched_at":"2026-09-24T22:41:22Z"}},{"type":"Feature","geometry":{"type":"Point","coordinates":[-100.1604649,25.6102299]},"properties":{"name":"Modelorama Valle De Los Reyes","kind":"modelorama","place_id":"ChIJEUQhmD3DYoYRpzlTjjCb-4M","address":"Valle de los Reyes 519, 67280 Cdad. Benito Juárez, N.L.","types":["liquor_store","convenience_store","food_store","wholesaler","store","food","point_of_interest","service","establishment"],"fuente":"places_api","fetched_at":"2026-09-24T22:41:22Z"}},{"type":"Feature","geometry":{"type":"Point","coordinates":[-100.16731659999999,25.6566589]},"properties":{"name":"Modelorama Valle del Sol","kind":"modelorama","place_id":"ChIJ7cOHKCHCYoYR2xTKWawbpBo","address":"Río Nazas 145, Valle del Sol (FOMERREY-130), 67195 Guadalupe, N.L.","types":["liquor_store","convenience_store","food_store","wholesaler","store","food","point_of_interest","service","establishment"],"fuente":"places_api","fetched_at":"2026-09-24T22:41:22Z"}},{"type":"Feature","geometry":{"type":"Point","coordinates":[-100.1808897,25.6117097]},"properties":{"name":"Modelorama arcadia","kind":"modelorama","place_id":"ChIJXWdwy7bBYoYRWK4VuipV6fE","address":"Arcadia 320, Fraccionamiento Arcadia, Jardines de la Silla, 67286 Jardines de la Silla, N.L.","types":["liquor_store","store","point_of_interest","establishment"],"fuente":"places_api","fetched_at":"2026-09-24T22:41:22Z"}},{"type":"Feature","geometry":{"type":"Point","coordinates":[-100.25396359999999,25.757087499999997]},"properties":{"name":"Modelorama av. Vicente Guerrero","kind":"modelorama","place_id":"ChIJ3ZxHmU7rYoYRXq40asS8geQ","address":"Vicente Guerrero 462, Vicente Guerrero, 66437 San Nicolás de los Garza, N.L.","types":["convenience_store","food_store","store","food","point_of_interest","establishment"],"fuente":"places_api","fetched_at":"2026-09-24T22:41:22Z"}},{"type":"Feature","geometry":{"type":"Point","coordinates":[-100.3022857,25.680259]},"properties":{"name":"Modelorama corona","kind":"modelorama","place_id":"ChIJb0LZkYWVYoYRC-Ywj8tF7aI","address":"Jerónimo Treviño 706, Centro, 64000 Monterrey, N.L.","types":["convenience_store","liquor_store","wholesaler","food_store","store","service","food","point_of_interest","establishment"],"fuente":"places_api","fetched_at":"2026-09-24T22:41:22Z"}},{"type":"Feature","geometry":{"type":"Point","coordinates":[-100.3949657,25.846051]},"properties":{"name":"Modelorama nueva alianza","kind":"modelorama","place_id":"ChIJIb2wVruRYoYREkw4rDCpxaQ","address":"San Pedro Garza García 103, Nuevo León, 66086 Cdad. Gral. Escobedo, N.L.","types":["liquor_store","store","point_of_interest","establishment"],"fuente":"places_api","fetched_at":"2026-09-24T22:41:22Z"}},{"type":"Feature","geometry":{"type":"Point","coordinates":[-100.13918190000001,25.8534347]},"properties":{"name":"Modelorama san jorge","kind":"modelorama","place_id":"ChIJMbsqEADvYoYRESUAAIgKKGw","address":"Av. San jorge & Cartagena, Sector San Jorge, Valle de Santa Elena, 65776 Valle de Santa Elena, N.L.","types":["wholesaler","service","point_of_interest","establishment"],"fuente":"places_api","fetched_at":"2026-09-24T22:41:22Z"}},{"type":"Feature","geometry":{"type":"Point","coordinates":[-100.58182210000001,25.7987162]},"properties":{"name":"NP MODELORAMA URANIO","kind":"modelorama","place_id":"ChIJ9WiQ4RadYoYRwdqp-VeKMHc","address":"Selenio 401, Paseo de las Minas, 66003 García, N.L.","types":["liquor_store","store","point_of_interest","establishment"],"fuente":"places_api","fetched_at":"2026-09-24T22:41:22Z"}},{"type":"Feature","geometry":{"type":"Point","coordinates":[-100.4926029,25.7917028]},"properties":{"name":"modelorama","kind":"modelorama","place_id":"ChIJDVtb3gebYoYR5ViH7T5p870","address":"Arena, Valle de Lincoln, 66026 Valle de Lincoln, N.L.","types":["wholesaler","service","point_of_interest","establishment"],"fuente":"places_api","fetched_at":"2026-09-24T22:41:22Z"}},{"type":"Feature","geometry":{"type":"Point","coordinates":[-100.50668139999999,25.7044462]},"properties":{"name":"modelorama","kind":"modelorama","place_id":"ChIJGze_hOCYYoYRCRv_GxZWVuM","address":"Hacienda el Palmar, 66367 Cdad. Santa Catarina, N.L.","types":["storage","point_of_interest","service","establishment"],"fuente":"places_api","fetched_at":"2026-09-24T22:41:22Z"}},{"type":"Feature","geometry":{"type":"Point","coordinates":[-100.1635644,25.6648718]},"properties":{"name":"modelorama","kind":"modelorama","place_id":"ChIJLfeI3hjCYoYR2A4soOHde7Q","address":"Titanio 102, Santa Cruz 8vo Sector, 67196 Guadalupe, N.L.","types":["liquor_store","bar","store","point_of_interest","establishment"],"fuente":"places_api","fetched_at":"2026-09-24T22:41:22Z"}},{"type":"Feature","geometry":{"type":"Point","coordinates":[-100.15118009999999,25.8605734]},"properties":{"name":"modelorama san patricio","kind":"modelorama","place_id":"ChIJZxy6-wfvYoYR-FJKWWdaBy0","address":"Sevilla, 65780 Cihuatlán, N.L.","types":["liquor_store","convenience_store","wholesaler","food_store","store","service","food","point_of_interest","establishment"],"fuente":"places_api","fetched_at":"2026-09-24T22:41:22Z"}},{"type":"Feature","geometry":{"type":"Point","coordinates":[-100.45740219999999,25.6785203]},"properties":{"name":"Amazon Counter - OXXO Las Huertas MTY","kind":"oxxo","place_id":"ChIJHd_si3mZYoYRhx38QLMkoFw","address":"Privada Las Huertas 200-L-13, *BOSQUES LA HUASTECA, 66367 Cdad. Santa Catarina, N.L.","types":["shipping_service","service","point_of_interest","establishment"],"fuente":"places_api","fetched_at":"2026-09-24T22:41:22Z"}},{"type":"Feature","geometry":{"type":"Point","coordinates":[-100.2543861,25.6927281]},"properties":{"name":"El Primer OXXO Linda Vista","kind":"oxxo","place_id":"ChIJp4KRpWPrYoYR6OHSXpgw-zg","address":"Linda Vista, Vista Regia 111 Esq, Lindavista, 67130 Guadalupe, N.L.","types":["convenience_store","cell_phone_store","gift_shop","shipping_service","travel_agency","home_goods_store","finance","transportation_service","food_store","pet_care","store","service","food","point_of_interest","establishment"],"fuente":"places_api","fetched_at":"2026-09-24T22:41:22Z"}},{"type":"Feature","geometry":{"type":"Point","coordinates":[-100.2292207,25.803033199999998]},"properties":{"name":"OXXO","kind":"oxxo","place_id":"ChIJ-eIMph7tYoYRtyyMkgSWNVs","address":"Blvd. Santa Rosa Y Calle K2 103, Annapurna, Balcones de Santa Rosa, 66610 Cdad. Apodaca, N.L.","types":["convenience_store","cell_phone_store","shipping_service","gift_shop","travel_agency","finance","home_goods_store","pet_care","transportation_service","food_store","store","food","point_of_interest","service","establishment"],"fuente":"places_api","fetched_at":"2026-09-24T22:41:22Z"}},{"type":"Feature","geometry":{"type":"Point","coordinates":[-100.2452945,25.830206]},"properties":{"name":"OXXO","kind":"oxxo","place_id":"ChIJ54jz6CTtYoYRt7TC2ecZWfo","address":"Esquina Andromeda, Cosmopolis, Carr Sta Rosa S/N, 66612 Cdad. Apodaca, N.L.","types":["convenience_store","cell_phone_store","shipping_service","gift_shop","travel_agency","finance","home_goods_store","pet_care","transportation_service","food_store","store","food","point_of_interest","service","establishment"],"fuente":"places_api","fetched_at":"2026-09-24T22:41:22Z"}},{"type":"Feature","geometry":{"type":"Point","coordinates":[-100.1831046,25.7840895]},"properties":{"name":"OXXO","kind":"oxxo","place_id":"ChIJ7yQUyCDtYoYRTpYvxVbwFV0","address":"Elias Flores, Miguel Hidalgo 100, Cabecera Municipal (Apodaca), Apodaca Centro, 66600 Cdad. Apodaca, N.L.","types":["convenience_store","cell_phone_store","shipping_service","gift_shop","travel_agency","finance","home_goods_store","pet_care","transportation_service","food_store","store","food","point_of_interest","service","establishment"],"fuente":"places_api","fetched_at":"2026-09-24T22:41:22Z"}},{"type":"Feature","geometry":{"type":"Point","coordinates":[-100.15004119999999,25.6605627]},"properties":{"name":"OXXO","kind":"oxxo","place_id":"ChIJ806XqD_CYoYRAfoq3iOZcvk","address":"Av. Benito Juárez, Nuevo León 100 Esquina, Nuevo León, 67202 Monterrey, N.L.","types":["convenience_store","cell_phone_store","shipping_service","travel_agency","pet_care","transportation_service","food_store","gift_shop","finance","home_goods_store","store","service","food","point_of_interest","establishment"],"fuente":"places_api","fetched_at":"2026-09-24T22:41:22Z"}},{"type":"Feature","geometry":{"type":"Point","coordinates":[-100.30727279999999,25.670915899999997]},"properties":{"name":"OXXO","kind":"oxxo","place_id":"ChIJ8bbFmyu-YoYR40H62pkil_I","address":"Jose Ma Coss Y Diego De Montemayor 801, Juan Ignacio Ramón Lote L12PB, Centro, 64000 Monterrey, N.L.","types":["convenience_store","cell_phone_store","shipping_service","travel_agency","pet_care","transportation_service","food_store","gift_shop","finance","home_goods_store","store","service","food","point_of_interest","establishment"],"fuente":"places_api","fetched_at":"2026-09-24T22:41:22Z"}},{"type":"Feature","geometry":{"type":"Point","coordinates":[-100.2339853,25.8222788]},"properties":{"name":"OXXO","kind":"oxxo","place_id":"ChIJFwpzqxztYoYRKKiejKUdzOU","address":"Av. Santa Irma Y Gaviota 542, Pelicano, Paseo de Santa Rosa, 66614 Cdad. Apodaca, N.L.","types":["convenience_store","cell_phone_store","shipping_service","gift_shop","travel_agency","finance","home_goods_store","pet_care","transportation_service","food_store","store","food","point_of_interest","service","establishment"],"fuente":"places_api","fetched_at":"2026-09-24T22:41:22Z"}},{"type":"Feature","geometry":{"type":"Point","coordinates":[-100.20478109999999,25.7871138]},"properties":{"name":"OXXO","kind":"oxxo","place_id":"ChIJG5mMo3rsYoYRT9Ti3fIxf1E","address":"Avenida Capellania, Sta. Maria 202, Capellania Residencial, 66604 Cdad. Apodaca, N.L.","types":["convenience_store","cell_phone_store","shipping_service","gift_shop","travel_agency","finance","home_goods_store","pet_care","transportation_service","food_store","store","food","point_of_interest","service","establishment"],"fuente":"places_api","fetched_at":"2026-09-24T22:41:22Z"}},{"type":"Feature","geometry":{"type":"Point","coordinates":[-100.2459489,25.812098799999998]},"properties":{"name":"OXXO","kind":"oxxo","place_id":"ChIJGcbPUtrsYoYRNqqUpe17n6E","address":"Ave. Titania 500 Esq. Guillermo Ponce, A Metroplex, Cosmópolis, 66612 Cdad. Apodaca, N.L.","types":["convenience_store","cell_phone_store","shipping_service","gift_shop","travel_agency","finance","home_goods_store","pet_care","transportation_service","food_store","store","food","point_of_interest","service","establishment"],"fuente":"places_api","fetched_at":"2026-09-24T22:41:22Z"}},{"type":"Feature","geometry":{"type":"Point","coordinates":[-100.24130459999999,25.8187471]},"properties":{"name":"OXXO","kind":"oxxo","place_id":"ChIJM_f0E9_sYoYR7Iza-IsNV7A","address":"Arboledas De Santa Rosa Y Fresno 500, Av. Las Torres, Arboledas de Santa Rosa, 66614 Cdad. Apodaca, N.L.","types":["convenience_store","cell_phone_store","shipping_service","gift_shop","travel_agency","finance","home_goods_store","pet_care","transportation_service","food_store","store","food","point_of_interest","service","establishment"],"fuente":"places_api","fetched_at":"2026-09-24T22:41:22Z"}},{"type":"Feature","geometry":{"type":"Point","coordinates":[-100.2880237,25.649120099999998]},"properties":{"name":"OXXO","kind":"oxxo","place_id":"ChIJOcKLNQC_YoYREVdSERVO2E4","address":"Av. Luis Elizondo 400-Loc 2, Altavista, Distrito Tec, 64840 Monterrey, N.L.","types":["convenience_store","food_store","store","food","point_of_interest","establishment"],"fuente":"places_api","fetched_at":"2026-09-24T22:41:22Z"}},{"type":"Feature","geometry":{"type":"Point","coordinates":[-100.2307824,25.820923399999998]},"properties":{"name":"OXXO","kind":"oxxo","place_id":"ChIJP3J_JZHtYoYRQHAM7p6YTgw","address":"Halcon Y Kiwi 349, Av. Golondrinas, Paseo de Santa Rosa, 66614 Cdad. Apodaca, N.L.","types":["convenience_store","cell_phone_store","shipping_service","gift_shop","travel_agency","finance","home_goods_store","pet_care","transportation_service","food_store","store","food","point_of_interest","service","establishment"],"fuente":"places_api","fetched_at":"2026-09-24T22:41:22Z"}},{"type":"Feature","geometry":{"type":"Point","coordinates":[-100.2499438,25.807524299999997]},"properties":{"name":"OXXO","kind":"oxxo","place_id":"ChIJSYQHeGPtYoYRIhaAK3oMi5M","address":"Avenida E Sexta 407 Esq. Calle Almeria, Diego Díaz de Berlanga Supermanzana Y, Mirador del Topo - Fundadores, Privadas Del Rey Ii, 66613 Cdad. Apodaca, N.L.","types":["convenience_store","cell_phone_store","shipping_service","gift_shop","travel_agency","finance","home_goods_store","pet_care","transportation_service","food_store","store","food","point_of_interest","service","establishment"],"fuente":"places_api","fetched_at":"2026-09-24T22:41:22Z"}},{"type":"Feature","geometry":{"type":"Point","coordinates":[-100.3322479,25.7863433]},"properties":{"name":"OXXO","kind":"oxxo","place_id":"ChIJU34H6OuTYoYRAA18tTm-580","address":"A, Hacienda del Topo, 66072 Escobedo, Nuevo León","types":["convenience_store","food_store","store","food","point_of_interest","establishment"],"fuente":"places_api","fetched_at":"2026-09-24T22:41:22Z"}},{"type":"Feature","geometry":{"type":"Point","coordinates":[-100.2019864,25.798605900000002]},"properties":{"name":"OXXO","kind":"oxxo","place_id":"ChIJV0luuELtYoYRsv1ZFHq9EAI","address":"Arturo Martinez Calzado 324, Paseo Virrey De AcuÒa Y Paseo De Cartagena Esq, Manzana L-101, Rinconada l, 66606 Cdad. Apodaca, N.L.","types":["convenience_store","cell_phone_store","shipping_service","gift_shop","travel_agency","finance","home_goods_store","pet_care","transportation_service","food_store","store","food","point_of_interest","service","establishment"],"fuente":"places_api","fetched_at":"2026-09-24T22:41:22Z"}},{"type":"Feature","geometry":{"type":"Point","coordinates":[-100.18535,25.78709]},"properties":{"name":"OXXO","kind":"oxxo","place_id":"ChIJVyOCWw7sYoYR16zO3FfV1oU","address":"Calle Tamaulipas Y Prol. Reforma 600, Av Nuevo León, Nuevo Apodaca, 66605 Cdad. Apodaca, N.L.","types":["convenience_store","cell_phone_store","shipping_service","gift_shop","travel_agency","finance","home_goods_store","pet_care","transportation_service","food_store","store","food","point_of_interest","service","establishment"],"fuente":"places_api","fetched_at":"2026-09-24T22:41:22Z"}},{"type":"Feature","geometry":{"type":"Point","coordinates":[-100.30118999999999,25.64343]},"properties":{"name":"OXXO","kind":"oxxo","place_id":"ChIJWeHoTrK_YoYRXjr6YEm9tHA","address":"Av. Rio Nazas Esq. Delmira Agustini S/N Fabregas La Boquilla, Jardines Roma, 64750 Monterrey, N.L.","types":["convenience_store","cell_phone_store","shipping_service","gift_shop","travel_agency","finance","home_goods_store","pet_care","transportation_service","food_store","store","food","point_of_interest","service","establishment"],"fuente":"places_api","fetched_at":"2026-09-24T22:41:22Z"}},{"type":"Feature","geometry":{"type":"Point","coordinates":[-100.5071159,25.7039944]},"properties":{"name":"OXXO","kind":"oxxo","place_id":"ChIJY4-uIN6YYoYRlT7QOWrLkUo","address":"Ave. Hacienda El Palmar 801 Hacienda San Carlos, Hacienda San Martin, Av Bosques de la Huasteca Supermanzana Y, Hacienda el Palmar, 66354 Cdad. Santa Catarina, N.L.","types":["convenience_store","gift_shop","travel_agency","shipping_service","home_goods_store","finance","food_store","pet_care","cell_phone_store","food","transportation_service","point_of_interest","service","store","establishment"],"fuente":"places_api","fetched_at":"2026-09-24T22:41:22Z"}},{"type":"Feature","geometry":{"type":"Point","coordinates":[-100.2385413,25.817683]},"properties":{"name":"OXXO","kind":"oxxo","place_id":"ChIJZz6yM97sYoYR4MUtJ3kxqHQ","address":"Sapporo, Gasoducto 114, Renaceres Residencial, 66614 Cdad. Apodaca, N.L.","types":["convenience_store","cell_phone_store","shipping_service","gift_shop","travel_agency","finance","home_goods_store","pet_care","transportation_service","food_store","store","food","point_of_interest","service","establishment"],"fuente":"places_api","fetched_at":"2026-09-24T22:41:22Z"}},{"type":"Feature","geometry":{"type":"Point","coordinates":[-100.21888399999999,25.8014404]},"properties":{"name":"OXXO","kind":"oxxo","place_id":"ChIJ__Ed8fTsYoYRovBt-pGPD3M","address":"Rufino Tamayo Y Calle Esmeralda 262, Av. Diego Rivera, Los Murales, 66610 Ex-Hacienda Santa Rosa, N.L.","types":["convenience_store","cell_phone_store","shipping_service","gift_shop","travel_agency","finance","home_goods_store","pet_care","transportation_service","food_store","store","food","point_of_interest","service","establishment"],"fuente":"places_api","fetched_at":"2026-09-24T22:41:22Z"}},{"type":"Feature","geometry":{"type":"Point","coordinates":[-100.3492417,25.6657166]},"properties":{"name":"OXXO","kind":"oxxo","place_id":"ChIJbXeYWwe-YoYR8kLbWAwx6IQ","address":"1 Las Gracias Y Sertoma 2600, Dr. Roberto J. Cantú, Los Doctores, 64710 Monterrey, N.L.","types":["convenience_store","cell_phone_store","shipping_service","travel_agency","pet_care","transportation_service","food_store","gift_shop","finance","home_goods_store","store","service","food","point_of_interest","establishment"],"fuente":"places_api","fetched_at":"2026-09-24T22:41:22Z"}},{"type":"Feature","geometry":{"type":"Point","coordinates":[-100.31316629999999,25.640951]},"properties":{"name":"OXXO","kind":"oxxo","place_id":"ChIJf2ieMk6-YoYRi95xjqKUyLY","address":"P.º Nora s/n, entre Paseo Alicia Y Paseo Cristina, Valle del Mirador, 64750 Monterrey, N.L.","types":["convenience_store","cell_phone_store","shipping_service","gift_shop","travel_agency","finance","home_goods_store","pet_care","transportation_service","food_store","store","food","point_of_interest","service","establishment"],"fuente":"places_api","fetched_at":"2026-09-24T22:41:22Z"}},{"type":"Feature","geometry":{"type":"Point","coordinates":[-100.14060699999999,25.8384544]},"properties":{"name":"OXXO","kind":"oxxo","place_id":"ChIJhTY-BqjvYoYRbLSjPTpRMIA","address":"Circuito De Los Vientos, Cruz Con, Cygnus S/N, Arboledas De Santa Rosa, 66614 Cdad. Apodaca, N.L.","types":["convenience_store","food_store","store","food","point_of_interest","establishment"],"fuente":"places_api","fetched_at":"2026-09-24T22:41:22Z"}},{"type":"Feature","geometry":{"type":"Point","coordinates":[-100.5293099,25.746216999999998]},"properties":{"name":"OXXO","kind":"oxxo","place_id":"ChIJjbZ-yAKZYoYRjW2LG66X-RU","address":"66017 García, N.L.","types":["convenience_store","cell_phone_store","shipping_service","travel_agency","transportation_service","food_store","gift_shop","finance","store","service","food","point_of_interest","establishment"],"fuente":"places_api","fetched_at":"2026-09-24T22:41:22Z"}},{"type":"Feature","geometry":{"type":"Point","coordinates":[-100.25114560000002,25.7903687]},"properties":{"name":"OXXO","kind":"oxxo","place_id":"ChIJq-6E07DsYoYRYzWUXAXINZw","address":"Av. Andrómeda #401, Metroplex I, 66612 Cdad. Apodaca, N.L.","types":["convenience_store","cell_phone_store","shipping_service","gift_shop","travel_agency","finance","home_goods_store","pet_care","transportation_service","food_store","store","food","point_of_interest","service","establishment"],"fuente":"places_api","fetched_at":"2026-09-24T22:41:22Z"}},{"type":"Feature","geometry":{"type":"Point","coordinates":[-100.3953228,25.8060293]},"properties":{"name":"OXXO","kind":"oxxo","place_id":"ChIJqU7qL_6QYoYRE9PQn22Z8tU","address":"Ave. Monterrey Y Calle Palermo 602, C. de las Aguilas, Valle de San Francisco, 66064 Cdad. Gral. Escobedo, N.L.","types":["convenience_store","cell_phone_store","gift_shop","shipping_service","travel_agency","home_goods_store","finance","transportation_service","food_store","pet_care","store","service","food","point_of_interest","establishment"],"fuente":"places_api","fetched_at":"2026-09-24T22:41:22Z"}},{"type":"Feature","geometry":{"type":"Point","coordinates":[-100.3335324,25.787786399999998]},"properties":{"name":"OXXO","kind":"oxxo","place_id":"ChIJv027gumTYoYRwVb8ZRwy0ns","address":"Cerro Prieto Y Cerro De La Silla 98, Av. Acueducto, Provileón, 66070 Cdad. Gral. Escobedo, N.L.","types":["convenience_store","cell_phone_store","gift_shop","shipping_service","travel_agency","home_goods_store","finance","transportation_service","food_store","pet_care","store","service","food","point_of_interest","establishment"],"fuente":"places_api","fetched_at":"2026-09-24T22:41:22Z"}},{"type":"Feature","geometry":{"type":"Point","coordinates":[-100.0768227,25.626183299999997]},"properties":{"name":"OXXO","kind":"oxxo","place_id":"ChIJwbbydgDdYoYRrtT-yPgq62c","address":"67262 Cdad. Benito Juárez, N.L.","types":["convenience_store","food_store","store","food","point_of_interest","establishment"],"fuente":"places_api","fetched_at":"2026-09-24T22:41:22Z"}},{"type":"Feature","geometry":{"type":"Point","coordinates":[-100.37197739999999,25.67486]},"properties":{"name":"OXXO AARON SAENZ","kind":"oxxo","place_id":"ChIJRUmjSriXYoYR_iKg0p8KMU8","address":"Av. Aaron Saenz 1349 AarÛn Saenz, Arnulfo S. Garza Supermanzana Y, Santa María, 64650 Monterrey, N.L.","types":["convenience_store","cell_phone_store","shipping_service","travel_agency","pet_care","transportation_service","food_store","gift_shop","finance","home_goods_store","store","service","food","point_of_interest","establishment"],"fuente":"places_api","fetched_at":"2026-09-24T22:41:22Z"}},{"type":"Feature","geometry":{"type":"Point","coordinates":[-100.3121451,25.637525900000004]},"properties":{"name":"OXXO ALFAREROS","kind":"oxxo","place_id":"ChIJ_-yHplG-YoYRgCtoBEVHtU0","address":"Av. Lazaro Cardenas, Adolfo Laubner 1300, Alfareros, 64753 Monterrey, N.L.","types":["convenience_store","cell_phone_store","shipping_service","gift_shop","travel_agency","finance","home_goods_store","pet_care","transportation_service","food_store","store","food","point_of_interest","service","establishment"],"fuente":"places_api","fetched_at":"2026-09-24T22:41:22Z"}},{"type":"Feature","geometry":{"type":"Point","coordinates":[-100.278019,25.642203]},"properties":{"name":"OXXO ALFONSO REYES","kind":"oxxo","place_id":"ChIJy3-x5pm_YoYRqGbUtU6lrkI","address":"Junco De La Vega Y Orion 290, Av. Alfonso Reyes 290, Contry, 64860 Monterrey, N.L.","types":["convenience_store","cell_phone_store","shipping_service","gift_shop","travel_agency","finance","home_goods_store","pet_care","transportation_service","food_store","store","food","point_of_interest","service","establishment"],"fuente":"places_api","fetched_at":"2026-09-24T22:41:22Z"}},{"type":"Feature","geometry":{"type":"Point","coordinates":[-100.36242659999999,25.652513]},"properties":{"name":"OXXO ALIANZA MTY visita","kind":"oxxo","place_id":"ChIJD0XolOi9YoYRf-CRKGcAM2c","address":"Pinos Y Olmos 503, Av. José Vasconcelos, Del Valle, 66220 San Pedro Garza García, N.L.","types":["convenience_store","cell_phone_store","shipping_service","gift_shop","travel_agency","finance","home_goods_store","transportation_service","food_store","store","food","point_of_interest","service","establishment"],"fuente":"places_api","fetched_at":"2026-09-24T22:41:22Z"}},{"type":"Feature","geometry":{"type":"Point","coordinates":[-100.2404232,25.7700774]},"properties":{"name":"OXXO ANDANA","kind":"oxxo","place_id":"ChIJjavtDADrYoYR654-CukaDhI","address":"Andana Residencial 249, Sin Nombre de Col 11, 66630 Cdad. Apodaca, N.L.","types":["convenience_store","food_store","store","food","point_of_interest","establishment"],"fuente":"places_api","fetched_at":"2026-09-24T22:41:22Z"}},{"type":"Feature","geometry":{"type":"Point","coordinates":[-100.18715700000001,25.776210199999998]},"properties":{"name":"OXXO APODACA CENTRO","kind":"oxxo","place_id":"ChIJxVSP3_XrYoYR0EJrpCyt8eA","address":"Blvd. Carlos Salinas De Gortari Y Calle Aldama, Escobedo Sur, Cabecera Municipal (Apodaca), Apodaca Centro, 66600 Cdad. Apodaca, N.L.","types":["convenience_store","cell_phone_store","shipping_service","travel_agency","transportation_service","food_store","gift_shop","finance","home_goods_store","store","service","food","point_of_interest","establishment"],"fuente":"places_api","fetched_at":"2026-09-24T22:41:22Z"}},{"type":"Feature","geometry":{"type":"Point","coordinates":[-100.6085207,25.7997935]},"properties":{"name":"OXXO ARAMBULA","kind":"oxxo","place_id":"ChIJrUqu_3mdYoYRWhIUaRKbVPo","address":"Av. Maravillas 600 Paseo Capellania, Maravilla 600, Paseo de Capellania, 66007 García, N.L.","types":["convenience_store","food_store","food","point_of_interest","store","establishment"],"fuente":"places_api","fetched_at":"2026-09-24T22:41:22Z"}},{"type":"Feature","geometry":{"type":"Point","coordinates":[-100.3225186,25.7447809]},"properties":{"name":"OXXO AURORA","kind":"oxxo","place_id":"ChIJbTyKOzyVYoYRjhusJUeOAco","address":"S. Blas 7398-7348, Lázaro Cárdenas, 64269 Monterrey, N.L.","types":["convenience_store","cell_phone_store","shipping_service","travel_agency","pet_care","transportation_service","food_store","gift_shop","finance","home_goods_store","store","service","food","point_of_interest","establishment"],"fuente":"places_api","fetched_at":"2026-09-24T22:41:22Z"}},{"type":"Feature","geometry":{"type":"Point","coordinates":[-100.3554603,25.7176728]},"properties":{"name":"OXXO Abraham Lincoln","kind":"oxxo","place_id":"ChIJX8gPaaCXYoYRybY-ltaGbmk","address":"Nueva Inglaterra, Abraham Lincoln Y Jardín De Babilonia 4346, Av Abraham Lincoln Supermanzana Residencial, Industrial Hab Abraham Lincoln, 64310 Monterrey, N.L.","types":["convenience_store","cell_phone_store","shipping_service","travel_agency","pet_care","transportation_service","food_store","gift_shop","finance","home_goods_store","store","service","food","point_of_interest","establishment"],"fuente":"places_api","fetched_at":"2026-09-24T22:41:22Z"}},{"type":"Feature","geometry":{"type":"Point","coordinates":[-100.18404380000001,25.7782967]},"properties":{"name":"OXXO Aeropuerto","kind":"oxxo","place_id":"ChIJxX6L1_frYoYRfIjticY4hKY","address":"Padre Mier, Padre Mier Y Aldama S/N, Padre Mier S/N, Apodaca Centro, 66600 Cdad. Apodaca, N.L.","types":["convenience_store","cell_phone_store","shipping_service","travel_agency","pet_care","transportation_service","food_store","gift_shop","finance","home_goods_store","store","service","food","point_of_interest","establishment"],"fuente":"places_api","fetched_at":"2026-09-24T22:41:22Z"}},{"type":"Feature","geometry":{"type":"Point","coordinates":[-100.3230478,25.675258499999998]},"properties":{"name":"OXXO Alameda II","kind":"oxxo","place_id":"ChIJt1ChjYqVYoYRQTVp7n63Wmk","address":"Villagran Y Aldama 908-A, C. Washington 908, Centro, 64000 Monterrey, N.L.","types":["convenience_store","cell_phone_store","shipping_service","travel_agency","transportation_service","food_store","gift_shop","finance","home_goods_store","store","service","food","point_of_interest","establishment"],"fuente":"places_api","fetched_at":"2026-09-24T22:41:22Z"}},{"type":"Feature","geometry":{"type":"Point","coordinates":[-100.2453515,25.7816242]},"properties":{"name":"OXXO Alamo Apodaca","kind":"oxxo","place_id":"ChIJWeKVqJTtYoYRbOQpupNHUuk","address":"C. Alamo 346, Bosques Real I, 66612 Cdad. Apodaca, N.L.","types":["convenience_store","food_store","store","food","point_of_interest","establishment"],"fuente":"places_api","fetched_at":"2026-09-24T22:41:22Z"}},{"type":"Feature","geometry":{"type":"Point","coordinates":[-100.1667921,25.629697699999998]},"properties":{"name":"OXXO Alborada","kind":"oxxo","place_id":"ChIJa1mXhjTDYoYRBnfX4jTBAHs","address":"Av. Alba, P.º DE ALBORADA 101, Jardines de la Silla, 67230 Jardines de la Silla, N.L.","types":["convenience_store","cell_phone_store","shipping_service","gift_shop","travel_agency","finance","home_goods_store","pet_care","transportation_service","food_store","store","food","point_of_interest","service","establishment"],"fuente":"places_api","fetched_at":"2026-09-24T22:41:22Z"}},{"type":"Feature","geometry":{"type":"Point","coordinates":[-100.5744756,25.7831995]},"properties":{"name":"OXXO Alcali","kind":"oxxo","place_id":"ChIJifLANE2cYoYROilZsF29qc0","address":"Diamante Y Hacienda Del Sol 101-B, Puesta Del Sol 101-B, Villas de Álcali, 66003 García, N.L.","types":["convenience_store","cell_phone_store","shipping_service","travel_agency","pet_care","transportation_service","food_store","gift_shop","finance","home_goods_store","store","service","food","point_of_interest","establishment"],"fuente":"places_api","fetched_at":"2026-09-24T22:41:22Z"}},{"type":"Feature","geometry":{"type":"Point","coordinates":[-100.5684668,25.783614900000003]},"properties":{"name":"OXXO Alcali Plata MTY","kind":"oxxo","place_id":"ChIJWxBKdJKdYoYRDd1djvrB2ro","address":"Cuarzo, Magnesita 117, Villas de Álcali, 66003 García, N.L.","types":["convenience_store","cell_phone_store","shipping_service","travel_agency","pet_care","transportation_service","food_store","gift_shop","finance","home_goods_store","store","service","food","point_of_interest","establishment"],"fuente":"places_api","fetched_at":"2026-09-24T22:41:22Z"}},{"type":"Feature","geometry":{"type":"Point","coordinates":[-100.3069228,25.638845699999997]},"properties":{"name":"OXXO Alfombrilla Monterrey","kind":"oxxo","place_id":"ChIJuSIN7VK-YoYR17mFgzxrdbg","address":"Caraco Y Arturo Bonifacio De La Garza, Alfombrilla 1704, Jardín de Las Torres, 64754 Monterrey, N.L.","types":["convenience_store","cell_phone_store","shipping_service","gift_shop","travel_agency","finance","home_goods_store","pet_care","transportation_service","food_store","store","food","point_of_interest","service","establishment"],"fuente":"places_api","fetched_at":"2026-09-24T22:41:22Z"}},{"type":"Feature","geometry":{"type":"Point","coordinates":[-100.4270566,25.746339]},"properties":{"name":"OXXO Allegro JTM","kind":"oxxo","place_id":"ChIJjbooIPCXYoYRBu_roUnV0l0","address":"Cumbres Allegro, 66000 Monterrey, N.L.","types":["convenience_store","food_store","store","food","point_of_interest","establishment"],"fuente":"places_api","fetched_at":"2026-09-24T22:41:22Z"}},{"type":"Feature","geometry":{"type":"Point","coordinates":[-100.22147539999999,25.8067128]},"properties":{"name":"OXXO Amberes","kind":"oxxo","place_id":"ChIJZbPILfHsYoYRP157e_hhyW4","address":"Avenida Mezquital Santa Rosa Y Tulipan 100 Esquina, Av. América, Amberes Residencial, 66610 Cdad. Apodaca, N.L.","types":["convenience_store","cell_phone_store","gift_shop","shipping_service","travel_agency","home_goods_store","finance","transportation_service","food_store","pet_care","store","service","food","point_of_interest","establishment"],"fuente":"places_api","fetched_at":"2026-09-24T22:41:22Z"}},{"type":"Feature","geometry":{"type":"Point","coordinates":[-100.4929085,25.6859987]},"properties":{"name":"OXXO Anacuas","kind":"oxxo","place_id":"ChIJL-1HKfOYYoYRkzWml-UN9uo","address":"Sierra Madre Y Sierra Picachos 2748, Carr. Monterrey - Saltillo, Las Anacuas, 66359 Cdad. Santa Catarina, N.L.","types":["convenience_store","gift_shop","travel_agency","shipping_service","home_goods_store","finance","food_store","pet_care","cell_phone_store","food","transportation_service","point_of_interest","service","store","establishment"],"fuente":"places_api","fetched_at":"2026-09-24T22:41:22Z"}},{"type":"Feature","geometry":{"type":"Point","coordinates":[-100.18667339999999,25.7780448]},"properties":{"name":"OXXO Apodaca","kind":"oxxo","place_id":"ChIJ2ZTq_gnsYoYRYg12seK9UpM","address":"Zaragoza Y Abasolo 210, Gral. Ignacio Zaragoza, Cabecera Municipal (Apodaca), Apodaca Centro, 66600 Cdad. Apodaca, N.L.","types":["convenience_store","cell_phone_store","shipping_service","gift_shop","travel_agency","finance","home_goods_store","transportation_service","food_store","store","food","point_of_interest","service","establishment"],"fuente":"places_api","fetched_at":"2026-09-24T22:41:22Z"}},{"type":"Feature","geometry":{"type":"Point","coordinates":[-100.10841359999999,25.824175399999998]},"properties":{"name":"OXXO Arcos del Parque","kind":"oxxo","place_id":"ChIJx2MHtDTvYoYRL-0d4xp_48o","address":"Arco De Lisboa Y Arco De Buenos Aires 203, Arco de San Roque, Arcos Del Parque, 66655 Pesquería, N.L.","types":["convenience_store","cell_phone_store","gift_shop","shipping_service","travel_agency","home_goods_store","finance","transportation_service","food_store","pet_care","store","service","food","point_of_interest","establishment"],"fuente":"places_api","fetched_at":"2026-09-24T22:41:22Z"}},{"type":"Feature","geometry":{"type":"Point","coordinates":[-100.1207776,25.698808600000003]},"properties":{"name":"OXXO Asunción","kind":"oxxo","place_id":"ChIJr7UFbjnpYoYR6bM5bT6v2z0","address":"Esq. Fatima, Av. Ruiz Cortines 830, Fatima, 66647 Cdad. Apodaca, N.L.","types":["convenience_store","cell_phone_store","gift_shop","shipping_service","travel_agency","home_goods_store","finance","transportation_service","food_store","pet_care","store","service","food","point_of_interest","establishment"],"fuente":"places_api","fetched_at":"2026-09-24T22:41:22Z"}},{"type":"Feature","geometry":{"type":"Point","coordinates":[-100.28942719999999,25.6494486]},"properties":{"name":"OXXO Aulas 4","kind":"oxxo","place_id":"ChIJ1ct3pgS_YoYRm0W5660x_Kw","address":"Tecnologico, Distrito Tec, 64700 Monterrey, N.L.","types":["convenience_store","food_store","store","food","point_of_interest","establishment"],"fuente":"places_api","fetched_at":"2026-09-24T22:41:22Z"}},{"type":"Feature","geometry":{"type":"Point","coordinates":[-100.18767919999999,25.7147217]},"properties":{"name":"OXXO BALCONES DE SAN MIGUEL","kind":"oxxo","place_id":"ChIJBaCuQjnqYoYRgi-w6Cy-luc","address":"Calle Diecisiete Y Dieciocho 800, Av Balcones de San Miguel, Valle San Miguel, 45016 Guadalupe, N.L.","types":["convenience_store","cell_phone_store","shipping_service","travel_agency","pet_care","transportation_service","food_store","gift_shop","finance","home_goods_store","store","service","food","point_of_interest","establishment"],"fuente":"places_api","fetched_at":"2026-09-24T22:41:22Z"}},{"type":"Feature","geometry":{"type":"Point","coordinates":[-100.123505,25.6466386]},"properties":{"name":"OXXO BELTERRA","kind":"oxxo","place_id":"ChIJPZmWYwDDYoYRWkg5Wz7xG_8","address":"Calle Prol. Pablo Livas & Sendero Camino de Vaquerias, 67275 Cdad. Benito Juárez, N.L.","types":["convenience_store","food_store","store","food","point_of_interest","establishment"],"fuente":"places_api","fetched_at":"2026-09-24T22:41:22Z"}},{"type":"Feature","geometry":{"type":"Point","coordinates":[-100.4587206,25.7835632]},"properties":{"name":"OXXO BICENTENARIO","kind":"oxxo","place_id":"ChIJL4hOJm2bYoYRNLNNhLtwj20","address":"Bicentenario, Silao 174, Mitras Bicentenario, Mitras Poniente, 66023 García, N.L.","types":["convenience_store","cell_phone_store","shipping_service","gift_shop","travel_agency","finance","home_goods_store","pet_care","transportation_service","food_store","store","food","point_of_interest","service","establishment"],"fuente":"places_api","fetched_at":"2026-09-24T22:41:22Z"}},{"type":"Feature","geometry":{"type":"Point","coordinates":[-100.1646676,25.793291699999997]},"properties":{"name":"OXXO BLACK AND DECKER II","kind":"oxxo","place_id":"ChIJU2feAQDvYoYR2Tk1lNPjzT0","address":"Blvd. Apodaca 909, 66627 Cdad. Apodaca, N.L.","types":["convenience_store","food_store","store","food","point_of_interest","establishment"],"fuente":"places_api","fetched_at":"2026-09-24T22:41:22Z"}},{"type":"Feature","geometry":{"type":"Point","coordinates":[-100.5346532,25.7193309]},"properties":{"name":"OXXO BOHN SLF","kind":"oxxo","place_id":"ChIJl-C0fACfYoYROBy1LfxmWj4","address":"PF97+PX, Finsa Santa Catarina, 66380 Parque Industrial Finsa Santa Catarina, N.L.","types":["convenience_store","food_store","store","food","point_of_interest","establishment"],"fuente":"places_api","fetched_at":"2026-09-24T22:41:22Z"}},{"type":"Feature","geometry":{"type":"Point","coordinates":[-100.499531,25.6991991]},"properties":{"name":"OXXO BOSQUES MTY 509TS","kind":"oxxo","place_id":"ChIJJ0DxsOWYYoYRhRRAlcg4goM","address":"Ave.Torre Norte 120 Av Bosques De La Huasteca Y Prol Av Las Torres, Av Bosques de la Huasteca Fraccionamiento-1Er Sector, Villa Alta, 66354 Cdad. Santa Catarina, N.L.","types":["convenience_store","gift_shop","travel_agency","shipping_service","home_goods_store","finance","food_store","pet_care","cell_phone_store","food","transportation_service","point_of_interest","service","store","establishment"],"fuente":"places_api","fetched_at":"2026-09-24T22:41:22Z"}},{"type":"Feature","geometry":{"type":"Point","coordinates":[-100.36810510000001,25.7075347]},"properties":{"name":"OXXO BUROCRATAS MTY","kind":"oxxo","place_id":"ChIJqRHsPmaWYoYRholN1mzMuro","address":"Av. Burocratas Del Estado, Av Raúl Rangel Frías 209 Esq, Burocratas Municipales, 64769 Monterrey, N.L.","types":["convenience_store","cell_phone_store","shipping_service","gift_shop","travel_agency","finance","home_goods_store","pet_care","transportation_service","food_store","store","food","point_of_interest","service","establishment"],"fuente":"places_api","fetched_at":"2026-09-24T22:41:22Z"}},{"type":"Feature","geometry":{"type":"Point","coordinates":[-100.31341049999999,25.792091199999998]},"properties":{"name":"OXXO Bambú","kind":"oxxo","place_id":"ChIJUeMEgJiTYoYRVHCFfmsrmvQ","address":"Sin Nombre de Col 15, 66057 Cdad. Gral. Escobedo, N.L.","types":["convenience_store","liquor_store","food_store","store","food","point_of_interest","establishment"],"fuente":"places_api","fetched_at":"2026-09-24T22:41:22Z"}},{"type":"Feature","geometry":{"type":"Point","coordinates":[-100.06519019999999,25.6098717]},"properties":{"name":"OXXO Bogotá Fracc. Valle Del Roble","kind":"oxxo","place_id":"ChIJx52xQADdYoYRAJKkE3olwFk","address":"Av. del Roble, Valle del Roble, 67458 Valle del Roble, N.L.","types":["convenience_store","food_store","store","food","point_of_interest","establishment"],"fuente":"places_api","fetched_at":"2026-09-24T22:41:22Z"}},{"type":"Feature","geometry":{"type":"Point","coordinates":[-100.50276,25.699355399999998]},"properties":{"name":"OXXO Bosquesdelahuasteca MTY","kind":"oxxo","place_id":"ChIJF2ok7ruZYoYR8KRp47Jz-Aw","address":"Rio De La Silla Y Rio Panuco 400, Av. Torres Nte., Bosques De La Huasteca, 66354 Cdad. Santa Catarina, N.L.","types":["convenience_store","gift_shop","travel_agency","shipping_service","home_goods_store","finance","food_store","pet_care","cell_phone_store","food","transportation_service","point_of_interest","service","store","establishment"],"fuente":"places_api","fetched_at":"2026-09-24T22:41:22Z"}},{"type":"Feature","geometry":{"type":"Point","coordinates":[-100.1874584,25.700432400000004]},"properties":{"name":"OXXO Brigida Garcia","kind":"oxxo","place_id":"ChIJ141k4RPqYoYRoXq9-0e_dJI","address":"Av. Benemerito De Las Americas 342 Esquina Brigida Garcia, Jardines del Río, Benito Juárez (Jardines de Casa Blanca), 67116 Guadalupe, N.L.","types":["convenience_store","cell_phone_store","shipping_service","travel_agency","pet_care","transportation_service","food_store","gift_shop","finance","home_goods_store","store","service","food","point_of_interest","establishment"],"fuente":"places_api","fetched_at":"2026-09-24T22:41:22Z"}},{"type":"Feature","geometry":{"type":"Point","coordinates":[-100.61288030000001,25.7987602]},"properties":{"name":"OXXO CAPELLANIAS","kind":"oxxo","place_id":"ChIJ4yqjQ3mdYoYRVlXXGl2iGRo","address":"Av. Maravillas, Anillo Periferico 901, Paseo Capellania, 66007 García, N.L.","types":["convenience_store","cell_phone_store","shipping_service","travel_agency","pet_care","transportation_service","food_store","gift_shop","finance","home_goods_store","store","service","food","point_of_interest","establishment"],"fuente":"places_api","fetched_at":"2026-09-24T22:41:22Z"}},{"type":"Feature","geometry":{"type":"Point","coordinates":[-100.3654079,25.6583957]},"properties":{"name":"OXXO CENTRITO II","kind":"oxxo","place_id":"ChIJs5QXFe69YoYRuwDOoyIjA5Y","address":"Rio Grijalva Y Rio Tamazunchale 155, Mississippi, Del Valle, 66220 San Pedro Garza García, N.L.","types":["convenience_store","cell_phone_store","shipping_service","gift_shop","travel_agency","finance","home_goods_store","transportation_service","food_store","store","food","point_of_interest","service","establishment"],"fuente":"places_api","fetched_at":"2026-09-24T22:41:22Z"}},{"type":"Feature","geometry":{"type":"Point","coordinates":[-100.1810522,25.6702175]},"properties":{"name":"OXXO CRISPÍN TREVIÑO","kind":"oxxo","place_id":"ChIJv71rLPDBYoYRNA-rvCKQrdg","address":"Esq. Crispin TreviÒo, Crispin TreviÒo, Carretera Monterrey - Reynosa 6101, Sin Nombre de Col 9, 67190 Guadalupe, N.L.","types":["convenience_store","gift_shop","travel_agency","shipping_service","home_goods_store","finance","food_store","pet_care","cell_phone_store","food","transportation_service","point_of_interest","service","store","establishment"],"fuente":"places_api","fetched_at":"2026-09-24T22:41:22Z"}},{"type":"Feature","geometry":{"type":"Point","coordinates":[-100.0967309,25.701956]},"properties":{"name":"OXXO Calabria","kind":"oxxo","place_id":"ChIJ-SNBCBroYoYRSX-GOchhFZg","address":"Av. San Fernando 1001, Centro, 66670 Valle de Santa María, N.L.","types":["convenience_store","cell_phone_store","gift_shop","shipping_service","travel_agency","home_goods_store","finance","transportation_service","food_store","pet_care","store","service","food","point_of_interest","establishment"],"fuente":"places_api","fetched_at":"2026-09-24T22:41:22Z"}},{"type":"Feature","geometry":{"type":"Point","coordinates":[-100.317464,25.6895977]},"properties":{"name":"OXXO Calzada Victoria","kind":"oxxo","place_id":"ChIJO4X2ipCVYoYReGJKQPOGX0c","address":"Ave. Alfonso Reyes, Calz. Guadalupe Victoria 1628 Esq, Industrial, 64440 Monterrey, N.L.","types":["convenience_store","cell_phone_store","shipping_service","gift_shop","travel_agency","finance","home_goods_store","pet_care","transportation_service","food_store","store","food","point_of_interest","service","establishment"],"fuente":"places_api","fetched_at":"2026-09-24T22:41:22Z"}},{"type":"Feature","geometry":{"type":"Point","coordinates":[-100.27692239999999,25.8021472]},"properties":{"name":"OXXO Carretera Monclova","kind":"oxxo","place_id":"ChIJ-fR5dTyTYoYRx3Qo5HwtXk0","address":"Lic. José López Portillo 312, Sin Nombre de Col 14, 66052 Cdad. Gral. Escobedo, N.L.","types":["convenience_store","cell_phone_store","shipping_service","gift_shop","travel_agency","finance","home_goods_store","pet_care","transportation_service","food_store","store","food","point_of_interest","service","establishment"],"fuente":"places_api","fetched_at":"2026-09-24T22:41:22Z"}},{"type":"Feature","geometry":{"type":"Point","coordinates":[-100.5700212,25.7889198]},"properties":{"name":"OXXO Casa Grande MTY","kind":"oxxo","place_id":"ChIJ9yGoyFOcYoYRaFqgl58JHwA","address":"Hacienda San Javier Y Hacienda Santa Martha 386, Hacienda Casa Grande, Valle Del Fraile, Hacienda del Sol, 66003 García, N.L.","types":["convenience_store","cell_phone_store","shipping_service","travel_agency","pet_care","transportation_service","food_store","gift_shop","finance","home_goods_store","store","service","food","point_of_interest","establishment"],"fuente":"places_api","fetched_at":"2026-09-24T22:41:22Z"}},{"type":"Feature","geometry":{"type":"Point","coordinates":[-100.3354294,25.7920922]},"properties":{"name":"OXXO Cerro de las Mitras (escobedo)","kind":"oxxo","place_id":"ChIJb1U5QACTYoYRjcKFsYkNpAM","address":"Cerro de Las Mitras 97, Villa de los Ayala, 66070 Cdad. Gral. Escobedo, N.L.","types":["convenience_store","food_store","store","food","point_of_interest","establishment"],"fuente":"places_api","fetched_at":"2026-09-24T22:41:22Z"}},{"type":"Feature","geometry":{"type":"Point","coordinates":[-100.26935280000001,25.666058999999997]},"properties":{"name":"OXXO Chapultepec MTY","kind":"oxxo","place_id":"ChIJQdQIC_C_YoYRkFXksM7F9X0","address":"Valle De México Y Juventino Rosas 2700, Av. Chapultepec 2700, Valle de Chapultepec, 67140 Guadalupe, N.L.","types":["convenience_store","cell_phone_store","shipping_service","gift_shop","travel_agency","finance","home_goods_store","pet_care","transportation_service","food_store","store","food","point_of_interest","service","establishment"],"fuente":"places_api","fetched_at":"2026-09-24T22:41:22Z"}},{"type":"Feature","geometry":{"type":"Point","coordinates":[-100.35158829999999,25.7151824]},"properties":{"name":"OXXO Clinica 25","kind":"oxxo","place_id":"ChIJ0f7nE3-WYoYRynVj3RHvM3g","address":"Jardin Del Parque Y Ciudad Limon 3600, Av Abraham Lincoln, Jardín de Las Mitras, 64300 Monterrey, N.L.","types":["convenience_store","cell_phone_store","shipping_service","travel_agency","transportation_service","food_store","gift_shop","finance","home_goods_store","store","service","food","point_of_interest","establishment"],"fuente":"places_api","fetched_at":"2026-09-24T22:41:22Z"}},{"type":"Feature","geometry":{"type":"Point","coordinates":[-100.3473164,25.733039599999998]},"properties":{"name":"OXXO Clínica 35","kind":"oxxo","place_id":"ChIJ5_khtieUYoYRR1f0CgT2MZg","address":"Magnolia Y Las Selvas 6651, Av. Solidaridad 6651-6, Valle del Topo Chico, 64259 Monterrey, N.L.","types":["convenience_store","cell_phone_store","shipping_service","travel_agency","pet_care","transportation_service","food_store","gift_shop","finance","home_goods_store","store","service","food","point_of_interest","establishment"],"fuente":"places_api","fetched_at":"2026-09-24T22:41:22Z"}},{"type":"Feature","geometry":{"type":"Point","coordinates":[-100.17997,25.63888]},"properties":{"name":"OXXO Coahuila MTA","kind":"oxxo","place_id":"ChIJ90ovlILBYoYRuLcJ4YcTDVY","address":"Av Coahuila y Av. Acueducto 124, Av. Coahuila Lote Esqu, Paseo del Acueducto, Jardines de la Silla, 67257 Jardines de la Silla, N.L.","types":["convenience_store","food_store","store","food","point_of_interest","establishment"],"fuente":"places_api","fetched_at":"2026-09-24T22:41:22Z"}},{"type":"Feature","geometry":{"type":"Point","coordinates":[-100.29750999999999,25.69492]},"properties":{"name":"OXXO Conchello MTY","kind":"oxxo","place_id":"ChIJN5gcxHOVYoYR2bhoNXN6muU","address":"Calle Camino A Santo Domingo Y Calle Magnolia 2409, Av. José Ángel Conchello A, Reforma, 64550 Monterrey, N.L.","types":["convenience_store","cell_phone_store","shipping_service","travel_agency","pet_care","transportation_service","food_store","gift_shop","finance","home_goods_store","store","service","food","point_of_interest","establishment"],"fuente":"places_api","fetched_at":"2026-09-24T22:41:22Z"}},{"type":"Feature","geometry":{"type":"Point","coordinates":[-100.2664097,25.682755900000004]},"properties":{"name":"OXXO Constitución II","kind":"oxxo","place_id":"ChIJAfsHRZqVYoYRl7v9tNRNgZc","address":"Constitución 3908, Churubusco, 64590 Monterrey, N.L.","types":["convenience_store","cell_phone_store","shipping_service","travel_agency","pet_care","transportation_service","food_store","gift_shop","finance","home_goods_store","store","service","food","point_of_interest","establishment"],"fuente":"places_api","fetched_at":"2026-09-24T22:41:22Z"}},{"type":"Feature","geometry":{"type":"Point","coordinates":[-100.46064299999999,25.6721261]},"properties":{"name":"OXXO Costilla SC","kind":"oxxo","place_id":"ChIJrRjwPgCZYoYRFoTnSDe6j4k","address":"Corregidora 181, Centro, 66350 Cdad. Santa Catarina, N.L.","types":["convenience_store","food_store","store","food","point_of_interest","establishment"],"fuente":"places_api","fetched_at":"2026-09-24T22:41:22Z"}},{"type":"Feature","geometry":{"type":"Point","coordinates":[-100.2854577,25.620756]},"properties":{"name":"OXXO DEL LAGO","kind":"oxxo","place_id":"ChIJ69xEpg2_YoYRs5hAyJ8ryXw","address":"Leija, P.º de Granada 3900, Las Torres, 64930 Monterrey, N.L.","types":["convenience_store","cell_phone_store","shipping_service","gift_shop","travel_agency","finance","home_goods_store","pet_care","transportation_service","food_store","store","food","point_of_interest","service","establishment"],"fuente":"places_api","fetched_at":"2026-09-24T22:41:22Z"}},{"type":"Feature","geometry":{"type":"Point","coordinates":[-100.162557,25.6780854]},"properties":{"name":"OXXO DOS RIOS II","kind":"oxxo","place_id":"ChIJ2UU4TwTCYoYRw8deelCKlzA","address":"Rio Panuco, Río Papaloapan 421, Dos Rios, 67134 Guadalupe, N.L.","types":["convenience_store","gift_shop","travel_agency","shipping_service","home_goods_store","finance","food_store","pet_care","cell_phone_store","food","transportation_service","point_of_interest","service","store","establishment"],"fuente":"places_api","fetched_at":"2026-09-24T22:41:22Z"}},{"type":"Feature","geometry":{"type":"Point","coordinates":[-100.5983021,25.792897]},"properties":{"name":"OXXO Diamante MTY","kind":"oxxo","place_id":"ChIJ8XXjisOdYoYRGLVBnc9rtLU","address":"Prol. 16 De Septiembre Y Calle Granate 100, Diamante, Valle de San José, 66004 García, N.L.","types":["convenience_store","cell_phone_store","shipping_service","gift_shop","travel_agency","finance","home_goods_store","pet_care","transportation_service","food_store","store","food","point_of_interest","service","establishment"],"fuente":"places_api","fetched_at":"2026-09-24T22:41:22Z"}},{"type":"Feature","geometry":{"type":"Point","coordinates":[-100.5641501,25.798313999999998]},"properties":{"name":"OXXO Dr. Watson","kind":"oxxo","place_id":"ChIJS58bAgCdYoYRYc8Lt-jNr8g","address":"Dr James Dewey Watson 61, Valle de San Blas, 66025 García, N.L.","types":["convenience_store","food_store","food","point_of_interest","store","establishment"],"fuente":"places_api","fetched_at":"2026-09-24T22:41:22Z"}},{"type":"Feature","geometry":{"type":"Point","coordinates":[-100.1426248,25.864624799999998]},"properties":{"name":"OXXO ELENA (CR: 50V6B)","kind":"oxxo","place_id":"ChIJx5dcLADvYoYRJPCDjU6cSWk","address":"Av. Sta. Elena, 65776 Valle de Santa Elena, N.L.","types":["convenience_store","food_store","store","food","point_of_interest","establishment"],"fuente":"places_api","fetched_at":"2026-09-24T22:41:22Z"}},{"type":"Feature","geometry":{"type":"Point","coordinates":[-100.48433279999999,25.6812117]},"properties":{"name":"OXXO ELENA GARRO","kind":"oxxo","place_id":"ChIJZYA342GYYoYRUP-GUP1wgW8","address":"Manuel Ordouez 802 Sor Juana Ines De La Cruz Y Calle Elena Garro, Cumbres de Sta. Catarina, Cumbres de Santa Catarina Segundo Sector, 66358 Cdad. Santa Catarina, N.L.","types":["convenience_store","cell_phone_store","shipping_service","gift_shop","travel_agency","finance","home_goods_store","pet_care","transportation_service","food_store","store","food","point_of_interest","service","establishment"],"fuente":"places_api","fetched_at":"2026-09-24T22:41:22Z"}},{"type":"Feature","geometry":{"type":"Point","coordinates":[-100.3232093,25.8071684]},"properties":{"name":"OXXO ESCOBEDO Centro","kind":"oxxo","place_id":"ChIJiYjwdTWTYoYRfTlX0c2WQx4","address":"Jose Mariano Abasolo, Cabecera Municipal, 66050 Cdad. Gral. Escobedo, N.L.","types":["convenience_store","food_store","store","food","point_of_interest","establishment"],"fuente":"places_api","fetched_at":"2026-09-24T22:41:22Z"}},{"type":"Feature","geometry":{"type":"Point","coordinates":[-100.2690865,25.6566512]},"properties":{"name":"OXXO EcheverriaMTY","kind":"oxxo","place_id":"ChIJUUnDYXu_YoYRmhUKZh0uWLM","address":"Av. Jose Lopez Portillo 2140, Esq. Luis Echeverria Y Sabino Gamez 25, De Noviembre, 67174 Monterrey, N.L.","types":["convenience_store","cell_phone_store","shipping_service","gift_shop","travel_agency","finance","home_goods_store","pet_care","transportation_service","food_store","store","food","point_of_interest","service","establishment"],"fuente":"places_api","fetched_at":"2026-09-24T22:41:22Z"}},{"type":"Feature","geometry":{"type":"Point","coordinates":[-100.3330958,25.6888568]},"properties":{"name":"OXXO Edison","kind":"oxxo","place_id":"ChIJxQ1L9u6VYoYRT24swYMwM1Q","address":"Michelena Y Miguel Dominguez 1304, Thomas Alva Edison 1235, Talleres, 64480 Monterrey, N.L.","types":["convenience_store","cell_phone_store","shipping_service","gift_shop","travel_agency","finance","home_goods_store","pet_care","transportation_service","food_store","store","food","point_of_interest","service","establishment"],"fuente":"places_api","fetched_at":"2026-09-24T22:41:22Z"}},{"type":"Feature","geometry":{"type":"Point","coordinates":[-100.3680378,25.659161599999997]},"properties":{"name":"OXXO El Centrito MTY","kind":"oxxo","place_id":"ChIJWQGSeKW9YoYR-AyWtUpanTk","address":"Rio Missisipi, Río Grijalva 101, Del Valle, 66220 San Pedro Garza García, N.L.","types":["convenience_store","cell_phone_store","shipping_service","gift_shop","travel_agency","finance","home_goods_store","transportation_service","food_store","store","food","point_of_interest","service","establishment"],"fuente":"places_api","fetched_at":"2026-09-24T22:41:22Z"}},{"type":"Feature","geometry":{"type":"Point","coordinates":[-100.1225011,25.6424785]},"properties":{"name":"OXXO Esperanza","kind":"oxxo","place_id":"ChIJFdLRMv7CYoYRHU4136FHOVQ","address":"Calle Primera Y Calle Sexta 482, La Esperanza, Esperanza, 67275 Cdad. Benito Juárez, N.L.","types":["convenience_store","cell_phone_store","shipping_service","travel_agency","pet_care","transportation_service","food_store","gift_shop","finance","home_goods_store","store","service","food","point_of_interest","establishment"],"fuente":"places_api","fetched_at":"2026-09-24T22:41:22Z"}},{"type":"Feature","geometry":{"type":"Point","coordinates":[-100.10528479999999,25.620413100000004]},"properties":{"name":"OXXO Estacion 34 MTY","kind":"oxxo","place_id":"ChIJzf-4zSnDYoYRfg4Y3hC5P5E","address":"Paseo De Los Huertos 1191, Sin Entrecalles (Sobre Carretera, Los Huertos, 67265 Cdad. Benito Juárez, N.L.","types":["convenience_store","cell_phone_store","shipping_service","travel_agency","pet_care","transportation_service","food_store","gift_shop","finance","home_goods_store","store","service","food","point_of_interest","establishment"],"fuente":"places_api","fetched_at":"2026-09-24T22:41:22Z"}},{"type":"Feature","geometry":{"type":"Point","coordinates":[-100.58541389999999,25.7957876]},"properties":{"name":"OXXO Estación García","kind":"oxxo","place_id":"ChIJTd6C-AedYoYRXZzX8SQmJjE","address":"Heberto Castillo Y Titanio 1000, Sor Juana Inés de La Cruz B, Las Arboledas, 66004 García, N.L.","types":["convenience_store","gift_shop","travel_agency","shipping_service","home_goods_store","finance","food_store","cell_phone_store","food","transportation_service","point_of_interest","service","store","establishment"],"fuente":"places_api","fetched_at":"2026-09-24T22:41:22Z"}},{"type":"Feature","geometry":{"type":"Point","coordinates":[-100.3567413,25.697409]},"properties":{"name":"OXXO Estación Leones","kind":"oxxo","place_id":"ChIJj6_Mg9OXYoYRaNNXAcjyEBQ","address":"C Segunda Avenida Y Prol Madero 1239, Av Paseo de los Leones A, Cumbres, 64610 Monterrey, N.L.","types":["convenience_store","cell_phone_store","shipping_service","travel_agency","pet_care","transportation_service","food_store","gift_shop","finance","home_goods_store","store","service","food","point_of_interest","establishment"],"fuente":"places_api","fetched_at":"2026-09-24T22:41:22Z"}},{"type":"Feature","geometry":{"type":"Point","coordinates":[-100.1750266,25.629829299999997]},"properties":{"name":"OXXO Estación Rancho Viejo","kind":"oxxo","place_id":"ChIJx3tqagDBYoYRp9LDkg0H66g","address":"Av. Acueducto 1006, Jardines de la Silla, 67288 Jardines de la Silla, N.L.","types":["convenience_store","food_store","store","food","point_of_interest","establishment"],"fuente":"places_api","fetched_at":"2026-09-24T22:41:22Z"}},{"type":"Feature","geometry":{"type":"Point","coordinates":[-100.08205319999999,25.651692300000004]},"properties":{"name":"OXXO FLOR DE LOTO","kind":"oxxo","place_id":"ChIJ-_p2J1nDYoYR7t7SoIPYvb8","address":"A Flor De Loto Y Autopista Reynosa 601, Av. Teofilo Salinas, Ciudadela, 67250 Cdad. Benito Juárez, N.L.","types":["convenience_store","cell_phone_store","shipping_service","travel_agency","pet_care","transportation_service","food_store","gift_shop","finance","home_goods_store","store","service","food","point_of_interest","establishment"],"fuente":"places_api","fetched_at":"2026-09-24T22:41:22Z"}},{"type":"Feature","geometry":{"type":"Point","coordinates":[-100.399842,25.8555852]},"properties":{"name":"OXXO Fraccionamiento Solana","kind":"oxxo","place_id":"ChIJQ54gTgCRYoYR8AD4g1l50CA","address":"66084 Cdad. Gral. Escobedo, N.L.","types":["convenience_store","food_store","store","food","point_of_interest","establishment"],"fuente":"places_api","fetched_at":"2026-09-24T22:41:22Z"}},{"type":"Feature","geometry":{"type":"Point","coordinates":[-100.2355678,25.778896999999997]},"properties":{"name":"OXXO Framboyan","kind":"oxxo","place_id":"ChIJHTMXPZ_sYoYRIKRooDUzrN0","address":"Chopo S/N Esq, Framboyán Supermanzana Sector, Residencial Los, Ebanos Residencial VII, 66612 Cdad. Apodaca, N.L.","types":["convenience_store","cell_phone_store","shipping_service","gift_shop","travel_agency","finance","home_goods_store","pet_care","transportation_service","food_store","store","food","point_of_interest","service","establishment"],"fuente":"places_api","fetched_at":"2026-09-24T22:41:22Z"}},{"type":"Feature","geometry":{"type":"Point","coordinates":[-100.46586280000001,25.676885]},"properties":{"name":"OXXO Francisco Morazán","kind":"oxxo","place_id":"ChIJzZaRkW2YYoYR_EXCa64mLG0","address":"Av. Gral. Francisco Morazán 401-13, entre Calle Azucena Y Calle Morelos, Jardines de Santa Catarina, Jardines de Sta Catarina, 66362 Cdad. Santa Catarina, N.L.","types":["convenience_store","gift_shop","travel_agency","shipping_service","home_goods_store","finance","food_store","pet_care","cell_phone_store","food","transportation_service","point_of_interest","service","store","establishment"],"fuente":"places_api","fetched_at":"2026-09-24T22:41:22Z"}},{"type":"Feature","geometry":{"type":"Point","coordinates":[-100.119467,25.6230804]},"properties":{"name":"OXXO Fuentes Del Seminario","kind":"oxxo","place_id":"ChIJVy-jTZ3DYoYREWnaKCZ4mJ4","address":"Av. Antiguo, Cam. a San Roque 171, Fuentes Del Seminario, 67280 Cdad. Benito Juárez, N.L.","types":["convenience_store","cell_phone_store","shipping_service","travel_agency","pet_care","transportation_service","food_store","gift_shop","finance","home_goods_store","store","service","food","point_of_interest","establishment"],"fuente":"places_api","fetched_at":"2026-09-24T22:41:22Z"}},{"type":"Feature","geometry":{"type":"Point","coordinates":[-100.458297,25.66235]},"properties":{"name":"OXXO GAS","kind":"oxxo","place_id":"ChIJNaR75aCiYoYRPAQwmE7KxRQ","address":"Av. Miguel Alemán 150, Enrique Rangel, 66354 Cdad. Santa Catarina, N.L.","types":["gas_station","public_bathroom","convenience_store","food_store","store","food","point_of_interest","service","establishment"],"fuente":"places_api","fetched_at":"2026-09-24T22:41:22Z"}},{"type":"Feature","geometry":{"type":"Point","coordinates":[-100.492965,25.686104999999998]},"properties":{"name":"OXXO GAS Anacuas","kind":"oxxo","place_id":"ChIJ6SMPKfOYYoYRS6pRkYC2iqc","address":"Carr. Monterrey - Saltillo 2748-A, Las Anacuas, 66359 Cdad. Santa Catarina, N.L.","types":["gas_station","convenience_store","public_bathroom","food_store","store","service","food","point_of_interest","establishment"],"fuente":"places_api","fetched_at":"2026-09-24T22:41:22Z"}},{"type":"Feature","geometry":{"type":"Point","coordinates":[-100.3225815,25.7926085]},"properties":{"name":"OXXO Girasoles Monterrey","kind":"oxxo","place_id":"ChIJhWi8Eb6TYoYRGRsZI3fwkVg","address":"Raul Caballero 508 Esq. Ave. Las Torres, Los Girasoles, Los Girasoles 1er Sector, 66056 Cdad. Gral. Escobedo, N.L.","types":["convenience_store","cell_phone_store","shipping_service","gift_shop","travel_agency","finance","home_goods_store","pet_care","transportation_service","food_store","store","food","point_of_interest","service","establishment"],"fuente":"places_api","fetched_at":"2026-09-24T22:41:22Z"}},{"type":"Feature","geometry":{"type":"Point","coordinates":[-100.3516315,25.69852]},"properties":{"name":"OXXO Gonzalitos","kind":"oxxo","place_id":"ChIJlbWHCXWWYoYRRrZOE9VgYiU","address":"Av. Gonzalitos, Av. Lázaro Cárdenas 920 Esq, Leones, 64600 Monterrey, N.L.","types":["convenience_store","cell_phone_store","shipping_service","travel_agency","pet_care","transportation_service","food_store","gift_shop","finance","home_goods_store","store","service","food","point_of_interest","establishment"],"fuente":"places_api","fetched_at":"2026-09-24T22:41:22Z"}},{"type":"Feature","geometry":{"type":"Point","coordinates":[-100.4609054,25.670562200000003]},"properties":{"name":"OXXO Gral Bravo MTY","kind":"oxxo","place_id":"ChIJRdBqXd6ZYoYRGq9JPG5QeNg","address":"Galeana Y Bravo 106, Zaragoza 106-A, Centro, 66350 Cdad. Santa Catarina, N.L.","types":["convenience_store","gift_shop","travel_agency","shipping_service","home_goods_store","finance","food_store","pet_care","cell_phone_store","food","transportation_service","point_of_interest","service","store","establishment"],"fuente":"places_api","fetched_at":"2026-09-24T22:41:22Z"}},{"type":"Feature","geometry":{"type":"Point","coordinates":[-100.3742924,25.841943699999998]},"properties":{"name":"OXXO Grulla","kind":"oxxo","place_id":"ChIJi_3wR8KRYoYRtuFUdz7ktlE","address":"Grulla Y Tordo 901, Av. San Miguel, San Miguel Residencial, 66085 Cdad. Gral. Escobedo, N.L.","types":["convenience_store","cell_phone_store","gift_shop","shipping_service","travel_agency","home_goods_store","finance","transportation_service","food_store","pet_care","store","service","food","point_of_interest","establishment"],"fuente":"places_api","fetched_at":"2026-09-24T22:41:22Z"}},{"type":"Feature","geometry":{"type":"Point","coordinates":[-100.2139839,25.666551199999997]},"properties":{"name":"OXXO Guillermo Prieto","kind":"oxxo","place_id":"ChIJRRNFwszBYoYR4GBk2V0Z0Ps","address":"Serafin PeÒa Y Venustiano Carranza 4420, Guillermo Prieto, Guadalupe Victoria, 67185 Guadalupe, N.L.","types":["convenience_store","cell_phone_store","gift_shop","shipping_service","travel_agency","home_goods_store","finance","transportation_service","food_store","pet_care","store","service","food","point_of_interest","establishment"],"fuente":"places_api","fetched_at":"2026-09-24T22:41:22Z"}},{"type":"Feature","geometry":{"type":"Point","coordinates":[-100.3564018,25.658545399999998]},"properties":{"name":"OXXO Gómez Morín","kind":"oxxo","place_id":"ChIJkaymluS9YoYR4I3fnF9pOPg","address":"Gomez Morin Y San Lorenzo 457, Río Guadalquivir, Del Valle, 66220 San Pedro Garza García, N.L.","types":["convenience_store","cell_phone_store","shipping_service","gift_shop","travel_agency","finance","home_goods_store","pet_care","transportation_service","food_store","store","food","point_of_interest","service","establishment"],"fuente":"places_api","fetched_at":"2026-09-24T22:41:22Z"}},{"type":"Feature","geometry":{"type":"Point","coordinates":[-100.46921870000001,25.685898200000004]},"properties":{"name":"OXXO H.T.2 MTY 50HTD","kind":"oxxo","place_id":"ChIJx0jxG3iZYoYRKb2nlFNiL9k","address":"Carretera A Saltillo Km. 67 s/n, Carr. Monterrey - Saltillo Km57, Unidad Nacional Ii, 66367 Cdad. Santa Catarina, N.L.","types":["convenience_store","gift_shop","travel_agency","shipping_service","home_goods_store","finance","food_store","pet_care","cell_phone_store","food","transportation_service","point_of_interest","service","store","establishment"],"fuente":"places_api","fetched_at":"2026-09-24T22:41:22Z"}},{"type":"Feature","geometry":{"type":"Point","coordinates":[-100.59314839999999,25.7673639]},"properties":{"name":"OXXO HACIENDA DEL FRAILE","kind":"oxxo","place_id":"ChIJdzkwPACdYoYRts8IuTU0goM","address":"66018 García, N.L.","types":["convenience_store","food_store","food","point_of_interest","store","establishment"],"fuente":"places_api","fetched_at":"2026-09-24T22:41:22Z"}},{"type":"Feature","geometry":{"type":"Point","coordinates":[-100.38279209999999,25.6603541]},"properties":{"name":"OXXO HUMBERTO LOBO","kind":"oxxo","place_id":"ChIJm2SMj4-9YoYRFiLzbU2RbZM","address":"Calzada Del Valle Y Rio Caura 512, Calz. del Valle, Del Valle, 66220 San Pedro Garza García, N.L.","types":["convenience_store","cell_phone_store","shipping_service","gift_shop","travel_agency","finance","home_goods_store","transportation_service","food_store","store","food","point_of_interest","service","establishment"],"fuente":"places_api","fetched_at":"2026-09-24T22:41:22Z"}},{"type":"Feature","geometry":{"type":"Point","coordinates":[-100.5664078,25.788077299999998]},"properties":{"name":"OXXO Hacienda Del Ángel","kind":"oxxo","place_id":"ChIJsShHrFGcYoYRVR0PiSZsLsI","address":"Av. Hacienda Del Angel 206, Av. Hacienda Del Sol Y Area Municipal No.15, Av. Hacienda del Sol S/N, Hacienda del Sol, 66003 García, N.L.","types":["convenience_store","cell_phone_store","shipping_service","gift_shop","travel_agency","finance","home_goods_store","pet_care","transportation_service","food_store","store","food","point_of_interest","service","establishment"],"fuente":"places_api","fetched_at":"2026-09-24T22:41:22Z"}},{"type":"Feature","geometry":{"type":"Point","coordinates":[-100.4649859,25.800119499999997]},"properties":{"name":"OXXO Hacienda I CR50PHI","kind":"oxxo","place_id":"ChIJgTaaGbmbYoYR1GuQWbeT2o0","address":"Av de la Hacienda 331, Valle de Lincoln Sector San Agustín, 66023 Valle de Lincoln, N.L.","types":["convenience_store","food_store","food","point_of_interest","store","establishment"],"fuente":"places_api","fetched_at":"2026-09-24T22:41:22Z"}},{"type":"Feature","geometry":{"type":"Point","coordinates":[-100.3295163,25.803876799999998]},"properties":{"name":"OXXO JARDINES ESCOBEDO","kind":"oxxo","place_id":"ChIJS_SNYfKTYoYRUvL8Qsp_My0","address":"Av. Fidel Velazquez Sanchez, Héctor Ayala Villarreal 600, Jardines de Escobedo II, 66050 Cdad. Gral. Escobedo, N.L.","types":["convenience_store","cell_phone_store","shipping_service","gift_shop","travel_agency","finance","home_goods_store","pet_care","transportation_service","food_store","store","food","point_of_interest","service","establishment"],"fuente":"places_api","fetched_at":"2026-09-24T22:41:22Z"}},{"type":"Feature","geometry":{"type":"Point","coordinates":[-100.18565009999999,25.651937399999998]},"properties":{"name":"OXXO JARDINES II","kind":"oxxo","place_id":"ChIJq11f35DBYoYR-FrI2lU_RA4","address":"Av. Maestro Israel Cavazos Garza, Jardines De Andalucia, Jardines de Andalucía 1501 Esq, Sin Nombre de Col 66, 67193 Guadalupe, N.L.","types":["convenience_store","cell_phone_store","shipping_service","gift_shop","travel_agency","finance","home_goods_store","pet_care","transportation_service","food_store","store","food","point_of_interest","service","establishment"],"fuente":"places_api","fetched_at":"2026-09-24T22:41:22Z"}},{"type":"Feature","geometry":{"type":"Point","coordinates":[-100.28201930000002,25.660344]},"properties":{"name":"OXXO JOSE ALVARADO","kind":"oxxo","place_id":"ChIJ6dIL--m_YoYRDUZbiASkSmY","address":"Av. Revolucion, Av. José Alvarado 850, Buenos Aires, 64800 Monterrey, N.L.","types":["convenience_store","cell_phone_store","shipping_service","gift_shop","travel_agency","finance","home_goods_store","pet_care","transportation_service","food_store","store","food","point_of_interest","service","establishment"],"fuente":"places_api","fetched_at":"2026-09-24T22:41:22Z"}},{"type":"Feature","geometry":{"type":"Point","coordinates":[-100.1800783,25.7278779]},"properties":{"name":"OXXO Jamaica","kind":"oxxo","place_id":"ChIJrWoyoi3qYoYR3-M-pxYUWj8","address":"PTE Avenida Mixcoac Y Calle Principal 113, Rep. Dominicana, Josefa Zozaya Sect 1, 67117 Guadalupe, N.L.","types":["convenience_store","cell_phone_store","gift_shop","shipping_service","travel_agency","home_goods_store","finance","transportation_service","food_store","pet_care","store","service","food","point_of_interest","establishment"],"fuente":"places_api","fetched_at":"2026-09-24T22:41:22Z"}},{"type":"Feature","geometry":{"type":"Point","coordinates":[-100.4336415,25.7728196]},"properties":{"name":"OXXO Jardin de las Lomas","kind":"oxxo","place_id":"ChIJ548U5KWQYoYRqnr1Wep4ITE","address":"Prolongacion Ruiz Cortinez 1900, Jardines De Las Lomas Y Del CaÒon, Las Lomas, 66024 García, N.L.","types":["convenience_store","cell_phone_store","shipping_service","gift_shop","travel_agency","finance","home_goods_store","pet_care","transportation_service","food_store","store","food","point_of_interest","service","establishment"],"fuente":"places_api","fetched_at":"2026-09-24T22:41:22Z"}},{"type":"Feature","geometry":{"type":"Point","coordinates":[-100.185858,25.644389]},"properties":{"name":"OXXO Jardines de la Silla","kind":"oxxo","place_id":"ChIJ-7PPlJvBYoYRpUy5Kuf50rs","address":"Ave. Jardines De La Silla Y Hacienda De San Pedro 300, Av. Acueducto B, Tierra Propia Sect 1, 67197 Guadalupe, N.L.","types":["convenience_store","cell_phone_store","shipping_service","gift_shop","travel_agency","finance","home_goods_store","pet_care","transportation_service","food_store","store","food","point_of_interest","service","establishment"],"fuente":"places_api","fetched_at":"2026-09-24T22:41:22Z"}},{"type":"Feature","geometry":{"type":"Point","coordinates":[-100.2198326,25.824090899999998]},"properties":{"name":"OXXO Jonas Garcia","kind":"oxxo","place_id":"ChIJbba3sSTtYoYR749drSat7dU","address":"Avenida Jonas Garcia 200-A Felipe Angeles Y Felix Lozano Santa Rosa, 66604 Cdad. Apodaca, N.L.","types":["convenience_store","cell_phone_store","shipping_service","travel_agency","pet_care","transportation_service","food_store","gift_shop","finance","home_goods_store","store","service","food","point_of_interest","establishment"],"fuente":"places_api","fetched_at":"2026-09-24T22:41:22Z"}},{"type":"Feature","geometry":{"type":"Point","coordinates":[-100.27376960000001,25.855818199999998]},"properties":{"name":"OXXO Joya de castilla - 50E1H","kind":"oxxo","place_id":"ChIJTxFadQCTYoYRYUyWveUEO8M","address":"65516 Valle del Nte., N.L.","types":["convenience_store","food_store","store","food","point_of_interest","establishment"],"fuente":"places_api","fetched_at":"2026-09-24T22:41:22Z"}},{"type":"Feature","geometry":{"type":"Point","coordinates":[-100.619884,25.814414799999998]},"properties":{"name":"OXXO Joya del Carrizal","kind":"oxxo","place_id":"ChIJpW3GgooniIYRixEEwvojE2c","address":"Turquesa Y La Joya Del Carrizal, OXXO, Ámbar 208, Joya Del Carrizal, 66012 García, N.L.","types":["convenience_store","cell_phone_store","shipping_service","gift_shop","travel_agency","finance","home_goods_store","pet_care","transportation_service","food_store","store","food","point_of_interest","service","establishment"],"fuente":"places_api","fetched_at":"2026-09-24T22:41:22Z"}},{"type":"Feature","geometry":{"type":"Point","coordinates":[-100.16242609999999,25.7336946]},"properties":{"name":"OXXO Joyas del Pedregal","kind":"oxxo","place_id":"ChIJWR66urXpYoYRnJfYleulEOY","address":"Reforma, Gema Lote 1-5To Sector, Joyas del Pedregal 4o Sector, Joyas del Pedregal, 66648 Cdad. Apodaca, N.L.","types":["convenience_store","cell_phone_store","gift_shop","shipping_service","travel_agency","home_goods_store","finance","transportation_service","food_store","pet_care","store","service","food","point_of_interest","establishment"],"fuente":"places_api","fetched_at":"2026-09-24T22:41:22Z"}},{"type":"Feature","geometry":{"type":"Point","coordinates":[-100.1915925,25.8007867]},"properties":{"name":"OXXO Katavia","kind":"oxxo","place_id":"ChIJHw4LFGTtYoYR4TfNHVn7bzI","address":"Av. Paseo Rcda. Colonial 1-101, Rinconada Colonial de Apodaca, 66606 Cdad. Apodaca, N.L.","types":["convenience_store","food_store","store","food","point_of_interest","establishment"],"fuente":"places_api","fetched_at":"2026-09-24T22:41:22Z"}},{"type":"Feature","geometry":{"type":"Point","coordinates":[-100.614634,25.8103693]},"properties":{"name":"OXXO LA CRUZ","kind":"oxxo","place_id":"ChIJ7RwaVEWdYoYRshJx52Mv0XU","address":"Cuarta Y Quinta 101, Juárez, La Cruz, 66008 García, N.L.","types":["convenience_store","cell_phone_store","shipping_service","travel_agency","pet_care","transportation_service","food_store","gift_shop","finance","home_goods_store","store","service","food","point_of_interest","establishment"],"fuente":"places_api","fetched_at":"2026-09-24T22:41:22Z"}},{"type":"Feature","geometry":{"type":"Point","coordinates":[-100.18227069999999,25.6559936]},"properties":{"name":"OXXO LA SILLA II","kind":"oxxo","place_id":"ChIJ5ftaEJLBYoYRLbVYYE2kwYY","address":"Av México 7601 Pablo Livas, Parque, Parque Industrial, La Silla Supermanzana Y, La Silla, 67193 Guadalupe, N.L.","types":["convenience_store","cell_phone_store","shipping_service","gift_shop","travel_agency","finance","home_goods_store","pet_care","transportation_service","food_store","store","food","point_of_interest","service","establishment"],"fuente":"places_api","fetched_at":"2026-09-24T22:41:22Z"}},{"type":"Feature","geometry":{"type":"Point","coordinates":[-100.275257,25.5872958]},"properties":{"name":"OXXO LAGOS II","kind":"oxxo","place_id":"ChIJkzTzH_i_YoYRROFN_BAK0Hk","address":"Lagos del Vergel, Sin Nombre de Col 64, 64989 Monterrey, N.L.","types":["convenience_store","food_store","store","food","point_of_interest","establishment"],"fuente":"places_api","fetched_at":"2026-09-24T22:41:22Z"}},{"type":"Feature","geometry":{"type":"Point","coordinates":[-100.28962229999999,25.636043899999997]},"properties":{"name":"OXXO LIBANO","kind":"oxxo","place_id":"ChIJoRRpIQC_YoYRPLOV_BMFvFo","address":"Antiguo Camino a Villa de Santiago 4945, Alta Vista Lomas, 64770 Monterrey, N.L.","types":["convenience_store","food_store","store","food","point_of_interest","establishment"],"fuente":"places_api","fetched_at":"2026-09-24T22:41:22Z"}},{"type":"Feature","geometry":{"type":"Point","coordinates":[-100.49316619999999,25.7884761]},"properties":{"name":"OXXO LINCOLN ÉLITE","kind":"oxxo","place_id":"ChIJ5UoUU7CbYoYR1rRXaI4g7_U","address":"Creta Y Santa Maria, Av Abraham Lincoln 1101, Valle de Lincoln Sector Elite, Valle de Lincoln, 66026 García, N.L.","types":["convenience_store","cell_phone_store","shipping_service","gift_shop","travel_agency","finance","home_goods_store","pet_care","transportation_service","food_store","store","food","point_of_interest","service","establishment"],"fuente":"places_api","fetched_at":"2026-09-24T22:41:22Z"}},{"type":"Feature","geometry":{"type":"Point","coordinates":[-100.28275959999999,25.6404769]},"properties":{"name":"OXXO LUX MTY","kind":"oxxo","place_id":"ChIJBzpvdtO_YoYRrjdRBUEv_JA","address":"Crisantemos Y Tres Caminos, Av. Alfonso Reyes 207, Contry, 64860 Monterrey, N.L.","types":["convenience_store","cell_phone_store","shipping_service","gift_shop","travel_agency","finance","home_goods_store","pet_care","transportation_service","food_store","store","food","point_of_interest","service","establishment"],"fuente":"places_api","fetched_at":"2026-09-24T22:41:22Z"}},{"type":"Feature","geometry":{"type":"Point","coordinates":[-100.2067103,25.7373294]},"properties":{"name":"OXXO La Chona","kind":"oxxo","place_id":"ChIJ1eoCtcnuYoYRU6_rafjOwgw","address":"Av. Miguel Aleman Y Cesareo Sepulveda 208, Av. Ignacio Sepúlveda, La Encarnacion, 66633 Cdad. Apodaca, N.L.","types":["convenience_store","gift_shop","travel_agency","shipping_service","home_goods_store","finance","food_store","cell_phone_store","food","transportation_service","point_of_interest","service","store","establishment"],"fuente":"places_api","fetched_at":"2026-09-24T22:41:22Z"}},{"type":"Feature","geometry":{"type":"Point","coordinates":[-100.2393373,25.565562999999997]},"properties":{"name":"OXXO La Estanzuela 2","kind":"oxxo","place_id":"ChIJT2qXfADHYoYRk-anjC7kNZQ","address":"Carr Nacional S/N, La Estanzuela, 64989 Monterrey, N.L.","types":["convenience_store","food_store","store","food","point_of_interest","establishment"],"fuente":"places_api","fetched_at":"2026-09-24T22:41:22Z"}},{"type":"Feature","geometry":{"type":"Point","coordinates":[-100.24019100000001,25.7740615]},"properties":{"name":"OXXO La Morada","kind":"oxxo","place_id":"ChIJ5dEOmkHtYoYRoCFYfAJNQPM","address":"Sin Nombre de Col 10, 66636 Cdad. Apodaca, N.L.","types":["convenience_store","cell_phone_store","shipping_service","travel_agency","pet_care","transportation_service","food_store","gift_shop","finance","home_goods_store","store","service","food","point_of_interest","establishment"],"fuente":"places_api","fetched_at":"2026-09-24T22:41:22Z"}},{"type":"Feature","geometry":{"type":"Point","coordinates":[-100.40759129999999,25.840660399999997]},"properties":{"name":"OXXO Laderas de San Miguel","kind":"oxxo","place_id":"ChIJhdeyXzqQYoYRrLJ9lnYpRbE","address":"Orquideas Y Constitucion, Av. Laderas 401, Laderas de San Miguel, 66064 Cdad. Gral. Escobedo, N.L.","types":["convenience_store","cell_phone_store","shipping_service","gift_shop","travel_agency","finance","home_goods_store","pet_care","transportation_service","food_store","store","food","point_of_interest","service","establishment"],"fuente":"places_api","fetched_at":"2026-09-24T22:41:22Z"}},{"type":"Feature","geometry":{"type":"Point","coordinates":[-100.3997759,25.840068000000002]},"properties":{"name":"OXXO Las Aves II MTY","kind":"oxxo","place_id":"ChIJ-bAxvy2RYoYR5F42qVMyTt4","address":"Petirrojo Y Flamingos, Av. Paseo de las Aves 1800, Privadas de Camino Real, 66064 Cdad. Gral. Escobedo, N.L.","types":["convenience_store","cell_phone_store","shipping_service","gift_shop","travel_agency","finance","home_goods_store","pet_care","transportation_service","food_store","store","food","point_of_interest","service","establishment"],"fuente":"places_api","fetched_at":"2026-09-24T22:41:22Z"}},{"type":"Feature","geometry":{"type":"Point","coordinates":[-100.3120901,25.7983178]},"properties":{"name":"OXXO Las Encinas","kind":"oxxo","place_id":"ChIJZYNpxK2TYoYRg_FiG9citkA","address":"Benito Juárez, Donato Elizondo 104, Las Encinas, 66050 Cdad. Gral. Escobedo, N.L.","types":["convenience_store","cell_phone_store","gift_shop","shipping_service","travel_agency","home_goods_store","finance","transportation_service","food_store","pet_care","store","service","food","point_of_interest","establishment"],"fuente":"places_api","fetched_at":"2026-09-24T22:41:22Z"}},{"type":"Feature","geometry":{"type":"Point","coordinates":[-100.45744239999999,25.6785505]},"properties":{"name":"OXXO Las Huertas MTY","kind":"oxxo","place_id":"ChIJN9SlXyaZYoYRxa6EV9lNzNI","address":"Av De Las Parras Y Calle 1 200, Priv. las Huertas L-13, Bosques La Huasteca, 66367 Cdad. Santa Catarina, N.L.","types":["convenience_store","cell_phone_store","shipping_service","travel_agency","pet_care","transportation_service","food_store","gift_shop","finance","home_goods_store","store","service","food","point_of_interest","establishment"],"fuente":"places_api","fetched_at":"2026-09-24T22:41:22Z"}},{"type":"Feature","geometry":{"type":"Point","coordinates":[-100.11606689999999,25.6488424]},"properties":{"name":"OXXO Las Torres","kind":"oxxo","place_id":"ChIJFUrMaPvCYoYRYrepXENk8Dg","address":"Eucalipto S/N Bertha Perez De Gonzalez Hector Caballero, Escamilla, 67275 Cdad. Benito Juárez, N.L.","types":["convenience_store","cell_phone_store","shipping_service","gift_shop","travel_agency","finance","home_goods_store","pet_care","transportation_service","food_store","store","food","point_of_interest","service","establishment"],"fuente":"places_api","fetched_at":"2026-09-24T22:41:22Z"}},{"type":"Feature","geometry":{"type":"Point","coordinates":[-100.0946462,25.6298104]},"properties":{"name":"OXXO Las lomas III","kind":"oxxo","place_id":"ChIJ_1dtnDrDYoYRinsNnsA8458","address":"Colinas De La Morena, Las Lomas 245, La Morena, 67265 Cdad. Benito Juárez, N.L.","types":["convenience_store","cell_phone_store","shipping_service","travel_agency","pet_care","transportation_service","food_store","gift_shop","finance","home_goods_store","store","service","food","point_of_interest","establishment"],"fuente":"places_api","fetched_at":"2026-09-24T22:41:22Z"}},{"type":"Feature","geometry":{"type":"Point","coordinates":[-100.46052189999999,25.6761619]},"properties":{"name":"OXXO Librado","kind":"oxxo","place_id":"ChIJO17-YA2YYoYRefTbyl_6SQ8","address":"Colegio De Las NiÒas Y Vicente Guerrero 168, C. Librado García Ayala, Centro, 66350 Cdad. Santa Catarina, N.L.","types":["convenience_store","cell_phone_store","shipping_service","travel_agency","pet_care","transportation_service","food_store","gift_shop","finance","home_goods_store","store","service","food","point_of_interest","establishment"],"fuente":"places_api","fetched_at":"2026-09-24T22:41:22Z"}},{"type":"Feature","geometry":{"type":"Point","coordinates":[-100.52782099999999,25.730632999999997]},"properties":{"name":"OXXO Libramiento MTY","kind":"oxxo","place_id":"ChIJn1J2_F6ZYoYRZ8UxKbcXEOw","address":"Luis Donaldo Colosio, Villa De Garcia, Libramiento Saltillo - Laredo S/N, 66000 García, N.L.","types":["convenience_store","gift_shop","travel_agency","shipping_service","home_goods_store","finance","food_store","pet_care","cell_phone_store","food","transportation_service","point_of_interest","service","store","establishment"],"fuente":"places_api","fetched_at":"2026-09-24T22:41:22Z"}},{"type":"Feature","geometry":{"type":"Point","coordinates":[-100.3823342,25.6386891]},"properties":{"name":"OXXO Lomas del Valle","kind":"oxxo","place_id":"ChIJ0XncPLu9YoYROG37BfAN1j0","address":"Av. Roberto G. Sada, Lomas del Valle 124, Balcones del Valle, 66280 San Pedro Garza García, N.L.","types":["convenience_store","cell_phone_store","shipping_service","gift_shop","travel_agency","finance","home_goods_store","pet_care","transportation_service","food_store","store","food","point_of_interest","service","establishment"],"fuente":"places_api","fetched_at":"2026-09-24T22:41:22Z"}},{"type":"Feature","geometry":{"type":"Point","coordinates":[-100.1120545,25.679544999999997]},"properties":{"name":"OXXO Los Naranjos","kind":"oxxo","place_id":"ChIJDT4P2DLDYoYRyslqd3VULqg","address":"Sin Entrecalles (Sobre Carretera, Antigua Carr. Apodaca-Juárez Km. 59.8 700, Sierra Vista, 67288 Cdad. Benito Juárez, N.L.","types":["convenience_store","gift_shop","travel_agency","shipping_service","home_goods_store","finance","food_store","cell_phone_store","food","transportation_service","point_of_interest","service","store","establishment"],"fuente":"places_api","fetched_at":"2026-09-24T22:41:22Z"}},{"type":"Feature","geometry":{"type":"Point","coordinates":[-100.5954824,25.795751499999998]},"properties":{"name":"OXXO Los Nogales","kind":"oxxo","place_id":"ChIJLWlllwqdYoYRFA_jiYVcmm8","address":"Camino A La Estacion Y Piedra Azul 201, Sor Juana Inés de La Cruz entre Ant, Villas De, Los Nogales, 66004 García, N.L.","types":["convenience_store","cell_phone_store","shipping_service","gift_shop","travel_agency","finance","home_goods_store","pet_care","transportation_service","food_store","store","food","point_of_interest","service","establishment"],"fuente":"places_api","fetched_at":"2026-09-24T22:41:22Z"}},{"type":"Feature","geometry":{"type":"Point","coordinates":[-100.2326386,25.6692316]},"properties":{"name":"OXXO Lázaro Cárdenas II","kind":"oxxo","place_id":"ChIJ9Y521DzAYoYRtYPwQis4Ckc","address":"Lazaro Cardenas, Bosques Del Contry A, Av. Pablo Livas S/N, Vivienda Popular, 67176 Guadalupe, N.L.","types":["convenience_store","cell_phone_store","gift_shop","shipping_service","travel_agency","home_goods_store","finance","transportation_service","food_store","pet_care","store","service","food","point_of_interest","establishment"],"fuente":"places_api","fetched_at":"2026-09-24T22:41:22Z"}},{"type":"Feature","geometry":{"type":"Point","coordinates":[-100.2483285,25.7933308]},"properties":{"name":"OXXO M de Fundadores","kind":"oxxo","place_id":"ChIJL1lp0bnsYoYRQrOoWRINI8Y","address":"C. E Sexta 66612, Misión de Fundadores, 66612 Cdad. Apodaca, N.L.","types":["convenience_store","cell_phone_store","shipping_service","travel_agency","pet_care","transportation_service","food_store","gift_shop","finance","home_goods_store","store","service","food","point_of_interest","establishment"],"fuente":"places_api","fetched_at":"2026-09-24T22:41:22Z"}},{"type":"Feature","geometry":{"type":"Point","coordinates":[-100.1541306,25.6155066]},"properties":{"name":"OXXO MAGDALENA (506SB)","kind":"oxxo","place_id":"ChIJWaTj-unDYoYRskM5Z8M8Zsw","address":"Sendero Del Tulipan, Magdalena 301 Esquina, Viviendas Magdalena, 67280 Cdad. Benito Juárez, N.L.","types":["convenience_store","cell_phone_store","shipping_service","gift_shop","travel_agency","finance","home_goods_store","pet_care","transportation_service","food_store","store","food","point_of_interest","service","establishment"],"fuente":"places_api","fetched_at":"2026-09-24T22:41:22Z"}},{"type":"Feature","geometry":{"type":"Point","coordinates":[-100.4716086,25.7983045]},"properties":{"name":"OXXO MELOCOTÓN","kind":"oxxo","place_id":"ChIJ_xGvBQCbYoYReqEcpzQRaFk","address":"QGXH+C5, 66026 Valle de Lincoln, N.L.","types":["convenience_store","food_store","store","food","point_of_interest","establishment"],"fuente":"places_api","fetched_at":"2026-09-24T22:41:22Z"}},{"type":"Feature","geometry":{"type":"Point","coordinates":[-100.4872036,25.8053371]},"properties":{"name":"OXXO MINA LINCOLN","kind":"oxxo","place_id":"ChIJ-WDDDwCbYoYRgKBv2j-bS7I","address":"Av. Cordillera 504a, Valle de Lincoln, 66008 Valle de Lincoln, N.L.","types":["convenience_store","food_store","food","point_of_interest","store","establishment"],"fuente":"places_api","fetched_at":"2026-09-24T22:41:22Z"}},{"type":"Feature","geometry":{"type":"Point","coordinates":[-100.4791693,25.677514100000003]},"properties":{"name":"OXXO Malta","kind":"oxxo","place_id":"ChIJRTTkbS-ZYoYRbnOrv_Ey-AY","address":"Calle De Lorena Y Calle De Malta 1700, Av Manuel OrdoÒez Supermanzana Fomerrey 134, Balcones de Santa Catarina, 66357 Cdad. Santa Catarina, N.L.","types":["convenience_store","cell_phone_store","shipping_service","gift_shop","travel_agency","finance","home_goods_store","pet_care","transportation_service","food_store","store","food","point_of_interest","service","establishment"],"fuente":"places_api","fetched_at":"2026-09-24T22:41:22Z"}},{"type":"Feature","geometry":{"type":"Point","coordinates":[-100.4617719,25.6742304]},"properties":{"name":"OXXO Manuel Ordonez MTY","kind":"oxxo","place_id":"ChIJzUwWEAaZYoYRxRMRoZ-CaGs","address":"Av. Manuel Ordoniez, Manuel OrdoÒez Y Zaragoza, Sta. Catarina Centro 100, Centro, 66350 Cdad. Santa Catarina, N.L.","types":["convenience_store","cell_phone_store","shipping_service","travel_agency","pet_care","transportation_service","food_store","gift_shop","finance","home_goods_store","store","service","food","point_of_interest","establishment"],"fuente":"places_api","fetched_at":"2026-09-24T22:41:22Z"}},{"type":"Feature","geometry":{"type":"Point","coordinates":[-100.3705969,25.771646]},"properties":{"name":"OXXO Marco MTY","kind":"oxxo","place_id":"ChIJk2J3klSRYoYRwtSESFqZ4Nc","address":"Ave Rangel Frias Y Marco, Ave. Enrique Rangel Frias S/N, Croc, 64200 Monterrey, N.L.","types":["convenience_store","cell_phone_store","gift_shop","shipping_service","travel_agency","home_goods_store","finance","transportation_service","food_store","pet_care","store","service","food","point_of_interest","establishment"],"fuente":"places_api","fetched_at":"2026-09-24T22:41:22Z"}},{"type":"Feature","geometry":{"type":"Point","coordinates":[-100.34687509999999,25.699969]},"properties":{"name":"OXXO Matehuala MTY","kind":"oxxo","place_id":"ChIJiTKa7aaVYoYRLHGq6idqOlE","address":"Matehuala, Torreón 305, Mitras Centro, 64460 Monterrey, N.L.","types":["convenience_store","cell_phone_store","shipping_service","travel_agency","pet_care","transportation_service","food_store","gift_shop","finance","home_goods_store","store","service","food","point_of_interest","establishment"],"fuente":"places_api","fetched_at":"2026-09-24T22:41:22Z"}},{"type":"Feature","geometry":{"type":"Point","coordinates":[-100.28814640000002,25.8273375]},"properties":{"name":"OXXO Megalibramiento","kind":"oxxo","place_id":"ChIJeTUL3-WSYoYRyCBC1D1H-kA","address":"Eje Metropolitano 910 102, 66052 Cdad. Gral. Escobedo, N.L.","types":["convenience_store","food_store","store","food","point_of_interest","establishment"],"fuente":"places_api","fetched_at":"2026-09-24T22:41:22Z"}},{"type":"Feature","geometry":{"type":"Point","coordinates":[-100.253105,25.784989099999997]},"properties":{"name":"OXXO Metroplex","kind":"oxxo","place_id":"ChIJtbLBr7LsYoYRDj7AXxTLA8Q","address":"Ave. Concordia 200, Esq. Metroplex, Av Metroplex 1, Metroplex I, 66612 Cdad. Apodaca, N.L.","types":["convenience_store","cell_phone_store","shipping_service","gift_shop","travel_agency","finance","home_goods_store","pet_care","transportation_service","food_store","store","food","point_of_interest","service","establishment"],"fuente":"places_api","fetched_at":"2026-09-24T22:41:22Z"}},{"type":"Feature","geometry":{"type":"Point","coordinates":[-100.58678169999999,25.7901256]},"properties":{"name":"OXXO Mezquite","kind":"oxxo","place_id":"ChIJzxdkCKadYoYRM7IR5owzRnI","address":"Mezquite Y Olmos 301, Roble, Las Arboledas, 66004 García, N.L.","types":["convenience_store","cell_phone_store","shipping_service","travel_agency","pet_care","transportation_service","food_store","gift_shop","finance","home_goods_store","store","service","food","point_of_interest","establishment"],"fuente":"places_api","fetched_at":"2026-09-24T22:41:22Z"}},{"type":"Feature","geometry":{"type":"Point","coordinates":[-100.3584028,25.700036299999997]},"properties":{"name":"OXXO Mina","kind":"oxxo","place_id":"ChIJBatqMHGXYoYR7BfEyeeGDfE","address":"Esq. Mina, Av. Lázaro Cárdenas 212, Emiliano Zapata, 64390 Monterrey, N.L.","types":["convenience_store","cell_phone_store","shipping_service","travel_agency","pet_care","transportation_service","food_store","gift_shop","finance","home_goods_store","store","service","food","point_of_interest","establishment"],"fuente":"places_api","fetched_at":"2026-09-24T22:41:22Z"}},{"type":"Feature","geometry":{"type":"Point","coordinates":[-100.484944,25.801456599999998]},"properties":{"name":"OXXO Mina real","kind":"oxxo","place_id":"ChIJ4S1K-lObYoYRk1fw-WcYE8k","address":"Av. Real De Palmas, La Cima 702, Valle de Lincoln, 66026 García, N.L.","types":["convenience_store","cell_phone_store","shipping_service","travel_agency","pet_care","transportation_service","food_store","gift_shop","finance","home_goods_store","store","service","food","point_of_interest","establishment"],"fuente":"places_api","fetched_at":"2026-09-24T22:41:22Z"}},{"type":"Feature","geometry":{"type":"Point","coordinates":[-100.36801129999999,25.6625578]},"properties":{"name":"OXXO Missouri","kind":"oxxo","place_id":"ChIJ201ptfO9YoYRM-cZZf40lw8","address":"Calzada San Pedro, Rio Missouri 501, Fuentes del Valle, 66220 San Pedro Garza García, N.L.","types":["convenience_store","cell_phone_store","shipping_service","gift_shop","travel_agency","finance","home_goods_store","pet_care","transportation_service","food_store","store","food","point_of_interest","service","establishment"],"fuente":"places_api","fetched_at":"2026-09-24T22:41:22Z"}},{"type":"Feature","geometry":{"type":"Point","coordinates":[-100.33891709999999,25.696132799999997]},"properties":{"name":"OXXO Mitras MTY","kind":"oxxo","place_id":"ChIJN1AaI_WVYoYRf9hjTIZZUlA","address":"Av. Leones Y Jordan 135, Av Paseo de los Leones 135, Mitras Centro, 64460 Monterrey, N.L.","types":["convenience_store","cell_phone_store","shipping_service","travel_agency","pet_care","transportation_service","food_store","gift_shop","finance","home_goods_store","store","service","food","point_of_interest","establishment"],"fuente":"places_api","fetched_at":"2026-09-24T22:41:22Z"}},{"type":"Feature","geometry":{"type":"Point","coordinates":[-100.3612242,25.6605067]},"properties":{"name":"OXXO Moctezuma","kind":"oxxo","place_id":"ChIJWcDQoz69YoYRhEQyWUThWYw","address":"Río Moctezuma 233, Del Valle, 66220 Monterrey, N.L.","types":["convenience_store","cell_phone_store","shipping_service","gift_shop","travel_agency","finance","home_goods_store","pet_care","transportation_service","food_store","store","food","point_of_interest","service","establishment"],"fuente":"places_api","fetched_at":"2026-09-24T22:41:22Z"}},{"type":"Feature","geometry":{"type":"Point","coordinates":[-100.3145631,25.8004298]},"properties":{"name":"OXXO Monterreal","kind":"oxxo","place_id":"ChIJ3X0n3qSTYoYRNhmugleYR7o","address":"Av. Benito Juárez s/n, Esq. Bravo, Monte Real, 66056 Cdad. Gral. Escobedo, N.L.","types":["convenience_store","cell_phone_store","gift_shop","shipping_service","travel_agency","home_goods_store","finance","transportation_service","food_store","pet_care","store","service","food","point_of_interest","establishment"],"fuente":"places_api","fetched_at":"2026-09-24T22:41:22Z"}},{"type":"Feature","geometry":{"type":"Point","coordinates":[-100.3421673,25.6538875]},"properties":{"name":"OXXO Montes Rocallosos","kind":"oxxo","place_id":"ChIJa08NSAy-YoYRO5JYoz8PCkM","address":"Rocallosos, Av. José Vasconcelos 301, Real De San Agustin, Residencial San Agustín 1er Sector, 66278 San Pedro Garza García, N.L.","types":["convenience_store","cell_phone_store","shipping_service","gift_shop","travel_agency","finance","home_goods_store","transportation_service","food_store","store","food","point_of_interest","service","establishment"],"fuente":"places_api","fetched_at":"2026-09-24T22:41:22Z"}},{"type":"Feature","geometry":{"type":"Point","coordinates":[-100.304869,25.641417999999998]},"properties":{"name":"OXXO NAZAS","kind":"oxxo","place_id":"ChIJQ7WvsrK_YoYRh-dEL-Wn9Kg","address":"Pipila Y San Salvador 302-A, Río Nazas A, Altamira, 64750 Monterrey, N.L.","types":["convenience_store","cell_phone_store","shipping_service","gift_shop","travel_agency","finance","home_goods_store","pet_care","transportation_service","food_store","store","food","point_of_interest","service","establishment"],"fuente":"places_api","fetched_at":"2026-09-24T22:41:22Z"}},{"type":"Feature","geometry":{"type":"Point","coordinates":[-100.38899070000001,25.7637533]},"properties":{"name":"OXXO Nepenta","kind":"oxxo","place_id":"ChIJi1DtqSyRYoYRW1KnvlXbKvk","address":"Higuerillas Y Oxalida 901, C. Nepenta, Fomerrey 109, 64106 Monterrey, N.L.","types":["convenience_store","cell_phone_store","shipping_service","travel_agency","pet_care","transportation_service","food_store","gift_shop","finance","home_goods_store","store","service","food","point_of_interest","establishment"],"fuente":"places_api","fetched_at":"2026-09-24T22:41:22Z"}},{"type":"Feature","geometry":{"type":"Point","coordinates":[-100.311903,25.6579928]},"properties":{"name":"OXXO Nuevo León","kind":"oxxo","place_id":"ChIJqZciNjG-YoYRfkVgsidxbt4","address":"Libertad 524, Esq Nuevo León, Independencia, 64720 Monterrey, N.L.","types":["convenience_store","cell_phone_store","shipping_service","gift_shop","travel_agency","finance","home_goods_store","pet_care","transportation_service","food_store","store","food","point_of_interest","service","establishment"],"fuente":"places_api","fetched_at":"2026-09-24T22:41:22Z"}},{"type":"Feature","geometry":{"type":"Point","coordinates":[-100.376739,25.7858894]},"properties":{"name":"OXXO OBRERO MUNDIAL","kind":"oxxo","place_id":"ChIJOSQ1BxaRYoYRT9SuSTal_WY","address":"Ave. Enrique Rangel MelÈndez, Casa Del Obrero Mundial Y Quelonia 1807, 1, Croc, 64200 Monterrey, N.L.","types":["convenience_store","cell_phone_store","gift_shop","shipping_service","travel_agency","home_goods_store","finance","transportation_service","food_store","pet_care","store","service","food","point_of_interest","establishment"],"fuente":"places_api","fetched_at":"2026-09-24T22:41:22Z"}},{"type":"Feature","geometry":{"type":"Point","coordinates":[-100.4931735,25.6805222]},"properties":{"name":"OXXO Orquideas SC","kind":"oxxo","place_id":"ChIJ2zBxzY2YYoYR7KmO8lJbuyI","address":"Paseo De Las Orquideas Y Paseo De Las Margaritas 500, P.º de Las Rosas, Prados de Santa Catarina, 66359 Cdad. Santa Catarina, N.L.","types":["convenience_store","gift_shop","travel_agency","shipping_service","home_goods_store","finance","food_store","pet_care","cell_phone_store","food","transportation_service","point_of_interest","service","store","establishment"],"fuente":"places_api","fetched_at":"2026-09-24T22:41:22Z"}},{"type":"Feature","geometry":{"type":"Point","coordinates":[-100.1465588,25.706836]},"properties":{"name":"OXXO P. De las fuentes","kind":"oxxo","place_id":"ChIJZSrvycHpYoYRPYwawjKbsl0","address":"Ave. México, Esq Antigua, Carr. A Dulces Nombres 1502, Apodaca Centro, 66600 Cdad. Apodaca, N.L.","types":["convenience_store","cell_phone_store","shipping_service","travel_agency","pet_care","transportation_service","food_store","gift_shop","finance","home_goods_store","store","service","food","point_of_interest","establishment"],"fuente":"places_api","fetched_at":"2026-09-24T22:41:22Z"}},{"type":"Feature","geometry":{"type":"Point","coordinates":[-100.26800639999999,25.6404657]},"properties":{"name":"OXXO PLAZA AMERICAS","kind":"oxxo","place_id":"ChIJp-uQCwC_YoYRL0blV1L83nw","address":"P.º de las Américas 2538 B-Loc 11 Piso 2, Sin Nombre de Col 59, 67173 Guadalupe, N.L.","types":["convenience_store","food_store","store","food","point_of_interest","establishment"],"fuente":"places_api","fetched_at":"2026-09-24T22:41:22Z"}},{"type":"Feature","geometry":{"type":"Point","coordinates":[-100.4867261,25.6830352]},"properties":{"name":"OXXO PRADOS MTY","kind":"oxxo","place_id":"ChIJJafWWYqYYoYRLuSoTsigOy8","address":"Peatonal Bruno Traven, Pedro Garfias Y Bruno Trave, Cumbres de Sta. Catarina 2900, Cumbres de Santa Catarina Primer Sector, 66358 Cdad. Santa Catarina, N.L.","types":["convenience_store","gift_shop","travel_agency","shipping_service","home_goods_store","finance","food_store","pet_care","cell_phone_store","food","transportation_service","point_of_interest","service","store","establishment"],"fuente":"places_api","fetched_at":"2026-09-24T22:41:22Z"}},{"type":"Feature","geometry":{"type":"Point","coordinates":[-100.0875252,25.6442394]},"properties":{"name":"OXXO PREPA 22","kind":"oxxo","place_id":"ChIJSRC1rdTDYoYR0fU4oj1OLrk","address":"Teofilo Salinas 520, Col. Benito, Centro, 67250 Cdad. Benito Juárez, N.L.","types":["convenience_store","cell_phone_store","shipping_service","travel_agency","pet_care","transportation_service","food_store","gift_shop","finance","home_goods_store","store","service","food","point_of_interest","establishment"],"fuente":"places_api","fetched_at":"2026-09-24T22:41:22Z"}},{"type":"Feature","geometry":{"type":"Point","coordinates":[-100.2161794,25.8082063]},"properties":{"name":"OXXO Paraje Santa Rosa","kind":"oxxo","place_id":"ChIJtZAFeFjsYoYRQUpzvn0M25A","address":"Calle Tulipan Y Carretera Apodaca-Santa Rosa 201, Calle America, Paraje Santa Rosa, 66607 Ex-Hacienda Santa Rosa, N.L.","types":["convenience_store","cell_phone_store","shipping_service","travel_agency","pet_care","transportation_service","food_store","gift_shop","finance","home_goods_store","store","service","food","point_of_interest","establishment"],"fuente":"places_api","fetched_at":"2026-09-24T22:41:22Z"}},{"type":"Feature","geometry":{"type":"Point","coordinates":[-100.53457979999999,25.7269981]},"properties":{"name":"OXXO Parque Aluminio","kind":"oxxo","place_id":"ChIJD8UsLMqeYoYRoIskaumO60c","address":"Eje Metropolitano 910 4001, 66380 N.L.","types":["convenience_store","food_store","store","food","point_of_interest","establishment"],"fuente":"places_api","fetched_at":"2026-09-24T22:41:22Z"}},{"type":"Feature","geometry":{"type":"Point","coordinates":[-100.2164993,25.826788800000003]},"properties":{"name":"OXXO Paseo De Los Nogales","kind":"oxxo","place_id":"ChIJDYcN6gDtYoYRK2dqgLg0WAA","address":"Paseo MadroÒos 132 Esquina General Felix Lozano Y Camino Vecinal Paseo De Los Nogales Santa Rosa, 66607 Cdad. Apodaca, N.L.","types":["convenience_store","cell_phone_store","shipping_service","travel_agency","pet_care","transportation_service","food_store","gift_shop","finance","home_goods_store","store","service","food","point_of_interest","establishment"],"fuente":"places_api","fetched_at":"2026-09-24T22:41:22Z"}},{"type":"Feature","geometry":{"type":"Point","coordinates":[-100.3957422,25.8167902]},"properties":{"name":"OXXO Pedreras MTY","kind":"oxxo","place_id":"ChIJN_5_IBqRYoYRpcU4HHep4zk","address":"Lateral A La Autopista De Cuota Saltillo-Laredo, A Camino Real Y Obreros Unidos 6700, Supermanzana Monclovita, Monclova, 66085 Cdad. Gral. Escobedo, N.L.","types":["convenience_store","food_store","store","food","point_of_interest","establishment"],"fuente":"places_api","fetched_at":"2026-09-24T22:41:22Z"}},{"type":"Feature","geometry":{"type":"Point","coordinates":[-100.3447442,25.7362874]},"properties":{"name":"OXXO Planicies II MTY","kind":"oxxo","place_id":"ChIJGY8mDmKVYoYRqrwMEQENh1A","address":"Esquina Selva, Las Planicies 6650, Moctezuma, 64240 Monterrey, N.L.","types":["convenience_store","cell_phone_store","shipping_service","travel_agency","pet_care","transportation_service","food_store","gift_shop","finance","home_goods_store","store","service","food","point_of_interest","establishment"],"fuente":"places_api","fetched_at":"2026-09-24T22:41:22Z"}},{"type":"Feature","geometry":{"type":"Point","coordinates":[-100.3031637,25.6734108]},"properties":{"name":"OXXO Platón Sánchez","kind":"oxxo","place_id":"ChIJsdiZG9W_YoYR1D1aFhMlpy4","address":"Washington Y 5 De Mayo 308-2, Cl. Rafael Platón Sánchez, Centro, 64000 Monterrey, N.L.","types":["convenience_store","cell_phone_store","shipping_service","gift_shop","travel_agency","finance","home_goods_store","pet_care","transportation_service","food_store","store","food","point_of_interest","service","establishment"],"fuente":"places_api","fetched_at":"2026-09-24T22:41:22Z"}},{"type":"Feature","geometry":{"type":"Point","coordinates":[-100.613154,25.8156989]},"properties":{"name":"OXXO Praderas de Torreluna","kind":"oxxo","place_id":"ChIJp1jroLudYoYRnN-gzMKHoKs","address":"Praderas de Cantillana, Ampliación Cerritos, 66012 García, N.L.","types":["convenience_store","food_store","store","food","point_of_interest","establishment"],"fuente":"places_api","fetched_at":"2026-09-24T22:41:22Z"}},{"type":"Feature","geometry":{"type":"Point","coordinates":[-100.227616,25.798454399999997]},"properties":{"name":"OXXO Prados de Santa Rosa","kind":"oxxo","place_id":"ChIJuVr5cQDtYoYR6oVP_PEP_bU","address":"Eucalipto 252, Prados de Santa Rosa, 66610 Prados de Santa Rosa, N.L.","types":["convenience_store","food_store","store","food","point_of_interest","establishment"],"fuente":"places_api","fetched_at":"2026-09-24T22:41:22Z"}},{"type":"Feature","geometry":{"type":"Point","coordinates":[-100.2742717,25.6488424]},"properties":{"name":"OXXO Primavera","kind":"oxxo","place_id":"ChIJWTks1JO_YoYRoKsqlHHz89o","address":"Bahia De Las Islas Y Coronado 3417, Av. Revolución, Rincon De La Primavera, 64834 Monterrey, N.L.","types":["convenience_store","cell_phone_store","shipping_service","gift_shop","travel_agency","finance","home_goods_store","pet_care","transportation_service","food_store","store","food","point_of_interest","service","establishment"],"fuente":"places_api","fetched_at":"2026-09-24T22:41:22Z"}},{"type":"Feature","geometry":{"type":"Point","coordinates":[-100.2275087,25.8084852]},"properties":{"name":"OXXO Privadas de Santa Rosa","kind":"oxxo","place_id":"ChIJJffDI-btYoYRqlJhD6w0gF8","address":"Lago Michigan Y Rio Grande 100, Av. del Lago, Privadas de Santa Rosa, 66610 Cdad. Apodaca, N.L.","types":["convenience_store","cell_phone_store","shipping_service","travel_agency","pet_care","transportation_service","food_store","gift_shop","finance","home_goods_store","store","service","food","point_of_interest","establishment"],"fuente":"places_api","fetched_at":"2026-09-24T22:41:22Z"}},{"type":"Feature","geometry":{"type":"Point","coordinates":[-100.4663515,25.6871553]},"properties":{"name":"OXXO Pza.SantaCatarinaMTY","kind":"oxxo","place_id":"ChIJJ07Bqf2ZYoYRuD1CokOm_Xg","address":"Carr. Mty Saltillo, Carr. Monterrey - Saltillo Km 65-1598-3, Nueva, 66350 Cdad. Santa Catarina, N.L.","types":["convenience_store","cell_phone_store","shipping_service","travel_agency","transportation_service","food_store","gift_shop","finance","home_goods_store","store","service","food","point_of_interest","establishment"],"fuente":"places_api","fetched_at":"2026-09-24T22:41:22Z"}},{"type":"Feature","geometry":{"type":"Point","coordinates":[-100.4711428,25.6750025]},"properties":{"name":"OXXO REAL DEL VALLE","kind":"oxxo","place_id":"ChIJB3nyLnCYYoYRV4Oujv_QKnQ","address":"Av. Manuel Ordonez S/N Ave. Real Del Valle Y JosÈ Ma, José María García, Real del Valle Segundo Sector, 66350 Cdad. Santa Catarina, N.L.","types":["convenience_store","cell_phone_store","shipping_service","gift_shop","travel_agency","finance","home_goods_store","pet_care","transportation_service","food_store","store","food","point_of_interest","service","establishment"],"fuente":"places_api","fetched_at":"2026-09-24T22:41:22Z"}},{"type":"Feature","geometry":{"type":"Point","coordinates":[-100.33971969999999,25.6511702]},"properties":{"name":"OXXO REAL SAN AGUSTIN","kind":"oxxo","place_id":"ChIJ5ZFiZQC_YoYRxjqtogvJC70","address":"Monte Blanco 621, Residencial San Agustín 2o Sector, 66260 San Pedro Garza García, N.L.","types":["convenience_store","food_store","store","food","point_of_interest","establishment"],"fuente":"places_api","fetched_at":"2026-09-24T22:41:22Z"}},{"type":"Feature","geometry":{"type":"Point","coordinates":[-100.1949745,25.6505005]},"properties":{"name":"OXXO RINCON DE LA SIERRA II","kind":"oxxo","place_id":"ChIJLTC5BL3BYoYRCJ5KbB4PZr8","address":"Av. Monterrey Y Av. Guadalajara Ote. 474, Av Eloy Cavazos, RincÛn De La Sierra, 67194 Guadalupe, N.L.","types":["convenience_store","cell_phone_store","shipping_service","gift_shop","travel_agency","finance","home_goods_store","pet_care","transportation_service","food_store","store","food","point_of_interest","service","establishment"],"fuente":"places_api","fetched_at":"2026-09-24T22:41:22Z"}},{"type":"Feature","geometry":{"type":"Point","coordinates":[-100.34713389999999,25.659914]},"properties":{"name":"OXXO RIO BLANCO","kind":"oxxo","place_id":"ChIJbYwUJAC_YoYRRxQo-1_9sAo","address":"Río Amacuzac 1027, Valle Oriente, 66278 San Pedro Garza García, N.L.","types":["convenience_store","food_store","store","food","point_of_interest","establishment"],"fuente":"places_api","fetched_at":"2026-09-24T22:41:22Z"}},{"type":"Feature","geometry":{"type":"Point","coordinates":[-100.4861055,25.7876834]},"properties":{"name":"OXXO RIO PESQUERÍA","kind":"oxxo","place_id":"ChIJWx11xg-bYoYR11ZIz2Q4Upc","address":"Av Abraham Lincoln 3000-A No, Ex, Comunidad Las Mitras, 66000 García, N.L.","types":["convenience_store","cell_phone_store","shipping_service","travel_agency","transportation_service","food_store","gift_shop","finance","home_goods_store","store","service","food","point_of_interest","establishment"],"fuente":"places_api","fetched_at":"2026-09-24T22:41:22Z"}},{"type":"Feature","geometry":{"type":"Point","coordinates":[-100.11851999999999,25.645540000000004]},"properties":{"name":"OXXO RIVIERAS DEL SOL","kind":"oxxo","place_id":"ChIJdQwMSPzCYoYRahm3PCIWFj4","address":"Av. Las Torres SN Esq. Riviera Del Sol Hector Caballero, Escamilla, 67275 Cdad. Benito Juárez, N.L.","types":["convenience_store","cell_phone_store","shipping_service","gift_shop","travel_agency","finance","home_goods_store","pet_care","transportation_service","food_store","store","food","point_of_interest","service","establishment"],"fuente":"places_api","fetched_at":"2026-09-24T22:41:22Z"}},{"type":"Feature","geometry":{"type":"Point","coordinates":[-100.3637388,25.6350233]},"properties":{"name":"OXXO ROBERTO G SADA","kind":"oxxo","place_id":"ChIJNQrCns-9YoYRY6ZVg0iRN94","address":"Roberto G. Sada Y Carrizalejo 100, Gomez Morin, Jerónimo Siller, 66250 San Pedro Garza García, N.L.","types":["convenience_store","cell_phone_store","shipping_service","gift_shop","travel_agency","finance","home_goods_store","pet_care","transportation_service","food_store","store","food","point_of_interest","service","establishment"],"fuente":"places_api","fetched_at":"2026-09-24T22:41:22Z"}},{"type":"Feature","geometry":{"type":"Point","coordinates":[-100.18113199999999,25.6583304]},"properties":{"name":"OXXO ROBLES","kind":"oxxo","place_id":"ChIJ_wGKiGXBYoYRKbNxQskT2Og","address":"Av Maestro Israel Cavazos Garza 1204, Roble Santa María, 67190 Guadalupe, N.L.","types":["convenience_store","food_store","store","food","point_of_interest","establishment"],"fuente":"places_api","fetched_at":"2026-09-24T22:41:22Z"}},{"type":"Feature","geometry":{"type":"Point","coordinates":[-100.362213,25.714169899999998]},"properties":{"name":"OXXO Rangel Frias","kind":"oxxo","place_id":"ChIJ5V6ZP2OWYoYRGaQ8Y2uH9zA","address":"Av.Rangel Frias, Av. Ruiz Cortines 4112 Esq, Valle Verde 3, 64339 Monterrey, N.L.","types":["convenience_store","cell_phone_store","shipping_service","gift_shop","travel_agency","finance","home_goods_store","pet_care","transportation_service","food_store","store","food","point_of_interest","service","establishment"],"fuente":"places_api","fetched_at":"2026-09-24T22:41:22Z"}},{"type":"Feature","geometry":{"type":"Point","coordinates":[-100.59901239999999,25.824503399999998]},"properties":{"name":"OXXO Real de San Joaquín","kind":"oxxo","place_id":"ChIJ-XidJB2dYoYR6D_UYlWPVvg","address":"Magnolia 101, Real de San Joaquín, 66009 García, N.L.","types":["convenience_store","food_store","food","point_of_interest","store","establishment"],"fuente":"places_api","fetched_at":"2026-09-24T22:41:22Z"}},{"type":"Feature","geometry":{"type":"Point","coordinates":[-100.2135048,25.7688055]},"properties":{"name":"OXXO Recova","kind":"oxxo","place_id":"ChIJy5xgkM3rYoYRu9887mtoXXE","address":"Carretera Al Ojo De Agua, Esquina Matamoros Y Borneo 401, Av. Borneo Supermanzana Privadas, Moderno Apodaca II, 66632 Cdad. Apodaca, N.L.","types":["convenience_store","cell_phone_store","shipping_service","travel_agency","pet_care","transportation_service","food_store","gift_shop","finance","home_goods_store","store","service","food","point_of_interest","establishment"],"fuente":"places_api","fetched_at":"2026-09-24T22:41:22Z"}},{"type":"Feature","geometry":{"type":"Point","coordinates":[-100.46316929999999,25.7006485]},"properties":{"name":"OXXO Rincon del Poniente","kind":"oxxo","place_id":"ChIJjwpwhuyZYoYRYkCKtesj1yU","address":"Rincón del Pte. 103, Rincón del Poniente, 66368 Cdad. Santa Catarina, N.L.","types":["convenience_store","cell_phone_store","shipping_service","gift_shop","travel_agency","finance","home_goods_store","pet_care","transportation_service","food_store","store","food","point_of_interest","service","establishment"],"fuente":"places_api","fetched_at":"2026-09-24T22:41:22Z"}},{"type":"Feature","geometry":{"type":"Point","coordinates":[-100.1894566,25.648861699999998]},"properties":{"name":"OXXO Rincón de La Sierra MTY","kind":"oxxo","place_id":"ChIJ70OvENTBYoYRr8ZOdA0_z9Y","address":"Eloy Cavazos Y Rancho Del Charco 7840, Av México, Lomas Del Rey, 67194 Guadalupe, N.L.","types":["convenience_store","cell_phone_store","shipping_service","gift_shop","travel_agency","finance","home_goods_store","pet_care","transportation_service","food_store","store","food","point_of_interest","service","establishment"],"fuente":"places_api","fetched_at":"2026-09-24T22:41:22Z"}},{"type":"Feature","geometry":{"type":"Point","coordinates":[-100.4618533,25.703407799999997]},"properties":{"name":"OXXO Rincón de Las Palmas. Santa Catarina","kind":"oxxo","place_id":"ChIJ0a2hFkiYYoYROG4qeWi4mB8","address":"Ave. RincÛn De Las Palmas Y RincÛn De La Villa 203, Rincón del Pte., Rincón de las Palmas, 66368 Cdad. Santa Catarina, N.L.","types":["convenience_store","cell_phone_store","shipping_service","gift_shop","travel_agency","finance","home_goods_store","pet_care","transportation_service","food_store","store","food","point_of_interest","service","establishment"],"fuente":"places_api","fetched_at":"2026-09-24T22:41:22Z"}},{"type":"Feature","geometry":{"type":"Point","coordinates":[-100.17318949999999,25.683959899999998]},"properties":{"name":"OXXO Rio Nilo","kind":"oxxo","place_id":"ChIJnc-1NP7BYoYR7k0YUiy8BYI","address":"Rio Nilo Y Rio Rodano 341, C. Río de La Plata, Dos Ríos Sector XIII, 67134 Guadalupe, N.L.","types":["convenience_store","gift_shop","travel_agency","shipping_service","home_goods_store","finance","food_store","pet_care","cell_phone_store","food","transportation_service","point_of_interest","service","store","establishment"],"fuente":"places_api","fetched_at":"2026-09-24T22:41:22Z"}},{"type":"Feature","geometry":{"type":"Point","coordinates":[-100.34204240000001,25.716915]},"properties":{"name":"OXXO Rodrigo Gomez","kind":"oxxo","place_id":"ChIJjzOVCdOVYoYReKmK87PRkoA","address":"Golfo De México Y Mar Caribe 1, Rodrigo Gomez 1445, Central, 64190 Monterrey, N.L.","types":["convenience_store","cell_phone_store","shipping_service","travel_agency","pet_care","transportation_service","food_store","gift_shop","finance","home_goods_store","store","service","food","point_of_interest","establishment"],"fuente":"places_api","fetched_at":"2026-09-24T22:41:22Z"}},{"type":"Feature","geometry":{"type":"Point","coordinates":[-100.3645208,25.6286116]},"properties":{"name":"OXXO SAN ANGEL Pto REU","kind":"oxxo","place_id":"ChIJ_Rtq8FO9YoYRIc1Z-1Qnupc","address":"Av. Manuel Gómez Morín 100, Comercial Alpino, 66250 San Pedro Garza García, N.L.","types":["convenience_store","liquor_store","food_store","store","food","point_of_interest","establishment"],"fuente":"places_api","fetched_at":"2026-09-24T22:41:22Z"}},{"type":"Feature","geometry":{"type":"Point","coordinates":[-100.08589789999999,25.643637599999998]},"properties":{"name":"OXXO SAN JOSÉ","kind":"oxxo","place_id":"ChIJYXczGyrDYoYRT5sTDmHwRvk","address":"Hacienda San Jose, Hacienda Magdalena S/N, Esq, 67250 Cdad. Benito Juárez, N.L.","types":["convenience_store","cell_phone_store","shipping_service","travel_agency","pet_care","transportation_service","food_store","gift_shop","finance","home_goods_store","store","service","food","point_of_interest","establishment"],"fuente":"places_api","fetched_at":"2026-09-24T22:41:22Z"}},{"type":"Feature","geometry":{"type":"Point","coordinates":[-100.19058059999999,25.7233157]},"properties":{"name":"OXXO SAN MIGUEL","kind":"oxxo","place_id":"ChIJ08zqZzbqYoYRc7MErad9GRw","address":"Boulevard Acapulco 506 S, Blvd. Acapulco 506-Sect 1, entre Calles, Colonial San Miguel, 67113 Guadalupe, N.L.","types":["convenience_store","cell_phone_store","shipping_service","travel_agency","pet_care","transportation_service","food_store","gift_shop","finance","home_goods_store","store","service","food","point_of_interest","establishment"],"fuente":"places_api","fetched_at":"2026-09-24T22:41:22Z"}},{"type":"Feature","geometry":{"type":"Point","coordinates":[-100.1358865,25.618031400000003]},"properties":{"name":"OXXO SAN PAOLO","kind":"oxxo","place_id":"ChIJddblXgDDYoYRCU33psodVts","address":"C. San Francisco, 67280 Cdad. Benito Juárez, N.L.","types":["convenience_store","food_store","store","food","point_of_interest","establishment"],"fuente":"places_api","fetched_at":"2026-09-24T22:41:22Z"}},{"type":"Feature","geometry":{"type":"Point","coordinates":[-100.62845980000002,25.8221105]},"properties":{"name":"OXXO SANTA JULIA (CR: 40259)","kind":"oxxo","place_id":"ChIJf04_pKwniIYRuB_ilh-v1Ac","address":"María Eugenia, 66012 García, N.L.","types":["convenience_store","food_store","food","point_of_interest","store","establishment"],"fuente":"places_api","fetched_at":"2026-09-24T22:41:22Z"}},{"type":"Feature","geometry":{"type":"Point","coordinates":[-100.6265245,25.8128763]},"properties":{"name":"OXXO SANTA MONICA (CR:50050)","kind":"oxxo","place_id":"ChIJsarSWW4niIYRQ33gGK8LJss","address":"66012 García, N.L.","types":["convenience_store","food_store","store","food","point_of_interest","establishment"],"fuente":"places_api","fetched_at":"2026-09-24T22:41:22Z"}},{"type":"Feature","geometry":{"type":"Point","coordinates":[-100.5911993,25.7856001]},"properties":{"name":"OXXO SEVILLA","kind":"oxxo","place_id":"ChIJp6vyOwCdYoYRW4X8HpOxJUg","address":"Compostela, 66004 García, N.L.","types":["convenience_store","food_store","store","food","point_of_interest","establishment"],"fuente":"places_api","fetched_at":"2026-09-24T22:41:22Z"}},{"type":"Feature","geometry":{"type":"Point","coordinates":[-100.5902944,25.7732107]},"properties":{"name":"OXXO SIERRA BORRADA(CR:50P1E)","kind":"oxxo","place_id":"ChIJweJgYZedYoYR6Rm-2tcO36g","address":"Sierra Real 531, 66004 García, N.L.","types":["convenience_store","food_store","store","food","point_of_interest","establishment"],"fuente":"places_api","fetched_at":"2026-09-24T22:41:22Z"}},{"type":"Feature","geometry":{"type":"Point","coordinates":[-100.1653449,25.6391827]},"properties":{"name":"OXXO SIERRA VISTA","kind":"oxxo","place_id":"ChIJbfLmTSvCYoYRy2kupqUrWHg","address":"Sierra Vista, Sierra del Himalaya 201, Sierra Vista, Jardines de la Silla, 67288 Jardines de la Silla, N.L.","types":["convenience_store","cell_phone_store","shipping_service","gift_shop","travel_agency","finance","home_goods_store","pet_care","transportation_service","food_store","store","food","point_of_interest","service","establishment"],"fuente":"places_api","fetched_at":"2026-09-24T22:41:22Z"}},{"type":"Feature","geometry":{"type":"Point","coordinates":[-100.45361489999999,25.6564221]},"properties":{"name":"OXXO SMART LA HUASTECA NL","kind":"oxxo","place_id":"ChIJ2R516gijYoYR_YZbcKLqJY4","address":"Av. Miguel Aleman 399 la 66354 N.L Nuevo León, Av. Miguel Alemán 399, Privadas la Huasteca, Torres las Huastecas, 66354 Cdad. Santa Catarina, N.L.","types":["convenience_store","food_store","store","food","point_of_interest","establishment"],"fuente":"places_api","fetched_at":"2026-09-24T22:41:22Z"}},{"type":"Feature","geometry":{"type":"Point","coordinates":[-100.5646646,25.805389899999998]},"properties":{"name":"OXXO San Blas","kind":"oxxo","place_id":"ChIJbWbkZ_qcYoYR-pv5KjlM-7w","address":"Del Hospital, Dr. Jesús Romo Armeira 100, Valle de San Blas, 66025 García, N.L.","types":["convenience_store","cell_phone_store","shipping_service","gift_shop","travel_agency","finance","home_goods_store","pet_care","transportation_service","food_store","store","food","point_of_interest","service","establishment"],"fuente":"places_api","fetched_at":"2026-09-24T22:41:22Z"}},{"type":"Feature","geometry":{"type":"Point","coordinates":[-100.4111533,25.8212495]},"properties":{"name":"OXXO San Bonifacio MTY","kind":"oxxo","place_id":"ChIJF-h9pkSQYoYRVXy8KfYwZnA","address":"San Benedicto Ii 3001 San Martin I Y San Bonifacio Iv Praderas De San Francisco, 66085 Cdad. Gral. Escobedo, N.L.","types":["convenience_store","cell_phone_store","shipping_service","gift_shop","travel_agency","finance","home_goods_store","pet_care","transportation_service","food_store","store","food","point_of_interest","service","establishment"],"fuente":"places_api","fetched_at":"2026-09-24T22:41:22Z"}},{"type":"Feature","geometry":{"type":"Point","coordinates":[-100.2004235,25.7742921]},"properties":{"name":"OXXO San Francisco","kind":"oxxo","place_id":"ChIJ60vHHcXrYoYR6pR-GyWsJvI","address":"Sin Nombre de Col 26, 66603 Cdad. Apodaca, N.L.","types":["convenience_store","cell_phone_store","shipping_service","travel_agency","pet_care","transportation_service","food_store","gift_shop","finance","home_goods_store","store","service","food","point_of_interest","establishment"],"fuente":"places_api","fetched_at":"2026-09-24T22:41:22Z"}},{"type":"Feature","geometry":{"type":"Point","coordinates":[-100.46060349999999,25.693969499999998]},"properties":{"name":"OXXO San Juan MTY","kind":"oxxo","place_id":"ChIJR3c32JqZYoYR99LqLEF0NTk","address":"San Juan Del Rio Y Ave. Luis Donaldo Colosio 411, Luis Donaldo Colosio Murrieta, Fomerrey 137, 66369 Cdad. Santa Catarina, N.L.","types":["convenience_store","gift_shop","travel_agency","shipping_service","home_goods_store","finance","food_store","pet_care","cell_phone_store","food","transportation_service","point_of_interest","service","store","establishment"],"fuente":"places_api","fetched_at":"2026-09-24T22:41:22Z"}},{"type":"Feature","geometry":{"type":"Point","coordinates":[-100.3399,25.65616]},"properties":{"name":"OXXO San Lorenzo II MTY","kind":"oxxo","place_id":"ChIJ51HBDA6-YoYRppzr95GVw3s","address":"San Lorenzo 101-A, Santa Barbara, 66226 San Pedro Garza García, N.L.","types":["convenience_store","cell_phone_store","shipping_service","gift_shop","travel_agency","finance","home_goods_store","pet_care","transportation_service","food_store","store","food","point_of_interest","service","establishment"],"fuente":"places_api","fetched_at":"2026-09-24T22:41:22Z"}},{"type":"Feature","geometry":{"type":"Point","coordinates":[-100.16642189999999,25.7239106]},"properties":{"name":"OXXO San Miguel II","kind":"oxxo","place_id":"ChIJnaCH9obpYoYR2SvIvxxccmw","address":"Av El Campanario Y Calle Plomo 500, Av. Gaspar Castaño, El Campanario, 66649 Cdad. Apodaca, N.L.","types":["convenience_store","cell_phone_store","shipping_service","travel_agency","pet_care","transportation_service","food_store","gift_shop","finance","home_goods_store","store","service","food","point_of_interest","establishment"],"fuente":"places_api","fetched_at":"2026-09-24T22:41:22Z"}},{"type":"Feature","geometry":{"type":"Point","coordinates":[-100.4577446,25.6745676]},"properties":{"name":"OXXO Santa Catarina MTY","kind":"oxxo","place_id":"ChIJXWulrgKZYoYRIK-lDSQc-HE","address":"Av. Manuel Ordoniez, Rep˙blica Mexicana Y Manuel OrdoÒez, Sta. Catarina Centro 358, 66350 Cdad. Santa Catarina, N.L.","types":["convenience_store","cell_phone_store","shipping_service","travel_agency","pet_care","transportation_service","food_store","gift_shop","finance","home_goods_store","store","service","food","point_of_interest","establishment"],"fuente":"places_api","fetched_at":"2026-09-24T22:41:22Z"}},{"type":"Feature","geometry":{"type":"Point","coordinates":[-100.1731283,25.726608799999998]},"properties":{"name":"OXXO Santa Fe","kind":"oxxo","place_id":"ChIJ8UvKj__rYoYRDP_OZm4Tbfs","address":"Av. del Teléfono 301, Santa Fe, 66648 Cdad. Apodaca, N.L.","types":["convenience_store","gift_shop","travel_agency","shipping_service","home_goods_store","finance","food_store","pet_care","cell_phone_store","food","transportation_service","point_of_interest","service","store","establishment"],"fuente":"places_api","fetched_at":"2026-09-24T22:41:22Z"}},{"type":"Feature","geometry":{"type":"Point","coordinates":[-100.24861190000001,25.788886299999998]},"properties":{"name":"OXXO Santa Isabel","kind":"oxxo","place_id":"ChIJYyvuSGDtYoYRFWF8f1pLuE8","address":"Avenida E-Sexta 117 Hacienda Santa Isabel Y Fundadores Hacienda Santa Isabel, 2Do Sector, Primera Etapa, 66612 Cdad. Apodaca, N.L.","types":["convenience_store","cell_phone_store","shipping_service","travel_agency","pet_care","transportation_service","food_store","gift_shop","finance","home_goods_store","store","service","food","point_of_interest","establishment"],"fuente":"places_api","fetched_at":"2026-09-24T22:41:22Z"}},{"type":"Feature","geometry":{"type":"Point","coordinates":[-100.367403,25.806459]},"properties":{"name":"OXXO Serranias","kind":"oxxo","place_id":"ChIJ9wWzB3SRYoYRulq8YtOjX4o","address":"A Titanio Y Sierra De Las Mitras 802, Camino Real De San Martin, Serranias 1Er Sector, 66065 Cdad. Gral. Escobedo, N.L.","types":["convenience_store","cell_phone_store","gift_shop","shipping_service","travel_agency","home_goods_store","finance","transportation_service","food_store","pet_care","store","service","food","point_of_interest","establishment"],"fuente":"places_api","fetched_at":"2026-09-24T22:41:22Z"}},{"type":"Feature","geometry":{"type":"Point","coordinates":[-100.18016209999999,25.787691]},"properties":{"name":"OXXO Servicios Publicos MTY","kind":"oxxo","place_id":"ChIJL8DnJuftYoYRBflKE1YqY6o","address":"Prolongacion TreviÒo Y Hacienda Agua Fria 1100, Prologis Park, Blvd. Arco Vial, 66627 Cdad. Apodaca, N.L.","types":["convenience_store","cell_phone_store","shipping_service","travel_agency","pet_care","transportation_service","food_store","gift_shop","finance","home_goods_store","store","service","food","point_of_interest","establishment"],"fuente":"places_api","fetched_at":"2026-09-24T22:41:22Z"}},{"type":"Feature","geometry":{"type":"Point","coordinates":[-100.58510419999999,25.7847182]},"properties":{"name":"OXXO Sierra Real II MTY","kind":"oxxo","place_id":"ChIJjw2BfLGdYoYRuAbG3nYYo0Y","address":"Sierra GarduÒa Y Sierra Madre Occidental 100, Sierra Real, 66004 García, N.L.","types":["convenience_store","cell_phone_store","shipping_service","gift_shop","travel_agency","finance","home_goods_store","pet_care","transportation_service","food_store","store","food","point_of_interest","service","establishment"],"fuente":"places_api","fetched_at":"2026-09-24T22:41:22Z"}},{"type":"Feature","geometry":{"type":"Point","coordinates":[-100.49137239999999,25.780445399999998]},"properties":{"name":"OXXO Sor Juana","kind":"oxxo","place_id":"ChIJlbOuFrabYoYRVBS-cNWERug","address":"Santos Inocentes Y Santa Monica 200, Sor Juana Inés de la Cruz, Santa María, 66037 García, N.L.","types":["convenience_store","cell_phone_store","shipping_service","travel_agency","pet_care","transportation_service","food_store","gift_shop","finance","home_goods_store","store","service","food","point_of_interest","establishment"],"fuente":"places_api","fetched_at":"2026-09-24T22:41:22Z"}},{"type":"Feature","geometry":{"type":"Point","coordinates":[-100.0950201,25.795358999999998]},"properties":{"name":"OXXO Sta Engracia II MTY","kind":"oxxo","place_id":"ChIJYZWuV5XvYoYRrO0DQ_Zi0cg","address":"Segunda 198 Esq, Santa Maria Y San Alberto Fracc, C. Sta. Engracia, Cuarta Etapa, 66655 Ladrillera, N.L.","types":["convenience_store","cell_phone_store","gift_shop","shipping_service","travel_agency","home_goods_store","finance","transportation_service","food_store","pet_care","store","service","food","point_of_interest","establishment"],"fuente":"places_api","fetched_at":"2026-09-24T22:41:22Z"}},{"type":"Feature","geometry":{"type":"Point","coordinates":[-100.1770014,25.7134762]},"properties":{"name":"OXXO Suc. Altaria Residencial","kind":"oxxo","place_id":"ChIJz_6lmCPqYoYR0Mnl0hpB_t0","address":"Av. Libaneses Y BorgoÒa 626, Pirineos, Altaria Residencial, 66649 Cdad. Apodaca, N.L.","types":["convenience_store","cell_phone_store","shipping_service","travel_agency","pet_care","transportation_service","food_store","gift_shop","finance","home_goods_store","store","service","food","point_of_interest","establishment"],"fuente":"places_api","fetched_at":"2026-09-24T22:41:22Z"}},{"type":"Feature","geometry":{"type":"Point","coordinates":[-100.330451,25.7828968]},"properties":{"name":"OXXO Súper","kind":"oxxo","place_id":"ChIJDTHhWeyTYoYRLoo8J2pD5ys","address":"Plinio OrdoÒez Y Sta. Rita, Av. Acueducto 1405, Hacienda del Topo, 66072 Cdad. Gral. Escobedo, N.L.","types":["convenience_store","food_store","store","food","point_of_interest","establishment"],"fuente":"places_api","fetched_at":"2026-09-24T22:41:22Z"}},{"type":"Feature","geometry":{"type":"Point","coordinates":[-100.4830128,25.7962517]},"properties":{"name":"OXXO Súper","kind":"oxxo","place_id":"ChIJiXJDS8SbYoYRaVdSQvWUjSE","address":"Valle Del Vergel Y Valle De Texcoco 925, Mineros, Valle de Lincoln 4 etapa, Valle de Lincoln, 66008 García, N.L.","types":["grocery_store","food_store","food","point_of_interest","store","establishment"],"fuente":"places_api","fetched_at":"2026-09-24T22:41:22Z"}},{"type":"Feature","geometry":{"type":"Point","coordinates":[-100.4112851,25.7982488]},"properties":{"name":"OXXO Súper","kind":"oxxo","place_id":"ChIJud1YZc2RYoYRmZMFAaZC44s","address":"Fray Manuel Y Fray Carlos 400, Fray Servando Lote 751, Portal del Fraile, 66064 Cdad. Gral. Escobedo, N.L.","types":["convenience_store","food_store","store","food","point_of_interest","establishment"],"fuente":"places_api","fetched_at":"2026-09-24T22:41:22Z"}},{"type":"Feature","geometry":{"type":"Point","coordinates":[-100.0737257,25.597932]},"properties":{"name":"OXXO Súper Amapola Fracc. Valle Del Roble","kind":"oxxo","place_id":"ChIJfbyVBFbbYoYRhlIHMi5n3-g","address":"Av Del Nogal Y Av Del Encino 1201, Av. Del Olmo, Valle del Roble, 67458 Valle del Roble, N.L.","types":["convenience_store","food_store","store","food","point_of_interest","establishment"],"fuente":"places_api","fetched_at":"2026-09-24T22:41:22Z"}},{"type":"Feature","geometry":{"type":"Point","coordinates":[-100.1039984,25.6944016]},"properties":{"name":"OXXO Súper Siracusa","kind":"oxxo","place_id":"ChIJn7mq6SHoYoYRzYFL0FVpE90","address":"Juárez, 67258 Cdad. Benito Juárez, N.L.","types":["convenience_store","food_store","store","food","point_of_interest","establishment"],"fuente":"places_api","fetched_at":"2026-09-24T22:41:22Z"}},{"type":"Feature","geometry":{"type":"Point","coordinates":[-100.3013649,25.7855997]},"properties":{"name":"OXXO TREVIÑO","kind":"oxxo","place_id":"ChIJdVjt23aTYoYRW3op2g-JkOc","address":"TreviÒo, Av. Benito Juárez 300 B, Lázaro Cárdenas, 66058 Cdad. Gral. Escobedo, N.L.","types":["convenience_store","cell_phone_store","gift_shop","shipping_service","travel_agency","home_goods_store","finance","transportation_service","food_store","pet_care","store","service","food","point_of_interest","establishment"],"fuente":"places_api","fetched_at":"2026-09-24T22:41:22Z"}},{"type":"Feature","geometry":{"type":"Point","coordinates":[-100.1719961,25.801384199999998]},"properties":{"name":"OXXO TRIANA PALMAS","kind":"oxxo","place_id":"ChIJb15veQDtYoYRdF1l8v1v4bQ","address":"Triana 103, Triana, 66620 Triana, N.L.","types":["convenience_store","food_store","store","food","point_of_interest","establishment"],"fuente":"places_api","fetched_at":"2026-09-24T22:41:22Z"}},{"type":"Feature","geometry":{"type":"Point","coordinates":[-100.59001049999999,25.796142]},"properties":{"name":"OXXO TULIPAN","kind":"oxxo","place_id":"ChIJjcSD5wmdYoYRGaTckhWZrmk","address":"Esq Tulipan, Sor Juana Inés de La Cruz S/N, Paseo del Nogal, 66004 García, N.L.","types":["convenience_store","cell_phone_store","shipping_service","gift_shop","travel_agency","finance","home_goods_store","pet_care","transportation_service","food_store","store","food","point_of_interest","service","establishment"],"fuente":"places_api","fetched_at":"2026-09-24T22:41:22Z"}},{"type":"Feature","geometry":{"type":"Point","coordinates":[-100.3519091,25.6940697]},"properties":{"name":"OXXO Terranova","kind":"oxxo","place_id":"ChIJ6Zfl5wqWYoYRx6SvqE1a_ms","address":"Canada Y Terranova 104, Terranova 104, Vista Hermosa, 64620 Monterrey, N.L.","types":["convenience_store","cell_phone_store","shipping_service","travel_agency","pet_care","transportation_service","food_store","gift_shop","finance","home_goods_store","store","service","food","point_of_interest","establishment"],"fuente":"places_api","fetched_at":"2026-09-24T22:41:22Z"}},{"type":"Feature","geometry":{"type":"Point","coordinates":[-100.0840083,25.648764699999997]},"properties":{"name":"OXXO Teófilo salinas","kind":"oxxo","place_id":"ChIJUTo4X9TCYoYR5Vzwau5jixg","address":"Av. Teofilo Salnas Garza 417, Flor de Lis Esq-A, Villas de San Jose, Centro de Benito Juárez, 67254 Cdad. Benito Juárez, N.L.","types":["convenience_store","cell_phone_store","shipping_service","travel_agency","pet_care","transportation_service","food_store","gift_shop","finance","home_goods_store","store","service","food","point_of_interest","establishment"],"fuente":"places_api","fetched_at":"2026-09-24T22:41:22Z"}},{"type":"Feature","geometry":{"type":"Point","coordinates":[-100.3458964,25.652924]},"properties":{"name":"OXXO Tienda Los Hoyos","kind":"oxxo","place_id":"ChIJB0dauwu-YoYRdYGWgHX3kfU","address":"66260, San Agustín 172, Jardines del Campestre, 66260 San Pedro Garza García, N.L.","types":["convenience_store","cell_phone_store","shipping_service","gift_shop","travel_agency","finance","home_goods_store","pet_care","transportation_service","food_store","store","food","point_of_interest","service","establishment"],"fuente":"places_api","fetched_at":"2026-09-24T22:41:22Z"}},{"type":"Feature","geometry":{"type":"Point","coordinates":[-100.2488183,25.7486011]},"properties":{"name":"OXXO Tlachicuerias","kind":"oxxo","place_id":"ChIJb52V9DfrYoYREQvdPS0rCrY","address":"Ave Tlachicuerias S/N Arboledas Del Mezquital, Santo Domingo, 66437 San Nicolás de los Garza, N.L.","types":["convenience_store","liquor_store","food_store","store","food","point_of_interest","establishment"],"fuente":"places_api","fetched_at":"2026-09-24T22:41:22Z"}},{"type":"Feature","geometry":{"type":"Point","coordinates":[-100.32614099999999,25.6808351]},"properties":{"name":"OXXO VALLARTA MTY","kind":"oxxo","place_id":"ChIJ26XDvIyVYoYRPYqXhNc24ok","address":"Ignacio L. Vallarta 417, Centro, 64000 Monterrey, N.L.","types":["convenience_store","cell_phone_store","shipping_service","gift_shop","travel_agency","finance","home_goods_store","pet_care","transportation_service","food_store","store","food","point_of_interest","service","establishment"],"fuente":"places_api","fetched_at":"2026-09-24T22:41:22Z"}},{"type":"Feature","geometry":{"type":"Point","coordinates":[-100.4914628,25.7917578]},"properties":{"name":"OXXO VALLE DE LINCOLN II","kind":"oxxo","place_id":"ChIJPy-WF66bYoYRLVckIwl5q9A","address":"Caliza Y Granito 400, Minerales, Segunda Etapa, Valle de Lincoln, 66023 García, N.L.","types":["convenience_store","gift_shop","travel_agency","shipping_service","home_goods_store","finance","food_store","pet_care","cell_phone_store","food","transportation_service","point_of_interest","service","store","establishment"],"fuente":"places_api","fetched_at":"2026-09-24T22:41:22Z"}},{"type":"Feature","geometry":{"type":"Point","coordinates":[-100.2009475,25.6683357]},"properties":{"name":"OXXO VALLE DE SAN ANDRES","kind":"oxxo","place_id":"ChIJn9OLVcTBYoYR0xf5_XoBSqI","address":"La Playa Y J. Garcia 50, Av. Las Torres 50, Valle de San Andrés, 67184 Guadalupe, N.L.","types":["convenience_store","gift_shop","travel_agency","shipping_service","home_goods_store","finance","food_store","pet_care","cell_phone_store","food","transportation_service","point_of_interest","service","store","establishment"],"fuente":"places_api","fetched_at":"2026-09-24T22:41:22Z"}},{"type":"Feature","geometry":{"type":"Point","coordinates":[-100.53801469999999,25.8217084]},"properties":{"name":"OXXO VISTA MONTAÑA","kind":"oxxo","place_id":"ChIJZfSHGgCdYoYRAJdpPlzh0gU","address":"Vista de la Montaña, 66013 García, N.L.","types":["convenience_store","food_store","food","point_of_interest","store","establishment"],"fuente":"places_api","fetched_at":"2026-09-24T22:41:22Z"}},{"type":"Feature","geometry":{"type":"Point","coordinates":[-100.516821,25.7050914]},"properties":{"name":"OXXO VIÑEDOS SC","kind":"oxxo","place_id":"ChIJL0cODyiZYoYRsXrlh_emvI0","address":"Av ViÒedos Y Hacienda Santa MarÌa 1291, ⛉ Carretera a Garcia, Los Viñedos Sector 1, Los ViÒedos, 66367 Cdad. Santa Catarina, N.L.","types":["convenience_store","gift_shop","travel_agency","shipping_service","home_goods_store","finance","food_store","pet_care","cell_phone_store","food","transportation_service","point_of_interest","service","store","establishment"],"fuente":"places_api","fetched_at":"2026-09-24T22:41:22Z"}},{"type":"Feature","geometry":{"type":"Point","coordinates":[-100.4741914,25.793231799999997]},"properties":{"name":"OXXO Valle Del Fraile (parada1 )","kind":"oxxo","place_id":"ChIJkfS72VCaYoYRipOi20ZeV_M","address":"Antiguo Camino A San José 212, Valle de Lincoln Sector Fraile, 66026 García, N.L.","types":["convenience_store","food_store","food","point_of_interest","store","establishment"],"fuente":"places_api","fetched_at":"2026-09-24T22:41:22Z"}},{"type":"Feature","geometry":{"type":"Point","coordinates":[-100.34305789999999,25.721444599999998]},"properties":{"name":"OXXO Valle Morelos","kind":"oxxo","place_id":"ChIJY7GtlSyUYoYRtr1vaXR5FRg","address":"Avenida San Bernabe Y Amayuca 1800, Av Rodrigo Gómez A, Valle Morelos, 64180 Monterrey, N.L.","types":["convenience_store","cell_phone_store","shipping_service","travel_agency","pet_care","transportation_service","food_store","gift_shop","finance","home_goods_store","store","service","food","point_of_interest","establishment"],"fuente":"places_api","fetched_at":"2026-09-24T22:41:22Z"}},{"type":"Feature","geometry":{"type":"Point","coordinates":[-100.37704219999999,25.7341309]},"properties":{"name":"OXXO Valle de Infonavit","kind":"oxxo","place_id":"ChIJMdwHBOyWYoYRCuxwmMDw42M","address":"1 De Mayo Y Gaviota, Av. Ruiz Cortines 5700-A, Valle de Infonavit, 64350 Monterrey, N.L.","types":["convenience_store","food_store","store","food","point_of_interest","establishment"],"fuente":"places_api","fetched_at":"2026-09-24T22:41:22Z"}},{"type":"Feature","geometry":{"type":"Point","coordinates":[-100.2170008,25.8146415]},"properties":{"name":"OXXO Valle del Salduero MTY","kind":"oxxo","place_id":"ChIJ9fJqRa_tYoYRYuupN-cad4s","address":"Derecho De Paso Y Av. Las Palmas 200, Carr. Apodaca - Sta. Rosa, Paraje Santa Rosa, 66607 Ex-Hacienda Santa Rosa, N.L.","types":["convenience_store","cell_phone_store","gift_shop","shipping_service","travel_agency","home_goods_store","finance","transportation_service","food_store","pet_care","store","service","food","point_of_interest","establishment"],"fuente":"places_api","fetched_at":"2026-09-24T22:41:22Z"}},{"type":"Feature","geometry":{"type":"Point","coordinates":[-100.1464807,25.637607199999998]},"properties":{"name":"OXXO Vaquerias","kind":"oxxo","place_id":"ChIJa2gNDLXDYoYR2FvniZVOvCs","address":"Av Eloy Cavazos 301, Col. Portal de Vaquerías, 67280 Cdad. Benito Juárez, N.L.","types":["convenience_store","grocery_store","food_store","store","food","point_of_interest","establishment"],"fuente":"places_api","fetched_at":"2026-09-24T22:41:22Z"}},{"type":"Feature","geometry":{"type":"Point","coordinates":[-100.08140920000001,25.662493599999998]},"properties":{"name":"OXXO Via Urbi MTY","kind":"oxxo","place_id":"ChIJ6-LIEWXDYoYRI4-IsRt8BtY","address":"Emiliano Zapata 550-A, Ejido Juárez, 67267 Cdad. Benito Juárez, N.L.","types":["convenience_store","cell_phone_store","shipping_service","travel_agency","pet_care","transportation_service","food_store","gift_shop","finance","home_goods_store","store","service","food","point_of_interest","establishment"],"fuente":"places_api","fetched_at":"2026-09-24T22:41:22Z"}},{"type":"Feature","geometry":{"type":"Point","coordinates":[-100.1071014,25.6514813]},"properties":{"name":"OXXO Villa Juárez 2","kind":"oxxo","place_id":"ChIJ2zKS9ebCYoYRCIV35Hy-8Lg","address":"Carretera Reynosa 20 De Septiembre Km 18 S/N, Manzana Y 5, De Abril, 67250 Cdad. Benito Juárez, N.L.","types":["convenience_store","cell_phone_store","shipping_service","travel_agency","pet_care","transportation_service","food_store","gift_shop","finance","home_goods_store","store","service","food","point_of_interest","establishment"],"fuente":"places_api","fetched_at":"2026-09-24T22:41:22Z"}},{"type":"Feature","geometry":{"type":"Point","coordinates":[-100.58631109999999,25.802635700000003]},"properties":{"name":"OXXO Villa de Garcia","kind":"oxxo","place_id":"ChIJ0RVZUA-dYoYRVrbdUox-X7k","address":"Na, Av. Ing, Villa De Garcia, Heberto Castillo Martínez 103, Paseo de las Minas, 66000 García, N.L.","types":["convenience_store","gift_shop","travel_agency","shipping_service","home_goods_store","finance","food_store","pet_care","cell_phone_store","food","transportation_service","point_of_interest","service","store","establishment"],"fuente":"places_api","fetched_at":"2026-09-24T22:41:22Z"}},{"type":"Feature","geometry":{"type":"Point","coordinates":[-100.3140169,25.851716999999997]},"properties":{"name":"OXXO Villas Del Jaral","kind":"oxxo","place_id":"ChIJ22N823qSYoYRC9-OFH_bqso","address":"Villa Leon Y Alcala 615, P.º del Jaral, Villas del Jaral, 66580 El Jaral, N.L.","types":["convenience_store","cell_phone_store","shipping_service","gift_shop","travel_agency","finance","home_goods_store","pet_care","transportation_service","food_store","store","food","point_of_interest","service","establishment"],"fuente":"places_api","fetched_at":"2026-09-24T22:41:22Z"}},{"type":"Feature","geometry":{"type":"Point","coordinates":[-100.61616839999999,25.8191123]},"properties":{"name":"OXXO Villazul","kind":"oxxo","place_id":"ChIJvcWuWl6dYoYRq7uTVHt-9L8","address":"Villa Salamanca Y Villa Barcelona 106, Ave. Villazul, Villa Azul, Villazul, 66000 García, N.L.","types":["convenience_store","cell_phone_store","shipping_service","travel_agency","pet_care","transportation_service","food_store","gift_shop","finance","home_goods_store","store","service","food","point_of_interest","establishment"],"fuente":"places_api","fetched_at":"2026-09-24T22:41:22Z"}},{"type":"Feature","geometry":{"type":"Point","coordinates":[-100.45837999999999,25.662509999999997]},"properties":{"name":"OXXO Virgilio MTY","kind":"oxxo","place_id":"ChIJRfgAT4ejYoYRVl_L_3nO3IY","address":"Ave. Miguel Aleman 150 Alfonso Mtz. Dominguez, Virgilio Cardenas Supermanzana Y, Enrique Rangel, 66354 Cdad. Santa Catarina, N.L.","types":["convenience_store","cell_phone_store","shipping_service","gift_shop","travel_agency","finance","home_goods_store","pet_care","transportation_service","food_store","store","food","point_of_interest","service","establishment"],"fuente":"places_api","fetched_at":"2026-09-24T22:41:22Z"}},{"type":"Feature","geometry":{"type":"Point","coordinates":[-100.3592347,25.6951705]},"properties":{"name":"OXXO Vista Hermosa","kind":"oxxo","place_id":"ChIJ53zOv46XYoYRjLXQIuP3Y2Q","address":"Av. Terranova 209 Canada, C. Dr. Enrique C. Livas Esq, Vista Hermosa, 64620 Monterrey, N.L.","types":["convenience_store","cell_phone_store","shipping_service","gift_shop","travel_agency","finance","home_goods_store","pet_care","transportation_service","food_store","store","food","point_of_interest","service","establishment"],"fuente":"places_api","fetched_at":"2026-09-24T22:41:22Z"}},{"type":"Feature","geometry":{"type":"Point","coordinates":[-100.11741959999999,25.624551000000004]},"properties":{"name":"OXXO Vistas de San Juan","kind":"oxxo","place_id":"ChIJZe7sgjvDYoYR9GWo9tSDfiQ","address":"Esq. Antiguo, Cam. a San Roque 216, La Aurora, 67280 Cdad. Benito Juárez, N.L.","types":["convenience_store","cell_phone_store","shipping_service","gift_shop","travel_agency","finance","home_goods_store","pet_care","transportation_service","food_store","store","food","point_of_interest","service","establishment"],"fuente":"places_api","fetched_at":"2026-09-24T22:41:22Z"}},{"type":"Feature","geometry":{"type":"Point","coordinates":[-100.4602055,25.6661214]},"properties":{"name":"OXXO ZARAGOZA","kind":"oxxo","place_id":"ChIJq4jr7AqYYoYRkiiMdeG_qlQ","address":"Francisco I Madero s/n Zaragoza Y Aramberri, Centro, 66350 Cdad. Santa Catarina, N.L.","types":["convenience_store","cell_phone_store","shipping_service","travel_agency","pet_care","transportation_service","food_store","gift_shop","finance","home_goods_store","store","service","food","point_of_interest","establishment"],"fuente":"places_api","fetched_at":"2026-09-24T22:41:22Z"}},{"type":"Feature","geometry":{"type":"Point","coordinates":[-100.4765091,25.6773368]},"properties":{"name":"OXXO Zimex MTY","kind":"oxxo","place_id":"ChIJNRx7kyiZYoYRbiJ7ne6Y-ro","address":"Costa Rica Y Mercurio S/N, Ave Manuel Ordouez, Sanca, 66350 Cdad. Santa Catarina, N.L.","types":["convenience_store","cell_phone_store","shipping_service","travel_agency","pet_care","transportation_service","food_store","gift_shop","finance","home_goods_store","store","service","food","point_of_interest","establishment"],"fuente":"places_api","fetched_at":"2026-09-24T22:41:22Z"}},{"type":"Feature","geometry":{"type":"Point","coordinates":[-100.3066451,25.791954399999998]},"properties":{"name":"OXXO boulevard Benito Juárez","kind":"oxxo","place_id":"ChIJRU0jkp-TYoYR04dCOrqF8gw","address":"Esq. Hidalgo, Av. Benito Juárez 601-A, Las Encinas, 66050 Cdad. Gral. Escobedo, N.L.","types":["convenience_store","cell_phone_store","shipping_service","gift_shop","travel_agency","finance","home_goods_store","pet_care","transportation_service","food_store","store","food","point_of_interest","service","establishment"],"fuente":"places_api","fetched_at":"2026-09-24T22:41:22Z"}},{"type":"Feature","geometry":{"type":"Point","coordinates":[-100.4574183,25.6920604]},"properties":{"name":"OXXO colosio","kind":"oxxo","place_id":"ChIJn1rfkD6YYoYRke0iia96XLc","address":"A CaÒon Del Tepeyac Y Pioneros De Rochsdale 210, Ave. Luis Donaldo Colosio, Sin Nombre de Col 5, 66366 Cdad. Santa Catarina, N.L.","types":["convenience_store","cell_phone_store","shipping_service","travel_agency","pet_care","transportation_service","food_store","gift_shop","finance","home_goods_store","store","service","food","point_of_interest","establishment"],"fuente":"places_api","fetched_at":"2026-09-24T22:41:22Z"}},{"type":"Feature","geometry":{"type":"Point","coordinates":[-100.0895651,25.6415279]},"properties":{"name":"OXXO crucero","kind":"oxxo","place_id":"ChIJw6O0QgDDYoYRXlSntmkbOKk","address":"Teófilo Salinas Garza 601, Ciudadela, 67250 Cdad. Benito Juárez, N.L.","types":["convenience_store","food_store","store","food","point_of_interest","establishment"],"fuente":"places_api","fetched_at":"2026-09-24T22:41:22Z"}},{"type":"Feature","geometry":{"type":"Point","coordinates":[-100.5698072,25.7988923]},"properties":{"name":"OXXO estación san Blas","kind":"oxxo","place_id":"ChIJJblgJ_mcYoYRByfaxwAb-dw","address":"Cadmio Y Dr. William Ernest Miles 1, Del Hospital 343, Valle de San Blas, 66025 García, N.L.","types":["convenience_store","cell_phone_store","shipping_service","gift_shop","travel_agency","finance","home_goods_store","pet_care","transportation_service","food_store","store","food","point_of_interest","service","establishment"],"fuente":"places_api","fetched_at":"2026-09-24T22:41:22Z"}},{"type":"Feature","geometry":{"type":"Point","coordinates":[-100.18965399999999,25.658646200000003]},"properties":{"name":"OXXO la primavera","kind":"oxxo","place_id":"ChIJCcd04ZTBYoYRIZ0sTxBdV1I","address":"Ave. Pablo Livas, Tres Caminos Skatepark, Av. De la Primavera 1335, Norte, 67190 Guadalupe, N.L.","types":["convenience_store","cell_phone_store","shipping_service","gift_shop","travel_agency","finance","home_goods_store","pet_care","transportation_service","food_store","store","food","point_of_interest","service","establishment"],"fuente":"places_api","fetched_at":"2026-09-24T22:41:22Z"}},{"type":"Feature","geometry":{"type":"Point","coordinates":[-100.4982848,25.6808645]},"properties":{"name":"OXXO lucas García","kind":"oxxo","place_id":"ChIJ9-rjNZKYYoYRDFEtVtDOTaU","address":"Desierto Y Puerta Norte 591, Av. Capitán Lucas García 591, La Puerta De La Huasteca, Sin Nombre de Col 8, 66359 Cdad. Santa Catarina, N.L.","types":["convenience_store","cell_phone_store","shipping_service","gift_shop","travel_agency","finance","home_goods_store","pet_care","transportation_service","food_store","store","food","point_of_interest","service","establishment"],"fuente":"places_api","fetched_at":"2026-09-24T22:41:22Z"}},{"type":"Feature","geometry":{"type":"Point","coordinates":[-100.46542029999999,25.6823736]},"properties":{"name":"OXXO molino sc","kind":"oxxo","place_id":"ChIJZ0f6Pe-ZYoYRAqT90DYycg0","address":"ConstituciÛn Y Zaragoza 300, El Molino, 66362 Cdad. Santa Catarina, N.L.","types":["convenience_store","cell_phone_store","shipping_service","travel_agency","pet_care","transportation_service","food_store","gift_shop","finance","home_goods_store","store","service","food","point_of_interest","establishment"],"fuente":"places_api","fetched_at":"2026-09-24T22:41:22Z"}},{"type":"Feature","geometry":{"type":"Point","coordinates":[-100.34738829999999,25.795062299999998]},"properties":{"name":"OXXO pedregal de SAN Agustín","kind":"oxxo","place_id":"ChIJ52gHhiiTYoYRqZE2lwT4EVY","address":"Camino A San Patricio, Industria del Latón 100, Pedregal de San Agustin, 66068 Cdad. Gral. Escobedo, N.L.","types":["convenience_store","cell_phone_store","shipping_service","gift_shop","travel_agency","finance","home_goods_store","pet_care","transportation_service","food_store","store","food","point_of_interest","service","establishment"],"fuente":"places_api","fetched_at":"2026-09-24T22:41:22Z"}},{"type":"Feature","geometry":{"type":"Point","coordinates":[-100.59611849999999,25.780705899999997]},"properties":{"name":"OXXO prado garcia","kind":"oxxo","place_id":"ChIJY78hdL2dYoYRQJ0dSvBQB-o","address":"Praderas De Gral. Bravo Y Praderas Del Carmen 622, Praderas de Dr. Arroyo, Urbivilla del Prado, 66004 García, N.L.","types":["convenience_store","cell_phone_store","shipping_service","travel_agency","pet_care","transportation_service","food_store","gift_shop","finance","home_goods_store","store","service","food","point_of_interest","establishment"],"fuente":"places_api","fetched_at":"2026-09-24T22:41:22Z"}},{"type":"Feature","geometry":{"type":"Point","coordinates":[-100.49573889999999,25.687098499999998]},"properties":{"name":"OXXO sierra caliza","kind":"oxxo","place_id":"ChIJhQNynvKYYoYRg75zK2mOljY","address":"Carretera Saltillo Y Sierra Caliza S/N, Carretera A Saltillo Esq. Con, Sierra de Caliza 101, Lomas de Santa Catarina, 66359 Cdad. Santa Catarina, N.L.","types":["convenience_store","gift_shop","travel_agency","shipping_service","home_goods_store","finance","food_store","pet_care","cell_phone_store","food","transportation_service","point_of_interest","service","store","establishment"],"fuente":"places_api","fetched_at":"2026-09-24T22:41:22Z"}},{"type":"Feature","geometry":{"type":"Point","coordinates":[-100.42582499999999,25.7737302]},"properties":{"name":"OXXO villas del pte","kind":"oxxo","place_id":"ChIJSftuirqQYoYRl5tFcjKi0kg","address":"Av. Abraham Lincoln 501 Esq. Av.Villas Del Pte Villas Del Poniente, Villas del Poniente, 66023 García, N.L.","types":["convenience_store","cell_phone_store","gift_shop","shipping_service","travel_agency","home_goods_store","finance","transportation_service","food_store","pet_care","store","service","food","point_of_interest","establishment"],"fuente":"places_api","fetched_at":"2026-09-24T22:41:22Z"}},{"type":"Feature","geometry":{"type":"Point","coordinates":[-100.17074000000001,25.6946078]},"properties":{"name":"OXXO. LA MADRID","kind":"oxxo","place_id":"ChIJt_P9rSrrYoYR9YkiU3h84Yg","address":"Area Comercial De La Esatacion Good Price Y Farmac, Blvd. Miguel de la Madrid 1341-B, Sin Nombre, 67116 Guadalupe, N.L.","types":["convenience_store","cell_phone_store","shipping_service","travel_agency","pet_care","transportation_service","food_store","gift_shop","finance","home_goods_store","store","service","food","point_of_interest","establishment"],"fuente":"places_api","fetched_at":"2026-09-24T22:41:22Z"}},{"type":"Feature","geometry":{"type":"Point","coordinates":[-100.1431104,25.6114335]},"properties":{"name":"OXXOmonte ideal","kind":"oxxo","place_id":"ChIJa5aeoMvDYoYRi-Z_NbMe2NY","address":"Monte Ideal, Monte Palatino 200 Esquina, Monte Kristal, 67289 Cdad. Benito Juárez, N.L.","types":["convenience_store","cell_phone_store","shipping_service","gift_shop","travel_agency","finance","home_goods_store","pet_care","transportation_service","food_store","store","food","point_of_interest","service","establishment"],"fuente":"places_api","fetched_at":"2026-09-24T22:41:22Z"}},{"type":"Feature","geometry":{"type":"Point","coordinates":[-100.33864009999999,25.6511142]},"properties":{"name":"Oxxo","kind":"oxxo","place_id":"ChIJ17zgVg2-YoYRPM5LIIGZPho","address":"Ave Real San Agustin, Av Lázaro Cárdenas 222, Residencial San Agustín 1er Sector, 66260 San Pedro Garza García, N.L.","types":["convenience_store","cell_phone_store","shipping_service","gift_shop","travel_agency","finance","home_goods_store","transportation_service","food_store","store","food","point_of_interest","service","establishment"],"fuente":"places_api","fetched_at":"2026-09-24T22:41:22Z"}},{"type":"Feature","geometry":{"type":"Point","coordinates":[-100.32181639999999,25.6771086]},"properties":{"name":"Oxxo","kind":"oxxo","place_id":"ChIJBaKsLoqVYoYR3pYjoQnvJLw","address":"Villagomez Y Aramberri 1, Arramberri Poniente 829, Centro, 64000 Monterrey, N.L.","types":["convenience_store","cell_phone_store","shipping_service","travel_agency","pet_care","transportation_service","food_store","gift_shop","finance","home_goods_store","store","service","food","point_of_interest","establishment"],"fuente":"places_api","fetched_at":"2026-09-24T22:41:22Z"}},{"type":"Feature","geometry":{"type":"Point","coordinates":[-100.27519889999999,25.659971199999998]},"properties":{"name":"Oxxo","kind":"oxxo","place_id":"ChIJG8-iJuy_YoYRynVBrX3KEgs","address":"Pampas y José Alvarado, Sin Nombre 35, Ancón del Huajuco, 64820 Monterrey, N.L.","types":["convenience_store","cell_phone_store","shipping_service","gift_shop","travel_agency","finance","home_goods_store","pet_care","transportation_service","food_store","store","food","point_of_interest","service","establishment"],"fuente":"places_api","fetched_at":"2026-09-24T22:41:22Z"}},{"type":"Feature","geometry":{"type":"Point","coordinates":[-100.3653868,25.8233261]},"properties":{"name":"Oxxo","kind":"oxxo","place_id":"ChIJM9X9CpqRYoYR-X-KwuKG4B4","address":"Lateral Autopista De Cuota Periferico-Monterrey, Aguila Real Y Av. Del Tropico 3101, Villas de San Francisco, 66062 Cdad. Gral. Escobedo, N.L.","types":["convenience_store","cell_phone_store","gift_shop","shipping_service","travel_agency","home_goods_store","finance","transportation_service","food_store","pet_care","store","service","food","point_of_interest","establishment"],"fuente":"places_api","fetched_at":"2026-09-24T22:41:22Z"}},{"type":"Feature","geometry":{"type":"Point","coordinates":[-100.3485525,25.695797900000002]},"properties":{"name":"Oxxo","kind":"oxxo","place_id":"ChIJPccRC-CVYoYR1eYBNr5Kcyg","address":"Factores Mutuos 1262 Factores Mutuos, Av. Prof. Moisés Sáenz Manzana Y AarÛn, Leones, 64600 Monterrey, N.L.","types":["convenience_store","cell_phone_store","shipping_service","travel_agency","pet_care","transportation_service","food_store","gift_shop","finance","home_goods_store","store","service","food","point_of_interest","establishment"],"fuente":"places_api","fetched_at":"2026-09-24T22:41:22Z"}},{"type":"Feature","geometry":{"type":"Point","coordinates":[-100.3280164,25.663893899999998]},"properties":{"name":"Oxxo","kind":"oxxo","place_id":"ChIJQ84zbRi-YoYRupWg5UTBms0","address":"16 De Septiembre Y Av. Ignacio Morones Prieto 1199, Av. San Pío X 1199, Pío X, 64710 Monterrey, N.L.","types":["convenience_store","cell_phone_store","shipping_service","travel_agency","pet_care","transportation_service","food_store","gift_shop","finance","home_goods_store","store","service","food","point_of_interest","establishment"],"fuente":"places_api","fetched_at":"2026-09-24T22:41:22Z"}},{"type":"Feature","geometry":{"type":"Point","coordinates":[-100.46561,25.66882]},"properties":{"name":"Oxxo","kind":"oxxo","place_id":"ChIJTT0gaXSYYoYRxoE41CcDzdw","address":"Abasolo 501, entre Calle Primera Avenida Y Segunda Avenida, Santa Martha, 66350 Cdad. Santa Catarina, N.L.","types":["convenience_store","gift_shop","travel_agency","shipping_service","home_goods_store","finance","food_store","pet_care","cell_phone_store","food","transportation_service","point_of_interest","service","store","establishment"],"fuente":"places_api","fetched_at":"2026-09-24T22:41:22Z"}},{"type":"Feature","geometry":{"type":"Point","coordinates":[-100.2827628,25.636558299999997]},"properties":{"name":"Oxxo","kind":"oxxo","place_id":"ChIJZ0loq5i_YoYRS7Cqtu_vlGs","address":"Lince Y Capricornio 3735, Av. Eugenio Garza Sada Sur, Contry, 64860 Monterrey, N.L.","types":["convenience_store","cell_phone_store","shipping_service","gift_shop","travel_agency","finance","home_goods_store","transportation_service","food_store","store","food","point_of_interest","service","establishment"],"fuente":"places_api","fetched_at":"2026-09-24T22:41:22Z"}},{"type":"Feature","geometry":{"type":"Point","coordinates":[-100.2514958,25.7757333]},"properties":{"name":"Oxxo","kind":"oxxo","place_id":"ChIJccLqbQDtYoYRW0UJAIjDLeA","address":"Hacienda la Enramada 63, Los Pinos ÌII, 66635 Cdad. Apodaca, N.L.","types":["convenience_store","food_store","store","food","point_of_interest","establishment"],"fuente":"places_api","fetched_at":"2026-09-24T22:41:22Z"}},{"type":"Feature","geometry":{"type":"Point","coordinates":[-100.34235749999999,25.723152]},"properties":{"name":"Oxxo","kind":"oxxo","place_id":"ChIJg-kr6yyUYoYRBoq5tvioBYE","address":"Xilofactos Y Proceres 4999, Av Rodrigo Gómez 4999, Valle Morelos, 64180 Monterrey, N.L.","types":["convenience_store","cell_phone_store","shipping_service","travel_agency","transportation_service","food_store","gift_shop","finance","home_goods_store","store","service","food","point_of_interest","establishment"],"fuente":"places_api","fetched_at":"2026-09-24T22:41:22Z"}},{"type":"Feature","geometry":{"type":"Point","coordinates":[-100.47570429999999,25.7888989]},"properties":{"name":"Oxxo","kind":"oxxo","place_id":"ChIJi4fh-nabYoYRVaPhtaoOZDU","address":"Av. los Parques 101, Del Roble, Los Parques Residencial, 66023 Los Parques, N.L.","types":["convenience_store","cell_phone_store","shipping_service","travel_agency","pet_care","transportation_service","food_store","gift_shop","finance","home_goods_store","store","service","food","point_of_interest","establishment"],"fuente":"places_api","fetched_at":"2026-09-24T22:41:22Z"}},{"type":"Feature","geometry":{"type":"Point","coordinates":[-100.3894187,25.8017397]},"properties":{"name":"Oxxo","kind":"oxxo","place_id":"ChIJiVrehgORYoYRkayvWn7LcZI","address":"Av. Agualeguas 303 Garcia, Supermanzana Mzas 117 Y 120, Nueva Esperanza, 66064 Cdad. Gral. Escobedo, N.L.","types":["convenience_store","cell_phone_store","gift_shop","shipping_service","travel_agency","home_goods_store","finance","transportation_service","food_store","pet_care","store","service","food","point_of_interest","establishment"],"fuente":"places_api","fetched_at":"2026-09-24T22:41:22Z"}},{"type":"Feature","geometry":{"type":"Point","coordinates":[-100.288798,25.6778041]},"properties":{"name":"Oxxo","kind":"oxxo","place_id":"ChIJk0PVGWKVYoYRshgm3SuG1dM","address":"Dentro De Cintermex, Av Fundidora 501, Obrera, 64010 Monterrey, N.L.","types":["convenience_store","cell_phone_store","shipping_service","travel_agency","transportation_service","food_store","gift_shop","finance","store","service","food","point_of_interest","establishment"],"fuente":"places_api","fetched_at":"2026-09-24T22:41:22Z"}},{"type":"Feature","geometry":{"type":"Point","coordinates":[-100.12634349999999,25.6363274]},"properties":{"name":"Oxxo","kind":"oxxo","place_id":"ChIJq7GI7hLDYoYRlYh98m3SIYk","address":"Av Hector Caballero 373, Hector Caballero, 67275 Héctor Caballero, N.L.","types":["convenience_store","food_store","store","food","point_of_interest","establishment"],"fuente":"places_api","fetched_at":"2026-09-24T22:41:22Z"}},{"type":"Feature","geometry":{"type":"Point","coordinates":[-100.1400472,25.8343937]},"properties":{"name":"Oxxo","kind":"oxxo","place_id":"ChIJq9rez1vuYoYRpUW_coG3bVU","address":"Magnolia Y Carretera A Zuazua 232, Carr. A Zuazua, Artemio TreviÒo, 66623 Cdad. Apodaca, N.L.","types":["convenience_store","cell_phone_store","shipping_service","travel_agency","transportation_service","food_store","gift_shop","finance","home_goods_store","store","service","food","point_of_interest","establishment"],"fuente":"places_api","fetched_at":"2026-09-24T22:41:22Z"}},{"type":"Feature","geometry":{"type":"Point","coordinates":[-100.32136299999999,25.662429]},"properties":{"name":"Oxxo","kind":"oxxo","place_id":"ChIJqeasVju-YoYRYEQmTYk0nX0","address":"Colima Y Tabasco S/N, Calle 16 de Septiembre, Independencia, 64720 Monterrey, N.L.","types":["convenience_store","cell_phone_store","shipping_service","gift_shop","travel_agency","finance","home_goods_store","pet_care","transportation_service","food_store","store","food","point_of_interest","service","establishment"],"fuente":"places_api","fetched_at":"2026-09-24T22:41:22Z"}},{"type":"Feature","geometry":{"type":"Point","coordinates":[-100.27786019999999,25.6953674]},"properties":{"name":"Oxxo","kind":"oxxo","place_id":"ChIJrYyLWEGVYoYRDlmJcfVLqfc","address":"Ave. Magnolia Y Calle Clavel 2400, Calle Antonio I. Villarreal 2400, Moderna, 64530 Monterrey, N.L.","types":["convenience_store","cell_phone_store","shipping_service","travel_agency","pet_care","transportation_service","food_store","gift_shop","finance","home_goods_store","store","service","food","point_of_interest","establishment"],"fuente":"places_api","fetched_at":"2026-09-24T22:41:22Z"}},{"type":"Feature","geometry":{"type":"Point","coordinates":[-100.3583129,25.649496799999998]},"properties":{"name":"Oxxo \"Torre Alta\"","kind":"oxxo","place_id":"ChIJEws93Im9YoYRySsR8Vf27LU","address":"Edificio Torre Alta, Valle del Campestre, 66273 San Pedro Garza García, N.L.","types":["convenience_store","food_store","store","food","point_of_interest","establishment"],"fuente":"places_api","fetched_at":"2026-09-24T22:41:22Z"}},{"type":"Feature","geometry":{"type":"Point","coordinates":[-100.46815149999999,25.6741751]},"properties":{"name":"Oxxo 10 de mayo","kind":"oxxo","place_id":"ChIJiTpXcACZYoYROl7V_G0WF2E","address":"Av Manuel Ordoñez & 10 de Mayo sn, Ixtlera, 66350 Cdad. Santa Catarina, N.L.","types":["convenience_store","food_store","store","food","point_of_interest","establishment"],"fuente":"places_api","fetched_at":"2026-09-24T22:41:22Z"}},{"type":"Feature","geometry":{"type":"Point","coordinates":[-100.17541779999999,25.717109299999997]},"properties":{"name":"Oxxo Acapulco III","kind":"oxxo","place_id":"ChIJyQDphybqYoYRzFQXRzWGfiI","address":"Ave. Acapulco Y San Pablo 355, Av. del Teléfono 355, Misión de San Miguel, 66648 Cdad. Apodaca, N.L.","types":["convenience_store","cell_phone_store","shipping_service","travel_agency","pet_care","transportation_service","food_store","gift_shop","finance","home_goods_store","store","service","food","point_of_interest","establishment"],"fuente":"places_api","fetched_at":"2026-09-24T22:41:22Z"}},{"type":"Feature","geometry":{"type":"Point","coordinates":[-100.14653349999999,25.7896938]},"properties":{"name":"Oxxo Aeropuerto","kind":"oxxo","place_id":"ChIJaVaEtsnuYoYRsFMIZ0-_dyA","address":"Av. Miguel Alemán Km 22.8, Parque Industrial FINSA, 66627 Cdad. Apodaca, N.L.","types":["convenience_store","cell_phone_store","gift_shop","shipping_service","travel_agency","home_goods_store","finance","transportation_service","food_store","store","service","food","point_of_interest","establishment"],"fuente":"places_api","fetched_at":"2026-09-24T22:41:22Z"}},{"type":"Feature","geometry":{"type":"Point","coordinates":[-100.1936178,25.7744175]},"properties":{"name":"Oxxo Alberto Garza","kind":"oxxo","place_id":"ChIJW4X4w_DrYoYRFq5rIfXNKDk","address":"ING.JOSE MAIZ GARCIA, Esq. calle Mariano Abasolo, Estardo Guajardo, Cabecera Municipal (Apodaca), Apodaca Centro, 66600 Cdad. Apodaca, N.L.","types":["convenience_store","cell_phone_store","gift_shop","shipping_service","travel_agency","home_goods_store","finance","transportation_service","food_store","pet_care","store","service","food","point_of_interest","establishment"],"fuente":"places_api","fetched_at":"2026-09-24T22:41:22Z"}},{"type":"Feature","geometry":{"type":"Point","coordinates":[-100.3824334,25.8494806]},"properties":{"name":"Oxxo Alianza Real - Sendero Divisorio","kind":"oxxo","place_id":"ChIJ-YHUXYqRYoYRILe5XYFkZ3w","address":"Av. República Mexicana 105, Alianza Real, 66553 Alianza Real, N.L.","types":["convenience_store","food_store","store","food","point_of_interest","establishment"],"fuente":"places_api","fetched_at":"2026-09-24T22:41:22Z"}},{"type":"Feature","geometry":{"type":"Point","coordinates":[-100.26839120000001,25.8674736]},"properties":{"name":"Oxxo Aragon","kind":"oxxo","place_id":"ChIJNfcqYgCNYoYRSPceWstQqOo","address":"65516 Valle del Nte., N.L.","types":["convenience_store","food_store","store","food","point_of_interest","establishment"],"fuente":"places_api","fetched_at":"2026-09-24T22:41:22Z"}},{"type":"Feature","geometry":{"type":"Point","coordinates":[-100.3570404,25.648781999999997]},"properties":{"name":"Oxxo Arboleda","kind":"oxxo","place_id":"ChIJLSquwYm9YoYRYdOTfOe8WD4","address":"Valle del Campestre, 66273 San Pedro Garza García, N.L.","types":["convenience_store","cell_phone_store","shipping_service","gift_shop","travel_agency","finance","home_goods_store","pet_care","transportation_service","food_store","store","food","point_of_interest","service","establishment"],"fuente":"places_api","fetched_at":"2026-09-24T22:41:22Z"}},{"type":"Feature","geometry":{"type":"Point","coordinates":[-100.30719719999999,25.8596255]},"properties":{"name":"Oxxo Arco del Triunfo","kind":"oxxo","place_id":"ChIJhZ9-3daTYoYRDSXHZQB51ZE","address":"Arco De Toulouse 203, Arco Del Triunfo Y Arco De AviÒon, Villas De Los Arcos, 66550 Carmen, N.L.","types":["convenience_store","cell_phone_store","shipping_service","gift_shop","travel_agency","finance","home_goods_store","pet_care","transportation_service","food_store","store","food","point_of_interest","service","establishment"],"fuente":"places_api","fetched_at":"2026-09-24T22:41:22Z"}},{"type":"Feature","geometry":{"type":"Point","coordinates":[-100.385925,25.853774899999998]},"properties":{"name":"Oxxo Art 3","kind":"oxxo","place_id":"ChIJ3UyyKACRYoYRshg4DNCwa7A","address":"Artículo 3 415, Alianza Real, 66553 Alianza Real, N.L.","types":["convenience_store","food_store","store","food","point_of_interest","establishment"],"fuente":"places_api","fetched_at":"2026-09-24T22:41:22Z"}},{"type":"Feature","geometry":{"type":"Point","coordinates":[-100.35438820000002,25.7265239]},"properties":{"name":"Oxxo Av. No Reelección","kind":"oxxo","place_id":"ChIJmb6dkYOWYoYRPNnC429o2xk","address":"Fray Juan Perez Y Fray Jose Mojica 4801, C. No Reelección, Condocasa Mitras, 64170 Monterrey, N.L.","types":["convenience_store","cell_phone_store","shipping_service","travel_agency","transportation_service","food_store","gift_shop","finance","home_goods_store","store","service","food","point_of_interest","establishment"],"fuente":"places_api","fetched_at":"2026-09-24T22:41:22Z"}},{"type":"Feature","geometry":{"type":"Point","coordinates":[-100.3891313,25.6573869]},"properties":{"name":"Oxxo Avanta Garden","kind":"oxxo","place_id":"ChIJoZrZAAC9YoYRsxMm9fV3Kv8","address":"Los Sabinos, 66226 San Pedro Garza García, N.L.","types":["convenience_store","food_store","store","food","point_of_interest","establishment"],"fuente":"places_api","fetched_at":"2026-09-24T22:41:22Z"}},{"type":"Feature","geometry":{"type":"Point","coordinates":[-100.2388252,25.7117382]},"properties":{"name":"Oxxo Avenida D mty","kind":"oxxo","place_id":"ChIJCR0VaMLqYoYR75OJfPYQ3ZE","address":"Av. D, Av Bonifacio Salinas 1101 Esq, Hacienda, Los Morales, 66495 San Nicolás de los Garza, N.L.","types":["convenience_store","gift_shop","travel_agency","shipping_service","home_goods_store","finance","food_store","pet_care","cell_phone_store","food","transportation_service","point_of_interest","service","store","establishment"],"fuente":"places_api","fetched_at":"2026-09-24T22:41:22Z"}},{"type":"Feature","geometry":{"type":"Point","coordinates":[-100.2982207,25.6600319]},"properties":{"name":"Oxxo Ayutla","kind":"oxxo","place_id":"ChIJFxpFzAy_YoYRoGLjlKC0K9g","address":"Av. Eugenio Garza Sada, Roma, Distrito Tec, 64700 Monterrey, N.L.","types":["convenience_store","food_store","store","food","point_of_interest","establishment"],"fuente":"places_api","fetched_at":"2026-09-24T22:41:22Z"}},{"type":"Feature","geometry":{"type":"Point","coordinates":[-100.3901029,25.779674800000002]},"properties":{"name":"Oxxo Barrio Acero","kind":"oxxo","place_id":"ChIJTYG6lf2RYoYR61Q8E8XTP_k","address":"Fermio Y Hierro 10817, Av. Cabezada, Barrio Acero, 64102 Monterrey, N.L.","types":["convenience_store","cell_phone_store","shipping_service","gift_shop","travel_agency","finance","home_goods_store","pet_care","transportation_service","food_store","store","food","point_of_interest","service","establishment"],"fuente":"places_api","fetched_at":"2026-09-24T22:41:22Z"}},{"type":"Feature","geometry":{"type":"Point","coordinates":[-100.1567208,25.7244405]},"properties":{"name":"Oxxo Boreal","kind":"oxxo","place_id":"ChIJoUTyA5vpYoYR5phomYcwj0Y","address":"Avenida Girasol, Esq. Bosque Boreal, Av. Bosque Boreal 1503, 66647 Cdad. Apodaca, N.L.","types":["convenience_store","cell_phone_store","gift_shop","shipping_service","travel_agency","home_goods_store","finance","transportation_service","food_store","pet_care","store","service","food","point_of_interest","establishment"],"fuente":"places_api","fetched_at":"2026-09-24T22:41:22Z"}},{"type":"Feature","geometry":{"type":"Point","coordinates":[-100.5009462,25.703439]},"properties":{"name":"Oxxo Bosques De La Huasteca II","kind":"oxxo","place_id":"ChIJo0_HVuyZYoYRSs85F9BJstg","address":"Av Bosques de la Huasteca 400, Bosques la Huasteca Tercer Sector, 66367 Cdad. Santa Catarina, N.L.","types":["convenience_store","cell_phone_store","shipping_service","gift_shop","travel_agency","finance","home_goods_store","pet_care","transportation_service","food_store","store","food","point_of_interest","service","establishment"],"fuente":"places_api","fetched_at":"2026-09-24T22:41:22Z"}},{"type":"Feature","geometry":{"type":"Point","coordinates":[-100.36254,25.8497617]},"properties":{"name":"Oxxo Buena Vista","kind":"oxxo","place_id":"ChIJ7bf6HuWRYoYR5riV9n_JmDk","address":"Av. Buena Vista 200, 66583 Buena Vista, N.L.","types":["convenience_store","cell_phone_store","shipping_service","gift_shop","travel_agency","finance","home_goods_store","pet_care","transportation_service","food_store","store","food","point_of_interest","service","establishment"],"fuente":"places_api","fetched_at":"2026-09-24T22:41:22Z"}},{"type":"Feature","geometry":{"type":"Point","coordinates":[-100.4060928,25.8020425]},"properties":{"name":"Oxxo Buquet","kind":"oxxo","place_id":"ChIJ3wNP7CKRYoYRNB3o-dw4P0c","address":"Pedro Ferriz Sta. Cruz 105a, 66064 Cdad. Gral. Escobedo, N.L.","types":["convenience_store","cell_phone_store","gift_shop","shipping_service","travel_agency","home_goods_store","finance","transportation_service","food_store","pet_care","store","service","food","point_of_interest","establishment"],"fuente":"places_api","fetched_at":"2026-09-24T22:41:22Z"}},{"type":"Feature","geometry":{"type":"Point","coordinates":[-100.3216174,25.6597296]},"properties":{"name":"Oxxo COLIMA II","kind":"oxxo","place_id":"ChIJu2ZagDu-YoYRy27Bcn8ZKPY","address":"Libertad, Colima 700, Independencia, 64720 Monterrey, N.L.","types":["convenience_store","cell_phone_store","shipping_service","gift_shop","travel_agency","finance","home_goods_store","pet_care","transportation_service","food_store","store","food","point_of_interest","service","establishment"],"fuente":"places_api","fetched_at":"2026-09-24T22:41:22Z"}},{"type":"Feature","geometry":{"type":"Point","coordinates":[-100.26882839999999,25.6087329]},"properties":{"name":"Oxxo CORTIJO","kind":"oxxo","place_id":"ChIJja4kZF2_YoYRdIwKWgdySOU","address":"Sendero Del Dorado Loc B-S 01, C. Paseo de las Fuentes 6115, Villa Las Fuentes, 64890 Monterrey, N.L.","types":["convenience_store","cell_phone_store","shipping_service","gift_shop","travel_agency","finance","home_goods_store","pet_care","transportation_service","food_store","store","food","point_of_interest","service","establishment"],"fuente":"places_api","fetched_at":"2026-09-24T22:41:22Z"}},{"type":"Feature","geometry":{"type":"Point","coordinates":[-100.4641899,25.7632729]},"properties":{"name":"Oxxo Calzada Cumbres","kind":"oxxo","place_id":"ChIJs7isCymbYoYRhOMY_puJnv0","address":"Calzada Las Cumbres Y Calzada Las Mitras 7000, Alejandro de Rodas, Cumbres Britania, 66036 García, N.L.","types":["convenience_store","cell_phone_store","shipping_service","gift_shop","travel_agency","finance","home_goods_store","pet_care","transportation_service","food_store","store","food","point_of_interest","service","establishment"],"fuente":"places_api","fetched_at":"2026-09-24T22:41:22Z"}},{"type":"Feature","geometry":{"type":"Point","coordinates":[-100.4665024,25.759322299999997]},"properties":{"name":"Oxxo Calzada Mirador (CR:509W4)","kind":"oxxo","place_id":"ChIJY8N8fgCbYoYR5SkWHMEpKzE","address":"QG5M+P9, Dominio Cumbres, 66036 Mitras Poniente, N.L.","types":["convenience_store","food_store","store","food","point_of_interest","establishment"],"fuente":"places_api","fetched_at":"2026-09-24T22:41:22Z"}},{"type":"Feature","geometry":{"type":"Point","coordinates":[-100.0866664,25.6198539]},"properties":{"name":"Oxxo Calzada del Oriente","kind":"oxxo","place_id":"ChIJ46OUEX_DYoYRGDruQc0FRNU","address":"Santa Francisca Romana, Calzada Ote. sn, Praderas De Oriente, 67265 Cdad. Benito Juárez, N.L.","types":["convenience_store","cell_phone_store","shipping_service","gift_shop","travel_agency","finance","home_goods_store","pet_care","transportation_service","food_store","store","food","point_of_interest","service","establishment"],"fuente":"places_api","fetched_at":"2026-09-24T22:41:22Z"}},{"type":"Feature","geometry":{"type":"Point","coordinates":[-100.3673968,25.733078000000003]},"properties":{"name":"Oxxo Candia ll MTY","kind":"oxxo","place_id":"ChIJ_-I7zpOWYoYRfBZ1HS0BI5I","address":"Batalla De Santa Rosa Y Batalla De Aguascalientes 5619, Ma. de Jesús Candia, Alvaro Obregon, Álvaro Obregón, 64150 Monterrey, N.L.","types":["convenience_store","cell_phone_store","shipping_service","gift_shop","travel_agency","finance","home_goods_store","pet_care","transportation_service","food_store","store","food","point_of_interest","service","establishment"],"fuente":"places_api","fetched_at":"2026-09-24T22:41:22Z"}},{"type":"Feature","geometry":{"type":"Point","coordinates":[-100.1611559,25.7376588]},"properties":{"name":"Oxxo Carretera San Miguel Huinalá","kind":"oxxo","place_id":"ChIJdXTomnnpYoYRvI53-p6yEX4","address":"Bano Y Abedul 200, Carretera San Miguel Huinala, Rincón de Huinala, 66640 Cdad. Apodaca, N.L.","types":["convenience_store","cell_phone_store","shipping_service","travel_agency","pet_care","transportation_service","food_store","gift_shop","finance","home_goods_store","store","service","food","point_of_interest","establishment"],"fuente":"places_api","fetched_at":"2026-09-24T22:41:22Z"}},{"type":"Feature","geometry":{"type":"Point","coordinates":[-100.14043989999999,25.722582]},"properties":{"name":"Oxxo Carretera Villa de Juárez","kind":"oxxo","place_id":"ChIJZRS0zqTpYoYRRreUFiO8PvI","address":"Carr. Huinala-Villa Juárez 300-A Acezintle Y Boulevard Al Aeropuerto Campestre Huinala, 66647 Cdad. Apodaca, N.L.","types":["convenience_store","cell_phone_store","shipping_service","travel_agency","pet_care","transportation_service","food_store","gift_shop","finance","home_goods_store","store","service","food","point_of_interest","establishment"],"fuente":"places_api","fetched_at":"2026-09-24T22:41:22Z"}},{"type":"Feature","geometry":{"type":"Point","coordinates":[-100.3007418,25.7661075]},"properties":{"name":"Oxxo Casa Casa Bella","kind":"oxxo","place_id":"ChIJJ0olDYGUYoYR_3EHNLlcvfQ","address":"Manuel L. Barragan, Manuel L Barragan Y Casa Cortez 114, Av Casa Bella Supermanzana Residencial, Casa Bella 2do Sector, 66428 San Nicolás de los Garza, N.L.","types":["convenience_store","cell_phone_store","shipping_service","travel_agency","pet_care","transportation_service","food_store","gift_shop","finance","home_goods_store","store","service","food","point_of_interest","establishment"],"fuente":"places_api","fetched_at":"2026-09-24T22:41:22Z"}},{"type":"Feature","geometry":{"type":"Point","coordinates":[-100.36888309999999,25.7245565]},"properties":{"name":"Oxxo Castaños","kind":"oxxo","place_id":"ChIJ-dpoZYyWYoYRGlV96D5GQ5c","address":"Av.Castanio, Av. Ruiz Cortines 5100 Esq, Valle Verde 1, 64360 Monterrey, N.L.","types":["convenience_store","cell_phone_store","shipping_service","gift_shop","travel_agency","finance","home_goods_store","pet_care","transportation_service","food_store","store","food","point_of_interest","service","establishment"],"fuente":"places_api","fetched_at":"2026-09-24T22:41:22Z"}},{"type":"Feature","geometry":{"type":"Point","coordinates":[-100.3692571,25.7199173]},"properties":{"name":"Oxxo Cedros","kind":"oxxo","place_id":"ChIJmcziV4qWYoYRxN2bp7jM4P8","address":"J.J Hinojosa 4752 Esq, Los Cedros, 64370 Monterrey, N.L.","types":["convenience_store","cell_phone_store","shipping_service","gift_shop","travel_agency","finance","home_goods_store","pet_care","transportation_service","food_store","store","food","point_of_interest","service","establishment"],"fuente":"places_api","fetched_at":"2026-09-24T22:41:22Z"}},{"type":"Feature","geometry":{"type":"Point","coordinates":[-100.3669381,25.8334975]},"properties":{"name":"Oxxo Cenzontle","kind":"oxxo","place_id":"ChIJ_RHdBZyRYoYRHSOL4kRPsmU","address":"San Francisco De Asis Y Aguila Real 163, Carpintero A, Villas de San Francisco, 66062 Cdad. Gral. Escobedo, N.L.","types":["convenience_store","cell_phone_store","shipping_service","gift_shop","travel_agency","finance","home_goods_store","pet_care","transportation_service","food_store","store","food","point_of_interest","service","establishment"],"fuente":"places_api","fetched_at":"2026-09-24T22:41:22Z"}},{"type":"Feature","geometry":{"type":"Point","coordinates":[-100.15130119999999,25.6990108]},"properties":{"name":"Oxxo Cerradas de México","kind":"oxxo","place_id":"ChIJScsbhcjpYoYRbts_59gy_X4","address":"Paseo Amberes, C. Antonio de Mendoza 1001, Cerrada México, 67130 Guadalupe, N.L.","types":["convenience_store","gift_shop","travel_agency","shipping_service","home_goods_store","finance","food_store","pet_care","cell_phone_store","food","transportation_service","point_of_interest","service","store","establishment"],"fuente":"places_api","fetched_at":"2026-09-24T22:41:22Z"}},{"type":"Feature","geometry":{"type":"Point","coordinates":[-100.1848766,25.6604645]},"properties":{"name":"Oxxo Chapultepec II","kind":"oxxo","place_id":"ChIJcfOwD4TBYoYR02BG4KBeOUE","address":"Chapultepec Y Av. Israel Cavazos 300, Antonio L. Rodríguez Lote Lantana, Privadas Residencial, 67190 Guadalupe, N.L.","types":["convenience_store","cell_phone_store","shipping_service","gift_shop","travel_agency","finance","home_goods_store","pet_care","transportation_service","food_store","store","food","point_of_interest","service","establishment"],"fuente":"places_api","fetched_at":"2026-09-24T22:41:22Z"}},{"type":"Feature","geometry":{"type":"Point","coordinates":[-100.32297640000002,25.799184399999998]},"properties":{"name":"Oxxo Circuito de la Paz","kind":"oxxo","place_id":"ChIJM_jiv76TYoYR9O7EDf_hVSM","address":"Circuito De La Paz Y Paseo Del Prado 325, Av. Raul Caballero Escamilla, Monte Real, 66056 Cdad. Gral. Escobedo, N.L.","types":["convenience_store","cell_phone_store","shipping_service","gift_shop","travel_agency","finance","home_goods_store","pet_care","transportation_service","food_store","store","food","point_of_interest","service","establishment"],"fuente":"places_api","fetched_at":"2026-09-24T22:41:22Z"}},{"type":"Feature","geometry":{"type":"Point","coordinates":[-100.34500349999999,25.704484299999997]},"properties":{"name":"Oxxo Ciudad Valles","kind":"oxxo","place_id":"ChIJU0jXcNmVYoYRSHjPZOK_XEQ","address":"Valles Y Cuatro Cienegas 250, Av. Ruiz Cortines, Mitras Nte., 64320 Monterrey, N.L.","types":["convenience_store","cell_phone_store","shipping_service","travel_agency","pet_care","transportation_service","food_store","gift_shop","finance","home_goods_store","store","service","food","point_of_interest","establishment"],"fuente":"places_api","fetched_at":"2026-09-24T22:41:22Z"}},{"type":"Feature","geometry":{"type":"Point","coordinates":[-100.081136,25.655569999999997]},"properties":{"name":"Oxxo Ciudadela","kind":"oxxo","place_id":"ChIJDXGZsdLCYoYRtNZqc6Oy3tA","address":"Av. Teofilo Salinas, Real de San Pablo 700, Ciudadela, 67250 Cdad. Benito Juárez, N.L.","types":["convenience_store","cell_phone_store","shipping_service","travel_agency","pet_care","transportation_service","food_store","gift_shop","finance","home_goods_store","store","service","food","point_of_interest","establishment"],"fuente":"places_api","fetched_at":"2026-09-24T22:41:22Z"}},{"type":"Feature","geometry":{"type":"Point","coordinates":[-100.15691799999999,25.696209699999997]},"properties":{"name":"Oxxo Condesa","kind":"oxxo","place_id":"ChIJxSyUDeXpYoYRIDG0u29zYRI","address":"Avenida Condesa Y Salvatierra 464, C. Carrillo Supermanzana Esquina, La Condesa, 67130 Guadalupe, N.L.","types":["convenience_store","cell_phone_store","gift_shop","shipping_service","travel_agency","home_goods_store","finance","transportation_service","food_store","pet_care","store","service","food","point_of_interest","establishment"],"fuente":"places_api","fetched_at":"2026-09-24T22:41:22Z"}},{"type":"Feature","geometry":{"type":"Point","coordinates":[-100.29730219999999,25.727695399999998]},"properties":{"name":"Oxxo Cuauhtémoc","kind":"oxxo","place_id":"ChIJr3BOafyUYoYRc9zruu6dr1k","address":"Esq Famosa, Iris 101, Cuauhtémoc, 66450 San Nicolás de los Garza, N.L.","types":["convenience_store","cell_phone_store","shipping_service","gift_shop","travel_agency","finance","home_goods_store","pet_care","transportation_service","food_store","store","food","point_of_interest","service","establishment"],"fuente":"places_api","fetched_at":"2026-09-24T22:41:22Z"}},{"type":"Feature","geometry":{"type":"Point","coordinates":[-100.4609199,25.7528479]},"properties":{"name":"Oxxo Cumbres Santoral","kind":"oxxo","place_id":"ChIJbaipJACZYoYRuyleqNMGkZY","address":"Av. Richard E. Byrd, 66036 Mitras Poniente, N.L.","types":["convenience_store","food_store","store","food","point_of_interest","establishment"],"fuente":"places_api","fetched_at":"2026-09-24T22:41:22Z"}},{"type":"Feature","geometry":{"type":"Point","coordinates":[-100.16614640000002,25.736976700000003]},"properties":{"name":"Oxxo DESIERTO","kind":"oxxo","place_id":"ChIJFdS5AtTpYoYRhpxsZp_7Y_0","address":"Desierto Sonora 250, Joyas del Pedregal 4o Sector, Joyas del Pedregal, 66644 Cdad. Apodaca, N.L.","types":["convenience_store","food_store","food","point_of_interest","store","establishment"],"fuente":"places_api","fetched_at":"2026-09-24T22:41:22Z"}},{"type":"Feature","geometry":{"type":"Point","coordinates":[-100.1410286,25.7657029]},"properties":{"name":"Oxxo Damasco","kind":"oxxo","place_id":"ChIJR1KGyDvpYoYRcGaDd0_8K94","address":"Lila Y Nogal 459, Cerezo, Tréboles, 66646 Cdad. Apodaca, N.L.","types":["convenience_store","gift_shop","travel_agency","shipping_service","home_goods_store","finance","food_store","pet_care","cell_phone_store","food","transportation_service","point_of_interest","service","store","establishment"],"fuente":"places_api","fetched_at":"2026-09-24T22:41:22Z"}},{"type":"Feature","geometry":{"type":"Point","coordinates":[-100.6240287,25.8119953]},"properties":{"name":"Oxxo Dolores","kind":"oxxo","place_id":"ChIJlRPkJ6kniIYRiTw7aM7DIqw","address":"Ruta 307 5, Alamedas Inicio, Popular, 66008 García, N.L.","types":["convenience_store","food_store","store","food","point_of_interest","establishment"],"fuente":"places_api","fetched_at":"2026-09-24T22:41:22Z"}},{"type":"Feature","geometry":{"type":"Point","coordinates":[-100.4585395,25.7601057]},"properties":{"name":"Oxxo Dominio Cumbres","kind":"oxxo","place_id":"ChIJwYlfPMKbYoYR4Dul69c2dNA","address":"QG6R+2H, Dominio Cumbres, 66036 Mitras Poniente, N.L.","types":["convenience_store","food_store","store","food","point_of_interest","establishment"],"fuente":"places_api","fetched_at":"2026-09-24T22:41:22Z"}},{"type":"Feature","geometry":{"type":"Point","coordinates":[-100.1522107,25.711427099999998]},"properties":{"name":"Oxxo El Trigal","kind":"oxxo","place_id":"ChIJMYpqL4rpYoYRe0jWcwXHh1A","address":"Hacienda Las Margaritas Y Hacienda La Escondida 801, Hacienda los Portales, Hacienda Las Margaritas, 10 Sector, 66647 Cdad. Apodaca, N.L.","types":["convenience_store","cell_phone_store","gift_shop","shipping_service","travel_agency","home_goods_store","finance","transportation_service","food_store","pet_care","store","service","food","point_of_interest","establishment"],"fuente":"places_api","fetched_at":"2026-09-24T22:41:22Z"}},{"type":"Feature","geometry":{"type":"Point","coordinates":[-100.5140679,25.694388900000003]},"properties":{"name":"Oxxo Ent. Villa de García","kind":"oxxo","place_id":"ChIJW3cfYLiZYoYRqgAusOnn1ss","address":"Carr. Monterrey - Saltillo 9429, El Obispo, 66367 Cdad. Santa Catarina, N.L.","types":["convenience_store","cell_phone_store","shipping_service","gift_shop","travel_agency","finance","home_goods_store","pet_care","transportation_service","food_store","store","food","point_of_interest","service","establishment"],"fuente":"places_api","fetched_at":"2026-09-24T22:41:22Z"}},{"type":"Feature","geometry":{"type":"Point","coordinates":[-100.3308727,25.794425800000003]},"properties":{"name":"Oxxo Escobedo 50cob","kind":"oxxo","place_id":"ChIJiXMI74qTYoYRYezbg6MiP7I","address":"Mariano Escobedo 146, Fraccionamiento Cortijo los Ayala, Esq. Fresnos, 66057 Cdad. Gral. Escobedo, N.L.","types":["convenience_store","cell_phone_store","shipping_service","gift_shop","travel_agency","finance","home_goods_store","pet_care","transportation_service","food_store","store","food","point_of_interest","service","establishment"],"fuente":"places_api","fetched_at":"2026-09-24T22:41:22Z"}},{"type":"Feature","geometry":{"type":"Point","coordinates":[-100.4899676,25.714727699999997]},"properties":{"name":"Oxxo Estacion 6","kind":"oxxo","place_id":"ChIJ0Qgnw82ZYoYRGbafeRbHSVk","address":"Luis Donaldo Colosio S/n S/Col, 66368 Cdad. Santa Catarina, N.L.","types":["convenience_store","gift_shop","travel_agency","shipping_service","home_goods_store","finance","food_store","pet_care","cell_phone_store","food","transportation_service","point_of_interest","service","store","establishment"],"fuente":"places_api","fetched_at":"2026-09-24T22:41:22Z"}},{"type":"Feature","geometry":{"type":"Point","coordinates":[-100.50638599999999,25.735179499999997]},"properties":{"name":"Oxxo Estación Colosio","kind":"oxxo","place_id":"ChIJKcD_NgCZYoYRFjvNoNeFFjs","address":"Av. Luis Donaldo Colosio 100, Col. Industrial Linge, 66384 Cdad. Santa Catarina, N.L.","types":["convenience_store","food_store","food","point_of_interest","store","establishment"],"fuente":"places_api","fetched_at":"2026-09-24T22:41:22Z"}},{"type":"Feature","geometry":{"type":"Point","coordinates":[-100.39725570000002,25.8197178]},"properties":{"name":"Oxxo Estación Pedreras","kind":"oxxo","place_id":"ChIJh4HAReuRYoYRmv6cL7z2gnI","address":"66086 Cdad. Gral. Escobedo, N.L.","types":["convenience_store","cell_phone_store","shipping_service","gift_shop","travel_agency","finance","home_goods_store","pet_care","transportation_service","food_store","store","food","point_of_interest","service","establishment"],"fuente":"places_api","fetched_at":"2026-09-24T22:41:22Z"}},{"type":"Feature","geometry":{"type":"Point","coordinates":[-100.197761,25.7803506]},"properties":{"name":"Oxxo Estardo Guajardo","kind":"oxxo","place_id":"ChIJCRmSJXTsYoYRdbR-9ksv9v4","address":"Estardo Guajardo Y TreviÒo 800, C. Reforma 800-A-A, Cabecera Municipal (Apodaca), Apodaca Centro, 66600 Cdad. Apodaca, N.L.","types":["convenience_store","cell_phone_store","shipping_service","travel_agency","pet_care","transportation_service","food_store","gift_shop","finance","home_goods_store","store","service","food","point_of_interest","establishment"],"fuente":"places_api","fetched_at":"2026-09-24T22:41:22Z"}},{"type":"Feature","geometry":{"type":"Point","coordinates":[-100.24906759999999,25.797325599999997]},"properties":{"name":"Oxxo Estelaris","kind":"oxxo","place_id":"ChIJt_ZqBsjsYoYR9djghJHYraU","address":"E.Sexta Y Sta Isabel 4823, Av. Estelaris, Metroplex 1, 66612 Cdad. Apodaca, N.L.","types":["convenience_store","cell_phone_store","shipping_service","travel_agency","pet_care","transportation_service","food_store","gift_shop","finance","home_goods_store","store","service","food","point_of_interest","establishment"],"fuente":"places_api","fetched_at":"2026-09-24T22:41:22Z"}},{"type":"Feature","geometry":{"type":"Point","coordinates":[-100.1077827,25.641848799999998]},"properties":{"name":"Oxxo Fuentes de Juarez","kind":"oxxo","place_id":"ChIJzdd5uDzDYoYRFbYYukXZEeM","address":"Ave. De Las Fuentes, Fuente Gamada 730 Esq-4 Sector, Fuentes de Juárez, 67267 Cdad. Benito Juárez, N.L.","types":["convenience_store","cell_phone_store","shipping_service","travel_agency","pet_care","transportation_service","food_store","gift_shop","finance","home_goods_store","store","service","food","point_of_interest","establishment"],"fuente":"places_api","fetched_at":"2026-09-24T22:41:22Z"}},{"type":"Feature","geometry":{"type":"Point","coordinates":[-100.3231952,25.764292800000003]},"properties":{"name":"Oxxo GENERAL ESCOBEDO","kind":"oxxo","place_id":"ChIJg2xlOHSUYoYRP13HOonSAyI","address":"San Juan Y Sendero Divisorio 100, Av. Acueducto Supermanzana I, Balcones de Anáhuac, 66056 Cdad. Gral. Escobedo, N.L.","types":["convenience_store","cell_phone_store","shipping_service","gift_shop","travel_agency","finance","home_goods_store","pet_care","transportation_service","food_store","store","food","point_of_interest","service","establishment"],"fuente":"places_api","fetched_at":"2026-09-24T22:41:22Z"}},{"type":"Feature","geometry":{"type":"Point","coordinates":[-100.5662816,25.7758731]},"properties":{"name":"Oxxo García","kind":"oxxo","place_id":"ChIJAwOyrUmcYoYRog6yHdmTcvc","address":"Ave. Las Villas Y Calle Sin Nombre 2001, Carretera Monterrey - Garcia A, Villa De Garcia, 66000 García, N.L.","types":["convenience_store","gift_shop","travel_agency","shipping_service","home_goods_store","finance","food_store","pet_care","cell_phone_store","food","transportation_service","point_of_interest","service","store","establishment"],"fuente":"places_api","fetched_at":"2026-09-24T22:41:22Z"}},{"type":"Feature","geometry":{"type":"Point","coordinates":[-100.45903299999999,25.760355999999998]},"properties":{"name":"Oxxo Gas Dominio Cumbres","kind":"oxxo","place_id":"ChIJH6nFmJ6dYoYRrfEeik8H19o","address":"Av Paseo de los Leones S/N, 64349 García, N.L.","types":["gas_station","convenience_store","public_bathroom","food_store","store","service","food","point_of_interest","establishment"],"fuente":"places_api","fetched_at":"2026-09-24T22:41:22Z"}},{"type":"Feature","geometry":{"type":"Point","coordinates":[-100.527788,25.747369]},"properties":{"name":"Oxxo Gas Parque las Americas","kind":"oxxo","place_id":"ChIJUfRenlSZYoYRQd23n6RcXfI","address":"Carretera Monterrey - García Km 6.50, 66017 García, N.L.","types":["gas_station","convenience_store","public_bathroom","meal_takeaway","food_store","store","service","restaurant","food","point_of_interest","establishment"],"fuente":"places_api","fetched_at":"2026-09-24T22:41:22Z"}},{"type":"Feature","geometry":{"type":"Point","coordinates":[-100.3659676,25.7088666]},"properties":{"name":"Oxxo Gobernadores I","kind":"oxxo","place_id":"ChIJc5in1mWWYoYRlUX4TSEHV14","address":"Ave. Gobernadores 404-1 Ave. Estatuto JurÌdico, José S. Vivanco Supermanzana Y, Burócratas del Estado, 64380 Monterrey, N.L.","types":["convenience_store","cell_phone_store","shipping_service","gift_shop","travel_agency","finance","home_goods_store","pet_care","transportation_service","food_store","store","food","point_of_interest","service","establishment"],"fuente":"places_api","fetched_at":"2026-09-24T22:41:22Z"}},{"type":"Feature","geometry":{"type":"Point","coordinates":[-100.3178209,25.6679671]},"properties":{"name":"Oxxo Gonzaga","kind":"oxxo","place_id":"ChIJa9jGziW-YoYRn2oeUaF4XdE","address":"Cuauhtemoc Y Garibaldi 221, Hidalgo, Centro, 64000 Monterrey, N.L.","types":["convenience_store","cell_phone_store","shipping_service","travel_agency","transportation_service","food_store","gift_shop","finance","home_goods_store","store","service","food","point_of_interest","establishment"],"fuente":"places_api","fetched_at":"2026-09-24T22:41:22Z"}},{"type":"Feature","geometry":{"type":"Point","coordinates":[-100.31357349999999,25.661945]},"properties":{"name":"Oxxo Guanajuato","kind":"oxxo","place_id":"ChIJp8sKjbu_YoYR5E92H4z7Txs","address":"Independencia, 64720 Monterrey, N.L.","types":["convenience_store","food_store","store","food","point_of_interest","establishment"],"fuente":"places_api","fetched_at":"2026-09-24T22:41:22Z"}},{"type":"Feature","geometry":{"type":"Point","coordinates":[-100.399571,25.8454788]},"properties":{"name":"Oxxo Guelatao","kind":"oxxo","place_id":"ChIJm_rud0WRYoYREUgDUhSMnz8","address":"Independencia, Av. Artículo 72 47, Coahuila, 66086 Cdad. Gral. Escobedo, N.L.","types":["convenience_store","food_store","store","food","point_of_interest","establishment"],"fuente":"places_api","fetched_at":"2026-09-24T22:41:22Z"}},{"type":"Feature","geometry":{"type":"Point","coordinates":[-100.303969,25.661184]},"properties":{"name":"Oxxo HILARIO MTZ","kind":"oxxo","place_id":"ChIJHRAa2My_YoYRzjcULJePp0c","address":"Hilario Martinez, Ayutla 701, Nuevo Repueblo, 64700 Monterrey, N.L.","types":["convenience_store","cell_phone_store","shipping_service","gift_shop","travel_agency","finance","home_goods_store","pet_care","transportation_service","food_store","store","food","point_of_interest","service","establishment"],"fuente":"places_api","fetched_at":"2026-09-24T22:41:22Z"}},{"type":"Feature","geometry":{"type":"Point","coordinates":[-100.14431689999999,25.7275895]},"properties":{"name":"Oxxo Hacienda El Campanario","kind":"oxxo","place_id":"ChIJeznd0KPpYoYRGQtKssL2RgI","address":"Av El Campanario Y Hacienda La Soledad 100, Carr. Huinala-Benito Juárez, El Campanario, 66648 Cdad. Apodaca, N.L.","types":["convenience_store","cell_phone_store","shipping_service","travel_agency","pet_care","transportation_service","food_store","gift_shop","finance","home_goods_store","store","service","food","point_of_interest","establishment"],"fuente":"places_api","fetched_at":"2026-09-24T22:41:22Z"}},{"type":"Feature","geometry":{"type":"Point","coordinates":[-100.12372889999999,25.655448]},"properties":{"name":"Oxxo Hacienda Santa Lucia","kind":"oxxo","place_id":"ChIJv_lnuvfCYoYR8uz7Eevt55I","address":"Carr. Monterrey - Reynosa 400, Hda. Sta. Lucía Esq, 67250 Cdad. Benito Juárez, N.L.","types":["convenience_store","cell_phone_store","shipping_service","gift_shop","travel_agency","finance","home_goods_store","pet_care","transportation_service","food_store","store","food","point_of_interest","service","establishment"],"fuente":"places_api","fetched_at":"2026-09-24T22:41:22Z"}},{"type":"Feature","geometry":{"type":"Point","coordinates":[-100.5588169,25.7927838]},"properties":{"name":"Oxxo Hacienda del sol","kind":"oxxo","place_id":"ChIJ7R0aHo-dYoYRBcq-rNBCm88","address":"Av. Hacienda Del Sol, Bosques de Siberia 100, Heroes De Capellania, 66003 García, N.L.","types":["convenience_store","cell_phone_store","shipping_service","travel_agency","pet_care","transportation_service","food_store","gift_shop","finance","home_goods_store","store","service","food","point_of_interest","establishment"],"fuente":"places_api","fetched_at":"2026-09-24T22:41:22Z"}},{"type":"Feature","geometry":{"type":"Point","coordinates":[-100.2992,25.682199999999998]},"properties":{"name":"Oxxo Heroes del 47","kind":"oxxo","place_id":"ChIJDRX6_nuVYoYR-FCf-lXvgts","address":"Ave. Francisco I. Madero, Calle Dr Julián Villarreal 1558, entre Calle HÈroes Del 47 Y Dr. Juli·n, Centro, 64000 Monterrey, N.L.","types":["convenience_store","cell_phone_store","shipping_service","gift_shop","travel_agency","finance","home_goods_store","pet_care","transportation_service","food_store","store","food","point_of_interest","service","establishment"],"fuente":"places_api","fetched_at":"2026-09-24T22:41:22Z"}},{"type":"Feature","geometry":{"type":"Point","coordinates":[-100.37325919999999,25.7200393]},"properties":{"name":"Oxxo Hinojosa","kind":"oxxo","place_id":"ChIJny_fI_WWYoYR716ott-f6Z4","address":"Zapopan Y Los Cedros 4846, Av Juan José Hinojosa 4846, Los Cedros, 64370 Monterrey, N.L.","types":["convenience_store","cell_phone_store","shipping_service","gift_shop","travel_agency","finance","home_goods_store","pet_care","transportation_service","food_store","store","food","point_of_interest","service","establishment"],"fuente":"places_api","fetched_at":"2026-09-24T22:41:22Z"}},{"type":"Feature","geometry":{"type":"Point","coordinates":[-100.18385939999999,25.7337122]},"properties":{"name":"Oxxo Huinalá","kind":"oxxo","place_id":"ChIJc3c7rkfrYoYRmC_NdfCLgoc","address":"Manuel González Caballero 602, entre M Gonzalez Caballero Y Baby Ruth, Alamos del Parque, 66633 Cdad. Apodaca, N.L.","types":["convenience_store","cell_phone_store","gift_shop","shipping_service","travel_agency","home_goods_store","finance","transportation_service","food_store","pet_care","store","service","food","point_of_interest","establishment"],"fuente":"places_api","fetched_at":"2026-09-24T22:41:22Z"}},{"type":"Feature","geometry":{"type":"Point","coordinates":[-100.1673841,25.714938399999998]},"properties":{"name":"Oxxo Huinalá 2","kind":"oxxo","place_id":"ChIJT4yEZnnpYoYR_RHvO1DyqVE","address":"Avenida Gaspar Castaño #351-A Valle de San Miguel, Apodaca, Sin Nombre, 66648 Monterrey, N.L.","types":["convenience_store","food_store","food","point_of_interest","store","establishment"],"fuente":"places_api","fetched_at":"2026-09-24T22:41:22Z"}},{"type":"Feature","geometry":{"type":"Point","coordinates":[-100.54170119999999,25.823808699999997]},"properties":{"name":"Oxxo Isabel","kind":"oxxo","place_id":"ChIJXRb9ogedYoYRAu7V0ORhEXk","address":"RFF5+H8, 66013 García, N.L.","types":["convenience_store","food_store","store","food","point_of_interest","establishment"],"fuente":"places_api","fetched_at":"2026-09-24T22:41:22Z"}},{"type":"Feature","geometry":{"type":"Point","coordinates":[-100.25867679999999,25.809904399999997]},"properties":{"name":"Oxxo Jardines del sol","kind":"oxxo","place_id":"ChIJPf8C6NLsYoYRt0W6vX-Uocc","address":"Jardines Del Sol Y Jardines Del Abeto 230, Jardines de La Primavera, Jardines de Monterrey ÌII, 66613 Cdad. Apodaca, N.L.","types":["convenience_store","cell_phone_store","shipping_service","gift_shop","travel_agency","finance","home_goods_store","pet_care","transportation_service","food_store","store","food","point_of_interest","service","establishment"],"fuente":"places_api","fetched_at":"2026-09-24T22:41:22Z"}},{"type":"Feature","geometry":{"type":"Point","coordinates":[-100.16610089999999,25.7406571]},"properties":{"name":"Oxxo Jeronimo Treviño","kind":"oxxo","place_id":"ChIJzQu5YHzpYoYRbX_cEBfZiFU","address":"Porfirio Diaz, San Gerardo 500, Real Hacienda de Huinala, 66640 Cdad. Apodaca, N.L.","types":["convenience_store","cell_phone_store","shipping_service","travel_agency","pet_care","transportation_service","food_store","gift_shop","finance","home_goods_store","store","service","food","point_of_interest","establishment"],"fuente":"places_api","fetched_at":"2026-09-24T22:41:22Z"}},{"type":"Feature","geometry":{"type":"Point","coordinates":[-100.1858716,25.6352565]},"properties":{"name":"Oxxo Jesús García","kind":"oxxo","place_id":"ChIJ4cjVOvnBYoYRsJyadopknNw","address":"C. Benito Juárez 245, Heroes de Nacozari, Héroe de Nacozari, 67288 Jardines de la Silla, N.L.","types":["convenience_store","cell_phone_store","shipping_service","travel_agency","pet_care","transportation_service","food_store","gift_shop","finance","home_goods_store","store","service","food","point_of_interest","establishment"],"fuente":"places_api","fetched_at":"2026-09-24T22:41:22Z"}},{"type":"Feature","geometry":{"type":"Point","coordinates":[-100.14810059999999,25.702937499999997]},"properties":{"name":"Oxxo Las Fuentes","kind":"oxxo","place_id":"ChIJE5Hm4OnpYoYRPqJp4WpmLHc","address":"Camino San Miguel A Dulces Nombres 1001. Av. De Las Fuentes, Bosques de Sauces Supermanzana Y, Vivienda Digna, 66647 Guadalupe, N.L.","types":["convenience_store","cell_phone_store","shipping_service","travel_agency","pet_care","transportation_service","food_store","gift_shop","finance","home_goods_store","store","service","food","point_of_interest","establishment"],"fuente":"places_api","fetched_at":"2026-09-24T22:41:22Z"}},{"type":"Feature","geometry":{"type":"Point","coordinates":[-100.112636,25.641593399999998]},"properties":{"name":"Oxxo Las Lomas","kind":"oxxo","place_id":"ChIJLQGRaB3DYoYRtUo0k2WWd88","address":"P.º Las Lomas 242, Sin Entre Calles, La Ciudadela, 67265 Cdad. Benito Juárez, N.L.","types":["convenience_store","cell_phone_store","shipping_service","travel_agency","pet_care","transportation_service","food_store","gift_shop","finance","home_goods_store","store","service","food","point_of_interest","establishment"],"fuente":"places_api","fetched_at":"2026-09-24T22:41:22Z"}},{"type":"Feature","geometry":{"type":"Point","coordinates":[-100.4360218,25.764374999999998]},"properties":{"name":"Oxxo Las Lomas 2","kind":"oxxo","place_id":"ChIJK4uCyKuQYoYR2SRVMyS_vN0","address":"Av. De Las Cumbre Y Av. Jardin De Las Lomas 535, De La Ladera, Villas del Poniente, Las Lomas, 66024 García, N.L.","types":["convenience_store","cell_phone_store","shipping_service","travel_agency","pet_care","transportation_service","food_store","gift_shop","finance","home_goods_store","store","service","food","point_of_interest","establishment"],"fuente":"places_api","fetched_at":"2026-09-24T22:41:22Z"}},{"type":"Feature","geometry":{"type":"Point","coordinates":[-100.0965245,25.626304500000003]},"properties":{"name":"Oxxo Las Lomas II","kind":"oxxo","place_id":"ChIJC9zb4zvDYoYR-XiYen3JPgU","address":"Loma Real 162, La Morena, Las Lomas, 67265 Cdad. Benito Juárez, N.L.","types":["convenience_store","cell_phone_store","shipping_service","travel_agency","pet_care","transportation_service","food_store","gift_shop","finance","home_goods_store","store","service","food","point_of_interest","establishment"],"fuente":"places_api","fetched_at":"2026-09-24T22:41:22Z"}},{"type":"Feature","geometry":{"type":"Point","coordinates":[-100.32973849999999,25.64811]},"properties":{"name":"Oxxo Las Torres","kind":"oxxo","place_id":"ChIJcRSb-2q-YoYRWKTDgydwMDg","address":"Diego Rivera Y Dr. Atl 2517, Av Lázaro Cárdenas A, Residencial San Agustin, 66260 San Pedro Garza García, N.L.","types":["convenience_store","cell_phone_store","shipping_service","gift_shop","travel_agency","finance","home_goods_store","pet_care","transportation_service","food_store","store","food","point_of_interest","service","establishment"],"fuente":"places_api","fetched_at":"2026-09-24T22:41:22Z"}},{"type":"Feature","geometry":{"type":"Point","coordinates":[-100.5761393,25.7910181]},"properties":{"name":"Oxxo Las Villas","kind":"oxxo","place_id":"ChIJFw3AdIedYoYRtOa12fYKmtM","address":"Villa Florencia Y Villa Genova 208, Fraccionamiento Villa Plascencia, Privadas de las Villas, 66003 García, N.L.","types":["convenience_store","cell_phone_store","shipping_service","gift_shop","travel_agency","finance","home_goods_store","pet_care","transportation_service","food_store","store","food","point_of_interest","service","establishment"],"fuente":"places_api","fetched_at":"2026-09-24T22:41:22Z"}},{"type":"Feature","geometry":{"type":"Point","coordinates":[-100.4830304,25.8061431]},"properties":{"name":"Oxxo Lisboa","kind":"oxxo","place_id":"ChIJNTJHVgCbYoYRCcgZEOJTHIw","address":"C. Barcelos 603a, 66026 Valle de Lincoln, N.L.","types":["convenience_store","food_store","food","point_of_interest","store","establishment"],"fuente":"places_api","fetched_at":"2026-09-24T22:41:22Z"}},{"type":"Feature","geometry":{"type":"Point","coordinates":[-100.5795004,25.783601599999997]},"properties":{"name":"Oxxo Loma de Garcia","kind":"oxxo","place_id":"ChIJ52KkvaudYoYRws_yMScJpGc","address":"Heberto Castillo Martínez 120, Col. Hacienda Del Sol, 66004 García, N.L.","types":["convenience_store","cell_phone_store","shipping_service","gift_shop","travel_agency","finance","home_goods_store","transportation_service","food_store","store","food","point_of_interest","service","establishment"],"fuente":"places_api","fetched_at":"2026-09-24T22:41:22Z"}},{"type":"Feature","geometry":{"type":"Point","coordinates":[-100.1273933,25.649016099999997]},"properties":{"name":"Oxxo Lomas de Córdoba","kind":"oxxo","place_id":"ChIJWQc_agDDYoYR-GuM4DxXP1k","address":"Córdoba, Zirándaro, 67275 Cdad. Benito Juárez, N.L.","types":["convenience_store","food_store","store","food","point_of_interest","establishment"],"fuente":"places_api","fetched_at":"2026-09-24T22:41:22Z"}},{"type":"Feature","geometry":{"type":"Point","coordinates":[-100.11733699999999,25.630182700000002]},"properties":{"name":"Oxxo Los Cantaros","kind":"oxxo","place_id":"ChIJ-4huNADDYoYR5z2s7dTTXDk","address":"La Bamba 101, 67266 Cdad. Benito Juárez, N.L.","types":["convenience_store","food_store","store","food","point_of_interest","establishment"],"fuente":"places_api","fetched_at":"2026-09-24T22:41:22Z"}},{"type":"Feature","geometry":{"type":"Point","coordinates":[-100.2962031,25.6194679]},"properties":{"name":"Oxxo Los Pinos I","kind":"oxxo","place_id":"ChIJyZfXHgW_YoYRa-C-M8QWvoM","address":"Acueducto 3560 Los Pinos Y Plumbagos, Paseo del Acueducto 3560, Del Paseo, 64920 Monterrey, N.L.","types":["convenience_store","cell_phone_store","shipping_service","gift_shop","travel_agency","finance","home_goods_store","pet_care","transportation_service","food_store","store","food","point_of_interest","service","establishment"],"fuente":"places_api","fetched_at":"2026-09-24T22:41:22Z"}},{"type":"Feature","geometry":{"type":"Point","coordinates":[-100.16799309999999,25.7406625]},"properties":{"name":"Oxxo Los Prados","kind":"oxxo","place_id":"ChIJTelXqX3pYoYRWQ1Tq3TM_WQ","address":"Calle Los Prados Y La Planicie 1017, C. Porfirio Díaz, Los Prados, 66640 Cdad. Apodaca, N.L.","types":["convenience_store","gift_shop","travel_agency","shipping_service","home_goods_store","finance","food_store","pet_care","cell_phone_store","food","transportation_service","point_of_interest","service","store","establishment"],"fuente":"places_api","fetched_at":"2026-09-24T22:41:22Z"}},{"type":"Feature","geometry":{"type":"Point","coordinates":[-100.1780658,25.729202100000002]},"properties":{"name":"Oxxo Los Suizos","kind":"oxxo","place_id":"ChIJlYaj4izqYoYRhICcby4Q7lI","address":"Ave. Los Suizos, Golondrinas S/N, San Miguel, 66649 Cdad. Apodaca, N.L.","types":["convenience_store","cell_phone_store","gift_shop","shipping_service","travel_agency","home_goods_store","finance","transportation_service","food_store","pet_care","store","service","food","point_of_interest","establishment"],"fuente":"places_api","fetched_at":"2026-09-24T22:41:22Z"}},{"type":"Feature","geometry":{"type":"Point","coordinates":[-100.28656699999999,25.660142000000004]},"properties":{"name":"Oxxo Macario p.","kind":"oxxo","place_id":"ChIJyYAW28O_YoYRKlqANyM8W08","address":"Macario Perez Y Cap. Mariano Azueta 2615, Av. José Alvarado, Buenos Aires, 64800 Monterrey, N.L.","types":["convenience_store","cell_phone_store","shipping_service","gift_shop","travel_agency","finance","home_goods_store","pet_care","transportation_service","food_store","store","food","point_of_interest","service","establishment"],"fuente":"places_api","fetched_at":"2026-09-24T22:41:22Z"}},{"type":"Feature","geometry":{"type":"Point","coordinates":[-100.21653189999999,25.6713974]},"properties":{"name":"Oxxo Manuel lara","kind":"oxxo","place_id":"ChIJje4Iai3AYoYR5xnPfUUS7NE","address":"Av. Las Torres Y Calle Nochebuena Esq, Manuel Lara Villanueva 4009, Rafael Ramírez (U.c.), 67185 Guadalupe, N.L.","types":["convenience_store","gift_shop","travel_agency","shipping_service","home_goods_store","finance","food_store","pet_care","cell_phone_store","food","transportation_service","point_of_interest","service","store","establishment"],"fuente":"places_api","fetched_at":"2026-09-24T22:41:22Z"}},{"type":"Feature","geometry":{"type":"Point","coordinates":[-100.48982389999999,25.6766476]},"properties":{"name":"Oxxo Mauga","kind":"oxxo","place_id":"ChIJS2NQ9aWZYoYRm11ay74FUKc","address":"Lucas Garcia 701, Mauga Y Mayon 800, Cordilleras del Virrey, 66358 Cdad. Santa Catarina, N.L.","types":["convenience_store","cell_phone_store","shipping_service","travel_agency","pet_care","transportation_service","food_store","gift_shop","finance","home_goods_store","store","service","food","point_of_interest","establishment"],"fuente":"places_api","fetched_at":"2026-09-24T22:41:22Z"}},{"type":"Feature","geometry":{"type":"Point","coordinates":[-100.1406324,25.6164965]},"properties":{"name":"Oxxo Monte Cristal","kind":"oxxo","place_id":"ChIJkxTkI5bDYoYRd9B0dMjyKkk","address":"Avenida Kristal, Cristal Y Monte Ivan 664, Monte Cristal, Monte Kristal, 67289 Cdad. Benito Juárez, N.L.","types":["convenience_store","cell_phone_store","shipping_service","gift_shop","travel_agency","finance","home_goods_store","pet_care","transportation_service","food_store","store","food","point_of_interest","service","establishment"],"fuente":"places_api","fetched_at":"2026-09-24T22:41:22Z"}},{"type":"Feature","geometry":{"type":"Point","coordinates":[-100.2840822,25.6346056]},"properties":{"name":"Oxxo Más palomas","kind":"oxxo","place_id":"ChIJt-MS6KG_YoYRvwH1rGAPbCU","address":"Via Alcala, Vía Málaga 3001, Más Palomas (Valle de Santiago), 64780 Monterrey, N.L.","types":["convenience_store","cell_phone_store","shipping_service","gift_shop","travel_agency","finance","home_goods_store","pet_care","transportation_service","food_store","store","food","point_of_interest","service","establishment"],"fuente":"places_api","fetched_at":"2026-09-24T22:41:22Z"}},{"type":"Feature","geometry":{"type":"Point","coordinates":[-100.0923952,25.643270899999997]},"properties":{"name":"Oxxo Naranjo","kind":"oxxo","place_id":"ChIJFWI1YNrDYoYRpUujhI-f-Wc","address":"Arturo B. De La Garza 303-C Francisco Naranjo, Gral. Ignacio Zaragoza E, Benito Juárez Centro, 67250 Cdad. Benito Juárez, N.L.","types":["convenience_store","cell_phone_store","shipping_service","travel_agency","pet_care","transportation_service","food_store","gift_shop","finance","home_goods_store","store","service","food","point_of_interest","establishment"],"fuente":"places_api","fetched_at":"2026-09-24T22:41:22Z"}},{"type":"Feature","geometry":{"type":"Point","coordinates":[-100.3678882,25.842106599999997]},"properties":{"name":"Oxxo Nogales de San Francisco","kind":"oxxo","place_id":"ChIJC19XJJiRYoYRYI3PuIm_vPE","address":"Grulla 201 San Francisco De Asis, Grulla 201, Villas de San Francisco, 66062 Cdad. Gral. Escobedo, N.L.","types":["convenience_store","cell_phone_store","gift_shop","shipping_service","travel_agency","home_goods_store","finance","transportation_service","food_store","pet_care","store","service","food","point_of_interest","establishment"],"fuente":"places_api","fetched_at":"2026-09-24T22:41:22Z"}},{"type":"Feature","geometry":{"type":"Point","coordinates":[-100.30586319999999,25.6540932]},"properties":{"name":"Oxxo Nueva Independencia","kind":"oxxo","place_id":"ChIJE2J-OTW-YoYRTdNo3C2rWZc","address":"Nueva Independencia, Carretera Nacional 1232, Independencia, 64720 Monterrey, N.L.","types":["convenience_store","cell_phone_store","shipping_service","gift_shop","travel_agency","finance","home_goods_store","pet_care","transportation_service","food_store","store","food","point_of_interest","service","establishment"],"fuente":"places_api","fetched_at":"2026-09-24T22:41:22Z"}},{"type":"Feature","geometry":{"type":"Point","coordinates":[-100.1814005,25.719504999999998]},"properties":{"name":"Oxxo Nueva Mixcoac II","kind":"oxxo","place_id":"ChIJA2vOVSXqYoYR-5XM0iSpYyM","address":"Av. Mixcoac Y Av. Primavera 112, Blvd. Acapulco, Mixcoac, 66649 Cdad. Apodaca, N.L.","types":["convenience_store","cell_phone_store","shipping_service","travel_agency","pet_care","transportation_service","food_store","gift_shop","finance","home_goods_store","store","service","food","point_of_interest","establishment"],"fuente":"places_api","fetched_at":"2026-09-24T22:41:22Z"}},{"type":"Feature","geometry":{"type":"Point","coordinates":[-100.1904855,25.785229299999997]},"properties":{"name":"Oxxo Oaxaca","kind":"oxxo","place_id":"ChIJNV-j8QzsYoYRwrEwDh3zkPA","address":"Oaxaca Oriente 210 Esq Jose Maria Morelos Y Pavon Y Carr. Apodaca-Sr, Cabecera Municipal (Apodaca), Centro, 66600 Cdad. Apodaca, N.L.","types":["convenience_store","cell_phone_store","shipping_service","gift_shop","travel_agency","finance","home_goods_store","pet_care","transportation_service","food_store","store","food","point_of_interest","service","establishment"],"fuente":"places_api","fetched_at":"2026-09-24T22:41:22Z"}},{"type":"Feature","geometry":{"type":"Point","coordinates":[-100.13328,25.66621]},"properties":{"name":"Oxxo Ocampo","kind":"oxxo","place_id":"ChIJ7XJ7DmfCYoYRKaO29yXv9Zs","address":"Melchor Ocampo, Cam. Real 201, Coahuila, 67257 Cdad. Benito Juárez, N.L.","types":["convenience_store","food_store","store","food","point_of_interest","establishment"],"fuente":"places_api","fetched_at":"2026-09-24T22:41:22Z"}},{"type":"Feature","geometry":{"type":"Point","coordinates":[-100.3666677,25.714026]},"properties":{"name":"Oxxo Ocotlán","kind":"oxxo","place_id":"ChIJI2OKBseXYoYR7wSLEiZ02_U","address":"Ocotlan Y Los Altos 3929, C. San Juan de los Lagos 3929, Los Altos, 64370 Monterrey, N.L.","types":["convenience_store","cell_phone_store","shipping_service","gift_shop","travel_agency","finance","home_goods_store","pet_care","transportation_service","food_store","store","food","point_of_interest","service","establishment"],"fuente":"places_api","fetched_at":"2026-09-24T22:41:22Z"}},{"type":"Feature","geometry":{"type":"Point","coordinates":[-100.3786475,25.783324699999998]},"properties":{"name":"Oxxo Orto","kind":"oxxo","place_id":"ChIJM6CZrKORYoYRBtpT88F1vgo","address":"C. Julio A. Roca 113, Nuevo, Urbivilla Bonita, 64102 Monterrey, N.L.","types":["convenience_store","cell_phone_store","shipping_service","gift_shop","travel_agency","finance","home_goods_store","pet_care","transportation_service","food_store","store","food","point_of_interest","service","establishment"],"fuente":"places_api","fetched_at":"2026-09-24T22:41:22Z"}},{"type":"Feature","geometry":{"type":"Point","coordinates":[-100.150713,25.768819099999998]},"properties":{"name":"Oxxo Ottawa","kind":"oxxo","place_id":"ChIJYUibIgDpYoYRb7By51h-E0Y","address":"Av. Tréboles 100, Tréboles, 66626 Cdad. Apodaca, N.L.","types":["convenience_store","food_store","store","food","point_of_interest","establishment"],"fuente":"places_api","fetched_at":"2026-09-24T22:41:22Z"}},{"type":"Feature","geometry":{"type":"Point","coordinates":[-100.2054459,25.7753402]},"properties":{"name":"Oxxo PLAZA CONCORDIA","kind":"oxxo","place_id":"ChIJ3QNkEwDrYoYRKbTCo9V8wHE","address":"Av. Concordia 3177, Moderno, Plaza Concordia, 66600 Cdad. Apodaca, N.L.","types":["convenience_store","food_store","store","food","point_of_interest","establishment"],"fuente":"places_api","fetched_at":"2026-09-24T22:41:22Z"}},{"type":"Feature","geometry":{"type":"Point","coordinates":[-100.5722377,25.807425]},"properties":{"name":"Oxxo Palo Blanco","kind":"oxxo","place_id":"ChIJ6YAMJP2cYoYR7zLRffoIl9I","address":"66003 García, N.L., México","types":["convenience_store","food_store","food","point_of_interest","store","establishment"],"fuente":"places_api","fetched_at":"2026-09-24T22:41:22Z"}},{"type":"Feature","geometry":{"type":"Point","coordinates":[-100.5279106,25.7476827]},"properties":{"name":"Oxxo Parque Las Americas","kind":"oxxo","place_id":"ChIJ4XmSnlSZYoYRRzWm0WtK4qg","address":"Heberto Castillo Martínez 104, 66017 El Durazno, N.L.","types":["convenience_store","food_store","store","food","point_of_interest","establishment"],"fuente":"places_api","fetched_at":"2026-09-24T22:41:22Z"}},{"type":"Feature","geometry":{"type":"Point","coordinates":[-100.2042108,25.712696599999997]},"properties":{"name":"Oxxo Pedregal de Linda Vista","kind":"oxxo","place_id":"ChIJtyMQUVvqYoYRSx9iR3wMgLQ","address":"Av. Camino Y Glasgow, A San Pedro 1201, Camino, Pedregal de Linda Vista, 67112 Guadalupe, N.L.","types":["convenience_store","cell_phone_store","gift_shop","shipping_service","travel_agency","home_goods_store","finance","transportation_service","food_store","pet_care","store","service","food","point_of_interest","establishment"],"fuente":"places_api","fetched_at":"2026-09-24T22:41:22Z"}},{"type":"Feature","geometry":{"type":"Point","coordinates":[-100.4766514,25.7576103]},"properties":{"name":"Oxxo Plaza Dominio","kind":"oxxo","place_id":"ChIJtT9WxLKbYoYRNWNzFzEV6Is","address":"Alejandro de Rodas 349, Dominio Cumbres, 66023 Mitras Poniente, N.L.","types":["convenience_store","food_store","food","point_of_interest","store","establishment"],"fuente":"places_api","fetched_at":"2026-09-24T22:41:22Z"}},{"type":"Feature","geometry":{"type":"Point","coordinates":[-100.5951276,25.811798600000003]},"properties":{"name":"Oxxo Plaza García","kind":"oxxo","place_id":"ChIJjZ_r756dYoYRyJS6lHSMsC8","address":"Garza Ayala 100, Cabecera Municipal, 66000 García, N.L.","types":["convenience_store","cell_phone_store","shipping_service","gift_shop","travel_agency","finance","home_goods_store","transportation_service","food_store","store","food","point_of_interest","service","establishment"],"fuente":"places_api","fetched_at":"2026-09-24T22:41:22Z"}},{"type":"Feature","geometry":{"type":"Point","coordinates":[-100.4795975,25.684735999999997]},"properties":{"name":"Oxxo Plaza Santa Catarina","kind":"oxxo","place_id":"ChIJfzBA8MqZYoYRXX-s41JnySw","address":"Carretera Saltillo - Monterrey Puertas del Sol, Sin Nombre de Col 4, 66358 Nuevo León, N.L.","types":["convenience_store","food_store","store","food","point_of_interest","establishment"],"fuente":"places_api","fetched_at":"2026-09-24T22:41:22Z"}},{"type":"Feature","geometry":{"type":"Point","coordinates":[-100.1316196,25.716953399999998]},"properties":{"name":"Oxxo Praderas de Huinala","kind":"oxxo","place_id":"ChIJ54cJrLbpYoYRcs0Q8GtGV9I","address":"Mario N. Flores TreviÒo, Lomas De México Y Eje Metropolitano 41 100, Praderas de Huinalá, 66647 Cdad. Apodaca, N.L.","types":["convenience_store","cell_phone_store","gift_shop","shipping_service","travel_agency","home_goods_store","finance","transportation_service","food_store","pet_care","store","service","food","point_of_interest","establishment"],"fuente":"places_api","fetched_at":"2026-09-24T22:41:22Z"}},{"type":"Feature","geometry":{"type":"Point","coordinates":[-100.5570388,25.790786400000002]},"properties":{"name":"Oxxo Proleon","kind":"oxxo","place_id":"ChIJicmFElycYoYRNgVVqxq_dWE","address":"Hacienda Del Sol Y Villa Toledo 193, Ave. Real De Leones, Heroes De Capellania, 66003 García, N.L.","types":["convenience_store","cell_phone_store","shipping_service","travel_agency","pet_care","transportation_service","food_store","gift_shop","finance","home_goods_store","store","service","food","point_of_interest","establishment"],"fuente":"places_api","fetched_at":"2026-09-24T22:41:22Z"}},{"type":"Feature","geometry":{"type":"Point","coordinates":[-100.55401669999999,25.7906701]},"properties":{"name":"Oxxo Proleon II (CR: 50S57)","kind":"oxxo","place_id":"ChIJi4h6tbGdYoYRlU6XR_tIeAo","address":"Av. Paseo de los Leones s/n, Hacienda del Sol, 66003 García, N.L.","types":["convenience_store","food_store","food","point_of_interest","store","establishment"],"fuente":"places_api","fetched_at":"2026-09-24T22:41:22Z"}},{"type":"Feature","geometry":{"type":"Point","coordinates":[-100.3346909,25.8087881]},"properties":{"name":"Oxxo Providencia","kind":"oxxo","place_id":"ChIJiZ8oO8yTYoYRqraRzV5ycT0","address":"Jesus Ayala Lopez Y Leonardo Da Vinci 1026, Jose Mariano Abasolo 1026, Sin Nombre de Col 10, La Providencia, 66072 Cdad. Gral. Escobedo, N.L.","types":["convenience_store","cell_phone_store","shipping_service","gift_shop","travel_agency","finance","home_goods_store","pet_care","transportation_service","food_store","store","food","point_of_interest","service","establishment"],"fuente":"places_api","fetched_at":"2026-09-24T22:41:22Z"}},{"type":"Feature","geometry":{"type":"Point","coordinates":[-100.1100787,25.6934342]},"properties":{"name":"Oxxo Puerto Lobos","kind":"oxxo","place_id":"ChIJV_MGb57pYoYRUBn63FLtuaU","address":"BahÌa Central 900 Puerto Lobos Los Puertos, 2Do Sector, 67258 Cdad. Benito Juárez, N.L.","types":["convenience_store","gift_shop","travel_agency","shipping_service","home_goods_store","finance","food_store","pet_care","cell_phone_store","food","transportation_service","point_of_interest","service","store","establishment"],"fuente":"places_api","fetched_at":"2026-09-24T22:41:22Z"}},{"type":"Feature","geometry":{"type":"Point","coordinates":[-100.2638593,25.870175]},"properties":{"name":"Oxxo Punta Castilla","kind":"oxxo","place_id":"ChIJ7a83CwyNYoYRoJHgsObEizs","address":"Av. Punta Castilla, 65516 Valle del Nte., N.L.","types":["convenience_store","food_store","store","food","point_of_interest","establishment"],"fuente":"places_api","fetched_at":"2026-09-24T22:41:22Z"}},{"type":"Feature","geometry":{"type":"Point","coordinates":[-100.31452039999999,25.6742304]},"properties":{"name":"Oxxo Pza Colegio Civil","kind":"oxxo","place_id":"ChIJPYMLTYaVYoYRm7ns_gQEpMo","address":"Washington Y 5 De Mayo 315, Av. Benito Juárez, Centro, 64000 Monterrey, N.L.","types":["convenience_store","cell_phone_store","shipping_service","travel_agency","transportation_service","food_store","gift_shop","finance","home_goods_store","store","service","food","point_of_interest","establishment"],"fuente":"places_api","fetched_at":"2026-09-24T22:41:22Z"}},{"type":"Feature","geometry":{"type":"Point","coordinates":[-100.22530069999999,25.7764708]},"properties":{"name":"Oxxo Radica Residencial","kind":"oxxo","place_id":"ChIJoztQLwDtYoYR_DBGBDZVw0I","address":"Monte de Sion 324, Arbado Monarca, Marquesa, 66609 Cdad. Apodaca, N.L.","types":["store","point_of_interest","establishment"],"fuente":"places_api","fetched_at":"2026-09-24T22:41:22Z"}},{"type":"Feature","geometry":{"type":"Point","coordinates":[-100.3821241,25.797336599999998]},"properties":{"name":"Oxxo Real de San Martin","kind":"oxxo","place_id":"ChIJ0z-QQRCRYoYRFmoS6O8BAC8","address":"Enrique Rangel Meléndez N/A, San Martín, 64210 Monterrey, N.L.","types":["convenience_store","liquor_store","grocery_store","food_store","store","food","point_of_interest","establishment"],"fuente":"places_api","fetched_at":"2026-09-24T22:41:22Z"}},{"type":"Feature","geometry":{"type":"Point","coordinates":[-100.3905042,25.831727800000003]},"properties":{"name":"Oxxo Real de los Agaves","kind":"oxxo","place_id":"ChIJ-wEcagCRYoYRU0proREnuKQ","address":"Av. Los Agaves, Real de los Agaves, 66086 Cdad. Gral. Escobedo, N.L.","types":["convenience_store","food_store","store","food","point_of_interest","establishment"],"fuente":"places_api","fetched_at":"2026-09-24T22:41:22Z"}},{"type":"Feature","geometry":{"type":"Point","coordinates":[-100.1652442,25.6082036]},"properties":{"name":"Oxxo Reguiletes II","kind":"oxxo","place_id":"ChIJK5gr8-PDYoYROs2M8fIEDFY","address":"Av. Acueducto, Los, Esuina Con Ave. Reguiletes, Av. Los Reguiletes 1356, 67286 Cdad. Benito Juárez, N.L.","types":["convenience_store","cell_phone_store","shipping_service","gift_shop","travel_agency","finance","home_goods_store","pet_care","transportation_service","food_store","store","food","point_of_interest","service","establishment"],"fuente":"places_api","fetched_at":"2026-09-24T22:41:22Z"}},{"type":"Feature","geometry":{"type":"Point","coordinates":[-100.18107429999999,25.7931153]},"properties":{"name":"Oxxo Residencial Apodaca","kind":"oxxo","place_id":"ChIJJzTO9ZTtYoYRvMUllp2YCpM","address":"Avenida Nueva Santa Rosa, C. Coahuila 136 Esquina, de Zaragoza, Residencial Apodaca, 66605 Cdad. Apodaca, N.L.","types":["convenience_store","cell_phone_store","gift_shop","shipping_service","travel_agency","home_goods_store","finance","transportation_service","food_store","pet_care","store","service","food","point_of_interest","establishment"],"fuente":"places_api","fetched_at":"2026-09-24T22:41:22Z"}},{"type":"Feature","geometry":{"type":"Point","coordinates":[-100.3157856,25.787077999999998]},"properties":{"name":"Oxxo Riberas de Girasoles Mty","kind":"oxxo","place_id":"ChIJxzmd45mTYoYRIHa_EWsXMqI","address":"S. De La Muralla Y S. De La Huasteca, Av. Las Torres 319, Riveras de Girasoles, 66056 Cdad. Gral. Escobedo, N.L.","types":["convenience_store","cell_phone_store","gift_shop","shipping_service","travel_agency","home_goods_store","finance","transportation_service","food_store","pet_care","store","service","food","point_of_interest","establishment"],"fuente":"places_api","fetched_at":"2026-09-24T22:41:22Z"}},{"type":"Feature","geometry":{"type":"Point","coordinates":[-100.29500209999999,25.6237617]},"properties":{"name":"Oxxo Rifleros","kind":"oxxo","place_id":"ChIJV4khCQa_YoYRrIZARR3xevA","address":"Cerro De La Silla Y Plan De Tuxtepec, Manzana Rifleros Lote 43, Mirador, 64910 Monterrey, N.L.","types":["convenience_store","cell_phone_store","shipping_service","gift_shop","travel_agency","finance","home_goods_store","pet_care","transportation_service","food_store","store","food","point_of_interest","service","establishment"],"fuente":"places_api","fetched_at":"2026-09-24T22:41:22Z"}},{"type":"Feature","geometry":{"type":"Point","coordinates":[-100.18085579999999,25.7357102]},"properties":{"name":"Oxxo Rincón de la Gloria","kind":"oxxo","place_id":"ChIJl6NYUb_rYoYRI7rVi_tL_mo","address":"Av. Porfirio Diaz, P.º de la Gloria 900 Esq, Rincon De La Gloria, 66633 Cdad. Apodaca, N.L.","types":["convenience_store","cell_phone_store","shipping_service","travel_agency","pet_care","transportation_service","food_store","gift_shop","finance","home_goods_store","store","service","food","point_of_interest","establishment"],"fuente":"places_api","fetched_at":"2026-09-24T22:41:22Z"}},{"type":"Feature","geometry":{"type":"Point","coordinates":[-100.2281735,25.7503833]},"properties":{"name":"Oxxo Rincón de la Moraleja","kind":"oxxo","place_id":"ChIJ-YKtxRLrYoYRFkzVrhaCjWg","address":"Valle Verde Y Carlos Salinas De Gortari 300, Valle del Mezquital, Rincon De La Moraleja, 66632 Cdad. Apodaca, N.L.","types":["convenience_store","gift_shop","travel_agency","shipping_service","home_goods_store","finance","food_store","pet_care","cell_phone_store","food","transportation_service","point_of_interest","service","store","establishment"],"fuente":"places_api","fetched_at":"2026-09-24T22:41:22Z"}},{"type":"Feature","geometry":{"type":"Point","coordinates":[-100.16893549999999,25.7145884]},"properties":{"name":"Oxxo Rincón de los Cristales","kind":"oxxo","place_id":"ChIJY7ycionpYoYRXWrl1qf47HA","address":"Topacio, Huinala Y Bravo 736, S. Miguel, Rincon De Los Cristales 2 Sector, 66649 Cdad. Apodaca, N.L.","types":["convenience_store","cell_phone_store","shipping_service","travel_agency","pet_care","transportation_service","food_store","gift_shop","finance","home_goods_store","store","service","food","point_of_interest","establishment"],"fuente":"places_api","fetched_at":"2026-09-24T22:41:22Z"}},{"type":"Feature","geometry":{"type":"Point","coordinates":[-100.1868236,25.6515286]},"properties":{"name":"Oxxo Rincón del Fuego","kind":"oxxo","place_id":"ChIJMxRLwATBYoYRZxvJJtNkdZs","address":"Esq. Avenida Mexico Y Rincon De La Escarcha 7834, Rincón del Fuego, Rincón de Guadalupe, 67198 Guadalupe, N.L.","types":["convenience_store","cell_phone_store","shipping_service","gift_shop","travel_agency","finance","home_goods_store","pet_care","transportation_service","food_store","store","food","point_of_interest","service","establishment"],"fuente":"places_api","fetched_at":"2026-09-24T22:41:22Z"}},{"type":"Feature","geometry":{"type":"Point","coordinates":[-100.1851358,25.695961099999998]},"properties":{"name":"Oxxo Rio Colorado 1","kind":"oxxo","place_id":"ChIJ7_32Jw7qYoYRF2zI2Bt28Yk","address":"Rangel Frias Y Aaron Saez 143, Circunvalación Nte., Nuevo San Miguel, 67116 Guadalupe, N.L.","types":["convenience_store","cell_phone_store","gift_shop","shipping_service","travel_agency","home_goods_store","finance","transportation_service","food_store","pet_care","store","service","food","point_of_interest","establishment"],"fuente":"places_api","fetched_at":"2026-09-24T22:41:22Z"}},{"type":"Feature","geometry":{"type":"Point","coordinates":[-100.2028086,25.778554699999997]},"properties":{"name":"Oxxo Rotonda San Francisco","kind":"oxxo","place_id":"ChIJPZAYZK7tYoYR6xZz8TRjVi8","address":"Blvrd San Francisco 1000, Centro, 66600 Cdad. Apodaca, N.L.","types":["convenience_store","cell_phone_store","shipping_service","travel_agency","pet_care","transportation_service","food_store","gift_shop","finance","home_goods_store","store","service","food","point_of_interest","establishment"],"fuente":"places_api","fetched_at":"2026-09-24T22:41:22Z"}},{"type":"Feature","geometry":{"type":"Point","coordinates":[-100.27825419999999,25.6296046]},"properties":{"name":"Oxxo Sagitario","kind":"oxxo","place_id":"ChIJNTCNK9G_YoYRnzW6u8A1JS8","address":"Crisantemos Y Tres Caminos, Av. Alfonso Reyes 207, Contry, 64860 Monterrey, N.L.","types":["convenience_store","food_store","store","food","point_of_interest","establishment"],"fuente":"places_api","fetched_at":"2026-09-24T22:41:22Z"}},{"type":"Feature","geometry":{"type":"Point","coordinates":[-100.48561880000001,25.7837292]},"properties":{"name":"Oxxo San Andres II","kind":"oxxo","place_id":"ChIJ-ZUcxLSbYoYR6YBw7zFTmj8","address":"Santa Maria, Santa Elena Y Santa Ines 102, Santa MarÌa, 66008 García, N.L.","types":["convenience_store","cell_phone_store","shipping_service","gift_shop","travel_agency","finance","home_goods_store","pet_care","transportation_service","food_store","store","food","point_of_interest","service","establishment"],"fuente":"places_api","fetched_at":"2026-09-24T22:41:22Z"}},{"type":"Feature","geometry":{"type":"Point","coordinates":[-100.4653081,25.6949902]},"properties":{"name":"Oxxo San Antonio","kind":"oxxo","place_id":"ChIJHUzlGrWZYoYR4ac41CIC6rE","address":"San Antonio Y San Pedro 237, Luis Donaldo Colosio Murrieta, San Francisco, 66368 Cdad. Santa Catarina, N.L.","types":["convenience_store","gift_shop","travel_agency","shipping_service","home_goods_store","finance","food_store","pet_care","cell_phone_store","food","transportation_service","point_of_interest","service","store","establishment"],"fuente":"places_api","fetched_at":"2026-09-24T22:41:22Z"}},{"type":"Feature","geometry":{"type":"Point","coordinates":[-100.3646425,25.7237832]},"properties":{"name":"Oxxo San Jorge","kind":"oxxo","place_id":"ChIJ7y9OKYmWYoYR-6rBitXEsaE","address":"Abraham Lincoln Y San Pablo 424, San Bernabé 424, San Jorge, 64330 Monterrey, N.L.","types":["convenience_store","cell_phone_store","shipping_service","travel_agency","pet_care","transportation_service","food_store","gift_shop","finance","home_goods_store","store","service","food","point_of_interest","establishment"],"fuente":"places_api","fetched_at":"2026-09-24T22:41:22Z"}},{"type":"Feature","geometry":{"type":"Point","coordinates":[-100.4055477,25.820810400000003]},"properties":{"name":"Oxxo San Liberio","kind":"oxxo","place_id":"ChIJ780x_E-QYoYRCz32fJ-ljEE","address":"Juan Pablo II, 66085 Praderas de San Francisco, N.L.","types":["convenience_store","liquor_store","food_store","store","food","point_of_interest","establishment"],"fuente":"places_api","fetched_at":"2026-09-24T22:41:22Z"}},{"type":"Feature","geometry":{"type":"Point","coordinates":[-100.468223,25.680005599999998]},"properties":{"name":"Oxxo San Lucas","kind":"oxxo","place_id":"ChIJ5SmWHeaZYoYRnoevZGMmgSY","address":"Abeto 600 Cabo San Lucas Zimix, Supermanzana Seccion, Leones, 66358 Cdad. Santa Catarina, N.L.","types":["convenience_store","gift_shop","travel_agency","shipping_service","home_goods_store","finance","food_store","pet_care","cell_phone_store","food","transportation_service","point_of_interest","service","store","establishment"],"fuente":"places_api","fetched_at":"2026-09-24T22:41:22Z"}},{"type":"Feature","geometry":{"type":"Point","coordinates":[-100.1677287,25.7193552]},"properties":{"name":"Oxxo San Miguel Huinala","kind":"oxxo","place_id":"ChIJXVgGZIjpYoYRzxuJzMbbCWo","address":"Carretera San Miguel - Huinala, Camino De Los Magueyes Y Valle De Santo 801, Valle San Miguel Lote Tom·s, 66648 Cdad. Apodaca, N.L.","types":["convenience_store","cell_phone_store","gift_shop","shipping_service","travel_agency","home_goods_store","finance","transportation_service","food_store","pet_care","store","service","food","point_of_interest","establishment"],"fuente":"places_api","fetched_at":"2026-09-24T22:41:22Z"}},{"type":"Feature","geometry":{"type":"Point","coordinates":[-100.40212849999999,25.852155099999997]},"properties":{"name":"Oxxo San Miguel del Parque NLD","kind":"oxxo","place_id":"ChIJy2HWRACRYoYRnVG5TpMJdjg","address":"66086 Cdad. Gral. Escobedo, N.L.","types":["convenience_store","food_store","store","food","point_of_interest","establishment"],"fuente":"places_api","fetched_at":"2026-09-24T22:41:22Z"}},{"type":"Feature","geometry":{"type":"Point","coordinates":[-100.1326464,25.616292299999998]},"properties":{"name":"Oxxo San Milano","kind":"oxxo","place_id":"ChIJlfw9cWHDYoYRg0tzZQZAnrU","address":"Av. San Antonio 650 Esq. San Milano, 5∞Sector San Francisco, San Francisco, Primer Sector, 67280 Cdad. Benito Juárez, N.L.","types":["convenience_store","cell_phone_store","shipping_service","gift_shop","travel_agency","finance","home_goods_store","pet_care","transportation_service","food_store","store","food","point_of_interest","service","establishment"],"fuente":"places_api","fetched_at":"2026-09-24T22:41:22Z"}},{"type":"Feature","geometry":{"type":"Point","coordinates":[-100.05761389999999,25.6082111]},"properties":{"name":"Oxxo Santa Anita","kind":"oxxo","place_id":"ChIJNVFWAQDdYoYR0PEnPxMhIiM","address":"Av Santa anita 2a, etapa Fraccionamiento, Santa Anita, 67485 Cadereyta Jiménez, N.L.","types":["convenience_store","food_store","store","food","point_of_interest","establishment"],"fuente":"places_api","fetched_at":"2026-09-24T22:41:22Z"}},{"type":"Feature","geometry":{"type":"Point","coordinates":[-100.147083,25.860743499999998]},"properties":{"name":"Oxxo Santa Elena Premier","kind":"oxxo","place_id":"ChIJjyp8JADvYoYRk05elk2rOVo","address":"Av. Sta. Elena 65776, Valle de Santa Elena, 65776 Gral. Zuazua, N.L.","types":["convenience_store","food_store","store","food","point_of_interest","establishment"],"fuente":"places_api","fetched_at":"2026-09-24T22:41:22Z"}},{"type":"Feature","geometry":{"type":"Point","coordinates":[-100.3759302,25.670149499999997]},"properties":{"name":"Oxxo Santa María 2","kind":"oxxo","place_id":"ChIJBfaUIwKXYoYR73l1ehSOzNA","address":"Blvd Antonio L Rodriguez, Privada Santa MarÌa Y Puente Atirantado 1, Blvd ConstituciÛn) 2000 Supermanzana Antes, Santa María, 64650 Monterrey, N.L.","types":["convenience_store","cell_phone_store","shipping_service","gift_shop","travel_agency","finance","home_goods_store","transportation_service","food_store","store","food","point_of_interest","service","establishment"],"fuente":"places_api","fetched_at":"2026-09-24T22:41:22Z"}},{"type":"Feature","geometry":{"type":"Point","coordinates":[-100.48960939999999,25.689206]},"properties":{"name":"Oxxo Sendero SC SLF","kind":"oxxo","place_id":"ChIJZ6DlIQCZYoYRKTkVPA-whzE","address":"66367 Cdad. Santa Catarina, N.L.","types":["grocery_store","food_store","store","food","point_of_interest","establishment"],"fuente":"places_api","fetched_at":"2026-09-24T22:41:22Z"}},{"type":"Feature","geometry":{"type":"Point","coordinates":[-100.58856999999999,25.776380000000003]},"properties":{"name":"Oxxo Sierra Real 3","kind":"oxxo","place_id":"ChIJb1rooLmdYoYRFJtuzxiz_nQ","address":"Sierra Amarrilla Y Sierra San Luis 501, Sierra Real, 66004 García, N.L.","types":["convenience_store","cell_phone_store","shipping_service","travel_agency","pet_care","transportation_service","food_store","gift_shop","finance","home_goods_store","store","service","food","point_of_interest","establishment"],"fuente":"places_api","fetched_at":"2026-09-24T22:41:22Z"}},{"type":"Feature","geometry":{"type":"Point","coordinates":[-100.530147,25.733842499999998]},"properties":{"name":"Oxxo Smart Wolong","kind":"oxxo","place_id":"ChIJ6c-_NwCfYoYRZhOlaBx6ad4","address":"Libramiento Poniente km 4.5, 66001 García, N.L.","types":["convenience_store","food_store","store","food","point_of_interest","establishment"],"fuente":"places_api","fetched_at":"2026-09-24T22:41:22Z"}},{"type":"Feature","geometry":{"type":"Point","coordinates":[-100.1489831,25.639070699999998]},"properties":{"name":"Oxxo Sol Residencial","kind":"oxxo","place_id":"ChIJg1Ko-1jDYoYRwcAWk0HsQDQ","address":"Vista Sol Y San Roque 1000, Av Eloy Cavazos, Sol Residencial Ii Sector, 67277 Cdad. Benito Juárez, N.L.","types":["convenience_store","cell_phone_store","shipping_service","gift_shop","travel_agency","finance","home_goods_store","pet_care","transportation_service","food_store","store","food","point_of_interest","service","establishment"],"fuente":"places_api","fetched_at":"2026-09-24T22:41:22Z"}},{"type":"Feature","geometry":{"type":"Point","coordinates":[-100.38589309999999,25.7791021]},"properties":{"name":"Oxxo Solidaridad","kind":"oxxo","place_id":"ChIJfWnX8ySRYoYR9vxcNKNImnc","address":"Esq. Luis Donaldo, Av. Cabezada s/n, Barrio La Moderna, 64100 Monterrey, N.L.","types":["convenience_store","cell_phone_store","shipping_service","gift_shop","travel_agency","finance","home_goods_store","pet_care","transportation_service","food_store","store","food","point_of_interest","service","establishment"],"fuente":"places_api","fetched_at":"2026-09-24T22:41:22Z"}},{"type":"Feature","geometry":{"type":"Point","coordinates":[-100.18808469999999,25.785439399999998]},"properties":{"name":"Oxxo Sonora","kind":"oxxo","place_id":"ChIJo2kccH7tYoYRpsBbzrNZYMM","address":"Padre Mier 423, Cabecera Municipal (Apodaca), Apodaca Centro, 66600 Cdad. Apodaca, N.L.","types":["convenience_store","cell_phone_store","shipping_service","travel_agency","pet_care","transportation_service","food_store","gift_shop","finance","home_goods_store","store","service","food","point_of_interest","establishment"],"fuente":"places_api","fetched_at":"2026-09-24T22:41:22Z"}},{"type":"Feature","geometry":{"type":"Point","coordinates":[-100.37716549999999,25.659650499999998]},"properties":{"name":"Oxxo Suchiate (San Pedro)","kind":"oxxo","place_id":"ChIJm00h7o29YoYRWOKSgKOH5Mo","address":"Rio Suchiate, Calz. del Valle 102, Del Valle, 66220 San Pedro Garza García, N.L.","types":["convenience_store","cell_phone_store","shipping_service","gift_shop","travel_agency","finance","home_goods_store","pet_care","transportation_service","food_store","store","food","point_of_interest","service","establishment"],"fuente":"places_api","fetched_at":"2026-09-24T22:41:22Z"}},{"type":"Feature","geometry":{"type":"Point","coordinates":[-100.10032509999999,25.630339799999998]},"properties":{"name":"Oxxo Súper San Cristóbal","kind":"oxxo","place_id":"ChIJCVCQ3zzDYoYRERRiFXlmxn0","address":"Carretera Juárez - San Mateo, 202 Los Portales Y Portal Del Mirador, Portal de Juarez, 67266 Cdad. Benito Juárez, N.L.","types":["convenience_store","food_store","store","food","point_of_interest","establishment"],"fuente":"places_api","fetched_at":"2026-09-24T22:41:22Z"}},{"type":"Feature","geometry":{"type":"Point","coordinates":[-100.5074029,25.7098428]},"properties":{"name":"Oxxo Terrapark SLF","kind":"oxxo","place_id":"ChIJBdsQcwCZYoYR1NDXuNPBS90","address":"Hacienda Sta. María 300Hacienda el Palmar66367, 66367 Cdad. Santa Catarina, N.L.","types":["convenience_store","food_store","store","food","point_of_interest","establishment"],"fuente":"places_api","fetched_at":"2026-09-24T22:41:22Z"}},{"type":"Feature","geometry":{"type":"Point","coordinates":[-100.3263334,25.733705399999998]},"properties":{"name":"Oxxo Terán","kind":"oxxo","place_id":"ChIJ7xGtrNGVYoYRsVbCTs1KChI","address":"Terán 6401, Topo Chico, 64260 Monterrey, N.L.","types":["convenience_store","cell_phone_store","shipping_service","travel_agency","pet_care","transportation_service","food_store","gift_shop","finance","home_goods_store","store","service","food","point_of_interest","establishment"],"fuente":"places_api","fetched_at":"2026-09-24T22:41:22Z"}},{"type":"Feature","geometry":{"type":"Point","coordinates":[-100.0916581,25.6792658]},"properties":{"name":"Oxxo Toledo II","kind":"oxxo","place_id":"ChIJUSWJhFDDYoYR3NGRumlIaRA","address":"Esq. Barcelona, Toledo 205, Praderas de San Juan 1er. Sector, 67267 Cdad. Benito Juárez, N.L.","types":["convenience_store","gift_shop","travel_agency","shipping_service","home_goods_store","finance","food_store","pet_care","cell_phone_store","food","transportation_service","point_of_interest","service","store","establishment"],"fuente":"places_api","fetched_at":"2026-09-24T22:41:22Z"}},{"type":"Feature","geometry":{"type":"Point","coordinates":[-100.2234142,25.724442999999997]},"properties":{"name":"Oxxo Torres Romulo","kind":"oxxo","place_id":"ChIJYZhS6K3rYoYREMxLuiCoM8o","address":"Av. Romulo Garza, Av. Las Torres 505-A, Industrias Del Vidrio Sect 1, 66490 San Nicolás de los Garza, N.L.","types":["convenience_store","gift_shop","travel_agency","shipping_service","home_goods_store","finance","food_store","cell_phone_store","food","transportation_service","point_of_interest","service","store","establishment"],"fuente":"places_api","fetched_at":"2026-09-24T22:41:22Z"}},{"type":"Feature","geometry":{"type":"Point","coordinates":[-100.1710914,25.8008354]},"properties":{"name":"Oxxo Triana","kind":"oxxo","place_id":"ChIJf3uD6R_sYoYRPNDdFyl9c1A","address":"Camino Apodaca- Agua Fria 301, Antigua Carretera a Aguafria 301, Del Fraccionamiento, Triana, 66620 Cdad. Apodaca, N.L.","types":["convenience_store","cell_phone_store","gift_shop","shipping_service","travel_agency","home_goods_store","finance","transportation_service","food_store","pet_care","store","service","food","point_of_interest","establishment"],"fuente":"places_api","fetched_at":"2026-09-24T22:41:22Z"}},{"type":"Feature","geometry":{"type":"Point","coordinates":[-100.08740490000001,25.683016799999997]},"properties":{"name":"Oxxo Urbivillas II","kind":"oxxo","place_id":"ChIJO9M8kq7CYoYRt-qsalNKVsQ","address":"San Geronimo 101 Minas De San Geronimo, Urbi Villa Del Real, 67256 Cdad. Benito Juárez, N.L.","types":["convenience_store","gift_shop","travel_agency","shipping_service","home_goods_store","finance","food_store","pet_care","cell_phone_store","food","transportation_service","point_of_interest","service","store","establishment"],"fuente":"places_api","fetched_at":"2026-09-24T22:41:22Z"}},{"type":"Feature","geometry":{"type":"Point","coordinates":[-100.3493391,25.6973463]},"properties":{"name":"Oxxo Urdiales","kind":"oxxo","place_id":"ChIJnW63WHWWYoYRXelUWp2NSzw","address":"MoisÈs Saenz Y Leones 113, Av Paseo de los Leones, Los Urdiales, 64430 Monterrey, N.L.","types":["convenience_store","cell_phone_store","shipping_service","travel_agency","pet_care","transportation_service","food_store","gift_shop","finance","home_goods_store","store","service","food","point_of_interest","establishment"],"fuente":"places_api","fetched_at":"2026-09-24T22:41:22Z"}},{"type":"Feature","geometry":{"type":"Point","coordinates":[-100.35569269999999,25.7383432]},"properties":{"name":"Oxxo Uxmal","kind":"oxxo","place_id":"ChIJA3IXMpmWYoYRswNrHjD3-zo","address":"Uxmal 813, Unidad Modelo, 64140 Monterrey, N.L.","types":["convenience_store","cell_phone_store","shipping_service","travel_agency","pet_care","transportation_service","food_store","gift_shop","finance","home_goods_store","store","service","food","point_of_interest","establishment"],"fuente":"places_api","fetched_at":"2026-09-24T22:41:22Z"}},{"type":"Feature","geometry":{"type":"Point","coordinates":[-100.1091211,25.613862599999997]},"properties":{"name":"Oxxo Valle Condesa","kind":"oxxo","place_id":"ChIJfaegZQDDYoYR8Bb434pu4lg","address":"Carr. a San Mateo, 67294 N.L.","types":["convenience_store","food_store","store","food","point_of_interest","establishment"],"fuente":"places_api","fetched_at":"2026-09-24T22:41:22Z"}},{"type":"Feature","geometry":{"type":"Point","coordinates":[-100.33396830000001,25.6421289]},"properties":{"name":"Oxxo Valle Oriente I","kind":"oxxo","place_id":"ChIJOwoo226-YoYRfWA1LOC2ijA","address":"Ave. Fundadores, Hacienda San Agustín, 66220 San Pedro Garza García, N.L.","types":["convenience_store","cell_phone_store","shipping_service","gift_shop","travel_agency","finance","home_goods_store","pet_care","transportation_service","food_store","store","food","point_of_interest","service","establishment"],"fuente":"places_api","fetched_at":"2026-09-24T22:41:22Z"}},{"type":"Feature","geometry":{"type":"Point","coordinates":[-100.46402479999999,25.795406699999997]},"properties":{"name":"Oxxo Valle San José","kind":"oxxo","place_id":"ChIJ9cvrDl2aYoYRUXUjW4c4JEk","address":"Antiguo Camino A San José 1401, Valle de Lincoln Sector San José, 66023 Valle de Lincoln, N.L.","types":["convenience_store","liquor_store","food_store","food","point_of_interest","store","establishment"],"fuente":"places_api","fetched_at":"2026-09-24T22:41:22Z"}},{"type":"Feature","geometry":{"type":"Point","coordinates":[-100.48856359999999,25.7904669]},"properties":{"name":"Oxxo Valle de Lincoln","kind":"oxxo","place_id":"ChIJMbUIcrKbYoYRxG44Q_J3x1Q","address":"Camino A San Jose 600 Oro Y Real De Minas, Valle de Lincoln 4 etapa, Valle de Lincoln, 66008 García, N.L.","types":["convenience_store","cell_phone_store","shipping_service","travel_agency","pet_care","transportation_service","food_store","gift_shop","finance","home_goods_store","store","service","food","point_of_interest","establishment"],"fuente":"places_api","fetched_at":"2026-09-24T22:41:22Z"}},{"type":"Feature","geometry":{"type":"Point","coordinates":[-100.4617995,25.798389600000004]},"properties":{"name":"Oxxo Valle de San José ll","kind":"oxxo","place_id":"ChIJvYAsV2eaYoYRN764h4KsA5U","address":"SeÒorial Y Virrey 300, Real 300, Valle de Lincoln Sector San José, 66023 García, N.L.","types":["convenience_store","food_store","food","point_of_interest","store","establishment"],"fuente":"places_api","fetched_at":"2026-09-24T22:41:22Z"}},{"type":"Feature","geometry":{"type":"Point","coordinates":[-100.53869689999999,25.814191599999997]},"properties":{"name":"Oxxo Valle del Bosque","kind":"oxxo","place_id":"ChIJ3w1uCQCdYoYRZzTDj_vjvrk","address":"Av. Vista Bella 123, Vista Bella, 66013 García, N.L.","types":["convenience_store","food_store","food","point_of_interest","store","establishment"],"fuente":"places_api","fetched_at":"2026-09-24T22:41:22Z"}},{"type":"Feature","geometry":{"type":"Point","coordinates":[-100.1574129,25.6089618]},"properties":{"name":"Oxxo Valle del parque","kind":"oxxo","place_id":"ChIJc7vSQgDDYoYRBn7OnTuHtj8","address":"Carr. a San Roque 286, 67280 Arboledas de San Roque, N.L.","types":["convenience_store","food_store","store","food","point_of_interest","establishment"],"fuente":"places_api","fetched_at":"2026-09-24T22:41:22Z"}},{"type":"Feature","geometry":{"type":"Point","coordinates":[-100.2700624,25.6394374]},"properties":{"name":"Oxxo Villa Del Rio","kind":"oxxo","place_id":"ChIJG_Sf24S_YoYRdZMFcgCobn8","address":"Alfonso Reyes Y Rio Salinas 452, Av. Alfonso Reyes, Villa del Río, 64850 Monterrey, N.L.","types":["convenience_store","cell_phone_store","shipping_service","gift_shop","travel_agency","finance","home_goods_store","pet_care","transportation_service","food_store","store","food","point_of_interest","service","establishment"],"fuente":"places_api","fetched_at":"2026-09-24T22:41:22Z"}},{"type":"Feature","geometry":{"type":"Point","coordinates":[-100.59222779999999,25.7804978]},"properties":{"name":"Oxxo Villa del Prado","kind":"oxxo","place_id":"ChIJK2fFfLydYoYR2Di7Wu6Eufs","address":"Praderas De Galeana Y Praderas De Aramberri 300, Av. P.º del Prado, Urbivilla del Prado, 66000 García, N.L.","types":["convenience_store","cell_phone_store","shipping_service","gift_shop","travel_agency","finance","home_goods_store","pet_care","transportation_service","food_store","store","food","point_of_interest","service","establishment"],"fuente":"places_api","fetched_at":"2026-09-24T22:41:22Z"}},{"type":"Feature","geometry":{"type":"Point","coordinates":[-100.3183933,25.7773199]},"properties":{"name":"Oxxo Villas Escobedo","kind":"oxxo","place_id":"ChIJyyLypo-TYoYRmVe-6BnMOQU","address":"Esq. Insurgentes, Av. Raúl Salinas Lozano 300-1, Villas de Escobedo, 66056 Cdad. Gral. Escobedo, N.L.","types":["convenience_store","cell_phone_store","gift_shop","shipping_service","travel_agency","home_goods_store","finance","transportation_service","food_store","pet_care","store","service","food","point_of_interest","establishment"],"fuente":"places_api","fetched_at":"2026-09-24T22:41:22Z"}},{"type":"Feature","geometry":{"type":"Point","coordinates":[-100.26589229999999,25.6119058]},"properties":{"name":"Oxxo Villas Las Fuentes II","kind":"oxxo","place_id":"ChIJXcgT0ma_YoYRDHbalKyxEBw","address":"Paseo De La Luz S/N Esq, C. Paseo de las Fuentes, Villa Las Fuentes, 64890 Monterrey, N.L.","types":["convenience_store","cell_phone_store","shipping_service","gift_shop","travel_agency","finance","home_goods_store","pet_care","transportation_service","food_store","store","food","point_of_interest","service","establishment"],"fuente":"places_api","fetched_at":"2026-09-24T22:41:22Z"}},{"type":"Feature","geometry":{"type":"Point","coordinates":[-100.6036067,25.7719567]},"properties":{"name":"Oxxo Vista Montaña","kind":"oxxo","place_id":"ChIJ8fXWcACdYoYRFlDmTZZx1eQ","address":"Monte Perdido 105, entre cerro de la bufa, 66018 García, N.L.","types":["convenience_store","food_store","food","point_of_interest","store","establishment"],"fuente":"places_api","fetched_at":"2026-09-24T22:41:22Z"}},{"type":"Feature","geometry":{"type":"Point","coordinates":[-100.3538087,25.7344145]},"properties":{"name":"Oxxo Zempoala","kind":"oxxo","place_id":"ChIJcdd65w6XYoYR5lfCyj1MAMM","address":"Zempoala Y Moctezuma 4206, Av. Azteca, Santa Cruz (Fomerrey 10), 64160 Monterrey, N.L.","types":["convenience_store","cell_phone_store","shipping_service","gift_shop","travel_agency","finance","home_goods_store","pet_care","transportation_service","food_store","store","food","point_of_interest","service","establishment"],"fuente":"places_api","fetched_at":"2026-09-24T22:41:22Z"}},{"type":"Feature","geometry":{"type":"Point","coordinates":[-100.13441159999999,25.8474517]},"properties":{"name":"Oxxo Zuazua - Apodaca","kind":"oxxo","place_id":"ChIJq60oHwDvYoYRrzClni_wRsM","address":"RVW8+V7, Sector San Jorge, 65776 Valle de Santa Elena, N.L.","types":["convenience_store","food_store","store","food","point_of_interest","establishment"],"fuente":"places_api","fetched_at":"2026-09-24T22:41:22Z"}},{"type":"Feature","geometry":{"type":"Point","coordinates":[-100.5988208,25.800264499999997]},"properties":{"name":"Oxxo ampliación nogales","kind":"oxxo","place_id":"ChIJX4ldrT2dYoYRtVI7zU9HpVM","address":"Av. Peral, Olivo 201, Ampliación Los Nogales, 66003 García, N.L.","types":["convenience_store","cell_phone_store","shipping_service","travel_agency","pet_care","transportation_service","food_store","gift_shop","finance","home_goods_store","store","service","food","point_of_interest","establishment"],"fuente":"places_api","fetched_at":"2026-09-24T22:41:22Z"}},{"type":"Feature","geometry":{"type":"Point","coordinates":[-100.58702939999999,25.820194899999997]},"properties":{"name":"Oxxo camino a las grutas","kind":"oxxo","place_id":"ChIJBw0tNgCdYoYR6wPBLEL4ZxA","address":"Menta, Priv. Los Encinos 131, 66009 García, N.L.","types":["convenience_store","food_store","store","food","point_of_interest","establishment"],"fuente":"places_api","fetched_at":"2026-09-24T22:41:22Z"}},{"type":"Feature","geometry":{"type":"Point","coordinates":[-100.18570559999999,25.7280026]},"properties":{"name":"Oxxo concepción del oro","kind":"oxxo","place_id":"ChIJU8exZrnrYoYR2uI5bwSsoT4","address":"Concepcion Del Oro Y Chalchihuites 144, Tepetongo 4 Sector, Cañada Blanca, 67117 Guadalupe, N.L.","types":["convenience_store","cell_phone_store","shipping_service","travel_agency","pet_care","transportation_service","food_store","gift_shop","finance","home_goods_store","store","service","food","point_of_interest","establishment"],"fuente":"places_api","fetched_at":"2026-09-24T22:41:22Z"}},{"type":"Feature","geometry":{"type":"Point","coordinates":[-100.45980809999999,25.6836718]},"properties":{"name":"Oxxo csc santa catarina","kind":"oxxo","place_id":"ChIJdx3Y8xSYYoYRTVkifotQaVs","address":"Privada Las Huertas Y CallejÛn Del Marmol 1216, Carr. Monterrey - Saltillo, Santa Catarina, Lomas De Santa Catarina, 66359 Cdad. Santa Catarina, N.L.","types":["convenience_store","cell_phone_store","shipping_service","gift_shop","travel_agency","finance","home_goods_store","transportation_service","food_store","store","food","point_of_interest","service","establishment"],"fuente":"places_api","fetched_at":"2026-09-24T22:41:22Z"}},{"type":"Feature","geometry":{"type":"Point","coordinates":[-100.0762432,25.6268285]},"properties":{"name":"Oxxo de fuente de piedra","kind":"oxxo","place_id":"ChIJWx_kQADdYoYRYg7kKWGDesw","address":"Av. Fuente de Piedra, 67262 Cdad. Benito Juárez, N.L.","types":["convenience_store","food_store","store","food","point_of_interest","establishment"],"fuente":"places_api","fetched_at":"2026-09-24T22:41:22Z"}},{"type":"Feature","geometry":{"type":"Point","coordinates":[-100.283988,25.653035400000004]},"properties":{"name":"Oxxo estadio","kind":"oxxo","place_id":"ChIJf2p_GdO_YoYRQ7CmIfpNHGU","address":"Ricardo Covarrubias, Av. Union 3000, Fraccionamiento Estadio, Distrito Tec, 64830 Monterrey, N.L.","types":["convenience_store","food_store","store","food","point_of_interest","establishment"],"fuente":"places_api","fetched_at":"2026-09-24T22:41:22Z"}},{"type":"Feature","geometry":{"type":"Point","coordinates":[-100.469696,25.6886428]},"properties":{"name":"Oxxo ibp","kind":"oxxo","place_id":"ChIJSyCzeQCZYoYR9kM6g0-XfHo","address":"Av. Industrial Sta. Catarina 201-155, Sin Nombre de Col 4, 66367 Cdad. Santa Catarina, N.L.","types":["grocery_store","food_store","store","food","point_of_interest","establishment"],"fuente":"places_api","fetched_at":"2026-09-24T22:41:22Z"}},{"type":"Feature","geometry":{"type":"Point","coordinates":[-100.514138,25.7422258]},"properties":{"name":"Oxxo libramiento","kind":"oxxo","place_id":"ChIJJ835yESZYoYRv7X7cddCl2w","address":"Eje Metropolitano 910 1948, 66384 N.L.","types":["convenience_store","food_store","store","food","point_of_interest","establishment"],"fuente":"places_api","fetched_at":"2026-09-24T22:41:22Z"}},{"type":"Feature","geometry":{"type":"Point","coordinates":[-100.3210241,25.8214147]},"properties":{"name":"Oxxo libramiento noreste 2","kind":"oxxo","place_id":"ChIJC4RipU6SYoYRFQKrEk9jODA","address":"Eje Metropolitano 910 526, 66053 Cdad. Gral. Escobedo, N.L.","types":["convenience_store","food_store","store","food","point_of_interest","establishment"],"fuente":"places_api","fetched_at":"2026-09-24T22:41:22Z"}},{"type":"Feature","geometry":{"type":"Point","coordinates":[-100.1350058,25.7109328]},"properties":{"name":"Oxxo loma de la paz","kind":"oxxo","place_id":"ChIJoTDDIMjpYoYR5NhkxcwBDPc","address":"Carretera Apodaca A Villa Juárez, Lomas del Tibet 223-A, Loma De La Paz, 66647 Cdad. Apodaca, N.L.","types":["convenience_store","cell_phone_store","gift_shop","shipping_service","travel_agency","home_goods_store","finance","transportation_service","food_store","pet_care","store","service","food","point_of_interest","establishment"],"fuente":"places_api","fetched_at":"2026-09-24T22:41:22Z"}},{"type":"Feature","geometry":{"type":"Point","coordinates":[-100.121476,25.633920999999997]},"properties":{"name":"Oxxo los agaves","kind":"oxxo","place_id":"ChIJacMIGIbDYoYRKzMGtP4dlAM","address":"Av. Los Agaves 200 Esq. Mezqite, Los Agaves Col, 67275 Cdad. Benito Juárez, N.L.","types":["convenience_store","cell_phone_store","shipping_service","gift_shop","travel_agency","finance","home_goods_store","pet_care","transportation_service","food_store","store","food","point_of_interest","service","establishment"],"fuente":"places_api","fetched_at":"2026-09-24T22:41:22Z"}},{"type":"Feature","geometry":{"type":"Point","coordinates":[-100.3337356,25.6502664]},"properties":{"name":"Oxxo metropolitan","kind":"oxxo","place_id":"ChIJFSWGOwC_YoYR-lMJS8EsDHk","address":"Av Lázaro Cárdenas 2400, Valle Oriente, 66260 San Pedro Garza García, N.L.","types":["convenience_store","food_store","store","food","point_of_interest","establishment"],"fuente":"places_api","fetched_at":"2026-09-24T22:41:22Z"}},{"type":"Feature","geometry":{"type":"Point","coordinates":[-100.38503829999999,25.7230593]},"properties":{"name":"Oxxo navegantes","kind":"oxxo","place_id":"ChIJm7MJIvqWYoYRoqRkVZ7924s","address":"Ave. Juan De Ayolas Y Rodrigo De Triana 219, Paseo De Lo, P.º de los Navegantes, Cumbres 4To Sector, 64619 Monterrey, N.L.","types":["convenience_store","cell_phone_store","shipping_service","gift_shop","travel_agency","finance","home_goods_store","pet_care","transportation_service","food_store","store","food","point_of_interest","service","establishment"],"fuente":"places_api","fetched_at":"2026-09-24T22:41:22Z"}},{"type":"Feature","geometry":{"type":"Point","coordinates":[-100.3124048,25.7687097]},"properties":{"name":"Oxxo nexxus cristal","kind":"oxxo","place_id":"ChIJIdoOnXiUYoYRaPDM11ATt6A","address":"Ave. Cristal Y Orsini 700, Av. Los Pinos 700, Nexxus Residencial Sector Cristal, Joyas de Anahuac, 66055 Cdad. Gral. Escobedo, N.L.","types":["convenience_store","cell_phone_store","gift_shop","shipping_service","travel_agency","home_goods_store","finance","transportation_service","food_store","pet_care","store","service","food","point_of_interest","establishment"],"fuente":"places_api","fetched_at":"2026-09-24T22:41:22Z"}},{"type":"Feature","geometry":{"type":"Point","coordinates":[-100.34887529999999,25.7211608]},"properties":{"name":"Oxxo nuevo México","kind":"oxxo","place_id":"ChIJUcf_ryqUYoYRgz8PwjnQQsE","address":"Av. Nuevo México, S. Bernabé 101 Esq, Morelos, 64180 Monterrey, N.L.","types":["convenience_store","cell_phone_store","shipping_service","travel_agency","pet_care","transportation_service","food_store","gift_shop","finance","home_goods_store","store","service","food","point_of_interest","establishment"],"fuente":"places_api","fetched_at":"2026-09-24T22:41:22Z"}},{"type":"Feature","geometry":{"type":"Point","coordinates":[-100.21767,25.7746]},"properties":{"name":"Oxxo ojo de agua","kind":"oxxo","place_id":"ChIJVwMBzn_rYoYRoyaZhOCyEW0","address":"Antiguo Camino Mezquital, Ave. Chopo Y Libramiento Ruben Garcia 1000, Antiguo Camino Santo Domingo, Centro, 66600 Radica, N.L.","types":["convenience_store","cell_phone_store","shipping_service","travel_agency","pet_care","transportation_service","food_store","gift_shop","finance","home_goods_store","store","service","food","point_of_interest","establishment"],"fuente":"places_api","fetched_at":"2026-09-24T22:41:22Z"}},{"type":"Feature","geometry":{"type":"Point","coordinates":[-100.2754916,25.6104871]},"properties":{"name":"Oxxo pontenova mty","kind":"oxxo","place_id":"ChIJ7ZxqdWm_YoYR90qJm4W0Tqo","address":"Av Reforma Y Juan M Garcia 3630, Francisco Cárdenas, Eduardo Elizondo, 64940 Monterrey, N.L.","types":["convenience_store","cell_phone_store","shipping_service","gift_shop","travel_agency","finance","home_goods_store","pet_care","transportation_service","food_store","store","food","point_of_interest","service","establishment"],"fuente":"places_api","fetched_at":"2026-09-24T22:41:22Z"}},{"type":"Feature","geometry":{"type":"Point","coordinates":[-100.3893198,25.8436754]},"properties":{"name":"Oxxo salamanca","kind":"oxxo","place_id":"ChIJywezdcKRYoYRvfQU1446c8E","address":"Av. Juárez 459, Guanajuato, 66086 Cdad. Gral. Escobedo, N.L.","types":["convenience_store","cell_phone_store","shipping_service","gift_shop","travel_agency","finance","home_goods_store","pet_care","transportation_service","food_store","store","food","point_of_interest","service","establishment"],"fuente":"places_api","fetched_at":"2026-09-24T22:41:22Z"}},{"type":"Feature","geometry":{"type":"Point","coordinates":[-100.2735397,25.6268077]},"properties":{"name":"Oxxo sendero","kind":"oxxo","place_id":"ChIJK6klz5O_YoYRbxZQxc-5Oa4","address":"Av. Revolucion, Sendero Sur 1205, Contry, 64860 Monterrey, N.L.","types":["convenience_store","cell_phone_store","shipping_service","gift_shop","travel_agency","finance","home_goods_store","pet_care","transportation_service","food_store","store","food","point_of_interest","service","establishment"],"fuente":"places_api","fetched_at":"2026-09-24T22:41:22Z"}},{"type":"Feature","geometry":{"type":"Point","coordinates":[-100.2144936,25.6640442]},"properties":{"name":"Oxxo serafín peña","kind":"oxxo","place_id":"ChIJGz1jWsvBYoYRRWh7_OBmBV0","address":"Serafin Pena Y E Zapata 4420, Prof. Serafin Peña, Guadalupe Victoria, 67180 Guadalupe, N.L.","types":["convenience_store","gift_shop","travel_agency","shipping_service","home_goods_store","finance","food_store","pet_care","cell_phone_store","food","transportation_service","point_of_interest","service","store","establishment"],"fuente":"places_api","fetched_at":"2026-09-24T22:41:22Z"}},{"type":"Feature","geometry":{"type":"Point","coordinates":[-100.4657684,25.671699699999998]},"properties":{"name":"Oxxo tienda Corregidora SLF","kind":"oxxo","place_id":"ChIJVU9xXwCZYoYRHbRAtev1I7Q","address":"1A Avenida 445, Ixtlera, 66350 Cdad. Santa Catarina, N.L.","types":["store","point_of_interest","establishment"],"fuente":"places_api","fetched_at":"2026-09-24T22:41:22Z"}},{"type":"Feature","geometry":{"type":"Point","coordinates":[-100.2409452,25.7281068]},"properties":{"name":"Oxxo villa luis","kind":"oxxo","place_id":"ChIJK66CjyDrYoYRsVhVG846CYA","address":"Villa Del Señor Y Villa 1400, Ave. De Los Pinos A De, Villa de La Luz, San Miguel Residencial, 66470 San Nicolás de los Garza, N.L.","types":["convenience_store","cell_phone_store","gift_shop","shipping_service","travel_agency","home_goods_store","finance","transportation_service","food_store","pet_care","store","service","food","point_of_interest","establishment"],"fuente":"places_api","fetched_at":"2026-09-24T22:41:22Z"}},{"type":"Feature","geometry":{"type":"Point","coordinates":[-100.0982629,25.658286699999998]},"properties":{"name":"Oxxo vista de las flores","kind":"oxxo","place_id":"ChIJMzgRF6vDYoYROaIkbrWjvEk","address":"Av Vista de las Flores 292, Vistas del Rio, 67267 Cdad. Benito Juárez, N.L.","types":["convenience_store","food_store","store","food","point_of_interest","establishment"],"fuente":"places_api","fetched_at":"2026-09-24T22:41:22Z"}},{"type":"Feature","geometry":{"type":"Point","coordinates":[-100.17164860000001,25.6627786]},"properties":{"name":"Oxxo xochimilco","kind":"oxxo","place_id":"ChIJe5GwQPXBYoYRmWEaXpZO2fc","address":"Xochimilco, C. Cam. A Vaquerias S/N, Sin Nombre de Col 9, 67195 Guadalupe, N.L.","types":["convenience_store","cell_phone_store","shipping_service","gift_shop","travel_agency","finance","home_goods_store","pet_care","transportation_service","food_store","store","food","point_of_interest","service","establishment"],"fuente":"places_api","fetched_at":"2026-09-24T22:41:22Z"}},{"type":"Feature","geometry":{"type":"Point","coordinates":[-100.3138232,25.8562388]},"properties":{"name":"Segundo Oxxo Cataluña","kind":"oxxo","place_id":"ChIJPzmSKHqSYoYRlzgOa1uVFP4","address":"CataluÒa Y Zaragoza 321, P.º del Jaral 321, Villas del Jaral, 66580 Carmen, N.L.","types":["convenience_store","cell_phone_store","shipping_service","gift_shop","travel_agency","finance","home_goods_store","pet_care","transportation_service","food_store","store","food","point_of_interest","service","establishment"],"fuente":"places_api","fetched_at":"2026-09-24T22:41:22Z"}},{"type":"Feature","geometry":{"type":"Point","coordinates":[-100.1603758,25.707563999999998]},"properties":{"name":"Tienda OXXO de Los Candiles","kind":"oxxo","place_id":"ChIJpQETwmzpYoYRGYSm2wpFq-8","address":"Avenida Orquidea 400, Calle Raquel Y Calle Claudia Esq, A, Los Pinceles, 66647 Cdad. Apodaca, N.L.","types":["convenience_store","cell_phone_store","gift_shop","shipping_service","travel_agency","home_goods_store","finance","transportation_service","food_store","store","service","food","point_of_interest","establishment"],"fuente":"places_api","fetched_at":"2026-09-24T22:41:22Z"}},{"type":"Feature","geometry":{"type":"Point","coordinates":[-100.18237250000001,25.734941199999998]},"properties":{"name":"Deposito Orquidea six","kind":"six","place_id":"ChIJLyrMkc3rYoYR5Y86E2VSzR0","address":"Fraccionamiento Avenida Monterrey - Huinala, Mirador Huinala, 66633 Monterrey, N.L.","types":["liquor_store","wholesaler","point_of_interest","service","store","establishment"],"fuente":"places_api","fetched_at":"2026-09-24T22:41:22Z"}},{"type":"Feature","geometry":{"type":"Point","coordinates":[-100.5897141,25.7984498]},"properties":{"name":"Deposito Six Popular","kind":"six","place_id":"ChIJEeTT4_SdYoYRaxOYECiWzMs","address":"C. Jazmin 651, Nuevo Amanecer, 66004 García, N.L.","types":["grocery_store","food_store","store","food","point_of_interest","establishment"],"fuente":"places_api","fetched_at":"2026-09-24T22:41:22Z"}},{"type":"Feature","geometry":{"type":"Point","coordinates":[-100.2217537,25.7188196]},"properties":{"name":"Deposito e SIX","kind":"six","place_id":"ChIJLWibnPnqYoYRnP1hItEDZYg","address":"Antiguo Camino a Apodaca, Constituyentes de Queretaro 6to Sector, 66470 San Nicolás de los Garza, N.L.","types":["supermarket","grocery_store","food_store","food","point_of_interest","store","establishment"],"fuente":"places_api","fetched_at":"2026-09-24T22:41:22Z"}},{"type":"Feature","geometry":{"type":"Point","coordinates":[-100.3205447,25.794438]},"properties":{"name":"SIX","kind":"six","place_id":"ChIJZ11ay72TYoYRYXJYWn8imsQ","address":"Monte Blanco 325, Praderas de Girasoles, 66056 Cdad. Gral. Escobedo, N.L.","types":["liquor_store","store","point_of_interest","establishment"],"fuente":"places_api","fetched_at":"2026-09-24T22:41:22Z"}},{"type":"Feature","geometry":{"type":"Point","coordinates":[-100.24957979999999,25.768393699999997]},"properties":{"name":"SIX","kind":"six","place_id":"ChIJsTM1_lTrYoYRgqrKTIQ979w","address":"Av. Los Fresnos 725-C ABARROTES FRESNOS, Fresnos IV, 66636 Cdad. Apodaca, N.L.","types":["bar","point_of_interest","establishment"],"fuente":"places_api","fetched_at":"2026-09-24T22:41:22Z"}},{"type":"Feature","geometry":{"type":"Point","coordinates":[-100.24486089999999,25.7276033]},"properties":{"name":"SIX ALMERÍA","kind":"six","place_id":"ChIJu-S9aCfrYoYRf2pkZCUaMsM","address":"C. Almería 431, Villas de Oriente 1er Sector, 66470 Monterrey, N.L.","types":["convenience_store","food_store","food","point_of_interest","store","establishment"],"fuente":"places_api","fetched_at":"2026-09-24T22:41:22Z"}},{"type":"Feature","geometry":{"type":"Point","coordinates":[-100.23826210000001,25.7818617]},"properties":{"name":"SIX JAB","kind":"six","place_id":"ChIJO5ra2kbtYoYRw0C3JPG-CiE","address":"Ciprés 801, Los Ebanos, 66612 Cdad. Apodaca, N.L.","types":["brewery","manufacturer","food","point_of_interest","service","establishment"],"fuente":"places_api","fetched_at":"2026-09-24T22:41:22Z"}},{"type":"Feature","geometry":{"type":"Point","coordinates":[-100.4670108,25.6717048]},"properties":{"name":"SIX LIDIA","kind":"six","place_id":"ChIJmfdeKgCZYoYRKlJk3YBAa_4","address":"Sta. Anita 534, Ixtlera, 66350 Cdad. Santa Catarina, N.L.","types":["convenience_store","food_store","store","food","point_of_interest","establishment"],"fuente":"places_api","fetched_at":"2026-09-24T22:41:22Z"}},{"type":"Feature","geometry":{"type":"Point","coordinates":[-100.26367599999999,25.6156343]},"properties":{"name":"SIX La Silla","kind":"six","place_id":"ChIJISKdx2O_YoYR9K0-cfdvLks","address":"Valle de La Silla 5224, Ejidal Los Remates, 64878 Monterrey, N.L.","types":["convenience_store","food_store","store","food","point_of_interest","establishment"],"fuente":"places_api","fetched_at":"2026-09-24T22:41:22Z"}},{"type":"Feature","geometry":{"type":"Point","coordinates":[-100.2495367,25.7884482]},"properties":{"name":"SIX TKT","kind":"six","place_id":"ChIJ6wIJiYHtYoYRFy006cY2VGY","address":"Esquina N3, C. E Cuarta, Metroplex I, 66612 Cdad. Apodaca, N.L.","types":["liquor_store","store","point_of_interest","establishment"],"fuente":"places_api","fetched_at":"2026-09-24T22:41:22Z"}},{"type":"Feature","geometry":{"type":"Point","coordinates":[-100.4659985,25.681376099999998]},"properties":{"name":"SIX Vidaurri","kind":"six","place_id":"ChIJdViddGyYYoYR_xLFMDiQD2o","address":"Vidaurri 360, Centro, 66350 Cdad. Santa Catarina, N.L.","types":["wholesaler","service","point_of_interest","establishment"],"fuente":"places_api","fetched_at":"2026-09-24T22:41:22Z"}},{"type":"Feature","geometry":{"type":"Point","coordinates":[-100.5722126,25.7900471]},"properties":{"name":"SIX bilbao","kind":"six","place_id":"ChIJFaQUxnSdYoYRmDo-Cz5F8pc","address":"Las Villas 302 B, Col. Hacienda Del Sol, 66000 García, N.L.","types":["grocery_store","food_store","food","point_of_interest","store","establishment"],"fuente":"places_api","fetched_at":"2026-09-24T22:41:22Z"}},{"type":"Feature","geometry":{"type":"Point","coordinates":[-100.23825049999999,25.7245466]},"properties":{"name":"SiX","kind":"six","place_id":"ChIJ7-Bl0t_qYoYRFel4Fd7V9NY","address":"Esq Siempre Viva, Av. las Flores, Industrias del Vidrio Oriente, San Nicolás de Los Garza, 66470 Monterrey, N.L.","types":["liquor_store","store","point_of_interest","establishment"],"fuente":"places_api","fetched_at":"2026-09-24T22:41:22Z"}},{"type":"Feature","geometry":{"type":"Point","coordinates":[-100.2372493,25.7908196]},"properties":{"name":"Six","kind":"six","place_id":"ChIJ3XSeHJbsYoYRmS809PsxW3Y","address":"Pinabete 700, Residencial Los Ebanos Nte. 2o Sector, 66612 Cdad. Apodaca, N.L.","types":["store","point_of_interest","establishment"],"fuente":"places_api","fetched_at":"2026-09-24T22:41:22Z"}},{"type":"Feature","geometry":{"type":"Point","coordinates":[-100.6120959,25.802991799999997]},"properties":{"name":"Six","kind":"six","place_id":"ChIJ40ApCXudYoYRPFgnCiv8JGI","address":"San Juan Bosco, Paseo de Capellania, 66007 García, N.L.","types":["grocery_store","liquor_store","food_store","store","food","point_of_interest","establishment"],"fuente":"places_api","fetched_at":"2026-09-24T22:41:22Z"}},{"type":"Feature","geometry":{"type":"Point","coordinates":[-100.3620037,25.8083487]},"properties":{"name":"Six","kind":"six","place_id":"ChIJ5VYZbneRYoYReaVyRJJJ56Q","address":"Av. las Torres 1216, Pedregal del Topo Chico, 64000 Cdad. Gral. Escobedo, N.L.","types":["grocery_store","liquor_store","food_store","store","food","point_of_interest","establishment"],"fuente":"places_api","fetched_at":"2026-09-24T22:41:22Z"}},{"type":"Feature","geometry":{"type":"Point","coordinates":[-100.2854277,25.6313732]},"properties":{"name":"Six","kind":"six","place_id":"ChIJBdbZi6C_YoYRhk14Nq2L8IE","address":"Pedro Velez, 10 de Marzo MZ, Colonia, 64488 Monterrey, N.L.","types":["liquor_store","grocery_store","food_store","store","food","point_of_interest","establishment"],"fuente":"places_api","fetched_at":"2026-09-24T22:41:22Z"}},{"type":"Feature","geometry":{"type":"Point","coordinates":[-100.5861995,25.801032000000003]},"properties":{"name":"Six","kind":"six","place_id":"ChIJKzfOqAidYoYRwr3ldnyJoMk","address":"Colonia, Fray Bartolomé de las Casas, RINCON DEL FRAILE, CP 66025 García, N.L.","types":["grocery_store","liquor_store","food_store","store","food","point_of_interest","establishment"],"fuente":"places_api","fetched_at":"2026-09-24T22:41:22Z"}},{"type":"Feature","geometry":{"type":"Point","coordinates":[-100.2583736,25.779200499999998]},"properties":{"name":"Six","kind":"six","place_id":"ChIJR09wl6zsYoYReeLTCA2Sar0","address":"Av Costa Rica 764, Prados de La Cieneguita, 66636 Cdad. Apodaca, N.L.","types":["grocery_store","liquor_store","food_store","store","food","point_of_interest","establishment"],"fuente":"places_api","fetched_at":"2026-09-24T22:41:22Z"}},{"type":"Feature","geometry":{"type":"Point","coordinates":[-100.5654126,25.801571199999998]},"properties":{"name":"Six","kind":"six","place_id":"ChIJW1sCvfmcYoYRamtKWhW_yVw","address":"Colonia Dr. Salvador Edward LT, Dr. Eduard Jenner, Valle de San Blas, CP 64000 García, N.L.","types":["grocery_store","liquor_store","food_store","store","food","point_of_interest","establishment"],"fuente":"places_api","fetched_at":"2026-09-24T22:41:22Z"}},{"type":"Feature","geometry":{"type":"Point","coordinates":[-100.4766996,25.673540499999998]},"properties":{"name":"Six","kind":"six","place_id":"ChIJZ5b7GHuYYoYRw2CRywQdXpo","address":"Manuel Ruiz de Chávez, Hacienda de Santa Catarina, 66357 Cdad. Santa Catarina, N.L.","types":["liquor_store","grocery_store","food_store","store","food","point_of_interest","establishment"],"fuente":"places_api","fetched_at":"2026-09-24T22:41:22Z"}},{"type":"Feature","geometry":{"type":"Point","coordinates":[-100.2435306,25.753801199999998]},"properties":{"name":"Six","kind":"six","place_id":"ChIJZwcn0kbrYoYRX0BmVlJB_oM","address":"Av. Aceros 333, Balcones del Mezquital, 66445 San Nicolás de los Garza, N.L.","types":["convenience_store","food_store","food","point_of_interest","store","establishment"],"fuente":"places_api","fetched_at":"2026-09-24T22:41:22Z"}},{"type":"Feature","geometry":{"type":"Point","coordinates":[-100.59150720000001,25.812931]},"properties":{"name":"Six","kind":"six","place_id":"ChIJ_____xOdYoYR7hb1dV6_7Gs","address":"Benito Juárez Manzana Colonia Lote Gardinia, Cabecera Municipal, 66000 García, N.L.","types":["grocery_store","food_store","store","food","point_of_interest","establishment"],"fuente":"places_api","fetched_at":"2026-09-24T22:41:22Z"}},{"type":"Feature","geometry":{"type":"Point","coordinates":[-100.4595593,25.675830899999998]},"properties":{"name":"Six","kind":"six","place_id":"ChIJb1cOeQ2YYoYRVIfCks_Qi8w","address":"Morelos, Sta. Catarina Centro MZ, 66350 Cdad. Santa Catarina, N.L.","types":["liquor_store","grocery_store","food_store","store","food","point_of_interest","establishment"],"fuente":"places_api","fetched_at":"2026-09-24T22:41:22Z"}},{"type":"Feature","geometry":{"type":"Point","coordinates":[-100.5846787,25.7964499]},"properties":{"name":"Six","kind":"six","place_id":"ChIJf8Go8wedYoYROPCSvHZBRDg","address":"Heberto Castillo Martínez, Paseo de las Minas, 66000 García, N.L.","types":["wholesaler","point_of_interest","service","establishment"],"fuente":"places_api","fetched_at":"2026-09-24T22:41:22Z"}},{"type":"Feature","geometry":{"type":"Point","coordinates":[-100.1539093,25.6566334]},"properties":{"name":"Six","kind":"six","place_id":"ChIJoRF3-zvCYoYRdoEzZFPHUuc","address":"Av Coahuila 101, Nuevo León, 67190 Guadalupe, N.L.","types":["liquor_store","store","point_of_interest","establishment"],"fuente":"places_api","fetched_at":"2026-09-24T22:41:22Z"}},{"type":"Feature","geometry":{"type":"Point","coordinates":[-100.32937319999999,25.677011]},"properties":{"name":"Six","kind":"six","place_id":"ChIJs5EF_fSVYoYRDfgPLYerl4M","address":"Modesto Arreola Pte. 1653, Centro, 64000 Monterrey, N.L.","types":["convenience_store","general_store","grocery_store","food_store","store","food","point_of_interest","establishment"],"fuente":"places_api","fetched_at":"2026-09-24T22:41:22Z"}},{"type":"Feature","geometry":{"type":"Point","coordinates":[-100.5678239,25.7869983]},"properties":{"name":"Six","kind":"six","place_id":"ChIJvb3plFGcYoYRdkbbboOjZjI","address":"Av. Hacienda del Sol, Hacienda del Sol, 66003 García, N.L.","types":["grocery_store","liquor_store","food_store","store","food","point_of_interest","establishment"],"fuente":"places_api","fetched_at":"2026-09-24T22:41:22Z"}},{"type":"Feature","geometry":{"type":"Point","coordinates":[-100.3339329,25.7794721]},"properties":{"name":"Six \"Goblin\"","kind":"six","place_id":"ChIJpUhoyWGTYoYRrU9Lx-M8k9I","address":"Cerro del Aguila 104, INFONAVIT San Genaro, 66070 Cdad. Gral. Escobedo, N.L.","types":["wholesaler","point_of_interest","service","establishment"],"fuente":"places_api","fetched_at":"2026-09-24T22:41:22Z"}},{"type":"Feature","geometry":{"type":"Point","coordinates":[-100.25459590000001,25.790408]},"properties":{"name":"Six 22 Valentina","kind":"six","place_id":"ChIJJVahXQDtYoYRAxIxnirRfBE","address":"Av. Andrómeda 157, Metroplex I, 66612 Cdad. Apodaca, N.L.","types":["liquor_store","store","point_of_interest","establishment"],"fuente":"places_api","fetched_at":"2026-09-24T22:41:22Z"}},{"type":"Feature","geometry":{"type":"Point","coordinates":[-100.6095191,25.805906300000004]},"properties":{"name":"Six 8 pole","kind":"six","place_id":"ChIJH3pEACKdYoYRw676W5vQxXU","address":"Río S. Juan 605, Colinas del Río, 66006 García, N.L.","types":["grocery_store","food_store","store","food","point_of_interest","establishment"],"fuente":"places_api","fetched_at":"2026-09-24T22:41:22Z"}},{"type":"Feature","geometry":{"type":"Point","coordinates":[-100.489683,25.678466099999998]},"properties":{"name":"Six Antopia Gary","kind":"six","place_id":"ChIJ0ymjhZaZYoYRg6siIUqo_So","address":"Rómulo Gallegos 2733, Cumbres de Santa Catarina Cuarto Sector, 66358 Cdad. Santa Catarina, N.L.","types":["store","point_of_interest","establishment"],"fuente":"places_api","fetched_at":"2026-09-24T22:41:22Z"}},{"type":"Feature","geometry":{"type":"Point","coordinates":[-100.2853957,25.666078600000002]},"properties":{"name":"Six Arizpe","kind":"six","place_id":"ChIJRaEA19y_YoYRcqhH3k49v3Y","address":"Juventino Rosas 1413, Buenos Aires, 64800 Monterrey, N.L.","types":["convenience_store","food_store","food","point_of_interest","store","establishment"],"fuente":"places_api","fetched_at":"2026-09-24T22:41:22Z"}},{"type":"Feature","geometry":{"type":"Point","coordinates":[-100.1396809,25.834886599999997]},"properties":{"name":"Six Artemio Treviño","kind":"six","place_id":"ChIJRdDqXgDvYoYRz89fYOvXaMk","address":"Carr. A Zuazua 312, 66623 Artemio Treviño, N.L.","types":["grocery_store","food_store","store","food","point_of_interest","establishment"],"fuente":"places_api","fetched_at":"2026-09-24T22:41:22Z"}},{"type":"Feature","geometry":{"type":"Point","coordinates":[-100.1756174,25.7287219]},"properties":{"name":"Six Camboyanos","kind":"six","place_id":"ChIJ0_RhEQDrYoYRcTyP8CMpESc","address":"Paraguayos 200, 66648 Cdad. Apodaca, N.L.","types":["storage","point_of_interest","service","establishment"],"fuente":"places_api","fetched_at":"2026-09-24T22:41:22Z"}},{"type":"Feature","geometry":{"type":"Point","coordinates":[-100.2897696,25.8100706]},"properties":{"name":"Six Chapitas","kind":"six","place_id":"ChIJPb69tGCTYoYR79r1-LS_OVQ","address":"Antiguo Camino a S. José de Los Sauces 205, Gral Emiliano Zapata, 66052 Cdad. Gral. Escobedo, N.L.","types":["liquor_store","store","point_of_interest","establishment"],"fuente":"places_api","fetched_at":"2026-09-24T22:41:22Z"}},{"type":"Feature","geometry":{"type":"Point","coordinates":[-100.1157964,25.6444847]},"properties":{"name":"Six Don José","kind":"six","place_id":"ChIJVwbHiLXDYoYRBRRxckX-9Wk","address":"C. Jacarandas 360 Col, Los Encinos, 67275 Cdad. Benito Juárez, N.L.","types":["wholesaler","point_of_interest","service","establishment"],"fuente":"places_api","fetched_at":"2026-09-24T22:41:22Z"}},{"type":"Feature","geometry":{"type":"Point","coordinates":[-100.1381858,25.6617419]},"properties":{"name":"Six El Poblano 4","kind":"six","place_id":"ChIJVwaEM2nDYoYRpx8OpT-GfzU","address":"Av. Saltillo 256, Coahuila, 67257 Cdad. Benito Juárez, N.L.","types":["liquor_store","grocery_store","food_store","store","food","point_of_interest","establishment"],"fuente":"places_api","fetched_at":"2026-09-24T22:41:22Z"}},{"type":"Feature","geometry":{"type":"Point","coordinates":[-100.2601993,25.7791191]},"properties":{"name":"Six Inspiración","kind":"six","place_id":"ChIJVcunC0STYoYR-98fn0xjDlk","address":"Inspiración #200, Residencial Los Robles, 66636 Cdad. Apodaca, N.L.","types":["grocery_store","liquor_store","food_store","store","food","point_of_interest","establishment"],"fuente":"places_api","fetched_at":"2026-09-24T22:41:22Z"}},{"type":"Feature","geometry":{"type":"Point","coordinates":[-100.3249694,25.663273699999998]},"properties":{"name":"Six La Indepe","kind":"six","place_id":"ChIJ49W5rA6_YoYRBxrDwb8_v9M","address":"Calle 16 de Septiembre 929, Independencia, 64000 Monterrey, N.L.","types":["liquor_store","store","point_of_interest","establishment"],"fuente":"places_api","fetched_at":"2026-09-24T22:41:22Z"}},{"type":"Feature","geometry":{"type":"Point","coordinates":[-100.1610461,25.6234918]},"properties":{"name":"Six Los Castillo","kind":"six","place_id":"ChIJe8HsnL3DYoYRI2cs-lqYmnc","address":"Río San Lorenzo, Monte Kristal, 67280 Monte Kristal, N.L.","types":["grocery_store","food_store","wholesaler","store","food","point_of_interest","service","establishment"],"fuente":"places_api","fetched_at":"2026-09-24T22:41:22Z"}},{"type":"Feature","geometry":{"type":"Point","coordinates":[-100.05740259999999,25.7840935]},"properties":{"name":"Six Montana","kind":"six","place_id":"ChIJo3IcehnnYoYR9rSCS6fBees","address":"Calle Mariano Matamoros, Centro de Pesquería, 66650 Pesquería, N.L.","types":["grocery_store","food_store","store","food","point_of_interest","establishment"],"fuente":"places_api","fetched_at":"2026-09-24T22:41:22Z"}},{"type":"Feature","geometry":{"type":"Point","coordinates":[-100.24741829999999,25.7805878]},"properties":{"name":"Six Nuevo Amanecer","kind":"six","place_id":"ChIJO9MfwKXsYoYRSynZ33f6dMg","address":"Francia 137, Nuevo Amanecer, 66636 Cdad. Apodaca, N.L.","types":["bar","liquor_store","food_store","store","food","point_of_interest","establishment"],"fuente":"places_api","fetched_at":"2026-09-24T22:41:22Z"}},{"type":"Feature","geometry":{"type":"Point","coordinates":[-100.4183697,25.6857468]},"properties":{"name":"Six Panama","kind":"six","place_id":"ChIJw3Pbaw-XYoYRB39ZhGtdRSI","address":"C. Italia 530, Fama Tres, 66118 Cdad. Santa Catarina, N.L.","types":["brewery","storage","manufacturer","food","point_of_interest","service","establishment"],"fuente":"places_api","fetched_at":"2026-09-24T22:41:22Z"}},{"type":"Feature","geometry":{"type":"Point","coordinates":[-100.60239829999999,25.798183299999998]},"properties":{"name":"Six Pirul","kind":"six","place_id":"ChIJn-4Qt46dYoYRFurgB5PBvjw","address":"C. Granada 204, Los Nogales, 66006 García, N.L.","types":["shopping_mall","point_of_interest","establishment"],"fuente":"places_api","fetched_at":"2026-09-24T22:41:22Z"}},{"type":"Feature","geometry":{"type":"Point","coordinates":[-100.4444085,25.684324699999998]},"properties":{"name":"Six Puerto Carreño","kind":"six","place_id":"ChIJfe9-uR6YYoYRC92Xizx68Cs","address":"66144, C. Puerto Carreño 267, Residencial Cuauhtémoc, Cuauhtémoc, 66144 Cdad. Santa Catarina, N.L.","types":["liquor_store","grocery_store","food_store","store","food","point_of_interest","establishment"],"fuente":"places_api","fetched_at":"2026-09-24T22:41:22Z"}},{"type":"Feature","geometry":{"type":"Point","coordinates":[-100.31839769999999,25.6564179]},"properties":{"name":"Six Pátzcuaro","kind":"six","place_id":"ChIJx7xpZHG_YoYRRBU0x_5A35U","address":"Yucatán 1002, Independencia, 64720 Monterrey, N.L.","types":["liquor_store","general_store","bar","grocery_store","food_store","store","food","point_of_interest","establishment"],"fuente":"places_api","fetched_at":"2026-09-24T22:41:22Z"}},{"type":"Feature","geometry":{"type":"Point","coordinates":[-100.40674670000001,25.65713]},"properties":{"name":"Six S","kind":"six","place_id":"ChIJuzE9WmW9YoYRL6d_juR4_K0","address":"Puebla 202, Centro, 66230 San Pedro Garza García, N.L.","types":["liquor_store","grocery_store","food_store","store","food","point_of_interest","establishment"],"fuente":"places_api","fetched_at":"2026-09-24T22:41:22Z"}},{"type":"Feature","geometry":{"type":"Point","coordinates":[-100.4277374,25.6946069]},"properties":{"name":"Six San Joaquín- La Ermita","kind":"six","place_id":"ChIJc1qBc9OXYoYR5lr2PwfS-FA","address":"San Isidro 708, La Ermita, 66129 Cdad. Santa Catarina, N.L.","types":["convenience_store","storage","food_store","store","food","point_of_interest","service","establishment"],"fuente":"places_api","fetched_at":"2026-09-24T22:41:22Z"}},{"type":"Feature","geometry":{"type":"Point","coordinates":[-100.3525178,25.652995]},"properties":{"name":"Six San Pedro","kind":"six","place_id":"ChIJ5wzpnL-9YoYRSgErKTJOGp8","address":"Av. Ricardo Margain Zozaya 220, Valle del Campestre, 66265 San Pedro Garza García, N.L.","types":["night_club","association_or_organization","point_of_interest","establishment"],"fuente":"places_api","fetched_at":"2026-09-24T22:41:22Z"}},{"type":"Feature","geometry":{"type":"Point","coordinates":[-100.0628335,25.641623499999998]},"properties":{"name":"Six Siracusa #233","kind":"six","place_id":"ChIJnc_ydmDdYoYR90k9v5hg-3Y","address":"Siracusa 233, Siracusa, 67265 Cdad. Benito Juárez, N.L.","types":["liquor_store","store","point_of_interest","establishment"],"fuente":"places_api","fetched_at":"2026-09-24T22:41:22Z"}},{"type":"Feature","geometry":{"type":"Point","coordinates":[-100.56995339999999,25.802302899999997]},"properties":{"name":"Six Tecate","kind":"six","place_id":"ChIJabqKpP6cYoYRzXlowZR1FRI","address":"Dr. Eduard Jenner 151, Valle de San Blas, 66003 García, N.L.","types":["bar","point_of_interest","establishment"],"fuente":"places_api","fetched_at":"2026-09-24T22:41:22Z"}},{"type":"Feature","geometry":{"type":"Point","coordinates":[-100.1694131,25.6213438]},"properties":{"name":"Six Tecate","kind":"six","place_id":"ChIJwfDsWFvDYoYRLkgHmuN3uiI","address":"Lomas de Zambia 200, Los Naranjos, Jardines de la Silla, 67250 Jardines de la Silla, N.L.","types":["bar","restaurant","food","point_of_interest","establishment"],"fuente":"places_api","fetched_at":"2026-09-24T22:41:22Z"}},{"type":"Feature","geometry":{"type":"Point","coordinates":[-100.1386,25.615866]},"properties":{"name":"Six Tolima","kind":"six","place_id":"ChIJ__McHIvDYoYRCN_NFVKgK0Q","address":"Monte Cristal 100, Monte Kristal, 67280 Arboledas de San Roque, N.L.","types":["bar","point_of_interest","establishment"],"fuente":"places_api","fetched_at":"2026-09-24T22:41:22Z"}},{"type":"Feature","geometry":{"type":"Point","coordinates":[-100.33841849999999,25.7910167]},"properties":{"name":"Six Tula","kind":"six","place_id":"ChIJjzSopa6TYoYRwz9LIuWhGvQ","address":"Cerro de Las Mitras 415, Villa de los Ayala, 66070 Cdad. Gral. Escobedo, N.L.","types":["liquor_store","grocery_store","food_store","store","food","point_of_interest","establishment"],"fuente":"places_api","fetched_at":"2026-09-24T22:41:22Z"}},{"type":"Feature","geometry":{"type":"Point","coordinates":[-100.1314472,25.7116068]},"properties":{"name":"Six Tíbet","kind":"six","place_id":"ChIJ4w9KILbpYoYR-Pf4Q5Bwfbc","address":"66647 Loma de La Paz, 66647 Cdad. Apodaca, N.L.","types":["liquor_store","grocery_store","food_store","store","food","point_of_interest","establishment"],"fuente":"places_api","fetched_at":"2026-09-24T22:41:22Z"}},{"type":"Feature","geometry":{"type":"Point","coordinates":[-100.46529059999999,25.681585499999997]},"properties":{"name":"Six Vidaurri","kind":"six","place_id":"ChIJMXPoCgCZYoYRGeAh3wnTsM4","address":"Vidaurri 841, Centro, 66350 Cdad. Santa Catarina, N.L.","types":["general_store","food_store","store","food","point_of_interest","establishment"],"fuente":"places_api","fetched_at":"2026-09-24T22:41:22Z"}},{"type":"Feature","geometry":{"type":"Point","coordinates":[-100.576009,25.788615099999998]},"properties":{"name":"Six Villa Murcia","kind":"six","place_id":"ChIJRa6TfB-dYoYRDoBKcP3X_8c","address":"Las Villas, Privadas de las Villas, 66003 García, N.L.","types":["liquor_store","point_of_interest","store","establishment"],"fuente":"places_api","fetched_at":"2026-09-24T22:41:22Z"}},{"type":"Feature","geometry":{"type":"Point","coordinates":[-100.17862989999999,25.6610841]},"properties":{"name":"Six Xicoténcatl","kind":"six","place_id":"ChIJYTjc1IzBYoYRmP74NtLroyY","address":"Felipe Xicotencatl 240, Niños Heroes, 67190 Guadalupe, N.L.","types":["liquor_store","storage","grocery_store","food_store","store","food","point_of_interest","service","establishment"],"fuente":"places_api","fetched_at":"2026-09-24T22:41:22Z"}},{"type":"Feature","geometry":{"type":"Point","coordinates":[-100.1386868,25.853686399999997]},"properties":{"name":"Six capo","kind":"six","place_id":"ChIJkejtZzHvYoYRU9L5myYjY4c","address":"Sector San Jorge, Valle de Santa Elena, 65776 Gral. Zuazua, N.L.","types":["liquor_store","store","point_of_interest","establishment"],"fuente":"places_api","fetched_at":"2026-09-24T22:41:22Z"}},{"type":"Feature","geometry":{"type":"Point","coordinates":[-100.5865503,25.8000155]},"properties":{"name":"Six chelita","kind":"six","place_id":"ChIJP50nmAidYoYR-ie0r1EJnOs","address":"Azucena 103, Benito Juárez, 66005 García, N.L.","types":["grocery_store","food_store","food","point_of_interest","store","establishment"],"fuente":"places_api","fetched_at":"2026-09-24T22:41:22Z"}},{"type":"Feature","geometry":{"type":"Point","coordinates":[-100.30152819999999,25.654271500000004]},"properties":{"name":"Six cuatro pirámides","kind":"six","place_id":"ChIJgZFxMeC_YoYRse0qYoRu5fo","address":"Tepic 1402, Roma, 64720 Monterrey, N.L.","types":["store","point_of_interest","establishment"],"fuente":"places_api","fetched_at":"2026-09-24T22:41:22Z"}},{"type":"Feature","geometry":{"type":"Point","coordinates":[-100.2696374,25.709756499999997]},"properties":{"name":"Six maza","kind":"six","place_id":"ChIJ-S-N8jCVYoYRVyGpuQ_BYa4","address":"Margarita Maza de Juárez 506, Constituyentes de Queretaro 6to Sector, 66490 San Nicolás de los Garza, N.L.","types":["liquor_store","grocery_store","food_store","store","food","point_of_interest","establishment"],"fuente":"places_api","fetched_at":"2026-09-24T22:41:22Z"}},{"type":"Feature","geometry":{"type":"Point","coordinates":[-100.35532210000001,25.7532255]},"properties":{"name":"Six mi república","kind":"six","place_id":"ChIJQbsKRgCXYoYRUpEXz9fg5qU","address":"Albino Aranda 801, Francisco Villa, 64228 Monterrey, N.L.","types":["store","point_of_interest","establishment"],"fuente":"places_api","fetched_at":"2026-09-24T22:41:22Z"}},{"type":"Feature","geometry":{"type":"Point","coordinates":[-100.36779089999999,25.7562027]},"properties":{"name":"Six monte alto","kind":"six","place_id":"ChIJi-k437aWYoYRWdFqJQAFPjA","address":"Calle, Monte Alto #221, San Bernabé II Sector, 64104 Monterrey, N.L.","types":["liquor_store","store","point_of_interest","establishment"],"fuente":"places_api","fetched_at":"2026-09-24T22:41:22Z"}},{"type":"Feature","geometry":{"type":"Point","coordinates":[-100.5595889,25.792907999999997]},"properties":{"name":"Six ottawa","kind":"six","place_id":"ChIJKTpoSTmdYoYRG_BLdbG8h7g","address":"Bosques de Quebec, Sector bosques, 66003 García, N.L.","types":["wholesaler","point_of_interest","service","establishment"],"fuente":"places_api","fetched_at":"2026-09-24T22:41:22Z"}},{"type":"Feature","geometry":{"type":"Point","coordinates":[-100.37464159999999,25.8500478]},"properties":{"name":"Six paraiso","kind":"six","place_id":"ChIJDwipAgCRYoYRAZYU1VqflOI","address":"Av. Paraiso 110, 66583 Buena Vista, N.L.","types":["liquor_store","store","point_of_interest","establishment"],"fuente":"places_api","fetched_at":"2026-09-24T22:41:22Z"}},{"type":"Feature","geometry":{"type":"Point","coordinates":[-100.22145130000001,25.8252646]},"properties":{"name":"Six santa rosa","kind":"six","place_id":"ChIJu9JdVgDtYoYRYWpYrfBIb1Q","address":"Félix Lozano 101, 66607 Santa Rosa, N.L.","types":["store","point_of_interest","establishment"],"fuente":"places_api","fetched_at":"2026-09-24T22:41:22Z"}},{"type":"Feature","geometry":{"type":"Point","coordinates":[-100.31391339999999,25.8553931]},"properties":{"name":"Six tecate villas del jaral","kind":"six","place_id":"ChIJ04_sroqTYoYR5fwjzxpuQLQ","address":"P.º del Jaral, Villas del Jaral, 66580 El Jaral, N.L.","types":["liquor_store","store","point_of_interest","establishment"],"fuente":"places_api","fetched_at":"2026-09-24T22:41:22Z"}},{"type":"Feature","geometry":{"type":"Point","coordinates":[-100.4135787,25.7952431]},"properties":{"name":"Six universal","kind":"six","place_id":"ChIJo_5RF5CRYoYRfyyvZ9Fs-Lc","address":"Unidad Sindical 456, Fomerrey La Unidad, La Unidad, 66050 Cdad. Gral. Escobedo, N.L.","types":["grocery_store","food_store","store","food","point_of_interest","establishment"],"fuente":"places_api","fetched_at":"2026-09-24T22:41:22Z"}},{"type":"Feature","geometry":{"type":"Point","coordinates":[-100.2063067,25.682239199999998]},"properties":{"name":"Six-Chelem","kind":"six","place_id":"ChIJ9zU_0dfBYoYRyQ9xVg88aRI","address":"San Rafael de Los Lermas 1207, Infonavit La Joya, 67167 Guadalupe, N.L.","types":["convenience_store","food_store","food","point_of_interest","store","establishment"],"fuente":"places_api","fetched_at":"2026-09-24T22:41:22Z"}},{"type":"Feature","geometry":{"type":"Point","coordinates":[-100.33007669999999,25.8071836]},"properties":{"name":"TECATE SIX","kind":"six","place_id":"ChIJ3UObn4OTYoYRZdkDsg7rTik","address":"Nicolás Bravo 726, Jardines Escobedo Ll, 66050 Cdad. Gral. Escobedo, N.L.","types":["grocery_store","liquor_store","food_store","store","food","point_of_interest","establishment"],"fuente":"places_api","fetched_at":"2026-09-24T22:41:22Z"}},{"type":"Feature","geometry":{"type":"Point","coordinates":[-100.4963308,25.6942769]},"properties":{"name":"TECATE SIX","kind":"six","place_id":"ChIJAyAY0--YYoYR6uPYDlhsNiU","address":"Esq. Zaragoza, Madrid, Puerta de las Mitras, 66358 Cdad. Santa Catarina, N.L.","types":["liquor_store","store","point_of_interest","establishment"],"fuente":"places_api","fetched_at":"2026-09-24T22:41:22Z"}},{"type":"Feature","geometry":{"type":"Point","coordinates":[-100.1852732,25.6641682]},"properties":{"name":"TECATE SIX","kind":"six","place_id":"ChIJBZvdW-zBYoYRve6qs-82lto","address":"No Me Olvides 355, Tres Caminos 1er Sector, 67190 Monterrey, N.L.","types":["convenience_store","food_store","food","point_of_interest","store","establishment"],"fuente":"places_api","fetched_at":"2026-09-24T22:41:22Z"}},{"type":"Feature","geometry":{"type":"Point","coordinates":[-100.2383577,25.668519099999997]},"properties":{"name":"TECATE SIX","kind":"six","place_id":"ChIJDycL9xfAYoYRLH7_GgCRBxE","address":"Calle Tolteca SN, Tolteca, 67175 Monterrey, N.L.","types":["liquor_store","point_of_interest","store","establishment"],"fuente":"places_api","fetched_at":"2026-09-24T22:41:22Z"}},{"type":"Feature","geometry":{"type":"Point","coordinates":[-100.4643196,25.667028199999997]},"properties":{"name":"TECATE SIX","kind":"six","place_id":"ChIJOUUxA3WYYoYRMQ37QZ1g7GY","address":"Morelos y Pavon 401, Esq. Jose Maria, Tamaulipas, Lázaro Cárdenas Dos, 66350 Cdad. Santa Catarina, N.L.","types":["liquor_store","grocery_store","food_store","store","food","point_of_interest","establishment"],"fuente":"places_api","fetched_at":"2026-09-24T22:41:22Z"}},{"type":"Feature","geometry":{"type":"Point","coordinates":[-100.2541906,25.7798381]},"properties":{"name":"TECATE SIX","kind":"six","place_id":"ChIJ_TPWpq7sYoYRnx7_YIX2gpg","address":"Camboya, S/N, Nuevo Amanecer, 66636 Monterrey, N.L.","types":["liquor_store","store","point_of_interest","establishment"],"fuente":"places_api","fetched_at":"2026-09-24T22:41:22Z"}},{"type":"Feature","geometry":{"type":"Point","coordinates":[-100.2519854,25.77247]},"properties":{"name":"TECATE SIX","kind":"six","place_id":"ChIJhcVaLlbrYoYRK_ji4su9f2g","address":"C. Cruz Potenzada, Hacienda Los Pinos I, 66636 Monterrey, N.L.","types":["liquor_store","store","point_of_interest","establishment"],"fuente":"places_api","fetched_at":"2026-09-24T22:41:22Z"}},{"type":"Feature","geometry":{"type":"Point","coordinates":[-100.30810819999999,25.803754299999998]},"properties":{"name":"TECATE SIX","kind":"six","place_id":"ChIJpV_kEKSTYoYRm7mcddZJiPc","address":"Esquina de rincon del Cactus 201 y ocampo, Six encinas, Rincon de las Encinas, Las Encinas, 66050 Cdad. Gral. Escobedo, N.L.","types":["liquor_store","store","point_of_interest","establishment"],"fuente":"places_api","fetched_at":"2026-09-24T22:41:22Z"}},{"type":"Feature","geometry":{"type":"Point","coordinates":[-100.3821562,25.7274158]},"properties":{"name":"TECATE SIX","kind":"six","place_id":"ChIJwQ17FfCWYoYRucEYzbWQR08","address":"Ismene 429, Valle de Infonavit, 64350 Monterrey, N.L.","types":["liquor_store","store","point_of_interest","establishment"],"fuente":"places_api","fetched_at":"2026-09-24T22:41:22Z"}},{"type":"Feature","geometry":{"type":"Point","coordinates":[-100.31168749999999,25.640670399999998]},"properties":{"name":"TECATE SIX LLAVALE","kind":"six","place_id":"ChIJXSB6fp-_YoYRtT3jMVcgp5Q","address":"P.º Alicia 1205, Valle del Mirador, 64750 Monterrey, N.L.","types":["supermarket","grocery_store","food_store","store","food","point_of_interest","establishment"],"fuente":"places_api","fetched_at":"2026-09-24T22:41:22Z"}},{"type":"Feature","geometry":{"type":"Point","coordinates":[-100.248994,25.787126]},"properties":{"name":"TECATE SIX S-2","kind":"six","place_id":"ChIJY555d7DsYoYRuOnGI97cPDw","address":"S-2 # 543, Metroplex I, 66612 Cdad. Apodaca, N.L.","types":["liquor_store","store","point_of_interest","establishment"],"fuente":"places_api","fetched_at":"2026-09-24T22:41:22Z"}},{"type":"Feature","geometry":{"type":"Point","coordinates":[-100.3176957,25.659047899999997]},"properties":{"name":"TECATE SIX “EL VIEJO”","kind":"six","place_id":"ChIJ6XEpHAC_YoYR3d8a7VmINoY","address":"Yucatán 701A, Independencia, 64720 Monterrey, N.L.","types":["store","point_of_interest","establishment"],"fuente":"places_api","fetched_at":"2026-09-24T22:41:22Z"}},{"type":"Feature","geometry":{"type":"Point","coordinates":[-100.22353530000001,25.7235916]},"properties":{"name":"TECATE SiX ROBLE","kind":"six","place_id":"ChIJCZwVt7DrYoYRnP1OF2emV-c","address":"Nicolás Bravo 96,Miguel Alemán, N.L, Miguel Alemán, 66470 San Nicolás de los Garza, N.L.","types":["liquor_store","store","point_of_interest","establishment"],"fuente":"places_api","fetched_at":"2026-09-24T22:41:22Z"}},{"type":"Feature","geometry":{"type":"Point","coordinates":[-100.280104,25.730656999999997]},"properties":{"name":"TIENDA SIX SÚPER 5","kind":"six","place_id":"ChIJKV5IZwCVYoYRodglLf1OUlQ","address":"C. 22 240, Jardines de Anahuac 3er Sector, 66463 San Nicolás de los Garza, N.L.","types":["grocery_store","food_store","store","food","point_of_interest","establishment"],"fuente":"places_api","fetched_at":"2026-09-24T22:41:22Z"}},{"type":"Feature","geometry":{"type":"Point","coordinates":[-100.57796689999999,25.785701099999997]},"properties":{"name":"TKT SIX","kind":"six","place_id":"ChIJLe2Gf7KdYoYRbpTxGjH7FKc","address":"Hacienda San Nicolas 100, Col. Hacienda Del Sol, 66003 García, N.L.","types":["grocery_store","food_store","food","point_of_interest","store","establishment"],"fuente":"places_api","fetched_at":"2026-09-24T22:41:22Z"}},{"type":"Feature","geometry":{"type":"Point","coordinates":[-100.26209419999999,25.7477815]},"properties":{"name":"TKT SIX","kind":"six","place_id":"ChIJn0IQksqUYoYRKtFBUgTQ4lU","address":"S. Blas 1543, Nueva las Puentes, 66436 San Nicolás de los Garza, N.L.","types":["liquor_store","point_of_interest","store","establishment"],"fuente":"places_api","fetched_at":"2026-09-24T22:41:22Z"}},{"type":"Feature","geometry":{"type":"Point","coordinates":[-100.33044269999999,25.8053566]},"properties":{"name":"TKT SIX JARDINES ESCOBEDO","kind":"six","place_id":"ChIJ27KN_siTYoYRbe2q67NO3ZE","address":"Ricardo Ayala Villarreal 801, Jardines de Escobedo II, 66050 Cdad. Gral. Escobedo, N.L.","types":["liquor_store","store","point_of_interest","establishment"],"fuente":"places_api","fetched_at":"2026-09-24T22:41:22Z"}},{"type":"Feature","geometry":{"type":"Point","coordinates":[-100.2675522,25.742708]},"properties":{"name":"TKT Six","kind":"six","place_id":"ChIJIf8qzc6UYoYRikl9H2GC-L0","address":"Cordillera Cantábrica 1346, Las Puetes 9o Sector, 66460 San Nicolás de los Garza, N.L.","types":["supermarket","grocery_store","food_store","store","food","point_of_interest","establishment"],"fuente":"places_api","fetched_at":"2026-09-24T22:41:22Z"}},{"type":"Feature","geometry":{"type":"Point","coordinates":[-100.3452397,25.8001956]},"properties":{"name":"TKT Six Marisol","kind":"six","place_id":"ChIJrZQCS1KTYoYRFeCV_p3RxI4","address":"Marsella 103, Santa Luz, Parque Industrial Escobedo, 66070 Cdad. Gral. Escobedo, N.L.","types":["grocery_store","liquor_store","food_store","store","food","point_of_interest","establishment"],"fuente":"places_api","fetched_at":"2026-09-24T22:41:22Z"}},{"type":"Feature","geometry":{"type":"Point","coordinates":[-100.102924,25.6283502]},"properties":{"name":"TKT Six San Tomas","kind":"six","place_id":"ChIJqTdYrlnDYoYRnMt45nnrPI4","address":"C. Hacienda Real SN, 67266 Cdad. Benito Juárez, N.L.","types":["grocery_store","food_store","store","food","point_of_interest","establishment"],"fuente":"places_api","fetched_at":"2026-09-24T22:41:22Z"}},{"type":"Feature","geometry":{"type":"Point","coordinates":[-100.46780779999999,25.668580799999997]},"properties":{"name":"Teacte Six - 10 de Mayo","kind":"six","place_id":"ChIJ5RRloHaYYoYRHdBB4wqhhNc","address":"10 de Mayo 626, Santa Martha Dos, 66350 Cdad. Santa Catarina, N.L.","types":["wholesaler","service","point_of_interest","establishment"],"fuente":"places_api","fetched_at":"2026-09-24T22:41:22Z"}},{"type":"Feature","geometry":{"type":"Point","coordinates":[-100.07379259999999,25.6503694]},"properties":{"name":"Tecate Six","kind":"six","place_id":"ChIJ0UpTOindYoYR4yQ_dpki774","address":"Lirios 250 cruz Lavanda, Lirio 533, Villas de N.L., Rinconada San Juan, 67254 Cdad. Benito Juárez, N.L.","types":["liquor_store","store","point_of_interest","establishment"],"fuente":"places_api","fetched_at":"2026-09-24T22:41:22Z"}},{"type":"Feature","geometry":{"type":"Point","coordinates":[-100.464834,25.6710049]},"properties":{"name":"Tecate Six","kind":"six","place_id":"ChIJ2zxNdnOYYoYR5Pj5CZ2stbI","address":"Guillermo Prieto 400, Santa Martha Dos, 66350 Cdad. Santa Catarina, N.L.","types":["liquor_store","store","point_of_interest","establishment"],"fuente":"places_api","fetched_at":"2026-09-24T22:41:22Z"}},{"type":"Feature","geometry":{"type":"Point","coordinates":[-100.33575909999999,25.8066815]},"properties":{"name":"Tecate Six","kind":"six","place_id":"ChIJ9bmais6TYoYRUyjrFrCIEQc","address":"Isla del Sur 332, Bosques de Escobedo, 66050 Cdad. Gral. Escobedo, N.L.","types":["grocery_store","liquor_store","food_store","store","food","point_of_interest","establishment"],"fuente":"places_api","fetched_at":"2026-09-24T22:41:22Z"}},{"type":"Feature","geometry":{"type":"Point","coordinates":[-100.36689319999999,25.774343800000004]},"properties":{"name":"Tecate Six","kind":"six","place_id":"ChIJB4cR0kiRYoYRKWRdmQPH0_Y","address":"Juan Sarabia 5303, Croc, 64200 Monterrey, N.L.","types":["liquor_store","store","point_of_interest","establishment"],"fuente":"places_api","fetched_at":"2026-09-24T22:41:22Z"}},{"type":"Feature","geometry":{"type":"Point","coordinates":[-100.1904627,25.6470518]},"properties":{"name":"Tecate Six","kind":"six","place_id":"ChIJB4gzoKHBYoYR2nzT_My-zCY","address":"Av Maestro Israel Cavazos Garza 238, Nueva Aurora, 67192 Guadalupe, N.L.","types":["liquor_store","store","point_of_interest","establishment"],"fuente":"places_api","fetched_at":"2026-09-24T22:41:22Z"}},{"type":"Feature","geometry":{"type":"Point","coordinates":[-100.26169519999999,25.717792799999998]},"properties":{"name":"Tecate Six","kind":"six","place_id":"ChIJE0ZxZhCVYoYRX22HuJmV8Y8","address":"C. Antiguo Camino a Apodaca 404, Constituyentes de Queretaro 2do Sector, 66490 San Nicolás de los Garza, N.L.","types":["wholesaler","service","point_of_interest","establishment"],"fuente":"places_api","fetched_at":"2026-09-24T22:41:22Z"}},{"type":"Feature","geometry":{"type":"Point","coordinates":[-100.2552841,25.8153006]},"properties":{"name":"Tecate Six","kind":"six","place_id":"ChIJ__0pNdTsYoYROtGYezfw7RU","address":"Av. Los Amarantos 505, Los Amarantos, 66613 Cdad. Apodaca, N.L.","types":["liquor_store","store","point_of_interest","establishment"],"fuente":"places_api","fetched_at":"2026-09-24T22:41:22Z"}},{"type":"Feature","geometry":{"type":"Point","coordinates":[-100.1646682,25.6769112]},"properties":{"name":"Tecate Six","kind":"six","place_id":"ChIJmWdVfgPCYoYR57S-a7jeA-U","address":"Río Sofia, Dos Ríos Sector X-a, 67196 Guadalupe, N.L.","types":["liquor_store","grocery_store","food_store","store","food","point_of_interest","establishment"],"fuente":"places_api","fetched_at":"2026-09-24T22:41:22Z"}},{"type":"Feature","geometry":{"type":"Point","coordinates":[-100.20311769999999,25.743877599999998]},"properties":{"name":"Tecate Six Agencia Apodaca Miguel Alemán","kind":"six","place_id":"ChIJyZ2u2brrYoYR_e2Lgv4vp-s","address":"Av. Independencia 12, Sin Nombre de Col 34, 66633 Cdad. Apodaca, N.L.","types":["liquor_store","store","point_of_interest","establishment"],"fuente":"places_api","fetched_at":"2026-09-24T22:41:22Z"}},{"type":"Feature","geometry":{"type":"Point","coordinates":[-100.2308012,25.791804100000004]},"properties":{"name":"Tecate Six Aragón","kind":"six","place_id":"ChIJKW0jWpHsYoYRnXj-C6n2AmU","address":"Valle de Aragón #1040, Valle de Los Nogales, 66612 Cdad. Apodaca, N.L.","types":["liquor_store","store","point_of_interest","establishment"],"fuente":"places_api","fetched_at":"2026-09-24T22:41:22Z"}},{"type":"Feature","geometry":{"type":"Point","coordinates":[-100.239633,25.6974152]},"properties":{"name":"Tecate Six Bonifacio","kind":"six","place_id":"ChIJl7Qb-W_rYoYRLpxtNz6B-VY","address":"S. Félix 5403A, Vista Sol, 67125 Guadalupe, N.L.","types":["liquor_store","store","point_of_interest","establishment"],"fuente":"places_api","fetched_at":"2026-09-24T22:41:22Z"}},{"type":"Feature","geometry":{"type":"Point","coordinates":[-100.185975,25.786395199999998]},"properties":{"name":"Tecate Six Chapultepec","kind":"six","place_id":"ChIJNfqLOJztYoYRu9tKXiFevVk","address":"Reforma 704 Centro de, Apodaca, 66600 Cdad. Apodaca, N.L.","types":["grocery_store","liquor_store","brewery","manufacturer","food_store","store","service","food","point_of_interest","establishment"],"fuente":"places_api","fetched_at":"2026-09-24T22:41:22Z"}},{"type":"Feature","geometry":{"type":"Point","coordinates":[-100.2460045,25.7722351]},"properties":{"name":"Tecate Six Eguia","kind":"six","place_id":"ChIJnSN3iljrYoYRBkt6SM0nFi8","address":"Jamaica 154, Nuevo Amanecer 2o Sector, 66636 Cdad. Apodaca, N.L.","types":["grocery_store","food_store","store","food","point_of_interest","establishment"],"fuente":"places_api","fetched_at":"2026-09-24T22:41:22Z"}},{"type":"Feature","geometry":{"type":"Point","coordinates":[-100.16778409999999,25.720292999999998]},"properties":{"name":"Tecate Six Huinala","kind":"six","place_id":"ChIJlX8Gf4jpYoYRtabJcPlKoEk","address":"S. Isidro 100, Colinas de San Miguel, 66648 Cdad. Apodaca, N.L.","types":["liquor_store","point_of_interest","store","establishment"],"fuente":"places_api","fetched_at":"2026-09-24T22:41:22Z"}},{"type":"Feature","geometry":{"type":"Point","coordinates":[-100.209385,25.7082792]},"properties":{"name":"Tecate Six La Zanja","kind":"six","place_id":"ChIJ03i6513qYoYRAUInkk2iQZA","address":"Av. de la Zanja 833, Villa de San Miguel, 67110 Guadalupe, N.L.","types":["liquor_store","store","point_of_interest","establishment"],"fuente":"places_api","fetched_at":"2026-09-24T22:41:22Z"}},{"type":"Feature","geometry":{"type":"Point","coordinates":[-100.4636944,25.679322]},"properties":{"name":"Tecate Six Las Puercas","kind":"six","place_id":"ChIJ6YjAawCZYoYRWNVGUyenXOg","address":"Colon Norte, Sta. Catarina Centro 700, Centro, 66350 Cdad. Santa Catarina, N.L.","types":["storage","service","point_of_interest","establishment"],"fuente":"places_api","fetched_at":"2026-09-24T22:41:22Z"}},{"type":"Feature","geometry":{"type":"Point","coordinates":[-100.1384824,25.612295]},"properties":{"name":"Tecate Six Liz","kind":"six","place_id":"ChIJBzFq6ArDYoYRAJkZumJ7qGE","address":"Monte Everest 809, Monte Kristal, 67250 Arboledas de San Roque, N.L.","types":["store","point_of_interest","establishment"],"fuente":"places_api","fetched_at":"2026-09-24T22:41:22Z"}},{"type":"Feature","geometry":{"type":"Point","coordinates":[-100.16412679999999,25.760332]},"properties":{"name":"Tecate Six Nilo","kind":"six","place_id":"ChIJs0pqGFzpYoYRmHJS7hhufGU","address":"Av Rio Nilo 100, Pueblo Nuevo V, 66600 Cdad. Apodaca, N.L.","types":["liquor_store","store","point_of_interest","establishment"],"fuente":"places_api","fetched_at":"2026-09-24T22:41:22Z"}},{"type":"Feature","geometry":{"type":"Point","coordinates":[-100.3250329,25.7277255]},"properties":{"name":"Tecate Six Noriega","kind":"six","place_id":"ChIJG-Jkbj2VYoYRKNH1CSlDIZY","address":"C. Noriega 5700, Constituyentes del 57, 64260 Monterrey, N.L.","types":["liquor_store","store","point_of_interest","establishment"],"fuente":"places_api","fetched_at":"2026-09-24T22:41:22Z"}},{"type":"Feature","geometry":{"type":"Point","coordinates":[-100.2586927,25.7157131]},"properties":{"name":"Tecate Six Roberto G Sada","kind":"six","place_id":"ChIJu8axdcbrYoYRCcgBl2UQ7DQ","address":"Av. Roberto G. Sada 501A, Constituyentes de Querétaro 2o. Sector, 66490 San Nicolás de los Garza, N.L.","types":["grocery_store","food_store","store","food","point_of_interest","establishment"],"fuente":"places_api","fetched_at":"2026-09-24T22:41:22Z"}},{"type":"Feature","geometry":{"type":"Point","coordinates":[-100.50697149999999,25.700505]},"properties":{"name":"Tecate Six Torres","kind":"six","place_id":"ChIJkynW05eZYoYR5dqNLPDuwvg","address":"Av. Torres Nte. 106, Hacienda el Palmar, 67267 Cdad. Santa Catarina, N.L.","types":["wholesaler","service","point_of_interest","establishment"],"fuente":"places_api","fetched_at":"2026-09-24T22:41:22Z"}},{"type":"Feature","geometry":{"type":"Point","coordinates":[-100.3768154,25.858204999999998]},"properties":{"name":"Tecate Six VRD","kind":"six","place_id":"ChIJzbSumfyPYoYRfP5a9Fcp7DI","address":"Av. Vista Regia 192, Villas Buena Vista, 66583 Buena Vista, N.L.","types":["liquor_store","store","point_of_interest","establishment"],"fuente":"places_api","fetched_at":"2026-09-24T22:41:22Z"}},{"type":"Feature","geometry":{"type":"Point","coordinates":[-100.18759159999999,25.725119499999998]},"properties":{"name":"Tecate Six Valparaiso","kind":"six","place_id":"ChIJOST-AjTqYoYRdg5uE0Adzis","address":"Río Grande 109, Cañada Blanca, 67114 Guadalupe, N.L.","types":["grocery_store","liquor_store","food_store","store","food","point_of_interest","establishment"],"fuente":"places_api","fetched_at":"2026-09-24T22:41:22Z"}},{"type":"Feature","geometry":{"type":"Point","coordinates":[-100.15636409999999,25.6719942]},"properties":{"name":"Tecate Six bukles","kind":"six","place_id":"ChIJx_8hUxDCYoYRdN_yQNJyjK4","address":"C. Uranio 204, Santa Cruz 3ER Sector, 67205 Guadalupe, N.L.","types":["grocery_store","food_store","store","food","point_of_interest","establishment"],"fuente":"places_api","fetched_at":"2026-09-24T22:41:22Z"}},{"type":"Feature","geometry":{"type":"Point","coordinates":[-100.29377439999999,25.7528088]},"properties":{"name":"Tecate Six drink","kind":"six","place_id":"ChIJ47THAY6UYoYRgjWKA7haITY","address":"Mariano Escobedo 217, Centro, 66400 San Nicolás de los Garza, N.L.","types":["liquor_store","store","point_of_interest","establishment"],"fuente":"places_api","fetched_at":"2026-09-24T22:41:22Z"}},{"type":"Feature","geometry":{"type":"Point","coordinates":[-100.59611629999999,25.787542199999997]},"properties":{"name":"Tecate Six palmas","kind":"six","place_id":"ChIJqwmEbKKdYoYRfCQaJKsvwAM","address":"P.º de Las Palmas 801, Paseo de las Torres, 66000 García, N.L.","types":["liquor_store","point_of_interest","store","establishment"],"fuente":"places_api","fetched_at":"2026-09-24T22:41:22Z"}},{"type":"Feature","geometry":{"type":"Point","coordinates":[-100.4855709,25.781551699999998]},"properties":{"name":"Tecate six","kind":"six","place_id":"ChIJA3W2cQebYoYRDz6xdGgsOHg","address":"Av. Sta. Elena 222, Santa María, 66037 Santa María, N.L.","types":["grocery_store","food_store","store","food","point_of_interest","establishment"],"fuente":"places_api","fetched_at":"2026-09-24T22:41:22Z"}},{"type":"Feature","geometry":{"type":"Point","coordinates":[-100.47706319999999,25.794857999999998]},"properties":{"name":"Tecate six","kind":"six","place_id":"ChIJp1AwplGaYoYRCDAMoQ1Nrk4","address":"Sta. Rita 601, Valle de Lincoln Sector Santa Lucía, 66026 Valle de Lincoln, N.L.","types":["grocery_store","food_store","store","food","point_of_interest","establishment"],"fuente":"places_api","fetched_at":"2026-09-24T22:41:22Z"}},{"type":"Feature","geometry":{"type":"Point","coordinates":[-100.3037496,25.6542722]},"properties":{"name":"Tecate six 22 mike","kind":"six","place_id":"ChIJJ-_Ziya_YoYRIcaO1vc5z9A","address":"Sonora 1438, Ancira, 64720 Monterrey, N.L.","types":["brewery","manufacturer","food","point_of_interest","service","establishment"],"fuente":"places_api","fetched_at":"2026-09-24T22:41:22Z"}},{"type":"Feature","geometry":{"type":"Point","coordinates":[-100.5991243,25.7902487]},"properties":{"name":"Tecate six Las torres","kind":"six","place_id":"ChIJ-RHEPZ-dYoYR-gtkHn12gNQ","address":"Calle Paseo de Los Nogales 201, Paseo de las Torres, 66004 García, N.L.","types":["liquor_store","point_of_interest","store","establishment"],"fuente":"places_api","fetched_at":"2026-09-24T22:41:22Z"}},{"type":"Feature","geometry":{"type":"Point","coordinates":[-100.41496769999999,25.773741299999998]},"properties":{"name":"Tecate six Makalú","kind":"six","place_id":"ChIJIddB0MeQYoYRJKfCt0-wruM","address":"Electricistas 425-sector B, La Alianza, 64103 Monterrey, N.L.","types":["liquor_store","store","point_of_interest","establishment"],"fuente":"places_api","fetched_at":"2026-09-24T22:41:22Z"}},{"type":"Feature","geometry":{"type":"Point","coordinates":[-100.2378411,25.821047399999998]},"properties":{"name":"Tecate six londres","kind":"six","place_id":"ChIJXcgxcw_tYoYRVt3VL65_u04","address":"Londres 101, Renaceres Residencial, 66614 Cdad. Apodaca, N.L.","types":["store","point_of_interest","establishment"],"fuente":"places_api","fetched_at":"2026-09-24T22:41:22Z"}},{"type":"Feature","geometry":{"type":"Point","coordinates":[-100.2992702,25.795295]},"properties":{"name":"Tecatito Six","kind":"six","place_id":"ChIJo2lVnQyTYoYRtiLwTV1bXCI","address":"Cerro del Topo Chico, Sin Nombre de Col 13, 66058 Cdad. Gral. Escobedo, N.L.","types":["convenience_store","food_store","store","food","point_of_interest","establishment"],"fuente":"places_api","fetched_at":"2026-09-24T22:41:22Z"}},{"type":"Feature","geometry":{"type":"Point","coordinates":[-100.23647369999999,25.788234799999998]},"properties":{"name":"Tienda Six","kind":"six","place_id":"ChIJ-RJnaP_tYoYRvcL1DDFu5uE","address":"Av Galaxia Supermanzana CP, Colonia Los, Residencial Los Ebanos Nte. 1er Sector, 64000 Cdad. Apodaca, N.L.","types":["grocery_store","liquor_store","food_store","store","food","point_of_interest","establishment"],"fuente":"places_api","fetched_at":"2026-09-24T22:41:22Z"}},{"type":"Feature","geometry":{"type":"Point","coordinates":[-100.596891,25.8032641]},"properties":{"name":"Tienda Six","kind":"six","place_id":"ChIJ1UALV3CdYoYRJJ2K1ebc7_c","address":"Juan A. Sobrevilla 333, Real de Villa de García, 66000 García, N.L.","types":["grocery_store","liquor_store","food_store","store","food","point_of_interest","establishment"],"fuente":"places_api","fetched_at":"2026-09-24T22:41:22Z"}},{"type":"Feature","geometry":{"type":"Point","coordinates":[-100.4678067,25.668586299999998]},"properties":{"name":"Tienda Six","kind":"six","place_id":"ChIJ1dbl9LiZYoYRWjC7y8ol1zM","address":"10 de Mayo 500, El Castillo, 66350 Cdad. Santa Catarina, N.L.","types":["liquor_store","grocery_store","food_store","store","food","point_of_interest","establishment"],"fuente":"places_api","fetched_at":"2026-09-24T22:41:22Z"}},{"type":"Feature","geometry":{"type":"Point","coordinates":[-100.57605769999999,25.8001363]},"properties":{"name":"Tienda Six","kind":"six","place_id":"ChIJ2wWa0TOdYoYRp6Y_mj4NjiY","address":"C. Estaño 170, Paseo de las Minas, 66000 García, N.L.","types":["grocery_store","liquor_store","food_store","store","food","point_of_interest","establishment"],"fuente":"places_api","fetched_at":"2026-09-24T22:41:22Z"}},{"type":"Feature","geometry":{"type":"Point","coordinates":[-100.3183835,25.7912809]},"properties":{"name":"Tienda Six","kind":"six","place_id":"ChIJ34zj0JeTYoYRawEtFXrHjuE","address":"C. Octava 100, Topo Grande IV, Praderas de Girasoles, 66056 Cdad. Gral. Escobedo, N.L.","types":["grocery_store","liquor_store","food_store","store","food","point_of_interest","establishment"],"fuente":"places_api","fetched_at":"2026-09-24T22:41:22Z"}},{"type":"Feature","geometry":{"type":"Point","coordinates":[-100.42432020000001,25.7762438]},"properties":{"name":"Tienda Six","kind":"six","place_id":"ChIJ40l-5KOQYoYRYgKu9THxJqc","address":"Villa Alta 300, Villas del Poniente, 66600 Mitras Poniente, N.L.","types":["grocery_store","liquor_store","food_store","store","food","point_of_interest","establishment"],"fuente":"places_api","fetched_at":"2026-09-24T22:41:22Z"}},{"type":"Feature","geometry":{"type":"Point","coordinates":[-100.48616539999999,25.679729]},"properties":{"name":"Tienda Six","kind":"six","place_id":"ChIJ48UmYtiZYoYRMnozmQK5Cvk","address":"Cumbres de Sta. Catarina 2831, Cumbres de Santa Catarina Tercer Sector, 66358 Cdad. Santa Catarina, N.L.","types":["grocery_store","liquor_store","food_store","store","food","point_of_interest","establishment"],"fuente":"places_api","fetched_at":"2026-09-24T22:41:22Z"}},{"type":"Feature","geometry":{"type":"Point","coordinates":[-100.58983529999999,25.786998399999998]},"properties":{"name":"Tienda Six","kind":"six","place_id":"ChIJ4QNMdP-dYoYRcVVS9MR6ZQ4","address":"Madrid S/N, Real de Capellania, 66000 García, N.L.","types":["liquor_store","general_store","grocery_store","food_store","food","point_of_interest","store","establishment"],"fuente":"places_api","fetched_at":"2026-09-24T22:41:22Z"}},{"type":"Feature","geometry":{"type":"Point","coordinates":[-100.2987488,25.7825521]},"properties":{"name":"Tienda Six","kind":"six","place_id":"ChIJ4_vYtnCTYoYRjKOS7eHwi-A","address":"Av. Benito Juárez 304, Ejidal, Lázaro Cárdenas, 66058 Cdad. Gral. Escobedo, N.L.","types":["liquor_store","grocery_store","food_store","store","food","point_of_interest","establishment"],"fuente":"places_api","fetched_at":"2026-09-24T22:41:22Z"}},{"type":"Feature","geometry":{"type":"Point","coordinates":[-100.3877041,25.8057201]},"properties":{"name":"Tienda Six","kind":"six","place_id":"ChIJ5UUID0iRYoYRBBQbYX4yQgc","address":"Sta. Alicia 101, Santa Martha, 66064 Cdad. Gral. Escobedo, N.L.","types":["grocery_store","liquor_store","food_store","store","food","point_of_interest","establishment"],"fuente":"places_api","fetched_at":"2026-09-24T22:41:22Z"}},{"type":"Feature","geometry":{"type":"Point","coordinates":[-100.3029474,25.652093299999997]},"properties":{"name":"Tienda Six","kind":"six","place_id":"ChIJ64nXuc6_YoYRhScBQAxTcjc","address":"Chiapas 1629, Ancira, 64720 Monterrey, N.L.","types":["liquor_store","general_store","grocery_store","food_store","store","food","point_of_interest","establishment"],"fuente":"places_api","fetched_at":"2026-09-24T22:41:22Z"}},{"type":"Feature","geometry":{"type":"Point","coordinates":[-100.41746289999999,25.682675999999997]},"properties":{"name":"Tienda Six","kind":"six","place_id":"ChIJ824j1-mXYoYR95TchL07x7k","address":"Cromo 211, San Pedro 400, 66210 San Pedro Garza García, N.L.","types":["liquor_store","grocery_store","food_store","store","food","point_of_interest","establishment"],"fuente":"places_api","fetched_at":"2026-09-24T22:41:22Z"}},{"type":"Feature","geometry":{"type":"Point","coordinates":[-100.5944913,25.7921046]},"properties":{"name":"Tienda Six","kind":"six","place_id":"ChIJ8RStk_6dYoYR2RrG3ANsKv4","address":"Palmeras 801, Paseo de las Torres, 66000 García, N.L.","types":["grocery_store","liquor_store","food_store","store","food","point_of_interest","establishment"],"fuente":"places_api","fetched_at":"2026-09-24T22:41:22Z"}},{"type":"Feature","geometry":{"type":"Point","coordinates":[-100.2417085,25.7997311]},"properties":{"name":"Tienda Six","kind":"six","place_id":"ChIJBXBkrWPtYoYRPCxdb7uMfmw","address":"San Andres 759, Valle de San Andrés, 66612 Cdad. Apodaca, N.L.","types":["grocery_store","liquor_store","food_store","store","food","point_of_interest","establishment"],"fuente":"places_api","fetched_at":"2026-09-24T22:41:22Z"}},{"type":"Feature","geometry":{"type":"Point","coordinates":[-100.26049959999999,25.759065099999997]},"properties":{"name":"Tienda Six","kind":"six","place_id":"ChIJCVcaybKUYoYRwEoVmbJg7Js","address":"Calle Ignacio Altamirano 1063, El Refugio 2do Sector, 66410 San Nicolás de los Garza, N.L.","types":["grocery_store","liquor_store","food_store","food","point_of_interest","store","establishment"],"fuente":"places_api","fetched_at":"2026-09-24T22:41:22Z"}},{"type":"Feature","geometry":{"type":"Point","coordinates":[-100.27472759999999,25.7380562]},"properties":{"name":"Tienda Six","kind":"six","place_id":"ChIJG0og6cSUYoYREM-EtqjBX28","address":"Av. Cordillera de los Andes 901-11vo Sector, Residencial las Puentes, 66460 San Nicolás de los Garza, N.L.","types":["grocery_store","liquor_store","convenience_store","food_store","store","food","point_of_interest","establishment"],"fuente":"places_api","fetched_at":"2026-09-24T22:41:22Z"}},{"type":"Feature","geometry":{"type":"Point","coordinates":[-100.25715650000001,25.7152153]},"properties":{"name":"Tienda Six","kind":"six","place_id":"ChIJHaIdX3rrYoYRefF3TQkNNPg","address":"Av. Peña Guerra 553, Peña Guerra, 66490 San Nicolás de los Garza, N.L.","types":["grocery_store","liquor_store","food_store","store","food","point_of_interest","establishment"],"fuente":"places_api","fetched_at":"2026-09-24T22:41:22Z"}},{"type":"Feature","geometry":{"type":"Point","coordinates":[-100.2186736,25.6841381]},"properties":{"name":"Tienda Six","kind":"six","place_id":"ChIJHz172uPrYoYRRXrR9lkgKEQ","address":"8 de Mayo 618, 21 de Enero, 67160 Guadalupe, N.L.","types":["liquor_store","grocery_store","food_store","food","point_of_interest","store","establishment"],"fuente":"places_api","fetched_at":"2026-09-24T22:41:22Z"}},{"type":"Feature","geometry":{"type":"Point","coordinates":[-100.1907896,25.780620499999998]},"properties":{"name":"Tienda Six","kind":"six","place_id":"ChIJIfp-lkftYoYRIIs1W5FvVwQ","address":"Porfirio Díaz 133, Cabecera Municipal (Apodaca), Apodaca Centro, 66600 Cdad. Apodaca, N.L.","types":["grocery_store","liquor_store","food_store","store","food","point_of_interest","establishment"],"fuente":"places_api","fetched_at":"2026-09-24T22:41:22Z"}},{"type":"Feature","geometry":{"type":"Point","coordinates":[-100.4142399,25.6626297]},"properties":{"name":"Tienda Six","kind":"six","place_id":"ChIJK6YrJgC9YoYRBe_k0V6EdCc","address":"Luis García 153, Lázaro Garza Ayala, 66238 San Pedro Garza García, N.L.","types":["liquor_store","store","point_of_interest","establishment"],"fuente":"places_api","fetched_at":"2026-09-24T22:41:22Z"}},{"type":"Feature","geometry":{"type":"Point","coordinates":[-100.2283757,25.718282]},"properties":{"name":"Tienda Six","kind":"six","place_id":"ChIJKT8SEeXqYoYRMXv4yqo5vcU","address":"Calle 6 171, Miguel Alemán, 66470 San Nicolás de los Garza, N.L.","types":["grocery_store","liquor_store","food_store","store","food","point_of_interest","establishment"],"fuente":"places_api","fetched_at":"2026-09-24T22:41:22Z"}},{"type":"Feature","geometry":{"type":"Point","coordinates":[-100.50977270000001,25.705078399999998]},"properties":{"name":"Tienda Six","kind":"six","place_id":"ChIJKfAZRDSZYoYRrfoXMDT90iU","address":"Cataluña 517, Los Viñedos, 66357 Cdad. Santa Catarina, N.L.","types":["grocery_store","liquor_store","food_store","store","food","point_of_interest","establishment"],"fuente":"places_api","fetched_at":"2026-09-24T22:41:22Z"}},{"type":"Feature","geometry":{"type":"Point","coordinates":[-100.3325401,25.808526900000004]},"properties":{"name":"Tienda Six","kind":"six","place_id":"ChIJNwWv_suTYoYRWDGt2l8UVUU","address":"Jose Mariano Abasolo 840, Unidad Habitacional, Don Lalo, 66053 Cdad. Gral. Escobedo, N.L.","types":["grocery_store","liquor_store","food_store","store","food","point_of_interest","establishment"],"fuente":"places_api","fetched_at":"2026-09-24T22:41:22Z"}},{"type":"Feature","geometry":{"type":"Point","coordinates":[-100.2952169,25.760244]},"properties":{"name":"Tienda Six","kind":"six","place_id":"ChIJOQ7IoDSVYoYRXUiOhVv5bdk","address":"C. Mariano Matamoros 813, Centro, 66450 San Nicolás de los Garza, N.L.","types":["grocery_store","liquor_store","food_store","store","food","point_of_interest","establishment"],"fuente":"places_api","fetched_at":"2026-09-24T22:41:22Z"}},{"type":"Feature","geometry":{"type":"Point","coordinates":[-100.4588,25.70466]},"properties":{"name":"Tienda Six","kind":"six","place_id":"ChIJQ4BeEEqZYoYRkrIIuwT8PAA","address":"Cañon de los Peyoltillos 306, Las Sombrillas, 66369 Cdad. Santa Catarina, N.L.","types":["liquor_store","grocery_store","food_store","store","food","point_of_interest","establishment"],"fuente":"places_api","fetched_at":"2026-09-24T22:41:22Z"}},{"type":"Feature","geometry":{"type":"Point","coordinates":[-100.25891349999999,25.715745599999998]},"properties":{"name":"Tienda Six","kind":"six","place_id":"ChIJQYvHJKnrYoYR3NNz_knux68","address":"Raúl Murrieta 301, Constituyentes de Queretaro 2do Sector, 66490 San Nicolás de los Garza, N.L.","types":["grocery_store","liquor_store","food_store","food","point_of_interest","store","establishment"],"fuente":"places_api","fetched_at":"2026-09-24T22:41:22Z"}},{"type":"Feature","geometry":{"type":"Point","coordinates":[-100.4660653,25.669807799999997]},"properties":{"name":"Tienda Six","kind":"six","place_id":"ChIJRUZ3sQWZYoYRlifRvgPLoXM","address":"Santa Anita, Sta. Catarina Centro 534, Santa Martha Dos, 66350 Cdad. Santa Catarina, N.L.","types":["liquor_store","grocery_store","food_store","store","food","point_of_interest","establishment"],"fuente":"places_api","fetched_at":"2026-09-24T22:41:22Z"}},{"type":"Feature","geometry":{"type":"Point","coordinates":[-100.147829,25.636412099999998]},"properties":{"name":"Tienda Six","kind":"six","place_id":"ChIJRWjs4WLDYoYRlCduNy0w4c8","address":"Papantla 301-1er Sector, Col. Portal de Vaquerías, 67250 Cdad. Benito Juárez, N.L.","types":["liquor_store","grocery_store","food_store","store","food","point_of_interest","establishment"],"fuente":"places_api","fetched_at":"2026-09-24T22:41:22Z"}},{"type":"Feature","geometry":{"type":"Point","coordinates":[-100.2173267,25.799519]},"properties":{"name":"Tienda Six","kind":"six","place_id":"ChIJS20TRADtYoYRsvS7ymkfF70","address":"Av. Rufino Tamayo 501, Quinta Colonial Apodaca I, 66600 Cdad. Apodaca, N.L.","types":["grocery_store","liquor_store","food_store","store","food","point_of_interest","establishment"],"fuente":"places_api","fetched_at":"2026-09-24T22:41:22Z"}},{"type":"Feature","geometry":{"type":"Point","coordinates":[-100.3819686,25.7216781]},"properties":{"name":"Tienda Six","kind":"six","place_id":"ChIJTToeP_eWYoYRwKoQ7vSay7s","address":"Calle Av Las Palmas 5600, Cumbres Elite 4to. Sector, 64365 Monterrey, N.L.","types":["grocery_store","general_store","food_store","wholesaler","store","food","point_of_interest","service","establishment"],"fuente":"places_api","fetched_at":"2026-09-24T22:41:22Z"}},{"type":"Feature","geometry":{"type":"Point","coordinates":[-100.250709,25.798294]},"properties":{"name":"Tienda Six","kind":"six","place_id":"ChIJU-gG10LtYoYRREyZ0TKx0yY","address":"Priv. San Jorge 143, El Molino, 66612 Cdad. Apodaca, N.L.","types":["grocery_store","liquor_store","food_store","store","food","point_of_interest","establishment"],"fuente":"places_api","fetched_at":"2026-09-24T22:41:22Z"}},{"type":"Feature","geometry":{"type":"Point","coordinates":[-100.33279999999999,25.7857332]},"properties":{"name":"Tienda Six","kind":"six","place_id":"ChIJVYVk4-uTYoYRtFUAWQF-VMc","address":"Cerro del Cubilete 101, Provileón, 66050 Cdad. Gral. Escobedo, N.L.","types":["liquor_store","grocery_store","food_store","store","food","point_of_interest","establishment"],"fuente":"places_api","fetched_at":"2026-09-24T22:41:22Z"}},{"type":"Feature","geometry":{"type":"Point","coordinates":[-100.4668257,25.6850205]},"properties":{"name":"Tienda Six","kind":"six","place_id":"ChIJW1BBUTmZYoYR9Hmv6c8M3Fw","address":"C. José María Morelos 1239, Centro, 66350 Cdad. Santa Catarina, N.L.","types":["liquor_store","grocery_store","food_store","store","food","point_of_interest","establishment"],"fuente":"places_api","fetched_at":"2026-09-24T22:41:22Z"}},{"type":"Feature","geometry":{"type":"Point","coordinates":[-100.49634350000001,25.6943252]},"properties":{"name":"Tienda Six","kind":"six","place_id":"ChIJY4b71jyZYoYRUI1h59UWlhk","address":"Madrid 1200, Puerta de las Mitras, 66350 Cdad. Santa Catarina, N.L.","types":["liquor_store","grocery_store","food_store","store","food","point_of_interest","establishment"],"fuente":"places_api","fetched_at":"2026-09-24T22:41:22Z"}},{"type":"Feature","geometry":{"type":"Point","coordinates":[-100.33397169999999,25.7778213]},"properties":{"name":"Tienda Six","kind":"six","place_id":"ChIJY9Mr7PGTYoYRqJFAN4mExeM","address":"Cocoyoc, Pl. San Genaro 100, de la Cima, 66073 Cdad. Gral. Escobedo, N.L.","types":["grocery_store","liquor_store","food_store","store","food","point_of_interest","establishment"],"fuente":"places_api","fetched_at":"2026-09-24T22:41:22Z"}},{"type":"Feature","geometry":{"type":"Point","coordinates":[-100.24850099999999,25.7947435]},"properties":{"name":"Tienda Six","kind":"six","place_id":"ChIJ_2HzRsftYoYRq8vMwQip6R0","address":"C. E Sexta 431, Misión de Fundadores, 66612 Cdad. Apodaca, N.L.","types":["liquor_store","grocery_store","food_store","store","food","point_of_interest","establishment"],"fuente":"places_api","fetched_at":"2026-09-24T22:41:22Z"}},{"type":"Feature","geometry":{"type":"Point","coordinates":[-100.433607,25.7786698]},"properties":{"name":"Tienda Six","kind":"six","place_id":"ChIJ_eUx6QaRYoYRGiuNMcmidoA","address":"Av Villa Corona 1107, Villas del Poniente, Mitras Poniente, 66000 Mitras Poniente, N.L.","types":["grocery_store","general_store","food_store","store","food","point_of_interest","establishment"],"fuente":"places_api","fetched_at":"2026-09-24T22:41:22Z"}},{"type":"Feature","geometry":{"type":"Point","coordinates":[-100.2161764,25.654651299999998]},"properties":{"name":"Tienda Six","kind":"six","place_id":"ChIJb7wHO0vAYoYRoZi947uXwfQ","address":"Valle Dorado 3000, Valle La Silla, 67180 Guadalupe, N.L.","types":["liquor_store","grocery_store","food_store","store","food","point_of_interest","establishment"],"fuente":"places_api","fetched_at":"2026-09-24T22:41:22Z"}},{"type":"Feature","geometry":{"type":"Point","coordinates":[-100.26366689999999,25.792674599999998]},"properties":{"name":"Tienda Six","kind":"six","place_id":"ChIJdRHwskuTYoYR9G4gsPvpypc","address":"C. Tulipán 233, Valle de Las Bugambilias, 66600 Cdad. Apodaca, N.L.","types":["grocery_store","liquor_store","food_store","store","food","point_of_interest","establishment"],"fuente":"places_api","fetched_at":"2026-09-24T22:41:22Z"}},{"type":"Feature","geometry":{"type":"Point","coordinates":[-100.5106249,25.702357799999998]},"properties":{"name":"Tienda Six","kind":"six","place_id":"ChIJdUDV2HGZYoYRk0HRZv9aCUE","address":"C. Cava 501-2do Sector, Los Viñedos, 66129 Cdad. Santa Catarina, N.L.","types":["liquor_store","grocery_store","food_store","store","food","point_of_interest","establishment"],"fuente":"places_api","fetched_at":"2026-09-24T22:41:22Z"}},{"type":"Feature","geometry":{"type":"Point","coordinates":[-100.29793149999999,25.6247197]},"properties":{"name":"Tienda Six","kind":"six","place_id":"ChIJeUqW91C_YoYRKwl8_ksX21c","address":"Plan de Casa Mata 2834, La República, 64900 Monterrey, N.L.","types":["liquor_store","grocery_store","food_store","store","food","point_of_interest","establishment"],"fuente":"places_api","fetched_at":"2026-09-24T22:41:22Z"}},{"type":"Feature","geometry":{"type":"Point","coordinates":[-100.0916427,25.677590499999997]},"properties":{"name":"Tienda Six","kind":"six","place_id":"ChIJfS2xdLDCYoYRlgaZdWVIm3Q","address":"Móstoles 200, Praderas de San Juan 1er. Sector, 67250 Cdad. Benito Juárez, N.L.","types":["liquor_store","grocery_store","food_store","store","food","point_of_interest","establishment"],"fuente":"places_api","fetched_at":"2026-09-24T22:41:22Z"}},{"type":"Feature","geometry":{"type":"Point","coordinates":[-100.2392574,25.7251655]},"properties":{"name":"Tienda Six","kind":"six","place_id":"ChIJfVWlud_qYoYRiYyk9fBI9FY","address":"Av Los Reales 509, Los Reales 1er Sector, 66490 San Nicolás de los Garza, N.L.","types":["grocery_store","liquor_store","food_store","food","point_of_interest","store","establishment"],"fuente":"places_api","fetched_at":"2026-09-24T22:41:22Z"}},{"type":"Feature","geometry":{"type":"Point","coordinates":[-100.226597,25.715923]},"properties":{"name":"Tienda Six","kind":"six","place_id":"ChIJhQsX_O_qYoYR1csSrmQle1U","address":"Av Calz Unión 401, INFONAVIT Talaverna, 66490 San Nicolás de los Garza, N.L.","types":["grocery_store","liquor_store","food_store","store","food","point_of_interest","establishment"],"fuente":"places_api","fetched_at":"2026-09-24T22:41:22Z"}},{"type":"Feature","geometry":{"type":"Point","coordinates":[-100.596898,25.79546]},"properties":{"name":"Tienda Six","kind":"six","place_id":"ChIJp3aqphmdYoYRxUHMd_p3AIQ","address":"Villafuerte 101, Las Villas, 66000 García, N.L.","types":["grocery_store","liquor_store","food_store","store","food","point_of_interest","establishment"],"fuente":"places_api","fetched_at":"2026-09-24T22:41:22Z"}},{"type":"Feature","geometry":{"type":"Point","coordinates":[-100.38903599999999,25.801544]},"properties":{"name":"Tienda Six","kind":"six","place_id":"ChIJs-dyfwSRYoYRu8ZZwaqJV2w","address":"Av Agualeguas 316, Santa Martha, 66064 Cdad. Gral. Escobedo, N.L.","types":["grocery_store","liquor_store","food_store","store","food","point_of_interest","establishment"],"fuente":"places_api","fetched_at":"2026-09-24T22:41:22Z"}},{"type":"Feature","geometry":{"type":"Point","coordinates":[-100.3039513,25.6613744]},"properties":{"name":"Tienda Six","kind":"six","place_id":"ChIJu0AbgF-_YoYROECJiJeNcxo","address":"Hilario Martinez 623, Nuevo Repueblo, 64700 Monterrey, N.L.","types":["liquor_store","grocery_store","food_store","store","food","point_of_interest","establishment"],"fuente":"places_api","fetched_at":"2026-09-24T22:41:22Z"}},{"type":"Feature","geometry":{"type":"Point","coordinates":[-100.42738469999999,25.6812304]},"properties":{"name":"Tienda Six","kind":"six","place_id":"ChIJveFXye-XYoYReLXWINOPRws","address":"Primero de Mayo 100, Fomerrey 17, 66138 Cdad. Santa Catarina, N.L.","types":["liquor_store","grocery_store","food_store","store","food","point_of_interest","establishment"],"fuente":"places_api","fetched_at":"2026-09-24T22:41:22Z"}},{"type":"Feature","geometry":{"type":"Point","coordinates":[-100.2258217,25.6600641]},"properties":{"name":"Tienda Six","kind":"six","place_id":"ChIJyb7sGgDBYoYRQWwHUYrdNhE","address":"P.º de los Césares 2018-4to Sector, Camino Real, 67170 Guadalupe, N.L.","types":["liquor_store","grocery_store","food_store","store","food","point_of_interest","establishment"],"fuente":"places_api","fetched_at":"2026-09-24T22:41:22Z"}},{"type":"Feature","geometry":{"type":"Point","coordinates":[-100.20540000000001,25.657000000000004]},"properties":{"name":"Tiendas Six","kind":"six","place_id":"ChIJ-6R4bA3BYoYR-ZJV_-nkGkw","address":"Alfonso Martínez Domínguez 1400, La Playa, 67190 Guadalupe, N.L.","types":["liquor_store","grocery_store","food_store","store","food","point_of_interest","establishment"],"fuente":"places_api","fetched_at":"2026-09-24T22:41:22Z"}},{"type":"Feature","geometry":{"type":"Point","coordinates":[-100.24519219999999,25.7656459]},"properties":{"name":"Tiendas Six","kind":"six","place_id":"ChIJ-7WTkUnrYoYRd1kE7ApcPM8","address":"C. del Olmo 147, Los Fresnos, 66636 Cdad. Apodaca, N.L.","types":["grocery_store","liquor_store","food_store","food","point_of_interest","store","establishment"],"fuente":"places_api","fetched_at":"2026-09-24T22:41:22Z"}},{"type":"Feature","geometry":{"type":"Point","coordinates":[-100.0853173,25.620431099999998]},"properties":{"name":"Tiendas Six","kind":"six","place_id":"ChIJ-THU_MzDYoYRv1skKbFqSWw","address":"Praderas de Uruguay 149, Praderas De Oriente, 67262 Cdad. Benito Juárez, N.L.","types":["liquor_store","grocery_store","food_store","store","food","point_of_interest","establishment"],"fuente":"places_api","fetched_at":"2026-09-24T22:41:22Z"}},{"type":"Feature","geometry":{"type":"Point","coordinates":[-100.2554873,25.7236564]},"properties":{"name":"Tiendas Six","kind":"six","place_id":"ChIJ-er_UQvrYoYRMaVpz8Mv27U","address":"C. Antiguo Camino a Apodaca 441, Residencial los Mezquites, 66499 San Nicolás de los Garza, N.L.","types":["grocery_store","liquor_store","food_store","store","food","point_of_interest","establishment"],"fuente":"places_api","fetched_at":"2026-09-24T22:41:22Z"}},{"type":"Feature","geometry":{"type":"Point","coordinates":[-100.288675,25.635355]},"properties":{"name":"Tiendas Six","kind":"six","place_id":"ChIJ0w6FEXS_YoYRwaZ1DLacq9o","address":"Antiguo Camino a Villa de Santiago 2845, Sierra Ventana (Revolución Proletaria), 64770 Monterrey, N.L.","types":["liquor_store","grocery_store","food_store","store","food","point_of_interest","establishment"],"fuente":"places_api","fetched_at":"2026-09-24T22:41:22Z"}},{"type":"Feature","geometry":{"type":"Point","coordinates":[-100.1386874,25.853688]},"properties":{"name":"Tiendas Six","kind":"six","place_id":"ChIJ1ejWKzDvYoYRQW7RqOAz_aU","address":"Pereira 200, Sector San Jorge, Valle de Santa Elena, 65776 Valle de Santa Elena, N.L.","types":["convenience_store","liquor_store","food_store","store","food","point_of_interest","establishment"],"fuente":"places_api","fetched_at":"2026-09-24T22:41:22Z"}},{"type":"Feature","geometry":{"type":"Point","coordinates":[-100.1892,25.7869]},"properties":{"name":"Tiendas Six","kind":"six","place_id":"ChIJ1f6PBQPtYoYRX0FPkKAKmxw","address":"Colima 202, Nova, 66605 Cdad. Apodaca, N.L.","types":["grocery_store","liquor_store","food_store","store","food","point_of_interest","establishment"],"fuente":"places_api","fetched_at":"2026-09-24T22:41:22Z"}},{"type":"Feature","geometry":{"type":"Point","coordinates":[-100.185865,25.7832884]},"properties":{"name":"Tiendas Six","kind":"six","place_id":"ChIJ1x-JUqrtYoYRbOIYaF8rnEc","address":"Mariano Jimenez, Libramiento Nte. 114, Cabecera Municipal (Apodaca), Apodaca Centro, 66600 Cdad. Apodaca, N.L.","types":["liquor_store","grocery_store","food_store","store","food","point_of_interest","establishment"],"fuente":"places_api","fetched_at":"2026-09-24T22:41:22Z"}},{"type":"Feature","geometry":{"type":"Point","coordinates":[-100.1750194,25.646554199999997]},"properties":{"name":"Tiendas Six","kind":"six","place_id":"ChIJ2Wteyy7BYoYRcTHyiLDP39M","address":"Av. Xochimilco 2605, S.c.t., 67195 Guadalupe, N.L.","types":["liquor_store","grocery_store","food_store","store","food","point_of_interest","establishment"],"fuente":"places_api","fetched_at":"2026-09-24T22:41:22Z"}},{"type":"Feature","geometry":{"type":"Point","coordinates":[-100.21962669999999,25.6829971]},"properties":{"name":"Tiendas Six","kind":"six","place_id":"ChIJ2xecmLHrYoYR0EdASSXJPkI","address":"Acantilado 3302, Riberas del Río, 67160 Guadalupe, N.L.","types":["liquor_store","grocery_store","food_store","store","food","point_of_interest","establishment"],"fuente":"places_api","fetched_at":"2026-09-24T22:41:22Z"}},{"type":"Feature","geometry":{"type":"Point","coordinates":[-100.207573,25.652362999999998]},"properties":{"name":"Tiendas Six","kind":"six","place_id":"ChIJ30AuydbBYoYR1qUKv9ssqtI","address":"Checoslovaquia 5417, Villa Olímpica, 67180 Guadalupe, N.L.","types":["liquor_store","grocery_store","food_store","store","food","point_of_interest","establishment"],"fuente":"places_api","fetched_at":"2026-09-24T22:41:22Z"}},{"type":"Feature","geometry":{"type":"Point","coordinates":[-100.080551,25.6019719]},"properties":{"name":"Tiendas Six","kind":"six","place_id":"ChIJ3dQh_frdYoYRFglhkrDkG_g","address":"Avenida del Valle, Nogal 600, Valle del Roble, 67456 Valle del Roble, N.L.","types":["grocery_store","liquor_store","food_store","store","food","point_of_interest","establishment"],"fuente":"places_api","fetched_at":"2026-09-24T22:41:22Z"}},{"type":"Feature","geometry":{"type":"Point","coordinates":[-100.2663451,25.618029900000003]},"properties":{"name":"Tiendas Six","kind":"six","place_id":"ChIJ3dk7fTa_YoYRWhFsdyevXnU","address":"Adolfo López Mateos 4600-Sur, San Angel, 64878 Monterrey, N.L.","types":["liquor_store","grocery_store","food_store","store","food","point_of_interest","establishment"],"fuente":"places_api","fetched_at":"2026-09-24T22:41:22Z"}},{"type":"Feature","geometry":{"type":"Point","coordinates":[-100.306511,25.654427]},"properties":{"name":"Tiendas Six","kind":"six","place_id":"ChIJ3fOReKq_YoYR9xf-S5Y_j-g","address":"Michoacán 1339, Independencia, 64720 Monterrey, N.L.","types":["liquor_store","store","point_of_interest","establishment"],"fuente":"places_api","fetched_at":"2026-09-24T22:41:22Z"}},{"type":"Feature","geometry":{"type":"Point","coordinates":[-100.2668317,25.6209776]},"properties":{"name":"Tiendas Six","kind":"six","place_id":"ChIJ3wmi8QO_YoYRq8CXsNnyi2g","address":"Adolfo López Mateos 4304, San Angel, 64878 Monterrey, N.L.","types":["liquor_store","grocery_store","food_store","store","food","point_of_interest","establishment"],"fuente":"places_api","fetched_at":"2026-09-24T22:41:22Z"}},{"type":"Feature","geometry":{"type":"Point","coordinates":[-100.40194989999999,25.7730863]},"properties":{"name":"Tiendas Six","kind":"six","place_id":"ChIJ41Qj-aWRYoYR0pK8jG3aLY0","address":"Lago Mayor 403, Barrio Margaritas, 64102 Monterrey, N.L.","types":["grocery_store","liquor_store","food_store","store","food","point_of_interest","establishment"],"fuente":"places_api","fetched_at":"2026-09-24T22:41:22Z"}},{"type":"Feature","geometry":{"type":"Point","coordinates":[-100.4664989,25.696208199999997]},"properties":{"name":"Tiendas Six","kind":"six","place_id":"ChIJ41ck8geZYoYR8mRPDi1lO-k","address":"Rincón de La Sierra 438, Rincón del Poniente, 66368 Cdad. Santa Catarina, N.L.","types":["liquor_store","grocery_store","food_store","store","food","point_of_interest","establishment"],"fuente":"places_api","fetched_at":"2026-09-24T22:41:22Z"}},{"type":"Feature","geometry":{"type":"Point","coordinates":[-100.1385179,25.6158291]},"properties":{"name":"Tiendas Six","kind":"six","place_id":"ChIJ43ZR7qbDYoYRd5EPQ0OxYOc","address":"Monte Cristal 100, Monte Kristal, 67280 Cdad. Benito Juárez, N.L.","types":["liquor_store","grocery_store","food_store","store","food","point_of_interest","establishment"],"fuente":"places_api","fetched_at":"2026-09-24T22:41:22Z"}},{"type":"Feature","geometry":{"type":"Point","coordinates":[-100.46503729999999,25.691921]},"properties":{"name":"Tiendas Six","kind":"six","place_id":"ChIJ47V8SB-ZYoYRc8eM89JKcpo","address":"San Abel 339, San Francisco, 66638 Cdad. Santa Catarina, N.L.","types":["grocery_store","liquor_store","food_store","store","food","point_of_interest","establishment"],"fuente":"places_api","fetched_at":"2026-09-24T22:41:22Z"}},{"type":"Feature","geometry":{"type":"Point","coordinates":[-100.3270161,25.705346799999997]},"properties":{"name":"Tiendas Six","kind":"six","place_id":"ChIJ4UjhQyqVYoYRqyS4HcM917s","address":"Av Bernardo Reyes 3124A, Estrella, 64100 Monterrey, N.L.","types":["grocery_store","liquor_store","food_store","store","food","point_of_interest","establishment"],"fuente":"places_api","fetched_at":"2026-09-24T22:41:22Z"}},{"type":"Feature","geometry":{"type":"Point","coordinates":[-100.32116239999999,25.777305]},"properties":{"name":"Tiendas Six","kind":"six","place_id":"ChIJ4WXh8XWTYoYR6BavuUWl5xs","address":"José María Paras 229, Felipe Carrillo, 66055 Cdad. Gral. Escobedo, N.L.","types":["grocery_store","liquor_store","food_store","store","food","point_of_interest","establishment"],"fuente":"places_api","fetched_at":"2026-09-24T22:41:22Z"}},{"type":"Feature","geometry":{"type":"Point","coordinates":[-100.4709759,25.6784023]},"properties":{"name":"Tiendas Six","kind":"six","place_id":"ChIJ4dzpN2CZYoYROLtltUW0M8I","address":"Cancun 500, Zimix, 66358 Cdad. Santa Catarina, N.L.","types":["liquor_store","grocery_store","food_store","store","food","point_of_interest","establishment"],"fuente":"places_api","fetched_at":"2026-09-24T22:41:22Z"}},{"type":"Feature","geometry":{"type":"Point","coordinates":[-100.31078010000002,25.638111600000002]},"properties":{"name":"Tiendas Six","kind":"six","place_id":"ChIJ575Omtm_YoYRbl-opOwRDkg","address":"P.º del Rosario 101, Valle del Mirador, 64750 Monterrey, N.L.","types":["liquor_store","grocery_store","food_store","store","food","point_of_interest","establishment"],"fuente":"places_api","fetched_at":"2026-09-24T22:41:22Z"}},{"type":"Feature","geometry":{"type":"Point","coordinates":[-100.30004389999999,25.690082]},"properties":{"name":"Tiendas Six","kind":"six","place_id":"ChIJ57AYlGCVYoYRtUYmX8dPlt4","address":"Alvaro Obregón 1906, Terminal, 64580 Monterrey, N.L.","types":["liquor_store","store","point_of_interest","establishment"],"fuente":"places_api","fetched_at":"2026-09-24T22:41:22Z"}},{"type":"Feature","geometry":{"type":"Point","coordinates":[-100.4894448,25.6813237]},"properties":{"name":"Tiendas Six","kind":"six","place_id":"ChIJ5VeQcYiZYoYR3-2iGIvwmsw","address":"Jorge Luis Borges 2973, Cumbres de Santa Catarina Primer Sector, 66354 Cdad. Santa Catarina, N.L.","types":["liquor_store","grocery_store","food_store","store","food","point_of_interest","establishment"],"fuente":"places_api","fetched_at":"2026-09-24T22:41:22Z"}},{"type":"Feature","geometry":{"type":"Point","coordinates":[-100.3671526,25.8536269]},"properties":{"name":"Tiendas Six","kind":"six","place_id":"ChIJ5Z22zieRYoYRMkDzbLjCCN4","address":"California 701, 66550 Buena Vista, N.L.","types":["grocery_store","liquor_store","convenience_store","food_store","store","food","point_of_interest","establishment"],"fuente":"places_api","fetched_at":"2026-09-24T22:41:22Z"}},{"type":"Feature","geometry":{"type":"Point","coordinates":[-100.2393546,25.780077799999997]},"properties":{"name":"Tiendas Six","kind":"six","place_id":"ChIJ5wQrsqztYoYR4W59tR0-h8I","address":"Ombú 741, Los Ebanos, 66612 Cdad. Apodaca, N.L.","types":["grocery_store","liquor_store","food_store","store","food","point_of_interest","establishment"],"fuente":"places_api","fetched_at":"2026-09-24T22:41:22Z"}},{"type":"Feature","geometry":{"type":"Point","coordinates":[-100.368183,25.730829999999997]},"properties":{"name":"Tiendas Six","kind":"six","place_id":"ChIJ62JQa5KWYoYRoWMlX_YV38c","address":"Sitio 5406, Alvaro Obregon, Sin Nombre de Col 14, 64150 Monterrey, N.L.","types":["liquor_store","store","point_of_interest","establishment"],"fuente":"places_api","fetched_at":"2026-09-24T22:41:22Z"}},{"type":"Feature","geometry":{"type":"Point","coordinates":[-100.46114209999999,25.663296199999998]},"properties":{"name":"Tiendas Six","kind":"six","place_id":"ChIJ62lRNrejYoYRPf1ApsmOe-E","address":"C. Cuajuco 122, Infonavit la Huasteca, 66354 Cdad. Santa Catarina, N.L.","types":["liquor_store","grocery_store","food_store","store","food","point_of_interest","establishment"],"fuente":"places_api","fetched_at":"2026-09-24T22:41:22Z"}},{"type":"Feature","geometry":{"type":"Point","coordinates":[-100.14559419999999,25.651799999999998]},"properties":{"name":"Tiendas Six","kind":"six","place_id":"ChIJ69ATLkbCYoYRXN4qDfkz67A","address":"Av. Cto. Valle Sur, Valle Sur, 67257 Cdad. Benito Juárez, N.L.","types":["liquor_store","grocery_store","food_store","store","food","point_of_interest","establishment"],"fuente":"places_api","fetched_at":"2026-09-24T22:41:22Z"}},{"type":"Feature","geometry":{"type":"Point","coordinates":[-100.26619389999999,25.617104599999998]},"properties":{"name":"Tiendas Six","kind":"six","place_id":"ChIJ6SprUGK_YoYRe9kI0VhnhBo","address":"Adolfo López Mateos 4720-Sur, San Angel, 64870 Monterrey, N.L.","types":["liquor_store","grocery_store","food_store","store","food","point_of_interest","establishment"],"fuente":"places_api","fetched_at":"2026-09-24T22:41:22Z"}},{"type":"Feature","geometry":{"type":"Point","coordinates":[-100.57698409999999,25.7915247]},"properties":{"name":"Tiendas Six","kind":"six","place_id":"ChIJ6TXQcxudYoYRFZ9IdIu9mfk","address":"Villa Granada 187, Privadas de las Villas, 66003 García, N.L.","types":["grocery_store","liquor_store","food_store","store","food","point_of_interest","establishment"],"fuente":"places_api","fetched_at":"2026-09-24T22:41:22Z"}},{"type":"Feature","geometry":{"type":"Point","coordinates":[-100.567481,25.804019999999998]},"properties":{"name":"Tiendas Six","kind":"six","place_id":"ChIJ6U2q6WCdYoYRFf6B6TPZwkA","address":"Dr. Andrés Márquez Acosta 101-1, Valle de San Blas, 66025 García, N.L.","types":["grocery_store","liquor_store","food_store","store","food","point_of_interest","establishment"],"fuente":"places_api","fetched_at":"2026-09-24T22:41:22Z"}},{"type":"Feature","geometry":{"type":"Point","coordinates":[-100.29045699999999,25.744139999999998]},"properties":{"name":"Tiendas Six","kind":"six","place_id":"ChIJ6Y3W_yOVYoYRS0XlqFmXiTU","address":"Av. Las Puentes 101, Las Puentes 2do Sector, 66460 San Nicolás de los Garza, N.L.","types":["liquor_store","point_of_interest","store","establishment"],"fuente":"places_api","fetched_at":"2026-09-24T22:41:22Z"}},{"type":"Feature","geometry":{"type":"Point","coordinates":[-100.5880256,25.7904646]},"properties":{"name":"Tiendas Six","kind":"six","place_id":"ChIJ6cLjeqadYoYRvP6BAEpS-ks","address":"C. Abedules 239, Las Arboledas, 66004 Villa De Garcia, N.L.","types":["grocery_store","liquor_store","food_store","food","point_of_interest","store","establishment"],"fuente":"places_api","fetched_at":"2026-09-24T22:41:22Z"}},{"type":"Feature","geometry":{"type":"Point","coordinates":[-100.304634,25.7966139]},"properties":{"name":"Tiendas Six","kind":"six","place_id":"ChIJ74g7KY2TYoYRt-Q77tBdqpA","address":"Calle Gral. Mariano Escobedo 420, Los Elizondo, 66050 Cdad. Gral. Escobedo, N.L.","types":["grocery_store","liquor_store","food_store","store","food","point_of_interest","establishment"],"fuente":"places_api","fetched_at":"2026-09-24T22:41:22Z"}},{"type":"Feature","geometry":{"type":"Point","coordinates":[-100.4878985,25.678059899999997]},"properties":{"name":"Tiendas Six","kind":"six","place_id":"ChIJ75JnZ7mZYoYReQbm0a1Z-rc","address":"Francoise Sagan, Cumbres de Sta. Catarina 2801, Cumbres de Santa Catarina Tercer Sector, 66358 Cdad. Santa Catarina, N.L.","types":["liquor_store","grocery_store","food_store","store","food","point_of_interest","establishment"],"fuente":"places_api","fetched_at":"2026-09-24T22:41:22Z"}},{"type":"Feature","geometry":{"type":"Point","coordinates":[-100.324545,25.7220973]},"properties":{"name":"Tiendas Six","kind":"six","place_id":"ChIJ7W-L2EqUYoYRDykMeqP4jGI","address":"Abelardo L Rodriguez 1099, Luis Echeverría (Fomerrey 75), 64260 Monterrey, N.L.","types":["grocery_store","liquor_store","food_store","store","food","point_of_interest","establishment"],"fuente":"places_api","fetched_at":"2026-09-24T22:41:22Z"}},{"type":"Feature","geometry":{"type":"Point","coordinates":[-100.16559269999999,25.698742199999998]},"properties":{"name":"Tiendas Six","kind":"six","place_id":"ChIJ832DOPfpYoYRNZnooCfNmSk","address":"Valle Plano 307, Valle Soleado, 67114 Guadalupe, N.L.","types":["liquor_store","grocery_store","food_store","food","point_of_interest","store","establishment"],"fuente":"places_api","fetched_at":"2026-09-24T22:41:22Z"}},{"type":"Feature","geometry":{"type":"Point","coordinates":[-100.277402,25.752827999999997]},"properties":{"name":"Tiendas Six","kind":"six","place_id":"ChIJ91egdU6VYoYRihW606H8-rw","address":"Av. República Mexicana 202-1er Sector, Miraflores, 66410 San Nicolás de los Garza, N.L.","types":["grocery_store","liquor_store","food_store","food","point_of_interest","store","establishment"],"fuente":"places_api","fetched_at":"2026-09-24T22:41:22Z"}},{"type":"Feature","geometry":{"type":"Point","coordinates":[-100.59411519999999,25.8017203]},"properties":{"name":"Tiendas Six","kind":"six","place_id":"ChIJ92KcNOqdYoYRtx_tvtTGhzI","address":"Fraccionamiento Avenida Lázaro Cárdenas, El Fraile I, 66005 García, N.L.","types":["liquor_store","store","point_of_interest","establishment"],"fuente":"places_api","fetched_at":"2026-09-24T22:41:22Z"}},{"type":"Feature","geometry":{"type":"Point","coordinates":[-100.2961392,25.632493399999998]},"properties":{"name":"Tiendas Six","kind":"six","place_id":"ChIJ9YVw-Ki_YoYRJ8UnmVAbyic","address":"Guillermo Martinez 3621, Burócratas Municipales, 64760 Monterrey, N.L.","types":["liquor_store","grocery_store","food_store","store","food","point_of_interest","establishment"],"fuente":"places_api","fetched_at":"2026-09-24T22:41:22Z"}},{"type":"Feature","geometry":{"type":"Point","coordinates":[-100.59821,25.793279]},"properties":{"name":"Tiendas Six","kind":"six","place_id":"ChIJ9Z2-CHGdYoYRN-6HoBoIgv0","address":"Praderas de Guanajuato 400, Urbi Villa del Prado, 66004 García, N.L.","types":["grocery_store","liquor_store","food_store","food","point_of_interest","store","establishment"],"fuente":"places_api","fetched_at":"2026-09-24T22:41:22Z"}},{"type":"Feature","geometry":{"type":"Point","coordinates":[-100.47609709999999,25.6726748]},"properties":{"name":"Tiendas Six","kind":"six","place_id":"ChIJA6M6TeiZYoYRyE-1PbcuGnY","address":"Sierra de san gregorio 1235, Real del Valle Primer Sector, 66367 Cdad. Santa Catarina, N.L.","types":["liquor_store","grocery_store","food_store","store","food","point_of_interest","establishment"],"fuente":"places_api","fetched_at":"2026-09-24T22:41:22Z"}},{"type":"Feature","geometry":{"type":"Point","coordinates":[-100.4972554,25.695627299999998]},"properties":{"name":"Tiendas Six","kind":"six","place_id":"ChIJAV3R_nqZYoYRMkUFnFRF-yw","address":"Burgos 1212, Puerta de las Mitras, 66364 Cdad. Santa Catarina, N.L.","types":["grocery_store","liquor_store","food_store","store","food","point_of_interest","establishment"],"fuente":"places_api","fetched_at":"2026-09-24T22:41:22Z"}},{"type":"Feature","geometry":{"type":"Point","coordinates":[-100.37469999999999,25.837899999999998]},"properties":{"name":"Tiendas Six","kind":"six","place_id":"ChIJAav0LruRYoYR7mtGQW2O9bE","address":"Río de la Plata 116, Hacienda De, La Providencia, 66062 Cdad. Gral. Escobedo, N.L.","types":["grocery_store","liquor_store","food_store","store","food","point_of_interest","establishment"],"fuente":"places_api","fetched_at":"2026-09-24T22:41:22Z"}},{"type":"Feature","geometry":{"type":"Point","coordinates":[-100.3268332,25.7302786]},"properties":{"name":"Tiendas Six","kind":"six","place_id":"ChIJAwv-LkiUYoYRUxRNN_Y2_og","address":"Terán 6001, Topo Chico, 64260 Monterrey, N.L.","types":["liquor_store","grocery_store","food_store","store","food","point_of_interest","establishment"],"fuente":"places_api","fetched_at":"2026-09-24T22:41:22Z"}},{"type":"Feature","geometry":{"type":"Point","coordinates":[-100.122778,25.641334999999998]},"properties":{"name":"Tiendas Six","kind":"six","place_id":"ChIJAzplAkfDYoYROXtohXhdcks","address":"La Esperanza 447, La Esperanza, 67250 Cdad. Benito Juárez, N.L.","types":["liquor_store","grocery_store","food_store","store","food","point_of_interest","establishment"],"fuente":"places_api","fetched_at":"2026-09-24T22:41:22Z"}},{"type":"Feature","geometry":{"type":"Point","coordinates":[-100.2137472,25.687405899999998]},"properties":{"name":"Tiendas Six","kind":"six","place_id":"ChIJBYiSmorrYoYRBzKrYMq50xI","address":"Av. Adolfo López Mateos 214, 21 de Enero, 67160 Guadalupe, N.L.","types":["liquor_store","grocery_store","food_store","food","point_of_interest","store","establishment"],"fuente":"places_api","fetched_at":"2026-09-24T22:41:22Z"}},{"type":"Feature","geometry":{"type":"Point","coordinates":[-100.4624037,25.7000901]},"properties":{"name":"Tiendas Six","kind":"six","place_id":"ChIJBZZuzsKZYoYRDDExs4fMq9I","address":"San Marcos 201, San Gilberto, 66369 Cdad. Santa Catarina, N.L.","types":["liquor_store","store","point_of_interest","establishment"],"fuente":"places_api","fetched_at":"2026-09-24T22:41:22Z"}},{"type":"Feature","geometry":{"type":"Point","coordinates":[-100.26718269999999,25.763772700000004]},"properties":{"name":"Tiendas Six","kind":"six","place_id":"ChIJBwup866UYoYRG3y9h87IIk0","address":"Gustavo Díaz Ordaz 301, Villa Luz, 66420 San Nicolás de los Garza, N.L.","types":["grocery_store","liquor_store","food_store","food","point_of_interest","store","establishment"],"fuente":"places_api","fetched_at":"2026-09-24T22:41:22Z"}},{"type":"Feature","geometry":{"type":"Point","coordinates":[-100.5066744,25.704469]},"properties":{"name":"Tiendas Six","kind":"six","place_id":"ChIJC10BRhqZYoYROY31L85K274","address":"Avenida Hacienda El Palmar, Hacienda San José 165, Hacienda el Palmar, 66367 Cdad. Santa Catarina, N.L.","types":["liquor_store","grocery_store","food_store","store","food","point_of_interest","establishment"],"fuente":"places_api","fetched_at":"2026-09-24T22:41:22Z"}},{"type":"Feature","geometry":{"type":"Point","coordinates":[-100.6006111,25.7914072]},"properties":{"name":"Tiendas Six","kind":"six","place_id":"ChIJC4xssUydYoYRvsWEqDWHgQ4","address":"Paseo de Los Leones 109, Paseo de las Torres, 66004 García, N.L.","types":["grocery_store","liquor_store","food_store","store","food","point_of_interest","establishment"],"fuente":"places_api","fetched_at":"2026-09-24T22:41:22Z"}},{"type":"Feature","geometry":{"type":"Point","coordinates":[-100.23144309999999,25.6827209]},"properties":{"name":"Tiendas Six","kind":"six","place_id":"ChIJCQbUay_rYoYR-1DREiZEu3I","address":"Gral. Plutarco Elías Calles 120, El Sabino, 67154 Guadalupe, N.L.","types":["liquor_store","grocery_store","food_store","food","point_of_interest","store","establishment"],"fuente":"places_api","fetched_at":"2026-09-24T22:41:22Z"}},{"type":"Feature","geometry":{"type":"Point","coordinates":[-100.5992,25.7959]},"properties":{"name":"Tiendas Six","kind":"six","place_id":"ChIJCSH-mxOdYoYRcm86vIKpoyo","address":"Servando Teresa De Mier, Juan A. Sobrevilla 627, Fray Juan Antonio de Sobrevilla, 66000 García, N.L.","types":["grocery_store","liquor_store","food_store","store","food","point_of_interest","establishment"],"fuente":"places_api","fetched_at":"2026-09-24T22:41:22Z"}},{"type":"Feature","geometry":{"type":"Point","coordinates":[-100.2264206,25.7976153]},"properties":{"name":"Tiendas Six","kind":"six","place_id":"ChIJCYbrMv7tYoYRmsyvpXiODkI","address":"Bambú 101, Prados de Santa Rosa, 64000 Nuevo Leon, N.L.","types":["grocery_store","liquor_store","food_store","store","food","point_of_interest","establishment"],"fuente":"places_api","fetched_at":"2026-09-24T22:41:22Z"}},{"type":"Feature","geometry":{"type":"Point","coordinates":[-100.603158,25.795346]},"properties":{"name":"Tiendas Six","kind":"six","place_id":"ChIJCzvppwWdYoYRntS6nkHRlvw","address":"Av. Balcones de García 1008, Balcones de García, 66006 García, N.L.","types":["grocery_store","liquor_store","food_store","store","food","point_of_interest","establishment"],"fuente":"places_api","fetched_at":"2026-09-24T22:41:22Z"}},{"type":"Feature","geometry":{"type":"Point","coordinates":[-100.500776,25.694398999999997]},"properties":{"name":"Tiendas Six","kind":"six","place_id":"ChIJD8h9XUOZYoYRer-dp26xS6g","address":"Privadas de Sta. Catarina 1107, Privadas de Santa Catarina 2do Sector, 66359 Cdad. Santa Catarina, N.L.","types":["liquor_store","grocery_store","food_store","store","food","point_of_interest","establishment"],"fuente":"places_api","fetched_at":"2026-09-24T22:41:22Z"}},{"type":"Feature","geometry":{"type":"Point","coordinates":[-100.16909,25.6257172]},"properties":{"name":"Tiendas Six","kind":"six","place_id":"ChIJDT4g_rjDYoYRvVbmfAaV26k","address":"Los Fresnos 162, Rancho Viejo, Jardines de la Silla, 67473 Guadalupe, N.L.","types":["liquor_store","grocery_store","food_store","store","food","point_of_interest","establishment"],"fuente":"places_api","fetched_at":"2026-09-24T22:41:22Z"}},{"type":"Feature","geometry":{"type":"Point","coordinates":[-100.29849999999999,25.6361]},"properties":{"name":"Tiendas Six","kind":"six","place_id":"ChIJDU7laGO_YoYR9yzSIxIFSyM","address":"Arturo B. de La Garza 3405, Burócratas Municipales, 64769 Monterrey, N.L.","types":["liquor_store","grocery_store","food_store","store","food","point_of_interest","establishment"],"fuente":"places_api","fetched_at":"2026-09-24T22:41:22Z"}},{"type":"Feature","geometry":{"type":"Point","coordinates":[-100.31312199999999,25.7781994]},"properties":{"name":"Tiendas Six","kind":"six","place_id":"ChIJDaaBot-TYoYRgLp0w9O4F3s","address":"Vía Trevizo 401, Joyas de Anahuac, 66055 Cdad. Gral. Escobedo, N.L.","types":["grocery_store","liquor_store","food_store","store","food","point_of_interest","establishment"],"fuente":"places_api","fetched_at":"2026-09-24T22:41:22Z"}},{"type":"Feature","geometry":{"type":"Point","coordinates":[-100.1677857,25.7070048]},"properties":{"name":"Tiendas Six","kind":"six","place_id":"ChIJDy2XHvXpYoYRZx_F5errW1I","address":"Talos 200, Bosques del Sol, 67114 Guadalupe, N.L.","types":["liquor_store","grocery_store","food_store","store","food","point_of_interest","establishment"],"fuente":"places_api","fetched_at":"2026-09-24T22:41:22Z"}},{"type":"Feature","geometry":{"type":"Point","coordinates":[-100.46357599999999,25.7020454]},"properties":{"name":"Tiendas Six","kind":"six","place_id":"ChIJEyEONUiYYoYR9bY7mH3_n9o","address":"Av. Rincón de Las Palmas 137, II, 66368 Cdad. Santa Catarina, N.L.","types":["liquor_store","grocery_store","food_store","store","food","point_of_interest","establishment"],"fuente":"places_api","fetched_at":"2026-09-24T22:41:22Z"}},{"type":"Feature","geometry":{"type":"Point","coordinates":[-100.367767,25.803672]},"properties":{"name":"Tiendas Six","kind":"six","place_id":"ChIJF-q_T52RYoYRF3EIITaq0Hk","address":"Sta. Gertrudis 502, Fraccionamiento Serranias, 64000 Cdad. Gral. Escobedo, N.L.","types":["grocery_store","convenience_store","liquor_store","food_store","store","food","point_of_interest","establishment"],"fuente":"places_api","fetched_at":"2026-09-24T22:41:22Z"}},{"type":"Feature","geometry":{"type":"Point","coordinates":[-100.254813,25.809122]},"properties":{"name":"Tiendas Six","kind":"six","place_id":"ChIJFRg6GdLsYoYR35X7dxJhmp0","address":"C. Martín Luther King 505, Mirador Topo Fundadores, 66612 Cdad. Apodaca, N.L.","types":["grocery_store","liquor_store","food_store","store","food","point_of_interest","establishment"],"fuente":"places_api","fetched_at":"2026-09-24T22:41:22Z"}},{"type":"Feature","geometry":{"type":"Point","coordinates":[-100.2759609,25.6555888]},"properties":{"name":"Tiendas Six","kind":"six","place_id":"ChIJFWMMWk-_YoYRfr2SaEcVYtY","address":"Berel 716, Ladrillera, Distrito Tec, 64830 Monterrey, N.L.","types":["liquor_store","grocery_store","food_store","store","food","point_of_interest","establishment"],"fuente":"places_api","fetched_at":"2026-09-24T22:41:22Z"}},{"type":"Feature","geometry":{"type":"Point","coordinates":[-100.254318,25.769302]},"properties":{"name":"Tiendas Six","kind":"six","place_id":"ChIJFXcEkXvrYoYRkJzG1aB4ohU","address":"Av. Los Fresnos 435-2do Sector, De Los Fresnos, 66632 Cdad. Apodaca, N.L.","types":["grocery_store","liquor_store","food_store","store","food","point_of_interest","establishment"],"fuente":"places_api","fetched_at":"2026-09-24T22:41:22Z"}},{"type":"Feature","geometry":{"type":"Point","coordinates":[-100.50587190000002,25.707481599999998]},"properties":{"name":"Tiendas Six","kind":"six","place_id":"ChIJFYdsoTaZYoYRwdYezSb5Bok","address":"Hacienda San Elas, Hacienda el Palmar 153, Hacienda el Palmar, 66100 Cdad. Santa Catarina, N.L.","types":["liquor_store","grocery_store","food_store","store","food","point_of_interest","establishment"],"fuente":"places_api","fetched_at":"2026-09-24T22:41:22Z"}},{"type":"Feature","geometry":{"type":"Point","coordinates":[-100.4634708,25.699234399999998]},"properties":{"name":"Tiendas Six","kind":"six","place_id":"ChIJFbuA4EeYYoYRKXETpLBgYxQ","address":"Bahía de La Paz 632, San Gilberto, 66369 Cdad. Santa Catarina, N.L.","types":["liquor_store","grocery_store","food_store","store","food","point_of_interest","establishment"],"fuente":"places_api","fetched_at":"2026-09-24T22:41:22Z"}},{"type":"Feature","geometry":{"type":"Point","coordinates":[-100.18891590000001,25.640074799999997]},"properties":{"name":"Tiendas Six","kind":"six","place_id":"ChIJG5wHktjBYoYRZfOWkRJHSDc","address":"C. Atotonilco 300, Tierra Propia, 67190 Guadalupe, N.L.","types":["liquor_store","grocery_store","food_store","store","food","point_of_interest","establishment"],"fuente":"places_api","fetched_at":"2026-09-24T22:41:22Z"}},{"type":"Feature","geometry":{"type":"Point","coordinates":[-100.3538342,25.7402563]},"properties":{"name":"Tiendas Six","kind":"six","place_id":"ChIJG7JkF5-WYoYRtAAjEI69knw","address":"Uxmal 112, Unidad Modelo, 64140 Monterrey, N.L.","types":["grocery_store","liquor_store","food_store","store","food","point_of_interest","establishment"],"fuente":"places_api","fetched_at":"2026-09-24T22:41:22Z"}},{"type":"Feature","geometry":{"type":"Point","coordinates":[-100.4643098,25.665698199999998]},"properties":{"name":"Tiendas Six","kind":"six","place_id":"ChIJGbwe6uCZYoYRrnDrlnKJu4Y","address":"Culebra 400, Santa Martha, 66350 Cdad. Santa Catarina, N.L.","types":["liquor_store","grocery_store","food_store","store","food","point_of_interest","establishment"],"fuente":"places_api","fetched_at":"2026-09-24T22:41:22Z"}},{"type":"Feature","geometry":{"type":"Point","coordinates":[-100.3059268,25.654269799999998]},"properties":{"name":"Tiendas Six","kind":"six","place_id":"ChIJGeHwsim_YoYR_2wIIGOpRaY","address":"Sonora 1438, Ancira, 64720 Monterrey, N.L.","types":["liquor_store","grocery_store","food_store","store","food","point_of_interest","establishment"],"fuente":"places_api","fetched_at":"2026-09-24T22:41:22Z"}},{"type":"Feature","geometry":{"type":"Point","coordinates":[-100.16853540000001,25.648862899999997]},"properties":{"name":"Tiendas Six","kind":"six","place_id":"ChIJH0JesuvDYoYRIcCY9skXNjE","address":"Hda. Sta. Clara 147, Hacienda La Silla, 61195 Guadalupe, N.L.","types":["liquor_store","grocery_store","food_store","store","food","point_of_interest","establishment"],"fuente":"places_api","fetched_at":"2026-09-24T22:41:22Z"}},{"type":"Feature","geometry":{"type":"Point","coordinates":[-100.1675607,25.7032572]},"properties":{"name":"Tiendas Six","kind":"six","place_id":"ChIJH1kCdvjpYoYR9uOrvUYSlRI","address":"Av. Valle Alegre 157, Valle Soleado, 67114 Guadalupe, N.L.","types":["grocery_store","liquor_store","food_store","food","point_of_interest","store","establishment"],"fuente":"places_api","fetched_at":"2026-09-24T22:41:22Z"}},{"type":"Feature","geometry":{"type":"Point","coordinates":[-100.1816264,25.6326012]},"properties":{"name":"Tiendas Six","kind":"six","place_id":"ChIJH4UGSGnBYoYRqSSI-wypsng","address":"Guillermo Prieto 109, Heroes de Nacozari, Jardines de la Silla, 67288 Jardines de la Silla, N.L.","types":["liquor_store","grocery_store","food_store","store","food","point_of_interest","establishment"],"fuente":"places_api","fetched_at":"2026-09-24T22:41:22Z"}},{"type":"Feature","geometry":{"type":"Point","coordinates":[-100.253856,25.786060499999998]},"properties":{"name":"Tiendas Six","kind":"six","place_id":"ChIJHyah8rHsYoYRUmRAaU6zRiM","address":"Calle S 8, Av Metroplex 180, Metroplex I, 66612 Cdad. Apodaca, N.L.","types":["liquor_store","grocery_store","food_store","store","food","point_of_interest","establishment"],"fuente":"places_api","fetched_at":"2026-09-24T22:41:22Z"}},{"type":"Feature","geometry":{"type":"Point","coordinates":[-100.3123095,25.6362374]},"properties":{"name":"Tiendas Six","kind":"six","place_id":"ChIJHz0Qly-_YoYRrDmpPCnOrh8","address":"Canterías 1736, Alfareros, 64753 Monterrey, N.L.","types":["liquor_store","grocery_store","food_store","store","food","point_of_interest","establishment"],"fuente":"places_api","fetched_at":"2026-09-24T22:41:22Z"}},{"type":"Feature","geometry":{"type":"Point","coordinates":[-100.33790549999999,25.723610599999997]},"properties":{"name":"Tiendas Six","kind":"six","place_id":"ChIJI4olR_OVYoYRrYMomqUsyHo","address":"Av Penitenciaria 2203, Ferrocarrilera, 64250 Monterrey, N.L.","types":["grocery_store","liquor_store","food_store","store","food","point_of_interest","establishment"],"fuente":"places_api","fetched_at":"2026-09-24T22:41:22Z"}},{"type":"Feature","geometry":{"type":"Point","coordinates":[-100.1233213,25.657145099999997]},"properties":{"name":"Tiendas Six","kind":"six","place_id":"ChIJIRFE5Z_DYoYRvYtbUMV1Lg8","address":"Hda. San Miguel 501, Hacienda Santa Lucía 1er. Sector, 67250 Cdad. Benito Juárez, N.L.","types":["liquor_store","store","point_of_interest","establishment"],"fuente":"places_api","fetched_at":"2026-09-24T22:41:22Z"}},{"type":"Feature","geometry":{"type":"Point","coordinates":[-100.30672279999999,25.6320646]},"properties":{"name":"Tiendas Six","kind":"six","place_id":"ChIJITCcfOG_YoYRx_gu-T4s8z0","address":"Camboya 4201, Laderas del Mirador (Fomerrey 21), 64765 Monterrey, N.L.","types":["liquor_store","grocery_store","food_store","store","food","point_of_interest","establishment"],"fuente":"places_api","fetched_at":"2026-09-24T22:41:22Z"}},{"type":"Feature","geometry":{"type":"Point","coordinates":[-100.1312257,25.712656499999998]},"properties":{"name":"Tiendas Six","kind":"six","place_id":"ChIJIXBn97PpYoYRHy-s-c5xdgw","address":"C. Lomas del Sahara 339, Lomas de La Paz, 66647 Cdad. Apodaca, N.L.","types":["grocery_store","liquor_store","food_store","food","point_of_interest","store","establishment"],"fuente":"places_api","fetched_at":"2026-09-24T22:41:22Z"}},{"type":"Feature","geometry":{"type":"Point","coordinates":[-100.1152998,25.6530317]},"properties":{"name":"Tiendas Six","kind":"six","place_id":"ChIJJ52hbsbDYoYRaBqCWJCZ5mo","address":"P.º de los Olivos 362, Paseo del Prado, 67275 Cdad. Benito Juárez, N.L.","types":["liquor_store","grocery_store","food_store","store","food","point_of_interest","establishment"],"fuente":"places_api","fetched_at":"2026-09-24T22:41:22Z"}},{"type":"Feature","geometry":{"type":"Point","coordinates":[-100.468389,25.677647]},"properties":{"name":"Tiendas Six","kind":"six","place_id":"ChIJJ5A_7MKZYoYR7CckS6MmZVI","address":"Ébano 849, Zimix, 66358 Cdad. Santa Catarina, N.L.","types":["liquor_store","store","point_of_interest","establishment"],"fuente":"places_api","fetched_at":"2026-09-24T22:41:22Z"}},{"type":"Feature","geometry":{"type":"Point","coordinates":[-100.1123825,25.6959166]},"properties":{"name":"Tiendas Six","kind":"six","place_id":"ChIJJSZLJKbpYoYRS_6pDBtZA5I","address":"Puerto San Antonio 615 Los Puertos 2, 67267 Cdad. Benito Juárez, N.L.","types":["liquor_store","grocery_store","food_store","food","point_of_interest","store","establishment"],"fuente":"places_api","fetched_at":"2026-09-24T22:41:22Z"}},{"type":"Feature","geometry":{"type":"Point","coordinates":[-100.469749,25.6804943]},"properties":{"name":"Tiendas Six","kind":"six","place_id":"ChIJJUVZxG6YYoYRYXlU4lEdVdc","address":"Cancun 714, Zimix, 66357 Cdad. Santa Catarina, N.L.","types":["liquor_store","grocery_store","food_store","store","food","point_of_interest","establishment"],"fuente":"places_api","fetched_at":"2026-09-24T22:41:22Z"}},{"type":"Feature","geometry":{"type":"Point","coordinates":[-100.4797152,25.677830999999998]},"properties":{"name":"Tiendas Six","kind":"six","place_id":"ChIJJfMwTyiZYoYRaLDQ-c_UjN4","address":"Av Manuel Ordoñez 1720, Balcones de Santa Catarina, 66357 Cdad. Santa Catarina, N.L.","types":["liquor_store","grocery_store","food_store","store","food","point_of_interest","establishment"],"fuente":"places_api","fetched_at":"2026-09-24T22:41:22Z"}},{"type":"Feature","geometry":{"type":"Point","coordinates":[-100.160167,25.608889700000002]},"properties":{"name":"Tiendas Six","kind":"six","place_id":"ChIJKUYPuvjDYoYR9sX-S1yHTDU","address":"Valle del Parque 758, Valle Real, 67250 Arboledas de San Roque, N.L.","types":["liquor_store","grocery_store","food_store","store","food","point_of_interest","establishment"],"fuente":"places_api","fetched_at":"2026-09-24T22:41:22Z"}},{"type":"Feature","geometry":{"type":"Point","coordinates":[-100.1817978,25.730124699999998]},"properties":{"name":"Tiendas Six","kind":"six","place_id":"ChIJL62vaCTrYoYR2pHhQyURymc","address":"Suizos, Golondrinas 362, San Miguel 3ER Sector Golondrinas, 66649 Cdad. Apodaca, N.L.","types":["grocery_store","liquor_store","food_store","food","point_of_interest","store","establishment"],"fuente":"places_api","fetched_at":"2026-09-24T22:41:22Z"}},{"type":"Feature","geometry":{"type":"Point","coordinates":[-100.114164,25.6419717]},"properties":{"name":"Tiendas Six","kind":"six","place_id":"ChIJL7WWWSHDYoYR44fryB19cC8","address":"Pablo Livas, Loma Linda 700, 67260 Cdad. Benito Juárez, N.L.","types":["liquor_store","grocery_store","food_store","store","food","point_of_interest","establishment"],"fuente":"places_api","fetched_at":"2026-09-24T22:41:22Z"}},{"type":"Feature","geometry":{"type":"Point","coordinates":[-100.28892619999999,25.6330369]},"properties":{"name":"Tiendas Six","kind":"six","place_id":"ChIJLbU9jvG_YoYRPGDfoG_XV04","address":"Insurgentes 4020, Sierra Ventana (Fomerrey 77), 64788 Monterrey, N.L.","types":["liquor_store","grocery_store","food_store","store","food","point_of_interest","establishment"],"fuente":"places_api","fetched_at":"2026-09-24T22:41:22Z"}},{"type":"Feature","geometry":{"type":"Point","coordinates":[-100.5903771,25.7892734]},"properties":{"name":"Tiendas Six","kind":"six","place_id":"ChIJLdsEwxedYoYRbMPwkuyDkuw","address":"Valencia 200, Real de Capellania, 64346 García, N.L.","types":["grocery_store","liquor_store","food_store","food","point_of_interest","store","establishment"],"fuente":"places_api","fetched_at":"2026-09-24T22:41:22Z"}},{"type":"Feature","geometry":{"type":"Point","coordinates":[-100.5973854,25.7937135]},"properties":{"name":"Tiendas Six","kind":"six","place_id":"ChIJLyqHuOidYoYRx8zGCSsgcno","address":"P.º de Los Nogales 201, Paseo de las Torres, 66000 García, N.L.","types":["grocery_store","liquor_store","food_store","store","food","point_of_interest","establishment"],"fuente":"places_api","fetched_at":"2026-09-24T22:41:22Z"}},{"type":"Feature","geometry":{"type":"Point","coordinates":[-100.1736579,25.7257566]},"properties":{"name":"Tiendas Six","kind":"six","place_id":"ChIJM30BE8DrYoYRBS6YxnrcTQ0","address":"Av. del Teléfono 436, Santa Fe, 66648 Cdad. Apodaca, N.L.","types":["liquor_store","point_of_interest","store","establishment"],"fuente":"places_api","fetched_at":"2026-09-24T22:41:22Z"}},{"type":"Feature","geometry":{"type":"Point","coordinates":[-100.2095875,25.648547699999998]},"properties":{"name":"Tiendas Six","kind":"six","place_id":"ChIJMUA-HrLBYoYRhjW9yi48djE","address":"Francia 5401, Villa Olímpica, 67183 Guadalupe, N.L.","types":["liquor_store","grocery_store","food_store","store","food","point_of_interest","establishment"],"fuente":"places_api","fetched_at":"2026-09-24T22:41:22Z"}},{"type":"Feature","geometry":{"type":"Point","coordinates":[-100.28390560000001,25.629215199999997]},"properties":{"name":"Tiendas Six","kind":"six","place_id":"ChIJMUPelQq_YoYRJrHDco9xaI0","address":"C. Antonio Guerra 2902, Sierra Ventana (Fomerrey 77), 64780 Monterrey, N.L.","types":["liquor_store","grocery_store","food_store","store","food","point_of_interest","establishment"],"fuente":"places_api","fetched_at":"2026-09-24T22:41:22Z"}},{"type":"Feature","geometry":{"type":"Point","coordinates":[-100.37986860000001,25.652419199999997]},"properties":{"name":"Tiendas Six","kind":"six","place_id":"ChIJMYTZAHG9YoYReim3pTaKDmc","address":"Lázaro Garza Ayala 203, Barrio Tampiquito, Tampiquito, 66240 San Pedro Garza García, N.L.","types":["liquor_store","grocery_store","food_store","store","food","point_of_interest","establishment"],"fuente":"places_api","fetched_at":"2026-09-24T22:41:22Z"}},{"type":"Feature","geometry":{"type":"Point","coordinates":[-100.2190906,25.7249084]},"properties":{"name":"Tiendas Six","kind":"six","place_id":"ChIJM_9dAWfrYoYRPFQBNGnQVaM","address":"Lago de Viesca 128, Col del Lago, 66477 San Nicolás de los Garza, N.L.","types":["grocery_store","liquor_store","food_store","store","food","point_of_interest","establishment"],"fuente":"places_api","fetched_at":"2026-09-24T22:41:22Z"}},{"type":"Feature","geometry":{"type":"Point","coordinates":[-100.5412861,25.8061087]},"properties":{"name":"Tiendas Six","kind":"six","place_id":"ChIJMfR5iPOdYoYRCsrJL7OJnso","address":"Portal de Rayones 401, Portal de Lincoln, 64000 García, N.L.","types":["grocery_store","liquor_store","food_store","store","food","point_of_interest","establishment"],"fuente":"places_api","fetched_at":"2026-09-24T22:41:22Z"}},{"type":"Feature","geometry":{"type":"Point","coordinates":[-100.45715260000001,25.6626476]},"properties":{"name":"Tiendas Six","kind":"six","place_id":"ChIJMw4ZGwejYoYRO0yThkNoAhE","address":"Alfonso Martínez Domínguez 326, Enrique Rangel, 66354 Cdad. Santa Catarina, N.L.","types":["liquor_store","grocery_store","food_store","store","food","point_of_interest","establishment"],"fuente":"places_api","fetched_at":"2026-09-24T22:41:22Z"}},{"type":"Feature","geometry":{"type":"Point","coordinates":[-100.32872359999999,25.6610968]},"properties":{"name":"Tiendas Six","kind":"six","place_id":"ChIJMxyzk3C_YoYRcBHMcktf7y8","address":"Libertad 1327, Independencia, 64720 Monterrey, N.L.","types":["liquor_store","grocery_store","food_store","store","food","point_of_interest","establishment"],"fuente":"places_api","fetched_at":"2026-09-24T22:41:22Z"}},{"type":"Feature","geometry":{"type":"Point","coordinates":[-100.4598572,25.662516999999998]},"properties":{"name":"Tiendas Six","kind":"six","place_id":"ChIJN3iDwKKjYoYRbkkRdcOahp8","address":"And. Cuajuco 102, Infonavit la Huasteca, 66354 Cdad. Santa Catarina, N.L.","types":["liquor_store","grocery_store","food_store","store","food","point_of_interest","establishment"],"fuente":"places_api","fetched_at":"2026-09-24T22:41:22Z"}},{"type":"Feature","geometry":{"type":"Point","coordinates":[-100.1622869,25.6100083]},"properties":{"name":"Tiendas Six","kind":"six","place_id":"ChIJN96fjJHDYoYRUL9xNXeh5q8","address":"Valle de Matehuala 630, Valle Real, 67250 Benito Juarez, N.L.","types":["liquor_store","grocery_store","food_store","store","food","point_of_interest","establishment"],"fuente":"places_api","fetched_at":"2026-09-24T22:41:22Z"}},{"type":"Feature","geometry":{"type":"Point","coordinates":[-100.41788330000001,25.6790004]},"properties":{"name":"Tiendas Six","kind":"six","place_id":"ChIJNQFd7xeXYoYR8m1Wsr5ECSU","address":"20 de Noviembre 215, Unidad, San Pedro, 66210 San Pedro Garza García, N.L.","types":["liquor_store","grocery_store","food_store","store","food","point_of_interest","establishment"],"fuente":"places_api","fetched_at":"2026-09-24T22:41:22Z"}},{"type":"Feature","geometry":{"type":"Point","coordinates":[-100.3399578,25.8087609]},"properties":{"name":"Tiendas Six","kind":"six","place_id":"ChIJNbWnu86TYoYRFp-jzC1vvFM","address":"Abasolo 234, Mirasur Sector 2, 66050 Cdad. Gral. Escobedo, N.L.","types":["grocery_store","liquor_store","food_store","store","food","point_of_interest","establishment"],"fuente":"places_api","fetched_at":"2026-09-24T22:41:22Z"}},{"type":"Feature","geometry":{"type":"Point","coordinates":[-100.4620224,25.669935799999998]},"properties":{"name":"Tiendas Six","kind":"six","place_id":"ChIJO59XUwuYYoYRAi7tyqbEESE","address":"Colón Sur 437, Centro, 66350 Cdad. Santa Catarina, N.L.","types":["liquor_store","grocery_store","food_store","store","food","point_of_interest","establishment"],"fuente":"places_api","fetched_at":"2026-09-24T22:41:22Z"}},{"type":"Feature","geometry":{"type":"Point","coordinates":[-100.15934179999999,25.7294692]},"properties":{"name":"Tiendas Six","kind":"six","place_id":"ChIJOXarOQTpYoYR6Zp1wQ5dEl4","address":"Reyes Visigodos 200, Real de Apodaca, 66640 Cdad. Apodaca, N.L.","types":["grocery_store","liquor_store","food_store","food","point_of_interest","store","establishment"],"fuente":"places_api","fetched_at":"2026-09-24T22:41:22Z"}},{"type":"Feature","geometry":{"type":"Point","coordinates":[-100.27323299999999,25.801316999999997]},"properties":{"name":"Tiendas Six","kind":"six","place_id":"ChIJOxy48jGTYoYRpKaCCYXqEfQ","address":"Guanabana 313, Fernando Amilpa, 66050 Cdad. Gral. Escobedo, N.L.","types":["grocery_store","liquor_store","food_store","store","food","point_of_interest","establishment"],"fuente":"places_api","fetched_at":"2026-09-24T22:41:22Z"}},{"type":"Feature","geometry":{"type":"Point","coordinates":[-100.3190934,25.8002905]},"properties":{"name":"Tiendas Six","kind":"six","place_id":"ChIJOzSkHZSTYoYR9vS6jpitacI","address":"Marciano González A143, Jardines de Escobedo, 66050 Cdad. Gral. Escobedo, N.L.","types":["grocery_store","liquor_store","food_store","store","food","point_of_interest","establishment"],"fuente":"places_api","fetched_at":"2026-09-24T22:41:22Z"}},{"type":"Feature","geometry":{"type":"Point","coordinates":[-100.21745399999999,25.825967]},"properties":{"name":"Tiendas Six","kind":"six","place_id":"ChIJPUe5uxPtYoYRDYR7BroubG4","address":"Felix Lozano 418 Santa Rosa, 66610 Cdad. Apodaca, N.L.","types":["liquor_store","grocery_store","food_store","store","food","point_of_interest","establishment"],"fuente":"places_api","fetched_at":"2026-09-24T22:41:22Z"}},{"type":"Feature","geometry":{"type":"Point","coordinates":[-100.2695001,25.616562]},"properties":{"name":"Tiendas Six","kind":"six","place_id":"ChIJPxnPAVm_YoYRMgoDWT5Kf9o","address":"San Ángel 4712-Sur, San Angel, 64780 Monterrey, N.L.","types":["liquor_store","grocery_store","food_store","store","food","point_of_interest","establishment"],"fuente":"places_api","fetched_at":"2026-09-24T22:41:22Z"}},{"type":"Feature","geometry":{"type":"Point","coordinates":[-100.155057,25.732778]},"properties":{"name":"Tiendas Six","kind":"six","place_id":"ChIJQRgZ-tTpYoYRtrZFhH8Qxt8","address":"Francisco Goitia 500, Misión Real, 66644 Cdad. Apodaca, N.L.","types":["grocery_store","liquor_store","food_store","food","point_of_interest","store","establishment"],"fuente":"places_api","fetched_at":"2026-09-24T22:41:22Z"}},{"type":"Feature","geometry":{"type":"Point","coordinates":[-100.270005,25.762618]},"properties":{"name":"Tiendas Six","kind":"six","place_id":"ChIJQ_ROmK-UYoYRQFGpCCIgpak","address":"Calle Dr. Agustín Garza 145, Constituyentes del 17, 66410 San Nicolás de los Garza, N.L.","types":["grocery_store","liquor_store","food_store","food","point_of_interest","store","establishment"],"fuente":"places_api","fetched_at":"2026-09-24T22:41:22Z"}},{"type":"Feature","geometry":{"type":"Point","coordinates":[-100.17887999999999,25.7183106]},"properties":{"name":"Tiendas Six","kind":"six","place_id":"ChIJQx7qcZvrYoYRTo0NDtrtgEc","address":"Blvd. Acapulco 400, Nueva Mixcoac, 66649 Cdad. Apodaca, N.L.","types":["grocery_store","liquor_store","food_store","food","point_of_interest","store","establishment"],"fuente":"places_api","fetched_at":"2026-09-24T22:41:22Z"}},{"type":"Feature","geometry":{"type":"Point","coordinates":[-100.566791,25.800559999999997]},"properties":{"name":"Tiendas Six","kind":"six","place_id":"ChIJR2vM2iqdYoYR4QkCMsVEw9M","address":"Dr. Javier García Diego 269, Valle de San Blas, 66025 García, N.L.","types":["grocery_store","liquor_store","food_store","store","food","point_of_interest","establishment"],"fuente":"places_api","fetched_at":"2026-09-24T22:41:22Z"}},{"type":"Feature","geometry":{"type":"Point","coordinates":[-100.20324439999999,25.652229799999997]},"properties":{"name":"Tiendas Six","kind":"six","place_id":"ChIJR5LfUtPBYoYR7Fw-nUSfPcM","address":"Av Eloy Cavazos 5909, Campestre La Silla, 67194 Guadalupe, N.L.","types":["liquor_store","grocery_store","food_store","store","food","point_of_interest","establishment"],"fuente":"places_api","fetched_at":"2026-09-24T22:41:22Z"}},{"type":"Feature","geometry":{"type":"Point","coordinates":[-100.4652473,25.799042]},"properties":{"name":"Tiendas Six","kind":"six","place_id":"ChIJRRM6ruObYoYR3TzJR6JSuuI","address":"Toledo 301 Valle de Lincoln, Valle de Lincoln Sector San Agustín, 64000 García, N.L.","types":["grocery_store","liquor_store","food_store","food","point_of_interest","store","establishment"],"fuente":"places_api","fetched_at":"2026-09-24T22:41:22Z"}},{"type":"Feature","geometry":{"type":"Point","coordinates":[-100.2409733,25.7799384]},"properties":{"name":"Tiendas Six","kind":"six","place_id":"ChIJS05PhUftYoYRPTStU_xE-1Y","address":"Abeto 648, Los Ebanos, 64000 Cdad. Apodaca, N.L.","types":["grocery_store","liquor_store","food_store","store","food","point_of_interest","establishment"],"fuente":"places_api","fetched_at":"2026-09-24T22:41:22Z"}},{"type":"Feature","geometry":{"type":"Point","coordinates":[-100.1898634,25.7323271]},"properties":{"name":"Tiendas Six","kind":"six","place_id":"ChIJS4H4zfnrYoYR5IqmYrXQ8rc","address":"Av México 100, Noria Sur, 66633 Cdad. Apodaca, N.L.","types":["liquor_store","point_of_interest","store","establishment"],"fuente":"places_api","fetched_at":"2026-09-24T22:41:22Z"}},{"type":"Feature","geometry":{"type":"Point","coordinates":[-100.6051696,25.8113898]},"properties":{"name":"Tiendas Six","kind":"six","place_id":"ChIJSQ-R7TKdYoYRzmPUmzmS4mo","address":"Juárez 317, Centro, 66000 Villa de Garcia, N.L.","types":["grocery_store","liquor_store","food_store","store","food","point_of_interest","establishment"],"fuente":"places_api","fetched_at":"2026-09-24T22:41:22Z"}},{"type":"Feature","geometry":{"type":"Point","coordinates":[-100.36745479999999,25.7229271]},"properties":{"name":"Tiendas Six","kind":"six","place_id":"ChIJSbp9kwmXYoYR8ip9Y9WjVg8","address":"Av. Ruiz Cortines 2701, San Jorge, 64000 Monterrey, N.L.","types":["grocery_store","liquor_store","food_store","food","point_of_interest","store","establishment"],"fuente":"places_api","fetched_at":"2026-09-24T22:41:22Z"}},{"type":"Feature","geometry":{"type":"Point","coordinates":[-100.1454567,25.866067899999997]},"properties":{"name":"Tiendas Six","kind":"six","place_id":"ChIJSeHIsM_vYoYRqamHWScAlMI","address":"C. Palencia 900, 65776 Valle de Santa Elena, N.L.","types":["grocery_store","liquor_store","food_store","store","food","point_of_interest","establishment"],"fuente":"places_api","fetched_at":"2026-09-24T22:41:22Z"}},{"type":"Feature","geometry":{"type":"Point","coordinates":[-100.24503299999999,25.812413]},"properties":{"name":"Tiendas Six","kind":"six","place_id":"ChIJSeKupNvsYoYRu4RJI2VwO28","address":"Titania 201, Cosmópolis, 66600 Cdad. Apodaca, N.L.","types":["grocery_store","liquor_store","food_store","store","food","point_of_interest","establishment"],"fuente":"places_api","fetched_at":"2026-09-24T22:41:22Z"}},{"type":"Feature","geometry":{"type":"Point","coordinates":[-100.3015659,25.654228000000003]},"properties":{"name":"Tiendas Six","kind":"six","place_id":"ChIJSfRNZFO_YoYRXnwvBXuoc40","address":"Tepic 1401, Roma, Ancira, 64720 Monterrey, N.L.","types":["liquor_store","grocery_store","food_store","store","food","point_of_interest","establishment"],"fuente":"places_api","fetched_at":"2026-09-24T22:41:22Z"}},{"type":"Feature","geometry":{"type":"Point","coordinates":[-100.3283855,25.6579464]},"properties":{"name":"Tiendas Six","kind":"six","place_id":"ChIJSw3gVMi_YoYRk40Te1CRm7g","address":"Nueva Independencia 1012, Independencia, 64720 Monterrey, N.L.","types":["liquor_store","grocery_store","food_store","store","food","point_of_interest","establishment"],"fuente":"places_api","fetched_at":"2026-09-24T22:41:22Z"}},{"type":"Feature","geometry":{"type":"Point","coordinates":[-100.31255089999999,25.659018399999997]},"properties":{"name":"Tiendas Six","kind":"six","place_id":"ChIJSxlEPTG-YoYRYHlJ623IfFI","address":"C. 2 de Abril - Jesús Dionisio González 502B, Independencia, 64720 Monterrey, N.L.","types":["liquor_store","grocery_store","food_store","store","food","point_of_interest","establishment"],"fuente":"places_api","fetched_at":"2026-09-24T22:41:22Z"}},{"type":"Feature","geometry":{"type":"Point","coordinates":[-100.23707929999999,25.7871089]},"properties":{"name":"Tiendas Six","kind":"six","place_id":"ChIJSyxO3PjtYoYR_ZVm1XkbHqk","address":"Hevea 764-6 sector, Los Ebanos, 66612 Cdad. Apodaca, N.L.","types":["grocery_store","liquor_store","food_store","store","food","point_of_interest","establishment"],"fuente":"places_api","fetched_at":"2026-09-24T22:41:22Z"}},{"type":"Feature","geometry":{"type":"Point","coordinates":[-100.32521310000001,25.784443099999997]},"properties":{"name":"Tiendas Six","kind":"six","place_id":"ChIJT3kMh2eTYoYRei6HupnUuCk","address":"De Los Lirios 308, Girasoles 2do Sector, 66448 Cdad. Gral. Escobedo, N.L.","types":["liquor_store","grocery_store","food_store","store","food","point_of_interest","establishment"],"fuente":"places_api","fetched_at":"2026-09-24T22:41:22Z"}},{"type":"Feature","geometry":{"type":"Point","coordinates":[-100.2286139,25.830261999999998]},"properties":{"name":"Tiendas Six","kind":"six","place_id":"ChIJTRS1EtHtYoYRUHrAxP35LXI","address":"Moises Saenz 910 Santa Rosa, 66610 Cdad. Apodaca, N.L.","types":["grocery_store","liquor_store","food_store","store","food","point_of_interest","establishment"],"fuente":"places_api","fetched_at":"2026-09-24T22:41:22Z"}},{"type":"Feature","geometry":{"type":"Point","coordinates":[-100.23173,25.7983174]},"properties":{"name":"Tiendas Six","kind":"six","place_id":"ChIJTT3GObPtYoYR4JJJ-zNABEA","address":"Río Orinoco 101, Balcones de Santa Rosa, 66610 Cdad. Apodaca, N.L.","types":["grocery_store","liquor_store","food_store","store","food","point_of_interest","establishment"],"fuente":"places_api","fetched_at":"2026-09-24T22:41:22Z"}},{"type":"Feature","geometry":{"type":"Point","coordinates":[-100.5088,25.7089]},"properties":{"name":"Tiendas Six","kind":"six","place_id":"ChIJTbmqBTmZYoYRUHzW4EcWlqA","address":"Hacienda San Lorenzo 350, Hacienda el Palmar, 66367 Cdad. Santa Catarina, N.L.","types":["liquor_store","grocery_store","food_store","store","food","point_of_interest","establishment"],"fuente":"places_api","fetched_at":"2026-09-24T22:41:22Z"}},{"type":"Feature","geometry":{"type":"Point","coordinates":[-100.37063979999999,25.803393000000003]},"properties":{"name":"Tiendas Six","kind":"six","place_id":"ChIJTfCgKeGRYoYR3xeQDWV2qQQ","address":"Apodaca 524, Eulalio Villarreal Ayala, 66063 Cdad. Gral. Escobedo, N.L.","types":["grocery_store","liquor_store","food_store","store","food","point_of_interest","establishment"],"fuente":"places_api","fetched_at":"2026-09-24T22:41:22Z"}},{"type":"Feature","geometry":{"type":"Point","coordinates":[-100.2150454,25.8019525]},"properties":{"name":"Tiendas Six","kind":"six","place_id":"ChIJU-o4lETtYoYRGo3bUJ_EBuc","address":"Av Alfonso Reyes 242, Quinta Colonial Apodaca I, 66610 Cdad. Apodaca, N.L.","types":["grocery_store","liquor_store","food_store","store","food","point_of_interest","establishment"],"fuente":"places_api","fetched_at":"2026-09-24T22:41:22Z"}},{"type":"Feature","geometry":{"type":"Point","coordinates":[-100.262597,25.7787375]},"properties":{"name":"Tiendas Six","kind":"six","place_id":"ChIJU8hyDRSTYoYRHgFm9cYJVxU","address":"C. Ernesto Guevara 389, Nueva Democracia, 66635 Cdad. Apodaca, N.L.","types":["grocery_store","liquor_store","food_store","store","food","point_of_interest","establishment"],"fuente":"places_api","fetched_at":"2026-09-24T22:41:22Z"}},{"type":"Feature","geometry":{"type":"Point","coordinates":[-100.19345969999999,25.6624874]},"properties":{"name":"Tiendas Six","kind":"six","place_id":"ChIJUVMAHZjBYoYRZ015jv5HuTY","address":"Sierra Madre Oriental 243 Cerro de la Silla, Cerro de La Silla (U.c.), 67190 Guadalupe, N.L.","types":["liquor_store","grocery_store","food_store","store","food","point_of_interest","establishment"],"fuente":"places_api","fetched_at":"2026-09-24T22:41:22Z"}},{"type":"Feature","geometry":{"type":"Point","coordinates":[-100.225831,25.78738]},"properties":{"name":"Tiendas Six","kind":"six","place_id":"ChIJUe2--rPtYoYRKSuW8VpK18U","address":"Av. Antigua Sta. Rosa 901, Antigua Santa Rosa, 64000 Cdad. Apodaca, N.L.","types":["grocery_store","liquor_store","food_store","store","food","point_of_interest","establishment"],"fuente":"places_api","fetched_at":"2026-09-24T22:41:22Z"}},{"type":"Feature","geometry":{"type":"Point","coordinates":[-100.1148525,25.6506767]},"properties":{"name":"Tiendas Six","kind":"six","place_id":"ChIJV1vN0B_DYoYRu5Ike-GbWwM","address":"P.º del Huerto 1300, Paseo del Prado, 67275 Cdad. Benito Juárez, N.L.","types":["liquor_store","grocery_store","food_store","store","food","point_of_interest","establishment"],"fuente":"places_api","fetched_at":"2026-09-24T22:41:22Z"}},{"type":"Feature","geometry":{"type":"Point","coordinates":[-100.4896977,25.6784133]},"properties":{"name":"Tiendas Six","kind":"six","place_id":"ChIJVQY0D7eZYoYR5bM1iNbOWGA","address":"Romulo Gallegos, Cumbres de Sta. Catarina 2733, Cumbres de Santa Catarina Cuarto Sector, 66358 Cdad. Santa Catarina, N.L.","types":["liquor_store","grocery_store","food_store","store","food","point_of_interest","establishment"],"fuente":"places_api","fetched_at":"2026-09-24T22:41:22Z"}},{"type":"Feature","geometry":{"type":"Point","coordinates":[-100.49515600000001,25.692024]},"properties":{"name":"Tiendas Six","kind":"six","place_id":"ChIJVRFT-z6ZYoYRjr2lpqpAkac","address":"Valencia 1104, Residencial de Sta Catarina, 66360 Cdad. Santa Catarina, N.L.","types":["grocery_store","liquor_store","food_store","store","food","point_of_interest","establishment"],"fuente":"places_api","fetched_at":"2026-09-24T22:41:22Z"}},{"type":"Feature","geometry":{"type":"Point","coordinates":[-100.2898383,25.6361131]},"properties":{"name":"Tiendas Six","kind":"six","place_id":"ChIJVVJCo82_YoYRO4tzEGReJJQ","address":"Luis Cabrera 2776, Alta Vista Sur, 64770 Monterrey, N.L.","types":["liquor_store","grocery_store","food_store","store","food","point_of_interest","establishment"],"fuente":"places_api","fetched_at":"2026-09-24T22:41:22Z"}},{"type":"Feature","geometry":{"type":"Point","coordinates":[-100.3104103,25.641101600000002]},"properties":{"name":"Tiendas Six","kind":"six","place_id":"ChIJW1jRoB-_YoYRHm4JtzikMYg","address":"P.º Irma 801, Canteras, 64530 Monterrey, N.L.","types":["liquor_store","grocery_store","food_store","store","food","point_of_interest","establishment"],"fuente":"places_api","fetched_at":"2026-09-24T22:41:22Z"}},{"type":"Feature","geometry":{"type":"Point","coordinates":[-100.5870807,25.785623899999997]},"properties":{"name":"Tiendas Six","kind":"six","place_id":"ChIJWz1iojCdYoYRu6c-zOWBvbE","address":"Ebanos 539, Las Arboledas, 64000 García, N.L.","types":["liquor_store","grocery_store","food_store","food","point_of_interest","store","establishment"],"fuente":"places_api","fetched_at":"2026-09-24T22:41:22Z"}},{"type":"Feature","geometry":{"type":"Point","coordinates":[-100.4171289,25.779530599999998]},"properties":{"name":"Tiendas Six","kind":"six","place_id":"ChIJX-sLB0WRYoYRSbWqGaL8TmY","address":"Av Soldadores S/N, La Alianza, 64180 Monterrey, N.L.","types":["grocery_store","liquor_store","food_store","store","food","point_of_interest","establishment"],"fuente":"places_api","fetched_at":"2026-09-24T22:41:22Z"}},{"type":"Feature","geometry":{"type":"Point","coordinates":[-100.34672909999999,25.7166727]},"properties":{"name":"Tiendas Six","kind":"six","place_id":"ChIJXRRBNeuVYoYRDHLx9NJ3de4","address":"Av Fidel Velázquez 3234, Mitras Nte., 64320 Monterrey, N.L.","types":["grocery_store","liquor_store","food_store","food","point_of_interest","store","establishment"],"fuente":"places_api","fetched_at":"2026-09-24T22:41:22Z"}},{"type":"Feature","geometry":{"type":"Point","coordinates":[-100.48729999999999,25.6818]},"properties":{"name":"Tiendas Six","kind":"six","place_id":"ChIJX_t_olKZYoYRo1JhUuJtwng","address":"John Ruskin, Cumbres de Sta. Catarina 2901, Cumbres de Santa Catarina Primer Sector, 66358 Cdad. Santa Catarina, N.L.","types":["liquor_store","grocery_store","food_store","store","food","point_of_interest","establishment"],"fuente":"places_api","fetched_at":"2026-09-24T22:41:22Z"}},{"type":"Feature","geometry":{"type":"Point","coordinates":[-100.25859880000002,25.7876785]},"properties":{"name":"Tiendas Six","kind":"six","place_id":"ChIJXzGRGLPsYoYRCztY_12CawM","address":"Genova, Av Nuevo Las Puentes 302, Nuevo Las Puentes II, 66636 Cdad. Apodaca, N.L.","types":["grocery_store","liquor_store","food_store","store","food","point_of_interest","establishment"],"fuente":"places_api","fetched_at":"2026-09-24T22:41:22Z"}},{"type":"Feature","geometry":{"type":"Point","coordinates":[-100.1514801,25.6029765]},"properties":{"name":"Tiendas Six","kind":"six","place_id":"ChIJY-FS7HXDYoYReG9LpLUuIQY","address":"Alamo 789, Arboledas de San Roque, 67280 Arboledas de San Roque, N.L.","types":["liquor_store","grocery_store","food_store","store","food","point_of_interest","establishment"],"fuente":"places_api","fetched_at":"2026-09-24T22:41:22Z"}},{"type":"Feature","geometry":{"type":"Point","coordinates":[-100.4704914,25.7882352]},"properties":{"name":"Tiendas Six","kind":"six","place_id":"ChIJY6AQ0b2bYoYRy7857b1M1BY","address":"Opalo 404 A, Los Parques Residencial, 66023 García, N.L.","types":["grocery_store","liquor_store","food_store","food","point_of_interest","store","establishment"],"fuente":"places_api","fetched_at":"2026-09-24T22:41:22Z"}},{"type":"Feature","geometry":{"type":"Point","coordinates":[-100.597,25.796]},"properties":{"name":"Tiendas Six","kind":"six","place_id":"ChIJYVEbSGOdYoYRgYY39AX7OJY","address":"Sor Juana Inés de La Cruz 407, Fray Juan Antonio de Sobrevilla, 66000 García, N.L.","types":["grocery_store","liquor_store","food_store","store","food","point_of_interest","establishment"],"fuente":"places_api","fetched_at":"2026-09-24T22:41:22Z"}},{"type":"Feature","geometry":{"type":"Point","coordinates":[-100.4927568,25.6774184]},"properties":{"name":"Tiendas Six","kind":"six","place_id":"ChIJYVmt32CZYoYR5AzXX6R5dB4","address":"Selva 1303, Santa Cecilia, Lomas Larga, 66359 Cdad. Santa Catarina, N.L.","types":["liquor_store","grocery_store","food_store","store","food","point_of_interest","establishment"],"fuente":"places_api","fetched_at":"2026-09-24T22:41:22Z"}},{"type":"Feature","geometry":{"type":"Point","coordinates":[-100.09959479999999,25.6268088]},"properties":{"name":"Tiendas Six","kind":"six","place_id":"ChIJYXatz5zDYoYRGgt7PFQGprQ","address":"Las Lomas 199, 67250 Cdad. Benito Juárez, N.L.","types":["liquor_store","grocery_store","food_store","store","food","point_of_interest","establishment"],"fuente":"places_api","fetched_at":"2026-09-24T22:41:22Z"}},{"type":"Feature","geometry":{"type":"Point","coordinates":[-100.2675,25.6175]},"properties":{"name":"Tiendas Six","kind":"six","place_id":"ChIJYxFhNdG_YoYRXCK_3JsxQGc","address":"San Ángel 4558-sur, San Angel, 64878 Monterrey, N.L.","types":["liquor_store","grocery_store","food_store","store","food","point_of_interest","establishment"],"fuente":"places_api","fetched_at":"2026-09-24T22:41:22Z"}},{"type":"Feature","geometry":{"type":"Point","coordinates":[-100.2696491,25.6541088]},"properties":{"name":"Tiendas Six","kind":"six","place_id":"ChIJZ41_2wS_YoYRqjAyI-VajkY","address":"Jose I. De Los Santos 2244, 25 De Noviembre, 67174 Guadalupe, N.L.","types":["liquor_store","grocery_store","food_store","store","food","point_of_interest","establishment"],"fuente":"places_api","fetched_at":"2026-09-24T22:41:22Z"}},{"type":"Feature","geometry":{"type":"Point","coordinates":[-100.26379999999999,25.617571899999998]},"properties":{"name":"Tiendas Six","kind":"six","place_id":"ChIJZ7fr5Nu_YoYR_pZWHWMgRuo","address":"Ejidal Los Remates, 64878 Monterrey, N.L., México","types":["liquor_store","grocery_store","food_store","store","food","point_of_interest","establishment"],"fuente":"places_api","fetched_at":"2026-09-24T22:41:22Z"}},{"type":"Feature","geometry":{"type":"Point","coordinates":[-100.2902965,25.7010802]},"properties":{"name":"Tiendas Six","kind":"six","place_id":"ChIJZWXeJBOVYoYR5NSGYKNz894","address":"Fresno 3072, Moderna, 64530 Monterrey, N.L.","types":["liquor_store","grocery_store","food_store","store","food","point_of_interest","establishment"],"fuente":"places_api","fetched_at":"2026-09-24T22:41:22Z"}},{"type":"Feature","geometry":{"type":"Point","coordinates":[-100.47276459999999,25.6756024]},"properties":{"name":"Tiendas Six","kind":"six","place_id":"ChIJZWeOfgSZYoYRNxY2qVlNtUk","address":"G. Bocanegra Lazo De Vega 730, Res. La Enramada 5, 66635 Apodaca, N.L.","types":["liquor_store","grocery_store","food_store","store","food","point_of_interest","establishment"],"fuente":"places_api","fetched_at":"2026-09-24T22:41:22Z"}},{"type":"Feature","geometry":{"type":"Point","coordinates":[-100.19277389999999,25.6485253]},"properties":{"name":"Tiendas Six","kind":"six","place_id":"ChIJZXxgK64jYoYRGWsTrPYR5Q8","address":"Rancho Seco 201, Rancho Viejo, 67192 Guadalupe, N.L.","types":["grocery_store","liquor_store","food_store","store","food","point_of_interest","establishment"],"fuente":"places_api","fetched_at":"2026-09-24T22:41:22Z"}},{"type":"Feature","geometry":{"type":"Point","coordinates":[-100.58027349999999,25.7904305]},"properties":{"name":"Tiendas Six","kind":"six","place_id":"ChIJZaGyu2SdYoYR1hpIyd9UOqQ","address":"Fraccionamiento Villa Florencia 142, Privadas de las Villas, 66003 García, N.L.","types":["grocery_store","liquor_store","food_store","food","point_of_interest","store","establishment"],"fuente":"places_api","fetched_at":"2026-09-24T22:41:22Z"}},{"type":"Feature","geometry":{"type":"Point","coordinates":[-100.4756881,25.786952600000003]},"properties":{"name":"Tiendas Six","kind":"six","place_id":"ChIJZxyDOeObYoYR-6rCtvn8jyU","address":"Cromo 101 Los Parques, Los Parques Residencial, 66023 García, N.L.","types":["liquor_store","store","point_of_interest","establishment"],"fuente":"places_api","fetched_at":"2026-09-24T22:41:22Z"}},{"type":"Feature","geometry":{"type":"Point","coordinates":[-100.10915089999999,25.814539099999998]},"properties":{"name":"Tiendas Six","kind":"six","place_id":"ChIJ_2X3GibvYoYRRF2ZN1N1K2w","address":"Av. Central 2571, 66655 Colinas del Aeropuerto, N.L.","types":["grocery_store","liquor_store","food_store","store","food","point_of_interest","establishment"],"fuente":"places_api","fetched_at":"2026-09-24T22:41:22Z"}},{"type":"Feature","geometry":{"type":"Point","coordinates":[-100.2043789,25.6492948]},"properties":{"name":"Tiendas Six","kind":"six","place_id":"ChIJ_8k4H7DBYoYRebsZ959ZG1A","address":"Luis Treviño 5749, De La Garza Melo, 67190 Guadalupe, N.L.","types":["liquor_store","grocery_store","food_store","store","food","point_of_interest","establishment"],"fuente":"places_api","fetched_at":"2026-09-24T22:41:22Z"}},{"type":"Feature","geometry":{"type":"Point","coordinates":[-100.1020434,25.670937]},"properties":{"name":"Tiendas Six","kind":"six","place_id":"ChIJ_8whPr7CYoYRhyEueqsZUhE","address":"Circuito Vistas, Camino 801 Supermanzana Del, Vistas del Rio, 67267 Cdad. Benito Juárez, N.L.","types":["liquor_store","grocery_store","food_store","food","point_of_interest","store","establishment"],"fuente":"places_api","fetched_at":"2026-09-24T22:41:22Z"}},{"type":"Feature","geometry":{"type":"Point","coordinates":[-100.26913979999999,25.654020799999998]},"properties":{"name":"Tiendas Six","kind":"six","place_id":"ChIJ_Z5SS-y_YoYRvsnrxA8pyi4","address":"Jose Lopez Portillo 2316, 25 De Noviembre, 67174 Monterrey, N.L.","types":["grocery_store","liquor_store","food_store","store","food","point_of_interest","establishment"],"fuente":"places_api","fetched_at":"2026-09-24T22:41:22Z"}},{"type":"Feature","geometry":{"type":"Point","coordinates":[-100.2461391,25.784009599999997]},"properties":{"name":"Tiendas Six","kind":"six","place_id":"ChIJ_fcnmKztYoYRAqDxiA84ls0","address":"Pino Douglas 1255, Prados de Los Pinos 2o Sector, 66633 Cdad. Apodaca, N.L.","types":["liquor_store","grocery_store","food_store","store","food","point_of_interest","establishment"],"fuente":"places_api","fetched_at":"2026-09-24T22:41:22Z"}},{"type":"Feature","geometry":{"type":"Point","coordinates":[-100.314509,25.654783]},"properties":{"name":"Tiendas Six","kind":"six","place_id":"ChIJa0X6906_YoYR6vbk_qNMSa4","address":"Jalisco 1051, Independencia, 64720 Monterrey, N.L.","types":["liquor_store","grocery_store","food_store","store","food","point_of_interest","establishment"],"fuente":"places_api","fetched_at":"2026-09-24T22:41:22Z"}},{"type":"Feature","geometry":{"type":"Point","coordinates":[-100.24663799999999,25.703725]},"properties":{"name":"Tiendas Six","kind":"six","place_id":"ChIJa2n3TYzrYoYR_XSNsQ1460o","address":"Av. las Américas Nte. 201, América Obrera, 67120 Guadalupe, N.L.","types":["liquor_store","point_of_interest","store","establishment"],"fuente":"places_api","fetched_at":"2026-09-24T22:41:22Z"}},{"type":"Feature","geometry":{"type":"Point","coordinates":[-100.3017392,25.6635957]},"properties":{"name":"Tiendas Six","kind":"six","place_id":"ChIJa6DBMqu_YoYRk2x38jSquVo","address":"Pedro Martínez 1329, Nuevo Repueblo, 64700 Monterrey, N.L.","types":["liquor_store","grocery_store","food_store","food","point_of_interest","store","establishment"],"fuente":"places_api","fetched_at":"2026-09-24T22:41:22Z"}},{"type":"Feature","geometry":{"type":"Point","coordinates":[-100.49372629999999,25.791617799999997]},"properties":{"name":"Tiendas Six","kind":"six","place_id":"ChIJaSf0PzybYoYRwEPxpVNzf7g","address":"Carbón 422, Valle de Lincoln, 66008 Valle de Lincoln, N.L.","types":["grocery_store","liquor_store","food_store","store","food","point_of_interest","establishment"],"fuente":"places_api","fetched_at":"2026-09-24T22:41:22Z"}},{"type":"Feature","geometry":{"type":"Point","coordinates":[-100.1587043,25.752499]},"properties":{"name":"Tiendas Six","kind":"six","place_id":"ChIJaXdFm2jpYoYR0DG3G4AyOqI","address":"Misión Santo Domingo 248, Misión de Huinala, 66634 Cdad. Apodaca, N.L.","types":["liquor_store","grocery_store","food_store","store","food","point_of_interest","establishment"],"fuente":"places_api","fetched_at":"2026-09-24T22:41:22Z"}},{"type":"Feature","geometry":{"type":"Point","coordinates":[-100.2688,25.6187]},"properties":{"name":"Tiendas Six","kind":"six","place_id":"ChIJaw4Bfgi_YoYRn16INfGtJOo","address":"Valle Redondo 5129-Sur, San Angel, 64878 Monterrey, N.L.","types":["liquor_store","grocery_store","food_store","store","food","point_of_interest","establishment"],"fuente":"places_api","fetched_at":"2026-09-24T22:41:22Z"}},{"type":"Feature","geometry":{"type":"Point","coordinates":[-100.4621111,25.7012435]},"properties":{"name":"Tiendas Six","kind":"six","place_id":"ChIJbW2E962ZYoYR8HHxEYf2g50","address":"San Juand de Llanos 35, San Gilberto, 66369 Cdad. Santa Catarina, N.L.","types":["liquor_store","grocery_store","food_store","store","food","point_of_interest","establishment"],"fuente":"places_api","fetched_at":"2026-09-24T22:41:22Z"}},{"type":"Feature","geometry":{"type":"Point","coordinates":[-100.3072854,25.7818264]},"properties":{"name":"Tiendas Six","kind":"six","place_id":"ChIJbZ-BI2yTYoYRojnQDGvYRzk","address":"Hda. de Escobedo 656, Hacienda de Escobedo, 66057 Cdad. Gral. Escobedo, N.L.","types":["liquor_store","grocery_store","food_store","store","food","point_of_interest","establishment"],"fuente":"places_api","fetched_at":"2026-09-24T22:41:22Z"}},{"type":"Feature","geometry":{"type":"Point","coordinates":[-100.46652449999999,25.697586299999998]},"properties":{"name":"Tiendas Six","kind":"six","place_id":"ChIJcxLGySqZYoYRbCoshr6mM14","address":"Rincón de La Fama 401, Rincón del Poniente, 66368 Cdad. Santa Catarina, N.L.","types":["liquor_store","store","point_of_interest","establishment"],"fuente":"places_api","fetched_at":"2026-09-24T22:41:22Z"}},{"type":"Feature","geometry":{"type":"Point","coordinates":[-100.4929962,25.6805925]},"properties":{"name":"Tiendas Six","kind":"six","place_id":"ChIJd--N02SZYoYR5H-bVSrY30w","address":"P.º de Las Rosas 901, Prados de Santa Catarina, 66364 Cdad. Santa Catarina, N.L.","types":["liquor_store","grocery_store","food_store","store","food","point_of_interest","establishment"],"fuente":"places_api","fetched_at":"2026-09-24T22:41:22Z"}},{"type":"Feature","geometry":{"type":"Point","coordinates":[-100.250804,25.7953714]},"properties":{"name":"Tiendas Six","kind":"six","place_id":"ChIJd6nQIxrtYoYRnSKuY6x-XHo","address":"Calle N31, Av Metroplex 400, Metroplex II, 66612 Cdad. Apodaca, N.L.","types":["grocery_store","liquor_store","food_store","store","food","point_of_interest","establishment"],"fuente":"places_api","fetched_at":"2026-09-24T22:41:22Z"}},{"type":"Feature","geometry":{"type":"Point","coordinates":[-100.6054391,25.7959472]},"properties":{"name":"Tiendas Six","kind":"six","place_id":"ChIJdViTZR6dYoYRADB46BFUubw","address":"C. Valle de San Francisco 548, Valles del Mirador, 66006 García, N.L.","types":["grocery_store","liquor_store","food_store","food","point_of_interest","store","establishment"],"fuente":"places_api","fetched_at":"2026-09-24T22:41:22Z"}},{"type":"Feature","geometry":{"type":"Point","coordinates":[-100.2454901,25.7997994]},"properties":{"name":"Tiendas Six","kind":"six","place_id":"ChIJd_aqKFTtYoYRsNB2NWWpJl4","address":"Sta. Martha 636, Valle de San Andrés, 66612 Cdad. Apodaca, N.L.","types":["grocery_store","liquor_store","food_store","store","food","point_of_interest","establishment"],"fuente":"places_api","fetched_at":"2026-09-24T22:41:22Z"}},{"type":"Feature","geometry":{"type":"Point","coordinates":[-100.1939858,25.641037100000002]},"properties":{"name":"Tiendas Six","kind":"six","place_id":"ChIJdacYKMPBYoYR80g3TiZJGW4","address":"Hacienda Las Delicias 607-2 sector, Rancho Viejo, 67473 Guadalupe, N.L.","types":["liquor_store","grocery_store","food_store","store","food","point_of_interest","establishment"],"fuente":"places_api","fetched_at":"2026-09-24T22:41:22Z"}},{"type":"Feature","geometry":{"type":"Point","coordinates":[-100.5909551,25.790971199999998]},"properties":{"name":"Tiendas Six","kind":"six","place_id":"ChIJdyCoY-2dYoYRB1gUCA9JKls","address":"Opalo, Punta Diamante 201, 66004 García, N.L.","types":["grocery_store","liquor_store","food_store","food","point_of_interest","store","establishment"],"fuente":"places_api","fetched_at":"2026-09-24T22:41:22Z"}},{"type":"Feature","geometry":{"type":"Point","coordinates":[-100.5918476,25.7748344]},"properties":{"name":"Tiendas Six","kind":"six","place_id":"ChIJe-0hwyudYoYRBp7YOaXRjRk","address":"Praderas de Parás 989, Urbivilla del Prado, 66004 García, N.L.","types":["grocery_store","liquor_store","food_store","food","point_of_interest","store","establishment"],"fuente":"places_api","fetched_at":"2026-09-24T22:41:22Z"}},{"type":"Feature","geometry":{"type":"Point","coordinates":[-100.2956049,25.630256]},"properties":{"name":"Tiendas Six","kind":"six","place_id":"ChIJe-J_W3S_YoYRaHj_rkV7FqQ","address":"Los Lirios 202, Los Rosales, 64764 Monterrey, N.L.","types":["liquor_store","grocery_store","food_store","store","food","point_of_interest","establishment"],"fuente":"places_api","fetched_at":"2026-09-24T22:41:22Z"}},{"type":"Feature","geometry":{"type":"Point","coordinates":[-100.3042761,25.679561699999997]},"properties":{"name":"Tiendas Six","kind":"six","place_id":"ChIJe-u_cs6VYoYRs-Z4GUY5FfU","address":"Isaac Garza 1065, Centro, 64000 Monterrey, N.L.","types":["liquor_store","grocery_store","food_store","food","point_of_interest","store","establishment"],"fuente":"places_api","fetched_at":"2026-09-24T22:41:22Z"}},{"type":"Feature","geometry":{"type":"Point","coordinates":[-100.5121862,25.7046656]},"properties":{"name":"Tiendas Six","kind":"six","place_id":"ChIJe6wIYQqZYoYRUSiHnsJH0Y0","address":"Lombardia 500, Los Viñedos Sector 1, Los Viñedos, 66367 Cdad. Santa Catarina, N.L.","types":["liquor_store","grocery_store","food_store","store","food","point_of_interest","establishment"],"fuente":"places_api","fetched_at":"2026-09-24T22:41:22Z"}},{"type":"Feature","geometry":{"type":"Point","coordinates":[-100.2546545,25.809761800000004]},"properties":{"name":"Tiendas Six","kind":"six","place_id":"ChIJeSS5APLtYoYR9yVfLCilFAs","address":"Lucas García 106, Mirador del Topo - Fundadores, Moises Sáenz, 66613 Cdad. Apodaca, N.L.","types":["grocery_store","liquor_store","food_store","store","food","point_of_interest","establishment"],"fuente":"places_api","fetched_at":"2026-09-24T22:41:22Z"}},{"type":"Feature","geometry":{"type":"Point","coordinates":[-100.155475,25.603158999999998]},"properties":{"name":"Tiendas Six","kind":"six","place_id":"ChIJeUjCiVnDYoYRBbZrWRjWS1o","address":"Eucalipto 101, Arboledas De San Roque, 67280 Benito Juarez, N.L.","types":["grocery_store","liquor_store","food_store","store","food","point_of_interest","establishment"],"fuente":"places_api","fetched_at":"2026-09-24T22:41:22Z"}},{"type":"Feature","geometry":{"type":"Point","coordinates":[-100.17844819999999,25.6106123]},"properties":{"name":"Tiendas Six","kind":"six","place_id":"ChIJefSeUgXBYoYRvLzj3IaDJdQ","address":"Musas 100, Fraccionamiento Arcadia, Jardines de la Silla, 67250 Jardines de la Silla, N.L.","types":["liquor_store","grocery_store","food_store","store","food","point_of_interest","establishment"],"fuente":"places_api","fetched_at":"2026-09-24T22:41:22Z"}},{"type":"Feature","geometry":{"type":"Point","coordinates":[-100.4986407,25.693188199999998]},"properties":{"name":"Tiendas Six","kind":"six","place_id":"ChIJf4lNzcyZYoYR3Ll06ZoDifw","address":"De la Escultura 1107, Privadas de Santa Catarina 2do Sector, 66367 Cdad. Santa Catarina, N.L.","types":["liquor_store","grocery_store","food_store","store","food","point_of_interest","establishment"],"fuente":"places_api","fetched_at":"2026-09-24T22:41:22Z"}},{"type":"Feature","geometry":{"type":"Point","coordinates":[-100.2653304,25.751024899999997]},"properties":{"name":"Tiendas Six","kind":"six","place_id":"ChIJf6mywzyVYoYRYiNq_pvs2Rw","address":"C. Las Vegas 200, Pradera de, Santo Domingo, 66437 San Nicolás de los Garza, N.L.","types":["liquor_store","point_of_interest","store","establishment"],"fuente":"places_api","fetched_at":"2026-09-24T22:41:22Z"}},{"type":"Feature","geometry":{"type":"Point","coordinates":[-100.49276859999999,25.6933138]},"properties":{"name":"Tiendas Six","kind":"six","place_id":"ChIJf7kZ7lOZYoYRipHCTfCgR90","address":"Sierra Picachos 1141, Residencial de Sta Catarina, 66600 Cdad. Santa Catarina, N.L.","types":["grocery_store","liquor_store","food_store","store","food","point_of_interest","establishment"],"fuente":"places_api","fetched_at":"2026-09-24T22:41:22Z"}},{"type":"Feature","geometry":{"type":"Point","coordinates":[-100.4386052,25.6915119]},"properties":{"name":"Tiendas Six","kind":"six","place_id":"ChIJfV-M4EKXYoYRULzLlQd7B-Y","address":"Astorga 300, Prados del Rey, 66365 Cdad. Santa Catarina, N.L.","types":["liquor_store","grocery_store","food_store","store","food","point_of_interest","establishment"],"fuente":"places_api","fetched_at":"2026-09-24T22:41:22Z"}},{"type":"Feature","geometry":{"type":"Point","coordinates":[-100.49316139999999,25.6793628]},"properties":{"name":"Tiendas Six","kind":"six","place_id":"ChIJg17NlEqZYoYRQqYwYMnHAjA","address":"Av. Capitán Lucas García 910, Prados de Santa Catarina, 66359 Cdad. Santa Catarina, N.L.","types":["liquor_store","grocery_store","food_store","store","food","point_of_interest","establishment"],"fuente":"places_api","fetched_at":"2026-09-24T22:41:22Z"}},{"type":"Feature","geometry":{"type":"Point","coordinates":[-100.3640521,25.7367214]},"properties":{"name":"Tiendas Six","kind":"six","place_id":"ChIJg6OAmD6XYoYRYXWdAYn21hY","address":"Estación Esperanza 5308, Alvaro Obregon, Álvaro Obregón, 64150 Monterrey, N.L.","types":["grocery_store","liquor_store","food_store","store","food","point_of_interest","establishment"],"fuente":"places_api","fetched_at":"2026-09-24T22:41:22Z"}},{"type":"Feature","geometry":{"type":"Point","coordinates":[-100.2528877,25.682973000000004]},"properties":{"name":"Tiendas Six","kind":"six","place_id":"ChIJgXEbDanqYoYR8V4DvWs0Re4","address":"Lerdo de Tejada, Benito Juárez 600, Benito Juárez (El Pozo), 67140 Guadalupe, N.L.","types":["liquor_store","grocery_store","food_store","food","point_of_interest","store","establishment"],"fuente":"places_api","fetched_at":"2026-09-24T22:41:22Z"}},{"type":"Feature","geometry":{"type":"Point","coordinates":[-100.09883029999999,25.633085400000002]},"properties":{"name":"Tiendas Six","kind":"six","place_id":"ChIJgxCe4uzDYoYRA91BfhKAo_o","address":"Hacienda San Tomas, C. Hacienda Real 129, San Miguelito 2do Sector, 67266 Cdad. Benito Juárez, N.L.","types":["liquor_store","grocery_store","food_store","store","food","point_of_interest","establishment"],"fuente":"places_api","fetched_at":"2026-09-24T22:41:22Z"}},{"type":"Feature","geometry":{"type":"Point","coordinates":[-100.329965,25.7700563]},"properties":{"name":"Tiendas Six","kind":"six","place_id":"ChIJh4-_076TYoYRMJdo35h82F8","address":"Loma Sendero S/N, Lomas de Aztlán, 66075 Cdad. Gral. Escobedo, N.L.","types":["grocery_store","liquor_store","food_store","store","food","point_of_interest","establishment"],"fuente":"places_api","fetched_at":"2026-09-24T22:41:22Z"}},{"type":"Feature","geometry":{"type":"Point","coordinates":[-100.2651652,25.661833]},"properties":{"name":"Tiendas Six","kind":"six","place_id":"ChIJhQnhZ2W_YoYRbeTUwnom5mw","address":"El Realito 2003, La Herradura, 64987 Monterrey, N.L.","types":["liquor_store","grocery_store","food_store","store","food","point_of_interest","establishment"],"fuente":"places_api","fetched_at":"2026-09-24T22:41:22Z"}},{"type":"Feature","geometry":{"type":"Point","coordinates":[-100.5659226,25.788574099999998]},"properties":{"name":"Tiendas Six","kind":"six","place_id":"ChIJhRkLV8mdYoYR8PsuBTb5eXM","address":"Hacienda Santo Domingo 242, Av. Hacienda del Sol 3, 66000 García, N.L.","types":["grocery_store","liquor_store","food_store","store","food","point_of_interest","establishment"],"fuente":"places_api","fetched_at":"2026-09-24T22:41:22Z"}},{"type":"Feature","geometry":{"type":"Point","coordinates":[-100.075524,25.603789199999998]},"properties":{"name":"Tiendas Six","kind":"six","place_id":"ChIJhas7_6vcYoYRHWSelJRlvJE","address":"Av del Álamo 600, Valle del Roble, 67458 Valle del Roble, N.L.","types":["liquor_store","grocery_store","food_store","store","food","point_of_interest","establishment"],"fuente":"places_api","fetched_at":"2026-09-24T22:41:22Z"}},{"type":"Feature","geometry":{"type":"Point","coordinates":[-100.23681599999999,25.5799833]},"properties":{"name":"Tiendas Six","kind":"six","place_id":"ChIJhbvtwS_HYoYRlzpkZUYAlD8","address":"Patrimonio 203, Nueva Estanzuela, 64968 Monterrey, N.L.","types":["liquor_store","grocery_store","food_store","store","food","point_of_interest","establishment"],"fuente":"places_api","fetched_at":"2026-09-24T22:41:22Z"}},{"type":"Feature","geometry":{"type":"Point","coordinates":[-100.33399999999999,25.791]},"properties":{"name":"Tiendas Six","kind":"six","place_id":"ChIJi5lv9yOTYoYRQPVaeRKf8eg","address":"Mariano Escobedo 601, Quinto Centenario, 66072 Cdad. Gral. Escobedo, N.L.","types":["grocery_store","liquor_store","food_store","store","food","point_of_interest","establishment"],"fuente":"places_api","fetched_at":"2026-09-24T22:41:22Z"}},{"type":"Feature","geometry":{"type":"Point","coordinates":[-100.32884159999999,25.6628796]},"properties":{"name":"Tiendas Six","kind":"six","place_id":"ChIJi_PJlWa_YoYRQ92zuP71Qi0","address":"Av. San Pío X 1301, Pío X, 64710 Monterrey, N.L.","types":["liquor_store","grocery_store","food_store","store","food","point_of_interest","establishment"],"fuente":"places_api","fetched_at":"2026-09-24T22:41:22Z"}},{"type":"Feature","geometry":{"type":"Point","coordinates":[-100.29378299999999,25.6362532]},"properties":{"name":"Tiendas Six","kind":"six","place_id":"ChIJia0NDtS_YoYRXtZSDBcaKso","address":"2a. Avenida 1724, Burócratas Municipales, 64769 Monterrey, N.L.","types":["liquor_store","grocery_store","food_store","store","food","point_of_interest","establishment"],"fuente":"places_api","fetched_at":"2026-09-24T22:41:22Z"}},{"type":"Feature","geometry":{"type":"Point","coordinates":[-100.25259369999999,25.7888295]},"properties":{"name":"Tiendas Six","kind":"six","place_id":"ChIJiwC1uejtYoYRSz7x0uGCKMY","address":"Norte 3, Av Metroplex 301, Metroplex I, 66612 Cdad. Apodaca, N.L.","types":["grocery_store","liquor_store","food_store","store","food","point_of_interest","establishment"],"fuente":"places_api","fetched_at":"2026-09-24T22:41:22Z"}},{"type":"Feature","geometry":{"type":"Point","coordinates":[-100.3644807,25.7192723]},"properties":{"name":"Tiendas Six","kind":"six","place_id":"ChIJiyzxzzSXYoYR9yC28DGvbeg","address":"Av. San José 2916, San Jorge, 64330 Monterrey, N.L.","types":["grocery_store","liquor_store","food_store","store","food","point_of_interest","establishment"],"fuente":"places_api","fetched_at":"2026-09-24T22:41:22Z"}},{"type":"Feature","geometry":{"type":"Point","coordinates":[-100.1699905,25.6057718]},"properties":{"name":"Tiendas Six","kind":"six","place_id":"ChIJj75bXXLDYoYRGqm2fsgMdcw","address":"Avenida Los Reguiletes 796 Los Reguiletes, 67286 Benito Juarez, N.L.","types":["liquor_store","grocery_store","food_store","store","food","point_of_interest","establishment"],"fuente":"places_api","fetched_at":"2026-09-24T22:41:22Z"}},{"type":"Feature","geometry":{"type":"Point","coordinates":[-100.36101,25.8061996]},"properties":{"name":"Tiendas Six","kind":"six","place_id":"ChIJj9cIAHqRYoYRnS74WTRI_XY","address":"Uranio 532, Pedregal del Topo Chico, 64000 Cdad. Gral. Escobedo, N.L.","types":["grocery_store","liquor_store","food_store","store","food","point_of_interest","establishment"],"fuente":"places_api","fetched_at":"2026-09-24T22:41:22Z"}},{"type":"Feature","geometry":{"type":"Point","coordinates":[-100.57404199999999,25.790131]},"properties":{"name":"Tiendas Six","kind":"six","place_id":"ChIJjdRqXJedYoYRqhlS0y5JWdA","address":"Hacienda San Nicolas 100, Col. Hacienda Del Sol, 66017 García, N.L.","types":["liquor_store","store","point_of_interest","establishment"],"fuente":"places_api","fetched_at":"2026-09-24T22:41:22Z"}},{"type":"Feature","geometry":{"type":"Point","coordinates":[-100.46280229999999,25.6748841]},"properties":{"name":"Tiendas Six","kind":"six","place_id":"ChIJk50fSbGZYoYRGzaksy0_dDI","address":"Benito Juarez 135, Santa Catarina, Centro, 66350 Cdad. Santa Catarina, N.L.","types":["liquor_store","store","point_of_interest","establishment"],"fuente":"places_api","fetched_at":"2026-09-24T22:41:22Z"}},{"type":"Feature","geometry":{"type":"Point","coordinates":[-100.14506589999999,25.6304122]},"properties":{"name":"Tiendas Six","kind":"six","place_id":"ChIJk5rcCbfDYoYRddohfuySw6g","address":"Justo Sierra 427 Valle de Vaquerias, 67250 Benito Juarez, N.L.","types":["liquor_store","grocery_store","food_store","store","food","point_of_interest","establishment"],"fuente":"places_api","fetched_at":"2026-09-24T22:41:22Z"}},{"type":"Feature","geometry":{"type":"Point","coordinates":[-100.37867899999999,25.791646999999998]},"properties":{"name":"Tiendas Six","kind":"six","place_id":"ChIJkQ2NIpORYoYRRYsKoBBRdv0","address":"Campesinos 2130, Fomerrey 35, 64209 Monterrey, N.L.","types":["grocery_store","liquor_store","food_store","store","food","point_of_interest","establishment"],"fuente":"places_api","fetched_at":"2026-09-24T22:41:22Z"}},{"type":"Feature","geometry":{"type":"Point","coordinates":[-100.1375078,25.669182]},"properties":{"name":"Tiendas Six","kind":"six","place_id":"ChIJkbuv0LnDYoYRQ9FfG-l8Kk0","address":"Emiliano Zapata 300, 31 de Diciembre, 67200 Nuevo Leon, N.L.","types":["liquor_store","grocery_store","food_store","food","point_of_interest","store","establishment"],"fuente":"places_api","fetched_at":"2026-09-24T22:41:22Z"}},{"type":"Feature","geometry":{"type":"Point","coordinates":[-100.2672788,25.6576302]},"properties":{"name":"Tiendas Six","kind":"six","place_id":"ChIJkwMnYa-_YoYRkhvFMBBEkwU","address":"A G, Lic. Amador Garza Sepúlveda 2128, 25 de Noviembre, 67174 Monterrey, N.L.","types":["liquor_store","grocery_store","food_store","store","food","point_of_interest","establishment"],"fuente":"places_api","fetched_at":"2026-09-24T22:41:22Z"}},{"type":"Feature","geometry":{"type":"Point","coordinates":[-100.301455,25.66152]},"properties":{"name":"Tiendas Six","kind":"six","place_id":"ChIJlYMU_we_YoYRJxPnvD0u7x4","address":"León Guzmán 1414, Nuevo Repueblo, 64700 Monterrey, N.L.","types":["liquor_store","grocery_store","food_store","store","food","point_of_interest","establishment"],"fuente":"places_api","fetched_at":"2026-09-24T22:41:22Z"}},{"type":"Feature","geometry":{"type":"Point","coordinates":[-100.321653,25.6940244]},"properties":{"name":"Tiendas Six","kind":"six","place_id":"ChIJlZd9J5SVYoYREmLUwf-Wtzs","address":"C. Julián Villagrán 2002, Industrial, 64440 Monterrey, N.L.","types":["liquor_store","grocery_store","food_store","store","food","point_of_interest","establishment"],"fuente":"places_api","fetched_at":"2026-09-24T22:41:22Z"}},{"type":"Feature","geometry":{"type":"Point","coordinates":[-100.19265299999999,25.644541]},"properties":{"name":"Tiendas Six","kind":"six","place_id":"ChIJm6FbNv_BYoYRbKAReMfNTeo","address":"Rancho El Manzano 247, Rancho Viejo, 67192 Guadalupe, N.L.","types":["liquor_store","grocery_store","food_store","store","food","point_of_interest","establishment"],"fuente":"places_api","fetched_at":"2026-09-24T22:41:22Z"}},{"type":"Feature","geometry":{"type":"Point","coordinates":[-100.1754555,25.6267143]},"properties":{"name":"Tiendas Six","kind":"six","place_id":"ChIJm9X4jO3BYoYRn8n-0PRMorQ","address":"San Jorge 635, Santa Monica Sector 8, Santa Monica, 67250 Jardines de la Silla, N.L.","types":["liquor_store","grocery_store","food_store","store","food","point_of_interest","establishment"],"fuente":"places_api","fetched_at":"2026-09-24T22:41:22Z"}},{"type":"Feature","geometry":{"type":"Point","coordinates":[-100.09026689999999,25.713634]},"properties":{"name":"Tiendas Six","kind":"six","place_id":"ChIJmR7t8zbpYoYRiWIwFMAqzeY","address":"Av. San Francisco 624, 64000 Valle de Santa María, N.L.","types":["liquor_store","point_of_interest","store","establishment"],"fuente":"places_api","fetched_at":"2026-09-24T22:41:22Z"}},{"type":"Feature","geometry":{"type":"Point","coordinates":[-100.27427499999999,25.610391]},"properties":{"name":"Tiendas Six","kind":"six","place_id":"ChIJmbgJI9C_YoYRwhlQ8WQHi30","address":"Calle Gral. Aarón Sáenz 3708, Eduardo Elizondo, 64940 Monterrey, N.L.","types":["liquor_store","grocery_store","food_store","store","food","point_of_interest","establishment"],"fuente":"places_api","fetched_at":"2026-09-24T22:41:22Z"}},{"type":"Feature","geometry":{"type":"Point","coordinates":[-100.6158904,25.8222997]},"properties":{"name":"Tiendas Six","kind":"six","place_id":"ChIJmz20pRmdYoYRlS_-8-Iunw4","address":"Villa Toledo 422, Villa Azul, 66012 García, N.L.","types":["grocery_store","liquor_store","food_store","food","point_of_interest","store","establishment"],"fuente":"places_api","fetched_at":"2026-09-24T22:41:22Z"}},{"type":"Feature","geometry":{"type":"Point","coordinates":[-100.4963348,25.6939001]},"properties":{"name":"Tiendas Six","kind":"six","place_id":"ChIJn0d6OgOZYoYRxJzhWdSBlSo","address":"Valle de Aran 114, Valle de Lincoln, 66025 García, N.L.","types":["liquor_store","grocery_store","food_store","store","food","point_of_interest","establishment"],"fuente":"places_api","fetched_at":"2026-09-24T22:41:22Z"}},{"type":"Feature","geometry":{"type":"Point","coordinates":[-100.3315497,25.698789]},"properties":{"name":"Tiendas Six","kind":"six","place_id":"ChIJnQaXv8GVYoYRWYjcTlrAGOg","address":"Manuel Ma. Lombardini 2129, Garza Nieto, 64420 Monterrey, N.L.","types":["liquor_store","grocery_store","food_store","store","food","point_of_interest","establishment"],"fuente":"places_api","fetched_at":"2026-09-24T22:41:22Z"}},{"type":"Feature","geometry":{"type":"Point","coordinates":[-100.2544263,25.7788193]},"properties":{"name":"Tiendas Six","kind":"six","place_id":"ChIJndy2ORTtYoYRlHZSRJiLEDE","address":"Av Costa Rica 524, Nuevo Amanecer, 66636 Cdad. Apodaca, N.L.","types":["grocery_store","liquor_store","food_store","store","food","point_of_interest","establishment"],"fuente":"places_api","fetched_at":"2026-09-24T22:41:22Z"}},{"type":"Feature","geometry":{"type":"Point","coordinates":[-100.3907878,25.783016699999997]},"properties":{"name":"Tiendas Six","kind":"six","place_id":"ChIJnfWvDSGRYoYR0FIPE42t4X0","address":"Cam. de la Pradera 1719, Barrio Acero, 64000 Monterrey, N.L.","types":["liquor_store","store","point_of_interest","establishment"],"fuente":"places_api","fetched_at":"2026-09-24T22:41:22Z"}},{"type":"Feature","geometry":{"type":"Point","coordinates":[-100.2996725,25.658368499999998]},"properties":{"name":"Tiendas Six","kind":"six","place_id":"ChIJo0d1tV6_YoYRSed3U4GQgtU","address":"Quintana Roo 1019, Nuevo Repueblo, 64700 Monterrey, N.L.","types":["liquor_store","grocery_store","food_store","store","food","point_of_interest","establishment"],"fuente":"places_api","fetched_at":"2026-09-24T22:41:22Z"}},{"type":"Feature","geometry":{"type":"Point","coordinates":[-100.32444439999999,25.6611659]},"properties":{"name":"Tiendas Six","kind":"six","place_id":"ChIJo1CoL4W_YoYREmW6f_IAOVk","address":"C. 2 de Abril - Jesús Dionisio González 900, Independencia, 64720 Monterrey, N.L.","types":["liquor_store","grocery_store","food_store","store","food","point_of_interest","establishment"],"fuente":"places_api","fetched_at":"2026-09-24T22:41:22Z"}},{"type":"Feature","geometry":{"type":"Point","coordinates":[-100.2473399,25.590197]},"properties":{"name":"Tiendas Six","kind":"six","place_id":"ChIJo9lGm77BYoYR_Rbkom6kdWs","address":"Av. La Hacienda 1105, Fomerrey 45, 64988 Monterrey, N.L.","types":["liquor_store","grocery_store","food_store","store","food","point_of_interest","establishment"],"fuente":"places_api","fetched_at":"2026-09-24T22:41:22Z"}},{"type":"Feature","geometry":{"type":"Point","coordinates":[-100.250918,25.7825463]},"properties":{"name":"Tiendas Six","kind":"six","place_id":"ChIJob_Dh13tYoYRsSeKCzMLHsc","address":"Av Afganistán 947, Prados de La Cieneguita, 66600 Cdad. Apodaca, N.L.","types":["liquor_store","grocery_store","food_store","store","food","point_of_interest","establishment"],"fuente":"places_api","fetched_at":"2026-09-24T22:41:22Z"}},{"type":"Feature","geometry":{"type":"Point","coordinates":[-100.29235100000001,25.6301214]},"properties":{"name":"Tiendas Six","kind":"six","place_id":"ChIJocKqry-_YoYROTidFV3Oz0s","address":"C. Lic. Guillermo Martínez Domínguez 3920, Burócratas Municipales, 64769 Monterrey, N.L.","types":["liquor_store","grocery_store","food_store","store","food","point_of_interest","establishment"],"fuente":"places_api","fetched_at":"2026-09-24T22:41:22Z"}},{"type":"Feature","geometry":{"type":"Point","coordinates":[-100.31667730000001,25.6925185]},"properties":{"name":"Tiendas Six","kind":"six","place_id":"ChIJodzNrJCVYoYRyMbQfFBSI4Y","address":"Av Alfonso Reyes 2001, Obrerista, 64490 Monterrey, N.L.","types":["liquor_store","point_of_interest","store","establishment"],"fuente":"places_api","fetched_at":"2026-09-24T22:41:22Z"}},{"type":"Feature","geometry":{"type":"Point","coordinates":[-100.18694200000002,25.784027200000004]},"properties":{"name":"Tiendas Six","kind":"six","place_id":"ChIJoz-FyzvtYoYRLlxICzEchXM","address":"Dr. Eleuterio González 481, Cabecera Municipal (Apodaca), Centro, 66262 Cdad. Apodaca, N.L.","types":["liquor_store","grocery_store","food_store","store","food","point_of_interest","establishment"],"fuente":"places_api","fetched_at":"2026-09-24T22:41:22Z"}},{"type":"Feature","geometry":{"type":"Point","coordinates":[-100.24751529999999,25.782131]},"properties":{"name":"Tiendas Six","kind":"six","place_id":"ChIJp-PxvQ3tYoYRcTGSWWqvo3Y","address":"Pino Blanco 453, Bosque Real, 66612 Cdad. Apodaca, N.L.","types":["liquor_store","grocery_store","food_store","store","food","point_of_interest","establishment"],"fuente":"places_api","fetched_at":"2026-09-24T22:41:22Z"}},{"type":"Feature","geometry":{"type":"Point","coordinates":[-100.59060389999999,25.800995]},"properties":{"name":"Tiendas Six","kind":"six","place_id":"ChIJp7vs9iSdYoYR3C_N56AzUIU","address":"Gardenia 196, Benito Juárez, 66000 García, N.L.","types":["liquor_store","store","point_of_interest","establishment"],"fuente":"places_api","fetched_at":"2026-09-24T22:41:22Z"}},{"type":"Feature","geometry":{"type":"Point","coordinates":[-100.1866531,25.671152499999998]},"properties":{"name":"Tiendas Six","kind":"six","place_id":"ChIJpaEVSe_BYoYRh5RHA45xWP8","address":"Tres Caminos Skatepark, Albura N 201, Norte, 67190 Guadalupe, N.L.","types":["liquor_store","grocery_store","food_store","food","point_of_interest","store","establishment"],"fuente":"places_api","fetched_at":"2026-09-24T22:41:22Z"}},{"type":"Feature","geometry":{"type":"Point","coordinates":[-100.38833770000001,25.7507778]},"properties":{"name":"Tiendas Six","kind":"six","place_id":"ChIJpdOCkeWXYoYR9s7Dp7MWQ1g","address":"Cdad. de Guaymas 5032, Plutarco Elías Calles, 64108 Monterrey, N.L.","types":["grocery_store","liquor_store","food_store","store","food","point_of_interest","establishment"],"fuente":"places_api","fetched_at":"2026-09-24T22:41:22Z"}},{"type":"Feature","geometry":{"type":"Point","coordinates":[-100.46618409999999,25.681364199999997]},"properties":{"name":"Tiendas Six","kind":"six","place_id":"ChIJpe-EdGyYYoYRkSDY35Ns-XI","address":"Vidaurri 364, Centro, 66350 Cdad. Santa Catarina, N.L.","types":["grocery_store","liquor_store","food_store","store","food","point_of_interest","establishment"],"fuente":"places_api","fetched_at":"2026-09-24T22:41:22Z"}},{"type":"Feature","geometry":{"type":"Point","coordinates":[-100.492906,25.79405]},"properties":{"name":"Tiendas Six","kind":"six","place_id":"ChIJq9WL0tSbYoYRqqk7XyUyeC0","address":"Grissal 509, Valle de Lincoln, 66026 Valle de Lincoln, N.L.","types":["grocery_store","liquor_store","food_store","food","point_of_interest","store","establishment"],"fuente":"places_api","fetched_at":"2026-09-24T22:41:22Z"}},{"type":"Feature","geometry":{"type":"Point","coordinates":[-100.47135709999999,25.6688038]},"properties":{"name":"Tiendas Six","kind":"six","place_id":"ChIJqW4fRkWZYoYRIEJqPAbmRRo","address":"Carlos V. 834, Residencial del Castillo, 66350 Cdad. Santa Catarina, N.L.","types":["liquor_store","grocery_store","food_store","store","food","point_of_interest","establishment"],"fuente":"places_api","fetched_at":"2026-09-24T22:41:22Z"}},{"type":"Feature","geometry":{"type":"Point","coordinates":[-100.5781851,25.7885967]},"properties":{"name":"Tiendas Six","kind":"six","place_id":"ChIJqW_IDRSdYoYRZ_qSrkUxQII","address":"Villa Murcia 456, Privadas de las Villas, 66003 García, N.L.","types":["grocery_store","liquor_store","food_store","store","food","point_of_interest","establishment"],"fuente":"places_api","fetched_at":"2026-09-24T22:41:22Z"}},{"type":"Feature","geometry":{"type":"Point","coordinates":[-100.22940000000001,25.819499999999998]},"properties":{"name":"Tiendas Six","kind":"six","place_id":"ChIJqZetOLvtYoYRNDApMjE72MU","address":"Cenzontle 254, Paseo de Santa Rosa, 66614 Cdad. Apodaca, N.L.","types":["grocery_store","liquor_store","food_store","store","food","point_of_interest","establishment"],"fuente":"places_api","fetched_at":"2026-09-24T22:41:22Z"}},{"type":"Feature","geometry":{"type":"Point","coordinates":[-100.25062,25.789766]},"properties":{"name":"Tiendas Six","kind":"six","place_id":"ChIJqe2NfsjtYoYRgmWKgpoZHn0","address":"Calle N9, Av Metroplex 489, Metroplex I, 66612 Cdad. Apodaca, N.L.","types":["grocery_store","liquor_store","food_store","store","food","point_of_interest","establishment"],"fuente":"places_api","fetched_at":"2026-09-24T22:41:22Z"}},{"type":"Feature","geometry":{"type":"Point","coordinates":[-100.08536199999999,25.6496544]},"properties":{"name":"Tiendas Six","kind":"six","place_id":"ChIJr_uxDtTCYoYRDX4l9diLmnQ","address":"Real de Sta Josefina 109, Real de San José 3 Sector, 67250 Cdad. Benito Juárez, N.L.","types":["liquor_store","grocery_store","food_store","store","food","point_of_interest","establishment"],"fuente":"places_api","fetched_at":"2026-09-24T22:41:22Z"}},{"type":"Feature","geometry":{"type":"Point","coordinates":[-100.2452612,25.781260699999997]},"properties":{"name":"Tiendas Six","kind":"six","place_id":"ChIJrwoTCZXtYoYRVJgOqKGUkYI","address":"Av. Chopo 355, Bosques Real 2do Sector, 66612 Cdad. Apodaca, N.L.","types":["grocery_store","liquor_store","food_store","store","food","point_of_interest","establishment"],"fuente":"places_api","fetched_at":"2026-09-24T22:41:22Z"}},{"type":"Feature","geometry":{"type":"Point","coordinates":[-100.4855864,25.6782092]},"properties":{"name":"Tiendas Six","kind":"six","place_id":"ChIJs2lVWjaZYoYRNZlj628hkFw","address":"Virginia Wolf, Cumbres de Sta. Catarina 2839, Cumbres de Santa Catarina Tercer Sector, 66358 Cdad. Santa Catarina, N.L.","types":["liquor_store","store","point_of_interest","establishment"],"fuente":"places_api","fetched_at":"2026-09-24T22:41:22Z"}},{"type":"Feature","geometry":{"type":"Point","coordinates":[-100.3307832,25.6925282]},"properties":{"name":"Tiendas Six","kind":"six","place_id":"ChIJsSwgmuuVYoYRThFrwB-ccKc","address":"Priv. Melchor Muzquiz 1901, 10 de Marzo, 64000 Monterrey, N.L.","types":["liquor_store","store","point_of_interest","establishment"],"fuente":"places_api","fetched_at":"2026-09-24T22:41:22Z"}},{"type":"Feature","geometry":{"type":"Point","coordinates":[-100.17991669999999,25.7807711]},"properties":{"name":"Tiendas Six","kind":"six","place_id":"ChIJs_YwfdntYoYRDzKAUsn1gtc","address":"De Las Galaxias 516, Futuro Apodaca, 66000 Cdad. Apodaca, N.L.","types":["liquor_store","grocery_store","food_store","store","food","point_of_interest","establishment"],"fuente":"places_api","fetched_at":"2026-09-24T22:41:22Z"}},{"type":"Feature","geometry":{"type":"Point","coordinates":[-100.2576771,25.7844658]},"properties":{"name":"Tiendas Six","kind":"six","place_id":"ChIJt6qlgbLsYoYRQoTQpA4sZVg","address":"Av. Concordia 720, Prados de La Cieneguita, 66636 Cdad. Apodaca, N.L.","types":["grocery_store","liquor_store","food_store","store","food","point_of_interest","establishment"],"fuente":"places_api","fetched_at":"2026-09-24T22:41:22Z"}},{"type":"Feature","geometry":{"type":"Point","coordinates":[-100.30815469999999,25.796245000000003]},"properties":{"name":"Tiendas Six","kind":"six","place_id":"ChIJtQQ6WMuTYoYR5KHtA_FuYNc","address":"Río Pánuco 101, Jardines del Canadá, 66050 Cdad. Gral. Escobedo, N.L.","types":["grocery_store","liquor_store","food_store","store","food","point_of_interest","establishment"],"fuente":"places_api","fetched_at":"2026-09-24T22:41:22Z"}},{"type":"Feature","geometry":{"type":"Point","coordinates":[-100.5696893,25.7888563]},"properties":{"name":"Tiendas Six","kind":"six","place_id":"ChIJtWdVU52dYoYRGXiQIdpv9D4","address":"Hacienda Sta. Martha 100, Hacienda del Sol, 66003 García, N.L.","types":["grocery_store","liquor_store","food_store","food","point_of_interest","store","establishment"],"fuente":"places_api","fetched_at":"2026-09-24T22:41:22Z"}},{"type":"Feature","geometry":{"type":"Point","coordinates":[-100.41090369999999,25.6596485]},"properties":{"name":"Tiendas Six","kind":"six","place_id":"ChIJtd3IEMC9YoYRYQwrK0iVsKg","address":"Jimenez, Los Sauces 616, Los Sauces 2o Sector, 66250 San Pedro Garza García, N.L.","types":["liquor_store","grocery_store","food_store","store","food","point_of_interest","establishment"],"fuente":"places_api","fetched_at":"2026-09-24T22:41:22Z"}},{"type":"Feature","geometry":{"type":"Point","coordinates":[-100.3727514,25.7279648]},"properties":{"name":"Tiendas Six","kind":"six","place_id":"ChIJtd7Tt_KWYoYR2-CSquAd_kI","address":"Sabino 5154, Valle Verde 1, 64360 Monterrey, N.L.","types":["grocery_store","liquor_store","food_store","food","point_of_interest","store","establishment"],"fuente":"places_api","fetched_at":"2026-09-24T22:41:22Z"}},{"type":"Feature","geometry":{"type":"Point","coordinates":[-100.46252319999999,25.698308899999997]},"properties":{"name":"Tiendas Six","kind":"six","place_id":"ChIJtdRaYCWZYoYRLoCgQYnkMFQ","address":"San Juan Bautista 601, San Gilberto, 66369 Cdad. Santa Catarina, N.L.","types":["liquor_store","grocery_store","food_store","store","food","point_of_interest","establishment"],"fuente":"places_api","fetched_at":"2026-09-24T22:41:22Z"}},{"type":"Feature","geometry":{"type":"Point","coordinates":[-100.313656,25.6435738]},"properties":{"name":"Tiendas Six","kind":"six","place_id":"ChIJte7BPe-_YoYRHwPu1kXeV_c","address":"Enrique H Herrera 821, Canteras, 64750 Monterrey, N.L.","types":["liquor_store","grocery_store","food_store","store","food","point_of_interest","establishment"],"fuente":"places_api","fetched_at":"2026-09-24T22:41:22Z"}},{"type":"Feature","geometry":{"type":"Point","coordinates":[-100.504978,25.685875199999998]},"properties":{"name":"Tiendas Six","kind":"six","place_id":"ChIJtxVzPrWZYoYRRSsZUdVR1fg","address":"Carrizo 700, Mirador de las Mitras, 66380 Cdad. Santa Catarina, N.L.","types":["liquor_store","grocery_store","food_store","store","food","point_of_interest","establishment"],"fuente":"places_api","fetched_at":"2026-09-24T22:41:22Z"}},{"type":"Feature","geometry":{"type":"Point","coordinates":[-100.1127157,25.830421899999997]},"properties":{"name":"Tiendas Six","kind":"six","place_id":"ChIJtxvGANbvYoYR8_YIKzPm4js","address":"Peral 1100, Valle Floresta, 64000 Colinas del Aeropuerto, N.L.","types":["grocery_store","liquor_store","food_store","store","food","point_of_interest","establishment"],"fuente":"places_api","fetched_at":"2026-09-24T22:41:22Z"}},{"type":"Feature","geometry":{"type":"Point","coordinates":[-100.3612457,25.721006199999998]},"properties":{"name":"Tiendas Six","kind":"six","place_id":"ChIJtzkGfFqXYoYRqh_ovgLNMXU","address":"Av. San José 2751, San Jorge, 64330 Monterrey, N.L.","types":["grocery_store","liquor_store","food_store","food","point_of_interest","store","establishment"],"fuente":"places_api","fetched_at":"2026-09-24T22:41:22Z"}},{"type":"Feature","geometry":{"type":"Point","coordinates":[-100.17047880000001,25.623626299999998]},"properties":{"name":"Tiendas Six","kind":"six","place_id":"ChIJu0_RAyvBYoYRz1PRZu3ZsVI","address":"Roble 122, Villa Los Naranjos, 67288 Jardines de la Silla, N.L.","types":["liquor_store","grocery_store","food_store","store","food","point_of_interest","establishment"],"fuente":"places_api","fetched_at":"2026-09-24T22:41:22Z"}},{"type":"Feature","geometry":{"type":"Point","coordinates":[-100.33612219999999,25.7796141]},"properties":{"name":"Tiendas Six","kind":"six","place_id":"ChIJu1FpXvOTYoYR4ILlc43ISKo","address":"Olmo, C. Lomas de San Genaro 142, San Genaro 3er Sector, 66073 Cdad. Gral. Escobedo, N.L.","types":["grocery_store","liquor_store","food_store","store","food","point_of_interest","establishment"],"fuente":"places_api","fetched_at":"2026-09-24T22:41:22Z"}},{"type":"Feature","geometry":{"type":"Point","coordinates":[-100.1813,25.723021]},"properties":{"name":"Tiendas Six","kind":"six","place_id":"ChIJuUPf083rYoYRdlVH796PxL4","address":"Mixcoac Sur 212, Cañada Blanca, 67114 Guadalupe, N.L.","types":["grocery_store","liquor_store","food_store","food","point_of_interest","store","establishment"],"fuente":"places_api","fetched_at":"2026-09-24T22:41:22Z"}},{"type":"Feature","geometry":{"type":"Point","coordinates":[-100.57650989999999,25.7970744]},"properties":{"name":"Tiendas Six","kind":"six","place_id":"ChIJuV9XvdadYoYRRwi2c0b_PhM","address":"C. Antimonio 301, Paseo de las Minas, 64000 García, N.L.","types":["grocery_store","liquor_store","food_store","store","food","point_of_interest","establishment"],"fuente":"places_api","fetched_at":"2026-09-24T22:41:22Z"}},{"type":"Feature","geometry":{"type":"Point","coordinates":[-100.05710169999999,25.7942683]},"properties":{"name":"Tiendas Six","kind":"six","place_id":"ChIJuWC189_lYoYRi_VITQgSCdc","address":"Villa Corina 127, VILLAS REGINA, 66650 Pesquería, N.L.","types":["grocery_store","liquor_store","food_store","store","food","point_of_interest","establishment"],"fuente":"places_api","fetched_at":"2026-09-24T22:41:22Z"}},{"type":"Feature","geometry":{"type":"Point","coordinates":[-100.300736,25.795168099999998]},"properties":{"name":"Tiendas Six","kind":"six","place_id":"ChIJuXRCI-iTYoYRfjeecy1vuTk","address":"Cerro del Topo Chico 935, Las Malvinas, 66058 Cdad. Gral. Escobedo, N.L.","types":["grocery_store","liquor_store","food_store","store","food","point_of_interest","establishment"],"fuente":"places_api","fetched_at":"2026-09-24T22:41:22Z"}},{"type":"Feature","geometry":{"type":"Point","coordinates":[-100.1507298,25.711161699999998]},"properties":{"name":"Tiendas Six","kind":"six","place_id":"ChIJucfLb4frYoYRfnXDHC_CRjY","address":"Hacienda Terreros 501, Hacienda Las Margaritas, 66633 Cdad. Apodaca, N.L.","types":["grocery_store","liquor_store","food_store","store","food","point_of_interest","establishment"],"fuente":"places_api","fetched_at":"2026-09-24T22:41:22Z"}},{"type":"Feature","geometry":{"type":"Point","coordinates":[-100.58229299999999,25.801918]},"properties":{"name":"Tiendas Six","kind":"six","place_id":"ChIJuwSDqvidYoYRSIv4BP_yZq8","address":"C. Platino 101, Paseo de las Minas, 66000 García, N.L.","types":["grocery_store","liquor_store","food_store","store","food","point_of_interest","establishment"],"fuente":"places_api","fetched_at":"2026-09-24T22:41:22Z"}},{"type":"Feature","geometry":{"type":"Point","coordinates":[-100.3555396,25.7231627]},"properties":{"name":"Tiendas Six","kind":"six","place_id":"ChIJuwZbyoaWYoYROCfOSyUtJ6Q","address":"Av Raúl Rangel Frías 5625, Del Maestro, 64180 Monterrey, N.L.","types":["grocery_store","liquor_store","food_store","store","food","point_of_interest","establishment"],"fuente":"places_api","fetched_at":"2026-09-24T22:41:22Z"}},{"type":"Feature","geometry":{"type":"Point","coordinates":[-100.400138,25.663095799999997]},"properties":{"name":"Tiendas Six","kind":"six","place_id":"ChIJuxApq369YoYRqqfi6_UyqSo","address":"Casco Urbano, 66200 San Pedro Garza García, N.L., México","types":["liquor_store","store","point_of_interest","establishment"],"fuente":"places_api","fetched_at":"2026-09-24T22:41:22Z"}},{"type":"Feature","geometry":{"type":"Point","coordinates":[-100.10155669999999,25.6397722]},"properties":{"name":"Tiendas Six","kind":"six","place_id":"ChIJv9jNnWLDYoYRr_q1WmxgyXc","address":"Ébano 338, Mirador, 67267 Cdad. Benito Juárez, N.L.","types":["liquor_store","grocery_store","food_store","store","food","point_of_interest","establishment"],"fuente":"places_api","fetched_at":"2026-09-24T22:41:22Z"}},{"type":"Feature","geometry":{"type":"Point","coordinates":[-100.3758273,25.7969212]},"properties":{"name":"Tiendas Six","kind":"six","place_id":"ChIJvfAx-36RYoYRBdRx2A9eJTw","address":"Loma la Paz 1201, Colinas de Topo Chico, 66050 Cdad. Gral. Escobedo, N.L.","types":["grocery_store","liquor_store","food_store","store","food","point_of_interest","establishment"],"fuente":"places_api","fetched_at":"2026-09-24T22:41:22Z"}},{"type":"Feature","geometry":{"type":"Point","coordinates":[-100.2664889,25.620292499999998]},"properties":{"name":"Tiendas Six","kind":"six","place_id":"ChIJvw164lu_YoYREe7pJywXlvg","address":"Valle Del Norte 4209 Los Remtas, Remates, San Angel, 64878 Monterrey, N.L.","types":["liquor_store","grocery_store","food_store","store","food","point_of_interest","establishment"],"fuente":"places_api","fetched_at":"2026-09-24T22:41:22Z"}},{"type":"Feature","geometry":{"type":"Point","coordinates":[-100.40664439999999,25.6598652]},"properties":{"name":"Tiendas Six","kind":"six","place_id":"ChIJwdWBxJC9YoYRdfgoZyMAGI8","address":"5 de Mayo 300, Centro de, San Pedro, 66230 San Pedro Garza García, N.L.","types":["liquor_store","grocery_store","food_store","store","food","point_of_interest","establishment"],"fuente":"places_api","fetched_at":"2026-09-24T22:41:22Z"}},{"type":"Feature","geometry":{"type":"Point","coordinates":[-100.3166435,25.7967825]},"properties":{"name":"Tiendas Six","kind":"six","place_id":"ChIJww52W8eXYoYROd5kTIf7SOI","address":"Tolteca 904, Unidad Modelo, 64140 Monterrey, N.L.","types":["grocery_store","liquor_store","food_store","store","food","point_of_interest","establishment"],"fuente":"places_api","fetched_at":"2026-09-24T22:41:22Z"}},{"type":"Feature","geometry":{"type":"Point","coordinates":[-100.1384019,25.612355100000002]},"properties":{"name":"Tiendas Six","kind":"six","place_id":"ChIJwx8pvEHDYoYRO4EJWdQie-0","address":"Monte Sirio 809, Monte Kristal, 67275 Cdad. Benito Juárez, N.L.","types":["liquor_store","grocery_store","food_store","store","food","point_of_interest","establishment"],"fuente":"places_api","fetched_at":"2026-09-24T22:41:22Z"}},{"type":"Feature","geometry":{"type":"Point","coordinates":[-100.57564760000001,25.788960499999998]},"properties":{"name":"Tiendas Six","kind":"six","place_id":"ChIJwyzyj9OdYoYRkunaTSeRM38","address":"Las Villas 302, Privadas de las Villas, 66000 García, N.L.","types":["liquor_store","grocery_store","food_store","store","food","point_of_interest","establishment"],"fuente":"places_api","fetched_at":"2026-09-24T22:41:22Z"}},{"type":"Feature","geometry":{"type":"Point","coordinates":[-100.3929304,25.7556591]},"properties":{"name":"Tiendas Six","kind":"six","place_id":"ChIJx3s3QtaWYoYRH4S87-smO8Y","address":"Banco Central 5060, Plutarco Elías Calles, 64108 Monterrey, N.L.","types":["grocery_store","liquor_store","food_store","store","food","point_of_interest","establishment"],"fuente":"places_api","fetched_at":"2026-09-24T22:41:22Z"}},{"type":"Feature","geometry":{"type":"Point","coordinates":[-100.13573819999999,25.855804]},"properties":{"name":"Tiendas Six","kind":"six","place_id":"ChIJx4w1h-DvYoYREAl8mHFb7lA","address":"San Jose 125, 65776 Valle de Santa Elena, N.L.","types":["grocery_store","liquor_store","convenience_store","food_store","store","food","point_of_interest","establishment"],"fuente":"places_api","fetched_at":"2026-09-24T22:41:22Z"}},{"type":"Feature","geometry":{"type":"Point","coordinates":[-100.22639330000001,25.6560031]},"properties":{"name":"Tiendas Six","kind":"six","place_id":"ChIJx8EadkjAYoYRsNz5ZRcsIyw","address":"Escultores 353, Galerías de Camino Real 2o Sector, 67110 Guadalupe, N.L.","types":["liquor_store","grocery_store","food_store","store","food","point_of_interest","establishment"],"fuente":"places_api","fetched_at":"2026-09-24T22:41:22Z"}},{"type":"Feature","geometry":{"type":"Point","coordinates":[-100.3596702,25.7056287]},"properties":{"name":"Tiendas Six","kind":"six","place_id":"ChIJx8rApfKXYoYRbi-GqC3fDNU","address":"Calle 10, Burocratas 2613, Adolfo López Mateos, 64380 Monterrey, N.L.","types":["liquor_store","store","point_of_interest","establishment"],"fuente":"places_api","fetched_at":"2026-09-24T22:41:22Z"}},{"type":"Feature","geometry":{"type":"Point","coordinates":[-100.5868599,25.8019401]},"properties":{"name":"Tiendas Six","kind":"six","place_id":"ChIJx_-oW5ydYoYRNgNUyRj0DHM","address":"Heberto Castillo Martínez 101, San Martín, 66000 García, N.L.","types":["grocery_store","liquor_store","food_store","store","food","point_of_interest","establishment"],"fuente":"places_api","fetched_at":"2026-09-24T22:41:22Z"}},{"type":"Feature","geometry":{"type":"Point","coordinates":[-100.22530599999999,25.824768]},"properties":{"name":"Tiendas Six","kind":"six","place_id":"ChIJy-h7Tl_tYoYRKYa55V_vhVA","address":"Papagayos 259, Paseo de Santa Rosa, 64000 Cdad. Apodaca, N.L.","types":["grocery_store","liquor_store","food_store","store","food","point_of_interest","establishment"],"fuente":"places_api","fetched_at":"2026-09-24T22:41:22Z"}},{"type":"Feature","geometry":{"type":"Point","coordinates":[-100.24539999999999,25.739826899999997]},"properties":{"name":"Tiendas Six","kind":"six","place_id":"ChIJy3gCOaLrYoYRfl0DqeglEZQ","address":"Agua Marina 218, Valle del Mezquital, 66445 San Nicolás de los Garza, N.L.","types":["grocery_store","liquor_store","food_store","food","point_of_interest","store","establishment"],"fuente":"places_api","fetched_at":"2026-09-24T22:41:22Z"}},{"type":"Feature","geometry":{"type":"Point","coordinates":[-100.4630627,25.6688363]},"properties":{"name":"Tiendas Six","kind":"six","place_id":"ChIJy7UxgdOZYoYRA1opD8jRI_c","address":"Constitución 559-231, Centro, 66350 Cdad. Santa Catarina, N.L.","types":["liquor_store","grocery_store","food_store","store","food","point_of_interest","establishment"],"fuente":"places_api","fetched_at":"2026-09-24T22:41:22Z"}},{"type":"Feature","geometry":{"type":"Point","coordinates":[-100.297489,25.639964]},"properties":{"name":"Tiendas Six","kind":"six","place_id":"ChIJyWQFBlS_YoYRfmfb9ltfylg","address":"Leopoldo González Sáenz 3124, La Campana, 64760 Monterrey, N.L.","types":["liquor_store","grocery_store","food_store","store","food","point_of_interest","establishment"],"fuente":"places_api","fetched_at":"2026-09-24T22:41:22Z"}},{"type":"Feature","geometry":{"type":"Point","coordinates":[-100.1566288,25.655301599999998]},"properties":{"name":"Tiendas Six","kind":"six","place_id":"ChIJz9BgyQHDYoYRD98bVJJXaZ4","address":"Av Coahuila 238, Monte Verde, Nuevo León, 67257 Benito Juarez, N.L.","types":["liquor_store","grocery_store","food_store","store","food","point_of_interest","establishment"],"fuente":"places_api","fetched_at":"2026-09-24T22:41:22Z"}},{"type":"Feature","geometry":{"type":"Point","coordinates":[-100.3244678,25.6963856]},"properties":{"name":"Tiendas Six","kind":"six","place_id":"ChIJzR1szjSVYoYRZOYjtE1IJNk","address":"Av Bernardo Reyes 2119, Industrial, 64410 Monterrey, N.L.","types":["supermarket","grocery_store","food_store","store","food","point_of_interest","establishment"],"fuente":"places_api","fetched_at":"2026-09-24T22:41:22Z"}},{"type":"Feature","geometry":{"type":"Point","coordinates":[-100.5872,25.781810999999998]},"properties":{"name":"Tiendas Six","kind":"six","place_id":"ChIJzTOnlxadYoYRxPOM3FhYsv4","address":"Joyas De Francia 101, Joya Del Carrizal, 66012 Villa De Garcia, N.L.","types":["liquor_store","grocery_store","food_store","store","food","point_of_interest","establishment"],"fuente":"places_api","fetched_at":"2026-09-24T22:41:22Z"}},{"type":"Feature","geometry":{"type":"Point","coordinates":[-100.23470259999999,25.7136922]},"properties":{"name":"Tiendas Six","kind":"six","place_id":"ChIJzdtd62rrYoYRAlQLIWKTBTg","address":"Siderita 701, Parque la Talaverna, 66473 San Nicolás de los Garza, N.L.","types":["grocery_store","liquor_store","food_store","food","point_of_interest","store","establishment"],"fuente":"places_api","fetched_at":"2026-09-24T22:41:22Z"}},{"type":"Feature","geometry":{"type":"Point","coordinates":[-100.1521643,25.6117842]},"properties":{"name":"Tiendas Six","kind":"six","place_id":"ChIJzfgp7TjDYoYRzRFLJ8H3m8w","address":"Beta 215, Los Cometas, 67280 Benito Juarez, N.L.","types":["liquor_store","grocery_store","food_store","store","food","point_of_interest","establishment"],"fuente":"places_api","fetched_at":"2026-09-24T22:41:22Z"}},{"type":"Feature","geometry":{"type":"Point","coordinates":[-100.2289722,25.660878800000003]},"properties":{"name":"Tiendas Six 4 ojos","kind":"six","place_id":"ChIJtYQi1TnBYoYRo5ujk9ZXu64","address":"Av. Camino Real 2019, Camino Real Fovissste, 67170 Guadalupe, N.L.","types":["liquor_store","grocery_store","food_store","store","food","point_of_interest","establishment"],"fuente":"places_api","fetched_at":"2026-09-24T22:41:22Z"}},{"type":"Feature","geometry":{"type":"Point","coordinates":[-100.2684994,25.6583616]},"properties":{"name":"Tiendas Six Bangkok","kind":"six","place_id":"ChIJy6t8oF2_YoYR-4_DKKrbjkg","address":"Jose Lopez Portillo 2115, 25 De Noviembre, 67174 Guadalupe, N.L.","types":["liquor_store","grocery_store","food_store","store","food","point_of_interest","establishment"],"fuente":"places_api","fetched_at":"2026-09-24T22:41:22Z"}},{"type":"Feature","geometry":{"type":"Point","coordinates":[-100.2716502,25.659660199999998]},"properties":{"name":"Tiendas Six Huajuco","kind":"six","place_id":"ChIJT_jIupe_YoYRbCAOGfxkYnU","address":"Lic. Ramón Magaña 1100, Ancón del Huajuco, 64820 Monterrey, N.L.","types":["liquor_store","grocery_store","food_store","store","food","point_of_interest","establishment"],"fuente":"places_api","fetched_at":"2026-09-24T22:41:22Z"}},{"type":"Feature","geometry":{"type":"Point","coordinates":[-100.2968271,25.7800378]},"properties":{"name":"Tiendas Six Illinois","kind":"six","place_id":"ChIJicPsde-TYoYRGsI5oUujx9U","address":"La Represa 504, Ex, Hacienda del Cañada, 66054 Cdad. Gral. Escobedo, N.L.","types":["grocery_store","liquor_store","food_store","store","food","point_of_interest","establishment"],"fuente":"places_api","fetched_at":"2026-09-24T22:41:22Z"}},{"type":"Feature","geometry":{"type":"Point","coordinates":[-100.2486,25.753999999999998]},"properties":{"name":"Tiendas tecate Six panda","kind":"six","place_id":"ChIJjzfOdc7rYoYRCMzfnFLo_Mc","address":"Faisán 733, Aquiles Serdán, 66449 San Nicolás de los Garza, N.L.","types":["grocery_store","liquor_store","food_store","food","point_of_interest","store","establishment"],"fuente":"places_api","fetched_at":"2026-09-24T22:41:22Z"}},{"type":"Feature","geometry":{"type":"Point","coordinates":[-100.2348885,25.794279]},"properties":{"name":"Tkt Six Anacahuita","kind":"six","place_id":"ChIJddv5rJXsYoYRPCYFEs-WEEY","address":"Anacahuita 801, Los Ebanos, 66612 Cdad. Apodaca, N.L.","types":["brewery","liquor_store","manufacturer","store","service","food","point_of_interest","establishment"],"fuente":"places_api","fetched_at":"2026-09-24T22:41:22Z"}},{"type":"Feature","geometry":{"type":"Point","coordinates":[-100.25933339999999,25.672147]},"properties":{"name":"Tkt Six Barbadillo","kind":"six","place_id":"ChIJ_Z71WgfAYoYRzDQKUsnhxoA","address":"Ignacio Allende 112, Polanco, 67140 Guadalupe, N.L.","types":["grocery_store","food_store","food","point_of_interest","store","establishment"],"fuente":"places_api","fetched_at":"2026-09-24T22:41:22Z"}},{"type":"Feature","geometry":{"type":"Point","coordinates":[-100.3854212,25.7548393]},"properties":{"name":"Tkt Six Carina","kind":"six","place_id":"ChIJBTW2s9GWYoYRJBPX5Q0euY4","address":"Carina 9132, San Bernabé (Fomerrey 51), 64109 Monterrey, N.L.","types":["grocery_store","food_store","food","point_of_interest","store","establishment"],"fuente":"places_api","fetched_at":"2026-09-24T22:41:22Z"}},{"type":"Feature","geometry":{"type":"Point","coordinates":[-100.2463823,25.7970939]},"properties":{"name":"Tkt Six Estelaris","kind":"six","place_id":"ChIJ5WlJgcfsYoYRaqjeTxdsMlc","address":"Av. Estelaris #607, Misión de Fundadores, 66612 Cdad. Apodaca, N.L.","types":["liquor_store","store","point_of_interest","establishment"],"fuente":"places_api","fetched_at":"2026-09-24T22:41:22Z"}},{"type":"Feature","geometry":{"type":"Point","coordinates":[-100.1255917,25.637452099999997]},"properties":{"name":"Tkt Six Flor de Sempual","kind":"six","place_id":"ChIJHcd2hOTDYoYRTy_H9M6VY9k","address":"Hector Caballero 404, Hector Caballero, 67275 Héctor Caballero, N.L.","types":["grocery_store","food_store","store","food","point_of_interest","establishment"],"fuente":"places_api","fetched_at":"2026-09-24T22:41:22Z"}},{"type":"Feature","geometry":{"type":"Point","coordinates":[-100.3758498,25.796899099999997]},"properties":{"name":"Tkt Six Loma La Paz","kind":"six","place_id":"ChIJhwc3ThKRYoYRBhCAzAfxWoM","address":"Loma la Paz 1201, Colinas de Topo Chico, 66065 Cdad. Gral. Escobedo, N.L.","types":["liquor_store","store","point_of_interest","establishment"],"fuente":"places_api","fetched_at":"2026-09-24T22:41:22Z"}},{"type":"Feature","geometry":{"type":"Point","coordinates":[-100.2168767,25.6991795]},"properties":{"name":"Tkt Six Nueva","kind":"six","place_id":"ChIJDylmiYnqYoYR314JLq-q71Y","address":"C. Nueva 2005, Jardines de San Rafael, 67110 Guadalupe, N.L.","types":["convenience_store","food_store","food","point_of_interest","store","establishment"],"fuente":"places_api","fetched_at":"2026-09-24T22:41:22Z"}},{"type":"Feature","geometry":{"type":"Point","coordinates":[-100.1352565,25.852307800000002]},"properties":{"name":"Tkt Six Pavia","kind":"six","place_id":"ChIJLV7h4QTvYoYRXYVXBXFA0es","address":"Pavia 139, Sector San Juan, Valle de Santa Elena, 65776 Gral. Zuazua, N.L.","types":["liquor_store","store","point_of_interest","establishment"],"fuente":"places_api","fetched_at":"2026-09-24T22:41:22Z"}},{"type":"Feature","geometry":{"type":"Point","coordinates":[-100.4886475,25.6762454]},"properties":{"name":"tiendas six","kind":"six","place_id":"ChIJS3ES6YiYYoYRqRkK-vt0K4c","address":"Esq. Capitán Lucas García, Everest, Cordilleras del Virrey, 66358 Cdad. Santa Catarina, N.L.","types":["liquor_store","grocery_store","food_store","store","food","point_of_interest","establishment"],"fuente":"places_api","fetched_at":"2026-09-24T22:41:22Z"}},{"type":"Feature","geometry":{"type":"Point","coordinates":[-100.2480898,25.8642781]},"properties":{"name":"Soriana Express Campo Militar","kind":"soriana_express","place_id":"ChIJzx3nLFjtYoYROKUmeRDHDn4","address":"Carretera a Salinas Victoria #KM, 1.5, Col. 7ma Zona Campo Militar, 66610 Entronque Laredo-Salinas Victoria, N.L.","types":["supermarket","atm","hypermarket","pharmacy","grocery_store","food_store","finance","store","health","food","point_of_interest","establishment"],"fuente":"places_api","fetched_at":"2026-09-24T22:41:22Z"}},{"type":"Feature","geometry":{"type":"Point","coordinates":[-100.31940870000001,25.6861683]},"properties":{"name":"Soriana Express Colon Mty","kind":"soriana_express","place_id":"ChIJQ9Ns9ZKVYoYRwUZtukzibWE","address":"Colon Mty, Av. Francisco I. Madero 790, Centro, 64000 Monterrey, N.L.","types":["supermarket","atm","hypermarket","pharmacy","grocery_store","finance","food_store","health","food","point_of_interest","store","establishment"],"fuente":"places_api","fetched_at":"2026-09-24T22:41:22Z"}},{"type":"Feature","geometry":{"type":"Point","coordinates":[-100.45942389999999,25.667005]},"properties":{"name":"Soriana Express La Huasteca","kind":"soriana_express","place_id":"ChIJxaS4_wqYYoYRLMpxiylXoW4","address":"Esquina Miguel Hidalgo y Costilla, José María Arteaga 709, Santa Catarina, Centro, 66350 Cdad. Santa Catarina, N.L.","types":["supermarket","hypermarket","atm","pharmacy","finance","grocery_store","food_store","health","store","food","point_of_interest","establishment"],"fuente":"places_api","fetched_at":"2026-09-24T22:41:22Z"}}]}
