{"type":"FeatureCollection","name":"places_prestamos_zmm","metadata":{"fuente":"places_api","endpoint":"https://places.googleapis.com/v1/places:searchText","fetched_at":"2026-09-24T23:31:29Z","request_count":144,"unique_places":356,"counts_by_kind":{"empeno":103,"financiera":5,"prestamo":248},"filtered_out":651,"dupes_skipped":192,"excluded_anclas":0,"outside_clip":0,"errors":[],"clip_bbox":[-100.6592,25.558600000000002,-100.0526,25.872799999999998],"grid":[3,3],"queries":["Casa de empeño","Monte de Piedad","Prendamex","Empeños","Baúl de Empeños","Empeño Fácil","Financiera Independencia","ConCredito","Credilikeme","Crediclub","Préstamos personales","Prestamos"],"note":"Banco Azteca omitted — see places_anclas_zmm kind=banco","post_filtered":3},"features":[{"type":"Feature","geometry":{"type":"Point","coordinates":[-100.24520199999999,25.784711899999998]},"properties":{"name":"Apoyo Eficiente Apodaca | Préstamos por auto sin dejarlo | Empeño de auto","kind":"empeno","place_id":"ChIJXdWceijtYoYRe0XlYAyhbak","address":"Av. Concordia 1318-A, Prados de Los Pinos 2o Sector, 66612 Cdad. Apodaca, N.L.","types":["finance","store","point_of_interest","service","establishment"],"fuente":"places_api","fetched_at":"2026-09-24T23:31:29Z"}},{"type":"Feature","geometry":{"type":"Point","coordinates":[-100.3277031,25.669748]},"properties":{"name":"Apoyo Eficiente Monterrey Centro | Préstamos por autos sin dejarlos | Empeño de auto","kind":"empeno","place_id":"ChIJJf7oYB--YoYRVDfObwFv4hg","address":"Plaza comercial la Purísima, Miguel Hidalgo y Costilla 825 Pte-local 3, Centro, 64000 Monterrey, N.L.","types":["finance","consultant","store","point_of_interest","service","establishment"],"fuente":"places_api","fetched_at":"2026-09-24T23:31:29Z"}},{"type":"Feature","geometry":{"type":"Point","coordinates":[-100.26227519999999,25.711186899999998]},"properties":{"name":"Apoyo Eficiente San Nicolás | Préstamos por auto sin dejarlo | Empeño de auto","kind":"empeno","place_id":"ChIJQxOxXy6VYoYRJEyO4NCLGDQ","address":"Av. Rómulo Garza 38-Loc Exterior 1, Colonia Corral de Piedra, 66496 San Nicolás de los Garza, N.L.","types":["finance","consultant","store","point_of_interest","service","establishment"],"fuente":"places_api","fetched_at":"2026-09-24T23:31:29Z"}},{"type":"Feature","geometry":{"type":"Point","coordinates":[-100.1872085,25.7875808]},"properties":{"name":"Autoefectivo Empeño de Autos","kind":"empeno","place_id":"ChIJveMhr6XrYoYRVhKr-bKiZjE","address":"Libramiento Noroeste Km 22, Ex Comunidad Rincon de San Miguel, Nuevo Apodaca, 66085 Escobedo, N.L.","types":["finance","store","point_of_interest","service","establishment"],"fuente":"places_api","fetched_at":"2026-09-24T23:31:29Z"}},{"type":"Feature","geometry":{"type":"Point","coordinates":[-100.1466983,25.7073154]},"properties":{"name":"CASA DE EMPEÑO","kind":"empeno","place_id":"ChIJD44wNcDpYoYR7CHzTe7Ngyk","address":"Av. Orquídea, Vivienda Digna, 66647 Cdad. Apodaca, N.L.","types":["finance","store","service","point_of_interest","establishment"],"fuente":"places_api","fetched_at":"2026-09-24T23:31:29Z"}},{"type":"Feature","geometry":{"type":"Point","coordinates":[-100.2553795,25.7789656]},"properties":{"name":"CASA DE EMPEÑO","kind":"empeno","place_id":"ChIJwbJBCazsYoYRCIp0Nobl06k","address":"Prados de La Cieneguita, 66636 Cdad. Apodaca, N.L., México","types":["finance","store","point_of_interest","service","establishment"],"fuente":"places_api","fetched_at":"2026-09-24T23:31:29Z"}},{"type":"Feature","geometry":{"type":"Point","coordinates":[-100.27302069999999,25.6589438]},"properties":{"name":"CASA DE EMPEÑO PRESMEX","kind":"empeno","place_id":"ChIJ2z-ouO2_YoYRqdc4aDfiy10","address":"Av. José Alvarado 2545, Ancón del Huajuco, 64820 Monterrey, N.L.","types":["point_of_interest","establishment"],"fuente":"places_api","fetched_at":"2026-09-24T23:31:29Z"}},{"type":"Feature","geometry":{"type":"Point","coordinates":[-100.45939419999999,25.694456]},"properties":{"name":"CASA DE EMPEÑO PRESTA MAS","kind":"empeno","place_id":"ChIJrTx11ziYYoYRGXxgt_u-C24","address":"Entre Calle San Juan del Río y Calle San Martin Tuxtla, Av Perimetral Sur 312A, San Gilberto, 66369 Cdad. Santa Catarina, N.L.","types":["finance","store","service","point_of_interest","establishment"],"fuente":"places_api","fetched_at":"2026-09-24T23:31:29Z"}},{"type":"Feature","geometry":{"type":"Point","coordinates":[-100.378648,25.652674899999997]},"properties":{"name":"CaSh -CaSh COMPRA - EMPEÑO","kind":"empeno","place_id":"ChIJRS4Mspa9YoYRAe35X5zaI1E","address":"Av. José Vasconcelos 250-C, Del Valle, 66220 Monterrey, N.L.","types":["finance","store","service","point_of_interest","establishment"],"fuente":"places_api","fetched_at":"2026-09-24T23:31:29Z"}},{"type":"Feature","geometry":{"type":"Point","coordinates":[-100.2875292,25.634535]},"properties":{"name":"Casa De Empeño","kind":"empeno","place_id":"ChIJJ83WSaG_YoYRrbegos0xSwU","address":"Antiguo Camino a Villa de Santiago, Más Palomas (Valle de Santiago), 64780 Monterrey, N.L.","types":["finance","store","service","point_of_interest","establishment"],"fuente":"places_api","fetched_at":"2026-09-24T23:31:29Z"}},{"type":"Feature","geometry":{"type":"Point","coordinates":[-100.3728755,25.854523]},"properties":{"name":"Casa De Empeño","kind":"empeno","place_id":"ChIJTQXJL96RYoYRP5OUlO7OqHM","address":"66583 Buena Vista, N.L., México","types":["finance","store","service","point_of_interest","establishment"],"fuente":"places_api","fetched_at":"2026-09-24T23:31:29Z"}},{"type":"Feature","geometry":{"type":"Point","coordinates":[-100.3096307,25.8677118]},"properties":{"name":"Casa De Empeño","kind":"empeno","place_id":"ChIJab7XWoGNYoYR1Yiz4V6qPYM","address":"Av. Arco del Triunfo, 66580 Villas del Arco, N.L.","types":["point_of_interest","establishment"],"fuente":"places_api","fetched_at":"2026-09-24T23:31:29Z"}},{"type":"Feature","geometry":{"type":"Point","coordinates":[-100.5776992,25.7889117]},"properties":{"name":"Casa De Empeño","kind":"empeno","place_id":"ChIJd0r1XqydYoYRoCSD9CUd_iw","address":"P.º de Las Villas, Privadas de las Villas, 66003 García, N.L.","types":["finance","store","point_of_interest","service","establishment"],"fuente":"places_api","fetched_at":"2026-09-24T23:31:29Z"}},{"type":"Feature","geometry":{"type":"Point","coordinates":[-100.5586002,25.7912431]},"properties":{"name":"Casa De Empeño 'La Bodega'","kind":"empeno","place_id":"ChIJ7yh65VucYoYRryMOWiR679w","address":"Av. Paseo de los Leones, Hacienda del Sol, 66003 García, N.L.","types":["finance","store","point_of_interest","service","establishment"],"fuente":"places_api","fetched_at":"2026-09-24T23:31:29Z"}},{"type":"Feature","geometry":{"type":"Point","coordinates":[-100.3891285,25.7790622]},"properties":{"name":"Casa De Empeño El Cerrito","kind":"empeno","place_id":"ChIJYdg6niaRYoYRUJvW7cXgfKc","address":"Av. Cabezada 406-sec 2, Arcos del Sol, 64102 Monterrey, N.L.","types":["finance","store","point_of_interest","service","establishment"],"fuente":"places_api","fetched_at":"2026-09-24T23:31:29Z"}},{"type":"Feature","geometry":{"type":"Point","coordinates":[-100.3164192,25.852856799999998]},"properties":{"name":"Casa De Empeño Prestamo Del Norte","kind":"empeno","place_id":"ChIJp3L9e3CSYoYRSHOyQr5IqEI","address":"Av. El Jaral, Fraccionamiento El Jaral, 66580 El Jaral, N.L.","types":["finance","store","point_of_interest","service","establishment"],"fuente":"places_api","fetched_at":"2026-09-24T23:31:29Z"}},{"type":"Feature","geometry":{"type":"Point","coordinates":[-100.5948851,25.7768809]},"properties":{"name":"Casa De Empeño Prestamo Sabinas","kind":"empeno","place_id":"ChIJ6dfgb76dYoYRWjLmTsmABJc","address":"Av. P.º del Prado Mz 141-Lt 78, Urbivilla del Prado, 66004 García, N.L.","types":["finance","store","point_of_interest","service","establishment"],"fuente":"places_api","fetched_at":"2026-09-24T23:31:29Z"}},{"type":"Feature","geometry":{"type":"Point","coordinates":[-100.1231198,25.655302799999998]},"properties":{"name":"Casa de Empeño","kind":"empeno","place_id":"ChIJzU_iiljDYoYRaz9yI7xPRf8","address":"67267 Cdad. Benito Juárez, N.L.","types":["finance","store","service","point_of_interest","establishment"],"fuente":"places_api","fetched_at":"2026-09-24T23:31:29Z"}},{"type":"Feature","geometry":{"type":"Point","coordinates":[-100.5718651,25.7901343]},"properties":{"name":"Casa de Empeño \"La Silla\"","kind":"empeno","place_id":"ChIJPQabd1OcYoYRLQ2Sf-4YxLg","address":"Las Villas, 66003 García, N.L.","types":["store","point_of_interest","establishment"],"fuente":"places_api","fetched_at":"2026-09-24T23:31:29Z"}},{"type":"Feature","geometry":{"type":"Point","coordinates":[-100.1904826,25.7834687]},"properties":{"name":"Casa de Empeño EL MILAGRO","kind":"empeno","place_id":"ChIJwVsBgwzsYoYR6wfI34mrOnA","address":"Cabecera Municipal (Apodaca), Apodaca Centro, 66600 Cdad. Apodaca, N.L., México","types":["point_of_interest","establishment"],"fuente":"places_api","fetched_at":"2026-09-24T23:31:29Z"}},{"type":"Feature","geometry":{"type":"Point","coordinates":[-100.3123083,25.6847902]},"properties":{"name":"Casa de Empeño Fundación Dondé","kind":"empeno","place_id":"ChIJ9cqhv8SVYoYRE8C2VuNDWdg","address":"Calle Reforma Oriente 167, Centro, 64000 Monterrey, N.L.","types":["finance","jewelry_store","store","point_of_interest","service","establishment"],"fuente":"places_api","fetched_at":"2026-09-24T23:31:29Z"}},{"type":"Feature","geometry":{"type":"Point","coordinates":[-100.1957864,25.6603733]},"properties":{"name":"Casa de Empeño Fundación Dondé","kind":"empeno","place_id":"ChIJP54IJXnBYoYRlvridta9l3E","address":"Av. Pablo Livas 1400, Residencial Santa María, 67190 Guadalupe, N.L.","types":["finance","jewelry_store","store","point_of_interest","service","establishment"],"fuente":"places_api","fetched_at":"2026-09-24T23:31:29Z"}},{"type":"Feature","geometry":{"type":"Point","coordinates":[-100.21396279999999,25.6830002]},"properties":{"name":"Casa de Empeño GC","kind":"empeno","place_id":"ChIJW_-57X_qYoYRvXsa7Eu2dKE","address":"Entre Calle Tajin y, Avenida Adolfo López Mateos, Monterry, Cuitzeo 715, Infonavit La Joya, 67160 Guadalupe, N.L.","types":["finance","store","point_of_interest","service","establishment"],"fuente":"places_api","fetched_at":"2026-09-24T23:31:29Z"}},{"type":"Feature","geometry":{"type":"Point","coordinates":[-100.33651239999999,25.690440799999998]},"properties":{"name":"Casa de Empeño Montenegro","kind":"empeno","place_id":"ChIJz9bpE--VYoYRkxQxg5_fDkQ","address":"Artículo 123 1409, Talleres, 64480 Monterrey, N.L.","types":["finance","store","point_of_interest","service","establishment"],"fuente":"places_api","fetched_at":"2026-09-24T23:31:29Z"}},{"type":"Feature","geometry":{"type":"Point","coordinates":[-100.25286729999999,25.678786]},"properties":{"name":"Casa de Empeño Presmex","kind":"empeno","place_id":"ChIJpxgcIRDBYoYRgF9_FxsS7Po","address":"Lic. Sebastián Lerdo de Tejada 600-Loc 7, locality, 67100 Monterrey, N.L.","types":["electronics_store","store","point_of_interest","establishment"],"fuente":"places_api","fetched_at":"2026-09-24T23:31:29Z"}},{"type":"Feature","geometry":{"type":"Point","coordinates":[-100.2673382,25.6693272]},"properties":{"name":"Casa de empeño","kind":"empeno","place_id":"ChIJc2ahS_q_YoYRoHkHaWvVt-c","address":"José María Arteaga, Residencial Cerro de La Silla, 67140 Guadalupe, N.L.","types":["finance","store","point_of_interest","service","establishment"],"fuente":"places_api","fetched_at":"2026-09-24T23:31:29Z"}},{"type":"Feature","geometry":{"type":"Point","coordinates":[-100.34434139999999,25.691681600000003]},"properties":{"name":"Casa de empeño mitras centro","kind":"empeno","place_id":"ChIJt9jZ8RaVYoYRVQ61j2lGPVI","address":"Av. Simón Bolívar 1320, Mitras Centro, 64460 Monterrey, N.L.","types":["finance","store","point_of_interest","service","establishment"],"fuente":"places_api","fetched_at":"2026-09-24T23:31:29Z"}},{"type":"Feature","geometry":{"type":"Point","coordinates":[-100.3083205,25.638563299999998]},"properties":{"name":"Casas De Empeño","kind":"empeno","place_id":"ChIJ4_2cdla_YoYRF7melqESG90","address":"Río Nazas 1281, Valle del Mirador, 64750 Monterrey, N.L.","types":["finance","store","service","point_of_interest","establishment"],"fuente":"places_api","fetched_at":"2026-09-24T23:31:29Z"}},{"type":"Feature","geometry":{"type":"Point","coordinates":[-100.2902656,25.701833099999998]},"properties":{"name":"Casas De Empeño","kind":"empeno","place_id":"ChIJrUKRGROVYoYRlCMFdmO88PI","address":"Av. Félix U. Gómez 3109, Moderna, 64530 Monterrey, N.L.","types":["finance","store","point_of_interest","service","establishment"],"fuente":"places_api","fetched_at":"2026-09-24T23:31:29Z"}},{"type":"Feature","geometry":{"type":"Point","coordinates":[-100.4548054,25.6894024]},"properties":{"name":"Cash Apoyo Empeños Colosio","kind":"empeno","place_id":"ChIJl99PtPmRYoYRrDac9dbdtd8","address":"Av. Lic. Luis Donaldo Colosio Murrieta 610-Int. 17, 18, Tepeyac, 66360 Cdad. Santa Catarina, N.L.","types":["thrift_store","discount_store","finance","store","service","point_of_interest","establishment"],"fuente":"places_api","fetched_at":"2026-09-24T23:31:29Z"}},{"type":"Feature","geometry":{"type":"Point","coordinates":[-100.4313401,25.673129199999998]},"properties":{"name":"Cash Apoyo Empeños La Fama","kind":"empeno","place_id":"ChIJr9VH4lqXYoYRnJiaDjyNjLM","address":"Av. 2 de Octubre 1, Los Treviño, 66150 Cdad. Santa Catarina, N.L.","types":["thrift_store","discount_store","finance","store","service","point_of_interest","establishment"],"fuente":"places_api","fetched_at":"2026-09-24T23:31:29Z"}},{"type":"Feature","geometry":{"type":"Point","coordinates":[-100.4838248,25.683233100000002]},"properties":{"name":"Cash Apoyo Empeños La Puerta","kind":"empeno","place_id":"ChIJI0CbjcCZYoYRhkfgAMxXczo","address":"Urano 2620, Sin Nombre de Col 1, 66358 Cdad. Santa Catarina, N.L.","types":["thrift_store","discount_store","finance","store","service","point_of_interest","establishment"],"fuente":"places_api","fetched_at":"2026-09-24T23:31:29Z"}},{"type":"Feature","geometry":{"type":"Point","coordinates":[-100.0879387,25.6414756]},"properties":{"name":"Cash Apoyo Empeños Plaza Ciudadela","kind":"empeno","place_id":"ChIJBzlIkFjDYoYRwgR_x6IyqQU","address":"Teófilo Salinas Garza 101, Centro de Benito Juárez, 67250 Cdad. Benito Juárez, N.L.","types":["thrift_store","discount_store","finance","store","service","point_of_interest","establishment"],"fuente":"places_api","fetched_at":"2026-09-24T23:31:29Z"}},{"type":"Feature","geometry":{"type":"Point","coordinates":[-100.3883362,25.7770856]},"properties":{"name":"Cash Apoyo Empeños Solidaridad","kind":"empeno","place_id":"ChIJwddRx52RYoYRm0HDolo3siU","address":"Mona Lisa, Av. Luis Donaldo Colosio Murrieta 1900-Int Ts3, Barrio San Luis, 64102 Monterrey, N.L.","types":["thrift_store","discount_store","finance","store","point_of_interest","service","establishment"],"fuente":"places_api","fetched_at":"2026-09-24T23:31:29Z"}},{"type":"Feature","geometry":{"type":"Point","coordinates":[-100.3542128,25.7592987]},"properties":{"name":"Cash Apoyo Empeños Topo Chico","kind":"empeno","place_id":"ChIJU5kZeJSXYoYRY99CsSnnCpU","address":"Av. la Esperanza 6600, Libertadores de América, 64215 Monterrey, N.L.","types":["thrift_store","discount_store","finance","store","service","point_of_interest","establishment"],"fuente":"places_api","fetched_at":"2026-09-24T23:31:29Z"}},{"type":"Feature","geometry":{"type":"Point","coordinates":[-100.08811419999999,25.6413044]},"properties":{"name":"Cash Ya! Empeno 3045","kind":"empeno","place_id":"ChIJiXcDc73DYoYRfPbFXAY1bMQ","address":"Teófilo Salinas Garza #101, Centro, 67250 Cdad. Benito Juárez, N.L.","types":["finance","store","point_of_interest","service","establishment"],"fuente":"places_api","fetched_at":"2026-09-24T23:31:29Z"}},{"type":"Feature","geometry":{"type":"Point","coordinates":[-100.5958459,25.7992337]},"properties":{"name":"EMPEÑO EL FRAILE SUC. SOBREVILLA","kind":"empeno","place_id":"ChIJr6uEKwidYoYRLYbZuEITn-U","address":"Fr. Servando Teresa de Mier 107, Fray Juan Antonio de Sobrevilla, 66005 García, N.L.","types":["finance","store","point_of_interest","service","establishment"],"fuente":"places_api","fetched_at":"2026-09-24T23:31:29Z"}},{"type":"Feature","geometry":{"type":"Point","coordinates":[-100.61860310000002,25.8103844]},"properties":{"name":"EMPEÑO EL Fraile","kind":"empeno","place_id":"ChIJaUzNG2KdYoYRYCK7jFh1bjw","address":"Juárez, José Páez García, 66000 García, N.L.","types":["finance","store","point_of_interest","service","establishment"],"fuente":"places_api","fetched_at":"2026-09-24T23:31:29Z"}},{"type":"Feature","geometry":{"type":"Point","coordinates":[-100.57805239999999,25.7881395]},"properties":{"name":"EMPEÑO EL Fraile","kind":"empeno","place_id":"ChIJn95LUKydYoYRZKqdEPmHmbs","address":"Las Villas 121, Privadas de las Villas, 66003 García, N.L.","types":["finance","store","point_of_interest","service","establishment"],"fuente":"places_api","fetched_at":"2026-09-24T23:31:29Z"}},{"type":"Feature","geometry":{"type":"Point","coordinates":[-100.26668389999999,25.788541499999997]},"properties":{"name":"EMPEÑO GARANTIZADO","kind":"empeno","place_id":"ChIJVYe6vk6TYoYRnaqS1poIRxI","address":"Alcatraces 501, Valle de Las Palmas V, 66612 Cdad. Apodaca, N.L.","types":["finance","store","point_of_interest","service","establishment"],"fuente":"places_api","fetched_at":"2026-09-24T23:31:29Z"}},{"type":"Feature","geometry":{"type":"Point","coordinates":[-100.56663909999999,25.8017178]},"properties":{"name":"EMPEÑO Y BAZAR EL FRAILE SUC. SAN BLAS","kind":"empeno","place_id":"ChIJET-fPPqcYoYRWvO0FSiKaPI","address":"Av. del Hospital 219, Valle de San Blas, 66003 García, N.L.","types":["finance","point_of_interest","establishment"],"fuente":"places_api","fetched_at":"2026-09-24T23:31:29Z"}},{"type":"Feature","geometry":{"type":"Point","coordinates":[-100.1513121,25.662701199999997]},"properties":{"name":"El Cerrito Casa de Empeño","kind":"empeno","place_id":"ChIJHRogmx_DYoYRkSm1kdta55s","address":"Carr. Libre Monterrey - Reynosa #101-Loc 3, 29 de Julio, 67190 Guadalupe, N.L.","types":["finance","store","service","point_of_interest","establishment"],"fuente":"places_api","fetched_at":"2026-09-24T23:31:29Z"}},{"type":"Feature","geometry":{"type":"Point","coordinates":[-100.5730154,25.7874978]},"properties":{"name":"Empeno El Fraile","kind":"empeno","place_id":"ChIJo4ff5lKcYoYRmrQTuVFgvRY","address":"Hacienda San Pablo 100, 66003 García, N.L.","types":["finance","point_of_interest","establishment"],"fuente":"places_api","fetched_at":"2026-09-24T23:31:29Z"}},{"type":"Feature","geometry":{"type":"Point","coordinates":[-100.5834019,25.7869785]},"properties":{"name":"Empeño ''El Fraile''","kind":"empeno","place_id":"ChIJORDZq6-dYoYRgk0eHsei6BA","address":"Sierra Real, 66004 García, N.L.","types":["finance","store","point_of_interest","service","establishment"],"fuente":"places_api","fetched_at":"2026-09-24T23:31:29Z"}},{"type":"Feature","geometry":{"type":"Point","coordinates":[-100.6030804,25.8044808]},"properties":{"name":"Empeño El Fraile","kind":"empeno","place_id":"ChIJFxGMhnGdYoYR4GVBvp8Cdoc","address":"Trueno 405, Ampliación Los Nogales, 66006 García, N.L.","types":["finance","store","point_of_interest","service","establishment"],"fuente":"places_api","fetched_at":"2026-09-24T23:31:29Z"}},{"type":"Feature","geometry":{"type":"Point","coordinates":[-100.5966224,25.7948592]},"properties":{"name":"Empeño El Fraile","kind":"empeno","place_id":"ChIJR1gIB6CdYoYR641c3IYxUWY","address":"16 de Septiembre 137, Villa de los Nogales, 66004 García, N.L.","types":["finance","store","point_of_interest","service","establishment"],"fuente":"places_api","fetched_at":"2026-09-24T23:31:29Z"}},{"type":"Feature","geometry":{"type":"Point","coordinates":[-100.1871109,25.7784722]},"properties":{"name":"Empeño Fácil Apodaca","kind":"empeno","place_id":"ChIJH4NAHQrsYoYRfZhUalTIdbk","address":"Gral. Ignacio Zaragoza 403, Cabecera Municipal (Apodaca), Apodaca Centro, 66600 Cdad. Apodaca, N.L.","types":["thrift_store","discount_store","finance","store","point_of_interest","service","establishment"],"fuente":"places_api","fetched_at":"2026-09-24T23:31:29Z"}},{"type":"Feature","geometry":{"type":"Point","coordinates":[-100.2818353,25.6666295]},"properties":{"name":"Empeño Fácil Buenos Aires","kind":"empeno","place_id":"ChIJ_bYV8ue_YoYRURZnAsGmAhc","address":"Av. Chapultepec 1808, Buenos Aires, 64800 Monterrey, N.L.","types":["thrift_store","discount_store","finance","store","service","point_of_interest","establishment"],"fuente":"places_api","fetched_at":"2026-09-24T23:31:29Z"}},{"type":"Feature","geometry":{"type":"Point","coordinates":[-100.31257800000002,25.685333999999997]},"properties":{"name":"Empeño Fácil Colón","kind":"empeno","place_id":"ChIJBfZisOiVYoYR0eNvmtac1UM","address":"Av. Cristóbal Colón 168, Centro, 64000 Monterrey, N.L.","types":["thrift_store","discount_store","finance","store","service","point_of_interest","establishment"],"fuente":"places_api","fetched_at":"2026-09-24T23:31:29Z"}},{"type":"Feature","geometry":{"type":"Point","coordinates":[-100.20856500000001,25.6538393]},"properties":{"name":"Empeño Fácil Eloy Cavazos","kind":"empeno","place_id":"ChIJP4V1bTfBYoYRSmR1arJ1rlE","address":"Av Eloy Cavazos 5310, Villa Olímpica, 67183 Guadalupe, N.L.","types":["thrift_store","discount_store","finance","store","service","point_of_interest","establishment"],"fuente":"places_api","fetched_at":"2026-09-24T23:31:29Z"}},{"type":"Feature","geometry":{"type":"Point","coordinates":[-100.15651749999999,25.707856]},"properties":{"name":"Empeño Fácil Las Margaritas Nuevo León","kind":"empeno","place_id":"ChIJib2jGsPpYoYRBgS03xV5viI","address":"Av. Orquídea 936, Colonia Las Margaritas, Primer Sector, 66647 Guadalupe, N.L.","types":["thrift_store","discount_store","finance","store","point_of_interest","service","establishment"],"fuente":"places_api","fetched_at":"2026-09-24T23:31:29Z"}},{"type":"Feature","geometry":{"type":"Point","coordinates":[-100.19272749999999,25.7241197]},"properties":{"name":"Empeño Fácil Monterrey Acapulco","kind":"empeno","place_id":"ChIJ3T_kYurrYoYRoku8Cb4AbEA","address":"Blvd. Acapulco 307, Josefa Zozaya, 67110 Guadalupe, N.L.","types":["thrift_store","discount_store","finance","store","point_of_interest","service","establishment"],"fuente":"places_api","fetched_at":"2026-09-24T23:31:29Z"}},{"type":"Feature","geometry":{"type":"Point","coordinates":[-100.10027190000001,25.629125199999997]},"properties":{"name":"Empeño Fácil San Mateo","kind":"empeno","place_id":"ChIJwxBcrN7DYoYR1iFnKvCIHHE","address":"Circuito Israel 955 Col. Privada de San Mateo, Calle Gómez Morín No, 67265 Cdad. Benito Juárez, N.L.","types":["thrift_store","discount_store","finance","store","service","point_of_interest","establishment"],"fuente":"places_api","fetched_at":"2026-09-24T23:31:29Z"}},{"type":"Feature","geometry":{"type":"Point","coordinates":[-100.2645344,25.7706065]},"properties":{"name":"Empeño Fácil Sendero Norte","kind":"empeno","place_id":"ChIJbe7KKfOVYoYRRv4dgsVzpVw","address":"Av. Sendero Divisorio 445, Paseo de Las Palmas, 66635 Cdad. Apodaca, N.L.","types":["thrift_store","discount_store","finance","store","point_of_interest","service","establishment"],"fuente":"places_api","fetched_at":"2026-09-24T23:31:29Z"}},{"type":"Feature","geometry":{"type":"Point","coordinates":[-100.5685795,25.800494]},"properties":{"name":"Empeño La Nación San blas","kind":"empeno","place_id":"ChIJJw-Aax6dYoYRR-IhaKIZ5j4","address":"Plaza San Blas, Av. del Hospital 325, Valle de San Blas, 66003 García, N.L.","types":["finance","store","point_of_interest","service","establishment"],"fuente":"places_api","fetched_at":"2026-09-24T23:31:29Z"}},{"type":"Feature","geometry":{"type":"Point","coordinates":[-100.6023908,25.7985656]},"properties":{"name":"Empeño Los Nogales","kind":"empeno","place_id":"ChIJpw5rJHSdYoYR5t9eINlwVZI","address":"Palma 153, Los Nogales, 66006 García, N.L.","types":["finance","store","point_of_interest","service","establishment"],"fuente":"places_api","fetched_at":"2026-09-24T23:31:29Z"}},{"type":"Feature","geometry":{"type":"Point","coordinates":[-100.2588498,25.7824562]},"properties":{"name":"Empeño Moneylenders","kind":"empeno","place_id":"ChIJHU4nPK3sYoYRCyIlCnU69ng","address":"Av. Strauss 554, Residencial Los Robles, 66612 Cdad. Apodaca, N.L.","types":["finance","store","point_of_interest","service","establishment"],"fuente":"places_api","fetched_at":"2026-09-24T23:31:29Z"}},{"type":"Feature","geometry":{"type":"Point","coordinates":[-100.156684,25.7116096]},"properties":{"name":"Empeño Y Remate","kind":"empeno","place_id":"ChIJpbCD5JLpYoYRIkfvRxPYTA8","address":"67114, Iris 601, Las Margaritas 3ER. Sector, 66647 Cdad. Apodaca, N.L.","types":["finance","store","service","point_of_interest","establishment"],"fuente":"places_api","fetched_at":"2026-09-24T23:31:29Z"}},{"type":"Feature","geometry":{"type":"Point","coordinates":[-100.3909949,25.800550899999998]},"properties":{"name":"First Cash Empeño Y Joyeria","kind":"empeno","place_id":"ChIJSxpJDgORYoYR8JnMbXag6IY","address":"Nueva Esperanza, 66064 Cdad. Gral. Escobedo, N.L., México","types":["finance","store","point_of_interest","establishment"],"fuente":"places_api","fetched_at":"2026-09-24T23:31:29Z"}},{"type":"Feature","geometry":{"type":"Point","coordinates":[-100.1108766,25.65293]},"properties":{"name":"First Cash Empeño Y Joyeria","kind":"empeno","place_id":"ChIJn50UmOXCYoYRF8-EVob4juI","address":"Sin Nombre de Col 1, 67267 Cdad. Benito Juárez, N.L.","types":["store","point_of_interest","establishment"],"fuente":"places_api","fetched_at":"2026-09-24T23:31:29Z"}},{"type":"Feature","geometry":{"type":"Point","coordinates":[-100.57675449999999,25.782856499999998]},"properties":{"name":"First Cash Empeño y Joyeria Suc 1190","kind":"empeno","place_id":"ChIJPeX88bKdYoYR9CvF961Oaxo","address":"Avenida Hacienda del Sol, Heberto Castillo Martinez, García, N.L., 66003 García, N.L.","types":["finance","store","point_of_interest","service","establishment"],"fuente":"places_api","fetched_at":"2026-09-24T23:31:29Z"}},{"type":"Feature","geometry":{"type":"Point","coordinates":[-100.18973199999999,25.649798]},"properties":{"name":"La Silla Casa de Empeño","kind":"empeno","place_id":"ChIJG5CDdpfBYoYRdOr49Osxd6U","address":"Rincón del Tepeyac 17147, Rincón de Guadalupe, 67198 Guadalupe, N.L.","types":["finance","store","point_of_interest","service","establishment"],"fuente":"places_api","fetched_at":"2026-09-24T23:31:29Z"}},{"type":"Feature","geometry":{"type":"Point","coordinates":[-100.08431089999999,25.649807700000004]},"properties":{"name":"Montepío Casa De Empeño","kind":"empeno","place_id":"ChIJPxm4cNTCYoYRIvRhc63v3Dk","address":"Lat. Teófilo Salinas Garza Pte., Real de San José 2 Sector, 67250 Cdad. Benito Juárez, N.L.","types":["finance","store","service","point_of_interest","establishment"],"fuente":"places_api","fetched_at":"2026-09-24T23:31:29Z"}},{"type":"Feature","geometry":{"type":"Point","coordinates":[-100.3791928,25.6953735]},"properties":{"name":"Montepío Luz Saviñón I.A.P. - Empeño y Compra","kind":"empeno","place_id":"ChIJ-2NvIoGXYoYRpmETejvr_wc","address":"Anillo Periférico, Col, Villas de San Jerónimo 203, Sin Nombre de Col 72, 64630 Monterrey, N.L.","types":["finance","store","point_of_interest","service","establishment"],"fuente":"places_api","fetched_at":"2026-09-24T23:31:29Z"}},{"type":"Feature","geometry":{"type":"Point","coordinates":[-100.2756453,25.7708798]},"properties":{"name":"Montepío Luz Saviñón I.A.P. - Empeño y Compra","kind":"empeno","place_id":"ChIJ8T1C1L2VYoYRmt1ulRTlx9Q","address":"Avenida Sendero Divisorio 1001, Privadas de Anahuac Cerrada de Anáhuac residencial. CD. Gral. Escobedo, Privadas de Anáhuac, Cerrada de Anáhuac Residencial, 66410 Escobedo, N.L.","types":["finance","store","point_of_interest","service","establishment"],"fuente":"places_api","fetched_at":"2026-09-24T23:31:29Z"}},{"type":"Feature","geometry":{"type":"Point","coordinates":[-100.3138271,25.6383251]},"properties":{"name":"Montepío Luz Saviñón I.A.P. - Empeño y Compra","kind":"empeno","place_id":"ChIJ8VOfIAm_YoYR8lt-ys0Jclo","address":"Junto a Soriana, Av Lázaro Cárdenas 1000-3er piso, Valle del Mirador, 66266 Monterrey, N.L.","types":["finance","store","service","point_of_interest","establishment"],"fuente":"places_api","fetched_at":"2026-09-24T23:31:29Z"}},{"type":"Feature","geometry":{"type":"Point","coordinates":[-100.246617,25.691063999999997]},"properties":{"name":"Montepío Luz Saviñón I.A.P. - Empeño y Compra","kind":"empeno","place_id":"ChIJ94nUBbzrYoYRoX3XRGOpBAc","address":"Valdez No. 5054, Av. Miguel Alemán, Libertad, 67130 Guadalupe, N.L.","types":["finance","store","point_of_interest","service","establishment"],"fuente":"places_api","fetched_at":"2026-09-24T23:31:29Z"}},{"type":"Feature","geometry":{"type":"Point","coordinates":[-100.2278394,25.659876699999998]},"properties":{"name":"Montepío Luz Saviñón I.A.P. - Empeño y Compra","kind":"empeno","place_id":"ChIJa2L9VFPBYoYRaxxBAoLWBfs","address":"Av Eloy Cavazos 3301, Camino Real, 67170 Guadalupe, N.L.","types":["finance","store","point_of_interest","service","establishment"],"fuente":"places_api","fetched_at":"2026-09-24T23:31:29Z"}},{"type":"Feature","geometry":{"type":"Point","coordinates":[-100.3511676,25.6807195]},"properties":{"name":"Montepío Luz Saviñón I.A.P. - Empeño y Compra","kind":"empeno","place_id":"ChIJdceiDaOVYoYRzRDFH_gZcIQ","address":"Av. Dr. José Eleuterio González 315-locales A5 y A6, Jardines del Cerro, 64050 Monterrey, N.L.","types":["finance","store","point_of_interest","service","establishment"],"fuente":"places_api","fetched_at":"2026-09-24T23:31:29Z"}},{"type":"Feature","geometry":{"type":"Point","coordinates":[-100.40927669999999,25.7629356]},"properties":{"name":"Montepío Luz Saviñón I.A.P. - Empeño y Compra","kind":"empeno","place_id":"ChIJi9NV6WmRYoYRrikw-TihPI0","address":"Avenida Abraham Lincoln Poniente No. 4001. Col, Av. Puerta de Hierro, 64346 Monterrey, N.L.","types":["finance","store","point_of_interest","service","establishment"],"fuente":"places_api","fetched_at":"2026-09-24T23:31:29Z"}},{"type":"Feature","geometry":{"type":"Point","coordinates":[-100.483477,25.6819783]},"properties":{"name":"Nacional Monte de Piedad","kind":"empeno","place_id":"ChIJHdek72GYYoYRdaHQJZDIdCE","address":"Av Manuel Ordoñez 2401, Sin Nombre de Col 1, 66358 Cdad. Santa Catarina, N.L.","types":["finance","association_or_organization","store","point_of_interest","service","establishment"],"fuente":"places_api","fetched_at":"2026-09-24T23:31:29Z"}},{"type":"Feature","geometry":{"type":"Point","coordinates":[-100.4218775,25.682082899999997]},"properties":{"name":"PRESTAMO SEGURO CASA DE EMPEÑO","kind":"empeno","place_id":"ChIJjVWYJ-mXYoYReBDKCUgsfnU","address":"Manuel J. Clouthier Esquina Tlacopan S/N, Fama Dos, 66116 Cdad. Santa Catarina, N.L.","types":["finance","store","point_of_interest","service","establishment"],"fuente":"places_api","fetched_at":"2026-09-24T23:31:29Z"}},{"type":"Feature","geometry":{"type":"Point","coordinates":[-100.4605498,25.6655825]},"properties":{"name":"PRESTAMO SEGURO CASA DE EMPEÑO","kind":"empeno","place_id":"ChIJz96flgqYYoYRwdW2ZE16gw8","address":"Local 100-A-C, Los Garza Entre And. Cuajuco y Zaragoza S/N, Santa Catarina, Infonavit la Huasteca, 66354 Cdad. Santa Catarina, N.L.","types":["finance","store","service","point_of_interest","establishment"],"fuente":"places_api","fetched_at":"2026-09-24T23:31:29Z"}},{"type":"Feature","geometry":{"type":"Point","coordinates":[-100.40328799999999,25.6623065]},"properties":{"name":"Pre Star Casas De Empeño","kind":"empeno","place_id":"ChIJQzf5eHu9YoYReYNNo9JzgCI","address":"Casco Urbano, 66200 San Pedro Garza García, N.L., México","types":["store","point_of_interest","establishment"],"fuente":"places_api","fetched_at":"2026-09-24T23:31:29Z"}},{"type":"Feature","geometry":{"type":"Point","coordinates":[-100.18904490000001,25.738570799999998]},"properties":{"name":"Pre Star casa de empeño","kind":"empeno","place_id":"ChIJ6aS8EcnrYoYR7DjeH7v0p7w","address":"Av. 16 de Septiembre 81-E-81-E, Fraccionamiento, Los Alamos, 66633 Cdad. Apodaca, N.L.","types":["finance","store","point_of_interest","service","establishment"],"fuente":"places_api","fetched_at":"2026-09-24T23:31:29Z"}},{"type":"Feature","geometry":{"type":"Point","coordinates":[-100.2730935,25.7316576]},"properties":{"name":"Pre*star Casas de Empeño","kind":"empeno","place_id":"ChIJDSJxEACVYoYRwAtFFhumoj0","address":"Av. Diego Díaz de Berlanga 865, Jardines de Anáhuac, 66463 San Nicolás de los Garza, N.L.","types":["finance","store","point_of_interest","service","establishment"],"fuente":"places_api","fetched_at":"2026-09-24T23:31:29Z"}},{"type":"Feature","geometry":{"type":"Point","coordinates":[-100.23199749999999,25.732312399999998]},"properties":{"name":"Pre*star Casas de Empeño","kind":"empeno","place_id":"ChIJR964sofrYoYRGWMKnxRG-WM","address":"Palermo, Av. Casa Blanca #1600, Valle de Casa Blanca 1er Sector, 66478 San Nicolás de los Garza, N.L.","types":["finance","store","service","point_of_interest","establishment"],"fuente":"places_api","fetched_at":"2026-09-24T23:31:29Z"}},{"type":"Feature","geometry":{"type":"Point","coordinates":[-100.3529035,25.6763603]},"properties":{"name":"Pre*star Casas de Empeño","kind":"empeno","place_id":"ChIJpTfQ0iWXYoYRr4Ds1uzp1pA","address":"Av. Dr. José Eleuterio González 460, San Jerónimo, 64660 Monterrey, N.L.","types":["finance","store","point_of_interest","service","establishment"],"fuente":"places_api","fetched_at":"2026-09-24T23:31:29Z"}},{"type":"Feature","geometry":{"type":"Point","coordinates":[-100.17956129999999,25.7191406]},"properties":{"name":"Pre*star Casas de Empeño Suc. Acapulco","kind":"empeno","place_id":"ChIJV-VaZCXqYoYRlaAaSrLB55E","address":"Blvd. Acapulco 201, Fracc. las Golondrinas, 66649 Cdad. Apodaca, N.L.","types":["finance","store","point_of_interest","service","establishment"],"fuente":"places_api","fetched_at":"2026-09-24T23:31:29Z"}},{"type":"Feature","geometry":{"type":"Point","coordinates":[-100.24909219999999,25.771182500000002]},"properties":{"name":"Pre*star Casas de Empeño Suc. Apodaca 3","kind":"empeno","place_id":"ChIJQ2m0_vrrYoYROkU9PDUNL6o","address":"Cruz de San Andrés 406, Hacienda Los Pinos, 66460 Cdad. Apodaca, N.L.","types":["finance","store","point_of_interest","service","establishment"],"fuente":"places_api","fetched_at":"2026-09-24T23:31:29Z"}},{"type":"Feature","geometry":{"type":"Point","coordinates":[-100.3020189,25.661018499999997]},"properties":{"name":"Pre*star Casas de Empeño Suc. Ayutla","kind":"empeno","place_id":"ChIJNZaUVcy_YoYRgCRPcZ2UwtU","address":"Ayutla 1407, Nuevo Repueblo, 64700 Monterrey, N.L.","types":["finance","store","service","point_of_interest","establishment"],"fuente":"places_api","fetched_at":"2026-09-24T23:31:29Z"}},{"type":"Feature","geometry":{"type":"Point","coordinates":[-100.3903554,25.7283612]},"properties":{"name":"Pre*star Casas de Empeño Suc. Cumbres","kind":"empeno","place_id":"ChIJL--kAKyXYoYRNMxErubOR78","address":"Calle Alejandro de Rodas 3102-A-8vo Sector, Cumbres, 64610 Monterrey, N.L.","types":["finance","store","service","point_of_interest","establishment"],"fuente":"places_api","fetched_at":"2026-09-24T23:31:29Z"}},{"type":"Feature","geometry":{"type":"Point","coordinates":[-100.21960999999999,25.6567111]},"properties":{"name":"Pre*star Casas de Empeño Suc. Eloy Cavazos","kind":"empeno","place_id":"ChIJL_lFxJvBYoYRkBGOL-ydOdw","address":"Avenida Eloy Cavazos, Raymundo Almaguer 4060, Raymundo Almaguer, 67190 Guadalupe, N.L.","types":["finance","store","service","point_of_interest","establishment"],"fuente":"places_api","fetched_at":"2026-09-24T23:31:29Z"}},{"type":"Feature","geometry":{"type":"Point","coordinates":[-100.5952331,25.796027400000003]},"properties":{"name":"Pre*star Casas de Empeño Suc. García","kind":"empeno","place_id":"ChIJA3YRmgqdYoYRA-gi4OxxSQ4","address":"Sor Juana Inés de La Cruz 217-int 2, Villa de los Nogales, 66000 García, N.L.","types":["finance","store","point_of_interest","service","establishment"],"fuente":"places_api","fetched_at":"2026-09-24T23:31:29Z"}},{"type":"Feature","geometry":{"type":"Point","coordinates":[-100.35178769999999,25.6911988]},"properties":{"name":"Pre*star Casas de Empeño Suc. Gonzalitos","kind":"empeno","place_id":"ChIJa2w3dvSXYoYRICskVdTuWqE","address":"Av. Dr. José Eleuterio González 248, Vista Hermosa, 64620 Monterrey, N.L.","types":["finance","store","service","point_of_interest","establishment"],"fuente":"places_api","fetched_at":"2026-09-24T23:31:29Z"}},{"type":"Feature","geometry":{"type":"Point","coordinates":[-100.3054805,25.6541581]},"properties":{"name":"Pre*star Casas de Empeño Suc. Hilario","kind":"empeno","place_id":"ChIJKRNRVRW_YoYR7PCdygD9E7c","address":"Hilario Martinez 1501, Nuevo Repueblo, 64700 Monterrey, N.L.","types":["finance","store","service","point_of_interest","establishment"],"fuente":"places_api","fetched_at":"2026-09-24T23:31:29Z"}},{"type":"Feature","geometry":{"type":"Point","coordinates":[-100.18868549999999,25.6480702]},"properties":{"name":"Pre*star Casas de Empeño Suc. Jardines","kind":"empeno","place_id":"ChIJG43m01DBYoYR-xjOyc8AIUI","address":"Cam. a Jardines de La Silla 301-B, Valle de San Roque, 67190 Guadalupe, N.L.","types":["finance","store","service","point_of_interest","establishment"],"fuente":"places_api","fetched_at":"2026-09-24T23:31:29Z"}},{"type":"Feature","geometry":{"type":"Point","coordinates":[-100.4464168,25.6886263]},"properties":{"name":"Pre*star Casas de Empeño Suc. López Mateos","kind":"empeno","place_id":"ChIJQcHSnrOZYoYRQCpezmFwoFg","address":"1o. de Mayo 503-A, Infonavit Adolfo López Mateos, 66360 Cdad. Santa Catarina, N.L.","types":["finance","store","service","point_of_interest","establishment"],"fuente":"places_api","fetched_at":"2026-09-24T23:31:29Z"}},{"type":"Feature","geometry":{"type":"Point","coordinates":[-100.46333639999999,25.674075]},"properties":{"name":"Pre*star Casas de Empeño Suc. Manuel Ordoñez","kind":"empeno","place_id":"ChIJsz4VGOqZYoYRLf03SYCojFg","address":"Av Manuel Ordoñez 211, Santa Catarina, Centro, 66150 Cdad. Santa Catarina, N.L.","types":["finance","store","service","point_of_interest","establishment"],"fuente":"places_api","fetched_at":"2026-09-24T23:31:29Z"}},{"type":"Feature","geometry":{"type":"Point","coordinates":[-100.1915286,25.7180771]},"properties":{"name":"Pre*star Casas de Empeño Suc. México","kind":"empeno","place_id":"ChIJgSamGDXrYoYR5ZN_wwYdqnE","address":"Av. Mexico 128, Torres de San Miguel, 67113 Guadalupe, N.L.","types":["finance","store","service","point_of_interest","establishment"],"fuente":"places_api","fetched_at":"2026-09-24T23:31:29Z"}},{"type":"Feature","geometry":{"type":"Point","coordinates":[-100.2186115,25.6665119]},"properties":{"name":"Pre*star Casas de Empeño Suc. Pablo Livas","kind":"empeno","place_id":"ChIJh_j1eEvBYoYRmAHzQfGb-Qw","address":"Av. Pablo Livas 3933, Parques de Guadalupe, 67185 Guadalupe, N.L.","types":["finance","store","point_of_interest","service","establishment"],"fuente":"places_api","fetched_at":"2026-09-24T23:31:29Z"}},{"type":"Feature","geometry":{"type":"Point","coordinates":[-100.3570256,25.6744228]},"properties":{"name":"Pre*star Casas de Empeño Suc. San Jerónimo","kind":"empeno","place_id":"ChIJly0FSQKWYoYR72baRFaUnJo","address":"Av San Jerónimo 503, San Jerónimo, 64640 Monterrey, N.L.","types":["finance","store","service","point_of_interest","establishment"],"fuente":"places_api","fetched_at":"2026-09-24T23:31:29Z"}},{"type":"Feature","geometry":{"type":"Point","coordinates":[-100.2127447,25.6947345]},"properties":{"name":"Pre*star Casas de Empeño Suc. San Rafael","kind":"empeno","place_id":"ChIJ_3AFdy3AYoYRW03sraNyzg8","address":"Av. San Rafael 3924, Jardines de San Rafael, 67110 Guadalupe, N.L.","types":["finance","association_or_organization","store","point_of_interest","service","establishment"],"fuente":"places_api","fetched_at":"2026-09-24T23:31:29Z"}},{"type":"Feature","geometry":{"type":"Point","coordinates":[-100.20821959999999,25.683497499999998]},"properties":{"name":"Pre*star Casas de Empeño Suc. San Sebastián","kind":"empeno","place_id":"ChIJIXOWg4jrYoYRW9tMd6_gfzY","address":"Gral. Plutarco Elías Calles 912, Infonavit La Joya, 67164 Guadalupe, N.L.","types":["finance","store","point_of_interest","service","establishment"],"fuente":"places_api","fetched_at":"2026-09-24T23:31:29Z"}},{"type":"Feature","geometry":{"type":"Point","coordinates":[-100.2972222,25.7556864]},"properties":{"name":"Pre*star Casas de Empeño Suc. Universidad","kind":"empeno","place_id":"ChIJbRJz1R2VYoYRoPJTd_wfR_g","address":"Av. Universidad 312, Sin Nombre de Col 9, 66450 San Nicolás de los Garza, N.L.","types":["finance","store","service","point_of_interest","establishment"],"fuente":"places_api","fetched_at":"2026-09-24T23:31:29Z"}},{"type":"Feature","geometry":{"type":"Point","coordinates":[-100.31190649999999,25.6851629]},"properties":{"name":"Presta Presto Casa de Empeño","kind":"empeno","place_id":"ChIJYdAT64SVYoYRh-FLqKma9hQ","address":"Vicente Guerrero 1125, Centro, 64720 Monterrey, N.L.","types":["jewelry_store","finance","store","wholesaler","service","point_of_interest","establishment"],"fuente":"places_api","fetched_at":"2026-09-24T23:31:29Z"}},{"type":"Feature","geometry":{"type":"Point","coordinates":[-100.38573199999999,25.8474523]},"properties":{"name":"Prestamo Efectivo Casa De Empeño","kind":"empeno","place_id":"ChIJl-aoT9CRYoYR7c3N3DAVAvs","address":"Av. Revolución 245, Morelos, 66086 Cdad. Gral. Escobedo, N.L.","types":["finance","store","service","point_of_interest","establishment"],"fuente":"places_api","fetched_at":"2026-09-24T23:31:29Z"}},{"type":"Feature","geometry":{"type":"Point","coordinates":[-100.464826,25.7829427]},"properties":{"name":"Prestamo Seguro Casa De Empeño","kind":"empeno","place_id":"ChIJO3rr9UCaYoYRXMJA6vuSymQ","address":"Misión San Juan, 66023 Parque Industrial Cdad. Mitras, N.L., México","types":["electronics_store","store","point_of_interest","establishment"],"fuente":"places_api","fetched_at":"2026-09-24T23:31:29Z"}},{"type":"Feature","geometry":{"type":"Point","coordinates":[-100.41581479999999,25.794424100000004]},"properties":{"name":"Prestamo Seguro Casa De Empeño","kind":"empeno","place_id":"ChIJqep7Pe2QYoYRjoM5KNcyXIQ","address":"Av. La Unidad 475, Fomerrey La Unidad, La Unidad, 66064 Cdad. Gral. Escobedo, N.L.","types":["finance","store","point_of_interest","service","establishment"],"fuente":"places_api","fetched_at":"2026-09-24T23:31:29Z"}},{"type":"Feature","geometry":{"type":"Point","coordinates":[-100.283306,25.6636438]},"properties":{"name":"Prestar Casa de Empeño - Revolución","kind":"empeno","place_id":"ChIJoZVi1Aq_YoYRV8ouxmxi9uo","address":"Av. Revolución #701 cruce con, Francisco de Quevedo Col, Jardín Español, 64860 Monterrey, N.L.","types":["finance","store","service","point_of_interest","establishment"],"fuente":"places_api","fetched_at":"2026-09-24T23:31:29Z"}},{"type":"Feature","geometry":{"type":"Point","coordinates":[-100.5989848,25.7971234]},"properties":{"name":"Presto Ca$h Casa De Empeño","kind":"empeno","place_id":"ChIJ35vEPPmcYoYRsNa1khzBKl4","address":"Sor Juana Inés de La Cruz 217_int2, Villa de los Nogales, 66000 García, N.L.","types":["finance","store","point_of_interest","service","establishment"],"fuente":"places_api","fetched_at":"2026-09-24T23:31:29Z"}},{"type":"Feature","geometry":{"type":"Point","coordinates":[-100.27761860000001,25.6665299]},"properties":{"name":"REGIO EMPEÑOS ANALISIS Y COMPRA DE ORO","kind":"empeno","place_id":"ChIJ3V6bsE2_YoYRZkvXY4e3J68","address":"Av. Chapultepec 2011, El Realito, 64820 Monterrey, N.L.","types":["finance","store","point_of_interest","service","establishment"],"fuente":"places_api","fetched_at":"2026-09-24T23:31:29Z"}},{"type":"Feature","geometry":{"type":"Point","coordinates":[-100.3331592,25.792278099999997]},"properties":{"name":"Xico Prestamo Seguro Casa De Empeño","kind":"empeno","place_id":"ChIJ09uwIcKTYoYRQYwLM6QfV8s","address":"Av. Raúl Salinas Lozano 658, Quinto Centenario, 66072 Cdad. Gral. Escobedo, N.L.","types":["finance","store","point_of_interest","service","establishment"],"fuente":"places_api","fetched_at":"2026-09-24T23:31:29Z"}},{"type":"Feature","geometry":{"type":"Point","coordinates":[-100.3807011,25.7378035]},"properties":{"name":"Credi Club","kind":"financiera","place_id":"ChIJ5cfRVOiWYoYR1dHJSfH3goo","address":"Valle de Infonavit, 64350 Monterrey, N.L., México","types":["finance","point_of_interest","establishment"],"fuente":"places_api","fetched_at":"2026-09-24T23:31:29Z"}},{"type":"Feature","geometry":{"type":"Point","coordinates":[-100.3185123,25.7764503]},"properties":{"name":"Crediclub","kind":"financiera","place_id":"ChIJ1_vCBI-TYoYRmsS8mcuRGas","address":"Av. Raúl Salinas Lozano 302, Villas de Escobedo, 66056 Cdad. Gral. Escobedo, N.L.","types":["finance","point_of_interest","establishment"],"fuente":"places_api","fetched_at":"2026-09-24T23:31:29Z"}},{"type":"Feature","geometry":{"type":"Point","coordinates":[-100.31601429999999,25.707809599999997]},"properties":{"name":"Crediclub","kind":"financiera","place_id":"ChIJJ88fMqWVYoYRentqzT4os2Q","address":"Regina 407, Regina, 64290 Monterrey, N.L.","types":["bank","finance","point_of_interest","establishment"],"fuente":"places_api","fetched_at":"2026-09-24T23:31:29Z"}},{"type":"Feature","geometry":{"type":"Point","coordinates":[-100.28350019999999,25.666766]},"properties":{"name":"Crediclub Mujer activa","kind":"financiera","place_id":"ChIJvfUVGtu_YoYRnK6zSDUqGuU","address":"Av. Chapultepec 906-D, Buenos Aires, 64810 Monterrey, N.L.","types":["finance","consultant","point_of_interest","service","establishment"],"fuente":"places_api","fetched_at":"2026-09-24T23:31:29Z"}},{"type":"Feature","geometry":{"type":"Point","coordinates":[-100.35957210000001,25.6535172]},"properties":{"name":"Financiera Independencia","kind":"financiera","place_id":"ChIJDQcEcYW9YoYROPrv9iTc1xQ","address":"Calz. del Valle 400 Oriente, Del Valle, 66220 San Pedro Garza García, N.L.","types":["finance","point_of_interest","establishment"],"fuente":"places_api","fetched_at":"2026-09-24T23:31:29Z"}},{"type":"Feature","geometry":{"type":"Point","coordinates":[-100.3507166,25.6537325]},"properties":{"name":"Axionex Financiera","kind":"prestamo","place_id":"ChIJTVuqX4-9YoYR4Fd5p3SacAA","address":"Av. José Vasconcelos 195 Ote, Santa Engracia, 66267 San Pedro Garza García, N.L.","types":["finance","point_of_interest","establishment"],"fuente":"places_api","fetched_at":"2026-09-24T23:31:29Z"}},{"type":"Feature","geometry":{"type":"Point","coordinates":[-100.31767839999999,25.6821417]},"properties":{"name":"CI Crédito Personal","kind":"prestamo","place_id":"ChIJOQZiFY-VYoYRl8K8OoEyQao","address":"Av. Cuauhtémoc 716-A, Centro, 64000 Monterrey, N.L.","types":["finance","association_or_organization","point_of_interest","service","establishment"],"fuente":"places_api","fetched_at":"2026-09-24T23:31:29Z"}},{"type":"Feature","geometry":{"type":"Point","coordinates":[-100.1874575,25.776048]},"properties":{"name":"CREDITO FAMILIAR","kind":"prestamo","place_id":"ChIJ9fCK3vXrYoYRV1axrTumFJg","address":"Av. Carlos Salinas de Gortari 201, Cabecera Municipal (Apodaca), Apodaca Centro, 66600 Cdad. Apodaca, N.L.","types":["bank","finance","point_of_interest","establishment"],"fuente":"places_api","fetched_at":"2026-09-24T23:31:29Z"}},{"type":"Feature","geometry":{"type":"Point","coordinates":[-100.18868839999999,25.6581905]},"properties":{"name":"CREDITO FAMILIAR","kind":"prestamo","place_id":"ChIJP_EhnD7AYoYRnk4A5TSM_ug","address":"s-n, Av. Pablo Livas, Col. Tres Caminos, Sin Nombre de Col 67, 67190 Guadalupe, Nuevo León","types":["finance","consultant","point_of_interest","service","establishment"],"fuente":"places_api","fetched_at":"2026-09-24T23:31:29Z"}},{"type":"Feature","geometry":{"type":"Point","coordinates":[-100.37088659999999,25.6578849]},"properties":{"name":"CRÉDITO MAYOR","kind":"prestamo","place_id":"ChIJ__8PQO29YoYRx7m3_nWTSPQ","address":"4-to piso, Calz. Mauricio Fernández Garza 100, Del Valle, 66220 San Pedro Garza García, N.L.","types":["finance","point_of_interest","establishment"],"fuente":"places_api","fetched_at":"2026-09-24T23:31:29Z"}},{"type":"Feature","geometry":{"type":"Point","coordinates":[-100.2666852,25.788292499999997]},"properties":{"name":"CSN Cooperativa Financiera","kind":"prestamo","place_id":"ChIJ3-Rkvk6TYoYRm0OY01zNVW4","address":"Av las Palmas, Valle de Las Palmas V, 66612 Monterrey, N.L.","types":["finance","point_of_interest","establishment"],"fuente":"places_api","fetched_at":"2026-09-24T23:31:29Z"}},{"type":"Feature","geometry":{"type":"Point","coordinates":[-100.3194711,25.783616100000003]},"properties":{"name":"CSN Cooperativa Financiera","kind":"prestamo","place_id":"ChIJQyUmBZGTYoYRSP4DePVXUAs","address":"C. Villas de España, Roble Nuevo, 66055 Cdad. Gral. Escobedo, N.L.","types":["finance","point_of_interest","establishment"],"fuente":"places_api","fetched_at":"2026-09-24T23:31:29Z"}},{"type":"Feature","geometry":{"type":"Point","coordinates":[-100.23033319999999,25.668066699999997]},"properties":{"name":"Caja San Isidro Sociedad Cooperativa de Ahorro y Préstamo","kind":"prestamo","place_id":"ChIJJToEPjvAYoYR8jwGXANoU9c","address":"Miguel Hidalgo y Costilla 114, Centro, 26450 Zaragoza, N.L.","types":["finance","point_of_interest","establishment"],"fuente":"places_api","fetched_at":"2026-09-24T23:31:29Z"}},{"type":"Feature","geometry":{"type":"Point","coordinates":[-100.27501339999999,25.6482745]},"properties":{"name":"Club de Préstamos","kind":"prestamo","place_id":"ChIJ5bc1R5O_YoYRSJ8mqutWYcQ","address":"Av. Revolución, Contry Tesoro, 64830 Monterrey, N.L.","types":["finance","point_of_interest","establishment"],"fuente":"places_api","fetched_at":"2026-09-24T23:31:29Z"}},{"type":"Feature","geometry":{"type":"Point","coordinates":[-100.199434,25.7227367]},"properties":{"name":"Credito Si","kind":"prestamo","place_id":"ChIJ1y_EvE7qYoYRYUGb1jZ_8NQ","address":"Blvd. Acapulco 200-Loc 5, Josefa Zozaya, 67117 Monterrey, N.L.","types":["finance","point_of_interest","establishment"],"fuente":"places_api","fetched_at":"2026-09-24T23:31:29Z"}},{"type":"Feature","geometry":{"type":"Point","coordinates":[-100.5842637,25.795986000000003]},"properties":{"name":"Credito Vanguardia","kind":"prestamo","place_id":"ChIJbeshIaidYoYR1lso5Avlp8s","address":"Heberto Castillo Martínez 1350, Las Arboledas, 66000 García, N.L.","types":["bank","finance","point_of_interest","establishment"],"fuente":"places_api","fetched_at":"2026-09-24T23:31:29Z"}},{"type":"Feature","geometry":{"type":"Point","coordinates":[-100.19433269999999,25.7241036]},"properties":{"name":"Credito Vanguardia Acapulco","kind":"prestamo","place_id":"ChIJgyn7jEnqYoYR2F4ttIhbvl0","address":"Blvd. Acapulco 115, Eduardo Caballero, 67117 Guadalupe, N.L.","types":["finance","point_of_interest","establishment"],"fuente":"places_api","fetched_at":"2026-09-24T23:31:29Z"}},{"type":"Feature","geometry":{"type":"Point","coordinates":[-100.1872863,25.776101999999998]},"properties":{"name":"Credito Vanguardia Apodaca","kind":"prestamo","place_id":"ChIJQf5l2_XrYoYRN1HUeP2Lpxw","address":"Av. Carlos Salinas de Gortari 600, Cabecera Municipal (Apodaca), Apodaca Centro, 66600 Cdad. Apodaca, N.L.","types":["store","point_of_interest","establishment"],"fuente":"places_api","fetched_at":"2026-09-24T23:31:29Z"}},{"type":"Feature","geometry":{"type":"Point","coordinates":[-100.3468908,25.731257199999998]},"properties":{"name":"Credito Vanguardia Aztlan","kind":"prestamo","place_id":"ChIJyemEKiaUYoYRsffCNye_GS8","address":"Av. Solidaridad 2202, Nueva Galicia, 64160 Monterrey, N.L.","types":["finance","point_of_interest","establishment"],"fuente":"places_api","fetched_at":"2026-09-24T23:31:29Z"}},{"type":"Feature","geometry":{"type":"Point","coordinates":[-100.23967809999999,25.7848307]},"properties":{"name":"Credito Vanguardia Concordia","kind":"prestamo","place_id":"ChIJSz0Rlx7tYoYR2EIaBmpGnLU","address":"av concordia # 613 los, Ebanos IV, 66612 Cdad. Apodaca, N.L.","types":["finance","point_of_interest","establishment"],"fuente":"places_api","fetched_at":"2026-09-24T23:31:29Z"}},{"type":"Feature","geometry":{"type":"Point","coordinates":[-100.1985863,25.651239500000003]},"properties":{"name":"Credito Vanguardia Eloy Cavazos","kind":"prestamo","place_id":"ChIJb1uxmMfBYoYRW0SLXBIZjvA","address":"Av Eloy Cavazos 7010-Local 1, Plaza, México 86, 67194 Guadalupe, N.L.","types":["finance","point_of_interest","establishment"],"fuente":"places_api","fetched_at":"2026-09-24T23:31:29Z"}},{"type":"Feature","geometry":{"type":"Point","coordinates":[-100.3209038,25.785469]},"properties":{"name":"Credito Vanguardia Escobedo","kind":"prestamo","place_id":"ChIJjUrJTZGTYoYR8tdZWx5mDEg","address":"Av. Raúl Salinas Lozano 144, Colonia Felipe Carrillo, 66055 Cdad. Gral. Escobedo, N.L.","types":["finance","point_of_interest","establishment"],"fuente":"places_api","fetched_at":"2026-09-24T23:31:29Z"}},{"type":"Feature","geometry":{"type":"Point","coordinates":[-100.26000499999999,25.773863]},"properties":{"name":"Credito Vanguardia Fresnos","kind":"prestamo","place_id":"ChIJyUQktarsYoYRlpTX0DSd5GU","address":"Av. Afganistán 300, Residencial Los Robles, Apodaca, Residencial Los Robles, 66636 Monterrey, N.L.","types":["finance","point_of_interest","service","store","establishment"],"fuente":"places_api","fetched_at":"2026-09-24T23:31:29Z"}},{"type":"Feature","geometry":{"type":"Point","coordinates":[-100.2179625,25.7248615]},"properties":{"name":"Credito Vanguardia La Fe","kind":"prestamo","place_id":"ChIJlw_3Hf_qYoYRQHV39KczDg4","address":"Av. Rómulo Garza 105, Col del Lago, 66477 San Nicolás de los Garza, N.L.","types":["finance","point_of_interest","establishment"],"fuente":"places_api","fetched_at":"2026-09-24T23:31:29Z"}},{"type":"Feature","geometry":{"type":"Point","coordinates":[-100.3644642,25.7243838]},"properties":{"name":"Credito Vanguardia Lincoln","kind":"prestamo","place_id":"ChIJ6d-tzY6WYoYRsOFTvRJFoxc","address":"Av Abraham Lincoln 5003, Villa Santa Cecilia, 64150 Monterrey, N.L.","types":["consultant","finance","service","point_of_interest","establishment"],"fuente":"places_api","fetched_at":"2026-09-24T23:31:29Z"}},{"type":"Feature","geometry":{"type":"Point","coordinates":[-100.1906144,25.658335599999997]},"properties":{"name":"Credito Vanguardia Pablo Livas","kind":"prestamo","place_id":"ChIJCVkSG5XBYoYRvPMHPBfbVBw","address":"Av. Pablo Livas 7404, Colonia Santa Maria, 67202 Guadalupe, N.L.","types":["finance","store","point_of_interest","service","establishment"],"fuente":"places_api","fetched_at":"2026-09-24T23:31:29Z"}},{"type":"Feature","geometry":{"type":"Point","coordinates":[-100.49062099999999,25.788616599999997]},"properties":{"name":"Credito Vanguardia Valle de Lincoln","kind":"prestamo","place_id":"ChIJ5SlfV_ubYoYRuG8Ax_r_1KQ","address":"Nuevo Leon N.L MX, Av Abraham Lincoln 1872, Valle de Lincoln, 66026 García, N.L.","types":["finance","point_of_interest","establishment"],"fuente":"places_api","fetched_at":"2026-09-24T23:31:29Z"}},{"type":"Feature","geometry":{"type":"Point","coordinates":[-100.3883841,25.7787556]},"properties":{"name":"Crédito Sí","kind":"prestamo","place_id":"ChIJc47dUiSRYoYRtnXS6K2smpg","address":"Av. Luis Donaldo Colosio Murrieta 1900, Barrio San Luis, 64102 Monterrey, N.L.","types":["finance","point_of_interest","establishment"],"fuente":"places_api","fetched_at":"2026-09-24T23:31:29Z"}},{"type":"Feature","geometry":{"type":"Point","coordinates":[-100.1868605,25.776532200000002]},"properties":{"name":"Crédito Sí","kind":"prestamo","place_id":"ChIJpSuaDPbrYoYRjD7lB0eSiNw","address":"Av. Carlos Salinas de Gortari 101-local 3, Cabecera Municipal (Apodaca), Apodaca Centro, 66600 Monterrey, N.L.","types":["finance","point_of_interest","establishment"],"fuente":"places_api","fetched_at":"2026-09-24T23:31:29Z"}},{"type":"Feature","geometry":{"type":"Point","coordinates":[-100.3881062,25.7793502]},"properties":{"name":"Crédito Vanguardia","kind":"prestamo","place_id":"ChIJvyzCPSSRYoYRu12n5NaKQG8","address":"Barrio Acero, 64102 Monterrey, N.L., México","types":["finance","point_of_interest","establishment"],"fuente":"places_api","fetched_at":"2026-09-24T23:31:29Z"}},{"type":"Feature","geometry":{"type":"Point","coordinates":[-100.26467369999999,25.7419619]},"properties":{"name":"Crédito Vanguardia Diego Díaz","kind":"prestamo","place_id":"ChIJCf5QEsyUYoYR0HR8kpgUEX0","address":"Av. Diego Díaz de Berlanga 245, Jardines de Santo Domingo, 66468 San Nicolás de los Garza, N.L.","types":["finance","point_of_interest","establishment"],"fuente":"places_api","fetched_at":"2026-09-24T23:31:29Z"}},{"type":"Feature","geometry":{"type":"Point","coordinates":[-100.23539029999999,25.678021299999997]},"properties":{"name":"Crédito Vanguardia Exposición","kind":"prestamo","place_id":"ChIJA4PeUyDAYoYRqvAc5LXB0F0","address":"N.L N.L MX, Benito Juárez 1700-A, Exposición, 67150 Guadalupe, N.L.","types":["finance","point_of_interest","establishment"],"fuente":"places_api","fetched_at":"2026-09-24T23:31:29Z"}},{"type":"Feature","geometry":{"type":"Point","coordinates":[-100.1100637,25.6529711]},"properties":{"name":"Crédito Vanguardia Juárez","kind":"prestamo","place_id":"ChIJWwfsv-XCYoYRbi403LGo6os","address":"N.L N.L MX, El Sabinal 100 A, Col. Paseo del Sabinal, 67257 Cdad. Benito Juárez, N.L.","types":["bank","finance","point_of_interest","establishment"],"fuente":"places_api","fetched_at":"2026-09-24T23:31:29Z"}},{"type":"Feature","geometry":{"type":"Point","coordinates":[-100.3617213,25.748834499999997]},"properties":{"name":"Crédito Vanguardia San Bernabe","kind":"prestamo","place_id":"ChIJB0EPRruWYoYR_ejDNexizw8","address":"Av. Aztlán 7909, Loma Linda, 64120 Monterrey, N.L.","types":["finance","point_of_interest","establishment"],"fuente":"places_api","fetched_at":"2026-09-24T23:31:29Z"}},{"type":"Feature","geometry":{"type":"Point","coordinates":[-100.4603904,25.6741858]},"properties":{"name":"Crédito Vanguardia Santa Catarina","kind":"prestamo","place_id":"ChIJWXY1Fw2YYoYRxuphyp5oK4k","address":"Av Manuel Ordoñez, Villa de las Huertas, 66350 Cdad. Santa Catarina, N.L.","types":["finance","point_of_interest","establishment"],"fuente":"places_api","fetched_at":"2026-09-24T23:31:29Z"}},{"type":"Feature","geometry":{"type":"Point","coordinates":[-100.2670687,25.752998599999998]},"properties":{"name":"Crédito Vanguardia Santo Domingo","kind":"prestamo","place_id":"ChIJz-rK6raUYoYRyuUVl-rokcI","address":"Av. Santo Domingo 1039-4º Sector, Las Puentes 4to Sector, 66430 San Nicolás de los Garza, N.L.","types":["finance","store","point_of_interest","service","establishment"],"fuente":"places_api","fetched_at":"2026-09-24T23:31:29Z"}},{"type":"Feature","geometry":{"type":"Point","coordinates":[-100.39427459999999,25.779123199999997]},"properties":{"name":"Crédito Vanguardia Solidaridad","kind":"prestamo","place_id":"ChIJ74JSBSCRYoYRZy58CFNHR9o","address":"Av. Cabezada 1701-Local 6, Barrio Acero, 64100 Monterrey, N.L.","types":["finance","point_of_interest","establishment"],"fuente":"places_api","fetched_at":"2026-09-24T23:31:29Z"}},{"type":"Feature","geometry":{"type":"Point","coordinates":[-100.23499799999999,25.668629499999998]},"properties":{"name":"Csp Sistema De Crédito Paguitos","kind":"prestamo","place_id":"ChIJYQleMinAYoYR4qQivI3077w","address":"Av. Pablo Livas 2500, Mirador de La Silla 1er Sector, 67176 Guadalupe, N.L.","types":["finance","point_of_interest","establishment"],"fuente":"places_api","fetched_at":"2026-09-24T23:31:29Z"}},{"type":"Feature","geometry":{"type":"Point","coordinates":[-100.3439422,25.6714576]},"properties":{"name":"Deco Crédito","kind":"prestamo","place_id":"ChIJA-PYIQK-YoYRMIxPOjQQKEM","address":"Miguel Hidalgo y Costilla 2115, Obispado, 64060 Monterrey, N.L.","types":["finance","point_of_interest","establishment"],"fuente":"places_api","fetched_at":"2026-09-24T23:31:29Z"}},{"type":"Feature","geometry":{"type":"Point","coordinates":[-100.3696734,25.6573374]},"properties":{"name":"Financiera Altitud","kind":"prestamo","place_id":"ChIJu4jlCO29YoYRvaTaPNiklj0","address":"Av. Calzada Del Valle #400 Piso PH 901, Edificio III, 81 2891 1578, Del Valle, 66220 San Pedro Garza García, N.L.","types":["finance","point_of_interest","establishment"],"fuente":"places_api","fetched_at":"2026-09-24T23:31:29Z"}},{"type":"Feature","geometry":{"type":"Point","coordinates":[-100.35560339999999,25.6528983]},"properties":{"name":"Financiera Trinitas","kind":"prestamo","place_id":"ChIJZZn9Z_29YoYRdvRQN0hdSN4","address":"Avenida José Vasconcelos, Torre Vasconcelos 600 Ote-Piso 6, Valle del Campestre, 66265 San Pedro Garza García, N.L.","types":["finance","point_of_interest","establishment"],"fuente":"places_api","fetched_at":"2026-09-24T23:31:29Z"}},{"type":"Feature","geometry":{"type":"Point","coordinates":[-100.2874845,25.6344756]},"properties":{"name":"Montepío Soluciones Y Prestamos","kind":"prestamo","place_id":"ChIJv6jNSaG_YoYRCEpPkDogyGs","address":"Antiguo Camino a Villa de Santiago 2800, Sierra Ventana (Revolución Proletaria), 64770 Monterrey, N.L.","types":["finance","store","service","point_of_interest","establishment"],"fuente":"places_api","fetched_at":"2026-09-24T23:31:29Z"}},{"type":"Feature","geometry":{"type":"Point","coordinates":[-100.1895437,25.658495499999997]},"properties":{"name":"PRESTAMO 3K","kind":"prestamo","place_id":"ChIJHZdk5JTBYoYRBwCeVpdWS28","address":"Av. Pablo Livas 399, Tres Caminos 3ER Sector Poniente, 67190 Guadalupe, N.L.","types":["finance","store","point_of_interest","service","establishment"],"fuente":"places_api","fetched_at":"2026-09-24T23:31:29Z"}},{"type":"Feature","geometry":{"type":"Point","coordinates":[-100.19160769999999,25.738037499999997]},"properties":{"name":"PRESTAMO EXPRESS H CABALLERO","kind":"prestamo","place_id":"ChIJexgjv8nrYoYRkmqXPWJO83s","address":"Por Antiguo Camino A Huinala, Sayula 502, La Noria, 66633 Cdad. Apodaca, N.L.","types":["finance","store","point_of_interest","service","establishment"],"fuente":"places_api","fetched_at":"2026-09-24T23:31:29Z"}},{"type":"Feature","geometry":{"type":"Point","coordinates":[-100.28730519999999,25.702585499999998]},"properties":{"name":"PRESTAMO SEGURO","kind":"prestamo","place_id":"ChIJ0RG9mhSVYoYRXfj_f1I9zxk","address":"C. Pablo A. de La Garza 1320, la Moderna, 64530 Monterrey, N.L.","types":["finance","store","point_of_interest","service","establishment"],"fuente":"places_api","fetched_at":"2026-09-24T23:31:29Z"}},{"type":"Feature","geometry":{"type":"Point","coordinates":[-100.21909339999999,25.724567699999998]},"properties":{"name":"PRESTAMO SEGURO","kind":"prestamo","place_id":"ChIJ2ZSN6_7qYoYR4zsCMlxSlMo","address":"Av. Félix Galván 131, Col del Lago, 66477 San Nicolás de los Garza, N.L.","types":["finance","point_of_interest","service","store","establishment"],"fuente":"places_api","fetched_at":"2026-09-24T23:31:29Z"}},{"type":"Feature","geometry":{"type":"Point","coordinates":[-100.0758808,25.651897599999998]},"properties":{"name":"PRESTAMO SEGURO","kind":"prestamo","place_id":"ChIJ65WyECzdYoYRpuvoCxJ0FtM","address":"67254 Cdad. Benito Juárez, N.L.","types":["finance","store","point_of_interest","service","establishment"],"fuente":"places_api","fetched_at":"2026-09-24T23:31:29Z"}},{"type":"Feature","geometry":{"type":"Point","coordinates":[-100.44163069999999,25.690707000000003]},"properties":{"name":"PRESTAMO SEGURO","kind":"prestamo","place_id":"ChIJ9U5mOCCYYoYReZcp0pzEzrs","address":"Esquina Calle Perimetral Ote, Av. Perimetral Nte. 201, Mártires de Cananea, 66365 Cdad. Santa Catarina, N.L.","types":["finance","store","point_of_interest","service","establishment"],"fuente":"places_api","fetched_at":"2026-09-24T23:31:29Z"}},{"type":"Feature","geometry":{"type":"Point","coordinates":[-100.2062096,25.6533247]},"properties":{"name":"PRESTAMO SEGURO","kind":"prestamo","place_id":"ChIJDYvc0rDBYoYRHnXyd02wU8Q","address":"Av Eloy Cavazos 5400, Villa Olímpica, 67183 Monterrey, N.L.","types":["finance","store","point_of_interest","service","establishment"],"fuente":"places_api","fetched_at":"2026-09-24T23:31:29Z"}},{"type":"Feature","geometry":{"type":"Point","coordinates":[-100.17622399999999,25.6633063]},"properties":{"name":"PRESTAMO SEGURO","kind":"prestamo","place_id":"ChIJOwRbZPPBYoYRBnaGJ9SaPT0","address":"Av Maestro Israel Cavazos Garza 125, Residencial Valles de Guadalupe 1er Sector, 67193 Monterrey, N.L.","types":["finance","store","point_of_interest","service","establishment"],"fuente":"places_api","fetched_at":"2026-09-24T23:31:29Z"}},{"type":"Feature","geometry":{"type":"Point","coordinates":[-100.2300272,25.685612799999998]},"properties":{"name":"PRESTAMO SEGURO","kind":"prestamo","place_id":"ChIJa8BUaJzqYoYR6QDS36wivVc","address":"Av. Gral. Lázaro Cárdenas, Ignacio Zaragoza, 67163 Guadalupe, N.L.","types":["finance","point_of_interest","service","store","establishment"],"fuente":"places_api","fetched_at":"2026-09-24T23:31:29Z"}},{"type":"Feature","geometry":{"type":"Point","coordinates":[-100.348646,25.7339506]},"properties":{"name":"PRESTAMO SEGURO","kind":"prestamo","place_id":"ChIJd_ltnieUYoYR8a7zn88QI5k","address":"Av Aztlán y Las Selvas, Nueva Modelo (Fomerrey 8), 64240 Monterrey, N.L.","types":["finance","store","service","point_of_interest","establishment"],"fuente":"places_api","fetched_at":"2026-09-24T23:31:29Z"}},{"type":"Feature","geometry":{"type":"Point","coordinates":[-100.161497,25.736090100000002]},"properties":{"name":"PRESTAMO SEGURO","kind":"prestamo","place_id":"ChIJgwrLrnnpYoYRa5LQbW27pmQ","address":"Carretera a San MIguel Huinalá 120, Rincón de Huinala, 66644 Cdad. Apodaca, N.L.","types":["finance","store","point_of_interest","service","establishment"],"fuente":"places_api","fetched_at":"2026-09-24T23:31:29Z"}},{"type":"Feature","geometry":{"type":"Point","coordinates":[-100.1466828,25.7073495]},"properties":{"name":"PRESTAMO SEGURO","kind":"prestamo","place_id":"ChIJhY4oy8HpYoYRrloxwa47u9Q","address":"Ant. Cam. A Dulces Nombres 1118, Vivienda Digna, 66647 Cdad. Apodaca, N.L.","types":["finance","point_of_interest","service","store","establishment"],"fuente":"places_api","fetched_at":"2026-09-24T23:31:29Z"}},{"type":"Feature","geometry":{"type":"Point","coordinates":[-100.2647302,25.719673099999998]},"properties":{"name":"PRESTAMO SEGURO","kind":"prestamo","place_id":"ChIJr0BR9iuVYoYRfSZTGbeV8n8","address":"Av. Lic. Adolfo López Mateos #432, Lagrange, 66490 San Nicolás de los Garza, N.L.","types":["finance","store","point_of_interest","service","establishment"],"fuente":"places_api","fetched_at":"2026-09-24T23:31:29Z"}},{"type":"Feature","geometry":{"type":"Point","coordinates":[-100.3217256,25.789269200000003]},"properties":{"name":"PRESTAMO SEGURO","kind":"prestamo","place_id":"ChIJrzFneJaTYoYRjQzHHstXHS0","address":"C. Séptima 637, Praderas de Girasoles, 66056 Cdad. Gral. Escobedo, N.L.","types":["finance","point_of_interest","service","store","establishment"],"fuente":"places_api","fetched_at":"2026-09-24T23:31:29Z"}},{"type":"Feature","geometry":{"type":"Point","coordinates":[-100.1002243,25.630389899999997]},"properties":{"name":"PRESTAMO SEGURO PORTAL","kind":"prestamo","place_id":"ChIJHyc53zzDYoYRbVJW0Cr_CDI","address":"Fraccionamiento Portal de las Huertas 139, Portal de Juarez, 67266 Cdad. Benito Juárez, N.L.","types":["finance","store","point_of_interest","service","establishment"],"fuente":"places_api","fetched_at":"2026-09-24T23:31:29Z"}},{"type":"Feature","geometry":{"type":"Point","coordinates":[-100.1480429,25.644563299999998]},"properties":{"name":"PRESTAMO SEGURO SAN ROQUE","kind":"prestamo","place_id":"ChIJrbXbBPvDYoYRTIcfx-hGdUg","address":"67277, Los Reyes, 67277 Cdad. Benito Juárez, N.L.","types":["finance","store","point_of_interest","service","establishment"],"fuente":"places_api","fetched_at":"2026-09-24T23:31:29Z"}},{"type":"Feature","geometry":{"type":"Point","coordinates":[-100.253802,25.792014299999998]},"properties":{"name":"PRÉSTAMO SEGURO","kind":"prestamo","place_id":"ChIJAQBtmLbsYoYR9Z0iO9lX6wI","address":"N-3 # 185, COL, Av Metroplex 2, Metroplex II, 66612 Cdad. Apodaca, N.L.","types":["finance","store","service","point_of_interest","establishment"],"fuente":"places_api","fetched_at":"2026-09-24T23:31:29Z"}},{"type":"Feature","geometry":{"type":"Point","coordinates":[-100.38828339999999,25.777269800000003]},"properties":{"name":"PRÉSTAMO SEGURO","kind":"prestamo","place_id":"ChIJAQCMzyWRYoYR1ymsR5dNNnQ","address":"Av. Luis Donaldo Colosio Murrieta 1900-L-10/11, COL, Barrio San Luis, 64102 Monterrey, N.L.","types":["finance","point_of_interest","service","store","establishment"],"fuente":"places_api","fetched_at":"2026-09-24T23:31:29Z"}},{"type":"Feature","geometry":{"type":"Point","coordinates":[-100.2158257,25.695118299999997]},"properties":{"name":"PRÉSTAMO SEGURO","kind":"prestamo","place_id":"ChIJzyCNGIjqYoYRbXb0M-dbz18","address":"Av. San Rafael 3727, San Rafael Arcangel, 67119 Guadalupe, N.L.","types":["finance","point_of_interest","service","store","establishment"],"fuente":"places_api","fetched_at":"2026-09-24T23:31:29Z"}},{"type":"Feature","geometry":{"type":"Point","coordinates":[-100.3401976,25.712894]},"properties":{"name":"PRÉSTAMO Y CRÉDITO A LA MANO","kind":"prestamo","place_id":"ChIJty5MlNGVYoYRB-AjKtAxTZA","address":"Av. Alfonso Reyes. Exterior: 1626 Col Municipio:, Bernardo Reyes, 64280 Monterrey, N.L.","types":["finance","point_of_interest","establishment"],"fuente":"places_api","fetched_at":"2026-09-24T23:31:29Z"}},{"type":"Feature","geometry":{"type":"Point","coordinates":[-100.3675538,25.6510879]},"properties":{"name":"PRÉSTAMOS TORRE BLANCA","kind":"prestamo","place_id":"ChIJAQAwzOu9YoYR8Jn8np5B3kQ","address":"Av. José Vasconcelos 150 Sur, Del Valle, 66257 San Pedro Garza García, N.L.","types":["finance","point_of_interest","establishment"],"fuente":"places_api","fetched_at":"2026-09-24T23:31:29Z"}},{"type":"Feature","geometry":{"type":"Point","coordinates":[-100.36984,25.8059129]},"properties":{"name":"Prestamo Efectivo","kind":"prestamo","place_id":"ChIJy6vsg3SRYoYR22fufq3uUsQ","address":"Loma la Paz 608, Sta Lucia, 66065 Cdad. Gral. Escobedo, N.L.","types":["finance","point_of_interest","establishment"],"fuente":"places_api","fetched_at":"2026-09-24T23:31:29Z"}},{"type":"Feature","geometry":{"type":"Point","coordinates":[-100.1166605,25.825777]},"properties":{"name":"Prestamo Express Pesquería","kind":"prestamo","place_id":"ChIJhY6EUAbvYoYRDkTzG3jn8gs","address":"Av. Central No. 617, 66655 Colinas del Aeropuerto, N.L.","types":["jewelry_store","finance","wholesaler","store","service","point_of_interest","establishment"],"fuente":"places_api","fetched_at":"2026-09-24T23:31:29Z"}},{"type":"Feature","geometry":{"type":"Point","coordinates":[-100.15888129999999,25.7076161]},"properties":{"name":"Prestamo Express, Margaritas","kind":"prestamo","place_id":"ChIJx3fMYe3pYoYRbbYMzepX3YA","address":"Av. Orquídea 500, Las Margaritas 1er. Sector, 66647 Cdad. Apodaca, N.L.","types":["finance","jewelry_store","wholesaler","store","point_of_interest","service","establishment"],"fuente":"places_api","fetched_at":"2026-09-24T23:31:29Z"}},{"type":"Feature","geometry":{"type":"Point","coordinates":[-100.29888,25.682791599999998]},"properties":{"name":"Prestamo Feliz","kind":"prestamo","place_id":"ChIJM0O91_aVYoYR11f01vR1UF0","address":"Héroes de 47 1015, Treviño, 64570 Monterrey, N.L.","types":["shopping_mall","point_of_interest","establishment"],"fuente":"places_api","fetched_at":"2026-09-24T23:31:29Z"}},{"type":"Feature","geometry":{"type":"Point","coordinates":[-100.57597750000001,25.7821309]},"properties":{"name":"Prestamo La Nacion","kind":"prestamo","place_id":"ChIJ01QD3rKdYoYRfgzNPbIlaqE","address":"Heberto Castillo Martínez 120, Col. Hacienda Del Sol, 66000 García, N.L.","types":["finance","store","service","point_of_interest","establishment"],"fuente":"places_api","fetched_at":"2026-09-24T23:31:29Z"}},{"type":"Feature","geometry":{"type":"Point","coordinates":[-100.3683779,25.806481599999998]},"properties":{"name":"Prestamo Pedregal","kind":"prestamo","place_id":"ChIJJT_8bXSRYoYRNQX-9RQXJNQ","address":"Loma la Paz 1733, Sin Nombre de Col 8, 66062 Cdad. Gral. Escobedo, N.L.","types":["finance","store","service","point_of_interest","establishment"],"fuente":"places_api","fetched_at":"2026-09-24T23:31:29Z"}},{"type":"Feature","geometry":{"type":"Point","coordinates":[-100.1676688,25.6064145]},"properties":{"name":"Prestamo Sabinas","kind":"prestamo","place_id":"ChIJq_twVeLDYoYRFB75SxwhvCg","address":"67286 Los Rehiletes, N.L., México","types":["finance","point_of_interest","establishment"],"fuente":"places_api","fetched_at":"2026-09-24T23:31:29Z"}},{"type":"Feature","geometry":{"type":"Point","coordinates":[-100.36244699999999,25.7634986]},"properties":{"name":"Prestamo Seguro","kind":"prestamo","place_id":"ChIJC4_RlLKWYoYR7qI6fPAbwls","address":"Av. Camino Real 9260-F-15, DIF (Fomerrey 15), 64210 Monterrey, N.L.","types":["finance","store","point_of_interest","service","establishment"],"fuente":"places_api","fetched_at":"2026-09-24T23:31:29Z"}},{"type":"Feature","geometry":{"type":"Point","coordinates":[-100.2488521,25.7969266]},"properties":{"name":"Prestamo Seguro","kind":"prestamo","place_id":"ChIJF7NiAMjsYoYR3n45A47O1JM","address":"Metroplex II, 66612 Cdad. Apodaca, N.L., México","types":["finance","store","service","point_of_interest","establishment"],"fuente":"places_api","fetched_at":"2026-09-24T23:31:29Z"}},{"type":"Feature","geometry":{"type":"Point","coordinates":[-100.4572715,25.6939054]},"properties":{"name":"Prestamo Seguro","kind":"prestamo","place_id":"ChIJMRuPsj6YYoYRIH_D065w0sw","address":"Av Perimetral Sur 119A, Lomas del Poniente 1er Sector, 66369 Cdad. Santa Catarina, N.L.","types":["store","point_of_interest","establishment"],"fuente":"places_api","fetched_at":"2026-09-24T23:31:29Z"}},{"type":"Feature","geometry":{"type":"Point","coordinates":[-100.38582629999999,25.803396799999998]},"properties":{"name":"Prestamo Seguro","kind":"prestamo","place_id":"ChIJsdiAyAWRYoYR3_5ZZzFvx1Y","address":"Av Agualeguas 103, Santa Martha, 66064 Cdad. Gral. Escobedo, N.L.","types":["finance","point_of_interest","service","store","establishment"],"fuente":"places_api","fetched_at":"2026-09-24T23:31:29Z"}},{"type":"Feature","geometry":{"type":"Point","coordinates":[-100.2356619,25.794221999999998]},"properties":{"name":"Prestamo Seguro Calidad Mundial","kind":"prestamo","place_id":"ChIJKZpMpJXsYoYR1YupdYTv2Zo","address":"Calle Camino Real a Sta. Rosa 726 B, Residencial Los Ebanos Nte. 2o Sector, 66612 Cdad. Apodaca, N.L.","types":["finance","store","point_of_interest","service","establishment"],"fuente":"places_api","fetched_at":"2026-09-24T23:31:29Z"}},{"type":"Feature","geometry":{"type":"Point","coordinates":[-100.17784789999999,25.7291453]},"properties":{"name":"Prestamo Seguro Suizos","kind":"prestamo","place_id":"ChIJ7-us8SzqYoYRx2PTt-tjdog","address":"66640 Cdad. Apodaca, N.L.","types":["finance","point_of_interest","service","store","establishment"],"fuente":"places_api","fetched_at":"2026-09-24T23:31:29Z"}},{"type":"Feature","geometry":{"type":"Point","coordinates":[-100.23960550000001,25.778380199999997]},"properties":{"name":"Prestamo Seguro calidad mundial","kind":"prestamo","place_id":"ChIJQesCnhTtYoYR6cBnIw4-0MI","address":"Jarilla 753A, Los Ebanos, 66612 Cdad. Apodaca, N.L.","types":["finance","store","service","point_of_interest","establishment"],"fuente":"places_api","fetched_at":"2026-09-24T23:31:29Z"}},{"type":"Feature","geometry":{"type":"Point","coordinates":[-100.33523819999999,25.6701379]},"properties":{"name":"Prestamos Avance","kind":"prestamo","place_id":"ChIJAQDAwCW-YoYRayWsDndorso","address":"Miguel Hidalgo y Costilla 234, Maria Luisa, Jardín, 64800 Monterrey, N.L.","types":["finance","point_of_interest","establishment"],"fuente":"places_api","fetched_at":"2026-09-24T23:31:29Z"}},{"type":"Feature","geometry":{"type":"Point","coordinates":[-100.1856715,25.7771753]},"properties":{"name":"Prestamos Avance","kind":"prestamo","place_id":"ChIJFaXpIvbrYoYRUSvsQtniiz4","address":"Av. Carlos Salinas de Gortari # 195, Cabecera Municipal (Apodaca), Apodaca Centro, 66600 Cdad. Apodaca, N.L.","types":["finance","store","point_of_interest","service","establishment"],"fuente":"places_api","fetched_at":"2026-09-24T23:31:29Z"}},{"type":"Feature","geometry":{"type":"Point","coordinates":[-100.1902241,25.658167499999998]},"properties":{"name":"Prestamos El Campeón","kind":"prestamo","place_id":"ChIJq6q6BJXBYoYRATiSqaYByyo","address":"Plaza Comercial, Av. Pablo Livas 7500-Local 80, Santa María, 67170 Guadalupe, N.L.","types":["finance","point_of_interest","service","establishment"],"fuente":"places_api","fetched_at":"2026-09-24T23:31:29Z"}},{"type":"Feature","geometry":{"type":"Point","coordinates":[-100.2706547,25.7346549]},"properties":{"name":"Prestamos FYR Sucursal San Nicolas","kind":"prestamo","place_id":"ChIJw28yCCyVYoYRJwB6EA7-zsY","address":"Av. Diego Díaz de Berlanga 1017, Jardines de Anáhuac, 66463 San Nicolás de los Garza, N.L.","types":["finance","point_of_interest","establishment"],"fuente":"places_api","fetched_at":"2026-09-24T23:31:29Z"}},{"type":"Feature","geometry":{"type":"Point","coordinates":[-100.36310979999999,25.7615186]},"properties":{"name":"Prestamos Facundo","kind":"prestamo","place_id":"ChIJI9euWrKWYoYRn6zanP1QZR0","address":"C. Julio A. Roca 9238, San Bernabé I Sector, 64217 Monterrey, N.L.","types":["finance","point_of_interest","establishment"],"fuente":"places_api","fetched_at":"2026-09-24T23:31:29Z"}},{"type":"Feature","geometry":{"type":"Point","coordinates":[-100.2673372,25.669325399999998]},"properties":{"name":"Prestamos Hoy","kind":"prestamo","place_id":"ChIJUZP2Sfq_YoYRkba2Kwwh4Co","address":"Av, José María Arteaga #916, Residencial Cerro de La Silla, 67140 Guadalupe, N.L.","types":["finance","store","service","point_of_interest","establishment"],"fuente":"places_api","fetched_at":"2026-09-24T23:31:29Z"}},{"type":"Feature","geometry":{"type":"Point","coordinates":[-100.2234459,25.726398399999997]},"properties":{"name":"Prestamos La Fe","kind":"prestamo","place_id":"ChIJs2YDp_3qYoYRsZ2Y_gh1nHo","address":"Puerto Genovevo 993-5, Los Angeles 5o Sector, 66478 Monterrey, N.L.","types":["finance","store","point_of_interest","service","establishment"],"fuente":"places_api","fetched_at":"2026-09-24T23:31:29Z"}},{"type":"Feature","geometry":{"type":"Point","coordinates":[-100.5874616,25.796970899999998]},"properties":{"name":"Prestamos Lanacion","kind":"prestamo","place_id":"ChIJv0U9DQidYoYR_tt8KFd_6Ns","address":"Heberto Castillo Martínez 101-Loc 18 e, Emiliano Zapata, 66005 García, N.L.","types":["finance","store","service","point_of_interest","establishment"],"fuente":"places_api","fetched_at":"2026-09-24T23:31:29Z"}},{"type":"Feature","geometry":{"type":"Point","coordinates":[-100.3233985,25.677243299999997]},"properties":{"name":"Prestamos Personales - Mi Préstamo","kind":"prestamo","place_id":"ChIJOeUSS4qVYoYRBmOsHM3qvUw","address":"C. Aramberri 1049, Centro, 64000 Monterrey, N.L.","types":["finance","point_of_interest","establishment"],"fuente":"places_api","fetched_at":"2026-09-24T23:31:29Z"}},{"type":"Feature","geometry":{"type":"Point","coordinates":[-100.263768,25.8085451]},"properties":{"name":"Prestamos Pre Star","kind":"prestamo","place_id":"ChIJB6Hlli2TYoYROIqndKhXwtg","address":"Indulgencia 506, Sin Nombre de Col 1, Fernando Amilpa, 66612 Cdad. Gral. Escobedo, N.L.","types":["finance","store","point_of_interest","service","establishment"],"fuente":"places_api","fetched_at":"2026-09-24T23:31:29Z"}},{"type":"Feature","geometry":{"type":"Point","coordinates":[-100.31934000000001,25.7834538]},"properties":{"name":"Prestamos Relampago","kind":"prestamo","place_id":"ChIJpwz4UH6UYoYRXyMoerVOAZ4","address":"Av. Raúl Salinas Lozano 265, Roble Nuevo, 66055 Cdad. Gral. Escobedo, N.L.","types":["bank","finance","point_of_interest","service","establishment"],"fuente":"places_api","fetched_at":"2026-09-24T23:31:29Z"}},{"type":"Feature","geometry":{"type":"Point","coordinates":[-100.46013909999999,25.6741271]},"properties":{"name":"Prestamos Relámpago","kind":"prestamo","place_id":"ChIJ26B2EA2YYoYR_p2o6sOjUXg","address":"Av Manuel Ordoñez, Centro, 66350 Cdad. Santa Catarina, N.L.","types":["finance","point_of_interest","establishment"],"fuente":"places_api","fetched_at":"2026-09-24T23:31:29Z"}},{"type":"Feature","geometry":{"type":"Point","coordinates":[-100.19693799999999,25.651759000000002]},"properties":{"name":"Prestamos yes 2.0","kind":"prestamo","place_id":"ChIJIWBI1abBYoYRONyDIh30O2A","address":"Av Eloy Cavazos 7107, Santa María, 64650 Guadalupe, N.L.","types":["finance","point_of_interest","establishment"],"fuente":"places_api","fetched_at":"2026-09-24T23:31:29Z"}},{"type":"Feature","geometry":{"type":"Point","coordinates":[-100.239752,25.732529]},"properties":{"name":"Préstamo Directo Sucursal Casa Blanca","kind":"prestamo","place_id":"ChIJSbiNhiHrYoYRDL2tzEzE8II","address":"Av. Casa Blanca 528, Villas de Casa Blanca, 66475 San Nicolás de los Garza, N.L.","types":["finance","store","point_of_interest","service","establishment"],"fuente":"places_api","fetched_at":"2026-09-24T23:31:29Z"}},{"type":"Feature","geometry":{"type":"Point","coordinates":[-100.1912284,25.7327007]},"properties":{"name":"Préstamo Directo Sucursal La Noria","kind":"prestamo","place_id":"ChIJy8HQINHrYoYRPu0QjN1bMSg","address":"Av México 126, La Noria, 66633 Cdad. Apodaca, N.L.","types":["finance","point_of_interest","establishment"],"fuente":"places_api","fetched_at":"2026-09-24T23:31:29Z"}},{"type":"Feature","geometry":{"type":"Point","coordinates":[-100.3833332,25.7616546]},"properties":{"name":"Préstamo Directo Sucursal Rocas","kind":"prestamo","place_id":"ChIJD1SWY82WYoYRYw_YGYJ5txQ","address":"Ave. Las Rocas No. 9400, Esq. Prol. Aztlan, Col. Fomerrey 109, San Bernabé XV Sector, 64106 Monterrey, N.L.","types":["finance","point_of_interest","establishment"],"fuente":"places_api","fetched_at":"2026-09-24T23:31:29Z"}},{"type":"Feature","geometry":{"type":"Point","coordinates":[-100.19095999999999,25.723841999999998]},"properties":{"name":"Préstamo Express Acapulco","kind":"prestamo","place_id":"ChIJTc2UbjbqYoYR362oTToHkdc","address":"Blvd. Acapulco & Avenida Mexico, Josefa Zozaya, Arboledas del Oriente, 67117 Guadalupe, N.L.","types":["finance","jewelry_store","wholesaler","store","point_of_interest","service","establishment"],"fuente":"places_api","fetched_at":"2026-09-24T23:31:29Z"}},{"type":"Feature","geometry":{"type":"Point","coordinates":[-100.255404,25.778973]},"properties":{"name":"Préstamo Express Afganistán","kind":"prestamo","place_id":"ChIJwRFCCazsYoYRysjt9VHfXLA","address":"Av Afganistán 101, Prados de La Cieneguita, 66636 Cdad. Apodaca, N.L.","types":["jewelry_store","finance","wholesaler","point_of_interest","service","store","establishment"],"fuente":"places_api","fetched_at":"2026-09-24T23:31:29Z"}},{"type":"Feature","geometry":{"type":"Point","coordinates":[-100.2030619,25.6525765]},"properties":{"name":"Préstamo Express Albino Fuentes","kind":"prestamo","place_id":"ChIJ0-1tEbrBYoYRtoM67q7WFak","address":"esq., Av Eloy Cavazos, De La Garza Melo, 67182 Guadalupe, N.L.","types":["finance","jewelry_store","wholesaler","store","point_of_interest","service","establishment"],"fuente":"places_api","fetched_at":"2026-09-24T23:31:29Z"}},{"type":"Feature","geometry":{"type":"Point","coordinates":[-100.314244,25.799963599999998]},"properties":{"name":"Préstamo Express Amistad","kind":"prestamo","place_id":"ChIJnRx1lryTYoYR_Ac_BvIctdo","address":"P.º de la Amistad 322-L-6, Infonavit Montetreal, 66056 Cdad. Gral. Escobedo, N.L.","types":["jewelry_store","finance","wholesaler","point_of_interest","service","store","establishment"],"fuente":"places_api","fetched_at":"2026-09-24T23:31:29Z"}},{"type":"Feature","geometry":{"type":"Point","coordinates":[-100.3151211,25.676159799999997]},"properties":{"name":"Préstamo Express Aramberri","kind":"prestamo","place_id":"ChIJQddPAW6VYoYR7vcHkyu24GA","address":"C. Aramberri 114, Centro, 64000 Monterrey, N.L.","types":["finance","store","service","point_of_interest","establishment"],"fuente":"places_api","fetched_at":"2026-09-24T23:31:29Z"}},{"type":"Feature","geometry":{"type":"Point","coordinates":[-100.18938899999999,25.647897]},"properties":{"name":"Préstamo Express Avenida México","kind":"prestamo","place_id":"ChIJn--Fz5nBYoYRRE8h6LEaLn8","address":"Guadalupe Fracc-1 Y 2, Valle de San Roque, 67190 Guadalupe, N.L.","types":["finance","jewelry_store","wholesaler","store","point_of_interest","service","establishment"],"fuente":"places_api","fetched_at":"2026-09-24T23:31:29Z"}},{"type":"Feature","geometry":{"type":"Point","coordinates":[-100.2436645,25.681370400000002]},"properties":{"name":"Préstamo Express Azteca","kind":"prestamo","place_id":"ChIJJaRWSKfqYoYRv-VvEfAnGKQ","address":"Av Azteca 225, Azteca, 67150 Guadalupe, N.L.","types":["finance","jewelry_store","wholesaler","store","point_of_interest","service","establishment"],"fuente":"places_api","fetched_at":"2026-09-24T23:31:29Z"}},{"type":"Feature","geometry":{"type":"Point","coordinates":[-100.34920729999999,25.735500899999998]},"properties":{"name":"Préstamo Express Aztlán","kind":"prestamo","place_id":"ChIJNxKcXSeUYoYRJtV-ZX884x4","address":"Av. Aztlán 6823, MOCTEZUMA, 64240 Monterrey, N.L.","types":["jewelry_store","finance","wholesaler","store","service","point_of_interest","establishment"],"fuente":"places_api","fetched_at":"2026-09-24T23:31:29Z"}},{"type":"Feature","geometry":{"type":"Point","coordinates":[-100.38176759999999,25.762639699999998]},"properties":{"name":"Préstamo Express Aztlán del Norte","kind":"prestamo","place_id":"ChIJCddrPM2WYoYRVBYUv6JE8Fo","address":"Solidaridad #701 esq, C. Alboqueron, San Bernabé, 66449 Monterrey, N.L.","types":["jewelry_store","finance","wholesaler","store","service","point_of_interest","establishment"],"fuente":"places_api","fetched_at":"2026-09-24T23:31:29Z"}},{"type":"Feature","geometry":{"type":"Point","coordinates":[-100.379774,25.791642]},"properties":{"name":"Préstamo Express Camino Real","kind":"prestamo","place_id":"ChIJed_CQxCRYoYRFWQMNlapPcE","address":"Av. Camino Real 2140 Esq, Florentino Lara, Fomerrey 35, 64209 Monterrey, N.L.","types":["finance","jewelry_store","wholesaler","store","point_of_interest","service","establishment"],"fuente":"places_api","fetched_at":"2026-09-24T23:31:29Z"}},{"type":"Feature","geometry":{"type":"Point","coordinates":[-100.23934539999999,25.7328188]},"properties":{"name":"Préstamo Express Casa Blanca","kind":"prestamo","place_id":"ChIJwSSF6cjrYoYRPYjkd7z5kRs","address":"Av. Casa Blanca 601, Jardines de Casa Blanca 1er Sector, 66475 San Nicolás de los Garza, N.L.","types":["finance","store","point_of_interest","service","establishment"],"fuente":"places_api","fetched_at":"2026-09-24T23:31:29Z"}},{"type":"Feature","geometry":{"type":"Point","coordinates":[-100.277979,25.666536999999998]},"properties":{"name":"Préstamo Express Chapultepec","kind":"prestamo","place_id":"ChIJM861Gea_YoYRrskTtFN-V50","address":"Av. Chapultepec 2003 B, Buenos Aires, 64800 Monterrey, N.L.","types":["finance","jewelry_store","wholesaler","store","point_of_interest","service","establishment"],"fuente":"places_api","fetched_at":"2026-09-24T23:31:29Z"}},{"type":"Feature","geometry":{"type":"Point","coordinates":[-100.4292192,25.6834644]},"properties":{"name":"Préstamo Express Clouthier","kind":"prestamo","place_id":"ChIJ40xo7_GXYoYRwEshhnh69LY","address":"Av. Manuel Jesus Clouthier #201, Fomerrey 2, 66139 Cdad. Santa Catarina, N.L.","types":["jewelry_store","finance","wholesaler","store","service","point_of_interest","establishment"],"fuente":"places_api","fetched_at":"2026-09-24T23:31:29Z"}},{"type":"Feature","geometry":{"type":"Point","coordinates":[-100.45814419999999,25.6929968]},"properties":{"name":"Préstamo Express Colosio","kind":"prestamo","place_id":"ChIJFVEuxz6YYoYRE7vIUXqi37c","address":"Av. Lic. Luis Donaldo Colosio Murrieta 1206, Lomas del Poniente 1er Sector, 66369 Monterrey, N.L.","types":["jewelry_store","finance","wholesaler","point_of_interest","service","store","establishment"],"fuente":"places_api","fetched_at":"2026-09-24T23:31:29Z"}},{"type":"Feature","geometry":{"type":"Point","coordinates":[-100.31236700000001,25.685335900000002]},"properties":{"name":"Préstamo Express Colón","kind":"prestamo","place_id":"ChIJ45TGwYSVYoYR22Qy3NLaHZ4","address":"Av. Cristóbal Colón 198, Centro, 64000 Monterrey, N.L.","types":["jewelry_store","finance","wholesaler","store","service","point_of_interest","establishment"],"fuente":"places_api","fetched_at":"2026-09-24T23:31:29Z"}},{"type":"Feature","geometry":{"type":"Point","coordinates":[-100.3168309,25.684619299999998]},"properties":{"name":"Préstamo Express Cuauhtémoc","kind":"prestamo","place_id":"ChIJg1o0kI-VYoYR9BaOAtRqm3c","address":"Av. Cuauhtémoc 1025, Centro, 64720 Monterrey, N.L.","types":["finance","jewelry_store","wholesaler","store","point_of_interest","service","establishment"],"fuente":"places_api","fetched_at":"2026-09-24T23:31:29Z"}},{"type":"Feature","geometry":{"type":"Point","coordinates":[-100.25925500000001,25.746544]},"properties":{"name":"Préstamo Express Diego Díaz de Berlanga","kind":"prestamo","place_id":"ChIJ51XiJTXrYoYRhUuCSPkpWco","address":"Avenida Diego Díaz de Berlanga, Luis Malo &, Santo Domingo, 66447 San Nicolás de los Garza, N.L.","types":["finance","jewelry_store","wholesaler","store","point_of_interest","service","establishment"],"fuente":"places_api","fetched_at":"2026-09-24T23:31:29Z"}},{"type":"Feature","geometry":{"type":"Point","coordinates":[-100.1111098,25.6528171]},"properties":{"name":"Préstamo Express El Sabinal","kind":"prestamo","place_id":"ChIJbSJWn17DYoYRNFgUfBpXZPM","address":"Carretera Reynosa, El Sabinal No. 154, Sin Nombre de Col 1, 67257 Cdad. Benito Juárez, N.L.","types":["finance","store","point_of_interest","service","establishment"],"fuente":"places_api","fetched_at":"2026-09-24T23:31:29Z"}},{"type":"Feature","geometry":{"type":"Point","coordinates":[-100.38567959999999,25.778900099999998]},"properties":{"name":"Préstamo Express El triunfo","kind":"prestamo","place_id":"ChIJfd7J-iSRYoYRcLCWjihhIsg","address":"González Camarena 707, Barrio La Moderna, 64102 Monterrey, N.L.","types":["jewelry_store","finance","wholesaler","point_of_interest","service","store","establishment"],"fuente":"places_api","fetched_at":"2026-09-24T23:31:29Z"}},{"type":"Feature","geometry":{"type":"Point","coordinates":[-100.21882099999999,25.656588]},"properties":{"name":"Préstamo Express Eloy Cavazos","kind":"prestamo","place_id":"ChIJHXheI7TBYoYR5Bhhwc7iYPs","address":"Av Eloy Cavazos 4200-A, esq. Gardenia 23, de Noviembre, 67182 Guadalupe, N.L.","types":["finance","jewelry_store","wholesaler","store","point_of_interest","service","establishment"],"fuente":"places_api","fetched_at":"2026-09-24T23:31:29Z"}},{"type":"Feature","geometry":{"type":"Point","coordinates":[-100.24618129999999,25.797463]},"properties":{"name":"Préstamo Express Estelaris","kind":"prestamo","place_id":"ChIJ46cKg8fsYoYRYVjyngElQS0","address":"San Andres 601, Valle de San Andrés, 66612 Cdad. Apodaca, N.L.","types":["finance","jewelry_store","wholesaler","store","point_of_interest","service","establishment"],"fuente":"places_api","fetched_at":"2026-09-24T23:31:29Z"}},{"type":"Feature","geometry":{"type":"Point","coordinates":[-100.5921328,25.795608299999998]},"properties":{"name":"Préstamo Express García","kind":"prestamo","place_id":"ChIJwT5TAgqdYoYR27bSh2Ng4jw","address":"Sor Juana Inés de La Cruz NO.554, Paseo del Nogal, 66004 García, N.L.","types":["finance","jewelry_store","wholesaler","store","point_of_interest","service","establishment"],"fuente":"places_api","fetched_at":"2026-09-24T23:31:29Z"}},{"type":"Feature","geometry":{"type":"Point","coordinates":[-100.16173400000001,25.73778]},"properties":{"name":"Préstamo Express Huinalá","kind":"prestamo","place_id":"ChIJnSBAg3npYoYRA_ELqv434KM","address":"Sta. Engracia 154, Santa Monica, 66644 Guadalupe, N.L.","types":["finance","jewelry_store","wholesaler","store","point_of_interest","service","establishment"],"fuente":"places_api","fetched_at":"2026-09-24T23:31:29Z"}},{"type":"Feature","geometry":{"type":"Point","coordinates":[-100.31467099999999,25.658666999999998]},"properties":{"name":"Préstamo Express Independencia","kind":"prestamo","place_id":"ChIJSepvvzC-YoYRvNolA9oYntk","address":"Guanajuato 44, Independencia, 64720 Monterrey, N.L.","types":["jewelry_store","finance","store","wholesaler","service","point_of_interest","establishment"],"fuente":"places_api","fetched_at":"2026-09-24T23:31:29Z"}},{"type":"Feature","geometry":{"type":"Point","coordinates":[-100.27330239999999,25.7313132]},"properties":{"name":"Préstamo Express Jardines de Anahuac","kind":"prestamo","place_id":"ChIJbV5nGmSVYoYRW5MNTge0E8s","address":"Av. Diego Díaz de Berlanga 841, Jardines de Anáhuac, 66436 San Nicolás de los Garza, N.L.","types":["finance","store","service","point_of_interest","establishment"],"fuente":"places_api","fetched_at":"2026-09-24T23:31:29Z"}},{"type":"Feature","geometry":{"type":"Point","coordinates":[-100.26120139999999,25.809103699999998]},"properties":{"name":"Préstamo Express Jardines de Monterrey","kind":"prestamo","place_id":"ChIJ5aT-QC2TYoYRik2uN595KA8","address":"Lic. Adolfo Lopez Mateos 327 Esq. Jardines del Pino, Fracc. Jardines de Monterrey, Jardines de Monterrey II, 66613 Cdad. Apodaca, N.L.","types":["finance","jewelry_store","wholesaler","store","point_of_interest","service","establishment"],"fuente":"places_api","fetched_at":"2026-09-24T23:31:29Z"}},{"type":"Feature","geometry":{"type":"Point","coordinates":[-100.18716719999999,25.637539399999998]},"properties":{"name":"Préstamo Express Jardines de la Silla","kind":"prestamo","place_id":"ChIJmeh_B57BYoYR4ZA4Lc2jjyE","address":"Zapotlanejo 200, Tierra Propia 2o Sector, 67190 Guadalupe, N.L.","types":["finance","jewelry_store","wholesaler","store","point_of_interest","service","establishment"],"fuente":"places_api","fetched_at":"2026-09-24T23:31:29Z"}},{"type":"Feature","geometry":{"type":"Point","coordinates":[-100.3385229,25.652512299999998]},"properties":{"name":"Préstamo Express Joyería y Relojería - Préstamo Express Plaza Fiesta San Agustín","kind":"prestamo","place_id":"ChIJmd7IfA2-YoYRQALd3NqRR1U","address":"Av. Real San Agustin, San Agustín 222, Campestre, 66260 San Pedro Garza García, N.L.","types":["jewelry_store","finance","store","wholesaler","service","point_of_interest","establishment"],"fuente":"places_api","fetched_at":"2026-09-24T23:31:29Z"}},{"type":"Feature","geometry":{"type":"Point","coordinates":[-100.3153715,25.671204]},"properties":{"name":"Préstamo Express Juan Ignacio Ramón","kind":"prestamo","place_id":"ChIJiZFJkCi-YoYR_VbksV3lsXk","address":"Benito Juárez 552, Centro, 64000 Monterrey, N.L.","types":["jewelry_store","finance","wholesaler","store","service","point_of_interest","establishment"],"fuente":"places_api","fetched_at":"2026-09-24T23:31:29Z"}},{"type":"Feature","geometry":{"type":"Point","coordinates":[-100.3153325,25.670799499999998]},"properties":{"name":"Préstamo Express Juárez Tienda de Remate","kind":"prestamo","place_id":"ChIJu3Itlyi-YoYRFpEUNkKyd8M","address":"Av. Benito Juárez 570, entre Allende y Juan I. Ramón, Centro, 64000 Monterrey, N.L.","types":["jewelry_store","finance","wholesaler","store","service","point_of_interest","establishment"],"fuente":"places_api","fetched_at":"2026-09-24T23:31:29Z"}},{"type":"Feature","geometry":{"type":"Point","coordinates":[-100.21670549999999,25.7235135]},"properties":{"name":"Préstamo Express La Fe","kind":"prestamo","place_id":"ChIJlzbROv_qYoYRoZkI59IJAwY","address":"Centro Comercial La Fe - L-B23, Av. Félix Galván 1000, Sin Nombre de Col 34, 66477 San Nicolás de los Garza, N.L.","types":["finance","jewelry_store","wholesaler","store","point_of_interest","service","establishment"],"fuente":"places_api","fetched_at":"2026-09-24T23:31:29Z"}},{"type":"Feature","geometry":{"type":"Point","coordinates":[-100.2874423,25.698102499999997]},"properties":{"name":"Préstamo Express La Moderna","kind":"prestamo","place_id":"ChIJf7SVemuVYoYR-gEo7KvW9sM","address":"Esq, C. Pablo A. de La Garza La, Moderna, 64530 Monterrey, N.L.","types":["jewelry_store","finance","wholesaler","store","service","point_of_interest","establishment"],"fuente":"places_api","fetched_at":"2026-09-24T23:31:29Z"}},{"type":"Feature","geometry":{"type":"Point","coordinates":[-100.2096838,25.6547807]},"properties":{"name":"Préstamo Express La Playa","kind":"prestamo","place_id":"ChIJvZ_MI7TBYoYRAba4yH0jhv0","address":"Av Eloy Cavazos 5251, La Playa, 67170 Guadalupe, N.L.","types":["finance","jewelry_store","wholesaler","store","point_of_interest","service","establishment"],"fuente":"places_api","fetched_at":"2026-09-24T23:31:29Z"}},{"type":"Feature","geometry":{"type":"Point","coordinates":[-100.481043,25.6792034]},"properties":{"name":"Préstamo Express La Puerta","kind":"prestamo","place_id":"ChIJuzPm3KjqYoYRaPQBfpXkQig","address":"Av Manuel Ordoñez 2223-Loc 1, Puerta del Sol, 66358 Cdad. Santa Catarina, N.L.","types":["jewelry_store","finance","wholesaler","point_of_interest","service","store","establishment"],"fuente":"places_api","fetched_at":"2026-09-24T23:31:29Z"}},{"type":"Feature","geometry":{"type":"Point","coordinates":[-100.4157546,25.7941632]},"properties":{"name":"Préstamo Express La Unidad","kind":"prestamo","place_id":"ChIJ67kaF-2QYoYR5FHbXoLQTy4","address":"Av. La Unidad # 501 esq Union Unit Col. Unity, La Unidad, 66064 Cdad. Gral. Escobedo, N.L.","types":["finance","jewelry_store","wholesaler","store","point_of_interest","service","establishment"],"fuente":"places_api","fetched_at":"2026-09-24T23:31:29Z"}},{"type":"Feature","geometry":{"type":"Point","coordinates":[-100.1330242,25.757921099999997]},"properties":{"name":"Préstamo Express Las Flores","kind":"prestamo","place_id":"ChIJU0bHnhjpYoYRMtrit7DbIZY","address":"Avenida 2297, Del Colector 2297, Paseo de las Flores, 66600 Cdad. Apodaca, N.L.","types":["finance","jewelry_store","wholesaler","store","point_of_interest","service","establishment"],"fuente":"places_api","fetched_at":"2026-09-24T23:31:29Z"}},{"type":"Feature","geometry":{"type":"Point","coordinates":[-100.3786999,25.7577684]},"properties":{"name":"Préstamo Express Las Rocas","kind":"prestamo","place_id":"ChIJrVizkpaXYoYRMQh79sC4nUQ","address":"Av. las Rocas 6141, San Bernabé, 64217 Monterrey, N.L.","types":["finance","store","service","point_of_interest","establishment"],"fuente":"places_api","fetched_at":"2026-09-24T23:31:29Z"}},{"type":"Feature","geometry":{"type":"Point","coordinates":[-100.3601003,25.8080748]},"properties":{"name":"Préstamo Express Las Torres","kind":"prestamo","place_id":"ChIJtYadw3mRYoYRpdiB-ULhhDo","address":"Av. las Torres 1012, Pedregal del Topo Chico, 66061 Cdad. Gral. Escobedo, N.L.","types":["jewelry_store","finance","wholesaler","point_of_interest","service","store","establishment"],"fuente":"places_api","fetched_at":"2026-09-24T23:31:29Z"}},{"type":"Feature","geometry":{"type":"Point","coordinates":[-100.5786564,25.788013900000003]},"properties":{"name":"Préstamo Express Las Villas de García","kind":"prestamo","place_id":"ChIJuZP1ZW-dYoYRM1ugePoP2rU","address":"Las Villas 105, Privadas de las Villas, 66000 García, N.L.","types":["finance","store","point_of_interest","service","establishment"],"fuente":"places_api","fetched_at":"2026-09-24T23:31:29Z"}},{"type":"Feature","geometry":{"type":"Point","coordinates":[-100.2569363,25.6892459]},"properties":{"name":"Préstamo Express Linda Vista","kind":"prestamo","place_id":"ChIJ8bGWoa3qYoYRlsrnFCrE6Yw","address":"Av. Miguel Alemán 4435, Linda Vista, 67123 Guadalupe, N.L.","types":["jewelry_store","finance","wholesaler","store","service","point_of_interest","establishment"],"fuente":"places_api","fetched_at":"2026-09-24T23:31:29Z"}},{"type":"Feature","geometry":{"type":"Point","coordinates":[-100.113122,25.750031999999997]},"properties":{"name":"Préstamo Express Lomas de San Martin","kind":"prestamo","place_id":"ChIJQ8K2me_oYoYRMBo7I6SDUc4","address":"esq, Roma, Lomas de San Martín, 66673 Pesquería, N.L.","types":["finance","jewelry_store","wholesaler","store","point_of_interest","service","establishment"],"fuente":"places_api","fetched_at":"2026-09-24T23:31:29Z"}},{"type":"Feature","geometry":{"type":"Point","coordinates":[-100.1532263,25.611302199999997]},"properties":{"name":"Préstamo Express Los Cometas","kind":"prestamo","place_id":"ChIJLzfOUJHDYoYRSlDDjGNdOu8","address":"Venus, Av. de las Torres 138, Fraccionamiento Los Cometas, 67280 Cdad. Benito Juárez, N.L.","types":["finance","jewelry_store","wholesaler","store","point_of_interest","service","establishment"],"fuente":"places_api","fetched_at":"2026-09-24T23:31:29Z"}},{"type":"Feature","geometry":{"type":"Point","coordinates":[-100.263618,25.7915077]},"properties":{"name":"Préstamo Express Los Encinos","kind":"prestamo","place_id":"ChIJvcbIvEuTYoYR86jW1ybm2nQ","address":"Encinos No. 242,Esq, Roble, Los Encinos, 66612 Cdad. Apodaca, N.L.","types":["jewelry_store","finance","wholesaler","point_of_interest","service","store","establishment"],"fuente":"places_api","fetched_at":"2026-09-24T23:31:29Z"}},{"type":"Feature","geometry":{"type":"Point","coordinates":[-100.2944574,25.6274171]},"properties":{"name":"Préstamo Express Lázaro Cárdenas","kind":"prestamo","place_id":"ChIJv1zH2Qe_YoYRzZGS7na2pL4","address":"Sendero Sur 2900, Sin Nombre de Col 39, 64790 Monterrey, N.L.","types":["jewelry_store","finance","wholesaler","point_of_interest","service","store","establishment"],"fuente":"places_api","fetched_at":"2026-09-24T23:31:29Z"}},{"type":"Feature","geometry":{"type":"Point","coordinates":[-100.215305,25.67456]},"properties":{"name":"Préstamo Express López Mateos","kind":"prestamo","place_id":"ChIJgzwotyzAYoYR1cMmMYsUwJc","address":"Av. Benito Juárez & Av. Adolfo López Mateos, La Roca, 67780 Guadalupe, N.L.","types":["finance","jewelry_store","wholesaler","store","point_of_interest","service","establishment"],"fuente":"places_api","fetched_at":"2026-09-24T23:31:29Z"}},{"type":"Feature","geometry":{"type":"Point","coordinates":[-100.3121852,25.684181799999998]},"properties":{"name":"Préstamo Express Madero","kind":"prestamo","place_id":"ChIJsWtk_oSVYoYRDTqedQnFV7c","address":"Av. Francisco I. Madero 1007A, Centro, 64000 Monterrey, N.L.","types":["finance","jewelry_store","wholesaler","store","point_of_interest","service","establishment"],"fuente":"places_api","fetched_at":"2026-09-24T23:31:29Z"}},{"type":"Feature","geometry":{"type":"Point","coordinates":[-100.11173219999999,25.649872199999997]},"properties":{"name":"Préstamo Express Mall VIP","kind":"prestamo","place_id":"ChIJ1zMq-eTCYoYR3TmnmYQvafA","address":"Carr. A Reynosa 1800, Paseo del Prado, 67250 Cdad. Benito Juárez, N.L.","types":["finance","jewelry_store","wholesaler","store","point_of_interest","service","establishment"],"fuente":"places_api","fetched_at":"2026-09-24T23:31:29Z"}},{"type":"Feature","geometry":{"type":"Point","coordinates":[-100.315466,25.669618]},"properties":{"name":"Préstamo Express Matamoros","kind":"prestamo","place_id":"ChIJfX8vrii-YoYRHuOXrzxnyzk","address":"C. Mariano Matamoros 702, Centro, 64000 Monterrey, N.L.","types":["finance","jewelry_store","wholesaler","store","point_of_interest","service","establishment"],"fuente":"places_api","fetched_at":"2026-09-24T23:31:29Z"}},{"type":"Feature","geometry":{"type":"Point","coordinates":[-100.2575191,25.8153397]},"properties":{"name":"Préstamo Express Moises Sáenz","kind":"prestamo","place_id":"ChIJGb1hi9TsYoYRVZGJXOrkoOE","address":"Eugenio A. Benavides 101, Moises Sáenz, 66613 Cdad. Apodaca, N.L.","types":["jewelry_store","finance","store","wholesaler","service","point_of_interest","establishment"],"fuente":"places_api","fetched_at":"2026-09-24T23:31:29Z"}},{"type":"Feature","geometry":{"type":"Point","coordinates":[-100.227521,25.7852884]},"properties":{"name":"Préstamo Express Mol Apodaca","kind":"prestamo","place_id":"ChIJ3y5BkWntYoYREBLWCkPdV60","address":"Avenida Concordia, Sta. Rosa - Mezquital 5000, 66610 Cdad. Apodaca, N.L.","types":["finance","store","service","point_of_interest","establishment"],"fuente":"places_api","fetched_at":"2026-09-24T23:31:29Z"}},{"type":"Feature","geometry":{"type":"Point","coordinates":[-100.1421558,25.6174975]},"properties":{"name":"Préstamo Express Monte Cristal","kind":"prestamo","place_id":"ChIJZff3_L3DYoYRM8gyxtGB4VI","address":"Monte Cristal 441, Monte Kristal, 67280 Arboledas de San Roque, N.L.","types":["finance","store","point_of_interest","service","establishment"],"fuente":"places_api","fetched_at":"2026-09-24T23:31:29Z"}},{"type":"Feature","geometry":{"type":"Point","coordinates":[-100.156357,25.650653]},"properties":{"name":"Préstamo Express MonteVerde","kind":"prestamo","place_id":"ChIJM1FYhzDCYoYR2Fd6NcoKa1c","address":"esq., Monte Regio, Monte Verde, Residencial Monteverde, 67257 Cdad. Benito Juárez, N.L.","types":["finance","jewelry_store","wholesaler","store","point_of_interest","service","establishment"],"fuente":"places_api","fetched_at":"2026-09-24T23:31:29Z"}},{"type":"Feature","geometry":{"type":"Point","coordinates":[-100.31498859999999,25.6677133]},"properties":{"name":"Préstamo Express Morelos","kind":"prestamo","place_id":"ChIJgZ44XS--YoYRp6OO50r6xn4","address":"José María Morelos 110, Centro, 64000 Monterrey, N.L.","types":["jewelry_store","finance","wholesaler","store","service","point_of_interest","establishment"],"fuente":"places_api","fetched_at":"2026-09-24T23:31:29Z"}},{"type":"Feature","geometry":{"type":"Point","coordinates":[-100.3803145,25.7733083]},"properties":{"name":"Préstamo Express Nepenta","kind":"prestamo","place_id":"ChIJJRg--jCRYoYRF95DBTa2rXc","address":"115, C. Nepenta 401, La Unidad, 64102 Monterrey, N.L.","types":["jewelry_store","finance","wholesaler","point_of_interest","service","store","establishment"],"fuente":"places_api","fetched_at":"2026-09-24T23:31:29Z"}},{"type":"Feature","geometry":{"type":"Point","coordinates":[-100.1680434,25.705978200000004]},"properties":{"name":"Préstamo Express Orfeo","kind":"prestamo","place_id":"ChIJ3XnWdfXpYoYRsg7Qvd8nC_0","address":"Orfeo 144, Bosques del Sol, 67114 Cdad. Apodaca, N.L.","types":["finance","jewelry_store","wholesaler","store","point_of_interest","service","establishment"],"fuente":"places_api","fetched_at":"2026-09-24T23:31:29Z"}},{"type":"Feature","geometry":{"type":"Point","coordinates":[-100.2268313,25.6681016]},"properties":{"name":"Préstamo Express Pablo Livas","kind":"prestamo","place_id":"ChIJCy6gmDrAYoYR2dX-aZEgBOg","address":"Avenida Pablo Livas 3233, esq. De Los Reyes, Camino Real, 67170 Guadalupe, N.L.","types":["finance","jewelry_store","wholesaler","store","point_of_interest","service","establishment"],"fuente":"places_api","fetched_at":"2026-09-24T23:31:29Z"}},{"type":"Feature","geometry":{"type":"Point","coordinates":[-100.4037366,25.770700899999998]},"properties":{"name":"Préstamo Express Plaza Astros","kind":"prestamo","place_id":"ChIJA1QmrNGQYoYRRPgZHmfTfKs","address":"Avenida de los Astros, Av No Reelección Y, Barrio Margaritas, 64102 Monterrey, N.L.","types":["jewelry_store","finance","wholesaler","point_of_interest","service","store","establishment"],"fuente":"places_api","fetched_at":"2026-09-24T23:31:29Z"}},{"type":"Feature","geometry":{"type":"Point","coordinates":[-100.32321759999999,25.790113500000004]},"properties":{"name":"Préstamo Express Plaza Girasoles","kind":"prestamo","place_id":"ChIJXXskdpWTYoYRJ4TxBeMOqts","address":"Av. Raúl Salinas Lozano 3300, Los Girasoles 1er Sector, 66055 Cdad. Gral. Escobedo, N.L.","types":["finance","jewelry_store","wholesaler","store","point_of_interest","service","establishment"],"fuente":"places_api","fetched_at":"2026-09-24T23:31:29Z"}},{"type":"Feature","geometry":{"type":"Point","coordinates":[-100.2114939,25.6840221]},"properties":{"name":"Préstamo Express Plutarco Elias Calles","kind":"prestamo","place_id":"ChIJbcWwCX_qYoYR44YyjJkF42E","address":"Gral. Plutarco Elías Calles 543-A, Río, 67164 Guadalupe, N.L.","types":["finance","jewelry_store","wholesaler","store","point_of_interest","service","establishment"],"fuente":"places_api","fetched_at":"2026-09-24T23:31:29Z"}},{"type":"Feature","geometry":{"type":"Point","coordinates":[-100.59224549999999,25.780766699999997]},"properties":{"name":"Préstamo Express Praderas","kind":"prestamo","place_id":"ChIJ2WCTb76dYoYRitNz0owVEu0","address":"Av. P.º del Prado 98, Fracc. Urbivilla del Prado 1a Etapa, Urbivilla del Prado, 66000 García, N.L.","types":["finance","jewelry_store","wholesaler","store","point_of_interest","service","establishment"],"fuente":"places_api","fetched_at":"2026-09-24T23:31:29Z"}},{"type":"Feature","geometry":{"type":"Point","coordinates":[-100.1620695,25.7598797]},"properties":{"name":"Préstamo Express Pueblo Nuevo","kind":"prestamo","place_id":"ChIJ3SjjWFzpYoYRB-Y7et7bPLk","address":"Río Pilón 100, Pueblo Nuevo, 66646 Cdad. Apodaca, N.L.","types":["finance","jewelry_store","wholesaler","store","point_of_interest","service","establishment"],"fuente":"places_api","fetched_at":"2026-09-24T23:31:29Z"}},{"type":"Feature","geometry":{"type":"Point","coordinates":[-100.200637,25.722896]},"properties":{"name":"Préstamo Express Radio","kind":"prestamo","place_id":"ChIJvQSNmbnBYoYRYJooGCz9ZrI","address":"Blvd. Acapulco & Calle Radio, Los Cristales 1er Sector, 67117 Guadalupe, N.L.","types":["finance","jewelry_store","wholesaler","store","point_of_interest","service","establishment"],"fuente":"places_api","fetched_at":"2026-09-24T23:31:29Z"}},{"type":"Feature","geometry":{"type":"Point","coordinates":[-100.33371849999999,25.7922609]},"properties":{"name":"Préstamo Express Raúl Salinas","kind":"prestamo","place_id":"ChIJ77QGPcKTYoYRq-6q-zIc8pI","address":"Av. Raúl Salinas Lozano 712, Quinto Centenario, 66072 Cdad. Gral. Escobedo, N.L.","types":["finance","jewelry_store","wholesaler","store","point_of_interest","service","establishment"],"fuente":"places_api","fetched_at":"2026-09-24T23:31:29Z"}},{"type":"Feature","geometry":{"type":"Point","coordinates":[-100.402097,25.7518618]},"properties":{"name":"Préstamo Express Real de Cumbres","kind":"prestamo","place_id":"ChIJOZlQbC-XYoYR7-ueA94P7X8","address":"Real de Cumbres 906, Real Cumbres, 64346 Monterrey, N.L.","types":["jewelry_store","finance","wholesaler","store","service","point_of_interest","establishment"],"fuente":"places_api","fetched_at":"2026-09-24T23:31:29Z"}},{"type":"Feature","geometry":{"type":"Point","coordinates":[-100.19056359999999,25.6500341]},"properties":{"name":"Préstamo Express Rincón de Guadalupe","kind":"prestamo","place_id":"ChIJq4eEI7TBYoYR8cTacHuE4Y4","address":"Av Eloy Cavazos 7641, Rincón de Guadalupe, 67198 Guadalupe, N.L.","types":["finance","jewelry_store","wholesaler","store","point_of_interest","service","establishment"],"fuente":"places_api","fetched_at":"2026-09-24T23:31:29Z"}},{"type":"Feature","geometry":{"type":"Point","coordinates":[-100.46300099999999,25.703087]},"properties":{"name":"Préstamo Express Rincón de las Palmas","kind":"prestamo","place_id":"ChIJfXOWz0mYYoYRL3jDhlvgB3Q","address":"Rincón de La Presa 101, Rincón de las Palmas, 66368 Cdad. Santa Catarina, N.L.","types":["finance","jewelry_store","wholesaler","store","point_of_interest","service","establishment"],"fuente":"places_api","fetched_at":"2026-09-24T23:31:29Z"}},{"type":"Feature","geometry":{"type":"Point","coordinates":[-100.2472236,25.703276799999998]},"properties":{"name":"Préstamo Express Ruiz Cortines","kind":"prestamo","place_id":"ChIJR1DbtmbrYoYRGDJ1xtLIZ0o","address":"Av. A. Ruiz Cortines Pte. 111, Nueva Libertad, 67120 Guadalupe, N.L.","types":["finance","jewelry_store","wholesaler","store","point_of_interest","service","establishment"],"fuente":"places_api","fetched_at":"2026-09-24T23:31:29Z"}},{"type":"Feature","geometry":{"type":"Point","coordinates":[-100.1711959,25.758910999999998]},"properties":{"name":"Préstamo Express Río","kind":"prestamo","place_id":"ChIJs8u6z-HrYoYRAoZIxiUvloE","address":"Río Pilón 1015, Pueblo Nuevo IV, 66600 Monterrey, N.L.","types":["finance","jewelry_store","wholesaler","store","point_of_interest","service","establishment"],"fuente":"places_api","fetched_at":"2026-09-24T23:31:29Z"}},{"type":"Feature","geometry":{"type":"Point","coordinates":[-100.22570139999999,25.7231535]},"properties":{"name":"Préstamo Express Rómulo Garza","kind":"prestamo","place_id":"ChIJP1PysPzqYoYRe6h01Gi2MjU","address":"Av. Rómulo Garza 100, Miguel Alemán, 66470 San Nicolás de los Garza, N.L.","types":["finance","jewelry_store","wholesaler","store","point_of_interest","service","establishment"],"fuente":"places_api","fetched_at":"2026-09-24T23:31:29Z"}},{"type":"Feature","geometry":{"type":"Point","coordinates":[-100.21170049999999,25.708568999999997]},"properties":{"name":"Préstamo Express San Miguel","kind":"prestamo","place_id":"ChIJR67oV17qYoYRUIIzZP_uiyE","address":"De La Pilastra 800, Villa de San Miguel, 67110 Guadalupe, N.L.","types":["finance","jewelry_store","wholesaler","store","point_of_interest","service","establishment"],"fuente":"places_api","fetched_at":"2026-09-24T23:31:29Z"}},{"type":"Feature","geometry":{"type":"Point","coordinates":[-100.2126402,25.7082524]},"properties":{"name":"Préstamo Express San Miguel 1","kind":"prestamo","place_id":"ChIJ1aawq1_qYoYRbG8RyMOiwSs","address":"De La Pilastra 644, Villa de San Miguel, 67110 Guadalupe, N.L.","types":["jewelry_store","finance","wholesaler","point_of_interest","service","store","establishment"],"fuente":"places_api","fetched_at":"2026-09-24T23:31:29Z"}},{"type":"Feature","geometry":{"type":"Point","coordinates":[-100.29600029999999,25.755064599999997]},"properties":{"name":"Préstamo Express San Nicolás","kind":"prestamo","place_id":"ChIJvYWXU46UYoYR0pZEeTxNiIk","address":"Gral. Nicolás Bravo 510, Centro, 66400 San Nicolás de los Garza, N.L.","types":["jewelry_store","finance","wholesaler","store","service","point_of_interest","establishment"],"fuente":"places_api","fetched_at":"2026-09-24T23:31:29Z"}},{"type":"Feature","geometry":{"type":"Point","coordinates":[-100.14314420000001,25.738550399999998]},"properties":{"name":"Préstamo Express San Pablo","kind":"prestamo","place_id":"ChIJBXgfgXDpYoYR9C_t3kzSIQE","address":"Cam. A San Javier 703, Real Hacienda de Huinala, 66640 Cdad. Apodaca, N.L.","types":["finance","jewelry_store","wholesaler","store","point_of_interest","service","establishment"],"fuente":"places_api","fetched_at":"2026-09-24T23:31:29Z"}},{"type":"Feature","geometry":{"type":"Point","coordinates":[-100.1551535,25.6390733]},"properties":{"name":"Préstamo Express San Roque","kind":"prestamo","place_id":"ChIJ9TBzrszDYoYR27MidGoFytk","address":"Eloy Cavazos, Centro Comercial, Carr. a San Roque 101, 67289 Valle de Juárez, N.L.","types":["finance","jewelry_store","wholesaler","store","point_of_interest","service","establishment"],"fuente":"places_api","fetched_at":"2026-09-24T23:31:29Z"}},{"type":"Feature","geometry":{"type":"Point","coordinates":[-100.4325963,25.6738986]},"properties":{"name":"Préstamo Express Santa Catarina","kind":"prestamo","place_id":"ChIJT_0mwvuXYoYRJ3nlTDff9LU","address":"Bulevard Gustavo, Díaz Ordaz 117, Los Treviño, 66100 Cdad. Santa Catarina, N.L.","types":["jewelry_store","finance","wholesaler","store","service","point_of_interest","establishment"],"fuente":"places_api","fetched_at":"2026-09-24T23:31:29Z"}},{"type":"Feature","geometry":{"type":"Point","coordinates":[-100.151434,25.660842]},"properties":{"name":"Préstamo Express Santa Cruz","kind":"prestamo","place_id":"ChIJA1xTRT7CYoYRQI_S263jLmg","address":"Carr. A Reynosa, Nuevo León, 67202 Monterrey, N.L.","types":["finance","jewelry_store","wholesaler","store","point_of_interest","service","establishment"],"fuente":"places_api","fetched_at":"2026-09-24T23:31:29Z"}},{"type":"Feature","geometry":{"type":"Point","coordinates":[-100.38705900000001,25.802761]},"properties":{"name":"Préstamo Express Santa Martha","kind":"prestamo","place_id":"ChIJlYj_RgSRYoYR7l3bk5EUZkw","address":"Av Agualeguas Esq, Santa Martha, 66064 Cdad. Gral. Escobedo, N.L.","types":["jewelry_store","finance","wholesaler","point_of_interest","service","store","establishment"],"fuente":"places_api","fetched_at":"2026-09-24T23:31:29Z"}},{"type":"Feature","geometry":{"type":"Point","coordinates":[-100.17257629999999,25.616646499999998]},"properties":{"name":"Préstamo Express Santa Monica 2","kind":"prestamo","place_id":"ChIJRWqX81LBYoYRPV-JH3ul9iE","address":"Fátima 500, Col. Santa Monica, 67286 Cdad. Benito Juárez, N.L.","types":["finance","store","point_of_interest","service","establishment"],"fuente":"places_api","fetched_at":"2026-09-24T23:31:29Z"}},{"type":"Feature","geometry":{"type":"Point","coordinates":[-100.17444470000001,25.6265108]},"properties":{"name":"Préstamo Express Santa Mónica","kind":"prestamo","place_id":"ChIJZzgjg3npYoYR07gAaBT4NZ8","address":"San Anselmo 601, Santa Monica Sector 8, Santa Monica, 67250 Jardines de la Silla, N.L.","types":["finance","jewelry_store","wholesaler","store","point_of_interest","service","establishment"],"fuente":"places_api","fetched_at":"2026-09-24T23:31:29Z"}},{"type":"Feature","geometry":{"type":"Point","coordinates":[-100.26883169999999,25.7532706]},"properties":{"name":"Préstamo Express Santo Domingo","kind":"prestamo","place_id":"ChIJ11chP7eUYoYRFqFa05nAqjo","address":"Santo Domingo, Av. Las Puentes Esquina, Las Puentes 4to Sector, 66430 San Nicolás de los Garza, N.L.","types":["finance","jewelry_store","wholesaler","store","point_of_interest","service","establishment"],"fuente":"places_api","fetched_at":"2026-09-24T23:31:29Z"}},{"type":"Feature","geometry":{"type":"Point","coordinates":[-100.2353964,25.7828418]},"properties":{"name":"Préstamo Express Sendero Apodaca","kind":"prestamo","place_id":"ChIJ389ve5jsYoYR3ZfI3IbtDMQ","address":"Antiguo Camino a Santa Rosa s/n, Residencial Los Ébanos, 66612 Cdad. Apodaca, N.L.","types":["finance","jewelry_store","wholesaler","store","point_of_interest","service","establishment"],"fuente":"places_api","fetched_at":"2026-09-24T23:31:29Z"}},{"type":"Feature","geometry":{"type":"Point","coordinates":[-100.2996762,25.767796699999998]},"properties":{"name":"Préstamo Express Sendero Escobedo","kind":"prestamo","place_id":"ChIJ2dAwooGUYoYRkYyKgBOkM2Y","address":"Av. Sendero Divisorio 130, Joyas de Anahuac, 66059 Cdad. Gral. Escobedo, N.L.","types":["jewelry_store","finance","wholesaler","store","service","point_of_interest","establishment"],"fuente":"places_api","fetched_at":"2026-09-24T23:31:29Z"}},{"type":"Feature","geometry":{"type":"Point","coordinates":[-100.19077899999999,25.7638624]},"properties":{"name":"Préstamo Express Sendero La Fe","kind":"prestamo","place_id":"ChIJ3WWcXe3rYoYRn996i5_hocE","address":"Carr. Miguel Aleman, Centro Comercial La Fe, Av. del Teléfono, Kalos, 66603 Cdad. Apodaca, N.L.","types":["jewelry_store","finance","wholesaler","point_of_interest","service","store","establishment"],"fuente":"places_api","fetched_at":"2026-09-24T23:31:29Z"}},{"type":"Feature","geometry":{"type":"Point","coordinates":[-100.409509,25.763244999999998]},"properties":{"name":"Préstamo Express Sendero Lincoln","kind":"prestamo","place_id":"ChIJaQpx6MuQYoYRe0RtPC3gMso","address":"Abraham Lincoln 4001 LC-24 Privada de los Arcos, 64346 Monterrey, N.L.","types":["jewelry_store","finance","wholesaler","store","service","point_of_interest","establishment"],"fuente":"places_api","fetched_at":"2026-09-24T23:31:29Z"}},{"type":"Feature","geometry":{"type":"Point","coordinates":[-100.49239159999999,25.6880188]},"properties":{"name":"Préstamo Express Sendero Santa Catarina","kind":"prestamo","place_id":"ChIJp6BN9I2ZYoYRPWhrmZTqU0g","address":"Carr. Monterrey - Saltillo 2601, La Puerta, 66367 Cdad. Santa Catarina, N.L.","types":["finance","store","point_of_interest","service","establishment"],"fuente":"places_api","fetched_at":"2026-09-24T23:31:29Z"}},{"type":"Feature","geometry":{"type":"Point","coordinates":[-100.407145,25.784091999999998]},"properties":{"name":"Préstamo Express Solidaridad","kind":"prestamo","place_id":"ChIJB9oMv8KQYoYRuXceJ2_ktYY","address":"Trazo Marco, Criminólogos Lote 21, 64103 Monterrey, N.L.","types":["jewelry_store","finance","wholesaler","point_of_interest","service","store","establishment"],"fuente":"places_api","fetched_at":"2026-09-24T23:31:29Z"}},{"type":"Feature","geometry":{"type":"Point","coordinates":[-100.18427609999999,25.6575001]},"properties":{"name":"Préstamo Express Sun Mall","kind":"prestamo","place_id":"ChIJlyIsqpPBYoYRSuYj9XduZb8","address":"Pablo Livas 7601 Local C-21 y C-22, Tres Caminos 1er Sector, 67193 Guadalupe, N.L.","types":["finance","jewelry_store","wholesaler","store","point_of_interest","service","establishment"],"fuente":"places_api","fetched_at":"2026-09-24T23:31:29Z"}},{"type":"Feature","geometry":{"type":"Point","coordinates":[-100.186681,25.6410165]},"properties":{"name":"Préstamo Express Tierra Propia","kind":"prestamo","place_id":"ChIJ6yMoJZzBYoYRKnGL3Gv4q18","address":"Jardines de La Silla 200 esq. La Barca, Tierra Propia 1er Sector, 67197 Guadalupe, N.L.","types":["finance","jewelry_store","wholesaler","store","point_of_interest","service","establishment"],"fuente":"places_api","fetched_at":"2026-09-24T23:31:29Z"}},{"type":"Feature","geometry":{"type":"Point","coordinates":[-100.2681915,25.6659215]},"properties":{"name":"Préstamo Express Valle de Chapultepec","kind":"prestamo","place_id":"ChIJ11NLtQfAYoYRt4p2r2hX1wU","address":"Priv. Chapultepec 115, Valle de Chapultepec, 67140 Guadalupe, N.L.","types":["jewelry_store","finance","wholesaler","store","service","point_of_interest","establishment"],"fuente":"places_api","fetched_at":"2026-09-24T23:31:29Z"}},{"type":"Feature","geometry":{"type":"Point","coordinates":[-100.49006170000001,25.791370300000004]},"properties":{"name":"Préstamo Express Valle de Lincoln","kind":"prestamo","place_id":"ChIJsfns_q2bYoYRYKXKStBh1G8","address":"Real de Palmas, Valle de Lincoln, 66026 Valle de Lincoln, N.L.","types":["finance","jewelry_store","wholesaler","store","point_of_interest","service","establishment"],"fuente":"places_api","fetched_at":"2026-09-24T23:31:29Z"}},{"type":"Feature","geometry":{"type":"Point","coordinates":[-100.48833429999999,25.790471]},"properties":{"name":"Préstamo Express Valle de Lincoln II","kind":"prestamo","place_id":"ChIJQ0-OcEObYoYRJj07PejBHZ8","address":"Antiguo Camino A San José 604, Valle de Lincoln, 66026 García, N.L.","types":["finance","store","point_of_interest","service","establishment"],"fuente":"places_api","fetched_at":"2026-09-24T23:31:29Z"}},{"type":"Feature","geometry":{"type":"Point","coordinates":[-100.402819,25.662112000000004]},"properties":{"name":"Préstamo Express Vasconcelos","kind":"prestamo","place_id":"ChIJbSVMm3u9YoYRVEOhOnQq1BQ","address":"Av. José Vasconcelos 128, Casco Urbano, 66200 San Pedro Garza García, N.L.","types":["jewelry_store","finance","store","wholesaler","service","point_of_interest","establishment"],"fuente":"places_api","fetched_at":"2026-09-24T23:31:29Z"}},{"type":"Feature","geometry":{"type":"Point","coordinates":[-100.3696532,25.8332642]},"properties":{"name":"Préstamo Express Villas de San Francisco","kind":"prestamo","place_id":"ChIJd6i_FZWRYoYRv10bXrkL828","address":"Av. esq, Carpintero 303, Villas de San Francisco, 66062 Cdad. Gral. Escobedo, N.L.","types":["finance","jewelry_store","wholesaler","store","point_of_interest","service","establishment"],"fuente":"places_api","fetched_at":"2026-09-24T23:31:29Z"}},{"type":"Feature","geometry":{"type":"Point","coordinates":[-100.3673912,25.842118499999998]},"properties":{"name":"Préstamo Express Villas de San Francisco II","kind":"prestamo","place_id":"ChIJj8xCVH2RYoYRKyw2abWFswg","address":"GRULLA#137 GRULLA, Esquina con, San Francisco de Asis 137, Villas de San Francisco, 66062 Cdad. Gral. Escobedo, N.L.","types":["finance","store","point_of_interest","service","establishment"],"fuente":"places_api","fetched_at":"2026-09-24T23:31:29Z"}},{"type":"Feature","geometry":{"type":"Point","coordinates":[-100.163235,25.678293999999998]},"properties":{"name":"Préstamo Express, Dos Ríos","kind":"prestamo","place_id":"ChIJ2VFDQATCYoYRUNarr9BT4xY","address":"Río Ameca 356, Dos Ríos Sector IV, 67196 Guadalupe, N.L.","types":["finance","jewelry_store","wholesaler","store","point_of_interest","service","establishment"],"fuente":"places_api","fetched_at":"2026-09-24T23:31:29Z"}},{"type":"Feature","geometry":{"type":"Point","coordinates":[-100.23401299999999,25.821171]},"properties":{"name":"Préstamo Sabinas","kind":"prestamo","place_id":"ChIJJ_9k3JntYoYRfiCdfXcspJU","address":"Av. Golondrinas #542 Col, Paseo de Santa Rosa, 66614 Santa Rosa, N.L.","types":["finance","store","point_of_interest","service","establishment"],"fuente":"places_api","fetched_at":"2026-09-24T23:31:29Z"}},{"type":"Feature","geometry":{"type":"Point","coordinates":[-100.05434559999999,25.782406599999998]},"properties":{"name":"Préstamo Sabinas","kind":"prestamo","place_id":"ChIJLTBnW0nnYoYRfVzv-0b3yPQ","address":"Hidalgo&nbsp #117, Centro, 66650 Pesquería, N.L.","types":["finance","store","point_of_interest","service","establishment"],"fuente":"places_api","fetched_at":"2026-09-24T23:31:29Z"}},{"type":"Feature","geometry":{"type":"Point","coordinates":[-100.05625619999999,25.640440899999998]},"properties":{"name":"Préstamo Sabinas","kind":"prestamo","place_id":"ChIJM37BGL7dYoYRxfsAniwPpF0","address":"P.º de San Juan #1354, Mirador de San Antonio, 67265 Cdad. Benito Juárez, N.L.","types":["finance","store","point_of_interest","service","establishment"],"fuente":"places_api","fetched_at":"2026-09-24T23:31:29Z"}},{"type":"Feature","geometry":{"type":"Point","coordinates":[-100.1465154,25.7626486]},"properties":{"name":"Préstamo Sabinas","kind":"prestamo","place_id":"ChIJN87iVcrpYoYRsQsyQegBoYY","address":"Fausto #601 Los, Tréboles, 66646 Cdad. Apodaca, N.L.","types":["finance","point_of_interest","service","store","establishment"],"fuente":"places_api","fetched_at":"2026-09-24T23:31:29Z"}},{"type":"Feature","geometry":{"type":"Point","coordinates":[-100.490563,25.7921184]},"properties":{"name":"Préstamo Sabinas","kind":"prestamo","place_id":"ChIJOST_C66bYoYRRUQGiQqraBE","address":"Calle minerales #533, Tezal 530, Valle de LINCOLN, Valle de Lincoln, 66026 García, N.L.","types":["finance","store","point_of_interest","service","establishment"],"fuente":"places_api","fetched_at":"2026-09-24T23:31:29Z"}},{"type":"Feature","geometry":{"type":"Point","coordinates":[-100.36818339999999,25.842109299999997]},"properties":{"name":"Préstamo Sabinas","kind":"prestamo","place_id":"ChIJSw2I_zWRYoYRHozJM_ZoEKo","address":"Grulla #205, Villas de San Francisco, 66062 Cdad. Gral. Escobedo, N.L.","types":["finance","point_of_interest","service","store","establishment"],"fuente":"places_api","fetched_at":"2026-09-24T23:31:29Z"}},{"type":"Feature","geometry":{"type":"Point","coordinates":[-100.1068097,25.821043]},"properties":{"name":"Préstamo Sabinas","kind":"prestamo","place_id":"ChIJfVBKsg3vYoYRUnP9bIiIRRc","address":"Av. Central 1601, 66655 Colinas del Aeropuerto, N.L.","types":["finance","store","point_of_interest","service","establishment"],"fuente":"places_api","fetched_at":"2026-09-24T23:31:29Z"}},{"type":"Feature","geometry":{"type":"Point","coordinates":[-100.5667318,25.8018887]},"properties":{"name":"Préstamo Sabinas","kind":"prestamo","place_id":"ChIJkwQOWCidYoYRWDt83ly02zE","address":"Av. del Hospital #304, Valle de San Blas, 66025 García, N.L.","types":["finance","store","point_of_interest","service","establishment"],"fuente":"places_api","fetched_at":"2026-09-24T23:31:29Z"}},{"type":"Feature","geometry":{"type":"Point","coordinates":[-100.368416,25.8330225]},"properties":{"name":"Préstamo Sabinas","kind":"prestamo","place_id":"ChIJlST7FWqRYoYR-3alsG9B9FI","address":"Carpintero 268, Villas de San Francisco, 66062 Cdad. Gral. Escobedo, N.L.","types":["finance","point_of_interest","service","store","establishment"],"fuente":"places_api","fetched_at":"2026-09-24T23:31:29Z"}},{"type":"Feature","geometry":{"type":"Point","coordinates":[-100.09628769999999,25.7064421]},"properties":{"name":"Préstamo Sabinas","kind":"prestamo","place_id":"ChIJo9sXjPzpYoYR4tGUEaMH5eo","address":"Av. San Fernando #1108, 66670 Valle de Santa María, N.L.","types":["finance","store","point_of_interest","service","establishment"],"fuente":"places_api","fetched_at":"2026-09-24T23:31:29Z"}},{"type":"Feature","geometry":{"type":"Point","coordinates":[-100.5058845,25.699947899999998]},"properties":{"name":"Préstamo Sabinas - Santa Catarina","kind":"prestamo","place_id":"ChIJJ4RFcueYYoYRIAnytKTCxE0","address":"Av. Torres Nte. 638, Bosques la Huasteca, 66354 Cdad. Santa Catarina, N.L.","types":["finance","point_of_interest","service","store","establishment"],"fuente":"places_api","fetched_at":"2026-09-24T23:31:29Z"}},{"type":"Feature","geometry":{"type":"Point","coordinates":[-100.5425774,25.803076599999997]},"properties":{"name":"Préstamo Sabinas Portal de Lincoln","kind":"prestamo","place_id":"ChIJIerEnVKdYoYRSpkNRP2bSBE","address":"66013, Portal de Lincoln, 66013 García, N.L.","types":["finance","store","point_of_interest","service","establishment"],"fuente":"places_api","fetched_at":"2026-09-24T23:31:29Z"}},{"type":"Feature","geometry":{"type":"Point","coordinates":[-100.2186394,25.6755201]},"properties":{"name":"Préstamo Seguro","kind":"prestamo","place_id":"ChIJ-8kWeizAYoYR2VlDpjlG4ao","address":"Benito Juárez 3807, Trece de Mayo, 67185 Guadalupe, N.L.","types":["finance","point_of_interest","service","store","establishment"],"fuente":"places_api","fetched_at":"2026-09-24T23:31:29Z"}},{"type":"Feature","geometry":{"type":"Point","coordinates":[-100.3725929,25.770553600000003]},"properties":{"name":"Préstamo Seguro","kind":"prestamo","place_id":"ChIJ31wpATaRYoYRkdiZad-eVHM","address":"C. Julio A. Roca 9600, San Bernabé X Sector, 64105 Monterrey, N.L.","types":["finance","point_of_interest","service","store","establishment"],"fuente":"places_api","fetched_at":"2026-09-24T23:31:29Z"}},{"type":"Feature","geometry":{"type":"Point","coordinates":[-100.1542099,25.626239200000004]},"properties":{"name":"Préstamo Seguro","kind":"prestamo","place_id":"ChIJ94TX3MXDYoYRMPgYuzusQyk","address":"Hacienda San Marcos, 67276 Monte Kristal, N.L.","types":["finance","store","point_of_interest","service","establishment"],"fuente":"places_api","fetched_at":"2026-09-24T23:31:29Z"}},{"type":"Feature","geometry":{"type":"Point","coordinates":[-100.3791998,25.7912583]},"properties":{"name":"Préstamo Seguro","kind":"prestamo","place_id":"ChIJE5MgkxaRYoYRltyiOQP8274","address":"Enrique Rangel Meléndez, Tierra Propia (Fomerrey 35), La Unidad, 64209 Monterrey, N.L.","types":["finance","point_of_interest","service","store","establishment"],"fuente":"places_api","fetched_at":"2026-09-24T23:31:29Z"}},{"type":"Feature","geometry":{"type":"Point","coordinates":[-100.2616226,25.765332299999997]},"properties":{"name":"Préstamo Seguro","kind":"prestamo","place_id":"ChIJOQumlqyUYoYRvCDRV2g_mWk","address":"Av. Año Internacional de La Mujer 408, Mujeres Ilustres, 66635 Cdad. Apodaca, N.L.","types":["finance","store","point_of_interest","service","establishment"],"fuente":"places_api","fetched_at":"2026-09-24T23:31:29Z"}},{"type":"Feature","geometry":{"type":"Point","coordinates":[-100.58342710000001,25.786956999999997]},"properties":{"name":"Préstamo Seguro","kind":"prestamo","place_id":"ChIJgyZnqa-dYoYRTXPmpWt6hHQ","address":"Sierra de Los Andes 115, Sierra Real, 66004 García, N.L.","types":["finance","store","point_of_interest","service","establishment"],"fuente":"places_api","fetched_at":"2026-09-24T23:31:29Z"}},{"type":"Feature","geometry":{"type":"Point","coordinates":[-100.1734554,25.6182812]},"properties":{"name":"Préstamo Seguro","kind":"prestamo","place_id":"ChIJjSahBWHBYoYR7RG0bBv-OMA","address":"San Lucas, Santa Monica Sector 8, Jardines de la Silla, 67250 Jardines de la Silla, N.L.","types":["finance","store","point_of_interest","service","establishment"],"fuente":"places_api","fetched_at":"2026-09-24T23:31:29Z"}},{"type":"Feature","geometry":{"type":"Point","coordinates":[-100.15241069999999,25.660930399999998]},"properties":{"name":"Préstamo Seguro","kind":"prestamo","place_id":"ChIJlyfiaD7CYoYRWTXNqtVCgWY","address":"Carretera A Reynosa 2216, Hacienda La Trinidad, 67196 Guadalupe, N.L.","types":["finance","store","point_of_interest","service","establishment"],"fuente":"places_api","fetched_at":"2026-09-24T23:31:29Z"}},{"type":"Feature","geometry":{"type":"Point","coordinates":[-100.4142928,25.6829268]},"properties":{"name":"Préstamo Seguro","kind":"prestamo","place_id":"ChIJnQXLrMOXYoYR0ULDVXzbfbk","address":"Plata 235, San Pedro 400, 66210 Monterrey, N.L.","types":["finance","jewelry_store","wholesaler","store","point_of_interest","service","establishment"],"fuente":"places_api","fetched_at":"2026-09-24T23:31:29Z"}},{"type":"Feature","geometry":{"type":"Point","coordinates":[-100.0816301,25.6542081]},"properties":{"name":"Préstamo Seguro San José","kind":"prestamo","place_id":"ChIJQan8xNLCYoYRY2QRWDV1QkY","address":"Teófilo Salinas Garza 626, Real de San José 2 Sector, 67254 Cdad. Benito Juárez, N.L.","types":["electronics_store","store","point_of_interest","establishment"],"fuente":"places_api","fetched_at":"2026-09-24T23:31:29Z"}},{"type":"Feature","geometry":{"type":"Point","coordinates":[-100.2585732,25.7755454]},"properties":{"name":"Préstamo seguro","kind":"prestamo","place_id":"ChIJSRuC4KrsYoYRX3frt2xbUNc","address":"Av Afganistán 388, Residencial Los Robles, 66636 Cdad. Apodaca, N.L.","types":["finance","point_of_interest","service","store","establishment"],"fuente":"places_api","fetched_at":"2026-09-24T23:31:29Z"}},{"type":"Feature","geometry":{"type":"Point","coordinates":[-100.2267195,25.7238962]},"properties":{"name":"Préstamos Avance\"la fe\"","kind":"prestamo","place_id":"ChIJPxImNOPqYoYRfU9go3KzuFA","address":"Rómulo Garza#101 localD, San Benito del Lago, 66477 San Nicolás de los Garza, N.L.","types":["finance","point_of_interest","establishment"],"fuente":"places_api","fetched_at":"2026-09-24T23:31:29Z"}},{"type":"Feature","geometry":{"type":"Point","coordinates":[-100.250248,25.680035]},"properties":{"name":"Préstamos Relmpago","kind":"prestamo","place_id":"ChIJ3bsPIqjqYoYR8YHl8zxpd4s","address":"Benito Juárez 803, Guerra, 67144 Guadalupe, N.L.","types":["finance","point_of_interest","service","establishment"],"fuente":"places_api","fetched_at":"2026-09-24T23:31:29Z"}},{"type":"Feature","geometry":{"type":"Point","coordinates":[-100.15279699999999,25.661054]},"properties":{"name":"Préstamos Relámpago","kind":"prestamo","place_id":"ChIJF98lbj7CYoYRmSZElCMMozA","address":"Carr. A Reynosa 2208, Trinidad, 67196 Guadalupe, N.L.","types":["finance","point_of_interest","establishment"],"fuente":"places_api","fetched_at":"2026-09-24T23:31:29Z"}},{"type":"Feature","geometry":{"type":"Point","coordinates":[-100.191987,25.7236044]},"properties":{"name":"Préstamos Relámpago","kind":"prestamo","place_id":"ChIJGeGNEDbqYoYR9iUjKQ-NmGQ","address":"Blvd. Acapulco 128-Loc 17, Hacienda de San Miguel, 67113 Guadalupe, N.L.","types":["finance","point_of_interest","establishment"],"fuente":"places_api","fetched_at":"2026-09-24T23:31:29Z"}},{"type":"Feature","geometry":{"type":"Point","coordinates":[-100.1895211,25.657766799999997]},"properties":{"name":"Préstamos Relámpago","kind":"prestamo","place_id":"ChIJHYiVdl7BYoYRSPC07K90nOs","address":"Centro Comercial Soriana, Av. Pablo Livas 7500-Loc L01, Santa María, 67198 Guadalupe, N.L.","types":["finance","point_of_interest","establishment"],"fuente":"places_api","fetched_at":"2026-09-24T23:31:29Z"}},{"type":"Feature","geometry":{"type":"Point","coordinates":[-100.34364540000001,25.7267953]},"properties":{"name":"Préstamos Relámpago","kind":"prestamo","place_id":"ChIJO2B1sS6UYoYRQGflJs9bayo","address":"Av. Aztlán Pte. 5123, Valle del Topo Chico, 64259 Monterrey, N.L.","types":["finance","association_or_organization","service","point_of_interest","establishment"],"fuente":"places_api","fetched_at":"2026-09-24T23:31:29Z"}},{"type":"Feature","geometry":{"type":"Point","coordinates":[-100.2607575,25.7730246]},"properties":{"name":"Préstamos Relámpago","kind":"prestamo","place_id":"ChIJSSCAWlWTYoYRFiExXTpI1Q4","address":"Av. Conquistadores, Hda. Los Robles 150, Residencial Los Robles, 66635 Cdad. Apodaca, N.L.","types":["finance","point_of_interest","establishment"],"fuente":"places_api","fetched_at":"2026-09-24T23:31:29Z"}},{"type":"Feature","geometry":{"type":"Point","coordinates":[-100.2573687,25.751403999999997]},"properties":{"name":"Préstamos Relámpago","kind":"prestamo","place_id":"ChIJVVUF5UrrYoYRNHOAvFA6cCE","address":"Av. Santo Domingo 1637, Valle de San Carlos, 66437 San Nicolás de los Garza, N.L.","types":["finance","point_of_interest","establishment"],"fuente":"places_api","fetched_at":"2026-09-24T23:31:29Z"}},{"type":"Feature","geometry":{"type":"Point","coordinates":[-100.4352029,25.6745318]},"properties":{"name":"Préstamos Relámpago","kind":"prestamo","place_id":"ChIJdWTdLuGXYoYRxrDGQjIMT78","address":"Díaz Ordaz 41, La Fama, 66100 Cdad. Santa Catarina, N.L.","types":["finance","point_of_interest","establishment"],"fuente":"places_api","fetched_at":"2026-09-24T23:31:29Z"}},{"type":"Feature","geometry":{"type":"Point","coordinates":[-100.3235378,25.7631475]},"properties":{"name":"Préstamos Yes Escobedo","kind":"prestamo","place_id":"ChIJZZqeffqVYoYRblHO-Mq9JNg","address":"C. De La Aurora 105, El Mirador, 66422 San Nicolás de los Garza, N.L.","types":["finance","point_of_interest","establishment"],"fuente":"places_api","fetched_at":"2026-09-24T23:31:29Z"}},{"type":"Feature","geometry":{"type":"Point","coordinates":[-100.23499799999999,25.668629499999998]},"properties":{"name":"Préstamos Yes Guadalupe","kind":"prestamo","place_id":"ChIJm5QXG3fBYoYR2-hfJS3Jz7k","address":"Av. Pablo Livas 2500, Mirador de La Silla 1er Sector, 67176 Guadalupe, N.L.","types":["finance","point_of_interest","establishment"],"fuente":"places_api","fetched_at":"2026-09-24T23:31:29Z"}},{"type":"Feature","geometry":{"type":"Point","coordinates":[-100.19690229999999,25.6520253]},"properties":{"name":"Préstamos Yes Guadalupe","kind":"prestamo","place_id":"ChIJmY1JCgLBYoYRD41CJ-LL8I8","address":"Av Eloy Cavazos 7101-4, Santa María, 67485 Guadalupe, N.L.","types":["finance","point_of_interest","establishment"],"fuente":"places_api","fetched_at":"2026-09-24T23:31:29Z"}},{"type":"Feature","geometry":{"type":"Point","coordinates":[-100.2948199,25.7817994]},"properties":{"name":"Préstamos el norteño","kind":"prestamo","place_id":"ChIJWdJ1NDiTYoYRLTsneMMtWaA","address":"Av. Benito Juárez #134, Ex Hacienda el Cañada, 66052 Cdad. Gral. Escobedo, N.L.","types":["finance","store","point_of_interest","service","establishment"],"fuente":"places_api","fetched_at":"2026-09-24T23:31:29Z"}},{"type":"Feature","geometry":{"type":"Point","coordinates":[-100.1859496,25.7778256]},"properties":{"name":"Préstamos relámpago","kind":"prestamo","place_id":"ChIJcwNb4vXrYoYRgmlqXHfGIoQ","address":"José María Morelos y Pavón 600, Cabecera Municipal (Apodaca), Apodaca Centro, 66600 Cdad. Apodaca, N.L.","types":["finance","point_of_interest","establishment"],"fuente":"places_api","fetched_at":"2026-09-24T23:31:29Z"}},{"type":"Feature","geometry":{"type":"Point","coordinates":[-100.1895265,25.6483605]},"properties":{"name":"Préstamos seguro","kind":"prestamo","place_id":"ChIJWVNCEEnBYoYR7LG6V3kEgjQ","address":"Av Eloy Cavazos 7800-A, Rincón de La Sierra, 67182 Guadalupe, N.L.","types":["finance","store","point_of_interest","service","establishment"],"fuente":"places_api","fetched_at":"2026-09-24T23:31:29Z"}},{"type":"Feature","geometry":{"type":"Point","coordinates":[-100.3560176,25.673258399999998]},"properties":{"name":"QC Financiera en Monterrey","kind":"prestamo","place_id":"ChIJxx3NGum_YoYRV_Ic1sftfdI","address":"Av San Jerónimo 310-Int. 19B, San Jeronimo, 64640 Monterrey, N.L.","types":["finance","point_of_interest","establishment"],"fuente":"places_api","fetched_at":"2026-09-24T23:31:29Z"}},{"type":"Feature","geometry":{"type":"Point","coordinates":[-100.3045304,25.6332931]},"properties":{"name":"SOC|Crédito Inteligente","kind":"prestamo","place_id":"ChIJ6ZZXBXa_YoYRkBLZcdHBEt8","address":"Av Lázaro Cárdenas, 4316, Laderas del Mirador (Fomerrey 21), 64765 Monterrey, N.L.","types":["corporate_office","point_of_interest","establishment"],"fuente":"places_api","fetched_at":"2026-09-24T23:31:29Z"}},{"type":"Feature","geometry":{"type":"Point","coordinates":[-100.3520279,25.65235]},"properties":{"name":"Save Préstamos Personales","kind":"prestamo","place_id":"ChIJVVUVp-G9YoYRI5uOieGMsWQ","address":"Av. Ricardo Margain Zozaya 315, Del Valle, 66263 San Pedro Garza García, N.L.","types":["finance","point_of_interest","establishment"],"fuente":"places_api","fetched_at":"2026-09-24T23:31:29Z"}},{"type":"Feature","geometry":{"type":"Point","coordinates":[-100.1924588,25.7235355]},"properties":{"name":"T Prestamos Acapulco","kind":"prestamo","place_id":"ChIJuXUxQGfrYoYRIQXv9dAsl-4","address":"Blvd. Acapulco 124-L25, Hacienda de San Miguel, 67113 Guadalupe, N.L.","types":["finance","store","point_of_interest","service","establishment"],"fuente":"places_api","fetched_at":"2026-09-24T23:31:29Z"}},{"type":"Feature","geometry":{"type":"Point","coordinates":[-100.33259939999999,25.7388525]},"properties":{"name":"T Prestamos Almazán","kind":"prestamo","place_id":"ChIJJZQfIDuVYoYRK_Y45W1kTO8","address":"Av. Almazán 2003, Topo Chico, 64260 Monterrey, N.L.","types":["finance","store","service","point_of_interest","establishment"],"fuente":"places_api","fetched_at":"2026-09-24T23:31:29Z"}},{"type":"Feature","geometry":{"type":"Point","coordinates":[-100.3554803,25.7421161]},"properties":{"name":"T Prestamos Aztlán","kind":"prestamo","place_id":"ChIJfxjUVJ-WYoYRL6ZCBq5gOqQ","address":"Tenochtitlan 104, Unidad Modelo, 64140 Monterrey, N.L.","types":["finance","store","service","point_of_interest","establishment"],"fuente":"places_api","fetched_at":"2026-09-24T23:31:29Z"}},{"type":"Feature","geometry":{"type":"Point","coordinates":[-100.6006271,25.797122599999998]},"properties":{"name":"T Prestamos Balcones","kind":"prestamo","place_id":"ChIJ7yzusXWdYoYRUgO3p7ex0TM","address":"Av, Sor Juana Inés de La Cruz 201-L-7, Los Nogales, 66000 García, N.L.","types":["finance","store","point_of_interest","service","establishment"],"fuente":"places_api","fetched_at":"2026-09-24T23:31:29Z"}},{"type":"Feature","geometry":{"type":"Point","coordinates":[-100.25880649999999,25.784460300000003]},"properties":{"name":"T Prestamos Concordia","kind":"prestamo","place_id":"ChIJocrqlLDtYoYRvQByQ-BLznE","address":"Av. Costa de Marfil 1048 A, Prados de La Cieneguita, 66636 Cdad. Apodaca, N.L.","types":["finance","point_of_interest","service","store","establishment"],"fuente":"places_api","fetched_at":"2026-09-24T23:31:29Z"}},{"type":"Feature","geometry":{"type":"Point","coordinates":[-100.4406968,25.6815445]},"properties":{"name":"T Prestamos Cuauhtémoc","kind":"prestamo","place_id":"ChIJQ52QWVCZYoYRaR3EuPMH0yk","address":"Av. Cuauhtémoc 87-Loc 2, Los Portales Dos, 66120 Cdad. Santa Catarina, N.L.","types":["finance","store","service","point_of_interest","establishment"],"fuente":"places_api","fetched_at":"2026-09-24T23:31:29Z"}},{"type":"Feature","geometry":{"type":"Point","coordinates":[-100.21596459999999,25.656397899999998]},"properties":{"name":"T Prestamos Eloy Cavazos","kind":"prestamo","place_id":"ChIJmwcyo2TBYoYRCQPNVhcAMpc","address":"Col. Las Avenida, Av Eloy Cavazos 4321-Segundo Piso, Residencial Las Avenidas, 67185 Guadalupe, N.L.","types":["finance","store","point_of_interest","service","establishment"],"fuente":"places_api","fetched_at":"2026-09-24T23:31:29Z"}},{"type":"Feature","geometry":{"type":"Point","coordinates":[-100.31624079999999,25.7859349]},"properties":{"name":"T Prestamos Las Torres","kind":"prestamo","place_id":"ChIJJW_vqpCTYoYRlQRDw4ns2Xk","address":"Av. Las Torres 302, Villas de Escobedo II, 66057 Cdad. Gral. Escobedo, N.L.","types":["finance","point_of_interest","service","store","establishment"],"fuente":"places_api","fetched_at":"2026-09-24T23:31:29Z"}},{"type":"Feature","geometry":{"type":"Point","coordinates":[-100.215402,25.676617699999998]},"properties":{"name":"T Prestamos López Mateos","kind":"prestamo","place_id":"ChIJcdKLQqrBYoYRjoKmlqzY4r4","address":"Av. Adolfo López Mateos 306, Residencial Colibrí, 67189 Guadalupe, N.L.","types":["store","point_of_interest","establishment"],"fuente":"places_api","fetched_at":"2026-09-24T23:31:29Z"}},{"type":"Feature","geometry":{"type":"Point","coordinates":[-100.1884266,25.658117999999998]},"properties":{"name":"T Prestamos Santa María","kind":"prestamo","place_id":"ChIJewPMlnfBYoYRGU4k474eFxU","address":"Av. Pablo Livas 421, Col. Tres Caminos, Sin Nombre de Col 67, 67190 Guadalupe, N.L.","types":["store","point_of_interest","establishment"],"fuente":"places_api","fetched_at":"2026-09-24T23:31:29Z"}},{"type":"Feature","geometry":{"type":"Point","coordinates":[-100.3887735,25.7796164]},"properties":{"name":"T Prestamos Solidaridad","kind":"prestamo","place_id":"ChIJdXMY5riRYoYRHlub8h5C_CI","address":"Av. Cabezada 10701-L-14, Barrio San Luis, 64102 Monterrey, N.L.","types":["store","point_of_interest","establishment"],"fuente":"places_api","fetched_at":"2026-09-24T23:31:29Z"}},{"type":"Feature","geometry":{"type":"Point","coordinates":[-100.49870109999999,25.6976785]},"properties":{"name":"T Prestamos Villas la Huasteca","kind":"prestamo","place_id":"ChIJmSyQSGSZYoYR_-Sb9q6MspQ","address":"Av. Las Torres 900-L-10, Col. Bosques de la Huasteca, 66354 Cdad. Santa Catarina, N.L.","types":["store","point_of_interest","establishment"],"fuente":"places_api","fetched_at":"2026-09-24T23:31:29Z"}},{"type":"Feature","geometry":{"type":"Point","coordinates":[-100.3300115,25.7928877]},"properties":{"name":"Vida Financiera","kind":"prestamo","place_id":"ChIJ3c32GeuTYoYRCkri3etlfts","address":"Av. Raúl Salinas Lozano 555, Fraccionamiento Cortijo los Ayala, Hacienda de los Ayala, 66072 Cdad. Gral. Escobedo, N.L.","types":["consultant","finance","service","point_of_interest","establishment"],"fuente":"places_api","fetched_at":"2026-09-24T23:31:29Z"}},{"type":"Feature","geometry":{"type":"Point","coordinates":[-100.319099,25.780981999999998]},"properties":{"name":"XICO PRESTAMO SEGURO","kind":"prestamo","place_id":"ChIJXehbJHiUYoYRTf7WviZoqYk","address":"Raúl Salinas Lozano, Felipe Carrillo Puerto #223, INFONAVIT Felipe Carrillo Puerto, 66055 Cdad. Gral. Escobedo, N.L.","types":["finance","point_of_interest","service","store","establishment"],"fuente":"places_api","fetched_at":"2026-09-24T23:31:29Z"}},{"type":"Feature","geometry":{"type":"Point","coordinates":[-100.13636650000001,25.6662462]},"properties":{"name":"Xico Prestamo Seguro","kind":"prestamo","place_id":"ChIJWQVabWjCYoYR9Aua27NTyZc","address":"Av Coahuila, Coahuila, 67257 Cdad. Benito Juárez, N.L.","types":["finance","point_of_interest","service","store","establishment"],"fuente":"places_api","fetched_at":"2026-09-24T23:31:29Z"}},{"type":"Feature","geometry":{"type":"Point","coordinates":[-100.19989369999999,25.7233843]},"properties":{"name":"Xico Préstamo Seguro","kind":"prestamo","place_id":"ChIJ22Cvok7qYoYRnajVpUDvx_E","address":"Ave. Acapulco#307, Los Cristales, Los Cristales 1er Sector, 67117 Guadalupe, N.L.","types":["finance","point_of_interest","service","store","establishment"],"fuente":"places_api","fetched_at":"2026-09-24T23:31:29Z"}},{"type":"Feature","geometry":{"type":"Point","coordinates":[-100.38351589999999,25.7615296]},"properties":{"name":"Xico Préstamo Seguro","kind":"prestamo","place_id":"ChIJC5IVndKWYoYRQfW7IC3t7NE","address":"Av. Solidaridad 8440, San Bernabé XIV Sector, 64106 Monterrey, N.L.","types":["finance","store","service","point_of_interest","establishment"],"fuente":"places_api","fetched_at":"2026-09-24T23:31:29Z"}},{"type":"Feature","geometry":{"type":"Point","coordinates":[-100.39279359999999,25.753041099999997]},"properties":{"name":"Xico Préstamo Seguro","kind":"prestamo","place_id":"ChIJCYG71deWYoYR0fj8OF1bs-A","address":"Av Abraham Lincoln 7515, Plutarco Elías Calles, 64108 Monterrey, N.L.","types":["finance","store","point_of_interest","service","establishment"],"fuente":"places_api","fetched_at":"2026-09-24T23:31:29Z"}},{"type":"Feature","geometry":{"type":"Point","coordinates":[-100.22450669999999,25.6580077]},"properties":{"name":"Xico Préstamo Seguro","kind":"prestamo","place_id":"ChIJOdiW2DfAYoYRXsLYkkOEgXw","address":"Av Eloy Cavazos 3688, Arboledas de La Silla, 67182 Monterrey, N.L.","types":["finance","store","point_of_interest","service","establishment"],"fuente":"places_api","fetched_at":"2026-09-24T23:31:29Z"}},{"type":"Feature","geometry":{"type":"Point","coordinates":[-100.1689117,25.705967599999997]},"properties":{"name":"Xico Préstamo Seguro","kind":"prestamo","place_id":"ChIJcUrUCvXpYoYRIMQNJiCBhTw","address":"Orfeo #117, Bosquejo del Sol, 67114 Guadalupe, N.L.","types":["finance","point_of_interest","service","store","establishment"],"fuente":"places_api","fetched_at":"2026-09-24T23:31:29Z"}},{"type":"Feature","geometry":{"type":"Point","coordinates":[-100.34749939999999,25.732930999999997]},"properties":{"name":"Xico Préstamo Seguro","kind":"prestamo","place_id":"ChIJyXKjFKyVYoYRw-KzKoeKPao","address":"Av. Solidaridad 6651, Nueva Galicia, 64259 Monterrey, N.L.","types":["finance","store","service","point_of_interest","establishment"],"fuente":"places_api","fetched_at":"2026-09-24T23:31:29Z"}},{"type":"Feature","geometry":{"type":"Point","coordinates":[-100.2607424,25.7907673]},"properties":{"name":"prestamo seguro","kind":"prestamo","place_id":"ChIJJxxRRUuTYoYRzyycMQ2N2jA","address":"Av. Andrómeda 403, Insurgentes, 66612 Cdad. Apodaca, N.L.","types":["finance","point_of_interest","service","store","establishment"],"fuente":"places_api","fetched_at":"2026-09-24T23:31:29Z"}},{"type":"Feature","geometry":{"type":"Point","coordinates":[-100.36131139999999,25.7227688]},"properties":{"name":"prestamosyes","kind":"prestamo","place_id":"ChIJAQDAIoaWYoYRyIJ0XZh75YE","address":"Av Abraham Lincoln 2503, Graciano Bortoni, 64178 Monterrey, N.L.","types":["finance","point_of_interest","establishment"],"fuente":"places_api","fetched_at":"2026-09-24T23:31:29Z"}},{"type":"Feature","geometry":{"type":"Point","coordinates":[-100.4846457,25.6821855]},"properties":{"name":"prestamosyes","kind":"prestamo","place_id":"ChIJq6ruHWKYYoYRrXkTDCfgvNA","address":"Av Manuel Ordoñez 2401, Sin Nombre de Col 1, 66358 Cdad. Santa Catarina, N.L.","types":["finance","point_of_interest","establishment"],"fuente":"places_api","fetched_at":"2026-09-24T23:31:29Z"}}]}
