{"type":"FeatureCollection","properties":{"source":"OSM Overpass","generated":"2026-09-21T21:30:01Z","scope":"General Escobedo highways clipped to colonia polygons","bbox":[-100.43950000000001,25.760499999999997,-100.25319999999999,25.8628],"n":1777,"note":"Prebaked for scout trayecto; live Overpass optional refresh"},"features":[{"type":"Feature","properties":{"highway":"residential","osm_id":79661036},"geometry":{"type":"LineString","coordinates":[[-100.3796,25.799155],[-100.379902,25.798916],[-100.379999,25.798839],[-100.380144,25.798731],[-100.380241,25.798668],[-100.3804,25.798576],[-100.380648,25.798454],[-100.380887,25.798334],[-100.381181,25.798193],[-100.381295,25.798136],[-100.381354,25.798107],[-100.38143,25.798083],[-100.381467,25.798077],[-100.381505,25.798073],[-100.381567,25.79808],[-100.381607,25.798087],[-100.381946,25.798163],[-100.381961,25.798166],[-100.381978,25.79817],[-100.382025,25.798172],[-100.382109,25.798176],[-100.38231,25.79818],[-100.382942,25.798192]]}},{"type":"Feature","properties":{"highway":"primary","osm_id":126808215},"geometry":{"type":"LineString","coordinates":[[-100.276294,25.802945],[-100.276479,25.803074],[-100.276673,25.803215],[-100.276843,25.803358],[-100.277382,25.803857],[-100.278223,25.804621],[-100.279013,25.805353],[-100.279274,25.805595],[-100.279721,25.80601],[-100.279788,25.806076],[-100.279915,25.806193],[-100.279979,25.806252],[-100.280046,25.806313],[-100.280304,25.806543],[-100.280426,25.806648],[-100.282095,25.808179],[-100.28219,25.808266],[-100.282351,25.808413],[-100.282745,25.80878],[-100.283381,25.809371],[-100.283764,25.809719],[-100.284074,25.810019],[-100.284119,25.810062],[-100.286079,25.811856],[-100.287523,25.813163],[-100.287759,25.813387],[-100.289391,25.814891],[-100.29099,25.816367],[-100.291274,25.816629],[-100.292459,25.817724],[-100.293016,25.818238],[-100.294009,25.81919],[-100.29418,25.819363],[-100.294289,25.819469],[-100.294481,25.819646]]}},{"type":"Feature","properties":{"highway":"tertiary","osm_id":149951835},"geometry":{"type":"LineString","coordinates":[[-100.414138,25.790876],[-100.414494,25.790707],[-100.414836,25.790552],[-100.415002,25.790474],[-100.415166,25.790398],[-100.415414,25.790295],[-100.415503,25.790258],[-100.41557,25.790232],[-100.415649,25.79021],[-100.415722,25.790201],[-100.415809,25.790209],[-100.415922,25.790225],[-100.416375,25.790307],[-100.416803,25.790365],[-100.417258,25.790402]]}},{"type":"Feature","properties":{"highway":"tertiary","osm_id":149953740},"geometry":{"type":"LineString","coordinates":[[-100.417898,25.799215],[-100.417796,25.799034],[-100.417619,25.798652],[-100.417428,25.798247],[-100.417269,25.797874],[-100.416578,25.796336],[-100.416254,25.795603],[-100.415667,25.794341],[-100.414831,25.792445],[-100.414138,25.790876]]}},{"type":"Feature","properties":{"highway":"tertiary","osm_id":149953764},"geometry":{"type":"LineString","coordinates":[[-100.414,25.790935],[-100.414095,25.791104],[-100.41472,25.792492],[-100.415564,25.794383],[-100.416012,25.795383],[-100.416472,25.796375],[-100.416644,25.796764],[-100.417166,25.797935],[-100.417334,25.798317],[-100.417511,25.798703],[-100.417698,25.799104],[-100.417775,25.799286]]}},{"type":"Feature","properties":{"highway":"residential","osm_id":149954188},"geometry":{"type":"LineString","coordinates":[[-100.415414,25.790295],[-100.4154,25.790155],[-100.415376,25.789824]]}},{"type":"Feature","properties":{"highway":"tertiary","osm_id":150021854},"geometry":{"type":"LineString","coordinates":[[-100.389312,25.808339],[-100.38936,25.808308],[-100.389525,25.808202],[-100.38989,25.807981],[-100.391285,25.807172],[-100.391621,25.806981]]}},{"type":"Feature","properties":{"highway":"residential","osm_id":156226920},"geometry":{"type":"LineString","coordinates":[[-100.332562,25.771187],[-100.332373,25.772113],[-100.33234,25.772278],[-100.332245,25.772745],[-100.331933,25.774265],[-100.331928,25.774287]]}},{"type":"Feature","properties":{"highway":"residential","osm_id":156251088},"geometry":{"type":"LineString","coordinates":[[-100.327459,25.789027],[-100.327539,25.78903],[-100.328844,25.789508],[-100.328949,25.789541]]}},{"type":"Feature","properties":{"highway":"residential","osm_id":156251089},"geometry":{"type":"LineString","coordinates":[[-100.328941,25.78901],[-100.327559,25.788479]]}},{"type":"Feature","properties":{"highway":"residential","osm_id":156251091},"geometry":{"type":"LineString","coordinates":[[-100.328562,25.790925],[-100.328185,25.790809],[-100.32814,25.790811],[-100.328097,25.790833]]}},{"type":"Feature","properties":{"highway":"residential","osm_id":156251093},"geometry":{"type":"LineString","coordinates":[[-100.32907,25.788379],[-100.327611,25.788138]]}},{"type":"Feature","properties":{"highway":"residential","osm_id":156251094},"geometry":{"type":"LineString","coordinates":[[-100.3278,25.779998],[-100.32922,25.780234]]}},{"type":"Feature","properties":{"highway":"residential","osm_id":156251097},"geometry":{"type":"LineString","coordinates":[[-100.328572,25.783461],[-100.330019,25.783703]]}},{"type":"Feature","properties":{"highway":"residential","osm_id":156251098},"geometry":{"type":"LineString","coordinates":[[-100.327888,25.779526],[-100.328927,25.779701],[-100.329239,25.779752]]}},{"type":"Feature","properties":{"highway":"residential","osm_id":156251118},"geometry":{"type":"LineString","coordinates":[[-100.328762,25.790414],[-100.328654,25.790438],[-100.327907,25.790164]]}},{"type":"Feature","properties":{"highway":"residential","osm_id":156251119},"geometry":{"type":"LineString","coordinates":[[-100.327961,25.779147],[-100.329066,25.779336]]}},{"type":"Feature","properties":{"highway":"residential","osm_id":156251127},"geometry":{"type":"LineString","coordinates":[[-100.326653,25.785588],[-100.328075,25.785823],[-100.329534,25.786069]]}},{"type":"Feature","properties":{"highway":"residential","osm_id":156251130},"geometry":{"type":"LineString","coordinates":[[-100.326811,25.786592],[-100.327904,25.786742],[-100.32935,25.786993]]}},{"type":"Feature","properties":{"highway":"residential","osm_id":156251131},"geometry":{"type":"LineString","coordinates":[[-100.327604,25.780923],[-100.329044,25.781133],[-100.32954,25.781228],[-100.329976,25.781305]]}},{"type":"Feature","properties":{"highway":"residential","osm_id":156251132},"geometry":{"type":"LineString","coordinates":[[-100.329164,25.787901],[-100.327707,25.787664],[-100.327134,25.78758]]}},{"type":"Feature","properties":{"highway":"residential","osm_id":156251134},"geometry":{"type":"LineString","coordinates":[[-100.327509,25.781381],[-100.328944,25.781607],[-100.329704,25.781745],[-100.330223,25.781826]]}},{"type":"Feature","properties":{"highway":"residential","osm_id":156251135},"geometry":{"type":"LineString","coordinates":[[-100.326936,25.784217],[-100.328351,25.78445],[-100.329807,25.784675]]}},{"type":"Feature","properties":{"highway":"residential","osm_id":156251136},"geometry":{"type":"LineString","coordinates":[[-100.327332,25.782305],[-100.328761,25.782529],[-100.330205,25.782788]]}},{"type":"Feature","properties":{"highway":"residential","osm_id":156251138},"geometry":{"type":"LineString","coordinates":[[-100.326753,25.785136],[-100.328166,25.785373],[-100.329622,25.785598]]}},{"type":"Feature","properties":{"highway":"residential","osm_id":156251139},"geometry":{"type":"LineString","coordinates":[[-100.326669,25.78608],[-100.327983,25.786282],[-100.329438,25.786536]]}},{"type":"Feature","properties":{"highway":"residential","osm_id":156251142},"geometry":{"type":"LineString","coordinates":[[-100.327703,25.780447],[-100.329104,25.780691],[-100.329726,25.780779]]}},{"type":"Feature","properties":{"highway":"residential","osm_id":156251143},"geometry":{"type":"LineString","coordinates":[[-100.326969,25.787076],[-100.327795,25.787223],[-100.329258,25.787467]]}},{"type":"Feature","properties":{"highway":"residential","osm_id":156251146},"geometry":{"type":"LineString","coordinates":[[-100.327418,25.781844],[-100.328851,25.782067],[-100.33029,25.782325]]}},{"type":"Feature","properties":{"highway":"residential","osm_id":156251149},"geometry":{"type":"LineString","coordinates":[[-100.326848,25.784696],[-100.328256,25.784922],[-100.329719,25.785134]]}},{"type":"Feature","properties":{"highway":"residential","osm_id":156251151},"geometry":{"type":"LineString","coordinates":[[-100.330113,25.783247],[-100.328667,25.783],[-100.327234,25.782783]]}},{"type":"Feature","properties":{"highway":"residential","osm_id":156269454},"geometry":{"type":"LineString","coordinates":[[-100.32903,25.778532],[-100.329122,25.77819],[-100.329321,25.777195],[-100.329519,25.7762],[-100.329605,25.775765],[-100.329621,25.775689],[-100.329716,25.775212],[-100.329974,25.773917],[-100.329984,25.773868],[-100.330144,25.773062],[-100.330229,25.77264],[-100.3304,25.771778],[-100.33049,25.771329]]}},{"type":"Feature","properties":{"highway":"residential","osm_id":156269490},"geometry":{"type":"LineString","coordinates":[[-100.330144,25.773062],[-100.330658,25.773145]]}},{"type":"Feature","properties":{"highway":"residential","osm_id":156269535},"geometry":{"type":"LineString","coordinates":[[-100.330217,25.770835],[-100.330102,25.77139]]}},{"type":"Feature","properties":{"highway":"residential","osm_id":156269562},"geometry":{"type":"LineString","coordinates":[[-100.329761,25.772558],[-100.330229,25.77264]]}},{"type":"Feature","properties":{"highway":"residential","osm_id":156269575},"geometry":{"type":"LineString","coordinates":[[-100.330607,25.773397],[-100.329984,25.773868]]}},{"type":"Feature","properties":{"highway":"residential","osm_id":156269597},"geometry":{"type":"LineString","coordinates":[[-100.331242,25.772795],[-100.331413,25.77195],[-100.331535,25.771354]]}},{"type":"Feature","properties":{"highway":"residential","osm_id":156269601},"geometry":{"type":"LineString","coordinates":[[-100.32977,25.780089],[-100.32992,25.779351],[-100.330122,25.778357],[-100.330324,25.777365],[-100.330528,25.776363],[-100.330729,25.775375],[-100.330815,25.774952],[-100.330989,25.774098]]}},{"type":"Feature","properties":{"highway":"residential","osm_id":156269602},"geometry":{"type":"LineString","coordinates":[[-100.331717,25.772875],[-100.331885,25.77203],[-100.332037,25.771272]]}},{"type":"Feature","properties":{"highway":"residential","osm_id":156269627},"geometry":{"type":"LineString","coordinates":[[-100.32992,25.779351],[-100.330403,25.779433],[-100.330854,25.779509]]}},{"type":"Feature","properties":{"highway":"residential","osm_id":156269654},"geometry":{"type":"LineString","coordinates":[[-100.329531,25.771392],[-100.329613,25.771403],[-100.330102,25.77139],[-100.330325,25.771371],[-100.330412,25.771359],[-100.33049,25.771329],[-100.330568,25.771269],[-100.33065,25.771232],[-100.33099,25.771288]]}},{"type":"Feature","properties":{"highway":"residential","osm_id":156269686},"geometry":{"type":"LineString","coordinates":[[-100.330954,25.771447],[-100.331003,25.771439],[-100.331535,25.771354],[-100.332037,25.771272],[-100.332562,25.771187],[-100.332666,25.771153]]}},{"type":"Feature","properties":{"highway":"residential","osm_id":156269708},"geometry":{"type":"LineString","coordinates":[[-100.330809,25.777447],[-100.331011,25.776442],[-100.331209,25.775453],[-100.331325,25.774877],[-100.331465,25.774182]]}},{"type":"Feature","properties":{"highway":"residential","osm_id":156269715},"geometry":{"type":"LineString","coordinates":[[-100.328686,25.777807],[-100.328828,25.777111],[-100.329031,25.77612],[-100.329233,25.775134],[-100.329436,25.774146],[-100.329673,25.772986],[-100.329761,25.772558],[-100.329937,25.771699]]}},{"type":"Feature","properties":{"highway":"residential","osm_id":156269717},"geometry":{"type":"LineString","coordinates":[[-100.331831,25.774731],[-100.331779,25.77472],[-100.331757,25.774717],[-100.331736,25.774719],[-100.331371,25.774855],[-100.331325,25.774877],[-100.331264,25.774899],[-100.331228,25.774909],[-100.330969,25.774953],[-100.330939,25.774957],[-100.330897,25.77496],[-100.330861,25.774959],[-100.330815,25.774952],[-100.330307,25.774875]]}},{"type":"Feature","properties":{"highway":"residential","osm_id":156269718},"geometry":{"type":"LineString","coordinates":[[-100.329122,25.77819],[-100.329619,25.778273],[-100.330122,25.778357],[-100.330604,25.778437],[-100.331056,25.778512]]}},{"type":"Feature","properties":{"highway":"residential","osm_id":156269732},"geometry":{"type":"LineString","coordinates":[[-100.330118,25.780807],[-100.330174,25.780573],[-100.330202,25.78043],[-100.330403,25.779433],[-100.330604,25.778437]]}},{"type":"Feature","properties":{"highway":"residential","osm_id":156269758},"geometry":{"type":"LineString","coordinates":[[-100.328582,25.776047],[-100.329031,25.77612],[-100.329519,25.7762],[-100.330022,25.776281],[-100.330528,25.776363],[-100.331011,25.776442],[-100.331456,25.776514]]}},{"type":"Feature","properties":{"highway":"residential","osm_id":156269759},"geometry":{"type":"LineString","coordinates":[[-100.330745,25.772711],[-100.331242,25.772795],[-100.331717,25.772875],[-100.331786,25.772875],[-100.331855,25.772868],[-100.331925,25.772858],[-100.33199,25.772843],[-100.332062,25.772822],[-100.332142,25.772795],[-100.332245,25.772745]]}},{"type":"Feature","properties":{"highway":"residential","osm_id":156269764},"geometry":{"type":"LineString","coordinates":[[-100.329484,25.771626],[-100.329937,25.771699],[-100.3304,25.771778],[-100.330917,25.771865],[-100.331413,25.77195],[-100.331885,25.77203],[-100.332373,25.772113]]}},{"type":"Feature","properties":{"highway":"residential","osm_id":156269767},"geometry":{"type":"LineString","coordinates":[[-100.328783,25.775061],[-100.329233,25.775134],[-100.329716,25.775212],[-100.330222,25.775294],[-100.330729,25.775375],[-100.331209,25.775453],[-100.331666,25.775527]]}},{"type":"Feature","properties":{"highway":"residential","osm_id":156269775},"geometry":{"type":"LineString","coordinates":[[-100.328301,25.777022],[-100.32838,25.777035],[-100.328828,25.777111],[-100.329321,25.777195],[-100.32982,25.777279],[-100.330324,25.777365],[-100.330809,25.777447],[-100.331259,25.777523]]}},{"type":"Feature","properties":{"highway":"residential","osm_id":156269788},"geometry":{"type":"LineString","coordinates":[[-100.329221,25.772913],[-100.329673,25.772986]]}},{"type":"Feature","properties":{"highway":"residential","osm_id":156270383},"geometry":{"type":"LineString","coordinates":[[-100.295221,25.799422],[-100.295249,25.799379],[-100.295261,25.799336],[-100.295242,25.798778],[-100.295272,25.798147],[-100.295424,25.797333],[-100.295469,25.796881],[-100.295325,25.795675],[-100.295245,25.794986],[-100.295114,25.794072]]}},{"type":"Feature","properties":{"highway":"residential","osm_id":156270386},"geometry":{"type":"LineString","coordinates":[[-100.294713,25.795087],[-100.295245,25.794986],[-100.295749,25.794886],[-100.296263,25.794787],[-100.296765,25.794676],[-100.297139,25.79459],[-100.297475,25.794494],[-100.297743,25.79445],[-100.297957,25.794442],[-100.297981,25.794448]]}},{"type":"Feature","properties":{"highway":"residential","osm_id":156270396},"geometry":{"type":"LineString","coordinates":[[-100.297714,25.795498],[-100.297732,25.795922],[-100.297736,25.79602],[-100.297755,25.796347],[-100.297766,25.796468],[-100.297784,25.796772],[-100.297793,25.796957],[-100.297795,25.79708],[-100.297801,25.797181],[-100.297823,25.797636],[-100.297832,25.797808],[-100.297853,25.798067],[-100.297873,25.798461]]}},{"type":"Feature","properties":{"highway":"residential","osm_id":156270427},"geometry":{"type":"LineString","coordinates":[[-100.297216,25.798224],[-100.297229,25.797698]]}},{"type":"Feature","properties":{"highway":"residential","osm_id":156270437},"geometry":{"type":"LineString","coordinates":[[-100.296765,25.794676],[-100.29665,25.793649]]}},{"type":"Feature","properties":{"highway":"residential","osm_id":156270445},"geometry":{"type":"LineString","coordinates":[[-100.297593,25.795505],[-100.297475,25.794494]]}},{"type":"Feature","properties":{"highway":"residential","osm_id":156270446},"geometry":{"type":"LineString","coordinates":[[-100.297853,25.798067],[-100.298848,25.79802]]}},{"type":"Feature","properties":{"highway":"residential","osm_id":156270450},"geometry":{"type":"LineString","coordinates":[[-100.297766,25.796468],[-100.296948,25.796459],[-100.295924,25.796419]]}},{"type":"Feature","properties":{"highway":"residential","osm_id":156270453},"geometry":{"type":"LineString","coordinates":[[-100.297823,25.797636],[-100.298821,25.797577],[-100.299206,25.797554]]}},{"type":"Feature","properties":{"highway":"residential","osm_id":156270456},"geometry":{"type":"LineString","coordinates":[[-100.29588,25.795954],[-100.2969,25.795993],[-100.297736,25.79602]]}},{"type":"Feature","properties":{"highway":"residential","osm_id":156270457},"geometry":{"type":"LineString","coordinates":[[-100.296358,25.7956],[-100.296263,25.794787],[-100.296147,25.793613]]}},{"type":"Feature","properties":{"highway":"residential","osm_id":156270487},"geometry":{"type":"LineString","coordinates":[[-100.293523,25.798086],[-100.29363,25.798087],[-100.294315,25.798108],[-100.294891,25.79813],[-100.295272,25.798147]]}},{"type":"Feature","properties":{"highway":"residential","osm_id":156270494},"geometry":{"type":"LineString","coordinates":[[-100.293536,25.799598],[-100.294458,25.799502],[-100.295002,25.799465],[-100.29514,25.799456],[-100.295181,25.799446],[-100.295221,25.799422]]}},{"type":"Feature","properties":{"highway":"residential","osm_id":156270497},"geometry":{"type":"LineString","coordinates":[[-100.297801,25.797181],[-100.298794,25.797134],[-100.299346,25.797104],[-100.299503,25.7971]]}},{"type":"Feature","properties":{"highway":"residential","osm_id":156270500},"geometry":{"type":"LineString","coordinates":[[-100.295424,25.797333],[-100.296945,25.797636],[-100.297229,25.797698],[-100.297832,25.797808]]}},{"type":"Feature","properties":{"highway":"residential","osm_id":156270509},"geometry":{"type":"LineString","coordinates":[[-100.296945,25.797636],[-100.29698,25.796938],[-100.296948,25.796459],[-100.2969,25.795993],[-100.296865,25.795562]]}},{"type":"Feature","properties":{"highway":"residential","osm_id":156270529},"geometry":{"type":"LineString","coordinates":[[-100.295002,25.799465],[-100.294891,25.79813],[-100.294849,25.796903],[-100.294766,25.79572],[-100.294713,25.795087],[-100.29466,25.794499]]}},{"type":"Feature","properties":{"highway":"residential","osm_id":156270542},"geometry":{"type":"LineString","coordinates":[[-100.295961,25.796912],[-100.295924,25.796419],[-100.29588,25.795954],[-100.295844,25.79564],[-100.295749,25.794886],[-100.295649,25.793968],[-100.295626,25.793793],[-100.29561,25.793675],[-100.295607,25.793625]]}},{"type":"Feature","properties":{"highway":"residential","osm_id":156270553},"geometry":{"type":"LineString","coordinates":[[-100.294458,25.799502],[-100.294438,25.799444],[-100.294424,25.799391],[-100.294315,25.798108],[-100.294222,25.796911],[-100.294144,25.795761],[-100.294104,25.795092]]}},{"type":"Feature","properties":{"highway":"residential","osm_id":156270554},"geometry":{"type":"LineString","coordinates":[[-100.293547,25.79691],[-100.294222,25.796911],[-100.294849,25.796903],[-100.295469,25.796881],[-100.295961,25.796912],[-100.29698,25.796938],[-100.297793,25.796957]]}},{"type":"Feature","properties":{"highway":"residential","osm_id":156270580},"geometry":{"type":"LineString","coordinates":[[-100.295693,25.793565],[-100.295607,25.793625],[-100.295114,25.794072],[-100.29466,25.794499],[-100.294104,25.795092],[-100.293812,25.795333],[-100.293802,25.795341],[-100.293458,25.795594],[-100.293346,25.795676],[-100.293175,25.795799]]}},{"type":"Feature","properties":{"highway":"residential","osm_id":156332207},"geometry":{"type":"LineString","coordinates":[[-100.268782,25.808989],[-100.26971,25.807676],[-100.270138,25.807065],[-100.270311,25.806719],[-100.270453,25.806376],[-100.270486,25.806188],[-100.270514,25.80598],[-100.270509,25.805672],[-100.270507,25.805579],[-100.270477,25.804774],[-100.270459,25.804371]]}},{"type":"Feature","properties":{"highway":"residential","osm_id":156332208},"geometry":{"type":"LineString","coordinates":[[-100.276477,25.801772],[-100.275969,25.801618],[-100.275826,25.801569],[-100.275741,25.801537],[-100.275675,25.801507],[-100.27561,25.801453],[-100.275327,25.801208],[-100.275145,25.801094]]}},{"type":"Feature","properties":{"highway":"residential","osm_id":156332211},"geometry":{"type":"LineString","coordinates":[[-100.271247,25.809507],[-100.27126,25.809502],[-100.271276,25.809487],[-100.271781,25.808758],[-100.271808,25.808719],[-100.272386,25.807877],[-100.272802,25.807201],[-100.272998,25.806866],[-100.273168,25.806515],[-100.273331,25.806157],[-100.273471,25.805852],[-100.273476,25.805823],[-100.273468,25.805789],[-100.27346,25.805763],[-100.273455,25.805734],[-100.273461,25.805701],[-100.273484,25.805635],[-100.273512,25.805547],[-100.273532,25.805477],[-100.273533,25.805453],[-100.273528,25.805423]]}},{"type":"Feature","properties":{"highway":"residential","osm_id":156332214},"geometry":{"type":"LineString","coordinates":[[-100.271247,25.809507],[-100.271232,25.809508],[-100.271216,25.809507],[-100.270966,25.809446],[-100.27054,25.809368],[-100.270096,25.80927],[-100.269889,25.809234],[-100.269666,25.809185],[-100.269251,25.809092],[-100.268782,25.808989],[-100.268499,25.808941],[-100.268043,25.808857],[-100.267719,25.808807],[-100.26767,25.808791],[-100.267627,25.808767],[-100.267597,25.808732]]}},{"type":"Feature","properties":{"highway":"residential","osm_id":156332215},"geometry":{"type":"LineString","coordinates":[[-100.263198,25.803184],[-100.263254,25.803515],[-100.263313,25.803849],[-100.263384,25.80423],[-100.263446,25.804596],[-100.263509,25.804974],[-100.263708,25.806223],[-100.263945,25.807596],[-100.264043,25.808256],[-100.264052,25.808785],[-100.264047,25.809098]]}},{"type":"Feature","properties":{"highway":"residential","osm_id":156332218},"geometry":{"type":"LineString","coordinates":[[-100.266458,25.806473],[-100.266442,25.806111],[-100.266509,25.805726],[-100.266547,25.805436],[-100.266573,25.805328],[-100.266633,25.805131],[-100.266661,25.805077],[-100.266763,25.804933],[-100.266807,25.80486],[-100.26684,25.804786],[-100.26686,25.804716],[-100.266873,25.804643],[-100.266879,25.804504],[-100.266876,25.804425],[-100.266876,25.804318]]}},{"type":"Feature","properties":{"highway":"residential","osm_id":156332219},"geometry":{"type":"LineString","coordinates":[[-100.270127,25.804431],[-100.270286,25.804397],[-100.270459,25.804371],[-100.27055,25.804366],[-100.27065,25.80438],[-100.270919,25.80447],[-100.271037,25.804507],[-100.271343,25.804617],[-100.271438,25.80465],[-100.271617,25.804717],[-100.27175,25.804764],[-100.271833,25.804791],[-100.272216,25.804921],[-100.272598,25.805058],[-100.272975,25.805197],[-100.273381,25.805345],[-100.273486,25.805388],[-100.273511,25.805403],[-100.273528,25.805423]]}},{"type":"Feature","properties":{"highway":"residential","osm_id":156332220},"geometry":{"type":"LineString","coordinates":[[-100.26492,25.808231],[-100.264861,25.807853],[-100.264792,25.807481],[-100.264739,25.807106],[-100.264681,25.806741],[-100.264616,25.806358],[-100.264564,25.806111],[-100.264543,25.805976],[-100.264487,25.805606],[-100.264427,25.805229],[-100.264359,25.804854],[-100.264295,25.804475],[-100.264235,25.804105],[-100.264169,25.803739],[-100.264147,25.80356]]}},{"type":"Feature","properties":{"highway":"residential","osm_id":156332224},"geometry":{"type":"LineString","coordinates":[[-100.266573,25.805328],[-100.26555,25.805459],[-100.264487,25.805606]]}},{"type":"Feature","properties":{"highway":"residential","osm_id":156332225},"geometry":{"type":"LineString","coordinates":[[-100.272961,25.803609],[-100.273117,25.803255]]}},{"type":"Feature","properties":{"highway":"residential","osm_id":156332226},"geometry":{"type":"LineString","coordinates":[[-100.266442,25.806111],[-100.264616,25.806358]]}},{"type":"Feature","properties":{"highway":"residential","osm_id":156332227},"geometry":{"type":"LineString","coordinates":[[-100.26372,25.803798],[-100.263622,25.803348]]}},{"type":"Feature","properties":{"highway":"residential","osm_id":156332228},"geometry":{"type":"LineString","coordinates":[[-100.268043,25.808857],[-100.267853,25.807595]]}},{"type":"Feature","properties":{"highway":"residential","osm_id":156332231},"geometry":{"type":"LineString","coordinates":[[-100.272598,25.805058],[-100.273195,25.803696]]}},{"type":"Feature","properties":{"highway":"residential","osm_id":156332238},"geometry":{"type":"LineString","coordinates":[[-100.266509,25.805726],[-100.264543,25.805976]]}},{"type":"Feature","properties":{"highway":"residential","osm_id":156332239},"geometry":{"type":"LineString","coordinates":[[-100.272878,25.800443],[-100.272587,25.800961]]}},{"type":"Feature","properties":{"highway":"residential","osm_id":156332251},"geometry":{"type":"LineString","coordinates":[[-100.264861,25.807853],[-100.265734,25.807741]]}},{"type":"Feature","properties":{"highway":"residential","osm_id":156332253},"geometry":{"type":"LineString","coordinates":[[-100.27267,25.805915],[-100.272816,25.805587],[-100.272975,25.805197],[-100.273593,25.803832]]}},{"type":"Feature","properties":{"highway":"residential","osm_id":156332254},"geometry":{"type":"LineString","coordinates":[[-100.271833,25.804791],[-100.272421,25.80342]]}},{"type":"Feature","properties":{"highway":"residential","osm_id":156332255},"geometry":{"type":"LineString","coordinates":[[-100.268458,25.808664],[-100.268777,25.808225],[-100.269213,25.807605]]}},{"type":"Feature","properties":{"highway":"residential","osm_id":156332258},"geometry":{"type":"LineString","coordinates":[[-100.272216,25.804921],[-100.272811,25.80356]]}},{"type":"Feature","properties":{"highway":"residential","osm_id":156332262},"geometry":{"type":"LineString","coordinates":[[-100.265905,25.804631],[-100.265795,25.804083]]}},{"type":"Feature","properties":{"highway":"residential","osm_id":156332263},"geometry":{"type":"LineString","coordinates":[[-100.271371,25.805878],[-100.271364,25.805264],[-100.271343,25.804617]]}},{"type":"Feature","properties":{"highway":"residential","osm_id":156332266},"geometry":{"type":"LineString","coordinates":[[-100.268358,25.808082],[-100.268755,25.807565]]}},{"type":"Feature","properties":{"highway":"residential","osm_id":156332267},"geometry":{"type":"LineString","coordinates":[[-100.271037,25.804507],[-100.271349,25.803856]]}},{"type":"Feature","properties":{"highway":"residential","osm_id":156332268},"geometry":{"type":"LineString","coordinates":[[-100.264427,25.805229],[-100.265559,25.805065],[-100.266763,25.804933]]}},{"type":"Feature","properties":{"highway":"residential","osm_id":156332270},"geometry":{"type":"LineString","coordinates":[[-100.271868,25.803645],[-100.271246,25.803396]]}},{"type":"Feature","properties":{"highway":"residential","osm_id":156332271},"geometry":{"type":"LineString","coordinates":[[-100.265606,25.80699],[-100.264739,25.807106]]}},{"type":"Feature","properties":{"highway":"residential","osm_id":156332272},"geometry":{"type":"LineString","coordinates":[[-100.263923,25.804918],[-100.26402,25.805562],[-100.264115,25.806162],[-100.264367,25.807537],[-100.264507,25.80827]]}},{"type":"Feature","properties":{"highway":"residential","osm_id":156332273},"geometry":{"type":"LineString","coordinates":[[-100.270959,25.805738],[-100.270919,25.80447]]}},{"type":"Feature","properties":{"highway":"residential","osm_id":156332274},"geometry":{"type":"LineString","coordinates":[[-100.262229,25.80312],[-100.262363,25.803096],[-100.262417,25.803085],[-100.262486,25.803075],[-100.262537,25.803073],[-100.262671,25.803073],[-100.26281,25.803102],[-100.26315,25.803171],[-100.263198,25.803184],[-100.263622,25.803348],[-100.263822,25.803419],[-100.263946,25.803464],[-100.264039,25.803503],[-100.264147,25.80356],[-100.264273,25.803636],[-100.264399,25.803697],[-100.264544,25.803758],[-100.264831,25.803856],[-100.265065,25.803924],[-100.265227,25.803958],[-100.265349,25.803987],[-100.265795,25.804083],[-100.266238,25.804179],[-100.266876,25.804318]]}},{"type":"Feature","properties":{"highway":"residential","osm_id":156332276},"geometry":{"type":"LineString","coordinates":[[-100.272336,25.807458],[-100.271489,25.807137],[-100.270311,25.806719]]}},{"type":"Feature","properties":{"highway":"residential","osm_id":156332279},"geometry":{"type":"LineString","coordinates":[[-100.264564,25.806111],[-100.264357,25.806133],[-100.264115,25.806162],[-100.263708,25.806223]]}},{"type":"Feature","properties":{"highway":"residential","osm_id":156332280},"geometry":{"type":"LineString","coordinates":[[-100.271725,25.80398],[-100.271349,25.803856],[-100.270963,25.803695]]}},{"type":"Feature","properties":{"highway":"residential","osm_id":156332282},"geometry":{"type":"LineString","coordinates":[[-100.274156,25.803629],[-100.273987,25.803974],[-100.273381,25.805345]]}},{"type":"Feature","properties":{"highway":"residential","osm_id":156332283},"geometry":{"type":"LineString","coordinates":[[-100.273331,25.806157],[-100.27267,25.805915],[-100.271788,25.805628]]}},{"type":"Feature","properties":{"highway":"residential","osm_id":156332284},"geometry":{"type":"LineString","coordinates":[[-100.269251,25.809092],[-100.270088,25.807874],[-100.270528,25.807216]]}},{"type":"Feature","properties":{"highway":"residential","osm_id":156332285},"geometry":{"type":"LineString","coordinates":[[-100.274121,25.801151],[-100.273926,25.801078],[-100.273133,25.800762]]}},{"type":"Feature","properties":{"highway":"residential","osm_id":156332287},"geometry":{"type":"LineString","coordinates":[[-100.264169,25.803739],[-100.26372,25.803798],[-100.263313,25.803849]]}},{"type":"Feature","properties":{"highway":"residential","osm_id":156332288},"geometry":{"type":"LineString","coordinates":[[-100.270966,25.809446],[-100.271543,25.808633],[-100.272139,25.807781],[-100.272336,25.807458],[-100.272552,25.807112]]}},{"type":"Feature","properties":{"highway":"residential","osm_id":156332289},"geometry":{"type":"LineString","coordinates":[[-100.268607,25.807548],[-100.268534,25.807129],[-100.268494,25.806844],[-100.268479,25.806802],[-100.268456,25.806778],[-100.268421,25.806771]]}},{"type":"Feature","properties":{"highway":"residential","osm_id":156332290},"geometry":{"type":"LineString","coordinates":[[-100.269666,25.809185],[-100.270454,25.808065],[-100.270916,25.807347]]}},{"type":"Feature","properties":{"highway":"residential","osm_id":156332299},"geometry":{"type":"LineString","coordinates":[[-100.265559,25.805065],[-100.2655,25.804691],[-100.265418,25.804326],[-100.265349,25.803987]]}},{"type":"Feature","properties":{"highway":"residential","osm_id":156332300},"geometry":{"type":"LineString","coordinates":[[-100.27054,25.809368],[-100.271165,25.808433],[-100.271731,25.807642]]}},{"type":"Feature","properties":{"highway":"residential","osm_id":156332303},"geometry":{"type":"LineString","coordinates":[[-100.263384,25.80423],[-100.264235,25.804105],[-100.265227,25.803958]]}},{"type":"Feature","properties":{"highway":"residential","osm_id":156332304},"geometry":{"type":"LineString","coordinates":[[-100.272998,25.806866],[-100.271816,25.806427],[-100.270514,25.80598]]}},{"type":"Feature","properties":{"highway":"residential","osm_id":156332305},"geometry":{"type":"LineString","coordinates":[[-100.270096,25.80927],[-100.270813,25.808243],[-100.271334,25.807496]]}},{"type":"Feature","properties":{"highway":"residential","osm_id":156332306},"geometry":{"type":"LineString","coordinates":[[-100.263446,25.804596],[-100.264295,25.804475],[-100.265418,25.804326]]}},{"type":"Feature","properties":{"highway":"residential","osm_id":156332307},"geometry":{"type":"LineString","coordinates":[[-100.274269,25.802828],[-100.273211,25.802454],[-100.272818,25.802307],[-100.272407,25.802146],[-100.272108,25.802028]]}},{"type":"Feature","properties":{"highway":"residential","osm_id":156332308},"geometry":{"type":"LineString","coordinates":[[-100.26731,25.806926],[-100.267345,25.806907],[-100.267973,25.80682],[-100.268421,25.806771]]}},{"type":"Feature","properties":{"highway":"residential","osm_id":156332312},"geometry":{"type":"LineString","coordinates":[[-100.271438,25.80465],[-100.271595,25.804291],[-100.271725,25.80398],[-100.271868,25.803645],[-100.272042,25.803277]]}},{"type":"Feature","properties":{"highway":"residential","osm_id":156332313},"geometry":{"type":"LineString","coordinates":[[-100.274214,25.801998],[-100.273574,25.801763],[-100.27276,25.801452]]}},{"type":"Feature","properties":{"highway":"residential","osm_id":156332316},"geometry":{"type":"LineString","coordinates":[[-100.27429,25.803234],[-100.273037,25.802806],[-100.272248,25.802496],[-100.272092,25.80243]]}},{"type":"Feature","properties":{"highway":"residential","osm_id":156332317},"geometry":{"type":"LineString","coordinates":[[-100.272241,25.800409],[-100.272171,25.800427],[-100.272118,25.800457],[-100.272064,25.800511],[-100.272028,25.800566],[-100.271992,25.800647],[-100.271955,25.800761],[-100.271907,25.800946],[-100.271878,25.801064],[-100.271843,25.801133],[-100.271797,25.801189],[-100.271741,25.80123],[-100.271706,25.80126],[-100.271675,25.801301],[-100.271648,25.801362],[-100.271631,25.801428],[-100.271606,25.801635],[-100.271602,25.801762],[-100.271619,25.802013],[-100.271617,25.802189]]}},{"type":"Feature","properties":{"highway":"residential","osm_id":156332319},"geometry":{"type":"LineString","coordinates":[[-100.274242,25.802412],[-100.2734,25.802095],[-100.273028,25.801958],[-100.272585,25.801788],[-100.272268,25.801668]]}},{"type":"Feature","properties":{"highway":"residential","osm_id":156332320},"geometry":{"type":"LineString","coordinates":[[-100.272802,25.807201],[-100.272552,25.807112],[-100.271641,25.80678],[-100.270453,25.806376]]}},{"type":"Feature","properties":{"highway":"residential","osm_id":156332321},"geometry":{"type":"LineString","coordinates":[[-100.265668,25.807377],[-100.264792,25.807481],[-100.264367,25.807537],[-100.263945,25.807596]]}},{"type":"Feature","properties":{"highway":"residential","osm_id":156332322},"geometry":{"type":"LineString","coordinates":[[-100.268499,25.808941],[-100.268458,25.808664],[-100.268358,25.808082],[-100.268238,25.807547]]}},{"type":"Feature","properties":{"highway":"residential","osm_id":156332328},"geometry":{"type":"LineString","coordinates":[[-100.273168,25.806515],[-100.271806,25.806034],[-100.271371,25.805878],[-100.270959,25.805738],[-100.270507,25.805579]]}},{"type":"Feature","properties":{"highway":"residential","osm_id":156332334},"geometry":{"type":"LineString","coordinates":[[-100.274175,25.801576],[-100.273744,25.801418],[-100.272958,25.801107],[-100.272587,25.800961],[-100.272351,25.800887]]}},{"type":"Feature","properties":{"highway":"residential","osm_id":156332337},"geometry":{"type":"LineString","coordinates":[[-100.265799,25.808122],[-100.265655,25.808137],[-100.26492,25.808231],[-100.264746,25.808255],[-100.264599,25.80827],[-100.264507,25.80827],[-100.264278,25.808264],[-100.264043,25.808256]]}},{"type":"Feature","properties":{"highway":"residential","osm_id":156332338},"geometry":{"type":"LineString","coordinates":[[-100.275439,25.804086],[-100.274648,25.803804],[-100.27452,25.803759],[-100.274319,25.803684],[-100.274156,25.803629],[-100.273117,25.803255],[-100.272861,25.80316],[-100.272048,25.802852]]}},{"type":"Feature","properties":{"highway":"residential","osm_id":156332341},"geometry":{"type":"LineString","coordinates":[[-100.267882,25.806328],[-100.267857,25.806302],[-100.267814,25.8063],[-100.266458,25.806473],[-100.265967,25.806556],[-100.265556,25.806615],[-100.264681,25.806741]]}},{"type":"Feature","properties":{"highway":"residential","osm_id":156332350},"geometry":{"type":"LineString","coordinates":[[-100.263509,25.804974],[-100.263923,25.804918],[-100.264359,25.804854],[-100.2655,25.804691],[-100.265905,25.804631],[-100.266325,25.804579],[-100.266879,25.804504]]}},{"type":"Feature","properties":{"highway":"residential","osm_id":156332351},"geometry":{"type":"LineString","coordinates":[[-100.272386,25.807877],[-100.272139,25.807781],[-100.271731,25.807642],[-100.271334,25.807496],[-100.270916,25.807347],[-100.270528,25.807216],[-100.270138,25.807065]]}},{"type":"Feature","properties":{"highway":"residential","osm_id":156332354},"geometry":{"type":"LineString","coordinates":[[-100.271334,25.807496],[-100.271489,25.807137],[-100.271641,25.80678],[-100.271773,25.806519],[-100.271816,25.806427],[-100.271818,25.806254],[-100.271806,25.806034],[-100.271788,25.805628],[-100.271776,25.805208],[-100.27175,25.804764]]}},{"type":"Feature","properties":{"highway":"residential","osm_id":156332356},"geometry":{"type":"LineString","coordinates":[[-100.270015,25.804535],[-100.270063,25.804486],[-100.270127,25.804431],[-100.270748,25.803895],[-100.270899,25.80376],[-100.270963,25.803695],[-100.271041,25.803594],[-100.271109,25.803519],[-100.271246,25.803396],[-100.271393,25.803298],[-100.271664,25.803134],[-100.271913,25.802973],[-100.271972,25.802931],[-100.272008,25.802898],[-100.272048,25.802852]]}},{"type":"Feature","properties":{"highway":"residential","osm_id":156332358},"geometry":{"type":"LineString","coordinates":[[-100.273987,25.803974],[-100.273593,25.803832],[-100.273195,25.803696],[-100.272961,25.803609],[-100.272811,25.80356],[-100.272421,25.80342],[-100.272042,25.803277],[-100.271664,25.803134]]}},{"type":"Feature","properties":{"highway":"residential","osm_id":156332359},"geometry":{"type":"LineString","coordinates":[[-100.272861,25.80316],[-100.273037,25.802806],[-100.273211,25.802454],[-100.2734,25.802095],[-100.273574,25.801763],[-100.273744,25.801418],[-100.273926,25.801078],[-100.274074,25.800817],[-100.27411,25.800747]]}},{"type":"Feature","properties":{"highway":"residential","osm_id":156332360},"geometry":{"type":"LineString","coordinates":[[-100.271781,25.808758],[-100.271543,25.808633],[-100.271165,25.808433],[-100.270813,25.808243],[-100.270454,25.808065],[-100.270088,25.807874],[-100.26971,25.807676]]}},{"type":"Feature","properties":{"highway":"residential","osm_id":156332362},"geometry":{"type":"LineString","coordinates":[[-100.274319,25.803684],[-100.27429,25.803234],[-100.274269,25.802828],[-100.274242,25.802412],[-100.274214,25.801998],[-100.274175,25.801576],[-100.274121,25.801151],[-100.274074,25.800817]]}},{"type":"Feature","properties":{"highway":"residential","osm_id":156332368},"geometry":{"type":"LineString","coordinates":[[-100.266325,25.804579],[-100.266238,25.804179]]}},{"type":"Feature","properties":{"highway":"residential","osm_id":156336282},"geometry":{"type":"LineString","coordinates":[[-100.289901,25.803574],[-100.288636,25.803598]]}},{"type":"Feature","properties":{"highway":"residential","osm_id":156336283},"geometry":{"type":"LineString","coordinates":[[-100.285551,25.80263],[-100.285578,25.803033],[-100.285599,25.803502],[-100.285625,25.803963],[-100.285645,25.804418],[-100.285687,25.804882],[-100.285712,25.805243],[-100.285719,25.80533],[-100.285754,25.805795],[-100.285796,25.806228],[-100.285807,25.806624],[-100.285818,25.806741],[-100.285833,25.807026],[-100.285876,25.807527],[-100.285907,25.807872],[-100.285925,25.808073]]}},{"type":"Feature","properties":{"highway":"residential","osm_id":156336285},"geometry":{"type":"LineString","coordinates":[[-100.283635,25.807921],[-100.283959,25.807895],[-100.28408,25.807893],[-100.284236,25.807897],[-100.284504,25.807929],[-100.285624,25.808049],[-100.285789,25.808062],[-100.285925,25.808073]]}},{"type":"Feature","properties":{"highway":"service","osm_id":156336289},"geometry":{"type":"LineString","coordinates":[[-100.29126,25.80623],[-100.291387,25.806167],[-100.291619,25.806042],[-100.291649,25.805978],[-100.291657,25.805898],[-100.291506,25.804741],[-100.291582,25.80408],[-100.29162,25.803615],[-100.291652,25.803451],[-100.291692,25.803402],[-100.291749,25.803378],[-100.291993,25.803381],[-100.292168,25.803395],[-100.292304,25.803446],[-100.292374,25.803516],[-100.292419,25.80361],[-100.292419,25.803726],[-100.292344,25.803861],[-100.292277,25.803987],[-100.292241,25.804103],[-100.292146,25.804486],[-100.292074,25.804694],[-100.292264,25.804972],[-100.292367,25.805057]]}},{"type":"Feature","properties":{"highway":"residential","osm_id":156336291},"geometry":{"type":"LineString","coordinates":[[-100.287338,25.807117],[-100.287528,25.806934],[-100.287943,25.806446],[-100.288286,25.806061],[-100.288541,25.805788],[-100.28966,25.804694]]}},{"type":"Feature","properties":{"highway":"residential","osm_id":156336292},"geometry":{"type":"LineString","coordinates":[[-100.283116,25.803166],[-100.283608,25.802963],[-100.283745,25.802899],[-100.283948,25.802816],[-100.284061,25.802781],[-100.284292,25.802705],[-100.284447,25.802667],[-100.284695,25.802634],[-100.284955,25.802626],[-100.285142,25.802619],[-100.285346,25.802615],[-100.285435,25.802621],[-100.285551,25.80263],[-100.285652,25.802651],[-100.285853,25.802694],[-100.28608,25.802741],[-100.286254,25.802759],[-100.286591,25.802785],[-100.286795,25.802783],[-100.287098,25.802776],[-100.287602,25.802752],[-100.288431,25.802751],[-100.288505,25.802761],[-100.288538,25.802779],[-100.288555,25.802801]]}},{"type":"Feature","properties":{"highway":"residential","osm_id":156336293},"geometry":{"type":"LineString","coordinates":[[-100.283764,25.809719],[-100.28368,25.808487],[-100.283664,25.808242],[-100.283635,25.807921],[-100.283575,25.807328],[-100.283528,25.806882],[-100.283443,25.805958],[-100.283439,25.805933],[-100.283386,25.805436],[-100.283327,25.804909],[-100.283299,25.80468],[-100.28329,25.804574],[-100.283284,25.804439],[-100.28322,25.803962],[-100.283156,25.803523],[-100.283129,25.803337],[-100.283122,25.803248],[-100.283116,25.803166]]}},{"type":"Feature","properties":{"highway":"residential","osm_id":156336295},"geometry":{"type":"LineString","coordinates":[[-100.284447,25.802667],[-100.284511,25.803154],[-100.284521,25.803277],[-100.28457,25.803631],[-100.284597,25.803852],[-100.284625,25.804094],[-100.284625,25.804264],[-100.28464,25.804533],[-100.284656,25.804722],[-100.284671,25.804964],[-100.284689,25.805173],[-100.284716,25.805422],[-100.28476,25.80583],[-100.2848,25.806256],[-100.284811,25.806464],[-100.284831,25.806689],[-100.284849,25.806957]]}},{"type":"Feature","properties":{"highway":"residential","osm_id":156336296},"geometry":{"type":"LineString","coordinates":[[-100.289375,25.806907],[-100.289367,25.806484]]}},{"type":"Feature","properties":{"highway":"residential","osm_id":156336297},"geometry":{"type":"LineString","coordinates":[[-100.288802,25.806918],[-100.289016,25.806339],[-100.289124,25.806098],[-100.289264,25.805877],[-100.289404,25.805713],[-100.289721,25.805408]]}},{"type":"Feature","properties":{"highway":"residential","osm_id":156336298},"geometry":{"type":"LineString","coordinates":[[-100.285558,25.81004],[-100.285463,25.808585],[-100.285452,25.808556],[-100.285413,25.808507]]}},{"type":"Feature","properties":{"highway":"residential","osm_id":156336300},"geometry":{"type":"LineString","coordinates":[[-100.283156,25.803523],[-100.284521,25.803277]]}},{"type":"Feature","properties":{"highway":"residential","osm_id":156336301},"geometry":{"type":"LineString","coordinates":[[-100.287943,25.806446],[-100.28755,25.806027]]}},{"type":"Feature","properties":{"highway":"residential","osm_id":156336302},"geometry":{"type":"LineString","coordinates":[[-100.283327,25.804909],[-100.284656,25.804722]]}},{"type":"Feature","properties":{"highway":"residential","osm_id":156336303},"geometry":{"type":"LineString","coordinates":[[-100.286825,25.810009],[-100.286633,25.808975]]}},{"type":"Feature","properties":{"highway":"residential","osm_id":156336306},"geometry":{"type":"LineString","coordinates":[[-100.284671,25.804964],[-100.285687,25.804882]]}},{"type":"Feature","properties":{"highway":"residential","osm_id":156336307},"geometry":{"type":"LineString","coordinates":[[-100.28457,25.803631],[-100.285599,25.803502]]}},{"type":"Feature","properties":{"highway":"residential","osm_id":156336311},"geometry":{"type":"LineString","coordinates":[[-100.285818,25.806741],[-100.285876,25.806747],[-100.285931,25.806756],[-100.285989,25.806776],[-100.286588,25.80712]]}},{"type":"Feature","properties":{"highway":"residential","osm_id":156336312},"geometry":{"type":"LineString","coordinates":[[-100.28464,25.804533],[-100.285645,25.804418]]}},{"type":"Feature","properties":{"highway":"residential","osm_id":156336313},"geometry":{"type":"LineString","coordinates":[[-100.28771,25.804784],[-100.286695,25.804815]]}},{"type":"Feature","properties":{"highway":"residential","osm_id":156336317},"geometry":{"type":"LineString","coordinates":[[-100.28764,25.804348],[-100.286678,25.804366]]}},{"type":"Feature","properties":{"highway":"residential","osm_id":156336318},"geometry":{"type":"LineString","coordinates":[[-100.288353,25.809973],[-100.288127,25.808941]]}},{"type":"Feature","properties":{"highway":"residential","osm_id":156336319},"geometry":{"type":"LineString","coordinates":[[-100.288674,25.80404],[-100.289511,25.804018]]}},{"type":"Feature","properties":{"highway":"residential","osm_id":156336320},"geometry":{"type":"LineString","coordinates":[[-100.284511,25.803154],[-100.285578,25.803033]]}},{"type":"Feature","properties":{"highway":"residential","osm_id":156336321},"geometry":{"type":"LineString","coordinates":[[-100.288931,25.809962],[-100.2888,25.8094],[-100.288711,25.808922]]}},{"type":"Feature","properties":{"highway":"residential","osm_id":156336323},"geometry":{"type":"LineString","coordinates":[[-100.284811,25.806464],[-100.283895,25.806396]]}},{"type":"Feature","properties":{"highway":"residential","osm_id":156336324},"geometry":{"type":"LineString","coordinates":[[-100.28322,25.803962],[-100.284597,25.803852]]}},{"type":"Feature","properties":{"highway":"residential","osm_id":156336325},"geometry":{"type":"LineString","coordinates":[[-100.284831,25.806689],[-100.285818,25.806741]]}},{"type":"Feature","properties":{"highway":"residential","osm_id":156336326},"geometry":{"type":"LineString","coordinates":[[-100.288281,25.805137],[-100.288192,25.804582],[-100.288079,25.80362]]}},{"type":"Feature","properties":{"highway":"residential","osm_id":156336330},"geometry":{"type":"LineString","coordinates":[[-100.289188,25.808913],[-100.289135,25.808177],[-100.28905,25.806915]]}},{"type":"Feature","properties":{"highway":"residential","osm_id":156336332},"geometry":{"type":"LineString","coordinates":[[-100.287338,25.807117],[-100.287295,25.807022],[-100.287286,25.807006],[-100.287273,25.806989],[-100.286907,25.806781],[-100.285922,25.80622]]}},{"type":"Feature","properties":{"highway":"residential","osm_id":156336334},"geometry":{"type":"LineString","coordinates":[[-100.287022,25.807968],[-100.286985,25.8076]]}},{"type":"Feature","properties":{"highway":"residential","osm_id":156336336},"geometry":{"type":"LineString","coordinates":[[-100.283528,25.806882],[-100.284849,25.806957],[-100.285833,25.807026]]}},{"type":"Feature","properties":{"highway":"service","osm_id":156336337},"geometry":{"type":"LineString","coordinates":[[-100.276993,25.810677],[-100.277068,25.811069],[-100.277141,25.811508]]}},{"type":"Feature","properties":{"highway":"service","osm_id":156336341},"geometry":{"type":"LineString","coordinates":[[-100.279332,25.80651],[-100.279228,25.806671],[-100.279204,25.806715],[-100.27919,25.806773],[-100.279172,25.806962],[-100.27919,25.807179],[-100.279369,25.807856]]}},{"type":"Feature","properties":{"highway":"residential","osm_id":156336344},"geometry":{"type":"LineString","coordinates":[[-100.288608,25.803269],[-100.288636,25.803598],[-100.288674,25.80404],[-100.28875,25.804707]]}},{"type":"Feature","properties":{"highway":"residential","osm_id":156336354},"geometry":{"type":"LineString","coordinates":[[-100.283443,25.805958],[-100.284139,25.805878],[-100.284517,25.805844],[-100.28476,25.80583],[-100.285754,25.805795]]}},{"type":"Feature","properties":{"highway":"residential","osm_id":156336358},"geometry":{"type":"LineString","coordinates":[[-100.286258,25.80612],[-100.286198,25.805222],[-100.286123,25.803898],[-100.28608,25.802741]]}},{"type":"Feature","properties":{"highway":"service","osm_id":156336359},"geometry":{"type":"LineString","coordinates":[[-100.291506,25.804741],[-100.291656,25.804717],[-100.291963,25.8047],[-100.292074,25.804694]]}},{"type":"Feature","properties":{"highway":"service","osm_id":156336360},"geometry":{"type":"LineString","coordinates":[[-100.279848,25.81035],[-100.280395,25.810477],[-100.280534,25.810523],[-100.280859,25.81063],[-100.281293,25.81077]]}},{"type":"Feature","properties":{"highway":"residential","osm_id":156336361},"geometry":{"type":"LineString","coordinates":[[-100.288862,25.806081],[-100.288541,25.805788],[-100.288084,25.805304]]}},{"type":"Feature","properties":{"highway":"residential","osm_id":156336362},"geometry":{"type":"LineString","coordinates":[[-100.284443,25.808363],[-100.285322,25.808461],[-100.285388,25.808487],[-100.285413,25.808507]]}},{"type":"Feature","properties":{"highway":"service","osm_id":156336364},"geometry":{"type":"LineString","coordinates":[[-100.279825,25.807684],[-100.281656,25.80938],[-100.281726,25.809442],[-100.282191,25.809862],[-100.282262,25.809891],[-100.282323,25.809904],[-100.283023,25.809953]]}},{"type":"Feature","properties":{"highway":"residential","osm_id":156336366},"geometry":{"type":"LineString","coordinates":[[-100.292832,25.806475],[-100.293218,25.806473],[-100.293593,25.80646],[-100.29397,25.806447]]}},{"type":"Feature","properties":{"highway":"residential","osm_id":156336369},"geometry":{"type":"LineString","coordinates":[[-100.28508,25.810049],[-100.284997,25.809037],[-100.284989,25.809004],[-100.284979,25.808973]]}},{"type":"Feature","properties":{"highway":"residential","osm_id":156336370},"geometry":{"type":"LineString","coordinates":[[-100.283284,25.804439],[-100.284625,25.804264]]}},{"type":"Feature","properties":{"highway":"residential","osm_id":156336376},"geometry":{"type":"LineString","coordinates":[[-100.285956,25.80836],[-100.287526,25.808254],[-100.289135,25.808177],[-100.29,25.80812]]}},{"type":"Feature","properties":{"highway":"residential","osm_id":156336380},"geometry":{"type":"LineString","coordinates":[[-100.290134,25.809952],[-100.290109,25.809409],[-100.290067,25.808894],[-100.29,25.80812],[-100.289931,25.807058],[-100.289921,25.807001],[-100.289903,25.806949],[-100.289884,25.806926],[-100.289856,25.806912],[-100.28982,25.806905],[-100.289756,25.806194],[-100.289721,25.805408],[-100.289694,25.804864],[-100.28966,25.804694],[-100.289643,25.804174]]}},{"type":"Feature","properties":{"highway":"residential","osm_id":156336381},"geometry":{"type":"LineString","coordinates":[[-100.286759,25.805996],[-100.286704,25.805247],[-100.2867,25.805179],[-100.286695,25.804815],[-100.286678,25.804366],[-100.286625,25.803846],[-100.286616,25.803688],[-100.286591,25.802785]]}},{"type":"Feature","properties":{"highway":"residential","osm_id":156336395},"geometry":{"type":"LineString","coordinates":[[-100.284347,25.809177],[-100.284391,25.808825],[-100.284443,25.808363],[-100.284504,25.807929]]}},{"type":"Feature","properties":{"highway":"residential","osm_id":156336396},"geometry":{"type":"LineString","coordinates":[[-100.287821,25.805583],[-100.28781,25.805509],[-100.287765,25.805204],[-100.28771,25.804784],[-100.28764,25.804348],[-100.28755,25.803638],[-100.287602,25.802752]]}},{"type":"Feature","properties":{"highway":"residential","osm_id":156336397},"geometry":{"type":"LineString","coordinates":[[-100.29154,25.809914],[-100.291367,25.807636],[-100.291311,25.806907],[-100.29126,25.80623],[-100.291049,25.803746],[-100.290957,25.802172]]}},{"type":"Feature","properties":{"highway":"service","osm_id":156336400},"geometry":{"type":"LineString","coordinates":[[-100.280304,25.806543],[-100.280092,25.806986],[-100.279904,25.807483],[-100.279825,25.807684],[-100.279757,25.807865],[-100.279735,25.808029],[-100.279688,25.80839],[-100.279673,25.808584]]}},{"type":"Feature","properties":{"highway":"service","osm_id":156336405},"geometry":{"type":"LineString","coordinates":[[-100.27672,25.809378],[-100.276609,25.809304],[-100.276533,25.809242],[-100.276496,25.809196],[-100.276475,25.809131],[-100.276282,25.807908],[-100.27618,25.807301],[-100.276162,25.807135],[-100.27616,25.807037],[-100.276176,25.806976],[-100.276204,25.806939],[-100.276264,25.806901],[-100.276792,25.806823],[-100.277332,25.806616],[-100.278248,25.806308],[-100.278779,25.806102],[-100.278918,25.80605],[-100.279103,25.806193],[-100.279199,25.806283]]}},{"type":"Feature","properties":{"highway":"service","osm_id":156336407},"geometry":{"type":"LineString","coordinates":[[-100.277382,25.803857],[-100.277195,25.803925],[-100.277141,25.803939],[-100.277107,25.803942],[-100.277076,25.803937],[-100.277044,25.803921],[-100.276837,25.803719],[-100.276623,25.803496],[-100.276605,25.803475],[-100.276585,25.803449],[-100.276567,25.803411],[-100.276561,25.803366],[-100.276577,25.803326],[-100.276673,25.803215]]}},{"type":"Feature","properties":{"highway":"residential","osm_id":156336409},"geometry":{"type":"LineString","coordinates":[[-100.285996,25.809003],[-100.286633,25.808975],[-100.287668,25.808947],[-100.288127,25.808941],[-100.288711,25.808922],[-100.289188,25.808913],[-100.289501,25.808906],[-100.290067,25.808894]]}},{"type":"Feature","properties":{"highway":"residential","osm_id":156336410},"geometry":{"type":"LineString","coordinates":[[-100.292513,25.80234],[-100.292595,25.803351],[-100.292725,25.804958],[-100.292832,25.806475],[-100.293096,25.809893]]}},{"type":"Feature","properties":{"highway":"residential","osm_id":156336411},"geometry":{"type":"LineString","coordinates":[[-100.287821,25.805583],[-100.286909,25.805956],[-100.286759,25.805996],[-100.286258,25.80612],[-100.285922,25.80622]]}},{"type":"Feature","properties":{"highway":"service","osm_id":156336414},"geometry":{"type":"LineString","coordinates":[[-100.279199,25.806283],[-100.279265,25.80638],[-100.279289,25.80643],[-100.279308,25.806466],[-100.279332,25.80651],[-100.279453,25.806662],[-100.279742,25.806924],[-100.279827,25.807027],[-100.279867,25.807102],[-100.27988,25.807156],[-100.279881,25.807212],[-100.279747,25.807602],[-100.279679,25.807737],[-100.279633,25.807797],[-100.279579,25.807831],[-100.279369,25.807856]]}},{"type":"Feature","properties":{"highway":"residential","osm_id":156336418},"geometry":{"type":"LineString","coordinates":[[-100.29257,25.802318],[-100.292513,25.80234],[-100.292463,25.802336],[-100.291812,25.802222],[-100.291358,25.802142],[-100.2911,25.802069],[-100.29095,25.802065],[-100.290254,25.802073]]}},{"type":"Feature","properties":{"highway":"service","osm_id":156336420},"geometry":{"type":"LineString","coordinates":[[-100.279297,25.80907],[-100.279292,25.809256],[-100.279342,25.809473],[-100.279519,25.810067],[-100.279551,25.810143],[-100.279577,25.810219],[-100.279596,25.81034],[-100.279417,25.810313],[-100.279252,25.810324],[-100.277431,25.810613],[-100.276993,25.810677],[-100.27672,25.809378],[-100.276822,25.809346],[-100.276995,25.809326],[-100.277227,25.809298],[-100.277863,25.809201],[-100.27878,25.809061],[-100.279297,25.80907]]}},{"type":"Feature","properties":{"highway":"residential","osm_id":156336422},"geometry":{"type":"LineString","coordinates":[[-100.283793,25.805295],[-100.284689,25.805173]]}},{"type":"Feature","properties":{"highway":"tertiary","osm_id":156336425},"geometry":{"type":"LineString","coordinates":[[-100.294344,25.809855],[-100.294189,25.809857],[-100.293919,25.809866],[-100.293675,25.809878],[-100.293266,25.809887],[-100.293096,25.809893],[-100.292787,25.809897],[-100.292695,25.809898],[-100.292632,25.809899],[-100.292335,25.809903],[-100.292097,25.809906],[-100.29154,25.809914],[-100.291317,25.809919],[-100.291107,25.809922],[-100.290987,25.809929],[-100.290948,25.809929],[-100.290134,25.809952],[-100.288931,25.809962],[-100.288637,25.809969],[-100.288353,25.809973],[-100.288179,25.809979],[-100.287896,25.809982],[-100.287468,25.809998],[-100.286825,25.810009],[-100.286093,25.810028],[-100.285558,25.81004],[-100.28508,25.810049],[-100.284119,25.810062]]}},{"type":"Feature","properties":{"highway":"residential","osm_id":156336438},"geometry":{"type":"LineString","coordinates":[[-100.283575,25.807328],[-100.285876,25.807527]]}},{"type":"Feature","properties":{"highway":"residential","osm_id":156342465},"geometry":{"type":"LineString","coordinates":[[-100.266492,25.816072],[-100.266423,25.815697],[-100.266364,25.815317],[-100.266313,25.814944],[-100.266261,25.814574],[-100.266202,25.814206],[-100.266136,25.813824],[-100.265991,25.812779],[-100.265921,25.812382],[-100.265868,25.812024],[-100.26581,25.811652],[-100.265754,25.811269],[-100.265693,25.810891],[-100.265629,25.81052],[-100.265561,25.810134],[-100.265516,25.809859],[-100.265503,25.809711],[-100.265503,25.809621],[-100.265513,25.809518],[-100.265529,25.809401]]}},{"type":"Feature","properties":{"highway":"tertiary","osm_id":156342705},"geometry":{"type":"LineString","coordinates":[[-100.272,25.810758],[-100.271912,25.810721],[-100.271837,25.810693],[-100.271598,25.810641],[-100.270956,25.810504],[-100.270192,25.810347],[-100.268464,25.809998],[-100.268246,25.809952],[-100.266253,25.809541],[-100.265529,25.809401],[-100.264047,25.809098]]}},{"type":"Feature","properties":{"highway":"unclassified","osm_id":156342771},"geometry":{"type":"LineString","coordinates":[[-100.278947,25.828158],[-100.278897,25.827851],[-100.278812,25.827234],[-100.27869,25.826384],[-100.278562,25.825409],[-100.278476,25.824775],[-100.278439,25.824519],[-100.278361,25.823959],[-100.2783,25.823488],[-100.278226,25.823025],[-100.278161,25.822477],[-100.278097,25.822003],[-100.27802,25.821375],[-100.277933,25.820611],[-100.277847,25.820011],[-100.277751,25.819307],[-100.277609,25.818303],[-100.277556,25.817947],[-100.277529,25.817644],[-100.27752,25.817585],[-100.277508,25.817554],[-100.277486,25.817529],[-100.277441,25.8175],[-100.277368,25.817481],[-100.277245,25.817459]]}},{"type":"Feature","properties":{"highway":"residential","osm_id":161439479},"geometry":{"type":"LineString","coordinates":[[-100.42045,25.797161],[-100.420391,25.797041],[-100.420203,25.796633],[-100.420028,25.796276],[-100.419555,25.795236],[-100.419111,25.794255],[-100.418986,25.793969],[-100.418848,25.793628],[-100.418731,25.793373],[-100.418676,25.793302],[-100.418614,25.793257],[-100.418497,25.793141],[-100.418424,25.79303],[-100.418367,25.792906],[-100.417258,25.790402]]}},{"type":"Feature","properties":{"highway":"residential","osm_id":161439481},"geometry":{"type":"LineString","coordinates":[[-100.419555,25.795236],[-100.419154,25.795401],[-100.418762,25.795556],[-100.417761,25.795915],[-100.417381,25.796059],[-100.417002,25.796194],[-100.416578,25.796336]]}},{"type":"Feature","properties":{"highway":"residential","osm_id":161439487},"geometry":{"type":"LineString","coordinates":[[-100.414494,25.790707],[-100.415159,25.792198]]}},{"type":"Feature","properties":{"highway":"residential","osm_id":161439488},"geometry":{"type":"LineString","coordinates":[[-100.413183,25.792785],[-100.412627,25.791547]]}},{"type":"Feature","properties":{"highway":"residential","osm_id":161439489},"geometry":{"type":"LineString","coordinates":[[-100.412977,25.795344],[-100.413433,25.796349]]}},{"type":"Feature","properties":{"highway":"residential","osm_id":161439490},"geometry":{"type":"LineString","coordinates":[[-100.414288,25.79804],[-100.415602,25.797553]]}},{"type":"Feature","properties":{"highway":"residential","osm_id":161439491},"geometry":{"type":"LineString","coordinates":[[-100.417655,25.79765],[-100.417002,25.796194],[-100.416835,25.795821],[-100.416663,25.795454],[-100.416132,25.794273],[-100.416078,25.794198]]}},{"type":"Feature","properties":{"highway":"residential","osm_id":161439494},"geometry":{"type":"LineString","coordinates":[[-100.413103,25.795298],[-100.412366,25.793705],[-100.412358,25.793694],[-100.412352,25.793687]]}},{"type":"Feature","properties":{"highway":"residential","osm_id":161439496},"geometry":{"type":"LineString","coordinates":[[-100.416078,25.794198],[-100.416029,25.794135],[-100.415358,25.792652]]}},{"type":"Feature","properties":{"highway":"residential","osm_id":161439497},"geometry":{"type":"LineString","coordinates":[[-100.413673,25.795086],[-100.414033,25.795948]]}},{"type":"Feature","properties":{"highway":"residential","osm_id":161439499},"geometry":{"type":"LineString","coordinates":[[-100.416916,25.791562],[-100.416375,25.790307]]}},{"type":"Feature","properties":{"highway":"residential","osm_id":161439501},"geometry":{"type":"LineString","coordinates":[[-100.414836,25.794653],[-100.414154,25.793097],[-100.414147,25.793068],[-100.414145,25.793043]]}},{"type":"Feature","properties":{"highway":"residential","osm_id":161439502},"geometry":{"type":"LineString","coordinates":[[-100.414723,25.794696],[-100.415181,25.795695],[-100.415628,25.796691]]}},{"type":"Feature","properties":{"highway":"residential","osm_id":161439505},"geometry":{"type":"LineString","coordinates":[[-100.419654,25.796483],[-100.419154,25.795401],[-100.41893,25.794908],[-100.4187,25.794407],[-100.418232,25.793395]]}},{"type":"Feature","properties":{"highway":"residential","osm_id":161439506},"geometry":{"type":"LineString","coordinates":[[-100.418142,25.793428],[-100.417479,25.791898]]}},{"type":"Feature","properties":{"highway":"residential","osm_id":161439508},"geometry":{"type":"LineString","coordinates":[[-100.416779,25.798161],[-100.416239,25.796914]]}},{"type":"Feature","properties":{"highway":"residential","osm_id":161439511},"geometry":{"type":"LineString","coordinates":[[-100.414144,25.794911],[-100.413474,25.793436],[-100.413463,25.793411],[-100.413442,25.793389]]}},{"type":"Feature","properties":{"highway":"residential","osm_id":161439513},"geometry":{"type":"LineString","coordinates":[[-100.414358,25.794831],[-100.414814,25.795828],[-100.415269,25.796824],[-100.415445,25.797208],[-100.415602,25.797553],[-100.415766,25.797911],[-100.41607,25.798575],[-100.416234,25.798935],[-100.416419,25.79934]]}},{"type":"Feature","properties":{"highway":"residential","osm_id":161439519},"geometry":{"type":"LineString","coordinates":[[-100.415203,25.799081],[-100.414832,25.798254]]}},{"type":"Feature","properties":{"highway":"residential","osm_id":161439521},"geometry":{"type":"LineString","coordinates":[[-100.418002,25.797447],[-100.417381,25.796059]]}},{"type":"Feature","properties":{"highway":"residential","osm_id":161439523},"geometry":{"type":"LineString","coordinates":[[-100.415922,25.790225],[-100.417445,25.79368]]}},{"type":"Feature","properties":{"highway":"residential","osm_id":161439525},"geometry":{"type":"LineString","coordinates":[[-100.413436,25.795174],[-100.411945,25.791847]]}},{"type":"Feature","properties":{"highway":"residential","osm_id":161439528},"geometry":{"type":"LineString","coordinates":[[-100.415527,25.792139],[-100.415269,25.792237],[-100.415217,25.792246],[-100.415184,25.792235],[-100.415159,25.792198]]}},{"type":"Feature","properties":{"highway":"residential","osm_id":161439529},"geometry":{"type":"LineString","coordinates":[[-100.418102,25.796622],[-100.419079,25.796274]]}},{"type":"Feature","properties":{"highway":"residential","osm_id":161439530},"geometry":{"type":"LineString","coordinates":[[-100.417808,25.793552],[-100.417126,25.792016]]}},{"type":"Feature","properties":{"highway":"residential","osm_id":161439532},"geometry":{"type":"LineString","coordinates":[[-100.417106,25.793812],[-100.416461,25.792371]]}},{"type":"Feature","properties":{"highway":"residential","osm_id":161439539},"geometry":{"type":"LineString","coordinates":[[-100.412725,25.795427],[-100.41203,25.79383],[-100.412027,25.793818],[-100.41203,25.793808]]}},{"type":"Feature","properties":{"highway":"residential","osm_id":161439542},"geometry":{"type":"LineString","coordinates":[[-100.41219,25.793318],[-100.412175,25.793338],[-100.412149,25.793353],[-100.411912,25.793443],[-100.411888,25.793451],[-100.411861,25.793446]]}},{"type":"Feature","properties":{"highway":"residential","osm_id":161439543},"geometry":{"type":"LineString","coordinates":[[-100.416803,25.790365],[-100.41727,25.791446]]}},{"type":"Feature","properties":{"highway":"residential","osm_id":161439545},"geometry":{"type":"LineString","coordinates":[[-100.415565,25.798869],[-100.415226,25.798109]]}},{"type":"Feature","properties":{"highway":"residential","osm_id":161439546},"geometry":{"type":"LineString","coordinates":[[-100.414847,25.799288],[-100.414441,25.798397],[-100.414288,25.79804],[-100.414133,25.797694],[-100.413971,25.797371],[-100.413943,25.797314]]}},{"type":"Feature","properties":{"highway":"residential","osm_id":161439549},"geometry":{"type":"LineString","coordinates":[[-100.414278,25.792479],[-100.414286,25.79251],[-100.414284,25.792534],[-100.41427,25.792554],[-100.41424,25.79257],[-100.414038,25.79265],[-100.414002,25.792661],[-100.413974,25.79266],[-100.413951,25.792641],[-100.413932,25.79261]]}},{"type":"Feature","properties":{"highway":"residential","osm_id":161439551},"geometry":{"type":"LineString","coordinates":[[-100.41284,25.792924],[-100.412277,25.791696]]}},{"type":"Feature","properties":{"highway":"residential","osm_id":161439554},"geometry":{"type":"LineString","coordinates":[[-100.413791,25.795043],[-100.413136,25.793536],[-100.413132,25.793512],[-100.413135,25.793494]]}},{"type":"Feature","properties":{"highway":"residential","osm_id":161439555},"geometry":{"type":"LineString","coordinates":[[-100.418268,25.796997],[-100.41924,25.796635]]}},{"type":"Feature","properties":{"highway":"residential","osm_id":161439556},"geometry":{"type":"LineString","coordinates":[[-100.416392,25.794076],[-100.415661,25.792445],[-100.415527,25.792139],[-100.414836,25.790552]]}},{"type":"Feature","properties":{"highway":"residential","osm_id":161439562},"geometry":{"type":"LineString","coordinates":[[-100.413313,25.791243],[-100.413932,25.79261]]}},{"type":"Feature","properties":{"highway":"residential","osm_id":161439566},"geometry":{"type":"LineString","coordinates":[[-100.415204,25.794519],[-100.415158,25.794419],[-100.414512,25.792954],[-100.4145,25.792933],[-100.414485,25.792911]]}},{"type":"Feature","properties":{"highway":"residential","osm_id":161439568},"geometry":{"type":"LineString","coordinates":[[-100.417951,25.79628],[-100.418923,25.795914]]}},{"type":"Feature","properties":{"highway":"residential","osm_id":161439569},"geometry":{"type":"LineString","coordinates":[[-100.415116,25.794549],[-100.415582,25.795549],[-100.416037,25.796538]]}},{"type":"Feature","properties":{"highway":"residential","osm_id":161439571},"geometry":{"type":"LineString","coordinates":[[-100.415503,25.790258],[-100.416181,25.791762]]}},{"type":"Feature","properties":{"highway":"residential","osm_id":161439582},"geometry":{"type":"LineString","coordinates":[[-100.416432,25.798363],[-100.415844,25.797061]]}},{"type":"Feature","properties":{"highway":"residential","osm_id":161439585},"geometry":{"type":"LineString","coordinates":[[-100.415166,25.790398],[-100.415842,25.791894]]}},{"type":"Feature","properties":{"highway":"residential","osm_id":161439586},"geometry":{"type":"LineString","coordinates":[[-100.411259,25.792144],[-100.411828,25.793414],[-100.411843,25.793433],[-100.411861,25.793446]]}},{"type":"Feature","properties":{"highway":"residential","osm_id":161439587},"geometry":{"type":"LineString","coordinates":[[-100.413135,25.793494],[-100.413152,25.79348],[-100.41318,25.793463],[-100.413383,25.793391],[-100.413416,25.793385],[-100.413442,25.793389]]}},{"type":"Feature","properties":{"highway":"residential","osm_id":161439589},"geometry":{"type":"LineString","coordinates":[[-100.413546,25.797458],[-100.413498,25.797366],[-100.413083,25.79648],[-100.412626,25.795462]]}},{"type":"Feature","properties":{"highway":"residential","osm_id":161439594},"geometry":{"type":"LineString","coordinates":[[-100.41161,25.791998],[-100.412187,25.79327],[-100.412193,25.793296],[-100.41219,25.793318]]}},{"type":"Feature","properties":{"highway":"residential","osm_id":161439595},"geometry":{"type":"LineString","coordinates":[[-100.413183,25.792785],[-100.413195,25.792821],[-100.413194,25.792847],[-100.413177,25.792868],[-100.413148,25.792882],[-100.412926,25.792959],[-100.412898,25.792964],[-100.412873,25.792961],[-100.412857,25.792949],[-100.41284,25.792924]]}},{"type":"Feature","properties":{"highway":"residential","osm_id":161439596},"geometry":{"type":"LineString","coordinates":[[-100.41675,25.793943],[-100.416112,25.792471]]}},{"type":"Feature","properties":{"highway":"residential","osm_id":161439597},"geometry":{"type":"LineString","coordinates":[[-100.414554,25.797091],[-100.414194,25.796231]]}},{"type":"Feature","properties":{"highway":"residential","osm_id":161439602},"geometry":{"type":"LineString","coordinates":[[-100.413655,25.791089],[-100.414278,25.792479]]}},{"type":"Feature","properties":{"highway":"residential","osm_id":161439607},"geometry":{"type":"LineString","coordinates":[[-100.412352,25.793687],[-100.412338,25.793686],[-100.412327,25.793687],[-100.41205,25.793795],[-100.412038,25.793801],[-100.41203,25.793808]]}},{"type":"Feature","properties":{"highway":"residential","osm_id":161439608},"geometry":{"type":"LineString","coordinates":[[-100.414494,25.794781],[-100.412958,25.791404]]}},{"type":"Feature","properties":{"highway":"residential","osm_id":161439612},"geometry":{"type":"LineString","coordinates":[[-100.416916,25.791562],[-100.416939,25.791601],[-100.416961,25.791619],[-100.41699,25.791622],[-100.417024,25.791616],[-100.417225,25.791551],[-100.417259,25.791536],[-100.417282,25.791514],[-100.417283,25.791481],[-100.41727,25.791446]]}},{"type":"Feature","properties":{"highway":"residential","osm_id":161439614},"geometry":{"type":"LineString","coordinates":[[-100.413716,25.796063],[-100.414033,25.795948],[-100.414383,25.795821]]}},{"type":"Feature","properties":{"highway":"residential","osm_id":161439616},"geometry":{"type":"LineString","coordinates":[[-100.417619,25.798652],[-100.418381,25.798194],[-100.418713,25.798],[-100.419284,25.797666],[-100.419856,25.797335],[-100.420391,25.797041]]}},{"type":"Feature","properties":{"highway":"residential","osm_id":161439620},"geometry":{"type":"LineString","coordinates":[[-100.418713,25.798],[-100.418536,25.797601],[-100.418371,25.797232],[-100.418268,25.796997],[-100.418102,25.796622],[-100.417951,25.79628],[-100.417761,25.795915]]}},{"type":"Feature","properties":{"highway":"residential","osm_id":161439623},"geometry":{"type":"LineString","coordinates":[[-100.414145,25.793043],[-100.414162,25.793023],[-100.414192,25.793003],[-100.414398,25.792928],[-100.414425,25.792922],[-100.414485,25.792911]]}},{"type":"Feature","properties":{"highway":"residential","osm_id":161439624},"geometry":{"type":"LineString","coordinates":[[-100.41485,25.800271],[-100.414657,25.79986],[-100.414494,25.799494],[-100.414046,25.798536],[-100.413546,25.797458]]}},{"type":"Feature","properties":{"highway":"residential","osm_id":161439625},"geometry":{"type":"LineString","coordinates":[[-100.415842,25.791894],[-100.415858,25.791917],[-100.415878,25.791936],[-100.415905,25.791939],[-100.415937,25.791931],[-100.416137,25.791858],[-100.416168,25.791843],[-100.41619,25.791822],[-100.416192,25.791797],[-100.416181,25.791762]]}},{"type":"Feature","properties":{"highway":"residential","osm_id":161439627},"geometry":{"type":"LineString","coordinates":[[-100.414657,25.79986],[-100.416234,25.798935],[-100.417334,25.798317]]}},{"type":"Feature","properties":{"highway":"residential","osm_id":161439634},"geometry":{"type":"LineString","coordinates":[[-100.417479,25.791898],[-100.417458,25.791862],[-100.417436,25.79184],[-100.417397,25.791831],[-100.417355,25.791837],[-100.417175,25.791892],[-100.417132,25.791914],[-100.417112,25.791941],[-100.417113,25.791976],[-100.417126,25.792016]]}},{"type":"Feature","properties":{"highway":"residential","osm_id":161439636},"geometry":{"type":"LineString","coordinates":[[-100.416112,25.792471],[-100.416103,25.792438],[-100.416105,25.792416],[-100.416118,25.792399],[-100.416149,25.792381],[-100.416343,25.792312],[-100.416387,25.792301],[-100.416419,25.792306],[-100.416438,25.792324],[-100.416461,25.792371]]}},{"type":"Feature","properties":{"highway":"residential","osm_id":161439638},"geometry":{"type":"LineString","coordinates":[[-100.414458,25.80047],[-100.414124,25.799727],[-100.413663,25.798682],[-100.413167,25.797607],[-100.412737,25.796613],[-100.412671,25.796484],[-100.412327,25.79573],[-100.412317,25.7957],[-100.412315,25.795668],[-100.412321,25.795638],[-100.412329,25.795607],[-100.412342,25.795561],[-100.411428,25.79348],[-100.410887,25.792267]]}},{"type":"Feature","properties":{"highway":"residential","osm_id":161439640},"geometry":{"type":"LineString","coordinates":[[-100.417428,25.798247],[-100.418536,25.797601],[-100.419344,25.797131],[-100.420203,25.796633]]}},{"type":"Feature","properties":{"highway":"residential","osm_id":161439641},"geometry":{"type":"LineString","coordinates":[[-100.413848,25.796355],[-100.414194,25.796231],[-100.414522,25.796109]]}},{"type":"Feature","properties":{"highway":"residential","osm_id":161439643},"geometry":{"type":"LineString","coordinates":[[-100.415661,25.792445],[-100.4154,25.792544],[-100.415358,25.792572],[-100.415347,25.7926],[-100.415358,25.792652]]}},{"type":"Feature","properties":{"highway":"residential","osm_id":161439649},"geometry":{"type":"LineString","coordinates":[[-100.412737,25.796613],[-100.413083,25.79648],[-100.413433,25.796349],[-100.413786,25.796217]]}},{"type":"Feature","properties":{"highway":"tertiary","osm_id":161439656},"geometry":{"type":"LineString","coordinates":[[-100.409799,25.798845],[-100.411367,25.798278],[-100.411655,25.798164],[-100.413167,25.797607]]}},{"type":"Feature","properties":{"highway":"residential","osm_id":161439658},"geometry":{"type":"LineString","coordinates":[[-100.414896,25.796964],[-100.414522,25.796109],[-100.414446,25.795954],[-100.414383,25.795821],[-100.414018,25.794958]]}},{"type":"Feature","properties":{"highway":"residential","osm_id":161439659},"geometry":{"type":"LineString","coordinates":[[-100.417511,25.798703],[-100.416419,25.79934],[-100.415769,25.799726],[-100.41485,25.800271],[-100.414458,25.80047]]}},{"type":"Feature","properties":{"highway":"residential","osm_id":161439660},"geometry":{"type":"LineString","coordinates":[[-100.419279,25.796702],[-100.41924,25.796635],[-100.419079,25.796274],[-100.418923,25.795914],[-100.418762,25.795556],[-100.418583,25.795161],[-100.418424,25.794804],[-100.418313,25.794554],[-100.418161,25.794215],[-100.41807,25.794011],[-100.417858,25.793534]]}},{"type":"Feature","properties":{"highway":"residential","osm_id":161439661},"geometry":{"type":"LineString","coordinates":[[-100.414222,25.797215],[-100.413848,25.796355],[-100.413786,25.796217],[-100.413716,25.796063],[-100.413331,25.795213]]}},{"type":"Feature","properties":{"highway":"residential","osm_id":161439664},"geometry":{"type":"LineString","coordinates":[[-100.414133,25.797694],[-100.415445,25.797208],[-100.415844,25.797061],[-100.416239,25.796914],[-100.416644,25.796764]]}},{"type":"Feature","properties":{"highway":"residential","osm_id":161439667},"geometry":{"type":"LineString","coordinates":[[-100.416012,25.795383],[-100.415582,25.795549],[-100.415181,25.795695],[-100.414814,25.795828],[-100.414446,25.795954]]}},{"type":"Feature","properties":{"highway":"residential","osm_id":161439671},"geometry":{"type":"LineString","coordinates":[[-100.413663,25.798682],[-100.414046,25.798536],[-100.414441,25.798397],[-100.414832,25.798254],[-100.415226,25.798109],[-100.415766,25.797911]]}},{"type":"Feature","properties":{"highway":"residential","osm_id":161439674},"geometry":{"type":"LineString","coordinates":[[-100.414124,25.799727],[-100.414494,25.799494],[-100.414847,25.799288],[-100.415203,25.799081],[-100.415565,25.798869],[-100.41607,25.798575],[-100.416432,25.798363],[-100.416779,25.798161],[-100.417166,25.797935],[-100.417269,25.797874],[-100.417655,25.79765],[-100.418002,25.797447],[-100.418371,25.797232],[-100.419279,25.796702],[-100.419654,25.796483],[-100.420028,25.796276]]}},{"type":"Feature","properties":{"highway":"residential","osm_id":161439676},"geometry":{"type":"LineString","coordinates":[[-100.412342,25.795561],[-100.412626,25.795462],[-100.412725,25.795427],[-100.412977,25.795344],[-100.413103,25.795298],[-100.413331,25.795213],[-100.413436,25.795174],[-100.413673,25.795086],[-100.413791,25.795043],[-100.414018,25.794958],[-100.414144,25.794911],[-100.414358,25.794831],[-100.414494,25.794781],[-100.414723,25.794696],[-100.414836,25.794653],[-100.415116,25.794549],[-100.415204,25.794519],[-100.415564,25.794383],[-100.415667,25.794341],[-100.416078,25.794198],[-100.416392,25.794076],[-100.41675,25.793943],[-100.417106,25.793812],[-100.417445,25.79368],[-100.417808,25.793552],[-100.417858,25.793534],[-100.418142,25.793428],[-100.418232,25.793395],[-100.418614,25.793257]]}},{"type":"Feature","properties":{"highway":"residential","osm_id":161441557},"geometry":{"type":"LineString","coordinates":[[-100.384869,25.800041],[-100.384907,25.800052],[-100.384918,25.800052],[-100.384931,25.800051],[-100.384943,25.800048],[-100.384957,25.800041],[-100.384996,25.800011],[-100.385201,25.799779],[-100.385357,25.79963],[-100.385448,25.799554],[-100.385491,25.799521],[-100.385578,25.799475],[-100.385763,25.799408],[-100.385834,25.799384],[-100.385916,25.79936],[-100.386113,25.799333],[-100.386393,25.799281],[-100.386521,25.799245],[-100.386587,25.799222],[-100.386687,25.799172],[-100.3868,25.799095],[-100.386881,25.799022],[-100.386954,25.798931],[-100.387011,25.798854],[-100.387184,25.798589],[-100.387293,25.798408],[-100.38737,25.798302],[-100.3875,25.798145],[-100.387645,25.797986],[-100.387765,25.797867],[-100.38839,25.797331],[-100.388638,25.797097],[-100.388998,25.79678],[-100.389089,25.796688],[-100.389175,25.796585],[-100.389368,25.796363]]}},{"type":"Feature","properties":{"highway":"residential","osm_id":161441558},"geometry":{"type":"LineString","coordinates":[[-100.38962,25.803839],[-100.389701,25.803801],[-100.390018,25.803661],[-100.390368,25.803498],[-100.390722,25.803339],[-100.39105,25.803192],[-100.392057,25.802753],[-100.392423,25.802605],[-100.392876,25.802434],[-100.393259,25.802284]]}},{"type":"Feature","properties":{"highway":"residential","osm_id":161441559},"geometry":{"type":"LineString","coordinates":[[-100.397442,25.803067],[-100.39699,25.802181],[-100.396756,25.801732],[-100.396577,25.801372],[-100.396408,25.801037],[-100.396227,25.800691],[-100.396054,25.800351],[-100.395875,25.8],[-100.395694,25.799658],[-100.395506,25.799295],[-100.395318,25.798934]]}},{"type":"Feature","properties":{"highway":"residential","osm_id":161441561},"geometry":{"type":"LineString","coordinates":[[-100.396584,25.800668],[-100.397057,25.800481],[-100.397699,25.800209],[-100.398181,25.800009],[-100.398643,25.799803],[-100.399108,25.799615],[-100.399582,25.79942],[-100.400057,25.799249],[-100.40054,25.799073],[-100.401025,25.798893],[-100.401695,25.798643],[-100.402166,25.798469],[-100.402655,25.798294]]}},{"type":"Feature","properties":{"highway":"residential","osm_id":161441562},"geometry":{"type":"LineString","coordinates":[[-100.389586,25.806194],[-100.3894,25.805873],[-100.389186,25.805532],[-100.388981,25.805195],[-100.388771,25.804862],[-100.388567,25.804528],[-100.388351,25.80421],[-100.388096,25.80388],[-100.38784,25.803568],[-100.387571,25.803244],[-100.387324,25.802941],[-100.38709,25.802665],[-100.386979,25.802502],[-100.386791,25.802166],[-100.386599,25.80181],[-100.386439,25.801489],[-100.386241,25.801135],[-100.38605,25.800797],[-100.38587,25.800463]]}},{"type":"Feature","properties":{"highway":"residential","osm_id":161441563},"geometry":{"type":"LineString","coordinates":[[-100.389143,25.799705],[-100.389106,25.79966],[-100.38901,25.799589],[-100.388762,25.799467],[-100.388386,25.799265],[-100.388296,25.799248]]}},{"type":"Feature","properties":{"highway":"residential","osm_id":161441564},"geometry":{"type":"LineString","coordinates":[[-100.397544,25.802549],[-100.398022,25.802358],[-100.398585,25.802139],[-100.399057,25.801978],[-100.399538,25.801801],[-100.400038,25.801618],[-100.400494,25.80145],[-100.400979,25.801274],[-100.401468,25.801089],[-100.401937,25.800912],[-100.402606,25.800673],[-100.403093,25.800496],[-100.40357,25.8003]]}},{"type":"Feature","properties":{"highway":"residential","osm_id":161441565},"geometry":{"type":"LineString","coordinates":[[-100.389037,25.802914],[-100.389115,25.802881],[-100.3894,25.802746],[-100.389456,25.802722],[-100.389728,25.802606],[-100.390079,25.802458],[-100.390167,25.802417],[-100.390418,25.802301],[-100.390517,25.802256]]}},{"type":"Feature","properties":{"highway":"residential","osm_id":161441566},"geometry":{"type":"LineString","coordinates":[[-100.390134,25.804624],[-100.390193,25.804726],[-100.39038,25.805056],[-100.390602,25.805405],[-100.390813,25.80573],[-100.390986,25.805949],[-100.391172,25.806177],[-100.391623,25.806825],[-100.391688,25.806899],[-100.391747,25.806977],[-100.391851,25.807151],[-100.392674,25.808388],[-100.393237,25.809231],[-100.393248,25.809239],[-100.393263,25.809248],[-100.393278,25.80925]]}},{"type":"Feature","properties":{"highway":"residential","osm_id":161441571},"geometry":{"type":"LineString","coordinates":[[-100.390872,25.799863],[-100.391795,25.799461]]}},{"type":"Feature","properties":{"highway":"residential","osm_id":161441572},"geometry":{"type":"LineString","coordinates":[[-100.392195,25.799734],[-100.393906,25.798967],[-100.395057,25.798431]]}},{"type":"Feature","properties":{"highway":"residential","osm_id":161441575},"geometry":{"type":"LineString","coordinates":[[-100.399057,25.801978],[-100.398181,25.800009]]}},{"type":"Feature","properties":{"highway":"residential","osm_id":161441578},"geometry":{"type":"LineString","coordinates":[[-100.389153,25.800692],[-100.388107,25.801146],[-100.386599,25.80181],[-100.38492,25.802546]]}},{"type":"Feature","properties":{"highway":"residential","osm_id":161441579},"geometry":{"type":"LineString","coordinates":[[-100.401937,25.800912],[-100.401025,25.798893]]}},{"type":"Feature","properties":{"highway":"residential","osm_id":161441583},"geometry":{"type":"LineString","coordinates":[[-100.389207,25.798459],[-100.390916,25.797743]]}},{"type":"Feature","properties":{"highway":"residential","osm_id":161441585},"geometry":{"type":"LineString","coordinates":[[-100.394743,25.793759],[-100.395908,25.795875]]}},{"type":"Feature","properties":{"highway":"residential","osm_id":161441589},"geometry":{"type":"LineString","coordinates":[[-100.392015,25.799377],[-100.39373,25.798621],[-100.394882,25.798092]]}},{"type":"Feature","properties":{"highway":"residential","osm_id":161441594},"geometry":{"type":"LineString","coordinates":[[-100.396839,25.800045],[-100.399349,25.798994],[-100.401502,25.798219]]}},{"type":"Feature","properties":{"highway":"residential","osm_id":161441601},"geometry":{"type":"LineString","coordinates":[[-100.400979,25.801274],[-100.400057,25.799249]]}},{"type":"Feature","properties":{"highway":"residential","osm_id":161441602},"geometry":{"type":"LineString","coordinates":[[-100.38957,25.79915],[-100.391269,25.798442]]}},{"type":"Feature","properties":{"highway":"residential","osm_id":161441603},"geometry":{"type":"LineString","coordinates":[[-100.403093,25.800496],[-100.402166,25.798469],[-100.401386,25.79671],[-100.401352,25.796645]]}},{"type":"Feature","properties":{"highway":"residential","osm_id":161441605},"geometry":{"type":"LineString","coordinates":[[-100.384881,25.802156],[-100.386439,25.801489],[-100.387927,25.800814],[-100.389116,25.800257]]}},{"type":"Feature","properties":{"highway":"residential","osm_id":161441606},"geometry":{"type":"LineString","coordinates":[[-100.39413,25.793691],[-100.395442,25.796082]]}},{"type":"Feature","properties":{"highway":"residential","osm_id":161441608},"geometry":{"type":"LineString","coordinates":[[-100.387774,25.80603],[-100.389186,25.805532],[-100.39038,25.805056]]}},{"type":"Feature","properties":{"highway":"residential","osm_id":161441609},"geometry":{"type":"LineString","coordinates":[[-100.393161,25.801639],[-100.394571,25.801021]]}},{"type":"Feature","properties":{"highway":"residential","osm_id":161441611},"geometry":{"type":"LineString","coordinates":[[-100.39538,25.797162],[-100.397771,25.796091],[-100.398941,25.795533]]}},{"type":"Feature","properties":{"highway":"residential","osm_id":161441612},"geometry":{"type":"LineString","coordinates":[[-100.392238,25.798433],[-100.39169,25.797383],[-100.391567,25.797136],[-100.39143,25.796861],[-100.391303,25.796611],[-100.391156,25.796332]]}},{"type":"Feature","properties":{"highway":"residential","osm_id":161441613},"geometry":{"type":"LineString","coordinates":[[-100.392799,25.800945],[-100.394225,25.800325],[-100.395694,25.799658]]}},{"type":"Feature","properties":{"highway":"residential","osm_id":161441614},"geometry":{"type":"LineString","coordinates":[[-100.388768,25.799558],[-100.387555,25.800128],[-100.38605,25.800797],[-100.384835,25.801321]]}},{"type":"Feature","properties":{"highway":"residential","osm_id":161441618},"geometry":{"type":"LineString","coordinates":[[-100.38903,25.798116],[-100.39067,25.797435],[-100.390758,25.797397]]}},{"type":"Feature","properties":{"highway":"residential","osm_id":161441624},"geometry":{"type":"LineString","coordinates":[[-100.401468,25.801089],[-100.40054,25.799073]]}},{"type":"Feature","properties":{"highway":"residential","osm_id":161441625},"geometry":{"type":"LineString","coordinates":[[-100.389392,25.798804],[-100.391102,25.798091]]}},{"type":"Feature","properties":{"highway":"residential","osm_id":161441628},"geometry":{"type":"LineString","coordinates":[[-100.393931,25.797662],[-100.393406,25.796621]]}},{"type":"Feature","properties":{"highway":"residential","osm_id":161441634},"geometry":{"type":"LineString","coordinates":[[-100.396632,25.799638],[-100.399117,25.798569],[-100.401297,25.797768]]}},{"type":"Feature","properties":{"highway":"residential","osm_id":161441635},"geometry":{"type":"LineString","coordinates":[[-100.389096,25.79986],[-100.387736,25.800468],[-100.386241,25.801135],[-100.384848,25.801758]]}},{"type":"Feature","properties":{"highway":"residential","osm_id":161441637},"geometry":{"type":"LineString","coordinates":[[-100.395167,25.79674],[-100.397536,25.795677]]}},{"type":"Feature","properties":{"highway":"residential","osm_id":161441643},"geometry":{"type":"LineString","coordinates":[[-100.39315,25.802072],[-100.393334,25.801985],[-100.394735,25.801352],[-100.395633,25.800949],[-100.396227,25.800691]]}},{"type":"Feature","properties":{"highway":"residential","osm_id":161441648},"geometry":{"type":"LineString","coordinates":[[-100.396412,25.799204],[-100.398876,25.79815],[-100.401098,25.797327]]}},{"type":"Feature","properties":{"highway":"residential","osm_id":161441651},"geometry":{"type":"LineString","coordinates":[[-100.395485,25.794004],[-100.395545,25.794134],[-100.396382,25.795657]]}},{"type":"Feature","properties":{"highway":"residential","osm_id":161441652},"geometry":{"type":"LineString","coordinates":[[-100.39262,25.800596],[-100.394054,25.799988],[-100.395506,25.799295]]}},{"type":"Feature","properties":{"highway":"residential","osm_id":161441656},"geometry":{"type":"LineString","coordinates":[[-100.392982,25.801302],[-100.394391,25.800659],[-100.39527,25.80027],[-100.395875,25.8]]}},{"type":"Feature","properties":{"highway":"residential","osm_id":161441663},"geometry":{"type":"LineString","coordinates":[[-100.398585,25.802139],[-100.397699,25.800209]]}},{"type":"Feature","properties":{"highway":"residential","osm_id":161441665},"geometry":{"type":"LineString","coordinates":[[-100.393886,25.803013],[-100.395273,25.802394],[-100.396756,25.801732]]}},{"type":"Feature","properties":{"highway":"residential","osm_id":161441667},"geometry":{"type":"LineString","coordinates":[[-100.396188,25.798782],[-100.398652,25.797736],[-100.400906,25.796905]]}},{"type":"Feature","properties":{"highway":"residential","osm_id":161441668},"geometry":{"type":"LineString","coordinates":[[-100.393644,25.797787],[-100.393111,25.79676]]}},{"type":"Feature","properties":{"highway":"residential","osm_id":161441675},"geometry":{"type":"LineString","coordinates":[[-100.400836,25.802133],[-100.400697,25.80189],[-100.400494,25.80145],[-100.399582,25.79942],[-100.399349,25.798994],[-100.399117,25.798569],[-100.398876,25.79815],[-100.398652,25.797736],[-100.398544,25.797522],[-100.39845,25.797348],[-100.398232,25.796932],[-100.398003,25.796512],[-100.397771,25.796091],[-100.397536,25.795677],[-100.397306,25.795237],[-100.396941,25.794557]]}},{"type":"Feature","properties":{"highway":"residential","osm_id":161441679},"geometry":{"type":"LineString","coordinates":[[-100.390678,25.799511],[-100.391618,25.799134],[-100.391847,25.799039],[-100.393552,25.798286],[-100.394719,25.797759]]}},{"type":"Feature","properties":{"highway":"residential","osm_id":161441683},"geometry":{"type":"LineString","coordinates":[[-100.399538,25.801801],[-100.398643,25.799803]]}},{"type":"Feature","properties":{"highway":"residential","osm_id":161441689},"geometry":{"type":"LineString","coordinates":[[-100.394217,25.797537],[-100.39369,25.796495]]}},{"type":"Feature","properties":{"highway":"residential","osm_id":161441692},"geometry":{"type":"LineString","coordinates":[[-100.389178,25.80109],[-100.388283,25.801488],[-100.386791,25.802166],[-100.38496,25.802983]]}},{"type":"Feature","properties":{"highway":"residential","osm_id":161441693},"geometry":{"type":"LineString","coordinates":[[-100.395593,25.797595],[-100.398003,25.796512],[-100.399501,25.795805]]}},{"type":"Feature","properties":{"highway":"residential","osm_id":161441694},"geometry":{"type":"LineString","coordinates":[[-100.398022,25.802358],[-100.397057,25.800481],[-100.396839,25.800045],[-100.396632,25.799638],[-100.396412,25.799204],[-100.396188,25.798782],[-100.396098,25.798602],[-100.396026,25.798455],[-100.395806,25.79802],[-100.395593,25.797595],[-100.39538,25.797162],[-100.395276,25.796958],[-100.395167,25.79674],[-100.394931,25.79631],[-100.393614,25.793702]]}},{"type":"Feature","properties":{"highway":"residential","osm_id":161441698},"geometry":{"type":"LineString","coordinates":[[-100.396207,25.794245],[-100.396262,25.794376],[-100.396848,25.795445]]}},{"type":"Feature","properties":{"highway":"residential","osm_id":161441699},"geometry":{"type":"LineString","coordinates":[[-100.391044,25.800218],[-100.391975,25.799807]]}},{"type":"Feature","properties":{"highway":"residential","osm_id":161441711},"geometry":{"type":"LineString","coordinates":[[-100.39371,25.802662],[-100.395105,25.802046],[-100.396577,25.801372]]}},{"type":"Feature","properties":{"highway":"residential","osm_id":161441712},"geometry":{"type":"LineString","coordinates":[[-100.396408,25.801037],[-100.394916,25.801696],[-100.39353,25.802333]]}},{"type":"Feature","properties":{"highway":"residential","osm_id":161441716},"geometry":{"type":"LineString","coordinates":[[-100.390916,25.800923],[-100.390834,25.800777]]}},{"type":"Feature","properties":{"highway":"residential","osm_id":161441719},"geometry":{"type":"LineString","coordinates":[[-100.400038,25.801618],[-100.399108,25.799615]]}},{"type":"Feature","properties":{"highway":"residential","osm_id":161441720},"geometry":{"type":"LineString","coordinates":[[-100.400377,25.796483],[-100.39999,25.796129],[-100.399845,25.796003],[-100.39972,25.795921],[-100.399501,25.795805],[-100.398941,25.795533],[-100.398379,25.795238],[-100.398317,25.795206],[-100.397865,25.794996],[-100.396941,25.794557],[-100.396207,25.794245],[-100.395904,25.794145],[-100.395485,25.794004],[-100.394927,25.793805],[-100.394743,25.793759],[-100.394407,25.793709],[-100.39413,25.793691],[-100.394092,25.79369],[-100.393614,25.793702],[-100.393293,25.793725],[-100.393225,25.793732],[-100.393053,25.793751],[-100.392931,25.793774],[-100.392835,25.793798],[-100.392778,25.793817],[-100.392496,25.793938],[-100.392405,25.793976],[-100.392334,25.794006],[-100.392238,25.79403],[-100.39202,25.794058],[-100.391792,25.794104],[-100.391664,25.794145],[-100.391593,25.794176],[-100.391367,25.794292],[-100.391111,25.794435],[-100.391029,25.794482],[-100.390611,25.794826],[-100.390064,25.795268]]}},{"type":"Feature","properties":{"highway":"residential","osm_id":161441724},"geometry":{"type":"LineString","coordinates":[[-100.395806,25.79802],[-100.398232,25.796932],[-100.39999,25.796129]]}},{"type":"Feature","properties":{"highway":"residential","osm_id":161441725},"geometry":{"type":"LineString","coordinates":[[-100.385948,25.803851],[-100.387571,25.803244],[-100.388929,25.802733]]}},{"type":"Feature","properties":{"highway":"residential","osm_id":161441726},"geometry":{"type":"LineString","coordinates":[[-100.386608,25.804423],[-100.388096,25.80388],[-100.389347,25.803411]]}},{"type":"Feature","properties":{"highway":"residential","osm_id":161441732},"geometry":{"type":"LineString","coordinates":[[-100.391567,25.797136],[-100.392707,25.796632],[-100.393866,25.796105]]}},{"type":"Feature","properties":{"highway":"residential","osm_id":161441733},"geometry":{"type":"LineString","coordinates":[[-100.386333,25.804118],[-100.38784,25.803568],[-100.389123,25.80306]]}},{"type":"Feature","properties":{"highway":"residential","osm_id":161441734},"geometry":{"type":"LineString","coordinates":[[-100.389368,25.796363],[-100.389734,25.796758],[-100.389772,25.796787],[-100.389797,25.796812],[-100.389919,25.796906],[-100.390306,25.797149],[-100.39067,25.797435]]}},{"type":"Feature","properties":{"highway":"residential","osm_id":161441738},"geometry":{"type":"LineString","coordinates":[[-100.386833,25.804732],[-100.388351,25.80421],[-100.389556,25.803733]]}},{"type":"Feature","properties":{"highway":"residential","osm_id":161441739},"geometry":{"type":"LineString","coordinates":[[-100.387309,25.805397],[-100.388771,25.804862],[-100.389967,25.804407],[-100.390044,25.80437]]}},{"type":"Feature","properties":{"highway":"residential","osm_id":161441741},"geometry":{"type":"LineString","coordinates":[[-100.387606,25.798857],[-100.387749,25.798669],[-100.387929,25.79844],[-100.388023,25.798326],[-100.388123,25.798212],[-100.388223,25.798116],[-100.388748,25.797666],[-100.389772,25.796787]]}},{"type":"Feature","properties":{"highway":"residential","osm_id":161441746},"geometry":{"type":"LineString","coordinates":[[-100.39126,25.797581],[-100.390699,25.796534]]}},{"type":"Feature","properties":{"highway":"residential","osm_id":161441747},"geometry":{"type":"LineString","coordinates":[[-100.387537,25.805716],[-100.388981,25.805195],[-100.390193,25.804726]]}},{"type":"Feature","properties":{"highway":"residential","osm_id":161441748},"geometry":{"type":"LineString","coordinates":[[-100.39143,25.796861],[-100.392562,25.796352],[-100.393738,25.795841]]}},{"type":"Feature","properties":{"highway":"residential","osm_id":161441749},"geometry":{"type":"LineString","coordinates":[[-100.391303,25.796611],[-100.392431,25.796103],[-100.393599,25.79557]]}},{"type":"Feature","properties":{"highway":"residential","osm_id":161441752},"geometry":{"type":"LineString","coordinates":[[-100.386995,25.805102],[-100.387079,25.805064],[-100.388567,25.804528],[-100.389776,25.804078]]}},{"type":"Feature","properties":{"highway":"residential","osm_id":161441755},"geometry":{"type":"LineString","coordinates":[[-100.389072,25.799738],[-100.389143,25.799705],[-100.389747,25.799482],[-100.390119,25.799326],[-100.390507,25.799176],[-100.391443,25.798789]]}},{"type":"Feature","properties":{"highway":"service","osm_id":161441756},"geometry":{"type":"LineString","coordinates":[[-100.403831,25.801013],[-100.403818,25.801026],[-100.403802,25.801037],[-100.403778,25.801048],[-100.402899,25.801372],[-100.401828,25.801765],[-100.401286,25.801975],[-100.400836,25.802133],[-100.400274,25.802322],[-100.399146,25.802743],[-100.398592,25.802945]]}},{"type":"Feature","properties":{"highway":"residential","osm_id":161441757},"geometry":{"type":"LineString","coordinates":[[-100.393053,25.793751],[-100.394473,25.796516],[-100.394795,25.797153],[-100.395555,25.798661],[-100.395625,25.798807],[-100.396584,25.800668],[-100.397544,25.802549],[-100.397754,25.802959]]}},{"type":"Feature","properties":{"highway":"residential","osm_id":161441762},"geometry":{"type":"LineString","coordinates":[[-100.385565,25.803615],[-100.387324,25.802941],[-100.388843,25.802361]]}},{"type":"Feature","properties":{"highway":"residential","osm_id":161441763},"geometry":{"type":"LineString","coordinates":[[-100.388008,25.806364],[-100.3894,25.805873],[-100.390602,25.805405]]}},{"type":"Feature","properties":{"highway":"residential","osm_id":161441764},"geometry":{"type":"LineString","coordinates":[[-100.393488,25.795354],[-100.393468,25.795335],[-100.39345,25.795329],[-100.393434,25.795326],[-100.393418,25.795328],[-100.392274,25.795825],[-100.391156,25.796332],[-100.390699,25.796534],[-100.390578,25.796591]]}},{"type":"Feature","properties":{"highway":"residential","osm_id":161441772},"geometry":{"type":"LineString","coordinates":[[-100.391235,25.80059],[-100.391044,25.800218],[-100.390872,25.799863],[-100.390678,25.799511],[-100.390507,25.799176]]}},{"type":"Feature","properties":{"highway":"residential","osm_id":161441774},"geometry":{"type":"LineString","coordinates":[[-100.394157,25.799451],[-100.394079,25.799301],[-100.393906,25.798967],[-100.39373,25.798621],[-100.393552,25.798286],[-100.393361,25.797924]]}},{"type":"Feature","properties":{"highway":"residential","osm_id":161441775},"geometry":{"type":"LineString","coordinates":[[-100.393361,25.797924],[-100.392841,25.796883],[-100.392707,25.796632],[-100.392562,25.796352],[-100.392431,25.796103],[-100.392274,25.795825]]}},{"type":"Feature","properties":{"highway":"residential","osm_id":161441787},"geometry":{"type":"LineString","coordinates":[[-100.384819,25.800917],[-100.38587,25.800463],[-100.387377,25.799795],[-100.388226,25.799394],[-100.388274,25.799368],[-100.388335,25.799326],[-100.388386,25.799265]]}},{"type":"Feature","properties":{"highway":"residential","osm_id":161441788},"geometry":{"type":"LineString","coordinates":[[-100.403735,25.800749],[-100.403707,25.800777],[-100.403677,25.800795],[-100.403311,25.80092],[-100.402453,25.801238],[-100.400697,25.80189],[-100.397754,25.802959],[-100.397442,25.803067]]}},{"type":"Feature","properties":{"highway":"residential","osm_id":161441798},"geometry":{"type":"LineString","coordinates":[[-100.402606,25.800673],[-100.401695,25.798643],[-100.401502,25.798219],[-100.401297,25.797768],[-100.401098,25.797327],[-100.400906,25.796905],[-100.400798,25.796609],[-100.400771,25.796527]]}},{"type":"Feature","properties":{"highway":"residential","osm_id":161441808},"geometry":{"type":"LineString","coordinates":[[-100.391401,25.803995],[-100.391311,25.80405],[-100.39113,25.804122],[-100.390785,25.804263],[-100.390453,25.804398],[-100.390141,25.804531],[-100.390063,25.804571]]}},{"type":"Feature","properties":{"highway":"residential","osm_id":161441810},"geometry":{"type":"LineString","coordinates":[[-100.391662,25.798688],[-100.392238,25.798433],[-100.393361,25.797924],[-100.393644,25.797787],[-100.393931,25.797662],[-100.394217,25.797537],[-100.394523,25.7974]]}},{"type":"Feature","properties":{"highway":"residential","osm_id":161441818},"geometry":{"type":"LineString","coordinates":[[-100.390535,25.801086],[-100.390466,25.800934],[-100.389747,25.799482],[-100.38957,25.79915],[-100.389392,25.798804],[-100.389207,25.798459],[-100.38903,25.798116],[-100.388845,25.797772],[-100.388811,25.797729],[-100.388748,25.797666],[-100.38839,25.797331]]}},{"type":"Feature","properties":{"highway":"residential","osm_id":161441820},"geometry":{"type":"LineString","coordinates":[[-100.393996,25.796356],[-100.39369,25.796495],[-100.393406,25.796621],[-100.393111,25.79676],[-100.392841,25.796883],[-100.39169,25.797383],[-100.39126,25.797581],[-100.391141,25.79764],[-100.390916,25.797743]]}},{"type":"Feature","properties":{"highway":"residential","osm_id":161441825},"geometry":{"type":"LineString","coordinates":[[-100.38847,25.801829],[-100.388283,25.801488],[-100.388107,25.801146],[-100.387927,25.800814],[-100.387736,25.800468],[-100.387555,25.800128],[-100.387377,25.799795]]}},{"type":"Feature","properties":{"highway":"residential","osm_id":161441828},"geometry":{"type":"LineString","coordinates":[[-100.394473,25.796516],[-100.394931,25.79631],[-100.395442,25.796082],[-100.395908,25.795875],[-100.396382,25.795657],[-100.396848,25.795445],[-100.397306,25.795237],[-100.397865,25.794996]]}},{"type":"Feature","properties":{"highway":"residential","osm_id":161677297},"geometry":{"type":"LineString","coordinates":[[-100.375666,25.801089],[-100.375709,25.80083],[-100.375769,25.800455],[-100.375794,25.800306],[-100.375837,25.800079],[-100.3759,25.799711],[-100.375965,25.799318],[-100.376034,25.79895],[-100.376103,25.798578],[-100.376163,25.798201],[-100.376224,25.797811],[-100.37628,25.797454],[-100.376361,25.79707],[-100.376425,25.796692],[-100.376486,25.796322],[-100.376549,25.795957],[-100.376618,25.795582],[-100.376654,25.795371],[-100.376709,25.795146],[-100.376784,25.794898],[-100.376855,25.794713]]}},{"type":"Feature","properties":{"highway":"residential","osm_id":161677314},"geometry":{"type":"LineString","coordinates":[[-100.377462,25.802478],[-100.377511,25.802219],[-100.377582,25.801846],[-100.377649,25.801489],[-100.377719,25.801106],[-100.377781,25.800736],[-100.377848,25.800355],[-100.377909,25.799983],[-100.37797,25.799601],[-100.378038,25.799233],[-100.378102,25.798853],[-100.378175,25.798478],[-100.378238,25.798107],[-100.378304,25.797727],[-100.378366,25.797358],[-100.378422,25.796993],[-100.37849,25.796618],[-100.378556,25.796235],[-100.378628,25.795861]]}},{"type":"Feature","properties":{"highway":"secondary","osm_id":161677315},"geometry":{"type":"LineString","coordinates":[[-100.371016,25.809614],[-100.37081,25.809624],[-100.37062,25.809627],[-100.370376,25.809629],[-100.370165,25.809615],[-100.369857,25.809579],[-100.36946,25.809516],[-100.369006,25.809439],[-100.368746,25.809396],[-100.368512,25.809358],[-100.367949,25.809266],[-100.367744,25.809227],[-100.367556,25.809183],[-100.367091,25.809117],[-100.366679,25.80906],[-100.366088,25.808977],[-100.365059,25.808833],[-100.364697,25.808782],[-100.364504,25.808757],[-100.363987,25.808689],[-100.363558,25.808633],[-100.363139,25.808578],[-100.362726,25.808524],[-100.362307,25.808469],[-100.361899,25.808416],[-100.361471,25.80836],[-100.360204,25.808194],[-100.359757,25.808135],[-100.359369,25.808084]]}},{"type":"Feature","properties":{"highway":"residential","osm_id":161677330},"geometry":{"type":"LineString","coordinates":[[-100.373713,25.797599],[-100.373557,25.798284],[-100.373538,25.798398]]}},{"type":"Feature","properties":{"highway":"residential","osm_id":161677339},"geometry":{"type":"LineString","coordinates":[[-100.37225,25.799956],[-100.372857,25.800019],[-100.373316,25.80007]]}},{"type":"Feature","properties":{"highway":"residential","osm_id":161677340},"geometry":{"type":"LineString","coordinates":[[-100.37391,25.799342],[-100.3747,25.79949],[-100.375481,25.799631]]}},{"type":"Feature","properties":{"highway":"residential","osm_id":161677364},"geometry":{"type":"LineString","coordinates":[[-100.374015,25.798197],[-100.37481,25.798349],[-100.375676,25.798517]]}},{"type":"Feature","properties":{"highway":"residential","osm_id":161677375},"geometry":{"type":"LineString","coordinates":[[-100.369108,25.801725],[-100.368815,25.801418],[-100.368583,25.801202],[-100.368532,25.801167],[-100.368479,25.801143],[-100.368417,25.801122]]}},{"type":"Feature","properties":{"highway":"residential","osm_id":161677377},"geometry":{"type":"LineString","coordinates":[[-100.37366,25.800455],[-100.374638,25.800639],[-100.375301,25.800761]]}},{"type":"Feature","properties":{"highway":"residential","osm_id":161677380},"geometry":{"type":"LineString","coordinates":[[-100.375939,25.795491],[-100.375847,25.795464],[-100.375599,25.795411],[-100.37511,25.795311],[-100.374671,25.795226],[-100.374321,25.79515]]}},{"type":"Feature","properties":{"highway":"residential","osm_id":161677381},"geometry":{"type":"LineString","coordinates":[[-100.376224,25.797811],[-100.377094,25.797938],[-100.378238,25.798107],[-100.379543,25.798289]]}},{"type":"Feature","properties":{"highway":"residential","osm_id":161677386},"geometry":{"type":"LineString","coordinates":[[-100.376197,25.801664],[-100.376889,25.801757],[-100.377582,25.801846]]}},{"type":"Feature","properties":{"highway":"residential","osm_id":161677387},"geometry":{"type":"LineString","coordinates":[[-100.375996,25.796623],[-100.37494,25.796437],[-100.374441,25.796356],[-100.374231,25.796321],[-100.374039,25.796286]]}},{"type":"Feature","properties":{"highway":"residential","osm_id":161677394},"geometry":{"type":"LineString","coordinates":[[-100.376486,25.796322],[-100.377493,25.796472],[-100.37849,25.796618],[-100.379887,25.796801]]}},{"type":"Feature","properties":{"highway":"residential","osm_id":161677398},"geometry":{"type":"LineString","coordinates":[[-100.37628,25.797454],[-100.377343,25.797596],[-100.378304,25.797727],[-100.37961,25.797917]]}},{"type":"Feature","properties":{"highway":"residential","osm_id":161677399},"geometry":{"type":"LineString","coordinates":[[-100.372632,25.799175],[-100.373017,25.799225],[-100.373501,25.799285]]}},{"type":"Feature","properties":{"highway":"residential","osm_id":161677423},"geometry":{"type":"LineString","coordinates":[[-100.377413,25.795692],[-100.377479,25.795341],[-100.377563,25.794927]]}},{"type":"Feature","properties":{"highway":"residential","osm_id":161677424},"geometry":{"type":"LineString","coordinates":[[-100.37616,25.802041],[-100.376823,25.80213],[-100.377511,25.802219]]}},{"type":"Feature","properties":{"highway":"residential","osm_id":161677437},"geometry":{"type":"LineString","coordinates":[[-100.379338,25.800582],[-100.378432,25.800438],[-100.377848,25.800355],[-100.37615,25.800122],[-100.375837,25.800079]]}},{"type":"Feature","properties":{"highway":"residential","osm_id":161677443},"geometry":{"type":"LineString","coordinates":[[-100.378745,25.79515],[-100.379246,25.795224]]}},{"type":"Feature","properties":{"highway":"residential","osm_id":161677445},"geometry":{"type":"LineString","coordinates":[[-100.374605,25.796755],[-100.375295,25.796889],[-100.37592,25.797005]]}},{"type":"Feature","properties":{"highway":"residential","osm_id":161677457},"geometry":{"type":"LineString","coordinates":[[-100.376549,25.795957],[-100.377593,25.796103],[-100.378556,25.796235],[-100.379712,25.796379]]}},{"type":"Feature","properties":{"highway":"residential","osm_id":161677458},"geometry":{"type":"LineString","coordinates":[[-100.376361,25.79707],[-100.377202,25.797195],[-100.378366,25.797358],[-100.379685,25.797532]]}},{"type":"Feature","properties":{"highway":"residential","osm_id":161677461},"geometry":{"type":"LineString","coordinates":[[-100.374178,25.79746],[-100.374978,25.797605],[-100.375791,25.797756]]}},{"type":"Feature","properties":{"highway":"residential","osm_id":161677463},"geometry":{"type":"LineString","coordinates":[[-100.378684,25.795513],[-100.379391,25.795599]]}},{"type":"Feature","properties":{"highway":"residential","osm_id":161677466},"geometry":{"type":"LineString","coordinates":[[-100.370816,25.800321],[-100.370384,25.79991],[-100.369912,25.799464],[-100.369655,25.799224],[-100.369472,25.799071],[-100.369344,25.798963]]}},{"type":"Feature","properties":{"highway":"residential","osm_id":161677472},"geometry":{"type":"LineString","coordinates":[[-100.369444,25.801428],[-100.36862,25.800645]]}},{"type":"Feature","properties":{"highway":"residential","osm_id":161677475},"geometry":{"type":"LineString","coordinates":[[-100.374099,25.797826],[-100.374962,25.797984],[-100.375735,25.798129]]}},{"type":"Feature","properties":{"highway":"residential","osm_id":161677483},"geometry":{"type":"LineString","coordinates":[[-100.369779,25.801136],[-100.369274,25.800664],[-100.368803,25.80023]]}},{"type":"Feature","properties":{"highway":"residential","osm_id":161677485},"geometry":{"type":"LineString","coordinates":[[-100.375855,25.797388],[-100.374507,25.797132],[-100.37441,25.797109],[-100.374347,25.79708],[-100.374298,25.797039]]}},{"type":"Feature","properties":{"highway":"residential","osm_id":161677486},"geometry":{"type":"LineString","coordinates":[[-100.370542,25.800578],[-100.370459,25.800548],[-100.370364,25.800493],[-100.370293,25.800432],[-100.369275,25.799458],[-100.369174,25.799382]]}},{"type":"Feature","properties":{"highway":"residential","osm_id":161677491},"geometry":{"type":"LineString","coordinates":[[-100.376228,25.801268],[-100.376958,25.801382],[-100.377649,25.801489]]}},{"type":"Feature","properties":{"highway":"residential","osm_id":161677505},"geometry":{"type":"LineString","coordinates":[[-100.377034,25.795637],[-100.377093,25.795278],[-100.377137,25.795035],[-100.377186,25.794822],[-100.377267,25.794575],[-100.377298,25.794473]]}},{"type":"Feature","properties":{"highway":"residential","osm_id":161677516},"geometry":{"type":"LineString","coordinates":[[-100.378214,25.7958],[-100.378267,25.79554],[-100.378348,25.79515]]}},{"type":"Feature","properties":{"highway":"residential","osm_id":161677517},"geometry":{"type":"LineString","coordinates":[[-100.373992,25.798957],[-100.374711,25.799094],[-100.375547,25.799264]]}},{"type":"Feature","properties":{"highway":"residential","osm_id":161677519},"geometry":{"type":"LineString","coordinates":[[-100.3759,25.799711],[-100.376785,25.799821],[-100.377909,25.799983],[-100.378503,25.80007],[-100.379383,25.800209]]}},{"type":"Feature","properties":{"highway":"residential","osm_id":161677525},"geometry":{"type":"LineString","coordinates":[[-100.368459,25.8023],[-100.368067,25.801938]]}},{"type":"Feature","properties":{"highway":"residential","osm_id":161677526},"geometry":{"type":"LineString","coordinates":[[-100.370102,25.800854],[-100.369585,25.800349],[-100.369313,25.800098],[-100.369152,25.799933],[-100.369001,25.799776]]}},{"type":"Feature","properties":{"highway":"residential","osm_id":161677529},"geometry":{"type":"LineString","coordinates":[[-100.376163,25.798201],[-100.376962,25.798316],[-100.378175,25.798478],[-100.379481,25.798662]]}},{"type":"Feature","properties":{"highway":"residential","osm_id":161677532},"geometry":{"type":"LineString","coordinates":[[-100.373742,25.800078],[-100.374011,25.800136],[-100.374578,25.800241],[-100.375359,25.800383]]}},{"type":"Feature","properties":{"highway":"residential","osm_id":161677533},"geometry":{"type":"LineString","coordinates":[[-100.376103,25.798578],[-100.376809,25.798676],[-100.378102,25.798853],[-100.379422,25.79907],[-100.37951,25.799104],[-100.3796,25.799155]]}},{"type":"Feature","properties":{"highway":"residential","osm_id":161677535},"geometry":{"type":"LineString","coordinates":[[-100.37781,25.795748],[-100.377877,25.795414],[-100.377952,25.795039]]}},{"type":"Feature","properties":{"highway":"residential","osm_id":161677544},"geometry":{"type":"LineString","coordinates":[[-100.375615,25.798887],[-100.375676,25.798517],[-100.375735,25.798129],[-100.375791,25.797756],[-100.375855,25.797388],[-100.37592,25.797005],[-100.375996,25.796623],[-100.376067,25.796253],[-100.376132,25.795877],[-100.376232,25.795203]]}},{"type":"Feature","properties":{"highway":"residential","osm_id":161677547},"geometry":{"type":"LineString","coordinates":[[-100.375615,25.798887],[-100.374888,25.798749],[-100.37429,25.798638],[-100.374001,25.798578],[-100.373653,25.798521]]}},{"type":"Feature","properties":{"highway":"residential","osm_id":161677557},"geometry":{"type":"LineString","coordinates":[[-100.370445,25.798426],[-100.370472,25.798448],[-100.370505,25.798464],[-100.370589,25.798495],[-100.370741,25.798555],[-100.370905,25.79862],[-100.371031,25.798662],[-100.371073,25.79867],[-100.371122,25.798673],[-100.371205,25.798674],[-100.371309,25.798675],[-100.37147,25.798673],[-100.371651,25.798681],[-100.372463,25.798774],[-100.372809,25.798815],[-100.373577,25.798908]]}},{"type":"Feature","properties":{"highway":"residential","osm_id":161677575},"geometry":{"type":"LineString","coordinates":[[-100.375764,25.802004],[-100.375778,25.801319],[-100.375773,25.801255],[-100.375753,25.801195],[-100.37572,25.801141],[-100.375666,25.801089]]}},{"type":"Feature","properties":{"highway":"residential","osm_id":161677591},"geometry":{"type":"LineString","coordinates":[[-100.373416,25.799668],[-100.373613,25.799689],[-100.37382,25.799714],[-100.374149,25.799775],[-100.37467,25.799873],[-100.375425,25.800007],[-100.375837,25.800079]]}},{"type":"Feature","properties":{"highway":"residential","osm_id":161677599},"geometry":{"type":"LineString","coordinates":[[-100.375709,25.80083],[-100.376254,25.800901],[-100.376797,25.800981],[-100.377441,25.801067],[-100.377719,25.801106]]}},{"type":"Feature","properties":{"highway":"residential","osm_id":161677604},"geometry":{"type":"LineString","coordinates":[[-100.375769,25.800455],[-100.37628,25.800526],[-100.376946,25.800622],[-100.377781,25.800736],[-100.378423,25.800828],[-100.379,25.8009],[-100.379255,25.80096]]}},{"type":"Feature","properties":{"highway":"residential","osm_id":161677615},"geometry":{"type":"LineString","coordinates":[[-100.376034,25.79895],[-100.376801,25.799053],[-100.378038,25.799233],[-100.379367,25.799425]]}},{"type":"Feature","properties":{"highway":"residential","osm_id":161677620},"geometry":{"type":"LineString","coordinates":[[-100.375965,25.799318],[-100.377058,25.799476],[-100.37797,25.799601],[-100.379427,25.799812]]}},{"type":"Feature","properties":{"highway":"residential","osm_id":161677621},"geometry":{"type":"LineString","coordinates":[[-100.374522,25.795972],[-100.374952,25.796054],[-100.375277,25.796117],[-100.37566,25.796182],[-100.376067,25.796253]]}},{"type":"Feature","properties":{"highway":"residential","osm_id":161677643},"geometry":{"type":"LineString","coordinates":[[-100.376425,25.796692],[-100.376758,25.796745],[-100.377355,25.796832],[-100.378422,25.796993],[-100.379757,25.797182],[-100.380071,25.797212]]}},{"type":"Feature","properties":{"highway":"residential","osm_id":161677665},"geometry":{"type":"LineString","coordinates":[[-100.373216,25.800476],[-100.372656,25.800417],[-100.372544,25.800397],[-100.37246,25.80037],[-100.372224,25.800234],[-100.37219,25.800202]]}},{"type":"Feature","properties":{"highway":"residential","osm_id":161677683},"geometry":{"type":"LineString","coordinates":[[-100.371962,25.799245],[-100.372009,25.799284],[-100.372256,25.799491],[-100.37234,25.799543],[-100.372431,25.799572],[-100.372553,25.799588],[-100.373416,25.799668]]}},{"type":"Feature","properties":{"highway":"residential","osm_id":161677747},"geometry":{"type":"LineString","coordinates":[[-100.37613,25.802433],[-100.37616,25.802041],[-100.376197,25.801664],[-100.376228,25.801268],[-100.376254,25.800901]]}},{"type":"Feature","properties":{"highway":"residential","osm_id":161677758},"geometry":{"type":"LineString","coordinates":[[-100.375004,25.794235],[-100.374953,25.794369],[-100.374848,25.794601],[-100.374794,25.794711],[-100.374756,25.794794],[-100.374726,25.794897],[-100.374699,25.795047],[-100.374671,25.795226],[-100.374642,25.795372],[-100.374612,25.795532],[-100.374575,25.795706],[-100.374522,25.795972],[-100.374441,25.796356],[-100.37432,25.796824],[-100.374257,25.797076],[-100.374226,25.797245],[-100.374178,25.79746],[-100.374099,25.797826],[-100.374015,25.798197],[-100.373974,25.798396],[-100.37397,25.798457],[-100.373976,25.798515],[-100.374001,25.798578]]}},{"type":"Feature","properties":{"highway":"residential","osm_id":161677789},"geometry":{"type":"LineString","coordinates":[[-100.376618,25.795582],[-100.377034,25.795637],[-100.377215,25.795665],[-100.377413,25.795692],[-100.37781,25.795748],[-100.378214,25.7958],[-100.378628,25.795861],[-100.379537,25.795974]]}},{"type":"Feature","properties":{"highway":"secondary","osm_id":161677794},"geometry":{"type":"LineString","coordinates":[[-100.374525,25.808302],[-100.374834,25.808151],[-100.375586,25.807809],[-100.376421,25.80745],[-100.376493,25.807416],[-100.376934,25.807213],[-100.376993,25.807189],[-100.378452,25.806522],[-100.379309,25.806137],[-100.38146,25.805169],[-100.384449,25.803809]]}},{"type":"Feature","properties":{"highway":"residential","osm_id":161677801},"geometry":{"type":"LineString","coordinates":[[-100.373551,25.800882],[-100.37366,25.800455],[-100.373742,25.800078],[-100.37382,25.799714],[-100.37391,25.799342],[-100.373992,25.798957],[-100.374038,25.798783],[-100.37405,25.798729],[-100.374049,25.798671],[-100.374033,25.798625],[-100.374001,25.798578]]}},{"type":"Feature","properties":{"highway":"residential","osm_id":161677805},"geometry":{"type":"LineString","coordinates":[[-100.376545,25.794607],[-100.376855,25.794713],[-100.377019,25.794769],[-100.377186,25.794822],[-100.377563,25.794927],[-100.377952,25.795039],[-100.378175,25.795101],[-100.378348,25.79515],[-100.378725,25.795254]]}},{"type":"Feature","properties":{"highway":"residential","osm_id":161677806},"geometry":{"type":"LineString","coordinates":[[-100.375255,25.801072],[-100.375301,25.800761],[-100.375359,25.800383],[-100.375425,25.800007],[-100.375481,25.799631],[-100.375547,25.799264],[-100.375615,25.798887]]}},{"type":"Feature","properties":{"highway":"residential","osm_id":161677810},"geometry":{"type":"LineString","coordinates":[[-100.379367,25.799425],[-100.379422,25.79907],[-100.379481,25.798662],[-100.379543,25.798289],[-100.37961,25.797917],[-100.379685,25.797532],[-100.379757,25.797182]]}},{"type":"Feature","properties":{"highway":"secondary","osm_id":161677821},"geometry":{"type":"LineString","coordinates":[[-100.356718,25.80788],[-100.357514,25.807983],[-100.358396,25.808121],[-100.35889,25.808187],[-100.35914,25.808219],[-100.359349,25.808242],[-100.359723,25.808293],[-100.360173,25.808354],[-100.360498,25.808397],[-100.360917,25.808454],[-100.361326,25.808506],[-100.361735,25.808553],[-100.361869,25.808568],[-100.363108,25.808734],[-100.363531,25.808788],[-100.363733,25.808815],[-100.363907,25.808838],[-100.364037,25.808855],[-100.364486,25.80891],[-100.365056,25.808984],[-100.365855,25.809088],[-100.366067,25.809111],[-100.366234,25.809131],[-100.366722,25.80919],[-100.367186,25.809246],[-100.367805,25.809342],[-100.368525,25.809451],[-100.368957,25.809506],[-100.369981,25.809674],[-100.370691,25.80977],[-100.370966,25.809808],[-100.371149,25.809805],[-100.371283,25.809786],[-100.371415,25.809743],[-100.371928,25.809504],[-100.372447,25.809268],[-100.373268,25.808889]]}},{"type":"Feature","properties":{"highway":"residential","osm_id":161677826},"geometry":{"type":"LineString","coordinates":[[-100.378628,25.795861],[-100.378684,25.795513],[-100.378725,25.795254],[-100.378745,25.79515],[-100.378771,25.795008],[-100.378802,25.79487]]}},{"type":"Feature","properties":{"highway":"residential","osm_id":161677829},"geometry":{"type":"LineString","coordinates":[[-100.358643,25.80592],[-100.359125,25.805985],[-100.359267,25.805991],[-100.359392,25.805982],[-100.359492,25.80597],[-100.359603,25.805947],[-100.3601,25.80585],[-100.360586,25.805778],[-100.360993,25.805713],[-100.361833,25.805589],[-100.362005,25.805563],[-100.36225,25.805525],[-100.362454,25.805498],[-100.362661,25.80547],[-100.362878,25.805438],[-100.363092,25.805401],[-100.363317,25.805362],[-100.3635,25.805333],[-100.363752,25.805289],[-100.363878,25.805271],[-100.364011,25.805248],[-100.364564,25.805161],[-100.364644,25.805149],[-100.364835,25.805111],[-100.364957,25.805085]]}},{"type":"Feature","properties":{"highway":"residential","osm_id":161677830},"geometry":{"type":"LineString","coordinates":[[-100.37613,25.802433],[-100.376367,25.802462],[-100.377161,25.802574],[-100.37725,25.802583]]}},{"type":"Feature","properties":{"highway":"residential","osm_id":161679836},"geometry":{"type":"LineString","coordinates":[[-100.360173,25.808354],[-100.360204,25.808194],[-100.360231,25.808078],[-100.360269,25.807939],[-100.360319,25.807807],[-100.360493,25.807433],[-100.360657,25.807103],[-100.360714,25.806988],[-100.360766,25.806837],[-100.360791,25.806738],[-100.360818,25.806617],[-100.360885,25.806229],[-100.360966,25.805845],[-100.360979,25.805781],[-100.360993,25.805713]]}},{"type":"Feature","properties":{"highway":"residential","osm_id":161679837},"geometry":{"type":"LineString","coordinates":[[-100.369458,25.806132],[-100.369217,25.805726]]}},{"type":"Feature","properties":{"highway":"residential","osm_id":161679838},"geometry":{"type":"LineString","coordinates":[[-100.361585,25.803849],[-100.361963,25.804018],[-100.362432,25.804211],[-100.362927,25.804415],[-100.363064,25.804468],[-100.363363,25.804588],[-100.363494,25.804646],[-100.363805,25.804779],[-100.363884,25.804813],[-100.364278,25.804973],[-100.364384,25.80503],[-100.364462,25.805084],[-100.364564,25.805161]]}},{"type":"Feature","properties":{"highway":"residential","osm_id":161679841},"geometry":{"type":"LineString","coordinates":[[-100.366067,25.809111],[-100.366084,25.809037],[-100.366088,25.808977],[-100.366087,25.808871],[-100.366035,25.808567],[-100.36597,25.808202],[-100.365915,25.807814],[-100.365864,25.807435],[-100.365836,25.807233],[-100.365807,25.807057],[-100.365753,25.806685],[-100.365715,25.80648],[-100.365701,25.806371],[-100.365701,25.806305],[-100.365721,25.80618],[-100.365796,25.805892],[-100.365922,25.805445],[-100.366019,25.805034]]}},{"type":"Feature","properties":{"highway":"residential","osm_id":161679843},"geometry":{"type":"LineString","coordinates":[[-100.370206,25.805965],[-100.370002,25.805485],[-100.369857,25.805092],[-100.369695,25.804723],[-100.369652,25.804616],[-100.369529,25.804336],[-100.369436,25.804142],[-100.369358,25.80397],[-100.369258,25.803702],[-100.369197,25.803564]]}},{"type":"Feature","properties":{"highway":"residential","osm_id":161679846},"geometry":{"type":"LineString","coordinates":[[-100.369258,25.803702],[-100.37047,25.803867],[-100.371033,25.803939],[-100.371269,25.803967],[-100.371392,25.804004],[-100.37147,25.804042],[-100.371653,25.804154]]}},{"type":"Feature","properties":{"highway":"residential","osm_id":161679847},"geometry":{"type":"LineString","coordinates":[[-100.367979,25.803875],[-100.368308,25.803783],[-100.369197,25.803564]]}},{"type":"Feature","properties":{"highway":"residential","osm_id":161679851},"geometry":{"type":"LineString","coordinates":[[-100.364278,25.804973],[-100.364429,25.804601],[-100.364691,25.803827],[-100.364908,25.803209]]}},{"type":"Feature","properties":{"highway":"residential","osm_id":161679852},"geometry":{"type":"LineString","coordinates":[[-100.369217,25.805726],[-100.370002,25.805485]]}},{"type":"Feature","properties":{"highway":"residential","osm_id":161679853},"geometry":{"type":"LineString","coordinates":[[-100.370319,25.805531],[-100.370687,25.805428],[-100.371069,25.805323]]}},{"type":"Feature","properties":{"highway":"residential","osm_id":161679855},"geometry":{"type":"LineString","coordinates":[[-100.367129,25.806172],[-100.367563,25.805862],[-100.368325,25.80524],[-100.368512,25.805086],[-100.368581,25.805037],[-100.368646,25.805],[-100.368711,25.804977]]}},{"type":"Feature","properties":{"highway":"residential","osm_id":161679857},"geometry":{"type":"LineString","coordinates":[[-100.367091,25.809117],[-100.36706,25.808743],[-100.367004,25.808315]]}},{"type":"Feature","properties":{"highway":"residential","osm_id":161679858},"geometry":{"type":"LineString","coordinates":[[-100.363673,25.807975],[-100.364232,25.807838],[-100.364886,25.807674],[-100.365864,25.807435],[-100.366511,25.807289],[-100.367055,25.807144],[-100.367346,25.807073]]}},{"type":"Feature","properties":{"highway":"residential","osm_id":161679861},"geometry":{"type":"LineString","coordinates":[[-100.369422,25.802848],[-100.370608,25.803042],[-100.371902,25.803318]]}},{"type":"Feature","properties":{"highway":"residential","osm_id":161679865},"geometry":{"type":"LineString","coordinates":[[-100.369247,25.80326],[-100.369977,25.803365],[-100.370314,25.803423],[-100.370544,25.803469],[-100.37155,25.803674]]}},{"type":"Feature","properties":{"highway":"residential","osm_id":161679866},"geometry":{"type":"LineString","coordinates":[[-100.360493,25.807433],[-100.361125,25.807514],[-100.361619,25.807576]]}},{"type":"Feature","properties":{"highway":"residential","osm_id":161679867},"geometry":{"type":"LineString","coordinates":[[-100.366999,25.805797],[-100.367255,25.805602],[-100.367879,25.805093],[-100.368387,25.804695],[-100.368489,25.804621]]}},{"type":"Feature","properties":{"highway":"residential","osm_id":161679870},"geometry":{"type":"LineString","coordinates":[[-100.366725,25.802586],[-100.367514,25.802848],[-100.367656,25.802892]]}},{"type":"Feature","properties":{"highway":"residential","osm_id":161679872},"geometry":{"type":"LineString","coordinates":[[-100.366035,25.808567],[-100.365343,25.808735],[-100.365177,25.808792],[-100.365059,25.808833]]}},{"type":"Feature","properties":{"highway":"residential","osm_id":161679874},"geometry":{"type":"LineString","coordinates":[[-100.363092,25.805401],[-100.363035,25.80514],[-100.362982,25.804825],[-100.362943,25.804592],[-100.362927,25.804415]]}},{"type":"Feature","properties":{"highway":"residential","osm_id":161679877},"geometry":{"type":"LineString","coordinates":[[-100.360319,25.807807],[-100.361544,25.807951]]}},{"type":"Feature","properties":{"highway":"residential","osm_id":161679881},"geometry":{"type":"LineString","coordinates":[[-100.367742,25.80351],[-100.368348,25.803349],[-100.369047,25.803167],[-100.369153,25.803142],[-100.36923,25.803128],[-100.369312,25.803119]]}},{"type":"Feature","properties":{"highway":"residential","osm_id":161679882},"geometry":{"type":"LineString","coordinates":[[-100.368711,25.804977],[-100.368803,25.80495],[-100.369695,25.804723]]}},{"type":"Feature","properties":{"highway":"residential","osm_id":161679883},"geometry":{"type":"LineString","coordinates":[[-100.361903,25.806141],[-100.361431,25.805999],[-100.360966,25.805845]]}},{"type":"Feature","properties":{"highway":"residential","osm_id":161679886},"geometry":{"type":"LineString","coordinates":[[-100.363479,25.806851],[-100.364206,25.806671],[-100.365701,25.806305],[-100.36706,25.805971]]}},{"type":"Feature","properties":{"highway":"residential","osm_id":161679887},"geometry":{"type":"LineString","coordinates":[[-100.361129,25.804008],[-100.361035,25.80376]]}},{"type":"Feature","properties":{"highway":"residential","osm_id":161679890},"geometry":{"type":"LineString","coordinates":[[-100.3635,25.805333],[-100.363429,25.804949],[-100.363363,25.804588]]}},{"type":"Feature","properties":{"highway":"residential","osm_id":161679891},"geometry":{"type":"LineString","coordinates":[[-100.363314,25.807689],[-100.36375,25.807572],[-100.364277,25.807438],[-100.364949,25.807276],[-100.365807,25.807057],[-100.367308,25.806685]]}},{"type":"Feature","properties":{"highway":"residential","osm_id":161679892},"geometry":{"type":"LineString","coordinates":[[-100.369963,25.801724],[-100.370919,25.801857]]}},{"type":"Feature","properties":{"highway":"residential","osm_id":161679893},"geometry":{"type":"LineString","coordinates":[[-100.363884,25.804813],[-100.363966,25.804593],[-100.364188,25.804048],[-100.364426,25.803381],[-100.36461,25.802841]]}},{"type":"Feature","properties":{"highway":"residential","osm_id":161679896},"geometry":{"type":"LineString","coordinates":[[-100.371369,25.804443],[-100.370396,25.804276],[-100.369436,25.804142]]}},{"type":"Feature","properties":{"highway":"residential","osm_id":161679899},"geometry":{"type":"LineString","coordinates":[[-100.36225,25.805525],[-100.362136,25.804938],[-100.361963,25.804018]]}},{"type":"Feature","properties":{"highway":"residential","osm_id":161679901},"geometry":{"type":"LineString","coordinates":[[-100.366868,25.80542],[-100.367833,25.804628],[-100.368072,25.804433],[-100.36825,25.804265]]}},{"type":"Feature","properties":{"highway":"residential","osm_id":161679907},"geometry":{"type":"LineString","coordinates":[[-100.368949,25.805341],[-100.369294,25.805247],[-100.369639,25.805154],[-100.369857,25.805092]]}},{"type":"Feature","properties":{"highway":"residential","osm_id":161679908},"geometry":{"type":"LineString","coordinates":[[-100.370142,25.801357],[-100.371092,25.801499]]}},{"type":"Feature","properties":{"highway":"residential","osm_id":161679909},"geometry":{"type":"LineString","coordinates":[[-100.366679,25.80906],[-100.366632,25.808738],[-100.366591,25.808424]]}},{"type":"Feature","properties":{"highway":"residential","osm_id":161679912},"geometry":{"type":"LineString","coordinates":[[-100.360586,25.805778],[-100.360499,25.805292],[-100.360297,25.804283]]}},{"type":"Feature","properties":{"highway":"residential","osm_id":161679914},"geometry":{"type":"LineString","coordinates":[[-100.361817,25.806503],[-100.360885,25.806229],[-100.360082,25.805961]]}},{"type":"Feature","properties":{"highway":"residential","osm_id":161679915},"geometry":{"type":"LineString","coordinates":[[-100.360993,25.805713],[-100.360989,25.805608],[-100.360974,25.805472],[-100.3608,25.804607],[-100.360755,25.804407],[-100.360729,25.80431],[-100.360667,25.804178]]}},{"type":"Feature","properties":{"highway":"residential","osm_id":161679917},"geometry":{"type":"LineString","coordinates":[[-100.361739,25.8069],[-100.360818,25.806617]]}},{"type":"Feature","properties":{"highway":"residential","osm_id":161679919},"geometry":{"type":"LineString","coordinates":[[-100.363595,25.808392],[-100.364219,25.808228],[-100.364819,25.808078],[-100.365915,25.807814],[-100.366586,25.807647],[-100.367385,25.807464]]}},{"type":"Feature","properties":{"highway":"residential","osm_id":161679920},"geometry":{"type":"LineString","coordinates":[[-100.366674,25.803761],[-100.366408,25.802986],[-100.366154,25.802256]]}},{"type":"Feature","properties":{"highway":"residential","osm_id":161679923},"geometry":{"type":"LineString","coordinates":[[-100.365162,25.804975],[-100.365243,25.804699],[-100.365613,25.803652]]}},{"type":"Feature","properties":{"highway":"residential","osm_id":161679926},"geometry":{"type":"LineString","coordinates":[[-100.362661,25.80547],[-100.362575,25.804956],[-100.362432,25.804211]]}},{"type":"Feature","properties":{"highway":"residential","osm_id":161679929},"geometry":{"type":"LineString","coordinates":[[-100.365922,25.805445],[-100.36681,25.805252]]}},{"type":"Feature","properties":{"highway":"residential","osm_id":161679931},"geometry":{"type":"LineString","coordinates":[[-100.368489,25.804621],[-100.368581,25.804585],[-100.368722,25.804538],[-100.369529,25.804336]]}},{"type":"Feature","properties":{"highway":"residential","osm_id":161679934},"geometry":{"type":"LineString","coordinates":[[-100.37486,25.804812],[-100.374852,25.804774],[-100.374831,25.804734],[-100.374797,25.804697],[-100.37394,25.804139],[-100.373828,25.804054],[-100.37374,25.803984],[-100.373415,25.803682],[-100.373101,25.803387],[-100.372942,25.803243],[-100.37275,25.803077]]}},{"type":"Feature","properties":{"highway":"residential","osm_id":161679939},"geometry":{"type":"LineString","coordinates":[[-100.363494,25.804646],[-100.363577,25.804424],[-100.363648,25.804243],[-100.363934,25.803522],[-100.364194,25.802749]]}},{"type":"Feature","properties":{"highway":"residential","osm_id":161679941},"geometry":{"type":"LineString","coordinates":[[-100.366587,25.804611],[-100.367817,25.803623]]}},{"type":"Feature","properties":{"highway":"residential","osm_id":161679943},"geometry":{"type":"LineString","coordinates":[[-100.367924,25.802982],[-100.368225,25.80293],[-100.368949,25.80275]]}},{"type":"Feature","properties":{"highway":"residential","osm_id":161679947},"geometry":{"type":"LineString","coordinates":[[-100.361507,25.803873],[-100.361472,25.803751],[-100.361386,25.803538],[-100.361357,25.803445],[-100.361345,25.803372],[-100.361351,25.80329],[-100.361355,25.803221],[-100.361349,25.803161],[-100.361316,25.802969],[-100.36129,25.802851],[-100.361253,25.802756],[-100.361212,25.802681],[-100.361146,25.802601]]}},{"type":"Feature","properties":{"highway":"residential","osm_id":161679951},"geometry":{"type":"LineString","coordinates":[[-100.364738,25.808494],[-100.36528,25.808371],[-100.36597,25.808202],[-100.366533,25.808058],[-100.367421,25.807824]]}},{"type":"Feature","properties":{"highway":"residential","osm_id":161679952},"geometry":{"type":"LineString","coordinates":[[-100.363393,25.807263],[-100.364248,25.807051],[-100.365753,25.806685],[-100.367183,25.806326]]}},{"type":"Feature","properties":{"highway":"residential","osm_id":161679954},"geometry":{"type":"LineString","coordinates":[[-100.367803,25.802546],[-100.367135,25.80231],[-100.366606,25.80212]]}},{"type":"Feature","properties":{"highway":"residential","osm_id":161679955},"geometry":{"type":"LineString","coordinates":[[-100.366725,25.805008],[-100.368036,25.803954]]}},{"type":"Feature","properties":{"highway":"residential","osm_id":161679958},"geometry":{"type":"LineString","coordinates":[[-100.36825,25.804265],[-100.36832,25.804222],[-100.368375,25.8042],[-100.368447,25.804177],[-100.369358,25.80397]]}},{"type":"Feature","properties":{"highway":"residential","osm_id":161679961},"geometry":{"type":"LineString","coordinates":[[-100.363878,25.805271],[-100.363867,25.805159],[-100.363856,25.805046],[-100.363861,25.804921],[-100.363884,25.804813]]}},{"type":"Feature","properties":{"highway":"residential","osm_id":161679963},"geometry":{"type":"LineString","coordinates":[[-100.366345,25.804023],[-100.365878,25.802747],[-100.365773,25.802437],[-100.365776,25.802404],[-100.365787,25.802379]]}},{"type":"Feature","properties":{"highway":"residential","osm_id":161679973},"geometry":{"type":"LineString","coordinates":[[-100.369652,25.804616],[-100.370321,25.804688],[-100.370787,25.804752],[-100.371041,25.804783],[-100.371119,25.804839],[-100.371414,25.80504],[-100.372103,25.805492]]}},{"type":"Feature","properties":{"highway":"residential","osm_id":161679974},"geometry":{"type":"LineString","coordinates":[[-100.360014,25.806345],[-100.360818,25.806617]]}},{"type":"Feature","properties":{"highway":"tertiary","osm_id":161679975},"geometry":{"type":"LineString","coordinates":[[-100.367459,25.808206],[-100.367421,25.807824],[-100.367385,25.807464],[-100.367346,25.807073],[-100.367308,25.806685],[-100.367183,25.806326],[-100.367129,25.806172],[-100.36706,25.805971],[-100.366999,25.805797],[-100.366929,25.805595],[-100.366868,25.80542],[-100.36681,25.805252],[-100.366725,25.805008],[-100.366679,25.804876],[-100.366587,25.804611],[-100.366438,25.804184],[-100.366345,25.804023]]}},{"type":"Feature","properties":{"highway":"residential","osm_id":161679978},"geometry":{"type":"LineString","coordinates":[[-100.367953,25.802188],[-100.367316,25.801975],[-100.366735,25.801784]]}},{"type":"Feature","properties":{"highway":"residential","osm_id":161679979},"geometry":{"type":"LineString","coordinates":[[-100.35889,25.808187],[-100.358914,25.808022],[-100.358958,25.807674],[-100.359063,25.806559],[-100.359125,25.805985],[-100.35923,25.804985],[-100.359321,25.804027]]}},{"type":"Feature","properties":{"highway":"tertiary","osm_id":161679981},"geometry":{"type":"LineString","coordinates":[[-100.366438,25.804184],[-100.367543,25.803291],[-100.367924,25.802982],[-100.368582,25.802407],[-100.36891,25.802119],[-100.369251,25.801821],[-100.370254,25.800945],[-100.370542,25.800578]]}},{"type":"Feature","properties":{"highway":"residential","osm_id":161679983},"geometry":{"type":"LineString","coordinates":[[-100.365244,25.803491],[-100.364762,25.804806],[-100.364709,25.804966],[-100.364678,25.805032],[-100.364656,25.805067],[-100.364622,25.805101]]}},{"type":"Feature","properties":{"highway":"residential","osm_id":161679985},"geometry":{"type":"LineString","coordinates":[[-100.367026,25.803477],[-100.366867,25.803002],[-100.366725,25.802586],[-100.366598,25.802273],[-100.366546,25.802143]]}},{"type":"Feature","properties":{"highway":"residential","osm_id":161679987},"geometry":{"type":"LineString","coordinates":[[-100.361683,25.802853],[-100.361689,25.802978],[-100.361689,25.803144],[-100.361737,25.803282],[-100.361774,25.80338],[-100.361804,25.803462],[-100.361893,25.80366]]}},{"type":"Feature","properties":{"highway":"residential","osm_id":161679993},"geometry":{"type":"LineString","coordinates":[[-100.361833,25.805589],[-100.361786,25.805344],[-100.361567,25.804191],[-100.361507,25.803873]]}},{"type":"Feature","properties":{"highway":"residential","osm_id":161679994},"geometry":{"type":"LineString","coordinates":[[-100.371041,25.804783],[-100.371369,25.804443],[-100.371653,25.804154]]}},{"type":"Feature","properties":{"highway":"residential","osm_id":161679996},"geometry":{"type":"LineString","coordinates":[[-100.369798,25.802073],[-100.370773,25.802223],[-100.371243,25.802316],[-100.371847,25.802447],[-100.373137,25.802709]]}},{"type":"Feature","properties":{"highway":"residential","osm_id":161680001},"geometry":{"type":"LineString","coordinates":[[-100.361869,25.808568],[-100.361899,25.808416],[-100.362076,25.807402],[-100.362184,25.806839],[-100.362454,25.805498]]}},{"type":"Feature","properties":{"highway":"residential","osm_id":161680004},"geometry":{"type":"LineString","coordinates":[[-100.363563,25.806436],[-100.364174,25.806284],[-100.365616,25.805931],[-100.365796,25.805892],[-100.366929,25.805595]]}},{"type":"Feature","properties":{"highway":"residential","osm_id":161680009},"geometry":{"type":"LineString","coordinates":[[-100.371414,25.80504],[-100.371724,25.804723],[-100.372028,25.804392]]}},{"type":"Feature","properties":{"highway":"residential","osm_id":161680010},"geometry":{"type":"LineString","coordinates":[[-100.366679,25.804876],[-100.366019,25.805034],[-100.365215,25.805233],[-100.364826,25.805334]]}},{"type":"Feature","properties":{"highway":"residential","osm_id":161680011},"geometry":{"type":"LineString","coordinates":[[-100.362307,25.808469],[-100.362491,25.807542],[-100.362666,25.806656],[-100.362784,25.806001],[-100.362878,25.805438]]}},{"type":"Feature","properties":{"highway":"residential","osm_id":161680013},"geometry":{"type":"LineString","coordinates":[[-100.363639,25.806005],[-100.364135,25.805901],[-100.364561,25.8058],[-100.365219,25.805635]]}},{"type":"Feature","properties":{"highway":"residential","osm_id":161680016},"geometry":{"type":"LineString","coordinates":[[-100.362726,25.808524],[-100.362884,25.807689],[-100.363011,25.807079],[-100.363205,25.806072],[-100.363317,25.805362]]}},{"type":"Feature","properties":{"highway":"residential","osm_id":161680024},"geometry":{"type":"LineString","coordinates":[[-100.359898,25.806715],[-100.359962,25.806523],[-100.360014,25.806345],[-100.360044,25.806196],[-100.360082,25.805961],[-100.3601,25.80585],[-100.360099,25.805735],[-100.360095,25.805605],[-100.360061,25.80531],[-100.359992,25.804876],[-100.359902,25.804405]]}},{"type":"Feature","properties":{"highway":"residential","osm_id":161680027},"geometry":{"type":"LineString","coordinates":[[-100.363531,25.808788],[-100.363558,25.808633],[-100.363595,25.808392],[-100.363673,25.807975],[-100.36375,25.807572]]}},{"type":"Feature","properties":{"highway":"residential","osm_id":161680028},"geometry":{"type":"LineString","coordinates":[[-100.370254,25.800945],[-100.37034,25.800969],[-100.370651,25.801016],[-100.3713,25.801105],[-100.37179,25.801181],[-100.372853,25.801402],[-100.372996,25.801427],[-100.373057,25.801433],[-100.373116,25.801431]]}},{"type":"Feature","properties":{"highway":"residential","osm_id":161680029},"geometry":{"type":"LineString","coordinates":[[-100.366035,25.808567],[-100.366591,25.808424],[-100.367004,25.808315],[-100.367459,25.808206]]}},{"type":"Feature","properties":{"highway":"residential","osm_id":161680035},"geometry":{"type":"LineString","coordinates":[[-100.369857,25.805092],[-100.369933,25.805078],[-100.370007,25.805076],[-100.370083,25.805084],[-100.370244,25.805106],[-100.370677,25.805168],[-100.370816,25.805192],[-100.370891,25.805219],[-100.370973,25.805263],[-100.371069,25.805323],[-100.371542,25.805642]]}},{"type":"Feature","properties":{"highway":"residential","osm_id":161680036},"geometry":{"type":"LineString","coordinates":[[-100.369328,25.803082],[-100.368949,25.80275],[-100.368582,25.802407]]}},{"type":"Feature","properties":{"highway":"residential","osm_id":161680039},"geometry":{"type":"LineString","coordinates":[[-100.369606,25.802468],[-100.370684,25.802666],[-100.371735,25.802875],[-100.372245,25.802983],[-100.372404,25.803025],[-100.372501,25.803068],[-100.37259,25.803117],[-100.372656,25.803166]]}},{"type":"Feature","properties":{"highway":"residential","osm_id":161680043},"geometry":{"type":"LineString","coordinates":[[-100.375666,25.801089],[-100.375392,25.801081],[-100.375255,25.801072],[-100.375134,25.80106],[-100.375043,25.801049],[-100.374904,25.801032],[-100.374483,25.800984],[-100.374097,25.800937],[-100.373551,25.800882],[-100.373143,25.80083]]}},{"type":"Feature","properties":{"highway":"residential","osm_id":161680044},"geometry":{"type":"LineString","coordinates":[[-100.364697,25.808782],[-100.364719,25.808622],[-100.364738,25.808494],[-100.364819,25.808078],[-100.364886,25.807674],[-100.364949,25.807276]]}},{"type":"Feature","properties":{"highway":"residential","osm_id":161680045},"geometry":{"type":"LineString","coordinates":[[-100.363314,25.807689],[-100.363223,25.807713],[-100.363145,25.807721],[-100.363078,25.807719],[-100.362884,25.807689],[-100.362491,25.807542],[-100.362076,25.807402],[-100.361673,25.807272],[-100.360714,25.806988]]}},{"type":"Feature","properties":{"highway":"residential","osm_id":161680046},"geometry":{"type":"LineString","coordinates":[[-100.371269,25.803967],[-100.37155,25.803674],[-100.371902,25.803318],[-100.372245,25.802983]]}},{"type":"Feature","properties":{"highway":"residential","osm_id":161680049},"geometry":{"type":"LineString","coordinates":[[-100.364277,25.807438],[-100.364248,25.807051],[-100.364206,25.806671],[-100.364174,25.806284],[-100.364135,25.805901],[-100.364119,25.805785],[-100.364094,25.805644],[-100.364053,25.805455],[-100.364011,25.805248]]}},{"type":"Feature","properties":{"highway":"residential","osm_id":161680051},"geometry":{"type":"LineString","coordinates":[[-100.371653,25.804154],[-100.37189,25.803934],[-100.372656,25.803166],[-100.37275,25.803077],[-100.373137,25.802709],[-100.373505,25.802346],[-100.373824,25.802029]]}},{"type":"Feature","properties":{"highway":"residential","osm_id":161680052},"geometry":{"type":"LineString","coordinates":[[-100.375565,25.804429],[-100.37558,25.804461],[-100.375591,25.804486],[-100.375661,25.804437],[-100.375754,25.804353],[-100.37589,25.80422],[-100.376178,25.803908],[-100.376308,25.803759],[-100.376385,25.803659],[-100.376459,25.80356],[-100.376555,25.803414],[-100.376614,25.803303],[-100.376676,25.803193],[-100.376828,25.802966],[-100.37702,25.802727],[-100.377161,25.802574]]}},{"type":"Feature","properties":{"highway":"residential","osm_id":161680056},"geometry":{"type":"LineString","coordinates":[[-100.373262,25.80521],[-100.373182,25.805146],[-100.373093,25.805085],[-100.372413,25.804644],[-100.372028,25.804392],[-100.371653,25.804154]]}},{"type":"Feature","properties":{"highway":"residential","osm_id":161680059},"geometry":{"type":"LineString","coordinates":[[-100.368062,25.809125],[-100.368005,25.808622],[-100.367966,25.808212],[-100.367915,25.807809],[-100.367856,25.807395],[-100.36781,25.80698],[-100.367747,25.806558]]}},{"type":"Feature","properties":{"highway":"residential","osm_id":161680061},"geometry":{"type":"LineString","coordinates":[[-100.361893,25.80366],[-100.361901,25.803698],[-100.361893,25.803722],[-100.361869,25.803746],[-100.36182,25.803767],[-100.361585,25.803849],[-100.361507,25.803873]]}},{"type":"Feature","properties":{"highway":"residential","osm_id":161680063},"geometry":{"type":"LineString","coordinates":[[-100.363108,25.808734],[-100.363139,25.808578],[-100.363314,25.807689],[-100.363393,25.807263],[-100.363479,25.806851],[-100.363563,25.806436],[-100.363639,25.806005],[-100.363712,25.805635],[-100.363733,25.805479],[-100.363752,25.805289]]}},{"type":"Feature","properties":{"highway":"residential","osm_id":161680066},"geometry":{"type":"LineString","coordinates":[[-100.370498,25.805896],[-100.371542,25.805642],[-100.371892,25.805551],[-100.372103,25.805492],[-100.372702,25.805349],[-100.373262,25.80521],[-100.373843,25.80506],[-100.374138,25.804989]]}},{"type":"Feature","properties":{"highway":"residential","osm_id":161680068},"geometry":{"type":"LineString","coordinates":[[-100.361471,25.80836],[-100.361544,25.807951],[-100.361619,25.807576],[-100.361673,25.807272],[-100.361739,25.8069],[-100.361817,25.806503],[-100.361903,25.806141],[-100.362005,25.805563]]}},{"type":"Feature","properties":{"highway":"residential","osm_id":200893314},"geometry":{"type":"LineString","coordinates":[[-100.415376,25.789824],[-100.415382,25.789082]]}},{"type":"Feature","properties":{"highway":"residential","osm_id":204082342},"geometry":{"type":"LineString","coordinates":[[-100.418424,25.794804],[-100.41752,25.795139],[-100.416663,25.795454],[-100.416254,25.795603]]}},{"type":"Feature","properties":{"highway":"residential","osm_id":204082343},"geometry":{"type":"LineString","coordinates":[[-100.418583,25.795161],[-100.417689,25.795503],[-100.416835,25.795821]]}},{"type":"Feature","properties":{"highway":"residential","osm_id":204082344},"geometry":{"type":"LineString","coordinates":[[-100.418313,25.794554],[-100.4187,25.794407],[-100.419111,25.794255]]}},{"type":"Feature","properties":{"highway":"secondary","osm_id":230516654},"geometry":{"type":"LineString","coordinates":[[-100.389761,25.795147],[-100.389801,25.795309],[-100.389852,25.795534],[-100.38991,25.795702],[-100.389984,25.795867],[-100.390041,25.795993],[-100.390103,25.796139],[-100.390384,25.796679],[-100.390549,25.797005],[-100.390758,25.797397],[-100.390916,25.797743],[-100.391102,25.798091],[-100.391269,25.798442],[-100.391443,25.798789],[-100.391618,25.799134],[-100.391795,25.799461],[-100.391975,25.799807],[-100.392169,25.800168],[-100.392197,25.800224],[-100.392222,25.800277],[-100.39225,25.80033]]}},{"type":"Feature","properties":{"highway":"residential","osm_id":230551311},"geometry":{"type":"LineString","coordinates":[[-100.379902,25.798916],[-100.38002,25.798113],[-100.380093,25.797665],[-100.380118,25.797577],[-100.380135,25.797532],[-100.38018,25.797442]]}},{"type":"Feature","properties":{"highway":"secondary","osm_id":289278101},"geometry":{"type":"LineString","coordinates":[[-100.392444,25.800247],[-100.392362,25.800084],[-100.392195,25.799734],[-100.392015,25.799377],[-100.391847,25.799039],[-100.391662,25.798688],[-100.391141,25.79764],[-100.390578,25.796591],[-100.390292,25.796036],[-100.390222,25.795863],[-100.390143,25.79562],[-100.390064,25.795268],[-100.390017,25.795058]]}},{"type":"Feature","properties":{"highway":"tertiary","osm_id":289424601},"geometry":{"type":"LineString","coordinates":[[-100.385284,25.803435],[-100.385119,25.80332],[-100.385028,25.803233],[-100.385001,25.80319],[-100.384987,25.803137],[-100.38496,25.802983],[-100.38492,25.802546],[-100.384881,25.802156],[-100.384848,25.801758],[-100.384835,25.801321],[-100.384819,25.800917],[-100.384803,25.800657],[-100.384782,25.800544],[-100.384773,25.800507],[-100.384756,25.80046],[-100.384747,25.800432],[-100.384738,25.800413],[-100.38473,25.800397],[-100.384716,25.80037],[-100.384709,25.800358],[-100.384695,25.800334],[-100.38469,25.800328]]}},{"type":"Feature","properties":{"highway":"residential","osm_id":301507093},"geometry":{"type":"LineString","coordinates":[[-100.395273,25.802394],[-100.395105,25.802046],[-100.394916,25.801696],[-100.394735,25.801352],[-100.394571,25.801021],[-100.394391,25.800659],[-100.394225,25.800325],[-100.394054,25.799988],[-100.393845,25.799598]]}},{"type":"Feature","properties":{"highway":"residential","osm_id":301507096},"geometry":{"type":"LineString","coordinates":[[-100.390306,25.797149],[-100.388845,25.797772]]}},{"type":"Feature","properties":{"highway":"residential","osm_id":315071794},"geometry":{"type":"LineString","coordinates":[[-100.403395,25.79991],[-100.403571,25.799842],[-100.404164,25.799616],[-100.404533,25.799476],[-100.40501,25.799294],[-100.40571,25.799027],[-100.406138,25.798864]]}},{"type":"Feature","properties":{"highway":"residential","osm_id":315072097},"geometry":{"type":"LineString","coordinates":[[-100.40357,25.8003],[-100.403486,25.800099],[-100.403395,25.79991],[-100.402655,25.798294],[-100.40201,25.796861],[-100.401982,25.796802]]}},{"type":"Feature","properties":{"highway":"secondary","osm_id":331595446},"geometry":{"type":"LineString","coordinates":[[-100.385284,25.803435],[-100.38709,25.802665],[-100.389077,25.801743],[-100.389086,25.801738],[-100.389178,25.801699],[-100.389937,25.801347],[-100.390253,25.801208],[-100.390535,25.801086],[-100.39086,25.800949],[-100.390916,25.800923],[-100.39128,25.800758],[-100.391313,25.800745]]}},{"type":"Feature","properties":{"highway":"secondary","osm_id":331595447},"geometry":{"type":"LineString","coordinates":[[-100.385119,25.80332],[-100.385022,25.803371],[-100.381371,25.805018],[-100.379266,25.805956],[-100.378385,25.806377],[-100.376873,25.807066],[-100.376417,25.807262],[-100.375747,25.807559],[-100.375375,25.807725],[-100.375161,25.807834],[-100.374902,25.807983],[-100.374471,25.808235]]}},{"type":"Feature","properties":{"highway":"secondary","osm_id":331595846},"geometry":{"type":"LineString","coordinates":[[-100.392362,25.800084],[-100.392169,25.800168],[-100.391235,25.80059],[-100.390834,25.800777],[-100.390466,25.800934],[-100.390045,25.801127],[-100.389212,25.801508],[-100.389156,25.801528],[-100.389131,25.80154],[-100.38847,25.801829],[-100.386979,25.802502],[-100.385119,25.80332]]}},{"type":"Feature","properties":{"highway":"tertiary","osm_id":348375196},"geometry":{"type":"LineString","coordinates":[[-100.385225,25.850055],[-100.385233,25.850054],[-100.385846,25.849807],[-100.387244,25.849326],[-100.389288,25.848569],[-100.391304,25.847835],[-100.391409,25.847798],[-100.392822,25.847275],[-100.393457,25.847047],[-100.394682,25.846603],[-100.395492,25.8463],[-100.395647,25.846239],[-100.396632,25.845872],[-100.397501,25.845568]]}},{"type":"Feature","properties":{"highway":"residential","osm_id":348375197},"geometry":{"type":"LineString","coordinates":[[-100.379817,25.846996],[-100.380274,25.84682],[-100.380482,25.846744],[-100.38122,25.846474],[-100.38326,25.845732],[-100.385301,25.844989],[-100.387375,25.844226],[-100.388874,25.843697],[-100.389378,25.84349],[-100.38948,25.843453],[-100.391034,25.842889],[-100.391515,25.842703],[-100.392726,25.842273],[-100.393581,25.841961],[-100.395569,25.841238],[-100.396531,25.840893],[-100.397556,25.840514]]}},{"type":"Feature","properties":{"highway":"tertiary","osm_id":348375199},"geometry":{"type":"LineString","coordinates":[[-100.399677,25.845257],[-100.40026,25.844868],[-100.400524,25.844692],[-100.401366,25.844235],[-100.401523,25.844141],[-100.401721,25.844014],[-100.40191,25.843902],[-100.402287,25.843674],[-100.403338,25.843045],[-100.403866,25.842718],[-100.404115,25.842564],[-100.407223,25.840694]]}},{"type":"Feature","properties":{"highway":"residential","osm_id":348375202},"geometry":{"type":"LineString","coordinates":[[-100.426451,25.841526],[-100.426052,25.841915],[-100.425998,25.841967],[-100.425215,25.842735],[-100.425126,25.842816],[-100.42367,25.843459],[-100.422759,25.843865],[-100.422682,25.843899],[-100.422466,25.843995],[-100.421328,25.844169],[-100.420258,25.844331],[-100.420167,25.844345],[-100.418782,25.844556]]}},{"type":"Feature","properties":{"highway":"residential","osm_id":348375203},"geometry":{"type":"LineString","coordinates":[[-100.374841,25.848176],[-100.374378,25.848161],[-100.373969,25.848148],[-100.373508,25.848132],[-100.373075,25.848115],[-100.372647,25.848093],[-100.372236,25.848078],[-100.37183,25.848061],[-100.371402,25.848046],[-100.370998,25.848033],[-100.370549,25.848019]]}},{"type":"Feature","properties":{"highway":"tertiary","osm_id":348375206},"geometry":{"type":"LineString","coordinates":[[-100.380174,25.84861],[-100.380154,25.848591],[-100.380119,25.848569],[-100.380048,25.848552],[-100.379966,25.848537],[-100.379888,25.848536],[-100.37983,25.848536],[-100.37979,25.848541],[-100.379637,25.848539]]}},{"type":"Feature","properties":{"highway":"residential","osm_id":348375208},"geometry":{"type":"LineString","coordinates":[[-100.379714,25.846089],[-100.37984,25.846064],[-100.37998,25.846024],[-100.380872,25.845692],[-100.382888,25.844959],[-100.384947,25.84421],[-100.387867,25.843147],[-100.38902,25.842728],[-100.38914,25.842685],[-100.389256,25.842642],[-100.391167,25.841938],[-100.393236,25.841179],[-100.394369,25.840771],[-100.395228,25.840456],[-100.395956,25.840206],[-100.396187,25.840116],[-100.397189,25.839761],[-100.399433,25.83893],[-100.399658,25.838846],[-100.401553,25.838161],[-100.401641,25.838125],[-100.401672,25.838103],[-100.401692,25.83808],[-100.401747,25.837978]]}},{"type":"Feature","properties":{"highway":"residential","osm_id":348375214},"geometry":{"type":"LineString","coordinates":[[-100.392775,25.851782],[-100.393183,25.851519],[-100.393523,25.851315]]}},{"type":"Feature","properties":{"highway":"residential","osm_id":348375216},"geometry":{"type":"LineString","coordinates":[[-100.422759,25.843865],[-100.422565,25.843508]]}},{"type":"Feature","properties":{"highway":"residential","osm_id":348375219},"geometry":{"type":"LineString","coordinates":[[-100.393173,25.850839],[-100.392869,25.851042]]}},{"type":"Feature","properties":{"highway":"residential","osm_id":348375221},"geometry":{"type":"LineString","coordinates":[[-100.372212,25.826499],[-100.372335,25.82861],[-100.37246,25.830738],[-100.372555,25.832355],[-100.372576,25.832719]]}},{"type":"Feature","properties":{"highway":"residential","osm_id":348375222},"geometry":{"type":"LineString","coordinates":[[-100.392714,25.850209],[-100.392388,25.850415]]}},{"type":"Feature","properties":{"highway":"residential","osm_id":348375223},"geometry":{"type":"LineString","coordinates":[[-100.422916,25.842937],[-100.421945,25.843364]]}},{"type":"Feature","properties":{"highway":"residential","osm_id":348375226},"geometry":{"type":"LineString","coordinates":[[-100.422547,25.842248],[-100.421812,25.842572]]}},{"type":"Feature","properties":{"highway":"residential","osm_id":348375227},"geometry":{"type":"LineString","coordinates":[[-100.42426,25.844173],[-100.422744,25.844844]]}},{"type":"Feature","properties":{"highway":"residential","osm_id":348375231},"geometry":{"type":"LineString","coordinates":[[-100.425482,25.841875],[-100.42515,25.841532]]}},{"type":"Feature","properties":{"highway":"residential","osm_id":348375232},"geometry":{"type":"LineString","coordinates":[[-100.421878,25.842965],[-100.422732,25.842594]]}},{"type":"Feature","properties":{"highway":"tertiary","osm_id":348375234},"geometry":{"type":"LineString","coordinates":[[-100.365124,25.823228],[-100.365181,25.82344],[-100.365316,25.824247],[-100.365374,25.824626],[-100.365421,25.825326],[-100.365441,25.825827],[-100.365431,25.826576],[-100.365379,25.826935],[-100.365313,25.827232],[-100.365237,25.827521],[-100.365124,25.827853],[-100.365056,25.828037],[-100.364691,25.828754],[-100.364578,25.829029],[-100.364533,25.829198],[-100.364504,25.829353],[-100.364495,25.829567]]}},{"type":"Feature","properties":{"highway":"tertiary","osm_id":348375235},"geometry":{"type":"LineString","coordinates":[[-100.365737,25.84805],[-100.365737,25.847857],[-100.365704,25.847214],[-100.365677,25.846829],[-100.365651,25.846447],[-100.36561,25.845714],[-100.365582,25.845298],[-100.365562,25.844952],[-100.365539,25.844562],[-100.365516,25.844185],[-100.365495,25.843788],[-100.365473,25.843411],[-100.365368,25.841953],[-100.365327,25.841045],[-100.365301,25.840663],[-100.365278,25.840272],[-100.365257,25.839892],[-100.36524,25.839511],[-100.365215,25.839145],[-100.365193,25.838763],[-100.365173,25.838384],[-100.365129,25.837627],[-100.365113,25.837225],[-100.365091,25.836855],[-100.365065,25.836473],[-100.365044,25.836085],[-100.365016,25.835728],[-100.364989,25.835344],[-100.364962,25.83496],[-100.364935,25.834568],[-100.364877,25.833821],[-100.364855,25.833397],[-100.36485,25.833235],[-100.364822,25.8328],[-100.3648,25.83242],[-100.364774,25.832034],[-100.364734,25.831284],[-100.364713,25.830907],[-100.364687,25.830538],[-100.364679,25.830423]]}},{"type":"Feature","properties":{"highway":"residential","osm_id":348375236},"geometry":{"type":"LineString","coordinates":[[-100.425669,25.841693],[-100.425998,25.841967]]}},{"type":"Feature","properties":{"highway":"residential","osm_id":348375241},"geometry":{"type":"LineString","coordinates":[[-100.380872,25.845692],[-100.38122,25.846474],[-100.381473,25.847018],[-100.381803,25.847706],[-100.382193,25.848617]]}},{"type":"Feature","properties":{"highway":"residential","osm_id":348375243},"geometry":{"type":"LineString","coordinates":[[-100.370366,25.845346],[-100.370763,25.84504],[-100.37118,25.844707],[-100.371583,25.8444],[-100.371985,25.844092],[-100.372782,25.843482],[-100.373208,25.843143],[-100.374026,25.842503],[-100.374453,25.842143]]}},{"type":"Feature","properties":{"highway":"residential","osm_id":348375245},"geometry":{"type":"LineString","coordinates":[[-100.37043,25.846151],[-100.370849,25.84613],[-100.371274,25.846108],[-100.37168,25.846088],[-100.3721,25.846067],[-100.37252,25.846046],[-100.372943,25.846025],[-100.373372,25.846003],[-100.373813,25.845981],[-100.374242,25.84596],[-100.37467,25.845938]]}},{"type":"Feature","properties":{"highway":"residential","osm_id":348375247},"geometry":{"type":"LineString","coordinates":[[-100.40191,25.843902],[-100.401775,25.843707],[-100.401711,25.843619],[-100.401686,25.843574],[-100.401668,25.843527],[-100.401652,25.843442],[-100.401637,25.843388],[-100.401606,25.84331],[-100.401558,25.843203],[-100.401314,25.842599],[-100.401159,25.842251],[-100.401,25.841889],[-100.400837,25.841528],[-100.400684,25.841203],[-100.400527,25.84085],[-100.400369,25.840482],[-100.400214,25.840123],[-100.400067,25.839781],[-100.399658,25.838846],[-100.399616,25.838749]]}},{"type":"Feature","properties":{"highway":"residential","osm_id":348375248},"geometry":{"type":"LineString","coordinates":[[-100.426052,25.841915],[-100.425723,25.84164]]}},{"type":"Feature","properties":{"highway":"residential","osm_id":348375249},"geometry":{"type":"LineString","coordinates":[[-100.373519,25.826431],[-100.372666,25.826475],[-100.372212,25.826499],[-100.371794,25.826521],[-100.371022,25.826561],[-100.370754,25.826575],[-100.368847,25.826675]]}},{"type":"Feature","properties":{"highway":"residential","osm_id":348375251},"geometry":{"type":"LineString","coordinates":[[-100.374425,25.841691],[-100.373975,25.841714],[-100.37357,25.841734],[-100.373119,25.841761],[-100.372688,25.84178],[-100.372266,25.8418],[-100.371865,25.841818],[-100.371437,25.841837],[-100.37102,25.841853],[-100.370708,25.841866],[-100.370269,25.841886],[-100.370077,25.8419],[-100.369925,25.841897],[-100.36985,25.841888],[-100.369783,25.841871],[-100.369673,25.841847],[-100.369585,25.841834],[-100.369469,25.841834],[-100.367678,25.841931],[-100.367575,25.841941]]}},{"type":"Feature","properties":{"highway":"residential","osm_id":348375252},"geometry":{"type":"LineString","coordinates":[[-100.37444,25.841934],[-100.374016,25.842273],[-100.373608,25.842588],[-100.373192,25.842897],[-100.372769,25.843221],[-100.372376,25.843515],[-100.371984,25.84384],[-100.37158,25.844165],[-100.371181,25.844462],[-100.370774,25.844783],[-100.370347,25.845079]]}},{"type":"Feature","properties":{"highway":"residential","osm_id":348375253},"geometry":{"type":"LineString","coordinates":[[-100.399388,25.83883],[-100.399433,25.83893],[-100.399858,25.839866],[-100.4,25.840206],[-100.400166,25.84055],[-100.40033,25.840921],[-100.400487,25.841272],[-100.400648,25.841632],[-100.4008,25.841972],[-100.400962,25.842332],[-100.401118,25.842681],[-100.401279,25.843041],[-100.401385,25.843277],[-100.401508,25.84353],[-100.401621,25.843778],[-100.401721,25.844014]]}},{"type":"Feature","properties":{"highway":"residential","osm_id":348375256},"geometry":{"type":"LineString","coordinates":[[-100.37438,25.840819],[-100.373927,25.840838],[-100.373504,25.840855],[-100.373067,25.840874],[-100.372634,25.840892],[-100.372216,25.840909],[-100.371787,25.840927],[-100.371398,25.840944],[-100.370949,25.840962],[-100.370745,25.840973],[-100.37031,25.840996]]}},{"type":"Feature","properties":{"highway":"residential","osm_id":348375258},"geometry":{"type":"LineString","coordinates":[[-100.367596,25.842019],[-100.367686,25.84202],[-100.369471,25.841936],[-100.369511,25.841937],[-100.369586,25.841943],[-100.369676,25.841958],[-100.369768,25.841974],[-100.369848,25.841983],[-100.369925,25.841991],[-100.370077,25.841996],[-100.370253,25.841996],[-100.370605,25.841982],[-100.371014,25.841964],[-100.371436,25.841945],[-100.37186,25.841926],[-100.372281,25.841905],[-100.372699,25.841886],[-100.373134,25.841875],[-100.37357,25.841856],[-100.373988,25.841838],[-100.374434,25.841812]]}},{"type":"Feature","properties":{"highway":"residential","osm_id":348375274},"geometry":{"type":"LineString","coordinates":[[-100.424775,25.841708],[-100.42515,25.841532],[-100.425644,25.841299]]}},{"type":"Feature","properties":{"highway":"residential","osm_id":348375278},"geometry":{"type":"LineString","coordinates":[[-100.3879,25.850721],[-100.388277,25.850596],[-100.389734,25.850065],[-100.390122,25.849923],[-100.39157,25.849383],[-100.391958,25.849241],[-100.392052,25.849204]]}},{"type":"Feature","properties":{"highway":"residential","osm_id":348375281},"geometry":{"type":"LineString","coordinates":[[-100.424583,25.841371],[-100.424775,25.841708],[-100.425195,25.842155]]}},{"type":"Feature","properties":{"highway":"residential","osm_id":348375283},"geometry":{"type":"LineString","coordinates":[[-100.392388,25.850415],[-100.392309,25.850335],[-100.392281,25.850321],[-100.392236,25.850314],[-100.39217,25.850323],[-100.392111,25.850348],[-100.390729,25.85119],[-100.390344,25.85144],[-100.390292,25.851464]]}},{"type":"Feature","properties":{"highway":"residential","osm_id":348375288},"geometry":{"type":"LineString","coordinates":[[-100.42624,25.841333],[-100.42614,25.841234],[-100.425791,25.840884],[-100.425767,25.840864],[-100.425737,25.840853]]}},{"type":"Feature","properties":{"highway":"residential","osm_id":348375292},"geometry":{"type":"LineString","coordinates":[[-100.394244,25.852234],[-100.39417,25.852119],[-100.394023,25.851932],[-100.393655,25.851478],[-100.393523,25.851315],[-100.393173,25.850839],[-100.392714,25.850209],[-100.392413,25.849751]]}},{"type":"Feature","properties":{"highway":"residential","osm_id":348375293},"geometry":{"type":"LineString","coordinates":[[-100.392276,25.851629],[-100.392857,25.85126],[-100.392887,25.851229],[-100.392901,25.851201],[-100.392907,25.851168],[-100.392901,25.851126],[-100.392869,25.851042]]}},{"type":"Feature","properties":{"highway":"residential","osm_id":348375294},"geometry":{"type":"LineString","coordinates":[[-100.421778,25.842371],[-100.421812,25.842572],[-100.421878,25.842965],[-100.421945,25.843364],[-100.421995,25.843659],[-100.422027,25.843839]]}},{"type":"Feature","properties":{"highway":"residential","osm_id":348375296},"geometry":{"type":"LineString","coordinates":[[-100.423099,25.843278],[-100.422565,25.843508],[-100.422488,25.843541],[-100.422321,25.843614],[-100.421995,25.843659]]}},{"type":"Feature","properties":{"highway":"residential","osm_id":348375299},"geometry":{"type":"LineString","coordinates":[[-100.422461,25.842088],[-100.422547,25.842248],[-100.422732,25.842594],[-100.422916,25.842937],[-100.423099,25.843278],[-100.423188,25.843443]]}},{"type":"Feature","properties":{"highway":"residential","osm_id":348375300},"geometry":{"type":"LineString","coordinates":[[-100.384903,25.844109],[-100.384947,25.84421],[-100.385301,25.844989],[-100.385546,25.845525]]}},{"type":"Feature","properties":{"highway":"residential","osm_id":348375302},"geometry":{"type":"LineString","coordinates":[[-100.42508,25.842267],[-100.425195,25.842155],[-100.425482,25.841875],[-100.425669,25.841693],[-100.425723,25.84164],[-100.425853,25.841514],[-100.42614,25.841234]]}},{"type":"Feature","properties":{"highway":"residential","osm_id":348375303},"geometry":{"type":"LineString","coordinates":[[-100.39237,25.849654],[-100.392289,25.849541],[-100.392052,25.849204],[-100.391732,25.848501],[-100.391409,25.847798],[-100.391165,25.84725],[-100.390847,25.84653],[-100.390429,25.845627],[-100.390052,25.844722],[-100.389745,25.844003],[-100.38948,25.843453],[-100.38914,25.842685],[-100.389103,25.842584]]}},{"type":"Feature","properties":{"highway":"residential","osm_id":348375304},"geometry":{"type":"LineString","coordinates":[[-100.397141,25.839656],[-100.397189,25.839761],[-100.397556,25.840514],[-100.397804,25.841057],[-100.398109,25.841749],[-100.398545,25.842694],[-100.398672,25.842986],[-100.398931,25.843577],[-100.399148,25.844082],[-100.39922,25.844277],[-100.399434,25.844814],[-100.399533,25.845009],[-100.399677,25.845257],[-100.399797,25.845428],[-100.399937,25.845606],[-100.400182,25.845925],[-100.400417,25.846247],[-100.400656,25.846569],[-100.400892,25.846885],[-100.401127,25.847199],[-100.40134,25.847513],[-100.401579,25.847817],[-100.401749,25.848027]]}},{"type":"Feature","properties":{"highway":"residential","osm_id":348375305},"geometry":{"type":"LineString","coordinates":[[-100.422466,25.843995],[-100.422703,25.844117],[-100.422719,25.844175],[-100.422743,25.844396]]}},{"type":"Feature","properties":{"highway":"residential","osm_id":348375306},"geometry":{"type":"LineString","coordinates":[[-100.372613,25.833191],[-100.372633,25.833537],[-100.372767,25.835797],[-100.372867,25.837484],[-100.372965,25.839157],[-100.373067,25.840874],[-100.373119,25.841761]]}},{"type":"Feature","properties":{"highway":"tertiary","osm_id":348375308},"geometry":{"type":"LineString","coordinates":[[-100.38839,25.856868],[-100.387845,25.856122],[-100.387255,25.855349],[-100.386786,25.854698],[-100.386303,25.854062],[-100.385916,25.853534],[-100.385626,25.853146],[-100.385253,25.852648],[-100.384801,25.852034],[-100.38433,25.851393],[-100.383863,25.850756],[-100.383749,25.85061],[-100.383163,25.849802],[-100.382916,25.849467],[-100.382858,25.849376]]}},{"type":"Feature","properties":{"highway":"residential","osm_id":348375310},"geometry":{"type":"LineString","coordinates":[[-100.398545,25.842694],[-100.398118,25.842838],[-100.396708,25.843339],[-100.396361,25.843466],[-100.394948,25.843978],[-100.394532,25.844123],[-100.394139,25.844266],[-100.392691,25.844799],[-100.392455,25.844896],[-100.392295,25.844956],[-100.390859,25.845482],[-100.390429,25.845627],[-100.390334,25.845664],[-100.389956,25.845804],[-100.388505,25.846339],[-100.388141,25.846469],[-100.386682,25.846995],[-100.386267,25.847152],[-100.385855,25.847298],[-100.384404,25.847828],[-100.38402,25.847964],[-100.38257,25.848485],[-100.382193,25.848617]]}},{"type":"Feature","properties":{"highway":"residential","osm_id":348375311},"geometry":{"type":"LineString","coordinates":[[-100.388975,25.842631],[-100.38902,25.842728],[-100.389378,25.84349],[-100.389623,25.844038],[-100.389687,25.844174],[-100.389947,25.844717],[-100.390334,25.845664],[-100.390726,25.846582],[-100.391059,25.847293],[-100.391304,25.847835],[-100.391554,25.848387],[-100.391958,25.849241],[-100.39224,25.849593],[-100.392321,25.849682]]}},{"type":"Feature","properties":{"highway":"residential","osm_id":348381125},"geometry":{"type":"LineString","coordinates":[[-100.370347,25.845079],[-100.370332,25.844753],[-100.370217,25.842329],[-100.370218,25.842209],[-100.370253,25.841996],[-100.370269,25.841886],[-100.37031,25.840996],[-100.370405,25.839234],[-100.370492,25.837565],[-100.370565,25.835896],[-100.370684,25.833141],[-100.37069,25.832973],[-100.370809,25.830783],[-100.370921,25.828657],[-100.371022,25.826561]]}},{"type":"Feature","properties":{"highway":"residential","osm_id":348381133},"geometry":{"type":"LineString","coordinates":[[-100.368221,25.84605],[-100.368299,25.846109]]}},{"type":"Feature","properties":{"highway":"residential","osm_id":348381134},"geometry":{"type":"LineString","coordinates":[[-100.373192,25.842897],[-100.373193,25.842929]]}},{"type":"Feature","properties":{"highway":"residential","osm_id":348381137},"geometry":{"type":"LineString","coordinates":[[-100.370366,25.845346],[-100.37036,25.845279]]}},{"type":"Feature","properties":{"highway":"residential","osm_id":348381138},"geometry":{"type":"LineString","coordinates":[[-100.373208,25.843143],[-100.373257,25.843926],[-100.373372,25.846003],[-100.373508,25.848132]]}},{"type":"Feature","properties":{"highway":"residential","osm_id":348381141},"geometry":{"type":"LineString","coordinates":[[-100.364571,25.830543],[-100.364687,25.830538],[-100.366572,25.830442],[-100.368846,25.830365],[-100.368937,25.830358],[-100.369027,25.830339],[-100.369128,25.830313]]}},{"type":"Feature","properties":{"highway":"residential","osm_id":348381143},"geometry":{"type":"LineString","coordinates":[[-100.370366,25.845346],[-100.370066,25.84557],[-100.369908,25.845659],[-100.369762,25.845724],[-100.369568,25.845791],[-100.369355,25.845834],[-100.369283,25.845849],[-100.368723,25.845961],[-100.368569,25.846002],[-100.368499,25.846034],[-100.368442,25.84607],[-100.368366,25.846138],[-100.368309,25.846199],[-100.368263,25.846273],[-100.368104,25.84654],[-100.367921,25.846913],[-100.367753,25.847285],[-100.367558,25.84781],[-100.367544,25.847855],[-100.367538,25.847894],[-100.367539,25.847932]]}},{"type":"Feature","properties":{"highway":"unclassified","osm_id":397872341},"geometry":{"type":"LineString","coordinates":[[-100.292335,25.809903],[-100.292368,25.810302],[-100.292568,25.812767],[-100.29272,25.814639],[-100.293016,25.818238]]}},{"type":"Feature","properties":{"highway":"service","osm_id":477377699},"geometry":{"type":"LineString","coordinates":[[-100.279673,25.808584],[-100.280573,25.809621],[-100.280894,25.809978],[-100.280974,25.810029],[-100.281368,25.810185],[-100.28143,25.810198],[-100.281471,25.810197],[-100.281496,25.810184],[-100.28152,25.810145],[-100.281693,25.809529],[-100.281726,25.809442]]}},{"type":"Feature","properties":{"highway":"residential","osm_id":477377700},"geometry":{"type":"LineString","coordinates":[[-100.274591,25.806223],[-100.274503,25.806194],[-100.273476,25.805823],[-100.272816,25.805587],[-100.272319,25.805408],[-100.271776,25.805208]]}},{"type":"Feature","properties":{"highway":"tertiary","osm_id":477377703},"geometry":{"type":"LineString","coordinates":[[-100.275838,25.803179],[-100.275439,25.804086],[-100.275031,25.805004],[-100.274758,25.80562],[-100.274503,25.806194],[-100.274237,25.806789],[-100.274018,25.807268],[-100.27381,25.807674],[-100.273622,25.807991],[-100.273291,25.808479],[-100.273258,25.808525],[-100.273158,25.808661],[-100.273121,25.808714],[-100.273076,25.808776],[-100.273027,25.80885],[-100.272998,25.808906],[-100.272984,25.808955],[-100.272982,25.808997],[-100.272987,25.809058]]}},{"type":"Feature","properties":{"highway":"tertiary","osm_id":477377705},"geometry":{"type":"LineString","coordinates":[[-100.273083,25.809158],[-100.273145,25.809128],[-100.273198,25.809094],[-100.273248,25.809043],[-100.273292,25.808986],[-100.273349,25.808913],[-100.273401,25.808841],[-100.273504,25.808708],[-100.273701,25.808403],[-100.273805,25.808245],[-100.273975,25.807981],[-100.274119,25.80771],[-100.274372,25.807198],[-100.274671,25.806547],[-100.274873,25.806112],[-100.274929,25.805988],[-100.275113,25.805571],[-100.27532,25.805102],[-100.275372,25.804986],[-100.275508,25.804681],[-100.275563,25.804559],[-100.275701,25.804261],[-100.27589,25.803837],[-100.276117,25.803332]]}},{"type":"Feature","properties":{"highway":"residential","osm_id":482565581},"geometry":{"type":"LineString","coordinates":[[-100.361735,25.808553],[-100.361687,25.808991],[-100.361582,25.809733],[-100.361521,25.810121]]}},{"type":"Feature","properties":{"highway":"residential","osm_id":482565614},"geometry":{"type":"LineString","coordinates":[[-100.360462,25.80862],[-100.359997,25.808881],[-100.359528,25.809144],[-100.359274,25.809286],[-100.35914,25.809373],[-100.359093,25.809417],[-100.359068,25.80946]]}},{"type":"Feature","properties":{"highway":"residential","osm_id":482565781},"geometry":{"type":"LineString","coordinates":[[-100.365855,25.809088],[-100.36566,25.809168],[-100.365367,25.809257],[-100.364953,25.809372],[-100.364654,25.809462],[-100.36452,25.809497],[-100.364324,25.80954],[-100.36411,25.809576],[-100.363716,25.809634],[-100.363507,25.809659],[-100.363114,25.8097],[-100.362728,25.809726],[-100.362269,25.809743],[-100.361582,25.809733]]}},{"type":"Feature","properties":{"highway":"residential","osm_id":482565788},"geometry":{"type":"LineString","coordinates":[[-100.359863,25.809951],[-100.359924,25.809467],[-100.359997,25.808881]]}},{"type":"Feature","properties":{"highway":"residential","osm_id":482565801},"geometry":{"type":"LineString","coordinates":[[-100.359449,25.809914],[-100.359487,25.809594],[-100.359528,25.809144]]}},{"type":"Feature","properties":{"highway":"residential","osm_id":482565809},"geometry":{"type":"LineString","coordinates":[[-100.36411,25.809576],[-100.364037,25.808855]]}},{"type":"Feature","properties":{"highway":"residential","osm_id":482565810},"geometry":{"type":"LineString","coordinates":[[-100.36452,25.809497],[-100.364487,25.809035],[-100.364486,25.80891],[-100.364504,25.808757]]}},{"type":"Feature","properties":{"highway":"residential","osm_id":482565978},"geometry":{"type":"LineString","coordinates":[[-100.36903,25.832596],[-100.369049,25.832582],[-100.36906,25.832563],[-100.369065,25.832551],[-100.369069,25.832536],[-100.36907,25.832512],[-100.36905,25.832213],[-100.369028,25.831853],[-100.369004,25.831476],[-100.368983,25.831098],[-100.368972,25.830802],[-100.368963,25.830772],[-100.368949,25.830752],[-100.368926,25.830733],[-100.368903,25.83072]]}},{"type":"Feature","properties":{"highway":"residential","osm_id":482566549},"geometry":{"type":"LineString","coordinates":[[-100.369268,25.837023],[-100.369293,25.837016],[-100.369309,25.837005],[-100.369319,25.836995],[-100.369325,25.836983],[-100.36933,25.836958],[-100.369332,25.836907],[-100.369315,25.836649],[-100.369287,25.836274],[-100.369264,25.835886],[-100.369244,25.835502],[-100.369219,25.835127],[-100.369189,25.83474],[-100.369168,25.834358],[-100.369148,25.834],[-100.369142,25.833758],[-100.369138,25.833726],[-100.369129,25.833695],[-100.369117,25.833671],[-100.369094,25.833649]]}},{"type":"Feature","properties":{"highway":"residential","osm_id":482566559},"geometry":{"type":"LineString","coordinates":[[-100.369264,25.835886],[-100.367671,25.835946],[-100.36699,25.835976],[-100.365044,25.836085]]}},{"type":"Feature","properties":{"highway":"residential","osm_id":482566583},"geometry":{"type":"LineString","coordinates":[[-100.36501,25.837632],[-100.365129,25.837627],[-100.367417,25.837505],[-100.369379,25.837413],[-100.369499,25.837411],[-100.369588,25.837415],[-100.369637,25.837418]]}},{"type":"Feature","properties":{"highway":"residential","osm_id":482566709},"geometry":{"type":"LineString","coordinates":[[-100.365016,25.835728],[-100.366952,25.835626]]}},{"type":"Feature","properties":{"highway":"residential","osm_id":482566906},"geometry":{"type":"LineString","coordinates":[[-100.364989,25.835344],[-100.36694,25.835241],[-100.369219,25.835127]]}},{"type":"Feature","properties":{"highway":"residential","osm_id":482566907},"geometry":{"type":"LineString","coordinates":[[-100.369189,25.83474],[-100.36697,25.834838],[-100.364962,25.83496]]}},{"type":"Feature","properties":{"highway":"residential","osm_id":482567226},"geometry":{"type":"LineString","coordinates":[[-100.364935,25.834568],[-100.365645,25.834533],[-100.367034,25.834469],[-100.369168,25.834358]]}},{"type":"Feature","properties":{"highway":"residential","osm_id":482684405},"geometry":{"type":"LineString","coordinates":[[-100.369148,25.834],[-100.367102,25.834081]]}},{"type":"Feature","properties":{"highway":"residential","osm_id":482684428},"geometry":{"type":"LineString","coordinates":[[-100.365645,25.834533],[-100.365631,25.834298],[-100.365629,25.834235],[-100.365635,25.834209],[-100.365644,25.834184],[-100.365657,25.834163]]}},{"type":"Feature","properties":{"highway":"residential","osm_id":482684432},"geometry":{"type":"LineString","coordinates":[[-100.369094,25.833649],[-100.369067,25.833638],[-100.369038,25.833631],[-100.369008,25.833628],[-100.368959,25.833628],[-100.367141,25.833691],[-100.364877,25.833821]]}},{"type":"Feature","properties":{"highway":"residential","osm_id":482691433},"geometry":{"type":"LineString","coordinates":[[-100.365641,25.837972],[-100.365838,25.837969]]}},{"type":"Feature","properties":{"highway":"residential","osm_id":482691435},"geometry":{"type":"LineString","coordinates":[[-100.369406,25.838193],[-100.367486,25.83827],[-100.365854,25.838346],[-100.365173,25.838384]]}},{"type":"Feature","properties":{"highway":"residential","osm_id":482691603},"geometry":{"type":"LineString","coordinates":[[-100.369249,25.841444],[-100.369267,25.841429],[-100.369277,25.84141],[-100.369291,25.84109],[-100.369335,25.84008],[-100.369348,25.839699],[-100.369373,25.839308],[-100.369394,25.838942],[-100.369404,25.83857],[-100.369406,25.838193],[-100.369413,25.837984],[-100.369409,25.837938],[-100.369399,25.837894],[-100.369377,25.83785],[-100.369355,25.837828]]}},{"type":"Feature","properties":{"highway":"residential","osm_id":482691626},"geometry":{"type":"LineString","coordinates":[[-100.365854,25.838346],[-100.365838,25.837969]]}},{"type":"Feature","properties":{"highway":"residential","osm_id":482692014},"geometry":{"type":"LineString","coordinates":[[-100.368876,25.8411],[-100.368916,25.840093]]}},{"type":"Feature","properties":{"highway":"residential","osm_id":482692104},"geometry":{"type":"LineString","coordinates":[[-100.365235,25.841958],[-100.365368,25.841953],[-100.365792,25.841941],[-100.366237,25.841934],[-100.36751,25.841978]]}},{"type":"Feature","properties":{"highway":"residential","osm_id":482692680},"geometry":{"type":"LineString","coordinates":[[-100.369016,25.845457],[-100.369037,25.845451],[-100.369057,25.845439],[-100.369074,25.845419],[-100.369086,25.845385],[-100.369093,25.845337],[-100.3691,25.845084],[-100.369108,25.844702],[-100.369121,25.844316],[-100.369142,25.843941],[-100.369165,25.843571],[-100.369191,25.84319],[-100.369216,25.842801],[-100.369235,25.842622],[-100.369234,25.842535],[-100.369222,25.842489],[-100.369197,25.84245],[-100.369171,25.842429]]}},{"type":"Feature","properties":{"highway":"residential","osm_id":482692754},"geometry":{"type":"LineString","coordinates":[[-100.368221,25.84605],[-100.367878,25.845726],[-100.367833,25.845692],[-100.36779,25.845671],[-100.367758,25.845664],[-100.36773,25.84566]]}},{"type":"Feature","properties":{"highway":"residential","osm_id":482692808},"geometry":{"type":"LineString","coordinates":[[-100.365704,25.847214],[-100.367434,25.847304]]}},{"type":"Feature","properties":{"highway":"residential","osm_id":482693244},"geometry":{"type":"LineString","coordinates":[[-100.372086,25.845552],[-100.37249,25.845537],[-100.372908,25.845515]]}},{"type":"Feature","properties":{"highway":"residential","osm_id":482693835},"geometry":{"type":"LineString","coordinates":[[-100.369637,25.837418],[-100.369674,25.837426],[-100.369748,25.837448],[-100.3699,25.83749],[-100.370018,25.837517],[-100.370124,25.837534],[-100.370227,25.837545],[-100.370286,25.837551],[-100.370492,25.837565],[-100.370912,25.837567],[-100.371178,25.837555],[-100.371599,25.837535],[-100.372018,25.837515],[-100.372439,25.837503],[-100.372867,25.837484],[-100.373318,25.837464],[-100.373722,25.837438],[-100.374158,25.837427]]}},{"type":"Feature","properties":{"highway":"residential","osm_id":482693928},"geometry":{"type":"LineString","coordinates":[[-100.374068,25.835753],[-100.373628,25.835758],[-100.373204,25.835777],[-100.372767,25.835797],[-100.372337,25.835819],[-100.371918,25.835843],[-100.371497,25.835853],[-100.371002,25.835877],[-100.370565,25.835896],[-100.370308,25.83592]]}},{"type":"Feature","properties":{"highway":"residential","osm_id":482694089},"geometry":{"type":"LineString","coordinates":[[-100.373071,25.833521],[-100.372633,25.833537],[-100.372199,25.833555]]}},{"type":"Feature","properties":{"highway":"residential","osm_id":482694157},"geometry":{"type":"LineString","coordinates":[[-100.368847,25.826675],[-100.368827,25.826302],[-100.368656,25.823338],[-100.368619,25.822681]]}},{"type":"Feature","properties":{"highway":"residential","osm_id":482694158},"geometry":{"type":"LineString","coordinates":[[-100.368375,25.823809],[-100.368336,25.823784],[-100.368291,25.823783],[-100.366739,25.824025],[-100.365497,25.824226],[-100.365439,25.824232]]}},{"type":"Feature","properties":{"highway":"residential","osm_id":482694159},"geometry":{"type":"LineString","coordinates":[[-100.368656,25.823338],[-100.366714,25.823641],[-100.365428,25.823823],[-100.365377,25.823829]]}},{"type":"Feature","properties":{"highway":"residential","osm_id":482694161},"geometry":{"type":"LineString","coordinates":[[-100.368505,25.825851],[-100.36847,25.825875],[-100.368432,25.825882],[-100.368123,25.825877],[-100.367716,25.825866],[-100.367293,25.825859],[-100.366861,25.825842],[-100.366409,25.825821],[-100.365984,25.825809],[-100.365567,25.825796]]}},{"type":"Feature","properties":{"highway":"residential","osm_id":482694162},"geometry":{"type":"LineString","coordinates":[[-100.368428,25.824162],[-100.368032,25.824217],[-100.367609,25.824279],[-100.367193,25.824339],[-100.366768,25.824396],[-100.366328,25.824468],[-100.365917,25.824538],[-100.365481,25.824607],[-100.365374,25.824626]]}},{"type":"Feature","properties":{"highway":"residential","osm_id":482694163},"geometry":{"type":"LineString","coordinates":[[-100.368123,25.825877],[-100.368032,25.824217]]}},{"type":"Feature","properties":{"highway":"residential","osm_id":482694164},"geometry":{"type":"LineString","coordinates":[[-100.367716,25.825866],[-100.367609,25.824279]]}},{"type":"Feature","properties":{"highway":"residential","osm_id":482694165},"geometry":{"type":"LineString","coordinates":[[-100.367293,25.825859],[-100.367193,25.824339]]}},{"type":"Feature","properties":{"highway":"residential","osm_id":482694166},"geometry":{"type":"LineString","coordinates":[[-100.366409,25.825821],[-100.366349,25.824644]]}},{"type":"Feature","properties":{"highway":"residential","osm_id":482694167},"geometry":{"type":"LineString","coordinates":[[-100.365984,25.825809],[-100.365917,25.824538]]}},{"type":"Feature","properties":{"highway":"residential","osm_id":482694168},"geometry":{"type":"LineString","coordinates":[[-100.368827,25.826302],[-100.366864,25.826237],[-100.365563,25.826194]]}},{"type":"Feature","properties":{"highway":"residential","osm_id":482694169},"geometry":{"type":"LineString","coordinates":[[-100.368563,25.826688],[-100.368589,25.826722],[-100.368601,25.826766],[-100.368613,25.82706],[-100.368636,25.827445],[-100.368661,25.827817],[-100.368683,25.828209],[-100.368706,25.828592],[-100.368755,25.829217],[-100.368751,25.829268],[-100.368737,25.8293],[-100.368704,25.829332]]}},{"type":"Feature","properties":{"highway":"residential","osm_id":482694170},"geometry":{"type":"LineString","coordinates":[[-100.368704,25.829332],[-100.36867,25.829344],[-100.368636,25.82935],[-100.366759,25.829268],[-100.364661,25.829196]]}},{"type":"Feature","properties":{"highway":"residential","osm_id":482694171},"geometry":{"type":"LineString","coordinates":[[-100.368353,25.828964],[-100.366785,25.828896]]}},{"type":"Feature","properties":{"highway":"residential","osm_id":482694172},"geometry":{"type":"LineString","coordinates":[[-100.368706,25.828592],[-100.366817,25.828507],[-100.364979,25.828422]]}},{"type":"Feature","properties":{"highway":"residential","osm_id":482694173},"geometry":{"type":"LineString","coordinates":[[-100.368683,25.828209],[-100.366846,25.828125],[-100.365164,25.82805],[-100.365056,25.828037]]}},{"type":"Feature","properties":{"highway":"residential","osm_id":482694174},"geometry":{"type":"LineString","coordinates":[[-100.368661,25.827817],[-100.366866,25.827749],[-100.365316,25.82769]]}},{"type":"Feature","properties":{"highway":"residential","osm_id":482694175},"geometry":{"type":"LineString","coordinates":[[-100.368636,25.827445],[-100.366877,25.827379],[-100.365419,25.82732]]}},{"type":"Feature","properties":{"highway":"residential","osm_id":482694176},"geometry":{"type":"LineString","coordinates":[[-100.368613,25.82706],[-100.366875,25.826996],[-100.365502,25.826945]]}},{"type":"Feature","properties":{"highway":"residential","osm_id":482694179},"geometry":{"type":"LineString","coordinates":[[-100.369042,25.829733],[-100.366715,25.829642],[-100.364623,25.829572],[-100.364495,25.829567]]}},{"type":"Feature","properties":{"highway":"residential","osm_id":482694181},"geometry":{"type":"LineString","coordinates":[[-100.372709,25.827246],[-100.373129,25.827225],[-100.373562,25.827203]]}},{"type":"Feature","properties":{"highway":"residential","osm_id":482694182},"geometry":{"type":"LineString","coordinates":[[-100.373639,25.828566],[-100.373213,25.82858],[-100.372784,25.828595],[-100.372335,25.82861],[-100.371915,25.828624],[-100.371494,25.828638],[-100.371361,25.828643],[-100.370921,25.828657],[-100.370655,25.828666]]}},{"type":"Feature","properties":{"highway":"residential","osm_id":482694184},"geometry":{"type":"LineString","coordinates":[[-100.372903,25.830718],[-100.372784,25.828595],[-100.372709,25.827246],[-100.372666,25.826475]]}},{"type":"Feature","properties":{"highway":"residential","osm_id":482694185},"geometry":{"type":"LineString","coordinates":[[-100.373003,25.83233],[-100.372555,25.832355],[-100.372129,25.832375]]}},{"type":"Feature","properties":{"highway":"residential","osm_id":482694186},"geometry":{"type":"LineString","coordinates":[[-100.371794,25.826521],[-100.371913,25.828588],[-100.371915,25.828624],[-100.372023,25.830758],[-100.372129,25.832375],[-100.372149,25.832907],[-100.372153,25.833076],[-100.372199,25.833555],[-100.372337,25.835819],[-100.372439,25.837503],[-100.372533,25.83918],[-100.372634,25.840892],[-100.372688,25.84178]]}},{"type":"Feature","properties":{"highway":"residential","osm_id":482696020},"geometry":{"type":"LineString","coordinates":[[-100.371361,25.828643],[-100.371246,25.830798],[-100.371242,25.831458],[-100.371235,25.832012]]}},{"type":"Feature","properties":{"highway":"residential","osm_id":482696022},"geometry":{"type":"LineString","coordinates":[[-100.371613,25.830777],[-100.372023,25.830758],[-100.37246,25.830738],[-100.372903,25.830718],[-100.373327,25.830699],[-100.373758,25.830679]]}},{"type":"Feature","properties":{"highway":"residential","osm_id":482696025},"geometry":{"type":"LineString","coordinates":[[-100.373213,25.82858],[-100.373129,25.827225]]}},{"type":"Feature","properties":{"highway":"residential","osm_id":482696026},"geometry":{"type":"LineString","coordinates":[[-100.373318,25.837464],[-100.373204,25.835777],[-100.373071,25.833521],[-100.373039,25.833026],[-100.37303,25.832862],[-100.373003,25.83233],[-100.372903,25.830718]]}},{"type":"Feature","properties":{"highway":"residential","osm_id":482696027},"geometry":{"type":"LineString","coordinates":[[-100.373975,25.841714],[-100.373927,25.840838],[-100.373821,25.839111],[-100.373722,25.837438],[-100.373628,25.835758],[-100.373458,25.833005]]}},{"type":"Feature","properties":{"highway":"residential","osm_id":482696031},"geometry":{"type":"LineString","coordinates":[[-100.371652,25.831445],[-100.371242,25.831458]]}},{"type":"Feature","properties":{"highway":"residential","osm_id":482696032},"geometry":{"type":"LineString","coordinates":[[-100.369953,25.83246],[-100.369936,25.833006],[-100.36993,25.833174],[-100.369924,25.833667]]}},{"type":"Feature","properties":{"highway":"residential","osm_id":482696035},"geometry":{"type":"LineString","coordinates":[[-100.367753,25.847285],[-100.368819,25.847346],[-100.368858,25.847347],[-100.368884,25.847346],[-100.368915,25.847341],[-100.36894,25.84733]]}},{"type":"Feature","properties":{"highway":"residential","osm_id":482696036},"geometry":{"type":"LineString","coordinates":[[-100.36894,25.84733],[-100.368958,25.84731],[-100.36897,25.847287],[-100.36898,25.847259],[-100.36899,25.847207],[-100.368999,25.846961],[-100.369022,25.846598],[-100.36904,25.846387],[-100.369034,25.846317],[-100.369024,25.846277],[-100.369001,25.846239],[-100.368965,25.846213]]}},{"type":"Feature","properties":{"highway":"residential","osm_id":482696037},"geometry":{"type":"LineString","coordinates":[[-100.368965,25.846213],[-100.368933,25.846202],[-100.368888,25.846194],[-100.368546,25.84618],[-100.368485,25.846173],[-100.36843,25.846162],[-100.368366,25.846138]]}},{"type":"Feature","properties":{"highway":"residential","osm_id":482696038},"geometry":{"type":"LineString","coordinates":[[-100.368104,25.84654],[-100.369022,25.846598]]}},{"type":"Feature","properties":{"highway":"residential","osm_id":482696039},"geometry":{"type":"LineString","coordinates":[[-100.368999,25.846961],[-100.367921,25.846913]]}},{"type":"Feature","properties":{"highway":"residential","osm_id":483060715},"geometry":{"type":"LineString","coordinates":[[-100.394884,25.845999],[-100.394874,25.846041],[-100.394843,25.846076],[-100.394784,25.846107],[-100.393469,25.846587],[-100.393276,25.846663],[-100.393084,25.84673],[-100.392591,25.84691],[-100.391804,25.847206],[-100.391747,25.84722],[-100.391694,25.847224]]}},{"type":"Feature","properties":{"highway":"residential","osm_id":483060893},"geometry":{"type":"LineString","coordinates":[[-100.391564,25.847108],[-100.391165,25.84725]]}},{"type":"Feature","properties":{"highway":"residential","osm_id":483060898},"geometry":{"type":"LineString","coordinates":[[-100.391264,25.84639],[-100.390847,25.84653]]}},{"type":"Feature","properties":{"highway":"residential","osm_id":483061199},"geometry":{"type":"LineString","coordinates":[[-100.393276,25.846663],[-100.393384,25.846891],[-100.393457,25.847047],[-100.393619,25.847422],[-100.393716,25.847631],[-100.39373,25.84768]]}},{"type":"Feature","properties":{"highway":"residential","osm_id":483061345},"geometry":{"type":"LineString","coordinates":[[-100.395652,25.846688],[-100.395474,25.846751],[-100.395266,25.846839],[-100.394801,25.847004],[-100.394652,25.847059],[-100.394336,25.847174],[-100.393619,25.847422],[-100.393341,25.84751],[-100.392859,25.847686],[-100.392503,25.847808],[-100.392429,25.847837],[-100.39235,25.847867]]}},{"type":"Feature","properties":{"highway":"residential","osm_id":483061552},"geometry":{"type":"LineString","coordinates":[[-100.389734,25.850065],[-100.389587,25.849788],[-100.38957,25.849764],[-100.389544,25.849749]]}},{"type":"Feature","properties":{"highway":"residential","osm_id":483061606},"geometry":{"type":"LineString","coordinates":[[-100.387892,25.849698],[-100.387479,25.849869]]}},{"type":"Feature","properties":{"highway":"residential","osm_id":483061616},"geometry":{"type":"LineString","coordinates":[[-100.389472,25.848937],[-100.389288,25.848569],[-100.389101,25.848196]]}},{"type":"Feature","properties":{"highway":"residential","osm_id":483061647},"geometry":{"type":"LineString","coordinates":[[-100.387383,25.848621],[-100.387004,25.848754]]}},{"type":"Feature","properties":{"highway":"residential","osm_id":483061681},"geometry":{"type":"LineString","coordinates":[[-100.387083,25.847912],[-100.386687,25.848055]]}},{"type":"Feature","properties":{"highway":"residential","osm_id":483061811},"geometry":{"type":"LineString","coordinates":[[-100.386989,25.847331],[-100.38814,25.846913],[-100.388201,25.846879],[-100.388252,25.846842],[-100.38827,25.846807],[-100.388262,25.84676]]}},{"type":"Feature","properties":{"highway":"residential","osm_id":483061847},"geometry":{"type":"LineString","coordinates":[[-100.387705,25.850354],[-100.387126,25.85018],[-100.386515,25.850001],[-100.385846,25.849807]]}},{"type":"Feature","properties":{"highway":"residential","osm_id":483061887},"geometry":{"type":"LineString","coordinates":[[-100.387126,25.85018],[-100.387004,25.849902],[-100.386971,25.849876]]}},{"type":"Feature","properties":{"highway":"residential","osm_id":483062071},"geometry":{"type":"LineString","coordinates":[[-100.384332,25.848726],[-100.384314,25.848723],[-100.383958,25.848836],[-100.383298,25.849086],[-100.38282,25.849253]]}},{"type":"Feature","properties":{"highway":"residential","osm_id":483062122},"geometry":{"type":"LineString","coordinates":[[-100.384674,25.849453],[-100.384156,25.84931],[-100.383298,25.849086]]}},{"type":"Feature","properties":{"highway":"residential","osm_id":483063678},"geometry":{"type":"LineString","coordinates":[[-100.386267,25.848217],[-100.386687,25.848055]]}},{"type":"Feature","properties":{"highway":"residential","osm_id":483063758},"geometry":{"type":"LineString","coordinates":[[-100.384404,25.847828],[-100.384287,25.847563],[-100.38427,25.847522],[-100.384266,25.847477],[-100.384269,25.847447]]}},{"type":"Feature","properties":{"highway":"residential","osm_id":483063777},"geometry":{"type":"LineString","coordinates":[[-100.383911,25.846333],[-100.385055,25.845923],[-100.385123,25.845889],[-100.38515,25.845866],[-100.38517,25.845829],[-100.385175,25.845792]]}},{"type":"Feature","properties":{"highway":"residential","osm_id":483063963},"geometry":{"type":"LineString","coordinates":[[-100.38257,25.848485],[-100.382411,25.848127],[-100.382412,25.848097]]}},{"type":"Feature","properties":{"highway":"residential","osm_id":483063998},"geometry":{"type":"LineString","coordinates":[[-100.385851,25.846242],[-100.385452,25.846385]]}},{"type":"Feature","properties":{"highway":"residential","osm_id":483064029},"geometry":{"type":"LineString","coordinates":[[-100.38344,25.846097],[-100.38326,25.845732],[-100.382888,25.844959]]}},{"type":"Feature","properties":{"highway":"residential","osm_id":483064030},"geometry":{"type":"LineString","coordinates":[[-100.383992,25.846912],[-100.383798,25.846991]]}},{"type":"Feature","properties":{"highway":"residential","osm_id":483064056},"geometry":{"type":"LineString","coordinates":[[-100.381863,25.846864],[-100.381473,25.847018]]}},{"type":"Feature","properties":{"highway":"residential","osm_id":483064071},"geometry":{"type":"LineString","coordinates":[[-100.382175,25.847559],[-100.381803,25.847706]]}},{"type":"Feature","properties":{"highway":"residential","osm_id":483064185},"geometry":{"type":"LineString","coordinates":[[-100.381473,25.847018],[-100.381091,25.84716]]}},{"type":"Feature","properties":{"highway":"residential","osm_id":483064237},"geometry":{"type":"LineString","coordinates":[[-100.381803,25.847706],[-100.381405,25.847865]]}},{"type":"Feature","properties":{"highway":"residential","osm_id":483064297},"geometry":{"type":"LineString","coordinates":[[-100.38175,25.848631],[-100.380952,25.848402],[-100.380852,25.848356],[-100.380754,25.848287],[-100.380724,25.848253],[-100.380699,25.848204],[-100.380679,25.848097],[-100.380675,25.847992],[-100.38068,25.847964],[-100.380692,25.847933]]}},{"type":"Feature","properties":{"highway":"residential","osm_id":483064417},"geometry":{"type":"LineString","coordinates":[[-100.380754,25.848287],[-100.381467,25.848011]]}},{"type":"Feature","properties":{"highway":"residential","osm_id":483064924},"geometry":{"type":"LineString","coordinates":[[-100.389947,25.844717],[-100.389541,25.844874]]}},{"type":"Feature","properties":{"highway":"residential","osm_id":483064944},"geometry":{"type":"LineString","coordinates":[[-100.389623,25.844038],[-100.389238,25.844188]]}},{"type":"Feature","properties":{"highway":"residential","osm_id":483065098},"geometry":{"type":"LineString","coordinates":[[-100.387984,25.846146],[-100.387953,25.846123],[-100.387912,25.846114],[-100.387862,25.846119],[-100.38779,25.84614],[-100.386667,25.846561],[-100.386594,25.846599],[-100.386563,25.846632]]}},{"type":"Feature","properties":{"highway":"residential","osm_id":483065180},"geometry":{"type":"LineString","coordinates":[[-100.388121,25.845419],[-100.387899,25.845498]]}},{"type":"Feature","properties":{"highway":"residential","osm_id":483065300},"geometry":{"type":"LineString","coordinates":[[-100.386254,25.846076],[-100.385851,25.846242]]}},{"type":"Feature","properties":{"highway":"residential","osm_id":483065550},"geometry":{"type":"LineString","coordinates":[[-100.385958,25.845377],[-100.385546,25.845525]]}},{"type":"Feature","properties":{"highway":"residential","osm_id":483065879},"geometry":{"type":"LineString","coordinates":[[-100.391598,25.843417],[-100.391605,25.84346],[-100.391598,25.843487],[-100.391564,25.843519],[-100.391514,25.843543],[-100.39039,25.843946],[-100.390215,25.844013],[-100.390123,25.843853]]}},{"type":"Feature","properties":{"highway":"residential","osm_id":483065898},"geometry":{"type":"LineString","coordinates":[[-100.389745,25.844003],[-100.390123,25.843853]]}},{"type":"Feature","properties":{"highway":"residential","osm_id":483065903},"geometry":{"type":"LineString","coordinates":[[-100.393284,25.842521],[-100.393241,25.842522],[-100.393167,25.84254],[-100.391876,25.843006],[-100.391691,25.843072],[-100.391485,25.843151],[-100.391084,25.843289],[-100.390422,25.843538],[-100.39018,25.843624],[-100.390109,25.843655],[-100.390086,25.843686]]}},{"type":"Feature","properties":{"highway":"residential","osm_id":483065914},"geometry":{"type":"LineString","coordinates":[[-100.391691,25.843072],[-100.391515,25.842703],[-100.391167,25.841938]]}},{"type":"Feature","properties":{"highway":"residential","osm_id":483065950},"geometry":{"type":"LineString","coordinates":[[-100.393823,25.842509],[-100.393416,25.842661]]}},{"type":"Feature","properties":{"highway":"residential","osm_id":483065952},"geometry":{"type":"LineString","coordinates":[[-100.39413,25.843219],[-100.393729,25.843364]]}},{"type":"Feature","properties":{"highway":"residential","osm_id":483066031},"geometry":{"type":"LineString","coordinates":[[-100.392511,25.844416],[-100.393786,25.843948],[-100.393873,25.843926],[-100.393923,25.843927]]}},{"type":"Feature","properties":{"highway":"residential","osm_id":483066231},"geometry":{"type":"LineString","coordinates":[[-100.390052,25.844722],[-100.39029,25.844627],[-100.390429,25.844573]]}},{"type":"Feature","properties":{"highway":"residential","osm_id":483066504},"geometry":{"type":"LineString","coordinates":[[-100.392295,25.844956],[-100.392425,25.84523]]}},{"type":"Feature","properties":{"highway":"residential","osm_id":483067942},"geometry":{"type":"LineString","coordinates":[[-100.396708,25.843339],[-100.396845,25.84358],[-100.396894,25.843643],[-100.396933,25.843667],[-100.396994,25.843674],[-100.397059,25.843663],[-100.398137,25.843263],[-100.398191,25.843229],[-100.398228,25.843191]]}},{"type":"Feature","properties":{"highway":"residential","osm_id":483067964},"geometry":{"type":"LineString","coordinates":[[-100.398109,25.841749],[-100.397715,25.841914]]}},{"type":"Feature","properties":{"highway":"residential","osm_id":483067965},"geometry":{"type":"LineString","coordinates":[[-100.397804,25.841057],[-100.397407,25.841213]]}},{"type":"Feature","properties":{"highway":"residential","osm_id":483067987},"geometry":{"type":"LineString","coordinates":[[-100.396307,25.842424],[-100.396117,25.842498]]}},{"type":"Feature","properties":{"highway":"residential","osm_id":483068047},"geometry":{"type":"LineString","coordinates":[[-100.397336,25.841079],[-100.397303,25.841061],[-100.397271,25.841055],[-100.39724,25.841059],[-100.397166,25.841078],[-100.395946,25.841531],[-100.395739,25.841607],[-100.395537,25.841687],[-100.394363,25.842103],[-100.394259,25.842145],[-100.394213,25.842172],[-100.394195,25.842201]]}},{"type":"Feature","properties":{"highway":"residential","osm_id":483068053},"geometry":{"type":"LineString","coordinates":[[-100.395569,25.841238],[-100.395228,25.840456]]}},{"type":"Feature","properties":{"highway":"residential","osm_id":483068058},"geometry":{"type":"LineString","coordinates":[[-100.39455,25.843071],[-100.39413,25.843219]]}},{"type":"Feature","properties":{"highway":"residential","osm_id":483068207},"geometry":{"type":"LineString","coordinates":[[-100.394234,25.842352],[-100.393823,25.842509]]}},{"type":"Feature","properties":{"highway":"residential","osm_id":483068466},"geometry":{"type":"LineString","coordinates":[[-100.395669,25.845371],[-100.395645,25.845405],[-100.395633,25.845457],[-100.395639,25.845499],[-100.395672,25.845572]]}},{"type":"Feature","properties":{"highway":"residential","osm_id":483068679},"geometry":{"type":"LineString","coordinates":[[-100.396484,25.843756],[-100.39649,25.84381],[-100.396463,25.843849],[-100.396407,25.843885],[-100.39632,25.843926],[-100.395128,25.844363]]}},{"type":"Feature","properties":{"highway":"residential","osm_id":483068802},"geometry":{"type":"LineString","coordinates":[[-100.395534,25.845017],[-100.395495,25.845025],[-100.395468,25.84502],[-100.395441,25.845003],[-100.39541,25.844966],[-100.395362,25.844884],[-100.395293,25.84471]]}},{"type":"Feature","properties":{"highway":"residential","osm_id":483068962},"geometry":{"type":"LineString","coordinates":[[-100.394552,25.845185],[-100.394703,25.845127],[-100.394929,25.845043]]}},{"type":"Feature","properties":{"highway":"residential","osm_id":483068999},"geometry":{"type":"LineString","coordinates":[[-100.398931,25.843577],[-100.398525,25.843727]]}},{"type":"Feature","properties":{"highway":"residential","osm_id":483069070},"geometry":{"type":"LineString","coordinates":[[-100.39922,25.844277],[-100.399104,25.844326],[-100.398843,25.844415]]}},{"type":"Feature","properties":{"highway":"residential","osm_id":483069118},"geometry":{"type":"LineString","coordinates":[[-100.397501,25.845568],[-100.397418,25.845367],[-100.397339,25.845189]]}},{"type":"Feature","properties":{"highway":"residential","osm_id":483069221},"geometry":{"type":"LineString","coordinates":[[-100.397534,25.845115],[-100.397374,25.844767],[-100.397205,25.844402]]}},{"type":"Feature","properties":{"highway":"residential","osm_id":483069224},"geometry":{"type":"LineString","coordinates":[[-100.397909,25.842478],[-100.39785,25.84248],[-100.397795,25.842489],[-100.397666,25.842529],[-100.396621,25.842917],[-100.396588,25.842943],[-100.396583,25.842984],[-100.396635,25.843157],[-100.396708,25.843339]]}},{"type":"Feature","properties":{"highway":"residential","osm_id":483069242},"geometry":{"type":"LineString","coordinates":[[-100.400214,25.840123],[-100.4,25.840206],[-100.398059,25.840922]]}},{"type":"Feature","properties":{"highway":"residential","osm_id":483070010},"geometry":{"type":"LineString","coordinates":[[-100.400433,25.838888],[-100.400429,25.838926],[-100.400434,25.838965],[-100.400548,25.839215],[-100.400699,25.839555]]}},{"type":"Feature","properties":{"highway":"residential","osm_id":483070025},"geometry":{"type":"LineString","coordinates":[[-100.400067,25.839781],[-100.400699,25.839555],[-100.402189,25.839022]]}},{"type":"Feature","properties":{"highway":"residential","osm_id":483070060},"geometry":{"type":"LineString","coordinates":[[-100.401859,25.83835],[-100.401885,25.838371],[-100.401905,25.838403],[-100.40203,25.838659],[-100.402189,25.839022],[-100.402342,25.839375],[-100.402496,25.839735],[-100.402641,25.840063],[-100.402795,25.840428],[-100.402948,25.840774],[-100.403114,25.841148],[-100.403267,25.841487],[-100.403426,25.841822]]}},{"type":"Feature","properties":{"highway":"residential","osm_id":483070088},"geometry":{"type":"LineString","coordinates":[[-100.402496,25.839735],[-100.400369,25.840482]]}},{"type":"Feature","properties":{"highway":"residential","osm_id":483070117},"geometry":{"type":"LineString","coordinates":[[-100.400527,25.84085],[-100.402641,25.840063]]}},{"type":"Feature","properties":{"highway":"residential","osm_id":483070131},"geometry":{"type":"LineString","coordinates":[[-100.400837,25.841528],[-100.402948,25.840774]]}},{"type":"Feature","properties":{"highway":"residential","osm_id":483070209},"geometry":{"type":"LineString","coordinates":[[-100.401,25.841889],[-100.403114,25.841148]]}},{"type":"Feature","properties":{"highway":"residential","osm_id":483070226},"geometry":{"type":"LineString","coordinates":[[-100.401159,25.842251],[-100.403267,25.841487]]}},{"type":"Feature","properties":{"highway":"residential","osm_id":483070269},"geometry":{"type":"LineString","coordinates":[[-100.401314,25.842599],[-100.403426,25.841822]]}},{"type":"Feature","properties":{"highway":"residential","osm_id":483070465},"geometry":{"type":"LineString","coordinates":[[-100.400182,25.845925],[-100.401852,25.844936]]}},{"type":"Feature","properties":{"highway":"residential","osm_id":483070528},"geometry":{"type":"LineString","coordinates":[[-100.400417,25.846247],[-100.402072,25.845255]]}},{"type":"Feature","properties":{"highway":"residential","osm_id":483070550},"geometry":{"type":"LineString","coordinates":[[-100.400656,25.846569],[-100.402311,25.845546],[-100.402688,25.845328],[-100.404284,25.844352]]}},{"type":"Feature","properties":{"highway":"residential","osm_id":483070567},"geometry":{"type":"LineString","coordinates":[[-100.400892,25.846885],[-100.402559,25.845871]]}},{"type":"Feature","properties":{"highway":"residential","osm_id":483070611},"geometry":{"type":"LineString","coordinates":[[-100.401127,25.847199],[-100.402799,25.84617]]}},{"type":"Feature","properties":{"highway":"residential","osm_id":483070643},"geometry":{"type":"LineString","coordinates":[[-100.3977,25.849747],[-100.399704,25.848498]]}},{"type":"Feature","properties":{"highway":"residential","osm_id":483070665},"geometry":{"type":"LineString","coordinates":[[-100.397861,25.846302],[-100.398142,25.846677]]}},{"type":"Feature","properties":{"highway":"residential","osm_id":483070756},"geometry":{"type":"LineString","coordinates":[[-100.397839,25.847341],[-100.398077,25.847656],[-100.398314,25.847963]]}},{"type":"Feature","properties":{"highway":"residential","osm_id":483071227},"geometry":{"type":"LineString","coordinates":[[-100.398327,25.846612],[-100.3984,25.846694],[-100.398552,25.846908],[-100.398679,25.847094],[-100.398798,25.84725],[-100.398836,25.847298],[-100.398875,25.847356],[-100.399002,25.847542],[-100.399243,25.847878],[-100.399474,25.848189],[-100.399704,25.848498],[-100.399946,25.84882]]}},{"type":"Feature","properties":{"highway":"residential","osm_id":483071255},"geometry":{"type":"LineString","coordinates":[[-100.398077,25.847656],[-100.396738,25.848467]]}},{"type":"Feature","properties":{"highway":"residential","osm_id":483071264},"geometry":{"type":"LineString","coordinates":[[-100.393198,25.841092],[-100.393236,25.841179],[-100.393581,25.841961],[-100.393823,25.842509],[-100.39413,25.843219],[-100.394532,25.844123],[-100.394929,25.845043]]}},{"type":"Feature","properties":{"highway":"residential","osm_id":483071326},"geometry":{"type":"LineString","coordinates":[[-100.39721,25.849094],[-100.399243,25.847878],[-100.400542,25.847087],[-100.400892,25.846885]]}},{"type":"Feature","properties":{"highway":"residential","osm_id":483071338},"geometry":{"type":"LineString","coordinates":[[-100.401127,25.847199],[-100.400765,25.847395],[-100.399474,25.848189]]}},{"type":"Feature","properties":{"highway":"residential","osm_id":483071347},"geometry":{"type":"LineString","coordinates":[[-100.405165,25.84565],[-100.404273,25.846193],[-100.403624,25.846581],[-100.403463,25.846677],[-100.403303,25.846772],[-100.401579,25.847817],[-100.399946,25.84882],[-100.398761,25.849532],[-100.397912,25.850039]]}},{"type":"Feature","properties":{"highway":"residential","osm_id":483071355},"geometry":{"type":"LineString","coordinates":[[-100.400765,25.847395],[-100.400542,25.847087],[-100.400071,25.846457]]}},{"type":"Feature","properties":{"highway":"residential","osm_id":483071397},"geometry":{"type":"LineString","coordinates":[[-100.401626,25.844596],[-100.401852,25.844936],[-100.401983,25.845123],[-100.402072,25.845255],[-100.402311,25.845546],[-100.402559,25.845871],[-100.402799,25.84617],[-100.40287,25.846256],[-100.403059,25.846486],[-100.403303,25.846772]]}},{"type":"Feature","properties":{"highway":"residential","osm_id":483071414},"geometry":{"type":"LineString","coordinates":[[-100.401626,25.844596],[-100.400577,25.845223],[-100.399937,25.845606]]}},{"type":"Feature","properties":{"highway":"residential","osm_id":483071778},"geometry":{"type":"LineString","coordinates":[[-100.403338,25.843045],[-100.403601,25.843395],[-100.403833,25.843719],[-100.40407,25.844037],[-100.404284,25.844352],[-100.404506,25.844664],[-100.404605,25.844789],[-100.40467,25.844875],[-100.404757,25.844967],[-100.404899,25.845093],[-100.405008,25.845295],[-100.405165,25.84565],[-100.405252,25.845855],[-100.405331,25.846036],[-100.405398,25.846211],[-100.405773,25.847086],[-100.40581,25.847182],[-100.405862,25.847317],[-100.406019,25.847674],[-100.406137,25.84798],[-100.406362,25.848562],[-100.406415,25.8487]]}},{"type":"Feature","properties":{"highway":"residential","osm_id":483287361},"geometry":{"type":"LineString","coordinates":[[-100.379255,25.80096],[-100.379303,25.800974],[-100.380459,25.80133],[-100.380477,25.801348],[-100.380484,25.801367],[-100.380488,25.801388],[-100.380483,25.801416]]}},{"type":"Feature","properties":{"highway":"residential","osm_id":483292040},"geometry":{"type":"LineString","coordinates":[[-100.368325,25.80524],[-100.368732,25.805859]]}},{"type":"Feature","properties":{"highway":"residential","osm_id":483292102},"geometry":{"type":"LineString","coordinates":[[-100.368261,25.801501],[-100.368385,25.801612],[-100.368797,25.802001],[-100.36891,25.802119],[-100.369503,25.802663]]}},{"type":"Feature","properties":{"highway":"residential","osm_id":483292490},"geometry":{"type":"LineString","coordinates":[[-100.366894,25.801402],[-100.367482,25.801608],[-100.368111,25.801836]]}},{"type":"Feature","properties":{"highway":"residential","osm_id":483294543},"geometry":{"type":"LineString","coordinates":[[-100.369344,25.798963],[-100.369281,25.798909],[-100.36913,25.798766],[-100.369062,25.79871],[-100.368872,25.798547],[-100.368751,25.798452],[-100.368642,25.798381],[-100.368509,25.798315],[-100.36832,25.798241],[-100.367746,25.798034],[-100.367678,25.798015],[-100.367636,25.798011],[-100.36759,25.798019],[-100.367491,25.798068]]}},{"type":"Feature","properties":{"highway":"residential","osm_id":483776252},"geometry":{"type":"LineString","coordinates":[[-100.373713,25.797599],[-100.373792,25.797296],[-100.373858,25.797025],[-100.374039,25.796286],[-100.374068,25.796156],[-100.374115,25.79591],[-100.374148,25.795746],[-100.374235,25.795448],[-100.374321,25.79515]]}},{"type":"Feature","properties":{"highway":"residential","osm_id":483776421},"geometry":{"type":"LineString","coordinates":[[-100.375635,25.795782],[-100.375403,25.795748],[-100.375116,25.795705],[-100.374949,25.79569],[-100.374808,25.795689],[-100.374706,25.795695],[-100.374575,25.795706],[-100.374148,25.795746]]}},{"type":"Feature","properties":{"highway":"residential","osm_id":483777126},"geometry":{"type":"LineString","coordinates":[[-100.370542,25.800578],[-100.370651,25.8006],[-100.370773,25.80062],[-100.371072,25.800659],[-100.371486,25.800713]]}},{"type":"Feature","properties":{"highway":"residential","osm_id":490174723},"geometry":{"type":"LineString","coordinates":[[-100.401981,25.844387],[-100.402213,25.844691],[-100.402449,25.845006],[-100.402688,25.845328],[-100.40292,25.845638],[-100.403155,25.845954],[-100.403327,25.846184],[-100.403389,25.846267],[-100.403624,25.846581]]}},{"type":"Feature","properties":{"highway":"residential","osm_id":490174725},"geometry":{"type":"LineString","coordinates":[[-100.403389,25.846267],[-100.405008,25.845295]]}},{"type":"Feature","properties":{"highway":"residential","osm_id":490174726},"geometry":{"type":"LineString","coordinates":[[-100.404861,25.844909],[-100.404757,25.844967],[-100.403155,25.845954]]}},{"type":"Feature","properties":{"highway":"residential","osm_id":490174727},"geometry":{"type":"LineString","coordinates":[[-100.40292,25.845638],[-100.404506,25.844664]]}},{"type":"Feature","properties":{"highway":"residential","osm_id":490174729},"geometry":{"type":"LineString","coordinates":[[-100.402449,25.845006],[-100.40407,25.844037]]}},{"type":"Feature","properties":{"highway":"residential","osm_id":490174730},"geometry":{"type":"LineString","coordinates":[[-100.403833,25.843719],[-100.402213,25.844691]]}},{"type":"Feature","properties":{"highway":"residential","osm_id":490174731},"geometry":{"type":"LineString","coordinates":[[-100.401626,25.844596],[-100.4018,25.844491],[-100.401981,25.844387]]}},{"type":"Feature","properties":{"highway":"residential","osm_id":490174732},"geometry":{"type":"LineString","coordinates":[[-100.401859,25.83835],[-100.401832,25.838342],[-100.401798,25.838341],[-100.401764,25.83835],[-100.400516,25.838812],[-100.400483,25.838831],[-100.400449,25.838858],[-100.400433,25.838888]]}},{"type":"Feature","properties":{"highway":"residential","osm_id":490174733},"geometry":{"type":"LineString","coordinates":[[-100.400548,25.839215],[-100.40203,25.838659]]}},{"type":"Feature","properties":{"highway":"residential","osm_id":490174735},"geometry":{"type":"LineString","coordinates":[[-100.399052,25.843473],[-100.399048,25.843495],[-100.399064,25.843543],[-100.399146,25.843723],[-100.399172,25.843758],[-100.399195,25.843765]]}},{"type":"Feature","properties":{"highway":"residential","osm_id":490174736},"geometry":{"type":"LineString","coordinates":[[-100.4008,25.841972],[-100.399824,25.842332],[-100.398797,25.842723],[-100.39875,25.842751],[-100.39874,25.842771]]}},{"type":"Feature","properties":{"highway":"residential","osm_id":490174738},"geometry":{"type":"LineString","coordinates":[[-100.398458,25.842015],[-100.398431,25.84203],[-100.398419,25.842048],[-100.398414,25.842078],[-100.398419,25.842116],[-100.398445,25.84219],[-100.398492,25.842292],[-100.398522,25.84234],[-100.398549,25.842359],[-100.39859,25.842364],[-100.398645,25.842358]]}},{"type":"Feature","properties":{"highway":"residential","osm_id":490174740},"geometry":{"type":"LineString","coordinates":[[-100.399148,25.840127],[-100.398987,25.839746],[-100.398907,25.839564],[-100.398883,25.839509],[-100.398857,25.83947]]}},{"type":"Feature","properties":{"highway":"residential","osm_id":490174744},"geometry":{"type":"LineString","coordinates":[[-100.398179,25.841285],[-100.398137,25.841311],[-100.398114,25.841341],[-100.39811,25.841387],[-100.398118,25.841449],[-100.398188,25.841595],[-100.398215,25.841626],[-100.398258,25.841646],[-100.398312,25.841644],[-100.398385,25.841623]]}},{"type":"Feature","properties":{"highway":"residential","osm_id":490174756},"geometry":{"type":"LineString","coordinates":[[-100.396156,25.843132],[-100.396099,25.843125],[-100.396016,25.843142],[-100.395888,25.843183],[-100.394912,25.843536]]}},{"type":"Feature","properties":{"highway":"residential","osm_id":490174757},"geometry":{"type":"LineString","coordinates":[[-100.395534,25.845017],[-100.396723,25.844582],[-100.396758,25.844562],[-100.396788,25.844535],[-100.396793,25.844499],[-100.396784,25.844457]]}},{"type":"Feature","properties":{"highway":"residential","osm_id":490174758},"geometry":{"type":"LineString","coordinates":[[-100.396976,25.844941],[-100.396934,25.84493],[-100.396877,25.844936],[-100.39679,25.844962],[-100.395982,25.84526],[-100.395741,25.845341],[-100.395669,25.845371]]}},{"type":"Feature","properties":{"highway":"residential","osm_id":490174759},"geometry":{"type":"LineString","coordinates":[[-100.397153,25.845254],[-100.397044,25.845042],[-100.397009,25.844976],[-100.396976,25.844941]]}},{"type":"Feature","properties":{"highway":"residential","osm_id":490174761},"geometry":{"type":"LineString","coordinates":[[-100.367504,25.847932],[-100.367221,25.84792]]}},{"type":"Feature","properties":{"highway":"residential","osm_id":490174806},"geometry":{"type":"LineString","coordinates":[[-100.39373,25.84768],[-100.393727,25.847737],[-100.393699,25.84778],[-100.393656,25.84781],[-100.393582,25.847849],[-100.393064,25.848036],[-100.392128,25.848351],[-100.392091,25.848365],[-100.391732,25.848501]]}},{"type":"Feature","properties":{"highway":"residential","osm_id":490174808},"geometry":{"type":"LineString","coordinates":[[-100.393469,25.846587],[-100.393402,25.846446],[-100.393367,25.846344],[-100.393361,25.846292],[-100.393366,25.846247]]}},{"type":"Feature","properties":{"highway":"residential","osm_id":490174809},"geometry":{"type":"LineString","coordinates":[[-100.393084,25.84673],[-100.393025,25.84659],[-100.392974,25.846484],[-100.39293,25.846432],[-100.392881,25.846406]]}},{"type":"Feature","properties":{"highway":"residential","osm_id":490174810},"geometry":{"type":"LineString","coordinates":[[-100.39525,25.845744],[-100.394876,25.845883]]}},{"type":"Feature","properties":{"highway":"residential","osm_id":490174817},"geometry":{"type":"LineString","coordinates":[[-100.392162,25.843313],[-100.393338,25.84289],[-100.3934,25.842862],[-100.393443,25.84283]]}},{"type":"Feature","properties":{"highway":"residential","osm_id":490174818},"geometry":{"type":"LineString","coordinates":[[-100.39375,25.843443],[-100.393729,25.843364],[-100.393704,25.843316],[-100.393638,25.843266],[-100.393589,25.843248]]}},{"type":"Feature","properties":{"highway":"residential","osm_id":490174821},"geometry":{"type":"LineString","coordinates":[[-100.390514,25.844731],[-100.391965,25.84421]]}},{"type":"Feature","properties":{"highway":"residential","osm_id":490174824},"geometry":{"type":"LineString","coordinates":[[-100.392864,25.845188],[-100.394154,25.844714],[-100.394207,25.844679],[-100.394242,25.844642],[-100.394255,25.844582],[-100.394246,25.844513]]}},{"type":"Feature","properties":{"highway":"residential","osm_id":490174829},"geometry":{"type":"LineString","coordinates":[[-100.391318,25.846151],[-100.391271,25.8462],[-100.391246,25.846269],[-100.391244,25.846337],[-100.391264,25.84639],[-100.391297,25.84645],[-100.391342,25.846492],[-100.391383,25.846511],[-100.391444,25.846509]]}},{"type":"Feature","properties":{"highway":"residential","osm_id":490174830},"geometry":{"type":"LineString","coordinates":[[-100.392698,25.845858],[-100.392895,25.84578],[-100.393076,25.845717]]}},{"type":"Feature","properties":{"highway":"residential","osm_id":490174831},"geometry":{"type":"LineString","coordinates":[[-100.394389,25.845058],[-100.39444,25.845071],[-100.394492,25.845115],[-100.394552,25.845185],[-100.394566,25.84527],[-100.394564,25.84532],[-100.394551,25.845357]]}},{"type":"Feature","properties":{"highway":"residential","osm_id":490174832},"geometry":{"type":"LineString","coordinates":[[-100.397336,25.841079],[-100.397407,25.841213]]}},{"type":"Feature","properties":{"highway":"residential","osm_id":490174836},"geometry":{"type":"LineString","coordinates":[[-100.394195,25.842201],[-100.3942,25.842268],[-100.394234,25.842352]]}},{"type":"Feature","properties":{"highway":"residential","osm_id":490174837},"geometry":{"type":"LineString","coordinates":[[-100.394551,25.842848],[-100.394516,25.842867],[-100.394502,25.842891],[-100.394499,25.84292],[-100.394512,25.84298],[-100.39455,25.843071],[-100.39459,25.843145],[-100.394618,25.843177],[-100.394657,25.843197],[-100.394695,25.843206],[-100.394766,25.843194]]}},{"type":"Feature","properties":{"highway":"residential","osm_id":490174843},"geometry":{"type":"LineString","coordinates":[[-100.398678,25.844288],[-100.398618,25.844297],[-100.397374,25.844767]]}},{"type":"Feature","properties":{"highway":"residential","osm_id":490174844},"geometry":{"type":"LineString","coordinates":[[-100.398816,25.844661],[-100.398851,25.844636],[-100.398866,25.844607],[-100.398875,25.844566],[-100.398843,25.844415]]}},{"type":"Feature","properties":{"highway":"residential","osm_id":490174846},"geometry":{"type":"LineString","coordinates":[[-100.39587,25.845716],[-100.397153,25.845254],[-100.397339,25.845189],[-100.397534,25.845115],[-100.398816,25.844661]]}},{"type":"Feature","properties":{"highway":"residential","osm_id":490174847},"geometry":{"type":"LineString","coordinates":[[-100.398473,25.843621],[-100.398525,25.843727],[-100.39856,25.843812]]}},{"type":"Feature","properties":{"highway":"residential","osm_id":490174850},"geometry":{"type":"LineString","coordinates":[[-100.396801,25.847704],[-100.396663,25.847787],[-100.396378,25.847955]]}},{"type":"Feature","properties":{"highway":"residential","osm_id":490174852},"geometry":{"type":"LineString","coordinates":[[-100.396929,25.847889],[-100.396801,25.847704],[-100.396705,25.847565]]}},{"type":"Feature","properties":{"highway":"residential","osm_id":490174854},"geometry":{"type":"LineString","coordinates":[[-100.398552,25.846908],[-100.397839,25.847341],[-100.396929,25.847889],[-100.396511,25.848154]]}},{"type":"Feature","properties":{"highway":"residential","osm_id":490174860},"geometry":{"type":"LineString","coordinates":[[-100.396976,25.848782],[-100.398314,25.847963],[-100.399002,25.847542]]}},{"type":"Feature","properties":{"highway":"residential","osm_id":490174869},"geometry":{"type":"LineString","coordinates":[[-100.382041,25.847011],[-100.3821,25.846993],[-100.383173,25.846598],[-100.383278,25.846553],[-100.383317,25.846522],[-100.383337,25.846475],[-100.383331,25.846433]]}},{"type":"Feature","properties":{"highway":"residential","osm_id":490174871},"geometry":{"type":"LineString","coordinates":[[-100.385079,25.845585],[-100.385052,25.845567],[-100.385012,25.845556],[-100.384969,25.84555],[-100.384915,25.845555],[-100.384227,25.845808],[-100.383605,25.846042],[-100.38344,25.846097],[-100.38323,25.84617],[-100.382162,25.84654],[-100.381929,25.846631],[-100.381843,25.846673]]}},{"type":"Feature","properties":{"highway":"residential","osm_id":490174877},"geometry":{"type":"LineString","coordinates":[[-100.383508,25.846907],[-100.38346,25.846909],[-100.383405,25.846921],[-100.382981,25.847064],[-100.382234,25.847339],[-100.38217,25.84737],[-100.382143,25.847401],[-100.382138,25.847433],[-100.382175,25.847559]]}},{"type":"Feature","properties":{"highway":"residential","osm_id":490174881},"geometry":{"type":"LineString","coordinates":[[-100.384184,25.84705],[-100.385109,25.846711],[-100.385385,25.8466],[-100.385454,25.846561],[-100.385474,25.846522],[-100.385478,25.846463],[-100.385452,25.846385]]}},{"type":"Feature","properties":{"highway":"residential","osm_id":490174884},"geometry":{"type":"LineString","coordinates":[[-100.382652,25.848881],[-100.382447,25.848832],[-100.382138,25.848741],[-100.38175,25.848631]]}},{"type":"Feature","properties":{"highway":"residential","osm_id":490174892},"geometry":{"type":"LineString","coordinates":[[-100.387004,25.848754],[-100.38658,25.848915]]}},{"type":"Feature","properties":{"highway":"residential","osm_id":490174894},"geometry":{"type":"LineString","coordinates":[[-100.385232,25.849595],[-100.385224,25.849593],[-100.385217,25.849586],[-100.385143,25.849436],[-100.38507,25.849286],[-100.385069,25.849266]]}},{"type":"Feature","properties":{"highway":"residential","osm_id":490174900},"geometry":{"type":"LineString","coordinates":[[-100.384918,25.848883],[-100.384936,25.848883],[-100.386297,25.848397],[-100.386312,25.848384],[-100.386319,25.848369],[-100.386319,25.848349],[-100.386267,25.848217]]}},{"type":"Feature","properties":{"highway":"residential","osm_id":490174903},"geometry":{"type":"LineString","coordinates":[[-100.383958,25.848836],[-100.384156,25.84931]]}},{"type":"Feature","properties":{"highway":"residential","osm_id":490174912},"geometry":{"type":"LineString","coordinates":[[-100.384607,25.848178],[-100.384638,25.848181],[-100.384696,25.848171],[-100.385937,25.847709],[-100.385971,25.847686],[-100.385984,25.847663]]}},{"type":"Feature","properties":{"highway":"residential","osm_id":490174913},"geometry":{"type":"LineString","coordinates":[[-100.385958,25.845377],[-100.385936,25.845303],[-100.385934,25.845229],[-100.385947,25.845177],[-100.386021,25.845134],[-100.387329,25.844673],[-100.387528,25.844597],[-100.387721,25.844527],[-100.388972,25.84407],[-100.389045,25.844051],[-100.3891,25.844043]]}},{"type":"Feature","properties":{"highway":"residential","osm_id":490174916},"geometry":{"type":"LineString","coordinates":[[-100.389238,25.844188],[-100.389265,25.844272],[-100.389269,25.844322],[-100.389254,25.844377]]}},{"type":"Feature","properties":{"highway":"residential","osm_id":490174922},"geometry":{"type":"LineString","coordinates":[[-100.385958,25.845377],[-100.386018,25.845467],[-100.386055,25.845506],[-100.386122,25.845521],[-100.386195,25.84551],[-100.387409,25.845053],[-100.387454,25.845026],[-100.387473,25.844986],[-100.387463,25.844944]]}},{"type":"Feature","properties":{"highway":"residential","osm_id":490174932},"geometry":{"type":"LineString","coordinates":[[-100.387758,25.84567],[-100.387751,25.845706],[-100.387719,25.845748],[-100.387673,25.845776],[-100.387615,25.845804],[-100.387277,25.845919],[-100.386528,25.846185],[-100.386455,25.846199],[-100.386389,25.846197],[-100.386331,25.84617],[-100.386292,25.84614],[-100.386254,25.846076]]}},{"type":"Feature","properties":{"highway":"residential","osm_id":490174935},"geometry":{"type":"LineString","coordinates":[[-100.388505,25.846339],[-100.388615,25.846574],[-100.388655,25.846633],[-100.3887,25.846663],[-100.388751,25.846668],[-100.388813,25.846656]]}},{"type":"Feature","properties":{"highway":"residential","osm_id":490174939},"geometry":{"type":"LineString","coordinates":[[-100.389956,25.845804],[-100.38983,25.845528]]}},{"type":"Feature","properties":{"highway":"residential","osm_id":490174954},"geometry":{"type":"LineString","coordinates":[[-100.388192,25.845582],[-100.389386,25.845142],[-100.389492,25.845096],[-100.38955,25.845056],[-100.389576,25.845003],[-100.389569,25.844955],[-100.389541,25.844874]]}},{"type":"Feature","properties":{"highway":"residential","osm_id":490174956},"geometry":{"type":"LineString","coordinates":[[-100.391554,25.848387],[-100.391167,25.848528]]}},{"type":"Feature","properties":{"highway":"residential","osm_id":490174958},"geometry":{"type":"LineString","coordinates":[[-100.387892,25.849698],[-100.387963,25.849848],[-100.387977,25.849857]]}},{"type":"Feature","properties":{"highway":"residential","osm_id":490174960},"geometry":{"type":"LineString","coordinates":[[-100.391167,25.848528],[-100.39123,25.848661],[-100.391234,25.848684]]}},{"type":"Feature","properties":{"highway":"residential","osm_id":490174961},"geometry":{"type":"LineString","coordinates":[[-100.391072,25.848359],[-100.391058,25.848356],[-100.391043,25.848357],[-100.389666,25.848867],[-100.389472,25.848937],[-100.389244,25.84902],[-100.387845,25.849523],[-100.387829,25.849536]]}},{"type":"Feature","properties":{"highway":"residential","osm_id":490174968},"geometry":{"type":"LineString","coordinates":[[-100.391379,25.849087],[-100.391352,25.849084],[-100.391322,25.849088],[-100.39016,25.849487],[-100.390016,25.849553],[-100.390002,25.849566],[-100.389994,25.849589]]}},{"type":"Feature","properties":{"highway":"residential","osm_id":490174970},"geometry":{"type":"LineString","coordinates":[[-100.388925,25.847247],[-100.388713,25.84733]]}},{"type":"Feature","properties":{"highway":"residential","osm_id":490174973},"geometry":{"type":"LineString","coordinates":[[-100.387083,25.847912],[-100.387069,25.847877],[-100.387058,25.847812],[-100.387061,25.847749],[-100.387074,25.84772],[-100.387094,25.847698],[-100.388182,25.847306],[-100.388328,25.847257],[-100.388385,25.847248],[-100.388449,25.847254],[-100.388485,25.847271]]}},{"type":"Feature","properties":{"highway":"residential","osm_id":490174975},"geometry":{"type":"LineString","coordinates":[[-100.390726,25.846582],[-100.390365,25.846714]]}},{"type":"Feature","properties":{"highway":"residential","osm_id":490174976},"geometry":{"type":"LineString","coordinates":[[-100.389026,25.847375],[-100.38901,25.847362],[-100.38898,25.847327],[-100.388925,25.847247],[-100.38889,25.847149]]}},{"type":"Feature","properties":{"highway":"residential","osm_id":490174979},"geometry":{"type":"LineString","coordinates":[[-100.388744,25.847926],[-100.388724,25.847924],[-100.388689,25.847931],[-100.387394,25.848405],[-100.38737,25.848425]]}},{"type":"Feature","properties":{"highway":"residential","osm_id":490174980},"geometry":{"type":"LineString","coordinates":[[-100.390685,25.84743],[-100.390615,25.84729],[-100.390596,25.847281],[-100.390554,25.847277],[-100.390523,25.847282],[-100.389336,25.847697],[-100.389279,25.84772],[-100.389244,25.847751],[-100.389221,25.847787]]}},{"type":"Feature","properties":{"highway":"residential","osm_id":490174982},"geometry":{"type":"LineString","coordinates":[[-100.390685,25.84743],[-100.390734,25.847556],[-100.390736,25.84758],[-100.390723,25.847603],[-100.390693,25.847626],[-100.389292,25.848115],[-100.389101,25.848196],[-100.388936,25.848258],[-100.387587,25.848735],[-100.387561,25.84874],[-100.387528,25.848736]]}},{"type":"Feature","properties":{"highway":"residential","osm_id":490174983},"geometry":{"type":"LineString","coordinates":[[-100.391059,25.847293],[-100.390685,25.84743]]}},{"type":"Feature","properties":{"highway":"residential","osm_id":490174989},"geometry":{"type":"LineString","coordinates":[[-100.369069,25.830192],[-100.368988,25.830209],[-100.368893,25.830226],[-100.368813,25.83024],[-100.368726,25.830251],[-100.368644,25.830258],[-100.368429,25.830266],[-100.366574,25.830352],[-100.364679,25.830423],[-100.364564,25.830428]]}},{"type":"Feature","properties":{"highway":"residential","osm_id":490174991},"geometry":{"type":"LineString","coordinates":[[-100.365518,25.831994],[-100.365503,25.831627]]}},{"type":"Feature","properties":{"highway":"residential","osm_id":490174993},"geometry":{"type":"LineString","coordinates":[[-100.365431,25.826576],[-100.36555,25.826581],[-100.366871,25.826624],[-100.368468,25.826662],[-100.368516,25.82667],[-100.368563,25.826688]]}},{"type":"Feature","properties":{"highway":"residential","osm_id":490174994},"geometry":{"type":"LineString","coordinates":[[-100.36905,25.832213],[-100.366965,25.832314],[-100.3648,25.83242]]}},{"type":"Feature","properties":{"highway":"residential","osm_id":490174995},"geometry":{"type":"LineString","coordinates":[[-100.369028,25.831853],[-100.366815,25.831934],[-100.365518,25.831994],[-100.364774,25.832034]]}},{"type":"Feature","properties":{"highway":"residential","osm_id":490174996},"geometry":{"type":"LineString","coordinates":[[-100.369004,25.831476],[-100.366701,25.831578]]}},{"type":"Feature","properties":{"highway":"residential","osm_id":490174998},"geometry":{"type":"LineString","coordinates":[[-100.364822,25.8328],[-100.367058,25.832689],[-100.368977,25.832605],[-100.36903,25.832596]]}},{"type":"Feature","properties":{"highway":"residential","osm_id":490174999},"geometry":{"type":"LineString","coordinates":[[-100.368983,25.831098],[-100.366631,25.831196],[-100.364734,25.831284]]}},{"type":"Feature","properties":{"highway":"residential","osm_id":490175000},"geometry":{"type":"LineString","coordinates":[[-100.369287,25.836274],[-100.367067,25.836371],[-100.365065,25.836473]]}},{"type":"Feature","properties":{"highway":"residential","osm_id":490175001},"geometry":{"type":"LineString","coordinates":[[-100.367671,25.835946],[-100.367656,25.835561]]}},{"type":"Feature","properties":{"highway":"residential","osm_id":490175002},"geometry":{"type":"LineString","coordinates":[[-100.369244,25.835502],[-100.367656,25.835561],[-100.367459,25.835571]]}},{"type":"Feature","properties":{"highway":"residential","osm_id":490175003},"geometry":{"type":"LineString","coordinates":[[-100.369315,25.836649],[-100.367182,25.836735],[-100.365091,25.836855]]}},{"type":"Feature","properties":{"highway":"residential","osm_id":490175005},"geometry":{"type":"LineString","coordinates":[[-100.365113,25.837225],[-100.367312,25.837127],[-100.369199,25.837029],[-100.369268,25.837023]]}},{"type":"Feature","properties":{"highway":"residential","osm_id":490175006},"geometry":{"type":"LineString","coordinates":[[-100.369404,25.83857],[-100.367461,25.838656],[-100.365193,25.838763]]}},{"type":"Feature","properties":{"highway":"residential","osm_id":490175007},"geometry":{"type":"LineString","coordinates":[[-100.369394,25.838942],[-100.367391,25.839026],[-100.365215,25.839145]]}},{"type":"Feature","properties":{"highway":"residential","osm_id":490175009},"geometry":{"type":"LineString","coordinates":[[-100.369373,25.839308],[-100.367289,25.839403],[-100.36524,25.839511]]}},{"type":"Feature","properties":{"highway":"residential","osm_id":490175011},"geometry":{"type":"LineString","coordinates":[[-100.36744,25.84154],[-100.369206,25.841459],[-100.369231,25.841454],[-100.369249,25.841444]]}},{"type":"Feature","properties":{"highway":"residential","osm_id":490175013},"geometry":{"type":"LineString","coordinates":[[-100.367228,25.840559],[-100.365301,25.840663]]}},{"type":"Feature","properties":{"highway":"residential","osm_id":490175015},"geometry":{"type":"LineString","coordinates":[[-100.367268,25.840939],[-100.36618,25.840991],[-100.365752,25.841023],[-100.365327,25.841045]]}},{"type":"Feature","properties":{"highway":"residential","osm_id":490175017},"geometry":{"type":"LineString","coordinates":[[-100.369348,25.839699],[-100.367229,25.839799],[-100.365257,25.839892]]}},{"type":"Feature","properties":{"highway":"residential","osm_id":490175018},"geometry":{"type":"LineString","coordinates":[[-100.365278,25.840272],[-100.36721,25.840183],[-100.368916,25.840093],[-100.369335,25.84008]]}},{"type":"Feature","properties":{"highway":"residential","osm_id":490175019},"geometry":{"type":"LineString","coordinates":[[-100.369291,25.84109],[-100.368876,25.8411],[-100.367325,25.841178]]}},{"type":"Feature","properties":{"highway":"residential","osm_id":490175020},"geometry":{"type":"LineString","coordinates":[[-100.3659,25.843427],[-100.365792,25.841941],[-100.365752,25.841023]]}},{"type":"Feature","properties":{"highway":"residential","osm_id":490175021},"geometry":{"type":"LineString","coordinates":[[-100.366259,25.842322],[-100.367666,25.842358],[-100.369102,25.842413],[-100.36914,25.842419],[-100.369171,25.842429]]}},{"type":"Feature","properties":{"highway":"residential","osm_id":490175022},"geometry":{"type":"LineString","coordinates":[[-100.369191,25.84319],[-100.367624,25.843116],[-100.366297,25.84306]]}},{"type":"Feature","properties":{"highway":"residential","osm_id":490175023},"geometry":{"type":"LineString","coordinates":[[-100.369216,25.842801],[-100.367671,25.84274],[-100.366278,25.842685]]}},{"type":"Feature","properties":{"highway":"residential","osm_id":490175024},"geometry":{"type":"LineString","coordinates":[[-100.366318,25.843443],[-100.366297,25.84306],[-100.366278,25.842685],[-100.366259,25.842322],[-100.366237,25.841934],[-100.36618,25.840991]]}},{"type":"Feature","properties":{"highway":"residential","osm_id":490175025},"geometry":{"type":"LineString","coordinates":[[-100.366338,25.846476],[-100.366373,25.846102]]}},{"type":"Feature","properties":{"highway":"residential","osm_id":490175026},"geometry":{"type":"LineString","coordinates":[[-100.367797,25.846142],[-100.366373,25.846102],[-100.366198,25.846093]]}},{"type":"Feature","properties":{"highway":"residential","osm_id":490175027},"geometry":{"type":"LineString","coordinates":[[-100.365582,25.845298],[-100.367631,25.845403],[-100.368977,25.84546],[-100.369016,25.845457]]}},{"type":"Feature","properties":{"highway":"residential","osm_id":490175028},"geometry":{"type":"LineString","coordinates":[[-100.3691,25.845084],[-100.367477,25.84502],[-100.365562,25.844952]]}},{"type":"Feature","properties":{"highway":"residential","osm_id":490175029},"geometry":{"type":"LineString","coordinates":[[-100.369108,25.844702],[-100.367383,25.844633],[-100.365539,25.844562]]}},{"type":"Feature","properties":{"highway":"residential","osm_id":490175030},"geometry":{"type":"LineString","coordinates":[[-100.369121,25.844316],[-100.36736,25.84425],[-100.365516,25.844185]]}},{"type":"Feature","properties":{"highway":"residential","osm_id":490175031},"geometry":{"type":"LineString","coordinates":[[-100.369142,25.843941],[-100.367419,25.843869],[-100.365495,25.843788]]}},{"type":"Feature","properties":{"highway":"residential","osm_id":490175032},"geometry":{"type":"LineString","coordinates":[[-100.369165,25.843571],[-100.367535,25.843484],[-100.366318,25.843443],[-100.3659,25.843427],[-100.365473,25.843411]]}},{"type":"Feature","properties":{"highway":"residential","osm_id":490175033},"geometry":{"type":"LineString","coordinates":[[-100.367191,25.847919],[-100.367434,25.847304],[-100.367609,25.846918],[-100.36769,25.846741],[-100.367757,25.846537],[-100.367787,25.846347],[-100.367797,25.846142],[-100.367787,25.845949],[-100.367762,25.845781],[-100.36773,25.84566],[-100.367631,25.845403],[-100.367553,25.845224],[-100.367477,25.84502],[-100.367422,25.84483],[-100.367383,25.844633],[-100.367363,25.844434],[-100.36736,25.84425],[-100.367382,25.844059],[-100.367419,25.843869],[-100.367535,25.843484],[-100.367588,25.84329],[-100.367624,25.843116],[-100.367671,25.84274],[-100.367675,25.842553],[-100.367666,25.842358],[-100.367596,25.842019],[-100.367575,25.841941],[-100.367533,25.841785],[-100.36744,25.84154],[-100.367372,25.84134],[-100.367325,25.841178],[-100.367268,25.840939],[-100.367228,25.840559],[-100.36721,25.840183],[-100.367229,25.839799],[-100.367289,25.839403],[-100.367391,25.839026],[-100.367461,25.838656],[-100.367486,25.83827],[-100.36747,25.83789]]}},{"type":"Feature","properties":{"highway":"residential","osm_id":490175034},"geometry":{"type":"LineString","coordinates":[[-100.367221,25.84792],[-100.367191,25.847919],[-100.365737,25.847857],[-100.365597,25.84786]]}},{"type":"Feature","properties":{"highway":"residential","osm_id":490175035},"geometry":{"type":"LineString","coordinates":[[-100.367504,25.847932],[-100.367539,25.847932],[-100.368263,25.847969],[-100.369232,25.84799],[-100.370549,25.848019]]}},{"type":"Feature","properties":{"highway":"residential","osm_id":490175036},"geometry":{"type":"LineString","coordinates":[[-100.36561,25.845714],[-100.367762,25.845781]]}},{"type":"Feature","properties":{"highway":"residential","osm_id":490175037},"geometry":{"type":"LineString","coordinates":[[-100.365651,25.846447],[-100.366338,25.846476],[-100.367757,25.846537]]}},{"type":"Feature","properties":{"highway":"residential","osm_id":490175038},"geometry":{"type":"LineString","coordinates":[[-100.365677,25.846829],[-100.367609,25.846918]]}},{"type":"Feature","properties":{"highway":"residential","osm_id":490175039},"geometry":{"type":"LineString","coordinates":[[-100.370708,25.841866],[-100.370745,25.840973],[-100.370825,25.83925],[-100.370912,25.837567],[-100.371002,25.835877],[-100.371118,25.833122]]}},{"type":"Feature","properties":{"highway":"residential","osm_id":490175041},"geometry":{"type":"LineString","coordinates":[[-100.370949,25.840962],[-100.37102,25.841853]]}},{"type":"Feature","properties":{"highway":"residential","osm_id":490175042},"geometry":{"type":"LineString","coordinates":[[-100.371437,25.841837],[-100.371398,25.840944],[-100.371289,25.839236],[-100.371178,25.837555]]}},{"type":"Feature","properties":{"highway":"residential","osm_id":490175043},"geometry":{"type":"LineString","coordinates":[[-100.371865,25.841818],[-100.371787,25.840927],[-100.371686,25.839225],[-100.371599,25.837535],[-100.371497,25.835853],[-100.37132,25.833113]]}},{"type":"Feature","properties":{"highway":"residential","osm_id":490175044},"geometry":{"type":"LineString","coordinates":[[-100.372266,25.8418],[-100.372216,25.840909],[-100.372105,25.839202],[-100.372018,25.837515],[-100.371918,25.835843],[-100.371725,25.833095],[-100.371719,25.832927],[-100.371652,25.831445],[-100.371613,25.830777],[-100.371494,25.828638]]}},{"type":"Feature","properties":{"highway":"residential","osm_id":490175045},"geometry":{"type":"LineString","coordinates":[[-100.3734,25.839134],[-100.373504,25.840855],[-100.37357,25.841734]]}},{"type":"Feature","properties":{"highway":"residential","osm_id":490175049},"geometry":{"type":"LineString","coordinates":[[-100.374259,25.839133],[-100.374197,25.839118],[-100.374155,25.839109],[-100.3741,25.839105],[-100.373821,25.839111],[-100.3734,25.839134],[-100.372965,25.839157],[-100.372533,25.83918],[-100.372105,25.839202],[-100.371686,25.839225],[-100.371289,25.839236]]}},{"type":"Feature","properties":{"highway":"residential","osm_id":490175050},"geometry":{"type":"LineString","coordinates":[[-100.372376,25.843515],[-100.372281,25.841905]]}},{"type":"Feature","properties":{"highway":"residential","osm_id":490175051},"geometry":{"type":"LineString","coordinates":[[-100.37186,25.841926],[-100.371984,25.84384]]}},{"type":"Feature","properties":{"highway":"residential","osm_id":490175052},"geometry":{"type":"LineString","coordinates":[[-100.37158,25.844165],[-100.371436,25.841945]]}},{"type":"Feature","properties":{"highway":"residential","osm_id":490175053},"geometry":{"type":"LineString","coordinates":[[-100.371014,25.841964],[-100.371181,25.844462]]}},{"type":"Feature","properties":{"highway":"residential","osm_id":490175054},"geometry":{"type":"LineString","coordinates":[[-100.370774,25.844783],[-100.370605,25.841982]]}},{"type":"Feature","properties":{"highway":"residential","osm_id":490175061},"geometry":{"type":"LineString","coordinates":[[-100.37249,25.845537],[-100.37252,25.846046],[-100.372647,25.848093]]}},{"type":"Feature","properties":{"highway":"residential","osm_id":490175062},"geometry":{"type":"LineString","coordinates":[[-100.372236,25.848078],[-100.3721,25.846067],[-100.372086,25.845552],[-100.371985,25.844092]]}},{"type":"Feature","properties":{"highway":"residential","osm_id":490175063},"geometry":{"type":"LineString","coordinates":[[-100.371583,25.8444],[-100.37168,25.846088],[-100.37183,25.848061]]}},{"type":"Feature","properties":{"highway":"residential","osm_id":490175064},"geometry":{"type":"LineString","coordinates":[[-100.371402,25.848046],[-100.371274,25.846108],[-100.37118,25.844707]]}},{"type":"Feature","properties":{"highway":"residential","osm_id":490175065},"geometry":{"type":"LineString","coordinates":[[-100.370763,25.84504],[-100.370849,25.84613],[-100.370998,25.848033]]}},{"type":"Feature","properties":{"highway":"residential","osm_id":490175066},"geometry":{"type":"LineString","coordinates":[[-100.373075,25.848115],[-100.372943,25.846025],[-100.372908,25.845515],[-100.372782,25.843482]]}},{"type":"Feature","properties":{"highway":"residential","osm_id":490175067},"geometry":{"type":"LineString","coordinates":[[-100.374026,25.842503],[-100.374122,25.843895],[-100.374242,25.84596],[-100.374378,25.848161]]}},{"type":"Feature","properties":{"highway":"residential","osm_id":490175068},"geometry":{"type":"LineString","coordinates":[[-100.373969,25.848148],[-100.373813,25.845981],[-100.373699,25.843909]]}},{"type":"Feature","properties":{"highway":"residential","osm_id":490175069},"geometry":{"type":"LineString","coordinates":[[-100.374556,25.843882],[-100.374122,25.843895],[-100.373699,25.843909],[-100.373257,25.843926]]}},{"type":"Feature","properties":{"highway":"residential","osm_id":490175071},"geometry":{"type":"LineString","coordinates":[[-100.373988,25.841838],[-100.374016,25.842273]]}},{"type":"Feature","properties":{"highway":"residential","osm_id":490175072},"geometry":{"type":"LineString","coordinates":[[-100.373608,25.842588],[-100.37357,25.841856]]}},{"type":"Feature","properties":{"highway":"tertiary","osm_id":490175074},"geometry":{"type":"LineString","coordinates":[[-100.374259,25.839133],[-100.374356,25.840483],[-100.37438,25.840819],[-100.374425,25.841691],[-100.374434,25.841812],[-100.37444,25.841934],[-100.374453,25.842143],[-100.374492,25.84297],[-100.374527,25.843475],[-100.374556,25.843882],[-100.374589,25.844547]]}},{"type":"Feature","properties":{"highway":"unclassified","osm_id":522521699},"geometry":{"type":"LineString","coordinates":[[-100.273411,25.829296],[-100.273926,25.829213],[-100.27407,25.829196],[-100.277344,25.828702],[-100.277813,25.828621],[-100.278144,25.828562],[-100.278309,25.828514],[-100.278483,25.828449],[-100.278657,25.828368],[-100.278887,25.828244]]}},{"type":"Feature","properties":{"highway":"unclassified","osm_id":522521753},"geometry":{"type":"LineString","coordinates":[[-100.282144,25.827663],[-100.282102,25.827378],[-100.281975,25.826683],[-100.281809,25.825606],[-100.281757,25.825167],[-100.281779,25.824706],[-100.281811,25.824332],[-100.281814,25.824155],[-100.281806,25.82397],[-100.281642,25.822825],[-100.281527,25.822065],[-100.281253,25.820657],[-100.28095,25.818858],[-100.280816,25.817992],[-100.280758,25.817804],[-100.280706,25.817688],[-100.280671,25.817606]]}},{"type":"Feature","properties":{"highway":"unclassified","osm_id":522521754},"geometry":{"type":"LineString","coordinates":[[-100.280671,25.817606],[-100.280557,25.81764],[-100.280459,25.817658],[-100.280176,25.817701],[-100.278764,25.818022],[-100.277609,25.818303]]}},{"type":"Feature","properties":{"highway":"residential","osm_id":533056841},"geometry":{"type":"LineString","coordinates":[[-100.293354,25.798043],[-100.292317,25.797675]]}},{"type":"Feature","properties":{"highway":"residential","osm_id":533237903},"geometry":{"type":"LineString","coordinates":[[-100.297873,25.798461],[-100.297877,25.798472],[-100.297882,25.798477],[-100.29789,25.798482],[-100.2979,25.798484],[-100.298873,25.798431]]}},{"type":"Feature","properties":{"highway":"residential","osm_id":533237905},"geometry":{"type":"LineString","coordinates":[[-100.293179,25.795866],[-100.293351,25.795829],[-100.293455,25.795815],[-100.294144,25.795761],[-100.294766,25.79572],[-100.295325,25.795675],[-100.295844,25.79564],[-100.296358,25.7956],[-100.296865,25.795562],[-100.297593,25.795505],[-100.297714,25.795498]]}},{"type":"Feature","properties":{"highway":"residential","osm_id":533249439},"geometry":{"type":"LineString","coordinates":[[-100.291291,25.802828],[-100.291358,25.802142]]}},{"type":"Feature","properties":{"highway":"residential","osm_id":533249440},"geometry":{"type":"LineString","coordinates":[[-100.289726,25.803784],[-100.289901,25.803574],[-100.290142,25.803261],[-100.290603,25.802628],[-100.290957,25.802172],[-100.2911,25.802069],[-100.291391,25.801518]]}},{"type":"Feature","properties":{"highway":"residential","osm_id":533249446},"geometry":{"type":"LineString","coordinates":[[-100.288608,25.803269],[-100.289009,25.803234],[-100.289721,25.803226],[-100.290142,25.803261]]}},{"type":"Feature","properties":{"highway":"unclassified","osm_id":533921592},"geometry":{"type":"LineString","coordinates":[[-100.419528,25.798033],[-100.419611,25.798201]]}},{"type":"Feature","properties":{"highway":"residential","osm_id":533921593},"geometry":{"type":"LineString","coordinates":[[-100.419528,25.798033],[-100.419453,25.798003],[-100.419368,25.797964],[-100.419274,25.797946],[-100.41916,25.797965],[-100.418888,25.79812],[-100.41847,25.798322],[-100.418226,25.798466],[-100.418175,25.798499],[-100.418091,25.798564],[-100.418015,25.798641],[-100.417961,25.798737],[-100.417904,25.798854],[-100.41785,25.798943],[-100.417796,25.799034]]}},{"type":"Feature","properties":{"highway":"residential","osm_id":533921594},"geometry":{"type":"LineString","coordinates":[[-100.418381,25.798194],[-100.41847,25.798322]]}},{"type":"Feature","properties":{"highway":"residential","osm_id":535044331},"geometry":{"type":"LineString","coordinates":[[-100.33065,25.780495],[-100.330202,25.78043]]}},{"type":"Feature","properties":{"highway":"residential","osm_id":535058552},"geometry":{"type":"LineString","coordinates":[[-100.414458,25.80047],[-100.414384,25.800466],[-100.414331,25.800422]]}},{"type":"Feature","properties":{"highway":"tertiary","osm_id":535058559},"geometry":{"type":"LineString","coordinates":[[-100.410887,25.792267],[-100.411259,25.792144],[-100.411512,25.79204],[-100.41161,25.791998],[-100.411945,25.791847],[-100.412277,25.791696],[-100.412627,25.791547],[-100.412958,25.791404],[-100.413313,25.791243],[-100.413655,25.791089],[-100.414,25.790935]]}},{"type":"Feature","properties":{"highway":"tertiary","osm_id":535058560},"geometry":{"type":"LineString","coordinates":[[-100.417258,25.790402],[-100.417918,25.790426],[-100.417975,25.79043],[-100.418022,25.790443],[-100.418058,25.79047],[-100.418239,25.790725],[-100.418313,25.790789],[-100.418386,25.79083],[-100.418535,25.790858],[-100.418682,25.790876],[-100.418853,25.790897],[-100.419599,25.79102],[-100.419927,25.791051],[-100.42018,25.791068],[-100.420634,25.791097],[-100.421107,25.791116]]}},{"type":"Feature","properties":{"highway":"tertiary","osm_id":535346571},"geometry":{"type":"LineString","coordinates":[[-100.331928,25.774287],[-100.331831,25.774731],[-100.331775,25.775005],[-100.331666,25.775527],[-100.331649,25.7756],[-100.331456,25.776514],[-100.331259,25.777523],[-100.331177,25.777956],[-100.331056,25.778512],[-100.330854,25.779509],[-100.33065,25.780495],[-100.330453,25.781499]]}},{"type":"Feature","properties":{"highway":"residential","osm_id":535346572},"geometry":{"type":"LineString","coordinates":[[-100.331933,25.774265],[-100.331465,25.774182],[-100.330989,25.774098],[-100.330483,25.774008],[-100.329974,25.773917],[-100.329436,25.774146],[-100.328926,25.774358]]}},{"type":"Feature","properties":{"highway":"residential","osm_id":536202240},"geometry":{"type":"LineString","coordinates":[[-100.32751,25.788841],[-100.327459,25.789027],[-100.327433,25.789154],[-100.327436,25.789247],[-100.327508,25.789517],[-100.327705,25.790106],[-100.327951,25.790916],[-100.328292,25.792041],[-100.328309,25.792081],[-100.328338,25.792128]]}},{"type":"Feature","properties":{"highway":"residential","osm_id":536202241},"geometry":{"type":"LineString","coordinates":[[-100.328422,25.791602],[-100.328374,25.791571],[-100.328342,25.79154],[-100.328312,25.791489],[-100.328097,25.790833],[-100.328077,25.790763],[-100.327907,25.790164],[-100.327539,25.78903],[-100.32751,25.788841]]}},{"type":"Feature","properties":{"highway":"residential","osm_id":536202243},"geometry":{"type":"LineString","coordinates":[[-100.327036,25.783721],[-100.328477,25.783958],[-100.329916,25.784198]]}},{"type":"Feature","properties":{"highway":"residential","osm_id":536220737},"geometry":{"type":"LineString","coordinates":[[-100.403486,25.800099],[-100.403649,25.800032],[-100.404214,25.799819],[-100.404289,25.799789],[-100.404623,25.799669],[-100.404985,25.799523],[-100.405129,25.799466],[-100.405376,25.799375],[-100.405759,25.79923],[-100.405831,25.799204],[-100.406072,25.799109],[-100.406207,25.799061],[-100.406339,25.799009],[-100.406471,25.798962],[-100.406672,25.798883],[-100.407655,25.798503],[-100.407746,25.798461],[-100.409239,25.797853]]}},{"type":"Feature","properties":{"highway":"residential","osm_id":537032343},"geometry":{"type":"LineString","coordinates":[[-100.390578,25.796591],[-100.390384,25.796679],[-100.390084,25.796828],[-100.39,25.796865],[-100.389919,25.796906]]}},{"type":"Feature","properties":{"highway":"residential","osm_id":537032344},"geometry":{"type":"LineString","coordinates":[[-100.395318,25.798934],[-100.395242,25.798786],[-100.395057,25.798431],[-100.394882,25.798092],[-100.394719,25.797759],[-100.394523,25.7974],[-100.393996,25.796356],[-100.393866,25.796105],[-100.393738,25.795841],[-100.393599,25.79557],[-100.393488,25.795354]]}},{"type":"Feature","properties":{"highway":"tertiary","osm_id":537032347},"geometry":{"type":"LineString","coordinates":[[-100.400407,25.796655],[-100.400526,25.796616],[-100.400585,25.796601],[-100.400638,25.796599],[-100.400704,25.796597],[-100.400798,25.796609],[-100.401386,25.79671],[-100.40201,25.796861]]}},{"type":"Feature","properties":{"highway":"residential","osm_id":537032349},"geometry":{"type":"LineString","coordinates":[[-100.389368,25.796363],[-100.389469,25.796264]]}},{"type":"Feature","properties":{"highway":"residential","osm_id":537032351},"geometry":{"type":"LineString","coordinates":[[-100.395633,25.800949],[-100.395456,25.800616],[-100.39527,25.80027]]}},{"type":"Feature","properties":{"highway":"residential","osm_id":537032352},"geometry":{"type":"LineString","coordinates":[[-100.396054,25.800351],[-100.395456,25.800616]]}},{"type":"Feature","properties":{"highway":"tertiary","osm_id":537300863},"geometry":{"type":"LineString","coordinates":[[-100.388602,25.807207],[-100.388244,25.806699],[-100.388008,25.806364],[-100.387872,25.806171],[-100.387774,25.80603],[-100.38761,25.805826],[-100.387537,25.805716],[-100.387309,25.805397],[-100.387079,25.805064],[-100.386833,25.804732],[-100.386608,25.804423],[-100.3865,25.804283],[-100.386467,25.804241],[-100.386439,25.804211],[-100.386422,25.804194],[-100.386378,25.804154],[-100.386333,25.804118],[-100.385948,25.803851],[-100.385565,25.803615],[-100.385498,25.803567],[-100.385284,25.803435]]}},{"type":"Feature","properties":{"highway":"residential","osm_id":537563923},"geometry":{"type":"LineString","coordinates":[[-100.372739,25.811936],[-100.372785,25.811991],[-100.372812,25.812054],[-100.372825,25.812114],[-100.372841,25.812462],[-100.37286,25.812671],[-100.372861,25.8128],[-100.372865,25.812964]]}},{"type":"Feature","properties":{"highway":"residential","osm_id":537563926},"geometry":{"type":"LineString","coordinates":[[-100.371091,25.814029],[-100.371137,25.81323]]}},{"type":"Feature","properties":{"highway":"residential","osm_id":537563928},"geometry":{"type":"LineString","coordinates":[[-100.368151,25.812733],[-100.369619,25.812541],[-100.370958,25.812334],[-100.371181,25.812311]]}},{"type":"Feature","properties":{"highway":"residential","osm_id":537563930},"geometry":{"type":"LineString","coordinates":[[-100.372735,25.811075],[-100.372747,25.811243],[-100.372736,25.811423],[-100.372702,25.811691],[-100.372694,25.811798],[-100.372694,25.811843],[-100.372711,25.81189],[-100.372739,25.811936]]}},{"type":"Feature","properties":{"highway":"residential","osm_id":537563933},"geometry":{"type":"LineString","coordinates":[[-100.376493,25.807416],[-100.376454,25.807499],[-100.376421,25.807559],[-100.376372,25.807609],[-100.37629,25.807662],[-100.376132,25.807751],[-100.375959,25.807875],[-100.375794,25.80801],[-100.375561,25.808211],[-100.375445,25.808323],[-100.375377,25.808407],[-100.375262,25.808598],[-100.375134,25.808829],[-100.375,25.809014],[-100.374854,25.809187],[-100.374546,25.809562],[-100.374119,25.81011],[-100.373683,25.81066],[-100.373608,25.810753],[-100.373521,25.810812],[-100.373396,25.81087],[-100.372735,25.811075],[-100.372014,25.811254],[-100.371642,25.811357],[-100.371249,25.811438],[-100.370972,25.811506],[-100.370792,25.811542],[-100.370636,25.811557],[-100.370469,25.811554],[-100.370265,25.811535],[-100.37006,25.811496],[-100.369813,25.811453],[-100.36949,25.811401],[-100.369125,25.811327],[-100.368865,25.811261],[-100.368234,25.810998],[-100.367607,25.810789],[-100.367314,25.810695],[-100.36715,25.810657],[-100.366953,25.81063],[-100.366761,25.810628],[-100.366605,25.810638],[-100.366423,25.810675],[-100.366012,25.810794],[-100.365316,25.810989],[-100.364565,25.811201],[-100.36416,25.811317],[-100.363997,25.811361],[-100.363848,25.811391],[-100.363724,25.811411],[-100.363612,25.811438],[-100.363416,25.81151],[-100.363278,25.811544],[-100.36319,25.811554],[-100.363071,25.811549],[-100.362395,25.811493],[-100.361919,25.811482],[-100.361537,25.811481],[-100.360669,25.811522],[-100.359781,25.81156],[-100.358601,25.811597],[-100.358311,25.811614],[-100.358257,25.811622],[-100.358204,25.811636],[-100.358154,25.811663],[-100.358102,25.811703],[-100.358031,25.811763],[-100.357907,25.811874],[-100.357828,25.811936],[-100.357771,25.811976],[-100.357744,25.811996],[-100.357488,25.812147],[-100.356904,25.812474],[-100.356568,25.812646],[-100.35638,25.812736],[-100.356129,25.81284],[-100.355643,25.813016],[-100.355546,25.813054],[-100.355482,25.813082],[-100.355395,25.813123],[-100.355261,25.813209],[-100.35495,25.81341],[-100.354709,25.813557],[-100.354567,25.813636],[-100.354378,25.813744],[-100.354048,25.813933],[-100.35394,25.814001],[-100.353806,25.81409],[-100.353439,25.814358],[-100.35337,25.814411],[-100.353314,25.814453],[-100.353288,25.814472],[-100.353228,25.814513],[-100.353159,25.814553],[-100.353051,25.814604],[-100.352923,25.814658],[-100.35277,25.814716],[-100.352664,25.814752],[-100.35258,25.814776],[-100.352503,25.814792],[-100.352424,25.814805],[-100.352256,25.814822],[-100.352023,25.814844],[-100.35164,25.814876],[-100.35151,25.814883],[-100.351365,25.814886],[-100.351013,25.814874],[-100.350823,25.814865],[-100.350646,25.814847],[-100.350468,25.81483],[-100.350237,25.814794],[-100.349985,25.814749],[-100.3498,25.814716],[-100.349566,25.81467],[-100.34938,25.814629],[-100.34913,25.814577],[-100.349033,25.814546],[-100.348932,25.814504],[-100.348825,25.814456],[-100.348603,25.814342],[-100.348302,25.814172],[-100.348147,25.814073],[-100.348059,25.814006],[-100.347944,25.813903],[-100.347599,25.813593],[-100.347061,25.813086],[-100.346879,25.812927],[-100.346792,25.812871],[-100.3467,25.812826],[-100.346621,25.812797],[-100.346464,25.812739],[-100.346253,25.812666],[-100.346117,25.812641],[-100.346043,25.812632],[-100.345945,25.812629],[-100.345665,25.812644],[-100.345443,25.812659],[-100.345083,25.812649]]}},{"type":"Feature","properties":{"highway":"residential","osm_id":537563938},"geometry":{"type":"LineString","coordinates":[[-100.376614,25.803303],[-100.376685,25.803411],[-100.376752,25.803522],[-100.376843,25.803665],[-100.376898,25.803778],[-100.376948,25.803904],[-100.377008,25.804028],[-100.377103,25.804202]]}},{"type":"Feature","properties":{"highway":"residential","osm_id":537573609},"geometry":{"type":"LineString","coordinates":[[-100.373653,25.798521],[-100.373593,25.798497],[-100.373563,25.798468],[-100.373543,25.798439],[-100.373538,25.798398]]}},{"type":"Feature","properties":{"highway":"residential","osm_id":537573610},"geometry":{"type":"LineString","coordinates":[[-100.372009,25.799284],[-100.371973,25.799495],[-100.371941,25.799693],[-100.371903,25.799833],[-100.37185,25.79999],[-100.371605,25.800466],[-100.371486,25.800713],[-100.3713,25.801105],[-100.371092,25.801499],[-100.370919,25.801857],[-100.370809,25.802112],[-100.370773,25.802223],[-100.370734,25.80241],[-100.370684,25.802666],[-100.370608,25.803042],[-100.370544,25.803469],[-100.37047,25.803867],[-100.370396,25.804276],[-100.370321,25.804688],[-100.370244,25.805106],[-100.370229,25.805236],[-100.370235,25.805312],[-100.370259,25.805394],[-100.370319,25.805531],[-100.370498,25.805896]]}},{"type":"Feature","properties":{"highway":"residential","osm_id":537573612},"geometry":{"type":"LineString","coordinates":[[-100.369197,25.803564],[-100.369186,25.803496],[-100.369186,25.803427],[-100.369204,25.803348],[-100.369247,25.80326],[-100.369312,25.803119],[-100.369328,25.803082],[-100.369422,25.802848],[-100.369503,25.802663],[-100.369606,25.802468],[-100.369708,25.802254],[-100.369798,25.802073],[-100.369963,25.801724],[-100.370142,25.801357],[-100.37034,25.800969]]}},{"type":"Feature","properties":{"highway":"residential","osm_id":537845962},"geometry":{"type":"LineString","coordinates":[[-100.359321,25.804027],[-100.358919,25.804004],[-100.358882,25.804006],[-100.358844,25.804016]]}},{"type":"Feature","properties":{"highway":"residential","osm_id":537848822},"geometry":{"type":"LineString","coordinates":[[-100.27363,25.80886],[-100.27569,25.809999],[-100.276239,25.810366],[-100.276538,25.810559],[-100.276675,25.810632],[-100.276827,25.81068],[-100.276993,25.810677]]}},{"type":"Feature","properties":{"highway":"residential","osm_id":538117747},"geometry":{"type":"LineString","coordinates":[[-100.371365,25.808689],[-100.371332,25.808579],[-100.371281,25.808415],[-100.371237,25.808256],[-100.371133,25.807883],[-100.371021,25.807488],[-100.370891,25.807074],[-100.370771,25.806668],[-100.370643,25.806264],[-100.370581,25.806066],[-100.370532,25.805962],[-100.370498,25.805896]]}},{"type":"Feature","properties":{"highway":"residential","osm_id":538117750},"geometry":{"type":"LineString","coordinates":[[-100.368852,25.808908],[-100.36877,25.808997],[-100.368733,25.809029],[-100.368686,25.809051],[-100.368632,25.809065],[-100.368547,25.809076],[-100.368062,25.809125],[-100.367868,25.809141],[-100.367768,25.809138],[-100.367675,25.809131],[-100.367549,25.809109]]}},{"type":"Feature","properties":{"highway":"residential","osm_id":538117751},"geometry":{"type":"LineString","coordinates":[[-100.367421,25.807824],[-100.367631,25.807823],[-100.367915,25.807809],[-100.367999,25.807797],[-100.368124,25.807772],[-100.36848,25.807685],[-100.369493,25.807416],[-100.370044,25.807282],[-100.370891,25.807074],[-100.372286,25.806722],[-100.372671,25.806627],[-100.372921,25.806568],[-100.373071,25.806544],[-100.373155,25.806561],[-100.373226,25.806595],[-100.373286,25.806636],[-100.373448,25.806744]]}},{"type":"Feature","properties":{"highway":"residential","osm_id":538864874},"geometry":{"type":"LineString","coordinates":[[-100.288636,25.803598],[-100.288079,25.80362],[-100.28755,25.803638],[-100.286616,25.803688]]}},{"type":"Feature","properties":{"highway":"residential","osm_id":538864876},"geometry":{"type":"LineString","coordinates":[[-100.290109,25.809409],[-100.289646,25.80943],[-100.289627,25.809427]]}},{"type":"Feature","properties":{"highway":"residential","osm_id":538864877},"geometry":{"type":"LineString","coordinates":[[-100.2888,25.8094],[-100.289181,25.809362]]}},{"type":"Feature","properties":{"highway":"residential","osm_id":538875089},"geometry":{"type":"LineString","coordinates":[[-100.369708,25.802254],[-100.369251,25.801821]]}},{"type":"Feature","properties":{"highway":"residential","osm_id":538875092},"geometry":{"type":"LineString","coordinates":[[-100.3681,25.80647],[-100.368133,25.806115],[-100.368158,25.806043],[-100.368194,25.805998]]}},{"type":"Feature","properties":{"highway":"residential","osm_id":538875094},"geometry":{"type":"LineString","coordinates":[[-100.367308,25.806685],[-100.367747,25.806558],[-100.3681,25.80647],[-100.369125,25.806218],[-100.369458,25.806132],[-100.370206,25.805965],[-100.370498,25.805896]]}},{"type":"Feature","properties":{"highway":"residential","osm_id":538875095},"geometry":{"type":"LineString","coordinates":[[-100.369217,25.805726],[-100.368949,25.805341],[-100.368711,25.804977],[-100.368489,25.804621],[-100.36825,25.804265],[-100.368036,25.803954],[-100.367979,25.803875],[-100.367817,25.803623],[-100.367742,25.80351],[-100.367543,25.803291],[-100.367622,25.803013]]}},{"type":"Feature","properties":{"highway":"residential","osm_id":538875097},"geometry":{"type":"LineString","coordinates":[[-100.368194,25.805998],[-100.36825,25.805969],[-100.368365,25.805941],[-100.368732,25.805859],[-100.368979,25.805794],[-100.369217,25.805726]]}},{"type":"Feature","properties":{"highway":"residential","osm_id":538875101},"geometry":{"type":"LineString","coordinates":[[-100.36717,25.800696],[-100.368261,25.801062],[-100.368417,25.801122]]}},{"type":"Feature","properties":{"highway":"residential","osm_id":538875103},"geometry":{"type":"LineString","coordinates":[[-100.368261,25.801501],[-100.36818,25.801445],[-100.368109,25.801411],[-100.367646,25.801258],[-100.36705,25.801054]]}},{"type":"Feature","properties":{"highway":"residential","osm_id":538875105},"geometry":{"type":"LineString","coordinates":[[-100.367622,25.803013],[-100.367656,25.802892],[-100.367803,25.802546],[-100.367953,25.802188],[-100.368067,25.801938],[-100.368111,25.801836],[-100.368261,25.801501],[-100.368417,25.801122],[-100.368489,25.800957],[-100.36862,25.800645],[-100.368803,25.80023],[-100.369001,25.799776],[-100.369026,25.799712],[-100.369174,25.799382],[-100.369344,25.798963]]}},{"type":"Feature","properties":{"highway":"residential","osm_id":538875113},"geometry":{"type":"LineString","coordinates":[[-100.365787,25.802379],[-100.365821,25.802361],[-100.366154,25.802256],[-100.366546,25.802143],[-100.366606,25.80212],[-100.366735,25.801784]]}},{"type":"Feature","properties":{"highway":"residential","osm_id":538875115},"geometry":{"type":"LineString","coordinates":[[-100.366735,25.801784],[-100.366894,25.801402]]}},{"type":"Feature","properties":{"highway":"tertiary","osm_id":539328937},"geometry":{"type":"LineString","coordinates":[[-100.370542,25.800578],[-100.370102,25.800854],[-100.369932,25.801006],[-100.369779,25.801136],[-100.369444,25.801428],[-100.369108,25.801725],[-100.368797,25.802001],[-100.368459,25.8023],[-100.367622,25.803013],[-100.367026,25.803477],[-100.366674,25.803761],[-100.366345,25.804023]]}},{"type":"Feature","properties":{"highway":"residential","osm_id":539328939},"geometry":{"type":"LineString","coordinates":[[-100.368009,25.79931],[-100.368045,25.799362],[-100.368094,25.799397],[-100.368172,25.799429],[-100.368584,25.799563],[-100.368842,25.799651],[-100.368911,25.799689],[-100.368957,25.799729],[-100.369001,25.799776]]}},{"type":"Feature","properties":{"highway":"residential","osm_id":539328942},"geometry":{"type":"LineString","coordinates":[[-100.369174,25.799382],[-100.369088,25.799323],[-100.368979,25.799277],[-100.368428,25.799101],[-100.367932,25.798935]]}},{"type":"Feature","properties":{"highway":"residential","osm_id":539328943},"geometry":{"type":"LineString","coordinates":[[-100.367622,25.798421],[-100.367813,25.798483],[-100.367969,25.79854],[-100.368116,25.798591],[-100.368375,25.798672],[-100.368704,25.798779],[-100.368914,25.798859],[-100.369047,25.798895],[-100.36915,25.798911],[-100.369281,25.798909]]}},{"type":"Feature","properties":{"highway":"residential","osm_id":539329155},"geometry":{"type":"LineString","coordinates":[[-100.287528,25.806934],[-100.287773,25.806912],[-100.288007,25.8069],[-100.288216,25.806904],[-100.288678,25.806915],[-100.288802,25.806918],[-100.28905,25.806915],[-100.289375,25.806907],[-100.28982,25.806905]]}},{"type":"Feature","properties":{"highway":"residential","osm_id":539329156},"geometry":{"type":"LineString","coordinates":[[-100.285925,25.808073],[-100.285956,25.80836],[-100.285996,25.809003],[-100.286093,25.810028]]}},{"type":"Feature","properties":{"highway":"residential","osm_id":539329157},"geometry":{"type":"LineString","coordinates":[[-100.285925,25.808073],[-100.287022,25.807968],[-100.287466,25.807931],[-100.288618,25.80787]]}},{"type":"Feature","properties":{"highway":"residential","osm_id":539329158},"geometry":{"type":"LineString","coordinates":[[-100.284979,25.808973],[-100.284961,25.80893],[-100.284942,25.808912],[-100.284924,25.808901],[-100.284391,25.808825]]}},{"type":"Feature","properties":{"highway":"residential","osm_id":539329160},"geometry":{"type":"LineString","coordinates":[[-100.288618,25.80787],[-100.288669,25.807855],[-100.288689,25.807837],[-100.2887,25.807802],[-100.288678,25.806915]]}},{"type":"Feature","properties":{"highway":"residential","osm_id":539329161},"geometry":{"type":"LineString","coordinates":[[-100.2867,25.805179],[-100.286198,25.805222],[-100.285712,25.805243]]}},{"type":"Feature","properties":{"highway":"residential","osm_id":539503037},"geometry":{"type":"LineString","coordinates":[[-100.424106,25.841574],[-100.424152,25.841657],[-100.424327,25.841981],[-100.425126,25.842816],[-100.425228,25.842923]]}},{"type":"Feature","properties":{"highway":"residential","osm_id":539505562},"geometry":{"type":"LineString","coordinates":[[-100.427172,25.842171],[-100.426232,25.843072]]}},{"type":"Feature","properties":{"highway":"residential","osm_id":539505564},"geometry":{"type":"LineString","coordinates":[[-100.424106,25.841574],[-100.423732,25.841732]]}},{"type":"Feature","properties":{"highway":"residential","osm_id":539510285},"geometry":{"type":"LineString","coordinates":[[-100.423295,25.84277],[-100.424139,25.842384]]}},{"type":"Feature","properties":{"highway":"residential","osm_id":539510286},"geometry":{"type":"LineString","coordinates":[[-100.423104,25.842419],[-100.423909,25.842074]]}},{"type":"Feature","properties":{"highway":"residential","osm_id":539510287},"geometry":{"type":"LineString","coordinates":[[-100.42367,25.843459],[-100.423475,25.843102],[-100.423295,25.84277],[-100.423104,25.842419],[-100.422922,25.842084],[-100.422828,25.841911]]}},{"type":"Feature","properties":{"highway":"residential","osm_id":539517257},"geometry":{"type":"LineString","coordinates":[[-100.427487,25.844929],[-100.42781,25.844667]]}},{"type":"Feature","properties":{"highway":"residential","osm_id":539522330},"geometry":{"type":"LineString","coordinates":[[-100.426809,25.84499],[-100.427113,25.844727]]}},{"type":"Feature","properties":{"highway":"residential","osm_id":539522332},"geometry":{"type":"LineString","coordinates":[[-100.425308,25.843554],[-100.425421,25.843657],[-100.425503,25.843741],[-100.426288,25.844543],[-100.426745,25.844928],[-100.426809,25.84499],[-100.427029,25.845219],[-100.427425,25.84559],[-100.427539,25.84569]]}},{"type":"Feature","properties":{"highway":"residential","osm_id":539522335},"geometry":{"type":"LineString","coordinates":[[-100.425421,25.843657],[-100.425,25.843817]]}},{"type":"Feature","properties":{"highway":"residential","osm_id":539522728},"geometry":{"type":"LineString","coordinates":[[-100.427029,25.845219],[-100.426318,25.845236],[-100.425919,25.845251]]}},{"type":"Feature","properties":{"highway":"residential","osm_id":539522730},"geometry":{"type":"LineString","coordinates":[[-100.424886,25.843716],[-100.425,25.843817],[-100.425773,25.844574],[-100.425862,25.844714],[-100.425889,25.844843],[-100.425919,25.845251],[-100.425913,25.845614],[-100.425902,25.845989],[-100.425904,25.846184]]}},{"type":"Feature","properties":{"highway":"residential","osm_id":539522733},"geometry":{"type":"LineString","coordinates":[[-100.427425,25.84559],[-100.425913,25.845614]]}},{"type":"Feature","properties":{"highway":"residential","osm_id":539522734},"geometry":{"type":"LineString","coordinates":[[-100.426318,25.845236],[-100.426288,25.844543]]}},{"type":"Feature","properties":{"highway":"residential","osm_id":539523522},"geometry":{"type":"LineString","coordinates":[[-100.275145,25.801094],[-100.275047,25.801078],[-100.274966,25.801062],[-100.274873,25.801037],[-100.274726,25.800982],[-100.27411,25.800747],[-100.273314,25.800431]]}},{"type":"Feature","properties":{"highway":"residential","osm_id":539523523},"geometry":{"type":"LineString","coordinates":[[-100.27276,25.801452],[-100.272359,25.801291]]}},{"type":"Feature","properties":{"highway":"residential","osm_id":539523524},"geometry":{"type":"LineString","coordinates":[[-100.273276,25.800479],[-100.273133,25.800762],[-100.272958,25.801107],[-100.27276,25.801452],[-100.272585,25.801788],[-100.272407,25.802146],[-100.272248,25.802496],[-100.27215,25.802678],[-100.272072,25.802811],[-100.272048,25.802852]]}},{"type":"Feature","properties":{"highway":"residential","osm_id":539523525},"geometry":{"type":"LineString","coordinates":[[-100.270899,25.80376],[-100.27086,25.803888],[-100.270821,25.803983],[-100.270771,25.804104],[-100.27074,25.804187],[-100.27065,25.80438]]}},{"type":"Feature","properties":{"highway":"residential","osm_id":539532937},"geometry":{"type":"LineString","coordinates":[[-100.360281,25.806846],[-100.359967,25.807451],[-100.359891,25.807607],[-100.359845,25.807731],[-100.359808,25.80788],[-100.359757,25.808135]]}},{"type":"Feature","properties":{"highway":"residential","osm_id":539532938},"geometry":{"type":"LineString","coordinates":[[-100.366014,25.804285],[-100.365948,25.804096],[-100.365836,25.803816],[-100.365751,25.803626],[-100.365693,25.803513],[-100.36558,25.803252],[-100.365515,25.803066],[-100.365508,25.803026],[-100.365509,25.803003],[-100.365514,25.802975],[-100.365529,25.802937],[-100.365537,25.80291],[-100.365537,25.802878],[-100.365527,25.802839],[-100.365475,25.802735],[-100.365447,25.802665],[-100.365367,25.802427]]}},{"type":"Feature","properties":{"highway":"residential","osm_id":539532939},"geometry":{"type":"LineString","coordinates":[[-100.365878,25.802747],[-100.365629,25.802737],[-100.365475,25.802735],[-100.36523,25.802727],[-100.365031,25.802729],[-100.364749,25.80274],[-100.364536,25.802751]]}},{"type":"Feature","properties":{"highway":"residential","osm_id":539532940},"geometry":{"type":"LineString","coordinates":[[-100.365751,25.803626],[-100.365613,25.803652],[-100.365539,25.803634],[-100.365461,25.803601],[-100.365364,25.803551],[-100.365244,25.803491],[-100.365164,25.803429],[-100.365051,25.803336],[-100.364908,25.803209],[-100.36461,25.802841],[-100.364536,25.802751]]}},{"type":"Feature","properties":{"highway":"residential","osm_id":539532941},"geometry":{"type":"LineString","coordinates":[[-100.363064,25.804468],[-100.363129,25.804276],[-100.363187,25.804058],[-100.363272,25.803837],[-100.363358,25.803743],[-100.363414,25.803633],[-100.363479,25.803483],[-100.363639,25.8031],[-100.363757,25.802747]]}},{"type":"Feature","properties":{"highway":"residential","osm_id":539532942},"geometry":{"type":"LineString","coordinates":[[-100.364644,25.805149],[-100.364622,25.805101],[-100.364429,25.804601],[-100.364188,25.804048],[-100.363934,25.803522]]}},{"type":"Feature","properties":{"highway":"residential","osm_id":539532943},"geometry":{"type":"LineString","coordinates":[[-100.364536,25.802751],[-100.364194,25.802749],[-100.363757,25.802747],[-100.363605,25.802744],[-100.363478,25.802742],[-100.363333,25.802735],[-100.363221,25.802732],[-100.363073,25.80273]]}},{"type":"Feature","properties":{"highway":"residential","osm_id":539532946},"geometry":{"type":"LineString","coordinates":[[-100.363272,25.803837],[-100.363157,25.803802],[-100.363024,25.803779],[-100.362804,25.803753],[-100.362612,25.803721],[-100.362408,25.803697],[-100.362229,25.803686]]}},{"type":"Feature","properties":{"highway":"residential","osm_id":539532947},"geometry":{"type":"LineString","coordinates":[[-100.363479,25.803483],[-100.363377,25.803455],[-100.363274,25.803438],[-100.363159,25.803422],[-100.362768,25.803433],[-100.362661,25.803416],[-100.362578,25.803376],[-100.362504,25.803357],[-100.362385,25.803353],[-100.362257,25.803359],[-100.362088,25.803383],[-100.361804,25.803462]]}},{"type":"Feature","properties":{"highway":"residential","osm_id":539532948},"geometry":{"type":"LineString","coordinates":[[-100.363159,25.803422],[-100.363172,25.803309],[-100.363181,25.803152],[-100.363174,25.803052],[-100.363243,25.802978],[-100.36334,25.802878],[-100.363478,25.802742]]}},{"type":"Feature","properties":{"highway":"residential","osm_id":539532949},"geometry":{"type":"LineString","coordinates":[[-100.363174,25.803052],[-100.363093,25.803078],[-100.36301,25.803103],[-100.362914,25.803108],[-100.362812,25.803104],[-100.362615,25.803075],[-100.362527,25.803046],[-100.362445,25.803032],[-100.36236,25.803034],[-100.36228,25.803045],[-100.362169,25.80307],[-100.362042,25.803101],[-100.361877,25.803118],[-100.361689,25.803144]]}},{"type":"Feature","properties":{"highway":"residential","osm_id":539532950},"geometry":{"type":"LineString","coordinates":[[-100.361507,25.803873],[-100.361129,25.804008],[-100.360667,25.804178],[-100.360297,25.804283],[-100.359902,25.804405]]}},{"type":"Feature","properties":{"highway":"residential","osm_id":539532951},"geometry":{"type":"LineString","coordinates":[[-100.359892,25.804102],[-100.359921,25.80409],[-100.359964,25.804084],[-100.360028,25.804076],[-100.360096,25.804056],[-100.360183,25.804015],[-100.360277,25.803955],[-100.360355,25.803885],[-100.360478,25.803751],[-100.360524,25.803678],[-100.360553,25.803607]]}},{"type":"Feature","properties":{"highway":"residential","osm_id":539532956},"geometry":{"type":"LineString","coordinates":[[-100.359064,25.809863],[-100.359089,25.809879],[-100.359122,25.809889],[-100.359449,25.809914],[-100.359863,25.809951],[-100.360269,25.809999],[-100.360688,25.810036],[-100.361107,25.810076],[-100.361521,25.810121],[-100.361805,25.810143],[-100.362019,25.810145],[-100.362364,25.810136],[-100.362765,25.81011],[-100.363411,25.810046],[-100.363764,25.810003],[-100.364206,25.809951],[-100.364564,25.809885],[-100.364946,25.809789],[-100.365208,25.809715],[-100.365415,25.809627],[-100.365649,25.809497],[-100.36602,25.80928],[-100.366234,25.809131]]}},{"type":"Feature","properties":{"highway":"residential","osm_id":539532957},"geometry":{"type":"LineString","coordinates":[[-100.361107,25.810076],[-100.361184,25.809568],[-100.361226,25.809272],[-100.361261,25.809002],[-100.361326,25.808506]]}},{"type":"Feature","properties":{"highway":"residential","osm_id":539532962},"geometry":{"type":"LineString","coordinates":[[-100.360269,25.809999],[-100.360462,25.80862],[-100.360498,25.808397]]}},{"type":"Feature","properties":{"highway":"residential","osm_id":539532964},"geometry":{"type":"LineString","coordinates":[[-100.360917,25.808454],[-100.360817,25.809207],[-100.360688,25.810036]]}},{"type":"Feature","properties":{"highway":"residential","osm_id":539532965},"geometry":{"type":"LineString","coordinates":[[-100.363716,25.809634],[-100.363764,25.810003]]}},{"type":"Feature","properties":{"highway":"residential","osm_id":539725314},"geometry":{"type":"LineString","coordinates":[[-100.423732,25.841732],[-100.423777,25.841819],[-100.423909,25.842074],[-100.423993,25.842237],[-100.424139,25.842384],[-100.424435,25.842681],[-100.424571,25.842817]]}},{"type":"Feature","properties":{"highway":"residential","osm_id":539725316},"geometry":{"type":"LineString","coordinates":[[-100.424435,25.842681],[-100.423475,25.843102]]}},{"type":"Feature","properties":{"highway":"residential","osm_id":539726353},"geometry":{"type":"LineString","coordinates":[[-100.426512,25.843355],[-100.427459,25.842442]]}},{"type":"Feature","properties":{"highway":"residential","osm_id":539726355},"geometry":{"type":"LineString","coordinates":[[-100.427075,25.843924],[-100.428043,25.842996]]}},{"type":"Feature","properties":{"highway":"residential","osm_id":539726357},"geometry":{"type":"LineString","coordinates":[[-100.427356,25.844209],[-100.42833,25.843268]]}},{"type":"Feature","properties":{"highway":"residential","osm_id":539726359},"geometry":{"type":"LineString","coordinates":[[-100.427639,25.844494],[-100.428617,25.84354]]}},{"type":"Feature","properties":{"highway":"residential","osm_id":539726360},"geometry":{"type":"LineString","coordinates":[[-100.427924,25.844782],[-100.42891,25.843817]]}},{"type":"Feature","properties":{"highway":"residential","osm_id":539726362},"geometry":{"type":"LineString","coordinates":[[-100.428201,25.845062],[-100.429199,25.844091]]}},{"type":"Feature","properties":{"highway":"residential","osm_id":539726364},"geometry":{"type":"LineString","coordinates":[[-100.426795,25.843641],[-100.427749,25.842718]]}},{"type":"Feature","properties":{"highway":"tertiary","osm_id":539743093},"geometry":{"type":"LineString","coordinates":[[-100.406974,25.840232],[-100.406682,25.84041],[-100.404931,25.841478],[-100.403719,25.842207],[-100.403634,25.842248],[-100.402032,25.843215],[-100.401652,25.843442],[-100.401508,25.84353],[-100.400983,25.843858],[-100.399434,25.844814]]}},{"type":"Feature","properties":{"highway":"residential","osm_id":539743479},"geometry":{"type":"LineString","coordinates":[[-100.379478,25.79945],[-100.379367,25.799425]]}},{"type":"Feature","properties":{"highway":"residential","osm_id":539743481},"geometry":{"type":"LineString","coordinates":[[-100.380648,25.798454],[-100.38018,25.797442],[-100.380071,25.797212],[-100.379887,25.796801],[-100.379712,25.796379],[-100.379537,25.795974],[-100.379391,25.795599],[-100.379246,25.795224],[-100.379149,25.794974]]}},{"type":"Feature","properties":{"highway":"residential","osm_id":539748087},"geometry":{"type":"LineString","coordinates":[[-100.39525,25.845744],[-100.395672,25.845572]]}},{"type":"Feature","properties":{"highway":"residential","osm_id":539750774},"geometry":{"type":"LineString","coordinates":[[-100.396494,25.842551],[-100.396432,25.842556],[-100.396386,25.842541],[-100.396357,25.842509],[-100.396307,25.842424],[-100.39628,25.842309]]}},{"type":"Feature","properties":{"highway":"residential","osm_id":539755547},"geometry":{"type":"LineString","coordinates":[[-100.404115,25.842564],[-100.404077,25.842516],[-100.404031,25.842471],[-100.403983,25.84243],[-100.403913,25.842371],[-100.403847,25.842335],[-100.40374,25.842288],[-100.403689,25.842267],[-100.403634,25.842248]]}},{"type":"Feature","properties":{"highway":"residential","osm_id":540270311},"geometry":{"type":"LineString","coordinates":[[-100.425644,25.841299],[-100.425853,25.841514]]}},{"type":"Feature","properties":{"highway":"residential","osm_id":540270312},"geometry":{"type":"LineString","coordinates":[[-100.425737,25.840853],[-100.425704,25.84085],[-100.425672,25.840857],[-100.424583,25.841371],[-100.424427,25.841444]]}},{"type":"Feature","properties":{"highway":"residential","osm_id":540282470},"geometry":{"type":"LineString","coordinates":[[-100.403866,25.842718],[-100.404188,25.843462],[-100.404753,25.844632],[-100.404861,25.844909],[-100.404899,25.845093]]}},{"type":"Feature","properties":{"highway":"residential","osm_id":540284875},"geometry":{"type":"LineString","coordinates":[[-100.397484,25.839929],[-100.397487,25.839972],[-100.397554,25.840138],[-100.397597,25.840206],[-100.397628,25.840227]]}},{"type":"Feature","properties":{"highway":"tertiary","osm_id":540292133},"geometry":{"type":"LineString","coordinates":[[-100.376582,25.794304],[-100.376545,25.794607],[-100.376498,25.794792],[-100.376442,25.794915],[-100.376362,25.79504],[-100.376232,25.795203],[-100.375939,25.795491],[-100.375635,25.795782],[-100.375277,25.796117],[-100.37494,25.796437],[-100.374605,25.796755],[-100.374298,25.797039],[-100.374257,25.797076],[-100.373713,25.797599],[-100.373198,25.798089],[-100.373161,25.798125],[-100.372861,25.798412],[-100.372463,25.798774],[-100.371962,25.799245],[-100.371667,25.799522],[-100.370816,25.800321],[-100.370542,25.800578]]}},{"type":"Feature","properties":{"highway":"residential","osm_id":540292137},"geometry":{"type":"LineString","coordinates":[[-100.375847,25.795464],[-100.375844,25.795365],[-100.375841,25.795243],[-100.375831,25.79431]]}},{"type":"Feature","properties":{"highway":"residential","osm_id":540292151},"geometry":{"type":"LineString","coordinates":[[-100.375831,25.79431],[-100.375647,25.794289],[-100.375238,25.79425],[-100.375004,25.794235],[-100.374931,25.794229],[-100.374842,25.794212],[-100.374731,25.794188],[-100.374616,25.794154],[-100.374533,25.794124],[-100.374461,25.794103],[-100.374358,25.794081],[-100.374243,25.794059],[-100.374077,25.794036]]}},{"type":"Feature","properties":{"highway":"residential","osm_id":540506223},"geometry":{"type":"LineString","coordinates":[[-100.399704,25.848498],[-100.40134,25.847513]]}},{"type":"Feature","properties":{"highway":"residential","osm_id":540543034},"geometry":{"type":"LineString","coordinates":[[-100.366715,25.829642],[-100.366759,25.829268],[-100.366785,25.828896],[-100.366817,25.828507],[-100.366846,25.828125],[-100.366866,25.827749],[-100.366877,25.827379],[-100.366875,25.826996],[-100.366871,25.826624],[-100.366864,25.826237],[-100.366861,25.825842],[-100.366768,25.824396],[-100.366739,25.824025],[-100.366714,25.823641],[-100.366664,25.82299]]}},{"type":"Feature","properties":{"highway":"tertiary","osm_id":540543036},"geometry":{"type":"LineString","coordinates":[[-100.364623,25.829572],[-100.364622,25.82945],[-100.364635,25.829323],[-100.364661,25.829196],[-100.364718,25.829022],[-100.364789,25.828837],[-100.36487,25.828648],[-100.364979,25.828422],[-100.365164,25.82805],[-100.365316,25.82769],[-100.365419,25.82732],[-100.365502,25.826945],[-100.36555,25.826581],[-100.365563,25.826194],[-100.365567,25.825796],[-100.365546,25.82533],[-100.365481,25.824607],[-100.365439,25.824232],[-100.365377,25.823829],[-100.365312,25.823438],[-100.36527,25.823209]]}},{"type":"Feature","properties":{"highway":"residential","osm_id":540543037},"geometry":{"type":"LineString","coordinates":[[-100.366701,25.831578],[-100.365503,25.831627],[-100.365305,25.831638]]}},{"type":"Feature","properties":{"highway":"residential","osm_id":540543038},"geometry":{"type":"LineString","coordinates":[[-100.367102,25.834081],[-100.365832,25.834135],[-100.365755,25.83414],[-100.36571,25.834144],[-100.365679,25.834153],[-100.365657,25.834163]]}},{"type":"Feature","properties":{"highway":"residential","osm_id":540543039},"geometry":{"type":"LineString","coordinates":[[-100.36747,25.83789],[-100.367417,25.837505],[-100.367312,25.837127],[-100.367182,25.836735],[-100.367067,25.836371],[-100.36699,25.835976],[-100.366952,25.835626],[-100.36694,25.835241],[-100.36697,25.834838],[-100.367034,25.834469],[-100.367102,25.834081],[-100.367141,25.833691],[-100.367134,25.833297],[-100.367119,25.833133],[-100.367058,25.832689],[-100.366965,25.832314],[-100.366815,25.831934],[-100.366701,25.831578],[-100.366631,25.831196],[-100.366586,25.830815],[-100.366572,25.830442]]}},{"type":"Feature","properties":{"highway":"residential","osm_id":540543040},"geometry":{"type":"LineString","coordinates":[[-100.36747,25.83789],[-100.369175,25.837802],[-100.369267,25.837802],[-100.369307,25.837808],[-100.369338,25.837817],[-100.369355,25.837828]]}},{"type":"Feature","properties":{"highway":"residential","osm_id":540838138},"geometry":{"type":"LineString","coordinates":[[-100.392107,25.844572],[-100.391609,25.844755],[-100.390689,25.845099]]}},{"type":"Feature","properties":{"highway":"residential","osm_id":540838142},"geometry":{"type":"LineString","coordinates":[[-100.392197,25.843715],[-100.391823,25.84386]]}},{"type":"Feature","properties":{"highway":"residential","osm_id":540839818},"geometry":{"type":"LineString","coordinates":[[-100.392511,25.844416],[-100.392107,25.844572]]}},{"type":"Feature","properties":{"highway":"residential","osm_id":540839819},"geometry":{"type":"LineString","coordinates":[[-100.392511,25.844416],[-100.392358,25.84407]]}},{"type":"Feature","properties":{"highway":"residential","osm_id":540839820},"geometry":{"type":"LineString","coordinates":[[-100.390689,25.845099],[-100.390514,25.844731]]}},{"type":"Feature","properties":{"highway":"residential","osm_id":540839821},"geometry":{"type":"LineString","coordinates":[[-100.391965,25.84421],[-100.39213,25.844151]]}},{"type":"Feature","properties":{"highway":"residential","osm_id":540839824},"geometry":{"type":"LineString","coordinates":[[-100.390123,25.843853],[-100.39008,25.843759],[-100.390076,25.843717],[-100.390086,25.843686]]}},{"type":"Feature","properties":{"highway":"residential","osm_id":540839825},"geometry":{"type":"LineString","coordinates":[[-100.393416,25.842661],[-100.393376,25.842581],[-100.393335,25.842542],[-100.393284,25.842521]]}},{"type":"Feature","properties":{"highway":"residential","osm_id":540845211},"geometry":{"type":"LineString","coordinates":[[-100.397912,25.850039],[-100.39752,25.850266],[-100.396445,25.850923],[-100.396239,25.851031],[-100.396051,25.851145],[-100.395888,25.851248],[-100.395698,25.851367],[-100.394604,25.852019],[-100.394244,25.852234]]}},{"type":"Feature","properties":{"highway":"residential","osm_id":540845235},"geometry":{"type":"LineString","coordinates":[[-100.394027,25.851271],[-100.393655,25.851478]]}},{"type":"Feature","properties":{"highway":"residential","osm_id":540845247},"geometry":{"type":"LineString","coordinates":[[-100.393173,25.850839],[-100.393561,25.850631]]}},{"type":"Feature","properties":{"highway":"residential","osm_id":540850322},"geometry":{"type":"LineString","coordinates":[[-100.393183,25.851519],[-100.393492,25.851996]]}},{"type":"Feature","properties":{"highway":"residential","osm_id":540850323},"geometry":{"type":"LineString","coordinates":[[-100.390729,25.85119],[-100.391271,25.851342],[-100.391789,25.851491],[-100.392276,25.851629],[-100.392775,25.851782],[-100.393299,25.851938],[-100.393492,25.851996],[-100.39399,25.852145],[-100.394244,25.852234]]}},{"type":"Feature","properties":{"highway":"residential","osm_id":541164939},"geometry":{"type":"LineString","coordinates":[[-100.399474,25.848189],[-100.397447,25.849411]]}},{"type":"Feature","properties":{"highway":"residential","osm_id":541164941},"geometry":{"type":"LineString","coordinates":[[-100.40134,25.847513],[-100.403059,25.846486]]}},{"type":"Feature","properties":{"highway":"residential","osm_id":541169184},"geometry":{"type":"LineString","coordinates":[[-100.388192,25.845582],[-100.38834,25.845946]]}},{"type":"Feature","properties":{"highway":"residential","osm_id":541174797},"geometry":{"type":"LineString","coordinates":[[-100.384181,25.848349],[-100.384175,25.848358],[-100.384163,25.848367],[-100.38275,25.848855],[-100.382652,25.848881]]}},{"type":"Feature","properties":{"highway":"tertiary","osm_id":541185276},"geometry":{"type":"LineString","coordinates":[[-100.372347,25.832898],[-100.372149,25.832907],[-100.371719,25.832927],[-100.371314,25.832945],[-100.371126,25.832953],[-100.37069,25.832973],[-100.370447,25.832984],[-100.369936,25.833006],[-100.369663,25.833019],[-100.369355,25.833033],[-100.367119,25.833133],[-100.36485,25.833235],[-100.364745,25.833239]]}},{"type":"Feature","properties":{"highway":"residential","osm_id":541185277},"geometry":{"type":"LineString","coordinates":[[-100.371314,25.832945],[-100.371275,25.832259],[-100.371268,25.832158],[-100.371255,25.832071],[-100.371235,25.832012]]}},{"type":"Feature","properties":{"highway":"tertiary","osm_id":541185278},"geometry":{"type":"LineString","coordinates":[[-100.364754,25.833401],[-100.364855,25.833397],[-100.367134,25.833297],[-100.369371,25.833199],[-100.36993,25.833174],[-100.370446,25.833151],[-100.370684,25.833141],[-100.371118,25.833122],[-100.37132,25.833113],[-100.371725,25.833095],[-100.372153,25.833076],[-100.372372,25.833067]]}},{"type":"Feature","properties":{"highway":"residential","osm_id":541185279},"geometry":{"type":"LineString","coordinates":[[-100.371235,25.832012],[-100.371214,25.832068],[-100.371196,25.832162],[-100.371182,25.832271],[-100.371126,25.832953]]}},{"type":"Feature","properties":{"highway":"residential","osm_id":541185280},"geometry":{"type":"LineString","coordinates":[[-100.370825,25.83925],[-100.370405,25.839234]]}},{"type":"Feature","properties":{"highway":"residential","osm_id":541185281},"geometry":{"type":"LineString","coordinates":[[-100.373134,25.841875],[-100.373192,25.842897]]}},{"type":"Feature","properties":{"highway":"residential","osm_id":541185282},"geometry":{"type":"LineString","coordinates":[[-100.372699,25.841886],[-100.372769,25.843221]]}},{"type":"Feature","properties":{"highway":"tertiary","osm_id":541187798},"geometry":{"type":"LineString","coordinates":[[-100.374396,25.839155],[-100.374292,25.837366],[-100.374271,25.836906],[-100.374263,25.836795],[-100.374231,25.83633],[-100.374064,25.833449],[-100.374031,25.832981],[-100.374019,25.832809]]}},{"type":"Feature","properties":{"highway":"residential","osm_id":541189564},"geometry":{"type":"LineString","coordinates":[[-100.378537,25.838973],[-100.378139,25.83899],[-100.376612,25.839063],[-100.375086,25.839132],[-100.374685,25.839155],[-100.374396,25.839155]]}},{"type":"Feature","properties":{"highway":"residential","osm_id":541439840},"geometry":{"type":"LineString","coordinates":[[-100.401385,25.843277],[-100.401558,25.843203]]}},{"type":"Feature","properties":{"highway":"residential","osm_id":559177872},"geometry":{"type":"LineString","coordinates":[[-100.270509,25.805672],[-100.270124,25.805663],[-100.27009,25.805652],[-100.270074,25.805634],[-100.270064,25.805588],[-100.270033,25.805011],[-100.270015,25.804535]]}},{"type":"Feature","properties":{"highway":"residential","osm_id":563163406},"geometry":{"type":"LineString","coordinates":[[-100.265556,25.806615],[-100.265606,25.80699],[-100.265647,25.80723],[-100.265668,25.807377],[-100.265707,25.807592],[-100.265734,25.807741],[-100.265799,25.808122],[-100.265856,25.808447],[-100.265846,25.808487]]}},{"type":"Feature","properties":{"highway":"residential","osm_id":563163407},"geometry":{"type":"LineString","coordinates":[[-100.264993,25.808569],[-100.264968,25.80852],[-100.26492,25.808231]]}},{"type":"Feature","properties":{"highway":"residential","osm_id":563163408},"geometry":{"type":"LineString","coordinates":[[-100.265846,25.808487],[-100.265798,25.808507],[-100.265054,25.80859],[-100.264993,25.808569]]}},{"type":"Feature","properties":{"highway":"residential","osm_id":563163409},"geometry":{"type":"LineString","coordinates":[[-100.265967,25.806556],[-100.266057,25.807169],[-100.266114,25.807539]]}},{"type":"Feature","properties":{"highway":"tertiary","osm_id":563431981},"geometry":{"type":"LineString","coordinates":[[-100.32751,25.788841],[-100.327525,25.788687],[-100.327559,25.788479],[-100.327611,25.788138],[-100.327707,25.787664],[-100.327795,25.787223],[-100.327904,25.786742],[-100.327983,25.786282],[-100.328075,25.785823],[-100.328166,25.785373],[-100.328256,25.784922],[-100.328351,25.78445],[-100.328477,25.783958],[-100.328572,25.783461],[-100.328667,25.783],[-100.328761,25.782529],[-100.328851,25.782067],[-100.328944,25.781607],[-100.329044,25.781133],[-100.329104,25.780691],[-100.32922,25.780234],[-100.329294,25.779868],[-100.329413,25.779344],[-100.329619,25.778273],[-100.32982,25.777279],[-100.330022,25.776281],[-100.330222,25.775294],[-100.330307,25.774875],[-100.330483,25.774008],[-100.330607,25.773397],[-100.330658,25.773145],[-100.330745,25.772711],[-100.330917,25.771865],[-100.331003,25.771439]]}},{"type":"Feature","properties":{"highway":"residential","osm_id":567609100},"geometry":{"type":"LineString","coordinates":[[-100.375714,25.802281],[-100.375759,25.802293],[-100.375796,25.802308],[-100.375929,25.802373],[-100.376006,25.802404],[-100.37606,25.802417],[-100.37613,25.802433]]}},{"type":"Feature","properties":{"highway":"residential","osm_id":567621016},"geometry":{"type":"LineString","coordinates":[[-100.383798,25.846991],[-100.383618,25.847061]]}},{"type":"Feature","properties":{"highway":"residential","osm_id":567621017},"geometry":{"type":"LineString","coordinates":[[-100.387899,25.845498],[-100.387723,25.845563]]}},{"type":"Feature","properties":{"highway":"residential","osm_id":567621018},"geometry":{"type":"LineString","coordinates":[[-100.385546,25.845525],[-100.385851,25.846242],[-100.386013,25.846597],[-100.386267,25.847152],[-100.386687,25.848055],[-100.387004,25.848754],[-100.387244,25.849326],[-100.387479,25.849869],[-100.387705,25.850354],[-100.3879,25.850721],[-100.38793,25.850762],[-100.387981,25.850809]]}},{"type":"Feature","properties":{"highway":"residential","osm_id":567621019},"geometry":{"type":"LineString","coordinates":[[-100.385546,25.845525],[-100.385125,25.84567]]}},{"type":"Feature","properties":{"highway":"residential","osm_id":567621020},"geometry":{"type":"LineString","coordinates":[[-100.388713,25.84733],[-100.388539,25.847387]]}},{"type":"Feature","properties":{"highway":"residential","osm_id":567621021},"geometry":{"type":"LineString","coordinates":[[-100.396117,25.842498],[-100.395927,25.842571]]}},{"type":"Feature","properties":{"highway":"residential","osm_id":567621022},"geometry":{"type":"LineString","coordinates":[[-100.397437,25.841379],[-100.397408,25.841401],[-100.397354,25.84143],[-100.396191,25.84184]]}},{"type":"Feature","properties":{"highway":"residential","osm_id":567621023},"geometry":{"type":"LineString","coordinates":[[-100.395672,25.845572],[-100.39572,25.845668],[-100.395741,25.845696],[-100.395771,25.845718],[-100.395808,25.845726],[-100.39587,25.845716]]}},{"type":"Feature","properties":{"highway":"residential","osm_id":567621024},"geometry":{"type":"LineString","coordinates":[[-100.398843,25.844415],[-100.398811,25.844356],[-100.398789,25.844324],[-100.398732,25.844291],[-100.398678,25.844288]]}},{"type":"Feature","properties":{"highway":"residential","osm_id":567621025},"geometry":{"type":"LineString","coordinates":[[-100.397205,25.844402],[-100.397128,25.844225],[-100.397052,25.844053]]}},{"type":"Feature","properties":{"highway":"residential","osm_id":567621026},"geometry":{"type":"LineString","coordinates":[[-100.395293,25.84471],[-100.395128,25.844363]]}},{"type":"Feature","properties":{"highway":"residential","osm_id":567621027},"geometry":{"type":"LineString","coordinates":[[-100.394929,25.845043],[-100.39525,25.845744],[-100.395492,25.8463],[-100.395652,25.846688],[-100.39585,25.847149],[-100.395888,25.847247],[-100.395927,25.847334],[-100.396007,25.847476],[-100.396229,25.847754],[-100.396378,25.847955],[-100.396511,25.848154],[-100.396738,25.848467],[-100.396869,25.848634],[-100.396976,25.848782],[-100.39721,25.849094],[-100.397333,25.84927],[-100.397447,25.849411],[-100.3977,25.849747],[-100.397912,25.850039]]}},{"type":"Feature","properties":{"highway":"residential","osm_id":567621028},"geometry":{"type":"LineString","coordinates":[[-100.394929,25.845043],[-100.395362,25.844884]]}},{"type":"Feature","properties":{"highway":"residential","osm_id":567621029},"geometry":{"type":"LineString","coordinates":[[-100.394234,25.842352],[-100.3943,25.842457],[-100.394329,25.842479],[-100.39437,25.842489],[-100.394418,25.842484],[-100.394504,25.842458]]}},{"type":"Feature","properties":{"highway":"residential","osm_id":568415744},"geometry":{"type":"LineString","coordinates":[[-100.29363,25.798087],[-100.293547,25.79691],[-100.293455,25.795815]]}},{"type":"Feature","properties":{"highway":"residential","osm_id":611872105},"geometry":{"type":"LineString","coordinates":[[-100.264052,25.808785],[-100.26255,25.808465],[-100.262373,25.808428],[-100.261117,25.808166],[-100.259837,25.807913]]}},{"type":"Feature","properties":{"highway":"residential","osm_id":646481776},"geometry":{"type":"LineString","coordinates":[[-100.359274,25.809286],[-100.359269,25.809231],[-100.35928,25.809067],[-100.359295,25.808837],[-100.359349,25.808242],[-100.359369,25.808084],[-100.35944,25.807477],[-100.359536,25.806609],[-100.359603,25.805947],[-100.359661,25.805194],[-100.359692,25.804839],[-100.359747,25.804478],[-100.359775,25.804365],[-100.359787,25.804322],[-100.359806,25.80429],[-100.359868,25.804228],[-100.35987,25.804165],[-100.359878,25.804124],[-100.359892,25.804102]]}},{"type":"Feature","properties":{"highway":"tertiary","osm_id":651605510},"geometry":{"type":"LineString","coordinates":[[-100.377413,25.788928],[-100.377344,25.789335],[-100.377276,25.789809],[-100.377077,25.791124],[-100.376999,25.791554],[-100.376983,25.791649],[-100.376924,25.791999],[-100.376857,25.792437],[-100.376851,25.792481],[-100.376798,25.792893],[-100.376778,25.793033],[-100.376733,25.793307],[-100.37666,25.793747],[-100.376619,25.79401],[-100.376582,25.794304]]}},{"type":"Feature","properties":{"highway":"residential","osm_id":665904151},"geometry":{"type":"LineString","coordinates":[[-100.376242,25.794259],[-100.376238,25.794127],[-100.376236,25.793976],[-100.376235,25.793615],[-100.376228,25.79349],[-100.376226,25.793355],[-100.376237,25.793182],[-100.376259,25.793029]]}},{"type":"Feature","properties":{"highway":"residential","osm_id":683844788},"geometry":{"type":"LineString","coordinates":[[-100.384869,25.800041],[-100.384846,25.800022],[-100.384838,25.800007],[-100.384835,25.799982],[-100.38484,25.799952],[-100.384893,25.79979],[-100.384922,25.79972],[-100.385086,25.799377]]}},{"type":"Feature","properties":{"highway":"primary","osm_id":690904864},"geometry":{"type":"LineString","coordinates":[[-100.293581,25.800659],[-100.293562,25.800408],[-100.293556,25.800274]]}},{"type":"Feature","properties":{"highway":"primary","osm_id":690904872},"geometry":{"type":"LineString","coordinates":[[-100.293499,25.800276],[-100.293507,25.800395],[-100.293526,25.80067]]}},{"type":"Feature","properties":{"highway":"primary","osm_id":690904875},"geometry":{"type":"LineString","coordinates":[[-100.294189,25.809857],[-100.294329,25.811487],[-100.294337,25.811579],[-100.294381,25.812142],[-100.294413,25.812643],[-100.294424,25.812763],[-100.294469,25.813503],[-100.294472,25.813539],[-100.294562,25.814565],[-100.294628,25.815282],[-100.29464,25.815417],[-100.29468,25.81591],[-100.294715,25.816349],[-100.294725,25.816476]]}},{"type":"Feature","properties":{"highway":"service","osm_id":690904887},"geometry":{"type":"LineString","coordinates":[[-100.294472,25.813539],[-100.294651,25.813522]]}},{"type":"Feature","properties":{"highway":"service","osm_id":690904890},"geometry":{"type":"LineString","coordinates":[[-100.294922,25.819129],[-100.294742,25.819147],[-100.294632,25.819187],[-100.294539,25.819245],[-100.294289,25.819469]]}},{"type":"Feature","properties":{"highway":"tertiary","osm_id":690912243},"geometry":{"type":"LineString","coordinates":[[-100.38353,25.799483],[-100.383925,25.799796],[-100.384443,25.800209],[-100.384546,25.800297],[-100.384591,25.800343],[-100.384633,25.800392]]}},{"type":"Feature","properties":{"highway":"secondary","osm_id":690912246},"geometry":{"type":"LineString","coordinates":[[-100.390017,25.795058],[-100.389946,25.794708],[-100.389783,25.793881]]}},{"type":"Feature","properties":{"highway":"secondary","osm_id":690912247},"geometry":{"type":"LineString","coordinates":[[-100.389516,25.793975],[-100.38966,25.794685],[-100.389761,25.795147]]}},{"type":"Feature","properties":{"highway":"unclassified","osm_id":695734882},"geometry":{"type":"LineString","coordinates":[[-100.376873,25.807066],[-100.376993,25.807189]]}},{"type":"Feature","properties":{"highway":"residential","osm_id":695734883},"geometry":{"type":"LineString","coordinates":[[-100.376493,25.807416],[-100.376417,25.807262]]}},{"type":"Feature","properties":{"highway":"secondary","osm_id":695734885},"geometry":{"type":"LineString","coordinates":[[-100.374471,25.808235],[-100.373197,25.808822]]}},{"type":"Feature","properties":{"highway":"service","osm_id":703446038},"geometry":{"type":"LineString","coordinates":[[-100.293179,25.795866],[-100.293117,25.795963],[-100.293095,25.796017],[-100.293085,25.796078],[-100.293098,25.79627],[-100.293109,25.796436],[-100.293174,25.797398],[-100.293213,25.797635],[-100.293239,25.797688],[-100.293334,25.797809]]}},{"type":"Feature","properties":{"highway":"service","osm_id":703467284},"geometry":{"type":"LineString","coordinates":[[-100.294862,25.816467],[-100.294813,25.81647]]}},{"type":"Feature","properties":{"highway":"primary","osm_id":703467287},"geometry":{"type":"LineString","coordinates":[[-100.294787,25.817323],[-100.294812,25.817689],[-100.294827,25.817924],[-100.294843,25.818189],[-100.294864,25.818494],[-100.294922,25.819129],[-100.294946,25.819337],[-100.294952,25.819501],[-100.294946,25.819602]]}},{"type":"Feature","properties":{"highway":"service","osm_id":703467288},"geometry":{"type":"LineString","coordinates":[[-100.294777,25.816472],[-100.294725,25.816476]]}},{"type":"Feature","properties":{"highway":"service","osm_id":703467289},"geometry":{"type":"LineString","coordinates":[[-100.294813,25.81647],[-100.294777,25.816472]]}},{"type":"Feature","properties":{"highway":"service","osm_id":703467301},"geometry":{"type":"LineString","coordinates":[[-100.294009,25.81919],[-100.294413,25.818817],[-100.294522,25.818733]]}},{"type":"Feature","properties":{"highway":"service","osm_id":703467302},"geometry":{"type":"LineString","coordinates":[[-100.294522,25.818733],[-100.294608,25.818663]]}},{"type":"Feature","properties":{"highway":"service","osm_id":703467303},"geometry":{"type":"LineString","coordinates":[[-100.294413,25.818817],[-100.294665,25.81907],[-100.294742,25.819147]]}},{"type":"Feature","properties":{"highway":"service","osm_id":703467321},"geometry":{"type":"LineString","coordinates":[[-100.287692,25.813083],[-100.287753,25.813049],[-100.287811,25.813002],[-100.287857,25.81295],[-100.287877,25.81289]]}},{"type":"Feature","properties":{"highway":"service","osm_id":703467322},"geometry":{"type":"LineString","coordinates":[[-100.287877,25.81289],[-100.287922,25.812771],[-100.28798,25.81262],[-100.288071,25.812456],[-100.288129,25.812313],[-100.288137,25.812221],[-100.288134,25.812107],[-100.288083,25.811291],[-100.288053,25.810821],[-100.288039,25.810748],[-100.28801,25.810696],[-100.287953,25.810668],[-100.287877,25.810649],[-100.2878,25.810631],[-100.287735,25.810597],[-100.287611,25.810511],[-100.28755,25.81045],[-100.287515,25.810383],[-100.287475,25.810283],[-100.287463,25.810189],[-100.287468,25.810061],[-100.287468,25.809998]]}},{"type":"Feature","properties":{"highway":"service","osm_id":703467323},"geometry":{"type":"LineString","coordinates":[[-100.287692,25.813083],[-100.287611,25.81312],[-100.287523,25.813163]]}},{"type":"Feature","properties":{"highway":"residential","osm_id":713264999},"geometry":{"type":"LineString","coordinates":[[-100.285719,25.80533],[-100.284716,25.805422],[-100.283827,25.805541]]}},{"type":"Feature","properties":{"highway":"unclassified","osm_id":727009823},"geometry":{"type":"LineString","coordinates":[[-100.379953,25.856545],[-100.379862,25.853428],[-100.379779,25.852398],[-100.379763,25.852189],[-100.379688,25.850115],[-100.37965,25.849458],[-100.379641,25.848721],[-100.379638,25.848613],[-100.379637,25.848539]]}},{"type":"Feature","properties":{"highway":"residential","osm_id":742981392},"geometry":{"type":"LineString","coordinates":[[-100.369483,25.828594],[-100.369254,25.828516],[-100.369152,25.828469],[-100.369073,25.82842],[-100.368957,25.828318]]}},{"type":"Feature","properties":{"highway":"residential","osm_id":742982163},"geometry":{"type":"LineString","coordinates":[[-100.368505,25.825851],[-100.36853,25.825815],[-100.368546,25.82578],[-100.36855,25.825735],[-100.368428,25.824162],[-100.368419,25.823902],[-100.368403,25.82385],[-100.368375,25.823809]]}},{"type":"Feature","properties":{"highway":"residential","osm_id":742987880},"geometry":{"type":"LineString","coordinates":[[-100.366785,25.828896],[-100.364789,25.828837]]}},{"type":"Feature","properties":{"highway":"tertiary","osm_id":742987881},"geometry":{"type":"LineString","coordinates":[[-100.358605,25.824248],[-100.358795,25.824216],[-100.359906,25.824029],[-100.36131,25.82381],[-100.361444,25.823786],[-100.364069,25.823387],[-100.364475,25.823327],[-100.364635,25.823303],[-100.365124,25.823228],[-100.36527,25.823209],[-100.366664,25.82299],[-100.368619,25.822681],[-100.368917,25.822633],[-100.370914,25.822325],[-100.373248,25.821922]]}},{"type":"Feature","properties":{"highway":"residential","osm_id":743124590},"geometry":{"type":"LineString","coordinates":[[-100.368903,25.83072],[-100.368872,25.830714],[-100.36883,25.830712],[-100.368735,25.830714],[-100.366586,25.830815],[-100.364713,25.830907]]}},{"type":"Feature","properties":{"highway":"residential","osm_id":743127506},"geometry":{"type":"LineString","coordinates":[[-100.368847,25.826675],[-100.368957,25.828318],[-100.368984,25.828845],[-100.369019,25.829386],[-100.369042,25.829733],[-100.369069,25.830192],[-100.369128,25.830313],[-100.369166,25.830352],[-100.369194,25.830385],[-100.369214,25.830421],[-100.369226,25.830453],[-100.36923,25.830482],[-100.369231,25.830541],[-100.369281,25.831466],[-100.369285,25.831567],[-100.369344,25.832792],[-100.369355,25.833033],[-100.369371,25.833199],[-100.369406,25.833679]]}},{"type":"Feature","properties":{"highway":"residential","osm_id":743129512},"geometry":{"type":"LineString","coordinates":[[-100.365838,25.837969],[-100.36747,25.83789]]}},{"type":"Feature","properties":{"highway":"residential","osm_id":743129513},"geometry":{"type":"LineString","coordinates":[[-100.366572,25.830442],[-100.366574,25.830352],[-100.366715,25.829642]]}},{"type":"Feature","properties":{"highway":"residential","osm_id":743382489},"geometry":{"type":"LineString","coordinates":[[-100.370809,25.830783],[-100.371246,25.830798]]}},{"type":"Feature","properties":{"highway":"residential","osm_id":743384684},"geometry":{"type":"LineString","coordinates":[[-100.373455,25.832839],[-100.373327,25.830699]]}},{"type":"Feature","properties":{"highway":"tertiary","osm_id":743389333},"geometry":{"type":"LineString","coordinates":[[-100.364495,25.829567],[-100.364564,25.830428]]}},{"type":"Feature","properties":{"highway":"tertiary","osm_id":743389334},"geometry":{"type":"LineString","coordinates":[[-100.364679,25.830423],[-100.364623,25.829572]]}},{"type":"Feature","properties":{"highway":"residential","osm_id":744338936},"geometry":{"type":"LineString","coordinates":[[-100.369469,25.841834],[-100.369471,25.841936]]}},{"type":"Feature","properties":{"highway":"residential","osm_id":744346977},"geometry":{"type":"LineString","coordinates":[[-100.370555,25.848136],[-100.370549,25.848019],[-100.370439,25.846286],[-100.37043,25.846151],[-100.370366,25.845346]]}},{"type":"Feature","properties":{"highway":"tertiary","osm_id":744349695},"geometry":{"type":"LineString","coordinates":[[-100.379638,25.848613],[-100.37981,25.848615],[-100.379963,25.848615],[-100.380174,25.84861]]}},{"type":"Feature","properties":{"highway":"residential","osm_id":744351941},"geometry":{"type":"LineString","coordinates":[[-100.381128,25.847259],[-100.381131,25.847302],[-100.381125,25.847327],[-100.381104,25.847345],[-100.38073,25.847498],[-100.380704,25.847504],[-100.380683,25.847503]]}},{"type":"Feature","properties":{"highway":"residential","osm_id":744351942},"geometry":{"type":"LineString","coordinates":[[-100.380647,25.847112],[-100.38067,25.847099],[-100.38091,25.847017],[-100.380947,25.847012],[-100.380981,25.847012]]}},{"type":"Feature","properties":{"highway":"residential","osm_id":744351943},"geometry":{"type":"LineString","coordinates":[[-100.380981,25.847012],[-100.381011,25.847029],[-100.381042,25.847067],[-100.381091,25.84716],[-100.381128,25.847259]]}},{"type":"Feature","properties":{"highway":"residential","osm_id":744351944},"geometry":{"type":"LineString","coordinates":[[-100.380683,25.847503],[-100.380671,25.847493],[-100.380661,25.847475],[-100.380636,25.847353],[-100.380624,25.847263],[-100.380625,25.847173],[-100.380632,25.847138],[-100.380647,25.847112]]}},{"type":"Feature","properties":{"highway":"residential","osm_id":744351945},"geometry":{"type":"LineString","coordinates":[[-100.382193,25.848617],[-100.382147,25.848721],[-100.382138,25.848741]]}},{"type":"Feature","properties":{"highway":"residential","osm_id":744351946},"geometry":{"type":"LineString","coordinates":[[-100.382659,25.849319],[-100.38282,25.849253],[-100.382652,25.848881]]}},{"type":"Feature","properties":{"highway":"residential","osm_id":744351947},"geometry":{"type":"LineString","coordinates":[[-100.381275,25.847715],[-100.38131,25.847725],[-100.381339,25.847748],[-100.381405,25.847865],[-100.381467,25.848011],[-100.38175,25.848631]]}},{"type":"Feature","properties":{"highway":"residential","osm_id":744351948},"geometry":{"type":"LineString","coordinates":[[-100.380692,25.847933],[-100.38073,25.847895],[-100.380778,25.847867],[-100.381232,25.847718],[-100.381275,25.847715]]}},{"type":"Feature","properties":{"highway":"residential","osm_id":744356573},"geometry":{"type":"LineString","coordinates":[[-100.381863,25.846864],[-100.381926,25.846975],[-100.381949,25.846999],[-100.381987,25.847015],[-100.382041,25.847011]]}},{"type":"Feature","properties":{"highway":"residential","osm_id":744356574},"geometry":{"type":"LineString","coordinates":[[-100.381843,25.846673],[-100.381826,25.846706],[-100.38183,25.846767],[-100.381863,25.846864]]}},{"type":"Feature","properties":{"highway":"residential","osm_id":744362647},"geometry":{"type":"LineString","coordinates":[[-100.388485,25.847271],[-100.388509,25.847315],[-100.388539,25.847387],[-100.388586,25.847517],[-100.38859,25.847544],[-100.388585,25.847564]]}},{"type":"Feature","properties":{"highway":"residential","osm_id":744362648},"geometry":{"type":"LineString","coordinates":[[-100.388585,25.847564],[-100.388577,25.847576],[-100.388537,25.8476],[-100.38727,25.848038],[-100.387228,25.848036],[-100.387185,25.848017],[-100.38713,25.847978],[-100.387083,25.847912]]}},{"type":"Feature","properties":{"highway":"residential","osm_id":744362649},"geometry":{"type":"LineString","coordinates":[[-100.38889,25.847149],[-100.388882,25.847109],[-100.388882,25.847077],[-100.388898,25.847043],[-100.38896,25.84701],[-100.39005,25.846622],[-100.390146,25.846594],[-100.39022,25.846591],[-100.390282,25.846603],[-100.390322,25.846636],[-100.390365,25.846714]]}},{"type":"Feature","properties":{"highway":"residential","osm_id":744362650},"geometry":{"type":"LineString","coordinates":[[-100.390365,25.846714],[-100.390385,25.846778],[-100.390382,25.846825],[-100.39035,25.846883],[-100.390296,25.846932],[-100.389996,25.847051],[-100.389091,25.847375],[-100.38905,25.84738],[-100.389026,25.847375]]}},{"type":"Feature","properties":{"highway":"residential","osm_id":744362651},"geometry":{"type":"LineString","coordinates":[[-100.388813,25.846656],[-100.390007,25.846237],[-100.390057,25.84621],[-100.390087,25.846179],[-100.390096,25.846145],[-100.390092,25.846098]]}},{"type":"Feature","properties":{"highway":"residential","osm_id":744362652},"geometry":{"type":"LineString","coordinates":[[-100.38983,25.845528],[-100.389798,25.845477],[-100.389765,25.845459],[-100.38971,25.845455],[-100.389637,25.845474],[-100.389455,25.845537],[-100.38834,25.845946]]}},{"type":"Feature","properties":{"highway":"residential","osm_id":744362653},"geometry":{"type":"LineString","coordinates":[[-100.390092,25.846098],[-100.389956,25.845804]]}},{"type":"Feature","properties":{"highway":"residential","osm_id":744362654},"geometry":{"type":"LineString","coordinates":[[-100.38834,25.845946],[-100.388505,25.846339]]}},{"type":"Feature","properties":{"highway":"residential","osm_id":744362655},"geometry":{"type":"LineString","coordinates":[[-100.388262,25.84676],[-100.388242,25.846708],[-100.388141,25.846469]]}},{"type":"Feature","properties":{"highway":"residential","osm_id":744362656},"geometry":{"type":"LineString","coordinates":[[-100.386682,25.846995],[-100.386823,25.847299],[-100.386858,25.84733],[-100.386913,25.847344],[-100.386989,25.847331]]}},{"type":"Feature","properties":{"highway":"residential","osm_id":744362657},"geometry":{"type":"LineString","coordinates":[[-100.386254,25.846076],[-100.386241,25.845963],[-100.38626,25.845909],[-100.386282,25.84588],[-100.386316,25.845853],[-100.386398,25.845822],[-100.387565,25.845428],[-100.387608,25.845424],[-100.387644,25.845436]]}},{"type":"Feature","properties":{"highway":"residential","osm_id":744362658},"geometry":{"type":"LineString","coordinates":[[-100.387644,25.845436],[-100.387676,25.845469],[-100.387723,25.845563],[-100.387752,25.845635],[-100.387758,25.84567]]}},{"type":"Feature","properties":{"highway":"residential","osm_id":744362659},"geometry":{"type":"LineString","coordinates":[[-100.386563,25.846632],[-100.386557,25.846678],[-100.386563,25.84672],[-100.386577,25.846766],[-100.386682,25.846995]]}},{"type":"Feature","properties":{"highway":"residential","osm_id":744362660},"geometry":{"type":"LineString","coordinates":[[-100.388141,25.846469],[-100.388019,25.846204],[-100.387984,25.846146]]}},{"type":"Feature","properties":{"highway":"residential","osm_id":744362661},"geometry":{"type":"LineString","coordinates":[[-100.389541,25.844874],[-100.389509,25.844817],[-100.389458,25.844781],[-100.389379,25.844761],[-100.389323,25.844769],[-100.389236,25.844793],[-100.388815,25.844941],[-100.388169,25.845186],[-100.388115,25.845219],[-100.388088,25.845254]]}},{"type":"Feature","properties":{"highway":"residential","osm_id":744362662},"geometry":{"type":"LineString","coordinates":[[-100.388088,25.845254],[-100.388088,25.845295],[-100.388098,25.845353],[-100.388121,25.845419],[-100.388192,25.845582]]}},{"type":"Feature","properties":{"highway":"residential","osm_id":744362663},"geometry":{"type":"LineString","coordinates":[[-100.387463,25.844944],[-100.387329,25.844673]]}},{"type":"Feature","properties":{"highway":"residential","osm_id":744362664},"geometry":{"type":"LineString","coordinates":[[-100.387998,25.844835],[-100.387929,25.844839],[-100.387884,25.844823],[-100.387848,25.844792],[-100.387807,25.844721],[-100.387721,25.844527]]}},{"type":"Feature","properties":{"highway":"residential","osm_id":744362665},"geometry":{"type":"LineString","coordinates":[[-100.383331,25.846433],[-100.38323,25.84617]]}},{"type":"Feature","properties":{"highway":"residential","osm_id":744362666},"geometry":{"type":"LineString","coordinates":[[-100.385452,25.846385],[-100.385417,25.84632],[-100.385379,25.846262],[-100.385337,25.846238],[-100.385287,25.846233],[-100.38522,25.846246],[-100.384072,25.846677],[-100.38401,25.846711],[-100.383983,25.84674],[-100.383966,25.846788]]}},{"type":"Feature","properties":{"highway":"residential","osm_id":744362667},"geometry":{"type":"LineString","coordinates":[[-100.383966,25.846788],[-100.38397,25.846845],[-100.383992,25.846912],[-100.38405,25.847009],[-100.384091,25.847049],[-100.384131,25.847058],[-100.384184,25.84705]]}},{"type":"Feature","properties":{"highway":"residential","osm_id":744362668},"geometry":{"type":"LineString","coordinates":[[-100.382175,25.847559],[-100.382246,25.847686],[-100.382263,25.847702],[-100.382283,25.84771],[-100.382322,25.847707],[-100.383566,25.847281],[-100.383628,25.847255],[-100.383655,25.847227],[-100.383666,25.8472],[-100.383663,25.84717]]}},{"type":"Feature","properties":{"highway":"residential","osm_id":744362669},"geometry":{"type":"LineString","coordinates":[[-100.383663,25.84717],[-100.383618,25.847061],[-100.383574,25.846965],[-100.38355,25.846929],[-100.383508,25.846907]]}},{"type":"Feature","properties":{"highway":"residential","osm_id":744362670},"geometry":{"type":"LineString","coordinates":[[-100.386267,25.848217],[-100.386195,25.84806],[-100.386179,25.848052],[-100.386157,25.848049],[-100.386138,25.848052],[-100.384775,25.848556],[-100.384758,25.848569]]}},{"type":"Feature","properties":{"highway":"residential","osm_id":744362671},"geometry":{"type":"LineString","coordinates":[[-100.384758,25.848569],[-100.384754,25.848579],[-100.384753,25.84859],[-100.384826,25.848733],[-100.384889,25.848858],[-100.384901,25.848874],[-100.384918,25.848883]]}},{"type":"Feature","properties":{"highway":"residential","osm_id":744362672},"geometry":{"type":"LineString","coordinates":[[-100.384922,25.849969],[-100.384917,25.849963],[-100.384736,25.849582],[-100.384674,25.849453],[-100.384414,25.848875],[-100.384355,25.848745],[-100.384347,25.848734],[-100.384332,25.848726]]}},{"type":"Feature","properties":{"highway":"residential","osm_id":744362673},"geometry":{"type":"LineString","coordinates":[[-100.38275,25.848855],[-100.38257,25.848485]]}},{"type":"Feature","properties":{"highway":"residential","osm_id":744362674},"geometry":{"type":"LineString","coordinates":[[-100.38402,25.847964],[-100.384181,25.848321],[-100.384181,25.848349]]}},{"type":"Feature","properties":{"highway":"residential","osm_id":744362675},"geometry":{"type":"LineString","coordinates":[[-100.382412,25.848097],[-100.382423,25.848084],[-100.382451,25.848063],[-100.383784,25.847597],[-100.38382,25.847594],[-100.383852,25.8476]]}},{"type":"Feature","properties":{"highway":"residential","osm_id":744362676},"geometry":{"type":"LineString","coordinates":[[-100.383852,25.8476],[-100.383865,25.847608],[-100.383876,25.847621],[-100.38402,25.847964]]}},{"type":"Feature","properties":{"highway":"residential","osm_id":744362677},"geometry":{"type":"LineString","coordinates":[[-100.385984,25.847663],[-100.385987,25.847636],[-100.385981,25.84761],[-100.385855,25.847298]]}},{"type":"Feature","properties":{"highway":"residential","osm_id":744362678},"geometry":{"type":"LineString","coordinates":[[-100.384404,25.847828],[-100.384547,25.84812],[-100.38458,25.848163],[-100.384607,25.848178]]}},{"type":"Feature","properties":{"highway":"residential","osm_id":744362679},"geometry":{"type":"LineString","coordinates":[[-100.384269,25.847447],[-100.384282,25.847421],[-100.384312,25.847397],[-100.385537,25.846954],[-100.385588,25.84694],[-100.385622,25.84694],[-100.385651,25.846944],[-100.385692,25.846965]]}},{"type":"Feature","properties":{"highway":"residential","osm_id":744362680},"geometry":{"type":"LineString","coordinates":[[-100.385692,25.846965],[-100.385731,25.847019],[-100.385855,25.847298]]}},{"type":"Feature","properties":{"highway":"residential","osm_id":744362681},"geometry":{"type":"LineString","coordinates":[[-100.383605,25.846042],[-100.383709,25.846257],[-100.383748,25.846321],[-100.383778,25.846341],[-100.383839,25.846348],[-100.383911,25.846333]]}},{"type":"Feature","properties":{"highway":"residential","osm_id":744362682},"geometry":{"type":"LineString","coordinates":[[-100.389221,25.847787],[-100.38922,25.847845],[-100.389229,25.847912],[-100.389292,25.848115]]}},{"type":"Feature","properties":{"highway":"residential","osm_id":744362683},"geometry":{"type":"LineString","coordinates":[[-100.388936,25.848258],[-100.388776,25.847948],[-100.388761,25.847933],[-100.388744,25.847926]]}},{"type":"Feature","properties":{"highway":"residential","osm_id":744362684},"geometry":{"type":"LineString","coordinates":[[-100.387829,25.849536],[-100.387826,25.849545],[-100.387826,25.849554],[-100.387892,25.849698]]}},{"type":"Feature","properties":{"highway":"residential","osm_id":744362685},"geometry":{"type":"LineString","coordinates":[[-100.389399,25.849358],[-100.389402,25.849337],[-100.389396,25.849315],[-100.389244,25.84902]]}},{"type":"Feature","properties":{"highway":"residential","osm_id":744362686},"geometry":{"type":"LineString","coordinates":[[-100.389831,25.849201],[-100.38982,25.849195],[-100.389812,25.849187],[-100.389666,25.848867]]}},{"type":"Feature","properties":{"highway":"residential","osm_id":744362687},"geometry":{"type":"LineString","coordinates":[[-100.389994,25.849589],[-100.389993,25.849614],[-100.389999,25.84964],[-100.390122,25.849923]]}},{"type":"Feature","properties":{"highway":"residential","osm_id":744362688},"geometry":{"type":"LineString","coordinates":[[-100.39157,25.849383],[-100.39142,25.849111],[-100.391403,25.849095],[-100.391379,25.849087]]}},{"type":"Feature","properties":{"highway":"residential","osm_id":744362690},"geometry":{"type":"LineString","coordinates":[[-100.391444,25.846509],[-100.391501,25.846493],[-100.3926,25.846095],[-100.392717,25.846041],[-100.392735,25.846012]]}},{"type":"Feature","properties":{"highway":"residential","osm_id":744362691},"geometry":{"type":"LineString","coordinates":[[-100.392568,25.845706],[-100.392537,25.845707],[-100.391318,25.846151]]}},{"type":"Feature","properties":{"highway":"residential","osm_id":744362692},"geometry":{"type":"LineString","coordinates":[[-100.392735,25.846012],[-100.392735,25.845968],[-100.392698,25.845858],[-100.392635,25.845752],[-100.392612,25.845725],[-100.392568,25.845706]]}},{"type":"Feature","properties":{"highway":"residential","osm_id":744362693},"geometry":{"type":"LineString","coordinates":[[-100.393309,25.845842],[-100.393219,25.845855],[-100.393177,25.845849],[-100.393123,25.845814],[-100.393076,25.845717],[-100.393006,25.845522]]}},{"type":"Feature","properties":{"highway":"residential","osm_id":744362694},"geometry":{"type":"LineString","coordinates":[[-100.392691,25.844799],[-100.392864,25.845188]]}},{"type":"Feature","properties":{"highway":"residential","osm_id":744362695},"geometry":{"type":"LineString","coordinates":[[-100.392691,25.844799],[-100.392511,25.844416]]}},{"type":"Feature","properties":{"highway":"residential","osm_id":744362696},"geometry":{"type":"LineString","coordinates":[[-100.392425,25.84523],[-100.392435,25.845282],[-100.392417,25.845326],[-100.392372,25.845357],[-100.392315,25.845387],[-100.391142,25.845807],[-100.391109,25.845815]]}},{"type":"Feature","properties":{"highway":"residential","osm_id":744362697},"geometry":{"type":"LineString","coordinates":[[-100.391109,25.845815],[-100.391053,25.845818],[-100.391013,25.845804],[-100.390983,25.845772],[-100.390947,25.845703],[-100.390859,25.845482]]}},{"type":"Feature","properties":{"highway":"residential","osm_id":744362698},"geometry":{"type":"LineString","coordinates":[[-100.390689,25.845099],[-100.390859,25.845482]]}},{"type":"Feature","properties":{"highway":"residential","osm_id":744362699},"geometry":{"type":"LineString","coordinates":[[-100.392295,25.844956],[-100.392107,25.844572]]}},{"type":"Feature","properties":{"highway":"residential","osm_id":744362700},"geometry":{"type":"LineString","coordinates":[[-100.391965,25.84421],[-100.391823,25.84386]]}},{"type":"Feature","properties":{"highway":"residential","osm_id":744362701},"geometry":{"type":"LineString","coordinates":[[-100.391823,25.84386],[-100.39049,25.844327],[-100.390372,25.84437]]}},{"type":"Feature","properties":{"highway":"residential","osm_id":744362702},"geometry":{"type":"LineString","coordinates":[[-100.390372,25.84437],[-100.390383,25.844437],[-100.390399,25.844499],[-100.390429,25.844573],[-100.390514,25.844731]]}},{"type":"Feature","properties":{"highway":"residential","osm_id":744362703},"geometry":{"type":"LineString","coordinates":[[-100.392358,25.84407],[-100.393551,25.843624],[-100.393626,25.843597],[-100.393698,25.843557],[-100.39374,25.843505],[-100.39375,25.843443]]}},{"type":"Feature","properties":{"highway":"residential","osm_id":744362704},"geometry":{"type":"LineString","coordinates":[[-100.393589,25.843248],[-100.393541,25.84325],[-100.393467,25.843267],[-100.392925,25.84345],[-100.392197,25.843715]]}},{"type":"Feature","properties":{"highway":"residential","osm_id":744362705},"geometry":{"type":"LineString","coordinates":[[-100.392197,25.843715],[-100.392358,25.84407]]}},{"type":"Feature","properties":{"highway":"residential","osm_id":744362706},"geometry":{"type":"LineString","coordinates":[[-100.391876,25.843006],[-100.391953,25.843211],[-100.391986,25.843268],[-100.392018,25.843298],[-100.392081,25.843318],[-100.392162,25.843313]]}},{"type":"Feature","properties":{"highway":"residential","osm_id":744362707},"geometry":{"type":"LineString","coordinates":[[-100.391485,25.843151],[-100.391598,25.843417]]}},{"type":"Feature","properties":{"highway":"residential","osm_id":744375312},"geometry":{"type":"LineString","coordinates":[[-100.387977,25.849857],[-100.387986,25.849857],[-100.389366,25.849386],[-100.389387,25.849373],[-100.389399,25.849358]]}},{"type":"Feature","properties":{"highway":"residential","osm_id":744375313},"geometry":{"type":"LineString","coordinates":[[-100.38737,25.848425],[-100.387365,25.848445],[-100.387383,25.848621]]}},{"type":"Feature","properties":{"highway":"residential","osm_id":744375314},"geometry":{"type":"LineString","coordinates":[[-100.39213,25.844151],[-100.392358,25.84407]]}},{"type":"Feature","properties":{"highway":"residential","osm_id":744375315},"geometry":{"type":"LineString","coordinates":[[-100.385125,25.84567],[-100.385079,25.845585]]}},{"type":"Feature","properties":{"highway":"residential","osm_id":744375316},"geometry":{"type":"LineString","coordinates":[[-100.385175,25.845792],[-100.385125,25.84567]]}},{"type":"Feature","properties":{"highway":"residential","osm_id":744375317},"geometry":{"type":"LineString","coordinates":[[-100.382138,25.848741],[-100.381947,25.849114]]}},{"type":"Feature","properties":{"highway":"residential","osm_id":744375318},"geometry":{"type":"LineString","coordinates":[[-100.387528,25.848736],[-100.387507,25.848727],[-100.387383,25.848621]]}},{"type":"Feature","properties":{"highway":"residential","osm_id":744375319},"geometry":{"type":"LineString","coordinates":[[-100.385069,25.849266],[-100.385076,25.84926],[-100.386437,25.848751],[-100.386482,25.848748]]}},{"type":"Feature","properties":{"highway":"residential","osm_id":744375320},"geometry":{"type":"LineString","coordinates":[[-100.386638,25.849085],[-100.386625,25.849095],[-100.386601,25.849107],[-100.38525,25.849593],[-100.385232,25.849595]]}},{"type":"Feature","properties":{"highway":"residential","osm_id":744375321},"geometry":{"type":"LineString","coordinates":[[-100.386482,25.848748],[-100.386496,25.848754],[-100.386506,25.848764],[-100.38658,25.848915],[-100.386637,25.849048],[-100.386641,25.849066],[-100.386638,25.849085]]}},{"type":"Feature","properties":{"highway":"residential","osm_id":744375322},"geometry":{"type":"LineString","coordinates":[[-100.387528,25.844597],[-100.387375,25.844226]]}},{"type":"Feature","properties":{"highway":"residential","osm_id":744375323},"geometry":{"type":"LineString","coordinates":[[-100.389254,25.844377],[-100.389205,25.844412],[-100.389148,25.844445],[-100.387998,25.844835]]}},{"type":"Feature","properties":{"highway":"residential","osm_id":744375324},"geometry":{"type":"LineString","coordinates":[[-100.3891,25.844043],[-100.389148,25.844054],[-100.38918,25.844085],[-100.389238,25.844188]]}},{"type":"Feature","properties":{"highway":"residential","osm_id":744375325},"geometry":{"type":"LineString","coordinates":[[-100.391564,25.847108],[-100.391539,25.847063],[-100.391521,25.847017],[-100.39151,25.846958],[-100.391511,25.84692],[-100.391534,25.846894]]}},{"type":"Feature","properties":{"highway":"residential","osm_id":744375326},"geometry":{"type":"LineString","coordinates":[[-100.391694,25.847224],[-100.39166,25.84721],[-100.39162,25.84718],[-100.391564,25.847108]]}},{"type":"Feature","properties":{"highway":"residential","osm_id":744375327},"geometry":{"type":"LineString","coordinates":[[-100.391234,25.848684],[-100.391223,25.848696],[-100.389857,25.849203],[-100.389831,25.849201]]}},{"type":"Feature","properties":{"highway":"residential","osm_id":744375328},"geometry":{"type":"LineString","coordinates":[[-100.391167,25.848528],[-100.391093,25.848369],[-100.391072,25.848359]]}},{"type":"Feature","properties":{"highway":"residential","osm_id":744378717},"geometry":{"type":"LineString","coordinates":[[-100.403363,25.846974],[-100.403343,25.847055],[-100.403332,25.847103],[-100.403304,25.847151],[-100.40327,25.847187],[-100.403217,25.847231],[-100.40284,25.847501],[-100.402512,25.847717],[-100.401991,25.848025],[-100.401955,25.848043],[-100.401863,25.848059],[-100.401801,25.848056],[-100.401774,25.848045],[-100.401749,25.848027]]}},{"type":"Feature","properties":{"highway":"residential","osm_id":744378718},"geometry":{"type":"LineString","coordinates":[[-100.399946,25.84882],[-100.400048,25.848978],[-100.400105,25.849093],[-100.400149,25.849257],[-100.400176,25.849325]]}},{"type":"Feature","properties":{"highway":"tertiary","osm_id":744378719},"geometry":{"type":"LineString","coordinates":[[-100.399434,25.844814],[-100.399053,25.845002]]}},{"type":"Feature","properties":{"highway":"residential","osm_id":744378720},"geometry":{"type":"LineString","coordinates":[[-100.401981,25.844387],[-100.402327,25.844174],[-100.402885,25.843839],[-100.403601,25.843395]]}},{"type":"Feature","properties":{"highway":"residential","osm_id":744380944},"geometry":{"type":"LineString","coordinates":[[-100.396705,25.847565],[-100.397343,25.847169],[-100.398142,25.846677],[-100.398224,25.846641],[-100.398256,25.846627],[-100.398297,25.846621],[-100.398327,25.846612]]}},{"type":"Feature","properties":{"highway":"residential","osm_id":744380945},"geometry":{"type":"LineString","coordinates":[[-100.394767,25.845774],[-100.394832,25.845833],[-100.394876,25.845883]]}},{"type":"Feature","properties":{"highway":"residential","osm_id":744380946},"geometry":{"type":"LineString","coordinates":[[-100.394876,25.845883],[-100.394884,25.845999]]}},{"type":"Feature","properties":{"highway":"residential","osm_id":744380947},"geometry":{"type":"LineString","coordinates":[[-100.396784,25.844457],[-100.396744,25.844369],[-100.396667,25.844203]]}},{"type":"Feature","properties":{"highway":"residential","osm_id":744380948},"geometry":{"type":"LineString","coordinates":[[-100.396667,25.844203],[-100.395293,25.84471]]}},{"type":"Feature","properties":{"highway":"residential","osm_id":744380949},"geometry":{"type":"LineString","coordinates":[[-100.394551,25.845357],[-100.394518,25.845382],[-100.393675,25.845699],[-100.393309,25.845842]]}},{"type":"Feature","properties":{"highway":"residential","osm_id":744380950},"geometry":{"type":"LineString","coordinates":[[-100.393006,25.845522],[-100.393134,25.845478],[-100.393331,25.845402],[-100.394222,25.845088],[-100.394334,25.845056],[-100.394389,25.845058]]}},{"type":"Feature","properties":{"highway":"residential","osm_id":744380951},"geometry":{"type":"LineString","coordinates":[[-100.394246,25.844513],[-100.394139,25.844266]]}},{"type":"Feature","properties":{"highway":"residential","osm_id":744386536},"geometry":{"type":"LineString","coordinates":[[-100.395866,25.842433],[-100.395847,25.842416],[-100.395821,25.842408],[-100.395752,25.842417],[-100.394551,25.842848]]}},{"type":"Feature","properties":{"highway":"residential","osm_id":744386537},"geometry":{"type":"LineString","coordinates":[[-100.394766,25.843194],[-100.395521,25.842906],[-100.395915,25.842765],[-100.395939,25.842749],[-100.395963,25.842723],[-100.395969,25.84269],[-100.395959,25.842648]]}},{"type":"Feature","properties":{"highway":"residential","osm_id":744386538},"geometry":{"type":"LineString","coordinates":[[-100.395959,25.842648],[-100.395927,25.842571],[-100.395866,25.842433]]}},{"type":"Feature","properties":{"highway":"residential","osm_id":744386539},"geometry":{"type":"LineString","coordinates":[[-100.396191,25.84184],[-100.396131,25.841845],[-100.396083,25.841824],[-100.396046,25.841777],[-100.395946,25.841531]]}},{"type":"Feature","properties":{"highway":"residential","osm_id":744386540},"geometry":{"type":"LineString","coordinates":[[-100.397407,25.841213],[-100.397437,25.841303],[-100.397441,25.841342],[-100.397437,25.841379]]}},{"type":"Feature","properties":{"highway":"residential","osm_id":744386541},"geometry":{"type":"LineString","coordinates":[[-100.394504,25.842458],[-100.395441,25.842126],[-100.395593,25.842067],[-100.395643,25.842028],[-100.395664,25.84199],[-100.395651,25.841929]]}},{"type":"Feature","properties":{"highway":"residential","osm_id":744386542},"geometry":{"type":"LineString","coordinates":[[-100.395651,25.841929],[-100.395537,25.841687]]}},{"type":"Feature","properties":{"highway":"residential","osm_id":744386543},"geometry":{"type":"LineString","coordinates":[[-100.393443,25.84283],[-100.393454,25.842795],[-100.393449,25.842755],[-100.393416,25.842661]]}},{"type":"Feature","properties":{"highway":"residential","osm_id":744386544},"geometry":{"type":"LineString","coordinates":[[-100.393923,25.843927],[-100.393968,25.843952],[-100.394007,25.844003],[-100.394139,25.844266]]}},{"type":"Feature","properties":{"highway":"residential","osm_id":744386545},"geometry":{"type":"LineString","coordinates":[[-100.395128,25.844363],[-100.394948,25.843978]]}},{"type":"Feature","properties":{"highway":"residential","osm_id":744386546},"geometry":{"type":"LineString","coordinates":[[-100.394912,25.843536],[-100.394838,25.843601],[-100.394826,25.84366],[-100.394823,25.843714],[-100.394843,25.843788],[-100.394948,25.843978]]}},{"type":"Feature","properties":{"highway":"residential","osm_id":744386547},"geometry":{"type":"LineString","coordinates":[[-100.396361,25.843466],[-100.396293,25.843336],[-100.396233,25.843222],[-100.396199,25.843168],[-100.396156,25.843132]]}},{"type":"Feature","properties":{"highway":"residential","osm_id":744386548},"geometry":{"type":"LineString","coordinates":[[-100.396361,25.843466],[-100.396484,25.843756]]}},{"type":"Feature","properties":{"highway":"residential","osm_id":744386549},"geometry":{"type":"LineString","coordinates":[[-100.39856,25.843812],[-100.39857,25.843862],[-100.398564,25.843888],[-100.398541,25.843916],[-100.3985,25.843942],[-100.397205,25.844402]]}},{"type":"Feature","properties":{"highway":"residential","osm_id":744386550},"geometry":{"type":"LineString","coordinates":[[-100.397052,25.844053],[-100.398285,25.843616],[-100.398348,25.843596],[-100.398395,25.843588],[-100.39844,25.843597],[-100.398473,25.843621]]}},{"type":"Feature","properties":{"highway":"residential","osm_id":744386551},"geometry":{"type":"LineString","coordinates":[[-100.398228,25.843191],[-100.398244,25.843152],[-100.398238,25.843106],[-100.398118,25.842838]]}},{"type":"Feature","properties":{"highway":"residential","osm_id":744386552},"geometry":{"type":"LineString","coordinates":[[-100.398118,25.842838],[-100.398047,25.842665],[-100.397995,25.842556],[-100.397959,25.842507],[-100.397909,25.842478]]}},{"type":"Feature","properties":{"highway":"residential","osm_id":744386553},"geometry":{"type":"LineString","coordinates":[[-100.397738,25.842069],[-100.39772,25.842092],[-100.397667,25.842118],[-100.396556,25.842531],[-100.396494,25.842551]]}},{"type":"Feature","properties":{"highway":"residential","osm_id":744386554},"geometry":{"type":"LineString","coordinates":[[-100.39628,25.842309],[-100.396279,25.842266],[-100.396294,25.842233],[-100.396323,25.842206],[-100.396651,25.84207],[-100.397381,25.841807],[-100.397551,25.841754],[-100.3976,25.841755],[-100.397648,25.841781]]}},{"type":"Feature","properties":{"highway":"residential","osm_id":744386555},"geometry":{"type":"LineString","coordinates":[[-100.397648,25.841781],[-100.397715,25.841914],[-100.397743,25.841984],[-100.39775,25.842029],[-100.397738,25.842069]]}},{"type":"Feature","properties":{"highway":"residential","osm_id":744386556},"geometry":{"type":"LineString","coordinates":[[-100.398645,25.842358],[-100.400648,25.841632]]}},{"type":"Feature","properties":{"highway":"residential","osm_id":744386557},"geometry":{"type":"LineString","coordinates":[[-100.400684,25.841203],[-100.400487,25.841272],[-100.398458,25.842015]]}},{"type":"Feature","properties":{"highway":"residential","osm_id":744386558},"geometry":{"type":"LineString","coordinates":[[-100.398385,25.841623],[-100.399281,25.841306],[-100.40033,25.840921]]}},{"type":"Feature","properties":{"highway":"residential","osm_id":744386559},"geometry":{"type":"LineString","coordinates":[[-100.400166,25.84055],[-100.399659,25.840746],[-100.398881,25.841037],[-100.398179,25.841285]]}},{"type":"Feature","properties":{"highway":"residential","osm_id":744386560},"geometry":{"type":"LineString","coordinates":[[-100.398059,25.840922],[-100.39799,25.840936],[-100.397953,25.840938],[-100.397916,25.840926],[-100.397874,25.840885],[-100.397826,25.840781],[-100.397812,25.840727],[-100.397806,25.840658],[-100.397821,25.840615],[-100.397851,25.840587],[-100.397907,25.840561]]}},{"type":"Feature","properties":{"highway":"residential","osm_id":744386561},"geometry":{"type":"LineString","coordinates":[[-100.397907,25.840561],[-100.399148,25.840127],[-100.399858,25.839866]]}},{"type":"Feature","properties":{"highway":"residential","osm_id":744386562},"geometry":{"type":"LineString","coordinates":[[-100.397628,25.840227],[-100.397662,25.840229],[-100.397706,25.840222],[-100.39778,25.840198],[-100.398208,25.840045],[-100.398987,25.839746]]}},{"type":"Feature","properties":{"highway":"residential","osm_id":744386563},"geometry":{"type":"LineString","coordinates":[[-100.398857,25.83947],[-100.398812,25.839447],[-100.398761,25.839443],[-100.398653,25.839464],[-100.397583,25.83986],[-100.397503,25.839899],[-100.397484,25.839929]]}},{"type":"Feature","properties":{"highway":"residential","osm_id":744395468},"geometry":{"type":"LineString","coordinates":[[-100.39874,25.842771],[-100.398736,25.842796],[-100.398739,25.842822],[-100.398751,25.842851],[-100.398843,25.843023],[-100.398857,25.843049],[-100.398883,25.843067]]}},{"type":"Feature","properties":{"highway":"residential","osm_id":744395469},"geometry":{"type":"LineString","coordinates":[[-100.398883,25.843067],[-100.398907,25.843073],[-100.398938,25.843072],[-100.398963,25.843064],[-100.400962,25.842332],[-100.401159,25.842251]]}},{"type":"Feature","properties":{"highway":"residential","osm_id":744395470},"geometry":{"type":"LineString","coordinates":[[-100.399195,25.843765],[-100.399221,25.843767],[-100.39925,25.843763],[-100.401279,25.843041]]}},{"type":"Feature","properties":{"highway":"residential","osm_id":744395471},"geometry":{"type":"LineString","coordinates":[[-100.401118,25.842681],[-100.399088,25.843441],[-100.399069,25.843452],[-100.399052,25.843473]]}},{"type":"Feature","properties":{"highway":"residential","osm_id":744395472},"geometry":{"type":"LineString","coordinates":[[-100.403426,25.841822],[-100.403634,25.842248]]}},{"type":"Feature","properties":{"highway":"residential","osm_id":744398227},"geometry":{"type":"LineString","coordinates":[[-100.400684,25.841203],[-100.402795,25.840428]]}},{"type":"Feature","properties":{"highway":"residential","osm_id":744398228},"geometry":{"type":"LineString","coordinates":[[-100.400214,25.840123],[-100.402342,25.839375]]}},{"type":"Feature","properties":{"highway":"residential","osm_id":744398231},"geometry":{"type":"LineString","coordinates":[[-100.4018,25.844491],[-100.401523,25.844141]]}},{"type":"Feature","properties":{"highway":"residential","osm_id":744408565},"geometry":{"type":"LineString","coordinates":[[-100.410265,25.843133],[-100.410604,25.842921],[-100.412013,25.842006]]}},{"type":"Feature","properties":{"highway":"residential","osm_id":744408567},"geometry":{"type":"LineString","coordinates":[[-100.410077,25.842718],[-100.410168,25.842928],[-100.410265,25.843133],[-100.410436,25.843494],[-100.410588,25.843834],[-100.410747,25.844181],[-100.4109,25.844515],[-100.411061,25.84486],[-100.411221,25.845209],[-100.41136,25.845557],[-100.411486,25.845907],[-100.411631,25.846263],[-100.411775,25.846614],[-100.411917,25.846962],[-100.412045,25.847286],[-100.412089,25.847396]]}},{"type":"Feature","properties":{"highway":"residential","osm_id":744408574},"geometry":{"type":"LineString","coordinates":[[-100.412165,25.842337],[-100.411747,25.842621],[-100.410903,25.843177],[-100.410436,25.843494]]}},{"type":"Feature","properties":{"highway":"residential","osm_id":744408575},"geometry":{"type":"LineString","coordinates":[[-100.412321,25.84269],[-100.411544,25.843202],[-100.410588,25.843834]]}},{"type":"Feature","properties":{"highway":"residential","osm_id":744408576},"geometry":{"type":"LineString","coordinates":[[-100.412468,25.843039],[-100.412074,25.843306],[-100.411551,25.843643],[-100.410747,25.844181]]}},{"type":"Feature","properties":{"highway":"residential","osm_id":744408577},"geometry":{"type":"LineString","coordinates":[[-100.412629,25.84339],[-100.41174,25.843976],[-100.4109,25.844515]]}},{"type":"Feature","properties":{"highway":"residential","osm_id":744408578},"geometry":{"type":"LineString","coordinates":[[-100.412787,25.843722],[-100.41196,25.844268],[-100.411061,25.84486]]}},{"type":"Feature","properties":{"highway":"residential","osm_id":744408579},"geometry":{"type":"LineString","coordinates":[[-100.412955,25.844076],[-100.412284,25.844491],[-100.411485,25.845021],[-100.411221,25.845209]]}},{"type":"Feature","properties":{"highway":"residential","osm_id":744408580},"geometry":{"type":"LineString","coordinates":[[-100.412013,25.842006],[-100.412165,25.842337],[-100.412321,25.84269],[-100.412468,25.843039],[-100.412629,25.84339],[-100.412787,25.843722],[-100.412955,25.844076],[-100.413113,25.844407],[-100.413259,25.844746],[-100.413416,25.845085],[-100.413571,25.845437],[-100.413722,25.845768],[-100.413921,25.846215]]}},{"type":"Feature","properties":{"highway":"residential","osm_id":744410607},"geometry":{"type":"LineString","coordinates":[[-100.413137,25.846573],[-100.413117,25.846607],[-100.413086,25.846636],[-100.413036,25.846672],[-100.412045,25.847286]]}},{"type":"Feature","properties":{"highway":"residential","osm_id":744410608},"geometry":{"type":"LineString","coordinates":[[-100.41303,25.84624],[-100.413126,25.846469],[-100.413141,25.846541],[-100.413137,25.846573]]}},{"type":"Feature","properties":{"highway":"residential","osm_id":744410609},"geometry":{"type":"LineString","coordinates":[[-100.413722,25.845768],[-100.413404,25.845982],[-100.41303,25.84624],[-100.412791,25.846386],[-100.41239,25.846656],[-100.411917,25.846962]]}},{"type":"Feature","properties":{"highway":"residential","osm_id":744410610},"geometry":{"type":"LineString","coordinates":[[-100.413571,25.845437],[-100.413187,25.845682],[-100.411775,25.846614]]}},{"type":"Feature","properties":{"highway":"residential","osm_id":744410611},"geometry":{"type":"LineString","coordinates":[[-100.413416,25.845085],[-100.412805,25.845486],[-100.411875,25.846095],[-100.411631,25.846263]]}},{"type":"Feature","properties":{"highway":"residential","osm_id":744410612},"geometry":{"type":"LineString","coordinates":[[-100.413259,25.844746],[-100.412427,25.845279],[-100.411826,25.845689],[-100.411486,25.845907]]}},{"type":"Feature","properties":{"highway":"residential","osm_id":744410613},"geometry":{"type":"LineString","coordinates":[[-100.413113,25.844407],[-100.412459,25.844837],[-100.41136,25.845557]]}},{"type":"Feature","properties":{"highway":"residential","osm_id":744413457},"geometry":{"type":"LineString","coordinates":[[-100.424421,25.841931],[-100.424327,25.841981]]}},{"type":"Feature","properties":{"highway":"residential","osm_id":744413458},"geometry":{"type":"LineString","coordinates":[[-100.423777,25.841819],[-100.424152,25.841657]]}},{"type":"Feature","properties":{"highway":"residential","osm_id":744420177},"geometry":{"type":"LineString","coordinates":[[-100.427937,25.845344],[-100.427836,25.845437],[-100.427113,25.844727],[-100.427047,25.844677],[-100.426514,25.844166]]}},{"type":"Feature","properties":{"highway":"residential","osm_id":744420178},"geometry":{"type":"LineString","coordinates":[[-100.427937,25.845344],[-100.427487,25.844929],[-100.42742,25.844863],[-100.426594,25.844086],[-100.42634,25.843822],[-100.426277,25.843761],[-100.425215,25.842735],[-100.424421,25.841931],[-100.424207,25.841529]]}},{"type":"Feature","properties":{"highway":"residential","osm_id":744424304},"geometry":{"type":"LineString","coordinates":[[-100.394023,25.851932],[-100.39399,25.852145]]}},{"type":"Feature","properties":{"highway":"residential","osm_id":744424712},"geometry":{"type":"LineString","coordinates":[[-100.392869,25.851042],[-100.392819,25.851005],[-100.392734,25.850973],[-100.392658,25.850969],[-100.392567,25.850983],[-100.391789,25.851491]]}},{"type":"Feature","properties":{"highway":"residential","osm_id":744424713},"geometry":{"type":"LineString","coordinates":[[-100.391271,25.851342],[-100.392368,25.85066],[-100.392401,25.850628],[-100.392429,25.850561],[-100.392427,25.850501],[-100.392388,25.850415]]}},{"type":"Feature","properties":{"highway":"residential","osm_id":744424714},"geometry":{"type":"LineString","coordinates":[[-100.390292,25.851464],[-100.390245,25.851464],[-100.390202,25.851455],[-100.389646,25.851301]]}},{"type":"Feature","properties":{"highway":"residential","osm_id":744424715},"geometry":{"type":"LineString","coordinates":[[-100.389544,25.849749],[-100.389502,25.849747],[-100.389462,25.849756],[-100.388164,25.85023],[-100.388149,25.850242]]}},{"type":"Feature","properties":{"highway":"residential","osm_id":744424716},"geometry":{"type":"LineString","coordinates":[[-100.388149,25.850242],[-100.388143,25.850254],[-100.388145,25.850272],[-100.388277,25.850596]]}},{"type":"Feature","properties":{"highway":"residential","osm_id":744424729},"geometry":{"type":"LineString","coordinates":[[-100.38962,25.851319],[-100.389685,25.851413],[-100.390007,25.851885],[-100.390443,25.852498],[-100.390899,25.853144],[-100.391501,25.853921],[-100.391959,25.854536]]}},{"type":"Feature","properties":{"highway":"residential","osm_id":744433102},"geometry":{"type":"LineString","coordinates":[[-100.386971,25.849876],[-100.38693,25.849874],[-100.386898,25.849876],[-100.386515,25.850001]]}},{"type":"Feature","properties":{"highway":"tertiary","osm_id":744435792},"geometry":{"type":"LineString","coordinates":[[-100.38962,25.851319],[-100.389405,25.851446],[-100.387753,25.852421],[-100.385916,25.853534]]}},{"type":"Feature","properties":{"highway":"residential","osm_id":744949980},"geometry":{"type":"LineString","coordinates":[[-100.371249,25.811438],[-100.371238,25.811591],[-100.371194,25.812203],[-100.371181,25.812311],[-100.371186,25.812643],[-100.371192,25.812957]]}},{"type":"Feature","properties":{"highway":"residential","osm_id":744958589},"geometry":{"type":"LineString","coordinates":[[-100.371248,25.813209],[-100.37123,25.813092],[-100.371192,25.812957]]}},{"type":"Feature","properties":{"highway":"residential","osm_id":744958591},"geometry":{"type":"LineString","coordinates":[[-100.372865,25.812964],[-100.372736,25.812982],[-100.372339,25.813042],[-100.371248,25.813209],[-100.371137,25.81323],[-100.369613,25.813489],[-100.368079,25.813735]]}},{"type":"Feature","properties":{"highway":"residential","osm_id":744958592},"geometry":{"type":"LineString","coordinates":[[-100.372739,25.811936],[-100.372531,25.811975],[-100.372098,25.812051],[-100.37168,25.812107],[-100.371527,25.812135],[-100.371194,25.812203]]}},{"type":"Feature","properties":{"highway":"residential","osm_id":744961823},"geometry":{"type":"LineString","coordinates":[[-100.370972,25.811506],[-100.370958,25.812334]]}},{"type":"Feature","properties":{"highway":"residential","osm_id":745318954},"geometry":{"type":"LineString","coordinates":[[-100.359068,25.80946],[-100.359061,25.809513],[-100.359036,25.809801],[-100.359045,25.809836],[-100.359064,25.809863]]}},{"type":"Feature","properties":{"highway":"residential","osm_id":745324704},"geometry":{"type":"LineString","coordinates":[[-100.359902,25.804405],[-100.359868,25.804228]]}},{"type":"Feature","properties":{"highway":"residential","osm_id":745327016},"geometry":{"type":"LineString","coordinates":[[-100.364957,25.805085],[-100.365068,25.80504],[-100.365162,25.804975],[-100.365459,25.804735],[-100.366014,25.804285],[-100.366179,25.804174]]}},{"type":"Feature","properties":{"highway":"residential","osm_id":745329550},"geometry":{"type":"LineString","coordinates":[[-100.365413,25.805774],[-100.365494,25.80544]]}},{"type":"Feature","properties":{"highway":"residential","osm_id":745329551},"geometry":{"type":"LineString","coordinates":[[-100.364561,25.8058],[-100.364461,25.805488]]}},{"type":"Feature","properties":{"highway":"residential","osm_id":745368262},"geometry":{"type":"LineString","coordinates":[[-100.371735,25.802875],[-100.371847,25.802447]]}},{"type":"Feature","properties":{"highway":"residential","osm_id":745429844},"geometry":{"type":"LineString","coordinates":[[-100.390134,25.804624],[-100.390141,25.804531],[-100.390044,25.80437],[-100.389701,25.803801],[-100.389504,25.8035],[-100.389115,25.802881],[-100.388902,25.802508],[-100.388893,25.802482],[-100.388893,25.802457],[-100.388949,25.802307],[-100.389053,25.802033],[-100.389136,25.801811],[-100.389178,25.801699]]}},{"type":"Feature","properties":{"highway":"residential","osm_id":745450336},"geometry":{"type":"LineString","coordinates":[[-100.395517,25.80274],[-100.395462,25.802699],[-100.395414,25.802653],[-100.395273,25.802394]]}},{"type":"Feature","properties":{"highway":"residential","osm_id":745450337},"geometry":{"type":"LineString","coordinates":[[-100.397542,25.803255],[-100.397442,25.803067]]}},{"type":"Feature","properties":{"highway":"residential","osm_id":745956059},"geometry":{"type":"LineString","coordinates":[[-100.375831,25.79431],[-100.375827,25.794103]]}},{"type":"Feature","properties":{"highway":"residential","osm_id":745956062},"geometry":{"type":"LineString","coordinates":[[-100.376232,25.795203],[-100.376237,25.795018],[-100.376242,25.794259]]}},{"type":"Feature","properties":{"highway":"residential","osm_id":745964705},"geometry":{"type":"LineString","coordinates":[[-100.379232,25.802065],[-100.379249,25.80174],[-100.379271,25.801369],[-100.379303,25.800974],[-100.379338,25.800582],[-100.379383,25.800209],[-100.379427,25.799812],[-100.379478,25.79945],[-100.379503,25.799332],[-100.379519,25.799287],[-100.379545,25.799229],[-100.3796,25.799155]]}},{"type":"Feature","properties":{"highway":"residential","osm_id":745964707},"geometry":{"type":"LineString","coordinates":[[-100.381318,25.795647],[-100.380836,25.795502],[-100.38016,25.795291],[-100.379543,25.795099],[-100.379149,25.794974],[-100.378944,25.794911],[-100.378802,25.79487],[-100.37868,25.794832],[-100.378132,25.794679],[-100.377298,25.794473]]}},{"type":"Feature","properties":{"highway":"residential","osm_id":745969237},"geometry":{"type":"LineString","coordinates":[[-100.377298,25.794473],[-100.377313,25.794417],[-100.377339,25.794314]]}},{"type":"Feature","properties":{"highway":"residential","osm_id":746721633},"geometry":{"type":"LineString","coordinates":[[-100.4154,25.790155],[-100.41493,25.790319],[-100.414094,25.79061],[-100.414,25.790645]]}},{"type":"Feature","properties":{"highway":"residential","osm_id":746737866},"geometry":{"type":"LineString","coordinates":[[-100.410688,25.791848],[-100.410715,25.791901],[-100.410793,25.792055],[-100.410887,25.792267]]}},{"type":"Feature","properties":{"highway":"residential","osm_id":746738108},"geometry":{"type":"LineString","coordinates":[[-100.414094,25.79061],[-100.414044,25.790452],[-100.413979,25.790262],[-100.413914,25.790071]]}},{"type":"Feature","properties":{"highway":"tertiary","osm_id":746741750},"geometry":{"type":"LineString","coordinates":[[-100.409527,25.792853],[-100.409616,25.792783],[-100.409699,25.79273],[-100.409806,25.792674],[-100.410168,25.792515],[-100.410652,25.792337],[-100.410839,25.792283],[-100.410887,25.792267]]}},{"type":"Feature","properties":{"highway":"tertiary","osm_id":746741751},"geometry":{"type":"LineString","coordinates":[[-100.414138,25.790876],[-100.414075,25.790753],[-100.414041,25.790692],[-100.414,25.790645]]}},{"type":"Feature","properties":{"highway":"residential","osm_id":747397976},"geometry":{"type":"LineString","coordinates":[[-100.324951,25.780586],[-100.325001,25.780722],[-100.325029,25.780798],[-100.325327,25.781715],[-100.325485,25.782278],[-100.325573,25.782569],[-100.325829,25.783372],[-100.32588,25.783532],[-100.326343,25.785032],[-100.326551,25.785722],[-100.326595,25.78587],[-100.326669,25.78608],[-100.326691,25.786159],[-100.326811,25.786592],[-100.326969,25.787076],[-100.327134,25.78758],[-100.327256,25.788027],[-100.327343,25.788347],[-100.327383,25.78849],[-100.32742,25.788627],[-100.327445,25.788651],[-100.32747,25.788669],[-100.327525,25.788687]]}},{"type":"Feature","properties":{"highway":"primary","osm_id":747401668},"geometry":{"type":"LineString","coordinates":[[-100.326551,25.773802],[-100.327482,25.775727],[-100.327806,25.776435],[-100.327921,25.776682],[-100.328028,25.776887],[-100.32901,25.778929],[-100.329059,25.77907],[-100.329076,25.77913],[-100.329077,25.779172],[-100.329066,25.779242],[-100.329064,25.779304],[-100.329066,25.779336],[-100.329075,25.779369],[-100.329126,25.779495],[-100.329239,25.779752],[-100.329294,25.779868],[-100.329726,25.780779],[-100.329976,25.781305]]}},{"type":"Feature","properties":{"highway":"residential","osm_id":747452900},"geometry":{"type":"LineString","coordinates":[[-100.427047,25.844677],[-100.426745,25.844928]]}},{"type":"Feature","properties":{"highway":"residential","osm_id":748824832},"geometry":{"type":"LineString","coordinates":[[-100.403735,25.800749],[-100.403739,25.800731],[-100.403731,25.800701],[-100.403685,25.800567],[-100.40357,25.8003]]}},{"type":"Feature","properties":{"highway":"service","osm_id":748824833},"geometry":{"type":"LineString","coordinates":[[-100.403748,25.800783],[-100.40383,25.800959],[-100.403835,25.800979],[-100.403835,25.800995],[-100.403831,25.801013]]}},{"type":"Feature","properties":{"highway":"residential","osm_id":751732084},"geometry":{"type":"LineString","coordinates":[[-100.266876,25.804318],[-100.267764,25.804441],[-100.268151,25.804481],[-100.269022,25.804538],[-100.269328,25.804563],[-100.269745,25.804567],[-100.269859,25.804555],[-100.269948,25.804546],[-100.270015,25.804535]]}},{"type":"Feature","properties":{"highway":"residential","osm_id":751737819},"geometry":{"type":"LineString","coordinates":[[-100.266057,25.807169],[-100.265647,25.80723]]}},{"type":"Feature","properties":{"highway":"residential","osm_id":751945715},"geometry":{"type":"LineString","coordinates":[[-100.275145,25.801094],[-100.27495,25.800911],[-100.274653,25.800654],[-100.274543,25.800566],[-100.274432,25.800471],[-100.274316,25.800368],[-100.274251,25.800319],[-100.274195,25.800302],[-100.274138,25.800299],[-100.274049,25.800301],[-100.273948,25.800308],[-100.273555,25.800339],[-100.273476,25.800346],[-100.273404,25.800366],[-100.273358,25.80039],[-100.273314,25.800431],[-100.273276,25.800479],[-100.272878,25.800443],[-100.272699,25.80043],[-100.272567,25.800422],[-100.272412,25.800416],[-100.272241,25.800409]]}},{"type":"Feature","properties":{"highway":"residential","osm_id":751945716},"geometry":{"type":"LineString","coordinates":[[-100.271822,25.802687],[-100.272072,25.802811]]}},{"type":"Feature","properties":{"highway":"residential","osm_id":751951369},"geometry":{"type":"LineString","coordinates":[[-100.267597,25.808732],[-100.26743,25.807649],[-100.267368,25.807277],[-100.267304,25.806956],[-100.26731,25.806926]]}},{"type":"Feature","properties":{"highway":"residential","osm_id":751956948},"geometry":{"type":"LineString","coordinates":[[-100.267973,25.80682],[-100.267932,25.806589],[-100.267882,25.806328]]}},{"type":"Feature","properties":{"highway":"service","osm_id":751964843},"geometry":{"type":"LineString","coordinates":[[-100.293232,25.820925],[-100.293178,25.820271],[-100.293135,25.819737],[-100.293071,25.818841],[-100.293028,25.818368],[-100.293016,25.818238]]}},{"type":"Feature","properties":{"highway":"residential","osm_id":752012034},"geometry":{"type":"LineString","coordinates":[[-100.294554,25.800034],[-100.294505,25.799576],[-100.294489,25.799531],[-100.294458,25.799502]]}},{"type":"Feature","properties":{"highway":"residential","osm_id":752841122},"geometry":{"type":"LineString","coordinates":[[-100.286985,25.8076],[-100.286974,25.807559],[-100.286954,25.807535],[-100.286919,25.807519],[-100.286577,25.807557]]}},{"type":"Feature","properties":{"highway":"residential","osm_id":752841125},"geometry":{"type":"LineString","coordinates":[[-100.287765,25.805204],[-100.286704,25.805247]]}},{"type":"Feature","properties":{"highway":"residential","osm_id":752841126},"geometry":{"type":"LineString","coordinates":[[-100.286909,25.805956],[-100.287244,25.806131]]}},{"type":"Feature","properties":{"highway":"residential","osm_id":752845042},"geometry":{"type":"LineString","coordinates":[[-100.287896,25.809982],[-100.287668,25.808947],[-100.287526,25.808254],[-100.287466,25.807931],[-100.287338,25.807117]]}},{"type":"Feature","properties":{"highway":"residential","osm_id":752847187},"geometry":{"type":"LineString","coordinates":[[-100.285922,25.80622],[-100.285796,25.806228],[-100.2848,25.806256]]}},{"type":"Feature","properties":{"highway":"residential","osm_id":752847188},"geometry":{"type":"LineString","coordinates":[[-100.288286,25.806061],[-100.28787,25.805633],[-100.287821,25.805583]]}},{"type":"Feature","properties":{"highway":"residential","osm_id":752856114},"geometry":{"type":"LineString","coordinates":[[-100.287736,25.802048],[-100.287709,25.80209],[-100.287693,25.802145],[-100.287669,25.802249],[-100.28765,25.802359],[-100.287635,25.802464],[-100.287602,25.802752]]}},{"type":"Feature","properties":{"highway":"residential","osm_id":752856117},"geometry":{"type":"LineString","coordinates":[[-100.288555,25.802801],[-100.288608,25.803269]]}},{"type":"Feature","properties":{"highway":"residential","osm_id":752856118},"geometry":{"type":"LineString","coordinates":[[-100.286625,25.803846],[-100.286123,25.803898],[-100.285625,25.803963],[-100.284625,25.804094]]}},{"type":"Feature","properties":{"highway":"residential","osm_id":752857470},"geometry":{"type":"LineString","coordinates":[[-100.289627,25.809427],[-100.28961,25.809417],[-100.289602,25.80941],[-100.289596,25.8094],[-100.289501,25.808906]]}},{"type":"Feature","properties":{"highway":"residential","osm_id":753049036},"geometry":{"type":"LineString","coordinates":[[-100.291812,25.802222],[-100.291913,25.801835],[-100.291918,25.80181],[-100.291916,25.801789],[-100.291906,25.801773]]}},{"type":"Feature","properties":{"highway":"residential","osm_id":753049037},"geometry":{"type":"LineString","coordinates":[[-100.291714,25.802573],[-100.291787,25.802295],[-100.291812,25.802222]]}},{"type":"Feature","properties":{"highway":"service","osm_id":753095586},"geometry":{"type":"LineString","coordinates":[[-100.293205,25.798886],[-100.293413,25.798883],[-100.293528,25.798881]]}},{"type":"Feature","properties":{"highway":"service","osm_id":753095590},"geometry":{"type":"LineString","coordinates":[[-100.293532,25.798755],[-100.293406,25.798758],[-100.293198,25.798763]]}},{"type":"Feature","properties":{"highway":"service","osm_id":753095591},"geometry":{"type":"LineString","coordinates":[[-100.29317,25.798201],[-100.293365,25.798149]]}},{"type":"Feature","properties":{"highway":"residential","osm_id":754081397},"geometry":{"type":"LineString","coordinates":[[-100.389178,25.801699],[-100.389212,25.801508],[-100.38922,25.801441],[-100.389247,25.801077],[-100.389224,25.800651],[-100.38919,25.80023],[-100.389178,25.800034],[-100.389174,25.799952],[-100.389166,25.799815],[-100.389143,25.799705]]}},{"type":"Feature","properties":{"highway":"residential","osm_id":754081398},"geometry":{"type":"LineString","coordinates":[[-100.389131,25.80154],[-100.38911,25.80161],[-100.389077,25.801743],[-100.388992,25.801995],[-100.388843,25.802361],[-100.388813,25.802461],[-100.388811,25.802472],[-100.388811,25.802481],[-100.388812,25.802498],[-100.388814,25.802522]]}},{"type":"Feature","properties":{"highway":"residential","osm_id":754081399},"geometry":{"type":"LineString","coordinates":[[-100.388296,25.799248],[-100.388335,25.799326],[-100.388768,25.799558],[-100.389035,25.799706],[-100.389061,25.799726],[-100.389072,25.799738],[-100.389079,25.799757],[-100.389084,25.799773],[-100.389096,25.79986],[-100.389116,25.800257],[-100.389153,25.800692],[-100.389178,25.80109],[-100.389151,25.801409],[-100.389142,25.801481],[-100.389131,25.80154]]}},{"type":"Feature","properties":{"highway":"service","osm_id":754081400},"geometry":{"type":"LineString","coordinates":[[-100.389469,25.796264],[-100.389442,25.796236],[-100.389391,25.796185],[-100.389334,25.796135]]}},{"type":"Feature","properties":{"highway":"service","osm_id":754081401},"geometry":{"type":"LineString","coordinates":[[-100.389334,25.796135],[-100.389325,25.796121],[-100.389321,25.79611],[-100.389318,25.796098],[-100.389318,25.796087],[-100.38932,25.796074],[-100.389323,25.796063],[-100.389852,25.795534]]}},{"type":"Feature","properties":{"highway":"tertiary","osm_id":755281379},"geometry":{"type":"LineString","coordinates":[[-100.384633,25.800392],[-100.384679,25.800471],[-100.384702,25.800548],[-100.384721,25.800647],[-100.384742,25.800898],[-100.384812,25.802149],[-100.384915,25.803177],[-100.384933,25.803233],[-100.384959,25.803281],[-100.385022,25.803371],[-100.385197,25.803478],[-100.386219,25.80413],[-100.386305,25.804198],[-100.386363,25.804254],[-100.386421,25.804318],[-100.38662,25.804588],[-100.386995,25.805102],[-100.387543,25.805864],[-100.387794,25.806211],[-100.388523,25.807221],[-100.389252,25.808251],[-100.389312,25.808339]]}},{"type":"Feature","properties":{"highway":"tertiary","osm_id":776338611},"geometry":{"type":"LineString","coordinates":[[-100.264047,25.809098],[-100.264029,25.809206],[-100.263987,25.809537]]}},{"type":"Feature","properties":{"highway":"tertiary","osm_id":776805007},"geometry":{"type":"LineString","coordinates":[[-100.330453,25.781499],[-100.33035,25.782093],[-100.33029,25.782325],[-100.330205,25.782788],[-100.330113,25.783247],[-100.330019,25.783703],[-100.329916,25.784198],[-100.329807,25.784675],[-100.329719,25.785134],[-100.329622,25.785598],[-100.329534,25.786069],[-100.329438,25.786536],[-100.32935,25.786993],[-100.329258,25.787467],[-100.329164,25.787901],[-100.32907,25.788379],[-100.328941,25.78901],[-100.328844,25.789508],[-100.328654,25.790438],[-100.328562,25.790925],[-100.328486,25.791286],[-100.328422,25.791602],[-100.328338,25.792128],[-100.328315,25.792321]]}},{"type":"Feature","properties":{"highway":"residential","osm_id":776805009},"geometry":{"type":"LineString","coordinates":[[-100.327907,25.790164],[-100.327705,25.790106]]}},{"type":"Feature","properties":{"highway":"residential","osm_id":777083298},"geometry":{"type":"LineString","coordinates":[[-100.359536,25.806609],[-100.359898,25.806715],[-100.360281,25.806846],[-100.360714,25.806988]]}},{"type":"Feature","properties":{"highway":"residential","osm_id":777096625},"geometry":{"type":"LineString","coordinates":[[-100.373129,25.801291],[-100.373121,25.801231],[-100.373115,25.801167],[-100.373109,25.801053],[-100.373124,25.800942],[-100.373143,25.80083],[-100.373216,25.800476],[-100.373316,25.80007],[-100.373416,25.799668],[-100.373501,25.799285],[-100.373577,25.798908],[-100.373653,25.798521]]}},{"type":"Feature","properties":{"highway":"tertiary","osm_id":777102487},"geometry":{"type":"LineString","coordinates":[[-100.414,25.790935],[-100.414138,25.790876]]}},{"type":"Feature","properties":{"highway":"tertiary","osm_id":777105087},"geometry":{"type":"LineString","coordinates":[[-100.416578,25.796336],[-100.416472,25.796375],[-100.416037,25.796538],[-100.415628,25.796691],[-100.415269,25.796824],[-100.414896,25.796964],[-100.414554,25.797091],[-100.414222,25.797215],[-100.413943,25.797314],[-100.413882,25.797336],[-100.413546,25.797458],[-100.413167,25.797607]]}},{"type":"Feature","properties":{"highway":"primary","osm_id":778638074},"geometry":{"type":"LineString","coordinates":[[-100.294902,25.819877],[-100.294671,25.81975],[-100.294481,25.819646]]}},{"type":"Feature","properties":{"highway":"tertiary","osm_id":778940326},"geometry":{"type":"LineString","coordinates":[[-100.38469,25.800328],[-100.38461,25.80025],[-100.383586,25.799426]]}},{"type":"Feature","properties":{"highway":"residential","osm_id":784002161},"geometry":{"type":"LineString","coordinates":[[-100.366179,25.804174],[-100.366438,25.804184]]}},{"type":"Feature","properties":{"highway":"residential","osm_id":784002162},"geometry":{"type":"LineString","coordinates":[[-100.366345,25.804023],[-100.366179,25.804174]]}},{"type":"Feature","properties":{"highway":"secondary","osm_id":793923768},"geometry":{"type":"LineString","coordinates":[[-100.384449,25.803809],[-100.385197,25.803478],[-100.385284,25.803435]]}},{"type":"Feature","properties":{"highway":"residential","osm_id":793923769},"geometry":{"type":"LineString","coordinates":[[-100.390834,25.800777],[-100.390119,25.799326]]}},{"type":"Feature","properties":{"highway":"residential","osm_id":793923770},"geometry":{"type":"LineString","coordinates":[[-100.39128,25.800758],[-100.391235,25.80059]]}},{"type":"Feature","properties":{"highway":"secondary","osm_id":793929369},"geometry":{"type":"LineString","coordinates":[[-100.359369,25.808084],[-100.358914,25.808022]]}},{"type":"Feature","properties":{"highway":"residential","osm_id":793956148},"geometry":{"type":"LineString","coordinates":[[-100.375615,25.798887],[-100.376034,25.79895]]}},{"type":"Feature","properties":{"highway":"service","osm_id":793960769},"geometry":{"type":"LineString","coordinates":[[-100.288105,25.827061],[-100.288097,25.827002],[-100.288106,25.826948],[-100.28814,25.826888],[-100.288187,25.826833]]}},{"type":"Feature","properties":{"highway":"service","osm_id":793960770},"geometry":{"type":"LineString","coordinates":[[-100.284174,25.826872],[-100.284681,25.826828],[-100.284837,25.826828],[-100.284921,25.82683],[-100.28498,25.826844],[-100.285016,25.826875],[-100.285044,25.826945],[-100.285095,25.827213]]}},{"type":"Feature","properties":{"highway":"tertiary","osm_id":793967690},"geometry":{"type":"LineString","coordinates":[[-100.295423,25.825535],[-100.294908,25.825632],[-100.294629,25.825677],[-100.293708,25.825819],[-100.293154,25.825902],[-100.292586,25.825991]]}},{"type":"Feature","properties":{"highway":"tertiary","osm_id":793968946},"geometry":{"type":"LineString","coordinates":[[-100.392799,25.800945],[-100.39262,25.800596],[-100.392444,25.800247]]}},{"type":"Feature","properties":{"highway":"tertiary","osm_id":793970266},"geometry":{"type":"LineString","coordinates":[[-100.292586,25.825991],[-100.292383,25.826027],[-100.292233,25.826062],[-100.292073,25.8261],[-100.292049,25.826115],[-100.292034,25.826137]]}},{"type":"Feature","properties":{"highway":"residential","osm_id":794428317},"geometry":{"type":"LineString","coordinates":[[-100.413882,25.797336],[-100.413433,25.796349]]}},{"type":"Feature","properties":{"highway":"tertiary","osm_id":794466616},"geometry":{"type":"LineString","coordinates":[[-100.394009,25.803291],[-100.393886,25.803013],[-100.39371,25.802662],[-100.39353,25.802333],[-100.393334,25.801985],[-100.393161,25.801639],[-100.392982,25.801302],[-100.392799,25.800945]]}},{"type":"Feature","properties":{"highway":"tertiary","osm_id":794474458},"geometry":{"type":"LineString","coordinates":[[-100.395279,25.79895],[-100.395318,25.798934],[-100.395625,25.798807],[-100.396098,25.798602],[-100.397154,25.798143],[-100.398544,25.797522],[-100.400407,25.796655]]}},{"type":"Feature","properties":{"highway":"tertiary","osm_id":794474459},"geometry":{"type":"LineString","coordinates":[[-100.396026,25.798455],[-100.395555,25.798661],[-100.395242,25.798786],[-100.395198,25.798805]]}},{"type":"Feature","properties":{"highway":"tertiary","osm_id":794474461},"geometry":{"type":"LineString","coordinates":[[-100.392444,25.800247],[-100.393845,25.799598],[-100.394157,25.799451],[-100.395279,25.79895]]}},{"type":"Feature","properties":{"highway":"residential","osm_id":794490312},"geometry":{"type":"LineString","coordinates":[[-100.376067,25.796253],[-100.376486,25.796322]]}},{"type":"Feature","properties":{"highway":"residential","osm_id":794490313},"geometry":{"type":"LineString","coordinates":[[-100.375855,25.797388],[-100.37628,25.797454]]}},{"type":"Feature","properties":{"highway":"residential","osm_id":794490314},"geometry":{"type":"LineString","coordinates":[[-100.375735,25.798129],[-100.375949,25.798166],[-100.376163,25.798201]]}},{"type":"Feature","properties":{"highway":"residential","osm_id":794847540},"geometry":{"type":"LineString","coordinates":[[-100.403748,25.800783],[-100.403793,25.800797],[-100.403838,25.800801],[-100.403966,25.800786]]}},{"type":"Feature","properties":{"highway":"service","osm_id":794860707},"geometry":{"type":"LineString","coordinates":[[-100.294787,25.817323],[-100.294836,25.817321],[-100.294876,25.817321],[-100.294916,25.817319]]}},{"type":"Feature","properties":{"highway":"service","osm_id":794860719},"geometry":{"type":"LineString","coordinates":[[-100.294725,25.816476],[-100.294282,25.816507],[-100.294162,25.816515],[-100.293921,25.816531]]}},{"type":"Feature","properties":{"highway":"service","osm_id":794860722},"geometry":{"type":"LineString","coordinates":[[-100.293846,25.815389],[-100.293887,25.816018],[-100.293921,25.816531],[-100.29393,25.816642],[-100.293994,25.817499],[-100.294011,25.817789],[-100.294025,25.818033],[-100.294066,25.818741]]}},{"type":"Feature","properties":{"highway":"service","osm_id":794860723},"geometry":{"type":"LineString","coordinates":[[-100.293485,25.813861],[-100.293523,25.814288]]}},{"type":"Feature","properties":{"highway":"service","osm_id":794860724},"geometry":{"type":"LineString","coordinates":[[-100.294197,25.813679],[-100.293581,25.813768],[-100.293529,25.813782],[-100.293497,25.81381],[-100.293485,25.813861]]}},{"type":"Feature","properties":{"highway":"service","osm_id":794860725},"geometry":{"type":"LineString","coordinates":[[-100.294259,25.814245],[-100.294304,25.814232],[-100.29433,25.814204],[-100.294341,25.814158],[-100.294308,25.813749],[-100.294288,25.813705],[-100.294251,25.813683],[-100.294197,25.813679]]}},{"type":"Feature","properties":{"highway":"service","osm_id":794860726},"geometry":{"type":"LineString","coordinates":[[-100.293523,25.814288],[-100.294259,25.814245]]}},{"type":"Feature","properties":{"highway":"service","osm_id":794860727},"geometry":{"type":"LineString","coordinates":[[-100.294035,25.815385],[-100.293846,25.815389],[-100.293699,25.81538],[-100.293632,25.815351],[-100.293594,25.81529],[-100.293567,25.81493],[-100.29354,25.814569],[-100.293523,25.814288]]}},{"type":"Feature","properties":{"highway":"service","osm_id":794860729},"geometry":{"type":"LineString","coordinates":[[-100.294479,25.815427],[-100.294514,25.816037],[-100.294535,25.816296],[-100.294524,25.816332],[-100.294499,25.81635],[-100.294425,25.816358],[-100.294395,25.816345],[-100.294379,25.816316],[-100.294361,25.816117]]}},{"type":"Feature","properties":{"highway":"service","osm_id":794860730},"geometry":{"type":"LineString","coordinates":[[-100.294381,25.815297],[-100.294389,25.815431]]}},{"type":"Feature","properties":{"highway":"service","osm_id":794860731},"geometry":{"type":"LineString","coordinates":[[-100.294035,25.815385],[-100.294169,25.815442],[-100.294293,25.815437],[-100.294389,25.815431],[-100.294479,25.815427],[-100.29464,25.815417]]}},{"type":"Feature","properties":{"highway":"service","osm_id":794860732},"geometry":{"type":"LineString","coordinates":[[-100.294628,25.815282],[-100.294469,25.815292],[-100.294381,25.815297],[-100.294285,25.815303],[-100.294153,25.815313],[-100.294035,25.815385]]}},{"type":"Feature","properties":{"highway":"service","osm_id":794862271},"geometry":{"type":"LineString","coordinates":[[-100.390103,25.796139],[-100.389989,25.796172],[-100.389971,25.796174],[-100.389955,25.796173],[-100.389937,25.796161],[-100.389854,25.796018],[-100.389847,25.796003],[-100.389844,25.795995],[-100.38984,25.795987],[-100.389839,25.795976],[-100.38984,25.795961],[-100.38986,25.795939],[-100.389984,25.795867]]}},{"type":"Feature","properties":{"highway":"service","osm_id":794868087},"geometry":{"type":"LineString","coordinates":[[-100.293984,25.812939],[-100.293955,25.812868]]}},{"type":"Feature","properties":{"highway":"service","osm_id":794868088},"geometry":{"type":"LineString","coordinates":[[-100.293876,25.812895],[-100.293892,25.81296]]}},{"type":"Feature","properties":{"highway":"service","osm_id":794868089},"geometry":{"type":"LineString","coordinates":[[-100.293892,25.81296],[-100.29388,25.812989],[-100.293884,25.81302],[-100.293904,25.813045],[-100.293934,25.813059],[-100.293969,25.813059],[-100.293999,25.813045],[-100.294019,25.813019],[-100.294022,25.812988],[-100.29401,25.812959],[-100.293984,25.812939],[-100.293951,25.812931],[-100.293917,25.812939],[-100.293892,25.81296]]}},{"type":"Feature","properties":{"highway":"service","osm_id":794868090},"geometry":{"type":"LineString","coordinates":[[-100.293948,25.812756],[-100.293888,25.812765],[-100.293701,25.812759],[-100.293634,25.812769],[-100.293544,25.812791],[-100.293442,25.812846],[-100.293414,25.812868],[-100.293404,25.812905],[-100.293399,25.81301]]}},{"type":"Feature","properties":{"highway":"service","osm_id":794868091},"geometry":{"type":"LineString","coordinates":[[-100.293399,25.81301],[-100.293496,25.812972],[-100.293558,25.812942],[-100.293636,25.812912],[-100.293718,25.812899],[-100.293813,25.812899],[-100.293876,25.812895],[-100.293955,25.812868],[-100.293994,25.812842]]}},{"type":"Feature","properties":{"highway":"service","osm_id":794868092},"geometry":{"type":"LineString","coordinates":[[-100.294131,25.812701],[-100.294146,25.812776]]}},{"type":"Feature","properties":{"highway":"service","osm_id":794868093},"geometry":{"type":"LineString","coordinates":[[-100.294413,25.812643],[-100.294324,25.812666],[-100.294237,25.812681],[-100.294172,25.812693],[-100.294131,25.812701],[-100.294073,25.812714],[-100.294027,25.81273],[-100.29399,25.812741],[-100.293948,25.812756]]}},{"type":"Feature","properties":{"highway":"primary","osm_id":794870536},"geometry":{"type":"LineString","coordinates":[[-100.294725,25.816476],[-100.294757,25.816931],[-100.294787,25.817323]]}},{"type":"Feature","properties":{"highway":"primary","osm_id":794912964},"geometry":{"type":"LineString","coordinates":[[-100.294147,25.809227],[-100.294189,25.809857]]}},{"type":"Feature","properties":{"highway":"residential","osm_id":794921331},"geometry":{"type":"LineString","coordinates":[[-100.372865,25.812964],[-100.37288,25.813036],[-100.372896,25.81316],[-100.372934,25.813555],[-100.372951,25.813737]]}},{"type":"Feature","properties":{"highway":"residential","osm_id":794921338},"geometry":{"type":"LineString","coordinates":[[-100.414761,25.801033],[-100.414652,25.800831],[-100.414458,25.80047]]}},{"type":"Feature","properties":{"highway":"residential","osm_id":794924855},"geometry":{"type":"LineString","coordinates":[[-100.371192,25.812957],[-100.371158,25.813106],[-100.371137,25.81323]]}},{"type":"Feature","properties":{"highway":"service","osm_id":797026744},"geometry":{"type":"LineString","coordinates":[[-100.294329,25.811487],[-100.294105,25.811499],[-100.294004,25.811506]]}},{"type":"Feature","properties":{"highway":"service","osm_id":797026745},"geometry":{"type":"LineString","coordinates":[[-100.294011,25.811588],[-100.294117,25.811586],[-100.294337,25.811579]]}},{"type":"Feature","properties":{"highway":"service","osm_id":797026746},"geometry":{"type":"LineString","coordinates":[[-100.294031,25.811921],[-100.294045,25.81236]]}},{"type":"Feature","properties":{"highway":"service","osm_id":797026747},"geometry":{"type":"LineString","coordinates":[[-100.293907,25.811461],[-100.293877,25.811481],[-100.293852,25.811505],[-100.293836,25.811536],[-100.293835,25.811566],[-100.29385,25.811601],[-100.293878,25.811619],[-100.293928,25.811619],[-100.293963,25.811607],[-100.294011,25.811588]]}},{"type":"Feature","properties":{"highway":"service","osm_id":797026748},"geometry":{"type":"LineString","coordinates":[[-100.294004,25.811506],[-100.293956,25.811483],[-100.293907,25.811461],[-100.293837,25.811422],[-100.293795,25.811402],[-100.293744,25.811393],[-100.293296,25.81142],[-100.293263,25.811438],[-100.293245,25.811469],[-100.293241,25.811511],[-100.293267,25.811901],[-100.293278,25.811928],[-100.293298,25.811943],[-100.293339,25.811955],[-100.293893,25.811928],[-100.294031,25.811921],[-100.294015,25.811657],[-100.294011,25.811588],[-100.29401,25.811548],[-100.294004,25.811506]]}},{"type":"Feature","properties":{"highway":"service","osm_id":797044374},"geometry":{"type":"LineString","coordinates":[[-100.293919,25.809866],[-100.293931,25.808973],[-100.293825,25.808969],[-100.293745,25.808968],[-100.293613,25.808974],[-100.293379,25.808978],[-100.293286,25.809005],[-100.293239,25.809049],[-100.293218,25.809121],[-100.293266,25.809887]]}},{"type":"Feature","properties":{"highway":"service","osm_id":797044375},"geometry":{"type":"LineString","coordinates":[[-100.293266,25.809887],[-100.293273,25.80996],[-100.29328,25.810248],[-100.293275,25.810282],[-100.293253,25.810318],[-100.293212,25.810364],[-100.293199,25.810393],[-100.293194,25.810429],[-100.293243,25.810791],[-100.293276,25.810838],[-100.293331,25.810855],[-100.293884,25.81085],[-100.293909,25.810838],[-100.293922,25.810819],[-100.293935,25.810791],[-100.293907,25.810236],[-100.293899,25.810211],[-100.293881,25.810195],[-100.293851,25.810185],[-100.293479,25.810205]]}},{"type":"Feature","properties":{"highway":"primary","osm_id":797056699},"geometry":{"type":"LineString","coordinates":[[-100.293413,25.798883],[-100.293499,25.800276]]}},{"type":"Feature","properties":{"highway":"primary","osm_id":797056700},"geometry":{"type":"LineString","coordinates":[[-100.293392,25.79846],[-100.293406,25.798758],[-100.293413,25.798883]]}},{"type":"Feature","properties":{"highway":"primary","osm_id":797056701},"geometry":{"type":"LineString","coordinates":[[-100.293528,25.799353],[-100.293528,25.798881],[-100.293532,25.798755]]}},{"type":"Feature","properties":{"highway":"primary","osm_id":797056702},"geometry":{"type":"LineString","coordinates":[[-100.293556,25.800274],[-100.293546,25.799998],[-100.293536,25.799598],[-100.293528,25.799353]]}},{"type":"Feature","properties":{"highway":"primary","osm_id":797065020},"geometry":{"type":"LineString","coordinates":[[-100.293532,25.798755],[-100.293523,25.798086],[-100.293436,25.796933],[-100.293351,25.795829],[-100.293346,25.795676],[-100.293338,25.795549],[-100.293307,25.795119],[-100.293277,25.794736],[-100.293214,25.7939]]}},{"type":"Feature","properties":{"highway":"service","osm_id":797065021},"geometry":{"type":"LineString","coordinates":[[-100.293464,25.79511],[-100.293451,25.794789],[-100.293447,25.794772],[-100.293438,25.794753],[-100.29342,25.794737],[-100.293392,25.794729],[-100.293277,25.794736]]}},{"type":"Feature","properties":{"highway":"service","osm_id":797065023},"geometry":{"type":"LineString","coordinates":[[-100.293681,25.795215],[-100.293626,25.79516]]}},{"type":"Feature","properties":{"highway":"service","osm_id":797065024},"geometry":{"type":"LineString","coordinates":[[-100.293626,25.79516],[-100.293574,25.795132],[-100.293531,25.795121],[-100.293464,25.79511],[-100.293307,25.795119]]}},{"type":"Feature","properties":{"highway":"service","osm_id":797065025},"geometry":{"type":"LineString","coordinates":[[-100.293338,25.795549],[-100.293519,25.795414],[-100.293745,25.795273],[-100.293724,25.795253],[-100.293681,25.795215]]}},{"type":"Feature","properties":{"highway":"primary","osm_id":797092560},"geometry":{"type":"LineString","coordinates":[[-100.292999,25.793328],[-100.293041,25.793849],[-100.293051,25.793973],[-100.293137,25.794993],[-100.293144,25.795278],[-100.293155,25.795492],[-100.293165,25.795638],[-100.293172,25.795724],[-100.293175,25.795799],[-100.293178,25.795844],[-100.293179,25.795866],[-100.293243,25.796883],[-100.293303,25.797444],[-100.293334,25.797809],[-100.293354,25.798043],[-100.293365,25.798149],[-100.293392,25.79846]]}},{"type":"Feature","properties":{"highway":"residential","osm_id":797124690},"geometry":{"type":"LineString","coordinates":[[-100.331649,25.7756],[-100.331699,25.77563],[-100.331762,25.775667]]}},{"type":"Feature","properties":{"highway":"residential","osm_id":797124691},"geometry":{"type":"LineString","coordinates":[[-100.331456,25.776514],[-100.331483,25.776522],[-100.331511,25.776536],[-100.331546,25.776554],[-100.331577,25.776577]]}},{"type":"Feature","properties":{"highway":"residential","osm_id":797124692},"geometry":{"type":"LineString","coordinates":[[-100.330766,25.780499],[-100.33072,25.780493],[-100.33065,25.780495]]}},{"type":"Feature","properties":{"highway":"primary","osm_id":798016385},"geometry":{"type":"LineString","coordinates":[[-100.295363,25.820178],[-100.295303,25.820099],[-100.295229,25.820023],[-100.295144,25.819969],[-100.295044,25.819923],[-100.294902,25.819877]]}},{"type":"Feature","properties":{"highway":"service","osm_id":798088984},"geometry":{"type":"LineString","coordinates":[[-100.283023,25.809953],[-100.283068,25.809934],[-100.283102,25.809898],[-100.283381,25.809371]]}},{"type":"Feature","properties":{"highway":"service","osm_id":798091381},"geometry":{"type":"LineString","coordinates":[[-100.294608,25.818663],[-100.294659,25.818629],[-100.294864,25.818494]]}},{"type":"Feature","properties":{"highway":"primary","osm_id":798092648},"geometry":{"type":"LineString","coordinates":[[-100.294902,25.819877],[-100.294892,25.819986],[-100.294898,25.820128]]}},{"type":"Feature","properties":{"highway":"primary","osm_id":798101107},"geometry":{"type":"LineString","coordinates":[[-100.33035,25.782093],[-100.330421,25.782242]]}},{"type":"Feature","properties":{"highway":"primary","osm_id":798115344},"geometry":{"type":"LineString","coordinates":[[-100.329976,25.781305],[-100.330223,25.781826],[-100.33035,25.782093]]}},{"type":"Feature","properties":{"highway":"service","osm_id":800152726},"geometry":{"type":"LineString","coordinates":[[-100.27452,25.803759],[-100.274411,25.803996],[-100.27429,25.804281]]}},{"type":"Feature","properties":{"highway":"service","osm_id":800154266},"geometry":{"type":"LineString","coordinates":[[-100.27554,25.801533],[-100.275434,25.801443]]}},{"type":"Feature","properties":{"highway":"service","osm_id":800154267},"geometry":{"type":"LineString","coordinates":[[-100.27561,25.801453],[-100.275578,25.801485],[-100.27554,25.801533],[-100.27555,25.801561],[-100.275556,25.801607],[-100.275559,25.801653],[-100.275552,25.801701]]}},{"type":"Feature","properties":{"highway":"service","osm_id":800154268},"geometry":{"type":"LineString","coordinates":[[-100.274726,25.800982],[-100.274711,25.801018],[-100.274621,25.801182]]}},{"type":"Feature","properties":{"highway":"service","osm_id":800154269},"geometry":{"type":"LineString","coordinates":[[-100.274648,25.803804],[-100.274682,25.80372],[-100.274711,25.803647],[-100.274742,25.803564],[-100.274758,25.803497],[-100.27478,25.803338],[-100.274796,25.803241],[-100.274811,25.803155],[-100.27484,25.802961],[-100.274849,25.802863],[-100.27486,25.802669],[-100.27487,25.802598],[-100.274891,25.802507],[-100.27492,25.8024],[-100.274929,25.802328],[-100.274923,25.802259],[-100.274875,25.802074]]}},{"type":"Feature","properties":{"highway":"tertiary","osm_id":800156876},"geometry":{"type":"LineString","coordinates":[[-100.276221,25.802332],[-100.276069,25.802668]]}},{"type":"Feature","properties":{"highway":"tertiary","osm_id":800156877},"geometry":{"type":"LineString","coordinates":[[-100.276069,25.802668],[-100.276024,25.802769]]}},{"type":"Feature","properties":{"highway":"tertiary","osm_id":800156878},"geometry":{"type":"LineString","coordinates":[[-100.276588,25.801531],[-100.276477,25.801772],[-100.276221,25.802332]]}},{"type":"Feature","properties":{"highway":"service","osm_id":800466427},"geometry":{"type":"LineString","coordinates":[[-100.268494,25.806844],[-100.268617,25.806788],[-100.268635,25.80678],[-100.2688,25.806708],[-100.268855,25.806706],[-100.269461,25.80679]]}},{"type":"Feature","properties":{"highway":"service","osm_id":800466428},"geometry":{"type":"LineString","coordinates":[[-100.26813,25.806557],[-100.268108,25.806436]]}},{"type":"Feature","properties":{"highway":"service","osm_id":800466429},"geometry":{"type":"LineString","coordinates":[[-100.267932,25.806589],[-100.267991,25.806579],[-100.26813,25.806557],[-100.268148,25.806656]]}},{"type":"Feature","properties":{"highway":"residential","osm_id":800470671},"geometry":{"type":"LineString","coordinates":[[-100.268246,25.809952],[-100.268317,25.809858],[-100.268537,25.80959],[-100.268676,25.809373],[-100.26871,25.809272],[-100.268738,25.809175],[-100.268782,25.808989]]}},{"type":"Feature","properties":{"highway":"residential","osm_id":800470672},"geometry":{"type":"LineString","coordinates":[[-100.26971,25.807676],[-100.269561,25.807643],[-100.269213,25.807605],[-100.268755,25.807565],[-100.268607,25.807548],[-100.268407,25.807537],[-100.268238,25.807547],[-100.268003,25.807575],[-100.267853,25.807595],[-100.26743,25.807649]]}},{"type":"Feature","properties":{"highway":"residential","osm_id":800813503},"geometry":{"type":"LineString","coordinates":[[-100.266114,25.807539],[-100.265707,25.807592]]}},{"type":"Feature","properties":{"highway":"residential","osm_id":800813504},"geometry":{"type":"LineString","coordinates":[[-100.268534,25.807129],[-100.267953,25.807199],[-100.267368,25.807277]]}},{"type":"Feature","properties":{"highway":"tertiary","osm_id":804323792},"geometry":{"type":"LineString","coordinates":[[-100.414,25.790645],[-100.410781,25.79181],[-100.410688,25.791848]]}},{"type":"Feature","properties":{"highway":"tertiary","osm_id":804323793},"geometry":{"type":"LineString","coordinates":[[-100.402255,25.796869],[-100.401982,25.796802]]}},{"type":"Feature","properties":{"highway":"tertiary","osm_id":804323794},"geometry":{"type":"LineString","coordinates":[[-100.40201,25.796861],[-100.40228,25.796934]]}},{"type":"Feature","properties":{"highway":"tertiary","osm_id":804323795},"geometry":{"type":"LineString","coordinates":[[-100.401982,25.796802],[-100.401352,25.796645],[-100.400771,25.796527],[-100.400637,25.796498],[-100.400528,25.796484],[-100.400468,25.796484],[-100.400377,25.796483],[-100.400262,25.796539],[-100.39845,25.797348],[-100.397063,25.797983],[-100.396801,25.798102],[-100.396026,25.798455]]}},{"type":"Feature","properties":{"highway":"tertiary","osm_id":804323796},"geometry":{"type":"LineString","coordinates":[[-100.410688,25.791848],[-100.410577,25.791893],[-100.410469,25.79195],[-100.410353,25.79202],[-100.410229,25.792106],[-100.409487,25.792758],[-100.407793,25.794359]]}},{"type":"Feature","properties":{"highway":"secondary","osm_id":804411591},"geometry":{"type":"LineString","coordinates":[[-100.39225,25.80033],[-100.392444,25.800247]]}},{"type":"Feature","properties":{"highway":"tertiary","osm_id":804411592},"geometry":{"type":"LineString","coordinates":[[-100.395198,25.798805],[-100.394079,25.799301],[-100.392362,25.800084]]}},{"type":"Feature","properties":{"highway":"residential","osm_id":837728874},"geometry":{"type":"LineString","coordinates":[[-100.364564,25.805161],[-100.364676,25.805241],[-100.36475,25.805286],[-100.364826,25.805334],[-100.365219,25.805635],[-100.365413,25.805774],[-100.365616,25.805931]]}},{"type":"Feature","properties":{"highway":"service","osm_id":843049167},"geometry":{"type":"LineString","coordinates":[[-100.294162,25.816515],[-100.294144,25.81619]]}},{"type":"Feature","properties":{"highway":"service","osm_id":843049168},"geometry":{"type":"LineString","coordinates":[[-100.294275,25.814908],[-100.293567,25.81493]]}},{"type":"Feature","properties":{"highway":"service","osm_id":843094417},"geometry":{"type":"LineString","coordinates":[[-100.294015,25.811657],[-100.294086,25.811676],[-100.29412,25.811695],[-100.294143,25.811728],[-100.294156,25.81177],[-100.294171,25.811888],[-100.2942,25.812497],[-100.294191,25.812544],[-100.294164,25.812572],[-100.294124,25.812579],[-100.294089,25.812573],[-100.294063,25.812542],[-100.294054,25.812497],[-100.294045,25.81236]]}},{"type":"Feature","properties":{"highway":"service","osm_id":843143711},"geometry":{"type":"LineString","coordinates":[[-100.294011,25.817789],[-100.294448,25.817729],[-100.294531,25.817695],[-100.294566,25.81764],[-100.294574,25.817544],[-100.294483,25.816717],[-100.294462,25.816653],[-100.294405,25.816623],[-100.294324,25.816621],[-100.29393,25.816642]]}},{"type":"Feature","properties":{"highway":"service","osm_id":843143712},"geometry":{"type":"LineString","coordinates":[[-100.294827,25.817924],[-100.294656,25.817941],[-100.294025,25.818033]]}},{"type":"Feature","properties":{"highway":"service","osm_id":843143714},"geometry":{"type":"LineString","coordinates":[[-100.284174,25.826872],[-100.283914,25.826897],[-100.283852,25.826893],[-100.283819,25.82687],[-100.283796,25.826809],[-100.283651,25.825889],[-100.283656,25.825821],[-100.283694,25.825766],[-100.28379,25.825744],[-100.284,25.825725],[-100.284343,25.825713],[-100.284426,25.825731],[-100.284477,25.82578],[-100.284497,25.825855],[-100.284681,25.826828]]}},{"type":"Feature","properties":{"highway":"service","osm_id":843143719},"geometry":{"type":"LineString","coordinates":[[-100.288311,25.826814],[-100.28832,25.826896],[-100.288331,25.827],[-100.288363,25.827171],[-100.288391,25.827346],[-100.288382,25.827409],[-100.28833,25.827453],[-100.288254,25.827479],[-100.287775,25.827561],[-100.287712,25.827555],[-100.287662,25.827534],[-100.28763,25.827474],[-100.287593,25.827298],[-100.287556,25.827107],[-100.287524,25.826933]]}},{"type":"Feature","properties":{"highway":"service","osm_id":843392732},"geometry":{"type":"LineString","coordinates":[[-100.289346,25.826569],[-100.289334,25.826472],[-100.289308,25.826275],[-100.289235,25.825626],[-100.289129,25.824231],[-100.289085,25.823649]]}},{"type":"Feature","properties":{"highway":"service","osm_id":843428867},"geometry":{"type":"LineString","coordinates":[[-100.287552,25.826427],[-100.287564,25.826535],[-100.287558,25.826618],[-100.287544,25.826749],[-100.287501,25.826853]]}},{"type":"Feature","properties":{"highway":"service","osm_id":843428868},"geometry":{"type":"LineString","coordinates":[[-100.288295,25.826302],[-100.288041,25.826345],[-100.287552,25.826427]]}},{"type":"Feature","properties":{"highway":"service","osm_id":843428869},"geometry":{"type":"LineString","coordinates":[[-100.288295,25.826302],[-100.288252,25.826023],[-100.288231,25.825944],[-100.288176,25.825911],[-100.28811,25.825901],[-100.287962,25.825924],[-100.287606,25.825981],[-100.287536,25.826011],[-100.287512,25.826056],[-100.287511,25.826123],[-100.287552,25.826427]]}},{"type":"Feature","properties":{"highway":"service","osm_id":843428870},"geometry":{"type":"LineString","coordinates":[[-100.288487,25.826703],[-100.288411,25.826616],[-100.288346,25.82649],[-100.288313,25.826409],[-100.288295,25.826302]]}},{"type":"Feature","properties":{"highway":"service","osm_id":843428871},"geometry":{"type":"LineString","coordinates":[[-100.289693,25.826419],[-100.289662,25.826233],[-100.28962,25.826023],[-100.289528,25.825467],[-100.289539,25.825319],[-100.289619,25.825165]]}},{"type":"Feature","properties":{"highway":"service","osm_id":843428872},"geometry":{"type":"LineString","coordinates":[[-100.291078,25.826004],[-100.291104,25.826118]]}},{"type":"Feature","properties":{"highway":"service","osm_id":843428873},"geometry":{"type":"LineString","coordinates":[[-100.290414,25.825301],[-100.290383,25.825369],[-100.2904,25.825437],[-100.290518,25.825567],[-100.290888,25.825926],[-100.290949,25.825978],[-100.29102,25.826002],[-100.291078,25.826004],[-100.291171,25.825961],[-100.291234,25.825906]]}},{"type":"Feature","properties":{"highway":"service","osm_id":843428874},"geometry":{"type":"LineString","coordinates":[[-100.291301,25.826118],[-100.291104,25.826118],[-100.29091,25.826142],[-100.290743,25.826168],[-100.290629,25.826196],[-100.290493,25.826249],[-100.290261,25.826317],[-100.290032,25.826368],[-100.289693,25.826419],[-100.289334,25.826472]]}},{"type":"Feature","properties":{"highway":"service","osm_id":843428875},"geometry":{"type":"LineString","coordinates":[[-100.290193,25.824846],[-100.290142,25.824897],[-100.290125,25.824961],[-100.290143,25.825048],[-100.290188,25.825136],[-100.290261,25.825211],[-100.290414,25.825301],[-100.290582,25.82539],[-100.290739,25.825518],[-100.291171,25.825961],[-100.291243,25.826031],[-100.291277,25.826069],[-100.291301,25.826118],[-100.291312,25.82617],[-100.291316,25.826245]]}},{"type":"Feature","properties":{"highway":"service","osm_id":843428876},"geometry":{"type":"LineString","coordinates":[[-100.291526,25.82621],[-100.29143,25.826127],[-100.291389,25.826086],[-100.291349,25.826038],[-100.291309,25.825992],[-100.291234,25.825906],[-100.290827,25.82546],[-100.290742,25.825354],[-100.2907,25.825301],[-100.290637,25.82516],[-100.290629,25.825104],[-100.290594,25.825011],[-100.290547,25.824941],[-100.290465,25.824869],[-100.290386,25.824834],[-100.290277,25.824821],[-100.290193,25.824846]]}},{"type":"Feature","properties":{"highway":"service","osm_id":843439023},"geometry":{"type":"LineString","coordinates":[[-100.293454,25.818286],[-100.293304,25.816577],[-100.293218,25.815562]]}},{"type":"Feature","properties":{"highway":"service","osm_id":843439024},"geometry":{"type":"LineString","coordinates":[[-100.293304,25.816577],[-100.293921,25.816531]]}},{"type":"Feature","properties":{"highway":"service","osm_id":843439026},"geometry":{"type":"LineString","coordinates":[[-100.288087,25.826525],[-100.288041,25.826345],[-100.287962,25.825924]]}},{"type":"Feature","properties":{"highway":"service","osm_id":844155476},"geometry":{"type":"LineString","coordinates":[[-100.363907,25.808838],[-100.363887,25.808929],[-100.363884,25.808934],[-100.36388,25.808938],[-100.363872,25.808939],[-100.363861,25.808939],[-100.363801,25.808933],[-100.363707,25.808922]]}},{"type":"Feature","properties":{"highway":"service","osm_id":844155477},"geometry":{"type":"LineString","coordinates":[[-100.363618,25.809297],[-100.363707,25.808922],[-100.363709,25.808913],[-100.363733,25.808815]]}},{"type":"Feature","properties":{"highway":"service","osm_id":844155478},"geometry":{"type":"LineString","coordinates":[[-100.359416,25.803934],[-100.35869,25.803881],[-100.358672,25.803873],[-100.358663,25.803863],[-100.358661,25.803848]]}},{"type":"Feature","properties":{"highway":"service","osm_id":844155479},"geometry":{"type":"LineString","coordinates":[[-100.359321,25.804027],[-100.359357,25.804028],[-100.359368,25.804025],[-100.359374,25.804018],[-100.359379,25.804007],[-100.359397,25.803965],[-100.359416,25.803934],[-100.359481,25.80386],[-100.3595,25.803837],[-100.359511,25.803815],[-100.359518,25.803786],[-100.359533,25.803606],[-100.359529,25.803569],[-100.359519,25.803541],[-100.359499,25.803522],[-100.359462,25.803511],[-100.358731,25.803459]]}},{"type":"Feature","properties":{"highway":"service","osm_id":845101860},"geometry":{"type":"LineString","coordinates":[[-100.359481,25.80386],[-100.359306,25.803845],[-100.358904,25.803815],[-100.358696,25.8038],[-100.358681,25.803804],[-100.358668,25.803814],[-100.358663,25.803828],[-100.358661,25.803848]]}},{"type":"Feature","properties":{"highway":"residential","osm_id":845101861},"geometry":{"type":"LineString","coordinates":[[-100.361901,25.803698],[-100.361997,25.803689],[-100.362114,25.803683],[-100.362229,25.803686]]}},{"type":"Feature","properties":{"highway":"residential","osm_id":845626692},"geometry":{"type":"LineString","coordinates":[[-100.41254,25.796532],[-100.412671,25.796484]]}},{"type":"Feature","properties":{"highway":"residential","osm_id":845631464},"geometry":{"type":"LineString","coordinates":[[-100.416171,25.800218],[-100.416123,25.800089],[-100.416072,25.799986],[-100.41612,25.799867],[-100.416166,25.799763],[-100.416257,25.79964],[-100.416343,25.799529],[-100.416391,25.799444],[-100.416419,25.79934]]}},{"type":"Feature","properties":{"highway":"residential","osm_id":846359969},"geometry":{"type":"LineString","coordinates":[[-100.41493,25.790319],[-100.415002,25.790474]]}},{"type":"Feature","properties":{"highway":"service","osm_id":846368020},"geometry":{"type":"LineString","coordinates":[[-100.401519,25.808773],[-100.401409,25.808591],[-100.401226,25.808671],[-100.401116,25.808715],[-100.400987,25.808749],[-100.400826,25.808782],[-100.400598,25.808816],[-100.400035,25.808917],[-100.39949,25.809007],[-100.399345,25.809024],[-100.399217,25.809026],[-100.399101,25.809009],[-100.398989,25.80898],[-100.398889,25.808947],[-100.398788,25.808898],[-100.398702,25.80884],[-100.398632,25.808765],[-100.39856,25.808657],[-100.398473,25.808472]]}},{"type":"Feature","properties":{"highway":"residential","osm_id":847562509},"geometry":{"type":"LineString","coordinates":[[-100.403735,25.800749],[-100.403748,25.800783]]}},{"type":"Feature","properties":{"highway":"unclassified","osm_id":849666823},"geometry":{"type":"LineString","coordinates":[[-100.42045,25.797161],[-100.419701,25.797721],[-100.419587,25.797824],[-100.419545,25.79791],[-100.419528,25.798033]]}},{"type":"Feature","properties":{"highway":"residential","osm_id":849676943},"geometry":{"type":"LineString","coordinates":[[-100.419701,25.797721],[-100.419568,25.79776],[-100.419427,25.797816],[-100.419289,25.797884],[-100.41916,25.797965]]}},{"type":"Feature","properties":{"highway":"residential","osm_id":851406403},"geometry":{"type":"LineString","coordinates":[[-100.412013,25.842006],[-100.411968,25.841916],[-100.411937,25.841862],[-100.411901,25.841822],[-100.411843,25.841792],[-100.411564,25.841716]]}},{"type":"Feature","properties":{"highway":"residential","osm_id":851406404},"geometry":{"type":"LineString","coordinates":[[-100.410168,25.842928],[-100.411843,25.841792]]}},{"type":"Feature","properties":{"highway":"residential","osm_id":851406406},"geometry":{"type":"LineString","coordinates":[[-100.40847,25.843967],[-100.408595,25.843919],[-100.408741,25.843848],[-100.408952,25.843738],[-100.410168,25.842928]]}},{"type":"Feature","properties":{"highway":"residential","osm_id":852252696},"geometry":{"type":"LineString","coordinates":[[-100.403363,25.846974],[-100.40339,25.846871],[-100.403463,25.846677]]}},{"type":"Feature","properties":{"highway":"residential","osm_id":852263104},"geometry":{"type":"LineString","coordinates":[[-100.396229,25.847754],[-100.396474,25.847605],[-100.396705,25.847565]]}},{"type":"Feature","properties":{"highway":"residential","osm_id":852266005},"geometry":{"type":"LineString","coordinates":[[-100.393006,25.845522],[-100.392954,25.845399],[-100.392864,25.845188]]}},{"type":"Feature","properties":{"highway":"residential","osm_id":852266006},"geometry":{"type":"LineString","coordinates":[[-100.391534,25.846894],[-100.391571,25.846875],[-100.391836,25.846772],[-100.39277,25.846423],[-100.392838,25.846408],[-100.392881,25.846406]]}},{"type":"Feature","properties":{"highway":"residential","osm_id":852266007},"geometry":{"type":"LineString","coordinates":[[-100.393366,25.846247],[-100.393392,25.846219],[-100.393461,25.846183],[-100.394388,25.845855],[-100.394562,25.84579],[-100.394658,25.845763],[-100.394714,25.845759],[-100.394767,25.845774]]}},{"type":"Feature","properties":{"highway":"residential","osm_id":852273865},"geometry":{"type":"LineString","coordinates":[[-100.396632,25.845872],[-100.396726,25.846078],[-100.396735,25.846143],[-100.396715,25.846198],[-100.396676,25.846237],[-100.396575,25.846292],[-100.396309,25.846427],[-100.395973,25.846567]]}},{"type":"Feature","properties":{"highway":"residential","osm_id":852315351},"geometry":{"type":"LineString","coordinates":[[-100.395739,25.841607],[-100.395569,25.841238]]}},{"type":"Feature","properties":{"highway":"residential","osm_id":852328508},"geometry":{"type":"LineString","coordinates":[[-100.358031,25.816029],[-100.357982,25.815259],[-100.358056,25.81523],[-100.358196,25.8152],[-100.358829,25.815115],[-100.359352,25.815028],[-100.359491,25.815014],[-100.35961,25.815008],[-100.359748,25.815011],[-100.359827,25.815012],[-100.359901,25.815005],[-100.359987,25.81499],[-100.360105,25.814966],[-100.360341,25.814929],[-100.360452,25.814909],[-100.360535,25.814907],[-100.360648,25.814912],[-100.360716,25.814907],[-100.360805,25.814892],[-100.360909,25.81486],[-100.360939,25.814851],[-100.361011,25.814827],[-100.361119,25.814808],[-100.361348,25.814778],[-100.361494,25.814762],[-100.361601,25.814748],[-100.361711,25.814731],[-100.361828,25.814706],[-100.361945,25.814692],[-100.362035,25.814684],[-100.362143,25.814675],[-100.362456,25.814647],[-100.362544,25.814629],[-100.362638,25.814603],[-100.362751,25.814567],[-100.36285,25.814542],[-100.362957,25.81453],[-100.363105,25.814527],[-100.363231,25.814515],[-100.363495,25.814471],[-100.365933,25.814108],[-100.366244,25.814068],[-100.366566,25.814033],[-100.366843,25.814006],[-100.367204,25.813931],[-100.367422,25.813868],[-100.36762,25.813829],[-100.368079,25.813735]]}},{"type":"Feature","properties":{"highway":"service","osm_id":852328509},"geometry":{"type":"LineString","coordinates":[[-100.364667,25.823505],[-100.364635,25.823303]]}},{"type":"Feature","properties":{"highway":"service","osm_id":852328510},"geometry":{"type":"LineString","coordinates":[[-100.36452,25.823522],[-100.364475,25.823327]]}},{"type":"Feature","properties":{"highway":"service","osm_id":852328511},"geometry":{"type":"LineString","coordinates":[[-100.364069,25.823387],[-100.364116,25.823525],[-100.364134,25.823551],[-100.364165,25.823561],[-100.364214,25.82356],[-100.36452,25.823522],[-100.364667,25.823505],[-100.365181,25.82344]]}},{"type":"Feature","properties":{"highway":"residential","osm_id":852328512},"geometry":{"type":"LineString","coordinates":[[-100.370754,25.826575],[-100.370748,25.826826],[-100.370683,25.828168],[-100.370655,25.828666],[-100.370619,25.829452],[-100.370447,25.832984]]}},{"type":"Feature","properties":{"highway":"residential","osm_id":852344379},"geometry":{"type":"LineString","coordinates":[[-100.382858,25.849376],[-100.384922,25.849969]]}},{"type":"Feature","properties":{"highway":"residential","osm_id":852344380},"geometry":{"type":"LineString","coordinates":[[-100.384922,25.849969],[-100.384928,25.849972],[-100.385225,25.850055]]}},{"type":"Feature","properties":{"highway":"residential","osm_id":852344381},"geometry":{"type":"LineString","coordinates":[[-100.385225,25.850055],[-100.387042,25.850567]]}},{"type":"Feature","properties":{"highway":"residential","osm_id":852344382},"geometry":{"type":"LineString","coordinates":[[-100.387981,25.850809],[-100.38962,25.851319]]}},{"type":"Feature","properties":{"highway":"residential","osm_id":852350041},"geometry":{"type":"LineString","coordinates":[[-100.397052,25.844053],[-100.396667,25.844203]]}},{"type":"Feature","properties":{"highway":"residential","osm_id":852350042},"geometry":{"type":"LineString","coordinates":[[-100.390372,25.84437],[-100.390327,25.84424],[-100.390283,25.844139],[-100.390215,25.844013]]}},{"type":"Feature","properties":{"highway":"residential","osm_id":852590042},"geometry":{"type":"LineString","coordinates":[[-100.395669,25.845371],[-100.395534,25.845017]]}},{"type":"Feature","properties":{"highway":"residential","osm_id":852590381},"geometry":{"type":"LineString","coordinates":[[-100.394665,25.852782],[-100.39458,25.852835]]}},{"type":"Feature","properties":{"highway":"residential","osm_id":852737262},"geometry":{"type":"LineString","coordinates":[[-100.371158,25.813106],[-100.371072,25.81303],[-100.371028,25.812968],[-100.370992,25.812891],[-100.370972,25.812814],[-100.370954,25.812686],[-100.370958,25.812334]]}},{"type":"Feature","properties":{"highway":"residential","osm_id":852737263},"geometry":{"type":"LineString","coordinates":[[-100.371186,25.812643],[-100.370954,25.812686]]}},{"type":"Feature","properties":{"highway":"service","osm_id":853112105},"geometry":{"type":"LineString","coordinates":[[-100.37345,25.825284],[-100.373373,25.825288],[-100.371272,25.825371]]}},{"type":"Feature","properties":{"highway":"service","osm_id":853810080},"geometry":{"type":"LineString","coordinates":[[-100.290637,25.82516],[-100.290414,25.825301]]}},{"type":"Feature","properties":{"highway":"service","osm_id":853810081},"geometry":{"type":"LineString","coordinates":[[-100.287606,25.826921],[-100.287654,25.826967],[-100.287696,25.827016],[-100.287727,25.827074],[-100.28774,25.827122]]}},{"type":"Feature","properties":{"highway":"service","osm_id":853810086},"geometry":{"type":"LineString","coordinates":[[-100.293399,25.81301],[-100.293387,25.813078],[-100.293375,25.813165],[-100.293384,25.813237],[-100.293416,25.81331],[-100.293528,25.813494]]}},{"type":"Feature","properties":{"highway":"service","osm_id":853810087},"geometry":{"type":"LineString","coordinates":[[-100.293948,25.812756],[-100.293994,25.812842],[-100.294014,25.812858],[-100.294084,25.812904],[-100.294116,25.812932],[-100.294132,25.812978],[-100.294144,25.813079]]}},{"type":"Feature","properties":{"highway":"service","osm_id":853810088},"geometry":{"type":"LineString","coordinates":[[-100.293994,25.812842],[-100.294026,25.812828],[-100.294066,25.812811],[-100.294108,25.812791],[-100.294146,25.812776],[-100.294188,25.812763],[-100.294248,25.812754],[-100.294322,25.812754],[-100.294424,25.812763]]}},{"type":"Feature","properties":{"highway":"service","osm_id":853811174},"geometry":{"type":"LineString","coordinates":[[-100.28282,25.812228],[-100.281291,25.812385],[-100.280905,25.812392],[-100.28042,25.812305],[-100.280023,25.812233]]}},{"type":"Feature","properties":{"highway":"service","osm_id":853811176},"geometry":{"type":"LineString","coordinates":[[-100.280671,25.817606],[-100.280614,25.817506],[-100.280558,25.817342],[-100.280525,25.817152],[-100.28036,25.81579],[-100.280053,25.812492],[-100.280023,25.812233],[-100.279927,25.811257],[-100.279866,25.810632]]}},{"type":"Feature","properties":{"highway":"service","osm_id":853817547},"geometry":{"type":"LineString","coordinates":[[-100.291099,25.823536],[-100.28929,25.823755]]}},{"type":"Feature","properties":{"highway":"service","osm_id":853817548},"geometry":{"type":"LineString","coordinates":[[-100.291117,25.82375],[-100.289307,25.823984]]}},{"type":"Feature","properties":{"highway":"service","osm_id":853817549},"geometry":{"type":"LineString","coordinates":[[-100.289316,25.824208],[-100.291137,25.823985]]}},{"type":"Feature","properties":{"highway":"service","osm_id":853817550},"geometry":{"type":"LineString","coordinates":[[-100.284,25.825725],[-100.284119,25.826548],[-100.284174,25.826872]]}},{"type":"Feature","properties":{"highway":"service","osm_id":853817551},"geometry":{"type":"LineString","coordinates":[[-100.289316,25.824208],[-100.289337,25.824346],[-100.289362,25.824388],[-100.289406,25.824414],[-100.289494,25.824415],[-100.290994,25.82423],[-100.291084,25.824201],[-100.291124,25.824166],[-100.291144,25.824098],[-100.291137,25.823985],[-100.291117,25.82375],[-100.291099,25.823536],[-100.291088,25.823401],[-100.291051,25.823309],[-100.29098,25.823282],[-100.290885,25.823279],[-100.289522,25.823425],[-100.289404,25.82345],[-100.289335,25.823495],[-100.289305,25.823601],[-100.28929,25.823755],[-100.289307,25.823984],[-100.289316,25.824208]]}},{"type":"Feature","properties":{"highway":"service","osm_id":853817552},"geometry":{"type":"LineString","coordinates":[[-100.289129,25.824231],[-100.289316,25.824208]]}},{"type":"Feature","properties":{"highway":"service","osm_id":853819549},"geometry":{"type":"LineString","coordinates":[[-100.292874,25.818406],[-100.292949,25.818746],[-100.292858,25.818757],[-100.292807,25.818764],[-100.292384,25.818791]]}},{"type":"Feature","properties":{"highway":"service","osm_id":853819550},"geometry":{"type":"LineString","coordinates":[[-100.292459,25.817724],[-100.292479,25.817949],[-100.292498,25.818043],[-100.292548,25.818134],[-100.292804,25.818378],[-100.292874,25.818406],[-100.292939,25.8184],[-100.293028,25.818368]]}},{"type":"Feature","properties":{"highway":"residential","osm_id":856744450},"geometry":{"type":"LineString","coordinates":[[-100.369469,25.841834],[-100.369495,25.84172],[-100.369511,25.84164],[-100.369519,25.841579],[-100.369525,25.841514],[-100.369568,25.840661],[-100.36964,25.83928],[-100.369671,25.838699],[-100.369679,25.838379],[-100.369676,25.838084],[-100.369662,25.837762],[-100.369637,25.837418]]}},{"type":"Feature","properties":{"highway":"residential","osm_id":856744451},"geometry":{"type":"LineString","coordinates":[[-100.369637,25.837418],[-100.369602,25.836821],[-100.369479,25.834744],[-100.369406,25.833679]]}},{"type":"Feature","properties":{"highway":"residential","osm_id":856744452},"geometry":{"type":"LineString","coordinates":[[-100.370227,25.837545],[-100.370279,25.836502],[-100.370308,25.83592],[-100.370446,25.833151]]}},{"type":"Feature","properties":{"highway":"residential","osm_id":859165959},"geometry":{"type":"LineString","coordinates":[[-100.388814,25.802522],[-100.388929,25.802733],[-100.389037,25.802914],[-100.389123,25.80306],[-100.389347,25.803411],[-100.389556,25.803733],[-100.38962,25.803839],[-100.389776,25.804078],[-100.389967,25.804407],[-100.390063,25.804571],[-100.390134,25.804624]]}},{"type":"Feature","properties":{"highway":"residential","osm_id":859165960},"geometry":{"type":"LineString","coordinates":[[-100.388296,25.799248],[-100.388129,25.79914],[-100.387796,25.798969],[-100.387676,25.798901],[-100.38764,25.798878],[-100.387606,25.798857],[-100.387184,25.798589]]}},{"type":"Feature","properties":{"highway":"residential","osm_id":859206668},"geometry":{"type":"LineString","coordinates":[[-100.373134,25.841875],[-100.373119,25.841761]]}},{"type":"Feature","properties":{"highway":"residential","osm_id":859206669},"geometry":{"type":"LineString","coordinates":[[-100.373202,25.843057],[-100.373208,25.843143]]}},{"type":"Feature","properties":{"highway":"residential","osm_id":859206670},"geometry":{"type":"LineString","coordinates":[[-100.373193,25.842929],[-100.373202,25.843057]]}},{"type":"Feature","properties":{"highway":"residential","osm_id":859207645},"geometry":{"type":"LineString","coordinates":[[-100.370351,25.845133],[-100.370347,25.845079]]}},{"type":"Feature","properties":{"highway":"residential","osm_id":859207646},"geometry":{"type":"LineString","coordinates":[[-100.37036,25.845279],[-100.370351,25.845133]]}},{"type":"Feature","properties":{"highway":"residential","osm_id":859234902},"geometry":{"type":"LineString","coordinates":[[-100.374259,25.839133],[-100.374396,25.839155]]}},{"type":"Feature","properties":{"highway":"residential","osm_id":859234903},"geometry":{"type":"LineString","coordinates":[[-100.37459,25.841798],[-100.37444,25.841934]]}},{"type":"Feature","properties":{"highway":"residential","osm_id":859234904},"geometry":{"type":"LineString","coordinates":[[-100.374453,25.842143],[-100.374597,25.842023]]}},{"type":"Feature","properties":{"highway":"residential","osm_id":859234905},"geometry":{"type":"LineString","coordinates":[[-100.374527,25.843475],[-100.374684,25.843463]]}},{"type":"Feature","properties":{"highway":"residential","osm_id":859238300},"geometry":{"type":"LineString","coordinates":[[-100.374725,25.844544],[-100.374589,25.844547]]}},{"type":"Feature","properties":{"highway":"residential","osm_id":859551950},"geometry":{"type":"LineString","coordinates":[[-100.367557,25.848082],[-100.367548,25.848014],[-100.367544,25.847978],[-100.367539,25.847932]]}},{"type":"Feature","properties":{"highway":"service","osm_id":859553060},"geometry":{"type":"LineString","coordinates":[[-100.390361,25.808053],[-100.39005,25.808257],[-100.389796,25.808401],[-100.389694,25.808466],[-100.389621,25.808526],[-100.389555,25.808573],[-100.389503,25.808609]]}},{"type":"Feature","properties":{"highway":"service","osm_id":859553061},"geometry":{"type":"LineString","coordinates":[[-100.390561,25.808837],[-100.390336,25.80901],[-100.390288,25.809057],[-100.390239,25.809108],[-100.390197,25.809144],[-100.390127,25.809199],[-100.390085,25.809227],[-100.390051,25.809248],[-100.389989,25.809285]]}},{"type":"Feature","properties":{"highway":"tertiary","osm_id":859553062},"geometry":{"type":"LineString","coordinates":[[-100.389312,25.808339],[-100.389408,25.808479],[-100.389503,25.808609],[-100.389529,25.80865],[-100.389989,25.809285],[-100.390292,25.809729],[-100.391107,25.810882]]}},{"type":"Feature","properties":{"highway":"residential","osm_id":859623818},"geometry":{"type":"LineString","coordinates":[[-100.36751,25.841978],[-100.367596,25.842019]]}},{"type":"Feature","properties":{"highway":"residential","osm_id":859623819},"geometry":{"type":"LineString","coordinates":[[-100.367575,25.841941],[-100.36751,25.841978]]}},{"type":"Feature","properties":{"highway":"residential","osm_id":859623820},"geometry":{"type":"LineString","coordinates":[[-100.368299,25.846109],[-100.368319,25.84612],[-100.368338,25.846128],[-100.368366,25.846138]]}},{"type":"Feature","properties":{"highway":"service","osm_id":861012597},"geometry":{"type":"LineString","coordinates":[[-100.279369,25.807856],[-100.279381,25.80884],[-100.279297,25.80907]]}},{"type":"Feature","properties":{"highway":"service","osm_id":861012598},"geometry":{"type":"LineString","coordinates":[[-100.278918,25.80605],[-100.27883,25.805965],[-100.278712,25.805871],[-100.278541,25.805763],[-100.278419,25.805702],[-100.278289,25.805653],[-100.278031,25.805544]]}},{"type":"Feature","properties":{"highway":"service","osm_id":863706173},"geometry":{"type":"LineString","coordinates":[[-100.274299,25.807173],[-100.274372,25.807198],[-100.274538,25.807255],[-100.274782,25.807337],[-100.275199,25.807498],[-100.275554,25.807629]]}},{"type":"Feature","properties":{"highway":"service","osm_id":864040493},"geometry":{"type":"LineString","coordinates":[[-100.281656,25.80938],[-100.281702,25.809294],[-100.281727,25.809252],[-100.281763,25.809192],[-100.281937,25.80893],[-100.282351,25.808413]]}},{"type":"Feature","properties":{"highway":"residential","osm_id":864041874},"geometry":{"type":"LineString","coordinates":[[-100.28875,25.804707],[-100.288281,25.805137],[-100.288084,25.805304],[-100.28781,25.805509]]}},{"type":"Feature","properties":{"highway":"service","osm_id":864045460},"geometry":{"type":"LineString","coordinates":[[-100.28028,25.811243],[-100.28042,25.812305]]}},{"type":"Feature","properties":{"highway":"service","osm_id":864045461},"geometry":{"type":"LineString","coordinates":[[-100.28294,25.810905],[-100.28028,25.811243],[-100.280194,25.811001],[-100.280135,25.810847],[-100.280102,25.810762],[-100.280049,25.810678],[-100.280007,25.810656],[-100.279866,25.810632]]}},{"type":"Feature","properties":{"highway":"service","osm_id":864045462},"geometry":{"type":"LineString","coordinates":[[-100.279596,25.81034],[-100.279751,25.81033],[-100.279848,25.81035]]}},{"type":"Feature","properties":{"highway":"residential","osm_id":864045464},"geometry":{"type":"LineString","coordinates":[[-100.285413,25.808507],[-100.285789,25.808062]]}},{"type":"Feature","properties":{"highway":"residential","osm_id":864045465},"geometry":{"type":"LineString","coordinates":[[-100.287749,25.805766],[-100.28755,25.806027],[-100.286907,25.806781]]}},{"type":"Feature","properties":{"highway":"residential","osm_id":864045466},"geometry":{"type":"LineString","coordinates":[[-100.285413,25.808507],[-100.284979,25.808973]]}},{"type":"Feature","properties":{"highway":"service","osm_id":864045467},"geometry":{"type":"LineString","coordinates":[[-100.279866,25.810632],[-100.279855,25.810472],[-100.279848,25.81035],[-100.279819,25.809946]]}},{"type":"Feature","properties":{"highway":"service","osm_id":864088438},"geometry":{"type":"LineString","coordinates":[[-100.282014,25.808461],[-100.282022,25.808445],[-100.282083,25.808374],[-100.28219,25.808266]]}},{"type":"Feature","properties":{"highway":"service","osm_id":864088439},"geometry":{"type":"LineString","coordinates":[[-100.282095,25.808179],[-100.281993,25.808311],[-100.281976,25.80833],[-100.281928,25.808377],[-100.281918,25.808384]]}},{"type":"Feature","properties":{"highway":"service","osm_id":864088440},"geometry":{"type":"LineString","coordinates":[[-100.282014,25.808461],[-100.281918,25.808384]]}},{"type":"Feature","properties":{"highway":"service","osm_id":864088441},"geometry":{"type":"LineString","coordinates":[[-100.281845,25.808703],[-100.281715,25.80859]]}},{"type":"Feature","properties":{"highway":"service","osm_id":864088442},"geometry":{"type":"LineString","coordinates":[[-100.281918,25.808384],[-100.281876,25.808413],[-100.281743,25.808554],[-100.281715,25.80859],[-100.281533,25.808829],[-100.281511,25.808867],[-100.281509,25.808889],[-100.281521,25.808909],[-100.281544,25.80893],[-100.281588,25.808943],[-100.281615,25.808941],[-100.281651,25.808912],[-100.281845,25.808703],[-100.281944,25.808595],[-100.281996,25.808512],[-100.282007,25.808476],[-100.282014,25.808461]]}},{"type":"Feature","properties":{"highway":"service","osm_id":864088443},"geometry":{"type":"LineString","coordinates":[[-100.279188,25.80645],[-100.279308,25.806466]]}},{"type":"Feature","properties":{"highway":"service","osm_id":864088444},"geometry":{"type":"LineString","coordinates":[[-100.278476,25.806514],[-100.278484,25.806571],[-100.278493,25.806627],[-100.278508,25.806663],[-100.278535,25.806691],[-100.27861,25.806717],[-100.278649,25.80672],[-100.27874,25.806708],[-100.27881,25.806683],[-100.278862,25.806653],[-100.278899,25.806623],[-100.278954,25.806573],[-100.278968,25.806549],[-100.278957,25.806456]]}},{"type":"Feature","properties":{"highway":"service","osm_id":864088445},"geometry":{"type":"LineString","coordinates":[[-100.279721,25.80601],[-100.279547,25.806149],[-100.279524,25.806168]]}},{"type":"Feature","properties":{"highway":"service","osm_id":864088446},"geometry":{"type":"LineString","coordinates":[[-100.279308,25.806466],[-100.279373,25.806433]]}},{"type":"Feature","properties":{"highway":"service","osm_id":864088447},"geometry":{"type":"LineString","coordinates":[[-100.279915,25.806193],[-100.279785,25.806325],[-100.279727,25.806388]]}},{"type":"Feature","properties":{"highway":"service","osm_id":864088448},"geometry":{"type":"LineString","coordinates":[[-100.279727,25.806388],[-100.279621,25.806499],[-100.279606,25.806517],[-100.279602,25.806539],[-100.279607,25.806562],[-100.279955,25.806882],[-100.279972,25.806886],[-100.27999,25.806884],[-100.280007,25.806874],[-100.280068,25.806778],[-100.280072,25.806762],[-100.280074,25.806751],[-100.280072,25.806724],[-100.28006,25.806698],[-100.279727,25.806388]]}},{"type":"Feature","properties":{"highway":"service","osm_id":864094532},"geometry":{"type":"LineString","coordinates":[[-100.282309,25.809737],[-100.281813,25.809324],[-100.281727,25.809252]]}},{"type":"Feature","properties":{"highway":"service","osm_id":864094533},"geometry":{"type":"LineString","coordinates":[[-100.277369,25.81177],[-100.278634,25.811569],[-100.279119,25.811488],[-100.279349,25.811395],[-100.279432,25.811327],[-100.279546,25.811296],[-100.279791,25.811265],[-100.279927,25.811257],[-100.280069,25.811248],[-100.280123,25.811252],[-100.28028,25.811243]]}},{"type":"Feature","properties":{"highway":"service","osm_id":864094534},"geometry":{"type":"LineString","coordinates":[[-100.279596,25.81034],[-100.279677,25.81102]]}},{"type":"Feature","properties":{"highway":"service","osm_id":864094535},"geometry":{"type":"LineString","coordinates":[[-100.282758,25.810673],[-100.281509,25.810811],[-100.281461,25.810812],[-100.281383,25.810795],[-100.281293,25.81077]]}},{"type":"Feature","properties":{"highway":"service","osm_id":864094539},"geometry":{"type":"LineString","coordinates":[[-100.28368,25.808487],[-100.283608,25.808446],[-100.283516,25.808394],[-100.28298,25.808023]]}},{"type":"Feature","properties":{"highway":"service","osm_id":864111294},"geometry":{"type":"LineString","coordinates":[[-100.278957,25.806456],[-100.279188,25.80645]]}},{"type":"Feature","properties":{"highway":"service","osm_id":864111295},"geometry":{"type":"LineString","coordinates":[[-100.279596,25.806244],[-100.279619,25.806222],[-100.279788,25.806076]]}},{"type":"Feature","properties":{"highway":"service","osm_id":864111296},"geometry":{"type":"LineString","coordinates":[[-100.279373,25.806433],[-100.279596,25.806244]]}},{"type":"Feature","properties":{"highway":"service","osm_id":864111297},"geometry":{"type":"LineString","coordinates":[[-100.279301,25.806354],[-100.279265,25.80638]]}},{"type":"Feature","properties":{"highway":"service","osm_id":864111298},"geometry":{"type":"LineString","coordinates":[[-100.279524,25.806168],[-100.279301,25.806354]]}},{"type":"Feature","properties":{"highway":"service","osm_id":864127755},"geometry":{"type":"LineString","coordinates":[[-100.279265,25.80638],[-100.279188,25.80645]]}},{"type":"Feature","properties":{"highway":"service","osm_id":864525494},"geometry":{"type":"LineString","coordinates":[[-100.291039,25.809239],[-100.291026,25.808264],[-100.291011,25.808217],[-100.290975,25.808194],[-100.290925,25.808183],[-100.290424,25.808198]]}},{"type":"Feature","properties":{"highway":"service","osm_id":864525495},"geometry":{"type":"LineString","coordinates":[[-100.29096,25.809223],[-100.290971,25.809519],[-100.290987,25.809929]]}},{"type":"Feature","properties":{"highway":"service","osm_id":864525496},"geometry":{"type":"LineString","coordinates":[[-100.291039,25.809239],[-100.29096,25.809223],[-100.290878,25.809212],[-100.290752,25.80921],[-100.290619,25.809198],[-100.290485,25.809181],[-100.290485,25.809024],[-100.290424,25.808198],[-100.290298,25.806491]]}},{"type":"Feature","properties":{"highway":"service","osm_id":864525497},"geometry":{"type":"LineString","coordinates":[[-100.291392,25.810914],[-100.291325,25.810001],[-100.291317,25.809919]]}},{"type":"Feature","properties":{"highway":"service","osm_id":864525498},"geometry":{"type":"LineString","coordinates":[[-100.292709,25.809642],[-100.292708,25.809571],[-100.292688,25.80942],[-100.292701,25.808753],[-100.292679,25.80864],[-100.292631,25.808526],[-100.29251,25.808374],[-100.292396,25.808265],[-100.292331,25.808203],[-100.292252,25.808173],[-100.292172,25.808159],[-100.291928,25.808155]]}},{"type":"Feature","properties":{"highway":"service","osm_id":864531937},"geometry":{"type":"LineString","coordinates":[[-100.291419,25.8131],[-100.291148,25.812124],[-100.291043,25.811661],[-100.291022,25.811432],[-100.291016,25.811202],[-100.290951,25.81001],[-100.290948,25.809929]]}},{"type":"Feature","properties":{"highway":"service","osm_id":864537816},"geometry":{"type":"LineString","coordinates":[[-100.291107,25.809922],[-100.291071,25.809519],[-100.291061,25.809414],[-100.291039,25.809239]]}},{"type":"Feature","properties":{"highway":"service","osm_id":864537817},"geometry":{"type":"LineString","coordinates":[[-100.292787,25.809897],[-100.292767,25.809754],[-100.29276,25.809712],[-100.29275,25.809681],[-100.292709,25.809642]]}},{"type":"Feature","properties":{"highway":"service","osm_id":864537818},"geometry":{"type":"LineString","coordinates":[[-100.292709,25.809642],[-100.292663,25.809682],[-100.292643,25.809711],[-100.29264,25.80974],[-100.29264,25.809757],[-100.292632,25.809899]]}},{"type":"Feature","properties":{"highway":"service","osm_id":864537819},"geometry":{"type":"LineString","coordinates":[[-100.292107,25.810089],[-100.29178,25.810091]]}},{"type":"Feature","properties":{"highway":"service","osm_id":864537820},"geometry":{"type":"LineString","coordinates":[[-100.292097,25.809906],[-100.292099,25.809984],[-100.292107,25.810089],[-100.292119,25.810317]]}},{"type":"Feature","properties":{"highway":"service","osm_id":864549592},"geometry":{"type":"LineString","coordinates":[[-100.290512,25.809693],[-100.290485,25.809181]]}},{"type":"Feature","properties":{"highway":"service","osm_id":864549593},"geometry":{"type":"LineString","coordinates":[[-100.290881,25.809713],[-100.290878,25.809212]]}},{"type":"Feature","properties":{"highway":"service","osm_id":864549594},"geometry":{"type":"LineString","coordinates":[[-100.291146,25.809291],[-100.291136,25.809279],[-100.291121,25.809262],[-100.291095,25.809249],[-100.291039,25.809239]]}},{"type":"Feature","properties":{"highway":"service","osm_id":864549595},"geometry":{"type":"LineString","coordinates":[[-100.291199,25.809673],[-100.291222,25.809685],[-100.29131,25.809683],[-100.291324,25.809672],[-100.291332,25.809651],[-100.291306,25.809329],[-100.291298,25.809309],[-100.291283,25.809294],[-100.291258,25.809285],[-100.291146,25.809291]]}},{"type":"Feature","properties":{"highway":"service","osm_id":864550191},"geometry":{"type":"LineString","coordinates":[[-100.291146,25.809291],[-100.291159,25.809417],[-100.291179,25.809635],[-100.291187,25.809658],[-100.291199,25.809673]]}},{"type":"Feature","properties":{"highway":"service","osm_id":864983544},"geometry":{"type":"LineString","coordinates":[[-100.292775,25.810626],[-100.2927,25.809997],[-100.2927,25.809985],[-100.292695,25.809898]]}},{"type":"Feature","properties":{"highway":"service","osm_id":867185168},"geometry":{"type":"LineString","coordinates":[[-100.274929,25.805988],[-100.275047,25.806026],[-100.275149,25.806052]]}},{"type":"Feature","properties":{"highway":"service","osm_id":867185169},"geometry":{"type":"LineString","coordinates":[[-100.27588,25.806157],[-100.275279,25.806181],[-100.27524,25.806181],[-100.275206,25.806171],[-100.275185,25.806158],[-100.275167,25.806135],[-100.275149,25.806052]]}},{"type":"Feature","properties":{"highway":"service","osm_id":867185170},"geometry":{"type":"LineString","coordinates":[[-100.275149,25.806052],[-100.275163,25.806025],[-100.275182,25.806005],[-100.275204,25.805998],[-100.275264,25.805993],[-100.275803,25.805958],[-100.275839,25.805969],[-100.275859,25.805995],[-100.27587,25.806045],[-100.27588,25.806157],[-100.27592,25.806552]]}},{"type":"Feature","properties":{"highway":"service","osm_id":867185171},"geometry":{"type":"LineString","coordinates":[[-100.275049,25.806707],[-100.275663,25.806933],[-100.275949,25.807033],[-100.275976,25.807028],[-100.276011,25.806992],[-100.276014,25.806953],[-100.276008,25.806911],[-100.275971,25.806872],[-100.275905,25.806834],[-100.275733,25.806773],[-100.275199,25.806571],[-100.275166,25.806564],[-100.275137,25.806567],[-100.275114,25.806589],[-100.275085,25.806632],[-100.275049,25.806707]]}},{"type":"Feature","properties":{"highway":"service","osm_id":867185172},"geometry":{"type":"LineString","coordinates":[[-100.274782,25.807337],[-100.2749,25.807056],[-100.275049,25.806707],[-100.274932,25.806655],[-100.274739,25.806573],[-100.274671,25.806547],[-100.274596,25.80652]]}},{"type":"Feature","properties":{"highway":"residential","osm_id":868536902},"geometry":{"type":"LineString","coordinates":[[-100.425433,25.843135],[-100.425808,25.843491],[-100.426514,25.844166]]}},{"type":"Feature","properties":{"highway":"residential","osm_id":868536906},"geometry":{"type":"LineString","coordinates":[[-100.425228,25.842923],[-100.425433,25.843135]]}},{"type":"Feature","properties":{"highway":"residential","osm_id":868536909},"geometry":{"type":"LineString","coordinates":[[-100.425808,25.843491],[-100.425503,25.843741]]}},{"type":"Feature","properties":{"highway":"residential","osm_id":868536910},"geometry":{"type":"LineString","coordinates":[[-100.424207,25.841529],[-100.424106,25.841574]]}},{"type":"Feature","properties":{"highway":"residential","osm_id":868536911},"geometry":{"type":"LineString","coordinates":[[-100.423732,25.841732],[-100.422922,25.842084]]}},{"type":"Feature","properties":{"highway":"tertiary","osm_id":870652255},"geometry":{"type":"LineString","coordinates":[[-100.374725,25.844544],[-100.374684,25.843463],[-100.374597,25.842023],[-100.37459,25.841798],[-100.374543,25.841016],[-100.374498,25.840469],[-100.374399,25.83928],[-100.374396,25.839155]]}},{"type":"Feature","properties":{"highway":"tertiary","osm_id":870652256},"geometry":{"type":"LineString","coordinates":[[-100.373878,25.832816],[-100.373887,25.832984],[-100.374068,25.835753],[-100.374117,25.8368],[-100.374123,25.836914],[-100.374158,25.837427],[-100.374259,25.839133]]}},{"type":"Feature","properties":{"highway":"tertiary","osm_id":870652257},"geometry":{"type":"LineString","coordinates":[[-100.374849,25.848315],[-100.374841,25.848176],[-100.37467,25.845938],[-100.374609,25.844653]]}},{"type":"Feature","properties":{"highway":"tertiary","osm_id":870653373},"geometry":{"type":"LineString","coordinates":[[-100.374609,25.844653],[-100.374725,25.844544]]}},{"type":"Feature","properties":{"highway":"tertiary","osm_id":870653374},"geometry":{"type":"LineString","coordinates":[[-100.374589,25.844547],[-100.374609,25.844653]]}},{"type":"Feature","properties":{"highway":"primary","osm_id":921418977},"geometry":{"type":"LineString","coordinates":[[-100.294946,25.819602],[-100.29493,25.819734],[-100.294902,25.819877]]}},{"type":"Feature","properties":{"highway":"residential","osm_id":938951743},"geometry":{"type":"LineString","coordinates":[[-100.42634,25.843822],[-100.426687,25.843532]]}},{"type":"Feature","properties":{"highway":"residential","osm_id":938951744},"geometry":{"type":"LineString","coordinates":[[-100.427539,25.84569],[-100.427278,25.845972]]}},{"type":"Feature","properties":{"highway":"residential","osm_id":938951748},"geometry":{"type":"LineString","coordinates":[[-100.422743,25.844396],[-100.422744,25.844844]]}},{"type":"Feature","properties":{"highway":"service","osm_id":941197920},"geometry":{"type":"LineString","coordinates":[[-100.275031,25.805004],[-100.274878,25.804976],[-100.274664,25.804932],[-100.274554,25.804961],[-100.274456,25.804978],[-100.274237,25.804924]]}},{"type":"Feature","properties":{"highway":"service","osm_id":941197921},"geometry":{"type":"LineString","coordinates":[[-100.275701,25.804261],[-100.27587,25.804273],[-100.276321,25.80433],[-100.276688,25.804412]]}},{"type":"Feature","properties":{"highway":"residential","osm_id":941368136},"geometry":{"type":"LineString","coordinates":[[-100.268676,25.809373],[-100.268537,25.809091],[-100.268499,25.808941]]}},{"type":"Feature","properties":{"highway":"service","osm_id":941405697},"geometry":{"type":"LineString","coordinates":[[-100.274758,25.80562],[-100.27462,25.805557],[-100.274353,25.805489],[-100.27408,25.805388],[-100.273963,25.80534]]}},{"type":"Feature","properties":{"highway":"service","osm_id":941405698},"geometry":{"type":"LineString","coordinates":[[-100.278476,25.806514],[-100.278415,25.806466],[-100.278356,25.806453],[-100.27816,25.80648],[-100.278103,25.806487],[-100.277891,25.806522],[-100.277762,25.806636],[-100.277687,25.806723],[-100.277556,25.806777],[-100.277271,25.806813],[-100.277127,25.806822],[-100.277009,25.806829],[-100.276792,25.806823]]}},{"type":"Feature","properties":{"highway":"service","osm_id":941787063},"geometry":{"type":"LineString","coordinates":[[-100.292498,25.818043],[-100.292348,25.818188],[-100.292336,25.818333],[-100.292384,25.818791]]}},{"type":"Feature","properties":{"highway":"service","osm_id":941787065},"geometry":{"type":"LineString","coordinates":[[-100.292384,25.818791],[-100.292394,25.819085],[-100.292443,25.819522],[-100.292481,25.819584],[-100.29261,25.819631],[-100.292897,25.819615],[-100.292977,25.819571],[-100.293028,25.819451],[-100.292964,25.818815],[-100.292949,25.818746]]}},{"type":"Feature","properties":{"highway":"service","osm_id":941787079},"geometry":{"type":"LineString","coordinates":[[-100.294665,25.81907],[-100.294659,25.818629]]}},{"type":"Feature","properties":{"highway":"service","osm_id":941787080},"geometry":{"type":"LineString","coordinates":[[-100.294389,25.815431],[-100.294391,25.815996],[-100.29402,25.816018]]}},{"type":"Feature","properties":{"highway":"service","osm_id":941787081},"geometry":{"type":"LineString","coordinates":[[-100.291274,25.816629],[-100.291145,25.816294],[-100.291015,25.815815],[-100.290957,25.815373],[-100.290877,25.814384],[-100.290827,25.813433],[-100.290807,25.81296]]}},{"type":"Feature","properties":{"highway":"service","osm_id":941787082},"geometry":{"type":"LineString","coordinates":[[-100.287614,25.812352],[-100.287584,25.812241],[-100.287469,25.811313]]}},{"type":"Feature","properties":{"highway":"service","osm_id":941787083},"geometry":{"type":"LineString","coordinates":[[-100.287614,25.812352],[-100.287649,25.812443],[-100.287727,25.812586],[-100.287838,25.812785],[-100.287877,25.81289]]}},{"type":"Feature","properties":{"highway":"service","osm_id":941787084},"geometry":{"type":"LineString","coordinates":[[-100.287922,25.812771],[-100.287831,25.812542],[-100.287763,25.812447],[-100.287699,25.812381],[-100.287614,25.812352]]}},{"type":"Feature","properties":{"highway":"tertiary","osm_id":941820697},"geometry":{"type":"LineString","coordinates":[[-100.276294,25.802945],[-100.276368,25.802781]]}},{"type":"Feature","properties":{"highway":"tertiary","osm_id":941820698},"geometry":{"type":"LineString","coordinates":[[-100.276024,25.802769],[-100.275838,25.803179]]}},{"type":"Feature","properties":{"highway":"primary","osm_id":941820699},"geometry":{"type":"LineString","coordinates":[[-100.276024,25.802769],[-100.276173,25.802868],[-100.276294,25.802945]]}},{"type":"Feature","properties":{"highway":"tertiary","osm_id":941820701},"geometry":{"type":"LineString","coordinates":[[-100.276117,25.803332],[-100.276294,25.802945]]}},{"type":"Feature","properties":{"highway":"service","osm_id":942026559},"geometry":{"type":"LineString","coordinates":[[-100.288346,25.82649],[-100.288087,25.826525],[-100.287558,25.826618]]}},{"type":"Feature","properties":{"highway":"service","osm_id":942026561},"geometry":{"type":"LineString","coordinates":[[-100.292568,25.812767],[-100.292374,25.812828],[-100.291994,25.812849]]}},{"type":"Feature","properties":{"highway":"service","osm_id":942026562},"geometry":{"type":"LineString","coordinates":[[-100.29272,25.814639],[-100.292056,25.81469],[-100.292074,25.814843]]}},{"type":"Feature","properties":{"highway":"service","osm_id":942052807},"geometry":{"type":"LineString","coordinates":[[-100.291137,25.824636],[-100.291197,25.825113],[-100.291211,25.825337],[-100.291189,25.825369],[-100.290742,25.825354]]}},{"type":"Feature","properties":{"highway":"residential","osm_id":942052831},"geometry":{"type":"LineString","coordinates":[[-100.380647,25.847112],[-100.380482,25.846744]]}},{"type":"Feature","properties":{"highway":"unclassified","osm_id":942058000},"geometry":{"type":"LineString","coordinates":[[-100.377386,25.813049],[-100.37738,25.812892],[-100.377342,25.812007],[-100.377298,25.811228],[-100.377204,25.809953],[-100.376993,25.807189]]}},{"type":"Feature","properties":{"highway":"residential","osm_id":942058001},"geometry":{"type":"LineString","coordinates":[[-100.37185,25.79999],[-100.37225,25.799956]]}},{"type":"Feature","properties":{"highway":"residential","osm_id":942060634},"geometry":{"type":"LineString","coordinates":[[-100.397128,25.844225],[-100.396744,25.844369]]}},{"type":"Feature","properties":{"highway":"service","osm_id":942087809},"geometry":{"type":"LineString","coordinates":[[-100.387867,25.843147],[-100.388004,25.843492]]}},{"type":"Feature","properties":{"highway":"residential","osm_id":942120756},"geometry":{"type":"LineString","coordinates":[[-100.379425,25.846553],[-100.379592,25.846339],[-100.379714,25.846089]]}},{"type":"Feature","properties":{"highway":"residential","osm_id":942120758},"geometry":{"type":"LineString","coordinates":[[-100.379714,25.846089],[-100.379745,25.846563],[-100.379776,25.846869],[-100.379817,25.846996]]}},{"type":"Feature","properties":{"highway":"residential","osm_id":942120760},"geometry":{"type":"LineString","coordinates":[[-100.379152,25.844511],[-100.379156,25.844712],[-100.379168,25.844812],[-100.379224,25.845302],[-100.379299,25.845693],[-100.379403,25.846086],[-100.379425,25.846553],[-100.379434,25.84676],[-100.379492,25.847756],[-100.379523,25.848177],[-100.379632,25.848487],[-100.379637,25.848539]]}},{"type":"Feature","properties":{"highway":"residential","osm_id":942124210},"geometry":{"type":"LineString","coordinates":[[-100.399588,25.845844],[-100.399558,25.845849],[-100.398402,25.846549]]}},{"type":"Feature","properties":{"highway":"residential","osm_id":942124211},"geometry":{"type":"LineString","coordinates":[[-100.399822,25.846142],[-100.399614,25.845858],[-100.399588,25.845844]]}},{"type":"Feature","properties":{"highway":"residential","osm_id":942124212},"geometry":{"type":"LineString","coordinates":[[-100.400182,25.845925],[-100.399822,25.846142],[-100.39861,25.846876]]}},{"type":"Feature","properties":{"highway":"residential","osm_id":942124213},"geometry":{"type":"LineString","coordinates":[[-100.398858,25.847196],[-100.400071,25.846457],[-100.400417,25.846247]]}},{"type":"Feature","properties":{"highway":"residential","osm_id":942152353},"geometry":{"type":"LineString","coordinates":[[-100.403327,25.846184],[-100.403143,25.846217],[-100.40287,25.846256]]}},{"type":"Feature","properties":{"highway":"residential","osm_id":942152354},"geometry":{"type":"LineString","coordinates":[[-100.40026,25.844868],[-100.400459,25.845056],[-100.400577,25.845223]]}},{"type":"Feature","properties":{"highway":"service","osm_id":942152355},"geometry":{"type":"LineString","coordinates":[[-100.399886,25.844288],[-100.399703,25.843997],[-100.399646,25.843924],[-100.399148,25.844082]]}},{"type":"Feature","properties":{"highway":"residential","osm_id":942160685},"geometry":{"type":"LineString","coordinates":[[-100.369019,25.829386],[-100.369079,25.82932],[-100.369122,25.82926],[-100.369156,25.829181],[-100.369214,25.829123],[-100.369399,25.828997],[-100.369778,25.828761],[-100.370028,25.828631]]}},{"type":"Feature","properties":{"highway":"residential","osm_id":942160689},"geometry":{"type":"LineString","coordinates":[[-100.37168,25.812107],[-100.371516,25.811879],[-100.371238,25.811591]]}},{"type":"Feature","properties":{"highway":"service","osm_id":942194441},"geometry":{"type":"LineString","coordinates":[[-100.399339,25.847099],[-100.398935,25.847323],[-100.398875,25.847356]]}},{"type":"Feature","properties":{"highway":"residential","osm_id":942197824},"geometry":{"type":"LineString","coordinates":[[-100.369315,25.845674],[-100.369327,25.845432],[-100.369393,25.844257],[-100.369477,25.84228]]}},{"type":"Feature","properties":{"highway":"residential","osm_id":942197825},"geometry":{"type":"LineString","coordinates":[[-100.369355,25.845834],[-100.369342,25.845757],[-100.369315,25.845674],[-100.36928,25.84564],[-100.369211,25.845598],[-100.369126,25.845561],[-100.36907,25.845525],[-100.369016,25.845457]]}},{"type":"Feature","properties":{"highway":"residential","osm_id":942197829},"geometry":{"type":"LineString","coordinates":[[-100.369602,25.836821],[-100.369734,25.836666],[-100.369755,25.836584],[-100.369745,25.836072],[-100.369785,25.835749],[-100.369839,25.835382],[-100.369863,25.834952],[-100.369782,25.834604],[-100.369761,25.834421],[-100.369782,25.834266],[-100.369839,25.834148],[-100.369889,25.834015],[-100.369924,25.833667]]}},{"type":"Feature","properties":{"highway":"service","osm_id":942208296},"geometry":{"type":"LineString","coordinates":[[-100.369663,25.833019],[-100.369657,25.832837],[-100.36964,25.832808],[-100.369615,25.832792],[-100.369573,25.832787],[-100.369344,25.832792]]}},{"type":"Feature","properties":{"highway":"residential","osm_id":942208299},"geometry":{"type":"LineString","coordinates":[[-100.369304,25.84595],[-100.369264,25.847049],[-100.369232,25.84799]]}},{"type":"Feature","properties":{"highway":"service","osm_id":942429716},"geometry":{"type":"LineString","coordinates":[[-100.291389,25.826086],[-100.291301,25.826118]]}},{"type":"Feature","properties":{"highway":"service","osm_id":942439541},"geometry":{"type":"LineString","coordinates":[[-100.37738,25.812892],[-100.377098,25.812932],[-100.376375,25.81304],[-100.375404,25.813185],[-100.375202,25.813215],[-100.372934,25.813555]]}},{"type":"Feature","properties":{"highway":"service","osm_id":942502000},"geometry":{"type":"LineString","coordinates":[[-100.389849,25.796713],[-100.389772,25.796787]]}},{"type":"Feature","properties":{"highway":"service","osm_id":942502001},"geometry":{"type":"LineString","coordinates":[[-100.389849,25.796713],[-100.39,25.796865]]}},{"type":"Feature","properties":{"highway":"service","osm_id":942502002},"geometry":{"type":"LineString","coordinates":[[-100.389469,25.796264],[-100.389701,25.796552],[-100.389849,25.796713]]}},{"type":"Feature","properties":{"highway":"service","osm_id":942556388},"geometry":{"type":"LineString","coordinates":[[-100.390292,25.809729],[-100.390358,25.809685],[-100.390478,25.809556],[-100.390556,25.809458],[-100.390581,25.809409],[-100.39062,25.809268],[-100.390769,25.809103]]}},{"type":"Feature","properties":{"highway":"tertiary","osm_id":942936293},"geometry":{"type":"LineString","coordinates":[[-100.380174,25.84861],[-100.380233,25.848621],[-100.38037,25.848662],[-100.380398,25.84867],[-100.381947,25.849114],[-100.382659,25.849319],[-100.382858,25.849376]]}},{"type":"Feature","properties":{"highway":"residential","osm_id":943700352},"geometry":{"type":"LineString","coordinates":[[-100.401553,25.838161],[-100.401632,25.83802]]}},{"type":"Feature","properties":{"highway":"service","osm_id":943785798},"geometry":{"type":"LineString","coordinates":[[-100.399767,25.809233],[-100.398435,25.809454],[-100.398291,25.809493]]}},{"type":"Feature","properties":{"highway":"service","osm_id":943785799},"geometry":{"type":"LineString","coordinates":[[-100.401365,25.808482],[-100.401341,25.808421],[-100.40124,25.808264],[-100.400898,25.807996],[-100.400833,25.807877],[-100.4009,25.807758],[-100.401421,25.807331],[-100.401975,25.80687]]}},{"type":"Feature","properties":{"highway":"service","osm_id":943785800},"geometry":{"type":"LineString","coordinates":[[-100.398785,25.808398],[-100.399002,25.808397],[-100.399179,25.808446],[-100.399391,25.808519],[-100.399542,25.80854],[-100.399634,25.808587],[-100.399671,25.808673],[-100.399718,25.808729],[-100.399791,25.808734],[-100.400131,25.808653],[-100.400514,25.808593],[-100.400819,25.808535],[-100.401108,25.808513],[-100.401365,25.808482]]}},{"type":"Feature","properties":{"highway":"service","osm_id":943828258},"geometry":{"type":"LineString","coordinates":[[-100.4043,25.796856],[-100.404282,25.796648],[-100.404336,25.796466],[-100.40459,25.796229]]}},{"type":"Feature","properties":{"highway":"residential","osm_id":943828262},"geometry":{"type":"LineString","coordinates":[[-100.416072,25.799986],[-100.415769,25.799726]]}},{"type":"Feature","properties":{"highway":"service","osm_id":944109285},"geometry":{"type":"LineString","coordinates":[[-100.375173,25.812366],[-100.374983,25.809613]]}},{"type":"Feature","properties":{"highway":"service","osm_id":944109286},"geometry":{"type":"LineString","coordinates":[[-100.37622,25.80855],[-100.376332,25.810098],[-100.376507,25.812145]]}},{"type":"Feature","properties":{"highway":"service","osm_id":944109287},"geometry":{"type":"LineString","coordinates":[[-100.373711,25.812605],[-100.373608,25.811055]]}},{"type":"Feature","properties":{"highway":"service","osm_id":944109288},"geometry":{"type":"LineString","coordinates":[[-100.377342,25.812007],[-100.376507,25.812145],[-100.375269,25.81235],[-100.375173,25.812366],[-100.375037,25.812388],[-100.373711,25.812605],[-100.373261,25.81268]]}},{"type":"Feature","properties":{"highway":"service","osm_id":944111273},"geometry":{"type":"LineString","coordinates":[[-100.291049,25.803746],[-100.290991,25.803702],[-100.290915,25.803671],[-100.290796,25.803681],[-100.290079,25.803767]]}},{"type":"Feature","properties":{"highway":"service","osm_id":944111274},"geometry":{"type":"LineString","coordinates":[[-100.291915,25.807587],[-100.291478,25.807627],[-100.291367,25.807636]]}},{"type":"Feature","properties":{"highway":"service","osm_id":944111275},"geometry":{"type":"LineString","coordinates":[[-100.29192,25.809248],[-100.291821,25.80877],[-100.291805,25.80855],[-100.291826,25.808278],[-100.291928,25.808155]]}},{"type":"Feature","properties":{"highway":"service","osm_id":944111276},"geometry":{"type":"LineString","coordinates":[[-100.292104,25.809708],[-100.292065,25.80962],[-100.292025,25.809583],[-100.291937,25.809566],[-100.291783,25.809573],[-100.291718,25.809589],[-100.291708,25.809621],[-100.291708,25.809672],[-100.291735,25.809715],[-100.291765,25.80973]]}},{"type":"Feature","properties":{"highway":"service","osm_id":944111277},"geometry":{"type":"LineString","coordinates":[[-100.292708,25.809571],[-100.292618,25.80966],[-100.292553,25.809692],[-100.292395,25.809707],[-100.292209,25.809713],[-100.292104,25.809708],[-100.291765,25.80973]]}},{"type":"Feature","properties":{"highway":"service","osm_id":944144233},"geometry":{"type":"LineString","coordinates":[[-100.288637,25.809969],[-100.288645,25.810012],[-100.288959,25.811878]]}},{"type":"Feature","properties":{"highway":"service","osm_id":944225086},"geometry":{"type":"LineString","coordinates":[[-100.282739,25.809223],[-100.282508,25.809021],[-100.28227,25.808812]]}},{"type":"Feature","properties":{"highway":"service","osm_id":944225087},"geometry":{"type":"LineString","coordinates":[[-100.282745,25.80878],[-100.282614,25.808916],[-100.282508,25.809021]]}},{"type":"Feature","properties":{"highway":"residential","osm_id":944244992},"geometry":{"type":"LineString","coordinates":[[-100.418161,25.794215],[-100.418107,25.794247],[-100.41786,25.794376],[-100.417664,25.794422]]}},{"type":"Feature","properties":{"highway":"service","osm_id":944252172},"geometry":{"type":"LineString","coordinates":[[-100.291716,25.806855],[-100.291311,25.806907]]}},{"type":"Feature","properties":{"highway":"service","osm_id":944252173},"geometry":{"type":"LineString","coordinates":[[-100.292396,25.808265],[-100.292445,25.809306],[-100.292549,25.809384],[-100.292688,25.80942]]}},{"type":"Feature","properties":{"highway":"residential","osm_id":944497755},"geometry":{"type":"LineString","coordinates":[[-100.387739,25.850756],[-100.387981,25.850809]]}},{"type":"Feature","properties":{"highway":"residential","osm_id":944547168},"geometry":{"type":"LineString","coordinates":[[-100.39235,25.847867],[-100.392085,25.847973],[-100.392051,25.847989],[-100.392033,25.848031],[-100.392032,25.84808],[-100.392091,25.848365]]}},{"type":"Feature","properties":{"highway":"residential","osm_id":944552966},"geometry":{"type":"LineString","coordinates":[[-100.387042,25.850567],[-100.387003,25.850605],[-100.38694,25.850621],[-100.386871,25.85061]]}},{"type":"Feature","properties":{"highway":"residential","osm_id":944552967},"geometry":{"type":"LineString","coordinates":[[-100.387042,25.850567],[-100.387739,25.850756]]}},{"type":"Feature","properties":{"highway":"residential","osm_id":944552968},"geometry":{"type":"LineString","coordinates":[[-100.384826,25.848733],[-100.384414,25.848875]]}},{"type":"Feature","properties":{"highway":"residential","osm_id":944554930},"geometry":{"type":"LineString","coordinates":[[-100.385143,25.849436],[-100.384736,25.849582]]}},{"type":"Feature","properties":{"highway":"residential","osm_id":944557680},"geometry":{"type":"LineString","coordinates":[[-100.38037,25.848662],[-100.380302,25.848706],[-100.380263,25.848716],[-100.380212,25.848721],[-100.379641,25.848721]]}},{"type":"Feature","properties":{"highway":"residential","osm_id":944560123},"geometry":{"type":"LineString","coordinates":[[-100.393299,25.851938],[-100.393314,25.852009],[-100.393344,25.852115],[-100.393371,25.852214],[-100.393359,25.852331],[-100.393317,25.852453]]}},{"type":"Feature","properties":{"highway":"service","osm_id":944630586},"geometry":{"type":"LineString","coordinates":[[-100.275651,25.805131],[-100.275659,25.80494],[-100.275661,25.804838]]}},{"type":"Feature","properties":{"highway":"service","osm_id":944630587},"geometry":{"type":"LineString","coordinates":[[-100.275859,25.805995],[-100.275877,25.805858],[-100.275845,25.805611],[-100.275784,25.805567],[-100.27573,25.805503],[-100.275676,25.805155],[-100.275651,25.805131],[-100.275592,25.805089],[-100.275517,25.805096],[-100.275461,25.80518],[-100.275419,25.805238],[-100.275394,25.805282],[-100.275376,25.805351],[-100.275317,25.805476],[-100.275293,25.805526],[-100.275252,25.80556],[-100.275113,25.805571]]}},{"type":"Feature","properties":{"highway":"service","osm_id":944630589},"geometry":{"type":"LineString","coordinates":[[-100.276475,25.809131],[-100.276936,25.809085],[-100.277703,25.808969],[-100.277974,25.808928],[-100.278496,25.808951],[-100.27878,25.809061]]}},{"type":"Feature","properties":{"highway":"service","osm_id":944976859},"geometry":{"type":"LineString","coordinates":[[-100.279103,25.806193],[-100.279211,25.806055],[-100.279031,25.805914],[-100.27883,25.805965]]}},{"type":"Feature","properties":{"highway":"service","osm_id":944976860},"geometry":{"type":"LineString","coordinates":[[-100.288179,25.809979],[-100.288189,25.810029],[-100.288259,25.811431]]}},{"type":"Feature","properties":{"highway":"service","osm_id":945036138},"geometry":{"type":"LineString","coordinates":[[-100.293745,25.795273],[-100.293812,25.795333]]}},{"type":"Feature","properties":{"highway":"residential","osm_id":945060739},"geometry":{"type":"LineString","coordinates":[[-100.286907,25.806781],[-100.286588,25.80712],[-100.286017,25.807796]]}},{"type":"Feature","properties":{"highway":"service","osm_id":945060742},"geometry":{"type":"LineString","coordinates":[[-100.279673,25.808584],[-100.279718,25.809113],[-100.27974,25.809327],[-100.279744,25.809374],[-100.279819,25.809946]]}},{"type":"Feature","properties":{"highway":"service","osm_id":945077724},"geometry":{"type":"LineString","coordinates":[[-100.293878,25.811619],[-100.293893,25.811928]]}},{"type":"Feature","properties":{"highway":"service","osm_id":945753841},"geometry":{"type":"LineString","coordinates":[[-100.369259,25.83022],[-100.369069,25.830192]]}},{"type":"Feature","properties":{"highway":"service","osm_id":945753842},"geometry":{"type":"LineString","coordinates":[[-100.369128,25.830313],[-100.369259,25.83022]]}},{"type":"Feature","properties":{"highway":"service","osm_id":945753843},"geometry":{"type":"LineString","coordinates":[[-100.369514,25.829571],[-100.369718,25.829747],[-100.369747,25.829894],[-100.369637,25.830061],[-100.369259,25.83022]]}},{"type":"Feature","properties":{"highway":"residential","osm_id":945753844},"geometry":{"type":"LineString","coordinates":[[-100.369304,25.84595],[-100.369296,25.845923],[-100.369291,25.845902],[-100.369283,25.845849]]}},{"type":"Feature","properties":{"highway":"residential","osm_id":945753845},"geometry":{"type":"LineString","coordinates":[[-100.369477,25.84228],[-100.369471,25.841936]]}},{"type":"Feature","properties":{"highway":"service","osm_id":946370598},"geometry":{"type":"LineString","coordinates":[[-100.372014,25.811254],[-100.372033,25.811326],[-100.372106,25.811569]]}},{"type":"Feature","properties":{"highway":"service","osm_id":946370599},"geometry":{"type":"LineString","coordinates":[[-100.371913,25.828588],[-100.371822,25.828559],[-100.371739,25.828527],[-100.371683,25.828465],[-100.37169,25.828296]]}},{"type":"Feature","properties":{"highway":"residential","osm_id":946373335},"geometry":{"type":"LineString","coordinates":[[-100.372339,25.813042],[-100.372309,25.812886],[-100.372239,25.812532]]}},{"type":"Feature","properties":{"highway":"service","osm_id":947239057},"geometry":{"type":"LineString","coordinates":[[-100.291159,25.809417],[-100.291061,25.809414]]}},{"type":"Feature","properties":{"highway":"residential","osm_id":947239061},"geometry":{"type":"LineString","coordinates":[[-100.284139,25.805878],[-100.28415,25.80613]]}},{"type":"Feature","properties":{"highway":"residential","osm_id":947239063},"geometry":{"type":"LineString","coordinates":[[-100.28875,25.804707],[-100.288861,25.804644],[-100.289511,25.804018],[-100.289585,25.803938]]}},{"type":"Feature","properties":{"highway":"service","osm_id":947560630},"geometry":{"type":"LineString","coordinates":[[-100.278957,25.806456],[-100.278925,25.806363],[-100.278903,25.806347],[-100.278519,25.806414],[-100.27848,25.806429],[-100.278476,25.806514]]}},{"type":"Feature","properties":{"highway":"service","osm_id":947560631},"geometry":{"type":"LineString","coordinates":[[-100.278476,25.806514],[-100.278531,25.806509],[-100.278582,25.806503],[-100.278832,25.806459],[-100.278901,25.806454],[-100.278957,25.806456]]}},{"type":"Feature","properties":{"highway":"residential","osm_id":947690824},"geometry":{"type":"LineString","coordinates":[[-100.379601,25.846045],[-100.379714,25.846089]]}},{"type":"Feature","properties":{"highway":"service","osm_id":948033617},"geometry":{"type":"LineString","coordinates":[[-100.275733,25.806773],[-100.275663,25.806933]]}},{"type":"Feature","properties":{"highway":"service","osm_id":952941943},"geometry":{"type":"LineString","coordinates":[[-100.401365,25.808482],[-100.401409,25.808591]]}},{"type":"Feature","properties":{"highway":"residential","osm_id":1091898790},"geometry":{"type":"LineString","coordinates":[[-100.422488,25.843541],[-100.422682,25.843899]]}},{"type":"Feature","properties":{"highway":"residential","osm_id":1091898794},"geometry":{"type":"LineString","coordinates":[[-100.427744,25.8446],[-100.42742,25.844863]]}},{"type":"Feature","properties":{"highway":"residential","osm_id":1091898795},"geometry":{"type":"LineString","coordinates":[[-100.426626,25.84347],[-100.426277,25.843761]]}},{"type":"Feature","properties":{"highway":"residential","osm_id":1091898796},"geometry":{"type":"LineString","coordinates":[[-100.428327,25.84519],[-100.428201,25.845062],[-100.427924,25.844782],[-100.42781,25.844667],[-100.427744,25.8446],[-100.427639,25.844494],[-100.427356,25.844209],[-100.427075,25.843924],[-100.426795,25.843641],[-100.426687,25.843532],[-100.426626,25.84347],[-100.426512,25.843355],[-100.426232,25.843072],[-100.426107,25.842946]]}},{"type":"Feature","properties":{"highway":"residential","osm_id":1091898797},"geometry":{"type":"LineString","coordinates":[[-100.429199,25.844091],[-100.42891,25.843817],[-100.428617,25.84354],[-100.42833,25.843268],[-100.428043,25.842996],[-100.427749,25.842718],[-100.427459,25.842442],[-100.427172,25.842171]]}},{"type":"Feature","properties":{"highway":"residential","osm_id":1125098179},"geometry":{"type":"LineString","coordinates":[[-100.370655,25.828666],[-100.370028,25.828631],[-100.369483,25.828594]]}},{"type":"Feature","properties":{"highway":"tertiary","osm_id":1125098181},"geometry":{"type":"LineString","coordinates":[[-100.372648,25.833188],[-100.372688,25.833178],[-100.372726,25.833164],[-100.372761,25.833144],[-100.372792,25.833119],[-100.372818,25.833091],[-100.372839,25.833059],[-100.372849,25.833035],[-100.372854,25.833024],[-100.372863,25.832988],[-100.372866,25.832951],[-100.372862,25.832914],[-100.372852,25.832878],[-100.372849,25.832872],[-100.372836,25.832844],[-100.372814,25.832813],[-100.372787,25.832785],[-100.372756,25.832761],[-100.37272,25.832742],[-100.372682,25.832728],[-100.372642,25.83272],[-100.372599,25.832717],[-100.372576,25.832719],[-100.372555,25.832721],[-100.372513,25.832731],[-100.372474,25.832747],[-100.372438,25.832769],[-100.372406,25.832796],[-100.37238,25.832828],[-100.37236,25.832862],[-100.372347,25.832898],[-100.37234,25.832938],[-100.372341,25.832977],[-100.372349,25.833016],[-100.372363,25.833053],[-100.372372,25.833067],[-100.372385,25.833087],[-100.372412,25.833118],[-100.372445,25.833143],[-100.372481,25.833164],[-100.372522,25.833179],[-100.372564,25.833188],[-100.372613,25.833191],[-100.372648,25.833188]]}},{"type":"Feature","properties":{"highway":"residential","osm_id":1136020534},"geometry":{"type":"LineString","coordinates":[[-100.424008,25.841392],[-100.424106,25.841574]]}},{"type":"Feature","properties":{"highway":"residential","osm_id":1136020535},"geometry":{"type":"LineString","coordinates":[[-100.424207,25.841529],[-100.424109,25.841345]]}},{"type":"Feature","properties":{"highway":"residential","osm_id":1213677862},"geometry":{"type":"LineString","coordinates":[[-100.330954,25.771447],[-100.33099,25.771288],[-100.331072,25.770933],[-100.331146,25.770606],[-100.33116,25.770544],[-100.331251,25.770146],[-100.331253,25.770118],[-100.33125,25.770108],[-100.331245,25.770099],[-100.331238,25.770092],[-100.331229,25.770087]]}},{"type":"Feature","properties":{"highway":"residential","osm_id":1213677863},"geometry":{"type":"LineString","coordinates":[[-100.330568,25.771269],[-100.330685,25.770658]]}},{"type":"Feature","properties":{"highway":"residential","osm_id":1213677864},"geometry":{"type":"LineString","coordinates":[[-100.331386,25.77748],[-100.331374,25.777484],[-100.331366,25.777489],[-100.33136,25.777494],[-100.331347,25.777505],[-100.331331,25.777513],[-100.331311,25.777521],[-100.331283,25.777525],[-100.331259,25.777523]]}},{"type":"Feature","properties":{"highway":"residential","osm_id":1213677865},"geometry":{"type":"LineString","coordinates":[[-100.331943,25.774766],[-100.331889,25.774748],[-100.331831,25.774731]]}},{"type":"Feature","properties":{"highway":"residential","osm_id":1214452433},"geometry":{"type":"LineString","coordinates":[[-100.331171,25.778533],[-100.331056,25.778512]]}},{"type":"Feature","properties":{"highway":"tertiary","osm_id":1214452434},"geometry":{"type":"LineString","coordinates":[[-100.332046,25.77431],[-100.331928,25.774287]]}},{"type":"Feature","properties":{"highway":"residential","osm_id":1238229977},"geometry":{"type":"LineString","coordinates":[[-100.426514,25.844166],[-100.426566,25.844173],[-100.426591,25.844161],[-100.426598,25.84415],[-100.426603,25.844126],[-100.426594,25.844086]]}},{"type":"Feature","properties":{"highway":"service","osm_id":1296746027},"geometry":{"type":"LineString","coordinates":[[-100.375037,25.812388],[-100.375202,25.813215]]}},{"type":"Feature","properties":{"highway":"service","osm_id":1296746028},"geometry":{"type":"LineString","coordinates":[[-100.375404,25.813185],[-100.375269,25.81235]]}},{"type":"Feature","properties":{"highway":"service","osm_id":1296746029},"geometry":{"type":"LineString","coordinates":[[-100.377124,25.81309],[-100.376375,25.81304]]}},{"type":"Feature","properties":{"highway":"service","osm_id":1299996393},"geometry":{"type":"LineString","coordinates":[[-100.277074,25.828118],[-100.27706,25.828001],[-100.277,25.827481],[-100.27689,25.826699],[-100.276724,25.825598],[-100.276676,25.825284],[-100.276524,25.823842],[-100.276505,25.823753],[-100.2783,25.823488]]}},{"type":"Feature","properties":{"highway":"residential","osm_id":1318851566},"geometry":{"type":"LineString","coordinates":[[-100.397912,25.850039],[-100.398177,25.850411],[-100.398187,25.85045],[-100.398185,25.850478],[-100.398172,25.850506],[-100.398148,25.850533],[-100.396424,25.851636],[-100.394743,25.852739],[-100.394665,25.852782]]}},{"type":"Feature","properties":{"highway":"tertiary","osm_id":1337645300},"geometry":{"type":"LineString","coordinates":[[-100.379637,25.848539],[-100.376695,25.848418],[-100.376184,25.848396],[-100.375792,25.848378],[-100.375507,25.848364],[-100.375304,25.848358],[-100.375191,25.848354],[-100.375034,25.848336],[-100.374849,25.848315]]}},{"type":"Feature","properties":{"highway":"residential","osm_id":1354888626},"geometry":{"type":"LineString","coordinates":[[-100.394665,25.852782],[-100.394616,25.852751],[-100.394588,25.852719],[-100.394556,25.852683],[-100.394303,25.852325],[-100.394244,25.852234]]}},{"type":"Feature","properties":{"highway":"tertiary","osm_id":1357553443},"geometry":{"type":"LineString","coordinates":[[-100.397861,25.846302],[-100.396007,25.847476],[-100.39237,25.849654],[-100.392321,25.849682],[-100.389646,25.851301],[-100.38962,25.851319]]}},{"type":"Feature","properties":{"highway":"tertiary","osm_id":1384010841},"geometry":{"type":"LineString","coordinates":[[-100.399053,25.845002],[-100.398825,25.845088],[-100.397501,25.845568]]}},{"type":"Feature","properties":{"highway":"tertiary","osm_id":1384012991},"geometry":{"type":"LineString","coordinates":[[-100.397861,25.846302],[-100.39877,25.84577],[-100.399677,25.845257]]}},{"type":"Feature","properties":{"highway":"service","osm_id":1386986548},"geometry":{"type":"LineString","coordinates":[[-100.278946,25.828235],[-100.278997,25.828656],[-100.279051,25.829046],[-100.279097,25.829411],[-100.279134,25.829755],[-100.279164,25.83003],[-100.279202,25.830387],[-100.279234,25.830635],[-100.279302,25.831089],[-100.279385,25.831664],[-100.279491,25.8324],[-100.279534,25.832777],[-100.279519,25.832835],[-100.279483,25.832871],[-100.279417,25.832925],[-100.27927,25.832941],[-100.278858,25.832998],[-100.278539,25.833019],[-100.278096,25.833077],[-100.277757,25.833048]]}},{"type":"Feature","properties":{"highway":"residential","osm_id":1395961293},"geometry":{"type":"LineString","coordinates":[[-100.364738,25.808494],[-100.36442,25.808584],[-100.363987,25.808689]]}},{"type":"Feature","properties":{"highway":"tertiary","osm_id":1473529110},"geometry":{"type":"LineString","coordinates":[[-100.373878,25.832816],[-100.373455,25.832839],[-100.37303,25.832862],[-100.372849,25.832872]]}},{"type":"Feature","properties":{"highway":"tertiary","osm_id":1473529111},"geometry":{"type":"LineString","coordinates":[[-100.372849,25.833035],[-100.373039,25.833026],[-100.373458,25.833005],[-100.373887,25.832984]]}},{"type":"Feature","properties":{"highway":"tertiary","osm_id":1553506751},"geometry":{"type":"LineString","coordinates":[[-100.367556,25.809183],[-100.367549,25.809109],[-100.367459,25.808206]]}},{"type":"Feature","properties":{"highway":"tertiary","osm_id":1560236895},"geometry":{"type":"LineString","coordinates":[[-100.391107,25.810882],[-100.391283,25.81115],[-100.391814,25.811883]]}}]}