{"type":"FeatureCollection","properties":{"source":"OSM Overpass","generated":"2026-09-22T02:35:25Z","scope":"ZMM highway=traffic_signals (colonias bbox + pad)","bbox":[-100.6542,25.5636,-100.0576,25.8678],"n":1591,"note":"Capa gratuita OSM; cobertura incompleta. Scout S sigue para marcas manuales."},"features":[{"type":"Feature","properties":{"highway":"traffic_signals","fuente":"osm","osm_id":"node/289739626"},"geometry":{"type":"Point","coordinates":[-100.357533,25.708936]}},{"type":"Feature","properties":{"highway":"traffic_signals","fuente":"osm","osm_id":"node/289742775"},"geometry":{"type":"Point","coordinates":[-100.342759,25.709529]}},{"type":"Feature","properties":{"highway":"traffic_signals","fuente":"osm","osm_id":"node/289745215"},"geometry":{"type":"Point","coordinates":[-100.344349,25.690426]}},{"type":"Feature","properties":{"highway":"traffic_signals","fuente":"osm","osm_id":"node/293418339"},"geometry":{"type":"Point","coordinates":[-100.382897,25.660695]}},{"type":"Feature","properties":{"highway":"traffic_signals","fuente":"osm","osm_id":"node/293423429"},"geometry":{"type":"Point","coordinates":[-100.369291,25.659447]}},{"type":"Feature","properties":{"highway":"traffic_signals","fuente":"osm","osm_id":"node/293440305"},"geometry":{"type":"Point","coordinates":[-100.385473,25.655277]}},{"type":"Feature","properties":{"highway":"traffic_signals","fuente":"osm","osm_id":"node/293539875"},"geometry":{"type":"Point","coordinates":[-100.330674,25.684958]}},{"type":"Feature","properties":{"highway":"traffic_signals","fuente":"osm","osm_id":"node/293540244"},"geometry":{"type":"Point","coordinates":[-100.331779,25.678047]}},{"type":"Feature","properties":{"highway":"traffic_signals","fuente":"osm","osm_id":"node/293540250"},"geometry":{"type":"Point","coordinates":[-100.331027,25.682373]}},{"type":"Feature","properties":{"highway":"traffic_signals","fuente":"osm","osm_id":"node/293540251"},"geometry":{"type":"Point","coordinates":[-100.330792,25.684102]}},{"type":"Feature","properties":{"highway":"traffic_signals","fuente":"osm","osm_id":"node/293543112"},"geometry":{"type":"Point","coordinates":[-100.308527,25.675506]}},{"type":"Feature","properties":{"highway":"traffic_signals","fuente":"osm","osm_id":"node/293546871"},"geometry":{"type":"Point","coordinates":[-100.30188,25.741772]}},{"type":"Feature","properties":{"highway":"traffic_signals","fuente":"osm","osm_id":"node/293551774"},"geometry":{"type":"Point","coordinates":[-100.393714,25.659219]}},{"type":"Feature","properties":{"highway":"traffic_signals","fuente":"osm","osm_id":"node/293686702"},"geometry":{"type":"Point","coordinates":[-100.368005,25.671888]}},{"type":"Feature","properties":{"highway":"traffic_signals","fuente":"osm","osm_id":"node/293712509"},"geometry":{"type":"Point","coordinates":[-100.308331,25.67069]}},{"type":"Feature","properties":{"highway":"traffic_signals","fuente":"osm","osm_id":"node/293712514"},"geometry":{"type":"Point","coordinates":[-100.307579,25.675405]}},{"type":"Feature","properties":{"highway":"traffic_signals","fuente":"osm","osm_id":"node/293804504"},"geometry":{"type":"Point","coordinates":[-100.401784,25.661884]}},{"type":"Feature","properties":{"highway":"traffic_signals","fuente":"osm","osm_id":"node/293805642"},"geometry":{"type":"Point","coordinates":[-100.399966,25.661257]}},{"type":"Feature","properties":{"highway":"traffic_signals","fuente":"osm","osm_id":"node/293806258"},"geometry":{"type":"Point","coordinates":[-100.408956,25.664437]}},{"type":"Feature","properties":{"highway":"traffic_signals","fuente":"osm","osm_id":"node/293806665"},"geometry":{"type":"Point","coordinates":[-100.399096,25.660962]}},{"type":"Feature","properties":{"highway":"traffic_signals","fuente":"osm","osm_id":"node/295778314"},"geometry":{"type":"Point","coordinates":[-100.333321,25.686028]}},{"type":"Feature","properties":{"highway":"traffic_signals","fuente":"osm","osm_id":"node/315000732"},"geometry":{"type":"Point","coordinates":[-100.200904,25.707171]}},{"type":"Feature","properties":{"highway":"traffic_signals","fuente":"osm","osm_id":"node/329499192"},"geometry":{"type":"Point","coordinates":[-100.381437,25.739036]}},{"type":"Feature","properties":{"highway":"traffic_signals","fuente":"osm","osm_id":"node/330658329"},"geometry":{"type":"Point","coordinates":[-100.204615,25.674823]}},{"type":"Feature","properties":{"highway":"traffic_signals","fuente":"osm","osm_id":"node/330658330"},"geometry":{"type":"Point","coordinates":[-100.215419,25.674925]}},{"type":"Feature","properties":{"highway":"traffic_signals","fuente":"osm","osm_id":"node/330658359"},"geometry":{"type":"Point","coordinates":[-100.134713,25.65713]}},{"type":"Feature","properties":{"highway":"traffic_signals","fuente":"osm","osm_id":"node/330658367"},"geometry":{"type":"Point","coordinates":[-100.150184,25.660707]}},{"type":"Feature","properties":{"highway":"traffic_signals","fuente":"osm","osm_id":"node/330658368"},"geometry":{"type":"Point","coordinates":[-100.215451,25.674761]}},{"type":"Feature","properties":{"highway":"traffic_signals","fuente":"osm","osm_id":"node/340291606"},"geometry":{"type":"Point","coordinates":[-100.289709,25.653599]}},{"type":"Feature","properties":{"highway":"traffic_signals","fuente":"osm","osm_id":"node/340292852"},"geometry":{"type":"Point","coordinates":[-100.292161,25.651348]}},{"type":"Feature","properties":{"highway":"traffic_signals","fuente":"osm","osm_id":"node/340293101"},"geometry":{"type":"Point","coordinates":[-100.292231,25.651697]}},{"type":"Feature","properties":{"highway":"traffic_signals","fuente":"osm","osm_id":"node/340293295"},"geometry":{"type":"Point","coordinates":[-100.292632,25.651266]}},{"type":"Feature","properties":{"highway":"traffic_signals","fuente":"osm","osm_id":"node/344363473"},"geometry":{"type":"Point","coordinates":[-100.332414,25.675546]}},{"type":"Feature","properties":{"highway":"traffic_signals","fuente":"osm","osm_id":"node/344480648"},"geometry":{"type":"Point","coordinates":[-100.330909,25.683252]}},{"type":"Feature","properties":{"highway":"traffic_signals","fuente":"osm","osm_id":"node/344480656"},"geometry":{"type":"Point","coordinates":[-100.331148,25.681506]}},{"type":"Feature","properties":{"highway":"traffic_signals","fuente":"osm","osm_id":"node/344565228"},"geometry":{"type":"Point","coordinates":[-100.342372,25.709711]}},{"type":"Feature","properties":{"highway":"traffic_signals","fuente":"osm","osm_id":"node/344565918"},"geometry":{"type":"Point","coordinates":[-100.342705,25.70489]}},{"type":"Feature","properties":{"highway":"traffic_signals","fuente":"osm","osm_id":"node/344958784"},"geometry":{"type":"Point","coordinates":[-100.337478,25.704567]}},{"type":"Feature","properties":{"highway":"traffic_signals","fuente":"osm","osm_id":"node/345369740"},"geometry":{"type":"Point","coordinates":[-100.319846,25.704244]}},{"type":"Feature","properties":{"highway":"traffic_signals","fuente":"osm","osm_id":"node/345381801"},"geometry":{"type":"Point","coordinates":[-100.33427,25.686251]}},{"type":"Feature","properties":{"highway":"traffic_signals","fuente":"osm","osm_id":"node/345387531"},"geometry":{"type":"Point","coordinates":[-100.312103,25.685564]}},{"type":"Feature","properties":{"highway":"traffic_signals","fuente":"osm","osm_id":"node/356312995"},"geometry":{"type":"Point","coordinates":[-100.367322,25.6741]}},{"type":"Feature","properties":{"highway":"traffic_signals","fuente":"osm","osm_id":"node/356313859"},"geometry":{"type":"Point","coordinates":[-100.364597,25.675411]}},{"type":"Feature","properties":{"highway":"traffic_signals","fuente":"osm","osm_id":"node/606306892"},"geometry":{"type":"Point","coordinates":[-100.352312,25.680944]}},{"type":"Feature","properties":{"highway":"traffic_signals","fuente":"osm","osm_id":"node/608957910"},"geometry":{"type":"Point","coordinates":[-100.34249,25.724849]}},{"type":"Feature","properties":{"highway":"traffic_signals","fuente":"osm","osm_id":"node/608957978"},"geometry":{"type":"Point","coordinates":[-100.332954,25.73443]}},{"type":"Feature","properties":{"highway":"traffic_signals","fuente":"osm","osm_id":"node/619685227"},"geometry":{"type":"Point","coordinates":[-100.276024,25.802769]}},{"type":"Feature","properties":{"highway":"traffic_signals","fuente":"osm","osm_id":"node/928627383"},"geometry":{"type":"Point","coordinates":[-100.368715,25.728569]}},{"type":"Feature","properties":{"highway":"traffic_signals","fuente":"osm","osm_id":"node/928627411"},"geometry":{"type":"Point","coordinates":[-100.354171,25.725615]}},{"type":"Feature","properties":{"highway":"traffic_signals","fuente":"osm","osm_id":"node/928627412"},"geometry":{"type":"Point","coordinates":[-100.353912,25.725843]}},{"type":"Feature","properties":{"highway":"traffic_signals","fuente":"osm","osm_id":"node/928645067"},"geometry":{"type":"Point","coordinates":[-100.357648,25.708839]}},{"type":"Feature","properties":{"highway":"traffic_signals","fuente":"osm","osm_id":"node/928649746"},"geometry":{"type":"Point","coordinates":[-100.289881,25.636529]}},{"type":"Feature","properties":{"highway":"traffic_signals","fuente":"osm","osm_id":"node/928674238"},"geometry":{"type":"Point","coordinates":[-100.377667,25.735035]}},{"type":"Feature","properties":{"highway":"traffic_signals","fuente":"osm","osm_id":"node/931059271"},"geometry":{"type":"Point","coordinates":[-100.302838,25.642492]}},{"type":"Feature","properties":{"highway":"traffic_signals","fuente":"osm","osm_id":"node/933324230"},"geometry":{"type":"Point","coordinates":[-100.299352,25.73627]}},{"type":"Feature","properties":{"highway":"traffic_signals","fuente":"osm","osm_id":"node/933324290"},"geometry":{"type":"Point","coordinates":[-100.29742,25.754199]}},{"type":"Feature","properties":{"highway":"traffic_signals","fuente":"osm","osm_id":"node/933325300"},"geometry":{"type":"Point","coordinates":[-100.303256,25.730372]}},{"type":"Feature","properties":{"highway":"traffic_signals","fuente":"osm","osm_id":"node/945546661"},"geometry":{"type":"Point","coordinates":[-100.358655,25.674765]}},{"type":"Feature","properties":{"highway":"traffic_signals","fuente":"osm","osm_id":"node/956268361"},"geometry":{"type":"Point","coordinates":[-100.19923,25.723519]}},{"type":"Feature","properties":{"highway":"traffic_signals","fuente":"osm","osm_id":"node/956440468"},"geometry":{"type":"Point","coordinates":[-100.292185,25.721894]}},{"type":"Feature","properties":{"highway":"traffic_signals","fuente":"osm","osm_id":"node/956440648"},"geometry":{"type":"Point","coordinates":[-100.283826,25.715511]}},{"type":"Feature","properties":{"highway":"traffic_signals","fuente":"osm","osm_id":"node/956440665"},"geometry":{"type":"Point","coordinates":[-100.283701,25.715743]}},{"type":"Feature","properties":{"highway":"traffic_signals","fuente":"osm","osm_id":"node/956441183"},"geometry":{"type":"Point","coordinates":[-100.268512,25.685879]}},{"type":"Feature","properties":{"highway":"traffic_signals","fuente":"osm","osm_id":"node/956441202"},"geometry":{"type":"Point","coordinates":[-100.268514,25.685683]}},{"type":"Feature","properties":{"highway":"traffic_signals","fuente":"osm","osm_id":"node/956441249"},"geometry":{"type":"Point","coordinates":[-100.268284,25.685731]}},{"type":"Feature","properties":{"highway":"traffic_signals","fuente":"osm","osm_id":"node/956493536"},"geometry":{"type":"Point","coordinates":[-100.225401,25.702716]}},{"type":"Feature","properties":{"highway":"traffic_signals","fuente":"osm","osm_id":"node/957645345"},"geometry":{"type":"Point","coordinates":[-100.292294,25.721596]}},{"type":"Feature","properties":{"highway":"traffic_signals","fuente":"osm","osm_id":"node/958254390"},"geometry":{"type":"Point","coordinates":[-100.277507,25.703502]}},{"type":"Feature","properties":{"highway":"traffic_signals","fuente":"osm","osm_id":"node/958254392"},"geometry":{"type":"Point","coordinates":[-100.277506,25.703643]}},{"type":"Feature","properties":{"highway":"traffic_signals","fuente":"osm","osm_id":"node/958294128"},"geometry":{"type":"Point","coordinates":[-100.207994,25.70488]}},{"type":"Feature","properties":{"highway":"traffic_signals","fuente":"osm","osm_id":"node/958294132"},"geometry":{"type":"Point","coordinates":[-100.207892,25.704708]}},{"type":"Feature","properties":{"highway":"traffic_signals","fuente":"osm","osm_id":"node/959554019"},"geometry":{"type":"Point","coordinates":[-100.215562,25.674924]}},{"type":"Feature","properties":{"highway":"traffic_signals","fuente":"osm","osm_id":"node/959554021"},"geometry":{"type":"Point","coordinates":[-100.215588,25.67476]}},{"type":"Feature","properties":{"highway":"traffic_signals","fuente":"osm","osm_id":"node/959849890"},"geometry":{"type":"Point","coordinates":[-100.260847,25.67955]}},{"type":"Feature","properties":{"highway":"traffic_signals","fuente":"osm","osm_id":"node/967331115"},"geometry":{"type":"Point","coordinates":[-100.214146,25.684018]}},{"type":"Feature","properties":{"highway":"traffic_signals","fuente":"osm","osm_id":"node/967412354"},"geometry":{"type":"Point","coordinates":[-100.230448,25.682874]}},{"type":"Feature","properties":{"highway":"traffic_signals","fuente":"osm","osm_id":"node/967412382"},"geometry":{"type":"Point","coordinates":[-100.230547,25.68286]}},{"type":"Feature","properties":{"highway":"traffic_signals","fuente":"osm","osm_id":"node/967499872"},"geometry":{"type":"Point","coordinates":[-100.225539,25.702766]}},{"type":"Feature","properties":{"highway":"traffic_signals","fuente":"osm","osm_id":"node/967504846"},"geometry":{"type":"Point","coordinates":[-100.296762,25.684033]}},{"type":"Feature","properties":{"highway":"traffic_signals","fuente":"osm","osm_id":"node/967504852"},"geometry":{"type":"Point","coordinates":[-100.312088,25.685719]}},{"type":"Feature","properties":{"highway":"traffic_signals","fuente":"osm","osm_id":"node/969206868"},"geometry":{"type":"Point","coordinates":[-100.183029,25.655602]}},{"type":"Feature","properties":{"highway":"traffic_signals","fuente":"osm","osm_id":"node/969206887"},"geometry":{"type":"Point","coordinates":[-100.182989,25.655839]}},{"type":"Feature","properties":{"highway":"traffic_signals","fuente":"osm","osm_id":"node/973871300"},"geometry":{"type":"Point","coordinates":[-100.292677,25.651594]}},{"type":"Feature","properties":{"highway":"traffic_signals","fuente":"osm","osm_id":"node/983975241"},"geometry":{"type":"Point","coordinates":[-100.258361,25.688687]}},{"type":"Feature","properties":{"highway":"traffic_signals","fuente":"osm","osm_id":"node/984690544"},"geometry":{"type":"Point","coordinates":[-100.213578,25.686629]}},{"type":"Feature","properties":{"highway":"traffic_signals","fuente":"osm","osm_id":"node/984690549"},"geometry":{"type":"Point","coordinates":[-100.213729,25.686636]}},{"type":"Feature","properties":{"highway":"traffic_signals","fuente":"osm","osm_id":"node/984729472"},"geometry":{"type":"Point","coordinates":[-100.351873,25.68078]}},{"type":"Feature","properties":{"highway":"traffic_signals","fuente":"osm","osm_id":"node/987206769"},"geometry":{"type":"Point","coordinates":[-100.295698,25.637741]}},{"type":"Feature","properties":{"highway":"traffic_signals","fuente":"osm","osm_id":"node/1001582886"},"geometry":{"type":"Point","coordinates":[-100.208285,25.68368]}},{"type":"Feature","properties":{"highway":"traffic_signals","fuente":"osm","osm_id":"node/1001582901"},"geometry":{"type":"Point","coordinates":[-100.207928,25.683727]}},{"type":"Feature","properties":{"highway":"traffic_signals","fuente":"osm","osm_id":"node/1009640438"},"geometry":{"type":"Point","coordinates":[-100.238192,25.669775]}},{"type":"Feature","properties":{"highway":"traffic_signals","fuente":"osm","osm_id":"node/1009727783"},"geometry":{"type":"Point","coordinates":[-100.369859,25.726624]}},{"type":"Feature","properties":{"highway":"traffic_signals","fuente":"osm","osm_id":"node/1014218247"},"geometry":{"type":"Point","coordinates":[-100.273076,25.626839]}},{"type":"Feature","properties":{"highway":"traffic_signals","fuente":"osm","osm_id":"node/1014218256"},"geometry":{"type":"Point","coordinates":[-100.273231,25.626889]}},{"type":"Feature","properties":{"highway":"traffic_signals","fuente":"osm","osm_id":"node/1015200328"},"geometry":{"type":"Point","coordinates":[-100.274085,25.64304]}},{"type":"Feature","properties":{"highway":"traffic_signals","fuente":"osm","osm_id":"node/1015704194"},"geometry":{"type":"Point","coordinates":[-100.206918,25.761856]}},{"type":"Feature","properties":{"highway":"traffic_signals","fuente":"osm","osm_id":"node/1019427497"},"geometry":{"type":"Point","coordinates":[-100.232892,25.66872]}},{"type":"Feature","properties":{"highway":"traffic_signals","fuente":"osm","osm_id":"node/1019427520"},"geometry":{"type":"Point","coordinates":[-100.234478,25.660747]}},{"type":"Feature","properties":{"highway":"traffic_signals","fuente":"osm","osm_id":"node/1019427524"},"geometry":{"type":"Point","coordinates":[-100.232854,25.668905]}},{"type":"Feature","properties":{"highway":"traffic_signals","fuente":"osm","osm_id":"node/1019427530"},"geometry":{"type":"Point","coordinates":[-100.234445,25.660903]}},{"type":"Feature","properties":{"highway":"traffic_signals","fuente":"osm","osm_id":"node/1019500636"},"geometry":{"type":"Point","coordinates":[-100.21403,25.665496]}},{"type":"Feature","properties":{"highway":"traffic_signals","fuente":"osm","osm_id":"node/1019500642"},"geometry":{"type":"Point","coordinates":[-100.213994,25.665685]}},{"type":"Feature","properties":{"highway":"traffic_signals","fuente":"osm","osm_id":"node/1019500646"},"geometry":{"type":"Point","coordinates":[-100.212219,25.674886]}},{"type":"Feature","properties":{"highway":"traffic_signals","fuente":"osm","osm_id":"node/1019500648"},"geometry":{"type":"Point","coordinates":[-100.215732,25.656016]}},{"type":"Feature","properties":{"highway":"traffic_signals","fuente":"osm","osm_id":"node/1019500650"},"geometry":{"type":"Point","coordinates":[-100.215804,25.656199]}},{"type":"Feature","properties":{"highway":"traffic_signals","fuente":"osm","osm_id":"node/1019506135"},"geometry":{"type":"Point","coordinates":[-100.208637,25.654411]}},{"type":"Feature","properties":{"highway":"traffic_signals","fuente":"osm","osm_id":"node/1019506163"},"geometry":{"type":"Point","coordinates":[-100.20467,25.674665]}},{"type":"Feature","properties":{"highway":"traffic_signals","fuente":"osm","osm_id":"node/1019506201"},"geometry":{"type":"Point","coordinates":[-100.208669,25.65421]}},{"type":"Feature","properties":{"highway":"traffic_signals","fuente":"osm","osm_id":"node/1028966506"},"geometry":{"type":"Point","coordinates":[-100.341577,25.68636]}},{"type":"Feature","properties":{"highway":"traffic_signals","fuente":"osm","osm_id":"node/1029051514"},"geometry":{"type":"Point","coordinates":[-100.192077,25.708668]}},{"type":"Feature","properties":{"highway":"traffic_signals","fuente":"osm","osm_id":"node/1029051518"},"geometry":{"type":"Point","coordinates":[-100.192176,25.708855]}},{"type":"Feature","properties":{"highway":"traffic_signals","fuente":"osm","osm_id":"node/1029051525"},"geometry":{"type":"Point","coordinates":[-100.192159,25.708664]}},{"type":"Feature","properties":{"highway":"traffic_signals","fuente":"osm","osm_id":"node/1029425421"},"geometry":{"type":"Point","coordinates":[-100.198675,25.733279]}},{"type":"Feature","properties":{"highway":"traffic_signals","fuente":"osm","osm_id":"node/1030131363"},"geometry":{"type":"Point","coordinates":[-100.295032,25.767394]}},{"type":"Feature","properties":{"highway":"traffic_signals","fuente":"osm","osm_id":"node/1032440395"},"geometry":{"type":"Point","coordinates":[-100.22561,25.730798]}},{"type":"Feature","properties":{"highway":"traffic_signals","fuente":"osm","osm_id":"node/1032440396"},"geometry":{"type":"Point","coordinates":[-100.224956,25.730759]}},{"type":"Feature","properties":{"highway":"traffic_signals","fuente":"osm","osm_id":"node/1032643143"},"geometry":{"type":"Point","coordinates":[-100.259731,25.679646]}},{"type":"Feature","properties":{"highway":"traffic_signals","fuente":"osm","osm_id":"node/1032643174"},"geometry":{"type":"Point","coordinates":[-100.259735,25.67978]}},{"type":"Feature","properties":{"highway":"traffic_signals","fuente":"osm","osm_id":"node/1032648138"},"geometry":{"type":"Point","coordinates":[-100.260867,25.67943]}},{"type":"Feature","properties":{"highway":"traffic_signals","fuente":"osm","osm_id":"node/1032660874"},"geometry":{"type":"Point","coordinates":[-100.265481,25.679665]}},{"type":"Feature","properties":{"highway":"traffic_signals","fuente":"osm","osm_id":"node/1032660886"},"geometry":{"type":"Point","coordinates":[-100.267127,25.665608]}},{"type":"Feature","properties":{"highway":"traffic_signals","fuente":"osm","osm_id":"node/1033943183"},"geometry":{"type":"Point","coordinates":[-100.34142,25.686123]}},{"type":"Feature","properties":{"highway":"traffic_signals","fuente":"osm","osm_id":"node/1037938547"},"geometry":{"type":"Point","coordinates":[-100.2783,25.666429]}},{"type":"Feature","properties":{"highway":"traffic_signals","fuente":"osm","osm_id":"node/1037949884"},"geometry":{"type":"Point","coordinates":[-100.263176,25.679512]}},{"type":"Feature","properties":{"highway":"traffic_signals","fuente":"osm","osm_id":"node/1038641737"},"geometry":{"type":"Point","coordinates":[-100.258573,25.679672]}},{"type":"Feature","properties":{"highway":"traffic_signals","fuente":"osm","osm_id":"node/1038641758"},"geometry":{"type":"Point","coordinates":[-100.258573,25.67981]}},{"type":"Feature","properties":{"highway":"traffic_signals","fuente":"osm","osm_id":"node/1038654043"},"geometry":{"type":"Point","coordinates":[-100.257421,25.679822]}},{"type":"Feature","properties":{"highway":"traffic_signals","fuente":"osm","osm_id":"node/1038688298"},"geometry":{"type":"Point","coordinates":[-100.25627,25.679685]}},{"type":"Feature","properties":{"highway":"traffic_signals","fuente":"osm","osm_id":"node/1040458482"},"geometry":{"type":"Point","coordinates":[-100.252814,25.679883]}},{"type":"Feature","properties":{"highway":"traffic_signals","fuente":"osm","osm_id":"node/1041637042"},"geometry":{"type":"Point","coordinates":[-100.316896,25.68985]}},{"type":"Feature","properties":{"highway":"traffic_signals","fuente":"osm","osm_id":"node/1041888097"},"geometry":{"type":"Point","coordinates":[-100.260725,25.679579]}},{"type":"Feature","properties":{"highway":"traffic_signals","fuente":"osm","osm_id":"node/1041993307"},"geometry":{"type":"Point","coordinates":[-100.344264,25.690296]}},{"type":"Feature","properties":{"highway":"traffic_signals","fuente":"osm","osm_id":"node/1043875101"},"geometry":{"type":"Point","coordinates":[-100.250435,25.679906]}},{"type":"Feature","properties":{"highway":"traffic_signals","fuente":"osm","osm_id":"node/1058237358"},"geometry":{"type":"Point","coordinates":[-100.197771,25.780925]}},{"type":"Feature","properties":{"highway":"traffic_signals","fuente":"osm","osm_id":"node/1060330912"},"geometry":{"type":"Point","coordinates":[-100.281198,25.666772]}},{"type":"Feature","properties":{"highway":"traffic_signals","fuente":"osm","osm_id":"node/1060331076"},"geometry":{"type":"Point","coordinates":[-100.279953,25.666613]}},{"type":"Feature","properties":{"highway":"traffic_signals","fuente":"osm","osm_id":"node/1060798176"},"geometry":{"type":"Point","coordinates":[-100.187472,25.778721]}},{"type":"Feature","properties":{"highway":"traffic_signals","fuente":"osm","osm_id":"node/1089308480"},"geometry":{"type":"Point","coordinates":[-100.366036,25.656292]}},{"type":"Feature","properties":{"highway":"traffic_signals","fuente":"osm","osm_id":"node/1089308535"},"geometry":{"type":"Point","coordinates":[-100.366179,25.655845]}},{"type":"Feature","properties":{"highway":"traffic_signals","fuente":"osm","osm_id":"node/1089308555"},"geometry":{"type":"Point","coordinates":[-100.376873,25.65941]}},{"type":"Feature","properties":{"highway":"traffic_signals","fuente":"osm","osm_id":"node/1089308581"},"geometry":{"type":"Point","coordinates":[-100.37701,25.659004]}},{"type":"Feature","properties":{"highway":"traffic_signals","fuente":"osm","osm_id":"node/1096774125"},"geometry":{"type":"Point","coordinates":[-100.295834,25.758599]}},{"type":"Feature","properties":{"highway":"traffic_signals","fuente":"osm","osm_id":"node/1096869793"},"geometry":{"type":"Point","coordinates":[-100.293317,25.754424]}},{"type":"Feature","properties":{"highway":"traffic_signals","fuente":"osm","osm_id":"node/1096870086"},"geometry":{"type":"Point","coordinates":[-100.289928,25.755335]}},{"type":"Feature","properties":{"highway":"traffic_signals","fuente":"osm","osm_id":"node/1096870708"},"geometry":{"type":"Point","coordinates":[-100.295804,25.753751]}},{"type":"Feature","properties":{"highway":"traffic_signals","fuente":"osm","osm_id":"node/1100481333"},"geometry":{"type":"Point","coordinates":[-100.285295,25.741583]}},{"type":"Feature","properties":{"highway":"traffic_signals","fuente":"osm","osm_id":"node/1100481336"},"geometry":{"type":"Point","coordinates":[-100.285406,25.741622]}},{"type":"Feature","properties":{"highway":"traffic_signals","fuente":"osm","osm_id":"node/1100648950"},"geometry":{"type":"Point","coordinates":[-100.26934,25.745893]}},{"type":"Feature","properties":{"highway":"traffic_signals","fuente":"osm","osm_id":"node/1100649280"},"geometry":{"type":"Point","coordinates":[-100.26916,25.746126]}},{"type":"Feature","properties":{"highway":"traffic_signals","fuente":"osm","osm_id":"node/1114326211"},"geometry":{"type":"Point","coordinates":[-100.484917,25.685262]}},{"type":"Feature","properties":{"highway":"traffic_signals","fuente":"osm","osm_id":"node/1116452074"},"geometry":{"type":"Point","coordinates":[-100.134825,25.657151]}},{"type":"Feature","properties":{"highway":"traffic_signals","fuente":"osm","osm_id":"node/1116452209"},"geometry":{"type":"Point","coordinates":[-100.134763,25.657223]}},{"type":"Feature","properties":{"highway":"traffic_signals","fuente":"osm","osm_id":"node/1134602304"},"geometry":{"type":"Point","coordinates":[-100.297038,25.682111]}},{"type":"Feature","properties":{"highway":"traffic_signals","fuente":"osm","osm_id":"node/1134602314"},"geometry":{"type":"Point","coordinates":[-100.297136,25.682241]}},{"type":"Feature","properties":{"highway":"traffic_signals","fuente":"osm","osm_id":"node/1141629796"},"geometry":{"type":"Point","coordinates":[-100.257744,25.688736]}},{"type":"Feature","properties":{"highway":"traffic_signals","fuente":"osm","osm_id":"node/1141659553"},"geometry":{"type":"Point","coordinates":[-100.239662,25.662246]}},{"type":"Feature","properties":{"highway":"traffic_signals","fuente":"osm","osm_id":"node/1141659554"},"geometry":{"type":"Point","coordinates":[-100.239691,25.662063]}},{"type":"Feature","properties":{"highway":"traffic_signals","fuente":"osm","osm_id":"node/1141659556"},"geometry":{"type":"Point","coordinates":[-100.238225,25.669603]}},{"type":"Feature","properties":{"highway":"traffic_signals","fuente":"osm","osm_id":"node/1154691861"},"geometry":{"type":"Point","coordinates":[-100.225895,25.723215]}},{"type":"Feature","properties":{"highway":"traffic_signals","fuente":"osm","osm_id":"node/1163973466"},"geometry":{"type":"Point","coordinates":[-100.23612,25.753832]}},{"type":"Feature","properties":{"highway":"traffic_signals","fuente":"osm","osm_id":"node/1178686940"},"geometry":{"type":"Point","coordinates":[-100.281548,25.666812]}},{"type":"Feature","properties":{"highway":"traffic_signals","fuente":"osm","osm_id":"node/1178687185"},"geometry":{"type":"Point","coordinates":[-100.284493,25.667172]}},{"type":"Feature","properties":{"highway":"traffic_signals","fuente":"osm","osm_id":"node/1192981006"},"geometry":{"type":"Point","coordinates":[-100.388951,25.772254]}},{"type":"Feature","properties":{"highway":"traffic_signals","fuente":"osm","osm_id":"node/1194660596"},"geometry":{"type":"Point","coordinates":[-100.262889,25.770583]}},{"type":"Feature","properties":{"highway":"traffic_signals","fuente":"osm","osm_id":"node/1269225570"},"geometry":{"type":"Point","coordinates":[-100.294226,25.688159]}},{"type":"Feature","properties":{"highway":"traffic_signals","fuente":"osm","osm_id":"node/1269258176"},"geometry":{"type":"Point","coordinates":[-100.294244,25.688017]}},{"type":"Feature","properties":{"highway":"traffic_signals","fuente":"osm","osm_id":"node/1269293640"},"geometry":{"type":"Point","coordinates":[-100.285215,25.703608]}},{"type":"Feature","properties":{"highway":"traffic_signals","fuente":"osm","osm_id":"node/1283567375"},"geometry":{"type":"Point","coordinates":[-100.40791,25.656625]}},{"type":"Feature","properties":{"highway":"traffic_signals","fuente":"osm","osm_id":"node/1283567934"},"geometry":{"type":"Point","coordinates":[-100.407053,25.663758]}},{"type":"Feature","properties":{"highway":"traffic_signals","fuente":"osm","osm_id":"node/1283567936"},"geometry":{"type":"Point","coordinates":[-100.406448,25.656131]}},{"type":"Feature","properties":{"highway":"traffic_signals","fuente":"osm","osm_id":"node/1283567941"},"geometry":{"type":"Point","coordinates":[-100.40354,25.662479]}},{"type":"Feature","properties":{"highway":"traffic_signals","fuente":"osm","osm_id":"node/1283568575"},"geometry":{"type":"Point","coordinates":[-100.396413,25.660051]}},{"type":"Feature","properties":{"highway":"traffic_signals","fuente":"osm","osm_id":"node/1283568605"},"geometry":{"type":"Point","coordinates":[-100.401965,25.654613]}},{"type":"Feature","properties":{"highway":"traffic_signals","fuente":"osm","osm_id":"node/1283568775"},"geometry":{"type":"Point","coordinates":[-100.392409,25.651219]}},{"type":"Feature","properties":{"highway":"traffic_signals","fuente":"osm","osm_id":"node/1304617388"},"geometry":{"type":"Point","coordinates":[-100.274057,25.753925]}},{"type":"Feature","properties":{"highway":"traffic_signals","fuente":"osm","osm_id":"node/1354211196"},"geometry":{"type":"Point","coordinates":[-100.311142,25.665338]}},{"type":"Feature","properties":{"highway":"traffic_signals","fuente":"osm","osm_id":"node/1356712769"},"geometry":{"type":"Point","coordinates":[-100.437203,25.66772]}},{"type":"Feature","properties":{"highway":"traffic_signals","fuente":"osm","osm_id":"node/1356712846"},"geometry":{"type":"Point","coordinates":[-100.435946,25.674308]}},{"type":"Feature","properties":{"highway":"traffic_signals","fuente":"osm","osm_id":"node/1363623435"},"geometry":{"type":"Point","coordinates":[-100.310486,25.668851]}},{"type":"Feature","properties":{"highway":"traffic_signals","fuente":"osm","osm_id":"node/1364474587"},"geometry":{"type":"Point","coordinates":[-100.486848,25.683385]}},{"type":"Feature","properties":{"highway":"traffic_signals","fuente":"osm","osm_id":"node/1364474603"},"geometry":{"type":"Point","coordinates":[-100.4598,25.674285]}},{"type":"Feature","properties":{"highway":"traffic_signals","fuente":"osm","osm_id":"node/1364474732"},"geometry":{"type":"Point","coordinates":[-100.462777,25.673997]}},{"type":"Feature","properties":{"highway":"traffic_signals","fuente":"osm","osm_id":"node/1368304729"},"geometry":{"type":"Point","coordinates":[-100.263451,25.771118]}},{"type":"Feature","properties":{"highway":"traffic_signals","fuente":"osm","osm_id":"node/1396465968"},"geometry":{"type":"Point","coordinates":[-100.206979,25.761929]}},{"type":"Feature","properties":{"highway":"traffic_signals","fuente":"osm","osm_id":"node/1396480771"},"geometry":{"type":"Point","coordinates":[-100.239529,25.776152]}},{"type":"Feature","properties":{"highway":"traffic_signals","fuente":"osm","osm_id":"node/1396480809"},"geometry":{"type":"Point","coordinates":[-100.24065,25.770736]}},{"type":"Feature","properties":{"highway":"traffic_signals","fuente":"osm","osm_id":"node/1396480812"},"geometry":{"type":"Point","coordinates":[-100.240424,25.770676]}},{"type":"Feature","properties":{"highway":"traffic_signals","fuente":"osm","osm_id":"node/1401572005"},"geometry":{"type":"Point","coordinates":[-100.259025,25.784714]}},{"type":"Feature","properties":{"highway":"traffic_signals","fuente":"osm","osm_id":"node/1402763176"},"geometry":{"type":"Point","coordinates":[-100.244989,25.830615]}},{"type":"Feature","properties":{"highway":"traffic_signals","fuente":"osm","osm_id":"node/1402763179"},"geometry":{"type":"Point","coordinates":[-100.245006,25.830808]}},{"type":"Feature","properties":{"highway":"traffic_signals","fuente":"osm","osm_id":"node/1404687349"},"geometry":{"type":"Point","coordinates":[-100.294898,25.820128]}},{"type":"Feature","properties":{"highway":"traffic_signals","fuente":"osm","osm_id":"node/1404687366"},"geometry":{"type":"Point","coordinates":[-100.295363,25.820178]}},{"type":"Feature","properties":{"highway":"traffic_signals","fuente":"osm","osm_id":"node/1404699399"},"geometry":{"type":"Point","coordinates":[-100.29558,25.825737]}},{"type":"Feature","properties":{"highway":"traffic_signals","fuente":"osm","osm_id":"node/1404699459"},"geometry":{"type":"Point","coordinates":[-100.295568,25.825505]}},{"type":"Feature","properties":{"highway":"traffic_signals","fuente":"osm","osm_id":"node/1422626622"},"geometry":{"type":"Point","coordinates":[-100.465121,25.673722]}},{"type":"Feature","properties":{"highway":"traffic_signals","fuente":"osm","osm_id":"node/1422626789"},"geometry":{"type":"Point","coordinates":[-100.454053,25.674235]}},{"type":"Feature","properties":{"highway":"traffic_signals","fuente":"osm","osm_id":"node/1422626993"},"geometry":{"type":"Point","coordinates":[-100.475442,25.676606]}},{"type":"Feature","properties":{"highway":"traffic_signals","fuente":"osm","osm_id":"node/1422627146"},"geometry":{"type":"Point","coordinates":[-100.475252,25.676646]}},{"type":"Feature","properties":{"highway":"traffic_signals","fuente":"osm","osm_id":"node/1431037376"},"geometry":{"type":"Point","coordinates":[-100.333494,25.644437]}},{"type":"Feature","properties":{"highway":"traffic_signals","fuente":"osm","osm_id":"node/1432782742"},"geometry":{"type":"Point","coordinates":[-100.301424,25.631207]}},{"type":"Feature","properties":{"highway":"traffic_signals","fuente":"osm","osm_id":"node/1432782951"},"geometry":{"type":"Point","coordinates":[-100.301145,25.631548]}},{"type":"Feature","properties":{"highway":"traffic_signals","fuente":"osm","osm_id":"node/1458089224"},"geometry":{"type":"Point","coordinates":[-100.260817,25.772497]}},{"type":"Feature","properties":{"highway":"traffic_signals","fuente":"osm","osm_id":"node/1491013777"},"geometry":{"type":"Point","coordinates":[-100.46164,25.674147]}},{"type":"Feature","properties":{"highway":"traffic_signals","fuente":"osm","osm_id":"node/1491014830"},"geometry":{"type":"Point","coordinates":[-100.48559,25.685252]}},{"type":"Feature","properties":{"highway":"traffic_signals","fuente":"osm","osm_id":"node/1491024388"},"geometry":{"type":"Point","coordinates":[-100.453957,25.690233]}},{"type":"Feature","properties":{"highway":"traffic_signals","fuente":"osm","osm_id":"node/1492100507"},"geometry":{"type":"Point","coordinates":[-100.441687,25.690838]}},{"type":"Feature","properties":{"highway":"traffic_signals","fuente":"osm","osm_id":"node/1492100551"},"geometry":{"type":"Point","coordinates":[-100.45616,25.693431]}},{"type":"Feature","properties":{"highway":"traffic_signals","fuente":"osm","osm_id":"node/1508913082"},"geometry":{"type":"Point","coordinates":[-100.367711,25.67187]}},{"type":"Feature","properties":{"highway":"traffic_signals","fuente":"osm","osm_id":"node/1523697358"},"geometry":{"type":"Point","coordinates":[-100.333694,25.670137]}},{"type":"Feature","properties":{"highway":"traffic_signals","fuente":"osm","osm_id":"node/1523697371"},"geometry":{"type":"Point","coordinates":[-100.333558,25.670137]}},{"type":"Feature","properties":{"highway":"traffic_signals","fuente":"osm","osm_id":"node/1535479356"},"geometry":{"type":"Point","coordinates":[-100.229406,25.659466]}},{"type":"Feature","properties":{"highway":"traffic_signals","fuente":"osm","osm_id":"node/1571979818"},"geometry":{"type":"Point","coordinates":[-100.163964,25.705436]}},{"type":"Feature","properties":{"highway":"traffic_signals","fuente":"osm","osm_id":"node/1571979859"},"geometry":{"type":"Point","coordinates":[-100.164105,25.705443]}},{"type":"Feature","properties":{"highway":"traffic_signals","fuente":"osm","osm_id":"node/1587588989"},"geometry":{"type":"Point","coordinates":[-100.292486,25.786315]}},{"type":"Feature","properties":{"highway":"traffic_signals","fuente":"osm","osm_id":"node/1587589003"},"geometry":{"type":"Point","coordinates":[-100.294902,25.819877]}},{"type":"Feature","properties":{"highway":"traffic_signals","fuente":"osm","osm_id":"node/1588537944"},"geometry":{"type":"Point","coordinates":[-100.292237,25.772459]}},{"type":"Feature","properties":{"highway":"traffic_signals","fuente":"osm","osm_id":"node/1601506109"},"geometry":{"type":"Point","coordinates":[-100.368535,25.665728]}},{"type":"Feature","properties":{"highway":"traffic_signals","fuente":"osm","osm_id":"node/1601506124"},"geometry":{"type":"Point","coordinates":[-100.367817,25.673906]}},{"type":"Feature","properties":{"highway":"traffic_signals","fuente":"osm","osm_id":"node/1601523442"},"geometry":{"type":"Point","coordinates":[-100.368047,25.665673]}},{"type":"Feature","properties":{"highway":"traffic_signals","fuente":"osm","osm_id":"node/1601523449"},"geometry":{"type":"Point","coordinates":[-100.36861,25.664864]}},{"type":"Feature","properties":{"highway":"traffic_signals","fuente":"osm","osm_id":"node/1601540055"},"geometry":{"type":"Point","coordinates":[-100.368313,25.66245]}},{"type":"Feature","properties":{"highway":"traffic_signals","fuente":"osm","osm_id":"node/1601547229"},"geometry":{"type":"Point","coordinates":[-100.36976,25.65958]}},{"type":"Feature","properties":{"highway":"traffic_signals","fuente":"osm","osm_id":"node/1601547237"},"geometry":{"type":"Point","coordinates":[-100.369069,25.661552]}},{"type":"Feature","properties":{"highway":"traffic_signals","fuente":"osm","osm_id":"node/1601565823"},"geometry":{"type":"Point","coordinates":[-100.368587,25.661416]}},{"type":"Feature","properties":{"highway":"traffic_signals","fuente":"osm","osm_id":"node/1605647996"},"geometry":{"type":"Point","coordinates":[-100.272663,25.753706]}},{"type":"Feature","properties":{"highway":"traffic_signals","fuente":"osm","osm_id":"node/1642662919"},"geometry":{"type":"Point","coordinates":[-100.371224,25.65148]}},{"type":"Feature","properties":{"highway":"traffic_signals","fuente":"osm","osm_id":"node/1642662923"},"geometry":{"type":"Point","coordinates":[-100.37184,25.651436]}},{"type":"Feature","properties":{"highway":"traffic_signals","fuente":"osm","osm_id":"node/1642662939"},"geometry":{"type":"Point","coordinates":[-100.371326,25.655133]}},{"type":"Feature","properties":{"highway":"traffic_signals","fuente":"osm","osm_id":"node/1642662960"},"geometry":{"type":"Point","coordinates":[-100.370861,25.654999]}},{"type":"Feature","properties":{"highway":"traffic_signals","fuente":"osm","osm_id":"node/1658274973"},"geometry":{"type":"Point","coordinates":[-100.293695,25.722756]}},{"type":"Feature","properties":{"highway":"traffic_signals","fuente":"osm","osm_id":"node/1669069493"},"geometry":{"type":"Point","coordinates":[-100.342599,25.704479]}},{"type":"Feature","properties":{"highway":"traffic_signals","fuente":"osm","osm_id":"node/1669069503"},"geometry":{"type":"Point","coordinates":[-100.342114,25.704591]}},{"type":"Feature","properties":{"highway":"traffic_signals","fuente":"osm","osm_id":"node/1669142337"},"geometry":{"type":"Point","coordinates":[-100.377748,25.734937]}},{"type":"Feature","properties":{"highway":"traffic_signals","fuente":"osm","osm_id":"node/1669142362"},"geometry":{"type":"Point","coordinates":[-100.389319,25.747666]}},{"type":"Feature","properties":{"highway":"traffic_signals","fuente":"osm","osm_id":"node/1669142397"},"geometry":{"type":"Point","coordinates":[-100.355259,25.7071]}},{"type":"Feature","properties":{"highway":"traffic_signals","fuente":"osm","osm_id":"node/1669142412"},"geometry":{"type":"Point","coordinates":[-100.355191,25.707169]}},{"type":"Feature","properties":{"highway":"traffic_signals","fuente":"osm","osm_id":"node/1669148981"},"geometry":{"type":"Point","coordinates":[-100.383752,25.745367]}},{"type":"Feature","properties":{"highway":"traffic_signals","fuente":"osm","osm_id":"node/1669530515"},"geometry":{"type":"Point","coordinates":[-100.330525,25.685854]}},{"type":"Feature","properties":{"highway":"traffic_signals","fuente":"osm","osm_id":"node/1676257981"},"geometry":{"type":"Point","coordinates":[-100.357902,25.674332]}},{"type":"Feature","properties":{"highway":"traffic_signals","fuente":"osm","osm_id":"node/1676257996"},"geometry":{"type":"Point","coordinates":[-100.357889,25.674533]}},{"type":"Feature","properties":{"highway":"traffic_signals","fuente":"osm","osm_id":"node/1678707617"},"geometry":{"type":"Point","coordinates":[-100.37593,25.736354]}},{"type":"Feature","properties":{"highway":"traffic_signals","fuente":"osm","osm_id":"node/1678707652"},"geometry":{"type":"Point","coordinates":[-100.364578,25.724029]}},{"type":"Feature","properties":{"highway":"traffic_signals","fuente":"osm","osm_id":"node/1678707671"},"geometry":{"type":"Point","coordinates":[-100.375787,25.736465]}},{"type":"Feature","properties":{"highway":"traffic_signals","fuente":"osm","osm_id":"node/1678707720"},"geometry":{"type":"Point","coordinates":[-100.37244,25.732736]}},{"type":"Feature","properties":{"highway":"traffic_signals","fuente":"osm","osm_id":"node/1678707744"},"geometry":{"type":"Point","coordinates":[-100.364416,25.724133]}},{"type":"Feature","properties":{"highway":"traffic_signals","fuente":"osm","osm_id":"node/1682149668"},"geometry":{"type":"Point","coordinates":[-100.272846,25.638174]}},{"type":"Feature","properties":{"highway":"traffic_signals","fuente":"osm","osm_id":"node/1682317126"},"geometry":{"type":"Point","coordinates":[-100.307471,25.638997]}},{"type":"Feature","properties":{"highway":"traffic_signals","fuente":"osm","osm_id":"node/1682429144"},"geometry":{"type":"Point","coordinates":[-100.225023,25.658503]}},{"type":"Feature","properties":{"highway":"traffic_signals","fuente":"osm","osm_id":"node/1682430573"},"geometry":{"type":"Point","coordinates":[-100.221216,25.666599]}},{"type":"Feature","properties":{"highway":"traffic_signals","fuente":"osm","osm_id":"node/1682430596"},"geometry":{"type":"Point","coordinates":[-100.221183,25.666798]}},{"type":"Feature","properties":{"highway":"traffic_signals","fuente":"osm","osm_id":"node/1683282409"},"geometry":{"type":"Point","coordinates":[-100.403745,25.655207]}},{"type":"Feature","properties":{"highway":"traffic_signals","fuente":"osm","osm_id":"node/1683282610"},"geometry":{"type":"Point","coordinates":[-100.407987,25.656455]}},{"type":"Feature","properties":{"highway":"traffic_signals","fuente":"osm","osm_id":"node/1683282818"},"geometry":{"type":"Point","coordinates":[-100.392014,25.658377]}},{"type":"Feature","properties":{"highway":"traffic_signals","fuente":"osm","osm_id":"node/1683283510"},"geometry":{"type":"Point","coordinates":[-100.397319,25.660357]}},{"type":"Feature","properties":{"highway":"traffic_signals","fuente":"osm","osm_id":"node/1683404785"},"geometry":{"type":"Point","coordinates":[-100.420722,25.673979]}},{"type":"Feature","properties":{"highway":"traffic_signals","fuente":"osm","osm_id":"node/1683456174"},"geometry":{"type":"Point","coordinates":[-100.452456,25.674232]}},{"type":"Feature","properties":{"highway":"traffic_signals","fuente":"osm","osm_id":"node/1683456186"},"geometry":{"type":"Point","coordinates":[-100.457629,25.674338]}},{"type":"Feature","properties":{"highway":"traffic_signals","fuente":"osm","osm_id":"node/1683785519"},"geometry":{"type":"Point","coordinates":[-100.443525,25.687623]}},{"type":"Feature","properties":{"highway":"traffic_signals","fuente":"osm","osm_id":"node/1683786054"},"geometry":{"type":"Point","coordinates":[-100.446391,25.688951]}},{"type":"Feature","properties":{"highway":"traffic_signals","fuente":"osm","osm_id":"node/1683786831"},"geometry":{"type":"Point","coordinates":[-100.45025,25.690753]}},{"type":"Feature","properties":{"highway":"traffic_signals","fuente":"osm","osm_id":"node/1683788252"},"geometry":{"type":"Point","coordinates":[-100.44845,25.693978]}},{"type":"Feature","properties":{"highway":"traffic_signals","fuente":"osm","osm_id":"node/1683788822"},"geometry":{"type":"Point","coordinates":[-100.454384,25.696682]}},{"type":"Feature","properties":{"highway":"traffic_signals","fuente":"osm","osm_id":"node/1683838454"},"geometry":{"type":"Point","coordinates":[-100.441342,25.681927]}},{"type":"Feature","properties":{"highway":"traffic_signals","fuente":"osm","osm_id":"node/1683840504"},"geometry":{"type":"Point","coordinates":[-100.458179,25.692588]}},{"type":"Feature","properties":{"highway":"traffic_signals","fuente":"osm","osm_id":"node/1684128272"},"geometry":{"type":"Point","coordinates":[-100.37391,25.732228]}},{"type":"Feature","properties":{"highway":"traffic_signals","fuente":"osm","osm_id":"node/1684771186"},"geometry":{"type":"Point","coordinates":[-100.221886,25.657575]}},{"type":"Feature","properties":{"highway":"traffic_signals","fuente":"osm","osm_id":"node/1684771204"},"geometry":{"type":"Point","coordinates":[-100.221858,25.65771]}},{"type":"Feature","properties":{"highway":"traffic_signals","fuente":"osm","osm_id":"node/1684771358"},"geometry":{"type":"Point","coordinates":[-100.225049,25.658355]}},{"type":"Feature","properties":{"highway":"traffic_signals","fuente":"osm","osm_id":"node/1684893377"},"geometry":{"type":"Point","coordinates":[-100.301,25.750388]}},{"type":"Feature","properties":{"highway":"traffic_signals","fuente":"osm","osm_id":"node/1684969707"},"geometry":{"type":"Point","coordinates":[-100.329294,25.779868]}},{"type":"Feature","properties":{"highway":"traffic_signals","fuente":"osm","osm_id":"node/1684969722"},"geometry":{"type":"Point","coordinates":[-100.31873,25.78088]}},{"type":"Feature","properties":{"highway":"traffic_signals","fuente":"osm","osm_id":"node/1685300294"},"geometry":{"type":"Point","coordinates":[-100.293351,25.795829]}},{"type":"Feature","properties":{"highway":"traffic_signals","fuente":"osm","osm_id":"node/1685324786"},"geometry":{"type":"Point","coordinates":[-100.280047,25.754894]}},{"type":"Feature","properties":{"highway":"traffic_signals","fuente":"osm","osm_id":"node/1685366476"},"geometry":{"type":"Point","coordinates":[-100.268725,25.770704]}},{"type":"Feature","properties":{"highway":"traffic_signals","fuente":"osm","osm_id":"node/1685366882"},"geometry":{"type":"Point","coordinates":[-100.266,25.77842]}},{"type":"Feature","properties":{"highway":"traffic_signals","fuente":"osm","osm_id":"node/1685366891"},"geometry":{"type":"Point","coordinates":[-100.265908,25.778469]}},{"type":"Feature","properties":{"highway":"traffic_signals","fuente":"osm","osm_id":"node/1685964523"},"geometry":{"type":"Point","coordinates":[-100.294344,25.809855]}},{"type":"Feature","properties":{"highway":"traffic_signals","fuente":"osm","osm_id":"node/1686014064"},"geometry":{"type":"Point","coordinates":[-100.271837,25.810693]}},{"type":"Feature","properties":{"highway":"traffic_signals","fuente":"osm","osm_id":"node/1696924122"},"geometry":{"type":"Point","coordinates":[-100.184702,25.70922]}},{"type":"Feature","properties":{"highway":"traffic_signals","fuente":"osm","osm_id":"node/1704788835"},"geometry":{"type":"Point","coordinates":[-100.310207,25.665229]}},{"type":"Feature","properties":{"highway":"traffic_signals","fuente":"osm","osm_id":"node/1704788867"},"geometry":{"type":"Point","coordinates":[-100.307588,25.673864]}},{"type":"Feature","properties":{"highway":"traffic_signals","fuente":"osm","osm_id":"node/1704788869"},"geometry":{"type":"Point","coordinates":[-100.309724,25.667638]}},{"type":"Feature","properties":{"highway":"traffic_signals","fuente":"osm","osm_id":"node/1704788876"},"geometry":{"type":"Point","coordinates":[-100.309507,25.668699]}},{"type":"Feature","properties":{"highway":"traffic_signals","fuente":"osm","osm_id":"node/1704811150"},"geometry":{"type":"Point","coordinates":[-100.31069,25.667828]}},{"type":"Feature","properties":{"highway":"traffic_signals","fuente":"osm","osm_id":"node/1704811192"},"geometry":{"type":"Point","coordinates":[-100.309623,25.674006]}},{"type":"Feature","properties":{"highway":"traffic_signals","fuente":"osm","osm_id":"node/1716476118"},"geometry":{"type":"Point","coordinates":[-100.380274,25.670029]}},{"type":"Feature","properties":{"highway":"traffic_signals","fuente":"osm","osm_id":"node/1716476163"},"geometry":{"type":"Point","coordinates":[-100.380329,25.671257]}},{"type":"Feature","properties":{"highway":"traffic_signals","fuente":"osm","osm_id":"node/1716476207"},"geometry":{"type":"Point","coordinates":[-100.380335,25.671402]}},{"type":"Feature","properties":{"highway":"traffic_signals","fuente":"osm","osm_id":"node/1718693165"},"geometry":{"type":"Point","coordinates":[-100.294612,25.746687]}},{"type":"Feature","properties":{"highway":"traffic_signals","fuente":"osm","osm_id":"node/1718693188"},"geometry":{"type":"Point","coordinates":[-100.294426,25.746736]}},{"type":"Feature","properties":{"highway":"traffic_signals","fuente":"osm","osm_id":"node/1719820520"},"geometry":{"type":"Point","coordinates":[-100.251932,25.760235]}},{"type":"Feature","properties":{"highway":"traffic_signals","fuente":"osm","osm_id":"node/1721101055"},"geometry":{"type":"Point","coordinates":[-100.248087,25.768839]}},{"type":"Feature","properties":{"highway":"traffic_signals","fuente":"osm","osm_id":"node/1722246881"},"geometry":{"type":"Point","coordinates":[-100.258502,25.7793]}},{"type":"Feature","properties":{"highway":"traffic_signals","fuente":"osm","osm_id":"node/1722246883"},"geometry":{"type":"Point","coordinates":[-100.247479,25.775921]}},{"type":"Feature","properties":{"highway":"traffic_signals","fuente":"osm","osm_id":"node/1726298546"},"geometry":{"type":"Point","coordinates":[-100.301275,25.631109]}},{"type":"Feature","properties":{"highway":"traffic_signals","fuente":"osm","osm_id":"node/1726783291"},"geometry":{"type":"Point","coordinates":[-100.179988,25.744869]}},{"type":"Feature","properties":{"highway":"traffic_signals","fuente":"osm","osm_id":"node/1736480315"},"geometry":{"type":"Point","coordinates":[-100.200599,25.662554]}},{"type":"Feature","properties":{"highway":"traffic_signals","fuente":"osm","osm_id":"node/1736505934"},"geometry":{"type":"Point","coordinates":[-100.178697,25.660695]}},{"type":"Feature","properties":{"highway":"traffic_signals","fuente":"osm","osm_id":"node/1746882643"},"geometry":{"type":"Point","coordinates":[-100.287733,25.709315]}},{"type":"Feature","properties":{"highway":"traffic_signals","fuente":"osm","osm_id":"node/1761248558"},"geometry":{"type":"Point","coordinates":[-100.28978,25.636348]}},{"type":"Feature","properties":{"highway":"traffic_signals","fuente":"osm","osm_id":"node/1761248702"},"geometry":{"type":"Point","coordinates":[-100.295545,25.637622]}},{"type":"Feature","properties":{"highway":"traffic_signals","fuente":"osm","osm_id":"node/1761248760"},"geometry":{"type":"Point","coordinates":[-100.29983,25.633791]}},{"type":"Feature","properties":{"highway":"traffic_signals","fuente":"osm","osm_id":"node/1761248797"},"geometry":{"type":"Point","coordinates":[-100.2958,25.637816]}},{"type":"Feature","properties":{"highway":"traffic_signals","fuente":"osm","osm_id":"node/1800424318"},"geometry":{"type":"Point","coordinates":[-100.118245,25.777129]}},{"type":"Feature","properties":{"highway":"traffic_signals","fuente":"osm","osm_id":"node/1803194543"},"geometry":{"type":"Point","coordinates":[-100.261933,25.703494]}},{"type":"Feature","properties":{"highway":"traffic_signals","fuente":"osm","osm_id":"node/1808623416"},"geometry":{"type":"Point","coordinates":[-100.200804,25.7728]}},{"type":"Feature","properties":{"highway":"traffic_signals","fuente":"osm","osm_id":"node/1814310179"},"geometry":{"type":"Point","coordinates":[-100.254279,25.699275]}},{"type":"Feature","properties":{"highway":"traffic_signals","fuente":"osm","osm_id":"node/1820952407"},"geometry":{"type":"Point","coordinates":[-100.146867,25.659842]}},{"type":"Feature","properties":{"highway":"traffic_signals","fuente":"osm","osm_id":"node/1824916010"},"geometry":{"type":"Point","coordinates":[-100.192988,25.746692]}},{"type":"Feature","properties":{"highway":"traffic_signals","fuente":"osm","osm_id":"node/1826060609"},"geometry":{"type":"Point","coordinates":[-100.408796,25.66438]}},{"type":"Feature","properties":{"highway":"traffic_signals","fuente":"osm","osm_id":"node/1827917148"},"geometry":{"type":"Point","coordinates":[-100.166457,25.767865]}},{"type":"Feature","properties":{"highway":"traffic_signals","fuente":"osm","osm_id":"node/1831220816"},"geometry":{"type":"Point","coordinates":[-100.363197,25.655449]}},{"type":"Feature","properties":{"highway":"traffic_signals","fuente":"osm","osm_id":"node/1831220824"},"geometry":{"type":"Point","coordinates":[-100.363345,25.655022]}},{"type":"Feature","properties":{"highway":"traffic_signals","fuente":"osm","osm_id":"node/1831433371"},"geometry":{"type":"Point","coordinates":[-100.368786,25.662596]}},{"type":"Feature","properties":{"highway":"traffic_signals","fuente":"osm","osm_id":"node/1840415378"},"geometry":{"type":"Point","coordinates":[-100.300468,25.825039]}},{"type":"Feature","properties":{"highway":"traffic_signals","fuente":"osm","osm_id":"node/1840441941"},"geometry":{"type":"Point","coordinates":[-100.300286,25.825061]}},{"type":"Feature","properties":{"highway":"traffic_signals","fuente":"osm","osm_id":"node/1840441946"},"geometry":{"type":"Point","coordinates":[-100.300208,25.824796]}},{"type":"Feature","properties":{"highway":"traffic_signals","fuente":"osm","osm_id":"node/1840441950"},"geometry":{"type":"Point","coordinates":[-100.300051,25.824814]}},{"type":"Feature","properties":{"highway":"traffic_signals","fuente":"osm","osm_id":"node/1841088747"},"geometry":{"type":"Point","coordinates":[-100.37297,25.642236]}},{"type":"Feature","properties":{"highway":"traffic_signals","fuente":"osm","osm_id":"node/1841088785"},"geometry":{"type":"Point","coordinates":[-100.380224,25.645724]}},{"type":"Feature","properties":{"highway":"traffic_signals","fuente":"osm","osm_id":"node/1842853956"},"geometry":{"type":"Point","coordinates":[-100.452452,25.674336]}},{"type":"Feature","properties":{"highway":"traffic_signals","fuente":"osm","osm_id":"node/1842853959"},"geometry":{"type":"Point","coordinates":[-100.449407,25.674413]}},{"type":"Feature","properties":{"highway":"traffic_signals","fuente":"osm","osm_id":"node/1849023734"},"geometry":{"type":"Point","coordinates":[-100.423294,25.665512]}},{"type":"Feature","properties":{"highway":"traffic_signals","fuente":"osm","osm_id":"node/1855071155"},"geometry":{"type":"Point","coordinates":[-100.285211,25.70377]}},{"type":"Feature","properties":{"highway":"traffic_signals","fuente":"osm","osm_id":"node/1876853195"},"geometry":{"type":"Point","coordinates":[-100.200966,25.707378]}},{"type":"Feature","properties":{"highway":"traffic_signals","fuente":"osm","osm_id":"node/1878491662"},"geometry":{"type":"Point","coordinates":[-100.213987,25.684026]}},{"type":"Feature","properties":{"highway":"traffic_signals","fuente":"osm","osm_id":"node/1881661787"},"geometry":{"type":"Point","coordinates":[-100.316711,25.689843]}},{"type":"Feature","properties":{"highway":"traffic_signals","fuente":"osm","osm_id":"node/1923918727"},"geometry":{"type":"Point","coordinates":[-100.302813,25.733472]}},{"type":"Feature","properties":{"highway":"traffic_signals","fuente":"osm","osm_id":"node/1928727165"},"geometry":{"type":"Point","coordinates":[-100.299005,25.736242]}},{"type":"Feature","properties":{"highway":"traffic_signals","fuente":"osm","osm_id":"node/1929104617"},"geometry":{"type":"Point","coordinates":[-100.280813,25.763993]}},{"type":"Feature","properties":{"highway":"traffic_signals","fuente":"osm","osm_id":"node/1944910691"},"geometry":{"type":"Point","coordinates":[-100.202093,25.652733]}},{"type":"Feature","properties":{"highway":"traffic_signals","fuente":"osm","osm_id":"node/1944910702"},"geometry":{"type":"Point","coordinates":[-100.200666,25.662352]}},{"type":"Feature","properties":{"highway":"traffic_signals","fuente":"osm","osm_id":"node/1949809714"},"geometry":{"type":"Point","coordinates":[-100.366598,25.726232]}},{"type":"Feature","properties":{"highway":"traffic_signals","fuente":"osm","osm_id":"node/1950519547"},"geometry":{"type":"Point","coordinates":[-100.25997,25.77371]}},{"type":"Feature","properties":{"highway":"traffic_signals","fuente":"osm","osm_id":"node/1950519593"},"geometry":{"type":"Point","coordinates":[-100.258789,25.784674]}},{"type":"Feature","properties":{"highway":"traffic_signals","fuente":"osm","osm_id":"node/1950519595"},"geometry":{"type":"Point","coordinates":[-100.253792,25.784637]}},{"type":"Feature","properties":{"highway":"traffic_signals","fuente":"osm","osm_id":"node/1953143248"},"geometry":{"type":"Point","coordinates":[-100.372573,25.732587]}},{"type":"Feature","properties":{"highway":"traffic_signals","fuente":"osm","osm_id":"node/1955621803"},"geometry":{"type":"Point","coordinates":[-100.373475,25.731917]}},{"type":"Feature","properties":{"highway":"traffic_signals","fuente":"osm","osm_id":"node/1961037782"},"geometry":{"type":"Point","coordinates":[-100.239696,25.776191]}},{"type":"Feature","properties":{"highway":"traffic_signals","fuente":"osm","osm_id":"node/1972816245"},"geometry":{"type":"Point","coordinates":[-100.332635,25.674055]}},{"type":"Feature","properties":{"highway":"traffic_signals","fuente":"osm","osm_id":"node/1972816270"},"geometry":{"type":"Point","coordinates":[-100.333186,25.671566]}},{"type":"Feature","properties":{"highway":"traffic_signals","fuente":"osm","osm_id":"node/1972816274"},"geometry":{"type":"Point","coordinates":[-100.331649,25.67803]}},{"type":"Feature","properties":{"highway":"traffic_signals","fuente":"osm","osm_id":"node/1972816277"},"geometry":{"type":"Point","coordinates":[-100.331401,25.678889]}},{"type":"Feature","properties":{"highway":"traffic_signals","fuente":"osm","osm_id":"node/1972816280"},"geometry":{"type":"Point","coordinates":[-100.332077,25.676365]}},{"type":"Feature","properties":{"highway":"traffic_signals","fuente":"osm","osm_id":"node/1975235522"},"geometry":{"type":"Point","coordinates":[-100.184315,25.656334]}},{"type":"Feature","properties":{"highway":"traffic_signals","fuente":"osm","osm_id":"node/1975235988"},"geometry":{"type":"Point","coordinates":[-100.322752,25.791495]}},{"type":"Feature","properties":{"highway":"traffic_signals","fuente":"osm","osm_id":"node/1975235990"},"geometry":{"type":"Point","coordinates":[-100.322854,25.791575]}},{"type":"Feature","properties":{"highway":"traffic_signals","fuente":"osm","osm_id":"node/1978506139"},"geometry":{"type":"Point","coordinates":[-100.165952,25.767901]}},{"type":"Feature","properties":{"highway":"traffic_signals","fuente":"osm","osm_id":"node/1983099864"},"geometry":{"type":"Point","coordinates":[-100.33529,25.66501]}},{"type":"Feature","properties":{"highway":"traffic_signals","fuente":"osm","osm_id":"node/1983099926"},"geometry":{"type":"Point","coordinates":[-100.334938,25.664937]}},{"type":"Feature","properties":{"highway":"traffic_signals","fuente":"osm","osm_id":"node/2013884675"},"geometry":{"type":"Point","coordinates":[-100.202757,25.722135]}},{"type":"Feature","properties":{"highway":"traffic_signals","fuente":"osm","osm_id":"node/2013884733"},"geometry":{"type":"Point","coordinates":[-100.202629,25.722244]}},{"type":"Feature","properties":{"highway":"traffic_signals","fuente":"osm","osm_id":"node/2014534669"},"geometry":{"type":"Point","coordinates":[-100.332874,25.73353]}},{"type":"Feature","properties":{"highway":"traffic_signals","fuente":"osm","osm_id":"node/2014545359"},"geometry":{"type":"Point","coordinates":[-100.332281,25.730319]}},{"type":"Feature","properties":{"highway":"traffic_signals","fuente":"osm","osm_id":"node/2014545361"},"geometry":{"type":"Point","coordinates":[-100.33212,25.729596]}},{"type":"Feature","properties":{"highway":"traffic_signals","fuente":"osm","osm_id":"node/2014545368"},"geometry":{"type":"Point","coordinates":[-100.332144,25.730344]}},{"type":"Feature","properties":{"highway":"traffic_signals","fuente":"osm","osm_id":"node/2014545370"},"geometry":{"type":"Point","coordinates":[-100.331969,25.729627]}},{"type":"Feature","properties":{"highway":"traffic_signals","fuente":"osm","osm_id":"node/2016906342"},"geometry":{"type":"Point","coordinates":[-100.33035,25.782093]}},{"type":"Feature","properties":{"highway":"traffic_signals","fuente":"osm","osm_id":"node/2016925867"},"geometry":{"type":"Point","coordinates":[-100.268707,25.770541]}},{"type":"Feature","properties":{"highway":"traffic_signals","fuente":"osm","osm_id":"node/2061950899"},"geometry":{"type":"Point","coordinates":[-100.374034,25.732126]}},{"type":"Feature","properties":{"highway":"traffic_signals","fuente":"osm","osm_id":"node/2065232891"},"geometry":{"type":"Point","coordinates":[-100.307393,25.638967]}},{"type":"Feature","properties":{"highway":"traffic_signals","fuente":"osm","osm_id":"node/2072107110"},"geometry":{"type":"Point","coordinates":[-100.229365,25.659609]}},{"type":"Feature","properties":{"highway":"traffic_signals","fuente":"osm","osm_id":"node/2146860115"},"geometry":{"type":"Point","coordinates":[-100.161659,25.663646]}},{"type":"Feature","properties":{"highway":"traffic_signals","fuente":"osm","osm_id":"node/2146860160"},"geometry":{"type":"Point","coordinates":[-100.161671,25.663799]}},{"type":"Feature","properties":{"highway":"traffic_signals","fuente":"osm","osm_id":"node/2146866922"},"geometry":{"type":"Point","coordinates":[-100.151103,25.660951]}},{"type":"Feature","properties":{"highway":"traffic_signals","fuente":"osm","osm_id":"node/2146866937"},"geometry":{"type":"Point","coordinates":[-100.150911,25.6609]}},{"type":"Feature","properties":{"highway":"traffic_signals","fuente":"osm","osm_id":"node/2146901923"},"geometry":{"type":"Point","coordinates":[-100.146722,25.659933]}},{"type":"Feature","properties":{"highway":"traffic_signals","fuente":"osm","osm_id":"node/2268421072"},"geometry":{"type":"Point","coordinates":[-100.273045,25.640393]}},{"type":"Feature","properties":{"highway":"traffic_signals","fuente":"osm","osm_id":"node/2320101333"},"geometry":{"type":"Point","coordinates":[-100.180279,25.688019]}},{"type":"Feature","properties":{"highway":"traffic_signals","fuente":"osm","osm_id":"node/2360968826"},"geometry":{"type":"Point","coordinates":[-100.319941,25.704394]}},{"type":"Feature","properties":{"highway":"traffic_signals","fuente":"osm","osm_id":"node/2485209274"},"geometry":{"type":"Point","coordinates":[-100.276984,25.652949]}},{"type":"Feature","properties":{"highway":"traffic_signals","fuente":"osm","osm_id":"node/2545489921"},"geometry":{"type":"Point","coordinates":[-100.19751,25.6514]}},{"type":"Feature","properties":{"highway":"traffic_signals","fuente":"osm","osm_id":"node/2563942820"},"geometry":{"type":"Point","coordinates":[-100.123153,25.654988]}},{"type":"Feature","properties":{"highway":"traffic_signals","fuente":"osm","osm_id":"node/2563943422"},"geometry":{"type":"Point","coordinates":[-100.12729,25.65579]}},{"type":"Feature","properties":{"highway":"traffic_signals","fuente":"osm","osm_id":"node/2642893453"},"geometry":{"type":"Point","coordinates":[-100.443429,25.674315]}},{"type":"Feature","properties":{"highway":"traffic_signals","fuente":"osm","osm_id":"node/2642893487"},"geometry":{"type":"Point","coordinates":[-100.442909,25.674894]}},{"type":"Feature","properties":{"highway":"traffic_signals","fuente":"osm","osm_id":"node/2643056875"},"geometry":{"type":"Point","coordinates":[-100.333928,25.651285]}},{"type":"Feature","properties":{"highway":"traffic_signals","fuente":"osm","osm_id":"node/2643056878"},"geometry":{"type":"Point","coordinates":[-100.334018,25.651465]}},{"type":"Feature","properties":{"highway":"traffic_signals","fuente":"osm","osm_id":"node/2666148168"},"geometry":{"type":"Point","coordinates":[-100.295449,25.825762]}},{"type":"Feature","properties":{"highway":"traffic_signals","fuente":"osm","osm_id":"node/2666148181"},"geometry":{"type":"Point","coordinates":[-100.295423,25.825535]}},{"type":"Feature","properties":{"highway":"traffic_signals","fuente":"osm","osm_id":"node/2768582763"},"geometry":{"type":"Point","coordinates":[-100.11042,25.652545]}},{"type":"Feature","properties":{"highway":"traffic_signals","fuente":"osm","osm_id":"node/2929180339"},"geometry":{"type":"Point","coordinates":[-100.523738,25.735408]}},{"type":"Feature","properties":{"highway":"traffic_signals","fuente":"osm","osm_id":"node/2929182306"},"geometry":{"type":"Point","coordinates":[-100.523878,25.735633]}},{"type":"Feature","properties":{"highway":"traffic_signals","fuente":"osm","osm_id":"node/2929588627"},"geometry":{"type":"Point","coordinates":[-100.330287,25.738442]}},{"type":"Feature","properties":{"highway":"traffic_signals","fuente":"osm","osm_id":"node/2929588638"},"geometry":{"type":"Point","coordinates":[-100.329674,25.738344]}},{"type":"Feature","properties":{"highway":"traffic_signals","fuente":"osm","osm_id":"node/2929588639"},"geometry":{"type":"Point","coordinates":[-100.332983,25.733543]}},{"type":"Feature","properties":{"highway":"traffic_signals","fuente":"osm","osm_id":"node/2929588643"},"geometry":{"type":"Point","coordinates":[-100.33308,25.734444]}},{"type":"Feature","properties":{"highway":"traffic_signals","fuente":"osm","osm_id":"node/2932555704"},"geometry":{"type":"Point","coordinates":[-100.224224,25.805837]}},{"type":"Feature","properties":{"highway":"traffic_signals","fuente":"osm","osm_id":"node/2967659951"},"geometry":{"type":"Point","coordinates":[-100.272,25.810758]}},{"type":"Feature","properties":{"highway":"traffic_signals","fuente":"osm","osm_id":"node/3068695242"},"geometry":{"type":"Point","coordinates":[-100.421313,25.665366]}},{"type":"Feature","properties":{"highway":"traffic_signals","fuente":"osm","osm_id":"node/3070136803"},"geometry":{"type":"Point","coordinates":[-100.449407,25.674248]}},{"type":"Feature","properties":{"highway":"traffic_signals","fuente":"osm","osm_id":"node/3070825204"},"geometry":{"type":"Point","coordinates":[-100.484078,25.681181]}},{"type":"Feature","properties":{"highway":"traffic_signals","fuente":"osm","osm_id":"node/3070825451"},"geometry":{"type":"Point","coordinates":[-100.486419,25.683257]}},{"type":"Feature","properties":{"highway":"traffic_signals","fuente":"osm","osm_id":"node/3070851342"},"geometry":{"type":"Point","coordinates":[-100.484907,25.685105]}},{"type":"Feature","properties":{"highway":"traffic_signals","fuente":"osm","osm_id":"node/3094098768"},"geometry":{"type":"Point","coordinates":[-100.164084,25.705656]}},{"type":"Feature","properties":{"highway":"traffic_signals","fuente":"osm","osm_id":"node/3134015024"},"geometry":{"type":"Point","coordinates":[-100.172556,25.730283]}},{"type":"Feature","properties":{"highway":"traffic_signals","fuente":"osm","osm_id":"node/3134015028"},"geometry":{"type":"Point","coordinates":[-100.172182,25.730268]}},{"type":"Feature","properties":{"highway":"traffic_signals","fuente":"osm","osm_id":"node/3144172300"},"geometry":{"type":"Point","coordinates":[-100.168501,25.68048]}},{"type":"Feature","properties":{"highway":"traffic_signals","fuente":"osm","osm_id":"node/3372189587"},"geometry":{"type":"Point","coordinates":[-100.361115,25.711486]}},{"type":"Feature","properties":{"highway":"traffic_signals","fuente":"osm","osm_id":"node/3421695605"},"geometry":{"type":"Point","coordinates":[-100.466003,25.685585]}},{"type":"Feature","properties":{"highway":"traffic_signals","fuente":"osm","osm_id":"node/3470379620"},"geometry":{"type":"Point","coordinates":[-100.497749,25.688242]}},{"type":"Feature","properties":{"highway":"traffic_signals","fuente":"osm","osm_id":"node/3470437914"},"geometry":{"type":"Point","coordinates":[-100.442407,25.674323]}},{"type":"Feature","properties":{"highway":"traffic_signals","fuente":"osm","osm_id":"node/3471229702"},"geometry":{"type":"Point","coordinates":[-100.485354,25.685099]}},{"type":"Feature","properties":{"highway":"traffic_signals","fuente":"osm","osm_id":"node/3473054216"},"geometry":{"type":"Point","coordinates":[-100.420606,25.673978]}},{"type":"Feature","properties":{"highway":"traffic_signals","fuente":"osm","osm_id":"node/3473054217"},"geometry":{"type":"Point","coordinates":[-100.420198,25.674612]}},{"type":"Feature","properties":{"highway":"traffic_signals","fuente":"osm","osm_id":"node/3475162718"},"geometry":{"type":"Point","coordinates":[-100.419425,25.674216]}},{"type":"Feature","properties":{"highway":"traffic_signals","fuente":"osm","osm_id":"node/3477869030"},"geometry":{"type":"Point","coordinates":[-100.486625,25.68343]}},{"type":"Feature","properties":{"highway":"traffic_signals","fuente":"osm","osm_id":"node/3512319629"},"geometry":{"type":"Point","coordinates":[-100.435747,25.674383]}},{"type":"Feature","properties":{"highway":"traffic_signals","fuente":"osm","osm_id":"node/3541789502"},"geometry":{"type":"Point","coordinates":[-100.440205,25.680602]}},{"type":"Feature","properties":{"highway":"traffic_signals","fuente":"osm","osm_id":"node/3556201802"},"geometry":{"type":"Point","coordinates":[-100.441223,25.681996]}},{"type":"Feature","properties":{"highway":"traffic_signals","fuente":"osm","osm_id":"node/3556268335"},"geometry":{"type":"Point","coordinates":[-100.483917,25.681187]}},{"type":"Feature","properties":{"highway":"traffic_signals","fuente":"osm","osm_id":"node/3556277295"},"geometry":{"type":"Point","coordinates":[-100.45425,25.674334]}},{"type":"Feature","properties":{"highway":"traffic_signals","fuente":"osm","osm_id":"node/3556278042"},"geometry":{"type":"Point","coordinates":[-100.452455,25.674274]}},{"type":"Feature","properties":{"highway":"traffic_signals","fuente":"osm","osm_id":"node/3571791693"},"geometry":{"type":"Point","coordinates":[-100.423014,25.665257]}},{"type":"Feature","properties":{"highway":"traffic_signals","fuente":"osm","osm_id":"node/3574592424"},"geometry":{"type":"Point","coordinates":[-100.460789,25.674252]}},{"type":"Feature","properties":{"highway":"traffic_signals","fuente":"osm","osm_id":"node/3575733720"},"geometry":{"type":"Point","coordinates":[-100.469812,25.674901]}},{"type":"Feature","properties":{"highway":"traffic_signals","fuente":"osm","osm_id":"node/3575772777"},"geometry":{"type":"Point","coordinates":[-100.457642,25.674271]}},{"type":"Feature","properties":{"highway":"traffic_signals","fuente":"osm","osm_id":"node/3586731433"},"geometry":{"type":"Point","coordinates":[-100.429742,25.67456]}},{"type":"Feature","properties":{"highway":"traffic_signals","fuente":"osm","osm_id":"node/3586731434"},"geometry":{"type":"Point","coordinates":[-100.430889,25.674569]}},{"type":"Feature","properties":{"highway":"traffic_signals","fuente":"osm","osm_id":"node/3660735240"},"geometry":{"type":"Point","coordinates":[-100.292954,25.76746]}},{"type":"Feature","properties":{"highway":"traffic_signals","fuente":"osm","osm_id":"node/3761888320"},"geometry":{"type":"Point","coordinates":[-100.192839,25.746496]}},{"type":"Feature","properties":{"highway":"traffic_signals","fuente":"osm","osm_id":"node/3788269450"},"geometry":{"type":"Point","coordinates":[-100.254687,25.738554]}},{"type":"Feature","properties":{"highway":"traffic_signals","fuente":"osm","osm_id":"node/3831326344"},"geometry":{"type":"Point","coordinates":[-100.248158,25.768974]}},{"type":"Feature","properties":{"highway":"traffic_signals","fuente":"osm","osm_id":"node/3831328176"},"geometry":{"type":"Point","coordinates":[-100.252067,25.759866]}},{"type":"Feature","properties":{"highway":"traffic_signals","fuente":"osm","osm_id":"node/3874783475"},"geometry":{"type":"Point","coordinates":[-100.368106,25.664908]}},{"type":"Feature","properties":{"highway":"traffic_signals","fuente":"osm","osm_id":"node/4028658199"},"geometry":{"type":"Point","coordinates":[-100.2354,25.757199]}},{"type":"Feature","properties":{"highway":"traffic_signals","fuente":"osm","osm_id":"node/4028706869"},"geometry":{"type":"Point","coordinates":[-100.198592,25.783719]}},{"type":"Feature","properties":{"highway":"traffic_signals","fuente":"osm","osm_id":"node/4048576714"},"geometry":{"type":"Point","coordinates":[-100.187918,25.649161]}},{"type":"Feature","properties":{"highway":"traffic_signals","fuente":"osm","osm_id":"node/4048576725"},"geometry":{"type":"Point","coordinates":[-100.188928,25.649154]}},{"type":"Feature","properties":{"highway":"traffic_signals","fuente":"osm","osm_id":"node/4053823128"},"geometry":{"type":"Point","coordinates":[-100.301072,25.750208]}},{"type":"Feature","properties":{"highway":"traffic_signals","fuente":"osm","osm_id":"node/4055818388"},"geometry":{"type":"Point","coordinates":[-100.226638,25.734078]}},{"type":"Feature","properties":{"highway":"traffic_signals","fuente":"osm","osm_id":"node/4055824548"},"geometry":{"type":"Point","coordinates":[-100.239602,25.732734]}},{"type":"Feature","properties":{"highway":"traffic_signals","fuente":"osm","osm_id":"node/4055824549"},"geometry":{"type":"Point","coordinates":[-100.243592,25.736375]}},{"type":"Feature","properties":{"highway":"traffic_signals","fuente":"osm","osm_id":"node/4055824550"},"geometry":{"type":"Point","coordinates":[-100.226725,25.73389]}},{"type":"Feature","properties":{"highway":"traffic_signals","fuente":"osm","osm_id":"node/4055824551"},"geometry":{"type":"Point","coordinates":[-100.226591,25.73394]}},{"type":"Feature","properties":{"highway":"traffic_signals","fuente":"osm","osm_id":"node/4055832699"},"geometry":{"type":"Point","coordinates":[-100.231831,25.732432]}},{"type":"Feature","properties":{"highway":"traffic_signals","fuente":"osm","osm_id":"node/4055832700"},"geometry":{"type":"Point","coordinates":[-100.239585,25.73258]}},{"type":"Feature","properties":{"highway":"traffic_signals","fuente":"osm","osm_id":"node/4055832701"},"geometry":{"type":"Point","coordinates":[-100.243737,25.736277]}},{"type":"Feature","properties":{"highway":"traffic_signals","fuente":"osm","osm_id":"node/4055832702"},"geometry":{"type":"Point","coordinates":[-100.226775,25.734025]}},{"type":"Feature","properties":{"highway":"traffic_signals","fuente":"osm","osm_id":"node/4055835949"},"geometry":{"type":"Point","coordinates":[-100.231803,25.732539]}},{"type":"Feature","properties":{"highway":"traffic_signals","fuente":"osm","osm_id":"node/4055835950"},"geometry":{"type":"Point","coordinates":[-100.243667,25.736202]}},{"type":"Feature","properties":{"highway":"traffic_signals","fuente":"osm","osm_id":"node/4055835951"},"geometry":{"type":"Point","coordinates":[-100.243526,25.736305]}},{"type":"Feature","properties":{"highway":"traffic_signals","fuente":"osm","osm_id":"node/4062748327"},"geometry":{"type":"Point","coordinates":[-100.253899,25.72906]}},{"type":"Feature","properties":{"highway":"traffic_signals","fuente":"osm","osm_id":"node/4063673068"},"geometry":{"type":"Point","coordinates":[-100.239088,25.740858]}},{"type":"Feature","properties":{"highway":"traffic_signals","fuente":"osm","osm_id":"node/4075616981"},"geometry":{"type":"Point","coordinates":[-100.216758,25.724628]}},{"type":"Feature","properties":{"highway":"traffic_signals","fuente":"osm","osm_id":"node/4087199921"},"geometry":{"type":"Point","coordinates":[-100.364457,25.675253]}},{"type":"Feature","properties":{"highway":"traffic_signals","fuente":"osm","osm_id":"node/4090298120"},"geometry":{"type":"Point","coordinates":[-100.304376,25.73468]}},{"type":"Feature","properties":{"highway":"traffic_signals","fuente":"osm","osm_id":"node/4216826298"},"geometry":{"type":"Point","coordinates":[-100.088309,25.640169]}},{"type":"Feature","properties":{"highway":"traffic_signals","fuente":"osm","osm_id":"node/4216826321"},"geometry":{"type":"Point","coordinates":[-100.099565,25.648049]}},{"type":"Feature","properties":{"highway":"traffic_signals","fuente":"osm","osm_id":"node/4216961574"},"geometry":{"type":"Point","coordinates":[-100.11234,25.652899]}},{"type":"Feature","properties":{"highway":"traffic_signals","fuente":"osm","osm_id":"node/4216961575"},"geometry":{"type":"Point","coordinates":[-100.112419,25.652789]}},{"type":"Feature","properties":{"highway":"traffic_signals","fuente":"osm","osm_id":"node/4217033798"},"geometry":{"type":"Point","coordinates":[-100.150234,25.660864]}},{"type":"Feature","properties":{"highway":"traffic_signals","fuente":"osm","osm_id":"node/4217033799"},"geometry":{"type":"Point","coordinates":[-100.151062,25.661057]}},{"type":"Feature","properties":{"highway":"traffic_signals","fuente":"osm","osm_id":"node/4232912401"},"geometry":{"type":"Point","coordinates":[-100.523857,25.73532]}},{"type":"Feature","properties":{"highway":"traffic_signals","fuente":"osm","osm_id":"node/4282222364"},"geometry":{"type":"Point","coordinates":[-100.296816,25.684695]}},{"type":"Feature","properties":{"highway":"traffic_signals","fuente":"osm","osm_id":"node/4282222365"},"geometry":{"type":"Point","coordinates":[-100.296682,25.68468]}},{"type":"Feature","properties":{"highway":"traffic_signals","fuente":"osm","osm_id":"node/4282810505"},"geometry":{"type":"Point","coordinates":[-100.184703,25.70908]}},{"type":"Feature","properties":{"highway":"traffic_signals","fuente":"osm","osm_id":"node/4304896708"},"geometry":{"type":"Point","coordinates":[-100.244011,25.672011]}},{"type":"Feature","properties":{"highway":"traffic_signals","fuente":"osm","osm_id":"node/4362366394"},"geometry":{"type":"Point","coordinates":[-100.081054,25.655025]}},{"type":"Feature","properties":{"highway":"traffic_signals","fuente":"osm","osm_id":"node/4362366400"},"geometry":{"type":"Point","coordinates":[-100.080984,25.655144]}},{"type":"Feature","properties":{"highway":"traffic_signals","fuente":"osm","osm_id":"node/4374786276"},"geometry":{"type":"Point","coordinates":[-100.313129,25.685673]}},{"type":"Feature","properties":{"highway":"traffic_signals","fuente":"osm","osm_id":"node/4374786693"},"geometry":{"type":"Point","coordinates":[-100.315092,25.671335]}},{"type":"Feature","properties":{"highway":"traffic_signals","fuente":"osm","osm_id":"node/4477084818"},"geometry":{"type":"Point","coordinates":[-100.378488,25.735649]}},{"type":"Feature","properties":{"highway":"traffic_signals","fuente":"osm","osm_id":"node/4477084827"},"geometry":{"type":"Point","coordinates":[-100.366353,25.720543]}},{"type":"Feature","properties":{"highway":"traffic_signals","fuente":"osm","osm_id":"node/4477448944"},"geometry":{"type":"Point","coordinates":[-100.373597,25.731804]}},{"type":"Feature","properties":{"highway":"traffic_signals","fuente":"osm","osm_id":"node/4489286764"},"geometry":{"type":"Point","coordinates":[-100.202172,25.652563]}},{"type":"Feature","properties":{"highway":"traffic_signals","fuente":"osm","osm_id":"node/4552796511"},"geometry":{"type":"Point","coordinates":[-100.386336,25.777877]}},{"type":"Feature","properties":{"highway":"traffic_signals","fuente":"osm","osm_id":"node/4556189530"},"geometry":{"type":"Point","coordinates":[-100.388878,25.772072]}},{"type":"Feature","properties":{"highway":"traffic_signals","fuente":"osm","osm_id":"node/4557900087"},"geometry":{"type":"Point","coordinates":[-100.35386,25.725609]}},{"type":"Feature","properties":{"highway":"traffic_signals","fuente":"osm","osm_id":"node/4562582656"},"geometry":{"type":"Point","coordinates":[-100.361237,25.711731]}},{"type":"Feature","properties":{"highway":"traffic_signals","fuente":"osm","osm_id":"node/4562582657"},"geometry":{"type":"Point","coordinates":[-100.361356,25.711644]}},{"type":"Feature","properties":{"highway":"traffic_signals","fuente":"osm","osm_id":"node/4562582661"},"geometry":{"type":"Point","coordinates":[-100.362068,25.71255]}},{"type":"Feature","properties":{"highway":"traffic_signals","fuente":"osm","osm_id":"node/4562582662"},"geometry":{"type":"Point","coordinates":[-100.361884,25.712583]}},{"type":"Feature","properties":{"highway":"traffic_signals","fuente":"osm","osm_id":"node/4562582671"},"geometry":{"type":"Point","coordinates":[-100.362702,25.713844]}},{"type":"Feature","properties":{"highway":"traffic_signals","fuente":"osm","osm_id":"node/4562582672"},"geometry":{"type":"Point","coordinates":[-100.362836,25.714332]}},{"type":"Feature","properties":{"highway":"traffic_signals","fuente":"osm","osm_id":"node/4562582673"},"geometry":{"type":"Point","coordinates":[-100.362889,25.714119]}},{"type":"Feature","properties":{"highway":"traffic_signals","fuente":"osm","osm_id":"node/4565550235"},"geometry":{"type":"Point","coordinates":[-100.350011,25.736548]}},{"type":"Feature","properties":{"highway":"traffic_signals","fuente":"osm","osm_id":"node/4565550236"},"geometry":{"type":"Point","coordinates":[-100.350152,25.736483]}},{"type":"Feature","properties":{"highway":"traffic_signals","fuente":"osm","osm_id":"node/4586035565"},"geometry":{"type":"Point","coordinates":[-100.239284,25.69415]}},{"type":"Feature","properties":{"highway":"traffic_signals","fuente":"osm","osm_id":"node/4586035567"},"geometry":{"type":"Point","coordinates":[-100.239366,25.693772]}},{"type":"Feature","properties":{"highway":"traffic_signals","fuente":"osm","osm_id":"node/4586035568"},"geometry":{"type":"Point","coordinates":[-100.239353,25.694129]}},{"type":"Feature","properties":{"highway":"traffic_signals","fuente":"osm","osm_id":"node/4586035571"},"geometry":{"type":"Point","coordinates":[-100.233758,25.6955]}},{"type":"Feature","properties":{"highway":"traffic_signals","fuente":"osm","osm_id":"node/4586035585"},"geometry":{"type":"Point","coordinates":[-100.248326,25.691438]}},{"type":"Feature","properties":{"highway":"traffic_signals","fuente":"osm","osm_id":"node/4586101521"},"geometry":{"type":"Point","coordinates":[-100.309698,25.704181]}},{"type":"Feature","properties":{"highway":"traffic_signals","fuente":"osm","osm_id":"node/4586101522"},"geometry":{"type":"Point","coordinates":[-100.309713,25.704037]}},{"type":"Feature","properties":{"highway":"traffic_signals","fuente":"osm","osm_id":"node/4586101523"},"geometry":{"type":"Point","coordinates":[-100.309458,25.706063]}},{"type":"Feature","properties":{"highway":"traffic_signals","fuente":"osm","osm_id":"node/4586101524"},"geometry":{"type":"Point","coordinates":[-100.299698,25.704014]}},{"type":"Feature","properties":{"highway":"traffic_signals","fuente":"osm","osm_id":"node/4586101525"},"geometry":{"type":"Point","coordinates":[-100.29977,25.703865]}},{"type":"Feature","properties":{"highway":"traffic_signals","fuente":"osm","osm_id":"node/4586101526"},"geometry":{"type":"Point","coordinates":[-100.292518,25.703895]}},{"type":"Feature","properties":{"highway":"traffic_signals","fuente":"osm","osm_id":"node/4586101529"},"geometry":{"type":"Point","coordinates":[-100.292729,25.703738]}},{"type":"Feature","properties":{"highway":"traffic_signals","fuente":"osm","osm_id":"node/4586101530"},"geometry":{"type":"Point","coordinates":[-100.288019,25.70381]}},{"type":"Feature","properties":{"highway":"traffic_signals","fuente":"osm","osm_id":"node/4586101531"},"geometry":{"type":"Point","coordinates":[-100.288195,25.703674]}},{"type":"Feature","properties":{"highway":"traffic_signals","fuente":"osm","osm_id":"node/4586101532"},"geometry":{"type":"Point","coordinates":[-100.287706,25.703799]}},{"type":"Feature","properties":{"highway":"traffic_signals","fuente":"osm","osm_id":"node/4586171977"},"geometry":{"type":"Point","coordinates":[-100.368801,25.728373]}},{"type":"Feature","properties":{"highway":"traffic_signals","fuente":"osm","osm_id":"node/4586171980"},"geometry":{"type":"Point","coordinates":[-100.36524,25.724779]}},{"type":"Feature","properties":{"highway":"traffic_signals","fuente":"osm","osm_id":"node/4586172089"},"geometry":{"type":"Point","coordinates":[-100.362002,25.722539]}},{"type":"Feature","properties":{"highway":"traffic_signals","fuente":"osm","osm_id":"node/4586172091"},"geometry":{"type":"Point","coordinates":[-100.362163,25.722434]}},{"type":"Feature","properties":{"highway":"traffic_signals","fuente":"osm","osm_id":"node/4586172093"},"geometry":{"type":"Point","coordinates":[-100.360697,25.721433]}},{"type":"Feature","properties":{"highway":"traffic_signals","fuente":"osm","osm_id":"node/4586172094"},"geometry":{"type":"Point","coordinates":[-100.360545,25.721529]}},{"type":"Feature","properties":{"highway":"traffic_signals","fuente":"osm","osm_id":"node/4586172095"},"geometry":{"type":"Point","coordinates":[-100.358745,25.720002]}},{"type":"Feature","properties":{"highway":"traffic_signals","fuente":"osm","osm_id":"node/4586172096"},"geometry":{"type":"Point","coordinates":[-100.358236,25.719523]}},{"type":"Feature","properties":{"highway":"traffic_signals","fuente":"osm","osm_id":"node/4586172097"},"geometry":{"type":"Point","coordinates":[-100.358124,25.719805]}},{"type":"Feature","properties":{"highway":"traffic_signals","fuente":"osm","osm_id":"node/4586172098"},"geometry":{"type":"Point","coordinates":[-100.358611,25.720131]}},{"type":"Feature","properties":{"highway":"traffic_signals","fuente":"osm","osm_id":"node/4586172099"},"geometry":{"type":"Point","coordinates":[-100.365158,25.718734]}},{"type":"Feature","properties":{"highway":"traffic_signals","fuente":"osm","osm_id":"node/4586172100"},"geometry":{"type":"Point","coordinates":[-100.365281,25.718659]}},{"type":"Feature","properties":{"highway":"traffic_signals","fuente":"osm","osm_id":"node/4586172101"},"geometry":{"type":"Point","coordinates":[-100.366194,25.720594]}},{"type":"Feature","properties":{"highway":"traffic_signals","fuente":"osm","osm_id":"node/4586172103"},"geometry":{"type":"Point","coordinates":[-100.368284,25.724184]}},{"type":"Feature","properties":{"highway":"traffic_signals","fuente":"osm","osm_id":"node/4586172104"},"geometry":{"type":"Point","coordinates":[-100.368412,25.724135]}},{"type":"Feature","properties":{"highway":"traffic_signals","fuente":"osm","osm_id":"node/4586172105"},"geometry":{"type":"Point","coordinates":[-100.369733,25.726672]}},{"type":"Feature","properties":{"highway":"traffic_signals","fuente":"osm","osm_id":"node/4586172111"},"geometry":{"type":"Point","coordinates":[-100.372128,25.730079]}},{"type":"Feature","properties":{"highway":"traffic_signals","fuente":"osm","osm_id":"node/4586217971"},"geometry":{"type":"Point","coordinates":[-100.254718,25.703091]}},{"type":"Feature","properties":{"highway":"traffic_signals","fuente":"osm","osm_id":"node/4586217972"},"geometry":{"type":"Point","coordinates":[-100.254772,25.703253]}},{"type":"Feature","properties":{"highway":"traffic_signals","fuente":"osm","osm_id":"node/4586217973"},"geometry":{"type":"Point","coordinates":[-100.250607,25.703025]}},{"type":"Feature","properties":{"highway":"traffic_signals","fuente":"osm","osm_id":"node/4586217974"},"geometry":{"type":"Point","coordinates":[-100.250611,25.703172]}},{"type":"Feature","properties":{"highway":"traffic_signals","fuente":"osm","osm_id":"node/4586217980"},"geometry":{"type":"Point","coordinates":[-100.246659,25.702969]}},{"type":"Feature","properties":{"highway":"traffic_signals","fuente":"osm","osm_id":"node/4586217982"},"geometry":{"type":"Point","coordinates":[-100.24666,25.703098]}},{"type":"Feature","properties":{"highway":"traffic_signals","fuente":"osm","osm_id":"node/4586217983"},"geometry":{"type":"Point","coordinates":[-100.239611,25.702837]}},{"type":"Feature","properties":{"highway":"traffic_signals","fuente":"osm","osm_id":"node/4586217984"},"geometry":{"type":"Point","coordinates":[-100.239742,25.702841]}},{"type":"Feature","properties":{"highway":"traffic_signals","fuente":"osm","osm_id":"node/4586217985"},"geometry":{"type":"Point","coordinates":[-100.239693,25.702988]}},{"type":"Feature","properties":{"highway":"traffic_signals","fuente":"osm","osm_id":"node/4586217986"},"geometry":{"type":"Point","coordinates":[-100.239599,25.702986]}},{"type":"Feature","properties":{"highway":"traffic_signals","fuente":"osm","osm_id":"node/4586217987"},"geometry":{"type":"Point","coordinates":[-100.235997,25.702782]}},{"type":"Feature","properties":{"highway":"traffic_signals","fuente":"osm","osm_id":"node/4586217988"},"geometry":{"type":"Point","coordinates":[-100.235816,25.702932]}},{"type":"Feature","properties":{"highway":"traffic_signals","fuente":"osm","osm_id":"node/4586218190"},"geometry":{"type":"Point","coordinates":[-100.231784,25.702852]}},{"type":"Feature","properties":{"highway":"traffic_signals","fuente":"osm","osm_id":"node/4586218191"},"geometry":{"type":"Point","coordinates":[-100.231833,25.702707]}},{"type":"Feature","properties":{"highway":"traffic_signals","fuente":"osm","osm_id":"node/4587724379"},"geometry":{"type":"Point","coordinates":[-100.327518,25.699544]}},{"type":"Feature","properties":{"highway":"traffic_signals","fuente":"osm","osm_id":"node/4587724380"},"geometry":{"type":"Point","coordinates":[-100.327632,25.699618]}},{"type":"Feature","properties":{"highway":"traffic_signals","fuente":"osm","osm_id":"node/4587724381"},"geometry":{"type":"Point","coordinates":[-100.327672,25.699531]}},{"type":"Feature","properties":{"highway":"traffic_signals","fuente":"osm","osm_id":"node/4587724382"},"geometry":{"type":"Point","coordinates":[-100.327562,25.699454]}},{"type":"Feature","properties":{"highway":"traffic_signals","fuente":"osm","osm_id":"node/4587724424"},"geometry":{"type":"Point","coordinates":[-100.325239,25.698019]}},{"type":"Feature","properties":{"highway":"traffic_signals","fuente":"osm","osm_id":"node/4587724425"},"geometry":{"type":"Point","coordinates":[-100.32503,25.697883]}},{"type":"Feature","properties":{"highway":"traffic_signals","fuente":"osm","osm_id":"node/4587724426"},"geometry":{"type":"Point","coordinates":[-100.325203,25.697881]}},{"type":"Feature","properties":{"highway":"traffic_signals","fuente":"osm","osm_id":"node/4587724427"},"geometry":{"type":"Point","coordinates":[-100.325022,25.697779]}},{"type":"Feature","properties":{"highway":"traffic_signals","fuente":"osm","osm_id":"node/4587724431"},"geometry":{"type":"Point","coordinates":[-100.323079,25.696466]}},{"type":"Feature","properties":{"highway":"traffic_signals","fuente":"osm","osm_id":"node/4587724432"},"geometry":{"type":"Point","coordinates":[-100.322895,25.696469]}},{"type":"Feature","properties":{"highway":"traffic_signals","fuente":"osm","osm_id":"node/4587724433"},"geometry":{"type":"Point","coordinates":[-100.321714,25.695575]}},{"type":"Feature","properties":{"highway":"traffic_signals","fuente":"osm","osm_id":"node/4587724434"},"geometry":{"type":"Point","coordinates":[-100.321714,25.695701]}},{"type":"Feature","properties":{"highway":"traffic_signals","fuente":"osm","osm_id":"node/4587724436"},"geometry":{"type":"Point","coordinates":[-100.316884,25.692475]}},{"type":"Feature","properties":{"highway":"traffic_signals","fuente":"osm","osm_id":"node/4587724437"},"geometry":{"type":"Point","coordinates":[-100.316714,25.692376]}},{"type":"Feature","properties":{"highway":"traffic_signals","fuente":"osm","osm_id":"node/4587724438"},"geometry":{"type":"Point","coordinates":[-100.31688,25.692383]}},{"type":"Feature","properties":{"highway":"traffic_signals","fuente":"osm","osm_id":"node/4587724439"},"geometry":{"type":"Point","coordinates":[-100.31671,25.692271]}},{"type":"Feature","properties":{"highway":"traffic_signals","fuente":"osm","osm_id":"node/4587724444"},"geometry":{"type":"Point","coordinates":[-100.314339,25.689741]}},{"type":"Feature","properties":{"highway":"traffic_signals","fuente":"osm","osm_id":"node/4587724447"},"geometry":{"type":"Point","coordinates":[-100.31362,25.688852]}},{"type":"Feature","properties":{"highway":"traffic_signals","fuente":"osm","osm_id":"node/4587724448"},"geometry":{"type":"Point","coordinates":[-100.312795,25.687818]}},{"type":"Feature","properties":{"highway":"traffic_signals","fuente":"osm","osm_id":"node/4587724449"},"geometry":{"type":"Point","coordinates":[-100.311948,25.686711]}},{"type":"Feature","properties":{"highway":"traffic_signals","fuente":"osm","osm_id":"node/4587895103"},"geometry":{"type":"Point","coordinates":[-100.252081,25.730339]}},{"type":"Feature","properties":{"highway":"traffic_signals","fuente":"osm","osm_id":"node/4587895111"},"geometry":{"type":"Point","coordinates":[-100.247817,25.733306]}},{"type":"Feature","properties":{"highway":"traffic_signals","fuente":"osm","osm_id":"node/4587895112"},"geometry":{"type":"Point","coordinates":[-100.247916,25.733366]}},{"type":"Feature","properties":{"highway":"traffic_signals","fuente":"osm","osm_id":"node/4587895115"},"geometry":{"type":"Point","coordinates":[-100.239181,25.739323]}},{"type":"Feature","properties":{"highway":"traffic_signals","fuente":"osm","osm_id":"node/4587895116"},"geometry":{"type":"Point","coordinates":[-100.239388,25.739414]}},{"type":"Feature","properties":{"highway":"traffic_signals","fuente":"osm","osm_id":"node/4587895117"},"geometry":{"type":"Point","coordinates":[-100.226107,25.74827]}},{"type":"Feature","properties":{"highway":"traffic_signals","fuente":"osm","osm_id":"node/4587895118"},"geometry":{"type":"Point","coordinates":[-100.226,25.748329]}},{"type":"Feature","properties":{"highway":"traffic_signals","fuente":"osm","osm_id":"node/4587895119"},"geometry":{"type":"Point","coordinates":[-100.22629,25.748589]}},{"type":"Feature","properties":{"highway":"traffic_signals","fuente":"osm","osm_id":"node/4587895120"},"geometry":{"type":"Point","coordinates":[-100.226187,25.748654]}},{"type":"Feature","properties":{"highway":"traffic_signals","fuente":"osm","osm_id":"node/4587895122"},"geometry":{"type":"Point","coordinates":[-100.247643,25.754691]}},{"type":"Feature","properties":{"highway":"traffic_signals","fuente":"osm","osm_id":"node/4587895123"},"geometry":{"type":"Point","coordinates":[-100.24732,25.754797]}},{"type":"Feature","properties":{"highway":"traffic_signals","fuente":"osm","osm_id":"node/4587895124"},"geometry":{"type":"Point","coordinates":[-100.244952,25.755679]}},{"type":"Feature","properties":{"highway":"traffic_signals","fuente":"osm","osm_id":"node/4587895125"},"geometry":{"type":"Point","coordinates":[-100.247815,25.75608]}},{"type":"Feature","properties":{"highway":"traffic_signals","fuente":"osm","osm_id":"node/4587895127"},"geometry":{"type":"Point","coordinates":[-100.242525,25.763527]}},{"type":"Feature","properties":{"highway":"traffic_signals","fuente":"osm","osm_id":"node/4587895128"},"geometry":{"type":"Point","coordinates":[-100.242678,25.763563]}},{"type":"Feature","properties":{"highway":"traffic_signals","fuente":"osm","osm_id":"node/4587895129"},"geometry":{"type":"Point","coordinates":[-100.242003,25.763301]}},{"type":"Feature","properties":{"highway":"traffic_signals","fuente":"osm","osm_id":"node/4587895130"},"geometry":{"type":"Point","coordinates":[-100.240339,25.757368]}},{"type":"Feature","properties":{"highway":"traffic_signals","fuente":"osm","osm_id":"node/4587895131"},"geometry":{"type":"Point","coordinates":[-100.240235,25.75729]}},{"type":"Feature","properties":{"highway":"traffic_signals","fuente":"osm","osm_id":"node/4587895132"},"geometry":{"type":"Point","coordinates":[-100.241875,25.767326]}},{"type":"Feature","properties":{"highway":"traffic_signals","fuente":"osm","osm_id":"node/4587895133"},"geometry":{"type":"Point","coordinates":[-100.241837,25.767416]}},{"type":"Feature","properties":{"highway":"traffic_signals","fuente":"osm","osm_id":"node/4587895134"},"geometry":{"type":"Point","coordinates":[-100.242025,25.767465]}},{"type":"Feature","properties":{"highway":"traffic_signals","fuente":"osm","osm_id":"node/4587895135"},"geometry":{"type":"Point","coordinates":[-100.242073,25.76738]}},{"type":"Feature","properties":{"highway":"traffic_signals","fuente":"osm","osm_id":"node/4587895136"},"geometry":{"type":"Point","coordinates":[-100.249105,25.769835]}},{"type":"Feature","properties":{"highway":"traffic_signals","fuente":"osm","osm_id":"node/4587895137"},"geometry":{"type":"Point","coordinates":[-100.249185,25.769781]}},{"type":"Feature","properties":{"highway":"traffic_signals","fuente":"osm","osm_id":"node/4587895138"},"geometry":{"type":"Point","coordinates":[-100.252308,25.771526]}},{"type":"Feature","properties":{"highway":"traffic_signals","fuente":"osm","osm_id":"node/4587895139"},"geometry":{"type":"Point","coordinates":[-100.252318,25.771429]}},{"type":"Feature","properties":{"highway":"traffic_signals","fuente":"osm","osm_id":"node/4587895140"},"geometry":{"type":"Point","coordinates":[-100.252382,25.771567]}},{"type":"Feature","properties":{"highway":"traffic_signals","fuente":"osm","osm_id":"node/4587895141"},"geometry":{"type":"Point","coordinates":[-100.252397,25.771448]}},{"type":"Feature","properties":{"highway":"traffic_signals","fuente":"osm","osm_id":"node/4587895143"},"geometry":{"type":"Point","coordinates":[-100.260666,25.772326]}},{"type":"Feature","properties":{"highway":"traffic_signals","fuente":"osm","osm_id":"node/4587895145"},"geometry":{"type":"Point","coordinates":[-100.259955,25.773538]}},{"type":"Feature","properties":{"highway":"traffic_signals","fuente":"osm","osm_id":"node/4587895147"},"geometry":{"type":"Point","coordinates":[-100.258089,25.775669]}},{"type":"Feature","properties":{"highway":"traffic_signals","fuente":"osm","osm_id":"node/4587895148"},"geometry":{"type":"Point","coordinates":[-100.258155,25.775725]}},{"type":"Feature","properties":{"highway":"traffic_signals","fuente":"osm","osm_id":"node/4587895149"},"geometry":{"type":"Point","coordinates":[-100.25717,25.776657]}},{"type":"Feature","properties":{"highway":"traffic_signals","fuente":"osm","osm_id":"node/4587895150"},"geometry":{"type":"Point","coordinates":[-100.25718,25.776769]}},{"type":"Feature","properties":{"highway":"traffic_signals","fuente":"osm","osm_id":"node/4588039254"},"geometry":{"type":"Point","coordinates":[-100.316911,25.686187]}},{"type":"Feature","properties":{"highway":"traffic_signals","fuente":"osm","osm_id":"node/4588039255"},"geometry":{"type":"Point","coordinates":[-100.31693,25.686049]}},{"type":"Feature","properties":{"highway":"traffic_signals","fuente":"osm","osm_id":"node/4588039257"},"geometry":{"type":"Point","coordinates":[-100.317838,25.686296]}},{"type":"Feature","properties":{"highway":"traffic_signals","fuente":"osm","osm_id":"node/4588039258"},"geometry":{"type":"Point","coordinates":[-100.317858,25.686145]}},{"type":"Feature","properties":{"highway":"traffic_signals","fuente":"osm","osm_id":"node/4588039259"},"geometry":{"type":"Point","coordinates":[-100.321665,25.686802]}},{"type":"Feature","properties":{"highway":"traffic_signals","fuente":"osm","osm_id":"node/4588039260"},"geometry":{"type":"Point","coordinates":[-100.321673,25.686657]}},{"type":"Feature","properties":{"highway":"traffic_signals","fuente":"osm","osm_id":"node/4588039261"},"geometry":{"type":"Point","coordinates":[-100.322675,25.686914]}},{"type":"Feature","properties":{"highway":"traffic_signals","fuente":"osm","osm_id":"node/4588039262"},"geometry":{"type":"Point","coordinates":[-100.322857,25.68693]}},{"type":"Feature","properties":{"highway":"traffic_signals","fuente":"osm","osm_id":"node/4588039263"},"geometry":{"type":"Point","coordinates":[-100.32282,25.686787]}},{"type":"Feature","properties":{"highway":"traffic_signals","fuente":"osm","osm_id":"node/4588039264"},"geometry":{"type":"Point","coordinates":[-100.322648,25.686768]}},{"type":"Feature","properties":{"highway":"traffic_signals","fuente":"osm","osm_id":"node/4588039281"},"geometry":{"type":"Point","coordinates":[-100.325428,25.687139]}},{"type":"Feature","properties":{"highway":"traffic_signals","fuente":"osm","osm_id":"node/4588039282"},"geometry":{"type":"Point","coordinates":[-100.32545,25.686995]}},{"type":"Feature","properties":{"highway":"traffic_signals","fuente":"osm","osm_id":"node/4588039283"},"geometry":{"type":"Point","coordinates":[-100.32639,25.687223]}},{"type":"Feature","properties":{"highway":"traffic_signals","fuente":"osm","osm_id":"node/4588039284"},"geometry":{"type":"Point","coordinates":[-100.326409,25.687075]}},{"type":"Feature","properties":{"highway":"traffic_signals","fuente":"osm","osm_id":"node/4588039285"},"geometry":{"type":"Point","coordinates":[-100.330354,25.687272]}},{"type":"Feature","properties":{"highway":"traffic_signals","fuente":"osm","osm_id":"node/4588039286"},"geometry":{"type":"Point","coordinates":[-100.330239,25.687307]}},{"type":"Feature","properties":{"highway":"traffic_signals","fuente":"osm","osm_id":"node/4588039287"},"geometry":{"type":"Point","coordinates":[-100.330351,25.687106]}},{"type":"Feature","properties":{"highway":"traffic_signals","fuente":"osm","osm_id":"node/4588039288"},"geometry":{"type":"Point","coordinates":[-100.330241,25.687142]}},{"type":"Feature","properties":{"highway":"traffic_signals","fuente":"osm","osm_id":"node/4588039389"},"geometry":{"type":"Point","coordinates":[-100.327403,25.687309]}},{"type":"Feature","properties":{"highway":"traffic_signals","fuente":"osm","osm_id":"node/4588039390"},"geometry":{"type":"Point","coordinates":[-100.327391,25.68717]}},{"type":"Feature","properties":{"highway":"traffic_signals","fuente":"osm","osm_id":"node/4588039391"},"geometry":{"type":"Point","coordinates":[-100.323041,25.685056]}},{"type":"Feature","properties":{"highway":"traffic_signals","fuente":"osm","osm_id":"node/4588039392"},"geometry":{"type":"Point","coordinates":[-100.323055,25.684923]}},{"type":"Feature","properties":{"highway":"traffic_signals","fuente":"osm","osm_id":"node/4588039393"},"geometry":{"type":"Point","coordinates":[-100.322872,25.684908]}},{"type":"Feature","properties":{"highway":"traffic_signals","fuente":"osm","osm_id":"node/4588039394"},"geometry":{"type":"Point","coordinates":[-100.322856,25.685036]}},{"type":"Feature","properties":{"highway":"traffic_signals","fuente":"osm","osm_id":"node/4588039395"},"geometry":{"type":"Point","coordinates":[-100.318168,25.684558]}},{"type":"Feature","properties":{"highway":"traffic_signals","fuente":"osm","osm_id":"node/4588039396"},"geometry":{"type":"Point","coordinates":[-100.318182,25.684358]}},{"type":"Feature","properties":{"highway":"traffic_signals","fuente":"osm","osm_id":"node/4588039397"},"geometry":{"type":"Point","coordinates":[-100.317197,25.684427]}},{"type":"Feature","properties":{"highway":"traffic_signals","fuente":"osm","osm_id":"node/4588039398"},"geometry":{"type":"Point","coordinates":[-100.317215,25.684308]}},{"type":"Feature","properties":{"highway":"traffic_signals","fuente":"osm","osm_id":"node/4588039401"},"geometry":{"type":"Point","coordinates":[-100.313338,25.684012]}},{"type":"Feature","properties":{"highway":"traffic_signals","fuente":"osm","osm_id":"node/4588039403"},"geometry":{"type":"Point","coordinates":[-100.313357,25.683897]}},{"type":"Feature","properties":{"highway":"traffic_signals","fuente":"osm","osm_id":"node/4588039405"},"geometry":{"type":"Point","coordinates":[-100.297151,25.682123]}},{"type":"Feature","properties":{"highway":"traffic_signals","fuente":"osm","osm_id":"node/4588039407"},"geometry":{"type":"Point","coordinates":[-100.296784,25.683883]}},{"type":"Feature","properties":{"highway":"traffic_signals","fuente":"osm","osm_id":"node/4588039408"},"geometry":{"type":"Point","coordinates":[-100.29693,25.683898]}},{"type":"Feature","properties":{"highway":"traffic_signals","fuente":"osm","osm_id":"node/4588039409"},"geometry":{"type":"Point","coordinates":[-100.296909,25.684048]}},{"type":"Feature","properties":{"highway":"traffic_signals","fuente":"osm","osm_id":"node/4588039411"},"geometry":{"type":"Point","coordinates":[-100.242106,25.734845]}},{"type":"Feature","properties":{"highway":"traffic_signals","fuente":"osm","osm_id":"node/4588039412"},"geometry":{"type":"Point","coordinates":[-100.242224,25.734758]}},{"type":"Feature","properties":{"highway":"traffic_signals","fuente":"osm","osm_id":"node/4588039413"},"geometry":{"type":"Point","coordinates":[-100.230745,25.768688]}},{"type":"Feature","properties":{"highway":"traffic_signals","fuente":"osm","osm_id":"node/4588039414"},"geometry":{"type":"Point","coordinates":[-100.226827,25.777201]}},{"type":"Feature","properties":{"highway":"traffic_signals","fuente":"osm","osm_id":"node/4588039415"},"geometry":{"type":"Point","coordinates":[-100.22678,25.777304]}},{"type":"Feature","properties":{"highway":"traffic_signals","fuente":"osm","osm_id":"node/4588039428"},"geometry":{"type":"Point","coordinates":[-100.224705,25.783737]}},{"type":"Feature","properties":{"highway":"traffic_signals","fuente":"osm","osm_id":"node/4588039429"},"geometry":{"type":"Point","coordinates":[-100.224663,25.783885]}},{"type":"Feature","properties":{"highway":"traffic_signals","fuente":"osm","osm_id":"node/4588039430"},"geometry":{"type":"Point","coordinates":[-100.232823,25.784175]}},{"type":"Feature","properties":{"highway":"traffic_signals","fuente":"osm","osm_id":"node/4588039431"},"geometry":{"type":"Point","coordinates":[-100.232857,25.78405]}},{"type":"Feature","properties":{"highway":"traffic_signals","fuente":"osm","osm_id":"node/4588039435"},"geometry":{"type":"Point","coordinates":[-100.237675,25.784249]}},{"type":"Feature","properties":{"highway":"traffic_signals","fuente":"osm","osm_id":"node/4588039436"},"geometry":{"type":"Point","coordinates":[-100.237838,25.784264]}},{"type":"Feature","properties":{"highway":"traffic_signals","fuente":"osm","osm_id":"node/4588039437"},"geometry":{"type":"Point","coordinates":[-100.237872,25.784137]}},{"type":"Feature","properties":{"highway":"traffic_signals","fuente":"osm","osm_id":"node/4588039438"},"geometry":{"type":"Point","coordinates":[-100.237718,25.784132]}},{"type":"Feature","properties":{"highway":"traffic_signals","fuente":"osm","osm_id":"node/4588039439"},"geometry":{"type":"Point","coordinates":[-100.238331,25.782242]}},{"type":"Feature","properties":{"highway":"traffic_signals","fuente":"osm","osm_id":"node/4588039440"},"geometry":{"type":"Point","coordinates":[-100.238517,25.782281]}},{"type":"Feature","properties":{"highway":"traffic_signals","fuente":"osm","osm_id":"node/4588039441"},"geometry":{"type":"Point","coordinates":[-100.23935,25.779026]}},{"type":"Feature","properties":{"highway":"traffic_signals","fuente":"osm","osm_id":"node/4588039442"},"geometry":{"type":"Point","coordinates":[-100.239158,25.779097]}},{"type":"Feature","properties":{"highway":"traffic_signals","fuente":"osm","osm_id":"node/4588039443"},"geometry":{"type":"Point","coordinates":[-100.239173,25.778993]}},{"type":"Feature","properties":{"highway":"traffic_signals","fuente":"osm","osm_id":"node/4588039444"},"geometry":{"type":"Point","coordinates":[-100.248916,25.78466]}},{"type":"Feature","properties":{"highway":"traffic_signals","fuente":"osm","osm_id":"node/4588039445"},"geometry":{"type":"Point","coordinates":[-100.255175,25.779054]}},{"type":"Feature","properties":{"highway":"traffic_signals","fuente":"osm","osm_id":"node/4588039446"},"geometry":{"type":"Point","coordinates":[-100.255019,25.779043]}},{"type":"Feature","properties":{"highway":"traffic_signals","fuente":"osm","osm_id":"node/4588163231"},"geometry":{"type":"Point","coordinates":[-100.265307,25.770942]}},{"type":"Feature","properties":{"highway":"traffic_signals","fuente":"osm","osm_id":"node/4588163232"},"geometry":{"type":"Point","coordinates":[-100.265192,25.770953]}},{"type":"Feature","properties":{"highway":"traffic_signals","fuente":"osm","osm_id":"node/4588163233"},"geometry":{"type":"Point","coordinates":[-100.265266,25.770432]}},{"type":"Feature","properties":{"highway":"traffic_signals","fuente":"osm","osm_id":"node/4588163234"},"geometry":{"type":"Point","coordinates":[-100.272268,25.770096]}},{"type":"Feature","properties":{"highway":"traffic_signals","fuente":"osm","osm_id":"node/4588163235"},"geometry":{"type":"Point","coordinates":[-100.272632,25.770063]}},{"type":"Feature","properties":{"highway":"traffic_signals","fuente":"osm","osm_id":"node/4588163236"},"geometry":{"type":"Point","coordinates":[-100.272642,25.769697]}},{"type":"Feature","properties":{"highway":"traffic_signals","fuente":"osm","osm_id":"node/4588163237"},"geometry":{"type":"Point","coordinates":[-100.272242,25.769746]}},{"type":"Feature","properties":{"highway":"traffic_signals","fuente":"osm","osm_id":"node/4588163240"},"geometry":{"type":"Point","coordinates":[-100.278817,25.768987]}},{"type":"Feature","properties":{"highway":"traffic_signals","fuente":"osm","osm_id":"node/4588163241"},"geometry":{"type":"Point","coordinates":[-100.278761,25.769243]}},{"type":"Feature","properties":{"highway":"traffic_signals","fuente":"osm","osm_id":"node/4588163245"},"geometry":{"type":"Point","coordinates":[-100.289769,25.767775]}},{"type":"Feature","properties":{"highway":"traffic_signals","fuente":"osm","osm_id":"node/4588163246"},"geometry":{"type":"Point","coordinates":[-100.288759,25.76804]}},{"type":"Feature","properties":{"highway":"traffic_signals","fuente":"osm","osm_id":"node/4588163249"},"geometry":{"type":"Point","coordinates":[-100.28949,25.768034]}},{"type":"Feature","properties":{"highway":"traffic_signals","fuente":"osm","osm_id":"node/4588163259"},"geometry":{"type":"Point","coordinates":[-100.290792,25.767758]}},{"type":"Feature","properties":{"highway":"traffic_signals","fuente":"osm","osm_id":"node/4588163260"},"geometry":{"type":"Point","coordinates":[-100.291238,25.76766]}},{"type":"Feature","properties":{"highway":"traffic_signals","fuente":"osm","osm_id":"node/4588163264"},"geometry":{"type":"Point","coordinates":[-100.293459,25.76728]}},{"type":"Feature","properties":{"highway":"traffic_signals","fuente":"osm","osm_id":"node/4588163265"},"geometry":{"type":"Point","coordinates":[-100.293212,25.767218]}},{"type":"Feature","properties":{"highway":"traffic_signals","fuente":"osm","osm_id":"node/4588163266"},"geometry":{"type":"Point","coordinates":[-100.293705,25.767645]}},{"type":"Feature","properties":{"highway":"traffic_signals","fuente":"osm","osm_id":"node/4588163267"},"geometry":{"type":"Point","coordinates":[-100.293522,25.767499]}},{"type":"Feature","properties":{"highway":"traffic_signals","fuente":"osm","osm_id":"node/4588163268"},"geometry":{"type":"Point","coordinates":[-100.29274,25.767666]}},{"type":"Feature","properties":{"highway":"traffic_signals","fuente":"osm","osm_id":"node/4588163269"},"geometry":{"type":"Point","coordinates":[-100.292701,25.76753]}},{"type":"Feature","properties":{"highway":"traffic_signals","fuente":"osm","osm_id":"node/4588163270"},"geometry":{"type":"Point","coordinates":[-100.293157,25.767835]}},{"type":"Feature","properties":{"highway":"traffic_signals","fuente":"osm","osm_id":"node/4588163271"},"geometry":{"type":"Point","coordinates":[-100.293082,25.767824]}},{"type":"Feature","properties":{"highway":"traffic_signals","fuente":"osm","osm_id":"node/4588163272"},"geometry":{"type":"Point","coordinates":[-100.293028,25.767328]}},{"type":"Feature","properties":{"highway":"traffic_signals","fuente":"osm","osm_id":"node/4588163275"},"geometry":{"type":"Point","coordinates":[-100.292826,25.767581]}},{"type":"Feature","properties":{"highway":"traffic_signals","fuente":"osm","osm_id":"node/4589428891"},"geometry":{"type":"Point","coordinates":[-100.298056,25.68234]}},{"type":"Feature","properties":{"highway":"traffic_signals","fuente":"osm","osm_id":"node/4589428892"},"geometry":{"type":"Point","coordinates":[-100.298075,25.682213]}},{"type":"Feature","properties":{"highway":"traffic_signals","fuente":"osm","osm_id":"node/4589428905"},"geometry":{"type":"Point","coordinates":[-100.301823,25.682748]}},{"type":"Feature","properties":{"highway":"traffic_signals","fuente":"osm","osm_id":"node/4589428906"},"geometry":{"type":"Point","coordinates":[-100.301838,25.682632]}},{"type":"Feature","properties":{"highway":"traffic_signals","fuente":"osm","osm_id":"node/4589428929"},"geometry":{"type":"Point","coordinates":[-100.303739,25.682948]}},{"type":"Feature","properties":{"highway":"traffic_signals","fuente":"osm","osm_id":"node/4589428930"},"geometry":{"type":"Point","coordinates":[-100.303758,25.682827]}},{"type":"Feature","properties":{"highway":"traffic_signals","fuente":"osm","osm_id":"node/4589593219"},"geometry":{"type":"Point","coordinates":[-100.307539,25.683366]}},{"type":"Feature","properties":{"highway":"traffic_signals","fuente":"osm","osm_id":"node/4589593220"},"geometry":{"type":"Point","coordinates":[-100.307552,25.683251]}},{"type":"Feature","properties":{"highway":"traffic_signals","fuente":"osm","osm_id":"node/4589593239"},"geometry":{"type":"Point","coordinates":[-100.308488,25.683474]}},{"type":"Feature","properties":{"highway":"traffic_signals","fuente":"osm","osm_id":"node/4589593240"},"geometry":{"type":"Point","coordinates":[-100.308505,25.683354]}},{"type":"Feature","properties":{"highway":"traffic_signals","fuente":"osm","osm_id":"node/4589593285"},"geometry":{"type":"Point","coordinates":[-100.31038,25.683685]}},{"type":"Feature","properties":{"highway":"traffic_signals","fuente":"osm","osm_id":"node/4589593286"},"geometry":{"type":"Point","coordinates":[-100.310393,25.683566]}},{"type":"Feature","properties":{"highway":"traffic_signals","fuente":"osm","osm_id":"node/4589593409"},"geometry":{"type":"Point","coordinates":[-100.31137,25.683788]}},{"type":"Feature","properties":{"highway":"traffic_signals","fuente":"osm","osm_id":"node/4589593410"},"geometry":{"type":"Point","coordinates":[-100.311386,25.683677]}},{"type":"Feature","properties":{"highway":"traffic_signals","fuente":"osm","osm_id":"node/4589593422"},"geometry":{"type":"Point","coordinates":[-100.312297,25.683886]}},{"type":"Feature","properties":{"highway":"traffic_signals","fuente":"osm","osm_id":"node/4589593423"},"geometry":{"type":"Point","coordinates":[-100.312313,25.68377]}},{"type":"Feature","properties":{"highway":"traffic_signals","fuente":"osm","osm_id":"node/4589593623"},"geometry":{"type":"Point","coordinates":[-100.297256,25.681307]}},{"type":"Feature","properties":{"highway":"traffic_signals","fuente":"osm","osm_id":"node/4589593624"},"geometry":{"type":"Point","coordinates":[-100.297124,25.681293]}},{"type":"Feature","properties":{"highway":"traffic_signals","fuente":"osm","osm_id":"node/4589691650"},"geometry":{"type":"Point","coordinates":[-100.301953,25.681818]}},{"type":"Feature","properties":{"highway":"traffic_signals","fuente":"osm","osm_id":"node/4589880507"},"geometry":{"type":"Point","coordinates":[-100.250415,25.71613]}},{"type":"Feature","properties":{"highway":"traffic_signals","fuente":"osm","osm_id":"node/4589880508"},"geometry":{"type":"Point","coordinates":[-100.250285,25.716182]}},{"type":"Feature","properties":{"highway":"traffic_signals","fuente":"osm","osm_id":"node/4589880509"},"geometry":{"type":"Point","coordinates":[-100.250271,25.715855]}},{"type":"Feature","properties":{"highway":"traffic_signals","fuente":"osm","osm_id":"node/4589880510"},"geometry":{"type":"Point","coordinates":[-100.250001,25.715988]}},{"type":"Feature","properties":{"highway":"traffic_signals","fuente":"osm","osm_id":"node/4589880512"},"geometry":{"type":"Point","coordinates":[-100.250131,25.716148]}},{"type":"Feature","properties":{"highway":"traffic_signals","fuente":"osm","osm_id":"node/4589880513"},"geometry":{"type":"Point","coordinates":[-100.248279,25.713871]}},{"type":"Feature","properties":{"highway":"traffic_signals","fuente":"osm","osm_id":"node/4589880515"},"geometry":{"type":"Point","coordinates":[-100.246886,25.707667]}},{"type":"Feature","properties":{"highway":"traffic_signals","fuente":"osm","osm_id":"node/4589880589"},"geometry":{"type":"Point","coordinates":[-100.264146,25.710629]}},{"type":"Feature","properties":{"highway":"traffic_signals","fuente":"osm","osm_id":"node/4589880590"},"geometry":{"type":"Point","coordinates":[-100.2643,25.710531]}},{"type":"Feature","properties":{"highway":"traffic_signals","fuente":"osm","osm_id":"node/4589880591"},"geometry":{"type":"Point","coordinates":[-100.2641,25.710305]}},{"type":"Feature","properties":{"highway":"traffic_signals","fuente":"osm","osm_id":"node/4589880592"},"geometry":{"type":"Point","coordinates":[-100.26395,25.710401]}},{"type":"Feature","properties":{"highway":"traffic_signals","fuente":"osm","osm_id":"node/4589880683"},"geometry":{"type":"Point","coordinates":[-100.286793,25.735283]}},{"type":"Feature","properties":{"highway":"traffic_signals","fuente":"osm","osm_id":"node/4589880684"},"geometry":{"type":"Point","coordinates":[-100.286727,25.73552]}},{"type":"Feature","properties":{"highway":"traffic_signals","fuente":"osm","osm_id":"node/4589880685"},"geometry":{"type":"Point","coordinates":[-100.286902,25.735707]}},{"type":"Feature","properties":{"highway":"traffic_signals","fuente":"osm","osm_id":"node/4589880686"},"geometry":{"type":"Point","coordinates":[-100.286952,25.735455]}},{"type":"Feature","properties":{"highway":"traffic_signals","fuente":"osm","osm_id":"node/4590012840"},"geometry":{"type":"Point","coordinates":[-100.277659,25.725409]}},{"type":"Feature","properties":{"highway":"traffic_signals","fuente":"osm","osm_id":"node/4590012841"},"geometry":{"type":"Point","coordinates":[-100.277756,25.72529]}},{"type":"Feature","properties":{"highway":"traffic_signals","fuente":"osm","osm_id":"node/4590012842"},"geometry":{"type":"Point","coordinates":[-100.277846,25.725523]}},{"type":"Feature","properties":{"highway":"traffic_signals","fuente":"osm","osm_id":"node/4590012843"},"geometry":{"type":"Point","coordinates":[-100.277925,25.725427]}},{"type":"Feature","properties":{"highway":"traffic_signals","fuente":"osm","osm_id":"node/4590012865"},"geometry":{"type":"Point","coordinates":[-100.285129,25.74257]}},{"type":"Feature","properties":{"highway":"traffic_signals","fuente":"osm","osm_id":"node/4590012866"},"geometry":{"type":"Point","coordinates":[-100.285225,25.742631]}},{"type":"Feature","properties":{"highway":"traffic_signals","fuente":"osm","osm_id":"node/4590012868"},"geometry":{"type":"Point","coordinates":[-100.285101,25.74281]}},{"type":"Feature","properties":{"highway":"traffic_signals","fuente":"osm","osm_id":"node/4591535646"},"geometry":{"type":"Point","coordinates":[-100.225415,25.702573]}},{"type":"Feature","properties":{"highway":"traffic_signals","fuente":"osm","osm_id":"node/4591535650"},"geometry":{"type":"Point","coordinates":[-100.224538,25.704116]}},{"type":"Feature","properties":{"highway":"traffic_signals","fuente":"osm","osm_id":"node/4591535651"},"geometry":{"type":"Point","coordinates":[-100.230481,25.706776]}},{"type":"Feature","properties":{"highway":"traffic_signals","fuente":"osm","osm_id":"node/4591535652"},"geometry":{"type":"Point","coordinates":[-100.214082,25.724124]}},{"type":"Feature","properties":{"highway":"traffic_signals","fuente":"osm","osm_id":"node/4591535659"},"geometry":{"type":"Point","coordinates":[-100.217804,25.724641]}},{"type":"Feature","properties":{"highway":"traffic_signals","fuente":"osm","osm_id":"node/4591535660"},"geometry":{"type":"Point","coordinates":[-100.21777,25.724538]}},{"type":"Feature","properties":{"highway":"traffic_signals","fuente":"osm","osm_id":"node/4591535661"},"geometry":{"type":"Point","coordinates":[-100.217718,25.724439]}},{"type":"Feature","properties":{"highway":"traffic_signals","fuente":"osm","osm_id":"node/4591623856"},"geometry":{"type":"Point","coordinates":[-100.222656,25.723952]}},{"type":"Feature","properties":{"highway":"traffic_signals","fuente":"osm","osm_id":"node/4591623857"},"geometry":{"type":"Point","coordinates":[-100.222614,25.723852]}},{"type":"Feature","properties":{"highway":"traffic_signals","fuente":"osm","osm_id":"node/4591623858"},"geometry":{"type":"Point","coordinates":[-100.222922,25.723907]}},{"type":"Feature","properties":{"highway":"traffic_signals","fuente":"osm","osm_id":"node/4591623859"},"geometry":{"type":"Point","coordinates":[-100.222879,25.723808]}},{"type":"Feature","properties":{"highway":"traffic_signals","fuente":"osm","osm_id":"node/4591623860"},"geometry":{"type":"Point","coordinates":[-100.225513,25.723474]}},{"type":"Feature","properties":{"highway":"traffic_signals","fuente":"osm","osm_id":"node/4591623861"},"geometry":{"type":"Point","coordinates":[-100.225724,25.723329]}},{"type":"Feature","properties":{"highway":"traffic_signals","fuente":"osm","osm_id":"node/4591623862"},"geometry":{"type":"Point","coordinates":[-100.22572,25.723582]}},{"type":"Feature","properties":{"highway":"traffic_signals","fuente":"osm","osm_id":"node/4591623869"},"geometry":{"type":"Point","coordinates":[-100.232198,25.720817]}},{"type":"Feature","properties":{"highway":"traffic_signals","fuente":"osm","osm_id":"node/4591623870"},"geometry":{"type":"Point","coordinates":[-100.232144,25.720711]}},{"type":"Feature","properties":{"highway":"traffic_signals","fuente":"osm","osm_id":"node/4591623871"},"geometry":{"type":"Point","coordinates":[-100.23229,25.720782]}},{"type":"Feature","properties":{"highway":"traffic_signals","fuente":"osm","osm_id":"node/4591623872"},"geometry":{"type":"Point","coordinates":[-100.232235,25.720671]}},{"type":"Feature","properties":{"highway":"traffic_signals","fuente":"osm","osm_id":"node/4591623873"},"geometry":{"type":"Point","coordinates":[-100.232201,25.720612]}},{"type":"Feature","properties":{"highway":"traffic_signals","fuente":"osm","osm_id":"node/4591623874"},"geometry":{"type":"Point","coordinates":[-100.232245,25.720906]}},{"type":"Feature","properties":{"highway":"traffic_signals","fuente":"osm","osm_id":"node/4591623875"},"geometry":{"type":"Point","coordinates":[-100.232331,25.720869]}},{"type":"Feature","properties":{"highway":"traffic_signals","fuente":"osm","osm_id":"node/4591623876"},"geometry":{"type":"Point","coordinates":[-100.235923,25.719452]}},{"type":"Feature","properties":{"highway":"traffic_signals","fuente":"osm","osm_id":"node/4591623877"},"geometry":{"type":"Point","coordinates":[-100.236216,25.719324]}},{"type":"Feature","properties":{"highway":"traffic_signals","fuente":"osm","osm_id":"node/4591623878"},"geometry":{"type":"Point","coordinates":[-100.236142,25.719183]}},{"type":"Feature","properties":{"highway":"traffic_signals","fuente":"osm","osm_id":"node/4591623879"},"geometry":{"type":"Point","coordinates":[-100.236016,25.719113]}},{"type":"Feature","properties":{"highway":"traffic_signals","fuente":"osm","osm_id":"node/4591623880"},"geometry":{"type":"Point","coordinates":[-100.235903,25.719548]}},{"type":"Feature","properties":{"highway":"traffic_signals","fuente":"osm","osm_id":"node/4591623881"},"geometry":{"type":"Point","coordinates":[-100.2361,25.719602]}},{"type":"Feature","properties":{"highway":"traffic_signals","fuente":"osm","osm_id":"node/4591623884"},"geometry":{"type":"Point","coordinates":[-100.23937,25.719349]}},{"type":"Feature","properties":{"highway":"traffic_signals","fuente":"osm","osm_id":"node/4591623885"},"geometry":{"type":"Point","coordinates":[-100.239368,25.719279]}},{"type":"Feature","properties":{"highway":"traffic_signals","fuente":"osm","osm_id":"node/4591623886"},"geometry":{"type":"Point","coordinates":[-100.239202,25.719427]}},{"type":"Feature","properties":{"highway":"traffic_signals","fuente":"osm","osm_id":"node/4591623887"},"geometry":{"type":"Point","coordinates":[-100.239393,25.719543]}},{"type":"Feature","properties":{"highway":"traffic_signals","fuente":"osm","osm_id":"node/4591623888"},"geometry":{"type":"Point","coordinates":[-100.239196,25.719505]}},{"type":"Feature","properties":{"highway":"traffic_signals","fuente":"osm","osm_id":"node/4591623992"},"geometry":{"type":"Point","coordinates":[-100.242727,25.718766]}},{"type":"Feature","properties":{"highway":"traffic_signals","fuente":"osm","osm_id":"node/4591623993"},"geometry":{"type":"Point","coordinates":[-100.242952,25.718732]}},{"type":"Feature","properties":{"highway":"traffic_signals","fuente":"osm","osm_id":"node/4591623994"},"geometry":{"type":"Point","coordinates":[-100.242997,25.718821]}},{"type":"Feature","properties":{"highway":"traffic_signals","fuente":"osm","osm_id":"node/4591623995"},"geometry":{"type":"Point","coordinates":[-100.242791,25.719005]}},{"type":"Feature","properties":{"highway":"traffic_signals","fuente":"osm","osm_id":"node/4593113914"},"geometry":{"type":"Point","coordinates":[-100.265976,25.719116]}},{"type":"Feature","properties":{"highway":"traffic_signals","fuente":"osm","osm_id":"node/4593113915"},"geometry":{"type":"Point","coordinates":[-100.266367,25.718698]}},{"type":"Feature","properties":{"highway":"traffic_signals","fuente":"osm","osm_id":"node/4593113916"},"geometry":{"type":"Point","coordinates":[-100.266214,25.718751]}},{"type":"Feature","properties":{"highway":"traffic_signals","fuente":"osm","osm_id":"node/4593113917"},"geometry":{"type":"Point","coordinates":[-100.266071,25.719095]}},{"type":"Feature","properties":{"highway":"traffic_signals","fuente":"osm","osm_id":"node/4593113942"},"geometry":{"type":"Point","coordinates":[-100.277325,25.711356]}},{"type":"Feature","properties":{"highway":"traffic_signals","fuente":"osm","osm_id":"node/4593113950"},"geometry":{"type":"Point","coordinates":[-100.28157,25.708089]}},{"type":"Feature","properties":{"highway":"traffic_signals","fuente":"osm","osm_id":"node/4593113951"},"geometry":{"type":"Point","coordinates":[-100.28191,25.708082]}},{"type":"Feature","properties":{"highway":"traffic_signals","fuente":"osm","osm_id":"node/4593113959"},"geometry":{"type":"Point","coordinates":[-100.293292,25.699885]}},{"type":"Feature","properties":{"highway":"traffic_signals","fuente":"osm","osm_id":"node/4593113960"},"geometry":{"type":"Point","coordinates":[-100.293508,25.699891]}},{"type":"Feature","properties":{"highway":"traffic_signals","fuente":"osm","osm_id":"node/4593113980"},"geometry":{"type":"Point","coordinates":[-100.29214,25.700854]}},{"type":"Feature","properties":{"highway":"traffic_signals","fuente":"osm","osm_id":"node/4593113981"},"geometry":{"type":"Point","coordinates":[-100.292142,25.700707]}},{"type":"Feature","properties":{"highway":"traffic_signals","fuente":"osm","osm_id":"node/4593155816"},"geometry":{"type":"Point","coordinates":[-100.295326,25.694671]}},{"type":"Feature","properties":{"highway":"traffic_signals","fuente":"osm","osm_id":"node/4593155817"},"geometry":{"type":"Point","coordinates":[-100.29521,25.694692]}},{"type":"Feature","properties":{"highway":"traffic_signals","fuente":"osm","osm_id":"node/4593220820"},"geometry":{"type":"Point","coordinates":[-100.295882,25.691218]}},{"type":"Feature","properties":{"highway":"traffic_signals","fuente":"osm","osm_id":"node/4593220821"},"geometry":{"type":"Point","coordinates":[-100.295906,25.691051]}},{"type":"Feature","properties":{"highway":"traffic_signals","fuente":"osm","osm_id":"node/4593220822"},"geometry":{"type":"Point","coordinates":[-100.295734,25.690951]}},{"type":"Feature","properties":{"highway":"traffic_signals","fuente":"osm","osm_id":"node/4593220823"},"geometry":{"type":"Point","coordinates":[-100.295758,25.690787]}},{"type":"Feature","properties":{"highway":"traffic_signals","fuente":"osm","osm_id":"node/4593220824"},"geometry":{"type":"Point","coordinates":[-100.296301,25.687376]}},{"type":"Feature","properties":{"highway":"traffic_signals","fuente":"osm","osm_id":"node/4593220825"},"geometry":{"type":"Point","coordinates":[-100.296414,25.687389]}},{"type":"Feature","properties":{"highway":"traffic_signals","fuente":"osm","osm_id":"node/4593220854"},"geometry":{"type":"Point","coordinates":[-100.29654,25.686517]}},{"type":"Feature","properties":{"highway":"traffic_signals","fuente":"osm","osm_id":"node/4593220855"},"geometry":{"type":"Point","coordinates":[-100.29642,25.686501]}},{"type":"Feature","properties":{"highway":"traffic_signals","fuente":"osm","osm_id":"node/4593347806"},"geometry":{"type":"Point","coordinates":[-100.297587,25.694312]}},{"type":"Feature","properties":{"highway":"traffic_signals","fuente":"osm","osm_id":"node/4593347808"},"geometry":{"type":"Point","coordinates":[-100.297613,25.694157]}},{"type":"Feature","properties":{"highway":"traffic_signals","fuente":"osm","osm_id":"node/4593347809"},"geometry":{"type":"Point","coordinates":[-100.297687,25.694327]}},{"type":"Feature","properties":{"highway":"traffic_signals","fuente":"osm","osm_id":"node/4593347814"},"geometry":{"type":"Point","coordinates":[-100.309951,25.702187]}},{"type":"Feature","properties":{"highway":"traffic_signals","fuente":"osm","osm_id":"node/4600619672"},"geometry":{"type":"Point","coordinates":[-100.214834,25.703199]}},{"type":"Feature","properties":{"highway":"traffic_signals","fuente":"osm","osm_id":"node/4600619673"},"geometry":{"type":"Point","coordinates":[-100.214807,25.702958]}},{"type":"Feature","properties":{"highway":"traffic_signals","fuente":"osm","osm_id":"node/4600619674"},"geometry":{"type":"Point","coordinates":[-100.215179,25.702996]}},{"type":"Feature","properties":{"highway":"traffic_signals","fuente":"osm","osm_id":"node/4600619675"},"geometry":{"type":"Point","coordinates":[-100.214821,25.703127]}},{"type":"Feature","properties":{"highway":"traffic_signals","fuente":"osm","osm_id":"node/4600619676"},"geometry":{"type":"Point","coordinates":[-100.216928,25.703113]}},{"type":"Feature","properties":{"highway":"traffic_signals","fuente":"osm","osm_id":"node/4600619677"},"geometry":{"type":"Point","coordinates":[-100.21693,25.702991]}},{"type":"Feature","properties":{"highway":"traffic_signals","fuente":"osm","osm_id":"node/4600619678"},"geometry":{"type":"Point","coordinates":[-100.240176,25.716167]}},{"type":"Feature","properties":{"highway":"traffic_signals","fuente":"osm","osm_id":"node/4600619679"},"geometry":{"type":"Point","coordinates":[-100.240273,25.716074]}},{"type":"Feature","properties":{"highway":"traffic_signals","fuente":"osm","osm_id":"node/4600619680"},"geometry":{"type":"Point","coordinates":[-100.207924,25.736527]}},{"type":"Feature","properties":{"highway":"traffic_signals","fuente":"osm","osm_id":"node/4600619681"},"geometry":{"type":"Point","coordinates":[-100.207719,25.736677]}},{"type":"Feature","properties":{"highway":"traffic_signals","fuente":"osm","osm_id":"node/4600619682"},"geometry":{"type":"Point","coordinates":[-100.207421,25.736462]}},{"type":"Feature","properties":{"highway":"traffic_signals","fuente":"osm","osm_id":"node/4600619683"},"geometry":{"type":"Point","coordinates":[-100.207562,25.736311]}},{"type":"Feature","properties":{"highway":"traffic_signals","fuente":"osm","osm_id":"node/4600619684"},"geometry":{"type":"Point","coordinates":[-100.20567,25.722626]}},{"type":"Feature","properties":{"highway":"traffic_signals","fuente":"osm","osm_id":"node/4600619685"},"geometry":{"type":"Point","coordinates":[-100.205213,25.722609]}},{"type":"Feature","properties":{"highway":"traffic_signals","fuente":"osm","osm_id":"node/4600619686"},"geometry":{"type":"Point","coordinates":[-100.204961,25.722522]}},{"type":"Feature","properties":{"highway":"traffic_signals","fuente":"osm","osm_id":"node/4600619687"},"geometry":{"type":"Point","coordinates":[-100.191402,25.767131]}},{"type":"Feature","properties":{"highway":"traffic_signals","fuente":"osm","osm_id":"node/4600619688"},"geometry":{"type":"Point","coordinates":[-100.191123,25.76686]}},{"type":"Feature","properties":{"highway":"traffic_signals","fuente":"osm","osm_id":"node/4600619789"},"geometry":{"type":"Point","coordinates":[-100.191266,25.766751]}},{"type":"Feature","properties":{"highway":"traffic_signals","fuente":"osm","osm_id":"node/4600775976"},"geometry":{"type":"Point","coordinates":[-100.191583,25.766984]}},{"type":"Feature","properties":{"highway":"traffic_signals","fuente":"osm","osm_id":"node/4600775977"},"geometry":{"type":"Point","coordinates":[-100.198369,25.767604]}},{"type":"Feature","properties":{"highway":"traffic_signals","fuente":"osm","osm_id":"node/4600775978"},"geometry":{"type":"Point","coordinates":[-100.198639,25.767473]}},{"type":"Feature","properties":{"highway":"traffic_signals","fuente":"osm","osm_id":"node/4600775979"},"geometry":{"type":"Point","coordinates":[-100.198507,25.768006]}},{"type":"Feature","properties":{"highway":"traffic_signals","fuente":"osm","osm_id":"node/4600775980"},"geometry":{"type":"Point","coordinates":[-100.198757,25.767892]}},{"type":"Feature","properties":{"highway":"traffic_signals","fuente":"osm","osm_id":"node/4602476232"},"geometry":{"type":"Point","coordinates":[-100.174352,25.736291]}},{"type":"Feature","properties":{"highway":"traffic_signals","fuente":"osm","osm_id":"node/4602476233"},"geometry":{"type":"Point","coordinates":[-100.174168,25.736382]}},{"type":"Feature","properties":{"highway":"traffic_signals","fuente":"osm","osm_id":"node/4602743488"},"geometry":{"type":"Point","coordinates":[-100.166695,25.705576]}},{"type":"Feature","properties":{"highway":"traffic_signals","fuente":"osm","osm_id":"node/4602750389"},"geometry":{"type":"Point","coordinates":[-100.166743,25.705435]}},{"type":"Feature","properties":{"highway":"traffic_signals","fuente":"osm","osm_id":"node/4604263228"},"geometry":{"type":"Point","coordinates":[-100.259139,25.751517]}},{"type":"Feature","properties":{"highway":"traffic_signals","fuente":"osm","osm_id":"node/4604263229"},"geometry":{"type":"Point","coordinates":[-100.265128,25.752507]}},{"type":"Feature","properties":{"highway":"traffic_signals","fuente":"osm","osm_id":"node/4604263230"},"geometry":{"type":"Point","coordinates":[-100.264716,25.752439]}},{"type":"Feature","properties":{"highway":"traffic_signals","fuente":"osm","osm_id":"node/4604263232"},"geometry":{"type":"Point","coordinates":[-100.267022,25.751222]}},{"type":"Feature","properties":{"highway":"traffic_signals","fuente":"osm","osm_id":"node/4604263233"},"geometry":{"type":"Point","coordinates":[-100.266991,25.75094]}},{"type":"Feature","properties":{"highway":"traffic_signals","fuente":"osm","osm_id":"node/4604263234"},"geometry":{"type":"Point","coordinates":[-100.269271,25.750975]}},{"type":"Feature","properties":{"highway":"traffic_signals","fuente":"osm","osm_id":"node/4604263235"},"geometry":{"type":"Point","coordinates":[-100.269429,25.751028]}},{"type":"Feature","properties":{"highway":"traffic_signals","fuente":"osm","osm_id":"node/4604263236"},"geometry":{"type":"Point","coordinates":[-100.269436,25.750634]}},{"type":"Feature","properties":{"highway":"traffic_signals","fuente":"osm","osm_id":"node/4604263237"},"geometry":{"type":"Point","coordinates":[-100.269251,25.750619]}},{"type":"Feature","properties":{"highway":"traffic_signals","fuente":"osm","osm_id":"node/4604263258"},"geometry":{"type":"Point","coordinates":[-100.266934,25.752794]}},{"type":"Feature","properties":{"highway":"traffic_signals","fuente":"osm","osm_id":"node/4604263709"},"geometry":{"type":"Point","coordinates":[-100.278362,25.750075]}},{"type":"Feature","properties":{"highway":"traffic_signals","fuente":"osm","osm_id":"node/4604263710"},"geometry":{"type":"Point","coordinates":[-100.278117,25.750309]}},{"type":"Feature","properties":{"highway":"traffic_signals","fuente":"osm","osm_id":"node/4604263711"},"geometry":{"type":"Point","coordinates":[-100.278253,25.750415]}},{"type":"Feature","properties":{"highway":"traffic_signals","fuente":"osm","osm_id":"node/4604263712"},"geometry":{"type":"Point","coordinates":[-100.277473,25.754476]}},{"type":"Feature","properties":{"highway":"traffic_signals","fuente":"osm","osm_id":"node/4604263713"},"geometry":{"type":"Point","coordinates":[-100.277085,25.754416]}},{"type":"Feature","properties":{"highway":"traffic_signals","fuente":"osm","osm_id":"node/4621152232"},"geometry":{"type":"Point","coordinates":[-100.245992,25.731661]}},{"type":"Feature","properties":{"highway":"traffic_signals","fuente":"osm","osm_id":"node/4621152234"},"geometry":{"type":"Point","coordinates":[-100.246015,25.73137]}},{"type":"Feature","properties":{"highway":"traffic_signals","fuente":"osm","osm_id":"node/4621152235"},"geometry":{"type":"Point","coordinates":[-100.246178,25.731291]}},{"type":"Feature","properties":{"highway":"traffic_signals","fuente":"osm","osm_id":"node/4632208763"},"geometry":{"type":"Point","coordinates":[-100.25782,25.663225]}},{"type":"Feature","properties":{"highway":"traffic_signals","fuente":"osm","osm_id":"node/4632442111"},"geometry":{"type":"Point","coordinates":[-100.295545,25.767198]}},{"type":"Feature","properties":{"highway":"traffic_signals","fuente":"osm","osm_id":"node/4672458286"},"geometry":{"type":"Point","coordinates":[-100.283566,25.785839]}},{"type":"Feature","properties":{"highway":"traffic_signals","fuente":"osm","osm_id":"node/4672458287"},"geometry":{"type":"Point","coordinates":[-100.283946,25.785932]}},{"type":"Feature","properties":{"highway":"traffic_signals","fuente":"osm","osm_id":"node/4675222697"},"geometry":{"type":"Point","coordinates":[-100.283809,25.785469]}},{"type":"Feature","properties":{"highway":"traffic_signals","fuente":"osm","osm_id":"node/4675222699"},"geometry":{"type":"Point","coordinates":[-100.286309,25.780784]}},{"type":"Feature","properties":{"highway":"traffic_signals","fuente":"osm","osm_id":"node/4675222700"},"geometry":{"type":"Point","coordinates":[-100.285989,25.780677]}},{"type":"Feature","properties":{"highway":"traffic_signals","fuente":"osm","osm_id":"node/4675222701"},"geometry":{"type":"Point","coordinates":[-100.285898,25.780782]}},{"type":"Feature","properties":{"highway":"traffic_signals","fuente":"osm","osm_id":"node/4675222708"},"geometry":{"type":"Point","coordinates":[-100.292066,25.781663]}},{"type":"Feature","properties":{"highway":"traffic_signals","fuente":"osm","osm_id":"node/4675222709"},"geometry":{"type":"Point","coordinates":[-100.292304,25.781744]}},{"type":"Feature","properties":{"highway":"traffic_signals","fuente":"osm","osm_id":"node/4675222710"},"geometry":{"type":"Point","coordinates":[-100.292384,25.781594]}},{"type":"Feature","properties":{"highway":"traffic_signals","fuente":"osm","osm_id":"node/4675222711"},"geometry":{"type":"Point","coordinates":[-100.292129,25.781494]}},{"type":"Feature","properties":{"highway":"traffic_signals","fuente":"osm","osm_id":"node/4675295439"},"geometry":{"type":"Point","coordinates":[-100.292565,25.772254]}},{"type":"Feature","properties":{"highway":"traffic_signals","fuente":"osm","osm_id":"node/4678821009"},"geometry":{"type":"Point","coordinates":[-100.257771,25.703352]}},{"type":"Feature","properties":{"highway":"traffic_signals","fuente":"osm","osm_id":"node/4678821010"},"geometry":{"type":"Point","coordinates":[-100.257682,25.703167]}},{"type":"Feature","properties":{"highway":"traffic_signals","fuente":"osm","osm_id":"node/4678821011"},"geometry":{"type":"Point","coordinates":[-100.257428,25.703305]}},{"type":"Feature","properties":{"highway":"traffic_signals","fuente":"osm","osm_id":"node/4678821012"},"geometry":{"type":"Point","coordinates":[-100.257332,25.703127]}},{"type":"Feature","properties":{"highway":"traffic_signals","fuente":"osm","osm_id":"node/4678821013"},"geometry":{"type":"Point","coordinates":[-100.261848,25.70336]}},{"type":"Feature","properties":{"highway":"traffic_signals","fuente":"osm","osm_id":"node/4678821014"},"geometry":{"type":"Point","coordinates":[-100.261754,25.703094]}},{"type":"Feature","properties":{"highway":"traffic_signals","fuente":"osm","osm_id":"node/4678821015"},"geometry":{"type":"Point","coordinates":[-100.26199,25.703196]}},{"type":"Feature","properties":{"highway":"traffic_signals","fuente":"osm","osm_id":"node/4685638148"},"geometry":{"type":"Point","coordinates":[-100.350502,25.714675]}},{"type":"Feature","properties":{"highway":"traffic_signals","fuente":"osm","osm_id":"node/4685638149"},"geometry":{"type":"Point","coordinates":[-100.349825,25.714393]}},{"type":"Feature","properties":{"highway":"traffic_signals","fuente":"osm","osm_id":"node/4685638150"},"geometry":{"type":"Point","coordinates":[-100.350369,25.714802]}},{"type":"Feature","properties":{"highway":"traffic_signals","fuente":"osm","osm_id":"node/4685638151"},"geometry":{"type":"Point","coordinates":[-100.349908,25.71427]}},{"type":"Feature","properties":{"highway":"traffic_signals","fuente":"osm","osm_id":"node/4685638367"},"geometry":{"type":"Point","coordinates":[-100.35397,25.717155]}},{"type":"Feature","properties":{"highway":"traffic_signals","fuente":"osm","osm_id":"node/4685638372"},"geometry":{"type":"Point","coordinates":[-100.354206,25.717054]}},{"type":"Feature","properties":{"highway":"traffic_signals","fuente":"osm","osm_id":"node/4695820689"},"geometry":{"type":"Point","coordinates":[-100.273228,25.626676]}},{"type":"Feature","properties":{"highway":"traffic_signals","fuente":"osm","osm_id":"node/4695820690"},"geometry":{"type":"Point","coordinates":[-100.273144,25.626697]}},{"type":"Feature","properties":{"highway":"traffic_signals","fuente":"osm","osm_id":"node/4701855989"},"geometry":{"type":"Point","coordinates":[-100.291702,25.677188]}},{"type":"Feature","properties":{"highway":"traffic_signals","fuente":"osm","osm_id":"node/4707428095"},"geometry":{"type":"Point","coordinates":[-100.276294,25.802945]}},{"type":"Feature","properties":{"highway":"traffic_signals","fuente":"osm","osm_id":"node/4710227571"},"geometry":{"type":"Point","coordinates":[-100.326843,25.706325]}},{"type":"Feature","properties":{"highway":"traffic_signals","fuente":"osm","osm_id":"node/4710227572"},"geometry":{"type":"Point","coordinates":[-100.327023,25.706302]}},{"type":"Feature","properties":{"highway":"traffic_signals","fuente":"osm","osm_id":"node/4710227582"},"geometry":{"type":"Point","coordinates":[-100.327138,25.707756]}},{"type":"Feature","properties":{"highway":"traffic_signals","fuente":"osm","osm_id":"node/4710227583"},"geometry":{"type":"Point","coordinates":[-100.327339,25.707779]}},{"type":"Feature","properties":{"highway":"traffic_signals","fuente":"osm","osm_id":"node/4710227584"},"geometry":{"type":"Point","coordinates":[-100.327317,25.708522]}},{"type":"Feature","properties":{"highway":"traffic_signals","fuente":"osm","osm_id":"node/4710227585"},"geometry":{"type":"Point","coordinates":[-100.327516,25.708543]}},{"type":"Feature","properties":{"highway":"traffic_signals","fuente":"osm","osm_id":"node/4710229204"},"geometry":{"type":"Point","coordinates":[-100.328114,25.712012]}},{"type":"Feature","properties":{"highway":"traffic_signals","fuente":"osm","osm_id":"node/4710229205"},"geometry":{"type":"Point","coordinates":[-100.328306,25.711987]}},{"type":"Feature","properties":{"highway":"traffic_signals","fuente":"osm","osm_id":"node/4710229206"},"geometry":{"type":"Point","coordinates":[-100.328278,25.712726]}},{"type":"Feature","properties":{"highway":"traffic_signals","fuente":"osm","osm_id":"node/4710229207"},"geometry":{"type":"Point","coordinates":[-100.328458,25.712692]}},{"type":"Feature","properties":{"highway":"traffic_signals","fuente":"osm","osm_id":"node/4710229208"},"geometry":{"type":"Point","coordinates":[-100.329051,25.716288]}},{"type":"Feature","properties":{"highway":"traffic_signals","fuente":"osm","osm_id":"node/4711829029"},"geometry":{"type":"Point","coordinates":[-100.329211,25.71704]}},{"type":"Feature","properties":{"highway":"traffic_signals","fuente":"osm","osm_id":"node/4711829030"},"geometry":{"type":"Point","coordinates":[-100.329409,25.717051]}},{"type":"Feature","properties":{"highway":"traffic_signals","fuente":"osm","osm_id":"node/4711829031"},"geometry":{"type":"Point","coordinates":[-100.329247,25.71631]}},{"type":"Feature","properties":{"highway":"traffic_signals","fuente":"osm","osm_id":"node/4711829033"},"geometry":{"type":"Point","coordinates":[-100.330771,25.72248]}},{"type":"Feature","properties":{"highway":"traffic_signals","fuente":"osm","osm_id":"node/4711829034"},"geometry":{"type":"Point","coordinates":[-100.330297,25.722724]}},{"type":"Feature","properties":{"highway":"traffic_signals","fuente":"osm","osm_id":"node/4711829035"},"geometry":{"type":"Point","coordinates":[-100.330822,25.722805]}},{"type":"Feature","properties":{"highway":"traffic_signals","fuente":"osm","osm_id":"node/4711829036"},"geometry":{"type":"Point","coordinates":[-100.330316,25.723098]}},{"type":"Feature","properties":{"highway":"traffic_signals","fuente":"osm","osm_id":"node/4711986570"},"geometry":{"type":"Point","coordinates":[-100.33322,25.704464]}},{"type":"Feature","properties":{"highway":"traffic_signals","fuente":"osm","osm_id":"node/4711986571"},"geometry":{"type":"Point","coordinates":[-100.333083,25.704627]}},{"type":"Feature","properties":{"highway":"traffic_signals","fuente":"osm","osm_id":"node/4711986749"},"geometry":{"type":"Point","coordinates":[-100.340239,25.704778]}},{"type":"Feature","properties":{"highway":"traffic_signals","fuente":"osm","osm_id":"node/4711986750"},"geometry":{"type":"Point","coordinates":[-100.340237,25.704628]}},{"type":"Feature","properties":{"highway":"traffic_signals","fuente":"osm","osm_id":"node/4715306368"},"geometry":{"type":"Point","coordinates":[-100.289915,25.767853]}},{"type":"Feature","properties":{"highway":"traffic_signals","fuente":"osm","osm_id":"node/4715306373"},"geometry":{"type":"Point","coordinates":[-100.29159,25.767711]}},{"type":"Feature","properties":{"highway":"traffic_signals","fuente":"osm","osm_id":"node/4715306374"},"geometry":{"type":"Point","coordinates":[-100.291751,25.767582]}},{"type":"Feature","properties":{"highway":"traffic_signals","fuente":"osm","osm_id":"node/4715306375"},"geometry":{"type":"Point","coordinates":[-100.291755,25.767431]}},{"type":"Feature","properties":{"highway":"traffic_signals","fuente":"osm","osm_id":"node/4715306377"},"geometry":{"type":"Point","coordinates":[-100.289243,25.765632]}},{"type":"Feature","properties":{"highway":"traffic_signals","fuente":"osm","osm_id":"node/4715306378"},"geometry":{"type":"Point","coordinates":[-100.289117,25.765553]}},{"type":"Feature","properties":{"highway":"traffic_signals","fuente":"osm","osm_id":"node/4715306379"},"geometry":{"type":"Point","coordinates":[-100.289068,25.765599]}},{"type":"Feature","properties":{"highway":"traffic_signals","fuente":"osm","osm_id":"node/4715306385"},"geometry":{"type":"Point","coordinates":[-100.286586,25.757723]}},{"type":"Feature","properties":{"highway":"traffic_signals","fuente":"osm","osm_id":"node/4715306386"},"geometry":{"type":"Point","coordinates":[-100.286742,25.757673]}},{"type":"Feature","properties":{"highway":"traffic_signals","fuente":"osm","osm_id":"node/4715306387"},"geometry":{"type":"Point","coordinates":[-100.286698,25.757749]}},{"type":"Feature","properties":{"highway":"traffic_signals","fuente":"osm","osm_id":"node/4715306388"},"geometry":{"type":"Point","coordinates":[-100.286548,25.757908]}},{"type":"Feature","properties":{"highway":"traffic_signals","fuente":"osm","osm_id":"node/4715306590"},"geometry":{"type":"Point","coordinates":[-100.286298,25.756217]}},{"type":"Feature","properties":{"highway":"traffic_signals","fuente":"osm","osm_id":"node/4715306591"},"geometry":{"type":"Point","coordinates":[-100.286239,25.756047]}},{"type":"Feature","properties":{"highway":"traffic_signals","fuente":"osm","osm_id":"node/4715306592"},"geometry":{"type":"Point","coordinates":[-100.286261,25.756288]}},{"type":"Feature","properties":{"highway":"traffic_signals","fuente":"osm","osm_id":"node/4715306593"},"geometry":{"type":"Point","coordinates":[-100.286051,25.755969]}},{"type":"Feature","properties":{"highway":"traffic_signals","fuente":"osm","osm_id":"node/4715306594"},"geometry":{"type":"Point","coordinates":[-100.286,25.755978]}},{"type":"Feature","properties":{"highway":"traffic_signals","fuente":"osm","osm_id":"node/4715410671"},"geometry":{"type":"Point","coordinates":[-100.288612,25.763953]}},{"type":"Feature","properties":{"highway":"traffic_signals","fuente":"osm","osm_id":"node/4715410672"},"geometry":{"type":"Point","coordinates":[-100.288741,25.764069]}},{"type":"Feature","properties":{"highway":"traffic_signals","fuente":"osm","osm_id":"node/4715410673"},"geometry":{"type":"Point","coordinates":[-100.288795,25.763964]}},{"type":"Feature","properties":{"highway":"traffic_signals","fuente":"osm","osm_id":"node/4715410674"},"geometry":{"type":"Point","coordinates":[-100.288561,25.764025]}},{"type":"Feature","properties":{"highway":"traffic_signals","fuente":"osm","osm_id":"node/4762954799"},"geometry":{"type":"Point","coordinates":[-100.266839,25.665602]}},{"type":"Feature","properties":{"highway":"traffic_signals","fuente":"osm","osm_id":"node/4767802257"},"geometry":{"type":"Point","coordinates":[-100.32037,25.755563]}},{"type":"Feature","properties":{"highway":"traffic_signals","fuente":"osm","osm_id":"node/4767802260"},"geometry":{"type":"Point","coordinates":[-100.320522,25.75558]}},{"type":"Feature","properties":{"highway":"traffic_signals","fuente":"osm","osm_id":"node/4781667328"},"geometry":{"type":"Point","coordinates":[-100.370937,25.731035]}},{"type":"Feature","properties":{"highway":"traffic_signals","fuente":"osm","osm_id":"node/4781667329"},"geometry":{"type":"Point","coordinates":[-100.371044,25.730902]}},{"type":"Feature","properties":{"highway":"traffic_signals","fuente":"osm","osm_id":"node/4787207213"},"geometry":{"type":"Point","coordinates":[-100.303455,25.684792]}},{"type":"Feature","properties":{"highway":"traffic_signals","fuente":"osm","osm_id":"node/4787207214"},"geometry":{"type":"Point","coordinates":[-100.303481,25.684641]}},{"type":"Feature","properties":{"highway":"traffic_signals","fuente":"osm","osm_id":"node/4787207215"},"geometry":{"type":"Point","coordinates":[-100.303492,25.684834]}},{"type":"Feature","properties":{"highway":"traffic_signals","fuente":"osm","osm_id":"node/4787207216"},"geometry":{"type":"Point","coordinates":[-100.307321,25.685062]}},{"type":"Feature","properties":{"highway":"traffic_signals","fuente":"osm","osm_id":"node/4787207217"},"geometry":{"type":"Point","coordinates":[-100.307265,25.685205]}},{"type":"Feature","properties":{"highway":"traffic_signals","fuente":"osm","osm_id":"node/4787207218"},"geometry":{"type":"Point","coordinates":[-100.308239,25.685303]}},{"type":"Feature","properties":{"highway":"traffic_signals","fuente":"osm","osm_id":"node/4787207219"},"geometry":{"type":"Point","coordinates":[-100.308208,25.685167]}},{"type":"Feature","properties":{"highway":"traffic_signals","fuente":"osm","osm_id":"node/4787207220"},"geometry":{"type":"Point","coordinates":[-100.310156,25.685359]}},{"type":"Feature","properties":{"highway":"traffic_signals","fuente":"osm","osm_id":"node/4787209321"},"geometry":{"type":"Point","coordinates":[-100.310099,25.685503]}},{"type":"Feature","properties":{"highway":"traffic_signals","fuente":"osm","osm_id":"node/4788693452"},"geometry":{"type":"Point","coordinates":[-100.266879,25.665485]}},{"type":"Feature","properties":{"highway":"traffic_signals","fuente":"osm","osm_id":"node/4791858460"},"geometry":{"type":"Point","coordinates":[-100.188712,25.648774]}},{"type":"Feature","properties":{"highway":"traffic_signals","fuente":"osm","osm_id":"node/4791858462"},"geometry":{"type":"Point","coordinates":[-100.188546,25.649031]}},{"type":"Feature","properties":{"highway":"traffic_signals","fuente":"osm","osm_id":"node/4791858463"},"geometry":{"type":"Point","coordinates":[-100.188693,25.649092]}},{"type":"Feature","properties":{"highway":"traffic_signals","fuente":"osm","osm_id":"node/4791858464"},"geometry":{"type":"Point","coordinates":[-100.188299,25.64926]}},{"type":"Feature","properties":{"highway":"traffic_signals","fuente":"osm","osm_id":"node/4791858465"},"geometry":{"type":"Point","coordinates":[-100.188443,25.649332]}},{"type":"Feature","properties":{"highway":"traffic_signals","fuente":"osm","osm_id":"node/4804670622"},"geometry":{"type":"Point","coordinates":[-100.243888,25.679437]}},{"type":"Feature","properties":{"highway":"traffic_signals","fuente":"osm","osm_id":"node/4804670623"},"geometry":{"type":"Point","coordinates":[-100.244041,25.679511]}},{"type":"Feature","properties":{"highway":"traffic_signals","fuente":"osm","osm_id":"node/4804670624"},"geometry":{"type":"Point","coordinates":[-100.243888,25.679374]}},{"type":"Feature","properties":{"highway":"traffic_signals","fuente":"osm","osm_id":"node/4804670625"},"geometry":{"type":"Point","coordinates":[-100.244132,25.679209]}},{"type":"Feature","properties":{"highway":"traffic_signals","fuente":"osm","osm_id":"node/4804670626"},"geometry":{"type":"Point","coordinates":[-100.244187,25.679327]}},{"type":"Feature","properties":{"highway":"traffic_signals","fuente":"osm","osm_id":"node/4804670627"},"geometry":{"type":"Point","coordinates":[-100.243987,25.679132]}},{"type":"Feature","properties":{"highway":"traffic_signals","fuente":"osm","osm_id":"node/4834871328"},"geometry":{"type":"Point","coordinates":[-100.381779,25.732975]}},{"type":"Feature","properties":{"highway":"traffic_signals","fuente":"osm","osm_id":"node/4864439361"},"geometry":{"type":"Point","coordinates":[-100.2963,25.703992]}},{"type":"Feature","properties":{"highway":"traffic_signals","fuente":"osm","osm_id":"node/4864439362"},"geometry":{"type":"Point","coordinates":[-100.296631,25.703825]}},{"type":"Feature","properties":{"highway":"traffic_signals","fuente":"osm","osm_id":"node/4977777357"},"geometry":{"type":"Point","coordinates":[-100.523722,25.735751]}},{"type":"Feature","properties":{"highway":"traffic_signals","fuente":"osm","osm_id":"node/5012432202"},"geometry":{"type":"Point","coordinates":[-100.164185,25.705653]}},{"type":"Feature","properties":{"highway":"traffic_signals","fuente":"osm","osm_id":"node/5048204502"},"geometry":{"type":"Point","coordinates":[-100.301024,25.631477]}},{"type":"Feature","properties":{"highway":"traffic_signals","fuente":"osm","osm_id":"node/5054444482"},"geometry":{"type":"Point","coordinates":[-100.258855,25.662031]}},{"type":"Feature","properties":{"highway":"traffic_signals","fuente":"osm","osm_id":"node/5054444483"},"geometry":{"type":"Point","coordinates":[-100.258732,25.662144]}},{"type":"Feature","properties":{"highway":"traffic_signals","fuente":"osm","osm_id":"node/5054444484"},"geometry":{"type":"Point","coordinates":[-100.258821,25.661787]}},{"type":"Feature","properties":{"highway":"traffic_signals","fuente":"osm","osm_id":"node/5054444485"},"geometry":{"type":"Point","coordinates":[-100.258545,25.662054]}},{"type":"Feature","properties":{"highway":"traffic_signals","fuente":"osm","osm_id":"node/5054444486"},"geometry":{"type":"Point","coordinates":[-100.2589,25.661887]}},{"type":"Feature","properties":{"highway":"traffic_signals","fuente":"osm","osm_id":"node/5071906096"},"geometry":{"type":"Point","coordinates":[-100.175596,25.66722]}},{"type":"Feature","properties":{"highway":"traffic_signals","fuente":"osm","osm_id":"node/5071906100"},"geometry":{"type":"Point","coordinates":[-100.175403,25.667266]}},{"type":"Feature","properties":{"highway":"traffic_signals","fuente":"osm","osm_id":"node/5071988770"},"geometry":{"type":"Point","coordinates":[-100.193411,25.674522]}},{"type":"Feature","properties":{"highway":"traffic_signals","fuente":"osm","osm_id":"node/5071988771"},"geometry":{"type":"Point","coordinates":[-100.193214,25.674558]}},{"type":"Feature","properties":{"highway":"traffic_signals","fuente":"osm","osm_id":"node/5071988772"},"geometry":{"type":"Point","coordinates":[-100.193125,25.674652]}},{"type":"Feature","properties":{"highway":"traffic_signals","fuente":"osm","osm_id":"node/5072339143"},"geometry":{"type":"Point","coordinates":[-100.213218,25.688948]}},{"type":"Feature","properties":{"highway":"traffic_signals","fuente":"osm","osm_id":"node/5072339144"},"geometry":{"type":"Point","coordinates":[-100.213346,25.689181]}},{"type":"Feature","properties":{"highway":"traffic_signals","fuente":"osm","osm_id":"node/5072339145"},"geometry":{"type":"Point","coordinates":[-100.213216,25.689177]}},{"type":"Feature","properties":{"highway":"traffic_signals","fuente":"osm","osm_id":"node/5072339146"},"geometry":{"type":"Point","coordinates":[-100.213068,25.689294]}},{"type":"Feature","properties":{"highway":"traffic_signals","fuente":"osm","osm_id":"node/5072428341"},"geometry":{"type":"Point","coordinates":[-100.212158,25.694875]}},{"type":"Feature","properties":{"highway":"traffic_signals","fuente":"osm","osm_id":"node/5072428342"},"geometry":{"type":"Point","coordinates":[-100.212465,25.696638]}},{"type":"Feature","properties":{"highway":"traffic_signals","fuente":"osm","osm_id":"node/5072428343"},"geometry":{"type":"Point","coordinates":[-100.212965,25.696741]}},{"type":"Feature","properties":{"highway":"traffic_signals","fuente":"osm","osm_id":"node/5072428344"},"geometry":{"type":"Point","coordinates":[-100.217254,25.695026]}},{"type":"Feature","properties":{"highway":"traffic_signals","fuente":"osm","osm_id":"node/5072428345"},"geometry":{"type":"Point","coordinates":[-100.21257,25.694929]}},{"type":"Feature","properties":{"highway":"traffic_signals","fuente":"osm","osm_id":"node/5073779139"},"geometry":{"type":"Point","coordinates":[-100.24621,25.731544]}},{"type":"Feature","properties":{"highway":"traffic_signals","fuente":"osm","osm_id":"node/5074253491"},"geometry":{"type":"Point","coordinates":[-100.165149,25.686837]}},{"type":"Feature","properties":{"highway":"traffic_signals","fuente":"osm","osm_id":"node/5082302114"},"geometry":{"type":"Point","coordinates":[-100.180134,25.688162]}},{"type":"Feature","properties":{"highway":"traffic_signals","fuente":"osm","osm_id":"node/5082302120"},"geometry":{"type":"Point","coordinates":[-100.168313,25.681841]}},{"type":"Feature","properties":{"highway":"traffic_signals","fuente":"osm","osm_id":"node/5082302121"},"geometry":{"type":"Point","coordinates":[-100.168148,25.681811]}},{"type":"Feature","properties":{"highway":"traffic_signals","fuente":"osm","osm_id":"node/5082302123"},"geometry":{"type":"Point","coordinates":[-100.168756,25.680857]}},{"type":"Feature","properties":{"highway":"traffic_signals","fuente":"osm","osm_id":"node/5082302127"},"geometry":{"type":"Point","coordinates":[-100.168657,25.680571]}},{"type":"Feature","properties":{"highway":"traffic_signals","fuente":"osm","osm_id":"node/5082302128"},"geometry":{"type":"Point","coordinates":[-100.16884,25.680813]}},{"type":"Feature","properties":{"highway":"traffic_signals","fuente":"osm","osm_id":"node/5082302143"},"geometry":{"type":"Point","coordinates":[-100.168266,25.681594]}},{"type":"Feature","properties":{"highway":"traffic_signals","fuente":"osm","osm_id":"node/5082302144"},"geometry":{"type":"Point","coordinates":[-100.173621,25.666951]}},{"type":"Feature","properties":{"highway":"traffic_signals","fuente":"osm","osm_id":"node/5082302145"},"geometry":{"type":"Point","coordinates":[-100.173529,25.666838]}},{"type":"Feature","properties":{"highway":"traffic_signals","fuente":"osm","osm_id":"node/5082302146"},"geometry":{"type":"Point","coordinates":[-100.173896,25.666752]}},{"type":"Feature","properties":{"highway":"traffic_signals","fuente":"osm","osm_id":"node/5082302147"},"geometry":{"type":"Point","coordinates":[-100.173728,25.666682]}},{"type":"Feature","properties":{"highway":"traffic_signals","fuente":"osm","osm_id":"node/5082302153"},"geometry":{"type":"Point","coordinates":[-100.171488,25.666181]}},{"type":"Feature","properties":{"highway":"traffic_signals","fuente":"osm","osm_id":"node/5082302154"},"geometry":{"type":"Point","coordinates":[-100.1715,25.666103]}},{"type":"Feature","properties":{"highway":"traffic_signals","fuente":"osm","osm_id":"node/5082302155"},"geometry":{"type":"Point","coordinates":[-100.171338,25.666278]}},{"type":"Feature","properties":{"highway":"traffic_signals","fuente":"osm","osm_id":"node/5082302156"},"geometry":{"type":"Point","coordinates":[-100.171217,25.66615]}},{"type":"Feature","properties":{"highway":"traffic_signals","fuente":"osm","osm_id":"node/5082302180"},"geometry":{"type":"Point","coordinates":[-100.165036,25.687534]}},{"type":"Feature","properties":{"highway":"traffic_signals","fuente":"osm","osm_id":"node/5082302188"},"geometry":{"type":"Point","coordinates":[-100.164963,25.687185]}},{"type":"Feature","properties":{"highway":"traffic_signals","fuente":"osm","osm_id":"node/5082302190"},"geometry":{"type":"Point","coordinates":[-100.165363,25.686935]}},{"type":"Feature","properties":{"highway":"traffic_signals","fuente":"osm","osm_id":"node/5082302191"},"geometry":{"type":"Point","coordinates":[-100.165203,25.686754]}},{"type":"Feature","properties":{"highway":"traffic_signals","fuente":"osm","osm_id":"node/5082527334"},"geometry":{"type":"Point","coordinates":[-100.159356,25.705181]}},{"type":"Feature","properties":{"highway":"traffic_signals","fuente":"osm","osm_id":"node/5082527338"},"geometry":{"type":"Point","coordinates":[-100.159341,25.705464]}},{"type":"Feature","properties":{"highway":"traffic_signals","fuente":"osm","osm_id":"node/5082527345"},"geometry":{"type":"Point","coordinates":[-100.162771,25.705689]}},{"type":"Feature","properties":{"highway":"traffic_signals","fuente":"osm","osm_id":"node/5082527346"},"geometry":{"type":"Point","coordinates":[-100.162931,25.705527]}},{"type":"Feature","properties":{"highway":"traffic_signals","fuente":"osm","osm_id":"node/5113609907"},"geometry":{"type":"Point","coordinates":[-100.249083,25.672543]}},{"type":"Feature","properties":{"highway":"traffic_signals","fuente":"osm","osm_id":"node/5113609910"},"geometry":{"type":"Point","coordinates":[-100.249097,25.672358]}},{"type":"Feature","properties":{"highway":"traffic_signals","fuente":"osm","osm_id":"node/5113768627"},"geometry":{"type":"Point","coordinates":[-100.243905,25.68059]}},{"type":"Feature","properties":{"highway":"traffic_signals","fuente":"osm","osm_id":"node/5113768628"},"geometry":{"type":"Point","coordinates":[-100.243734,25.683099]}},{"type":"Feature","properties":{"highway":"traffic_signals","fuente":"osm","osm_id":"node/5113768629"},"geometry":{"type":"Point","coordinates":[-100.243712,25.683365]}},{"type":"Feature","properties":{"highway":"traffic_signals","fuente":"osm","osm_id":"node/5113880923"},"geometry":{"type":"Point","coordinates":[-100.277689,25.682479]}},{"type":"Feature","properties":{"highway":"traffic_signals","fuente":"osm","osm_id":"node/5113880924"},"geometry":{"type":"Point","coordinates":[-100.277687,25.682328]}},{"type":"Feature","properties":{"highway":"traffic_signals","fuente":"osm","osm_id":"node/5113880928"},"geometry":{"type":"Point","coordinates":[-100.2766,25.683306]}},{"type":"Feature","properties":{"highway":"traffic_signals","fuente":"osm","osm_id":"node/5113880929"},"geometry":{"type":"Point","coordinates":[-100.276685,25.683564]}},{"type":"Feature","properties":{"highway":"traffic_signals","fuente":"osm","osm_id":"node/5113880956"},"geometry":{"type":"Point","coordinates":[-100.268282,25.68593]}},{"type":"Feature","properties":{"highway":"traffic_signals","fuente":"osm","osm_id":"node/5113880964"},"geometry":{"type":"Point","coordinates":[-100.27769,25.683271]}},{"type":"Feature","properties":{"highway":"traffic_signals","fuente":"osm","osm_id":"node/5113880965"},"geometry":{"type":"Point","coordinates":[-100.277687,25.683085]}},{"type":"Feature","properties":{"highway":"traffic_signals","fuente":"osm","osm_id":"node/5115904978"},"geometry":{"type":"Point","coordinates":[-100.261988,25.687554]}},{"type":"Feature","properties":{"highway":"traffic_signals","fuente":"osm","osm_id":"node/5115904979"},"geometry":{"type":"Point","coordinates":[-100.26195,25.687772]}},{"type":"Feature","properties":{"highway":"traffic_signals","fuente":"osm","osm_id":"node/5115904980"},"geometry":{"type":"Point","coordinates":[-100.261746,25.68776]}},{"type":"Feature","properties":{"highway":"traffic_signals","fuente":"osm","osm_id":"node/5115904981"},"geometry":{"type":"Point","coordinates":[-100.261833,25.687548]}},{"type":"Feature","properties":{"highway":"traffic_signals","fuente":"osm","osm_id":"node/5116186369"},"geometry":{"type":"Point","coordinates":[-100.254553,25.689859]}},{"type":"Feature","properties":{"highway":"traffic_signals","fuente":"osm","osm_id":"node/5116186370"},"geometry":{"type":"Point","coordinates":[-100.254516,25.689653]}},{"type":"Feature","properties":{"highway":"traffic_signals","fuente":"osm","osm_id":"node/5116186371"},"geometry":{"type":"Point","coordinates":[-100.254323,25.68983]}},{"type":"Feature","properties":{"highway":"traffic_signals","fuente":"osm","osm_id":"node/5116186373"},"geometry":{"type":"Point","coordinates":[-100.254459,25.689606]}},{"type":"Feature","properties":{"highway":"traffic_signals","fuente":"osm","osm_id":"node/5116186375"},"geometry":{"type":"Point","coordinates":[-100.250468,25.690946]}},{"type":"Feature","properties":{"highway":"traffic_signals","fuente":"osm","osm_id":"node/5116186376"},"geometry":{"type":"Point","coordinates":[-100.250184,25.690921]}},{"type":"Feature","properties":{"highway":"traffic_signals","fuente":"osm","osm_id":"node/5116186378"},"geometry":{"type":"Point","coordinates":[-100.248402,25.691557]}},{"type":"Feature","properties":{"highway":"traffic_signals","fuente":"osm","osm_id":"node/5116186391"},"geometry":{"type":"Point","coordinates":[-100.239503,25.693873]}},{"type":"Feature","properties":{"highway":"traffic_signals","fuente":"osm","osm_id":"node/5116186417"},"geometry":{"type":"Point","coordinates":[-100.230456,25.69532]}},{"type":"Feature","properties":{"highway":"traffic_signals","fuente":"osm","osm_id":"node/5116186418"},"geometry":{"type":"Point","coordinates":[-100.230278,25.695288]}},{"type":"Feature","properties":{"highway":"traffic_signals","fuente":"osm","osm_id":"node/5116186419"},"geometry":{"type":"Point","coordinates":[-100.230251,25.695367]}},{"type":"Feature","properties":{"highway":"traffic_signals","fuente":"osm","osm_id":"node/5134047263"},"geometry":{"type":"Point","coordinates":[-100.347377,25.687536]}},{"type":"Feature","properties":{"highway":"traffic_signals","fuente":"osm","osm_id":"node/5134047264"},"geometry":{"type":"Point","coordinates":[-100.346812,25.687668]}},{"type":"Feature","properties":{"highway":"traffic_signals","fuente":"osm","osm_id":"node/5134047265"},"geometry":{"type":"Point","coordinates":[-100.346831,25.687485]}},{"type":"Feature","properties":{"highway":"traffic_signals","fuente":"osm","osm_id":"node/5134047266"},"geometry":{"type":"Point","coordinates":[-100.347359,25.68771]}},{"type":"Feature","properties":{"highway":"traffic_signals","fuente":"osm","osm_id":"node/5134047267"},"geometry":{"type":"Point","coordinates":[-100.344849,25.687282]}},{"type":"Feature","properties":{"highway":"traffic_signals","fuente":"osm","osm_id":"node/5134047268"},"geometry":{"type":"Point","coordinates":[-100.344662,25.687231]}},{"type":"Feature","properties":{"highway":"traffic_signals","fuente":"osm","osm_id":"node/5134047269"},"geometry":{"type":"Point","coordinates":[-100.344574,25.687384]}},{"type":"Feature","properties":{"highway":"traffic_signals","fuente":"osm","osm_id":"node/5134047270"},"geometry":{"type":"Point","coordinates":[-100.34474,25.687487]}},{"type":"Feature","properties":{"highway":"traffic_signals","fuente":"osm","osm_id":"node/5134047277"},"geometry":{"type":"Point","coordinates":[-100.350714,25.687955]}},{"type":"Feature","properties":{"highway":"traffic_signals","fuente":"osm","osm_id":"node/5134047281"},"geometry":{"type":"Point","coordinates":[-100.351808,25.688386]}},{"type":"Feature","properties":{"highway":"traffic_signals","fuente":"osm","osm_id":"node/5134047282"},"geometry":{"type":"Point","coordinates":[-100.351884,25.688282]}},{"type":"Feature","properties":{"highway":"traffic_signals","fuente":"osm","osm_id":"node/5134047284"},"geometry":{"type":"Point","coordinates":[-100.351529,25.687836]}},{"type":"Feature","properties":{"highway":"traffic_signals","fuente":"osm","osm_id":"node/5134047285"},"geometry":{"type":"Point","coordinates":[-100.351414,25.688171]}},{"type":"Feature","properties":{"highway":"traffic_signals","fuente":"osm","osm_id":"node/5134192080"},"geometry":{"type":"Point","coordinates":[-100.322486,25.763823]}},{"type":"Feature","properties":{"highway":"traffic_signals","fuente":"osm","osm_id":"node/5145995660"},"geometry":{"type":"Point","coordinates":[-100.224048,25.805882]}},{"type":"Feature","properties":{"highway":"traffic_signals","fuente":"osm","osm_id":"node/5145995661"},"geometry":{"type":"Point","coordinates":[-100.224111,25.805753]}},{"type":"Feature","properties":{"highway":"traffic_signals","fuente":"osm","osm_id":"node/5145995714"},"geometry":{"type":"Point","coordinates":[-100.223869,25.800878]}},{"type":"Feature","properties":{"highway":"traffic_signals","fuente":"osm","osm_id":"node/5145995715"},"geometry":{"type":"Point","coordinates":[-100.22402,25.801046]}},{"type":"Feature","properties":{"highway":"traffic_signals","fuente":"osm","osm_id":"node/5145995824"},"geometry":{"type":"Point","coordinates":[-100.223631,25.796104]}},{"type":"Feature","properties":{"highway":"traffic_signals","fuente":"osm","osm_id":"node/5145995825"},"geometry":{"type":"Point","coordinates":[-100.22375,25.796102]}},{"type":"Feature","properties":{"highway":"traffic_signals","fuente":"osm","osm_id":"node/5145995828"},"geometry":{"type":"Point","coordinates":[-100.224539,25.783858]}},{"type":"Feature","properties":{"highway":"traffic_signals","fuente":"osm","osm_id":"node/5145995829"},"geometry":{"type":"Point","coordinates":[-100.224586,25.78371]}},{"type":"Feature","properties":{"highway":"traffic_signals","fuente":"osm","osm_id":"node/5145995830"},"geometry":{"type":"Point","coordinates":[-100.226686,25.77729]}},{"type":"Feature","properties":{"highway":"traffic_signals","fuente":"osm","osm_id":"node/5145995831"},"geometry":{"type":"Point","coordinates":[-100.226731,25.77719]}},{"type":"Feature","properties":{"highway":"traffic_signals","fuente":"osm","osm_id":"node/5145995832"},"geometry":{"type":"Point","coordinates":[-100.230558,25.768776]}},{"type":"Feature","properties":{"highway":"traffic_signals","fuente":"osm","osm_id":"node/5159748433"},"geometry":{"type":"Point","coordinates":[-100.213704,25.777873]}},{"type":"Feature","properties":{"highway":"traffic_signals","fuente":"osm","osm_id":"node/5159748434"},"geometry":{"type":"Point","coordinates":[-100.213604,25.777974]}},{"type":"Feature","properties":{"highway":"traffic_signals","fuente":"osm","osm_id":"node/5163568348"},"geometry":{"type":"Point","coordinates":[-100.278711,25.76949]}},{"type":"Feature","properties":{"highway":"traffic_signals","fuente":"osm","osm_id":"node/5163848871"},"geometry":{"type":"Point","coordinates":[-100.274138,25.761636]}},{"type":"Feature","properties":{"highway":"traffic_signals","fuente":"osm","osm_id":"node/5163848872"},"geometry":{"type":"Point","coordinates":[-100.273697,25.761598]}},{"type":"Feature","properties":{"highway":"traffic_signals","fuente":"osm","osm_id":"node/5163848873"},"geometry":{"type":"Point","coordinates":[-100.273604,25.761788]}},{"type":"Feature","properties":{"highway":"traffic_signals","fuente":"osm","osm_id":"node/5163848875"},"geometry":{"type":"Point","coordinates":[-100.261455,25.768708]}},{"type":"Feature","properties":{"highway":"traffic_signals","fuente":"osm","osm_id":"node/5163848876"},"geometry":{"type":"Point","coordinates":[-100.261389,25.769215]}},{"type":"Feature","properties":{"highway":"traffic_signals","fuente":"osm","osm_id":"node/5163848877"},"geometry":{"type":"Point","coordinates":[-100.260264,25.767601]}},{"type":"Feature","properties":{"highway":"traffic_signals","fuente":"osm","osm_id":"node/5163848878"},"geometry":{"type":"Point","coordinates":[-100.260214,25.768107]}},{"type":"Feature","properties":{"highway":"traffic_signals","fuente":"osm","osm_id":"node/5163848890"},"geometry":{"type":"Point","coordinates":[-100.284483,25.748245]}},{"type":"Feature","properties":{"highway":"traffic_signals","fuente":"osm","osm_id":"node/5163848891"},"geometry":{"type":"Point","coordinates":[-100.284455,25.748103]}},{"type":"Feature","properties":{"highway":"traffic_signals","fuente":"osm","osm_id":"node/5163848892"},"geometry":{"type":"Point","coordinates":[-100.284836,25.748043]}},{"type":"Feature","properties":{"highway":"traffic_signals","fuente":"osm","osm_id":"node/5163848918"},"geometry":{"type":"Point","coordinates":[-100.284681,25.751378]}},{"type":"Feature","properties":{"highway":"traffic_signals","fuente":"osm","osm_id":"node/5163848919"},"geometry":{"type":"Point","coordinates":[-100.284761,25.751358]}},{"type":"Feature","properties":{"highway":"traffic_signals","fuente":"osm","osm_id":"node/5163860842"},"geometry":{"type":"Point","coordinates":[-100.290521,25.744267]}},{"type":"Feature","properties":{"highway":"traffic_signals","fuente":"osm","osm_id":"node/5163860843"},"geometry":{"type":"Point","coordinates":[-100.290367,25.74436]}},{"type":"Feature","properties":{"highway":"traffic_signals","fuente":"osm","osm_id":"node/5163860844"},"geometry":{"type":"Point","coordinates":[-100.290628,25.744749]}},{"type":"Feature","properties":{"highway":"traffic_signals","fuente":"osm","osm_id":"node/5163860845"},"geometry":{"type":"Point","coordinates":[-100.290817,25.744657]}},{"type":"Feature","properties":{"highway":"traffic_signals","fuente":"osm","osm_id":"node/5163860846"},"geometry":{"type":"Point","coordinates":[-100.293077,25.743129]}},{"type":"Feature","properties":{"highway":"traffic_signals","fuente":"osm","osm_id":"node/5163860847"},"geometry":{"type":"Point","coordinates":[-100.292802,25.743208]}},{"type":"Feature","properties":{"highway":"traffic_signals","fuente":"osm","osm_id":"node/5163860848"},"geometry":{"type":"Point","coordinates":[-100.292913,25.743615]}},{"type":"Feature","properties":{"highway":"traffic_signals","fuente":"osm","osm_id":"node/5163860849"},"geometry":{"type":"Point","coordinates":[-100.293201,25.743575]}},{"type":"Feature","properties":{"highway":"traffic_signals","fuente":"osm","osm_id":"node/5163860862"},"geometry":{"type":"Point","coordinates":[-100.28981,25.738594]}},{"type":"Feature","properties":{"highway":"traffic_signals","fuente":"osm","osm_id":"node/5163860863"},"geometry":{"type":"Point","coordinates":[-100.289626,25.738743]}},{"type":"Feature","properties":{"highway":"traffic_signals","fuente":"osm","osm_id":"node/5163860864"},"geometry":{"type":"Point","coordinates":[-100.28943,25.738475]}},{"type":"Feature","properties":{"highway":"traffic_signals","fuente":"osm","osm_id":"node/5163860865"},"geometry":{"type":"Point","coordinates":[-100.289557,25.738261]}},{"type":"Feature","properties":{"highway":"traffic_signals","fuente":"osm","osm_id":"node/5163991870"},"geometry":{"type":"Point","coordinates":[-100.263146,25.74316]}},{"type":"Feature","properties":{"highway":"traffic_signals","fuente":"osm","osm_id":"node/5166480144"},"geometry":{"type":"Point","coordinates":[-100.29679,25.75596]}},{"type":"Feature","properties":{"highway":"traffic_signals","fuente":"osm","osm_id":"node/5166480145"},"geometry":{"type":"Point","coordinates":[-100.296999,25.755901]}},{"type":"Feature","properties":{"highway":"traffic_signals","fuente":"osm","osm_id":"node/5166480146"},"geometry":{"type":"Point","coordinates":[-100.296473,25.75688]}},{"type":"Feature","properties":{"highway":"traffic_signals","fuente":"osm","osm_id":"node/5166480147"},"geometry":{"type":"Point","coordinates":[-100.296659,25.756841]}},{"type":"Feature","properties":{"highway":"traffic_signals","fuente":"osm","osm_id":"node/5166480150"},"geometry":{"type":"Point","coordinates":[-100.29612,25.758515]}},{"type":"Feature","properties":{"highway":"traffic_signals","fuente":"osm","osm_id":"node/5166480151"},"geometry":{"type":"Point","coordinates":[-100.295985,25.758733]}},{"type":"Feature","properties":{"highway":"traffic_signals","fuente":"osm","osm_id":"node/5166480153"},"geometry":{"type":"Point","coordinates":[-100.294371,25.762688]}},{"type":"Feature","properties":{"highway":"traffic_signals","fuente":"osm","osm_id":"node/5166480156"},"geometry":{"type":"Point","coordinates":[-100.294246,25.762566]}},{"type":"Feature","properties":{"highway":"traffic_signals","fuente":"osm","osm_id":"node/5166480195"},"geometry":{"type":"Point","coordinates":[-100.300429,25.746298]}},{"type":"Feature","properties":{"highway":"traffic_signals","fuente":"osm","osm_id":"node/5166480196"},"geometry":{"type":"Point","coordinates":[-100.30027,25.746217]}},{"type":"Feature","properties":{"highway":"traffic_signals","fuente":"osm","osm_id":"node/5166480197"},"geometry":{"type":"Point","coordinates":[-100.302042,25.741815]}},{"type":"Feature","properties":{"highway":"traffic_signals","fuente":"osm","osm_id":"node/5166480199"},"geometry":{"type":"Point","coordinates":[-100.302492,25.740068]}},{"type":"Feature","properties":{"highway":"traffic_signals","fuente":"osm","osm_id":"node/5166480203"},"geometry":{"type":"Point","coordinates":[-100.303183,25.738663]}},{"type":"Feature","properties":{"highway":"traffic_signals","fuente":"osm","osm_id":"node/5166480204"},"geometry":{"type":"Point","coordinates":[-100.302976,25.738608]}},{"type":"Feature","properties":{"highway":"traffic_signals","fuente":"osm","osm_id":"node/5166480205"},"geometry":{"type":"Point","coordinates":[-100.303697,25.736632]}},{"type":"Feature","properties":{"highway":"traffic_signals","fuente":"osm","osm_id":"node/5166480206"},"geometry":{"type":"Point","coordinates":[-100.303869,25.736715]}},{"type":"Feature","properties":{"highway":"traffic_signals","fuente":"osm","osm_id":"node/5173678909"},"geometry":{"type":"Point","coordinates":[-100.294189,25.809857]}},{"type":"Feature","properties":{"highway":"traffic_signals","fuente":"osm","osm_id":"node/5241791786"},"geometry":{"type":"Point","coordinates":[-100.322897,25.764052]}},{"type":"Feature","properties":{"highway":"traffic_signals","fuente":"osm","osm_id":"node/5245976719"},"geometry":{"type":"Point","coordinates":[-100.260947,25.772608]}},{"type":"Feature","properties":{"highway":"traffic_signals","fuente":"osm","osm_id":"node/5245983776"},"geometry":{"type":"Point","coordinates":[-100.355829,25.682178]}},{"type":"Feature","properties":{"highway":"traffic_signals","fuente":"osm","osm_id":"node/5245983777"},"geometry":{"type":"Point","coordinates":[-100.356085,25.68184]}},{"type":"Feature","properties":{"highway":"traffic_signals","fuente":"osm","osm_id":"node/5245983778"},"geometry":{"type":"Point","coordinates":[-100.356097,25.682123]}},{"type":"Feature","properties":{"highway":"traffic_signals","fuente":"osm","osm_id":"node/5245983874"},"geometry":{"type":"Point","coordinates":[-100.354029,25.68331]}},{"type":"Feature","properties":{"highway":"traffic_signals","fuente":"osm","osm_id":"node/5278194311"},"geometry":{"type":"Point","coordinates":[-100.297715,25.753889]}},{"type":"Feature","properties":{"highway":"traffic_signals","fuente":"osm","osm_id":"node/5280354171"},"geometry":{"type":"Point","coordinates":[-100.285209,25.742818]}},{"type":"Feature","properties":{"highway":"traffic_signals","fuente":"osm","osm_id":"node/5309716144"},"geometry":{"type":"Point","coordinates":[-100.190011,25.658597]}},{"type":"Feature","properties":{"highway":"traffic_signals","fuente":"osm","osm_id":"node/5341668169"},"geometry":{"type":"Point","coordinates":[-100.295327,25.820551]}},{"type":"Feature","properties":{"highway":"traffic_signals","fuente":"osm","osm_id":"node/5357383762"},"geometry":{"type":"Point","coordinates":[-100.199069,25.723535]}},{"type":"Feature","properties":{"highway":"traffic_signals","fuente":"osm","osm_id":"node/5357383763"},"geometry":{"type":"Point","coordinates":[-100.199211,25.723771]}},{"type":"Feature","properties":{"highway":"traffic_signals","fuente":"osm","osm_id":"node/5357383764"},"geometry":{"type":"Point","coordinates":[-100.19903,25.723698]}},{"type":"Feature","properties":{"highway":"traffic_signals","fuente":"osm","osm_id":"node/5371244348"},"geometry":{"type":"Point","coordinates":[-100.286186,25.780919]}},{"type":"Feature","properties":{"highway":"traffic_signals","fuente":"osm","osm_id":"node/5378495737"},"geometry":{"type":"Point","coordinates":[-100.28746,25.747376]}},{"type":"Feature","properties":{"highway":"traffic_signals","fuente":"osm","osm_id":"node/5378495738"},"geometry":{"type":"Point","coordinates":[-100.287435,25.746954]}},{"type":"Feature","properties":{"highway":"traffic_signals","fuente":"osm","osm_id":"node/5378495739"},"geometry":{"type":"Point","coordinates":[-100.287571,25.746914]}},{"type":"Feature","properties":{"highway":"traffic_signals","fuente":"osm","osm_id":"node/5378495740"},"geometry":{"type":"Point","coordinates":[-100.287613,25.74736]}},{"type":"Feature","properties":{"highway":"traffic_signals","fuente":"osm","osm_id":"node/5378495760"},"geometry":{"type":"Point","coordinates":[-100.288186,25.743444]}},{"type":"Feature","properties":{"highway":"traffic_signals","fuente":"osm","osm_id":"node/5378495761"},"geometry":{"type":"Point","coordinates":[-100.288286,25.743316]}},{"type":"Feature","properties":{"highway":"traffic_signals","fuente":"osm","osm_id":"node/5378495762"},"geometry":{"type":"Point","coordinates":[-100.288335,25.743528]}},{"type":"Feature","properties":{"highway":"traffic_signals","fuente":"osm","osm_id":"node/5378495763"},"geometry":{"type":"Point","coordinates":[-100.288439,25.743386]}},{"type":"Feature","properties":{"highway":"traffic_signals","fuente":"osm","osm_id":"node/5378496135"},"geometry":{"type":"Point","coordinates":[-100.293974,25.745273]}},{"type":"Feature","properties":{"highway":"traffic_signals","fuente":"osm","osm_id":"node/5378496137"},"geometry":{"type":"Point","coordinates":[-100.293795,25.745352]}},{"type":"Feature","properties":{"highway":"traffic_signals","fuente":"osm","osm_id":"node/5378496143"},"geometry":{"type":"Point","coordinates":[-100.293289,25.745137]}},{"type":"Feature","properties":{"highway":"traffic_signals","fuente":"osm","osm_id":"node/5379640839"},"geometry":{"type":"Point","coordinates":[-100.271733,25.81085]}},{"type":"Feature","properties":{"highway":"traffic_signals","fuente":"osm","osm_id":"node/5394083583"},"geometry":{"type":"Point","coordinates":[-100.190968,25.784106]}},{"type":"Feature","properties":{"highway":"traffic_signals","fuente":"osm","osm_id":"node/5394083591"},"geometry":{"type":"Point","coordinates":[-100.191349,25.784909]}},{"type":"Feature","properties":{"highway":"traffic_signals","fuente":"osm","osm_id":"node/5394083614"},"geometry":{"type":"Point","coordinates":[-100.202088,25.797828]}},{"type":"Feature","properties":{"highway":"traffic_signals","fuente":"osm","osm_id":"node/5394083615"},"geometry":{"type":"Point","coordinates":[-100.202069,25.797639]}},{"type":"Feature","properties":{"highway":"traffic_signals","fuente":"osm","osm_id":"node/5416949877"},"geometry":{"type":"Point","coordinates":[-100.252807,25.725726]}},{"type":"Feature","properties":{"highway":"traffic_signals","fuente":"osm","osm_id":"node/5416949885"},"geometry":{"type":"Point","coordinates":[-100.25116,25.719596]}},{"type":"Feature","properties":{"highway":"traffic_signals","fuente":"osm","osm_id":"node/5416949886"},"geometry":{"type":"Point","coordinates":[-100.251226,25.719376]}},{"type":"Feature","properties":{"highway":"traffic_signals","fuente":"osm","osm_id":"node/5416949887"},"geometry":{"type":"Point","coordinates":[-100.251172,25.719392]}},{"type":"Feature","properties":{"highway":"traffic_signals","fuente":"osm","osm_id":"node/5423216428"},"geometry":{"type":"Point","coordinates":[-100.272272,25.770275]}},{"type":"Feature","properties":{"highway":"traffic_signals","fuente":"osm","osm_id":"node/5423216430"},"geometry":{"type":"Point","coordinates":[-100.272674,25.770229]}},{"type":"Feature","properties":{"highway":"traffic_signals","fuente":"osm","osm_id":"node/5481013633"},"geometry":{"type":"Point","coordinates":[-100.309071,25.670807]}},{"type":"Feature","properties":{"highway":"traffic_signals","fuente":"osm","osm_id":"node/5481013634"},"geometry":{"type":"Point","coordinates":[-100.31004,25.670961]}},{"type":"Feature","properties":{"highway":"traffic_signals","fuente":"osm","osm_id":"node/5523101735"},"geometry":{"type":"Point","coordinates":[-100.178805,25.660761]}},{"type":"Feature","properties":{"highway":"traffic_signals","fuente":"osm","osm_id":"node/5523644036"},"geometry":{"type":"Point","coordinates":[-100.206898,25.664625]}},{"type":"Feature","properties":{"highway":"traffic_signals","fuente":"osm","osm_id":"node/5523644037"},"geometry":{"type":"Point","coordinates":[-100.206671,25.664462]}},{"type":"Feature","properties":{"highway":"traffic_signals","fuente":"osm","osm_id":"node/5523644038"},"geometry":{"type":"Point","coordinates":[-100.206586,25.664677]}},{"type":"Feature","properties":{"highway":"traffic_signals","fuente":"osm","osm_id":"node/5523644039"},"geometry":{"type":"Point","coordinates":[-100.206739,25.664828]}},{"type":"Feature","properties":{"highway":"traffic_signals","fuente":"osm","osm_id":"node/5523644040"},"geometry":{"type":"Point","coordinates":[-100.190045,25.658295]}},{"type":"Feature","properties":{"highway":"traffic_signals","fuente":"osm","osm_id":"node/5523644041"},"geometry":{"type":"Point","coordinates":[-100.189801,25.658158]}},{"type":"Feature","properties":{"highway":"traffic_signals","fuente":"osm","osm_id":"node/5523644042"},"geometry":{"type":"Point","coordinates":[-100.189772,25.65841]}},{"type":"Feature","properties":{"highway":"traffic_signals","fuente":"osm","osm_id":"node/5523644047"},"geometry":{"type":"Point","coordinates":[-100.184443,25.656153]}},{"type":"Feature","properties":{"highway":"traffic_signals","fuente":"osm","osm_id":"node/5523644056"},"geometry":{"type":"Point","coordinates":[-100.180779,25.654997]}},{"type":"Feature","properties":{"highway":"traffic_signals","fuente":"osm","osm_id":"node/5523644064"},"geometry":{"type":"Point","coordinates":[-100.180712,25.655004]}},{"type":"Feature","properties":{"highway":"traffic_signals","fuente":"osm","osm_id":"node/5523644823"},"geometry":{"type":"Point","coordinates":[-100.166782,25.649645]}},{"type":"Feature","properties":{"highway":"traffic_signals","fuente":"osm","osm_id":"node/5523644824"},"geometry":{"type":"Point","coordinates":[-100.166573,25.649544]}},{"type":"Feature","properties":{"highway":"traffic_signals","fuente":"osm","osm_id":"node/5523644825"},"geometry":{"type":"Point","coordinates":[-100.166419,25.649865]}},{"type":"Feature","properties":{"highway":"traffic_signals","fuente":"osm","osm_id":"node/5523644826"},"geometry":{"type":"Point","coordinates":[-100.166644,25.64995]}},{"type":"Feature","properties":{"highway":"traffic_signals","fuente":"osm","osm_id":"node/5523644908"},"geometry":{"type":"Point","coordinates":[-100.243898,25.672219]}},{"type":"Feature","properties":{"highway":"traffic_signals","fuente":"osm","osm_id":"node/5525762196"},"geometry":{"type":"Point","coordinates":[-100.185799,25.652258]}},{"type":"Feature","properties":{"highway":"traffic_signals","fuente":"osm","osm_id":"node/5525762197"},"geometry":{"type":"Point","coordinates":[-100.185595,25.652388]}},{"type":"Feature","properties":{"highway":"traffic_signals","fuente":"osm","osm_id":"node/5525762198"},"geometry":{"type":"Point","coordinates":[-100.185599,25.652713]}},{"type":"Feature","properties":{"highway":"traffic_signals","fuente":"osm","osm_id":"node/5531249340"},"geometry":{"type":"Point","coordinates":[-100.381757,25.739181]}},{"type":"Feature","properties":{"highway":"traffic_signals","fuente":"osm","osm_id":"node/5531249341"},"geometry":{"type":"Point","coordinates":[-100.381657,25.738968]}},{"type":"Feature","properties":{"highway":"traffic_signals","fuente":"osm","osm_id":"node/5531249343"},"geometry":{"type":"Point","coordinates":[-100.384596,25.742552]}},{"type":"Feature","properties":{"highway":"traffic_signals","fuente":"osm","osm_id":"node/5531249344"},"geometry":{"type":"Point","coordinates":[-100.384907,25.742662]}},{"type":"Feature","properties":{"highway":"traffic_signals","fuente":"osm","osm_id":"node/5531249345"},"geometry":{"type":"Point","coordinates":[-100.38485,25.742461]}},{"type":"Feature","properties":{"highway":"traffic_signals","fuente":"osm","osm_id":"node/5531249408"},"geometry":{"type":"Point","coordinates":[-100.383897,25.745267]}},{"type":"Feature","properties":{"highway":"traffic_signals","fuente":"osm","osm_id":"node/5533934701"},"geometry":{"type":"Point","coordinates":[-100.34254,25.731476]}},{"type":"Feature","properties":{"highway":"traffic_signals","fuente":"osm","osm_id":"node/5533934702"},"geometry":{"type":"Point","coordinates":[-100.342717,25.731449]}},{"type":"Feature","properties":{"highway":"traffic_signals","fuente":"osm","osm_id":"node/5533934703"},"geometry":{"type":"Point","coordinates":[-100.342496,25.731917]}},{"type":"Feature","properties":{"highway":"traffic_signals","fuente":"osm","osm_id":"node/5533934704"},"geometry":{"type":"Point","coordinates":[-100.342669,25.731891]}},{"type":"Feature","properties":{"highway":"traffic_signals","fuente":"osm","osm_id":"node/5533934719"},"geometry":{"type":"Point","coordinates":[-100.345712,25.729848]}},{"type":"Feature","properties":{"highway":"traffic_signals","fuente":"osm","osm_id":"node/5533934720"},"geometry":{"type":"Point","coordinates":[-100.345928,25.729804]}},{"type":"Feature","properties":{"highway":"traffic_signals","fuente":"osm","osm_id":"node/5533936921"},"geometry":{"type":"Point","coordinates":[-100.345803,25.730146]}},{"type":"Feature","properties":{"highway":"traffic_signals","fuente":"osm","osm_id":"node/5533936922"},"geometry":{"type":"Point","coordinates":[-100.346038,25.730088]}},{"type":"Feature","properties":{"highway":"traffic_signals","fuente":"osm","osm_id":"node/5543099032"},"geometry":{"type":"Point","coordinates":[-100.284301,25.785505]}},{"type":"Feature","properties":{"highway":"traffic_signals","fuente":"osm","osm_id":"node/5543099041"},"geometry":{"type":"Point","coordinates":[-100.292679,25.786593]}},{"type":"Feature","properties":{"highway":"traffic_signals","fuente":"osm","osm_id":"node/5546360772"},"geometry":{"type":"Point","coordinates":[-100.316702,25.77193]}},{"type":"Feature","properties":{"highway":"traffic_signals","fuente":"osm","osm_id":"node/5546360773"},"geometry":{"type":"Point","coordinates":[-100.316962,25.772296]}},{"type":"Feature","properties":{"highway":"traffic_signals","fuente":"osm","osm_id":"node/5546360774"},"geometry":{"type":"Point","coordinates":[-100.316976,25.771924]}},{"type":"Feature","properties":{"highway":"traffic_signals","fuente":"osm","osm_id":"node/5546360775"},"geometry":{"type":"Point","coordinates":[-100.316656,25.772245]}},{"type":"Feature","properties":{"highway":"traffic_signals","fuente":"osm","osm_id":"node/5546360785"},"geometry":{"type":"Point","coordinates":[-100.318372,25.77944]}},{"type":"Feature","properties":{"highway":"traffic_signals","fuente":"osm","osm_id":"node/5546360786"},"geometry":{"type":"Point","coordinates":[-100.31814,25.779333]}},{"type":"Feature","properties":{"highway":"traffic_signals","fuente":"osm","osm_id":"node/5546360787"},"geometry":{"type":"Point","coordinates":[-100.318101,25.779368]}},{"type":"Feature","properties":{"highway":"traffic_signals","fuente":"osm","osm_id":"node/5546360789"},"geometry":{"type":"Point","coordinates":[-100.318943,25.78087]}},{"type":"Feature","properties":{"highway":"traffic_signals","fuente":"osm","osm_id":"node/5546360792"},"geometry":{"type":"Point","coordinates":[-100.320884,25.786192]}},{"type":"Feature","properties":{"highway":"traffic_signals","fuente":"osm","osm_id":"node/5546360793"},"geometry":{"type":"Point","coordinates":[-100.320908,25.786423]}},{"type":"Feature","properties":{"highway":"traffic_signals","fuente":"osm","osm_id":"node/5546360794"},"geometry":{"type":"Point","coordinates":[-100.321109,25.786302]}},{"type":"Feature","properties":{"highway":"traffic_signals","fuente":"osm","osm_id":"node/5546360816"},"geometry":{"type":"Point","coordinates":[-100.322817,25.790624]}},{"type":"Feature","properties":{"highway":"traffic_signals","fuente":"osm","osm_id":"node/5546360819"},"geometry":{"type":"Point","coordinates":[-100.322964,25.790624]}},{"type":"Feature","properties":{"highway":"traffic_signals","fuente":"osm","osm_id":"node/5546360820"},"geometry":{"type":"Point","coordinates":[-100.322907,25.791245]}},{"type":"Feature","properties":{"highway":"traffic_signals","fuente":"osm","osm_id":"node/5551411715"},"geometry":{"type":"Point","coordinates":[-100.358589,25.650253]}},{"type":"Feature","properties":{"highway":"traffic_signals","fuente":"osm","osm_id":"node/5551411716"},"geometry":{"type":"Point","coordinates":[-100.358893,25.650375]}},{"type":"Feature","properties":{"highway":"traffic_signals","fuente":"osm","osm_id":"node/5551411717"},"geometry":{"type":"Point","coordinates":[-100.358675,25.650164]}},{"type":"Feature","properties":{"highway":"traffic_signals","fuente":"osm","osm_id":"node/5551411818"},"geometry":{"type":"Point","coordinates":[-100.352955,25.653214]}},{"type":"Feature","properties":{"highway":"traffic_signals","fuente":"osm","osm_id":"node/5567724984"},"geometry":{"type":"Point","coordinates":[-100.352761,25.653147]}},{"type":"Feature","properties":{"highway":"traffic_signals","fuente":"osm","osm_id":"node/5579078867"},"geometry":{"type":"Point","coordinates":[-100.274624,25.729412]}},{"type":"Feature","properties":{"highway":"traffic_signals","fuente":"osm","osm_id":"node/5579078868"},"geometry":{"type":"Point","coordinates":[-100.274613,25.729284]}},{"type":"Feature","properties":{"highway":"traffic_signals","fuente":"osm","osm_id":"node/5579078869"},"geometry":{"type":"Point","coordinates":[-100.274565,25.729285]}},{"type":"Feature","properties":{"highway":"traffic_signals","fuente":"osm","osm_id":"node/5579079217"},"geometry":{"type":"Point","coordinates":[-100.273316,25.73093]}},{"type":"Feature","properties":{"highway":"traffic_signals","fuente":"osm","osm_id":"node/5579079218"},"geometry":{"type":"Point","coordinates":[-100.273459,25.730935]}},{"type":"Feature","properties":{"highway":"traffic_signals","fuente":"osm","osm_id":"node/5579079219"},"geometry":{"type":"Point","coordinates":[-100.273017,25.731244]}},{"type":"Feature","properties":{"highway":"traffic_signals","fuente":"osm","osm_id":"node/5579079322"},"geometry":{"type":"Point","coordinates":[-100.273168,25.731238]}},{"type":"Feature","properties":{"highway":"traffic_signals","fuente":"osm","osm_id":"node/5579079325"},"geometry":{"type":"Point","coordinates":[-100.270916,25.733862]}},{"type":"Feature","properties":{"highway":"traffic_signals","fuente":"osm","osm_id":"node/5579079326"},"geometry":{"type":"Point","coordinates":[-100.270994,25.733953]}},{"type":"Feature","properties":{"highway":"traffic_signals","fuente":"osm","osm_id":"node/5579079328"},"geometry":{"type":"Point","coordinates":[-100.270667,25.73417]}},{"type":"Feature","properties":{"highway":"traffic_signals","fuente":"osm","osm_id":"node/5579079329"},"geometry":{"type":"Point","coordinates":[-100.27068,25.734331]}},{"type":"Feature","properties":{"highway":"traffic_signals","fuente":"osm","osm_id":"node/5579079330"},"geometry":{"type":"Point","coordinates":[-100.270747,25.734279]}},{"type":"Feature","properties":{"highway":"traffic_signals","fuente":"osm","osm_id":"node/5579079332"},"geometry":{"type":"Point","coordinates":[-100.268348,25.737257]}},{"type":"Feature","properties":{"highway":"traffic_signals","fuente":"osm","osm_id":"node/5579079333"},"geometry":{"type":"Point","coordinates":[-100.268443,25.737425]}},{"type":"Feature","properties":{"highway":"traffic_signals","fuente":"osm","osm_id":"node/5579079334"},"geometry":{"type":"Point","coordinates":[-100.268185,25.737307]}},{"type":"Feature","properties":{"highway":"traffic_signals","fuente":"osm","osm_id":"node/5579079354"},"geometry":{"type":"Point","coordinates":[-100.265764,25.740636]}},{"type":"Feature","properties":{"highway":"traffic_signals","fuente":"osm","osm_id":"node/5579079355"},"geometry":{"type":"Point","coordinates":[-100.265682,25.740651]}},{"type":"Feature","properties":{"highway":"traffic_signals","fuente":"osm","osm_id":"node/5579079356"},"geometry":{"type":"Point","coordinates":[-100.265805,25.740719]}},{"type":"Feature","properties":{"highway":"traffic_signals","fuente":"osm","osm_id":"node/5579079378"},"geometry":{"type":"Point","coordinates":[-100.263072,25.743178]}},{"type":"Feature","properties":{"highway":"traffic_signals","fuente":"osm","osm_id":"node/5579079379"},"geometry":{"type":"Point","coordinates":[-100.263119,25.743292]}},{"type":"Feature","properties":{"highway":"traffic_signals","fuente":"osm","osm_id":"node/5579079384"},"geometry":{"type":"Point","coordinates":[-100.259881,25.746226]}},{"type":"Feature","properties":{"highway":"traffic_signals","fuente":"osm","osm_id":"node/5579079385"},"geometry":{"type":"Point","coordinates":[-100.259855,25.746106]}},{"type":"Feature","properties":{"highway":"traffic_signals","fuente":"osm","osm_id":"node/5579079386"},"geometry":{"type":"Point","coordinates":[-100.259944,25.746234]}},{"type":"Feature","properties":{"highway":"traffic_signals","fuente":"osm","osm_id":"node/5579079394"},"geometry":{"type":"Point","coordinates":[-100.257418,25.74829]}},{"type":"Feature","properties":{"highway":"traffic_signals","fuente":"osm","osm_id":"node/5579079395"},"geometry":{"type":"Point","coordinates":[-100.257449,25.748413]}},{"type":"Feature","properties":{"highway":"traffic_signals","fuente":"osm","osm_id":"node/5579079398"},"geometry":{"type":"Point","coordinates":[-100.257329,25.748339]}},{"type":"Feature","properties":{"highway":"traffic_signals","fuente":"osm","osm_id":"node/5579079399"},"geometry":{"type":"Point","coordinates":[-100.257368,25.748306]}},{"type":"Feature","properties":{"highway":"traffic_signals","fuente":"osm","osm_id":"node/5579079408"},"geometry":{"type":"Point","coordinates":[-100.25474,25.750736]}},{"type":"Feature","properties":{"highway":"traffic_signals","fuente":"osm","osm_id":"node/5579079409"},"geometry":{"type":"Point","coordinates":[-100.2548,25.75071]}},{"type":"Feature","properties":{"highway":"traffic_signals","fuente":"osm","osm_id":"node/5579079410"},"geometry":{"type":"Point","coordinates":[-100.254822,25.750803]}},{"type":"Feature","properties":{"highway":"traffic_signals","fuente":"osm","osm_id":"node/5579079411"},"geometry":{"type":"Point","coordinates":[-100.254911,25.750796]}},{"type":"Feature","properties":{"highway":"traffic_signals","fuente":"osm","osm_id":"node/5579079537"},"geometry":{"type":"Point","coordinates":[-100.280208,25.721961]}},{"type":"Feature","properties":{"highway":"traffic_signals","fuente":"osm","osm_id":"node/5579079542"},"geometry":{"type":"Point","coordinates":[-100.280083,25.721852]}},{"type":"Feature","properties":{"highway":"traffic_signals","fuente":"osm","osm_id":"node/5579079544"},"geometry":{"type":"Point","coordinates":[-100.280162,25.72204]}},{"type":"Feature","properties":{"highway":"traffic_signals","fuente":"osm","osm_id":"node/5579079545"},"geometry":{"type":"Point","coordinates":[-100.280155,25.72182]}},{"type":"Feature","properties":{"highway":"traffic_signals","fuente":"osm","osm_id":"node/5618185782"},"geometry":{"type":"Point","coordinates":[-100.330429,25.685671]}},{"type":"Feature","properties":{"highway":"traffic_signals","fuente":"osm","osm_id":"node/5618185783"},"geometry":{"type":"Point","coordinates":[-100.330546,25.68573]}},{"type":"Feature","properties":{"highway":"traffic_signals","fuente":"osm","osm_id":"node/5618185786"},"geometry":{"type":"Point","coordinates":[-100.330557,25.684906]}},{"type":"Feature","properties":{"highway":"traffic_signals","fuente":"osm","osm_id":"node/5618185787"},"geometry":{"type":"Point","coordinates":[-100.330678,25.684044]}},{"type":"Feature","properties":{"highway":"traffic_signals","fuente":"osm","osm_id":"node/5618185788"},"geometry":{"type":"Point","coordinates":[-100.330774,25.683205]}},{"type":"Feature","properties":{"highway":"traffic_signals","fuente":"osm","osm_id":"node/5618185789"},"geometry":{"type":"Point","coordinates":[-100.330883,25.682338]}},{"type":"Feature","properties":{"highway":"traffic_signals","fuente":"osm","osm_id":"node/5618185790"},"geometry":{"type":"Point","coordinates":[-100.331006,25.681444]}},{"type":"Feature","properties":{"highway":"traffic_signals","fuente":"osm","osm_id":"node/5618186376"},"geometry":{"type":"Point","coordinates":[-100.332185,25.676441]}},{"type":"Feature","properties":{"highway":"traffic_signals","fuente":"osm","osm_id":"node/5618186377"},"geometry":{"type":"Point","coordinates":[-100.332288,25.67551]}},{"type":"Feature","properties":{"highway":"traffic_signals","fuente":"osm","osm_id":"node/5618186386"},"geometry":{"type":"Point","coordinates":[-100.332743,25.674133]}},{"type":"Feature","properties":{"highway":"traffic_signals","fuente":"osm","osm_id":"node/5618186387"},"geometry":{"type":"Point","coordinates":[-100.332929,25.672713]}},{"type":"Feature","properties":{"highway":"traffic_signals","fuente":"osm","osm_id":"node/5618186388"},"geometry":{"type":"Point","coordinates":[-100.333304,25.671613]}},{"type":"Feature","properties":{"highway":"traffic_signals","fuente":"osm","osm_id":"node/5618186389"},"geometry":{"type":"Point","coordinates":[-100.333571,25.670089]}},{"type":"Feature","properties":{"highway":"traffic_signals","fuente":"osm","osm_id":"node/5627250867"},"geometry":{"type":"Point","coordinates":[-100.390884,25.751134]}},{"type":"Feature","properties":{"highway":"traffic_signals","fuente":"osm","osm_id":"node/5627250868"},"geometry":{"type":"Point","coordinates":[-100.390935,25.751511]}},{"type":"Feature","properties":{"highway":"traffic_signals","fuente":"osm","osm_id":"node/5627250869"},"geometry":{"type":"Point","coordinates":[-100.391093,25.751374]}},{"type":"Feature","properties":{"highway":"traffic_signals","fuente":"osm","osm_id":"node/5633632401"},"geometry":{"type":"Point","coordinates":[-100.250523,25.713309]}},{"type":"Feature","properties":{"highway":"traffic_signals","fuente":"osm","osm_id":"node/5633632631"},"geometry":{"type":"Point","coordinates":[-100.262444,25.721492]}},{"type":"Feature","properties":{"highway":"traffic_signals","fuente":"osm","osm_id":"node/5633632632"},"geometry":{"type":"Point","coordinates":[-100.262379,25.721693]}},{"type":"Feature","properties":{"highway":"traffic_signals","fuente":"osm","osm_id":"node/5676041602"},"geometry":{"type":"Point","coordinates":[-100.293178,25.795844]}},{"type":"Feature","properties":{"highway":"traffic_signals","fuente":"osm","osm_id":"node/5676041603"},"geometry":{"type":"Point","coordinates":[-100.287449,25.786177]}},{"type":"Feature","properties":{"highway":"traffic_signals","fuente":"osm","osm_id":"node/5676045228"},"geometry":{"type":"Point","coordinates":[-100.287528,25.786054]}},{"type":"Feature","properties":{"highway":"traffic_signals","fuente":"osm","osm_id":"node/5686226610"},"geometry":{"type":"Point","coordinates":[-100.289784,25.767683]}},{"type":"Feature","properties":{"highway":"traffic_signals","fuente":"osm","osm_id":"node/5686226611"},"geometry":{"type":"Point","coordinates":[-100.289768,25.767996]}},{"type":"Feature","properties":{"highway":"traffic_signals","fuente":"osm","osm_id":"node/5686226612"},"geometry":{"type":"Point","coordinates":[-100.289505,25.76793]}},{"type":"Feature","properties":{"highway":"traffic_signals","fuente":"osm","osm_id":"node/5686226613"},"geometry":{"type":"Point","coordinates":[-100.288967,25.767976]}},{"type":"Feature","properties":{"highway":"traffic_signals","fuente":"osm","osm_id":"node/5686226616"},"geometry":{"type":"Point","coordinates":[-100.291663,25.767501]}},{"type":"Feature","properties":{"highway":"traffic_signals","fuente":"osm","osm_id":"node/5686226617"},"geometry":{"type":"Point","coordinates":[-100.2924,25.767403]}},{"type":"Feature","properties":{"highway":"traffic_signals","fuente":"osm","osm_id":"node/5686226618"},"geometry":{"type":"Point","coordinates":[-100.292188,25.767589]}},{"type":"Feature","properties":{"highway":"traffic_signals","fuente":"osm","osm_id":"node/5686226619"},"geometry":{"type":"Point","coordinates":[-100.29228,25.767671]}},{"type":"Feature","properties":{"highway":"traffic_signals","fuente":"osm","osm_id":"node/5686226620"},"geometry":{"type":"Point","coordinates":[-100.293422,25.767582]}},{"type":"Feature","properties":{"highway":"traffic_signals","fuente":"osm","osm_id":"node/5720757320"},"geometry":{"type":"Point","coordinates":[-100.266251,25.755883]}},{"type":"Feature","properties":{"highway":"traffic_signals","fuente":"osm","osm_id":"node/5720757621"},"geometry":{"type":"Point","coordinates":[-100.266095,25.75615]}},{"type":"Feature","properties":{"highway":"traffic_signals","fuente":"osm","osm_id":"node/5720757630"},"geometry":{"type":"Point","coordinates":[-100.263977,25.75984]}},{"type":"Feature","properties":{"highway":"traffic_signals","fuente":"osm","osm_id":"node/5720757688"},"geometry":{"type":"Point","coordinates":[-100.266944,25.750904]}},{"type":"Feature","properties":{"highway":"traffic_signals","fuente":"osm","osm_id":"node/5787709532"},"geometry":{"type":"Point","coordinates":[-100.303139,25.704087]}},{"type":"Feature","properties":{"highway":"traffic_signals","fuente":"osm","osm_id":"node/5787709533"},"geometry":{"type":"Point","coordinates":[-100.303294,25.703934]}},{"type":"Feature","properties":{"highway":"traffic_signals","fuente":"osm","osm_id":"node/5787709534"},"geometry":{"type":"Point","coordinates":[-100.303157,25.703895]}},{"type":"Feature","properties":{"highway":"traffic_signals","fuente":"osm","osm_id":"node/5802016027"},"geometry":{"type":"Point","coordinates":[-100.254812,25.738305]}},{"type":"Feature","properties":{"highway":"traffic_signals","fuente":"osm","osm_id":"node/5802016028"},"geometry":{"type":"Point","coordinates":[-100.254647,25.738288]}},{"type":"Feature","properties":{"highway":"traffic_signals","fuente":"osm","osm_id":"node/5821410454"},"geometry":{"type":"Point","coordinates":[-100.191509,25.784958]}},{"type":"Feature","properties":{"highway":"traffic_signals","fuente":"osm","osm_id":"node/5854472128"},"geometry":{"type":"Point","coordinates":[-100.256356,25.689132]}},{"type":"Feature","properties":{"highway":"traffic_signals","fuente":"osm","osm_id":"node/5854472138"},"geometry":{"type":"Point","coordinates":[-100.255995,25.689301]}},{"type":"Feature","properties":{"highway":"traffic_signals","fuente":"osm","osm_id":"node/5906761748"},"geometry":{"type":"Point","coordinates":[-100.170894,25.644658]}},{"type":"Feature","properties":{"highway":"traffic_signals","fuente":"osm","osm_id":"node/5906761749"},"geometry":{"type":"Point","coordinates":[-100.170548,25.644724]}},{"type":"Feature","properties":{"highway":"traffic_signals","fuente":"osm","osm_id":"node/5906761750"},"geometry":{"type":"Point","coordinates":[-100.170586,25.644814]}},{"type":"Feature","properties":{"highway":"traffic_signals","fuente":"osm","osm_id":"node/5906761751"},"geometry":{"type":"Point","coordinates":[-100.170863,25.644644]}},{"type":"Feature","properties":{"highway":"traffic_signals","fuente":"osm","osm_id":"node/5969770401"},"geometry":{"type":"Point","coordinates":[-100.380212,25.671596]}},{"type":"Feature","properties":{"highway":"traffic_signals","fuente":"osm","osm_id":"node/5973597124"},"geometry":{"type":"Point","coordinates":[-100.382902,25.661158]}},{"type":"Feature","properties":{"highway":"traffic_signals","fuente":"osm","osm_id":"node/6073944200"},"geometry":{"type":"Point","coordinates":[-100.372946,25.64235]}},{"type":"Feature","properties":{"highway":"traffic_signals","fuente":"osm","osm_id":"node/6073944209"},"geometry":{"type":"Point","coordinates":[-100.377462,25.644907]}},{"type":"Feature","properties":{"highway":"traffic_signals","fuente":"osm","osm_id":"node/6074022345"},"geometry":{"type":"Point","coordinates":[-100.444246,25.685833]}},{"type":"Feature","properties":{"highway":"traffic_signals","fuente":"osm","osm_id":"node/6074609128"},"geometry":{"type":"Point","coordinates":[-100.350446,25.681458]}},{"type":"Feature","properties":{"highway":"traffic_signals","fuente":"osm","osm_id":"node/6074751834"},"geometry":{"type":"Point","coordinates":[-100.342851,25.725202]}},{"type":"Feature","properties":{"highway":"traffic_signals","fuente":"osm","osm_id":"node/6076738217"},"geometry":{"type":"Point","coordinates":[-100.458121,25.692725]}},{"type":"Feature","properties":{"highway":"traffic_signals","fuente":"osm","osm_id":"node/6076975435"},"geometry":{"type":"Point","coordinates":[-100.411622,25.657779]}},{"type":"Feature","properties":{"highway":"traffic_signals","fuente":"osm","osm_id":"node/6076987723"},"geometry":{"type":"Point","coordinates":[-100.402005,25.654493]}},{"type":"Feature","properties":{"highway":"traffic_signals","fuente":"osm","osm_id":"node/6076987725"},"geometry":{"type":"Point","coordinates":[-100.403799,25.655098]}},{"type":"Feature","properties":{"highway":"traffic_signals","fuente":"osm","osm_id":"node/6076987726"},"geometry":{"type":"Point","coordinates":[-100.406494,25.656038]}},{"type":"Feature","properties":{"highway":"traffic_signals","fuente":"osm","osm_id":"node/6077041556"},"geometry":{"type":"Point","coordinates":[-100.386041,25.648076]}},{"type":"Feature","properties":{"highway":"traffic_signals","fuente":"osm","osm_id":"node/6077041564"},"geometry":{"type":"Point","coordinates":[-100.386005,25.648144]}},{"type":"Feature","properties":{"highway":"traffic_signals","fuente":"osm","osm_id":"node/6077058180"},"geometry":{"type":"Point","coordinates":[-100.277224,25.652862]}},{"type":"Feature","properties":{"highway":"traffic_signals","fuente":"osm","osm_id":"node/6077058181"},"geometry":{"type":"Point","coordinates":[-100.277362,25.652979]}},{"type":"Feature","properties":{"highway":"traffic_signals","fuente":"osm","osm_id":"node/6086212393"},"geometry":{"type":"Point","coordinates":[-100.337425,25.704727]}},{"type":"Feature","properties":{"highway":"traffic_signals","fuente":"osm","osm_id":"node/6086212394"},"geometry":{"type":"Point","coordinates":[-100.341957,25.70481]}},{"type":"Feature","properties":{"highway":"traffic_signals","fuente":"osm","osm_id":"node/6086212395"},"geometry":{"type":"Point","coordinates":[-100.342371,25.704332]}},{"type":"Feature","properties":{"highway":"traffic_signals","fuente":"osm","osm_id":"node/6086212396"},"geometry":{"type":"Point","coordinates":[-100.342822,25.704681]}},{"type":"Feature","properties":{"highway":"traffic_signals","fuente":"osm","osm_id":"node/6086212397"},"geometry":{"type":"Point","coordinates":[-100.34236,25.708976]}},{"type":"Feature","properties":{"highway":"traffic_signals","fuente":"osm","osm_id":"node/6086212398"},"geometry":{"type":"Point","coordinates":[-100.34228,25.705015]}},{"type":"Feature","properties":{"highway":"traffic_signals","fuente":"osm","osm_id":"node/6086212404"},"geometry":{"type":"Point","coordinates":[-100.342572,25.709104]}},{"type":"Feature","properties":{"highway":"traffic_signals","fuente":"osm","osm_id":"node/6086212405"},"geometry":{"type":"Point","coordinates":[-100.342504,25.709795]}},{"type":"Feature","properties":{"highway":"traffic_signals","fuente":"osm","osm_id":"node/6086371469"},"geometry":{"type":"Point","coordinates":[-100.342412,25.718529]}},{"type":"Feature","properties":{"highway":"traffic_signals","fuente":"osm","osm_id":"node/6086371470"},"geometry":{"type":"Point","coordinates":[-100.342613,25.718486]}},{"type":"Feature","properties":{"highway":"traffic_signals","fuente":"osm","osm_id":"node/6086371471"},"geometry":{"type":"Point","coordinates":[-100.342388,25.718873]}},{"type":"Feature","properties":{"highway":"traffic_signals","fuente":"osm","osm_id":"node/6086371472"},"geometry":{"type":"Point","coordinates":[-100.342581,25.718879]}},{"type":"Feature","properties":{"highway":"traffic_signals","fuente":"osm","osm_id":"node/6086371482"},"geometry":{"type":"Point","coordinates":[-100.332773,25.721839]}},{"type":"Feature","properties":{"highway":"traffic_signals","fuente":"osm","osm_id":"node/6086371483"},"geometry":{"type":"Point","coordinates":[-100.332982,25.722076]}},{"type":"Feature","properties":{"highway":"traffic_signals","fuente":"osm","osm_id":"node/6086371484"},"geometry":{"type":"Point","coordinates":[-100.333243,25.72208]}},{"type":"Feature","properties":{"highway":"traffic_signals","fuente":"osm","osm_id":"node/6086380085"},"geometry":{"type":"Point","coordinates":[-100.332568,25.721842]}},{"type":"Feature","properties":{"highway":"traffic_signals","fuente":"osm","osm_id":"node/6117053344"},"geometry":{"type":"Point","coordinates":[-100.287858,25.703672]}},{"type":"Feature","properties":{"highway":"traffic_signals","fuente":"osm","osm_id":"node/6152054342"},"geometry":{"type":"Point","coordinates":[-100.24627,25.698164]}},{"type":"Feature","properties":{"highway":"traffic_signals","fuente":"osm","osm_id":"node/6152054343"},"geometry":{"type":"Point","coordinates":[-100.246171,25.697878]}},{"type":"Feature","properties":{"highway":"traffic_signals","fuente":"osm","osm_id":"node/6152082137"},"geometry":{"type":"Point","coordinates":[-100.253989,25.699436]}},{"type":"Feature","properties":{"highway":"traffic_signals","fuente":"osm","osm_id":"node/6152082138"},"geometry":{"type":"Point","coordinates":[-100.254222,25.699447]}},{"type":"Feature","properties":{"highway":"traffic_signals","fuente":"osm","osm_id":"node/6152082140"},"geometry":{"type":"Point","coordinates":[-100.253982,25.698783]}},{"type":"Feature","properties":{"highway":"traffic_signals","fuente":"osm","osm_id":"node/6152082164"},"geometry":{"type":"Point","coordinates":[-100.253897,25.699494]}},{"type":"Feature","properties":{"highway":"traffic_signals","fuente":"osm","osm_id":"node/6152082165"},"geometry":{"type":"Point","coordinates":[-100.25388,25.699552]}},{"type":"Feature","properties":{"highway":"traffic_signals","fuente":"osm","osm_id":"node/6166844500"},"geometry":{"type":"Point","coordinates":[-100.268431,25.703318]}},{"type":"Feature","properties":{"highway":"traffic_signals","fuente":"osm","osm_id":"node/6166844501"},"geometry":{"type":"Point","coordinates":[-100.268377,25.703568]}},{"type":"Feature","properties":{"highway":"traffic_signals","fuente":"osm","osm_id":"node/6166844503"},"geometry":{"type":"Point","coordinates":[-100.267972,25.703478]}},{"type":"Feature","properties":{"highway":"traffic_signals","fuente":"osm","osm_id":"node/6166844504"},"geometry":{"type":"Point","coordinates":[-100.26805,25.703265]}},{"type":"Feature","properties":{"highway":"traffic_signals","fuente":"osm","osm_id":"node/6166844505"},"geometry":{"type":"Point","coordinates":[-100.260738,25.703182]}},{"type":"Feature","properties":{"highway":"traffic_signals","fuente":"osm","osm_id":"node/6166844506"},"geometry":{"type":"Point","coordinates":[-100.260755,25.70335]}},{"type":"Feature","properties":{"highway":"traffic_signals","fuente":"osm","osm_id":"node/6166844512"},"geometry":{"type":"Point","coordinates":[-100.247847,25.702983]}},{"type":"Feature","properties":{"highway":"traffic_signals","fuente":"osm","osm_id":"node/6166844513"},"geometry":{"type":"Point","coordinates":[-100.247846,25.703134]}},{"type":"Feature","properties":{"highway":"traffic_signals","fuente":"osm","osm_id":"node/6166844520"},"geometry":{"type":"Point","coordinates":[-100.238903,25.702828]}},{"type":"Feature","properties":{"highway":"traffic_signals","fuente":"osm","osm_id":"node/6166844521"},"geometry":{"type":"Point","coordinates":[-100.238895,25.702982]}},{"type":"Feature","properties":{"highway":"traffic_signals","fuente":"osm","osm_id":"node/6166844530"},"geometry":{"type":"Point","coordinates":[-100.230288,25.702671]}},{"type":"Feature","properties":{"highway":"traffic_signals","fuente":"osm","osm_id":"node/6166844531"},"geometry":{"type":"Point","coordinates":[-100.23029,25.702825]}},{"type":"Feature","properties":{"highway":"traffic_signals","fuente":"osm","osm_id":"node/6166844532"},"geometry":{"type":"Point","coordinates":[-100.225322,25.702846]}},{"type":"Feature","properties":{"highway":"traffic_signals","fuente":"osm","osm_id":"node/6166844533"},"geometry":{"type":"Point","coordinates":[-100.223665,25.7025]}},{"type":"Feature","properties":{"highway":"traffic_signals","fuente":"osm","osm_id":"node/6166844534"},"geometry":{"type":"Point","coordinates":[-100.223676,25.702651]}},{"type":"Feature","properties":{"highway":"traffic_signals","fuente":"osm","osm_id":"node/6263195465"},"geometry":{"type":"Point","coordinates":[-100.131474,25.701425]}},{"type":"Feature","properties":{"highway":"traffic_signals","fuente":"osm","osm_id":"node/6273037954"},"geometry":{"type":"Point","coordinates":[-100.263127,25.679635]}},{"type":"Feature","properties":{"highway":"traffic_signals","fuente":"osm","osm_id":"node/6273037955"},"geometry":{"type":"Point","coordinates":[-100.265426,25.679795]}},{"type":"Feature","properties":{"highway":"traffic_signals","fuente":"osm","osm_id":"node/6273039491"},"geometry":{"type":"Point","coordinates":[-100.250493,25.679738]}},{"type":"Feature","properties":{"highway":"traffic_signals","fuente":"osm","osm_id":"node/6277158629"},"geometry":{"type":"Point","coordinates":[-100.256268,25.679839]}},{"type":"Feature","properties":{"highway":"traffic_signals","fuente":"osm","osm_id":"node/6277158645"},"geometry":{"type":"Point","coordinates":[-100.257489,25.679674]}},{"type":"Feature","properties":{"highway":"traffic_signals","fuente":"osm","osm_id":"node/6363790886"},"geometry":{"type":"Point","coordinates":[-100.351426,25.680996]}},{"type":"Feature","properties":{"highway":"traffic_signals","fuente":"osm","osm_id":"node/6363790887"},"geometry":{"type":"Point","coordinates":[-100.351349,25.680946]}},{"type":"Feature","properties":{"highway":"traffic_signals","fuente":"osm","osm_id":"node/6439165003"},"geometry":{"type":"Point","coordinates":[-100.366729,25.726101]}},{"type":"Feature","properties":{"highway":"traffic_signals","fuente":"osm","osm_id":"node/6452899838"},"geometry":{"type":"Point","coordinates":[-100.342617,25.725155]}},{"type":"Feature","properties":{"highway":"traffic_signals","fuente":"osm","osm_id":"node/6452899839"},"geometry":{"type":"Point","coordinates":[-100.342571,25.724886]}},{"type":"Feature","properties":{"highway":"traffic_signals","fuente":"osm","osm_id":"node/6462240692"},"geometry":{"type":"Point","coordinates":[-100.295332,25.637708]}},{"type":"Feature","properties":{"highway":"traffic_signals","fuente":"osm","osm_id":"node/6504167541"},"geometry":{"type":"Point","coordinates":[-100.351893,25.680894]}},{"type":"Feature","properties":{"highway":"traffic_signals","fuente":"osm","osm_id":"node/6504167542"},"geometry":{"type":"Point","coordinates":[-100.353384,25.680217]}},{"type":"Feature","properties":{"highway":"traffic_signals","fuente":"osm","osm_id":"node/6504167543"},"geometry":{"type":"Point","coordinates":[-100.35237,25.680694]}},{"type":"Feature","properties":{"highway":"traffic_signals","fuente":"osm","osm_id":"node/6504167544"},"geometry":{"type":"Point","coordinates":[-100.352292,25.680599]}},{"type":"Feature","properties":{"highway":"traffic_signals","fuente":"osm","osm_id":"node/6504167545"},"geometry":{"type":"Point","coordinates":[-100.351791,25.681151]}},{"type":"Feature","properties":{"highway":"traffic_signals","fuente":"osm","osm_id":"node/6504167546"},"geometry":{"type":"Point","coordinates":[-100.345257,25.683995]}},{"type":"Feature","properties":{"highway":"traffic_signals","fuente":"osm","osm_id":"node/6504167547"},"geometry":{"type":"Point","coordinates":[-100.345086,25.684043]}},{"type":"Feature","properties":{"highway":"traffic_signals","fuente":"osm","osm_id":"node/6504167548"},"geometry":{"type":"Point","coordinates":[-100.34496,25.684238]}},{"type":"Feature","properties":{"highway":"traffic_signals","fuente":"osm","osm_id":"node/6504167549"},"geometry":{"type":"Point","coordinates":[-100.344914,25.684517]}},{"type":"Feature","properties":{"highway":"traffic_signals","fuente":"osm","osm_id":"node/6504167550"},"geometry":{"type":"Point","coordinates":[-100.345142,25.68454]}},{"type":"Feature","properties":{"highway":"traffic_signals","fuente":"osm","osm_id":"node/6504167551"},"geometry":{"type":"Point","coordinates":[-100.345298,25.684513]}},{"type":"Feature","properties":{"highway":"traffic_signals","fuente":"osm","osm_id":"node/6504167552"},"geometry":{"type":"Point","coordinates":[-100.341425,25.686208]}},{"type":"Feature","properties":{"highway":"traffic_signals","fuente":"osm","osm_id":"node/6504167591"},"geometry":{"type":"Point","coordinates":[-100.333306,25.686149]}},{"type":"Feature","properties":{"highway":"traffic_signals","fuente":"osm","osm_id":"node/6504167592"},"geometry":{"type":"Point","coordinates":[-100.33435,25.686138]}},{"type":"Feature","properties":{"highway":"traffic_signals","fuente":"osm","osm_id":"node/6512022227"},"geometry":{"type":"Point","coordinates":[-100.313008,25.685805]}},{"type":"Feature","properties":{"highway":"traffic_signals","fuente":"osm","osm_id":"node/6518573969"},"geometry":{"type":"Point","coordinates":[-100.299483,25.736155]}},{"type":"Feature","properties":{"highway":"traffic_signals","fuente":"osm","osm_id":"node/6518573970"},"geometry":{"type":"Point","coordinates":[-100.298808,25.73633]}},{"type":"Feature","properties":{"highway":"traffic_signals","fuente":"osm","osm_id":"node/6573500384"},"geometry":{"type":"Point","coordinates":[-100.165327,25.687]}},{"type":"Feature","properties":{"highway":"traffic_signals","fuente":"osm","osm_id":"node/6606330506"},"geometry":{"type":"Point","coordinates":[-100.294469,25.813503]}},{"type":"Feature","properties":{"highway":"traffic_signals","fuente":"osm","osm_id":"node/6606330507"},"geometry":{"type":"Point","coordinates":[-100.294644,25.813457]}},{"type":"Feature","properties":{"highway":"traffic_signals","fuente":"osm","osm_id":"node/6606330508"},"geometry":{"type":"Point","coordinates":[-100.294715,25.816349]}},{"type":"Feature","properties":{"highway":"traffic_signals","fuente":"osm","osm_id":"node/6606330509"},"geometry":{"type":"Point","coordinates":[-100.294874,25.816663]}},{"type":"Feature","properties":{"highway":"traffic_signals","fuente":"osm","osm_id":"node/6610602245"},"geometry":{"type":"Point","coordinates":[-100.266655,25.784833]}},{"type":"Feature","properties":{"highway":"traffic_signals","fuente":"osm","osm_id":"node/6610602246"},"geometry":{"type":"Point","coordinates":[-100.266415,25.784908]}},{"type":"Feature","properties":{"highway":"traffic_signals","fuente":"osm","osm_id":"node/6610602247"},"geometry":{"type":"Point","coordinates":[-100.266603,25.785129]}},{"type":"Feature","properties":{"highway":"traffic_signals","fuente":"osm","osm_id":"node/6610602248"},"geometry":{"type":"Point","coordinates":[-100.266445,25.784619]}},{"type":"Feature","properties":{"highway":"traffic_signals","fuente":"osm","osm_id":"node/6699188975"},"geometry":{"type":"Point","coordinates":[-100.358707,25.674558]}},{"type":"Feature","properties":{"highway":"traffic_signals","fuente":"osm","osm_id":"node/6810288809"},"geometry":{"type":"Point","coordinates":[-100.244029,25.744538]}},{"type":"Feature","properties":{"highway":"traffic_signals","fuente":"osm","osm_id":"node/6810288810"},"geometry":{"type":"Point","coordinates":[-100.244089,25.744855]}},{"type":"Feature","properties":{"highway":"traffic_signals","fuente":"osm","osm_id":"node/6810288811"},"geometry":{"type":"Point","coordinates":[-100.243753,25.744464]}},{"type":"Feature","properties":{"highway":"traffic_signals","fuente":"osm","osm_id":"node/6810288812"},"geometry":{"type":"Point","coordinates":[-100.243654,25.744433]}},{"type":"Feature","properties":{"highway":"traffic_signals","fuente":"osm","osm_id":"node/6810288813"},"geometry":{"type":"Point","coordinates":[-100.244115,25.744773]}},{"type":"Feature","properties":{"highway":"traffic_signals","fuente":"osm","osm_id":"node/6952161756"},"geometry":{"type":"Point","coordinates":[-100.2669,25.750951]}},{"type":"Feature","properties":{"highway":"traffic_signals","fuente":"osm","osm_id":"node/6952161757"},"geometry":{"type":"Point","coordinates":[-100.266938,25.751231]}},{"type":"Feature","properties":{"highway":"traffic_signals","fuente":"osm","osm_id":"node/6977420626"},"geometry":{"type":"Point","coordinates":[-100.273187,25.785209]}},{"type":"Feature","properties":{"highway":"traffic_signals","fuente":"osm","osm_id":"node/6988041440"},"geometry":{"type":"Point","coordinates":[-100.327776,25.664673]}},{"type":"Feature","properties":{"highway":"traffic_signals","fuente":"osm","osm_id":"node/7003033595"},"geometry":{"type":"Point","coordinates":[-100.411422,25.657835]}},{"type":"Feature","properties":{"highway":"traffic_signals","fuente":"osm","osm_id":"node/7003033596"},"geometry":{"type":"Point","coordinates":[-100.411578,25.657892]}},{"type":"Feature","properties":{"highway":"traffic_signals","fuente":"osm","osm_id":"node/7047444827"},"geometry":{"type":"Point","coordinates":[-100.254196,25.699853]}},{"type":"Feature","properties":{"highway":"traffic_signals","fuente":"osm","osm_id":"node/7050469507"},"geometry":{"type":"Point","coordinates":[-100.271379,25.666218]}},{"type":"Feature","properties":{"highway":"traffic_signals","fuente":"osm","osm_id":"node/7050469509"},"geometry":{"type":"Point","coordinates":[-100.267075,25.665703]}},{"type":"Feature","properties":{"highway":"traffic_signals","fuente":"osm","osm_id":"node/7215653798"},"geometry":{"type":"Point","coordinates":[-100.315101,25.67127]}},{"type":"Feature","properties":{"highway":"traffic_signals","fuente":"osm","osm_id":"node/7230774925"},"geometry":{"type":"Point","coordinates":[-100.295476,25.637819]}},{"type":"Feature","properties":{"highway":"traffic_signals","fuente":"osm","osm_id":"node/7232814171"},"geometry":{"type":"Point","coordinates":[-100.295552,25.637911]}},{"type":"Feature","properties":{"highway":"traffic_signals","fuente":"osm","osm_id":"node/7238568230"},"geometry":{"type":"Point","coordinates":[-100.278292,25.666487]}},{"type":"Feature","properties":{"highway":"traffic_signals","fuente":"osm","osm_id":"node/7239166927"},"geometry":{"type":"Point","coordinates":[-100.279749,25.652429]}},{"type":"Feature","properties":{"highway":"traffic_signals","fuente":"osm","osm_id":"node/7239166929"},"geometry":{"type":"Point","coordinates":[-100.280394,25.652303]}},{"type":"Feature","properties":{"highway":"traffic_signals","fuente":"osm","osm_id":"node/7239166934"},"geometry":{"type":"Point","coordinates":[-100.287903,25.653873]}},{"type":"Feature","properties":{"highway":"traffic_signals","fuente":"osm","osm_id":"node/7242332486"},"geometry":{"type":"Point","coordinates":[-100.302841,25.642559]}},{"type":"Feature","properties":{"highway":"traffic_signals","fuente":"osm","osm_id":"node/7243230168"},"geometry":{"type":"Point","coordinates":[-100.392388,25.651297]}},{"type":"Feature","properties":{"highway":"traffic_signals","fuente":"osm","osm_id":"node/7246407681"},"geometry":{"type":"Point","coordinates":[-100.400194,25.653997]}},{"type":"Feature","properties":{"highway":"traffic_signals","fuente":"osm","osm_id":"node/7246407682"},"geometry":{"type":"Point","coordinates":[-100.400237,25.653909]}},{"type":"Feature","properties":{"highway":"traffic_signals","fuente":"osm","osm_id":"node/7246747110"},"geometry":{"type":"Point","coordinates":[-100.380245,25.64566]}},{"type":"Feature","properties":{"highway":"traffic_signals","fuente":"osm","osm_id":"node/7247620815"},"geometry":{"type":"Point","coordinates":[-100.273824,25.643098]}},{"type":"Feature","properties":{"highway":"traffic_signals","fuente":"osm","osm_id":"node/7248874028"},"geometry":{"type":"Point","coordinates":[-100.293836,25.655475]}},{"type":"Feature","properties":{"highway":"traffic_signals","fuente":"osm","osm_id":"node/7248946055"},"geometry":{"type":"Point","coordinates":[-100.280331,25.652249]}},{"type":"Feature","properties":{"highway":"traffic_signals","fuente":"osm","osm_id":"node/7265250005"},"geometry":{"type":"Point","coordinates":[-100.405262,25.6631]}},{"type":"Feature","properties":{"highway":"traffic_signals","fuente":"osm","osm_id":"node/7267093028"},"geometry":{"type":"Point","coordinates":[-100.287806,25.653863]}},{"type":"Feature","properties":{"highway":"traffic_signals","fuente":"osm","osm_id":"node/7267097113"},"geometry":{"type":"Point","coordinates":[-100.287871,25.65379]}},{"type":"Feature","properties":{"highway":"traffic_signals","fuente":"osm","osm_id":"node/7267097120"},"geometry":{"type":"Point","coordinates":[-100.287783,25.653936]}},{"type":"Feature","properties":{"highway":"traffic_signals","fuente":"osm","osm_id":"node/7267119626"},"geometry":{"type":"Point","coordinates":[-100.286502,25.650553]}},{"type":"Feature","properties":{"highway":"traffic_signals","fuente":"osm","osm_id":"node/7272453968"},"geometry":{"type":"Point","coordinates":[-100.469847,25.674807]}},{"type":"Feature","properties":{"highway":"traffic_signals","fuente":"osm","osm_id":"node/7274632496"},"geometry":{"type":"Point","coordinates":[-100.396722,25.675578]}},{"type":"Feature","properties":{"highway":"traffic_signals","fuente":"osm","osm_id":"node/7280347558"},"geometry":{"type":"Point","coordinates":[-100.205588,25.653529]}},{"type":"Feature","properties":{"highway":"traffic_signals","fuente":"osm","osm_id":"node/7280347562"},"geometry":{"type":"Point","coordinates":[-100.197362,25.651593]}},{"type":"Feature","properties":{"highway":"traffic_signals","fuente":"osm","osm_id":"node/7280347563"},"geometry":{"type":"Point","coordinates":[-100.197165,25.651467]}},{"type":"Feature","properties":{"highway":"traffic_signals","fuente":"osm","osm_id":"node/7283034897"},"geometry":{"type":"Point","coordinates":[-100.289855,25.653602]}},{"type":"Feature","properties":{"highway":"traffic_signals","fuente":"osm","osm_id":"node/7283034898"},"geometry":{"type":"Point","coordinates":[-100.289812,25.653468]}},{"type":"Feature","properties":{"highway":"traffic_signals","fuente":"osm","osm_id":"node/7283034899"},"geometry":{"type":"Point","coordinates":[-100.289634,25.653505]}},{"type":"Feature","properties":{"highway":"traffic_signals","fuente":"osm","osm_id":"node/7304247225"},"geometry":{"type":"Point","coordinates":[-100.284173,25.653019]}},{"type":"Feature","properties":{"highway":"traffic_signals","fuente":"osm","osm_id":"node/7304247227"},"geometry":{"type":"Point","coordinates":[-100.284196,25.652962]}},{"type":"Feature","properties":{"highway":"traffic_signals","fuente":"osm","osm_id":"node/7304247243"},"geometry":{"type":"Point","coordinates":[-100.279781,25.652363]}},{"type":"Feature","properties":{"highway":"traffic_signals","fuente":"osm","osm_id":"node/7308170700"},"geometry":{"type":"Point","coordinates":[-100.277245,25.652845]}},{"type":"Feature","properties":{"highway":"traffic_signals","fuente":"osm","osm_id":"node/7308170701"},"geometry":{"type":"Point","coordinates":[-100.277107,25.653092]}},{"type":"Feature","properties":{"highway":"traffic_signals","fuente":"osm","osm_id":"node/7308311593"},"geometry":{"type":"Point","coordinates":[-100.28242,25.66023]}},{"type":"Feature","properties":{"highway":"traffic_signals","fuente":"osm","osm_id":"node/7309711308"},"geometry":{"type":"Point","coordinates":[-100.274178,25.64348]}},{"type":"Feature","properties":{"highway":"traffic_signals","fuente":"osm","osm_id":"node/7326081274"},"geometry":{"type":"Point","coordinates":[-100.378006,25.65219]}},{"type":"Feature","properties":{"highway":"traffic_signals","fuente":"osm","osm_id":"node/7326081276"},"geometry":{"type":"Point","coordinates":[-100.377932,25.652258]}},{"type":"Feature","properties":{"highway":"traffic_signals","fuente":"osm","osm_id":"node/7439677019"},"geometry":{"type":"Point","coordinates":[-100.444313,25.686238]}},{"type":"Feature","properties":{"highway":"traffic_signals","fuente":"osm","osm_id":"node/7439677021"},"geometry":{"type":"Point","coordinates":[-100.444473,25.686279]}},{"type":"Feature","properties":{"highway":"traffic_signals","fuente":"osm","osm_id":"node/7439677022"},"geometry":{"type":"Point","coordinates":[-100.444274,25.686127]}},{"type":"Feature","properties":{"highway":"traffic_signals","fuente":"osm","osm_id":"node/7443183517"},"geometry":{"type":"Point","coordinates":[-100.443623,25.684943]}},{"type":"Feature","properties":{"highway":"traffic_signals","fuente":"osm","osm_id":"node/7443183518"},"geometry":{"type":"Point","coordinates":[-100.443602,25.685026]}},{"type":"Feature","properties":{"highway":"traffic_signals","fuente":"osm","osm_id":"node/7443183519"},"geometry":{"type":"Point","coordinates":[-100.443309,25.684827]}},{"type":"Feature","properties":{"highway":"traffic_signals","fuente":"osm","osm_id":"node/7443183520"},"geometry":{"type":"Point","coordinates":[-100.443284,25.684941]}},{"type":"Feature","properties":{"highway":"traffic_signals","fuente":"osm","osm_id":"node/7455219771"},"geometry":{"type":"Point","coordinates":[-100.154778,25.628687]}},{"type":"Feature","properties":{"highway":"traffic_signals","fuente":"osm","osm_id":"node/7465025921"},"geometry":{"type":"Point","coordinates":[-100.202893,25.722254]}},{"type":"Feature","properties":{"highway":"traffic_signals","fuente":"osm","osm_id":"node/7465025923"},"geometry":{"type":"Point","coordinates":[-100.202806,25.722246]}},{"type":"Feature","properties":{"highway":"traffic_signals","fuente":"osm","osm_id":"node/7467723745"},"geometry":{"type":"Point","coordinates":[-100.330261,25.688516]}},{"type":"Feature","properties":{"highway":"traffic_signals","fuente":"osm","osm_id":"node/7467723746"},"geometry":{"type":"Point","coordinates":[-100.330108,25.688498]}},{"type":"Feature","properties":{"highway":"traffic_signals","fuente":"osm","osm_id":"node/7487375597"},"geometry":{"type":"Point","coordinates":[-100.198665,25.783689]}},{"type":"Feature","properties":{"highway":"traffic_signals","fuente":"osm","osm_id":"node/7487375601"},"geometry":{"type":"Point","coordinates":[-100.197854,25.780909]}},{"type":"Feature","properties":{"highway":"traffic_signals","fuente":"osm","osm_id":"node/7490700941"},"geometry":{"type":"Point","coordinates":[-100.283984,25.660083]}},{"type":"Feature","properties":{"highway":"traffic_signals","fuente":"osm","osm_id":"node/7490700942"},"geometry":{"type":"Point","coordinates":[-100.284121,25.653006]}},{"type":"Feature","properties":{"highway":"traffic_signals","fuente":"osm","osm_id":"node/7490700946"},"geometry":{"type":"Point","coordinates":[-100.283875,25.660166]}},{"type":"Feature","properties":{"highway":"traffic_signals","fuente":"osm","osm_id":"node/7490700947"},"geometry":{"type":"Point","coordinates":[-100.284032,25.660256]}},{"type":"Feature","properties":{"highway":"traffic_signals","fuente":"osm","osm_id":"node/7494841959"},"geometry":{"type":"Point","coordinates":[-100.282078,25.660245]}},{"type":"Feature","properties":{"highway":"traffic_signals","fuente":"osm","osm_id":"node/7494841960"},"geometry":{"type":"Point","coordinates":[-100.282222,25.660241]}},{"type":"Feature","properties":{"highway":"traffic_signals","fuente":"osm","osm_id":"node/7494841961"},"geometry":{"type":"Point","coordinates":[-100.282542,25.660165]}},{"type":"Feature","properties":{"highway":"traffic_signals","fuente":"osm","osm_id":"node/7494841962"},"geometry":{"type":"Point","coordinates":[-100.282492,25.660308]}},{"type":"Feature","properties":{"highway":"traffic_signals","fuente":"osm","osm_id":"node/7494868809"},"geometry":{"type":"Point","coordinates":[-100.284109,25.660103]}},{"type":"Feature","properties":{"highway":"traffic_signals","fuente":"osm","osm_id":"node/7494890681"},"geometry":{"type":"Point","coordinates":[-100.358596,25.650203]}},{"type":"Feature","properties":{"highway":"traffic_signals","fuente":"osm","osm_id":"node/7495455862"},"geometry":{"type":"Point","coordinates":[-100.299684,25.633659]}},{"type":"Feature","properties":{"highway":"traffic_signals","fuente":"osm","osm_id":"node/7499598477"},"geometry":{"type":"Point","coordinates":[-100.378842,25.645152]}},{"type":"Feature","properties":{"highway":"traffic_signals","fuente":"osm","osm_id":"node/7499598478"},"geometry":{"type":"Point","coordinates":[-100.37876,25.645381]}},{"type":"Feature","properties":{"highway":"traffic_signals","fuente":"osm","osm_id":"node/7499598479"},"geometry":{"type":"Point","coordinates":[-100.378717,25.645266]}},{"type":"Feature","properties":{"highway":"traffic_signals","fuente":"osm","osm_id":"node/7507485244"},"geometry":{"type":"Point","coordinates":[-100.197887,25.780995]}},{"type":"Feature","properties":{"highway":"traffic_signals","fuente":"osm","osm_id":"node/7508704382"},"geometry":{"type":"Point","coordinates":[-100.269144,25.745709]}},{"type":"Feature","properties":{"highway":"traffic_signals","fuente":"osm","osm_id":"node/7515655934"},"geometry":{"type":"Point","coordinates":[-100.220472,25.724263]}},{"type":"Feature","properties":{"highway":"traffic_signals","fuente":"osm","osm_id":"node/7515655935"},"geometry":{"type":"Point","coordinates":[-100.220637,25.724133]}},{"type":"Feature","properties":{"highway":"traffic_signals","fuente":"osm","osm_id":"node/7566781905"},"geometry":{"type":"Point","coordinates":[-100.377489,25.644827]}},{"type":"Feature","properties":{"highway":"traffic_signals","fuente":"osm","osm_id":"node/7734870178"},"geometry":{"type":"Point","coordinates":[-100.263563,25.771239]}},{"type":"Feature","properties":{"highway":"traffic_signals","fuente":"osm","osm_id":"node/7734870179"},"geometry":{"type":"Point","coordinates":[-100.265212,25.771143]}},{"type":"Feature","properties":{"highway":"traffic_signals","fuente":"osm","osm_id":"node/7830565767"},"geometry":{"type":"Point","coordinates":[-100.260795,25.772657]}},{"type":"Feature","properties":{"highway":"traffic_signals","fuente":"osm","osm_id":"node/7910012470"},"geometry":{"type":"Point","coordinates":[-100.289828,25.636433]}},{"type":"Feature","properties":{"highway":"traffic_signals","fuente":"osm","osm_id":"node/7911233938"},"geometry":{"type":"Point","coordinates":[-100.216682,25.724731]}},{"type":"Feature","properties":{"highway":"traffic_signals","fuente":"osm","osm_id":"node/7911338666"},"geometry":{"type":"Point","coordinates":[-100.299579,25.633596]}},{"type":"Feature","properties":{"highway":"traffic_signals","fuente":"osm","osm_id":"node/7911338674"},"geometry":{"type":"Point","coordinates":[-100.295615,25.63768]}},{"type":"Feature","properties":{"highway":"traffic_signals","fuente":"osm","osm_id":"node/7911338675"},"geometry":{"type":"Point","coordinates":[-100.295425,25.637762]}},{"type":"Feature","properties":{"highway":"traffic_signals","fuente":"osm","osm_id":"node/7911352512"},"geometry":{"type":"Point","coordinates":[-100.284187,25.667189]}},{"type":"Feature","properties":{"highway":"traffic_signals","fuente":"osm","osm_id":"node/7911380567"},"geometry":{"type":"Point","coordinates":[-100.282291,25.666957]}},{"type":"Feature","properties":{"highway":"traffic_signals","fuente":"osm","osm_id":"node/7911380568"},"geometry":{"type":"Point","coordinates":[-100.281553,25.666878]}},{"type":"Feature","properties":{"highway":"traffic_signals","fuente":"osm","osm_id":"node/7911389844"},"geometry":{"type":"Point","coordinates":[-100.281197,25.66684]}},{"type":"Feature","properties":{"highway":"traffic_signals","fuente":"osm","osm_id":"node/7911389846"},"geometry":{"type":"Point","coordinates":[-100.279968,25.66669]}},{"type":"Feature","properties":{"highway":"traffic_signals","fuente":"osm","osm_id":"node/7911426786"},"geometry":{"type":"Point","coordinates":[-100.271381,25.666293]}},{"type":"Feature","properties":{"highway":"traffic_signals","fuente":"osm","osm_id":"node/7913085984"},"geometry":{"type":"Point","coordinates":[-100.099494,25.648146]}},{"type":"Feature","properties":{"highway":"traffic_signals","fuente":"osm","osm_id":"node/7914255202"},"geometry":{"type":"Point","coordinates":[-100.282284,25.666896]}},{"type":"Feature","properties":{"highway":"traffic_signals","fuente":"osm","osm_id":"node/7915482491"},"geometry":{"type":"Point","coordinates":[-100.212254,25.67474]}},{"type":"Feature","properties":{"highway":"traffic_signals","fuente":"osm","osm_id":"node/7921480388"},"geometry":{"type":"Point","coordinates":[-100.284135,25.652946]}},{"type":"Feature","properties":{"highway":"traffic_signals","fuente":"osm","osm_id":"node/7927921818"},"geometry":{"type":"Point","coordinates":[-100.235428,25.79055]}},{"type":"Feature","properties":{"highway":"traffic_signals","fuente":"osm","osm_id":"node/7929394955"},"geometry":{"type":"Point","coordinates":[-100.214337,25.724303]}},{"type":"Feature","properties":{"highway":"traffic_signals","fuente":"osm","osm_id":"node/7929394956"},"geometry":{"type":"Point","coordinates":[-100.214474,25.724158]}},{"type":"Feature","properties":{"highway":"traffic_signals","fuente":"osm","osm_id":"node/7950483628"},"geometry":{"type":"Point","coordinates":[-100.17293,25.760744]}},{"type":"Feature","properties":{"highway":"traffic_signals","fuente":"osm","osm_id":"node/7955879187"},"geometry":{"type":"Point","coordinates":[-100.192352,25.772189]}},{"type":"Feature","properties":{"highway":"traffic_signals","fuente":"osm","osm_id":"node/7980810091"},"geometry":{"type":"Point","coordinates":[-100.353944,25.725531]}},{"type":"Feature","properties":{"highway":"traffic_signals","fuente":"osm","osm_id":"node/7984546010"},"geometry":{"type":"Point","coordinates":[-100.248837,25.784573]}},{"type":"Feature","properties":{"highway":"traffic_signals","fuente":"osm","osm_id":"node/7984546011"},"geometry":{"type":"Point","coordinates":[-100.24881,25.784658]}},{"type":"Feature","properties":{"highway":"traffic_signals","fuente":"osm","osm_id":"node/7984546015"},"geometry":{"type":"Point","coordinates":[-100.248905,25.784598]}},{"type":"Feature","properties":{"highway":"traffic_signals","fuente":"osm","osm_id":"node/7994085522"},"geometry":{"type":"Point","coordinates":[-100.181112,25.75632]}},{"type":"Feature","properties":{"highway":"traffic_signals","fuente":"osm","osm_id":"node/7998793904"},"geometry":{"type":"Point","coordinates":[-100.29082,25.733117]}},{"type":"Feature","properties":{"highway":"traffic_signals","fuente":"osm","osm_id":"node/8002169155"},"geometry":{"type":"Point","coordinates":[-100.236468,25.753724]}},{"type":"Feature","properties":{"highway":"traffic_signals","fuente":"osm","osm_id":"node/8009697386"},"geometry":{"type":"Point","coordinates":[-100.252806,25.679721]}},{"type":"Feature","properties":{"highway":"traffic_signals","fuente":"osm","osm_id":"node/8015617489"},"geometry":{"type":"Point","coordinates":[-100.330421,25.782242]}},{"type":"Feature","properties":{"highway":"traffic_signals","fuente":"osm","osm_id":"node/8015617490"},"geometry":{"type":"Point","coordinates":[-100.329413,25.779344]}},{"type":"Feature","properties":{"highway":"traffic_signals","fuente":"osm","osm_id":"node/8015735957"},"geometry":{"type":"Point","coordinates":[-100.330526,25.781652]}},{"type":"Feature","properties":{"highway":"traffic_signals","fuente":"osm","osm_id":"node/8015735958"},"geometry":{"type":"Point","coordinates":[-100.330453,25.781499]}},{"type":"Feature","properties":{"highway":"traffic_signals","fuente":"osm","osm_id":"node/8021677600"},"geometry":{"type":"Point","coordinates":[-100.393775,25.659242]}},{"type":"Feature","properties":{"highway":"traffic_signals","fuente":"osm","osm_id":"node/8024587275"},"geometry":{"type":"Point","coordinates":[-100.192094,25.708861]}},{"type":"Feature","properties":{"highway":"traffic_signals","fuente":"osm","osm_id":"node/8034905120"},"geometry":{"type":"Point","coordinates":[-100.385267,25.655209]}},{"type":"Feature","properties":{"highway":"traffic_signals","fuente":"osm","osm_id":"node/8035133663"},"geometry":{"type":"Point","coordinates":[-100.377965,25.65218]}},{"type":"Feature","properties":{"highway":"traffic_signals","fuente":"osm","osm_id":"node/8040359478"},"geometry":{"type":"Point","coordinates":[-100.304562,25.734761]}},{"type":"Feature","properties":{"highway":"traffic_signals","fuente":"osm","osm_id":"node/8040867463"},"geometry":{"type":"Point","coordinates":[-100.285284,25.741615]}},{"type":"Feature","properties":{"highway":"traffic_signals","fuente":"osm","osm_id":"node/8073400158"},"geometry":{"type":"Point","coordinates":[-100.236089,25.719124]}},{"type":"Feature","properties":{"highway":"traffic_signals","fuente":"osm","osm_id":"node/8081035932"},"geometry":{"type":"Point","coordinates":[-100.285396,25.741654]}},{"type":"Feature","properties":{"highway":"traffic_signals","fuente":"osm","osm_id":"node/8083414552"},"geometry":{"type":"Point","coordinates":[-100.252251,25.730376]}},{"type":"Feature","properties":{"highway":"traffic_signals","fuente":"osm","osm_id":"node/8083556649"},"geometry":{"type":"Point","coordinates":[-100.214151,25.724015]}},{"type":"Feature","properties":{"highway":"traffic_signals","fuente":"osm","osm_id":"node/8087429726"},"geometry":{"type":"Point","coordinates":[-100.271949,25.810835]}},{"type":"Feature","properties":{"highway":"traffic_signals","fuente":"osm","osm_id":"node/8096339294"},"geometry":{"type":"Point","coordinates":[-100.254812,25.738568]}},{"type":"Feature","properties":{"highway":"traffic_signals","fuente":"osm","osm_id":"node/8207444742"},"geometry":{"type":"Point","coordinates":[-100.171894,25.758663]}},{"type":"Feature","properties":{"highway":"traffic_signals","fuente":"osm","osm_id":"node/8207444743"},"geometry":{"type":"Point","coordinates":[-100.172138,25.758648]}},{"type":"Feature","properties":{"highway":"traffic_signals","fuente":"osm","osm_id":"node/8207444744"},"geometry":{"type":"Point","coordinates":[-100.171975,25.758612]}},{"type":"Feature","properties":{"highway":"traffic_signals","fuente":"osm","osm_id":"node/8207444747"},"geometry":{"type":"Point","coordinates":[-100.173082,25.760735]}},{"type":"Feature","properties":{"highway":"traffic_signals","fuente":"osm","osm_id":"node/8207444748"},"geometry":{"type":"Point","coordinates":[-100.173121,25.760948]}},{"type":"Feature","properties":{"highway":"traffic_signals","fuente":"osm","osm_id":"node/8207444749"},"geometry":{"type":"Point","coordinates":[-100.169506,25.75316]}},{"type":"Feature","properties":{"highway":"traffic_signals","fuente":"osm","osm_id":"node/8207444750"},"geometry":{"type":"Point","coordinates":[-100.169554,25.753372]}},{"type":"Feature","properties":{"highway":"traffic_signals","fuente":"osm","osm_id":"node/8207444751"},"geometry":{"type":"Point","coordinates":[-100.169314,25.7532]}},{"type":"Feature","properties":{"highway":"traffic_signals","fuente":"osm","osm_id":"node/8207444752"},"geometry":{"type":"Point","coordinates":[-100.169334,25.753365]}},{"type":"Feature","properties":{"highway":"traffic_signals","fuente":"osm","osm_id":"node/8207444754"},"geometry":{"type":"Point","coordinates":[-100.177608,25.747468]}},{"type":"Feature","properties":{"highway":"traffic_signals","fuente":"osm","osm_id":"node/8207444755"},"geometry":{"type":"Point","coordinates":[-100.177841,25.747606]}},{"type":"Feature","properties":{"highway":"traffic_signals","fuente":"osm","osm_id":"node/8207444756"},"geometry":{"type":"Point","coordinates":[-100.177944,25.747174]}},{"type":"Feature","properties":{"highway":"traffic_signals","fuente":"osm","osm_id":"node/8207444757"},"geometry":{"type":"Point","coordinates":[-100.177569,25.747874]}},{"type":"Feature","properties":{"highway":"traffic_signals","fuente":"osm","osm_id":"node/8207444774"},"geometry":{"type":"Point","coordinates":[-100.179922,25.745168]}},{"type":"Feature","properties":{"highway":"traffic_signals","fuente":"osm","osm_id":"node/8207444775"},"geometry":{"type":"Point","coordinates":[-100.18031,25.744894]}},{"type":"Feature","properties":{"highway":"traffic_signals","fuente":"osm","osm_id":"node/8207444776"},"geometry":{"type":"Point","coordinates":[-100.179687,25.745033]}},{"type":"Feature","properties":{"highway":"traffic_signals","fuente":"osm","osm_id":"node/8438683033"},"geometry":{"type":"Point","coordinates":[-100.224732,25.783797]}},{"type":"Feature","properties":{"highway":"traffic_signals","fuente":"osm","osm_id":"node/8438683037"},"geometry":{"type":"Point","coordinates":[-100.232808,25.784126]}},{"type":"Feature","properties":{"highway":"traffic_signals","fuente":"osm","osm_id":"node/8446348965"},"geometry":{"type":"Point","coordinates":[-100.259016,25.784449]}},{"type":"Feature","properties":{"highway":"traffic_signals","fuente":"osm","osm_id":"node/8446348975"},"geometry":{"type":"Point","coordinates":[-100.273762,25.785311]}},{"type":"Feature","properties":{"highway":"traffic_signals","fuente":"osm","osm_id":"node/8446348976"},"geometry":{"type":"Point","coordinates":[-100.273909,25.784792]}},{"type":"Feature","properties":{"highway":"traffic_signals","fuente":"osm","osm_id":"node/8446348977"},"geometry":{"type":"Point","coordinates":[-100.273259,25.784687]}},{"type":"Feature","properties":{"highway":"traffic_signals","fuente":"osm","osm_id":"node/8450832899"},"geometry":{"type":"Point","coordinates":[-100.192481,25.771977]}},{"type":"Feature","properties":{"highway":"traffic_signals","fuente":"osm","osm_id":"node/8450832900"},"geometry":{"type":"Point","coordinates":[-100.19258,25.77224]}},{"type":"Feature","properties":{"highway":"traffic_signals","fuente":"osm","osm_id":"node/8450832901"},"geometry":{"type":"Point","coordinates":[-100.19241,25.772284]}},{"type":"Feature","properties":{"highway":"traffic_signals","fuente":"osm","osm_id":"node/8454779311"},"geometry":{"type":"Point","coordinates":[-100.291925,25.729176]}},{"type":"Feature","properties":{"highway":"traffic_signals","fuente":"osm","osm_id":"node/8454779327"},"geometry":{"type":"Point","coordinates":[-100.2935,25.722905]}},{"type":"Feature","properties":{"highway":"traffic_signals","fuente":"osm","osm_id":"node/8454779328"},"geometry":{"type":"Point","coordinates":[-100.293421,25.722799]}},{"type":"Feature","properties":{"highway":"traffic_signals","fuente":"osm","osm_id":"node/8454779346"},"geometry":{"type":"Point","coordinates":[-100.290938,25.733154]}},{"type":"Feature","properties":{"highway":"traffic_signals","fuente":"osm","osm_id":"node/8458271511"},"geometry":{"type":"Point","coordinates":[-100.235421,25.790342]}},{"type":"Feature","properties":{"highway":"traffic_signals","fuente":"osm","osm_id":"node/8458271512"},"geometry":{"type":"Point","coordinates":[-100.235564,25.790381]}},{"type":"Feature","properties":{"highway":"traffic_signals","fuente":"osm","osm_id":"node/8458271513"},"geometry":{"type":"Point","coordinates":[-100.235353,25.790374]}},{"type":"Feature","properties":{"highway":"traffic_signals","fuente":"osm","osm_id":"node/8458271514"},"geometry":{"type":"Point","coordinates":[-100.235247,25.790492]}},{"type":"Feature","properties":{"highway":"traffic_signals","fuente":"osm","osm_id":"node/8666754266"},"geometry":{"type":"Point","coordinates":[-100.302716,25.740014]}},{"type":"Feature","properties":{"highway":"traffic_signals","fuente":"osm","osm_id":"node/8740480218"},"geometry":{"type":"Point","coordinates":[-100.181469,25.756425]}},{"type":"Feature","properties":{"highway":"traffic_signals","fuente":"osm","osm_id":"node/8740480219"},"geometry":{"type":"Point","coordinates":[-100.181492,25.756571]}},{"type":"Feature","properties":{"highway":"traffic_signals","fuente":"osm","osm_id":"node/8740480220"},"geometry":{"type":"Point","coordinates":[-100.181176,25.756184]}},{"type":"Feature","properties":{"highway":"traffic_signals","fuente":"osm","osm_id":"node/8740480221"},"geometry":{"type":"Point","coordinates":[-100.175117,25.779935]}},{"type":"Feature","properties":{"highway":"traffic_signals","fuente":"osm","osm_id":"node/8740480223"},"geometry":{"type":"Point","coordinates":[-100.17505,25.780231]}},{"type":"Feature","properties":{"highway":"traffic_signals","fuente":"osm","osm_id":"node/8740480224"},"geometry":{"type":"Point","coordinates":[-100.174815,25.779987]}},{"type":"Feature","properties":{"highway":"traffic_signals","fuente":"osm","osm_id":"node/8740480225"},"geometry":{"type":"Point","coordinates":[-100.175096,25.78]}},{"type":"Feature","properties":{"highway":"traffic_signals","fuente":"osm","osm_id":"node/8740480226"},"geometry":{"type":"Point","coordinates":[-100.175327,25.780282]}},{"type":"Feature","properties":{"highway":"traffic_signals","fuente":"osm","osm_id":"node/8740480227"},"geometry":{"type":"Point","coordinates":[-100.174979,25.780311]}},{"type":"Feature","properties":{"highway":"traffic_signals","fuente":"osm","osm_id":"node/8740480228"},"geometry":{"type":"Point","coordinates":[-100.185809,25.775828]}},{"type":"Feature","properties":{"highway":"traffic_signals","fuente":"osm","osm_id":"node/8740480229"},"geometry":{"type":"Point","coordinates":[-100.185911,25.775843]}},{"type":"Feature","properties":{"highway":"traffic_signals","fuente":"osm","osm_id":"node/8740480230"},"geometry":{"type":"Point","coordinates":[-100.186042,25.776691]}},{"type":"Feature","properties":{"highway":"traffic_signals","fuente":"osm","osm_id":"node/8740480231"},"geometry":{"type":"Point","coordinates":[-100.186115,25.776555]}},{"type":"Feature","properties":{"highway":"traffic_signals","fuente":"osm","osm_id":"node/8740480232"},"geometry":{"type":"Point","coordinates":[-100.154877,25.628582]}},{"type":"Feature","properties":{"highway":"traffic_signals","fuente":"osm","osm_id":"node/8740480233"},"geometry":{"type":"Point","coordinates":[-100.154876,25.628749]}},{"type":"Feature","properties":{"highway":"traffic_signals","fuente":"osm","osm_id":"node/8740480234"},"geometry":{"type":"Point","coordinates":[-100.154831,25.628531]}},{"type":"Feature","properties":{"highway":"traffic_signals","fuente":"osm","osm_id":"node/8740480235"},"geometry":{"type":"Point","coordinates":[-100.15282,25.639906]}},{"type":"Feature","properties":{"highway":"traffic_signals","fuente":"osm","osm_id":"node/8740480236"},"geometry":{"type":"Point","coordinates":[-100.152561,25.64009]}},{"type":"Feature","properties":{"highway":"traffic_signals","fuente":"osm","osm_id":"node/8740480237"},"geometry":{"type":"Point","coordinates":[-100.152472,25.639953]}},{"type":"Feature","properties":{"highway":"traffic_signals","fuente":"osm","osm_id":"node/8740480238"},"geometry":{"type":"Point","coordinates":[-100.152665,25.63981]}},{"type":"Feature","properties":{"highway":"traffic_signals","fuente":"osm","osm_id":"node/8740480243"},"geometry":{"type":"Point","coordinates":[-100.145354,25.647892]}},{"type":"Feature","properties":{"highway":"traffic_signals","fuente":"osm","osm_id":"node/8740480244"},"geometry":{"type":"Point","coordinates":[-100.14519,25.647718]}},{"type":"Feature","properties":{"highway":"traffic_signals","fuente":"osm","osm_id":"node/8740480245"},"geometry":{"type":"Point","coordinates":[-100.144962,25.648069]}},{"type":"Feature","properties":{"highway":"traffic_signals","fuente":"osm","osm_id":"node/8740480246"},"geometry":{"type":"Point","coordinates":[-100.101817,25.649531]}},{"type":"Feature","properties":{"highway":"traffic_signals","fuente":"osm","osm_id":"node/8740480247"},"geometry":{"type":"Point","coordinates":[-100.101838,25.649612]}},{"type":"Feature","properties":{"highway":"traffic_signals","fuente":"osm","osm_id":"node/8740480248"},"geometry":{"type":"Point","coordinates":[-100.101603,25.649603]}},{"type":"Feature","properties":{"highway":"traffic_signals","fuente":"osm","osm_id":"node/8740480249"},"geometry":{"type":"Point","coordinates":[-100.089206,25.640914]}},{"type":"Feature","properties":{"highway":"traffic_signals","fuente":"osm","osm_id":"node/8740480250"},"geometry":{"type":"Point","coordinates":[-100.089315,25.640716]}},{"type":"Feature","properties":{"highway":"traffic_signals","fuente":"osm","osm_id":"node/8740480251"},"geometry":{"type":"Point","coordinates":[-100.089356,25.640822]}},{"type":"Feature","properties":{"highway":"traffic_signals","fuente":"osm","osm_id":"node/8740480252"},"geometry":{"type":"Point","coordinates":[-100.089089,25.640753]}},{"type":"Feature","properties":{"highway":"traffic_signals","fuente":"osm","osm_id":"node/8740480253"},"geometry":{"type":"Point","coordinates":[-100.092457,25.643107]}},{"type":"Feature","properties":{"highway":"traffic_signals","fuente":"osm","osm_id":"node/8740480254"},"geometry":{"type":"Point","coordinates":[-100.092317,25.643007]}},{"type":"Feature","properties":{"highway":"traffic_signals","fuente":"osm","osm_id":"node/8740480255"},"geometry":{"type":"Point","coordinates":[-100.092304,25.643091]}},{"type":"Feature","properties":{"highway":"traffic_signals","fuente":"osm","osm_id":"node/8740480256"},"geometry":{"type":"Point","coordinates":[-100.092393,25.642996]}},{"type":"Feature","properties":{"highway":"traffic_signals","fuente":"osm","osm_id":"node/9021072385"},"geometry":{"type":"Point","coordinates":[-100.30274,25.787175]}},{"type":"Feature","properties":{"highway":"traffic_signals","fuente":"osm","osm_id":"node/9021072386"},"geometry":{"type":"Point","coordinates":[-100.302625,25.787239]}},{"type":"Feature","properties":{"highway":"traffic_signals","fuente":"osm","osm_id":"node/9021072387"},"geometry":{"type":"Point","coordinates":[-100.302758,25.787516]}},{"type":"Feature","properties":{"highway":"traffic_signals","fuente":"osm","osm_id":"node/9021072388"},"geometry":{"type":"Point","coordinates":[-100.302928,25.787424]}},{"type":"Feature","properties":{"highway":"traffic_signals","fuente":"osm","osm_id":"node/9021072405"},"geometry":{"type":"Point","coordinates":[-100.273516,25.778447]}},{"type":"Feature","properties":{"highway":"traffic_signals","fuente":"osm","osm_id":"node/9021072406"},"geometry":{"type":"Point","coordinates":[-100.273475,25.778643]}},{"type":"Feature","properties":{"highway":"traffic_signals","fuente":"osm","osm_id":"node/9021072407"},"geometry":{"type":"Point","coordinates":[-100.27304,25.778437]}},{"type":"Feature","properties":{"highway":"traffic_signals","fuente":"osm","osm_id":"node/9404286033"},"geometry":{"type":"Point","coordinates":[-100.389538,25.748094]}},{"type":"Feature","properties":{"highway":"traffic_signals","fuente":"osm","osm_id":"node/9472144780"},"geometry":{"type":"Point","coordinates":[-100.327741,25.664811]}},{"type":"Feature","properties":{"highway":"traffic_signals","fuente":"osm","osm_id":"node/9525539246"},"geometry":{"type":"Point","coordinates":[-100.236252,25.753661]}},{"type":"Feature","properties":{"highway":"traffic_signals","fuente":"osm","osm_id":"node/9603603081"},"geometry":{"type":"Point","coordinates":[-100.226227,25.748372]}},{"type":"Feature","properties":{"highway":"traffic_signals","fuente":"osm","osm_id":"node/9692629958"},"geometry":{"type":"Point","coordinates":[-100.192313,25.772048]}},{"type":"Feature","properties":{"highway":"traffic_signals","fuente":"osm","osm_id":"node/10064106033"},"geometry":{"type":"Point","coordinates":[-100.292445,25.772462]}},{"type":"Feature","properties":{"highway":"traffic_signals","fuente":"osm","osm_id":"node/10064106035"},"geometry":{"type":"Point","coordinates":[-100.292535,25.772463]}},{"type":"Feature","properties":{"highway":"traffic_signals","fuente":"osm","osm_id":"node/10095458975"},"geometry":{"type":"Point","coordinates":[-100.106887,25.618392]}},{"type":"Feature","properties":{"highway":"traffic_signals","fuente":"osm","osm_id":"node/10095866660"},"geometry":{"type":"Point","coordinates":[-100.106719,25.618598]}},{"type":"Feature","properties":{"highway":"traffic_signals","fuente":"osm","osm_id":"node/10095866661"},"geometry":{"type":"Point","coordinates":[-100.106778,25.618233]}},{"type":"Feature","properties":{"highway":"traffic_signals","fuente":"osm","osm_id":"node/10095866662"},"geometry":{"type":"Point","coordinates":[-100.106622,25.618424]}},{"type":"Feature","properties":{"highway":"traffic_signals","fuente":"osm","osm_id":"node/10095866663"},"geometry":{"type":"Point","coordinates":[-100.100127,25.629867]}},{"type":"Feature","properties":{"highway":"traffic_signals","fuente":"osm","osm_id":"node/10095866664"},"geometry":{"type":"Point","coordinates":[-100.100169,25.630114]}},{"type":"Feature","properties":{"highway":"traffic_signals","fuente":"osm","osm_id":"node/10095866665"},"geometry":{"type":"Point","coordinates":[-100.100306,25.629982]}},{"type":"Feature","properties":{"highway":"traffic_signals","fuente":"osm","osm_id":"node/10095866666"},"geometry":{"type":"Point","coordinates":[-100.100001,25.629975]}},{"type":"Feature","properties":{"highway":"traffic_signals","fuente":"osm","osm_id":"node/10095866668"},"geometry":{"type":"Point","coordinates":[-100.093403,25.641662]}},{"type":"Feature","properties":{"highway":"traffic_signals","fuente":"osm","osm_id":"node/10095866669"},"geometry":{"type":"Point","coordinates":[-100.093432,25.641718]}},{"type":"Feature","properties":{"highway":"traffic_signals","fuente":"osm","osm_id":"node/10095866670"},"geometry":{"type":"Point","coordinates":[-100.093374,25.641598]}},{"type":"Feature","properties":{"highway":"traffic_signals","fuente":"osm","osm_id":"node/10104474265"},"geometry":{"type":"Point","coordinates":[-100.322943,25.790733]}},{"type":"Feature","properties":{"highway":"traffic_signals","fuente":"osm","osm_id":"node/10195320874"},"geometry":{"type":"Point","coordinates":[-100.240577,25.770855]}},{"type":"Feature","properties":{"highway":"traffic_signals","fuente":"osm","osm_id":"node/10195336944"},"geometry":{"type":"Point","coordinates":[-100.248644,25.790633]}},{"type":"Feature","properties":{"highway":"traffic_signals","fuente":"osm","osm_id":"node/10195336945"},"geometry":{"type":"Point","coordinates":[-100.248691,25.79048]}},{"type":"Feature","properties":{"highway":"traffic_signals","fuente":"osm","osm_id":"node/10195336946"},"geometry":{"type":"Point","coordinates":[-100.248903,25.79051]}},{"type":"Feature","properties":{"highway":"traffic_signals","fuente":"osm","osm_id":"node/10195336947"},"geometry":{"type":"Point","coordinates":[-100.248828,25.790681]}},{"type":"Feature","properties":{"highway":"traffic_signals","fuente":"osm","osm_id":"node/10206272427"},"geometry":{"type":"Point","coordinates":[-100.322771,25.79087]}},{"type":"Feature","properties":{"highway":"traffic_signals","fuente":"osm","osm_id":"node/10218575246"},"geometry":{"type":"Point","coordinates":[-100.256735,25.740868]}},{"type":"Feature","properties":{"highway":"traffic_signals","fuente":"osm","osm_id":"node/10218575247"},"geometry":{"type":"Point","coordinates":[-100.256897,25.740714]}},{"type":"Feature","properties":{"highway":"traffic_signals","fuente":"osm","osm_id":"node/10218575248"},"geometry":{"type":"Point","coordinates":[-100.256678,25.740724]}},{"type":"Feature","properties":{"highway":"traffic_signals","fuente":"osm","osm_id":"node/10218575249"},"geometry":{"type":"Point","coordinates":[-100.256666,25.740863]}},{"type":"Feature","properties":{"highway":"traffic_signals","fuente":"osm","osm_id":"node/10278554195"},"geometry":{"type":"Point","coordinates":[-100.235607,25.756219]}},{"type":"Feature","properties":{"highway":"traffic_signals","fuente":"osm","osm_id":"node/10278554196"},"geometry":{"type":"Point","coordinates":[-100.235536,25.756135]}},{"type":"Feature","properties":{"highway":"traffic_signals","fuente":"osm","osm_id":"node/10278554197"},"geometry":{"type":"Point","coordinates":[-100.235412,25.756109]}},{"type":"Feature","properties":{"highway":"traffic_signals","fuente":"osm","osm_id":"node/10278554198"},"geometry":{"type":"Point","coordinates":[-100.235466,25.756108]}},{"type":"Feature","properties":{"highway":"traffic_signals","fuente":"osm","osm_id":"node/10278554199"},"geometry":{"type":"Point","coordinates":[-100.23632,25.753821]}},{"type":"Feature","properties":{"highway":"traffic_signals","fuente":"osm","osm_id":"node/10540116409"},"geometry":{"type":"Point","coordinates":[-100.131565,25.701379]}},{"type":"Feature","properties":{"highway":"traffic_signals","fuente":"osm","osm_id":"node/10540116410"},"geometry":{"type":"Point","coordinates":[-100.131424,25.701558]}},{"type":"Feature","properties":{"highway":"traffic_signals","fuente":"osm","osm_id":"node/10925135898"},"geometry":{"type":"Point","coordinates":[-100.225551,25.723571]}},{"type":"Feature","properties":{"highway":"traffic_signals","fuente":"osm","osm_id":"node/11292125367"},"geometry":{"type":"Point","coordinates":[-100.176749,25.74461]}},{"type":"Feature","properties":{"highway":"traffic_signals","fuente":"osm","osm_id":"node/11292125368"},"geometry":{"type":"Point","coordinates":[-100.177113,25.745237]}},{"type":"Feature","properties":{"highway":"traffic_signals","fuente":"osm","osm_id":"node/11292145169"},"geometry":{"type":"Point","coordinates":[-100.17728,25.744839]}},{"type":"Feature","properties":{"highway":"traffic_signals","fuente":"osm","osm_id":"node/11292145170"},"geometry":{"type":"Point","coordinates":[-100.17656,25.745017]}},{"type":"Feature","properties":{"highway":"traffic_signals","fuente":"osm","osm_id":"node/11292145171"},"geometry":{"type":"Point","coordinates":[-100.17224,25.729876]}},{"type":"Feature","properties":{"highway":"traffic_signals","fuente":"osm","osm_id":"node/11292145172"},"geometry":{"type":"Point","coordinates":[-100.172611,25.729932]}},{"type":"Feature","properties":{"highway":"traffic_signals","fuente":"osm","osm_id":"node/11732172399"},"geometry":{"type":"Point","coordinates":[-100.265245,25.771529]}},{"type":"Feature","properties":{"highway":"traffic_signals","fuente":"osm","osm_id":"node/11945840339"},"geometry":{"type":"Point","coordinates":[-100.333032,25.672874]}},{"type":"Feature","properties":{"highway":"traffic_signals","fuente":"osm","osm_id":"node/11945840340"},"geometry":{"type":"Point","coordinates":[-100.333132,25.6728]}},{"type":"Feature","properties":{"highway":"traffic_signals","fuente":"osm","osm_id":"node/12827442633"},"geometry":{"type":"Point","coordinates":[-100.189468,25.738768]}},{"type":"Feature","properties":{"highway":"traffic_signals","fuente":"osm","osm_id":"node/12827442634"},"geometry":{"type":"Point","coordinates":[-100.189426,25.738938]}},{"type":"Feature","properties":{"highway":"traffic_signals","fuente":"osm","osm_id":"node/12827442635"},"geometry":{"type":"Point","coordinates":[-100.189931,25.738675]}},{"type":"Feature","properties":{"highway":"traffic_signals","fuente":"osm","osm_id":"node/12899851902"},"geometry":{"type":"Point","coordinates":[-100.118141,25.777229]}},{"type":"Feature","properties":{"highway":"traffic_signals","fuente":"osm","osm_id":"node/13124424449"},"geometry":{"type":"Point","coordinates":[-100.383146,25.666321]}},{"type":"Feature","properties":{"highway":"traffic_signals","fuente":"osm","osm_id":"node/13124442432"},"geometry":{"type":"Point","coordinates":[-100.389339,25.747986]}},{"type":"Feature","properties":{"highway":"traffic_signals","fuente":"osm","osm_id":"node/13375555419"},"geometry":{"type":"Point","coordinates":[-100.381939,25.668258]}},{"type":"Feature","properties":{"highway":"traffic_signals","fuente":"osm","osm_id":"node/13603168420"},"geometry":{"type":"Point","coordinates":[-100.239169,25.740472]}},{"type":"Feature","properties":{"highway":"traffic_signals","fuente":"osm","osm_id":"node/13661401697"},"geometry":{"type":"Point","coordinates":[-100.19094,25.723567]}},{"type":"Feature","properties":{"highway":"traffic_signals","fuente":"osm","osm_id":"node/13661401698"},"geometry":{"type":"Point","coordinates":[-100.190798,25.723495]}},{"type":"Feature","properties":{"highway":"traffic_signals","fuente":"osm","osm_id":"node/13661401699"},"geometry":{"type":"Point","coordinates":[-100.190741,25.723644]}},{"type":"Feature","properties":{"highway":"traffic_signals","fuente":"osm","osm_id":"node/13661401700"},"geometry":{"type":"Point","coordinates":[-100.190818,25.723764]}},{"type":"Feature","properties":{"highway":"traffic_signals","fuente":"osm","osm_id":"node/13661426613"},"geometry":{"type":"Point","coordinates":[-100.194975,25.723892]}},{"type":"Feature","properties":{"highway":"traffic_signals","fuente":"osm","osm_id":"node/13661426614"},"geometry":{"type":"Point","coordinates":[-100.194683,25.723883]}},{"type":"Feature","properties":{"highway":"traffic_signals","fuente":"osm","osm_id":"node/13661428903"},"geometry":{"type":"Point","coordinates":[-100.196591,25.72392]}},{"type":"Feature","properties":{"highway":"traffic_signals","fuente":"osm","osm_id":"node/13661428904"},"geometry":{"type":"Point","coordinates":[-100.196569,25.724024]}},{"type":"Feature","properties":{"highway":"traffic_signals","fuente":"osm","osm_id":"node/13920128128"},"geometry":{"type":"Point","coordinates":[-100.317913,25.684531]}},{"type":"Feature","properties":{"highway":"traffic_signals","fuente":"osm","osm_id":"node/14029453389"},"geometry":{"type":"Point","coordinates":[-100.255921,25.727949]}},{"type":"Feature","properties":{"highway":"traffic_signals","fuente":"osm","osm_id":"node/14029453390"},"geometry":{"type":"Point","coordinates":[-100.25633,25.727386]}},{"type":"Feature","properties":{"highway":"traffic_signals","fuente":"osm","osm_id":"node/14029453391"},"geometry":{"type":"Point","coordinates":[-100.254179,25.729189]}},{"type":"Feature","properties":{"highway":"traffic_signals","fuente":"osm","osm_id":"node/14029453392"},"geometry":{"type":"Point","coordinates":[-100.252108,25.730601]}},{"type":"Feature","properties":{"highway":"traffic_signals","fuente":"osm","osm_id":"node/14029453393"},"geometry":{"type":"Point","coordinates":[-100.252381,25.730536]}}]}