{"type":"FeatureCollection","features":[{"type":"Feature","geometry":{"type":"Polygon","coordinates":[[[-100.3608,25.767],[-100.3624,25.7654],[-100.3638,25.7666],[-100.3644,25.7703],[-100.3637,25.7688],[-100.3626,25.7694],[-100.361,25.768],[-100.3608,25.767]]]},"properties":{"rank_base":1,"score_base":73.73,"rank_with_scout":2,"score_with_scout":74.81,"scout_bonus":1.08,"scout_marks":1,"cobertura_campo":"parcial","scout_marks_kinds":"escuela:1","scout_anchor_marks_used":4,"pins_favorito":0,"pins_lock":0,"v2_rank":73,"score_v2":46.18,"delta_rank_v2_to_base":72,"delta_rank_base_to_scout":-1,"cause_main":"competencia","cause_anclas_pts":14.86,"cause_competencia_pts":16.32,"scout_cause":"anclas","cve_col":"19039_0041","municipio":"Monterrey","colonia":"Ampliacion Municipal","grado":"Alto","pob_conapo":1922,"viviendas_est":534,"D_star":0.3929,"A_star":0.9337,"C_star":0.0,"anclas_pond":21.75,"anclas_por_1000viv":40.74,"comp_n_300m":0,"comp_por_1000viv":0.0,"n_cerveza":0,"n_tortilleria":7,"n_banco_bienestar_azteca":0,"n_oxxo":0,"n_express":1,"n_iglesia":0,"n_escuela":0,"n_parada":0,"n_farmacia":0,"n_abarrotes":30,"comp_n_300m_with_scout":0,"cells_pos":9,"lat":25.7675,"lon":-100.362414,"rank_p10":1,"rank_p50":7,"rank_p90":52,"ancho_banda":51,"banda":"media","confianza":"media","prob_top30":0.768,"prob_top30_estres":0.7,"comp_cero_desconocido":true,"n_est_sugeridas":1,"est":[[-100.36231,25.7683,9.0]]}},{"type":"Feature","geometry":{"type":"Polygon","coordinates":[[[-100.3721,25.7703],[-100.3703,25.7681],[-100.3695,25.7673],[-100.3721,25.7627],[-100.3751,25.7642],[-100.3772,25.7648],[-100.3765,25.7658],[-100.3773,25.7694],[-100.3771,25.7695],[-100.3721,25.7703]]]},"properties":{"rank_base":2,"score_base":69.55,"rank_with_scout":23,"score_with_scout":57.98,"scout_bonus":-11.57,"scout_marks":0,"cobertura_campo":"sin encuesta","scout_marks_kinds":"","scout_anchor_marks_used":3,"pins_favorito":0,"pins_lock":0,"v2_rank":39,"score_v2":51.85,"delta_rank_v2_to_base":37,"delta_rank_base_to_scout":-21,"cause_main":"competencia","cause_anclas_pts":4.85,"cause_competencia_pts":16.48,"scout_cause":"competencia","cve_col":"19039_0289","municipio":"Monterrey","colonia":"Fomerrey 112 (San Bernabe 9)","grado":"Medio","pob_conapo":3800,"viviendas_est":1055,"D_star":0.4465,"A_star":0.7229,"C_star":0.0,"anclas_pond":31.8,"anclas_por_1000viv":30.13,"comp_n_300m":0,"comp_por_1000viv":0.0,"n_cerveza":0,"n_tortilleria":4,"n_banco_bienestar_azteca":0,"n_oxxo":0,"n_express":0,"n_iglesia":0,"n_escuela":4,"n_parada":0,"n_farmacia":4,"n_abarrotes":52,"comp_n_300m_with_scout":1,"cells_pos":43,"lat":25.76655,"lon":-100.373295,"rank_p10":2,"rank_p50":12,"rank_p90":62,"ancho_banda":60,"banda":"media","confianza":"baja","prob_top30":0.706,"prob_top30_estres":0.614,"comp_cero_desconocido":true,"n_est_sugeridas":2,"est":[[-100.37327,25.77011,7.5],[-100.37527,25.76468,6.0]],"metro_cerca":{"n":"Talleres","l":"L1","d":956,"i":0.5907}}},{"type":"Feature","geometry":{"type":"Polygon","coordinates":[[[-100.3692,25.848],[-100.3698,25.8385],[-100.3694,25.833],[-100.3699,25.833],[-100.37,25.8306],[-100.3692,25.8306],[-100.3686,25.8221],[-100.3732,25.8214],[-100.3741,25.8374],[-100.3744,25.8391],[-100.3747,25.8448],[-100.3748,25.8482],[-100.3692,25.848]]]},"properties":{"rank_base":3,"score_base":69.46,"rank_with_scout":4,"score_with_scout":68.37,"scout_bonus":-1.08,"scout_marks":22,"cobertura_campo":"encuestada","scout_marks_kinds":"escuela:2;modelorama:17;purificadora:3","scout_anchor_marks_used":20,"pins_favorito":0,"pins_lock":0,"v2_rank":3,"score_v2":71.73,"delta_rank_v2_to_base":0,"delta_rank_base_to_scout":-1,"cause_main":"competencia","cause_anclas_pts":-8.81,"cause_competencia_pts":10.18,"scout_cause":"competencia","cve_col":"19021_0247","municipio":"General Escobedo","colonia":"San Miguel Residencial","grado":"Medio","pob_conapo":12393,"viviendas_est":3443,"D_star":0.878,"A_star":0.1446,"C_star":0.0,"anclas_pond":57.95,"anclas_por_1000viv":16.83,"comp_n_300m":0,"comp_por_1000viv":0.0,"n_cerveza":1,"n_tortilleria":6,"n_banco_bienestar_azteca":0,"n_oxxo":1,"n_express":1,"n_iglesia":0,"n_escuela":1,"n_parada":13,"n_farmacia":2,"n_abarrotes":88,"comp_n_300m_with_scout":3,"cells_pos":127,"lat":25.8352,"lon":-100.371768,"rank_p10":3,"rank_p50":15,"rank_p90":77,"ancho_banda":74,"banda":"ancha","confianza":"baja","prob_top30":0.654,"prob_top30_estres":0.538,"comp_cero_desconocido":true,"n_est_sugeridas":3,"est":[[-100.37327,25.82891,6.9],[-100.37427,25.84158,6.6],[-100.37327,25.84791,6.2]]}},{"type":"Feature","geometry":{"type":"Polygon","coordinates":[[[-100.3762,25.7942],[-100.3763,25.793],[-100.374,25.793],[-100.374,25.7936],[-100.3738,25.7935],[-100.3736,25.7913],[-100.374,25.7912],[-100.3731,25.7884],[-100.3742,25.7875],[-100.37,25.7817],[-100.3693,25.7822],[-100.3687,25.7816],[-100.3693,25.7813],[-100.367,25.7781],[-100.3657,25.7786],[-100.3634,25.7782],[-100.3629,25.777],[-100.3614,25.7773],[-100.3633,25.7762],[-100.3615,25.7737],[-100.3655,25.7717],[-100.3662,25.7716],[-100.3666,25.7713],[-100.3682,25.7723],[-100.3701,25.7711],[-100.3721,25.7703],[-100.376,25.7785],[-100.3778,25.7824],[-100.3762,25.783],[-100.3773,25.7853],[-100.3784,25.7846],[-100.3756,25.7869],[-100.3752,25.7868],[-100.3771,25.7893],[-100.3764,25.7942],[-100.3762,25.7942]]]},"properties":{"rank_base":4,"score_base":68.73,"rank_with_scout":1,"score_with_scout":75.06,"scout_bonus":6.33,"scout_marks":88,"cobertura_campo":"encuestada","scout_marks_kinds":"alto:10;escuela:4;express:3;iglesia:3;modelorama:54;otro:10;purificadora:4","scout_anchor_marks_used":59,"pins_favorito":6,"pins_lock":0,"v2_rank":1,"score_v2":76.5,"delta_rank_v2_to_base":-3,"delta_rank_base_to_scout":3,"cause_main":"anclas","cause_anclas_pts":-5.04,"cause_competencia_pts":0.91,"scout_cause":"anclas","cve_col":"19039_0167","municipio":"Monterrey","colonia":"Croc","grado":"Medio","pob_conapo":16321,"viviendas_est":4534,"D_star":1.0,"A_star":0.3735,"C_star":0.4157,"anclas_pond":99.25,"anclas_por_1000viv":21.89,"comp_n_300m":3,"comp_por_1000viv":0.662,"n_cerveza":2,"n_tortilleria":11,"n_banco_bienestar_azteca":0,"n_oxxo":2,"n_express":3,"n_iglesia":0,"n_escuela":7,"n_parada":0,"n_farmacia":1,"n_abarrotes":175,"comp_n_300m_with_scout":8,"cells_pos":162,"lat":25.7823,"lon":-100.374094,"rank_p10":1,"rank_p50":1,"rank_p90":2,"ancho_banda":1,"banda":"estrecha","confianza":"alta","prob_top30":1.0,"prob_top30_estres":1.0,"comp_cero_desconocido":false,"n_est_sugeridas":3,"est":[[-100.37726,25.78549,9.2],[-100.36829,25.77463,8.8],[-100.37627,25.79363,7.5]]}},{"type":"Feature","geometry":{"type":"Polygon","coordinates":[[[-100.1684,25.7643],[-100.1695,25.7635],[-100.1679,25.7621],[-100.1672,25.7596],[-100.1713,25.7587],[-100.1688,25.7536],[-100.1695,25.7537],[-100.1721,25.7591],[-100.1742,25.7638],[-100.1713,25.7644],[-100.1684,25.7643]]]},"properties":{"rank_base":5,"score_base":67.0,"rank_with_scout":7,"score_with_scout":66.46,"scout_bonus":-0.54,"scout_marks":0,"cobertura_campo":"sin encuesta","scout_marks_kinds":"","scout_anchor_marks_used":0,"pins_favorito":0,"pins_lock":0,"v2_rank":51,"score_v2":49.58,"delta_rank_v2_to_base":46,"delta_rank_base_to_scout":-2,"cause_main":"anclas","cause_anclas_pts":11.39,"cause_competencia_pts":9.67,"scout_cause":"anclas","cve_col":"19006_0406","municipio":"Apodaca","colonia":"Pueblo Nuevo 4To Sector","grado":"Medio","pob_conapo":2896,"viviendas_est":805,"D_star":0.1976,"A_star":0.9699,"C_star":0.0,"anclas_pond":40.55,"anclas_por_1000viv":50.4,"comp_n_300m":0,"comp_por_1000viv":0.0,"n_cerveza":0,"n_tortilleria":8,"n_banco_bienestar_azteca":2,"n_oxxo":0,"n_express":0,"n_iglesia":0,"n_escuela":2,"n_parada":11,"n_farmacia":2,"n_abarrotes":42,"comp_n_300m_with_scout":0,"cells_pos":34,"lat":25.7589,"lon":-100.171196,"rank_p10":3,"rank_p50":19,"rank_p90":84,"ancho_banda":81,"banda":"ancha","confianza":"baja","prob_top30":0.6,"prob_top30_estres":0.468,"comp_cero_desconocido":true,"n_est_sugeridas":1,"est":[[-100.17189,25.75925,10.9]]}},{"type":"Feature","geometry":{"type":"Polygon","coordinates":[[[-100.1644,25.7641],[-100.164,25.7602],[-100.1672,25.7596],[-100.1679,25.7621],[-100.1695,25.7635],[-100.1684,25.7643],[-100.1644,25.7641]]]},"properties":{"rank_base":6,"score_base":66.83,"rank_with_scout":6,"score_with_scout":66.65,"scout_bonus":-0.18,"scout_marks":0,"cobertura_campo":"sin encuesta","scout_marks_kinds":"","scout_anchor_marks_used":0,"pins_favorito":0,"pins_lock":0,"v2_rank":133,"score_v2":41.49,"delta_rank_v2_to_base":127,"delta_rank_base_to_scout":0,"cause_main":"anclas","cause_anclas_pts":16.85,"cause_competencia_pts":12.12,"scout_cause":"anclas","cve_col":"19006_0403","municipio":"Apodaca","colonia":"Pueblo Nuevo 1Er Sector","grado":"Medio","pob_conapo":1575,"viviendas_est":438,"D_star":0.1707,"A_star":1.0,"C_star":0.0,"anclas_pond":28.3,"anclas_por_1000viv":64.67,"comp_n_300m":0,"comp_por_1000viv":0.0,"n_cerveza":1,"n_tortilleria":8,"n_banco_bienestar_azteca":0,"n_oxxo":0,"n_express":0,"n_iglesia":0,"n_escuela":1,"n_parada":0,"n_farmacia":2,"n_abarrotes":37,"comp_n_300m_with_scout":0,"cells_pos":18,"lat":25.76115,"lon":-100.165866,"rank_p10":4,"rank_p50":19,"rank_p90":86,"ancho_banda":82,"banda":"ancha","confianza":"baja","prob_top30":0.601,"prob_top30_estres":0.461,"comp_cero_desconocido":true,"n_est_sugeridas":1,"est":[[-100.16691,25.76016,13.3]]}},{"type":"Feature","geometry":{"type":"Polygon","coordinates":[[[-100.3771,25.7893],[-100.3756,25.7869],[-100.3785,25.7849],[-100.3791,25.785],[-100.3798,25.7884],[-100.3771,25.7893]]]},"properties":{"rank_base":7,"score_base":66.3,"rank_with_scout":90,"score_with_scout":41.73,"scout_bonus":-24.58,"scout_marks":1,"cobertura_campo":"parcial","scout_marks_kinds":"empeno:1","scout_anchor_marks_used":3,"pins_favorito":0,"pins_lock":0,"v2_rank":121,"score_v2":42.61,"delta_rank_v2_to_base":114,"delta_rank_base_to_scout":-83,"cause_main":"anclas","cause_anclas_pts":14.26,"cause_competencia_pts":13.07,"scout_cause":"competencia","cve_col":"19039_0296","municipio":"Monterrey","colonia":"Fomerrey 24","grado":"Alto","pob_conapo":1731,"viviendas_est":481,"D_star":0.2028,"A_star":0.9398,"C_star":0.0,"anclas_pond":19.7,"anclas_por_1000viv":40.97,"comp_n_300m":0,"comp_por_1000viv":0.0,"n_cerveza":0,"n_tortilleria":2,"n_banco_bienestar_azteca":0,"n_oxxo":1,"n_express":0,"n_iglesia":0,"n_escuela":2,"n_parada":0,"n_farmacia":2,"n_abarrotes":33,"comp_n_300m_with_scout":1,"cells_pos":12,"lat":25.78765,"lon":-100.377857,"rank_p10":4,"rank_p50":19,"rank_p90":87,"ancho_banda":83,"banda":"ancha","confianza":"baja","prob_top30":0.596,"prob_top30_estres":0.444,"comp_cero_desconocido":true,"n_est_sugeridas":1,"est":[[-100.37726,25.78911,9.4]]}},{"type":"Feature","geometry":{"type":"Polygon","coordinates":[[[-100.358,25.767],[-100.3593,25.7655],[-100.3608,25.767],[-100.361,25.768],[-100.3626,25.7694],[-100.3637,25.7688],[-100.3644,25.7703],[-100.3655,25.7717],[-100.36,25.7742],[-100.358,25.7723],[-100.3584,25.7705],[-100.3579,25.7698],[-100.3586,25.7681],[-100.358,25.767]]]},"properties":{"rank_base":8,"score_base":65.73,"rank_with_scout":3,"score_with_scout":71.87,"scout_bonus":6.14,"scout_marks":6,"cobertura_campo":"parcial","scout_marks_kinds":"modelorama:5;otro:1","scout_anchor_marks_used":6,"pins_favorito":0,"pins_lock":0,"v2_rank":15,"score_v2":58.78,"delta_rank_v2_to_base":7,"delta_rank_base_to_scout":5,"cause_main":"competencia","cause_anclas_pts":-2.49,"cause_competencia_pts":13.07,"scout_cause":"anclas","cve_col":"19039_0321","municipio":"Monterrey","colonia":"Gloria Mendiola","grado":"Alto","pob_conapo":6847,"viviendas_est":1902,"D_star":0.6266,"A_star":0.3554,"C_star":0.0,"anclas_pond":39.85,"anclas_por_1000viv":20.95,"comp_n_300m":0,"comp_por_1000viv":0.0,"n_cerveza":1,"n_tortilleria":7,"n_banco_bienestar_azteca":0,"n_oxxo":0,"n_express":0,"n_iglesia":0,"n_escuela":0,"n_parada":0,"n_farmacia":0,"n_abarrotes":74,"comp_n_300m_with_scout":0,"cells_pos":40,"lat":25.77005,"lon":-100.361181,"rank_p10":5,"rank_p50":21,"rank_p90":89,"ancho_banda":84,"banda":"ancha","confianza":"baja","prob_top30":0.583,"prob_top30_estres":0.464,"comp_cero_desconocido":true,"n_est_sugeridas":1,"est":[[-100.36031,25.7683,10.2]]}},{"type":"Feature","geometry":{"type":"Polygon","coordinates":[[[-100.2667,25.7241],[-100.2715,25.7207],[-100.2727,25.7199],[-100.2737,25.7209],[-100.2738,25.7225],[-100.2667,25.7254],[-100.2667,25.7241]]]},"properties":{"rank_base":9,"score_base":65.66,"rank_with_scout":8,"score_with_scout":65.3,"scout_bonus":-0.36,"scout_marks":0,"cobertura_campo":"sin encuesta","scout_marks_kinds":"","scout_anchor_marks_used":0,"pins_favorito":0,"pins_lock":0,"v2_rank":161,"score_v2":37.16,"delta_rank_v2_to_base":152,"delta_rank_base_to_scout":1,"cause_main":"competencia","cause_anclas_pts":15.77,"cause_competencia_pts":16.36,"scout_cause":"anclas","cve_col":"19046_0080","municipio":"San Nicolás de los Garza","colonia":"Floridos Bosques del Nogalar","grado":"Medio","pob_conapo":1742,"viviendas_est":484,"D_star":0.1505,"A_star":0.988,"C_star":0.0,"anclas_pond":25.05,"anclas_por_1000viv":51.76,"comp_n_300m":0,"comp_por_1000viv":0.0,"n_cerveza":0,"n_tortilleria":5,"n_banco_bienestar_azteca":0,"n_oxxo":0,"n_express":0,"n_iglesia":1,"n_escuela":3,"n_parada":0,"n_farmacia":0,"n_abarrotes":37,"comp_n_300m_with_scout":0,"cells_pos":17,"lat":25.7233,"lon":-100.269835,"rank_p10":5,"rank_p50":22,"rank_p90":92,"ancho_banda":87,"banda":"ancha","confianza":"baja","prob_top30":0.574,"prob_top30_estres":0.401,"comp_cero_desconocido":true,"n_est_sugeridas":1,"est":[[-100.26959,25.72397,9.1]]}},{"type":"Feature","geometry":{"type":"Polygon","coordinates":[[[-100.426,25.6865],[-100.4277,25.6831],[-100.4291,25.6833],[-100.43,25.6811],[-100.4325,25.6814],[-100.4291,25.6887],[-100.4281,25.6883],[-100.426,25.6865]]]},"properties":{"rank_base":10,"score_base":65.2,"rank_with_scout":11,"score_with_scout":64.29,"scout_bonus":-0.9,"scout_marks":0,"cobertura_campo":"sin encuesta","scout_marks_kinds":"","scout_anchor_marks_used":0,"pins_favorito":0,"pins_lock":0,"v2_rank":48,"score_v2":49.91,"delta_rank_v2_to_base":38,"delta_rank_base_to_scout":-1,"cause_main":"competencia","cause_anclas_pts":4.53,"cause_competencia_pts":14.39,"scout_cause":"anclas","cve_col":"19048_0216","municipio":"Santa Catarina","colonia":"Rincon de Las Mitras (Fomerrey 2)","grado":"Alto","pob_conapo":3825,"viviendas_est":1063,"D_star":0.3649,"A_star":0.6867,"C_star":0.0,"anclas_pond":30.65,"anclas_por_1000viv":28.84,"comp_n_300m":0,"comp_por_1000viv":0.0,"n_cerveza":0,"n_tortilleria":6,"n_banco_bienestar_azteca":0,"n_oxxo":0,"n_express":1,"n_iglesia":0,"n_escuela":2,"n_parada":3,"n_farmacia":3,"n_abarrotes":41,"comp_n_300m_with_scout":0,"cells_pos":26,"lat":25.6849,"lon":-100.428835,"rank_p10":5,"rank_p50":21,"rank_p90":90,"ancho_banda":85,"banda":"ancha","confianza":"baja","prob_top30":0.587,"prob_top30_estres":0.436,"comp_cero_desconocido":true,"n_est_sugeridas":1,"est":[[-100.4311,25.68326,7.4]]}},{"type":"Feature","geometry":{"type":"Polygon","coordinates":[[[-100.205,25.6552],[-100.2083,25.6559],[-100.208,25.6576],[-100.2062,25.6572],[-100.205,25.6596],[-100.2045,25.6615],[-100.2037,25.6613],[-100.2031,25.6632],[-100.2027,25.663],[-100.201,25.6687],[-100.2008,25.6685],[-100.2021,25.6642],[-100.2027,25.6629],[-100.205,25.6552]]]},"properties":{"rank_base":11,"score_base":64.98,"rank_with_scout":9,"score_with_scout":64.8,"scout_bonus":-0.18,"scout_marks":0,"cobertura_campo":"sin encuesta","scout_marks_kinds":"","scout_anchor_marks_used":0,"pins_favorito":0,"pins_lock":0,"v2_rank":96,"score_v2":44.55,"delta_rank_v2_to_base":85,"delta_rank_base_to_scout":2,"cause_main":"competencia","cause_anclas_pts":12.03,"cause_competencia_pts":12.03,"scout_cause":"anclas","cve_col":"19026_0236","municipio":"Guadalupe","colonia":"La Playa","grado":"Medio","pob_conapo":1516,"viviendas_est":421,"D_star":0.1291,"A_star":0.994,"C_star":0.0,"anclas_pond":25.15,"anclas_por_1000viv":59.73,"comp_n_300m":0,"comp_por_1000viv":0.0,"n_cerveza":1,"n_tortilleria":5,"n_banco_bienestar_azteca":0,"n_oxxo":1,"n_express":1,"n_iglesia":0,"n_escuela":3,"n_parada":0,"n_farmacia":0,"n_abarrotes":31,"comp_n_300m_with_scout":0,"cells_pos":14,"lat":25.6622,"lon":-100.203162,"rank_p10":6,"rank_p50":23,"rank_p90":93,"ancho_banda":87,"banda":"ancha","confianza":"baja","prob_top30":0.555,"prob_top30_estres":0.392,"comp_cero_desconocido":true,"n_est_sugeridas":1,"est":[[-100.20579,25.65612,6.2]]}},{"type":"Feature","geometry":{"type":"MultiPolygon","coordinates":[[[[-100.3786,25.7533],[-100.3787,25.7542],[-100.3805,25.7551],[-100.3819,25.7582],[-100.3801,25.7595],[-100.3791,25.7582],[-100.3782,25.7588],[-100.3737,25.7552],[-100.3713,25.7566],[-100.3703,25.7577],[-100.371,25.7587],[-100.3691,25.7596],[-100.3671,25.7563],[-100.3705,25.755],[-100.3725,25.7539],[-100.3688,25.7506],[-100.3742,25.7486],[-100.3744,25.7491],[-100.3786,25.7533]]],[[[-100.3917,25.761],[-100.3868,25.7582],[-100.387,25.7566],[-100.3889,25.7549],[-100.3907,25.7559],[-100.3943,25.7581],[-100.3917,25.761]]]]},"properties":{"rank_base":12,"score_base":64.59,"rank_with_scout":10,"score_with_scout":64.59,"scout_bonus":0.0,"scout_marks":0,"cobertura_campo":"sin encuesta","scout_marks_kinds":"","scout_anchor_marks_used":0,"pins_favorito":0,"pins_lock":0,"v2_rank":19,"score_v2":55.96,"delta_rank_v2_to_base":7,"delta_rank_base_to_scout":2,"cause_main":"competencia","cause_anclas_pts":-2.02,"cause_competencia_pts":14.28,"scout_cause":"competencia","cve_col":"19039_0666","municipio":"Monterrey","colonia":"San Bernabe 1Er Sector","grado":"Medio","pob_conapo":13612,"viviendas_est":3781,"D_star":0.8422,"A_star":0.4096,"C_star":0.3795,"anclas_pond":84.8,"anclas_por_1000viv":22.43,"comp_n_300m":2,"comp_por_1000viv":0.529,"n_cerveza":3,"n_tortilleria":16,"n_banco_bienestar_azteca":3,"n_oxxo":0,"n_express":2,"n_iglesia":1,"n_escuela":5,"n_parada":1,"n_farmacia":6,"n_abarrotes":112,"comp_n_300m_with_scout":2,"cells_pos":101,"lat":25.75405,"lon":-100.375455,"rank_p10":2,"rank_p50":3,"rank_p90":5,"ancho_banda":3,"banda":"estrecha","confianza":"media","prob_top30":1.0,"prob_top30_estres":1.0,"comp_cero_desconocido":false,"n_est_sugeridas":3,"est":[[-100.38823,25.75745,10.7],[-100.36729,25.75654,7.2],[-100.37028,25.75021,6.7]],"metro_cerca":{"n":"Talleres","l":"L1","d":912,"i":0.5907}}},{"type":"Feature","geometry":{"type":"Polygon","coordinates":[[[-100.4216,25.6942],[-100.4214,25.6931],[-100.4221,25.6921],[-100.423,25.6914],[-100.4237,25.6886],[-100.4234,25.6885],[-100.4233,25.6872],[-100.424,25.6873],[-100.4242,25.6889],[-100.4248,25.6889],[-100.4244,25.6898],[-100.4234,25.6918],[-100.4225,25.6938],[-100.4262,25.6952],[-100.4256,25.6965],[-100.4225,25.6958],[-100.4216,25.6942]]]},"properties":{"rank_base":13,"score_base":64.01,"rank_with_scout":12,"score_with_scout":62.75,"scout_bonus":-1.27,"scout_marks":0,"cobertura_campo":"sin encuesta","scout_marks_kinds":"","scout_anchor_marks_used":0,"pins_favorito":0,"pins_lock":0,"v2_rank":38,"score_v2":51.87,"delta_rank_v2_to_base":25,"delta_rank_base_to_scout":1,"cause_main":"competencia","cause_anclas_pts":1.67,"cause_competencia_pts":14.11,"scout_cause":"anclas","cve_col":"19048_0151","municipio":"Santa Catarina","colonia":"Paseo de Las Minas","grado":"Medio","pob_conapo":2506,"viviendas_est":696,"D_star":0.4798,"A_star":0.494,"C_star":0.0,"anclas_pond":16.65,"anclas_por_1000viv":23.92,"comp_n_300m":0,"comp_por_1000viv":0.0,"n_cerveza":0,"n_tortilleria":1,"n_banco_bienestar_azteca":0,"n_oxxo":0,"n_express":0,"n_iglesia":0,"n_escuela":1,"n_parada":0,"n_farmacia":0,"n_abarrotes":36,"comp_n_300m_with_scout":0,"cells_pos":15,"lat":25.69195,"lon":-100.422813,"rank_p10":6,"rank_p50":23,"rank_p90":96,"ancho_banda":90,"banda":"ancha","confianza":"baja","prob_top30":0.566,"prob_top30_estres":0.408,"comp_cero_desconocido":true,"n_est_sugeridas":2,"est":[[-100.42511,25.69502,3.7],[-100.42412,25.68869,3.2]]}},{"type":"Feature","geometry":{"type":"Polygon","coordinates":[[[-100.2662,25.7257],[-100.2738,25.7225],[-100.2739,25.7265],[-100.2679,25.7269],[-100.2664,25.7273],[-100.2662,25.7257]]]},"properties":{"rank_base":14,"score_base":63.54,"rank_with_scout":13,"score_with_scout":62.09,"scout_bonus":-1.45,"scout_marks":0,"cobertura_campo":"sin encuesta","scout_marks_kinds":"","scout_anchor_marks_used":0,"pins_favorito":0,"pins_lock":0,"v2_rank":117,"score_v2":42.98,"delta_rank_v2_to_base":103,"delta_rank_base_to_scout":1,"cause_main":"competencia","cause_anclas_pts":7.36,"cause_competencia_pts":16.84,"scout_cause":"anclas","cve_col":"19046_0207","municipio":"San Nicolás de los Garza","colonia":"Paseo del Nogalar","grado":"Alto","pob_conapo":3911,"viviendas_est":1087,"D_star":0.2376,"A_star":0.8012,"C_star":0.0,"anclas_pond":34.35,"anclas_por_1000viv":31.61,"comp_n_300m":0,"comp_por_1000viv":0.0,"n_cerveza":0,"n_tortilleria":9,"n_banco_bienestar_azteca":0,"n_oxxo":0,"n_express":0,"n_iglesia":0,"n_escuela":5,"n_parada":0,"n_farmacia":1,"n_abarrotes":44,"comp_n_300m_with_scout":0,"cells_pos":25,"lat":25.7241,"lon":-100.27192,"rank_p10":7,"rank_p50":27,"rank_p90":99,"ancho_banda":92,"banda":"ancha","confianza":"baja","prob_top30":0.526,"prob_top30_estres":0.36,"comp_cero_desconocido":true,"n_est_sugeridas":1,"est":[[-100.27059,25.72488,9.9]]}},{"type":"Feature","geometry":{"type":"Polygon","coordinates":[[[-100.2063,25.6665],[-100.2071,25.6624],[-100.2045,25.6615],[-100.205,25.6596],[-100.2076,25.6602],[-100.208,25.6575],[-100.2097,25.6578],[-100.2094,25.6595],[-100.2079,25.6666],[-100.2063,25.6665]]]},"properties":{"rank_base":15,"score_base":62.97,"rank_with_scout":14,"score_with_scout":61.88,"scout_bonus":-1.08,"scout_marks":0,"cobertura_campo":"sin encuesta","scout_marks_kinds":"","scout_anchor_marks_used":0,"pins_favorito":0,"pins_lock":0,"v2_rank":120,"score_v2":42.73,"delta_rank_v2_to_base":105,"delta_rank_base_to_scout":1,"cause_main":"anclas","cause_anclas_pts":11.97,"cause_competencia_pts":11.91,"scout_cause":"anclas","cve_col":"19026_0291","municipio":"Guadalupe","colonia":"Miguel Hidalgo","grado":"Medio","pob_conapo":2483,"viviendas_est":690,"D_star":0.1962,"A_star":0.8373,"C_star":0.0,"anclas_pond":23.45,"anclas_por_1000viv":34.0,"comp_n_300m":0,"comp_por_1000viv":0.0,"n_cerveza":1,"n_tortilleria":4,"n_banco_bienestar_azteca":0,"n_oxxo":0,"n_express":0,"n_iglesia":1,"n_escuela":2,"n_parada":1,"n_farmacia":0,"n_abarrotes":33,"comp_n_300m_with_scout":0,"cells_pos":22,"lat":25.66195,"lon":-100.207341,"rank_p10":9,"rank_p50":29,"rank_p90":108,"ancho_banda":99,"banda":"ancha","confianza":"baja","prob_top30":0.509,"prob_top30_estres":0.316,"comp_cero_desconocido":true,"n_est_sugeridas":2,"est":[[-100.20679,25.66517,11.1],[-100.20878,25.65974,6.7]]}},{"type":"Feature","geometry":{"type":"Polygon","coordinates":[[[-100.3764,25.7942],[-100.3771,25.7893],[-100.3798,25.7884],[-100.3808,25.789],[-100.3797,25.7898],[-100.3806,25.7907],[-100.3815,25.79],[-100.3848,25.7962],[-100.3848,25.7967],[-100.3792,25.795],[-100.3764,25.7942]]]},"properties":{"rank_base":16,"score_base":62.63,"rank_with_scout":15,"score_with_scout":61.54,"scout_bonus":-1.08,"scout_marks":0,"cobertura_campo":"sin encuesta","scout_marks_kinds":"","scout_anchor_marks_used":0,"pins_favorito":0,"pins_lock":0,"v2_rank":46,"score_v2":50.47,"delta_rank_v2_to_base":30,"delta_rank_base_to_scout":1,"cause_main":"competencia","cause_anclas_pts":3.66,"cause_competencia_pts":12.13,"scout_cause":"anclas","cve_col":"19039_0298","municipio":"Monterrey","colonia":"Fomerrey 35 (Tierra Propia)","grado":"Medio","pob_conapo":7185,"viviendas_est":1996,"D_star":0.3503,"A_star":0.6205,"C_star":0.0,"anclas_pond":52.45,"anclas_por_1000viv":26.28,"comp_n_300m":0,"comp_por_1000viv":0.0,"n_cerveza":3,"n_tortilleria":6,"n_banco_bienestar_azteca":1,"n_oxxo":0,"n_express":1,"n_iglesia":0,"n_escuela":4,"n_parada":2,"n_farmacia":3,"n_abarrotes":78,"comp_n_300m_with_scout":0,"cells_pos":41,"lat":25.79245,"lon":-100.379727,"rank_p10":8,"rank_p50":29,"rank_p90":106,"ancho_banda":98,"banda":"ancha","confianza":"baja","prob_top30":0.514,"prob_top30_estres":0.342,"comp_cero_desconocido":true,"n_est_sugeridas":2,"est":[[-100.37926,25.79454,11.3],[-100.37826,25.78911,9.1]]}},{"type":"Feature","geometry":{"type":"Polygon","coordinates":[[[-100.3238,25.7385],[-100.3258,25.7387],[-100.3256,25.7409],[-100.3244,25.7432],[-100.3263,25.7437],[-100.3263,25.7452],[-100.3253,25.746],[-100.325,25.7479],[-100.3253,25.75],[-100.3221,25.7503],[-100.3222,25.7452],[-100.3211,25.7453],[-100.3237,25.7399],[-100.3238,25.7385]]]},"properties":{"rank_base":17,"score_base":62.41,"rank_with_scout":103,"score_with_scout":38.56,"scout_bonus":-23.86,"scout_marks":0,"cobertura_campo":"sin encuesta","scout_marks_kinds":"","scout_anchor_marks_used":2,"pins_favorito":0,"pins_lock":0,"v2_rank":114,"score_v2":43.11,"delta_rank_v2_to_base":97,"delta_rank_base_to_scout":-86,"cause_main":"anclas","cause_anclas_pts":13.96,"cause_competencia_pts":8.98,"scout_cause":"competencia","cve_col":"19039_0430","municipio":"Monterrey","colonia":"Lazaro Cardenas","grado":"Medio","pob_conapo":1824,"viviendas_est":507,"D_star":0.1326,"A_star":0.9036,"C_star":0.0,"anclas_pond":19.1,"anclas_por_1000viv":37.7,"comp_n_300m":0,"comp_por_1000viv":0.0,"n_cerveza":1,"n_tortilleria":5,"n_banco_bienestar_azteca":0,"n_oxxo":1,"n_express":0,"n_iglesia":0,"n_escuela":0,"n_parada":1,"n_farmacia":0,"n_abarrotes":24,"comp_n_300m_with_scout":1,"cells_pos":35,"lat":25.74445,"lon":-100.323905,"rank_p10":9,"rank_p50":32,"rank_p90":110,"ancho_banda":101,"banda":"ancha","confianza":"baja","prob_top30":0.492,"prob_top30_estres":0.31,"comp_cero_desconocido":true,"n_est_sugeridas":1,"est":[[-100.32243,25.74568,10.0]]}},{"type":"Feature","geometry":{"type":"Polygon","coordinates":[[[-100.3662,25.7716],[-100.366,25.7715],[-100.3703,25.7681],[-100.3721,25.7703],[-100.3701,25.7711],[-100.3682,25.7723],[-100.3666,25.7713],[-100.3662,25.7716]]]},"properties":{"rank_base":18,"score_base":61.83,"rank_with_scout":74,"score_with_scout":44.48,"scout_bonus":-17.35,"scout_marks":5,"cobertura_campo":"parcial","scout_marks_kinds":"alto:2;escuela:1;modelorama:2","scout_anchor_marks_used":12,"pins_favorito":0,"pins_lock":0,"v2_rank":149,"score_v2":39.66,"delta_rank_v2_to_base":131,"delta_rank_base_to_scout":-56,"cause_main":"competencia","cause_anclas_pts":10.49,"cause_competencia_pts":15.31,"scout_cause":"competencia","cve_col":"19039_0295","municipio":"Monterrey","colonia":"Fomerrey 23 ( Laderas de Topo Chico)","grado":"Medio","pob_conapo":2020,"viviendas_est":561,"D_star":0.1587,"A_star":0.8494,"C_star":0.0,"anclas_pond":19.55,"anclas_por_1000viv":34.84,"comp_n_300m":0,"comp_por_1000viv":0.0,"n_cerveza":0,"n_tortilleria":3,"n_banco_bienestar_azteca":0,"n_oxxo":1,"n_express":1,"n_iglesia":0,"n_escuela":2,"n_parada":0,"n_farmacia":2,"n_abarrotes":27,"comp_n_300m_with_scout":1,"cells_pos":12,"lat":25.7692,"lon":-100.370054,"rank_p10":8,"rank_p50":32,"rank_p90":108,"ancho_banda":100,"banda":"ancha","confianza":"baja","prob_top30":0.488,"prob_top30_estres":0.332,"comp_cero_desconocido":true,"n_est_sugeridas":1,"est":[[-100.36929,25.77011,8.6]]}},{"type":"Feature","geometry":{"type":"Polygon","coordinates":[[[-100.3771,25.7695],[-100.379,25.7687],[-100.3822,25.7664],[-100.3849,25.7685],[-100.3803,25.7736],[-100.3781,25.7711],[-100.3771,25.7695]]]},"properties":{"rank_base":19,"score_base":61.48,"rank_with_scout":17,"score_with_scout":60.21,"scout_bonus":-1.27,"scout_marks":0,"cobertura_campo":"sin encuesta","scout_marks_kinds":"","scout_anchor_marks_used":0,"pins_favorito":0,"pins_lock":0,"v2_rank":88,"score_v2":45.33,"delta_rank_v2_to_base":69,"delta_rank_base_to_scout":2,"cause_main":"competencia","cause_anclas_pts":0.15,"cause_competencia_pts":19.63,"scout_cause":"anclas","cve_col":"19039_0292","municipio":"Monterrey","colonia":"Fomerrey 115 (San Bernabe 12)","grado":"Medio","pob_conapo":4015,"viviendas_est":1115,"D_star":0.3939,"A_star":0.5241,"C_star":0.0,"anclas_pond":27.1,"anclas_por_1000viv":24.3,"comp_n_300m":0,"comp_por_1000viv":0.0,"n_cerveza":0,"n_tortilleria":3,"n_banco_bienestar_azteca":0,"n_oxxo":0,"n_express":1,"n_iglesia":0,"n_escuela":2,"n_parada":3,"n_farmacia":1,"n_abarrotes":44,"comp_n_300m_with_scout":0,"cells_pos":31,"lat":25.7703,"lon":-100.380438,"rank_p10":10,"rank_p50":35,"rank_p90":111,"ancho_banda":101,"banda":"ancha","confianza":"baja","prob_top30":0.466,"prob_top30_estres":0.299,"comp_cero_desconocido":true,"n_est_sugeridas":2,"est":[[-100.38424,25.7683,8.5],[-100.37826,25.77011,5.6]]}},{"type":"Feature","geometry":{"type":"Polygon","coordinates":[[[-100.4238,25.6858],[-100.4224,25.6833],[-100.4226,25.682],[-100.4266,25.6829],[-100.4277,25.6831],[-100.426,25.6865],[-100.4238,25.6858]]]},"properties":{"rank_base":20,"score_base":60.75,"rank_with_scout":18,"score_with_scout":59.67,"scout_bonus":-1.08,"scout_marks":0,"cobertura_campo":"sin encuesta","scout_marks_kinds":"","scout_anchor_marks_used":0,"pins_favorito":0,"pins_lock":0,"v2_rank":81,"score_v2":45.67,"delta_rank_v2_to_base":61,"delta_rank_base_to_scout":2,"cause_main":"competencia","cause_anclas_pts":4.02,"cause_competencia_pts":14.69,"scout_cause":"anclas","cve_col":"19048_0071","municipio":"Santa Catarina","colonia":"Indeco La Fama 1","grado":"Medio","pob_conapo":1668,"viviendas_est":463,"D_star":0.0775,"A_star":0.9217,"C_star":0.0,"anclas_pond":18.45,"anclas_por_1000viv":39.81,"comp_n_300m":0,"comp_por_1000viv":0.0,"n_cerveza":0,"n_tortilleria":3,"n_banco_bienestar_azteca":0,"n_oxxo":0,"n_express":1,"n_iglesia":0,"n_escuela":4,"n_parada":2,"n_farmacia":2,"n_abarrotes":18,"comp_n_300m_with_scout":0,"cells_pos":17,"lat":25.68455,"lon":-100.425038,"rank_p10":11,"rank_p50":38,"rank_p90":119,"ancho_banda":108,"banda":"ancha","confianza":"baja","prob_top30":0.449,"prob_top30_estres":0.227,"comp_cero_desconocido":true,"n_est_sugeridas":1,"est":[[-100.42511,25.68598,6.0]]}},{"type":"Feature","geometry":{"type":"Polygon","coordinates":[[[-100.3772,25.7648],[-100.3776,25.7645],[-100.3801,25.7634],[-100.3822,25.7664],[-100.379,25.7687],[-100.3773,25.7694],[-100.3765,25.7658],[-100.3772,25.7648]]]},"properties":{"rank_base":21,"score_base":60.6,"rank_with_scout":19,"score_with_scout":59.51,"scout_bonus":-1.08,"scout_marks":0,"cobertura_campo":"sin encuesta","scout_marks_kinds":"","scout_anchor_marks_used":0,"pins_favorito":0,"pins_lock":0,"v2_rank":89,"score_v2":45.29,"delta_rank_v2_to_base":68,"delta_rank_base_to_scout":2,"cause_main":"competencia","cause_anclas_pts":1.8,"cause_competencia_pts":17.13,"scout_cause":"anclas","cve_col":"19039_0291","municipio":"Monterrey","colonia":"Fomerrey 114 (San Bernabe 13)","grado":"Medio","pob_conapo":2871,"viviendas_est":798,"D_star":0.3312,"A_star":0.5783,"C_star":0.0,"anclas_pond":20.15,"anclas_por_1000viv":25.26,"comp_n_300m":0,"comp_por_1000viv":0.0,"n_cerveza":0,"n_tortilleria":3,"n_banco_bienestar_azteca":0,"n_oxxo":0,"n_express":0,"n_iglesia":0,"n_escuela":2,"n_parada":0,"n_farmacia":0,"n_abarrotes":36,"comp_n_300m_with_scout":0,"cells_pos":23,"lat":25.76755,"lon":-100.378744,"rank_p10":10,"rank_p50":35,"rank_p90":116,"ancho_banda":106,"banda":"ancha","confianza":"baja","prob_top30":0.471,"prob_top30_estres":0.29,"comp_cero_desconocido":true,"n_est_sugeridas":1,"est":[[-100.38025,25.76559,8.3]]}},{"type":"Feature","geometry":{"type":"Polygon","coordinates":[[[-100.2105,25.6451],[-100.2116,25.6452],[-100.212,25.6434],[-100.2109,25.6433],[-100.2115,25.6411],[-100.213,25.6413],[-100.2126,25.6434],[-100.2144,25.6435],[-100.2154,25.6424],[-100.2161,25.6429],[-100.2183,25.6434],[-100.2178,25.6468],[-100.2171,25.6463],[-100.214,25.6456],[-100.2135,25.6476],[-100.2117,25.6472],[-100.2121,25.6457],[-100.2105,25.6451]]]},"properties":{"rank_base":22,"score_base":60.28,"rank_with_scout":21,"score_with_scout":59.02,"scout_bonus":-1.27,"scout_marks":0,"cobertura_campo":"sin encuesta","scout_marks_kinds":"","scout_anchor_marks_used":0,"pins_favorito":0,"pins_lock":0,"v2_rank":29,"score_v2":52.8,"delta_rank_v2_to_base":7,"delta_rank_base_to_scout":1,"cause_main":"competencia","cause_anclas_pts":-0.68,"cause_competencia_pts":11.79,"scout_cause":"anclas","cve_col":"19026_0432","municipio":"Guadalupe","colonia":"Unidad Piloto","grado":"Medio","pob_conapo":3524,"viviendas_est":979,"D_star":0.4453,"A_star":0.4157,"C_star":0.0,"anclas_pond":22.0,"anclas_por_1000viv":22.47,"comp_n_300m":0,"comp_por_1000viv":0.0,"n_cerveza":0,"n_tortilleria":1,"n_banco_bienestar_azteca":0,"n_oxxo":0,"n_express":2,"n_iglesia":0,"n_escuela":0,"n_parada":1,"n_farmacia":0,"n_abarrotes":45,"comp_n_300m_with_scout":0,"cells_pos":26,"lat":25.6443,"lon":-100.214984,"rank_p10":10,"rank_p50":35,"rank_p90":114,"ancho_banda":104,"banda":"ancha","confianza":"baja","prob_top30":0.472,"prob_top30_estres":0.274,"comp_cero_desconocido":true,"n_est_sugeridas":1,"est":[[-100.21377,25.64527,5.9]]}},{"type":"Feature","geometry":{"type":"Polygon","coordinates":[[[-100.3646,25.8306],[-100.3692,25.8303],[-100.3698,25.8385],[-100.3692,25.848],[-100.3657,25.8479],[-100.3653,25.8396],[-100.3646,25.8306]]]},"properties":{"rank_base":23,"score_base":59.98,"rank_with_scout":41,"score_with_scout":51.13,"scout_bonus":-8.86,"scout_marks":1,"cobertura_campo":"parcial","scout_marks_kinds":"modelorama:1","scout_anchor_marks_used":2,"pins_favorito":0,"pins_lock":0,"v2_rank":5,"score_v2":66.1,"delta_rank_v2_to_base":-18,"delta_rank_base_to_scout":-18,"cause_main":"anclas","cause_anclas_pts":-12.79,"cause_competencia_pts":10.31,"scout_cause":"competencia","cve_col":"19021_0280","municipio":"General Escobedo","colonia":"Villas de San Francisco","grado":"Medio","pob_conapo":13161,"viviendas_est":3656,"D_star":0.7405,"A_star":0.012,"C_star":0.0,"anclas_pond":42.05,"anclas_por_1000viv":11.5,"comp_n_300m":0,"comp_por_1000viv":0.0,"n_cerveza":1,"n_tortilleria":6,"n_banco_bienestar_azteca":0,"n_oxxo":2,"n_express":2,"n_iglesia":0,"n_escuela":0,"n_parada":3,"n_farmacia":4,"n_abarrotes":62,"comp_n_300m_with_scout":1,"cells_pos":86,"lat":25.83905,"lon":-100.367511,"rank_p10":12,"rank_p50":42,"rank_p90":126,"ancho_banda":114,"banda":"ancha","confianza":"baja","prob_top30":0.413,"prob_top30_estres":0.226,"comp_cero_desconocido":true,"n_est_sugeridas":3,"est":[[-100.36829,25.83344,7.5],[-100.36729,25.8452,6.8],[-100.36729,25.83886,4.9]]}},{"type":"Feature","geometry":{"type":"Polygon","coordinates":[[[-100.2025,25.6889],[-100.1989,25.688],[-100.1987,25.6875],[-100.1985,25.6859],[-100.2043,25.6849],[-100.2059,25.6844],[-100.2058,25.6857],[-100.2068,25.6896],[-100.2058,25.6899],[-100.2042,25.6884],[-100.2025,25.6889]]]},"properties":{"rank_base":24,"score_base":59.73,"rank_with_scout":22,"score_with_scout":58.83,"scout_bonus":-0.9,"scout_marks":0,"cobertura_campo":"sin encuesta","scout_marks_kinds":"","scout_anchor_marks_used":0,"pins_favorito":0,"pins_lock":0,"v2_rank":148,"score_v2":39.84,"delta_rank_v2_to_base":124,"delta_rank_base_to_scout":2,"cause_main":"competencia","cause_anclas_pts":11.13,"cause_competencia_pts":12.39,"scout_cause":"anclas","cve_col":"19026_0434","municipio":"Guadalupe","colonia":"Union Modelo","grado":"Medio","pob_conapo":1759,"viviendas_est":489,"D_star":0.0927,"A_star":0.8675,"C_star":0.0,"anclas_pond":17.4,"anclas_por_1000viv":35.62,"comp_n_300m":0,"comp_por_1000viv":0.0,"n_cerveza":1,"n_tortilleria":4,"n_banco_bienestar_azteca":0,"n_oxxo":0,"n_express":0,"n_iglesia":0,"n_escuela":3,"n_parada":2,"n_farmacia":0,"n_abarrotes":16,"comp_n_300m_with_scout":0,"cells_pos":30,"lat":25.6867,"lon":-100.202328,"rank_p10":14,"rank_p50":46,"rank_p90":127,"ancho_banda":113,"banda":"ancha","confianza":"baja","prob_top30":0.399,"prob_top30_estres":0.182,"comp_cero_desconocido":true,"n_est_sugeridas":1,"est":[[-100.19981,25.68598,6.5]]}},{"type":"Feature","geometry":{"type":"Polygon","coordinates":[[[-100.3947,25.8528],[-100.3817,25.8491],[-100.3794,25.8485],[-100.3795,25.8461],[-100.3829,25.845],[-100.3972,25.8398],[-100.3997,25.8452],[-100.4015,25.8441],[-100.4036,25.8469],[-100.3982,25.8504],[-100.3958,25.847],[-100.392,25.8493],[-100.3947,25.8528]]]},"properties":{"rank_base":25,"score_base":59.51,"rank_with_scout":16,"score_with_scout":61.5,"scout_bonus":1.99,"scout_marks":3,"cobertura_campo":"parcial","scout_marks_kinds":"modelorama:3","scout_anchor_marks_used":2,"pins_favorito":0,"pins_lock":0,"v2_rank":8,"score_v2":65.63,"delta_rank_v2_to_base":-17,"delta_rank_base_to_scout":9,"cause_main":"anclas","cause_anclas_pts":-8.99,"cause_competencia_pts":6.5,"scout_cause":"competencia","cve_col":"19021_0177","municipio":"General Escobedo","colonia":"Nuevo Leon Estado de Progreso (Alianza Real)","grado":"Medio","pob_conapo":22588,"viviendas_est":6274,"D_star":0.8959,"A_star":0.1386,"C_star":0.3494,"anclas_pond":105.6,"anclas_por_1000viv":16.83,"comp_n_300m":1,"comp_por_1000viv":0.159,"n_cerveza":1,"n_tortilleria":17,"n_banco_bienestar_azteca":1,"n_oxxo":3,"n_express":2,"n_iglesia":1,"n_escuela":2,"n_parada":8,"n_farmacia":4,"n_abarrotes":164,"comp_n_300m_with_scout":1,"cells_pos":163,"lat":25.8465,"lon":-100.391392,"rank_p10":3,"rank_p50":5,"rank_p90":13,"ancho_banda":10,"banda":"estrecha","confianza":"alta","prob_top30":1.0,"prob_top30_estres":1.0,"comp_cero_desconocido":false,"n_est_sugeridas":3,"est":[[-100.3982,25.84791,7.9],[-100.38623,25.84701,7.9],[-100.39222,25.8452,6.3]]}},{"type":"Feature","geometry":{"type":"Polygon","coordinates":[[[-100.3427,25.74],[-100.3427,25.737],[-100.3426,25.7369],[-100.3426,25.7339],[-100.346,25.7364],[-100.3479,25.7354],[-100.3479,25.7345],[-100.347,25.7333],[-100.3478,25.7331],[-100.3486,25.7342],[-100.3501,25.7333],[-100.3509,25.7347],[-100.3512,25.736],[-100.3501,25.7365],[-100.3492,25.7366],[-100.3465,25.7384],[-100.3459,25.7379],[-100.3444,25.7368],[-100.3427,25.74]]]},"properties":{"rank_base":26,"score_base":59.37,"rank_with_scout":20,"score_with_scout":59.37,"scout_bonus":0.0,"scout_marks":0,"cobertura_campo":"sin encuesta","scout_marks_kinds":"","scout_anchor_marks_used":1,"pins_favorito":0,"pins_lock":0,"v2_rank":111,"score_v2":43.49,"delta_rank_v2_to_base":85,"delta_rank_base_to_scout":6,"cause_main":"competencia","cause_anclas_pts":5.51,"cause_competencia_pts":14.01,"scout_cause":"—","cve_col":"19039_0508","municipio":"Monterrey","colonia":"Moctezuma","grado":"Medio","pob_conapo":2415,"viviendas_est":671,"D_star":0.1604,"A_star":0.7651,"C_star":0.0,"anclas_pond":20.8,"anclas_por_1000viv":31.01,"comp_n_300m":0,"comp_por_1000viv":0.0,"n_cerveza":1,"n_tortilleria":1,"n_banco_bienestar_azteca":0,"n_oxxo":2,"n_express":0,"n_iglesia":0,"n_escuela":4,"n_parada":1,"n_farmacia":1,"n_abarrotes":27,"comp_n_300m_with_scout":0,"cells_pos":21,"lat":25.73655,"lon":-100.346125,"rank_p10":16,"rank_p50":45,"rank_p90":128,"ancho_banda":112,"banda":"ancha","confianza":"baja","prob_top30":0.396,"prob_top30_estres":0.186,"comp_cero_desconocido":true,"n_est_sugeridas":1,"est":[[-100.34835,25.73392,6.3]],"metro_cerca":{"n":"Aztlan","l":"L1","d":521,"i":0.2253}}},{"type":"Feature","geometry":{"type":"Polygon","coordinates":[[[-100.0784,25.6494],[-100.0799,25.6473],[-100.0834,25.6485],[-100.0818,25.6511],[-100.0784,25.6494]]]},"properties":{"rank_base":27,"score_base":58.57,"rank_with_scout":24,"score_with_scout":57.12,"scout_bonus":-1.45,"scout_marks":0,"cobertura_campo":"sin encuesta","scout_marks_kinds":"","scout_anchor_marks_used":0,"pins_favorito":0,"pins_lock":0,"v2_rank":160,"score_v2":37.35,"delta_rank_v2_to_base":133,"delta_rank_base_to_scout":3,"cause_main":"competencia","cause_anclas_pts":11.07,"cause_competencia_pts":13.79,"scout_cause":"anclas","cve_col":"19031_0219","municipio":"Juárez","colonia":"Villas de San Jose 7 Sector","grado":"Medio","pob_conapo":1676,"viviendas_est":465,"D_star":0.1088,"A_star":0.8072,"C_star":0.0,"anclas_pond":15.05,"anclas_por_1000viv":32.33,"comp_n_300m":0,"comp_por_1000viv":0.0,"n_cerveza":0,"n_tortilleria":4,"n_banco_bienestar_azteca":0,"n_oxxo":2,"n_express":0,"n_iglesia":0,"n_escuela":0,"n_parada":1,"n_farmacia":1,"n_abarrotes":17,"comp_n_300m_with_scout":0,"cells_pos":10,"lat":25.64895,"lon":-100.080922,"rank_p10":16,"rank_p50":48,"rank_p90":131,"ancho_banda":115,"banda":"ancha","confianza":"baja","prob_top30":0.372,"prob_top30_estres":0.157,"comp_cero_desconocido":true,"n_est_sugeridas":1,"est":[[-100.08018,25.64979,7.2]]}},{"type":"Feature","geometry":{"type":"Polygon","coordinates":[[[-100.3258,25.7387],[-100.3238,25.7385],[-100.323,25.7376],[-100.3239,25.7316],[-100.3241,25.73],[-100.3241,25.7297],[-100.3245,25.7298],[-100.3259,25.7289],[-100.3285,25.7293],[-100.3298,25.7299],[-100.3311,25.7317],[-100.3327,25.7327],[-100.3352,25.733],[-100.337,25.7337],[-100.3363,25.7392],[-100.3315,25.7386],[-100.3314,25.7394],[-100.3294,25.7396],[-100.326,25.7391],[-100.3258,25.7387]]]},"properties":{"rank_base":28,"score_base":57.79,"rank_with_scout":28,"score_with_scout":55.44,"scout_bonus":-2.35,"scout_marks":18,"cobertura_campo":"encuestada","scout_marks_kinds":"alto:1;escuela:2;express:2;modelorama:9;otro:2;purificadora:2","scout_anchor_marks_used":15,"pins_favorito":3,"pins_lock":1,"v2_rank":9,"score_v2":64.57,"delta_rank_v2_to_base":-19,"delta_rank_base_to_scout":0,"cause_main":"anclas","cause_anclas_pts":-5.0,"cause_competencia_pts":1.86,"scout_cause":"competencia","cve_col":"19039_0727","municipio":"Monterrey","colonia":"Topo Chico","grado":"Medio","pob_conapo":10387,"viviendas_est":2885,"D_star":0.5231,"A_star":0.5843,"C_star":0.3554,"anclas_pond":73.05,"anclas_por_1000viv":25.32,"comp_n_300m":1,"comp_por_1000viv":0.347,"n_cerveza":3,"n_tortilleria":13,"n_banco_bienestar_azteca":0,"n_oxxo":1,"n_express":2,"n_iglesia":1,"n_escuela":3,"n_parada":0,"n_farmacia":1,"n_abarrotes":112,"comp_n_300m_with_scout":4,"cells_pos":122,"lat":25.7345,"lon":-100.330183,"rank_p10":6,"rank_p50":9,"rank_p90":14,"ancho_banda":8,"banda":"estrecha","confianza":"alta","prob_top30":1.0,"prob_top30_estres":1.0,"comp_cero_desconocido":false,"n_est_sugeridas":3,"est":[[-100.3334,25.73392,10.6],[-100.32941,25.73845,8.1],[-100.32542,25.73031,6.9]]}},{"type":"Feature","geometry":{"type":"Polygon","coordinates":[[[-100.2706,25.653],[-100.2711,25.6539],[-100.2711,25.6578],[-100.2667,25.6594],[-100.2637,25.6588],[-100.2631,25.6583],[-100.2643,25.6579],[-100.2668,25.6585],[-100.2667,25.6563],[-100.2673,25.6546],[-100.2706,25.653]]]},"properties":{"rank_base":29,"score_base":57.16,"rank_with_scout":27,"score_with_scout":56.08,"scout_bonus":-1.08,"scout_marks":0,"cobertura_campo":"sin encuesta","scout_marks_kinds":"","scout_anchor_marks_used":0,"pins_favorito":0,"pins_lock":0,"v2_rank":60,"score_v2":48.27,"delta_rank_v2_to_base":31,"delta_rank_base_to_scout":2,"cause_main":"competencia","cause_anclas_pts":1.5,"cause_competencia_pts":11.03,"scout_cause":"anclas","cve_col":"19026_0017","municipio":"Guadalupe","colonia":"25 de Noviembre","grado":"Medio","pob_conapo":2913,"viviendas_est":809,"D_star":0.2227,"A_star":0.6084,"C_star":0.0,"anclas_pond":21.05,"anclas_por_1000viv":26.01,"comp_n_300m":0,"comp_por_1000viv":0.0,"n_cerveza":4,"n_tortilleria":2,"n_banco_bienestar_azteca":0,"n_oxxo":1,"n_express":0,"n_iglesia":1,"n_escuela":1,"n_parada":1,"n_farmacia":0,"n_abarrotes":22,"comp_n_300m_with_scout":0,"cells_pos":22,"lat":25.65545,"lon":-100.26905,"rank_p10":18,"rank_p50":53,"rank_p90":134,"ancho_banda":116,"banda":"ancha","confianza":"baja","prob_top30":0.345,"prob_top30_estres":0.14,"comp_cero_desconocido":true,"n_est_sugeridas":1,"est":[[-100.27059,25.65522,7.6]]}},{"type":"Feature","geometry":{"type":"Polygon","coordinates":[[[-100.3554,25.7637],[-100.3581,25.7616],[-100.3595,25.7628],[-100.3587,25.764],[-100.357,25.766],[-100.3554,25.7637]]]},"properties":{"rank_base":30,"score_base":56.42,"rank_with_scout":5,"score_with_scout":66.9,"scout_bonus":10.48,"scout_marks":0,"cobertura_campo":"sin encuesta","scout_marks_kinds":"","scout_anchor_marks_used":4,"pins_favorito":0,"pins_lock":0,"v2_rank":94,"score_v2":44.63,"delta_rank_v2_to_base":64,"delta_rank_base_to_scout":25,"cause_main":"competencia","cause_anclas_pts":2.39,"cause_competencia_pts":13.04,"scout_cause":"anclas","cve_col":"19039_0626","municipio":"Monterrey","colonia":"Rene Alvarez","grado":"Alto","pob_conapo":1613,"viviendas_est":448,"D_star":0.272,"A_star":0.5181,"C_star":0.0,"anclas_pond":10.85,"anclas_por_1000viv":24.22,"comp_n_300m":0,"comp_por_1000viv":0.0,"n_cerveza":0,"n_tortilleria":1,"n_banco_bienestar_azteca":0,"n_oxxo":0,"n_express":0,"n_iglesia":0,"n_escuela":0,"n_parada":0,"n_farmacia":0,"n_abarrotes":24,"comp_n_300m_with_scout":0,"cells_pos":10,"lat":25.76385,"lon":-100.357152,"rank_p10":19,"rank_p50":56,"rank_p90":136,"ancho_banda":117,"banda":"ancha","confianza":"baja","prob_top30":0.323,"prob_top30_estres":0.115,"comp_cero_desconocido":true,"n_est_sugeridas":1,"est":[[-100.35932,25.76287,6.5]]}},{"type":"Feature","geometry":{"type":"Polygon","coordinates":[[[-100.3553,25.759],[-100.3565,25.7561],[-100.3592,25.7589],[-100.3647,25.7628],[-100.3621,25.7651],[-100.3553,25.759]]]},"properties":{"rank_base":31,"score_base":56.12,"rank_with_scout":30,"score_with_scout":54.67,"scout_bonus":-1.45,"scout_marks":5,"cobertura_campo":"parcial","scout_marks_kinds":"escuela:1;modelorama:4","scout_anchor_marks_used":12,"pins_favorito":0,"pins_lock":0,"v2_rank":41,"score_v2":51.49,"delta_rank_v2_to_base":10,"delta_rank_base_to_scout":1,"cause_main":"anclas","cause_anclas_pts":6.84,"cause_competencia_pts":1.42,"scout_cause":"competencia","cve_col":"19039_0284","municipio":"Monterrey","colonia":"Fomerrey 1 ( Reforma )","grado":"Medio","pob_conapo":4859,"viviendas_est":1350,"D_star":0.4496,"A_star":0.7289,"C_star":0.4578,"anclas_pond":40.75,"anclas_por_1000viv":30.19,"comp_n_300m":1,"comp_por_1000viv":0.741,"n_cerveza":1,"n_tortilleria":7,"n_banco_bienestar_azteca":0,"n_oxxo":0,"n_express":0,"n_iglesia":0,"n_escuela":1,"n_parada":0,"n_farmacia":3,"n_abarrotes":70,"comp_n_300m_with_scout":2,"cells_pos":32,"lat":25.7609,"lon":-100.359719,"rank_p10":7,"rank_p50":10,"rank_p90":14,"ancho_banda":7,"banda":"estrecha","confianza":"alta","prob_top30":1.0,"prob_top30_estres":1.0,"comp_cero_desconocido":false,"n_est_sugeridas":2,"est":[[-100.36131,25.76197,7.6],[-100.35732,25.75745,4.9]],"metro_cerca":{"n":"Talleres","l":"L1","d":885,"i":0.5907}}},{"type":"Feature","geometry":{"type":"Polygon","coordinates":[[[-100.3599,25.7037],[-100.3572,25.7025],[-100.3545,25.7024],[-100.3541,25.7014],[-100.3523,25.7014],[-100.3524,25.6988],[-100.3562,25.6989],[-100.3627,25.7016],[-100.364,25.7027],[-100.3621,25.7051],[-100.3599,25.7037]]]},"properties":{"rank_base":32,"score_base":54.85,"rank_with_scout":32,"score_with_scout":53.95,"scout_bonus":-0.9,"scout_marks":0,"cobertura_campo":"sin encuesta","scout_marks_kinds":"","scout_anchor_marks_used":0,"pins_favorito":0,"pins_lock":0,"v2_rank":132,"score_v2":41.56,"delta_rank_v2_to_base":100,"delta_rank_base_to_scout":0,"cause_main":"competencia","cause_anclas_pts":6.55,"cause_competencia_pts":10.37,"scout_cause":"anclas","cve_col":"19039_0257","municipio":"Monterrey","colonia":"Emiliano Zapata","grado":"Medio","pob_conapo":2145,"viviendas_est":596,"D_star":0.1288,"A_star":0.6566,"C_star":0.0,"anclas_pond":16.55,"anclas_por_1000viv":27.78,"comp_n_300m":0,"comp_por_1000viv":0.0,"n_cerveza":0,"n_tortilleria":4,"n_banco_bienestar_azteca":1,"n_oxxo":2,"n_express":0,"n_iglesia":0,"n_escuela":0,"n_parada":0,"n_farmacia":3,"n_abarrotes":17,"comp_n_300m_with_scout":0,"cells_pos":39,"lat":25.702,"lon":-100.358756,"rank_p10":29,"rank_p50":73,"rank_p90":147,"ancho_banda":118,"banda":"ancha","confianza":"baja","prob_top30":0.126,"prob_top30_estres":0.026,"comp_cero_desconocido":true,"n_est_sugeridas":1,"est":[[-100.36031,25.70317,5.7]]}},{"type":"Feature","geometry":{"type":"MultiPolygon","coordinates":[[[[-100.3972,25.787],[-100.397,25.7872],[-100.397,25.7892],[-100.3971,25.7901],[-100.3971,25.791],[-100.3967,25.7915],[-100.3945,25.7914],[-100.3941,25.7922],[-100.3972,25.7928],[-100.3983,25.7928],[-100.3982,25.7936],[-100.4009,25.7944],[-100.4013,25.7951],[-100.4031,25.7951],[-100.4049,25.7943],[-100.4007,25.794],[-100.4005,25.793],[-100.4012,25.7931],[-100.4033,25.7932],[-100.4031,25.7915],[-100.4049,25.7915],[-100.4051,25.7916],[-100.4052,25.7931],[-100.4072,25.7927],[-100.4071,25.7914],[-100.4071,25.7908],[-100.4082,25.7908],[-100.4086,25.7913],[-100.4102,25.7903],[-100.4088,25.79],[-100.4089,25.7879],[-100.4109,25.7881],[-100.4109,25.7873],[-100.413,25.7872],[-100.4132,25.7887],[-100.4155,25.7885],[-100.4152,25.7893],[-100.4128,25.7892],[-100.4109,25.79],[-100.4061,25.7942],[-100.4049,25.7955],[-100.4033,25.7965],[-100.4006,25.7958],[-100.3991,25.795],[-100.3973,25.7934],[-100.3934,25.7927],[-100.3904,25.7939],[-100.3881,25.7959],[-100.3873,25.7972],[-100.386,25.7969],[-100.3877,25.7954],[-100.385,25.7869],[-100.3846,25.7862],[-100.3867,25.7847],[-100.3904,25.7852],[-100.3922,25.7849],[-100.3943,25.7852],[-100.3972,25.787]]],[[[-100.4012,25.7914],[-100.401,25.7895],[-100.403,25.7896],[-100.4029,25.7914],[-100.4012,25.7914]]]]},"properties":{"rank_base":33,"score_base":54.78,"rank_with_scout":26,"score_with_scout":56.22,"scout_bonus":1.45,"scout_marks":0,"cobertura_campo":"sin encuesta","scout_marks_kinds":"","scout_anchor_marks_used":0,"pins_favorito":0,"pins_lock":0,"v2_rank":4,"score_v2":67.56,"delta_rank_v2_to_base":-29,"delta_rank_base_to_scout":7,"cause_main":"anclas","cause_anclas_pts":-8.09,"cause_competencia_pts":-1.05,"scout_cause":"competencia","cve_col":"19039_0656","municipio":"Monterrey","colonia":"Riveras del Rio","grado":"Medio","pob_conapo":8362,"viviendas_est":2323,"D_star":0.8499,"A_star":0.1687,"C_star":0.4759,"anclas_pond":40.2,"anclas_por_1000viv":17.31,"comp_n_300m":2,"comp_por_1000viv":0.861,"n_cerveza":1,"n_tortilleria":2,"n_banco_bienestar_azteca":2,"n_oxxo":0,"n_express":0,"n_iglesia":0,"n_escuela":1,"n_parada":4,"n_farmacia":1,"n_abarrotes":73,"comp_n_300m_with_scout":2,"cells_pos":88,"lat":25.7909,"lon":-100.391685,"rank_p10":6,"rank_p50":15,"rank_p90":26,"ancho_banda":20,"banda":"estrecha","confianza":"media","prob_top30":0.958,"prob_top30_estres":0.996,"comp_cero_desconocido":false,"n_est_sugeridas":3,"est":[[-100.39022,25.78549,5.0],[-100.40318,25.79363,4.0],[-100.41116,25.7873,3.6]]}},{"type":"Feature","geometry":{"type":"Polygon","coordinates":[[[-100.3835,25.7621],[-100.3801,25.7595],[-100.3819,25.7582],[-100.3839,25.7597],[-100.3855,25.7575],[-100.3914,25.7608],[-100.3897,25.7603],[-100.3887,25.7617],[-100.3862,25.7604],[-100.3835,25.7621]]]},"properties":{"rank_base":34,"score_base":54.7,"rank_with_scout":29,"score_with_scout":55.42,"scout_bonus":0.72,"scout_marks":0,"cobertura_campo":"sin encuesta","scout_marks_kinds":"","scout_anchor_marks_used":0,"pins_favorito":0,"pins_lock":0,"v2_rank":119,"score_v2":42.91,"delta_rank_v2_to_base":85,"delta_rank_base_to_scout":5,"cause_main":"anclas","cause_anclas_pts":13.24,"cause_competencia_pts":2.19,"scout_cause":"competencia","cve_col":"19039_0288","municipio":"Monterrey","colonia":"Fomerrey 110 (San Bernabe 15)","grado":"Medio","pob_conapo":3562,"viviendas_est":989,"D_star":0.369,"A_star":0.8795,"C_star":0.5482,"anclas_pond":35.85,"anclas_por_1000viv":36.23,"comp_n_300m":1,"comp_por_1000viv":1.011,"n_cerveza":1,"n_tortilleria":9,"n_banco_bienestar_azteca":0,"n_oxxo":0,"n_express":0,"n_iglesia":0,"n_escuela":3,"n_parada":0,"n_farmacia":1,"n_abarrotes":49,"comp_n_300m_with_scout":1,"cells_pos":24,"lat":25.76,"lon":-100.385376,"rank_p10":11,"rank_p50":16,"rank_p90":22,"ancho_banda":11,"banda":"estrecha","confianza":"media","prob_top30":0.996,"prob_top30_estres":1.0,"comp_cero_desconocido":false,"n_est_sugeridas":2,"est":[[-100.38324,25.76106,9.1],[-100.39022,25.76016,5.7]]}},{"type":"Feature","geometry":{"type":"Polygon","coordinates":[[[-100.4173,25.7728],[-100.4169,25.7732],[-100.413,25.7725],[-100.4122,25.7734],[-100.4104,25.7722],[-100.4127,25.7688],[-100.4181,25.7715],[-100.4191,25.7698],[-100.4223,25.7715],[-100.421,25.7744],[-100.4175,25.7725],[-100.4173,25.7728]]]},"properties":{"rank_base":35,"score_base":54.09,"rank_with_scout":34,"score_with_scout":52.82,"scout_bonus":-1.27,"scout_marks":0,"cobertura_campo":"sin encuesta","scout_marks_kinds":"","scout_anchor_marks_used":0,"pins_favorito":0,"pins_lock":0,"v2_rank":80,"score_v2":45.78,"delta_rank_v2_to_base":45,"delta_rank_base_to_scout":1,"cause_main":"competencia","cause_anclas_pts":1.31,"cause_competencia_pts":10.63,"scout_cause":"anclas","cve_col":"19039_0550","municipio":"Monterrey","colonia":"Paseo de San Bernabe","grado":"Medio","pob_conapo":2040,"viviendas_est":567,"D_star":0.2408,"A_star":0.4819,"C_star":0.0,"anclas_pond":13.55,"anclas_por_1000viv":23.91,"comp_n_300m":0,"comp_por_1000viv":0.0,"n_cerveza":1,"n_tortilleria":0,"n_banco_bienestar_azteca":0,"n_oxxo":0,"n_express":0,"n_iglesia":0,"n_escuela":1,"n_parada":3,"n_farmacia":0,"n_abarrotes":22,"comp_n_300m_with_scout":0,"cells_pos":30,"lat":25.77185,"lon":-100.41639,"rank_p10":27,"rank_p50":71,"rank_p90":145,"ancho_banda":118,"banda":"ancha","confianza":"baja","prob_top30":0.164,"prob_top30_estres":0.03,"comp_cero_desconocido":true,"n_est_sugeridas":2,"est":[[-100.41515,25.77282,4.1],[-100.42113,25.77102,2.6]]}},{"type":"Feature","geometry":{"type":"Polygon","coordinates":[[[-100.4244,25.6898],[-100.4253,25.6879],[-100.4289,25.6893],[-100.4279,25.6913],[-100.4244,25.6898]]]},"properties":{"rank_base":36,"score_base":53.98,"rank_with_scout":35,"score_with_scout":52.72,"scout_bonus":-1.27,"scout_marks":0,"cobertura_campo":"sin encuesta","scout_marks_kinds":"","scout_anchor_marks_used":0,"pins_favorito":0,"pins_lock":0,"v2_rank":116,"score_v2":42.99,"delta_rank_v2_to_base":80,"delta_rank_base_to_scout":1,"cause_main":"competencia","cause_anclas_pts":-2.49,"cause_competencia_pts":17.11,"scout_cause":"anclas","cve_col":"19048_0056","municipio":"Santa Catarina","colonia":"Eugenio Canavati","grado":"Medio","pob_conapo":1630,"viviendas_est":453,"D_star":0.2562,"A_star":0.4578,"C_star":0.0,"anclas_pond":10.55,"anclas_por_1000viv":23.31,"comp_n_300m":0,"comp_por_1000viv":0.0,"n_cerveza":0,"n_tortilleria":0,"n_banco_bienestar_azteca":0,"n_oxxo":0,"n_express":0,"n_iglesia":0,"n_escuela":1,"n_parada":1,"n_farmacia":0,"n_abarrotes":22,"comp_n_300m_with_scout":0,"cells_pos":10,"lat":25.68955,"lon":-100.426643,"rank_p10":21,"rank_p50":64,"rank_p90":141,"ancho_banda":120,"banda":"ancha","confianza":"baja","prob_top30":0.256,"prob_top30_estres":0.078,"comp_cero_desconocido":true,"n_est_sugeridas":1,"est":[[-100.42511,25.6896,4.8]]}},{"type":"Feature","geometry":{"type":"Polygon","coordinates":[[[-100.1556,25.7632],[-100.1553,25.7607],[-100.1584,25.7601],[-100.1593,25.7595],[-100.1591,25.7585],[-100.1605,25.7582],[-100.1631,25.7604],[-100.164,25.7602],[-100.1644,25.7641],[-100.1612,25.7624],[-100.1609,25.7628],[-100.1556,25.7632]]]},"properties":{"rank_base":37,"score_base":53.92,"rank_with_scout":33,"score_with_scout":53.56,"scout_bonus":-0.36,"scout_marks":0,"cobertura_campo":"sin encuesta","scout_marks_kinds":"","scout_anchor_marks_used":0,"pins_favorito":0,"pins_lock":0,"v2_rank":32,"score_v2":52.32,"delta_rank_v2_to_base":-5,"delta_rank_base_to_scout":4,"cause_main":"competencia","cause_anclas_pts":-8.63,"cause_competencia_pts":13.87,"scout_cause":"anclas","cve_col":"19006_0405","municipio":"Apodaca","colonia":"Pueblo Nuevo 3Er Sector","grado":"Medio","pob_conapo":6049,"viviendas_est":1680,"D_star":0.485,"A_star":0.1506,"C_star":0.0,"anclas_pond":28.55,"anclas_por_1000viv":16.99,"comp_n_300m":0,"comp_por_1000viv":0.0,"n_cerveza":1,"n_tortilleria":5,"n_banco_bienestar_azteca":0,"n_oxxo":0,"n_express":0,"n_iglesia":1,"n_escuela":3,"n_parada":0,"n_farmacia":0,"n_abarrotes":42,"comp_n_300m_with_scout":0,"cells_pos":32,"lat":25.76155,"lon":-100.15977,"rank_p10":22,"rank_p50":64,"rank_p90":141,"ancho_banda":119,"banda":"ancha","confianza":"baja","prob_top30":0.244,"prob_top30_estres":0.077,"comp_cero_desconocido":true,"n_est_sugeridas":1,"est":[[-100.15993,25.75835,7.0]]}},{"type":"Feature","geometry":{"type":"Polygon","coordinates":[[[-100.4234,25.6885],[-100.4194,25.6875],[-100.4169,25.6868],[-100.4173,25.6846],[-100.4238,25.6858],[-100.426,25.6865],[-100.4248,25.6889],[-100.4242,25.6889],[-100.424,25.6873],[-100.4233,25.6872],[-100.4234,25.6885]]]},"properties":{"rank_base":38,"score_base":53.65,"rank_with_scout":31,"score_with_scout":54.19,"scout_bonus":0.54,"scout_marks":0,"cobertura_campo":"sin encuesta","scout_marks_kinds":"","scout_anchor_marks_used":0,"pins_favorito":0,"pins_lock":0,"v2_rank":23,"score_v2":53.86,"delta_rank_v2_to_base":-15,"delta_rank_base_to_scout":7,"cause_main":"anclas","cause_anclas_pts":2.28,"cause_competencia_pts":1.14,"scout_cause":"competencia","cve_col":"19048_0058","municipio":"Santa Catarina","colonia":"Fama Iii","grado":"Medio","pob_conapo":5031,"viviendas_est":1398,"D_star":0.4963,"A_star":0.5663,"C_star":0.4398,"anclas_pond":34.85,"anclas_por_1000viv":24.94,"comp_n_300m":1,"comp_por_1000viv":0.716,"n_cerveza":2,"n_tortilleria":4,"n_banco_bienestar_azteca":0,"n_oxxo":0,"n_express":0,"n_iglesia":0,"n_escuela":2,"n_parada":5,"n_farmacia":3,"n_abarrotes":49,"comp_n_300m_with_scout":1,"cells_pos":23,"lat":25.68665,"lon":-100.421426,"rank_p10":11,"rank_p50":15,"rank_p90":21,"ancho_banda":10,"banda":"estrecha","confianza":"media","prob_top30":0.999,"prob_top30_estres":1.0,"comp_cero_desconocido":false,"n_est_sugeridas":2,"est":[[-100.42412,25.68598,7.2],[-100.41814,25.68688,6.2]]}},{"type":"Feature","geometry":{"type":"Polygon","coordinates":[[[-100.4234,25.6918],[-100.4244,25.6898],[-100.4279,25.6913],[-100.427,25.6933],[-100.4234,25.6918]]]},"properties":{"rank_base":39,"score_base":52.91,"rank_with_scout":39,"score_with_scout":51.64,"scout_bonus":-1.27,"scout_marks":0,"cobertura_campo":"sin encuesta","scout_marks_kinds":"","scout_anchor_marks_used":0,"pins_favorito":0,"pins_lock":0,"v2_rank":140,"score_v2":41.17,"delta_rank_v2_to_base":101,"delta_rank_base_to_scout":0,"cause_main":"competencia","cause_anclas_pts":-1.24,"cause_competencia_pts":16.61,"scout_cause":"anclas","cve_col":"19048_0032","municipio":"Santa Catarina","colonia":"Cerro de Las Mitras (Raul Salinas Lozano)","grado":"Medio","pob_conapo":1578,"viviendas_est":438,"D_star":0.2338,"A_star":0.4518,"C_star":0.0,"anclas_pond":10.2,"anclas_por_1000viv":23.27,"comp_n_300m":0,"comp_por_1000viv":0.0,"n_cerveza":0,"n_tortilleria":0,"n_banco_bienestar_azteca":0,"n_oxxo":0,"n_express":0,"n_iglesia":0,"n_escuela":1,"n_parada":0,"n_farmacia":0,"n_abarrotes":23,"comp_n_300m_with_scout":0,"cells_pos":9,"lat":25.69155,"lon":-100.425656,"rank_p10":23,"rank_p50":65,"rank_p90":143,"ancho_banda":120,"banda":"ancha","confianza":"baja","prob_top30":0.21,"prob_top30_estres":0.055,"comp_cero_desconocido":true,"n_est_sugeridas":1,"est":[[-100.42511,25.6905,5.6]]}},{"type":"Feature","geometry":{"type":"Polygon","coordinates":[[[-100.2696,25.7165],[-100.2708,25.7177],[-100.2715,25.7207],[-100.2667,25.7241],[-100.2657,25.7234],[-100.2647,25.72],[-100.2696,25.7165]]]},"properties":{"rank_base":40,"score_base":52.83,"rank_with_scout":38,"score_with_scout":51.74,"scout_bonus":-1.08,"scout_marks":0,"cobertura_campo":"sin encuesta","scout_marks_kinds":"","scout_anchor_marks_used":0,"pins_favorito":0,"pins_lock":0,"v2_rank":87,"score_v2":45.36,"delta_rank_v2_to_base":47,"delta_rank_base_to_scout":2,"cause_main":"competencia","cause_anclas_pts":-2.28,"cause_competencia_pts":13.39,"scout_cause":"anclas","cve_col":"19046_0021","municipio":"San Nicolás de los Garza","colonia":"Azteca","grado":"Medio","pob_conapo":3237,"viviendas_est":899,"D_star":0.1641,"A_star":0.5422,"C_star":0.0,"anclas_pond":22.1,"anclas_por_1000viv":24.58,"comp_n_300m":0,"comp_por_1000viv":0.0,"n_cerveza":0,"n_tortilleria":3,"n_banco_bienestar_azteca":0,"n_oxxo":0,"n_express":0,"n_iglesia":1,"n_escuela":4,"n_parada":1,"n_farmacia":2,"n_abarrotes":29,"comp_n_300m_with_scout":0,"cells_pos":32,"lat":25.72035,"lon":-100.268111,"rank_p10":33,"rank_p50":83,"rank_p90":150,"ancho_banda":117,"banda":"ancha","confianza":"baja","prob_top30":0.074,"prob_top30_estres":0.011,"comp_cero_desconocido":true,"n_est_sugeridas":1,"est":[[-100.2676,25.72216,9.5]],"metro_cerca":{"n":"Hospital Metropolitano","l":"L3","d":911,"i":0.585}}},{"type":"Feature","geometry":{"type":"Polygon","coordinates":[[[-100.3275,25.7291],[-100.3271,25.7291],[-100.3265,25.7278],[-100.3248,25.7249],[-100.3289,25.7236],[-100.3306,25.7228],[-100.332,25.7296],[-100.3295,25.7296],[-100.3287,25.7288],[-100.3275,25.7291]]]},"properties":{"rank_base":41,"score_base":52.59,"rank_with_scout":40,"score_with_scout":51.32,"scout_bonus":-1.27,"scout_marks":0,"cobertura_campo":"sin encuesta","scout_marks_kinds":"","scout_anchor_marks_used":0,"pins_favorito":0,"pins_lock":0,"v2_rank":115,"score_v2":43.01,"delta_rank_v2_to_base":74,"delta_rank_base_to_scout":1,"cause_main":"competencia","cause_anclas_pts":0.95,"cause_competencia_pts":12.26,"scout_cause":"anclas","cve_col":"19039_0156","municipio":"Monterrey","colonia":"Constituyentes del 57","grado":"Alto","pob_conapo":2996,"viviendas_est":832,"D_star":0.2123,"A_star":0.4699,"C_star":0.0,"anclas_pond":19.5,"anclas_por_1000viv":23.43,"comp_n_300m":0,"comp_por_1000viv":0.0,"n_cerveza":0,"n_tortilleria":3,"n_banco_bienestar_azteca":0,"n_oxxo":0,"n_express":0,"n_iglesia":1,"n_escuela":1,"n_parada":1,"n_farmacia":2,"n_abarrotes":30,"comp_n_300m_with_scout":0,"cells_pos":34,"lat":25.72635,"lon":-100.32849,"rank_p10":38,"rank_p50":85,"rank_p90":151,"ancho_banda":113,"banda":"ancha","confianza":"baja","prob_top30":0.02,"prob_top30_estres":0.001,"comp_cero_desconocido":true,"n_est_sugeridas":2,"est":[[-100.32642,25.72759,8.8],[-100.33041,25.72307,5.6]]}},{"type":"Feature","geometry":{"type":"Polygon","coordinates":[[[-100.2766,25.8018],[-100.2762,25.8028],[-100.2737,25.8081],[-100.2718,25.8108],[-100.264,25.8092],[-100.264,25.8083],[-100.2632,25.8031],[-100.2635,25.8027],[-100.2666,25.8038],[-100.2693,25.804],[-100.27,25.8024],[-100.2716,25.8026],[-100.2721,25.8004],[-100.2742,25.8002],[-100.2766,25.8018]]]},"properties":{"rank_base":42,"score_base":52.42,"rank_with_scout":37,"score_with_scout":52.24,"scout_bonus":-0.18,"scout_marks":0,"cobertura_campo":"sin encuesta","scout_marks_kinds":"","scout_anchor_marks_used":0,"pins_favorito":0,"pins_lock":0,"v2_rank":20,"score_v2":55.52,"delta_rank_v2_to_base":-22,"delta_rank_base_to_scout":5,"cause_main":"competencia","cause_anclas_pts":-10.37,"cause_competencia_pts":10.9,"scout_cause":"anclas","cve_col":"19021_0055","municipio":"General Escobedo","colonia":"Fernando Amilpa","grado":"Medio","pob_conapo":8990,"viviendas_est":2497,"D_star":0.4296,"A_star":0.1747,"C_star":0.0,"anclas_pond":43.3,"anclas_por_1000viv":17.34,"comp_n_300m":0,"comp_por_1000viv":0.0,"n_cerveza":2,"n_tortilleria":7,"n_banco_bienestar_azteca":0,"n_oxxo":1,"n_express":1,"n_iglesia":0,"n_escuela":2,"n_parada":3,"n_farmacia":1,"n_abarrotes":62,"comp_n_300m_with_scout":0,"cells_pos":90,"lat":25.80605,"lon":-100.26916,"rank_p10":28,"rank_p50":76,"rank_p90":148,"ancho_banda":120,"banda":"ancha","confianza":"baja","prob_top30":0.136,"prob_top30_estres":0.029,"comp_cero_desconocido":true,"n_est_sugeridas":2,"est":[[-100.27059,25.8072,8.8],[-100.26461,25.8063,6.2]]}},{"type":"Feature","geometry":{"type":"Polygon","coordinates":[[[-100.2822,25.6896],[-100.2874,25.6894],[-100.2874,25.6928],[-100.2826,25.6934],[-100.2822,25.6935],[-100.2822,25.6896]]]},"properties":{"rank_base":43,"score_base":52.31,"rank_with_scout":42,"score_with_scout":50.86,"scout_bonus":-1.45,"scout_marks":0,"cobertura_campo":"sin encuesta","scout_marks_kinds":"","scout_anchor_marks_used":0,"pins_favorito":0,"pins_lock":0,"v2_rank":147,"score_v2":39.86,"delta_rank_v2_to_base":104,"delta_rank_base_to_scout":1,"cause_main":"competencia","cause_anclas_pts":4.74,"cause_competencia_pts":11.33,"scout_cause":"anclas","cve_col":"19039_0061","municipio":"Monterrey","colonia":"Argentina","grado":"Medio","pob_conapo":1663,"viviendas_est":462,"D_star":0.1104,"A_star":0.5964,"C_star":0.0,"anclas_pond":11.75,"anclas_por_1000viv":25.43,"comp_n_300m":0,"comp_por_1000viv":0.0,"n_cerveza":0,"n_tortilleria":1,"n_banco_bienestar_azteca":0,"n_oxxo":0,"n_express":0,"n_iglesia":0,"n_escuela":2,"n_parada":0,"n_farmacia":1,"n_abarrotes":20,"comp_n_300m_with_scout":0,"cells_pos":22,"lat":25.6912,"lon":-100.2848,"rank_p10":47,"rank_p50":101,"rank_p90":154,"ancho_banda":107,"banda":"ancha","confianza":"baja","prob_top30":0.003,"prob_top30_estres":0.0,"comp_cero_desconocido":true,"n_est_sugeridas":1,"est":[[-100.28355,25.69322,3.5]],"metro_cerca":{"n":"Parque Fundidora","l":"L1","d":900,"i":0.0981}}},{"type":"Feature","geometry":{"type":"Polygon","coordinates":[[[-100.4569,25.6978],[-100.4594,25.693],[-100.461,25.6936],[-100.4628,25.6942],[-100.464,25.6948],[-100.4656,25.6955],[-100.4635,25.6993],[-100.4619,25.702],[-100.4614,25.7032],[-100.4554,25.7005],[-100.4569,25.6978]]]},"properties":{"rank_base":44,"score_base":52.23,"rank_with_scout":36,"score_with_scout":52.41,"scout_bonus":0.18,"scout_marks":0,"cobertura_campo":"sin encuesta","scout_marks_kinds":"","scout_anchor_marks_used":0,"pins_favorito":0,"pins_lock":0,"v2_rank":2,"score_v2":74.53,"delta_rank_v2_to_base":-42,"delta_rank_base_to_scout":8,"cause_main":"anclas","cause_anclas_pts":-15.08,"cause_competencia_pts":-3.6,"scout_cause":"competencia","cve_col":"19048_0220","municipio":"Santa Catarina","colonia":"San Gilberto","grado":"Medio","pob_conapo":11410,"viviendas_est":3169,"D_star":0.5692,"A_star":0.6024,"C_star":0.6205,"anclas_pond":81.25,"anclas_por_1000viv":25.64,"comp_n_300m":4,"comp_por_1000viv":1.262,"n_cerveza":7,"n_tortilleria":17,"n_banco_bienestar_azteca":0,"n_oxxo":4,"n_express":1,"n_iglesia":1,"n_escuela":5,"n_parada":8,"n_farmacia":5,"n_abarrotes":75,"comp_n_300m_with_scout":4,"cells_pos":62,"lat":25.69855,"lon":-100.460199,"rank_p10":18,"rank_p50":26,"rank_p90":36,"ancho_banda":18,"banda":"estrecha","confianza":"media","prob_top30":0.722,"prob_top30_estres":0.956,"comp_cero_desconocido":false,"n_est_sugeridas":1,"est":[[-100.463,25.69955,15.6]]}},{"type":"Feature","geometry":{"type":"Polygon","coordinates":[[[-100.3592,25.7589],[-100.3565,25.7561],[-100.3542,25.7548],[-100.3565,25.7533],[-100.3637,25.7503],[-100.3648,25.7521],[-100.3624,25.7528],[-100.3629,25.7538],[-100.3651,25.755],[-100.3658,25.7566],[-100.3644,25.7591],[-100.3609,25.7571],[-100.3592,25.7589]]]},"properties":{"rank_base":45,"score_base":51.68,"rank_with_scout":63,"score_with_scout":46.98,"scout_bonus":-4.7,"scout_marks":0,"cobertura_campo":"sin encuesta","scout_marks_kinds":"","scout_anchor_marks_used":2,"pins_favorito":0,"pins_lock":0,"v2_rank":50,"score_v2":49.72,"delta_rank_v2_to_base":5,"delta_rank_base_to_scout":-18,"cause_main":"anclas","cause_anclas_pts":3.4,"cause_competencia_pts":2.19,"scout_cause":"competencia","cve_col":"19039_0684","municipio":"Monterrey","colonia":"San Martin","grado":"Medio","pob_conapo":5267,"viviendas_est":1463,"D_star":0.4246,"A_star":0.5904,"C_star":0.4337,"anclas_pond":37.05,"anclas_por_1000viv":25.32,"comp_n_300m":1,"comp_por_1000viv":0.683,"n_cerveza":2,"n_tortilleria":6,"n_banco_bienestar_azteca":0,"n_oxxo":0,"n_express":0,"n_iglesia":0,"n_escuela":2,"n_parada":1,"n_farmacia":2,"n_abarrotes":57,"comp_n_300m_with_scout":2,"cells_pos":57,"lat":25.7543,"lon":-100.359392,"rank_p10":17,"rank_p50":21,"rank_p90":26,"ancho_banda":9,"banda":"estrecha","confianza":"media","prob_top30":0.981,"prob_top30_estres":1.0,"comp_cero_desconocido":false,"n_est_sugeridas":3,"est":[[-100.35633,25.75564,5.0],[-100.36331,25.75202,3.7],[-100.36331,25.75835,3.3]],"metro_cerca":{"n":"San Bernabe","l":"L1","d":690,"i":0.4876}}},{"type":"Feature","geometry":{"type":"Polygon","coordinates":[[[-100.2209,25.6879],[-100.222,25.6882],[-100.2297,25.6888],[-100.23,25.6884],[-100.2295,25.6926],[-100.2265,25.6935],[-100.224,25.6933],[-100.2223,25.6916],[-100.2235,25.6908],[-100.2251,25.6909],[-100.2253,25.6888],[-100.2207,25.6885],[-100.2209,25.6879]]]},"properties":{"rank_base":46,"score_base":51.26,"rank_with_scout":45,"score_with_scout":50.36,"scout_bonus":-0.9,"scout_marks":0,"cobertura_campo":"sin encuesta","scout_marks_kinds":"","scout_anchor_marks_used":0,"pins_favorito":0,"pins_lock":0,"v2_rank":143,"score_v2":40.69,"delta_rank_v2_to_base":97,"delta_rank_base_to_scout":1,"cause_main":"competencia","cause_anclas_pts":3.87,"cause_competencia_pts":10.34,"scout_cause":"anclas","cve_col":"19026_0461","municipio":"Guadalupe","colonia":"Vicente Guerrero","grado":"Medio","pob_conapo":2336,"viviendas_est":649,"D_star":0.0617,"A_star":0.6265,"C_star":0.0,"anclas_pond":17.4,"anclas_por_1000viv":26.81,"comp_n_300m":0,"comp_por_1000viv":0.0,"n_cerveza":1,"n_tortilleria":3,"n_banco_bienestar_azteca":0,"n_oxxo":0,"n_express":0,"n_iglesia":0,"n_escuela":2,"n_parada":1,"n_farmacia":2,"n_abarrotes":21,"comp_n_300m_with_scout":0,"cells_pos":31,"lat":25.6898,"lon":-100.227519,"rank_p10":41,"rank_p50":93,"rank_p90":153,"ancho_banda":112,"banda":"ancha","confianza":"baja","prob_top30":0.017,"prob_top30_estres":0.002,"comp_cero_desconocido":true,"n_est_sugeridas":1,"est":[[-100.22972,25.6896,5.3]]}},{"type":"Feature","geometry":{"type":"Polygon","coordinates":[[[-100.4234,25.6918],[-100.427,25.6933],[-100.4262,25.6952],[-100.4225,25.6938],[-100.4234,25.6918]]]},"properties":{"rank_base":47,"score_base":51.03,"rank_with_scout":46,"score_with_scout":50.13,"scout_bonus":-0.9,"scout_marks":0,"cobertura_campo":"sin encuesta","scout_marks_kinds":"","scout_anchor_marks_used":0,"pins_favorito":0,"pins_lock":0,"v2_rank":106,"score_v2":43.84,"delta_rank_v2_to_base":59,"delta_rank_base_to_scout":1,"cause_main":"competencia","cause_anclas_pts":-3.57,"cause_competencia_pts":14.4,"scout_cause":"anclas","cve_col":"19048_0033","municipio":"Santa Catarina","colonia":"Cimas de Las Mitras (Ampl Raul Salinas Lozano)","grado":"Medio","pob_conapo":1880,"viviendas_est":522,"D_star":0.2864,"A_star":0.3193,"C_star":0.0,"anclas_pond":10.45,"anclas_por_1000viv":20.01,"comp_n_300m":0,"comp_por_1000viv":0.0,"n_cerveza":0,"n_tortilleria":1,"n_banco_bienestar_azteca":0,"n_oxxo":0,"n_express":0,"n_iglesia":0,"n_escuela":0,"n_parada":0,"n_farmacia":0,"n_abarrotes":23,"comp_n_300m_with_scout":0,"cells_pos":9,"lat":25.69355,"lon":-100.424754,"rank_p10":33,"rank_p50":81,"rank_p90":149,"ancho_banda":116,"banda":"ancha","confianza":"baja","prob_top30":0.07,"prob_top30_estres":0.007,"comp_cero_desconocido":true,"n_est_sugeridas":1,"est":[[-100.42611,25.69412,3.7]]}},{"type":"Feature","geometry":{"type":"Polygon","coordinates":[[[-100.1467,25.6151],[-100.1434,25.6149],[-100.1432,25.6177],[-100.1464,25.6192],[-100.1451,25.6204],[-100.1413,25.6185],[-100.1396,25.6224],[-100.1378,25.6225],[-100.1381,25.6153],[-100.1328,25.6129],[-100.131,25.6142],[-100.1289,25.6127],[-100.1269,25.6109],[-100.1236,25.6141],[-100.119,25.6172],[-100.1173,25.6148],[-100.1192,25.6127],[-100.1163,25.6106],[-100.1169,25.6096],[-100.1191,25.6081],[-100.1199,25.6037],[-100.1246,25.6039],[-100.1258,25.6004],[-100.1333,25.6024],[-100.1328,25.6033],[-100.1334,25.6054],[-100.1376,25.6063],[-100.1382,25.6054],[-100.1404,25.6058],[-100.1425,25.6066],[-100.1475,25.6067],[-100.1503,25.6071],[-100.1484,25.6089],[-100.1475,25.6117],[-100.1497,25.6116],[-100.149,25.6151],[-100.1467,25.6151]]]},"properties":{"rank_base":48,"score_base":50.84,"rank_with_scout":43,"score_with_scout":50.84,"scout_bonus":0.0,"scout_marks":0,"cobertura_campo":"sin encuesta","scout_marks_kinds":"","scout_anchor_marks_used":0,"pins_favorito":0,"pins_lock":0,"v2_rank":11,"score_v2":62.47,"delta_rank_v2_to_base":-37,"delta_rank_base_to_scout":5,"cause_main":"competencia","cause_anclas_pts":5.28,"cause_competencia_pts":-13.28,"scout_cause":"anclas","cve_col":"19031_0116","municipio":"Juárez","colonia":"Monte Kristal","grado":"Medio","pob_conapo":11401,"viviendas_est":3167,"D_star":0.6024,"A_star":0.6145,"C_star":0.7229,"anclas_pond":82.9,"anclas_por_1000viv":26.18,"comp_n_300m":5,"comp_por_1000viv":1.579,"n_cerveza":5,"n_tortilleria":11,"n_banco_bienestar_azteca":0,"n_oxxo":2,"n_express":0,"n_iglesia":1,"n_escuela":5,"n_parada":13,"n_farmacia":3,"n_abarrotes":106,"comp_n_300m_with_scout":5,"cells_pos":141,"lat":25.61125,"lon":-100.137467,"rank_p10":24,"rank_p50":36,"rank_p90":48,"ancho_banda":24,"banda":"estrecha","confianza":"media","prob_top30":0.295,"prob_top30_estres":0.54,"comp_cero_desconocido":false,"n_est_sugeridas":3,"est":[[-100.14298,25.6118,9.3],[-100.14597,25.61903,8.0],[-100.14897,25.6118,5.7]]}},{"type":"Feature","geometry":{"type":"Polygon","coordinates":[[[-100.1605,25.7582],[-100.1597,25.7569],[-100.1599,25.7556],[-100.1635,25.7551],[-100.1688,25.7536],[-100.1713,25.7587],[-100.1672,25.7596],[-100.1631,25.7604],[-100.1605,25.7582]]]},"properties":{"rank_base":49,"score_base":50.64,"rank_with_scout":44,"score_with_scout":50.82,"scout_bonus":0.18,"scout_marks":0,"cobertura_campo":"sin encuesta","scout_marks_kinds":"","scout_anchor_marks_used":0,"pins_favorito":0,"pins_lock":0,"v2_rank":34,"score_v2":52.04,"delta_rank_v2_to_base":-15,"delta_rank_base_to_scout":5,"cause_main":"anclas","cause_anclas_pts":7.83,"cause_competencia_pts":-5.61,"scout_cause":"competencia","cve_col":"19006_0407","municipio":"Apodaca","colonia":"Pueblo Nuevo 5To Sector","grado":"Medio","pob_conapo":6211,"viviendas_est":1725,"D_star":0.3714,"A_star":0.7831,"C_star":0.5904,"anclas_pond":54.0,"anclas_por_1000viv":31.3,"comp_n_300m":2,"comp_por_1000viv":1.159,"n_cerveza":2,"n_tortilleria":11,"n_banco_bienestar_azteca":2,"n_oxxo":0,"n_express":1,"n_iglesia":1,"n_escuela":5,"n_parada":7,"n_farmacia":5,"n_abarrotes":50,"comp_n_300m_with_scout":2,"cells_pos":54,"lat":25.75755,"lon":-100.165418,"rank_p10":20,"rank_p50":26,"rank_p90":35,"ancho_banda":15,"banda":"estrecha","confianza":"media","prob_top30":0.732,"prob_top30_estres":0.968,"comp_cero_desconocido":false,"n_est_sugeridas":2,"est":[[-100.16691,25.75925,9.0],[-100.1689,25.75383,5.4]]}},{"type":"Feature","geometry":{"type":"Polygon","coordinates":[[[-100.3517,25.7589],[-100.3534,25.7575],[-100.3534,25.7574],[-100.3581,25.7616],[-100.3554,25.7637],[-100.3506,25.7599],[-100.3517,25.7589]]]},"properties":{"rank_base":50,"score_base":50.33,"rank_with_scout":79,"score_with_scout":42.74,"scout_bonus":-7.59,"scout_marks":0,"cobertura_campo":"sin encuesta","scout_marks_kinds":"","scout_anchor_marks_used":4,"pins_favorito":0,"pins_lock":0,"v2_rank":55,"score_v2":48.88,"delta_rank_v2_to_base":5,"delta_rank_base_to_scout":-29,"cause_main":"competencia","cause_anclas_pts":-6.82,"cause_competencia_pts":11.91,"scout_cause":"competencia","cve_col":"19039_0433","municipio":"Monterrey","colonia":"Libertadores de America","grado":"Alto","pob_conapo":2556,"viviendas_est":710,"D_star":0.3501,"A_star":0.2108,"C_star":0.0,"anclas_pond":12.85,"anclas_por_1000viv":18.1,"comp_n_300m":0,"comp_por_1000viv":0.0,"n_cerveza":0,"n_tortilleria":1,"n_banco_bienestar_azteca":0,"n_oxxo":0,"n_express":0,"n_iglesia":0,"n_escuela":0,"n_parada":0,"n_farmacia":0,"n_abarrotes":29,"comp_n_300m_with_scout":1,"cells_pos":19,"lat":25.76075,"lon":-100.354411,"rank_p10":28,"rank_p50":76,"rank_p90":147,"ancho_banda":119,"banda":"ancha","confianza":"baja","prob_top30":0.136,"prob_top30_estres":0.028,"comp_cero_desconocido":true,"n_est_sugeridas":1,"est":[[-100.35633,25.76016,4.9]]}},{"type":"Feature","geometry":{"type":"Polygon","coordinates":[[[-100.1279,25.6387],[-100.1229,25.6378],[-100.1234,25.6362],[-100.1215,25.6357],[-100.1251,25.6326],[-100.1294,25.6337],[-100.1319,25.6347],[-100.1347,25.6378],[-100.1318,25.6375],[-100.128,25.6383],[-100.1279,25.6387]]]},"properties":{"rank_base":51,"score_base":50.24,"rank_with_scout":49,"score_with_scout":49.52,"scout_bonus":-0.72,"scout_marks":0,"cobertura_campo":"sin encuesta","scout_marks_kinds":"","scout_anchor_marks_used":0,"pins_favorito":0,"pins_lock":0,"v2_rank":53,"score_v2":49.06,"delta_rank_v2_to_base":2,"delta_rank_base_to_scout":2,"cause_main":"competencia","cause_anclas_pts":-4.11,"cause_competencia_pts":8.93,"scout_cause":"anclas","cve_col":"19031_0057","municipio":"Juárez","colonia":"Hector Caballero","grado":"Medio","pob_conapo":4119,"viviendas_est":1144,"D_star":0.2802,"A_star":0.3012,"C_star":0.0,"anclas_pond":22.65,"anclas_por_1000viv":19.79,"comp_n_300m":0,"comp_por_1000viv":0.0,"n_cerveza":2,"n_tortilleria":2,"n_banco_bienestar_azteca":0,"n_oxxo":1,"n_express":1,"n_iglesia":0,"n_escuela":0,"n_parada":1,"n_farmacia":0,"n_abarrotes":36,"comp_n_300m_with_scout":0,"cells_pos":45,"lat":25.6352,"lon":-100.127216,"rank_p10":38,"rank_p50":89,"rank_p90":152,"ancho_banda":114,"banda":"ancha","confianza":"baja","prob_top30":0.018,"prob_top30_estres":0.002,"comp_cero_desconocido":true,"n_est_sugeridas":1,"est":[[-100.12604,25.63803,7.8]]}},{"type":"Feature","geometry":{"type":"Polygon","coordinates":[[[-100.1609,25.6249],[-100.1613,25.6248],[-100.1606,25.6239],[-100.1613,25.6234],[-100.1601,25.6217],[-100.1593,25.6208],[-100.1619,25.6191],[-100.1628,25.6219],[-100.1636,25.6257],[-100.1632,25.6259],[-100.1623,25.6268],[-100.1609,25.6249]]]},"properties":{"rank_base":52,"score_base":49.62,"rank_with_scout":56,"score_with_scout":48.35,"scout_bonus":-1.27,"scout_marks":0,"cobertura_campo":"sin encuesta","scout_marks_kinds":"","scout_anchor_marks_used":0,"pins_favorito":0,"pins_lock":0,"v2_rank":104,"score_v2":43.92,"delta_rank_v2_to_base":52,"delta_rank_base_to_scout":-4,"cause_main":"competencia","cause_anclas_pts":0.22,"cause_competencia_pts":9.11,"scout_cause":"anclas","cve_col":"19031_0109","municipio":"Juárez","colonia":"Los Valles 2Do Sector","grado":"Medio","pob_conapo":1708,"viviendas_est":474,"D_star":0.1561,"A_star":0.4458,"C_star":0.0,"anclas_pond":11.0,"anclas_por_1000viv":23.19,"comp_n_300m":0,"comp_por_1000viv":0.0,"n_cerveza":2,"n_tortilleria":0,"n_banco_bienestar_azteca":0,"n_oxxo":0,"n_express":0,"n_iglesia":0,"n_escuela":0,"n_parada":0,"n_farmacia":0,"n_abarrotes":20,"comp_n_300m_with_scout":0,"cells_pos":17,"lat":25.62265,"lon":-100.16186,"rank_p10":38,"rank_p50":89,"rank_p90":152,"ancho_banda":114,"banda":"ancha","confianza":"baja","prob_top30":0.029,"prob_top30_estres":0.006,"comp_cero_desconocido":true,"n_est_sugeridas":1,"est":[[-100.16093,25.62265,6.2]]}},{"type":"Feature","geometry":{"type":"Polygon","coordinates":[[[-100.3245,25.7288],[-100.3247,25.722],[-100.3222,25.722],[-100.324,25.7154],[-100.3238,25.7101],[-100.3248,25.7063],[-100.3255,25.7045],[-100.3266,25.7047],[-100.3293,25.717],[-100.3279,25.7165],[-100.3279,25.7183],[-100.3296,25.7183],[-100.3306,25.7228],[-100.3289,25.7236],[-100.3248,25.7249],[-100.3265,25.7278],[-100.3245,25.7288]]]},"properties":{"rank_base":53,"score_base":49.56,"rank_with_scout":47,"score_with_scout":49.93,"scout_bonus":0.36,"scout_marks":0,"cobertura_campo":"sin encuesta","scout_marks_kinds":"","scout_anchor_marks_used":0,"pins_favorito":1,"pins_lock":0,"v2_rank":122,"score_v2":42.22,"delta_rank_v2_to_base":69,"delta_rank_base_to_scout":6,"cause_main":"anclas","cause_anclas_pts":13.06,"cause_competencia_pts":-2.08,"scout_cause":"competencia","cve_col":"19039_0518","municipio":"Monterrey","colonia":"Niño Artillero","grado":"Medio","pob_conapo":5147,"viviendas_est":1430,"D_star":0.3355,"A_star":0.8735,"C_star":0.6687,"anclas_pond":51.3,"anclas_por_1000viv":35.88,"comp_n_300m":2,"comp_por_1000viv":1.399,"n_cerveza":5,"n_tortilleria":7,"n_banco_bienestar_azteca":0,"n_oxxo":0,"n_express":1,"n_iglesia":3,"n_escuela":5,"n_parada":3,"n_farmacia":2,"n_abarrotes":57,"comp_n_300m_with_scout":2,"cells_pos":84,"lat":25.71675,"lon":-100.325766,"rank_p10":27,"rank_p50":35,"rank_p90":46,"ancho_banda":19,"banda":"estrecha","confianza":"media","prob_top30":0.246,"prob_top30_estres":0.617,"comp_cero_desconocido":false,"n_est_sugeridas":3,"est":[[-100.32642,25.70588,9.3],[-100.32542,25.72759,7.4],[-100.33041,25.72216,5.9]]}},{"type":"Feature","geometry":{"type":"Polygon","coordinates":[[[-100.1889,25.7374],[-100.1872,25.7335],[-100.1889,25.7336],[-100.1892,25.7319],[-100.1883,25.7318],[-100.1887,25.7304],[-100.19,25.7304],[-100.1897,25.7324],[-100.1987,25.7333],[-100.1962,25.7358],[-100.1938,25.7368],[-100.1929,25.7376],[-100.1896,25.7388],[-100.1889,25.7374]]]},"properties":{"rank_base":54,"score_base":49.4,"rank_with_scout":48,"score_with_scout":49.76,"scout_bonus":0.36,"scout_marks":0,"cobertura_campo":"sin encuesta","scout_marks_kinds":"","scout_anchor_marks_used":0,"pins_favorito":0,"pins_lock":0,"v2_rank":35,"score_v2":52.02,"delta_rank_v2_to_base":-19,"delta_rank_base_to_scout":6,"cause_main":"competencia","cause_anclas_pts":-1.28,"cause_competencia_pts":2.29,"scout_cause":"competencia","cve_col":"19006_0310","municipio":"Apodaca","colonia":"Noria Norte","grado":"Medio","pob_conapo":7136,"viviendas_est":1982,"D_star":0.2365,"A_star":0.6988,"C_star":0.3675,"anclas_pond":57.35,"anclas_por_1000viv":28.93,"comp_n_300m":1,"comp_por_1000viv":0.504,"n_cerveza":4,"n_tortilleria":10,"n_banco_bienestar_azteca":0,"n_oxxo":0,"n_express":1,"n_iglesia":2,"n_escuela":7,"n_parada":7,"n_farmacia":4,"n_abarrotes":54,"comp_n_300m_with_scout":1,"cells_pos":49,"lat":25.7347,"lon":-100.192512,"rank_p10":20,"rank_p50":26,"rank_p90":34,"ancho_banda":14,"banda":"estrecha","confianza":"media","prob_top30":0.772,"prob_top30_estres":0.996,"comp_cero_desconocido":false,"n_est_sugeridas":2,"est":[[-100.19482,25.73302,10.7],[-100.18984,25.73664,8.6]]}},{"type":"Feature","geometry":{"type":"Polygon","coordinates":[[[-100.2507,25.758],[-100.2517,25.7566],[-100.25,25.7551],[-100.2517,25.7536],[-100.253,25.7545],[-100.2538,25.7537],[-100.2543,25.7543],[-100.2542,25.7564],[-100.258,25.7561],[-100.2578,25.7538],[-100.2584,25.7523],[-100.2594,25.7523],[-100.2597,25.7534],[-100.2617,25.7542],[-100.2613,25.7564],[-100.2619,25.7582],[-100.2605,25.7589],[-100.2576,25.7583],[-100.2556,25.7585],[-100.2525,25.7592],[-100.2507,25.758]]]},"properties":{"rank_base":55,"score_base":49.29,"rank_with_scout":54,"score_with_scout":48.75,"scout_bonus":-0.54,"scout_marks":0,"cobertura_campo":"sin encuesta","scout_marks_kinds":"","scout_anchor_marks_used":0,"pins_favorito":0,"pins_lock":0,"v2_rank":99,"score_v2":44.11,"delta_rank_v2_to_base":44,"delta_rank_base_to_scout":1,"cause_main":"competencia","cause_anclas_pts":-6.09,"cause_competencia_pts":14.91,"scout_cause":"anclas","cve_col":"19046_0300","municipio":"San Nicolás de los Garza","colonia":"Vicente Guerrero 3 Sector","grado":"Medio","pob_conapo":7390,"viviendas_est":2053,"D_star":0.2745,"A_star":0.2771,"C_star":0.0,"anclas_pond":40.1,"anclas_por_1000viv":19.53,"comp_n_300m":0,"comp_por_1000viv":0.0,"n_cerveza":3,"n_tortilleria":6,"n_banco_bienestar_azteca":0,"n_oxxo":0,"n_express":0,"n_iglesia":1,"n_escuela":5,"n_parada":0,"n_farmacia":1,"n_abarrotes":54,"comp_n_300m_with_scout":0,"cells_pos":49,"lat":25.7556,"lon":-100.252402,"rank_p10":42,"rank_p50":94,"rank_p90":153,"ancho_banda":111,"banda":"ancha","confianza":"baja","prob_top30":0.004,"prob_top30_estres":0.001,"comp_cero_desconocido":true,"n_est_sugeridas":2,"est":[[-100.25265,25.75654,7.9],[-100.25863,25.75292,7.0]]}},{"type":"Feature","geometry":{"type":"Polygon","coordinates":[[[-100.2173,25.6523],[-100.2167,25.6519],[-100.2138,25.6516],[-100.2142,25.6497],[-100.213,25.6495],[-100.214,25.6456],[-100.2171,25.6463],[-100.2178,25.6468],[-100.2183,25.6434],[-100.2219,25.6439],[-100.2221,25.6458],[-100.2195,25.6464],[-100.219,25.6469],[-100.2204,25.6475],[-100.2199,25.648],[-100.2195,25.6479],[-100.218,25.6513],[-100.2173,25.6523]]]},"properties":{"rank_base":56,"score_base":49.19,"rank_with_scout":52,"score_with_scout":49.19,"scout_bonus":0.0,"scout_marks":0,"cobertura_campo":"sin encuesta","scout_marks_kinds":"","scout_anchor_marks_used":0,"pins_favorito":0,"pins_lock":0,"v2_rank":25,"score_v2":53.61,"delta_rank_v2_to_base":-31,"delta_rank_base_to_scout":4,"cause_main":"anclas","cause_anclas_pts":-11.88,"cause_competencia_pts":11.11,"scout_cause":"—","cve_col":"19026_0310","municipio":"Guadalupe","colonia":"Nuevo Almaguer","grado":"Medio","pob_conapo":5563,"viviendas_est":1545,"D_star":0.4482,"A_star":0.0422,"C_star":0.0,"anclas_pond":20.4,"anclas_por_1000viv":13.2,"comp_n_300m":0,"comp_por_1000viv":0.0,"n_cerveza":0,"n_tortilleria":0,"n_banco_bienestar_azteca":0,"n_oxxo":0,"n_express":2,"n_iglesia":0,"n_escuela":0,"n_parada":0,"n_farmacia":0,"n_abarrotes":46,"comp_n_300m_with_scout":0,"cells_pos":35,"lat":25.64775,"lon":-100.216805,"rank_p10":40,"rank_p50":94,"rank_p90":153,"ancho_banda":113,"banda":"ancha","confianza":"baja","prob_top30":0.026,"prob_top30_estres":0.004,"comp_cero_desconocido":true,"n_est_sugeridas":1,"est":[[-100.21377,25.64708,4.5]]}},{"type":"Feature","geometry":{"type":"Polygon","coordinates":[[[-100.3411,25.7448],[-100.338,25.7428],[-100.3378,25.7419],[-100.3359,25.7412],[-100.3363,25.7392],[-100.3368,25.7353],[-100.3388,25.7357],[-100.3379,25.7371],[-100.3393,25.7396],[-100.3414,25.7427],[-100.3424,25.7436],[-100.3422,25.7451],[-100.3411,25.7448]]]},"properties":{"rank_base":57,"score_base":49.12,"rank_with_scout":60,"score_with_scout":47.67,"scout_bonus":-1.45,"scout_marks":4,"cobertura_campo":"parcial","scout_marks_kinds":"modelorama:3;purificadora:1","scout_anchor_marks_used":6,"pins_favorito":1,"pins_lock":0,"v2_rank":40,"score_v2":51.6,"delta_rank_v2_to_base":-17,"delta_rank_base_to_scout":-3,"cause_main":"anclas","cause_anclas_pts":12.54,"cause_competencia_pts":-11.39,"scout_cause":"competencia","cve_col":"19039_0725","municipio":"Monterrey","colonia":"Tierra Y Libertad","grado":"Medio","pob_conapo":4940,"viviendas_est":1372,"D_star":0.4508,"A_star":0.8855,"C_star":0.8494,"anclas_pond":49.95,"anclas_por_1000viv":36.4,"comp_n_300m":3,"comp_por_1000viv":2.186,"n_cerveza":0,"n_tortilleria":7,"n_banco_bienestar_azteca":0,"n_oxxo":0,"n_express":0,"n_iglesia":0,"n_escuela":1,"n_parada":0,"n_farmacia":2,"n_abarrotes":98,"comp_n_300m_with_scout":5,"cells_pos":27,"lat":25.7404,"lon":-100.337951,"rank_p10":27,"rank_p50":41,"rank_p90":59,"ancho_banda":32,"banda":"media","confianza":"media","prob_top30":0.194,"prob_top30_estres":0.254,"comp_cero_desconocido":false,"n_est_sugeridas":1,"est":[[-100.34038,25.74207,9.7]]}},{"type":"Feature","geometry":{"type":"Polygon","coordinates":[[[-100.3686,25.8221],[-100.3692,25.8303],[-100.3646,25.8306],[-100.3644,25.8295],[-100.364,25.8228],[-100.3686,25.8221]]]},"properties":{"rank_base":58,"score_base":48.81,"rank_with_scout":58,"score_with_scout":47.73,"scout_bonus":-1.08,"scout_marks":0,"cobertura_campo":"sin encuesta","scout_marks_kinds":"","scout_anchor_marks_used":0,"pins_favorito":0,"pins_lock":0,"v2_rank":93,"score_v2":44.65,"delta_rank_v2_to_base":35,"delta_rank_base_to_scout":0,"cause_main":"competencia","cause_anclas_pts":-1.4,"cause_competencia_pts":9.2,"scout_cause":"anclas","cve_col":"19021_0281","municipio":"General Escobedo","colonia":"Villas de San Francisco 2Do Sector","grado":"Medio","pob_conapo":2446,"viviendas_est":680,"D_star":0.1766,"A_star":0.3916,"C_star":0.0,"anclas_pond":15.15,"anclas_por_1000viv":22.29,"comp_n_300m":0,"comp_por_1000viv":0.0,"n_cerveza":0,"n_tortilleria":2,"n_banco_bienestar_azteca":0,"n_oxxo":1,"n_express":0,"n_iglesia":0,"n_escuela":0,"n_parada":1,"n_farmacia":1,"n_abarrotes":26,"comp_n_300m_with_scout":0,"cells_pos":37,"lat":25.82615,"lon":-100.366548,"rank_p10":50,"rank_p50":107,"rank_p90":156,"ancho_banda":106,"banda":"ancha","confianza":"baja","prob_top30":0.0,"prob_top30_estres":0.0,"comp_cero_desconocido":true,"n_est_sugeridas":1,"est":[[-100.36729,25.8271,4.4]]}},{"type":"Feature","geometry":{"type":"Polygon","coordinates":[[[-100.1798,25.7295],[-100.1813,25.7222],[-100.182,25.72],[-100.1868,25.7222],[-100.1909,25.7236],[-100.1904,25.727],[-100.1888,25.7281],[-100.1872,25.7301],[-100.1798,25.7295]]]},"properties":{"rank_base":59,"score_base":48.71,"rank_with_scout":50,"score_with_scout":49.43,"scout_bonus":0.72,"scout_marks":0,"cobertura_campo":"sin encuesta","scout_marks_kinds":"","scout_anchor_marks_used":0,"pins_favorito":0,"pins_lock":0,"v2_rank":16,"score_v2":58.66,"delta_rank_v2_to_base":-43,"delta_rank_base_to_scout":9,"cause_main":"anclas","cause_anclas_pts":-9.44,"cause_competencia_pts":3.12,"scout_cause":"competencia","cve_col":"19026_0072","municipio":"Guadalupe","colonia":"Cañada Blanca","grado":"Medio","pob_conapo":12893,"viviendas_est":3581,"D_star":0.5083,"A_star":0.3313,"C_star":0.3855,"anclas_pond":72.85,"anclas_por_1000viv":20.34,"comp_n_300m":2,"comp_por_1000viv":0.558,"n_cerveza":6,"n_tortilleria":9,"n_banco_bienestar_azteca":1,"n_oxxo":4,"n_express":1,"n_iglesia":2,"n_escuela":1,"n_parada":5,"n_farmacia":4,"n_abarrotes":94,"comp_n_300m_with_scout":2,"cells_pos":78,"lat":25.7253,"lon":-100.185664,"rank_p10":20,"rank_p50":27,"rank_p90":38,"ancho_banda":18,"banda":"estrecha","confianza":"media","prob_top30":0.66,"prob_top30_estres":0.964,"comp_cero_desconocido":false,"n_est_sugeridas":1,"est":[[-100.19084,25.72397,11.3]]}},{"type":"Feature","geometry":{"type":"Polygon","coordinates":[[[-100.3822,25.7664],[-100.3801,25.7634],[-100.3776,25.7645],[-100.3821,25.761],[-100.3835,25.7621],[-100.3878,25.7653],[-100.3849,25.7685],[-100.3822,25.7664]]]},"properties":{"rank_base":60,"score_base":48.46,"rank_with_scout":53,"score_with_scout":48.82,"scout_bonus":0.36,"scout_marks":0,"cobertura_campo":"sin encuesta","scout_marks_kinds":"","scout_anchor_marks_used":0,"pins_favorito":0,"pins_lock":0,"v2_rank":27,"score_v2":52.94,"delta_rank_v2_to_base":-33,"delta_rank_base_to_scout":7,"cause_main":"anclas","cause_anclas_pts":-6.63,"cause_competencia_pts":5.79,"scout_cause":"competencia","cve_col":"19039_0293","municipio":"Monterrey","colonia":"Fomerrey 116 (San Bernabe 8)","grado":"Medio","pob_conapo":5410,"viviendas_est":1503,"D_star":0.3982,"A_star":0.506,"C_star":0.4217,"anclas_pond":36.2,"anclas_por_1000viv":24.09,"comp_n_300m":1,"comp_por_1000viv":0.665,"n_cerveza":1,"n_tortilleria":6,"n_banco_bienestar_azteca":0,"n_oxxo":0,"n_express":0,"n_iglesia":1,"n_escuela":2,"n_parada":2,"n_farmacia":3,"n_abarrotes":53,"comp_n_300m_with_scout":1,"cells_pos":31,"lat":25.7649,"lon":-100.384206,"rank_p10":19,"rank_p50":25,"rank_p90":33,"ancho_banda":14,"banda":"estrecha","confianza":"media","prob_top30":0.83,"prob_top30_estres":0.992,"comp_cero_desconocido":false,"n_est_sugeridas":1,"est":[[-100.38324,25.76197,9.9]]}},{"type":"Feature","geometry":{"type":"Polygon","coordinates":[[[-100.1619,25.6191],[-100.1704,25.6179],[-100.171,25.6202],[-100.1685,25.6205],[-100.1686,25.6213],[-100.1628,25.6219],[-100.1619,25.6191]]]},"properties":{"rank_base":61,"score_base":48.17,"rank_with_scout":57,"score_with_scout":47.81,"scout_bonus":-0.36,"scout_marks":0,"cobertura_campo":"sin encuesta","scout_marks_kinds":"","scout_anchor_marks_used":0,"pins_favorito":0,"pins_lock":0,"v2_rank":45,"score_v2":50.6,"delta_rank_v2_to_base":-16,"delta_rank_base_to_scout":4,"cause_main":"anclas","cause_anclas_pts":13.78,"cause_competencia_pts":-12.57,"scout_cause":"anclas","cve_col":"19031_0108","municipio":"Juárez","colonia":"Los Valles","grado":"Alto","pob_conapo":2020,"viviendas_est":561,"D_star":0.3504,"A_star":0.8976,"C_star":0.759,"anclas_pond":20.5,"anclas_por_1000viv":36.54,"comp_n_300m":1,"comp_por_1000viv":1.782,"n_cerveza":1,"n_tortilleria":4,"n_banco_bienestar_azteca":0,"n_oxxo":0,"n_express":0,"n_iglesia":0,"n_escuela":0,"n_parada":0,"n_farmacia":0,"n_abarrotes":35,"comp_n_300m_with_scout":1,"cells_pos":25,"lat":25.61965,"lon":-100.166467,"rank_p10":34,"rank_p50":46,"rank_p90":60,"ancho_banda":26,"banda":"estrecha","confianza":"media","prob_top30":0.034,"prob_top30_estres":0.13,"comp_cero_desconocido":false,"n_est_sugeridas":1,"est":[[-100.16791,25.62084,4.8]]}},{"type":"Feature","geometry":{"type":"Polygon","coordinates":[[[-100.3835,25.7621],[-100.3862,25.7604],[-100.3887,25.7617],[-100.3897,25.7603],[-100.3914,25.7608],[-100.3917,25.761],[-100.3878,25.7653],[-100.3835,25.7621]]]},"properties":{"rank_base":62,"score_base":48.08,"rank_with_scout":55,"score_with_scout":48.63,"scout_bonus":0.54,"scout_marks":0,"cobertura_campo":"sin encuesta","scout_marks_kinds":"","scout_anchor_marks_used":0,"pins_favorito":0,"pins_lock":0,"v2_rank":128,"score_v2":41.69,"delta_rank_v2_to_base":66,"delta_rank_base_to_scout":7,"cause_main":"anclas","cause_anclas_pts":10.37,"cause_competencia_pts":-0.34,"scout_cause":"competencia","cve_col":"19039_0287","municipio":"Monterrey","colonia":"Fomerrey 109 (San Bernabe 14)","grado":"Medio","pob_conapo":3239,"viviendas_est":900,"D_star":0.2804,"A_star":0.8133,"C_star":0.5843,"anclas_pond":29.8,"anclas_por_1000viv":33.12,"comp_n_300m":1,"comp_por_1000viv":1.111,"n_cerveza":1,"n_tortilleria":6,"n_banco_bienestar_azteca":0,"n_oxxo":1,"n_express":0,"n_iglesia":0,"n_escuela":2,"n_parada":0,"n_farmacia":2,"n_abarrotes":42,"comp_n_300m_with_scout":1,"cells_pos":17,"lat":25.7637,"lon":-100.387451,"rank_p10":25,"rank_p50":33,"rank_p90":43,"ancho_banda":18,"banda":"estrecha","confianza":"media","prob_top30":0.366,"prob_top30_estres":0.774,"comp_cero_desconocido":false,"n_est_sugeridas":2,"est":[[-100.38424,25.76197,8.1],[-100.39122,25.76106,5.0]]}},{"type":"Feature","geometry":{"type":"Polygon","coordinates":[[[-100.3655,25.7717],[-100.3644,25.7703],[-100.364,25.768],[-100.367,25.7649],[-100.3703,25.7681],[-100.3655,25.7717]]]},"properties":{"rank_base":63,"score_base":47.75,"rank_with_scout":25,"score_with_scout":56.6,"scout_bonus":8.86,"scout_marks":4,"cobertura_campo":"parcial","scout_marks_kinds":"iglesia:1;modelorama:3","scout_anchor_marks_used":8,"pins_favorito":0,"pins_lock":0,"v2_rank":67,"score_v2":47.36,"delta_rank_v2_to_base":4,"delta_rank_base_to_scout":38,"cause_main":"anclas","cause_anclas_pts":2.66,"cause_competencia_pts":1.35,"scout_cause":"anclas","cve_col":"19039_0250","municipio":"Monterrey","colonia":"El Porvenir","grado":"Alto","pob_conapo":4167,"viviendas_est":1158,"D_star":0.3759,"A_star":0.5723,"C_star":0.4819,"anclas_pond":28.9,"anclas_por_1000viv":24.97,"comp_n_300m":1,"comp_por_1000viv":0.864,"n_cerveza":1,"n_tortilleria":6,"n_banco_bienestar_azteca":0,"n_oxxo":0,"n_express":0,"n_iglesia":0,"n_escuela":2,"n_parada":0,"n_farmacia":3,"n_abarrotes":41,"comp_n_300m_with_scout":1,"cells_pos":25,"lat":25.7692,"lon":-100.366521,"rank_p10":27,"rank_p50":33,"rank_p90":42,"ancho_banda":15,"banda":"estrecha","confianza":"alta","prob_top30":0.316,"prob_top30_estres":0.908,"comp_cero_desconocido":false,"n_est_sugeridas":2,"est":[[-100.36729,25.76559,5.5],[-100.3663,25.77102,4.4]]}},{"type":"Feature","geometry":{"type":"Polygon","coordinates":[[[-100.3106,25.6493],[-100.305,25.6458],[-100.3065,25.6441],[-100.3082,25.6443],[-100.3102,25.6437],[-100.3112,25.6445],[-100.3131,25.6454],[-100.3129,25.6463],[-100.3118,25.6486],[-100.3109,25.6481],[-100.3106,25.6493]]]},"properties":{"rank_base":64,"score_base":47.69,"rank_with_scout":59,"score_with_scout":47.69,"scout_bonus":0.0,"scout_marks":0,"cobertura_campo":"sin encuesta","scout_marks_kinds":"","scout_anchor_marks_used":0,"pins_favorito":0,"pins_lock":0,"v2_rank":42,"score_v2":51.23,"delta_rank_v2_to_base":-22,"delta_rank_base_to_scout":5,"cause_main":"competencia","cause_anclas_pts":-12.44,"cause_competencia_pts":12.53,"scout_cause":"—","cve_col":"19039_0030","municipio":"Monterrey","colonia":"Alfonso Reyes","grado":"Medio","pob_conapo":3501,"viviendas_est":973,"D_star":0.406,"A_star":0.0482,"C_star":0.0,"anclas_pond":13.8,"anclas_por_1000viv":14.19,"comp_n_300m":0,"comp_por_1000viv":0.0,"n_cerveza":0,"n_tortilleria":0,"n_banco_bienestar_azteca":0,"n_oxxo":0,"n_express":0,"n_iglesia":0,"n_escuela":1,"n_parada":0,"n_farmacia":0,"n_abarrotes":32,"comp_n_300m_with_scout":0,"cells_pos":28,"lat":25.6472,"lon":-100.309855,"rank_p10":45,"rank_p50":101,"rank_p90":155,"ancho_banda":110,"banda":"ancha","confianza":"baja","prob_top30":0.007,"prob_top30_estres":0.001,"comp_cero_desconocido":true,"n_est_sugeridas":1,"est":[[-100.30748,25.64617,3.9]]}},{"type":"Feature","geometry":{"type":"Polygon","coordinates":[[[-100.3105,25.6548],[-100.3114,25.6503],[-100.3137,25.6506],[-100.3153,25.6516],[-100.3172,25.6521],[-100.3181,25.6506],[-100.3178,25.6495],[-100.3236,25.6533],[-100.3253,25.6537],[-100.3258,25.6529],[-100.3288,25.6532],[-100.3303,25.6541],[-100.3322,25.6546],[-100.3329,25.6563],[-100.3351,25.6575],[-100.3335,25.6603],[-100.3292,25.6597],[-100.329,25.6625],[-100.3279,25.6628],[-100.327,25.6658],[-100.3268,25.6646],[-100.3212,25.6636],[-100.3116,25.6618],[-100.3082,25.6617],[-100.3082,25.6624],[-100.3068,25.6627],[-100.3071,25.6619],[-100.3059,25.6616],[-100.307,25.6607],[-100.3063,25.66],[-100.3076,25.6537],[-100.3096,25.6541],[-100.3105,25.6548]]]},"properties":{"rank_base":65,"score_base":47.66,"rank_with_scout":51,"score_with_scout":49.28,"scout_bonus":1.63,"scout_marks":0,"cobertura_campo":"sin encuesta","scout_marks_kinds":"","scout_anchor_marks_used":0,"pins_favorito":0,"pins_lock":0,"v2_rank":10,"score_v2":62.66,"delta_rank_v2_to_base":-55,"delta_rank_base_to_scout":14,"cause_main":"anclas","cause_anclas_pts":-11.16,"cause_competencia_pts":-0.2,"scout_cause":"competencia","cve_col":"19039_0343","municipio":"Monterrey","colonia":"Independencia","grado":"Medio","pob_conapo":29734,"viviendas_est":8260,"D_star":0.7261,"A_star":0.0663,"C_star":0.4458,"anclas_pond":122.35,"anclas_por_1000viv":14.81,"comp_n_300m":6,"comp_por_1000viv":0.726,"n_cerveza":12,"n_tortilleria":16,"n_banco_bienestar_azteca":0,"n_oxxo":5,"n_express":2,"n_iglesia":1,"n_escuela":6,"n_parada":1,"n_farmacia":8,"n_abarrotes":164,"comp_n_300m_with_scout":6,"cells_pos":255,"lat":25.6586,"lon":-100.32053,"rank_p10":16,"rank_p50":31,"rank_p90":50,"ancho_banda":34,"banda":"media","confianza":"baja","prob_top30":0.495,"prob_top30_estres":0.811,"comp_cero_desconocido":false,"n_est_sugeridas":3,"est":[[-100.32542,25.66065,8.4],[-100.30748,25.65522,7.5],[-100.31844,25.65612,6.7]]}},{"type":"Feature","geometry":{"type":"Polygon","coordinates":[[[-100.1495,25.6072],[-100.1511,25.6008],[-100.1562,25.6015],[-100.1559,25.604],[-100.1546,25.6043],[-100.1536,25.6057],[-100.1495,25.6072]]]},"properties":{"rank_base":66,"score_base":47.61,"rank_with_scout":61,"score_with_scout":47.06,"scout_bonus":-0.54,"scout_marks":0,"cobertura_campo":"sin encuesta","scout_marks_kinds":"","scout_anchor_marks_used":0,"pins_favorito":0,"pins_lock":0,"v2_rank":90,"score_v2":44.85,"delta_rank_v2_to_base":24,"delta_rank_base_to_scout":5,"cause_main":"competencia","cause_anclas_pts":-2.85,"cause_competencia_pts":9.24,"scout_cause":"anclas","cve_col":"19031_0010","municipio":"Juárez","colonia":"Arboledas de San Roque","grado":"Alto","pob_conapo":3862,"viviendas_est":1073,"D_star":0.1826,"A_star":0.3434,"C_star":0.0,"anclas_pond":22.05,"anclas_por_1000viv":20.55,"comp_n_300m":0,"comp_por_1000viv":0.0,"n_cerveza":3,"n_tortilleria":2,"n_banco_bienestar_azteca":0,"n_oxxo":0,"n_express":0,"n_iglesia":0,"n_escuela":0,"n_parada":5,"n_farmacia":1,"n_abarrotes":27,"comp_n_300m_with_scout":0,"cells_pos":28,"lat":25.60415,"lon":-100.152756,"rank_p10":46,"rank_p50":101,"rank_p90":154,"ancho_banda":108,"banda":"ancha","confianza":"baja","prob_top30":0.003,"prob_top30_estres":0.0,"comp_cero_desconocido":true,"n_est_sugeridas":1,"est":[[-100.15295,25.60275,7.1]]}},{"type":"Feature","geometry":{"type":"Polygon","coordinates":[[[-100.2667,25.6594],[-100.2711,25.6578],[-100.2711,25.6539],[-100.2706,25.653],[-100.273,25.6544],[-100.2736,25.6562],[-100.2698,25.6597],[-100.2667,25.6594]]]},"properties":{"rank_base":67,"score_base":47.35,"rank_with_scout":64,"score_with_scout":46.81,"scout_bonus":-0.54,"scout_marks":0,"cobertura_campo":"sin encuesta","scout_marks_kinds":"","scout_anchor_marks_used":0,"pins_favorito":0,"pins_lock":0,"v2_rank":59,"score_v2":48.57,"delta_rank_v2_to_base":-8,"delta_rank_base_to_scout":3,"cause_main":"competencia","cause_anclas_pts":-9.06,"cause_competencia_pts":11.47,"scout_cause":"anclas","cve_col":"19026_0049","municipio":"Guadalupe","colonia":"Atoyac de Alvarez","grado":"Medio","pob_conapo":1966,"viviendas_est":546,"D_star":0.2304,"A_star":0.2711,"C_star":0.0,"anclas_pond":10.55,"anclas_por_1000viv":19.32,"comp_n_300m":0,"comp_por_1000viv":0.0,"n_cerveza":1,"n_tortilleria":1,"n_banco_bienestar_azteca":0,"n_oxxo":0,"n_express":0,"n_iglesia":0,"n_escuela":1,"n_parada":0,"n_farmacia":0,"n_abarrotes":17,"comp_n_300m_with_scout":0,"cells_pos":12,"lat":25.657,"lon":-100.271916,"rank_p10":31,"rank_p50":84,"rank_p90":151,"ancho_banda":120,"banda":"ancha","confianza":"baja","prob_top30":0.096,"prob_top30_estres":0.026,"comp_cero_desconocido":true,"n_est_sugeridas":1,"est":[[-100.27159,25.65612,4.9]]}},{"type":"Feature","geometry":{"type":"Polygon","coordinates":[[[-100.161,25.6298],[-100.1609,25.6278],[-100.1623,25.6268],[-100.1632,25.6259],[-100.1659,25.6304],[-100.1688,25.6286],[-100.167,25.6243],[-100.1714,25.6238],[-100.1713,25.6211],[-100.1712,25.6207],[-100.171,25.6202],[-100.1706,25.6184],[-100.1704,25.6179],[-100.1702,25.6176],[-100.1703,25.6171],[-100.1722,25.6167],[-100.1732,25.6177],[-100.1726,25.6202],[-100.1727,25.6221],[-100.1714,25.624],[-100.1717,25.6279],[-100.173,25.6275],[-100.1738,25.6264],[-100.1749,25.6279],[-100.1769,25.6332],[-100.1751,25.6341],[-100.1736,25.6336],[-100.174,25.6371],[-100.1728,25.6374],[-100.172,25.6359],[-100.1725,25.6339],[-100.1712,25.6334],[-100.1712,25.6312],[-100.1698,25.6314],[-100.1699,25.6337],[-100.169,25.6375],[-100.1637,25.6332],[-100.16,25.6371],[-100.1584,25.6349],[-100.1607,25.6335],[-100.161,25.6298]]]},"properties":{"rank_base":68,"score_base":46.59,"rank_with_scout":65,"score_with_scout":45.68,"scout_bonus":-0.9,"scout_marks":0,"cobertura_campo":"sin encuesta","scout_marks_kinds":"","scout_anchor_marks_used":0,"pins_favorito":0,"pins_lock":0,"v2_rank":17,"score_v2":57.22,"delta_rank_v2_to_base":-51,"delta_rank_base_to_scout":3,"cause_main":"competencia","cause_anclas_pts":12.15,"cause_competencia_pts":-19.16,"scout_cause":"anclas","cve_col":"19031_0154","municipio":"Juárez","colonia":"Rancho Viejo","grado":"Medio","pob_conapo":4390,"viviendas_est":1219,"D_star":0.5276,"A_star":0.8434,"C_star":0.994,"anclas_pond":42.1,"anclas_por_1000viv":34.52,"comp_n_300m":7,"comp_por_1000viv":5.74,"n_cerveza":4,"n_tortilleria":7,"n_banco_bienestar_azteca":0,"n_oxxo":2,"n_express":1,"n_iglesia":0,"n_escuela":2,"n_parada":1,"n_farmacia":4,"n_abarrotes":49,"comp_n_300m_with_scout":7,"cells_pos":62,"lat":25.62715,"lon":-100.169918,"rank_p10":36,"rank_p50":58,"rank_p90":80,"ancho_banda":44,"banda":"media","confianza":"baja","prob_top30":0.036,"prob_top30_estres":0.039,"comp_cero_desconocido":false,"n_est_sugeridas":1,"est":[[-100.1699,25.62446,7.8]]}},{"type":"Feature","geometry":{"type":"Polygon","coordinates":[[[-100.1599,25.7556],[-100.1597,25.7569],[-100.1605,25.7582],[-100.1591,25.7585],[-100.1593,25.7595],[-100.1584,25.7601],[-100.1553,25.7607],[-100.1549,25.7567],[-100.1599,25.7556]]]},"properties":{"rank_base":69,"score_base":46.45,"rank_with_scout":62,"score_with_scout":47.0,"scout_bonus":0.54,"scout_marks":0,"cobertura_campo":"sin encuesta","scout_marks_kinds":"","scout_anchor_marks_used":0,"pins_favorito":0,"pins_lock":0,"v2_rank":63,"score_v2":47.71,"delta_rank_v2_to_base":-6,"delta_rank_base_to_scout":7,"cause_main":"anclas","cause_anclas_pts":1.85,"cause_competencia_pts":0.53,"scout_cause":"competencia","cve_col":"19006_0404","municipio":"Apodaca","colonia":"Pueblo Nuevo 2Do Sector","grado":"Medio","pob_conapo":4035,"viviendas_est":1121,"D_star":0.4023,"A_star":0.5,"C_star":0.488,"anclas_pond":27.0,"anclas_por_1000viv":24.09,"comp_n_300m":1,"comp_por_1000viv":0.892,"n_cerveza":1,"n_tortilleria":5,"n_banco_bienestar_azteca":0,"n_oxxo":0,"n_express":0,"n_iglesia":0,"n_escuela":3,"n_parada":1,"n_farmacia":3,"n_abarrotes":35,"comp_n_300m_with_scout":1,"cells_pos":20,"lat":25.75755,"lon":-100.157543,"rank_p10":31,"rank_p50":37,"rank_p90":45,"ancho_banda":14,"banda":"estrecha","confianza":"media","prob_top30":0.092,"prob_top30_estres":0.766,"comp_cero_desconocido":false,"n_est_sugeridas":1,"est":[[-100.15794,25.75835,9.0]]}},{"type":"Feature","geometry":{"type":"Polygon","coordinates":[[[-100.2504,25.716],[-100.254,25.7146],[-100.255,25.7177],[-100.2537,25.719],[-100.2515,25.7202],[-100.2504,25.716]]]},"properties":{"rank_base":70,"score_base":46.39,"rank_with_scout":67,"score_with_scout":45.31,"scout_bonus":-1.08,"scout_marks":0,"cobertura_campo":"sin encuesta","scout_marks_kinds":"","scout_anchor_marks_used":0,"pins_favorito":0,"pins_lock":0,"v2_rank":155,"score_v2":38.91,"delta_rank_v2_to_base":85,"delta_rank_base_to_scout":3,"cause_main":"competencia","cause_anclas_pts":-1.56,"cause_competencia_pts":12.68,"scout_cause":"anclas","cve_col":"19046_0052","municipio":"San Nicolás de los Garza","colonia":"Const de Queretaro 1 Sec","grado":"Medio","pob_conapo":2750,"viviendas_est":764,"D_star":0.0077,"A_star":0.5361,"C_star":0.0,"anclas_pond":18.75,"anclas_por_1000viv":24.55,"comp_n_300m":0,"comp_por_1000viv":0.0,"n_cerveza":1,"n_tortilleria":1,"n_banco_bienestar_azteca":0,"n_oxxo":0,"n_express":1,"n_iglesia":0,"n_escuela":4,"n_parada":4,"n_farmacia":0,"n_abarrotes":20,"comp_n_300m_with_scout":0,"cells_pos":18,"lat":25.71685,"lon":-100.252674,"rank_p10":71,"rank_p50":130,"rank_p90":160,"ancho_banda":89,"banda":"ancha","confianza":"baja","prob_top30":0.0,"prob_top30_estres":0.0,"comp_cero_desconocido":true,"n_est_sugeridas":1,"est":[[-100.25165,25.71945,5.8]]}},{"type":"Feature","geometry":{"type":"Polygon","coordinates":[[[-100.371,25.8002],[-100.3726,25.7988],[-100.371,25.8023],[-100.3733,25.8025],[-100.3712,25.8049],[-100.3724,25.8054],[-100.3702,25.806],[-100.3692,25.8034],[-100.371,25.8002]]]},"properties":{"rank_base":71,"score_base":45.26,"rank_with_scout":68,"score_with_scout":45.08,"scout_bonus":-0.18,"scout_marks":0,"cobertura_campo":"sin encuesta","scout_marks_kinds":"","scout_anchor_marks_used":0,"pins_favorito":0,"pins_lock":0,"v2_rank":83,"score_v2":45.57,"delta_rank_v2_to_base":12,"delta_rank_base_to_scout":3,"cause_main":"anclas","cause_anclas_pts":16.13,"cause_competencia_pts":-12.8,"scout_cause":"anclas","cve_col":"19021_0052","municipio":"General Escobedo","colonia":"Eulalio Villarreal","grado":"Medio","pob_conapo":1707,"viviendas_est":474,"D_star":0.2821,"A_star":0.9759,"C_star":0.8434,"anclas_pond":23.95,"anclas_por_1000viv":50.51,"comp_n_300m":1,"comp_por_1000viv":2.109,"n_cerveza":1,"n_tortilleria":4,"n_banco_bienestar_azteca":0,"n_oxxo":0,"n_express":1,"n_iglesia":0,"n_escuela":0,"n_parada":1,"n_farmacia":1,"n_abarrotes":38,"comp_n_300m_with_scout":1,"cells_pos":14,"lat":25.8024,"lon":-100.370956,"rank_p10":41,"rank_p50":60,"rank_p90":78,"ancho_banda":37,"banda":"media","confianza":"baja","prob_top30":0.002,"prob_top30_estres":0.01,"comp_cero_desconocido":false,"n_est_sugeridas":1,"est":[[-100.36929,25.80358,7.2]]}},{"type":"Feature","geometry":{"type":"Polygon","coordinates":[[[-100.599,25.7988],[-100.5999,25.7967],[-100.6052,25.798],[-100.6049,25.7993],[-100.604,25.799],[-100.6045,25.8011],[-100.6022,25.8007],[-100.6017,25.8001],[-100.599,25.7988]]]},"properties":{"rank_base":72,"score_base":45.09,"rank_with_scout":66,"score_with_scout":45.46,"scout_bonus":0.36,"scout_marks":0,"cobertura_campo":"sin encuesta","scout_marks_kinds":"","scout_anchor_marks_used":0,"pins_favorito":0,"pins_lock":0,"v2_rank":101,"score_v2":44.0,"delta_rank_v2_to_base":29,"delta_rank_base_to_scout":6,"cause_main":"anclas","cause_anclas_pts":13.83,"cause_competencia_pts":-9.1,"scout_cause":"competencia","cve_col":"19018_0077","municipio":"García","colonia":"Los Nogales","grado":"Medio","pob_conapo":2197,"viviendas_est":610,"D_star":0.2102,"A_star":0.9578,"C_star":0.7349,"anclas_pond":29.0,"anclas_por_1000viv":47.52,"comp_n_300m":1,"comp_por_1000viv":1.639,"n_cerveza":4,"n_tortilleria":6,"n_banco_bienestar_azteca":0,"n_oxxo":0,"n_express":1,"n_iglesia":1,"n_escuela":1,"n_parada":0,"n_farmacia":1,"n_abarrotes":30,"comp_n_300m_with_scout":1,"cells_pos":18,"lat":25.7989,"lon":-100.6021,"rank_p10":38,"rank_p50":54,"rank_p90":70,"ancho_banda":32,"banda":"media","confianza":"baja","prob_top30":0.009,"prob_top30_estres":0.06,"comp_cero_desconocido":false,"n_est_sugeridas":1,"est":[[-100.60257,25.79906,10.0]]}},{"type":"Feature","geometry":{"type":"Polygon","coordinates":[[[-100.3291,25.6952],[-100.33,25.6896],[-100.3328,25.6896],[-100.3321,25.6955],[-100.3291,25.6952]]]},"properties":{"rank_base":73,"score_base":45.03,"rank_with_scout":73,"score_with_scout":44.66,"scout_bonus":-0.36,"scout_marks":0,"cobertura_campo":"sin encuesta","scout_marks_kinds":"","scout_anchor_marks_used":0,"pins_favorito":0,"pins_lock":0,"v2_rank":131,"score_v2":41.57,"delta_rank_v2_to_base":58,"delta_rank_base_to_scout":0,"cause_main":"anclas","cause_anclas_pts":10.53,"cause_competencia_pts":-3.44,"scout_cause":"anclas","cve_col":"19039_0002","municipio":"Monterrey","colonia":"10 de Marzo","grado":"Medio","pob_conapo":2521,"viviendas_est":700,"D_star":0.2898,"A_star":0.7892,"C_star":0.6747,"anclas_pond":22.0,"anclas_por_1000viv":31.41,"comp_n_300m":1,"comp_por_1000viv":1.428,"n_cerveza":3,"n_tortilleria":2,"n_banco_bienestar_azteca":0,"n_oxxo":1,"n_express":0,"n_iglesia":0,"n_escuela":1,"n_parada":0,"n_farmacia":2,"n_abarrotes":30,"comp_n_300m_with_scout":1,"cells_pos":17,"lat":25.6924,"lon":-100.331009,"rank_p10":42,"rank_p50":54,"rank_p90":65,"ancho_banda":23,"banda":"estrecha","confianza":"media","prob_top30":0.0,"prob_top30_estres":0.012,"comp_cero_desconocido":false,"n_est_sugeridas":1,"est":[[-100.33041,25.69141,8.5]],"metro_cerca":{"n":"Edison","l":"L1","d":685,"i":0.2355}}},{"type":"Feature","geometry":{"type":"Polygon","coordinates":[[[-100.2489,25.7836],[-100.2537,25.7806],[-100.258,25.7757],[-100.2582,25.7758],[-100.2589,25.7846],[-100.2489,25.7847],[-100.2489,25.7836]]]},"properties":{"rank_base":74,"score_base":44.84,"rank_with_scout":75,"score_with_scout":44.3,"scout_bonus":-0.54,"scout_marks":0,"cobertura_campo":"sin encuesta","scout_marks_kinds":"","scout_anchor_marks_used":0,"pins_favorito":0,"pins_lock":0,"v2_rank":12,"score_v2":62.27,"delta_rank_v2_to_base":-62,"delta_rank_base_to_scout":-1,"cause_main":"competencia","cause_anclas_pts":-3.03,"cause_competencia_pts":-10.77,"scout_cause":"anclas","cve_col":"19006_0361","municipio":"Apodaca","colonia":"Prados de La Cieneguita","grado":"Medio","pob_conapo":7333,"viviendas_est":2037,"D_star":0.5473,"A_star":0.6747,"C_star":0.9096,"anclas_pond":58.05,"anclas_por_1000viv":28.5,"comp_n_300m":6,"comp_por_1000viv":2.946,"n_cerveza":7,"n_tortilleria":12,"n_banco_bienestar_azteca":2,"n_oxxo":1,"n_express":1,"n_iglesia":1,"n_escuela":2,"n_parada":3,"n_farmacia":4,"n_abarrotes":52,"comp_n_300m_with_scout":6,"cells_pos":53,"lat":25.7782,"lon":-100.257099,"rank_p10":39,"rank_p50":58,"rank_p90":78,"ancho_banda":39,"banda":"media","confianza":"baja","prob_top30":0.018,"prob_top30_estres":0.029,"comp_cero_desconocido":false,"n_est_sugeridas":1,"est":[[-100.25464,25.78006,15.0]]}},{"type":"Feature","geometry":{"type":"Polygon","coordinates":[[[-100.3892,25.8016],[-100.3892,25.7998],[-100.3871,25.7986],[-100.391,25.7944],[-100.3919,25.794],[-100.3924,25.794],[-100.3928,25.7938],[-100.3935,25.7953],[-100.3969,25.8019],[-100.3938,25.8032],[-100.3923,25.8002],[-100.3892,25.8016]]]},"properties":{"rank_base":75,"score_base":44.46,"rank_with_scout":72,"score_with_scout":44.82,"scout_bonus":0.36,"scout_marks":0,"cobertura_campo":"sin encuesta","scout_marks_kinds":"","scout_anchor_marks_used":0,"pins_favorito":0,"pins_lock":0,"v2_rank":49,"score_v2":49.84,"delta_rank_v2_to_base":-26,"delta_rank_base_to_scout":3,"cause_main":"competencia","cause_anclas_pts":1.13,"cause_competencia_pts":-2.88,"scout_cause":"competencia","cve_col":"19021_0174","municipio":"General Escobedo","colonia":"Nueva Esperanza","grado":"Medio","pob_conapo":7610,"viviendas_est":2114,"D_star":0.384,"A_star":0.4759,"C_star":0.506,"anclas_pond":50.2,"anclas_por_1000viv":23.75,"comp_n_300m":2,"comp_por_1000viv":0.946,"n_cerveza":2,"n_tortilleria":12,"n_banco_bienestar_azteca":0,"n_oxxo":1,"n_express":0,"n_iglesia":0,"n_escuela":0,"n_parada":0,"n_farmacia":4,"n_abarrotes":73,"comp_n_300m_with_scout":2,"cells_pos":50,"lat":25.79745,"lon":-100.391379,"rank_p10":39,"rank_p50":46,"rank_p90":53,"ancho_banda":14,"banda":"estrecha","confianza":"media","prob_top30":0.0,"prob_top30_estres":0.14,"comp_cero_desconocido":false,"n_est_sugeridas":2,"est":[[-100.38923,25.80087,7.8],[-100.39521,25.79906,5.6]]}},{"type":"Feature","geometry":{"type":"Polygon","coordinates":[[[-100.4196,25.6914],[-100.4186,25.6903],[-100.4194,25.6875],[-100.4237,25.6886],[-100.423,25.6914],[-100.4221,25.6921],[-100.4196,25.6914]]]},"properties":{"rank_base":76,"score_base":43.94,"rank_with_scout":69,"score_with_scout":45.03,"scout_bonus":1.08,"scout_marks":0,"cobertura_campo":"sin encuesta","scout_marks_kinds":"","scout_anchor_marks_used":0,"pins_favorito":0,"pins_lock":0,"v2_rank":6,"score_v2":65.93,"delta_rank_v2_to_base":-70,"delta_rank_base_to_scout":7,"cause_main":"anclas","cause_anclas_pts":-18.66,"cause_competencia_pts":0.31,"scout_cause":"competencia","cve_col":"19048_0115","municipio":"Santa Catarina","colonia":"Lomas de La Fama","grado":"Medio","pob_conapo":3909,"viviendas_est":1086,"D_star":0.4706,"A_star":0.3373,"C_star":0.5,"anclas_pond":22.2,"anclas_por_1000viv":20.44,"comp_n_300m":1,"comp_por_1000viv":0.921,"n_cerveza":0,"n_tortilleria":2,"n_banco_bienestar_azteca":0,"n_oxxo":0,"n_express":0,"n_iglesia":1,"n_escuela":2,"n_parada":2,"n_farmacia":0,"n_abarrotes":38,"comp_n_300m_with_scout":1,"cells_pos":19,"lat":25.68945,"lon":-100.421165,"rank_p10":40,"rank_p50":48,"rank_p90":58,"ancho_banda":18,"banda":"estrecha","confianza":"media","prob_top30":0.002,"prob_top30_estres":0.128,"comp_cero_desconocido":false,"n_est_sugeridas":1,"est":[[-100.42013,25.68869,8.3]]}},{"type":"Feature","geometry":{"type":"Polygon","coordinates":[[[-100.3969,25.8019],[-100.3935,25.7953],[-100.3928,25.7938],[-100.3933,25.7937],[-100.3947,25.7937],[-100.3969,25.7944],[-100.4006,25.7965],[-100.402,25.7967],[-100.4061,25.8058],[-100.401,25.8089],[-100.3994,25.8095],[-100.3992,25.8085],[-100.3968,25.8034],[-100.3975,25.8032],[-100.3969,25.8019]]]},"properties":{"rank_base":77,"score_base":43.86,"rank_with_scout":70,"score_with_scout":44.94,"scout_bonus":1.08,"scout_marks":0,"cobertura_campo":"sin encuesta","scout_marks_kinds":"","scout_anchor_marks_used":0,"pins_favorito":0,"pins_lock":0,"v2_rank":21,"score_v2":55.36,"delta_rank_v2_to_base":-56,"delta_rank_base_to_scout":7,"cause_main":"anclas","cause_anclas_pts":-7.73,"cause_competencia_pts":-0.14,"scout_cause":"competencia","cve_col":"19021_0002","municipio":"General Escobedo","colonia":"18 de Octubre","grado":"Medio","pob_conapo":7038,"viviendas_est":1955,"D_star":0.491,"A_star":0.1807,"C_star":0.3735,"anclas_pond":34.5,"anclas_por_1000viv":17.65,"comp_n_300m":1,"comp_por_1000viv":0.511,"n_cerveza":2,"n_tortilleria":8,"n_banco_bienestar_azteca":0,"n_oxxo":0,"n_express":1,"n_iglesia":0,"n_escuela":0,"n_parada":0,"n_farmacia":1,"n_abarrotes":50,"comp_n_300m_with_scout":1,"cells_pos":79,"lat":25.7993,"lon":-100.399366,"rank_p10":29,"rank_p50":41,"rank_p90":56,"ancho_banda":27,"banda":"estrecha","confianza":"media","prob_top30":0.133,"prob_top30_estres":0.624,"comp_cero_desconocido":false,"n_est_sugeridas":1,"est":[[-100.39421,25.79544,6.1]]}},{"type":"Feature","geometry":{"type":"Polygon","coordinates":[[[-100.2855,25.6326],[-100.2868,25.6313],[-100.2893,25.6334],[-100.2909,25.6349],[-100.2895,25.6361],[-100.2855,25.6326]]]},"properties":{"rank_base":78,"score_base":43.57,"rank_with_scout":76,"score_with_scout":44.11,"scout_bonus":0.54,"scout_marks":0,"cobertura_campo":"sin encuesta","scout_marks_kinds":"","scout_anchor_marks_used":0,"pins_favorito":0,"pins_lock":0,"v2_rank":95,"score_v2":44.6,"delta_rank_v2_to_base":17,"delta_rank_base_to_scout":2,"cause_main":"anclas","cause_anclas_pts":5.74,"cause_competencia_pts":-3.13,"scout_cause":"competencia","cve_col":"19039_0637","municipio":"Monterrey","colonia":"Revolucion Proletaria","grado":"Medio","pob_conapo":2990,"viviendas_est":830,"D_star":0.2851,"A_star":0.6807,"C_star":0.6084,"anclas_pond":23.85,"anclas_por_1000viv":28.72,"comp_n_300m":1,"comp_por_1000viv":1.204,"n_cerveza":4,"n_tortilleria":3,"n_banco_bienestar_azteca":0,"n_oxxo":1,"n_express":0,"n_iglesia":0,"n_escuela":1,"n_parada":0,"n_farmacia":1,"n_abarrotes":29,"comp_n_300m_with_scout":1,"cells_pos":10,"lat":25.634,"lon":-100.288525,"rank_p10":43,"rank_p50":52,"rank_p90":61,"ancho_banda":18,"banda":"estrecha","confianza":"media","prob_top30":0.0,"prob_top30_estres":0.02,"comp_cero_desconocido":false,"n_est_sugeridas":1,"est":[[-100.28953,25.63532,6.9]]}},{"type":"Feature","geometry":{"type":"Polygon","coordinates":[[[-100.358,25.8099],[-100.359,25.8098],[-100.3596,25.8041],[-100.3593,25.8041],[-100.3596,25.8029],[-100.3598,25.8017],[-100.3616,25.8022],[-100.3619,25.8038],[-100.3631,25.8043],[-100.3637,25.8028],[-100.3658,25.8027],[-100.3673,25.8067],[-100.3676,25.8092],[-100.3684,25.8095],[-100.3677,25.8101],[-100.366,25.8096],[-100.3643,25.8104],[-100.3578,25.8107],[-100.358,25.8099]]]},"properties":{"rank_base":79,"score_base":43.56,"rank_with_scout":71,"score_with_scout":44.83,"scout_bonus":1.27,"scout_marks":1,"cobertura_campo":"parcial","scout_marks_kinds":"escuela:1","scout_anchor_marks_used":1,"pins_favorito":0,"pins_lock":0,"v2_rank":33,"score_v2":52.23,"delta_rank_v2_to_base":-46,"delta_rank_base_to_scout":8,"cause_main":"anclas","cause_anclas_pts":-3.93,"cause_competencia_pts":-1.1,"scout_cause":"competencia","cve_col":"19021_0183","municipio":"General Escobedo","colonia":"Pedregal del Topo Chico [19021_0183]","grado":"Medio","pob_conapo":9397,"viviendas_est":2610,"D_star":0.3797,"A_star":0.3072,"C_star":0.3614,"anclas_pond":51.7,"anclas_por_1000viv":19.81,"comp_n_300m":1,"comp_por_1000viv":0.383,"n_cerveza":2,"n_tortilleria":8,"n_banco_bienestar_azteca":0,"n_oxxo":1,"n_express":1,"n_iglesia":0,"n_escuela":0,"n_parada":0,"n_farmacia":3,"n_abarrotes":88,"comp_n_300m_with_scout":1,"cells_pos":62,"lat":25.8055,"lon":-100.363151,"rank_p10":34,"rank_p50":44,"rank_p90":57,"ancho_banda":23,"banda":"estrecha","confianza":"alta","prob_top30":0.03,"prob_top30_estres":0.54,"comp_cero_desconocido":false,"n_est_sugeridas":1,"est":[[-100.36231,25.80811,9.3]]}},{"type":"Feature","geometry":{"type":"Polygon","coordinates":[[[-100.3506,25.751],[-100.3504,25.7509],[-100.3496,25.7502],[-100.3479,25.7489],[-100.3504,25.7445],[-100.3497,25.7443],[-100.3484,25.7431],[-100.348,25.7439],[-100.3448,25.7426],[-100.3466,25.7404],[-100.3479,25.7411],[-100.3488,25.7402],[-100.3509,25.7378],[-100.3582,25.7451],[-100.3637,25.7503],[-100.3608,25.7515],[-100.3598,25.7497],[-100.3561,25.75],[-100.3526,25.7499],[-100.3506,25.751]]]},"properties":{"rank_base":80,"score_base":43.09,"rank_with_scout":83,"score_with_scout":42.55,"scout_bonus":-0.54,"scout_marks":2,"cobertura_campo":"parcial","scout_marks_kinds":"modelorama:2","scout_anchor_marks_used":2,"pins_favorito":0,"pins_lock":0,"v2_rank":30,"score_v2":52.6,"delta_rank_v2_to_base":-50,"delta_rank_base_to_scout":-3,"cause_main":"anclas","cause_anclas_pts":-5.64,"cause_competencia_pts":-0.24,"scout_cause":"competencia","cve_col":"19039_0770","municipio":"Monterrey","colonia":"Valle de Santa Lucia (Granja Sanitaria)","grado":"Medio","pob_conapo":18466,"viviendas_est":5129,"D_star":0.4944,"A_star":0.2892,"C_star":0.512,"anclas_pond":100.5,"anclas_por_1000viv":19.59,"comp_n_300m":5,"comp_por_1000viv":0.975,"n_cerveza":4,"n_tortilleria":17,"n_banco_bienestar_azteca":0,"n_oxxo":0,"n_express":2,"n_iglesia":0,"n_escuela":7,"n_parada":3,"n_farmacia":12,"n_abarrotes":140,"comp_n_300m_with_scout":6,"cells_pos":116,"lat":25.7448,"lon":-100.354065,"rank_p10":46,"rank_p50":56,"rank_p90":70,"ancho_banda":24,"banda":"estrecha","confianza":"alta","prob_top30":0.0,"prob_top30_estres":0.022,"comp_cero_desconocido":false,"n_est_sugeridas":3,"est":[[-100.35334,25.74116,8.0],[-100.35832,25.74659,6.9],[-100.35034,25.75021,5.3]],"metro_cerca":{"n":"Unidad Modelo","l":"L1","d":352,"i":0.1683}}},{"type":"Feature","geometry":{"type":"Polygon","coordinates":[[[-100.3972,25.8398],[-100.4017,25.8381],[-100.4039,25.8427],[-100.3997,25.8452],[-100.3972,25.8398]]]},"properties":{"rank_base":81,"score_base":42.64,"rank_with_scout":81,"score_with_scout":42.64,"scout_bonus":0.0,"scout_marks":0,"cobertura_campo":"sin encuesta","scout_marks_kinds":"","scout_anchor_marks_used":0,"pins_favorito":0,"pins_lock":0,"v2_rank":109,"score_v2":43.51,"delta_rank_v2_to_base":28,"delta_rank_base_to_scout":0,"cause_main":"competencia","cause_anclas_pts":-9.53,"cause_competencia_pts":12.3,"scout_cause":"—","cve_col":"19021_0206","municipio":"General Escobedo","colonia":"Privadas de Camino Real Ii","grado":"Medio","pob_conapo":5682,"viviendas_est":1578,"D_star":0.2256,"A_star":0.1205,"C_star":0.0,"anclas_pond":25.9,"anclas_por_1000viv":16.41,"comp_n_300m":0,"comp_por_1000viv":0.0,"n_cerveza":0,"n_tortilleria":3,"n_banco_bienestar_azteca":0,"n_oxxo":2,"n_express":1,"n_iglesia":0,"n_escuela":1,"n_parada":5,"n_farmacia":0,"n_abarrotes":36,"comp_n_300m_with_scout":0,"cells_pos":28,"lat":25.84125,"lon":-100.400539,"rank_p10":68,"rank_p50":125,"rank_p90":160,"ancho_banda":92,"banda":"ancha","confianza":"baja","prob_top30":0.0,"prob_top30_estres":0.0,"comp_cero_desconocido":true,"n_est_sugeridas":1,"est":[[-100.40019,25.84429,6.4]]}},{"type":"Feature","geometry":{"type":"Polygon","coordinates":[[[-100.5971,25.8033],[-100.599,25.7988],[-100.6017,25.8001],[-100.6022,25.8007],[-100.6045,25.8011],[-100.6065,25.8018],[-100.6048,25.8016],[-100.604,25.8048],[-100.5971,25.8033]]]},"properties":{"rank_base":82,"score_base":42.4,"rank_with_scout":88,"score_with_scout":41.86,"scout_bonus":-0.54,"scout_marks":0,"cobertura_campo":"sin encuesta","scout_marks_kinds":"","scout_anchor_marks_used":0,"pins_favorito":0,"pins_lock":0,"v2_rank":64,"score_v2":47.69,"delta_rank_v2_to_base":-18,"delta_rank_base_to_scout":-6,"cause_main":"competencia","cause_anclas_pts":11.56,"cause_competencia_pts":-13.21,"scout_cause":"anclas","cve_col":"19018_0002","municipio":"García","colonia":"Ampl Los Nogales ( El Polvorin )","grado":"Medio","pob_conapo":3497,"viviendas_est":971,"D_star":0.2513,"A_star":0.9157,"C_star":0.8373,"anclas_pond":38.35,"anclas_por_1000viv":39.48,"comp_n_300m":2,"comp_por_1000viv":2.059,"n_cerveza":4,"n_tortilleria":7,"n_banco_bienestar_azteca":0,"n_oxxo":1,"n_express":0,"n_iglesia":1,"n_escuela":2,"n_parada":0,"n_farmacia":0,"n_abarrotes":49,"comp_n_300m_with_scout":2,"cells_pos":29,"lat":25.80255,"lon":-100.600988,"rank_p10":54,"rank_p50":72,"rank_p90":89,"ancho_banda":35,"banda":"media","confianza":"baja","prob_top30":0.0,"prob_top30_estres":0.0,"comp_cero_desconocido":false,"n_est_sugeridas":2,"est":[[-100.59758,25.80268,8.5],[-100.60357,25.80268,6.5]]}},{"type":"Feature","geometry":{"type":"Polygon","coordinates":[[[-100.205,25.6441],[-100.2035,25.6479],[-100.2016,25.6525],[-100.1999,25.652],[-100.201,25.6497],[-100.2006,25.6496],[-100.2026,25.6456],[-100.2054,25.6409],[-100.2076,25.6389],[-100.2086,25.6395],[-100.2061,25.6416],[-100.205,25.6441]]]},"properties":{"rank_base":83,"score_base":42.4,"rank_with_scout":82,"score_with_scout":42.58,"scout_bonus":0.18,"scout_marks":0,"cobertura_campo":"sin encuesta","scout_marks_kinds":"","scout_anchor_marks_used":0,"pins_favorito":0,"pins_lock":0,"v2_rank":70,"score_v2":46.99,"delta_rank_v2_to_base":-13,"delta_rank_base_to_scout":1,"cause_main":"competencia","cause_anclas_pts":7.63,"cause_competencia_pts":-8.6,"scout_cause":"competencia","cve_col":"19026_0070","municipio":"Guadalupe","colonia":"Campestre La Silla","grado":"Medio","pob_conapo":2488,"viviendas_est":691,"D_star":0.3099,"A_star":0.6928,"C_star":0.6928,"anclas_pond":19.95,"anclas_por_1000viv":28.87,"comp_n_300m":1,"comp_por_1000viv":1.447,"n_cerveza":1,"n_tortilleria":3,"n_banco_bienestar_azteca":0,"n_oxxo":0,"n_express":1,"n_iglesia":0,"n_escuela":0,"n_parada":2,"n_farmacia":2,"n_abarrotes":28,"comp_n_300m_with_scout":1,"cells_pos":19,"lat":25.64675,"lon":-100.202989,"rank_p10":54,"rank_p50":65,"rank_p90":73,"ancho_banda":19,"banda":"estrecha","confianza":"media","prob_top30":0.0,"prob_top30_estres":0.0,"comp_cero_desconocido":false,"n_est_sugeridas":2,"est":[[-100.2028,25.64889,3.5],[-100.20579,25.64165,2.4]]}},{"type":"Feature","geometry":{"type":"Polygon","coordinates":[[[-100.3686,25.7931],[-100.3691,25.7972],[-100.3671,25.7969],[-100.3665,25.8015],[-100.365,25.8014],[-100.3626,25.8021],[-100.3637,25.8028],[-100.3631,25.8043],[-100.3619,25.8038],[-100.3616,25.8022],[-100.3598,25.8017],[-100.3596,25.8029],[-100.3576,25.8021],[-100.3553,25.7972],[-100.3581,25.7903],[-100.3603,25.7903],[-100.3636,25.7928],[-100.3686,25.7931]]]},"properties":{"rank_base":84,"score_base":42.35,"rank_with_scout":87,"score_with_scout":42.17,"scout_bonus":-0.18,"scout_marks":0,"cobertura_campo":"sin encuesta","scout_marks_kinds":"","scout_anchor_marks_used":0,"pins_favorito":0,"pins_lock":0,"v2_rank":47,"score_v2":49.96,"delta_rank_v2_to_base":-37,"delta_rank_base_to_scout":-3,"cause_main":"anclas","cause_anclas_pts":-12.43,"cause_competencia_pts":8.45,"scout_cause":"anclas","cve_col":"19021_0184","municipio":"General Escobedo","colonia":"Pedregal del Topo Chico [19021_0184]","grado":"Alto","pob_conapo":1552,"viviendas_est":431,"D_star":0.2908,"A_star":0.0241,"C_star":0.0,"anclas_pond":5.2,"anclas_por_1000viv":12.06,"comp_n_300m":0,"comp_por_1000viv":0.0,"n_cerveza":0,"n_tortilleria":0,"n_banco_bienestar_azteca":0,"n_oxxo":0,"n_express":0,"n_iglesia":0,"n_escuela":0,"n_parada":0,"n_farmacia":0,"n_abarrotes":13,"comp_n_300m_with_scout":0,"cells_pos":7,"lat":25.7993,"lon":-100.361536,"rank_p10":71,"rank_p50":130,"rank_p90":160,"ancho_banda":89,"banda":"ancha","confianza":"baja","prob_top30":0.0,"prob_top30_estres":0.0,"comp_cero_desconocido":true,"n_est_sugeridas":1,"est":[[-100.36331,25.80358,3.0]]}},{"type":"Feature","geometry":{"type":"Polygon","coordinates":[[[-100.2692,25.613],[-100.2682,25.6158],[-100.2695,25.6183],[-100.2697,25.6207],[-100.2694,25.6216],[-100.2628,25.6229],[-100.2609,25.6231],[-100.2604,25.6199],[-100.2589,25.6197],[-100.2578,25.6184],[-100.2609,25.6156],[-100.263,25.6156],[-100.2692,25.613]]]},"properties":{"rank_base":85,"score_base":42.16,"rank_with_scout":80,"score_with_scout":42.7,"scout_bonus":0.54,"scout_marks":0,"cobertura_campo":"sin encuesta","scout_marks_kinds":"","scout_anchor_marks_used":0,"pins_favorito":0,"pins_lock":0,"v2_rank":37,"score_v2":51.94,"delta_rank_v2_to_base":-48,"delta_rank_base_to_scout":5,"cause_main":"anclas","cause_anclas_pts":-4.29,"cause_competencia_pts":-1.85,"scout_cause":"competencia","cve_col":"19039_0664","municipio":"Monterrey","colonia":"San Angel Sur ( Los Remates )","grado":"Medio","pob_conapo":11197,"viviendas_est":3110,"D_star":0.3807,"A_star":0.2952,"C_star":0.3976,"anclas_pond":61.3,"anclas_por_1000viv":19.71,"comp_n_300m":2,"comp_por_1000viv":0.643,"n_cerveza":10,"n_tortilleria":8,"n_banco_bienestar_azteca":0,"n_oxxo":0,"n_express":1,"n_iglesia":0,"n_escuela":2,"n_parada":8,"n_farmacia":1,"n_abarrotes":67,"comp_n_300m_with_scout":2,"cells_pos":75,"lat":25.61705,"lon":-100.264072,"rank_p10":44,"rank_p50":54,"rank_p90":67,"ancho_banda":23,"banda":"estrecha","confianza":"media","prob_top30":0.0,"prob_top30_estres":0.12,"comp_cero_desconocido":false,"n_est_sugeridas":1,"est":[[-100.2676,25.61994,13.1]]}},{"type":"Feature","geometry":{"type":"Polygon","coordinates":[[[-100.2909,25.6349],[-100.2906,25.6346],[-100.2912,25.6339],[-100.2898,25.6327],[-100.2893,25.6334],[-100.2881,25.6324],[-100.2891,25.6314],[-100.29,25.6316],[-100.2906,25.629],[-100.2936,25.6306],[-100.2991,25.6342],[-100.2996,25.6336],[-100.3022,25.6355],[-100.3029,25.6361],[-100.3004,25.6388],[-100.2977,25.6385],[-100.2986,25.6395],[-100.2974,25.64],[-100.2975,25.6414],[-100.2965,25.639],[-100.2955,25.6378],[-100.2935,25.6371],[-100.2909,25.6349]]]},"properties":{"rank_base":86,"score_base":42.1,"rank_with_scout":78,"score_with_scout":42.82,"scout_bonus":0.72,"scout_marks":0,"cobertura_campo":"sin encuesta","scout_marks_kinds":"","scout_anchor_marks_used":0,"pins_favorito":0,"pins_lock":0,"v2_rank":7,"score_v2":65.65,"delta_rank_v2_to_base":-79,"delta_rank_base_to_scout":8,"cause_main":"anclas","cause_anclas_pts":-12.14,"cause_competencia_pts":-7.79,"scout_cause":"competencia","cve_col":"19039_0104","municipio":"Monterrey","colonia":"Burocratas Municipales","grado":"Medio","pob_conapo":9806,"viviendas_est":2724,"D_star":0.6458,"A_star":0.247,"C_star":0.7048,"anclas_pond":51.05,"anclas_por_1000viv":18.74,"comp_n_300m":4,"comp_por_1000viv":1.469,"n_cerveza":7,"n_tortilleria":5,"n_banco_bienestar_azteca":0,"n_oxxo":0,"n_express":0,"n_iglesia":3,"n_escuela":4,"n_parada":0,"n_farmacia":1,"n_abarrotes":67,"comp_n_300m_with_scout":4,"cells_pos":70,"lat":25.6352,"lon":-100.296522,"rank_p10":47,"rank_p50":65,"rank_p90":85,"ancho_banda":38,"banda":"media","confianza":"baja","prob_top30":0.004,"prob_top30_estres":0.01,"comp_cero_desconocido":false,"n_est_sugeridas":3,"est":[[-100.29551,25.6326,7.0],[-100.28854,25.6326,5.5],[-100.29751,25.63984,4.8]]}},{"type":"Feature","geometry":{"type":"Polygon","coordinates":[[[-100.3264,25.6987],[-100.326,25.6985],[-100.3168,25.6924],[-100.3168,25.689],[-100.3169,25.686],[-100.3222,25.6868],[-100.3292,25.6874],[-100.3286,25.6895],[-100.33,25.6896],[-100.3291,25.6952],[-100.3283,25.6976],[-100.3275,25.6995],[-100.3264,25.6987]]]},"properties":{"rank_base":87,"score_base":42.0,"rank_with_scout":86,"score_with_scout":42.36,"scout_bonus":0.36,"scout_marks":0,"cobertura_campo":"sin encuesta","scout_marks_kinds":"","scout_anchor_marks_used":0,"pins_favorito":0,"pins_lock":0,"v2_rank":68,"score_v2":47.29,"delta_rank_v2_to_base":-19,"delta_rank_base_to_scout":1,"cause_main":"anclas","cause_anclas_pts":-4.69,"cause_competencia_pts":3.03,"scout_cause":"competencia","cve_col":"19039_0345","municipio":"Monterrey","colonia":"Industrial","grado":"Medio","pob_conapo":8460,"viviendas_est":2350,"D_star":0.4581,"A_star":0.4217,"C_star":0.6325,"anclas_pond":53.5,"anclas_por_1000viv":22.77,"comp_n_300m":3,"comp_por_1000viv":1.277,"n_cerveza":5,"n_tortilleria":3,"n_banco_bienestar_azteca":1,"n_oxxo":1,"n_express":1,"n_iglesia":2,"n_escuela":0,"n_parada":12,"n_farmacia":4,"n_abarrotes":65,"comp_n_300m_with_scout":3,"cells_pos":105,"lat":25.6938,"lon":-100.324118,"rank_p10":57,"rank_p50":67,"rank_p90":78,"ancho_banda":21,"banda":"estrecha","confianza":"media","prob_top30":0.0,"prob_top30_estres":0.0,"comp_cero_desconocido":false,"n_est_sugeridas":3,"est":[[-100.32243,25.68688,9.8],[-100.32542,25.69774,6.6],[-100.32941,25.69231,6.3]],"metro_cerca":{"n":"Central","l":"L1","d":758,"i":0.1593}}},{"type":"Feature","geometry":{"type":"Polygon","coordinates":[[[-100.182,25.72],[-100.1813,25.7222],[-100.1798,25.7295],[-100.1781,25.7294],[-100.1803,25.7194],[-100.182,25.72]]]},"properties":{"rank_base":88,"score_base":41.7,"rank_with_scout":91,"score_with_scout":41.52,"scout_bonus":-0.18,"scout_marks":0,"cobertura_campo":"sin encuesta","scout_marks_kinds":"","scout_anchor_marks_used":0,"pins_favorito":0,"pins_lock":0,"v2_rank":144,"score_v2":40.53,"delta_rank_v2_to_base":56,"delta_rank_base_to_scout":-3,"cause_main":"anclas","cause_anclas_pts":13.78,"cause_competencia_pts":-8.98,"scout_cause":"anclas","cve_col":"19026_0220","municipio":"Guadalupe","colonia":"Josefa Zozaya 2Do Sector","grado":"Medio","pob_conapo":1941,"viviendas_est":539,"D_star":0.175,"A_star":0.9458,"C_star":0.7892,"anclas_pond":23.65,"anclas_por_1000viv":43.87,"comp_n_300m":1,"comp_por_1000viv":1.855,"n_cerveza":1,"n_tortilleria":4,"n_banco_bienestar_azteca":0,"n_oxxo":3,"n_express":0,"n_iglesia":1,"n_escuela":1,"n_parada":1,"n_farmacia":2,"n_abarrotes":26,"comp_n_300m_with_scout":1,"cells_pos":18,"lat":25.7261,"lon":-100.179668,"rank_p10":56,"rank_p50":74,"rank_p90":91,"ancho_banda":35,"banda":"media","confianza":"baja","prob_top30":0.0,"prob_top30_estres":0.0,"comp_cero_desconocido":false,"n_est_sugeridas":1,"est":[[-100.18087,25.72307,6.6]]}},{"type":"Feature","geometry":{"type":"Polygon","coordinates":[[[-100.304,25.6454],[-100.3042,25.6451],[-100.3036,25.6448],[-100.3028,25.6425],[-100.3022,25.6426],[-100.3019,25.6423],[-100.302,25.6417],[-100.3025,25.6401],[-100.3042,25.6389],[-100.3046,25.6384],[-100.3066,25.6389],[-100.3102,25.6405],[-100.3098,25.6411],[-100.3122,25.6428],[-100.3112,25.6445],[-100.3102,25.6437],[-100.3082,25.6443],[-100.3065,25.6441],[-100.305,25.6458],[-100.304,25.6454]]]},"properties":{"rank_base":89,"score_base":41.6,"rank_with_scout":77,"score_with_scout":43.23,"scout_bonus":1.63,"scout_marks":0,"cobertura_campo":"sin encuesta","scout_marks_kinds":"","scout_anchor_marks_used":0,"pins_favorito":0,"pins_lock":0,"v2_rank":14,"score_v2":59.21,"delta_rank_v2_to_base":-75,"delta_rank_base_to_scout":12,"cause_main":"anclas","cause_anclas_pts":-9.72,"cause_competencia_pts":-4.26,"scout_cause":"competencia","cve_col":"19039_0381","municipio":"Monterrey","colonia":"La Altamira","grado":"Medio","pob_conapo":6979,"viviendas_est":1939,"D_star":0.6244,"A_star":0.1145,"C_star":0.5602,"anclas_pond":31.65,"anclas_por_1000viv":16.33,"comp_n_300m":2,"comp_por_1000viv":1.032,"n_cerveza":2,"n_tortilleria":4,"n_banco_bienestar_azteca":0,"n_oxxo":2,"n_express":0,"n_iglesia":2,"n_escuela":2,"n_parada":1,"n_farmacia":1,"n_abarrotes":41,"comp_n_300m_with_scout":2,"cells_pos":45,"lat":25.642,"lon":-100.30651,"rank_p10":40,"rank_p50":57,"rank_p90":78,"ancho_banda":38,"banda":"media","confianza":"baja","prob_top30":0.012,"prob_top30_estres":0.098,"comp_cero_desconocido":false,"n_est_sugeridas":2,"est":[[-100.30449,25.64075,8.0],[-100.31047,25.64165,4.9]]}},{"type":"Feature","geometry":{"type":"Polygon","coordinates":[[[-100.3731,25.8008],[-100.3737,25.7976],[-100.3747,25.7953],[-100.3758,25.7941],[-100.3762,25.7942],[-100.3764,25.7942],[-100.3765,25.7951],[-100.3756,25.8011],[-100.3731,25.8008]]]},"properties":{"rank_base":90,"score_base":41.43,"rank_with_scout":92,"score_with_scout":41.43,"scout_bonus":0.0,"scout_marks":0,"cobertura_campo":"sin encuesta","scout_marks_kinds":"","scout_anchor_marks_used":0,"pins_favorito":0,"pins_lock":0,"v2_rank":146,"score_v2":40.32,"delta_rank_v2_to_base":56,"delta_rank_base_to_scout":-2,"cause_main":"anclas","cause_anclas_pts":14.14,"cause_competencia_pts":-9.39,"scout_cause":"anclas","cve_col":"19021_0040","municipio":"General Escobedo","colonia":"Colinas del Topo Chico","grado":"Medio","pob_conapo":2080,"viviendas_est":578,"D_star":0.1637,"A_star":0.9096,"C_star":0.747,"anclas_pond":22.4,"anclas_por_1000viv":38.78,"comp_n_300m":1,"comp_por_1000viv":1.731,"n_cerveza":3,"n_tortilleria":2,"n_banco_bienestar_azteca":0,"n_oxxo":0,"n_express":1,"n_iglesia":0,"n_escuela":0,"n_parada":0,"n_farmacia":0,"n_abarrotes":36,"comp_n_300m_with_scout":1,"cells_pos":17,"lat":25.7992,"lon":-100.374642,"rank_p10":59,"rank_p50":73,"rank_p90":87,"ancho_banda":28,"banda":"estrecha","confianza":"media","prob_top30":0.0,"prob_top30_estres":0.0,"comp_cero_desconocido":false,"n_est_sugeridas":2,"est":[[-100.37627,25.79454,6.4],[-100.37527,25.79996,4.1]]}},{"type":"Feature","geometry":{"type":"Polygon","coordinates":[[[-100.4651,25.6913],[-100.464,25.6904],[-100.4613,25.6885],[-100.4609,25.6878],[-100.4596,25.6879],[-100.4572,25.6871],[-100.4547,25.6868],[-100.4559,25.6831],[-100.4634,25.6849],[-100.4618,25.6872],[-100.4661,25.6897],[-100.4698,25.6934],[-100.4691,25.6936],[-100.4693,25.6953],[-100.4687,25.6954],[-100.4686,25.6944],[-100.4651,25.6913]]]},"properties":{"rank_base":91,"score_base":41.34,"rank_with_scout":93,"score_with_scout":41.34,"scout_bonus":0.0,"scout_marks":0,"cobertura_campo":"sin encuesta","scout_marks_kinds":"","scout_anchor_marks_used":0,"pins_favorito":0,"pins_lock":0,"v2_rank":84,"score_v2":45.57,"delta_rank_v2_to_base":-7,"delta_rank_base_to_scout":-2,"cause_main":"anclas","cause_anclas_pts":-10.8,"cause_competencia_pts":10.21,"scout_cause":"—","cve_col":"19048_0232","municipio":"Santa Catarina","colonia":"Sarabia","grado":"Medio","pob_conapo":3047,"viviendas_est":846,"D_star":0.2248,"A_star":0.0783,"C_star":0.0,"anclas_pond":12.95,"anclas_por_1000viv":15.3,"comp_n_300m":0,"comp_por_1000viv":0.0,"n_cerveza":1,"n_tortilleria":1,"n_banco_bienestar_azteca":0,"n_oxxo":1,"n_express":0,"n_iglesia":0,"n_escuela":0,"n_parada":0,"n_farmacia":0,"n_abarrotes":23,"comp_n_300m_with_scout":0,"cells_pos":38,"lat":25.6891,"lon":-100.46361,"rank_p10":75,"rank_p50":135,"rank_p90":161,"ancho_banda":86,"banda":"ancha","confianza":"baja","prob_top30":0.0,"prob_top30_estres":0.0,"comp_cero_desconocido":true,"n_est_sugeridas":2,"est":[[-100.45901,25.68417,2.3],[-100.46599,25.69141,1.7]]}},{"type":"Feature","geometry":{"type":"Polygon","coordinates":[[[-100.4106,25.7922],[-100.4155,25.79],[-100.4172,25.7902],[-100.4188,25.7936],[-100.4205,25.7975],[-100.4146,25.8008],[-100.4106,25.7922]]]},"properties":{"rank_base":92,"score_base":41.01,"rank_with_scout":84,"score_with_scout":42.45,"scout_bonus":1.45,"scout_marks":0,"cobertura_campo":"sin encuesta","scout_marks_kinds":"","scout_anchor_marks_used":0,"pins_favorito":0,"pins_lock":0,"v2_rank":18,"score_v2":56.52,"delta_rank_v2_to_base":-74,"delta_rank_base_to_scout":8,"cause_main":"anclas","cause_anclas_pts":-9.52,"cause_competencia_pts":-2.37,"scout_cause":"competencia","cve_col":"19021_0103","municipio":"General Escobedo","colonia":"La Unidad","grado":"Medio","pob_conapo":9683,"viviendas_est":2690,"D_star":0.4288,"A_star":0.259,"C_star":0.4639,"anclas_pond":50.45,"anclas_por_1000viv":18.76,"comp_n_300m":2,"comp_por_1000viv":0.744,"n_cerveza":2,"n_tortilleria":10,"n_banco_bienestar_azteca":0,"n_oxxo":0,"n_express":1,"n_iglesia":1,"n_escuela":0,"n_parada":5,"n_farmacia":4,"n_abarrotes":68,"comp_n_300m_with_scout":2,"cells_pos":64,"lat":25.79555,"lon":-100.415904,"rank_p10":50,"rank_p50":61,"rank_p90":77,"ancho_banda":27,"banda":"estrecha","confianza":"media","prob_top30":0.0,"prob_top30_estres":0.008,"comp_cero_desconocido":false,"n_est_sugeridas":1,"est":[[-100.41614,25.79544,9.5]]}},{"type":"Feature","geometry":{"type":"Polygon","coordinates":[[[-100.1506,25.7636],[-100.1609,25.7628],[-100.1612,25.7624],[-100.1644,25.7641],[-100.1651,25.765],[-100.1666,25.7681],[-100.1545,25.769],[-100.1506,25.7636]]]},"properties":{"rank_base":93,"score_base":40.82,"rank_with_scout":95,"score_with_scout":40.82,"scout_bonus":0.0,"scout_marks":0,"cobertura_campo":"sin encuesta","scout_marks_kinds":"","scout_anchor_marks_used":0,"pins_favorito":0,"pins_lock":0,"v2_rank":74,"score_v2":46.15,"delta_rank_v2_to_base":-19,"delta_rank_base_to_scout":-2,"cause_main":"anclas","cause_anclas_pts":-12.97,"cause_competencia_pts":11.28,"scout_cause":"—","cve_col":"19006_0327","municipio":"Apodaca","colonia":"Parque Industrial Intermex Industrial Campus Apodaca","grado":"Medio","pob_conapo":3439,"viviendas_est":955,"D_star":0.2661,"A_star":0.006,"C_star":0.0,"anclas_pond":10.55,"anclas_por_1000viv":11.04,"comp_n_300m":0,"comp_por_1000viv":0.0,"n_cerveza":0,"n_tortilleria":1,"n_banco_bienestar_azteca":0,"n_oxxo":0,"n_express":0,"n_iglesia":0,"n_escuela":1,"n_parada":2,"n_farmacia":0,"n_abarrotes":17,"comp_n_300m_with_scout":0,"cells_pos":29,"lat":25.76655,"lon":-100.15929,"rank_p10":76,"rank_p50":136,"rank_p90":162,"ancho_banda":86,"banda":"ancha","confianza":"baja","prob_top30":0.0,"prob_top30_estres":0.0,"comp_cero_desconocido":true,"n_est_sugeridas":3,"est":[[-100.16193,25.76287,2.5],[-100.15495,25.7683,2.3],[-100.16591,25.7674,2.3]]}},{"type":"Feature","geometry":{"type":"Polygon","coordinates":[[[-100.3766,25.8034],[-100.3756,25.8021],[-100.3756,25.8011],[-100.3765,25.7951],[-100.3764,25.7942],[-100.3792,25.795],[-100.3806,25.7984],[-100.3795,25.7993],[-100.3791,25.8028],[-100.3766,25.8034]]]},"properties":{"rank_base":94,"score_base":40.47,"rank_with_scout":94,"score_with_scout":40.83,"scout_bonus":0.36,"scout_marks":0,"cobertura_campo":"sin encuesta","scout_marks_kinds":"","scout_anchor_marks_used":0,"pins_favorito":0,"pins_lock":0,"v2_rank":77,"score_v2":46.07,"delta_rank_v2_to_base":-17,"delta_rank_base_to_scout":0,"cause_main":"competencia","cause_anclas_pts":-0.32,"cause_competencia_pts":-1.65,"scout_cause":"competencia","cve_col":"19021_0175","municipio":"General Escobedo","colonia":"Nuevo Escobedo","grado":"Medio","pob_conapo":4865,"viviendas_est":1351,"D_star":0.2798,"A_star":0.4277,"C_star":0.4518,"anclas_pond":31.0,"anclas_por_1000viv":22.94,"comp_n_300m":1,"comp_por_1000viv":0.74,"n_cerveza":4,"n_tortilleria":4,"n_banco_bienestar_azteca":0,"n_oxxo":0,"n_express":1,"n_iglesia":0,"n_escuela":0,"n_parada":0,"n_farmacia":2,"n_abarrotes":45,"comp_n_300m_with_scout":1,"cells_pos":34,"lat":25.79885,"lon":-100.377994,"rank_p10":52,"rank_p50":62,"rank_p90":72,"ancho_banda":20,"banda":"estrecha","confianza":"media","prob_top30":0.0,"prob_top30_estres":0.002,"comp_cero_desconocido":false,"n_est_sugeridas":1,"est":[[-100.37826,25.79544,7.9]]}},{"type":"Feature","geometry":{"type":"Polygon","coordinates":[[[-100.4798,25.678],[-100.4778,25.6773],[-100.4792,25.6738],[-100.48,25.6722],[-100.4832,25.6734],[-100.4807,25.6785],[-100.4798,25.678]]]},"properties":{"rank_base":95,"score_base":40.11,"rank_with_scout":96,"score_with_scout":40.65,"scout_bonus":0.54,"scout_marks":0,"cobertura_campo":"sin encuesta","scout_marks_kinds":"","scout_anchor_marks_used":0,"pins_favorito":0,"pins_lock":0,"v2_rank":85,"score_v2":45.5,"delta_rank_v2_to_base":-10,"delta_rank_base_to_scout":-1,"cause_main":"competencia","cause_anclas_pts":3.66,"cause_competencia_pts":-5.42,"scout_cause":"competencia","cve_col":"19048_0021","municipio":"Santa Catarina","colonia":"Balcones de Santa Catarina ( Fomerrey 134)","grado":"Medio","pob_conapo":3533,"viviendas_est":981,"D_star":0.2482,"A_star":0.5602,"C_star":0.5542,"anclas_pond":24.25,"anclas_por_1000viv":24.71,"comp_n_300m":1,"comp_por_1000viv":1.019,"n_cerveza":3,"n_tortilleria":4,"n_banco_bienestar_azteca":0,"n_oxxo":1,"n_express":0,"n_iglesia":0,"n_escuela":1,"n_parada":3,"n_farmacia":1,"n_abarrotes":25,"comp_n_300m_with_scout":1,"cells_pos":19,"lat":25.67555,"lon":-100.480323,"rank_p10":60,"rank_p50":69,"rank_p90":78,"ancho_banda":18,"banda":"estrecha","confianza":"media","prob_top30":0.0,"prob_top30_estres":0.0,"comp_cero_desconocido":false,"n_est_sugeridas":1,"est":[[-100.47995,25.67784,6.8]]}},{"type":"Feature","geometry":{"type":"MultiPolygon","coordinates":[[[[-100.3472,25.7483],[-100.3497,25.7443],[-100.3504,25.7445],[-100.3479,25.7489],[-100.3472,25.7483]]],[[[-100.3477,25.7511],[-100.3468,25.7504],[-100.348,25.749],[-100.3496,25.7502],[-100.3483,25.7517],[-100.3477,25.7511]]]]},"properties":{"rank_base":96,"score_base":39.57,"rank_with_scout":89,"score_with_scout":41.74,"scout_bonus":2.17,"scout_marks":0,"cobertura_campo":"sin encuesta","scout_marks_kinds":"","scout_anchor_marks_used":4,"pins_favorito":0,"pins_lock":0,"v2_rank":153,"score_v2":39.13,"delta_rank_v2_to_base":57,"delta_rank_base_to_scout":7,"cause_main":"anclas","cause_anclas_pts":14.68,"cause_competencia_pts":-10.6,"scout_cause":"anclas","cve_col":"19039_0663","municipio":"Monterrey","colonia":"San Angel Norte","grado":"Medio","pob_conapo":1551,"viviendas_est":431,"D_star":0.1986,"A_star":0.9277,"C_star":0.8735,"anclas_pond":17.3,"anclas_por_1000viv":40.14,"comp_n_300m":1,"comp_por_1000viv":2.32,"n_cerveza":0,"n_tortilleria":2,"n_banco_bienestar_azteca":0,"n_oxxo":0,"n_express":0,"n_iglesia":0,"n_escuela":2,"n_parada":0,"n_farmacia":0,"n_abarrotes":32,"comp_n_300m_with_scout":1,"cells_pos":9,"lat":25.7503,"lon":-100.3482,"rank_p10":69,"rank_p50":86,"rank_p90":106,"ancho_banda":37,"banda":"media","confianza":"baja","prob_top30":0.0,"prob_top30_estres":0.0,"comp_cero_desconocido":false,"n_est_sugeridas":1,"est":[[-100.34835,25.7493,3.8]]}},{"type":"Feature","geometry":{"type":"Polygon","coordinates":[[[-100.1635,25.625],[-100.167,25.6243],[-100.1688,25.6286],[-100.1675,25.6294],[-100.165,25.6254],[-100.1636,25.6257],[-100.1635,25.625]]]},"properties":{"rank_base":97,"score_base":39.07,"rank_with_scout":104,"score_with_scout":38.52,"scout_bonus":-0.54,"scout_marks":0,"cobertura_campo":"sin encuesta","scout_marks_kinds":"","scout_anchor_marks_used":0,"pins_favorito":0,"pins_lock":0,"v2_rank":52,"score_v2":49.32,"delta_rank_v2_to_base":-45,"delta_rank_base_to_scout":-7,"cause_main":"competencia","cause_anclas_pts":9.77,"cause_competencia_pts":-16.39,"scout_cause":"anclas","cve_col":"19031_0009","municipio":"Juárez","colonia":"Arboledas de Los Naranjos","grado":"Alto","pob_conapo":1547,"viviendas_est":430,"D_star":0.2176,"A_star":0.8916,"C_star":0.8795,"anclas_pond":15.7,"anclas_por_1000viv":36.53,"comp_n_300m":1,"comp_por_1000viv":2.327,"n_cerveza":0,"n_tortilleria":3,"n_banco_bienestar_azteca":0,"n_oxxo":1,"n_express":0,"n_iglesia":0,"n_escuela":1,"n_parada":1,"n_farmacia":0,"n_abarrotes":23,"comp_n_300m_with_scout":1,"cells_pos":12,"lat":25.62715,"lon":-100.167143,"rank_p10":72,"rank_p50":88,"rank_p90":106,"ancho_banda":34,"banda":"media","confianza":"baja","prob_top30":0.0,"prob_top30_estres":0.0,"comp_cero_desconocido":false,"n_est_sugeridas":1,"est":[[-100.16691,25.62718,5.2]]}},{"type":"Feature","geometry":{"type":"Polygon","coordinates":[[[-100.1341,25.671],[-100.1297,25.6708],[-100.13,25.6705],[-100.1336,25.6702],[-100.1349,25.6678],[-100.1343,25.6676],[-100.1372,25.6659],[-100.1423,25.6672],[-100.1425,25.6703],[-100.1393,25.6699],[-100.1385,25.6718],[-100.1369,25.6712],[-100.1371,25.6707],[-100.1346,25.6702],[-100.1341,25.671]]]},"properties":{"rank_base":98,"score_base":38.78,"rank_with_scout":98,"score_with_scout":39.14,"scout_bonus":0.36,"scout_marks":0,"cobertura_campo":"sin encuesta","scout_marks_kinds":"","scout_anchor_marks_used":0,"pins_favorito":0,"pins_lock":0,"v2_rank":123,"score_v2":42.17,"delta_rank_v2_to_base":25,"delta_rank_base_to_scout":0,"cause_main":"anclas","cause_anclas_pts":9.62,"cause_competencia_pts":-9.38,"scout_cause":"competencia","cve_col":"19026_0021","municipio":"Guadalupe","colonia":"31 de Diciembre","grado":"Medio","pob_conapo":2774,"viviendas_est":771,"D_star":0.1382,"A_star":0.759,"C_star":0.6506,"anclas_pond":23.85,"anclas_por_1000viv":30.95,"comp_n_300m":1,"comp_por_1000viv":1.298,"n_cerveza":2,"n_tortilleria":2,"n_banco_bienestar_azteca":0,"n_oxxo":0,"n_express":1,"n_iglesia":0,"n_escuela":0,"n_parada":5,"n_farmacia":0,"n_abarrotes":34,"comp_n_300m_with_scout":1,"cells_pos":40,"lat":25.66885,"lon":-100.138369,"rank_p10":68,"rank_p50":79,"rank_p90":90,"ancho_banda":22,"banda":"estrecha","confianza":"media","prob_top30":0.0,"prob_top30_estres":0.0,"comp_cero_desconocido":false,"n_est_sugeridas":1,"est":[[-100.137,25.66698,5.0]]}},{"type":"Feature","geometry":{"type":"Polygon","coordinates":[[[-100.2466,25.5891],[-100.2471,25.5896],[-100.2482,25.5912],[-100.2478,25.5914],[-100.2436,25.594],[-100.2421,25.5916],[-100.2414,25.5917],[-100.246,25.5883],[-100.2466,25.5891]]]},"properties":{"rank_base":99,"score_base":38.7,"rank_with_scout":99,"score_with_scout":39.06,"scout_bonus":0.36,"scout_marks":0,"cobertura_campo":"sin encuesta","scout_marks_kinds":"","scout_anchor_marks_used":0,"pins_favorito":0,"pins_lock":0,"v2_rank":79,"score_v2":45.8,"delta_rank_v2_to_base":-20,"delta_rank_base_to_scout":0,"cause_main":"competencia","cause_anclas_pts":2.75,"cause_competencia_pts":-6.21,"scout_cause":"competencia","cve_col":"19039_0299","municipio":"Monterrey","colonia":"Fomerrey 45","grado":"Medio","pob_conapo":3577,"viviendas_est":994,"D_star":0.2266,"A_star":0.5301,"C_star":0.5422,"anclas_pond":24.3,"anclas_por_1000viv":24.46,"comp_n_300m":1,"comp_por_1000viv":1.006,"n_cerveza":3,"n_tortilleria":3,"n_banco_bienestar_azteca":0,"n_oxxo":0,"n_express":0,"n_iglesia":0,"n_escuela":0,"n_parada":1,"n_farmacia":1,"n_abarrotes":37,"comp_n_300m_with_scout":1,"cells_pos":20,"lat":25.5904,"lon":-100.245404,"rank_p10":59,"rank_p50":71,"rank_p90":82,"ancho_banda":23,"banda":"estrecha","confianza":"media","prob_top30":0.0,"prob_top30_estres":0.0,"comp_cero_desconocido":false,"n_est_sugeridas":1,"est":[[-100.24666,25.59009,9.9]]}},{"type":"Feature","geometry":{"type":"Polygon","coordinates":[[[-100.4015,25.8441],[-100.4039,25.8427],[-100.4053,25.8458],[-100.4036,25.8469],[-100.4015,25.8441]]]},"properties":{"rank_base":100,"score_base":38.56,"rank_with_scout":101,"score_with_scout":38.56,"scout_bonus":0.0,"scout_marks":0,"cobertura_campo":"sin encuesta","scout_marks_kinds":"","scout_anchor_marks_used":0,"pins_favorito":0,"pins_lock":0,"v2_rank":152,"score_v2":39.35,"delta_rank_v2_to_base":52,"delta_rank_base_to_scout":-1,"cause_main":"competencia","cause_anclas_pts":-10.26,"cause_competencia_pts":13.11,"scout_cause":"—","cve_col":"19021_0224","municipio":"General Escobedo","colonia":"Puerta del Sol","grado":"Medio","pob_conapo":1750,"viviendas_est":486,"D_star":0.1417,"A_star":0.0964,"C_star":0.0,"anclas_pond":7.55,"anclas_por_1000viv":15.53,"comp_n_300m":0,"comp_por_1000viv":0.0,"n_cerveza":0,"n_tortilleria":1,"n_banco_bienestar_azteca":0,"n_oxxo":0,"n_express":0,"n_iglesia":0,"n_escuela":0,"n_parada":2,"n_farmacia":0,"n_abarrotes":12,"comp_n_300m_with_scout":0,"cells_pos":9,"lat":25.84495,"lon":-100.403527,"rank_p10":87,"rank_p50":143,"rank_p90":164,"ancho_banda":77,"banda":"ancha","confianza":"baja","prob_top30":0.0,"prob_top30_estres":0.0,"comp_cero_desconocido":true,"n_est_sugeridas":1,"est":[[-100.40318,25.8452,2.9]]}},{"type":"Feature","geometry":{"type":"Polygon","coordinates":[[[-100.3284,25.7772],[-100.3305,25.7815],[-100.3282,25.7925],[-100.3262,25.786],[-100.3266,25.7859],[-100.3284,25.7772]]]},"properties":{"rank_base":101,"score_base":38.26,"rank_with_scout":107,"score_with_scout":37.72,"scout_bonus":-0.54,"scout_marks":0,"cobertura_campo":"sin encuesta","scout_marks_kinds":"","scout_anchor_marks_used":0,"pins_favorito":0,"pins_lock":0,"v2_rank":135,"score_v2":41.36,"delta_rank_v2_to_base":34,"delta_rank_base_to_scout":-6,"cause_main":"anclas","cause_anclas_pts":6.42,"cause_competencia_pts":-5.88,"scout_cause":"anclas","cve_col":"19021_0057","municipio":"General Escobedo","colonia":"Fomerrey 9 (Solidaridad Social)","grado":"Medio","pob_conapo":4292,"viviendas_est":1192,"D_star":0.2337,"A_star":0.8554,"C_star":0.8916,"anclas_pond":41.95,"anclas_por_1000viv":35.19,"comp_n_300m":3,"comp_por_1000viv":2.516,"n_cerveza":1,"n_tortilleria":6,"n_banco_bienestar_azteca":2,"n_oxxo":1,"n_express":1,"n_iglesia":0,"n_escuela":6,"n_parada":7,"n_farmacia":4,"n_abarrotes":38,"comp_n_300m_with_scout":3,"cells_pos":34,"lat":25.7837,"lon":-100.328549,"rank_p10":80,"rank_p50":95,"rank_p90":111,"ancho_banda":31,"banda":"media","confianza":"baja","prob_top30":0.0,"prob_top30_estres":0.0,"comp_cero_desconocido":false,"n_est_sugeridas":1,"est":[[-100.32841,25.78458,8.5]]}},{"type":"Feature","geometry":{"type":"Polygon","coordinates":[[[-100.2104,25.6598],[-100.2108,25.6579],[-100.2097,25.6578],[-100.208,25.6575],[-100.2086,25.6543],[-100.2159,25.6561],[-100.215,25.6605],[-100.2104,25.6598]]]},"properties":{"rank_base":102,"score_base":38.12,"rank_with_scout":100,"score_with_scout":38.84,"scout_bonus":0.72,"scout_marks":0,"cobertura_campo":"sin encuesta","scout_marks_kinds":"","scout_anchor_marks_used":0,"pins_favorito":0,"pins_lock":0,"v2_rank":108,"score_v2":43.66,"delta_rank_v2_to_base":6,"delta_rank_base_to_scout":2,"cause_main":"competencia","cause_anclas_pts":4.83,"cause_competencia_pts":-6.74,"scout_cause":"competencia","cve_col":"19026_0013","municipio":"Guadalupe","colonia":"2 de Mayo","grado":"Medio","pob_conapo":2823,"viviendas_est":784,"D_star":0.1443,"A_star":0.7048,"C_star":0.6265,"anclas_pond":22.95,"anclas_por_1000viv":29.27,"comp_n_300m":1,"comp_por_1000viv":1.275,"n_cerveza":1,"n_tortilleria":2,"n_banco_bienestar_azteca":2,"n_oxxo":0,"n_express":0,"n_iglesia":0,"n_escuela":4,"n_parada":1,"n_farmacia":1,"n_abarrotes":28,"comp_n_300m_with_scout":1,"cells_pos":33,"lat":25.6568,"lon":-100.211944,"rank_p10":76,"rank_p50":85,"rank_p90":96,"ancho_banda":20,"banda":"estrecha","confianza":"media","prob_top30":0.0,"prob_top30_estres":0.0,"comp_cero_desconocido":false,"n_est_sugeridas":1,"est":[[-100.21476,25.65612,6.7]]}},{"type":"Feature","geometry":{"type":"Polygon","coordinates":[[[-100.3284,25.7772],[-100.3296,25.7712],[-100.3311,25.7705],[-100.331,25.7715],[-100.3326,25.7712],[-100.3305,25.7815],[-100.3284,25.7772]]]},"properties":{"rank_base":103,"score_base":37.68,"rank_with_scout":112,"score_with_scout":36.96,"scout_bonus":-0.72,"scout_marks":0,"cobertura_campo":"sin encuesta","scout_marks_kinds":"","scout_anchor_marks_used":0,"pins_favorito":0,"pins_lock":0,"v2_rank":31,"score_v2":52.36,"delta_rank_v2_to_base":-72,"delta_rank_base_to_scout":-9,"cause_main":"competencia","cause_anclas_pts":-2.0,"cause_competencia_pts":-9.05,"scout_cause":"anclas","cve_col":"19021_0056","municipio":"General Escobedo","colonia":"Fomerrey 36","grado":"Medio","pob_conapo":4169,"viviendas_est":1158,"D_star":0.3185,"A_star":0.753,"C_star":0.9217,"anclas_pond":35.6,"anclas_por_1000viv":30.74,"comp_n_300m":4,"comp_por_1000viv":3.454,"n_cerveza":2,"n_tortilleria":5,"n_banco_bienestar_azteca":0,"n_oxxo":0,"n_express":1,"n_iglesia":0,"n_escuela":6,"n_parada":3,"n_farmacia":3,"n_abarrotes":39,"comp_n_300m_with_scout":4,"cells_pos":27,"lat":25.77435,"lon":-100.330464,"rank_p10":81,"rank_p50":98,"rank_p90":114,"ancho_banda":33,"banda":"media","confianza":"baja","prob_top30":0.0,"prob_top30_estres":0.0,"comp_cero_desconocido":false,"n_est_sugeridas":1,"est":[[-100.33041,25.77282,8.5]]}},{"type":"Feature","geometry":{"type":"Polygon","coordinates":[[[-100.3681,25.8018],[-100.3693,25.7986],[-100.371,25.8002],[-100.3692,25.8034],[-100.3702,25.806],[-100.3695,25.8061],[-100.3675,25.8032],[-100.3681,25.8018]]]},"properties":{"rank_base":104,"score_base":37.68,"rank_with_scout":111,"score_with_scout":37.14,"scout_bonus":-0.54,"scout_marks":0,"cobertura_campo":"sin encuesta","scout_marks_kinds":"","scout_anchor_marks_used":0,"pins_favorito":0,"pins_lock":0,"v2_rank":130,"score_v2":41.59,"delta_rank_v2_to_base":26,"delta_rank_base_to_scout":-7,"cause_main":"competencia","cause_anclas_pts":15.77,"cause_competencia_pts":-16.05,"scout_cause":"anclas","cve_col":"19021_0248","municipio":"General Escobedo","colonia":"Santa Lucia","grado":"Medio","pob_conapo":1903,"viviendas_est":529,"D_star":0.1694,"A_star":0.9639,"C_star":0.9337,"anclas_pond":26.5,"anclas_por_1000viv":50.13,"comp_n_300m":2,"comp_por_1000viv":3.783,"n_cerveza":2,"n_tortilleria":5,"n_banco_bienestar_azteca":0,"n_oxxo":0,"n_express":0,"n_iglesia":0,"n_escuela":0,"n_parada":1,"n_farmacia":1,"n_abarrotes":40,"comp_n_300m_with_scout":2,"cells_pos":12,"lat":25.8025,"lon":-100.368753,"rank_p10":81,"rank_p50":102,"rank_p90":121,"ancho_banda":40,"banda":"media","confianza":"baja","prob_top30":0.0,"prob_top30_estres":0.0,"comp_cero_desconocido":false,"n_est_sugeridas":1,"est":[[-100.36829,25.80268,8.1]]}},{"type":"Feature","geometry":{"type":"Polygon","coordinates":[[[-100.2737,25.8081],[-100.2762,25.8028],[-100.2768,25.8034],[-100.2838,25.8097],[-100.2831,25.8032],[-100.2855,25.8026],[-100.2885,25.8028],[-100.2901,25.8033],[-100.2911,25.802],[-100.2925,25.8023],[-100.2931,25.8098],[-100.2943,25.8098],[-100.2951,25.8202],[-100.2937,25.8188],[-100.2942,25.8259],[-100.2788,25.8283],[-100.2783,25.8236],[-100.2764,25.8094],[-100.2737,25.8081]]]},"properties":{"rank_base":105,"score_base":37.52,"rank_with_scout":106,"score_with_scout":37.88,"scout_bonus":0.36,"scout_marks":0,"cobertura_campo":"sin encuesta","scout_marks_kinds":"","scout_anchor_marks_used":0,"pins_favorito":0,"pins_lock":0,"v2_rank":54,"score_v2":49.02,"delta_rank_v2_to_base":-51,"delta_rank_base_to_scout":-1,"cause_main":"anclas","cause_anclas_pts":-4.74,"cause_competencia_pts":-3.13,"scout_cause":"competencia","cve_col":"19021_0006","municipio":"General Escobedo","colonia":"Agropecuaria Emiliano Zapata (Col Nueva Esperanza)","grado":"Medio","pob_conapo":5397,"viviendas_est":1499,"D_star":0.2196,"A_star":0.3855,"C_star":0.4277,"anclas_pond":33.35,"anclas_por_1000viv":22.24,"comp_n_300m":1,"comp_por_1000viv":0.667,"n_cerveza":1,"n_tortilleria":4,"n_banco_bienestar_azteca":0,"n_oxxo":1,"n_express":0,"n_iglesia":3,"n_escuela":0,"n_parada":1,"n_farmacia":1,"n_abarrotes":54,"comp_n_300m_with_scout":1,"cells_pos":134,"lat":25.8143,"lon":-100.285851,"rank_p10":58,"rank_p50":70,"rank_p90":84,"ancho_banda":26,"banda":"estrecha","confianza":"media","prob_top30":0.0,"prob_top30_estres":0.0,"comp_cero_desconocido":false,"n_est_sugeridas":3,"est":[[-100.28554,25.80539,5.0],[-100.29452,25.81715,3.1],[-100.28654,25.81263,3.1]]}},{"type":"Feature","geometry":{"type":"Polygon","coordinates":[[[-100.402,25.7967],[-100.4006,25.7965],[-100.3969,25.7944],[-100.3947,25.7937],[-100.3933,25.7936],[-100.3924,25.794],[-100.3918,25.794],[-100.391,25.7944],[-100.3892,25.7963],[-100.3882,25.7959],[-100.3905,25.7939],[-100.3934,25.7927],[-100.3973,25.7934],[-100.3991,25.795],[-100.4006,25.7958],[-100.4033,25.7965],[-100.405,25.7956],[-100.4062,25.7943],[-100.411,25.79],[-100.4129,25.7893],[-100.4178,25.7895],[-100.4172,25.7902],[-100.4155,25.79],[-100.4108,25.7921],[-100.4104,25.7918],[-100.4084,25.7936],[-100.4058,25.7964],[-100.403,25.7969],[-100.402,25.7967]]]},"properties":{"rank_base":106,"score_base":37.47,"rank_with_scout":102,"score_with_scout":38.56,"scout_bonus":1.08,"scout_marks":0,"cobertura_campo":"sin encuesta","scout_marks_kinds":"","scout_anchor_marks_used":0,"pins_favorito":0,"pins_lock":0,"v2_rank":22,"score_v2":54.93,"delta_rank_v2_to_base":-84,"delta_rank_base_to_scout":4,"cause_main":"competencia","cause_anclas_pts":-5.92,"cause_competencia_pts":-7.9,"scout_cause":"competencia","cve_col":"19021_0239","municipio":"General Escobedo","colonia":"Rivera de Los Naranjos","grado":"Medio","pob_conapo":2619,"viviendas_est":728,"D_star":0.5031,"A_star":0.241,"C_star":0.6627,"anclas_pond":13.6,"anclas_por_1000viv":18.69,"comp_n_300m":1,"comp_por_1000viv":1.374,"n_cerveza":1,"n_tortilleria":0,"n_banco_bienestar_azteca":0,"n_oxxo":0,"n_express":1,"n_iglesia":0,"n_escuela":0,"n_parada":2,"n_farmacia":0,"n_abarrotes":24,"comp_n_300m_with_scout":1,"cells_pos":28,"lat":25.79305,"lon":-100.393952,"rank_p10":73,"rank_p50":91,"rank_p90":108,"ancho_banda":35,"banda":"media","confianza":"baja","prob_top30":0.0,"prob_top30_estres":0.0,"comp_cero_desconocido":false,"n_est_sugeridas":2,"est":[[-100.40119,25.79635,2.8],[-100.41116,25.79182,2.5]]}},{"type":"Feature","geometry":{"type":"Polygon","coordinates":[[[-100.4111,25.8461],[-100.4098,25.8429],[-100.4119,25.8416],[-100.4137,25.8458],[-100.4121,25.8474],[-100.4111,25.8461]]]},"properties":{"rank_base":107,"score_base":37.33,"rank_with_scout":110,"score_with_scout":37.33,"scout_bonus":0.0,"scout_marks":0,"cobertura_campo":"sin encuesta","scout_marks_kinds":"","scout_anchor_marks_used":0,"pins_favorito":0,"pins_lock":0,"v2_rank":113,"score_v2":43.13,"delta_rank_v2_to_base":6,"delta_rank_base_to_scout":-3,"cause_main":"anclas","cause_anclas_pts":-10.44,"cause_competencia_pts":8.28,"scout_cause":"—","cve_col":"19021_0188","municipio":"General Escobedo","colonia":"Portal de San Francisco Sector 20 de Noviembre","grado":"Medio","pob_conapo":1725,"viviendas_est":479,"D_star":0.1156,"A_star":0.0904,"C_star":0.0,"anclas_pond":7.35,"anclas_por_1000viv":15.34,"comp_n_300m":0,"comp_por_1000viv":0.0,"n_cerveza":0,"n_tortilleria":1,"n_banco_bienestar_azteca":0,"n_oxxo":0,"n_express":0,"n_iglesia":0,"n_escuela":0,"n_parada":0,"n_farmacia":1,"n_abarrotes":14,"comp_n_300m_with_scout":0,"cells_pos":14,"lat":25.84435,"lon":-100.411734,"rank_p10":98,"rank_p50":147,"rank_p90":165,"ancho_banda":67,"banda":"ancha","confianza":"baja","prob_top30":0.0,"prob_top30_estres":0.0,"comp_cero_desconocido":true,"n_est_sugeridas":1,"est":[[-100.41016,25.84339,3.3]]}},{"type":"Feature","geometry":{"type":"Polygon","coordinates":[[[-100.3424,25.7436],[-100.3426,25.7421],[-100.3427,25.74],[-100.3444,25.7368],[-100.3459,25.7379],[-100.3453,25.7388],[-100.346,25.7393],[-100.3465,25.7384],[-100.3492,25.7366],[-100.3501,25.7365],[-100.3475,25.7393],[-100.3448,25.7426],[-100.3435,25.7444],[-100.3424,25.7436]]]},"properties":{"rank_base":108,"score_base":37.31,"rank_with_scout":105,"score_with_scout":38.04,"scout_bonus":0.72,"scout_marks":0,"cobertura_campo":"sin encuesta","scout_marks_kinds":"","scout_anchor_marks_used":6,"pins_favorito":0,"pins_lock":0,"v2_rank":91,"score_v2":44.81,"delta_rank_v2_to_base":-17,"delta_rank_base_to_scout":3,"cause_main":"competencia","cause_anclas_pts":9.19,"cause_competencia_pts":-13.05,"scout_cause":"anclas","cve_col":"19039_0112","municipio":"Monterrey","colonia":"Carmen Serdan","grado":"Medio","pob_conapo":2150,"viviendas_est":597,"D_star":0.2461,"A_star":0.8313,"C_star":0.9157,"anclas_pond":20.1,"anclas_por_1000viv":33.65,"comp_n_300m":2,"comp_por_1000viv":3.348,"n_cerveza":1,"n_tortilleria":1,"n_banco_bienestar_azteca":0,"n_oxxo":1,"n_express":0,"n_iglesia":0,"n_escuela":2,"n_parada":1,"n_farmacia":0,"n_abarrotes":34,"comp_n_300m_with_scout":3,"cells_pos":18,"lat":25.74125,"lon":-100.344273,"rank_p10":85,"rank_p50":103,"rank_p90":118,"ancho_banda":33,"banda":"media","confianza":"baja","prob_top30":0.0,"prob_top30_estres":0.0,"comp_cero_desconocido":false,"n_est_sugeridas":1,"est":[[-100.34935,25.73664,5.9]]}},{"type":"Feature","geometry":{"type":"Polygon","coordinates":[[[-100.4798,25.678],[-100.4807,25.6785],[-100.4864,25.6831],[-100.4896,25.6853],[-100.4874,25.6851],[-100.4748,25.6853],[-100.4776,25.6784],[-100.4794,25.6789],[-100.4798,25.678]],[[-100.4809,25.6809],[-100.4815,25.6813],[-100.4819,25.68],[-100.4809,25.6809]]]},"properties":{"rank_base":109,"score_base":37.26,"rank_with_scout":114,"score_with_scout":36.54,"scout_bonus":-0.72,"scout_marks":0,"cobertura_campo":"sin encuesta","scout_marks_kinds":"","scout_anchor_marks_used":0,"pins_favorito":0,"pins_lock":0,"v2_rank":26,"score_v2":53.45,"delta_rank_v2_to_base":-83,"delta_rank_base_to_scout":-5,"cause_main":"competencia","cause_anclas_pts":6.54,"cause_competencia_pts":-19.1,"scout_cause":"anclas","cve_col":"19048_0195","municipio":"Santa Catarina","colonia":"Puerta del Sol","grado":"Medio","pob_conapo":2669,"viviendas_est":741,"D_star":0.2583,"A_star":0.8614,"C_star":0.9639,"anclas_pond":26.25,"anclas_por_1000viv":35.41,"comp_n_300m":3,"comp_por_1000viv":4.046,"n_cerveza":2,"n_tortilleria":2,"n_banco_bienestar_azteca":0,"n_oxxo":4,"n_express":0,"n_iglesia":0,"n_escuela":1,"n_parada":9,"n_farmacia":2,"n_abarrotes":20,"comp_n_300m_with_scout":3,"cells_pos":55,"lat":25.6822,"lon":-100.480671,"rank_p10":86,"rank_p50":106,"rank_p90":122,"ancho_banda":36,"banda":"media","confianza":"baja","prob_top30":0.0,"prob_top30_estres":0.0,"comp_cero_desconocido":false,"n_est_sugeridas":2,"est":[[-100.47995,25.67874,6.8],[-100.48593,25.68326,6.0]]}},{"type":"Feature","geometry":{"type":"Polygon","coordinates":[[[-100.3221,25.7503],[-100.3262,25.7499],[-100.3288,25.763],[-100.3284,25.762],[-100.3223,25.7633],[-100.3225,25.7639],[-100.3195,25.7642],[-100.3165,25.7544],[-100.3205,25.7556],[-100.3206,25.7523],[-100.3221,25.7503]]]},"properties":{"rank_base":110,"score_base":37.23,"rank_with_scout":108,"score_with_scout":37.59,"scout_bonus":0.36,"scout_marks":0,"cobertura_campo":"sin encuesta","scout_marks_kinds":"","scout_anchor_marks_used":0,"pins_favorito":0,"pins_lock":0,"v2_rank":76,"score_v2":46.1,"delta_rank_v2_to_base":-34,"delta_rank_base_to_scout":2,"cause_main":"competencia","cause_anclas_pts":1.49,"cause_competencia_pts":-6.73,"scout_cause":"competencia","cve_col":"19046_0081","municipio":"San Nicolás de los Garza","colonia":"Fomerrey 129 (Mirador San Nicolas)","grado":"Medio","pob_conapo":3591,"viviendas_est":998,"D_star":0.2168,"A_star":0.488,"C_star":0.5361,"anclas_pond":23.85,"anclas_por_1000viv":23.91,"comp_n_300m":1,"comp_por_1000viv":1.002,"n_cerveza":0,"n_tortilleria":3,"n_banco_bienestar_azteca":0,"n_oxxo":1,"n_express":0,"n_iglesia":0,"n_escuela":3,"n_parada":0,"n_farmacia":1,"n_abarrotes":39,"comp_n_300m_with_scout":1,"cells_pos":76,"lat":25.7588,"lon":-100.322907,"rank_p10":72,"rank_p50":81,"rank_p90":92,"ancho_banda":20,"banda":"estrecha","confianza":"media","prob_top30":0.0,"prob_top30_estres":0.0,"comp_cero_desconocido":false,"n_est_sugeridas":1,"est":[[-100.32243,25.76378,9.6]]}},{"type":"Feature","geometry":{"type":"Polygon","coordinates":[[[-100.3411,25.7448],[-100.3422,25.7451],[-100.3444,25.7469],[-100.3442,25.7478],[-100.3468,25.7504],[-100.3477,25.7511],[-100.3459,25.7537],[-100.3418,25.752],[-100.3407,25.7506],[-100.3428,25.7487],[-100.341,25.7471],[-100.3406,25.7458],[-100.3411,25.7448]]]},"properties":{"rank_base":111,"score_base":37.12,"rank_with_scout":85,"score_with_scout":42.37,"scout_bonus":5.24,"scout_marks":5,"cobertura_campo":"parcial","scout_marks_kinds":"express:1;modelorama:4","scout_anchor_marks_used":6,"pins_favorito":2,"pins_lock":0,"v2_rank":24,"score_v2":53.82,"delta_rank_v2_to_base":-87,"delta_rank_base_to_scout":26,"cause_main":"competencia","cause_anclas_pts":1.52,"cause_competencia_pts":-14.58,"scout_cause":"anclas","cve_col":"19039_0741","municipio":"Monterrey","colonia":"Unidad Pedreras ( Fomerrey 106 )","grado":"Medio","pob_conapo":3991,"viviendas_est":1109,"D_star":0.3769,"A_star":0.6386,"C_star":0.9036,"anclas_pond":30.5,"anclas_por_1000viv":27.51,"comp_n_300m":3,"comp_por_1000viv":2.706,"n_cerveza":0,"n_tortilleria":4,"n_banco_bienestar_azteca":0,"n_oxxo":0,"n_express":1,"n_iglesia":0,"n_escuela":0,"n_parada":0,"n_farmacia":1,"n_abarrotes":60,"comp_n_300m_with_scout":4,"cells_pos":34,"lat":25.74955,"lon":-100.343905,"rank_p10":72,"rank_p50":92,"rank_p90":111,"ancho_banda":39,"banda":"media","confianza":"media","prob_top30":0.0,"prob_top30_estres":0.0,"comp_cero_desconocido":false,"n_est_sugeridas":1,"est":[[-100.34337,25.75021,5.3]]}},{"type":"Feature","geometry":{"type":"Polygon","coordinates":[[[-100.3658,25.8027],[-100.3654,25.8014],[-100.3665,25.8013],[-100.3681,25.8018],[-100.3675,25.8032],[-100.3695,25.8061],[-100.3673,25.8067],[-100.3658,25.8027]]]},"properties":{"rank_base":112,"score_base":36.79,"rank_with_scout":117,"score_with_scout":36.43,"scout_bonus":-0.36,"scout_marks":0,"cobertura_campo":"sin encuesta","scout_marks_kinds":"","scout_anchor_marks_used":0,"pins_favorito":0,"pins_lock":0,"v2_rank":158,"score_v2":37.88,"delta_rank_v2_to_base":46,"delta_rank_base_to_scout":-5,"cause_main":"anclas","cause_anclas_pts":15.41,"cause_competencia_pts":-12.86,"scout_cause":"anclas","cve_col":"19021_0251","municipio":"General Escobedo","colonia":"Serranias","grado":"Medio","pob_conapo":1810,"viviendas_est":503,"D_star":0.0793,"A_star":0.9518,"C_star":0.8313,"anclas_pond":22.65,"anclas_por_1000viv":45.04,"comp_n_300m":1,"comp_por_1000viv":1.989,"n_cerveza":2,"n_tortilleria":5,"n_banco_bienestar_azteca":0,"n_oxxo":1,"n_express":1,"n_iglesia":0,"n_escuela":0,"n_parada":0,"n_farmacia":2,"n_abarrotes":26,"comp_n_300m_with_scout":1,"cells_pos":12,"lat":25.80465,"lon":-100.367516,"rank_p10":80,"rank_p50":98,"rank_p90":117,"ancho_banda":37,"banda":"media","confianza":"baja","prob_top30":0.0,"prob_top30_estres":0.0,"comp_cero_desconocido":false,"n_est_sugeridas":1,"est":[[-100.36729,25.80449,5.6]]}},{"type":"Feature","geometry":{"type":"Polygon","coordinates":[[[-100.4343,25.6785],[-100.4328,25.6781],[-100.4299,25.678],[-100.4277,25.6786],[-100.4287,25.6745],[-100.4358,25.6744],[-100.436,25.6747],[-100.4343,25.6785]]]},"properties":{"rank_base":113,"score_base":36.75,"rank_with_scout":113,"score_with_scout":36.57,"scout_bonus":-0.18,"scout_marks":0,"cobertura_campo":"sin encuesta","scout_marks_kinds":"","scout_anchor_marks_used":0,"pins_favorito":0,"pins_lock":0,"v2_rank":118,"score_v2":42.92,"delta_rank_v2_to_base":5,"delta_rank_base_to_scout":0,"cause_main":"anclas","cause_anclas_pts":-12.61,"cause_competencia_pts":10.07,"scout_cause":"anclas","cve_col":"19048_0237","municipio":"Santa Catarina","colonia":"Union de Colonos","grado":"Medio","pob_conapo":1800,"viviendas_est":500,"D_star":0.1553,"A_star":0.0181,"C_star":0.0,"anclas_pond":5.9,"anclas_por_1000viv":11.8,"comp_n_300m":0,"comp_por_1000viv":0.0,"n_cerveza":0,"n_tortilleria":0,"n_banco_bienestar_azteca":1,"n_oxxo":0,"n_express":0,"n_iglesia":0,"n_escuela":0,"n_parada":3,"n_farmacia":0,"n_abarrotes":6,"comp_n_300m_with_scout":0,"cells_pos":18,"lat":25.67635,"lon":-100.431755,"rank_p10":98,"rank_p50":148,"rank_p90":165,"ancho_banda":67,"banda":"ancha","confianza":"baja","prob_top30":0.0,"prob_top30_estres":0.0,"comp_cero_desconocido":true,"n_est_sugeridas":1,"est":[[-100.4301,25.67784,1.5]]}},{"type":"Feature","geometry":{"type":"Polygon","coordinates":[[[-100.6355,25.811],[-100.632,25.8091],[-100.6346,25.8061],[-100.6386,25.8083],[-100.639,25.8082],[-100.6392,25.8112],[-100.636,25.8097],[-100.6355,25.811]]]},"properties":{"rank_base":114,"score_base":36.52,"rank_with_scout":115,"score_with_scout":36.52,"scout_bonus":0.0,"scout_marks":0,"cobertura_campo":"sin encuesta","scout_marks_kinds":"","scout_anchor_marks_used":0,"pins_favorito":0,"pins_lock":0,"v2_rank":100,"score_v2":44.09,"delta_rank_v2_to_base":-14,"delta_rank_base_to_scout":-1,"cause_main":"anclas","cause_anclas_pts":-12.57,"cause_competencia_pts":8.64,"scout_cause":"—","cve_col":"19018_0055","municipio":"García","colonia":"Hacienda Renacimiento","grado":"Medio","pob_conapo":3106,"viviendas_est":863,"D_star":0.0637,"A_star":0.1325,"C_star":0.0,"anclas_pond":14.25,"anclas_por_1000viv":16.51,"comp_n_300m":0,"comp_por_1000viv":0.0,"n_cerveza":0,"n_tortilleria":0,"n_banco_bienestar_azteca":0,"n_oxxo":0,"n_express":1,"n_iglesia":0,"n_escuela":1,"n_parada":3,"n_farmacia":0,"n_abarrotes":25,"comp_n_300m_with_scout":0,"cells_pos":23,"lat":25.8087,"lon":-100.63569,"rank_p10":109,"rank_p50":151,"rank_p90":166,"ancho_banda":57,"banda":"media","confianza":"baja","prob_top30":0.0,"prob_top30_estres":0.0,"comp_cero_desconocido":true,"n_est_sugeridas":1,"est":[[-100.63646,25.8072,4.2]]}},{"type":"Feature","geometry":{"type":"Polygon","coordinates":[[[-100.1601,25.6217],[-100.1613,25.6234],[-100.1606,25.6239],[-100.1609,25.6249],[-100.1623,25.6268],[-100.1609,25.6278],[-100.1604,25.6281],[-100.1548,25.6288],[-100.1545,25.6264],[-100.1573,25.6245],[-100.1567,25.6239],[-100.1601,25.6217]]]},"properties":{"rank_base":115,"score_base":36.48,"rank_with_scout":118,"score_with_scout":36.3,"scout_bonus":-0.18,"scout_marks":0,"cobertura_campo":"sin encuesta","scout_marks_kinds":"","scout_anchor_marks_used":0,"pins_favorito":0,"pins_lock":0,"v2_rank":98,"score_v2":44.12,"delta_rank_v2_to_base":-17,"delta_rank_base_to_scout":-3,"cause_main":"competencia","cause_anclas_pts":9.26,"cause_competencia_pts":-13.27,"scout_cause":"anclas","cve_col":"19031_0117","municipio":"Juárez","colonia":"Monte Kristal 4To Sector","grado":"Medio","pob_conapo":2053,"viviendas_est":570,"D_star":0.1665,"A_star":0.747,"C_star":0.753,"anclas_pond":17.35,"anclas_por_1000viv":30.42,"comp_n_300m":1,"comp_por_1000viv":1.753,"n_cerveza":2,"n_tortilleria":2,"n_banco_bienestar_azteca":0,"n_oxxo":0,"n_express":1,"n_iglesia":0,"n_escuela":0,"n_parada":1,"n_farmacia":1,"n_abarrotes":24,"comp_n_300m_with_scout":1,"cells_pos":21,"lat":25.62565,"lon":-100.158529,"rank_p10":92,"rank_p50":103,"rank_p90":113,"ancho_banda":21,"banda":"estrecha","confianza":"media","prob_top30":0.0,"prob_top30_estres":0.0,"comp_cero_desconocido":false,"n_est_sugeridas":2,"est":[[-100.15495,25.62808,5.1],[-100.16093,25.62356,4.7]]}},{"type":"Feature","geometry":{"type":"Polygon","coordinates":[[[-100.2015,25.6948],[-100.2016,25.6899],[-100.2025,25.6889],[-100.2042,25.6884],[-100.2058,25.6899],[-100.207,25.6912],[-100.2102,25.6934],[-100.2102,25.6961],[-100.2077,25.6965],[-100.2014,25.6953],[-100.2015,25.6948]]]},"properties":{"rank_base":116,"score_base":36.47,"rank_with_scout":109,"score_with_scout":37.56,"scout_bonus":1.08,"scout_marks":0,"cobertura_campo":"sin encuesta","scout_marks_kinds":"","scout_anchor_marks_used":0,"pins_favorito":0,"pins_lock":0,"v2_rank":44,"score_v2":50.91,"delta_rank_v2_to_base":-72,"delta_rank_base_to_scout":7,"cause_main":"anclas","cause_anclas_pts":-10.98,"cause_competencia_pts":0.18,"scout_cause":"competencia","cve_col":"19026_0316","municipio":"Guadalupe","colonia":"Nuevo San Rafael","grado":"Medio","pob_conapo":6128,"viviendas_est":1702,"D_star":0.3019,"A_star":0.2048,"C_star":0.3916,"anclas_pond":30.65,"anclas_por_1000viv":18.01,"comp_n_300m":1,"comp_por_1000viv":0.588,"n_cerveza":0,"n_tortilleria":4,"n_banco_bienestar_azteca":0,"n_oxxo":0,"n_express":0,"n_iglesia":1,"n_escuela":3,"n_parada":1,"n_farmacia":1,"n_abarrotes":51,"comp_n_300m_with_scout":1,"cells_pos":53,"lat":25.6923,"lon":-100.205076,"rank_p10":62,"rank_p50":77,"rank_p90":98,"ancho_banda":36,"banda":"media","confianza":"baja","prob_top30":0.0,"prob_top30_estres":0.0,"comp_cero_desconocido":false,"n_est_sugeridas":1,"est":[[-100.20579,25.69593,5.7]]}},{"type":"Feature","geometry":{"type":"Polygon","coordinates":[[[-100.2029,25.6528],[-100.2056,25.6441],[-100.2076,25.644],[-100.2047,25.6532],[-100.2029,25.6528]]]},"properties":{"rank_base":117,"score_base":36.39,"rank_with_scout":121,"score_with_scout":36.02,"scout_bonus":-0.36,"scout_marks":0,"cobertura_campo":"sin encuesta","scout_marks_kinds":"","scout_anchor_marks_used":0,"pins_favorito":0,"pins_lock":0,"v2_rank":97,"score_v2":44.44,"delta_rank_v2_to_base":-20,"delta_rank_base_to_scout":-4,"cause_main":"competencia","cause_anclas_pts":11.74,"cause_competencia_pts":-16.16,"scout_cause":"anclas","cve_col":"19026_0160","municipio":"Guadalupe","colonia":"Garza Melo","grado":"Medio","pob_conapo":1740,"viviendas_est":483,"D_star":0.1506,"A_star":0.9819,"C_star":0.9699,"anclas_pond":24.6,"anclas_por_1000viv":50.9,"comp_n_300m":2,"comp_por_1000viv":4.138,"n_cerveza":2,"n_tortilleria":5,"n_banco_bienestar_azteca":0,"n_oxxo":0,"n_express":0,"n_iglesia":1,"n_escuela":2,"n_parada":1,"n_farmacia":0,"n_abarrotes":29,"comp_n_300m_with_scout":2,"cells_pos":19,"lat":25.64845,"lon":-100.205224,"rank_p10":90,"rank_p50":114,"rank_p90":131,"ancho_banda":41,"banda":"media","confianza":"baja","prob_top30":0.0,"prob_top30_estres":0.0,"comp_cero_desconocido":false,"n_est_sugeridas":2,"est":[[-100.20679,25.64617,4.6],[-100.2038,25.65251,3.6]]}},{"type":"Feature","geometry":{"type":"Polygon","coordinates":[[[-100.4163,25.69],[-100.4169,25.6868],[-100.4194,25.6875],[-100.4186,25.6903],[-100.418,25.6904],[-100.4188,25.693],[-100.4171,25.6935],[-100.416,25.6913],[-100.4163,25.69]]]},"properties":{"rank_base":118,"score_base":35.87,"rank_with_scout":124,"score_with_scout":35.69,"scout_bonus":-0.18,"scout_marks":0,"cobertura_campo":"sin encuesta","scout_marks_kinds":"","scout_anchor_marks_used":0,"pins_favorito":0,"pins_lock":0,"v2_rank":65,"score_v2":47.48,"delta_rank_v2_to_base":-53,"delta_rank_base_to_scout":-6,"cause_main":"competencia","cause_anclas_pts":0.77,"cause_competencia_pts":-8.74,"scout_cause":"anclas","cve_col":"19048_0014","municipio":"Santa Catarina","colonia":"Arboledas de Las Mitras (Carlos Salinas de Gortari)","grado":"Medio","pob_conapo":2504,"viviendas_est":695,"D_star":0.3095,"A_star":0.4639,"C_star":0.6807,"anclas_pond":16.25,"anclas_por_1000viv":23.36,"comp_n_300m":1,"comp_por_1000viv":1.438,"n_cerveza":0,"n_tortilleria":1,"n_banco_bienestar_azteca":0,"n_oxxo":0,"n_express":0,"n_iglesia":0,"n_escuela":0,"n_parada":4,"n_farmacia":0,"n_abarrotes":30,"comp_n_300m_with_scout":1,"cells_pos":14,"lat":25.69015,"lon":-100.417454,"rank_p10":91,"rank_p50":100,"rank_p90":110,"ancho_banda":19,"banda":"estrecha","confianza":"media","prob_top30":0.0,"prob_top30_estres":0.0,"comp_cero_desconocido":false,"n_est_sugeridas":1,"est":[[-100.41913,25.68779,5.0]]}},{"type":"Feature","geometry":{"type":"Polygon","coordinates":[[[-100.3506,25.751],[-100.3526,25.7499],[-100.3561,25.75],[-100.3598,25.7497],[-100.3608,25.7515],[-100.3565,25.7533],[-100.3542,25.7548],[-100.354,25.7548],[-100.3506,25.751]]]},"properties":{"rank_base":119,"score_base":35.63,"rank_with_scout":97,"score_with_scout":40.32,"scout_bonus":4.7,"scout_marks":1,"cobertura_campo":"parcial","scout_marks_kinds":"purificadora:1","scout_anchor_marks_used":4,"pins_favorito":0,"pins_lock":0,"v2_rank":36,"score_v2":52.01,"delta_rank_v2_to_base":-83,"delta_rank_base_to_scout":22,"cause_main":"competencia","cause_anclas_pts":-1.76,"cause_competencia_pts":-11.0,"scout_cause":"anclas","cve_col":"19039_0314","municipio":"Monterrey","colonia":"Francisco Villa","grado":"Medio","pob_conapo":6182,"viviendas_est":1717,"D_star":0.5021,"A_star":0.4036,"C_star":0.8855,"anclas_pond":38.5,"anclas_por_1000viv":22.42,"comp_n_300m":4,"comp_por_1000viv":2.33,"n_cerveza":1,"n_tortilleria":6,"n_banco_bienestar_azteca":0,"n_oxxo":0,"n_express":0,"n_iglesia":0,"n_escuela":3,"n_parada":0,"n_farmacia":1,"n_abarrotes":65,"comp_n_300m_with_scout":5,"cells_pos":35,"lat":25.7524,"lon":-100.355251,"rank_p10":82,"rank_p50":102,"rank_p90":119,"ancho_banda":37,"banda":"media","confianza":"media","prob_top30":0.0,"prob_top30_estres":0.0,"comp_cero_desconocido":false,"n_est_sugeridas":2,"est":[[-100.35932,25.75021,6.7],[-100.35134,25.75111,5.4]],"metro_cerca":{"n":"San Bernabe","l":"L1","d":763,"i":0.4876}}},{"type":"Feature","geometry":{"type":"Polygon","coordinates":[[[-100.2364,25.5879],[-100.2392,25.5861],[-100.24,25.5858],[-100.2416,25.5849],[-100.242,25.5854],[-100.2439,25.5843],[-100.2458,25.5858],[-100.245,25.5864],[-100.2442,25.5863],[-100.2436,25.5869],[-100.2426,25.5869],[-100.2376,25.5896],[-100.2364,25.5879]]]},"properties":{"rank_base":120,"score_base":35.62,"rank_with_scout":126,"score_with_scout":35.62,"scout_bonus":0.0,"scout_marks":0,"cobertura_campo":"sin encuesta","scout_marks_kinds":"","scout_anchor_marks_used":0,"pins_favorito":0,"pins_lock":0,"v2_rank":138,"score_v2":41.21,"delta_rank_v2_to_base":18,"delta_rank_base_to_scout":-6,"cause_main":"anclas","cause_anclas_pts":-12.06,"cause_competencia_pts":10.1,"scout_cause":"—","cve_col":"19039_0553","municipio":"Monterrey","colonia":"Paseo del Vergel 1Er Sector","grado":"Medio","pob_conapo":1646,"viviendas_est":457,"D_star":0.1133,"A_star":0.0361,"C_star":0.0,"anclas_pond":5.75,"anclas_por_1000viv":12.57,"comp_n_300m":0,"comp_por_1000viv":0.0,"n_cerveza":0,"n_tortilleria":0,"n_banco_bienestar_azteca":0,"n_oxxo":0,"n_express":1,"n_iglesia":0,"n_escuela":0,"n_parada":1,"n_farmacia":0,"n_abarrotes":10,"comp_n_300m_with_scout":0,"cells_pos":8,"lat":25.5874,"lon":-100.239426,"rank_p10":106,"rank_p50":150,"rank_p90":165,"ancho_banda":59,"banda":"media","confianza":"baja","prob_top30":0.0,"prob_top30_estres":0.0,"comp_cero_desconocido":true,"n_est_sugeridas":1,"est":[[-100.23669,25.58828,1.4]]}},{"type":"Feature","geometry":{"type":"Polygon","coordinates":[[[-100.3462,25.7473],[-100.348,25.7439],[-100.3484,25.7431],[-100.3497,25.7443],[-100.3472,25.7483],[-100.3462,25.7473]]]},"properties":{"rank_base":121,"score_base":35.58,"rank_with_scout":129,"score_with_scout":34.67,"scout_bonus":-0.9,"scout_marks":0,"cobertura_campo":"sin encuesta","scout_marks_kinds":"","scout_anchor_marks_used":0,"pins_favorito":0,"pins_lock":0,"v2_rank":137,"score_v2":41.24,"delta_rank_v2_to_base":16,"delta_rank_base_to_scout":-8,"cause_main":"competencia","cause_anclas_pts":8.21,"cause_competencia_pts":-10.25,"scout_cause":"anclas","cve_col":"19039_0316","municipio":"Monterrey","colonia":"Fray Servando Teresa de Mier (Fomerrey 6 )","grado":"Medio","pob_conapo":1601,"viviendas_est":445,"D_star":0.2072,"A_star":0.7711,"C_star":0.8614,"anclas_pond":13.8,"anclas_por_1000viv":31.03,"comp_n_300m":1,"comp_por_1000viv":2.249,"n_cerveza":0,"n_tortilleria":1,"n_banco_bienestar_azteca":0,"n_oxxo":0,"n_express":0,"n_iglesia":0,"n_escuela":1,"n_parada":1,"n_farmacia":0,"n_abarrotes":27,"comp_n_300m_with_scout":1,"cells_pos":7,"lat":25.7458,"lon":-100.347878,"rank_p10":92,"rank_p50":109,"rank_p90":120,"ancho_banda":28,"banda":"estrecha","confianza":"media","prob_top30":0.0,"prob_top30_estres":0.0,"comp_cero_desconocido":false,"n_est_sugeridas":1,"est":[[-100.34835,25.74388,4.2]],"metro_cerca":{"n":"Unidad Modelo","l":"L1","d":824,"i":0.1683}}},{"type":"Feature","geometry":{"type":"Polygon","coordinates":[[[-100.2694,25.6216],[-100.2697,25.6207],[-100.2695,25.6183],[-100.2682,25.6158],[-100.2692,25.613],[-100.2685,25.612],[-100.271,25.6113],[-100.2711,25.6142],[-100.2709,25.6194],[-100.2715,25.6211],[-100.2748,25.6238],[-100.2732,25.6267],[-100.2725,25.6264],[-100.2725,25.6251],[-100.2696,25.6229],[-100.2694,25.6216]]]},"properties":{"rank_base":122,"score_base":35.56,"rank_with_scout":123,"score_with_scout":35.92,"scout_bonus":0.36,"scout_marks":0,"cobertura_campo":"sin encuesta","scout_marks_kinds":"","scout_anchor_marks_used":0,"pins_favorito":0,"pins_lock":0,"v2_rank":92,"score_v2":44.79,"delta_rank_v2_to_base":-30,"delta_rank_base_to_scout":-1,"cause_main":"competencia","cause_anclas_pts":2.21,"cause_competencia_pts":-7.81,"scout_cause":"competencia","cve_col":"19039_0384","municipio":"Monterrey","colonia":"La Condesa","grado":"Medio","pob_conapo":3040,"viviendas_est":844,"D_star":0.2067,"A_star":0.512,"C_star":0.6024,"anclas_pond":20.45,"anclas_por_1000viv":24.22,"comp_n_300m":1,"comp_por_1000viv":1.184,"n_cerveza":2,"n_tortilleria":1,"n_banco_bienestar_azteca":0,"n_oxxo":1,"n_express":0,"n_iglesia":0,"n_escuela":0,"n_parada":6,"n_farmacia":3,"n_abarrotes":23,"comp_n_300m_with_scout":1,"cells_pos":34,"lat":25.61885,"lon":-100.270233,"rank_p10":88,"rank_p50":97,"rank_p90":107,"ancho_banda":19,"banda":"estrecha","confianza":"media","prob_top30":0.0,"prob_top30_estres":0.0,"comp_cero_desconocido":false,"n_est_sugeridas":2,"est":[[-100.27059,25.61632,5.0],[-100.27258,25.62627,4.7]]}},{"type":"Feature","geometry":{"type":"Polygon","coordinates":[[[-100.1644,25.7641],[-100.1713,25.7644],[-100.1742,25.7638],[-100.1749,25.7651],[-100.1743,25.7665],[-100.1714,25.7675],[-100.1666,25.7681],[-100.1651,25.765],[-100.1644,25.7641]]]},"properties":{"rank_base":123,"score_base":35.5,"rank_with_scout":127,"score_with_scout":35.31,"scout_bonus":-0.18,"scout_marks":0,"cobertura_campo":"sin encuesta","scout_marks_kinds":"","scout_anchor_marks_used":0,"pins_favorito":0,"pins_lock":0,"v2_rank":126,"score_v2":41.87,"delta_rank_v2_to_base":3,"delta_rank_base_to_scout":-4,"cause_main":"anclas","cause_anclas_pts":-12.25,"cause_competencia_pts":9.5,"scout_cause":"anclas","cve_col":"19006_0345","municipio":"Apodaca","colonia":"Pimsa Sur","grado":"Medio","pob_conapo":1508,"viviendas_est":419,"D_star":0.1148,"A_star":0.0301,"C_star":0.0,"anclas_pond":5.05,"anclas_por_1000viv":12.06,"comp_n_300m":0,"comp_por_1000viv":0.0,"n_cerveza":0,"n_tortilleria":0,"n_banco_bienestar_azteca":0,"n_oxxo":0,"n_express":0,"n_iglesia":0,"n_escuela":0,"n_parada":3,"n_farmacia":0,"n_abarrotes":7,"comp_n_300m_with_scout":0,"cells_pos":21,"lat":25.7658,"lon":-100.170044,"rank_p10":106,"rank_p50":150,"rank_p90":165,"ancho_banda":59,"banda":"media","confianza":"baja","prob_top30":0.0,"prob_top30_estres":0.0,"comp_cero_desconocido":true,"n_est_sugeridas":1,"est":[[-100.17389,25.76649,3.0]]}},{"type":"Feature","geometry":{"type":"Polygon","coordinates":[[[-100.2975,25.6414],[-100.2974,25.64],[-100.2986,25.6395],[-100.2977,25.6385],[-100.3004,25.6388],[-100.3029,25.6361],[-100.3041,25.6373],[-100.3042,25.6389],[-100.3025,25.6401],[-100.302,25.6417],[-100.3011,25.6414],[-100.2975,25.6414]]]},"properties":{"rank_base":124,"score_base":35.39,"rank_with_scout":116,"score_with_scout":36.47,"scout_bonus":1.08,"scout_marks":0,"cobertura_campo":"sin encuesta","scout_marks_kinds":"","scout_anchor_marks_used":0,"pins_favorito":0,"pins_lock":0,"v2_rank":62,"score_v2":48.11,"delta_rank_v2_to_base":-62,"delta_rank_base_to_scout":8,"cause_main":"anclas","cause_anclas_pts":-4.66,"cause_competencia_pts":-4.44,"scout_cause":"competencia","cve_col":"19039_0383","municipio":"Monterrey","colonia":"La Campana","grado":"Medio","pob_conapo":3371,"viviendas_est":937,"D_star":0.347,"A_star":0.2831,"C_star":0.5663,"anclas_pond":18.3,"anclas_por_1000viv":19.54,"comp_n_300m":1,"comp_por_1000viv":1.068,"n_cerveza":2,"n_tortilleria":2,"n_banco_bienestar_azteca":0,"n_oxxo":0,"n_express":0,"n_iglesia":2,"n_escuela":0,"n_parada":0,"n_farmacia":0,"n_abarrotes":27,"comp_n_300m_with_scout":1,"cells_pos":16,"lat":25.6392,"lon":-100.301052,"rank_p10":81,"rank_p50":93,"rank_p90":107,"ancho_banda":26,"banda":"estrecha","confianza":"media","prob_top30":0.0,"prob_top30_estres":0.0,"comp_cero_desconocido":false,"n_est_sugeridas":1,"est":[[-100.2985,25.64075,4.6]]}},{"type":"Feature","geometry":{"type":"Polygon","coordinates":[[[-100.4792,25.6738],[-100.4778,25.6773],[-100.4722,25.6756],[-100.4735,25.672],[-100.4792,25.6738]]]},"properties":{"rank_base":125,"score_base":35.2,"rank_with_scout":132,"score_with_scout":33.93,"scout_bonus":-1.27,"scout_marks":0,"cobertura_campo":"sin encuesta","scout_marks_kinds":"","scout_anchor_marks_used":0,"pins_favorito":0,"pins_lock":0,"v2_rank":78,"score_v2":45.92,"delta_rank_v2_to_base":-47,"delta_rank_base_to_scout":-7,"cause_main":"competencia","cause_anclas_pts":10.71,"cause_competencia_pts":-17.8,"scout_cause":"anclas","cve_col":"19048_0065","municipio":"Santa Catarina","colonia":"Hacienda Santa Catarina (Fomerrey 29)","grado":"Medio","pob_conapo":3698,"viviendas_est":1027,"D_star":0.2745,"A_star":0.7952,"C_star":0.988,"anclas_pond":32.35,"anclas_por_1000viv":31.5,"comp_n_300m":5,"comp_por_1000viv":4.868,"n_cerveza":4,"n_tortilleria":3,"n_banco_bienestar_azteca":0,"n_oxxo":1,"n_express":1,"n_iglesia":1,"n_escuela":1,"n_parada":6,"n_farmacia":1,"n_abarrotes":34,"comp_n_300m_with_scout":5,"cells_pos":24,"lat":25.6747,"lon":-100.475683,"rank_p10":102,"rank_p50":122,"rank_p90":135,"ancho_banda":33,"banda":"media","confianza":"baja","prob_top30":0.0,"prob_top30_estres":0.0,"comp_cero_desconocido":false,"n_est_sugeridas":1,"est":[[-100.47795,25.67422,5.5]]}},{"type":"Feature","geometry":{"type":"Polygon","coordinates":[[[-100.266,25.7297],[-100.2731,25.7269],[-100.2739,25.7265],[-100.2775,25.7251],[-100.2778,25.7254],[-100.2747,25.7292],[-100.2634,25.7325],[-100.2635,25.7308],[-100.266,25.7297]]]},"properties":{"rank_base":126,"score_base":35.14,"rank_with_scout":120,"score_with_scout":36.04,"scout_bonus":0.9,"scout_marks":0,"cobertura_campo":"sin encuesta","scout_marks_kinds":"","scout_anchor_marks_used":0,"pins_favorito":0,"pins_lock":0,"v2_rank":105,"score_v2":43.88,"delta_rank_v2_to_base":-21,"delta_rank_base_to_scout":6,"cause_main":"anclas","cause_anclas_pts":-11.2,"cause_competencia_pts":6.09,"scout_cause":"competencia","cve_col":"19046_0036","municipio":"San Nicolás de los Garza","colonia":"Carmen Romano","grado":"Medio","pob_conapo":5582,"viviendas_est":1551,"D_star":0.2595,"A_star":0.2289,"C_star":0.4036,"anclas_pond":28.8,"anclas_por_1000viv":18.57,"comp_n_300m":1,"comp_por_1000viv":0.645,"n_cerveza":1,"n_tortilleria":4,"n_banco_bienestar_azteca":0,"n_oxxo":0,"n_express":0,"n_iglesia":0,"n_escuela":3,"n_parada":0,"n_farmacia":1,"n_abarrotes":47,"comp_n_300m_with_scout":1,"cells_pos":35,"lat":25.72805,"lon":-100.272911,"rank_p10":71,"rank_p50":86,"rank_p90":106,"ancho_banda":35,"banda":"media","confianza":"baja","prob_top30":0.0,"prob_top30_estres":0.0,"comp_cero_desconocido":false,"n_est_sugeridas":1,"est":[[-100.27358,25.72759,6.7]]}},{"type":"Feature","geometry":{"type":"Polygon","coordinates":[[[-100.3357,25.7444],[-100.3367,25.7416],[-100.338,25.7428],[-100.3387,25.7443],[-100.3406,25.7458],[-100.341,25.7471],[-100.3428,25.7487],[-100.3424,25.7491],[-100.3411,25.7482],[-100.3397,25.7497],[-100.3389,25.7467],[-100.3379,25.7474],[-100.3368,25.7464],[-100.3357,25.7444]]]},"properties":{"rank_base":127,"score_base":34.91,"rank_with_scout":150,"score_with_scout":29.49,"scout_bonus":-5.42,"scout_marks":0,"cobertura_campo":"sin encuesta","scout_marks_kinds":"","scout_anchor_marks_used":1,"pins_favorito":0,"pins_lock":0,"v2_rank":71,"score_v2":46.79,"delta_rank_v2_to_base":-56,"delta_rank_base_to_scout":-23,"cause_main":"competencia","cause_anclas_pts":-1.76,"cause_competencia_pts":-6.49,"scout_cause":"competencia","cve_col":"19039_0739","municipio":"Monterrey","colonia":"Unidad del Pueblo","grado":"Alto","pob_conapo":2877,"viviendas_est":799,"D_star":0.299,"A_star":0.3795,"C_star":0.6145,"anclas_pond":17.7,"anclas_por_1000viv":22.15,"comp_n_300m":1,"comp_por_1000viv":1.251,"n_cerveza":0,"n_tortilleria":2,"n_banco_bienestar_azteca":0,"n_oxxo":0,"n_express":0,"n_iglesia":0,"n_escuela":0,"n_parada":0,"n_farmacia":0,"n_abarrotes":38,"comp_n_300m_with_scout":2,"cells_pos":18,"lat":25.7451,"lon":-100.337899,"rank_p10":82,"rank_p50":93,"rank_p90":104,"ancho_banda":22,"banda":"estrecha","confianza":"media","prob_top30":0.0,"prob_top30_estres":0.0,"comp_cero_desconocido":false,"n_est_sugeridas":1,"est":[[-100.34038,25.74568,4.7]]}},{"type":"Feature","geometry":{"type":"Polygon","coordinates":[[[-100.2612,25.7124],[-100.2642,25.7105],[-100.2669,25.7135],[-100.2641,25.716],[-100.2612,25.7124]]]},"properties":{"rank_base":128,"score_base":34.7,"rank_with_scout":130,"score_with_scout":34.34,"scout_bonus":-0.36,"scout_marks":0,"cobertura_campo":"sin encuesta","scout_marks_kinds":"","scout_anchor_marks_used":0,"pins_favorito":0,"pins_lock":0,"v2_rank":86,"score_v2":45.48,"delta_rank_v2_to_base":-42,"delta_rank_base_to_scout":-2,"cause_main":"anclas","cause_anclas_pts":-19.55,"cause_competencia_pts":12.4,"scout_cause":"anclas","cve_col":"19046_0057","municipio":"San Nicolás de los Garza","colonia":"Constituyentes de Queretaro 4 Sec","grado":"Medio","pob_conapo":2955,"viviendas_est":821,"D_star":0.0,"A_star":0.1566,"C_star":0.0,"anclas_pond":13.95,"anclas_por_1000viv":16.99,"comp_n_300m":0,"comp_por_1000viv":0.0,"n_cerveza":0,"n_tortilleria":0,"n_banco_bienestar_azteca":0,"n_oxxo":0,"n_express":0,"n_iglesia":0,"n_escuela":2,"n_parada":3,"n_farmacia":1,"n_abarrotes":23,"comp_n_300m_with_scout":0,"cells_pos":17,"lat":25.71295,"lon":-100.264024,"rank_p10":111,"rank_p50":151,"rank_p90":166,"ancho_banda":55,"banda":"media","confianza":"baja","prob_top30":0.0,"prob_top30_estres":0.0,"comp_cero_desconocido":true,"n_est_sugeridas":1,"est":[[-100.26461,25.71131,5.4]],"metro_cerca":{"n":"Hospital Metropolitano","l":"L3","d":936,"i":0.585}}},{"type":"Feature","geometry":{"type":"Polygon","coordinates":[[[-100.3261,25.7031],[-100.3271,25.7005],[-100.3264,25.6989],[-100.3264,25.6987],[-100.3275,25.6995],[-100.3283,25.6976],[-100.3306,25.6968],[-100.3308,25.6974],[-100.3296,25.6985],[-100.3316,25.6987],[-100.3333,25.7046],[-100.3276,25.7044],[-100.3264,25.704],[-100.3261,25.7031]]]},"properties":{"rank_base":129,"score_base":34.62,"rank_with_scout":133,"score_with_scout":33.9,"scout_bonus":-0.72,"scout_marks":0,"cobertura_campo":"sin encuesta","scout_marks_kinds":"","scout_anchor_marks_used":0,"pins_favorito":0,"pins_lock":0,"v2_rank":167,"score_v2":27.03,"delta_rank_v2_to_base":38,"delta_rank_base_to_scout":-4,"cause_main":"anclas","cause_anclas_pts":8.18,"cause_competencia_pts":3.05,"scout_cause":"anclas","cve_col":"19039_0318","municipio":"Monterrey","colonia":"Garza Nieto","grado":"Medio","pob_conapo":3625,"viviendas_est":1007,"D_star":0.3008,"A_star":0.7108,"C_star":0.9578,"anclas_pond":29.8,"anclas_por_1000viv":29.59,"comp_n_300m":4,"comp_por_1000viv":3.972,"n_cerveza":2,"n_tortilleria":5,"n_banco_bienestar_azteca":0,"n_oxxo":0,"n_express":1,"n_iglesia":1,"n_escuela":0,"n_parada":1,"n_farmacia":2,"n_abarrotes":42,"comp_n_300m_with_scout":4,"cells_pos":38,"lat":25.7018,"lon":-100.329547,"rank_p10":108,"rank_p50":124,"rank_p90":134,"ancho_banda":26,"banda":"estrecha","confianza":"media","prob_top30":0.0,"prob_top30_estres":0.0,"comp_cero_desconocido":false,"n_est_sugeridas":2,"est":[[-100.32841,25.69955,5.8],[-100.3324,25.70407,3.5]]}},{"type":"Feature","geometry":{"type":"Polygon","coordinates":[[[-100.3738,25.8086],[-100.3738,25.8078],[-100.3768,25.8061],[-100.3777,25.8041],[-100.3772,25.8034],[-100.3783,25.8027],[-100.3822,25.8031],[-100.3834,25.8026],[-100.3838,25.7999],[-100.3854,25.7989],[-100.3848,25.8002],[-100.385,25.8032],[-100.3863,25.8041],[-100.3913,25.811],[-100.3634,25.8153],[-100.3633,25.8115],[-100.3668,25.8106],[-100.3705,25.8115],[-100.3736,25.8107],[-100.3764,25.8074],[-100.3738,25.8086]]]},"properties":{"rank_base":130,"score_base":34.5,"rank_with_scout":119,"score_with_scout":36.12,"scout_bonus":1.63,"scout_marks":0,"cobertura_campo":"sin encuesta","scout_marks_kinds":"","scout_anchor_marks_used":0,"pins_favorito":0,"pins_lock":0,"v2_rank":13,"score_v2":59.49,"delta_rank_v2_to_base":-117,"delta_rank_base_to_scout":11,"cause_main":"anclas","cause_anclas_pts":-13.15,"cause_competencia_pts":-8.22,"scout_cause":"competencia","cve_col":"19021_0061","municipio":"General Escobedo","colonia":"Gloria Mendiola","grado":"Alto","pob_conapo":3345,"viviendas_est":929,"D_star":0.5416,"A_star":0.0,"C_star":0.5723,"anclas_pond":8.65,"anclas_por_1000viv":9.31,"comp_n_300m":1,"comp_por_1000viv":1.076,"n_cerveza":1,"n_tortilleria":0,"n_banco_bienestar_azteca":0,"n_oxxo":0,"n_express":0,"n_iglesia":0,"n_escuela":0,"n_parada":1,"n_farmacia":0,"n_abarrotes":16,"comp_n_300m_with_scout":1,"cells_pos":55,"lat":25.80675,"lon":-100.381937,"rank_p10":76,"rank_p50":103,"rank_p90":127,"ancho_banda":51,"banda":"media","confianza":"baja","prob_top30":0.0,"prob_top30_estres":0.0,"comp_cero_desconocido":false,"n_est_sugeridas":2,"est":[[-100.38723,25.8063,2.3],[-100.37427,25.80811,1.5]]}},{"type":"Feature","geometry":{"type":"Polygon","coordinates":[[[-100.2388,25.5855],[-100.2384,25.5852],[-100.2361,25.5819],[-100.2351,25.5817],[-100.2342,25.5796],[-100.2355,25.5791],[-100.2361,25.5804],[-100.2396,25.579],[-100.2422,25.5786],[-100.2435,25.5815],[-100.2419,25.582],[-100.2429,25.5832],[-100.2432,25.584],[-100.24,25.5858],[-100.2388,25.5855]]]},"properties":{"rank_base":131,"score_base":34.42,"rank_with_scout":125,"score_with_scout":35.69,"scout_bonus":1.27,"scout_marks":0,"cobertura_campo":"sin encuesta","scout_marks_kinds":"","scout_anchor_marks_used":0,"pins_favorito":0,"pins_lock":0,"v2_rank":57,"score_v2":48.69,"delta_rank_v2_to_base":-74,"delta_rank_base_to_scout":6,"cause_main":"anclas","cause_anclas_pts":-5.56,"cause_competencia_pts":-5.07,"scout_cause":"competencia","cve_col":"19039_0525","municipio":"Monterrey","colonia":"Nueva Estanzuela","grado":"Medio","pob_conapo":3936,"viviendas_est":1093,"D_star":0.2913,"A_star":0.253,"C_star":0.494,"anclas_pond":20.5,"anclas_por_1000viv":18.75,"comp_n_300m":1,"comp_por_1000viv":0.915,"n_cerveza":1,"n_tortilleria":2,"n_banco_bienestar_azteca":1,"n_oxxo":0,"n_express":0,"n_iglesia":0,"n_escuela":1,"n_parada":5,"n_farmacia":1,"n_abarrotes":25,"comp_n_300m_with_scout":1,"cells_pos":34,"lat":25.58235,"lon":-100.239307,"rank_p10":82,"rank_p50":96,"rank_p90":114,"ancho_banda":32,"banda":"media","confianza":"baja","prob_top30":0.0,"prob_top30_estres":0.0,"comp_cero_desconocido":false,"n_est_sugeridas":1,"est":[[-100.23769,25.58013,6.0]]}},{"type":"Feature","geometry":{"type":"Polygon","coordinates":[[[-100.1678,25.6606],[-100.1645,25.6585],[-100.1651,25.6579],[-100.1666,25.6496],[-100.1695,25.6503],[-100.1681,25.6572],[-100.1694,25.6574],[-100.1685,25.661],[-100.1678,25.6606]]]},"properties":{"rank_base":132,"score_base":34.2,"rank_with_scout":134,"score_with_scout":33.83,"scout_bonus":-0.36,"scout_marks":0,"cobertura_campo":"sin encuesta","scout_marks_kinds":"","scout_anchor_marks_used":0,"pins_favorito":0,"pins_lock":0,"v2_rank":136,"score_v2":41.36,"delta_rank_v2_to_base":4,"delta_rank_base_to_scout":-2,"cause_main":"competencia","cause_anclas_pts":5.4,"cause_competencia_pts":-8.94,"scout_cause":"anclas","cve_col":"19026_0457","municipio":"Guadalupe","colonia":"Valles del Sol","grado":"Medio","pob_conapo":4837,"viviendas_est":1344,"D_star":0.2585,"A_star":0.6506,"C_star":0.8554,"anclas_pond":37.1,"anclas_por_1000viv":27.61,"comp_n_300m":3,"comp_por_1000viv":2.233,"n_cerveza":3,"n_tortilleria":10,"n_banco_bienestar_azteca":0,"n_oxxo":0,"n_express":1,"n_iglesia":0,"n_escuela":1,"n_parada":2,"n_farmacia":2,"n_abarrotes":39,"comp_n_300m_with_scout":3,"cells_pos":34,"lat":25.65375,"lon":-100.167325,"rank_p10":107,"rank_p50":118,"rank_p90":126,"ancho_banda":19,"banda":"estrecha","confianza":"media","prob_top30":0.0,"prob_top30_estres":0.0,"comp_cero_desconocido":false,"n_est_sugeridas":1,"est":[[-100.16691,25.65341,7.6]]}},{"type":"Feature","geometry":{"type":"Polygon","coordinates":[[[-100.3721,25.7703],[-100.3771,25.7695],[-100.3781,25.7711],[-100.3803,25.7736],[-100.376,25.7785],[-100.3721,25.7703]]]},"properties":{"rank_base":133,"score_base":33.77,"rank_with_scout":122,"score_with_scout":35.94,"scout_bonus":2.17,"scout_marks":6,"cobertura_campo":"parcial","scout_marks_kinds":"empeno:1;modelorama:3;otro:1;purificadora:1","scout_anchor_marks_used":8,"pins_favorito":0,"pins_lock":0,"v2_rank":72,"score_v2":46.64,"delta_rank_v2_to_base":-61,"delta_rank_base_to_scout":11,"cause_main":"anclas","cause_anclas_pts":-6.01,"cause_competencia_pts":-3.24,"scout_cause":"anclas","cve_col":"19039_0290","municipio":"Monterrey","colonia":"Fomerrey 113 (San Bernabe 9)","grado":"Medio","pob_conapo":7338,"viviendas_est":2038,"D_star":0.4285,"A_star":0.2651,"C_star":0.7108,"anclas_pond":38.5,"anclas_por_1000viv":18.89,"comp_n_300m":3,"comp_por_1000viv":1.472,"n_cerveza":1,"n_tortilleria":7,"n_banco_bienestar_azteca":0,"n_oxxo":0,"n_express":0,"n_iglesia":1,"n_escuela":3,"n_parada":1,"n_farmacia":3,"n_abarrotes":55,"comp_n_300m_with_scout":5,"cells_pos":41,"lat":25.77605,"lon":-100.376492,"rank_p10":93,"rank_p50":108,"rank_p90":122,"ancho_banda":29,"banda":"estrecha","confianza":"alta","prob_top30":0.0,"prob_top30_estres":0.0,"comp_cero_desconocido":false,"n_est_sugeridas":1,"est":[[-100.37427,25.77011,6.5]]}},{"type":"Feature","geometry":{"type":"Polygon","coordinates":[[[-100.2376,25.5896],[-100.2426,25.5869],[-100.2436,25.5869],[-100.2442,25.5863],[-100.245,25.5864],[-100.2458,25.5858],[-100.2462,25.5865],[-100.245,25.5869],[-100.2443,25.5865],[-100.243,25.5875],[-100.2437,25.5894],[-100.2467,25.5874],[-100.2475,25.5884],[-100.2466,25.5891],[-100.246,25.5883],[-100.2414,25.5917],[-100.2421,25.5916],[-100.2436,25.594],[-100.2436,25.5962],[-100.2422,25.5977],[-100.2407,25.5977],[-100.2379,25.5936],[-100.237,25.5903],[-100.2376,25.5896]]]},"properties":{"rank_base":134,"score_base":33.7,"rank_with_scout":128,"score_with_scout":35.15,"scout_bonus":1.45,"scout_marks":0,"cobertura_campo":"sin encuesta","scout_marks_kinds":"","scout_anchor_marks_used":0,"pins_favorito":0,"pins_lock":0,"v2_rank":43,"score_v2":51.2,"delta_rank_v2_to_base":-91,"delta_rank_base_to_scout":6,"cause_main":"anclas","cause_anclas_pts":-7.19,"cause_competencia_pts":-6.68,"scout_cause":"competencia","cve_col":"19039_0091","municipio":"Monterrey","colonia":"Bosques de La Estanzuela","grado":"Medio","pob_conapo":3631,"viviendas_est":1008,"D_star":0.3365,"A_star":0.1988,"C_star":0.5241,"anclas_pond":18.1,"anclas_por_1000viv":17.95,"comp_n_300m":1,"comp_por_1000viv":0.992,"n_cerveza":0,"n_tortilleria":1,"n_banco_bienestar_azteca":0,"n_oxxo":0,"n_express":2,"n_iglesia":0,"n_escuela":0,"n_parada":3,"n_farmacia":2,"n_abarrotes":29,"comp_n_300m_with_scout":1,"cells_pos":24,"lat":25.59265,"lon":-100.240199,"rank_p10":87,"rank_p50":103,"rank_p90":119,"ancho_banda":32,"banda":"media","confianza":"baja","prob_top30":0.0,"prob_top30_estres":0.0,"comp_cero_desconocido":false,"n_est_sugeridas":2,"est":[[-100.24168,25.59099,2.0],[-100.24567,25.58647,1.7]]}},{"type":"Feature","geometry":{"type":"Polygon","coordinates":[[[-100.3786,25.7533],[-100.382,25.7492],[-100.3845,25.7536],[-100.383,25.7559],[-100.3819,25.7582],[-100.3805,25.7551],[-100.3787,25.7542],[-100.3786,25.7533]]]},"properties":{"rank_base":135,"score_base":33.42,"rank_with_scout":137,"score_with_scout":32.88,"scout_bonus":-0.54,"scout_marks":0,"cobertura_campo":"sin encuesta","scout_marks_kinds":"","scout_anchor_marks_used":0,"pins_favorito":0,"pins_lock":0,"v2_rank":150,"score_v2":39.56,"delta_rank_v2_to_base":15,"delta_rank_base_to_scout":-2,"cause_main":"anclas","cause_anclas_pts":-2.38,"cause_competencia_pts":-0.12,"scout_cause":"anclas","cve_col":"19039_0297","municipio":"Monterrey","colonia":"Fomerrey 25","grado":"Medio","pob_conapo":3941,"viviendas_est":1095,"D_star":0.3431,"A_star":0.4398,"C_star":0.7831,"anclas_pond":25.3,"anclas_por_1000viv":23.11,"comp_n_300m":2,"comp_por_1000viv":1.827,"n_cerveza":0,"n_tortilleria":5,"n_banco_bienestar_azteca":0,"n_oxxo":0,"n_express":1,"n_iglesia":0,"n_escuela":2,"n_parada":1,"n_farmacia":1,"n_abarrotes":37,"comp_n_300m_with_scout":2,"cells_pos":28,"lat":25.7539,"lon":-100.381486,"rank_p10":105,"rank_p50":117,"rank_p90":126,"ancho_banda":21,"banda":"estrecha","confianza":"media","prob_top30":0.0,"prob_top30_estres":0.0,"comp_cero_desconocido":false,"n_est_sugeridas":1,"est":[[-100.38025,25.75473,4.8]]}},{"type":"Feature","geometry":{"type":"Polygon","coordinates":[[[-100.2792,25.6272],[-100.2827,25.6302],[-100.284,25.6292],[-100.2835,25.6283],[-100.2831,25.6273],[-100.2882,25.6274],[-100.2906,25.629],[-100.29,25.6316],[-100.2891,25.6314],[-100.2881,25.6324],[-100.2868,25.6313],[-100.2855,25.6326],[-100.2837,25.6311],[-100.2801,25.6319],[-100.277,25.6271],[-100.2792,25.6272]]]},"properties":{"rank_base":136,"score_base":33.26,"rank_with_scout":131,"score_with_scout":33.99,"scout_bonus":0.72,"scout_marks":0,"cobertura_campo":"sin encuesta","scout_marks_kinds":"","scout_anchor_marks_used":0,"pins_favorito":0,"pins_lock":0,"v2_rank":28,"score_v2":52.92,"delta_rank_v2_to_base":-108,"delta_rank_base_to_scout":5,"cause_main":"competencia","cause_anclas_pts":-6.87,"cause_competencia_pts":-9.15,"scout_cause":"competencia","cve_col":"19039_0711","municipio":"Monterrey","colonia":"Sierra Ventana","grado":"Medio","pob_conapo":9068,"viviendas_est":2519,"D_star":0.4521,"A_star":0.2349,"C_star":0.7289,"anclas_pond":47.05,"anclas_por_1000viv":18.68,"comp_n_300m":4,"comp_por_1000viv":1.588,"n_cerveza":3,"n_tortilleria":10,"n_banco_bienestar_azteca":0,"n_oxxo":1,"n_express":0,"n_iglesia":0,"n_escuela":3,"n_parada":1,"n_farmacia":1,"n_abarrotes":62,"comp_n_300m_with_scout":4,"cells_pos":45,"lat":25.6297,"lon":-100.286894,"rank_p10":98,"rank_p50":115,"rank_p90":129,"ancho_banda":31,"banda":"media","confianza":"baja","prob_top30":0.0,"prob_top30_estres":0.0,"comp_cero_desconocido":false,"n_est_sugeridas":1,"est":[[-100.28355,25.62989,7.9]]}},{"type":"Feature","geometry":{"type":"Polygon","coordinates":[[[-100.2209,25.6879],[-100.2216,25.6867],[-100.2234,25.6862],[-100.2235,25.6871],[-100.2257,25.6873],[-100.2258,25.6852],[-100.2275,25.6852],[-100.229,25.6847],[-100.2292,25.6833],[-100.2319,25.6828],[-100.2312,25.688],[-100.23,25.6884],[-100.2297,25.6888],[-100.222,25.6882],[-100.2209,25.6879]]]},"properties":{"rank_base":137,"score_base":33.19,"rank_with_scout":135,"score_with_scout":33.73,"scout_bonus":0.54,"scout_marks":0,"cobertura_campo":"sin encuesta","scout_marks_kinds":"","scout_anchor_marks_used":0,"pins_favorito":0,"pins_lock":0,"v2_rank":156,"score_v2":38.41,"delta_rank_v2_to_base":19,"delta_rank_base_to_scout":2,"cause_main":"competencia","cause_anclas_pts":5.21,"cause_competencia_pts":-6.8,"scout_cause":"competencia","cve_col":"19026_0183","municipio":"Guadalupe","colonia":"Ignacio Zaragoza","grado":"Medio","pob_conapo":3049,"viviendas_est":847,"D_star":0.0301,"A_star":0.6627,"C_star":0.5964,"anclas_pond":23.55,"anclas_por_1000viv":27.81,"comp_n_300m":1,"comp_por_1000viv":1.181,"n_cerveza":2,"n_tortilleria":3,"n_banco_bienestar_azteca":0,"n_oxxo":0,"n_express":1,"n_iglesia":0,"n_escuela":2,"n_parada":2,"n_farmacia":3,"n_abarrotes":27,"comp_n_300m_with_scout":1,"cells_pos":33,"lat":25.6857,"lon":-100.228643,"rank_p10":102,"rank_p50":118,"rank_p90":130,"ancho_banda":28,"banda":"estrecha","confianza":"media","prob_top30":0.0,"prob_top30_estres":0.0,"comp_cero_desconocido":false,"n_est_sugeridas":1,"est":[[-100.23071,25.68598,5.4]]}},{"type":"Feature","geometry":{"type":"Polygon","coordinates":[[[-100.3871,25.7986],[-100.3892,25.7998],[-100.3892,25.8016],[-100.3888,25.8024],[-100.3908,25.8057],[-100.3882,25.8067],[-100.3863,25.8041],[-100.385,25.8032],[-100.3848,25.8002],[-100.3871,25.7986]]]},"properties":{"rank_base":138,"score_base":32.83,"rank_with_scout":139,"score_with_scout":32.46,"scout_bonus":-0.36,"scout_marks":0,"cobertura_campo":"sin encuesta","scout_marks_kinds":"","scout_anchor_marks_used":0,"pins_favorito":0,"pins_lock":0,"v2_rank":82,"score_v2":45.66,"delta_rank_v2_to_base":-56,"delta_rank_base_to_scout":-1,"cause_main":"competencia","cause_anclas_pts":3.3,"cause_competencia_pts":-12.49,"scout_cause":"anclas","cve_col":"19021_0250","municipio":"General Escobedo","colonia":"Santa Martha","grado":"Medio","pob_conapo":3859,"viviendas_est":1072,"D_star":0.2559,"A_star":0.5482,"C_star":0.7952,"anclas_pond":26.35,"anclas_por_1000viv":24.58,"comp_n_300m":2,"comp_por_1000viv":1.866,"n_cerveza":2,"n_tortilleria":5,"n_banco_bienestar_azteca":0,"n_oxxo":1,"n_express":0,"n_iglesia":0,"n_escuela":0,"n_parada":0,"n_farmacia":1,"n_abarrotes":39,"comp_n_300m_with_scout":2,"cells_pos":29,"lat":25.8028,"lon":-100.387008,"rank_p10":117,"rank_p50":126,"rank_p90":133,"ancho_banda":16,"banda":"estrecha","confianza":"media","prob_top30":0.0,"prob_top30_estres":0.0,"comp_cero_desconocido":false,"n_est_sugeridas":1,"est":[[-100.38823,25.80177,6.4]]}},{"type":"Feature","geometry":{"type":"Polygon","coordinates":[[[-100.2683,25.6954],[-100.2683,25.6915],[-100.273,25.6914],[-100.273,25.689],[-100.2777,25.689],[-100.2777,25.6941],[-100.2683,25.6954]]]},"properties":{"rank_base":139,"score_base":32.56,"rank_with_scout":140,"score_with_scout":32.2,"scout_bonus":-0.36,"scout_marks":0,"cobertura_campo":"sin encuesta","scout_marks_kinds":"","scout_anchor_marks_used":0,"pins_favorito":0,"pins_lock":0,"v2_rank":145,"score_v2":40.32,"delta_rank_v2_to_base":6,"delta_rank_base_to_scout":-1,"cause_main":"competencia","cause_anclas_pts":10.63,"cause_competencia_pts":-14.77,"scout_cause":"anclas","cve_col":"19039_0784","municipio":"Monterrey","colonia":"Venustiano Carranza","grado":"Medio","pob_conapo":1870,"viviendas_est":520,"D_star":0.0549,"A_star":0.8193,"C_star":0.8072,"anclas_pond":17.25,"anclas_por_1000viv":33.2,"comp_n_300m":1,"comp_por_1000viv":1.925,"n_cerveza":0,"n_tortilleria":2,"n_banco_bienestar_azteca":0,"n_oxxo":0,"n_express":0,"n_iglesia":1,"n_escuela":3,"n_parada":1,"n_farmacia":0,"n_abarrotes":25,"comp_n_300m_with_scout":1,"cells_pos":41,"lat":25.6928,"lon":-100.273,"rank_p10":113,"rank_p50":126,"rank_p90":137,"ancho_banda":24,"banda":"estrecha","confianza":"media","prob_top30":0.0,"prob_top30_estres":0.0,"comp_cero_desconocido":false,"n_est_sugeridas":2,"est":[[-100.27458,25.69231,4.5],[-100.2686,25.69412,3.7]]}},{"type":"Feature","geometry":{"type":"Polygon","coordinates":[[[-100.3617,25.7359],[-100.3625,25.7345],[-100.3643,25.7329],[-100.3652,25.7332],[-100.3659,25.7313],[-100.3654,25.731],[-100.3666,25.7285],[-100.3677,25.7273],[-100.371,25.731],[-100.3663,25.7381],[-100.3659,25.7384],[-100.3617,25.7359]]]},"properties":{"rank_base":140,"score_base":32.51,"rank_with_scout":138,"score_with_scout":32.87,"scout_bonus":0.36,"scout_marks":0,"cobertura_campo":"sin encuesta","scout_marks_kinds":"","scout_anchor_marks_used":0,"pins_favorito":0,"pins_lock":0,"v2_rank":159,"score_v2":37.6,"delta_rank_v2_to_base":19,"delta_rank_base_to_scout":2,"cause_main":"anclas","cause_anclas_pts":-3.39,"cause_competencia_pts":1.94,"scout_cause":"competencia","cve_col":"19039_0038","municipio":"Monterrey","colonia":"Alvaro Obregon","grado":"Medio","pob_conapo":5547,"viviendas_est":1541,"D_star":0.126,"A_star":0.3253,"C_star":0.4096,"anclas_pond":30.85,"anclas_por_1000viv":20.02,"comp_n_300m":1,"comp_por_1000viv":0.649,"n_cerveza":2,"n_tortilleria":2,"n_banco_bienestar_azteca":1,"n_oxxo":1,"n_express":0,"n_iglesia":1,"n_escuela":2,"n_parada":4,"n_farmacia":3,"n_abarrotes":39,"comp_n_300m_with_scout":1,"cells_pos":50,"lat":25.7321,"lon":-100.367939,"rank_p10":87,"rank_p50":108,"rank_p90":125,"ancho_banda":38,"banda":"media","confianza":"baja","prob_top30":0.0,"prob_top30_estres":0.0,"comp_cero_desconocido":false,"n_est_sugeridas":2,"est":[[-100.36829,25.7285,5.0],[-100.3643,25.73664,3.9]]}},{"type":"Feature","geometry":{"type":"Polygon","coordinates":[[[-100.2391,25.7408],[-100.2391,25.7406],[-100.2451,25.7382],[-100.2466,25.7411],[-100.2474,25.7414],[-100.2458,25.7421],[-100.2439,25.7446],[-100.2391,25.7408]]]},"properties":{"rank_base":141,"score_base":32.35,"rank_with_scout":136,"score_with_scout":32.89,"scout_bonus":0.54,"scout_marks":0,"cobertura_campo":"sin encuesta","scout_marks_kinds":"","scout_anchor_marks_used":0,"pins_favorito":0,"pins_lock":0,"v2_rank":127,"score_v2":41.78,"delta_rank_v2_to_base":-14,"delta_rank_base_to_scout":5,"cause_main":"anclas","cause_anclas_pts":-8.36,"cause_competencia_pts":2.56,"scout_cause":"competencia","cve_col":"19046_0292","municipio":"San Nicolás de los Garza","colonia":"Valle del Mezquital","grado":"Medio","pob_conapo":3637,"viviendas_est":1010,"D_star":0.149,"A_star":0.3976,"C_star":0.5181,"anclas_pond":22.55,"anclas_por_1000viv":22.32,"comp_n_300m":1,"comp_por_1000viv":0.99,"n_cerveza":1,"n_tortilleria":3,"n_banco_bienestar_azteca":0,"n_oxxo":0,"n_express":1,"n_iglesia":0,"n_escuela":4,"n_parada":2,"n_farmacia":0,"n_abarrotes":27,"comp_n_300m_with_scout":1,"cells_pos":28,"lat":25.74175,"lon":-100.24345,"rank_p10":98,"rank_p50":111,"rank_p90":122,"ancho_banda":24,"banda":"estrecha","confianza":"media","prob_top30":0.0,"prob_top30_estres":0.0,"comp_cero_desconocido":false,"n_est_sugeridas":1,"est":[[-100.24367,25.74388,4.4]]}},{"type":"Feature","geometry":{"type":"Polygon","coordinates":[[[-100.2731,25.7269],[-100.266,25.7297],[-100.266,25.7275],[-100.2679,25.7269],[-100.2729,25.7266],[-100.2731,25.7269]]]},"properties":{"rank_base":142,"score_base":32.27,"rank_with_scout":142,"score_with_scout":31.55,"scout_bonus":-0.72,"scout_marks":0,"cobertura_campo":"sin encuesta","scout_marks_kinds":"","scout_anchor_marks_used":0,"pins_favorito":0,"pins_lock":0,"v2_rank":124,"score_v2":42.09,"delta_rank_v2_to_base":-18,"delta_rank_base_to_scout":0,"cause_main":"competencia","cause_anclas_pts":4.0,"cause_competencia_pts":-10.19,"scout_cause":"anclas","cve_col":"19046_0147","municipio":"San Nicolás de los Garza","colonia":"Lagos de Chapultepec","grado":"Medio","pob_conapo":1581,"viviendas_est":439,"D_star":0.1517,"A_star":0.741,"C_star":0.8675,"anclas_pond":13.35,"anclas_por_1000viv":30.4,"comp_n_300m":1,"comp_por_1000viv":2.277,"n_cerveza":0,"n_tortilleria":3,"n_banco_bienestar_azteca":0,"n_oxxo":0,"n_express":0,"n_iglesia":0,"n_escuela":2,"n_parada":0,"n_farmacia":0,"n_abarrotes":19,"comp_n_300m_with_scout":1,"cells_pos":11,"lat":25.7286,"lon":-100.267395,"rank_p10":110,"rank_p50":125,"rank_p90":134,"ancho_banda":24,"banda":"estrecha","confianza":"media","prob_top30":0.0,"prob_top30_estres":0.0,"comp_cero_desconocido":false,"n_est_sugeridas":1,"est":[[-100.27258,25.72669,4.2]]}},{"type":"Feature","geometry":{"type":"Polygon","coordinates":[[[-100.5921,25.8323],[-100.5893,25.8324],[-100.5884,25.827],[-100.5913,25.8272],[-100.5931,25.8289],[-100.5991,25.8289],[-100.599,25.8311],[-100.5944,25.8311],[-100.5946,25.8325],[-100.5921,25.8323]]]},"properties":{"rank_base":143,"score_base":31.83,"rank_with_scout":141,"score_with_scout":31.64,"scout_bonus":-0.18,"scout_marks":0,"cobertura_campo":"sin encuesta","scout_marks_kinds":"","scout_anchor_marks_used":0,"pins_favorito":0,"pins_lock":0,"v2_rank":69,"score_v2":47.08,"delta_rank_v2_to_base":-74,"delta_rank_base_to_scout":2,"cause_main":"competencia","cause_anclas_pts":4.3,"cause_competencia_pts":-15.92,"scout_cause":"anclas","cve_col":"19018_0010","municipio":"García","colonia":"Brisas Residencial","grado":"Medio","pob_conapo":1983,"viviendas_est":551,"D_star":0.0863,"A_star":0.7169,"C_star":0.7711,"anclas_pond":16.5,"anclas_por_1000viv":29.96,"comp_n_300m":1,"comp_por_1000viv":1.815,"n_cerveza":0,"n_tortilleria":0,"n_banco_bienestar_azteca":0,"n_oxxo":0,"n_express":0,"n_iglesia":0,"n_escuela":2,"n_parada":6,"n_farmacia":0,"n_abarrotes":25,"comp_n_300m_with_scout":1,"cells_pos":31,"lat":25.83,"lon":-100.593975,"rank_p10":118,"rank_p50":128,"rank_p90":136,"ancho_banda":18,"banda":"estrecha","confianza":"media","prob_top30":0.0,"prob_top30_estres":0.0,"comp_cero_desconocido":false,"n_est_sugeridas":1,"est":[[-100.5926,25.83163,5.2]]}},{"type":"Feature","geometry":{"type":"Polygon","coordinates":[[[-100.309,25.6483],[-100.3106,25.6493],[-100.3109,25.6481],[-100.3118,25.6486],[-100.3129,25.6463],[-100.3155,25.648],[-100.3142,25.6492],[-100.3137,25.6506],[-100.3114,25.6503],[-100.3113,25.6507],[-100.3081,25.6507],[-100.308,25.6492],[-100.309,25.6483]]]},"properties":{"rank_base":144,"score_base":31.81,"rank_with_scout":143,"score_with_scout":31.45,"scout_bonus":-0.36,"scout_marks":0,"cobertura_campo":"sin encuesta","scout_marks_kinds":"","scout_anchor_marks_used":0,"pins_favorito":0,"pins_lock":0,"v2_rank":129,"score_v2":41.65,"delta_rank_v2_to_base":-15,"delta_rank_base_to_scout":1,"cause_main":"competencia","cause_anclas_pts":6.91,"cause_competencia_pts":-13.11,"scout_cause":"anclas","cve_col":"19039_0039","municipio":"Monterrey","colonia":"America 2","grado":"Medio","pob_conapo":1814,"viviendas_est":504,"D_star":0.1628,"A_star":0.6687,"C_star":0.8253,"anclas_pond":14.05,"anclas_por_1000viv":27.88,"comp_n_300m":1,"comp_por_1000viv":1.985,"n_cerveza":0,"n_tortilleria":2,"n_banco_bienestar_azteca":0,"n_oxxo":0,"n_express":0,"n_iglesia":0,"n_escuela":2,"n_parada":1,"n_farmacia":0,"n_abarrotes":22,"comp_n_300m_with_scout":1,"cells_pos":17,"lat":25.64845,"lon":-100.313442,"rank_p10":125,"rank_p50":133,"rank_p90":139,"ancho_banda":14,"banda":"estrecha","confianza":"media","prob_top30":0.0,"prob_top30_estres":0.0,"comp_cero_desconocido":false,"n_est_sugeridas":1,"est":[[-100.31246,25.64979,3.6]]}},{"type":"Feature","geometry":{"type":"Polygon","coordinates":[[[-100.6073,25.8135],[-100.6128,25.813],[-100.6142,25.8122],[-100.6148,25.8121],[-100.6147,25.8141],[-100.619,25.8161],[-100.6182,25.8182],[-100.6166,25.8182],[-100.6123,25.819],[-100.6113,25.8197],[-100.6124,25.8227],[-100.6181,25.8242],[-100.6185,25.8259],[-100.6162,25.8256],[-100.6115,25.8257],[-100.6062,25.8267],[-100.604,25.8269],[-100.6059,25.8202],[-100.6067,25.8185],[-100.6059,25.8175],[-100.6066,25.8165],[-100.6073,25.8135]],[[-100.6124,25.8155],[-100.6118,25.8163],[-100.6138,25.8175],[-100.6149,25.8148],[-100.6137,25.8142],[-100.6124,25.8155]]]},"properties":{"rank_base":145,"score_base":30.88,"rank_with_scout":149,"score_with_scout":29.97,"scout_bonus":-0.9,"scout_marks":0,"cobertura_campo":"sin encuesta","scout_marks_kinds":"","scout_anchor_marks_used":0,"pins_favorito":0,"pins_lock":0,"v2_rank":110,"score_v2":43.51,"delta_rank_v2_to_base":-35,"delta_rank_base_to_scout":-4,"cause_main":"competencia","cause_anclas_pts":11.61,"cause_competencia_pts":-20.61,"scout_cause":"anclas","cve_col":"19018_0003","municipio":"García","colonia":"Ampliacion Cerritos","grado":"Medio","pob_conapo":1832,"viviendas_est":509,"D_star":0.1168,"A_star":0.8253,"C_star":0.9518,"anclas_pond":16.9,"anclas_por_1000viv":33.21,"comp_n_300m":2,"comp_por_1000viv":3.93,"n_cerveza":2,"n_tortilleria":1,"n_banco_bienestar_azteca":0,"n_oxxo":2,"n_express":1,"n_iglesia":0,"n_escuela":1,"n_parada":3,"n_farmacia":0,"n_abarrotes":16,"comp_n_300m_with_scout":2,"cells_pos":44,"lat":25.81935,"lon":-100.60905,"rank_p10":130,"rank_p50":141,"rank_p90":149,"ancho_banda":19,"banda":"estrecha","confianza":"media","prob_top30":0.0,"prob_top30_estres":0.0,"comp_cero_desconocido":false,"n_est_sugeridas":1,"est":[[-100.61254,25.81534,4.3]]}},{"type":"Feature","geometry":{"type":"MultiPolygon","coordinates":[[[[-100.2115,25.6411],[-100.2131,25.6393],[-100.2135,25.637],[-100.2177,25.6391],[-100.2164,25.6414],[-100.2161,25.6429],[-100.2154,25.6424],[-100.2144,25.6435],[-100.2126,25.6434],[-100.213,25.6413],[-100.2115,25.6411]]],[[[-100.2334,25.6689],[-100.2357,25.6693],[-100.2353,25.6712],[-100.2336,25.671],[-100.2332,25.6725],[-100.2318,25.6724],[-100.2321,25.6704],[-100.2328,25.6689],[-100.2334,25.6689]]]]},"properties":{"rank_base":146,"score_base":30.78,"rank_with_scout":144,"score_with_scout":31.32,"scout_bonus":0.54,"scout_marks":0,"cobertura_campo":"sin encuesta","scout_marks_kinds":"","scout_anchor_marks_used":0,"pins_favorito":0,"pins_lock":0,"v2_rank":61,"score_v2":48.23,"delta_rank_v2_to_base":-85,"delta_rank_base_to_scout":2,"cause_main":"competencia","cause_anclas_pts":-2.67,"cause_competencia_pts":-11.15,"scout_cause":"competencia","cve_col":"19026_0460","municipio":"Guadalupe","colonia":"Vicente Ferrer","grado":"Medio","pob_conapo":2082,"viviendas_est":578,"D_star":0.3131,"A_star":0.3494,"C_star":0.741,"anclas_pond":11.95,"anclas_por_1000viv":20.66,"comp_n_300m":1,"comp_por_1000viv":1.729,"n_cerveza":0,"n_tortilleria":0,"n_banco_bienestar_azteca":0,"n_oxxo":1,"n_express":0,"n_iglesia":0,"n_escuela":2,"n_parada":1,"n_farmacia":2,"n_abarrotes":18,"comp_n_300m_with_scout":1,"cells_pos":18,"lat":25.6402,"lon":-100.214689,"rank_p10":126,"rank_p50":134,"rank_p90":140,"ancho_banda":14,"banda":"estrecha","confianza":"media","prob_top30":0.0,"prob_top30_estres":0.0,"comp_cero_desconocido":false,"n_est_sugeridas":2,"est":[[-100.21377,25.64346,4.0],[-100.23271,25.66969,3.2]]}},{"type":"Feature","geometry":{"type":"Polygon","coordinates":[[[-100.2361,25.5819],[-100.2384,25.5852],[-100.234,25.5879],[-100.2329,25.5867],[-100.2326,25.5838],[-100.2361,25.5819]]]},"properties":{"rank_base":147,"score_base":30.17,"rank_with_scout":148,"score_with_scout":29.99,"scout_bonus":-0.18,"scout_marks":0,"cobertura_campo":"sin encuesta","scout_marks_kinds":"","scout_anchor_marks_used":0,"pins_favorito":0,"pins_lock":0,"v2_rank":112,"score_v2":43.33,"delta_rank_v2_to_base":-35,"delta_rank_base_to_scout":-1,"cause_main":"competencia","cause_anclas_pts":5.83,"cause_competencia_pts":-15.35,"scout_cause":"anclas","cve_col":"19039_0521","municipio":"Monterrey","colonia":"Nogales de La Sierra","grado":"Medio","pob_conapo":1835,"viviendas_est":510,"D_star":0.1443,"A_star":0.6325,"C_star":0.8193,"anclas_pond":13.95,"anclas_por_1000viv":27.37,"comp_n_300m":1,"comp_por_1000viv":1.962,"n_cerveza":0,"n_tortilleria":2,"n_banco_bienestar_azteca":1,"n_oxxo":0,"n_express":0,"n_iglesia":0,"n_escuela":0,"n_parada":0,"n_farmacia":2,"n_abarrotes":23,"comp_n_300m_with_scout":1,"cells_pos":23,"lat":25.5845,"lon":-100.235292,"rank_p10":126,"rank_p50":135,"rank_p90":142,"ancho_banda":16,"banda":"estrecha","confianza":"media","prob_top30":0.0,"prob_top30_estres":0.0,"comp_cero_desconocido":false,"n_est_sugeridas":1,"est":[[-100.2347,25.58285,5.3]]}},{"type":"Feature","geometry":{"type":"Polygon","coordinates":[[[-100.1864,25.6418],[-100.1872,25.6366],[-100.1898,25.6369],[-100.1924,25.6354],[-100.1952,25.6357],[-100.1908,25.6408],[-100.1894,25.6427],[-100.1878,25.6417],[-100.1864,25.6418]]]},"properties":{"rank_base":148,"score_base":29.76,"rank_with_scout":145,"score_with_scout":31.02,"scout_bonus":1.27,"scout_marks":0,"cobertura_campo":"sin encuesta","scout_marks_kinds":"","scout_anchor_marks_used":0,"pins_favorito":0,"pins_lock":0,"v2_rank":102,"score_v2":44.0,"delta_rank_v2_to_base":-46,"delta_rank_base_to_scout":3,"cause_main":"anclas","cause_anclas_pts":-6.46,"cause_competencia_pts":-4.15,"scout_cause":"competencia","cve_col":"19026_0426","municipio":"Guadalupe","colonia":"Tierra Propia 2Do Sector","grado":"Medio","pob_conapo":5555,"viviendas_est":1543,"D_star":0.3102,"A_star":0.2229,"C_star":0.6446,"anclas_pond":28.1,"anclas_por_1000viv":18.21,"comp_n_300m":2,"comp_por_1000viv":1.296,"n_cerveza":2,"n_tortilleria":5,"n_banco_bienestar_azteca":0,"n_oxxo":0,"n_express":1,"n_iglesia":0,"n_escuela":0,"n_parada":1,"n_farmacia":3,"n_abarrotes":39,"comp_n_300m_with_scout":2,"cells_pos":36,"lat":25.63885,"lon":-100.189668,"rank_p10":116,"rank_p50":129,"rank_p90":138,"ancho_banda":22,"banda":"estrecha","confianza":"media","prob_top30":0.0,"prob_top30_estres":0.0,"comp_cero_desconocido":false,"n_est_sugeridas":1,"est":[[-100.18685,25.63894,5.5]]}},{"type":"Feature","geometry":{"type":"Polygon","coordinates":[[[-100.6346,25.8061],[-100.632,25.8052],[-100.6333,25.803],[-100.6386,25.8055],[-100.639,25.8082],[-100.6386,25.8083],[-100.6346,25.8061]]]},"properties":{"rank_base":149,"score_base":29.65,"rank_with_scout":147,"score_with_scout":30.01,"scout_bonus":0.36,"scout_marks":0,"cobertura_campo":"sin encuesta","scout_marks_kinds":"","scout_anchor_marks_used":0,"pins_favorito":0,"pins_lock":0,"v2_rank":66,"score_v2":47.38,"delta_rank_v2_to_base":-83,"delta_rank_base_to_scout":2,"cause_main":"competencia","cause_anclas_pts":-2.31,"cause_competencia_pts":-11.79,"scout_cause":"competencia","cve_col":"19018_0146","municipio":"García","colonia":"Renacimiento","grado":"Alto","pob_conapo":2496,"viviendas_est":693,"D_star":0.2352,"A_star":0.3614,"C_star":0.6867,"anclas_pond":14.55,"anclas_por_1000viv":20.98,"comp_n_300m":1,"comp_por_1000viv":1.442,"n_cerveza":0,"n_tortilleria":3,"n_banco_bienestar_azteca":0,"n_oxxo":0,"n_express":1,"n_iglesia":0,"n_escuela":1,"n_parada":0,"n_farmacia":0,"n_abarrotes":22,"comp_n_300m_with_scout":1,"cells_pos":16,"lat":25.8058,"lon":-100.636189,"rank_p10":124,"rank_p50":132,"rank_p90":138,"ancho_banda":14,"banda":"estrecha","confianza":"media","prob_top30":0.0,"prob_top30_estres":0.0,"comp_cero_desconocido":false,"n_est_sugeridas":1,"est":[[-100.63646,25.80539,5.9]]}},{"type":"Feature","geometry":{"type":"Polygon","coordinates":[[[-100.1131,25.6441],[-100.1144,25.6428],[-100.1194,25.6435],[-100.1167,25.6482],[-100.1129,25.6455],[-100.1131,25.6441]]]},"properties":{"rank_base":150,"score_base":29.22,"rank_with_scout":153,"score_with_scout":28.14,"scout_bonus":-1.08,"scout_marks":0,"cobertura_campo":"sin encuesta","scout_marks_kinds":"","scout_anchor_marks_used":0,"pins_favorito":0,"pins_lock":0,"v2_rank":107,"score_v2":43.66,"delta_rank_v2_to_base":-43,"delta_rank_base_to_scout":-3,"cause_main":"competencia","cause_anclas_pts":6.08,"cause_competencia_pts":-16.88,"scout_cause":"anclas","cve_col":"19031_0097","municipio":"Juárez","colonia":"Los Encinos","grado":"Medio","pob_conapo":2864,"viviendas_est":796,"D_star":0.1251,"A_star":0.7349,"C_star":0.9277,"anclas_pond":24.05,"anclas_por_1000viv":30.23,"comp_n_300m":3,"comp_por_1000viv":3.77,"n_cerveza":3,"n_tortilleria":3,"n_banco_bienestar_azteca":0,"n_oxxo":2,"n_express":1,"n_iglesia":0,"n_escuela":2,"n_parada":2,"n_farmacia":1,"n_abarrotes":22,"comp_n_300m_with_scout":3,"cells_pos":24,"lat":25.64685,"lon":-100.116138,"rank_p10":132,"rank_p50":142,"rank_p90":151,"ancho_banda":19,"banda":"estrecha","confianza":"media","prob_top30":0.0,"prob_top30_estres":0.0,"comp_cero_desconocido":false,"n_est_sugeridas":1,"est":[[-100.11607,25.64527,5.7]]}},{"type":"Feature","geometry":{"type":"Polygon","coordinates":[[[-100.1905,25.6913],[-100.1945,25.6905],[-100.1961,25.6908],[-100.1967,25.6908],[-100.198,25.6911],[-100.1999,25.6913],[-100.2016,25.6899],[-100.2015,25.6948],[-100.1944,25.6942],[-100.1945,25.6969],[-100.1903,25.6966],[-100.1905,25.6913]]]},"properties":{"rank_base":151,"score_base":29.2,"rank_with_scout":146,"score_with_scout":31.01,"scout_bonus":1.81,"scout_marks":0,"cobertura_campo":"sin encuesta","scout_marks_kinds":"","scout_anchor_marks_used":0,"pins_favorito":0,"pins_lock":0,"v2_rank":75,"score_v2":46.12,"delta_rank_v2_to_base":-76,"delta_rank_base_to_scout":5,"cause_main":"anclas","cause_anclas_pts":-10.62,"cause_competencia_pts":-2.67,"scout_cause":"competencia","cve_col":"19026_0381","municipio":"Guadalupe","colonia":"Riberas de La Silla","grado":"Medio","pob_conapo":4561,"viviendas_est":1267,"D_star":0.2692,"A_star":0.0843,"C_star":0.4699,"anclas_pond":19.4,"anclas_por_1000viv":15.31,"comp_n_300m":1,"comp_por_1000viv":0.789,"n_cerveza":1,"n_tortilleria":4,"n_banco_bienestar_azteca":0,"n_oxxo":0,"n_express":0,"n_iglesia":1,"n_escuela":2,"n_parada":2,"n_farmacia":0,"n_abarrotes":21,"comp_n_300m_with_scout":1,"cells_pos":43,"lat":25.69275,"lon":-100.195994,"rank_p10":98,"rank_p50":119,"rank_p90":134,"ancho_banda":36,"banda":"media","confianza":"baja","prob_top30":0.0,"prob_top30_estres":0.0,"comp_cero_desconocido":false,"n_est_sugeridas":1,"est":[[-100.19084,25.69502,5.5]]}},{"type":"Feature","geometry":{"type":"Polygon","coordinates":[[[-100.3862,25.7579],[-100.383,25.7559],[-100.3845,25.7536],[-100.3852,25.754],[-100.386,25.7532],[-100.3889,25.7549],[-100.387,25.7566],[-100.3868,25.7582],[-100.3862,25.7579]]]},"properties":{"rank_base":152,"score_base":29.09,"rank_with_scout":152,"score_with_scout":28.37,"scout_bonus":-0.72,"scout_marks":0,"cobertura_campo":"sin encuesta","scout_marks_kinds":"","scout_anchor_marks_used":0,"pins_favorito":0,"pins_lock":0,"v2_rank":163,"score_v2":34.36,"delta_rank_v2_to_base":11,"delta_rank_base_to_scout":0,"cause_main":"competencia","cause_anclas_pts":3.48,"cause_competencia_pts":-5.11,"scout_cause":"anclas","cve_col":"19039_0300","municipio":"Monterrey","colonia":"Fomerrey 51","grado":"Medio","pob_conapo":2737,"viviendas_est":760,"D_star":0.2349,"A_star":0.5542,"C_star":0.8976,"anclas_pond":18.7,"anclas_por_1000viv":24.59,"comp_n_300m":2,"comp_por_1000viv":2.63,"n_cerveza":1,"n_tortilleria":2,"n_banco_bienestar_azteca":0,"n_oxxo":0,"n_express":0,"n_iglesia":0,"n_escuela":1,"n_parada":0,"n_farmacia":1,"n_abarrotes":33,"comp_n_300m_with_scout":2,"cells_pos":15,"lat":25.7554,"lon":-100.385834,"rank_p10":130,"rank_p50":140,"rank_p90":148,"ancho_banda":18,"banda":"estrecha","confianza":"media","prob_top30":0.0,"prob_top30_estres":0.0,"comp_cero_desconocido":false,"n_est_sugeridas":1,"est":[[-100.38623,25.75745,4.3]]}},{"type":"Feature","geometry":{"type":"Polygon","coordinates":[[[-100.4568,25.6922],[-100.4594,25.693],[-100.4569,25.6978],[-100.4544,25.6966],[-100.4568,25.6922]]]},"properties":{"rank_base":153,"score_base":28.28,"rank_with_scout":154,"score_with_scout":27.56,"scout_bonus":-0.72,"scout_marks":0,"cobertura_campo":"sin encuesta","scout_marks_kinds":"","scout_anchor_marks_used":0,"pins_favorito":0,"pins_lock":0,"v2_rank":125,"score_v2":41.98,"delta_rank_v2_to_base":-28,"delta_rank_base_to_scout":-1,"cause_main":"competencia","cause_anclas_pts":4.53,"cause_competencia_pts":-14.58,"scout_cause":"anclas","cve_col":"19048_0120","municipio":"Santa Catarina","colonia":"Lomas del Poniente 1Er Sector","grado":"Medio","pob_conapo":2405,"viviendas_est":668,"D_star":0.2055,"A_star":0.6446,"C_star":0.9759,"anclas_pond":18.4,"anclas_por_1000viv":27.55,"comp_n_300m":3,"comp_por_1000viv":4.491,"n_cerveza":0,"n_tortilleria":4,"n_banco_bienestar_azteca":0,"n_oxxo":1,"n_express":0,"n_iglesia":0,"n_escuela":1,"n_parada":2,"n_farmacia":3,"n_abarrotes":21,"comp_n_300m_with_scout":3,"cells_pos":16,"lat":25.6948,"lon":-100.456922,"rank_p10":137,"rank_p50":145,"rank_p90":152,"ancho_banda":15,"banda":"estrecha","confianza":"media","prob_top30":0.0,"prob_top30_estres":0.0,"comp_cero_desconocido":false,"n_est_sugeridas":1,"est":[[-100.45702,25.69683,4.9]]}},{"type":"Feature","geometry":{"type":"Polygon","coordinates":[[[-100.3545,25.7341],[-100.3553,25.7329],[-100.3565,25.7317],[-100.3575,25.7321],[-100.3598,25.7323],[-100.3599,25.7322],[-100.3612,25.7337],[-100.3625,25.7345],[-100.3617,25.7359],[-100.3602,25.7366],[-100.3589,25.7358],[-100.3573,25.737],[-100.3569,25.7356],[-100.3545,25.7341]]]},"properties":{"rank_base":154,"score_base":28.22,"rank_with_scout":151,"score_with_scout":28.76,"scout_bonus":0.54,"scout_marks":0,"cobertura_campo":"sin encuesta","scout_marks_kinds":"","scout_anchor_marks_used":0,"pins_favorito":0,"pins_lock":0,"v2_rank":56,"score_v2":48.7,"delta_rank_v2_to_base":-98,"delta_rank_base_to_scout":3,"cause_main":"competencia","cause_anclas_pts":-7.55,"cause_competencia_pts":-9.3,"scout_cause":"competencia","cve_col":"19039_0319","municipio":"Monterrey","colonia":"Genaro Vazquez Rojas","grado":"Medio","pob_conapo":3968,"viviendas_est":1102,"D_star":0.3892,"A_star":0.1867,"C_star":0.7651,"anclas_pond":19.65,"anclas_por_1000viv":17.83,"comp_n_300m":2,"comp_por_1000viv":1.815,"n_cerveza":1,"n_tortilleria":3,"n_banco_bienestar_azteca":0,"n_oxxo":1,"n_express":0,"n_iglesia":0,"n_escuela":1,"n_parada":0,"n_farmacia":0,"n_abarrotes":31,"comp_n_300m_with_scout":2,"cells_pos":24,"lat":25.7343,"lon":-100.358497,"rank_p10":132,"rank_p50":141,"rank_p90":147,"ancho_banda":15,"banda":"estrecha","confianza":"media","prob_top30":0.0,"prob_top30_estres":0.0,"comp_cero_desconocido":false,"n_est_sugeridas":1,"est":[[-100.36131,25.73392,5.2]],"metro_cerca":{"n":"Unidad Modelo","l":"L1","d":898,"i":0.1683}}},{"type":"Feature","geometry":{"type":"Polygon","coordinates":[[[-100.1828,25.7883],[-100.1829,25.7896],[-100.1846,25.7898],[-100.1853,25.7878],[-100.184,25.7875],[-100.1874,25.7859],[-100.1878,25.7866],[-100.1896,25.7858],[-100.1913,25.7887],[-100.1869,25.7901],[-100.1837,25.7922],[-100.1814,25.7912],[-100.1816,25.7885],[-100.1828,25.7883]]]},"properties":{"rank_base":155,"score_base":25.24,"rank_with_scout":157,"score_with_scout":23.8,"scout_bonus":-1.45,"scout_marks":0,"cobertura_campo":"sin encuesta","scout_marks_kinds":"","scout_anchor_marks_used":0,"pins_favorito":0,"pins_lock":0,"v2_rank":134,"score_v2":41.42,"delta_rank_v2_to_base":-21,"delta_rank_base_to_scout":-2,"cause_main":"competencia","cause_anclas_pts":3.75,"cause_competencia_pts":-16.29,"scout_cause":"anclas","cve_col":"19006_0312","municipio":"Apodaca","colonia":"Novapodaca","grado":"Medio","pob_conapo":1906,"viviendas_est":530,"D_star":0.0482,"A_star":0.7771,"C_star":1.0,"anclas_pond":16.45,"anclas_por_1000viv":31.07,"comp_n_300m":4,"comp_por_1000viv":7.554,"n_cerveza":2,"n_tortilleria":1,"n_banco_bienestar_azteca":0,"n_oxxo":2,"n_express":0,"n_iglesia":0,"n_escuela":3,"n_parada":2,"n_farmacia":1,"n_abarrotes":13,"comp_n_300m_with_scout":4,"cells_pos":19,"lat":25.78915,"lon":-100.187357,"rank_p10":147,"rank_p50":154,"rank_p90":158,"ancho_banda":11,"banda":"estrecha","confianza":"media","prob_top30":0.0,"prob_top30_estres":0.0,"comp_cero_desconocido":false,"n_est_sugeridas":1,"est":[[-100.18585,25.7873,5.3]]}},{"type":"Feature","geometry":{"type":"Polygon","coordinates":[[[-100.1707,25.7057],[-100.1693,25.7055],[-100.1609,25.7057],[-100.161,25.7036],[-100.1626,25.7038],[-100.1627,25.703],[-100.1642,25.7032],[-100.1643,25.6966],[-100.1727,25.6993],[-100.172,25.7058],[-100.1707,25.7057]]]},"properties":{"rank_base":156,"score_base":24.4,"rank_with_scout":155,"score_with_scout":26.03,"scout_bonus":1.63,"scout_marks":0,"cobertura_campo":"sin encuesta","scout_marks_kinds":"","scout_anchor_marks_used":0,"pins_favorito":0,"pins_lock":0,"v2_rank":58,"score_v2":48.58,"delta_rank_v2_to_base":-98,"delta_rank_base_to_scout":1,"cause_main":"competencia","cause_anclas_pts":-10.08,"cause_competencia_pts":-10.46,"scout_cause":"competencia","cve_col":"19026_0448","municipio":"Guadalupe","colonia":"Valle Soleado","grado":"Medio","pob_conapo":8105,"viviendas_est":2252,"D_star":0.2757,"A_star":0.1024,"C_star":0.6566,"anclas_pond":35.5,"anclas_por_1000viv":15.77,"comp_n_300m":3,"comp_por_1000viv":1.332,"n_cerveza":2,"n_tortilleria":4,"n_banco_bienestar_azteca":0,"n_oxxo":0,"n_express":0,"n_iglesia":0,"n_escuela":3,"n_parada":4,"n_farmacia":3,"n_abarrotes":50,"comp_n_300m_with_scout":3,"cells_pos":51,"lat":25.70115,"lon":-100.168366,"rank_p10":137,"rank_p50":144,"rank_p90":149,"ancho_banda":12,"banda":"estrecha","confianza":"media","prob_top30":0.0,"prob_top30_estres":0.0,"comp_cero_desconocido":false,"n_est_sugeridas":2,"est":[[-100.16591,25.70498,6.8],[-100.16492,25.69774,4.1]]}},{"type":"Feature","geometry":{"type":"Polygon","coordinates":[[[-100.4277,25.8459],[-100.4255,25.8438],[-100.4244,25.8441],[-100.4244,25.8451],[-100.4227,25.8452],[-100.4218,25.8441],[-100.4215,25.8424],[-100.4257,25.8406],[-100.4295,25.8441],[-100.4277,25.8459]]]},"properties":{"rank_base":157,"score_base":23.07,"rank_with_scout":156,"score_with_scout":23.97,"scout_bonus":0.9,"scout_marks":0,"cobertura_campo":"sin encuesta","scout_marks_kinds":"","scout_anchor_marks_used":0,"pins_favorito":0,"pins_lock":0,"v2_rank":139,"score_v2":41.2,"delta_rank_v2_to_base":-18,"delta_rank_base_to_scout":1,"cause_main":"competencia","cause_anclas_pts":-2.12,"cause_competencia_pts":-12.37,"scout_cause":"competencia","cve_col":"19021_0071","municipio":"General Escobedo","colonia":"Hacienda San Miguel, Sector Palmiras","grado":"Medio","pob_conapo":2811,"viviendas_est":781,"D_star":0.03,"A_star":0.3675,"C_star":0.6386,"anclas_pond":17.05,"anclas_por_1000viv":21.84,"comp_n_300m":1,"comp_por_1000viv":1.281,"n_cerveza":0,"n_tortilleria":2,"n_banco_bienestar_azteca":0,"n_oxxo":0,"n_express":0,"n_iglesia":0,"n_escuela":0,"n_parada":1,"n_farmacia":2,"n_abarrotes":32,"comp_n_300m_with_scout":1,"cells_pos":20,"lat":25.8431,"lon":-100.425019,"rank_p10":142,"rank_p50":148,"rank_p90":152,"ancho_banda":10,"banda":"estrecha","confianza":"media","prob_top30":0.0,"prob_top30_estres":0.0,"comp_cero_desconocido":false,"n_est_sugeridas":1,"est":[[-100.42711,25.84429,4.8]]}},{"type":"Feature","geometry":{"type":"Polygon","coordinates":[[[-100.3232,25.7044],[-100.3154,25.7043],[-100.3167,25.7003],[-100.3168,25.6924],[-100.326,25.6985],[-100.3264,25.6989],[-100.3271,25.7005],[-100.3261,25.7031],[-100.3246,25.7047],[-100.3232,25.7044]]]},"properties":{"rank_base":158,"score_base":22.73,"rank_with_scout":158,"score_with_scout":23.46,"scout_bonus":0.72,"scout_marks":0,"cobertura_campo":"sin encuesta","scout_marks_kinds":"","scout_anchor_marks_used":0,"pins_favorito":0,"pins_lock":0,"v2_rank":165,"score_v2":28.23,"delta_rank_v2_to_base":7,"delta_rank_base_to_scout":0,"cause_main":"anclas","cause_anclas_pts":-8.27,"cause_competencia_pts":6.41,"scout_cause":"competencia","cve_col":"19039_0085","municipio":"Monterrey","colonia":"Bella Vista","grado":"Medio","pob_conapo":2407,"viviendas_est":669,"D_star":0.234,"A_star":0.1627,"C_star":0.7169,"anclas_pond":11.55,"anclas_por_1000viv":17.28,"comp_n_300m":1,"comp_por_1000viv":1.496,"n_cerveza":2,"n_tortilleria":0,"n_banco_bienestar_azteca":0,"n_oxxo":0,"n_express":0,"n_iglesia":1,"n_escuela":0,"n_parada":1,"n_farmacia":0,"n_abarrotes":17,"comp_n_300m_with_scout":1,"cells_pos":64,"lat":25.6987,"lon":-100.32146,"rank_p10":144,"rank_p50":149,"rank_p90":154,"ancho_banda":10,"banda":"estrecha","confianza":"media","prob_top30":0.0,"prob_top30_estres":0.0,"comp_cero_desconocido":false,"n_est_sugeridas":1,"est":[[-100.32442,25.69774,5.7]],"metro_cerca":{"n":"General Anaya","l":"L2","d":530,"i":0.1221}}},{"type":"Feature","geometry":{"type":"Polygon","coordinates":[[[-100.0976,25.6511],[-100.0941,25.6494],[-100.0964,25.6459],[-100.0948,25.6449],[-100.0957,25.6434],[-100.0985,25.6451],[-100.1008,25.6432],[-100.102,25.6443],[-100.1009,25.6462],[-100.1031,25.6477],[-100.1017,25.6497],[-100.103,25.6506],[-100.1052,25.6514],[-100.11,25.6524],[-100.1081,25.6566],[-100.1069,25.6565],[-100.1042,25.6572],[-100.1008,25.6568],[-100.099,25.6546],[-100.1,25.6532],[-100.1015,25.6537],[-100.1018,25.6522],[-100.098,25.6504],[-100.0976,25.6511]]]},"properties":{"rank_base":159,"score_base":21.46,"rank_with_scout":159,"score_with_scout":22.91,"scout_bonus":1.45,"scout_marks":0,"cobertura_campo":"sin encuesta","scout_marks_kinds":"","scout_anchor_marks_used":0,"pins_favorito":0,"pins_lock":0,"v2_rank":142,"score_v2":41.09,"delta_rank_v2_to_base":-17,"delta_rank_base_to_scout":0,"cause_main":"competencia","cause_anclas_pts":-7.37,"cause_competencia_pts":-8.63,"scout_cause":"competencia","cve_col":"19031_0067","municipio":"Juárez","colonia":"Joaquin Garza Y Garza","grado":"Medio","pob_conapo":3342,"viviendas_est":928,"D_star":0.0757,"A_star":0.1928,"C_star":0.5783,"anclas_pond":16.6,"anclas_por_1000viv":17.88,"comp_n_300m":1,"comp_por_1000viv":1.077,"n_cerveza":1,"n_tortilleria":2,"n_banco_bienestar_azteca":0,"n_oxxo":1,"n_express":0,"n_iglesia":0,"n_escuela":0,"n_parada":0,"n_farmacia":4,"n_abarrotes":24,"comp_n_300m_with_scout":1,"cells_pos":63,"lat":25.6501,"lon":-100.0989,"rank_p10":141,"rank_p50":149,"rank_p90":154,"ancho_banda":13,"banda":"estrecha","confianza":"media","prob_top30":0.0,"prob_top30_estres":0.0,"comp_cero_desconocido":false,"n_est_sugeridas":1,"est":[[-100.10111,25.64979,3.4]]}},{"type":"Feature","geometry":{"type":"Polygon","coordinates":[[[-100.4374,25.6909],[-100.4373,25.6888],[-100.4349,25.6878],[-100.4369,25.6842],[-100.4434,25.6849],[-100.4444,25.6862],[-100.4413,25.6915],[-100.4397,25.6907],[-100.4391,25.6896],[-100.4384,25.6909],[-100.4374,25.6909]]]},"properties":{"rank_base":160,"score_base":19.58,"rank_with_scout":160,"score_with_scout":21.21,"scout_bonus":1.63,"scout_marks":0,"cobertura_campo":"sin encuesta","scout_marks_kinds":"","scout_anchor_marks_used":0,"pins_favorito":0,"pins_lock":0,"v2_rank":154,"score_v2":39.09,"delta_rank_v2_to_base":-6,"delta_rank_base_to_scout":0,"cause_main":"anclas","cause_anclas_pts":-16.56,"cause_competencia_pts":0.7,"scout_cause":"competencia","cve_col":"19048_0129","municipio":"Santa Catarina","colonia":"Martires de Cananea","grado":"Medio","pob_conapo":7194,"viviendas_est":1998,"D_star":0.0558,"A_star":0.1084,"C_star":0.5301,"anclas_pond":32.5,"anclas_por_1000viv":16.26,"comp_n_300m":2,"comp_por_1000viv":1.001,"n_cerveza":1,"n_tortilleria":1,"n_banco_bienestar_azteca":0,"n_oxxo":0,"n_express":0,"n_iglesia":2,"n_escuela":5,"n_parada":9,"n_farmacia":4,"n_abarrotes":35,"comp_n_300m_with_scout":2,"cells_pos":43,"lat":25.6883,"lon":-100.439636,"rank_p10":145,"rank_p50":152,"rank_p90":156,"ancho_banda":11,"banda":"estrecha","confianza":"media","prob_top30":0.0,"prob_top30_estres":0.0,"comp_cero_desconocido":false,"n_est_sugeridas":3,"est":[[-100.44306,25.68507,4.1],[-100.44107,25.6905,3.5],[-100.43608,25.68598,2.6]]}},{"type":"Feature","geometry":{"type":"Polygon","coordinates":[[[-100.2931,25.7943],[-100.2942,25.7944],[-100.295,25.7935],[-100.2967,25.7937],[-100.2968,25.7947],[-100.298,25.7948],[-100.2981,25.7954],[-100.2977,25.7955],[-100.2979,25.7988],[-100.2958,25.7982],[-100.2951,25.8002],[-100.2935,25.8004],[-100.2931,25.7943]]]},"properties":{"rank_base":161,"score_base":18.89,"rank_with_scout":161,"score_with_scout":17.8,"scout_bonus":-1.08,"scout_marks":0,"cobertura_campo":"sin encuesta","scout_marks_kinds":"","scout_anchor_marks_used":0,"pins_favorito":0,"pins_lock":0,"v2_rank":162,"score_v2":35.55,"delta_rank_v2_to_base":1,"delta_rank_base_to_scout":0,"cause_main":"competencia","cause_anclas_pts":-0.14,"cause_competencia_pts":-12.9,"scout_cause":"anclas","cve_col":"19021_0113","municipio":"General Escobedo","colonia":"Las Malvinas","grado":"Medio","pob_conapo":1899,"viviendas_est":528,"D_star":0.1017,"A_star":0.4337,"C_star":0.9398,"anclas_pond":12.15,"anclas_por_1000viv":23.03,"comp_n_300m":2,"comp_por_1000viv":3.791,"n_cerveza":0,"n_tortilleria":3,"n_banco_bienestar_azteca":0,"n_oxxo":0,"n_express":0,"n_iglesia":0,"n_escuela":0,"n_parada":0,"n_farmacia":0,"n_abarrotes":21,"comp_n_300m_with_scout":2,"cells_pos":25,"lat":25.79685,"lon":-100.295525,"rank_p10":156,"rank_p50":159,"rank_p90":161,"ancho_banda":5,"banda":"estrecha","confianza":"media","prob_top30":0.0,"prob_top30_estres":0.0,"comp_cero_desconocido":false,"n_est_sugeridas":1,"est":[[-100.29352,25.79635,2.7]]}},{"type":"Feature","geometry":{"type":"Polygon","coordinates":[[[-100.1632,25.7304],[-100.1649,25.7271],[-100.167,25.727],[-100.1719,25.7258],[-100.1724,25.7299],[-100.1708,25.7305],[-100.1685,25.7308],[-100.1632,25.7304]]]},"properties":{"rank_base":162,"score_base":15.91,"rank_with_scout":164,"score_with_scout":15.18,"scout_bonus":-0.72,"scout_marks":0,"cobertura_campo":"sin encuesta","scout_marks_kinds":"","scout_anchor_marks_used":0,"pins_favorito":0,"pins_lock":0,"v2_rank":141,"score_v2":41.14,"delta_rank_v2_to_base":-21,"delta_rank_base_to_scout":-2,"cause_main":"competencia","cause_anclas_pts":-4.79,"cause_competencia_pts":-16.8,"scout_cause":"anclas","cve_col":"19006_0235","municipio":"Apodaca","colonia":"Lomas del Pedregal","grado":"Medio","pob_conapo":3159,"viviendas_est":878,"D_star":0.1492,"A_star":0.3133,"C_star":0.9819,"anclas_pond":17.4,"anclas_por_1000viv":19.83,"comp_n_300m":4,"comp_por_1000viv":4.558,"n_cerveza":0,"n_tortilleria":1,"n_banco_bienestar_azteca":0,"n_oxxo":0,"n_express":1,"n_iglesia":0,"n_escuela":1,"n_parada":1,"n_farmacia":2,"n_abarrotes":31,"comp_n_300m_with_scout":4,"cells_pos":34,"lat":25.7285,"lon":-100.168204,"rank_p10":160,"rank_p50":163,"rank_p90":164,"ancho_banda":4,"banda":"estrecha","confianza":"media","prob_top30":0.0,"prob_top30_estres":0.0,"comp_cero_desconocido":false,"n_est_sugeridas":1,"est":[[-100.17189,25.7294,5.6]]}},{"type":"Feature","geometry":{"type":"Polygon","coordinates":[[[-100.5871,25.8229],[-100.5917,25.8217],[-100.5934,25.8219],[-100.5965,25.8214],[-100.598,25.8251],[-100.5881,25.8266],[-100.5871,25.8229]]]},"properties":{"rank_base":163,"score_base":15.49,"rank_with_scout":162,"score_with_scout":15.85,"scout_bonus":0.36,"scout_marks":0,"cobertura_campo":"sin encuesta","scout_marks_kinds":"","scout_anchor_marks_used":0,"pins_favorito":0,"pins_lock":0,"v2_rank":103,"score_v2":43.96,"delta_rank_v2_to_base":-60,"delta_rank_base_to_scout":1,"cause_main":"competencia","cause_anclas_pts":-8.09,"cause_competencia_pts":-16.75,"scout_cause":"competencia","cve_col":"19018_0076","municipio":"García","colonia":"Los Encinos Residencial","grado":"Medio","pob_conapo":3675,"viviendas_est":1021,"D_star":0.0846,"A_star":0.2169,"C_star":0.8133,"anclas_pond":18.55,"anclas_por_1000viv":18.17,"comp_n_300m":2,"comp_por_1000viv":1.959,"n_cerveza":1,"n_tortilleria":4,"n_banco_bienestar_azteca":0,"n_oxxo":0,"n_express":0,"n_iglesia":0,"n_escuela":1,"n_parada":5,"n_farmacia":1,"n_abarrotes":17,"comp_n_300m_with_scout":2,"cells_pos":36,"lat":25.824,"lon":-100.592476,"rank_p10":159,"rank_p50":161,"rank_p90":163,"ancho_banda":4,"banda":"estrecha","confianza":"media","prob_top30":0.0,"prob_top30_estres":0.0,"comp_cero_desconocido":false,"n_est_sugeridas":1,"est":[[-100.5916,25.82348,3.7]]}},{"type":"Feature","geometry":{"type":"Polygon","coordinates":[[[-100.0799,25.6473],[-100.0784,25.6494],[-100.076,25.6481],[-100.0752,25.6492],[-100.0726,25.6474],[-100.0741,25.6465],[-100.0756,25.6464],[-100.0791,25.6457],[-100.0799,25.6473]]]},"properties":{"rank_base":164,"score_base":14.44,"rank_with_scout":163,"score_with_scout":15.53,"scout_bonus":1.08,"scout_marks":0,"cobertura_campo":"sin encuesta","scout_marks_kinds":"","scout_anchor_marks_used":0,"pins_favorito":0,"pins_lock":0,"v2_rank":157,"score_v2":38.1,"delta_rank_v2_to_base":-7,"delta_rank_base_to_scout":1,"cause_main":"anclas","cause_anclas_pts":-10.98,"cause_competencia_pts":-9.04,"scout_cause":"competencia","cve_col":"19031_0111","municipio":"Juárez","colonia":"Mirador del Parque","grado":"Medio","pob_conapo":2486,"viviendas_est":691,"D_star":0.081,"A_star":0.0723,"C_star":0.6988,"anclas_pond":10.45,"anclas_por_1000viv":15.13,"comp_n_300m":1,"comp_por_1000viv":1.448,"n_cerveza":0,"n_tortilleria":1,"n_banco_bienestar_azteca":0,"n_oxxo":0,"n_express":1,"n_iglesia":0,"n_escuela":1,"n_parada":0,"n_farmacia":0,"n_abarrotes":18,"comp_n_300m_with_scout":1,"cells_pos":15,"lat":25.64775,"lon":-100.076342,"rank_p10":155,"rank_p50":158,"rank_p90":161,"ancho_banda":6,"banda":"estrecha","confianza":"media","prob_top30":0.0,"prob_top30_estres":0.0,"comp_cero_desconocido":false,"n_est_sugeridas":1,"est":[[-100.07818,25.64889,3.1]]}},{"type":"Feature","geometry":{"type":"Polygon","coordinates":[[[-100.1455,25.6406],[-100.1439,25.6394],[-100.1496,25.6348],[-100.151,25.6362],[-100.1484,25.6377],[-100.1474,25.6402],[-100.1455,25.6406]]]},"properties":{"rank_base":165,"score_base":12.19,"rank_with_scout":165,"score_with_scout":12.92,"scout_bonus":0.72,"scout_marks":0,"cobertura_campo":"sin encuesta","scout_marks_kinds":"","scout_anchor_marks_used":0,"pins_favorito":0,"pins_lock":0,"v2_rank":151,"score_v2":39.39,"delta_rank_v2_to_base":-14,"delta_rank_base_to_scout":0,"cause_main":"competencia","cause_anclas_pts":-9.35,"cause_competencia_pts":-14.21,"scout_cause":"competencia","cve_col":"19031_0133","municipio":"Juárez","colonia":"Portal de Vaquerias","grado":"Medio","pob_conapo":1976,"viviendas_est":549,"D_star":0.0428,"A_star":0.1265,"C_star":0.7771,"anclas_pond":9.05,"anclas_por_1000viv":16.49,"comp_n_300m":1,"comp_por_1000viv":1.822,"n_cerveza":1,"n_tortilleria":1,"n_banco_bienestar_azteca":0,"n_oxxo":1,"n_express":0,"n_iglesia":0,"n_escuela":0,"n_parada":0,"n_farmacia":1,"n_abarrotes":12,"comp_n_300m_with_scout":1,"cells_pos":14,"lat":25.63855,"lon":-100.146507,"rank_p10":161,"rank_p50":163,"rank_p90":165,"ancho_banda":4,"banda":"estrecha","confianza":"media","prob_top30":0.0,"prob_top30_estres":0.0,"comp_cero_desconocido":false,"n_est_sugeridas":1,"est":[[-100.14697,25.63713,2.4]]}},{"type":"Feature","geometry":{"type":"Polygon","coordinates":[[[-100.2753,25.7228],[-100.2738,25.7211],[-100.2738,25.7208],[-100.277,25.7191],[-100.2819,25.7235],[-100.2782,25.7249],[-100.2785,25.7245],[-100.2764,25.7222],[-100.2753,25.7228]]]},"properties":{"rank_base":166,"score_base":8.02,"rank_with_scout":167,"score_with_scout":8.2,"scout_bonus":0.18,"scout_marks":0,"cobertura_campo":"sin encuesta","scout_marks_kinds":"","scout_anchor_marks_used":0,"pins_favorito":0,"pins_lock":0,"v2_rank":166,"score_v2":28.23,"delta_rank_v2_to_base":0,"delta_rank_base_to_scout":-1,"cause_main":"anclas","cause_anclas_pts":-13.04,"cause_competencia_pts":-3.53,"scout_cause":"competencia","cve_col":"19046_0187","municipio":"San Nicolás de los Garza","colonia":"Nogalar","grado":"Medio","pob_conapo":1875,"viviendas_est":521,"D_star":0.1147,"A_star":0.0602,"C_star":0.9458,"anclas_pond":7.65,"anclas_por_1000viv":14.69,"comp_n_300m":2,"comp_por_1000viv":3.841,"n_cerveza":0,"n_tortilleria":1,"n_banco_bienestar_azteca":0,"n_oxxo":0,"n_express":0,"n_iglesia":1,"n_escuela":1,"n_parada":0,"n_farmacia":0,"n_abarrotes":11,"comp_n_300m_with_scout":2,"cells_pos":6,"lat":25.72205,"lon":-100.277453,"rank_p10":165,"rank_p50":166,"rank_p90":167,"ancho_banda":2,"banda":"estrecha","confianza":"media","prob_top30":0.0,"prob_top30_estres":0.0,"comp_cero_desconocido":false,"n_est_sugeridas":1,"est":[[-100.27757,25.72307,1.2]]}},{"type":"Feature","geometry":{"type":"Polygon","coordinates":[[[-100.2555,25.7701],[-100.256,25.7685],[-100.2574,25.7686],[-100.2578,25.7678],[-100.2602,25.7681],[-100.2596,25.771],[-100.2555,25.7701]]]},"properties":{"rank_base":167,"score_base":7.61,"rank_with_scout":166,"score_with_scout":8.33,"scout_bonus":0.72,"scout_marks":0,"cobertura_campo":"sin encuesta","scout_marks_kinds":"","scout_anchor_marks_used":0,"pins_favorito":0,"pins_lock":0,"v2_rank":164,"score_v2":31.81,"delta_rank_v2_to_base":-3,"delta_rank_base_to_scout":1,"cause_main":"anclas","cause_anclas_pts":-12.66,"cause_competencia_pts":-7.91,"scout_cause":"competencia","cve_col":"19006_0251","municipio":"Apodaca","colonia":"Los Fresnos 1Er Sector","grado":"Medio","pob_conapo":1921,"viviendas_est":534,"D_star":0.0005,"A_star":0.0542,"C_star":0.8012,"anclas_pond":7.65,"anclas_por_1000viv":14.34,"comp_n_300m":1,"comp_por_1000viv":1.874,"n_cerveza":0,"n_tortilleria":1,"n_banco_bienestar_azteca":0,"n_oxxo":0,"n_express":0,"n_iglesia":0,"n_escuela":1,"n_parada":0,"n_farmacia":2,"n_abarrotes":11,"comp_n_300m_with_scout":1,"cells_pos":12,"lat":25.76935,"lon":-100.257838,"rank_p10":164,"rank_p50":166,"rank_p90":167,"ancho_banda":3,"banda":"estrecha","confianza":"media","prob_top30":0.0,"prob_top30_estres":0.0,"comp_cero_desconocido":false,"n_est_sugeridas":1,"est":[[-100.25663,25.76921,1.8]]}}]}